mode,code,date,grade,PT,TY,DN,DL,LK,SF,close,trigger,stop,risk,prbook_warn,triggered_5d,entry_5d,exit_5d,exit_date_5d,stopped_5d,r_5d,triggered_10d,entry_10d,exit_10d,exit_date_10d,stopped_10d,r_10d,triggered_20d,entry_20d,exit_20d,exit_date_20d,stopped_20d,r_20d
prebreak,600727,2000-05-17,S,S,A,C,S,S,A,13.8919,13.21,12.57,0.64,,0,0.0,0.0,,0,0.0,0,0.0,0.0,,0,0.0,0,0.0,0.0,,0,0.0
prebreak,000682,2000-12-01,S,S,A,C,S,S,A,15.7715,14.17,13.57,0.6,,0,0.0,0.0,,0,0.0,0,0.0,0.0,,0,0.0,0,0.0,0.0,,0,0.0
prebreak,600076,2001-01-16,S,S,A,C,S,S,A,11.3986,11.85,11.24,0.61,,0,0.0,0.0,,0,0.0,0,0.0,0.0,,0,0.0,0,0.0,0.0,,0,0.0
prebreak,600207,2001-03-28,S,S,A,C,S,S,A,16.8095,16.86,16.12,0.74,,1,16.86,16.4525,2001-04-04,0,-0.5676,1,16.86,16.12,2001-04-06,1,-1.0167,1,16.86,16.12,2001-04-06,1,-1.0167
prebreak,600062,2009-09-01,S,S,A,C,S,S,A,10.8453,11.2,10.62,0.58,,0,0.0,0.0,,0,0.0,0,0.0,0.0,,0,0.0,0,0.0,0.0,,0,0.0
prebreak,600486,2009-11-19,S,S,A,C,S,S,A,10.7133,10.12,9.6,0.52,,0,0.0,0.0,,0,0.0,0,0.0,0.0,,0,0.0,0,0.0,0.0,,0,0.0
prebreak,600600,2009-12-10,S,S,A,C,S,S,A,27.737,28.67,27.18,1.49,,0,0.0,0.0,,0,0.0,0,0.0,0.0,,0,0.0,1,28.67,28.0272,2010-01-08,0,-0.4458
prebreak,000869,2010-02-26,S,S,A,C,S,S,A,40.7983,41.52,39.91,1.61,,0,0.0,0.0,,0,0.0,0,0.0,0.0,,0,0.0,0,0.0,0.0,,0,0.0
prebreak,600875,2010-04-20,S,S,A,C,S,S,A,19.6364,18.27,17.48,0.79,,1,18.27,20.9683,2010-04-27,0,3.3959,1,18.27,20.5366,2010-05-05,0,2.8497,1,18.27,19.0784,2010-05-19,0,1.0051
prebreak,601628,2010-04-20,S,S,A,C,S,S,A,20.7466,21.97,21.01,0.96,,0,0.0,0.0,,0,0.0,0,0.0,0.0,,0,0.0,0,0.0,0.0,,0,0.0
prebreak,601628,2010-05-19,S,S,A,C,S,S,A,18.5667,20.19,19.32,0.87,,0,0.0,0.0,,0,0.0,0,0.0,0.0,,0,0.0,0,0.0,0.0,,0,0.0
prebreak,600150,2010-05-21,S,S,A,C,S,S,A,28.8019,30.23,29.03,1.2,,0,0.0,0.0,,0,0.0,0,0.0,0.0,,0,0.0,0,0.0,0.0,,0,0.0
prebreak,600685,2010-05-24,S,S,A,C,S,S,A,15.156,16.8,16.23,0.57,,0,0.0,0.0,,0,0.0,0,0.0,0.0,,0,0.0,0,0.0,0.0,,0,0.0
prebreak,601628,2010-05-26,S,S,A,C,S,S,A,18.1458,20.19,19.32,0.87,,0,0.0,0.0,,0,0.0,0,0.0,0.0,,0,0.0,0,0.0,0.0,,0,0.0
prebreak,601628,2010-06-02,S,S,A,C,S,S,A,18.1533,18.83,17.93,0.9,,0,0.0,0.0,,0,0.0,1,18.83,18.9876,2010-06-22,0,0.1592,1,18.83,19.5359,2010-07-06,0,0.7679
prebreak,600150,2010-06-04,S,S,A,C,S,S,A,28.7255,29.28,27.88,1.4,,0,0.0,0.0,,0,0.0,0,0.0,0.0,,0,0.0,0,0.0,0.0,,0,0.0
prebreak,600150,2010-06-11,S,S,A,C,S,S,A,28.2894,28.83,27.74,1.09,,0,0.0,0.0,,0,0.0,0,0.0,0.0,,0,0.0,0,0.0,0.0,,0,0.0
prebreak,600054,2010-08-05,S,S,A,C,S,S,A,11.486,11.51,11.01,0.5,,1,11.51,12.1582,2010-08-12,0,1.2781,1,11.51,12.2277,2010-08-19,0,1.4171,1,11.51,12.8884,2010-09-02,0,2.7376
prebreak,600600,2010-08-09,S,S,A,C,S,S,A,28.1021,28.01,26.57,1.44,,0,0.0,0.0,,0,0.0,0,0.0,0.0,,0,0.0,0,0.0,0.0,,0,0.0
prebreak,600150,2010-09-02,S,S,A,C,S,S,A,27.7664,27.82,26.41,1.41,,0,0.0,0.0,,0,0.0,0,0.0,0.0,,0,0.0,0,0.0,0.0,,0,0.0
prebreak,601088,2010-09-08,S,S,A,C,S,S,A,9.2076,9.39,8.89,0.5,,0,0.0,0.0,,0,0.0,0,0.0,0.0,,0,0.0,1,9.39,10.6744,2010-10-18,0,2.5529
prebreak,601628,2010-11-19,S,S,A,C,S,S,A,17.9743,20.53,19.48,1.05,,0,0.0,0.0,,0,0.0,0,0.0,0.0,,0,0.0,0,0.0,0.0,,0,0.0
prebreak,002028,2011-02-15,S,S,A,C,S,S,A,12.0084,11.85,11.32,0.53,,0,0.0,0.0,,0,0.0,0,0.0,0.0,,0,0.0,0,0.0,0.0,,0,0.0
prebreak,002028,2011-03-01,S,S,A,C,S,S,A,12.0441,12.18,11.64,0.54,,1,12.18,12.1613,2011-03-04,0,-0.0517,1,12.18,12.1613,2011-03-04,0,-0.0517,1,12.18,12.1613,2011-03-04,0,-0.0517
prebreak,000668,2011-03-07,S,S,A,C,S,S,A,12.4006,11.93,11.36,0.57,,0,0.0,0.0,,0,0.0,0,0.0,0.0,,0,0.0,0,0.0,0.0,,0,0.0
prebreak,002028,2011-03-08,S,S,A,C,S,S,A,12.2174,12.51,11.86,0.65,,0,0.0,0.0,,0,0.0,0,0.0,0.0,,0,0.0,0,0.0,0.0,,0,0.0
prebreak,600600,2011-04-07,S,S,A,C,S,S,A,25.273,25.39,24.34,1.05,,0,0.0,0.0,,0,0.0,0,0.0,0.0,,0,0.0,0,0.0,0.0,,0,0.0
prebreak,600600,2011-04-14,S,S,A,C,S,S,A,26.0138,26.21,25.05,1.16,,0,0.0,0.0,,0,0.0,1,26.21,25.9823,2011-04-28,0,-0.2134,1,26.21,27.582,2011-05-13,0,1.1649
prebreak,600561,2011-04-18,S,S,A,C,S,S,A,11.4396,11.9,11.34,0.56,,0,0.0,0.0,,0,0.0,0,0.0,0.0,,0,0.0,0,0.0,0.0,,0,0.0
prebreak,600138,2011-04-29,S,S,A,C,S,S,A,8.8979,9.95,9.43,0.52,,0,0.0,0.0,,0,0.0,0,0.0,0.0,,0,0.0,0,0.0,0.0,,0,0.0
prebreak,600138,2011-05-09,S,S,A,C,S,S,A,8.783,9.95,9.43,0.52,,0,0.0,0.0,,0,0.0,0,0.0,0.0,,0,0.0,0,0.0,0.0,,0,0.0
prebreak,600600,2011-06-21,S,S,A,C,S,S,A,26.3527,28.08,26.59,1.49,,0,0.0,0.0,,0,0.0,0,0.0,0.0,,0,0.0,0,0.0,0.0,,0,0.0
prebreak,600600,2011-07-05,S,S,A,C,S,S,A,27.8106,27.44,26.28,1.16,,0,0.0,0.0,,0,0.0,0,0.0,0.0,,0,0.0,0,0.0,0.0,,0,0.0
prebreak,600859,2011-07-13,S,S,A,C,S,S,A,25.162,23.72,22.73,0.99,,0,0.0,0.0,,0,0.0,0,0.0,0.0,,0,0.0,0,0.0,0.0,,0,0.0
prebreak,000568,2011-07-14,S,S,A,C,S,S,A,30.0422,29.06,27.79,1.27,,0,0.0,0.0,,0,0.0,0,0.0,0.0,,0,0.0,0,0.0,0.0,,0,0.0
prebreak,000878,2011-07-26,S,S,A,C,S,S,A,19.4744,20.6,19.67,0.93,,0,0.0,0.0,,0,0.0,0,0.0,0.0,,0,0.0,0,0.0,0.0,,0,0.0
prebreak,000655,2011-08-01,S,S,A,C,S,S,A,17.2348,17.45,16.56,0.89,,0,0.0,0.0,,0,0.0,0,0.0,0.0,,0,0.0,0,0.0,0.0,,0,0.0
prebreak,000878,2011-09-07,S,S,A,C,S,S,A,17.0945,18.07,17.31,0.76,,0,0.0,0.0,,0,0.0,0,0.0,0.0,,0,0.0,0,0.0,0.0,,0,0.0
prebreak,002128,2011-09-07,S,S,A,C,S,S,A,11.0331,12.09,11.49,0.6,,0,0.0,0.0,,0,0.0,0,0.0,0.0,,0,0.0,0,0.0,0.0,,0,0.0
prebreak,000568,2011-09-16,S,S,A,C,S,S,A,26.8882,28.8,27.42,1.38,,0,0.0,0.0,,0,0.0,0,0.0,0.0,,0,0.0,0,0.0,0.0,,0,0.0
prebreak,000858,2011-09-16,S,S,A,C,S,S,A,25.7978,27.01,25.7,1.31,,0,0.0,0.0,,0,0.0,0,0.0,0.0,,0,0.0,0,0.0,0.0,,0,0.0
prebreak,601601,2011-09-20,S,S,A,C,S,S,A,12.9118,13.18,12.62,0.56,,1,13.18,12.62,2011-09-23,1,-1.0173,1,13.18,12.62,2011-09-23,1,-1.0173,1,13.18,12.62,2011-09-23,1,-1.0173
prebreak,601601,2011-09-27,S,S,A,C,S,S,A,11.9249,13.18,12.62,0.56,,0,0.0,0.0,,0,0.0,0,0.0,0.0,,0,0.0,1,13.18,12.8739,2011-11-01,0,-0.5642
prebreak,000568,2011-09-30,S,S,A,C,S,S,A,24.7856,25.47,24.16,1.31,,0,0.0,0.0,,0,0.0,0,0.0,0.0,,0,0.0,0,0.0,0.0,,0,0.0
prebreak,600009,2011-10-11,S,S,A,C,S,S,A,9.8022,10.11,9.61,0.5,,1,10.11,10.3435,2011-10-18,0,0.4514,1,10.11,10.688,2011-10-25,0,1.14,1,10.11,10.7619,2011-11-08,0,1.2875
prebreak,601001,2011-10-12,S,S,A,C,S,S,A,12.3816,12.89,12.31,0.58,,0,0.0,0.0,,0,0.0,0,0.0,0.0,,0,0.0,0,0.0,0.0,,0,0.0
prebreak,600009,2011-10-25,S,S,A,C,S,S,A,10.688,10.62,10.07,0.55,,0,0.0,0.0,,0,0.0,0,0.0,0.0,,0,0.0,0,0.0,0.0,,0,0.0
prebreak,601001,2011-10-26,S,S,A,C,S,S,A,11.8739,12.51,11.88,0.63,,0,0.0,0.0,,0,0.0,1,12.51,12.4988,2011-11-09,0,-0.0328,1,12.51,12.2645,2011-11-10,0,-0.4046
prebreak,600844,2011-10-27,S,S,A,C,S,S,A,20.05,19.91,18.96,0.95,,0,0.0,0.0,,0,0.0,0,0.0,0.0,,0,0.0,0,0.0,0.0,,0,0.0
prebreak,600009,2011-11-01,S,S,A,C,S,S,A,10.5568,10.62,10.07,0.55,,0,0.0,0.0,,0,0.0,0,0.0,0.0,,0,0.0,0,0.0,0.0,,0,0.0
prebreak,600844,2011-11-03,S,S,A,C,S,S,A,22.7,19.91,18.96,0.95,,0,0.0,0.0,,0,0.0,0,0.0,0.0,,0,0.0,0,0.0,0.0,,0,0.0
prebreak,600123,2011-11-14,S,S,A,C,S,S,A,10.9938,11.02,10.46,0.56,,0,0.0,0.0,,0,0.0,0,0.0,0.0,,0,0.0,0,0.0,0.0,,0,0.0
prebreak,600779,2011-11-17,S,S,A,C,S,S,A,18.6726,19.51,18.62,0.89,,0,0.0,0.0,,0,0.0,1,19.51,18.62,2011-11-30,1,-1.016,1,19.51,18.62,2011-11-30,1,-1.016
prebreak,601788,2011-11-17,S,S,A,C,S,S,A,10.0336,10.5,10.0,0.5,,0,0.0,0.0,,0,0.0,0,0.0,0.0,,0,0.0,0,0.0,0.0,,0,0.0
prebreak,000858,2011-11-21,S,S,A,C,S,S,A,24.2519,25.19,24.18,1.01,,1,25.19,26.0622,2011-11-28,0,0.844,1,25.19,24.6519,2011-12-05,0,-0.5513,1,25.19,24.18,2011-12-06,1,-1.0183
prebreak,601088,2011-11-24,S,S,A,C,S,S,A,10.0642,11.02,10.48,0.54,,0,0.0,0.0,,0,0.0,0,0.0,0.0,,0,0.0,0,0.0,0.0,,0,0.0
prebreak,601788,2011-11-24,S,S,A,C,S,S,A,9.5514,10.5,10.0,0.5,,0,0.0,0.0,,0,0.0,0,0.0,0.0,,0,0.0,0,0.0,0.0,,0,0.0
prebreak,601601,2011-11-29,S,S,A,C,S,S,A,11.9566,12.21,11.64,0.57,,1,12.21,12.0704,2011-12-05,0,-0.261,1,12.21,12.0704,2011-12-05,0,-0.261,1,12.21,12.0704,2011-12-05,0,-0.261
prebreak,002299,2011-12-01,S,S,A,C,S,S,A,12.6233,12.76,12.09,0.67,,0,0.0,0.0,,0,0.0,0,0.0,0.0,,0,0.0,0,0.0,0.0,,0,0.0
prebreak,601601,2011-12-06,S,S,A,C,S,S,A,12.2476,12.21,11.64,0.57,,0,0.0,0.0,,0,0.0,0,0.0,0.0,,0,0.0,0,0.0,0.0,,0,0.0
prebreak,600875,2011-12-07,S,S,A,C,S,S,A,20.2386,21.57,20.45,1.12,,0,0.0,0.0,,0,0.0,0,0.0,0.0,,0,0.0,0,0.0,0.0,,0,0.0
prebreak,601628,2011-12-07,S,S,A,C,S,S,A,14.2327,14.25,13.51,0.74,,0,0.0,0.0,,0,0.0,0,0.0,0.0,,0,0.0,0,0.0,0.0,,0,0.0
prebreak,000858,2011-12-19,S,S,A,C,S,S,A,23.3841,23.97,22.74,1.23,,0,0.0,0.0,,0,0.0,0,0.0,0.0,,0,0.0,0,0.0,0.0,,0,0.0
prebreak,000858,2011-12-26,S,S,A,C,S,S,A,22.4417,23.86,22.71,1.15,,0,0.0,0.0,,0,0.0,0,0.0,0.0,,0,0.0,0,0.0,0.0,,0,0.0
prebreak,000538,2011-12-29,S,S,A,C,S,S,A,18.3381,20.08,19.05,1.03,,0,0.0,0.0,,0,0.0,0,0.0,0.0,,0,0.0,0,0.0,0.0,,0,0.0
prebreak,002038,2011-12-30,S,S,A,C,S,S,A,10.706,11.49,10.92,0.57,,0,0.0,0.0,,0,0.0,0,0.0,0.0,,0,0.0,0,0.0,0.0,,0,0.0
prebreak,600600,2012-01-06,S,S,A,C,S,S,A,24.4774,28.64,27.25,1.39,,0,0.0,0.0,,0,0.0,0,0.0,0.0,,0,0.0,0,0.0,0.0,,0,0.0
prebreak,002038,2012-01-10,S,S,A,C,S,S,A,9.5588,11.49,10.92,0.57,,0,0.0,0.0,,0,0.0,0,0.0,0.0,,0,0.0,0,0.0,0.0,,0,0.0
prebreak,600535,2012-01-11,S,S,A,C,S,S,A,10.9516,11.9,11.4,0.5,,0,0.0,0.0,,0,0.0,0,0.0,0.0,,0,0.0,0,0.0,0.0,,0,0.0
prebreak,000568,2012-01-31,S,S,A,C,S,S,A,23.6451,26.11,25.05,1.06,,0,0.0,0.0,,0,0.0,0,0.0,0.0,,0,0.0,0,0.0,0.0,,0,0.0
prebreak,601601,2012-02-09,S,S,A,C,S,S,A,13.4496,12.36,11.81,0.55,,0,0.0,0.0,,0,0.0,0,0.0,0.0,,0,0.0,0,0.0,0.0,,0,0.0
prebreak,000869,2012-02-13,S,S,A,C,S,S,A,58.3105,58.65,55.9,2.75,,0,0.0,0.0,,0,0.0,0,0.0,0.0,,0,0.0,0,0.0,0.0,,0,0.0
prebreak,000858,2012-02-15,S,S,A,C,S,S,A,22.6247,22.82,21.86,0.96,,0,0.0,0.0,,0,0.0,0,0.0,0.0,,0,0.0,0,0.0,0.0,,0,0.0
prebreak,600600,2012-02-17,S,S,A,C,S,S,A,26.4888,25.77,24.42,1.35,,0,0.0,0.0,,0,0.0,0,0.0,0.0,,0,0.0,0,0.0,0.0,,0,0.0
prebreak,601601,2012-02-23,S,S,A,C,S,S,A,13.6077,13.73,13.09,0.64,,0,0.0,0.0,,0,0.0,0,0.0,0.0,,0,0.0,0,0.0,0.0,,0,0.0
prebreak,601628,2012-03-09,S,S,A,C,S,S,A,13.9877,15.43,14.76,0.67,,0,0.0,0.0,,0,0.0,0,0.0,0.0,,0,0.0,0,0.0,0.0,,0,0.0
prebreak,000858,2012-03-21,S,S,A,C,S,S,A,24.4146,24.22,22.93,1.29,,0,0.0,0.0,,0,0.0,0,0.0,0.0,,0,0.0,0,0.0,0.0,,0,0.0
prebreak,601601,2012-03-22,S,S,A,C,S,S,A,12.45,12.99,12.35,0.64,,0,0.0,0.0,,0,0.0,0,0.0,0.0,,0,0.0,0,0.0,0.0,,0,0.0
prebreak,000423,2012-03-27,S,S,A,C,S,S,A,30.8863,32.05,30.4,1.65,,0,0.0,0.0,,0,0.0,0,0.0,0.0,,0,0.0,0,0.0,0.0,,0,0.0
prebreak,600508,2012-03-30,S,S,A,C,S,S,A,10.3829,11.88,11.27,0.61,,0,0.0,0.0,,0,0.0,0,0.0,0.0,,0,0.0,1,11.88,11.8415,2012-05-08,0,-0.0779
prebreak,000538,2012-04-05,S,S,A,C,S,S,A,17.2378,18.17,17.4,0.77,,0,0.0,0.0,,0,0.0,0,0.0,0.0,,0,0.0,1,18.17,18.1582,2012-05-08,0,-0.0332
prebreak,000423,2012-04-06,S,S,A,C,S,S,A,29.9742,30.3,28.89,1.41,,0,0.0,0.0,,0,0.0,0,0.0,0.0,,0,0.0,0,0.0,0.0,,0,0.0
prebreak,000869,2012-04-12,S,S,A,C,S,S,A,55.5958,62.79,60.03,2.76,,0,0.0,0.0,,0,0.0,0,0.0,0.0,,0,0.0,0,0.0,0.0,,0,0.0
prebreak,000878,2012-04-12,S,S,A,C,S,S,A,14.7323,14.77,14.18,0.59,,0,0.0,0.0,,0,0.0,0,0.0,0.0,,0,0.0,0,0.0,0.0,,0,0.0
prebreak,600875,2012-04-12,S,S,A,C,S,S,A,18.0274,18.25,17.38,0.87,,0,0.0,0.0,,0,0.0,0,0.0,0.0,,0,0.0,0,0.0,0.0,,0,0.0
prebreak,000858,2012-04-16,S,S,A,C,S,S,A,23.2756,23.88,22.74,1.14,,0,0.0,0.0,,0,0.0,0,0.0,0.0,,0,0.0,0,0.0,0.0,,0,0.0
prebreak,000878,2012-04-19,S,S,A,C,S,S,A,15.0342,15.18,14.6,0.58,,0,0.0,0.0,,0,0.0,0,0.0,0.0,,0,0.0,0,0.0,0.0,,0,0.0
prebreak,600875,2012-04-19,S,S,A,C,S,S,A,18.3233,18.47,17.67,0.8,,0,0.0,0.0,,0,0.0,0,0.0,0.0,,0,0.0,0,0.0,0.0,,0,0.0
prebreak,601001,2012-04-19,S,S,A,C,S,S,A,10.3193,10.54,10.02,0.52,,1,10.54,10.5771,2012-04-26,0,0.0559,1,10.54,11.0146,2012-05-07,0,0.8967,1,10.54,10.02,2012-05-18,1,-1.0148
prebreak,002299,2012-04-20,S,S,A,C,S,S,A,11.0102,11.2,10.7,0.5,,1,11.2,10.8131,2012-04-27,0,-0.7904,1,11.2,11.033,2012-05-02,0,-0.3508,1,11.2,11.033,2012-05-02,0,-0.3508
prebreak,000858,2012-04-24,S,S,A,C,S,S,A,23.3027,23.67,22.58,1.09,,0,0.0,0.0,,0,0.0,0,0.0,0.0,,0,0.0,0,0.0,0.0,,0,0.0
prebreak,600508,2012-04-26,S,S,A,C,S,S,A,11.3971,11.24,10.71,0.53,,1,11.24,11.8415,2012-05-08,0,1.1181,1,11.24,11.3448,2012-05-15,0,0.1816,1,11.24,11.4024,2012-05-29,0,0.29
prebreak,600875,2012-04-26,S,S,A,C,S,S,A,18.3726,18.5,17.56,0.94,,1,18.5,18.5041,2012-05-07,0,-0.0106,1,18.5,18.1013,2012-05-14,0,-0.4388,1,18.5,17.56,2012-05-21,1,-1.0143
prebreak,000858,2012-05-03,S,S,A,C,S,S,A,24.557,23.67,22.58,1.09,,1,23.67,24.1299,2012-05-10,0,0.4051,1,23.67,23.5563,2012-05-17,0,-0.1208,1,23.67,22.58,2012-05-24,1,-1.0159
prebreak,000858,2012-05-10,S,S,A,C,S,S,A,24.1299,23.67,22.58,1.09,,0,0.0,0.0,,0,0.0,0,0.0,0.0,,0,0.0,0,0.0,0.0,,0,0.0
prebreak,600875,2012-05-14,S,S,A,C,S,S,A,18.1013,18.67,17.72,0.95,,0,0.0,0.0,,0,0.0,1,18.67,18.3233,2012-05-29,0,-0.3797,1,18.67,18.2822,2012-05-31,0,-0.4229
prebreak,000858,2012-05-17,S,S,A,C,S,S,A,23.5563,24.53,23.46,1.07,,0,0.0,0.0,,0,0.0,0,0.0,0.0,,0,0.0,0,0.0,0.0,,0,0.0
prebreak,601318,2012-05-17,S,S,A,C,S,S,A,13.6655,13.63,12.93,0.7,,0,0.0,0.0,,0,0.0,0,0.0,0.0,,0,0.0,0,0.0,0.0,,0,0.0
prebreak,000423,2012-05-22,S,S,A,C,S,S,A,28.5555,28.83,27.86,0.97,,0,0.0,0.0,,0,0.0,0,0.0,0.0,,0,0.0,0,0.0,0.0,,0,0.0
prebreak,000538,2012-05-22,S,S,A,C,S,S,A,18.1928,18.37,17.64,0.73,,0,0.0,0.0,,0,0.0,1,18.37,18.4904,2012-06-05,0,0.1457,1,18.37,20.3147,2012-06-19,0,2.6432
prebreak,000869,2012-05-22,S,S,A,C,S,S,A,58.2926,58.53,56.34,2.19,,0,0.0,0.0,,0,0.0,0,0.0,0.0,,0,0.0,0,0.0,0.0,,0,0.0
prebreak,600875,2012-05-22,S,S,A,C,S,S,A,18.0274,18.29,17.47,0.82,,1,18.29,18.3233,2012-05-29,0,0.0236,1,18.29,17.5506,2012-06-05,0,-0.9181,1,18.29,17.47,2012-06-07,1,-1.0163
prebreak,000869,2012-05-29,S,S,A,C,S,S,A,56.8666,58.59,56.34,2.25,,0,0.0,0.0,,0,0.0,0,0.0,0.0,,0,0.0,0,0.0,0.0,,0,0.0
prebreak,601088,2012-05-29,S,S,A,C,S,S,A,10.4116,10.48,9.98,0.5,,0,0.0,0.0,,0,0.0,0,0.0,0.0,,0,0.0,0,0.0,0.0,,0,0.0
prebreak,601318,2012-05-31,S,S,A,C,S,S,A,13.5011,13.78,13.18,0.6,,0,0.0,0.0,,0,0.0,1,13.78,14.5454,2012-06-14,0,1.2574,1,13.78,14.858,2012-07-02,0,1.7781
prebreak,601088,2012-06-05,S,S,A,C,S,S,A,9.908,10.48,9.98,0.5,,0,0.0,0.0,,0,0.0,0,0.0,0.0,,0,0.0,0,0.0,0.0,,0,0.0
prebreak,000063,2012-06-08,S,S,A,C,S,S,A,10.4266,11.38,10.79,0.59,,0,0.0,0.0,,0,0.0,0,0.0,0.0,,0,0.0,0,0.0,0.0,,0,0.0
prebreak,601628,2012-06-11,S,S,A,C,S,S,A,13.4623,13.62,13.11,0.51,,1,13.62,14.3598,2012-06-18,0,1.4294,1,13.62,14.0633,2012-06-26,0,0.8484,1,13.62,14.9368,2012-07-10,0,2.56
prebreak,601601,2012-06-15,S,S,A,C,S,S,A,14.0126,13.1,12.5,0.6,,0,0.0,0.0,,0,0.0,0,0.0,0.0,,0,0.0,0,0.0,0.0,,0,0.0
prebreak,601628,2012-06-18,S,S,A,C,S,S,A,14.3598,13.62,13.11,0.51,,0,0.0,0.0,,0,0.0,0,0.0,0.0,,0,0.0,0,0.0,0.0,,0,0.0
prebreak,000581,2012-07-02,S,S,A,C,S,S,A,10.1977,12.23,11.73,0.5,,0,0.0,0.0,,0,0.0,0,0.0,0.0,,0,0.0,0,0.0,0.0,,0,0.0
prebreak,600893,2012-07-02,S,S,A,C,S,S,A,12.261,13.42,12.85,0.57,,0,0.0,0.0,,0,0.0,0,0.0,0.0,,0,0.0,0,0.0,0.0,,0,0.0
prebreak,601601,2012-07-02,S,S,A,C,S,S,A,14.4809,14.37,13.79,0.58,,0,0.0,0.0,,0,0.0,0,0.0,0.0,,0,0.0,0,0.0,0.0,,0,0.0
prebreak,601808,2012-07-03,S,S,A,C,S,S,A,14.4447,14.47,13.74,0.73,,0,0.0,0.0,,0,0.0,0,0.0,0.0,,0,0.0,0,0.0,0.0,,0,0.0
prebreak,601601,2012-08-06,S,S,A,C,S,S,A,14.1272,14.31,13.69,0.62,,0,0.0,0.0,,0,0.0,0,0.0,0.0,,0,0.0,0,0.0,0.0,,0,0.0
prebreak,000422,2012-09-03,S,S,A,C,S,S,A,10.9051,11.82,11.22,0.6,,0,0.0,0.0,,0,0.0,1,11.82,11.6101,2012-09-14,0,-0.3646,1,11.82,11.6101,2012-09-14,0,-0.3646
prebreak,601888,2012-09-03,S,S,A,C,S,S,A,11.8161,12.57,11.92,0.65,,1,12.57,12.5403,2012-09-10,0,-0.0603,1,12.57,12.5576,2012-09-11,0,-0.0338,1,12.57,12.5576,2012-09-11,0,-0.0338
prebreak,000538,2012-09-05,S,S,A,C,S,S,A,20.3321,20.67,19.63,1.04,,1,20.67,21.5187,2012-09-12,0,0.8004,1,20.67,21.366,2012-09-19,0,0.6537,1,20.67,22.0947,2012-10-10,0,1.3539
prebreak,601888,2012-09-10,S,S,A,C,S,S,A,12.5403,12.57,11.92,0.65,,0,0.0,0.0,,0,0.0,0,0.0,0.0,,0,0.0,0,0.0,0.0,,0,0.0
prebreak,000538,2012-09-12,S,S,A,C,S,S,A,21.5187,20.67,19.63,1.04,,0,0.0,0.0,,0,0.0,0,0.0,0.0,,0,0.0,0,0.0,0.0,,0,0.0
prebreak,002140,2012-09-12,S,S,A,C,S,S,A,18.0868,17.76,16.92,0.84,,0,0.0,0.0,,0,0.0,0,0.0,0.0,,0,0.0,0,0.0,0.0,,0,0.0
prebreak,600547,2012-09-14,S,S,A,C,S,S,A,19.023,17.05,16.24,0.81,,1,17.05,19.977,2012-09-21,0,3.5953,1,17.05,20.001,2012-09-28,0,3.6249,1,17.05,18.6442,2012-10-19,0,1.951
prebreak,000538,2012-09-19,S,S,A,C,S,S,A,21.366,21.63,20.83,0.8,,0,0.0,0.0,,0,0.0,0,0.0,0.0,,0,0.0,0,0.0,0.0,,0,0.0
prebreak,002313,2012-09-21,S,S,A,C,S,S,A,16.8256,17.65,16.81,0.84,,0,0.0,0.0,,0,0.0,0,0.0,0.0,,0,0.0,0,0.0,0.0,,0,0.0
prebreak,601888,2012-09-24,S,S,A,C,S,S,A,11.8592,12.87,12.3,0.57,,0,0.0,0.0,,0,0.0,0,0.0,0.0,,0,0.0,1,12.87,12.9111,2012-10-29,0,0.0548
prebreak,600141,2012-09-27,S,S,A,C,S,S,A,12.4754,12.96,12.3,0.66,,0,0.0,0.0,,0,0.0,0,0.0,0.0,,0,0.0,0,0.0,0.0,,0,0.0
prebreak,601318,2012-10-08,S,S,A,C,S,S,A,13.4837,13.15,12.62,0.53,,0,0.0,0.0,,0,0.0,0,0.0,0.0,,0,0.0,0,0.0,0.0,,0,0.0
prebreak,601888,2012-10-08,S,S,A,C,S,S,A,12.4455,12.47,11.84,0.63,,0,0.0,0.0,,0,0.0,0,0.0,0.0,,0,0.0,0,0.0,0.0,,0,0.0
prebreak,000538,2012-10-10,S,S,A,C,S,S,A,22.0947,21.62,20.64,0.98,,0,0.0,0.0,,0,0.0,0,0.0,0.0,,0,0.0,0,0.0,0.0,,0,0.0
prebreak,000538,2012-10-17,S,S,A,C,S,S,A,22.1467,22.4,21.54,0.86,,0,0.0,0.0,,0,0.0,0,0.0,0.0,,0,0.0,0,0.0,0.0,,0,0.0
prebreak,000568,2012-10-18,S,S,A,C,S,S,A,26.5707,26.08,24.92,1.16,,1,26.08,25.5586,2012-10-25,0,-0.4663,1,26.08,26.1764,2012-11-01,0,0.0659,1,26.08,24.92,2012-11-06,1,-1.0165
prebreak,000858,2012-10-19,S,S,A,C,S,S,A,24.1615,24.7,23.46,1.24,,0,0.0,0.0,,0,0.0,0,0.0,0.0,,0,0.0,0,0.0,0.0,,0,0.0
prebreak,600489,2012-10-22,S,S,A,C,S,S,A,13.1636,13.59,12.97,0.62,,0,0.0,0.0,,0,0.0,0,0.0,0.0,,0,0.0,0,0.0,0.0,,0,0.0
prebreak,600535,2012-10-22,S,S,A,C,S,S,A,14.6037,15.12,14.52,0.6,,0,0.0,0.0,,0,0.0,0,0.0,0.0,,0,0.0,0,0.0,0.0,,0,0.0
prebreak,601888,2012-10-22,S,S,A,C,S,S,A,13.1051,12.44,11.83,0.61,,0,0.0,0.0,,0,0.0,0,0.0,0.0,,0,0.0,0,0.0,0.0,,0,0.0
prebreak,000422,2012-10-29,S,S,A,C,S,S,A,10.8043,11.57,10.99,0.58,,0,0.0,0.0,,0,0.0,0,0.0,0.0,,0,0.0,0,0.0,0.0,,0,0.0
prebreak,601888,2012-10-29,S,S,A,C,S,S,A,12.9111,12.44,11.83,0.61,,0,0.0,0.0,,0,0.0,0,0.0,0.0,,0,0.0,0,0.0,0.0,,0,0.0
prebreak,002353,2012-10-30,S,S,A,C,S,S,A,20.8141,21.03,20.13,0.9,,0,0.0,0.0,,0,0.0,0,0.0,0.0,,0,0.0,0,0.0,0.0,,0,0.0
prebreak,601628,2012-10-30,S,S,A,C,S,S,A,14.1034,14.53,13.9,0.63,,0,0.0,0.0,,0,0.0,0,0.0,0.0,,0,0.0,0,0.0,0.0,,0,0.0
prebreak,000422,2012-11-05,S,S,A,C,S,S,A,9.8612,11.57,10.99,0.58,,0,0.0,0.0,,0,0.0,0,0.0,0.0,,0,0.0,0,0.0,0.0,,0,0.0
prebreak,000858,2012-11-16,S,S,A,C,S,S,A,21.2591,22.69,21.88,0.81,,0,0.0,0.0,,0,0.0,0,0.0,0.0,,0,0.0,0,0.0,0.0,,0,0.0
prebreak,600141,2012-12-06,S,S,A,C,S,S,A,10.1652,10.83,10.29,0.54,,1,10.83,10.5181,2012-12-13,0,-0.5924,1,10.83,11.4807,2012-12-20,0,1.1891,1,10.83,11.7054,2013-01-08,0,1.6048
prebreak,600547,2012-12-07,S,S,A,C,S,S,A,17.4457,18.24,17.39,0.85,,0,0.0,0.0,,0,0.0,0,0.0,0.0,,0,0.0,0,0.0,0.0,,0,0.0
prebreak,601318,2012-12-10,S,S,A,C,S,S,A,13.0088,12.13,11.54,0.59,,0,0.0,0.0,,0,0.0,0,0.0,0.0,,0,0.0,0,0.0,0.0,,0,0.0
prebreak,601888,2012-12-10,S,S,A,C,S,S,A,10.9108,11.53,10.94,0.59,,0,0.0,0.0,,0,0.0,0,0.0,0.0,,0,0.0,0,0.0,0.0,,0,0.0
prebreak,600547,2012-12-14,S,S,A,C,S,S,A,17.7046,17.97,17.02,0.95,,0,0.0,0.0,,0,0.0,0,0.0,0.0,,0,0.0,0,0.0,0.0,,0,0.0
prebreak,002353,2012-12-18,S,S,A,C,S,S,A,20.3968,21.65,20.63,1.02,,1,21.65,21.6998,2012-12-25,0,0.0326,1,21.65,21.7368,2013-01-04,0,0.069,1,21.65,27.6162,2013-01-18,0,5.8294
prebreak,600547,2012-12-21,S,S,A,C,S,S,A,17.206,17.97,17.02,0.95,,1,17.97,18.0977,2012-12-28,0,0.12,1,17.97,17.5848,2013-01-09,0,-0.4196,1,17.97,18.0114,2013-01-23,0,0.0292
prebreak,600547,2012-12-28,S,S,A,C,S,S,A,18.0977,17.61,16.92,0.69,,0,0.0,0.0,,0,0.0,0,0.0,0.0,,0,0.0,0,0.0,0.0,,0,0.0
prebreak,002393,2013-01-04,S,S,A,C,S,S,A,15.1429,14.63,13.88,0.75,,0,0.0,0.0,,0,0.0,0,0.0,0.0,,0,0.0,0,0.0,0.0,,0,0.0
prebreak,600150,2013-01-08,S,S,A,C,S,S,A,22.204,20.26,19.25,1.01,,0,0.0,0.0,,0,0.0,0,0.0,0.0,,0,0.0,0,0.0,0.0,,0,0.0
prebreak,600547,2013-01-09,S,S,A,C,S,S,A,17.5848,17.61,16.92,0.69,,0,0.0,0.0,,0,0.0,0,0.0,0.0,,0,0.0,0,0.0,0.0,,0,0.0
prebreak,600547,2013-01-16,S,S,A,C,S,S,A,18.5484,18.06,17.17,0.89,,0,0.0,0.0,,0,0.0,0,0.0,0.0,,0,0.0,0,0.0,0.0,,0,0.0
prebreak,600547,2013-01-23,S,S,A,C,S,S,A,18.0114,18.74,17.77,0.97,,0,0.0,0.0,,0,0.0,0,0.0,0.0,,0,0.0,0,0.0,0.0,,0,0.0
prebreak,600362,2013-02-07,S,S,A,C,S,S,A,20.2983,19.26,18.27,0.99,,0,0.0,0.0,,0,0.0,0,0.0,0.0,,0,0.0,0,0.0,0.0,,0,0.0
prebreak,601808,2013-03-08,S,S,A,C,S,S,A,14.0856,14.4,13.8,0.6,,0,0.0,0.0,,0,0.0,0,0.0,0.0,,0,0.0,0,0.0,0.0,,0,0.0
prebreak,600600,2013-04-17,S,S,A,C,S,S,A,30.1035,30.28,28.78,1.5,,0,0.0,0.0,,0,0.0,0,0.0,0.0,,0,0.0,0,0.0,0.0,,0,0.0
prebreak,600600,2013-04-24,S,S,A,C,S,S,A,30.4625,31.12,29.73,1.39,,0,0.0,0.0,,0,0.0,0,0.0,0.0,,0,0.0,0,0.0,0.0,,0,0.0
prebreak,601808,2013-05-03,S,S,A,C,S,S,A,12.9752,13.16,12.58,0.58,,0,0.0,0.0,,0,0.0,0,0.0,0.0,,0,0.0,0,0.0,0.0,,0,0.0
prebreak,600600,2013-05-06,S,S,A,C,S,S,A,29.8563,31.12,29.85,1.27,,0,0.0,0.0,,0,0.0,0,0.0,0.0,,0,0.0,0,0.0,0.0,,0,0.0
prebreak,002393,2013-05-10,S,S,A,C,S,S,A,16.8956,17.36,16.49,0.87,,1,17.36,18.1686,2013-05-17,0,0.9137,1,17.36,17.9263,2013-05-24,0,0.6354,1,17.36,16.8291,2013-06-07,0,-0.625
prebreak,002393,2013-05-17,S,S,A,C,S,S,A,18.1686,17.36,16.49,0.87,,1,17.36,17.9073,2013-05-22,0,0.6136,1,17.36,17.9073,2013-05-22,0,0.6136,1,17.36,17.9073,2013-05-22,0,0.6136
prebreak,002051,2013-05-21,S,S,A,C,S,S,A,14.4142,12.62,12.0,0.62,,0,0.0,0.0,,0,0.0,0,0.0,0.0,,0,0.0,0,0.0,0.0,,0,0.0
prebreak,601808,2013-06-26,S,S,A,C,S,S,A,12.2045,13.36,12.75,0.61,,0,0.0,0.0,,0,0.0,0,0.0,0.0,,0,0.0,0,0.0,0.0,,0,0.0
prebreak,601808,2013-07-10,S,S,A,C,S,S,A,12.0256,13.36,12.75,0.61,,0,0.0,0.0,,0,0.0,0,0.0,0.0,,0,0.0,1,13.36,13.1583,2013-08-07,0,-0.347
prebreak,000998,2013-07-16,S,S,A,C,S,S,A,10.0448,9.66,9.14,0.52,,0,0.0,0.0,,0,0.0,0,0.0,0.0,,0,0.0,0,0.0,0.0,,0,0.0
prebreak,000998,2013-07-23,S,S,A,C,S,S,A,9.9455,9.66,9.14,0.52,,0,0.0,0.0,,0,0.0,0,0.0,0.0,,0,0.0,0,0.0,0.0,,0,0.0
prebreak,000998,2013-09-10,S,S,A,C,S,S,A,11.1556,11.32,10.78,0.54,,0,0.0,0.0,,0,0.0,0,0.0,0.0,,0,0.0,0,0.0,0.0,,0,0.0
prebreak,600436,2013-10-09,S,S,A,C,S,S,A,29.382,30.43,29.01,1.42,,0,0.0,0.0,,0,0.0,0,0.0,0.0,,0,0.0,0,0.0,0.0,,0,0.0
prebreak,002422,2013-10-28,S,S,A,C,S,S,A,12.9915,13.41,12.75,0.66,,0,0.0,0.0,,0,0.0,0,0.0,0.0,,0,0.0,0,0.0,0.0,,0,0.0
prebreak,600216,2013-10-30,S,S,A,C,S,S,A,8.5391,10.18,9.66,0.52,,0,0.0,0.0,,0,0.0,0,0.0,0.0,,0,0.0,0,0.0,0.0,,0,0.0
prebreak,002393,2013-11-01,S,S,A,C,S,S,A,15.6892,17.83,16.9,0.93,,0,0.0,0.0,,0,0.0,0,0.0,0.0,,0,0.0,1,17.83,18.4679,2013-11-29,0,0.6709
prebreak,000550,2013-11-05,S,S,A,C,S,S,A,11.3566,10.27,9.76,0.51,,0,0.0,0.0,,0,0.0,0,0.0,0.0,,0,0.0,0,0.0,0.0,,0,0.0
prebreak,601336,2013-11-19,S,S,A,C,S,S,A,17.9996,16.72,16.09,0.63,,0,0.0,0.0,,0,0.0,0,0.0,0.0,,0,0.0,0,0.0,0.0,,0,0.0
prebreak,601336,2013-11-26,S,S,A,C,S,S,A,17.3275,16.72,16.09,0.63,,0,0.0,0.0,,0,0.0,0,0.0,0.0,,0,0.0,0,0.0,0.0,,0,0.0
prebreak,000568,2013-12-03,S,S,A,C,S,S,A,14.5548,15.12,14.4,0.72,,0,0.0,0.0,,0,0.0,0,0.0,0.0,,0,0.0,0,0.0,0.0,,0,0.0
prebreak,601336,2013-12-03,S,S,A,C,S,S,A,18.2803,18.06,17.11,0.95,,1,18.06,17.8224,2013-12-06,0,-0.2644,1,18.06,17.8224,2013-12-06,0,-0.2644,1,18.06,17.8224,2013-12-06,0,-0.2644
prebreak,000568,2013-12-17,S,S,A,C,S,S,A,14.3205,15.33,14.6,0.73,,0,0.0,0.0,,0,0.0,0,0.0,0.0,,0,0.0,0,0.0,0.0,,0,0.0
prebreak,000999,2013-12-18,S,S,A,C,S,S,A,11.2105,11.9,11.32,0.58,,0,0.0,0.0,,0,0.0,0,0.0,0.0,,0,0.0,0,0.0,0.0,,0,0.0
prebreak,000999,2013-12-25,S,S,A,C,S,S,A,11.3037,11.9,11.32,0.58,,0,0.0,0.0,,0,0.0,0,0.0,0.0,,0,0.0,0,0.0,0.0,,0,0.0
prebreak,000999,2014-01-02,S,S,A,C,S,S,A,11.7792,11.72,11.13,0.59,,0,0.0,0.0,,0,0.0,0,0.0,0.0,,0,0.0,0,0.0,0.0,,0,0.0
prebreak,002304,2014-01-08,S,S,A,C,S,S,A,18.5405,18.42,17.74,0.68,,0,0.0,0.0,,0,0.0,0,0.0,0.0,,0,0.0,0,0.0,0.0,,0,0.0
prebreak,601336,2014-01-08,S,S,A,C,S,S,A,16.1974,17.11,16.4,0.71,,0,0.0,0.0,,0,0.0,0,0.0,0.0,,0,0.0,0,0.0,0.0,,0,0.0
prebreak,002304,2014-01-15,S,S,A,C,S,S,A,19.0801,18.42,17.74,0.68,,0,0.0,0.0,,0,0.0,0,0.0,0.0,,0,0.0,0,0.0,0.0,,0,0.0
prebreak,000568,2014-01-22,S,S,A,C,S,S,A,12.9218,13.31,12.61,0.7,,0,0.0,0.0,,0,0.0,0,0.0,0.0,,0,0.0,0,0.0,0.0,,0,0.0
prebreak,002353,2014-01-24,S,S,A,C,S,S,A,49.8385,45.87,44.27,1.6,,0,0.0,0.0,,0,0.0,0,0.0,0.0,,0,0.0,0,0.0,0.0,,0,0.0
prebreak,000568,2014-01-29,S,S,A,C,S,S,A,11.9988,13.31,12.61,0.7,,0,0.0,0.0,,0,0.0,0,0.0,0.0,,0,0.0,0,0.0,0.0,,0,0.0
prebreak,002353,2014-02-07,S,S,A,C,S,S,A,47.9225,50.26,47.68,2.58,,0,0.0,0.0,,0,0.0,0,0.0,0.0,,0,0.0,0,0.0,0.0,,0,0.0
prebreak,000568,2014-02-12,S,S,A,C,S,S,A,11.7006,13.31,12.61,0.7,,0,0.0,0.0,,0,0.0,0,0.0,0.0,,0,0.0,0,0.0,0.0,,0,0.0
prebreak,002353,2014-02-14,S,S,A,C,S,S,A,46.4176,50.26,47.68,2.58,,0,0.0,0.0,,0,0.0,0,0.0,0.0,,0,0.0,0,0.0,0.0,,0,0.0
prebreak,600062,2014-02-14,S,S,A,C,S,S,A,11.487,11.73,11.22,0.51,,1,11.73,11.5752,2014-02-21,0,-0.3208,1,11.73,11.22,2014-02-25,1,-1.0169,1,11.73,11.22,2014-02-25,1,-1.0169
prebreak,600600,2014-02-18,S,S,A,C,S,S,A,32.6463,35.66,34.15,1.51,,0,0.0,0.0,,0,0.0,0,0.0,0.0,,0,0.0,0,0.0,0.0,,0,0.0
prebreak,000568,2014-02-19,S,S,A,C,S,S,A,12.5313,13.31,12.61,0.7,,0,0.0,0.0,,0,0.0,0,0.0,0.0,,0,0.0,1,13.31,13.3478,2014-03-19,0,0.0395
prebreak,601336,2014-02-19,S,S,A,C,S,S,A,16.5741,16.76,16.02,0.74,,1,16.76,16.02,2014-02-24,1,-1.0166,1,16.76,16.02,2014-02-24,1,-1.0166,1,16.76,16.02,2014-02-24,1,-1.0166
prebreak,300204,2014-02-24,S,S,A,C,S,S,A,13.0704,12.42,11.82,0.6,,0,0.0,0.0,,0,0.0,0,0.0,0.0,,0,0.0,0,0.0,0.0,,0,0.0
prebreak,601336,2014-02-26,S,S,A,C,S,S,A,15.8355,16.91,16.03,0.88,,0,0.0,0.0,,0,0.0,0,0.0,0.0,,0,0.0,0,0.0,0.0,,0,0.0
prebreak,000423,2014-02-27,S,S,A,C,S,S,A,26.6074,28.48,27.38,1.1,,0,0.0,0.0,,0,0.0,0,0.0,0.0,,0,0.0,0,0.0,0.0,,0,0.0
prebreak,002393,2014-03-03,S,S,A,C,S,S,A,17.9813,19.24,18.26,0.98,,0,0.0,0.0,,0,0.0,0,0.0,0.0,,0,0.0,0,0.0,0.0,,0,0.0
prebreak,601336,2014-03-05,S,S,A,C,S,S,A,15.6361,16.09,15.5,0.59,,0,0.0,0.0,,0,0.0,0,0.0,0.0,,0,0.0,0,0.0,0.0,,0,0.0
prebreak,000423,2014-03-06,S,S,A,C,S,S,A,26.7408,27.46,26.27,1.19,,0,0.0,0.0,,0,0.0,0,0.0,0.0,,0,0.0,0,0.0,0.0,,0,0.0
prebreak,000423,2014-03-13,S,S,A,C,S,S,A,27.8974,27.77,26.28,1.49,,0,0.0,0.0,,0,0.0,0,0.0,0.0,,0,0.0,0,0.0,0.0,,0,0.0
prebreak,002275,2014-03-21,S,S,A,C,S,S,A,10.8236,9.9,9.37,0.53,,1,9.9,11.2651,2014-03-26,0,2.5599,1,9.9,11.2651,2014-03-26,0,2.5599,1,9.9,11.2651,2014-03-26,0,2.5599
prebreak,600309,2014-03-21,S,S,A,C,S,S,A,10.2445,10.72,10.19,0.53,,0,0.0,0.0,,0,0.0,1,10.72,10.7885,2014-04-04,0,0.1138,1,10.72,10.19,2014-04-18,1,-1.0147
prebreak,000869,2014-03-25,S,S,A,C,S,S,A,21.3403,21.65,20.55,1.1,,0,0.0,0.0,,0,0.0,0,0.0,0.0,,0,0.0,0,0.0,0.0,,0,0.0
prebreak,600805,2014-04-02,S,S,A,C,S,S,A,9.5343,10.35,9.83,0.52,,0,0.0,0.0,,0,0.0,0,0.0,0.0,,0,0.0,0,0.0,0.0,,0,0.0
prebreak,000423,2014-04-03,S,S,A,C,S,S,A,25.3174,28.08,26.93,1.15,,0,0.0,0.0,,0,0.0,0,0.0,0.0,,0,0.0,0,0.0,0.0,,0,0.0
prebreak,000423,2014-04-11,S,S,A,C,S,S,A,26.6519,26.12,24.9,1.22,,0,0.0,0.0,,0,0.0,0,0.0,0.0,,0,0.0,0,0.0,0.0,,0,0.0
prebreak,000869,2014-04-16,S,S,A,C,S,S,A,21.7636,22.41,21.36,1.05,,0,0.0,0.0,,0,0.0,0,0.0,0.0,,0,0.0,0,0.0,0.0,,0,0.0
prebreak,601336,2014-04-17,S,S,A,C,S,S,A,15.2668,15.41,14.7,0.71,,0,0.0,0.0,,0,0.0,0,0.0,0.0,,0,0.0,0,0.0,0.0,,0,0.0
prebreak,601336,2014-05-05,S,S,A,C,S,S,A,14.7129,15.17,14.49,0.68,,0,0.0,0.0,,0,0.0,0,0.0,0.0,,0,0.0,0,0.0,0.0,,0,0.0
prebreak,600600,2014-05-09,S,S,A,C,S,S,A,31.8894,32.64,31.51,1.13,,0,0.0,0.0,,0,0.0,0,0.0,0.0,,0,0.0,0,0.0,0.0,,0,0.0
prebreak,600600,2014-05-16,S,S,A,C,S,S,A,32.7913,33.29,31.81,1.48,,1,33.29,34.7723,2014-05-23,0,0.9838,1,33.29,34.2247,2014-05-30,0,0.6141,1,33.29,32.9362,2014-06-16,0,-0.256
prebreak,600600,2014-05-23,S,S,A,C,S,S,A,34.7723,33.29,31.81,1.48,,0,0.0,0.0,,0,0.0,0,0.0,0.0,,0,0.0,0,0.0,0.0,,0,0.0
prebreak,600600,2014-05-30,S,S,A,C,S,S,A,34.2247,35.38,33.7,1.68,,0,0.0,0.0,,0,0.0,0,0.0,0.0,,0,0.0,0,0.0,0.0,,0,0.0
prebreak,000917,2014-06-03,S,S,A,C,S,S,A,13.9795,14.22,13.7,0.52,,1,14.22,13.902,2014-06-09,0,-0.632,1,14.22,13.902,2014-06-09,0,-0.632,1,14.22,13.902,2014-06-09,0,-0.632
prebreak,600009,2014-06-05,S,S,A,C,S,S,A,11.4626,11.93,11.38,0.55,,0,0.0,0.0,,0,0.0,0,0.0,0.0,,0,0.0,0,0.0,0.0,,0,0.0
prebreak,600600,2014-06-09,S,S,A,C,S,S,A,33.5322,34.59,32.79,1.8,,0,0.0,0.0,,0,0.0,0,0.0,0.0,,0,0.0,0,0.0,0.0,,0,0.0
prebreak,000917,2014-06-10,S,S,A,C,S,S,A,14.1926,14.45,13.74,0.71,,1,14.45,14.2895,2014-06-17,0,-0.2414,1,14.45,14.0182,2014-06-24,0,-0.6232,1,14.45,16.537,2014-07-08,0,2.9222
prebreak,600332,2014-06-23,S,S,A,C,S,S,A,19.2419,19.85,19.03,0.82,,0,0.0,0.0,,0,0.0,0,0.0,0.0,,0,0.0,0,0.0,0.0,,0,0.0
prebreak,000917,2014-06-24,S,S,A,C,S,S,A,14.0182,14.74,14.08,0.66,,1,14.74,14.6867,2014-07-01,0,-0.0977,1,14.74,16.537,2014-07-08,0,2.7041,1,14.74,15.3921,2014-07-22,0,0.9705
prebreak,600332,2014-06-30,S,S,A,C,S,S,A,19.7823,20.19,19.19,1.0,,0,0.0,0.0,,0,0.0,0,0.0,0.0,,0,0.0,0,0.0,0.0,,0,0.0
prebreak,000917,2014-07-01,S,S,A,C,S,S,A,14.6867,14.44,13.73,0.71,,0,0.0,0.0,,0,0.0,0,0.0,0.0,,0,0.0,0,0.0,0.0,,0,0.0
prebreak,601336,2014-07-01,S,S,A,C,S,S,A,15.5696,15.75,15.06,0.69,,0,0.0,0.0,,0,0.0,0,0.0,0.0,,0,0.0,0,0.0,0.0,,0,0.0
prebreak,002025,2014-07-02,S,S,A,C,S,S,A,11.239,10.25,9.75,0.5,,0,0.0,0.0,,0,0.0,0,0.0,0.0,,0,0.0,0,0.0,0.0,,0,0.0
prebreak,601336,2014-07-08,S,S,A,C,S,S,A,16.3673,15.88,15.13,0.75,,0,0.0,0.0,,0,0.0,0,0.0,0.0,,0,0.0,0,0.0,0.0,,0,0.0
prebreak,600332,2014-07-14,S,S,A,C,S,S,A,18.5504,20.39,19.46,0.93,,0,0.0,0.0,,0,0.0,0,0.0,0.0,,0,0.0,1,20.39,21.2752,2014-08-11,0,0.9346
prebreak,601336,2014-07-15,S,S,A,C,S,S,A,16.0413,15.88,15.13,0.75,,0,0.0,0.0,,0,0.0,0,0.0,0.0,,0,0.0,0,0.0,0.0,,0,0.0
prebreak,002646,2014-07-18,S,S,A,C,S,S,A,15.087,14.71,14.12,0.59,,0,0.0,0.0,,0,0.0,0,0.0,0.0,,0,0.0,0,0.0,0.0,,0,0.0
prebreak,000858,2014-07-23,S,S,A,C,S,S,A,14.4316,13.45,12.78,0.67,,0,0.0,0.0,,0,0.0,0,0.0,0.0,,0,0.0,0,0.0,0.0,,0,0.0
prebreak,002646,2014-07-25,S,S,A,C,S,S,A,15.4504,14.71,14.12,0.59,,0,0.0,0.0,,0,0.0,0,0.0,0.0,,0,0.0,0,0.0,0.0,,0,0.0
prebreak,600535,2014-07-25,S,S,A,C,S,S,A,21.7159,22.03,21.09,0.94,,1,22.03,22.625,2014-08-01,0,0.6147,1,22.03,22.1929,2014-08-08,0,0.1554,1,22.03,22.2378,2014-08-22,0,0.2031
prebreak,000752,2014-08-11,S,S,A,C,S,S,A,11.229,10.4,9.86,0.54,,0,0.0,0.0,,0,0.0,0,0.0,0.0,,0,0.0,0,0.0,0.0,,0,0.0
prebreak,000669,2014-08-19,S,S,A,C,S,S,A,14.6193,14.28,13.55,0.73,,0,0.0,0.0,,0,0.0,0,0.0,0.0,,0,0.0,0,0.0,0.0,,0,0.0
prebreak,600138,2014-09-02,S,S,A,C,S,S,A,14.4916,13.76,13.1,0.66,,1,13.76,15.1121,2014-09-05,0,2.0316,1,13.76,15.1121,2014-09-05,0,2.0316,1,13.76,15.1121,2014-09-05,0,2.0316
prebreak,002513,2014-09-09,S,S,A,C,S,S,A,11.1227,10.82,10.25,0.57,,0,0.0,0.0,,0,0.0,0,0.0,0.0,,0,0.0,0,0.0,0.0,,0,0.0
prebreak,601601,2014-09-12,S,S,A,C,S,S,A,13.2462,13.38,12.75,0.63,,0,0.0,0.0,,0,0.0,0,0.0,0.0,,0,0.0,0,0.0,0.0,,0,0.0
prebreak,600058,2014-09-18,S,S,A,C,S,S,A,12.0634,12.28,11.69,0.59,,0,0.0,0.0,,0,0.0,1,12.28,12.322,2014-10-09,0,0.0553,1,12.28,11.69,2014-10-22,1,-1.0152
prebreak,600315,2014-09-18,S,S,A,C,S,S,A,31.4898,32.41,30.82,1.59,,0,0.0,0.0,,0,0.0,1,32.41,32.8049,2014-10-09,0,0.2327,1,32.41,32.1829,2014-10-10,0,-0.1582
prebreak,601601,2014-09-19,S,S,A,C,S,S,A,13.132,13.24,12.74,0.5,,0,0.0,0.0,,0,0.0,0,0.0,0.0,,0,0.0,0,0.0,0.0,,0,0.0
prebreak,601888,2014-09-19,S,S,A,C,S,S,A,17.3368,17.41,16.55,0.86,,0,0.0,0.0,,0,0.0,0,0.0,0.0,,0,0.0,0,0.0,0.0,,0,0.0
prebreak,002513,2014-09-23,S,S,A,C,S,S,A,12.3297,11.29,10.72,0.57,,0,0.0,0.0,,0,0.0,0,0.0,0.0,,0,0.0,0,0.0,0.0,,0,0.0
prebreak,600058,2014-09-25,S,S,A,C,S,S,A,12.0535,12.11,11.52,0.59,,0,0.0,0.0,,0,0.0,0,0.0,0.0,,0,0.0,0,0.0,0.0,,0,0.0
prebreak,601888,2014-09-26,S,S,A,C,S,S,A,16.9176,17.41,16.55,0.86,,1,17.41,16.55,2014-09-30,1,-1.0148,1,17.41,16.55,2014-09-30,1,-1.0148,1,17.41,16.55,2014-09-30,1,-1.0148
prebreak,000969,2014-10-08,S,S,A,C,S,S,A,9.8683,10.0,9.48,0.52,,1,10.0,9.622,2014-10-13,0,-0.741,1,10.0,9.622,2014-10-13,0,-0.741,1,10.0,9.622,2014-10-13,0,-0.741
prebreak,601336,2014-10-08,S,S,A,C,S,S,A,18.1905,18.36,17.68,0.68,,0,0.0,0.0,,0,0.0,0,0.0,0.0,,0,0.0,0,0.0,0.0,,0,0.0
prebreak,600594,2014-10-14,S,S,A,C,S,S,A,16.3916,16.58,15.88,0.7,,1,16.58,16.6708,2014-10-21,0,0.1117,1,16.58,15.88,2014-10-28,1,-1.0174,1,16.58,15.88,2014-10-28,1,-1.0174
prebreak,002051,2014-10-24,S,S,A,C,S,S,A,10.733,11.35,10.78,0.57,,1,11.35,11.4525,2014-10-31,0,0.1646,1,11.35,14.0827,2014-11-07,0,4.7761,1,11.35,14.3599,2014-11-21,0,5.262
prebreak,600648,2014-10-24,S,S,A,C,S,S,A,20.9791,21.44,20.64,0.8,,1,21.44,21.7709,2014-10-31,0,0.393,1,21.44,21.4617,2014-11-07,0,0.0068,1,21.44,23.8598,2014-11-21,0,3.0024
prebreak,002574,2014-10-29,S,S,A,C,S,S,A,10.4064,10.46,9.93,0.53,,0,0.0,0.0,,0,0.0,0,0.0,0.0,,0,0.0,0,0.0,0.0,,0,0.0
prebreak,600486,2014-10-29,S,S,A,C,S,S,A,13.7869,13.36,12.73,0.63,,1,13.36,13.4459,2014-11-05,0,0.1201,1,13.36,13.4123,2014-11-12,0,0.0669,1,13.36,14.7038,2014-11-26,0,2.1156
prebreak,000423,2014-10-30,S,S,A,C,S,S,A,25.8476,26.09,24.82,1.27,,0,0.0,0.0,,0,0.0,0,0.0,0.0,,0,0.0,0,0.0,0.0,,0,0.0
prebreak,600315,2014-10-30,S,S,A,C,S,S,A,32.5916,32.19,30.83,1.36,,0,0.0,0.0,,0,0.0,0,0.0,0.0,,0,0.0,0,0.0,0.0,,0,0.0
prebreak,002051,2014-10-31,S,S,A,C,S,S,A,11.4525,11.04,10.54,0.5,,1,11.04,14.0827,2014-11-07,0,6.0648,1,11.04,14.4247,2014-11-14,0,6.7484,1,11.04,15.3329,2014-11-28,0,8.5637
prebreak,600648,2014-10-31,S,S,A,C,S,S,A,21.7709,21.44,20.52,0.92,,0,0.0,0.0,,0,0.0,0,0.0,0.0,,0,0.0,0,0.0,0.0,,0,0.0
prebreak,600378,2014-11-03,S,S,A,C,S,S,A,13.9375,13.4,12.71,0.69,,0,0.0,0.0,,0,0.0,0,0.0,0.0,,0,0.0,0,0.0,0.0,,0,0.0
prebreak,000538,2014-11-04,S,S,A,C,S,S,A,27.7337,29.03,27.65,1.38,,0,0.0,0.0,,0,0.0,1,29.03,28.2231,2014-11-18,0,-0.6003,1,29.03,28.2231,2014-11-18,0,-0.6003
prebreak,000576,2014-11-04,S,S,A,C,S,S,A,13.1093,13.57,12.92,0.65,,0,0.0,0.0,,0,0.0,0,0.0,0.0,,0,0.0,0,0.0,0.0,,0,0.0
prebreak,002653,2014-11-04,S,S,A,C,S,S,A,18.1671,18.76,17.79,0.97,,0,0.0,0.0,,0,0.0,0,0.0,0.0,,0,0.0,0,0.0,0.0,,0,0.0
prebreak,000917,2014-11-05,S,S,A,C,S,S,A,17.247,18.1,17.17,0.93,,0,0.0,0.0,,0,0.0,0,0.0,0.0,,0,0.0,1,18.1,18.5482,2014-12-03,0,0.4669
prebreak,002428,2014-11-05,S,S,A,C,S,S,A,13.5918,14.06,13.48,0.58,,0,0.0,0.0,,0,0.0,0,0.0,0.0,,0,0.0,1,14.06,15.9547,2014-12-03,0,3.2463
prebreak,300070,2014-11-05,S,S,A,C,S,S,A,10.7885,11.16,10.6,0.56,,0,0.0,0.0,,0,0.0,0,0.0,0.0,,0,0.0,0,0.0,0.0,,0,0.0
prebreak,600654,2014-11-05,S,S,A,C,S,S,A,10.2994,10.5,10.0,0.5,,1,10.5,10.9332,2014-11-12,0,0.85,1,10.5,11.161,2014-11-25,0,1.3052,1,10.5,10.0,2014-12-09,1,-1.0153
prebreak,600706,2014-11-05,S,S,A,C,S,S,A,12.267,11.62,11.03,0.59,,0,0.0,0.0,,0,0.0,0,0.0,0.0,,0,0.0,0,0.0,0.0,,0,0.0
prebreak,002241,2014-11-06,S,S,A,C,S,S,A,12.7239,12.86,12.26,0.6,,0,0.0,0.0,,0,0.0,0,0.0,0.0,,0,0.0,0,0.0,0.0,,0,0.0
prebreak,600111,2014-11-06,S,S,A,C,S,S,A,13.6889,13.69,12.98,0.71,,0,0.0,0.0,,0,0.0,0,0.0,0.0,,0,0.0,0,0.0,0.0,,0,0.0
prebreak,600292,2014-11-06,S,S,A,C,S,S,A,17.0662,15.94,15.28,0.66,,1,15.94,17.7538,2014-11-13,0,2.7281,1,15.94,16.357,2014-11-20,0,0.613,1,15.94,16.8564,2014-12-04,0,1.3692
prebreak,600315,2014-11-06,S,S,A,C,S,S,A,31.9252,32.79,31.52,1.27,,0,0.0,0.0,,0,0.0,0,0.0,0.0,,0,0.0,0,0.0,0.0,,0,0.0
prebreak,600436,2014-11-06,S,S,A,C,S,S,A,20.4976,22.17,21.11,1.06,,0,0.0,0.0,,0,0.0,1,22.17,21.4908,2014-11-18,0,-0.6563,1,22.17,21.4908,2014-11-18,0,-0.6563
prebreak,002106,2014-11-10,S,S,A,C,S,S,A,12.0363,11.46,10.86,0.6,,0,0.0,0.0,,0,0.0,0,0.0,0.0,,0,0.0,0,0.0,0.0,,0,0.0
prebreak,600378,2014-11-10,S,S,A,C,S,S,A,13.9831,13.4,12.71,0.69,,0,0.0,0.0,,0,0.0,0,0.0,0.0,,0,0.0,0,0.0,0.0,,0,0.0
prebreak,000701,2014-11-12,S,S,A,C,S,S,A,11.7466,12.33,11.81,0.52,,0,0.0,0.0,,0,0.0,1,12.33,12.2475,2014-11-26,0,-0.1766,1,12.33,11.81,2014-12-05,1,-1.0174
prebreak,000917,2014-11-12,S,S,A,C,S,S,A,16.7711,17.81,17.08,0.73,,0,0.0,0.0,,0,0.0,1,17.81,17.8199,2014-11-26,0,-0.005,1,17.81,17.08,2014-12-09,1,-1.0179
prebreak,002428,2014-11-12,S,S,A,C,S,S,A,13.423,13.72,13.01,0.71,,1,13.72,13.6414,2014-11-19,0,-0.1253,1,13.72,14.4059,2014-11-26,0,0.9508,1,13.72,15.1207,2014-12-10,0,1.9569
prebreak,300070,2014-11-12,S,S,A,C,S,S,A,10.7235,11.16,10.6,0.56,,1,11.16,11.2285,2014-11-19,0,0.107,1,11.16,11.1022,2014-11-20,0,-0.1183,1,11.16,11.1022,2014-11-20,0,-0.1183
prebreak,600706,2014-11-12,S,S,A,C,S,S,A,12.3416,11.62,11.03,0.59,,1,11.62,12.4161,2014-11-19,0,1.3335,1,11.62,13.8159,2014-11-26,0,3.7046,1,11.62,12.8634,2014-12-10,0,2.0911
prebreak,000605,2014-11-13,S,S,A,C,S,S,A,12.5651,12.38,11.75,0.63,,0,0.0,0.0,,0,0.0,0,0.0,0.0,,0,0.0,0,0.0,0.0,,0,0.0
prebreak,002241,2014-11-13,S,S,A,C,S,S,A,11.7472,12.86,12.22,0.64,,0,0.0,0.0,,0,0.0,0,0.0,0.0,,0,0.0,0,0.0,0.0,,0,0.0
prebreak,600111,2014-11-13,S,S,A,C,S,S,A,14.5046,13.99,13.44,0.55,,1,13.99,13.9438,2014-11-18,0,-0.1033,1,13.99,13.9438,2014-11-18,0,-0.1033,1,13.99,13.9438,2014-11-18,0,-0.1033
prebreak,600292,2014-11-13,S,S,A,C,S,S,A,17.7538,15.94,15.28,0.66,,0,0.0,0.0,,0,0.0,0,0.0,0.0,,0,0.0,0,0.0,0.0,,0,0.0
prebreak,600436,2014-11-13,S,S,A,C,S,S,A,21.2056,22.17,21.11,1.06,,1,22.17,21.4908,2014-11-18,0,-0.6563,1,22.17,21.4908,2014-11-18,0,-0.6563,1,22.17,21.4908,2014-11-18,0,-0.6563
prebreak,600309,2014-11-14,S,S,A,C,S,S,A,11.1859,11.74,11.16,0.58,,0,0.0,0.0,,0,0.0,0,0.0,0.0,,0,0.0,1,11.74,12.7254,2014-12-12,0,1.6824
prebreak,600362,2014-11-14,S,S,A,C,S,S,A,11.6716,11.7,11.1,0.6,,0,0.0,0.0,,0,0.0,0,0.0,0.0,,0,0.0,0,0.0,0.0,,0,0.0
prebreak,600597,2014-11-14,S,S,A,C,S,S,A,14.1931,13.76,13.04,0.72,,1,13.76,13.2769,2014-11-19,0,-0.6851,1,13.76,13.2769,2014-11-19,0,-0.6851,1,13.76,13.2769,2014-11-19,0,-0.6851
prebreak,600648,2014-11-14,S,S,A,C,S,S,A,24.7798,22.06,21.12,0.94,,1,22.06,23.7089,2014-11-19,0,1.7353,1,22.06,23.7089,2014-11-19,0,1.7353,1,22.06,23.7089,2014-11-19,0,1.7353
prebreak,000049,2014-11-17,S,S,A,C,S,S,A,20.2255,20.42,19.6,0.82,,0,0.0,0.0,,0,0.0,0,0.0,0.0,,0,0.0,1,20.42,19.9439,2014-12-08,0,-0.5992
prebreak,002106,2014-11-17,S,S,A,C,S,S,A,11.2362,11.46,10.86,0.6,,0,0.0,0.0,,0,0.0,0,0.0,0.0,,0,0.0,0,0.0,0.0,,0,0.0
prebreak,002646,2014-11-17,S,S,A,C,S,S,A,16.9507,17.1,16.19,0.91,,0,0.0,0.0,,0,0.0,0,0.0,0.0,,0,0.0,0,0.0,0.0,,0,0.0
prebreak,300080,2014-11-17,S,S,A,C,S,S,A,9.5043,10.3,9.75,0.55,,0,0.0,0.0,,0,0.0,0,0.0,0.0,,0,0.0,0,0.0,0.0,,0,0.0
prebreak,600535,2014-11-17,S,S,A,C,S,S,A,23.2029,23.45,22.34,1.11,,0,0.0,0.0,,0,0.0,0,0.0,0.0,,0,0.0,0,0.0,0.0,,0,0.0
prebreak,600729,2014-11-17,S,S,A,C,S,S,A,12.7259,13.07,12.41,0.66,,0,0.0,0.0,,0,0.0,1,13.07,13.2192,2014-12-01,0,0.2109,1,13.07,14.4173,2014-12-15,0,2.025
prebreak,002653,2014-11-18,S,S,A,C,S,S,A,17.3057,18.76,17.79,0.97,,0,0.0,0.0,,0,0.0,0,0.0,0.0,,0,0.0,0,0.0,0.0,,0,0.0
prebreak,600332,2014-11-18,S,S,A,C,S,S,A,20.6575,21.29,20.54,0.75,,0,0.0,0.0,,0,0.0,0,0.0,0.0,,0,0.0,0,0.0,0.0,,0,0.0
prebreak,002428,2014-11-19,S,S,A,C,S,S,A,13.6414,13.72,13.01,0.71,,0,0.0,0.0,,0,0.0,0,0.0,0.0,,0,0.0,0,0.0,0.0,,0,0.0
prebreak,300070,2014-11-19,S,S,A,C,S,S,A,11.2285,11.16,10.6,0.56,,0,0.0,0.0,,0,0.0,0,0.0,0.0,,0,0.0,0,0.0,0.0,,0,0.0
prebreak,600706,2014-11-19,S,S,A,C,S,S,A,12.4161,11.62,11.03,0.59,,0,0.0,0.0,,0,0.0,0,0.0,0.0,,0,0.0,0,0.0,0.0,,0,0.0
prebreak,600805,2014-11-19,S,S,A,C,S,S,A,10.3054,10.48,9.93,0.55,,0,0.0,0.0,,0,0.0,0,0.0,0.0,,0,0.0,0,0.0,0.0,,0,0.0
prebreak,000823,2014-11-20,S,S,A,C,S,S,A,10.0658,10.3,9.8,0.5,,0,0.0,0.0,,0,0.0,0,0.0,0.0,,0,0.0,0,0.0,0.0,,0,0.0
prebreak,000858,2014-11-20,S,S,A,C,S,S,A,12.9647,13.34,12.64,0.7,,0,0.0,0.0,,0,0.0,0,0.0,0.0,,0,0.0,0,0.0,0.0,,0,0.0
prebreak,600292,2014-11-20,S,S,A,C,S,S,A,16.357,15.94,15.28,0.66,,0,0.0,0.0,,0,0.0,0,0.0,0.0,,0,0.0,0,0.0,0.0,,0,0.0
prebreak,600436,2014-11-20,S,S,A,C,S,S,A,21.3089,22.17,21.11,1.06,,0,0.0,0.0,,0,0.0,0,0.0,0.0,,0,0.0,0,0.0,0.0,,0,0.0
prebreak,000826,2014-11-21,S,S,A,C,S,S,A,16.7623,17.04,16.35,0.69,,1,17.04,17.2064,2014-11-27,0,0.2222,1,17.04,17.2064,2014-11-27,0,0.2222,1,17.04,17.2064,2014-11-27,0,0.2222
prebreak,600648,2014-11-21,S,S,A,C,S,S,A,23.8598,22.06,21.12,0.94,,0,0.0,0.0,,0,0.0,0,0.0,0.0,,0,0.0,0,0.0,0.0,,0,0.0
prebreak,601601,2014-11-21,S,S,A,C,S,S,A,14.1737,13.52,13.01,0.51,,1,13.52,16.21,2014-11-28,0,5.251,1,13.52,17.9305,2014-12-05,0,8.6224,1,13.52,17.8969,2014-12-19,0,8.5565
prebreak,600535,2014-11-24,S,S,A,C,S,S,A,22.3724,23.19,22.21,0.98,,1,23.19,23.2815,2014-12-01,0,0.0753,1,23.19,23.158,2014-12-03,0,-0.0506,1,23.19,23.158,2014-12-03,0,-0.0506
prebreak,601318,2014-11-24,S,S,A,C,S,S,A,15.3693,14.64,14.03,0.61,,0,0.0,0.0,,0,0.0,0,0.0,0.0,,0,0.0,0,0.0,0.0,,0,0.0
prebreak,000869,2014-11-25,S,S,A,C,S,S,A,24.8228,24.93,23.77,1.16,,0,0.0,0.0,,0,0.0,0,0.0,0.0,,0,0.0,0,0.0,0.0,,0,0.0
prebreak,300257,2014-11-25,S,S,A,C,S,S,A,16.9947,16.36,15.65,0.71,,1,16.36,16.6997,2014-12-02,0,0.4607,1,16.36,16.2456,2014-12-09,0,-0.1785,1,16.36,17.388,2014-12-23,0,1.4294
prebreak,000568,2014-11-26,S,S,A,C,S,S,A,13.4724,13.3,12.67,0.63,,0,0.0,0.0,,0,0.0,0,0.0,0.0,,0,0.0,0,0.0,0.0,,0,0.0
prebreak,000669,2014-11-26,S,S,A,C,S,S,A,16.7968,15.31,14.65,0.66,,0,0.0,0.0,,0,0.0,0,0.0,0.0,,0,0.0,0,0.0,0.0,,0,0.0
prebreak,002428,2014-11-26,S,S,A,C,S,S,A,14.4059,14.08,13.39,0.69,,1,14.08,15.9547,2014-12-03,0,2.6998,1,14.08,15.1207,2014-12-10,0,1.4919,1,14.08,14.3364,2014-12-24,0,0.3559
prebreak,300070,2014-11-26,S,S,A,C,S,S,A,11.7564,11.16,10.6,0.56,,0,0.0,0.0,,0,0.0,0,0.0,0.0,,0,0.0,0,0.0,0.0,,0,0.0
prebreak,600805,2014-11-26,S,S,A,C,S,S,A,10.4757,10.56,10.02,0.54,,1,10.56,10.9583,2014-12-03,0,0.7223,1,10.56,11.4599,2014-12-10,0,1.6505,1,10.56,10.8637,2014-12-24,0,0.5472
prebreak,600292,2014-11-27,S,S,A,C,S,S,A,17.4498,15.94,15.28,0.66,,1,15.94,16.8564,2014-12-04,0,1.3692,1,15.94,17.6091,2014-12-11,0,2.5089,1,15.94,16.6827,2014-12-25,0,1.1062
prebreak,600859,2014-11-27,S,S,A,C,S,S,A,12.1349,12.14,11.52,0.62,,0,0.0,0.0,,0,0.0,0,0.0,0.0,,0,0.0,0,0.0,0.0,,0,0.0
prebreak,600362,2014-11-28,S,S,A,C,S,S,A,12.4965,11.81,11.29,0.52,,0,0.0,0.0,,0,0.0,0,0.0,0.0,,0,0.0,0,0.0,0.0,,0,0.0
prebreak,601601,2014-11-28,S,S,A,C,S,S,A,16.21,13.52,13.01,0.51,,1,13.52,17.9305,2014-12-05,0,8.6224,1,13.52,16.4923,2014-12-12,0,5.8041,1,13.52,20.1079,2014-12-26,0,12.8892
prebreak,002106,2014-12-01,S,S,A,C,S,S,A,11.2275,11.76,11.16,0.6,,1,11.76,12.4973,2014-12-08,0,1.2131,1,11.76,12.6277,2014-12-15,0,1.4304,1,11.76,11.16,2014-12-23,1,-1.0143
prebreak,002186,2014-12-01,S,S,A,C,S,S,A,18.5371,19.41,18.43,0.98,,0,0.0,0.0,,0,0.0,0,0.0,0.0,,0,0.0,0,0.0,0.0,,0,0.0
prebreak,600729,2014-12-01,S,S,A,C,S,S,A,13.2192,12.94,12.43,0.51,,0,0.0,0.0,,0,0.0,0,0.0,0.0,,0,0.0,0,0.0,0.0,,0,0.0
prebreak,000869,2014-12-02,S,S,A,C,S,S,A,25.5879,25.16,24.04,1.12,,1,25.16,26.7687,2014-12-09,0,1.4184,1,25.16,28.1907,2014-12-16,0,2.6872,1,25.16,28.8726,2014-12-30,0,3.2957
prebreak,002344,2014-12-02,S,S,A,C,S,S,A,13.0758,12.96,12.31,0.65,,0,0.0,0.0,,0,0.0,0,0.0,0.0,,0,0.0,0,0.0,0.0,,0,0.0
prebreak,300257,2014-12-02,S,S,A,C,S,S,A,16.6997,16.36,15.65,0.71,,0,0.0,0.0,,0,0.0,0,0.0,0.0,,0,0.0,0,0.0,0.0,,0,0.0
prebreak,000669,2014-12-03,S,S,A,C,S,S,A,16.7898,15.31,14.65,0.66,,0,0.0,0.0,,0,0.0,0,0.0,0.0,,0,0.0,0,0.0,0.0,,0,0.0
prebreak,002304,2014-12-03,S,S,A,C,S,S,A,33.4318,31.24,29.8,1.44,,1,31.24,35.3875,2014-12-10,0,2.8619,1,31.24,33.837,2014-12-17,0,1.7858,1,31.24,39.539,2014-12-31,0,5.7431
prebreak,300171,2014-12-03,S,S,A,C,S,S,A,11.542,12.08,11.53,0.55,,0,0.0,0.0,,0,0.0,0,0.0,0.0,,0,0.0,0,0.0,0.0,,0,0.0
prebreak,600805,2014-12-03,S,S,A,C,S,S,A,10.9583,10.89,10.33,0.56,,1,10.89,11.4599,2014-12-10,0,1.0022,1,10.89,11.4883,2014-12-17,0,1.0529,1,10.89,10.6934,2014-12-31,0,-0.3657
prebreak,600831,2014-12-03,S,S,A,C,S,S,A,9.6705,9.59,9.09,0.5,,1,9.59,9.09,2014-12-05,1,-1.0139,1,9.59,9.09,2014-12-05,1,-1.0139,1,9.59,9.09,2014-12-05,1,-1.0139
prebreak,601799,2014-12-03,S,S,A,C,S,S,A,18.2992,18.78,17.79,0.99,,0,0.0,0.0,,0,0.0,0,0.0,0.0,,0,0.0,0,0.0,0.0,,0,0.0
prebreak,600292,2014-12-04,S,S,A,C,S,S,A,16.8564,17.1,16.22,0.88,,0,0.0,0.0,,0,0.0,0,0.0,0.0,,0,0.0,0,0.0,0.0,,0,0.0
prebreak,002106,2014-12-08,S,S,A,C,S,S,A,12.4973,11.76,11.16,0.6,,1,11.76,12.6277,2014-12-15,0,1.4304,1,11.76,11.3058,2014-12-22,0,-0.7714,1,11.76,11.16,2014-12-23,1,-1.0143
prebreak,002186,2014-12-08,S,S,A,C,S,S,A,18.35,19.44,18.41,1.03,,0,0.0,0.0,,0,0.0,0,0.0,0.0,,0,0.0,0,0.0,0.0,,0,0.0
prebreak,600329,2014-12-08,S,S,A,C,S,S,A,10.999,11.54,10.96,0.58,,1,11.54,11.581,2014-12-15,0,0.0555,1,11.54,11.3409,2014-12-17,0,-0.3581,1,11.54,11.3409,2014-12-17,0,-0.3581
prebreak,000669,2014-12-10,S,S,A,C,S,S,A,16.8458,15.31,14.65,0.66,,0,0.0,0.0,,0,0.0,0,0.0,0.0,,0,0.0,0,0.0,0.0,,0,0.0
prebreak,000701,2014-12-10,S,S,A,C,S,S,A,12.385,12.67,12.1,0.57,,1,12.67,13.2002,2014-12-17,0,0.9126,1,12.67,12.1,2014-12-22,1,-1.0163,1,12.67,12.1,2014-12-22,1,-1.0163
prebreak,002683,2014-12-10,S,S,A,C,S,S,A,9.0864,10.89,10.36,0.53,,0,0.0,0.0,,0,0.0,0,0.0,0.0,,0,0.0,0,0.0,0.0,,0,0.0
prebreak,300171,2014-12-10,S,S,A,C,S,S,A,11.1334,12.08,11.53,0.55,,0,0.0,0.0,,0,0.0,0,0.0,0.0,,0,0.0,0,0.0,0.0,,0,0.0
prebreak,600969,2014-12-10,S,S,A,C,S,S,A,11.29,10.81,10.29,0.52,,0,0.0,0.0,,0,0.0,0,0.0,0.0,,0,0.0,0,0.0,0.0,,0,0.0
prebreak,601799,2014-12-10,S,S,A,C,S,S,A,16.8777,18.72,17.79,0.93,,0,0.0,0.0,,0,0.0,0,0.0,0.0,,0,0.0,0,0.0,0.0,,0,0.0
prebreak,002422,2014-12-12,S,S,A,C,S,S,A,13.0388,13.31,12.8,0.51,,0,0.0,0.0,,0,0.0,0,0.0,0.0,,0,0.0,0,0.0,0.0,,0,0.0
prebreak,601888,2014-12-12,S,S,A,C,S,S,A,18.3914,17.95,17.06,0.89,,0,0.0,0.0,,0,0.0,0,0.0,0.0,,0,0.0,0,0.0,0.0,,0,0.0
prebreak,002186,2014-12-15,S,S,A,C,S,S,A,18.4716,18.65,17.85,0.8,,0,0.0,0.0,,0,0.0,0,0.0,0.0,,0,0.0,0,0.0,0.0,,0,0.0
prebreak,603001,2014-12-15,S,S,A,C,S,S,A,12.654,12.02,11.51,0.51,,0,0.0,0.0,,0,0.0,0,0.0,0.0,,0,0.0,0,0.0,0.0,,0,0.0
prebreak,000915,2014-12-16,S,S,A,C,S,S,A,17.0897,17.19,16.37,0.82,,0,0.0,0.0,,0,0.0,0,0.0,0.0,,0,0.0,0,0.0,0.0,,0,0.0
prebreak,002140,2014-12-16,S,S,A,C,S,S,A,13.28,14.14,13.44,0.7,,0,0.0,0.0,,0,0.0,0,0.0,0.0,,0,0.0,0,0.0,0.0,,0,0.0
prebreak,002653,2014-12-16,S,S,A,C,S,S,A,16.4185,17.4,16.51,0.89,,0,0.0,0.0,,0,0.0,0,0.0,0.0,,0,0.0,1,17.4,16.51,2015-01-15,1,-1.0142
prebreak,600697,2014-12-16,S,S,A,C,S,S,A,18.3729,17.5,16.63,0.87,,0,0.0,0.0,,0,0.0,0,0.0,0.0,,0,0.0,0,0.0,0.0,,0,0.0
prebreak,000823,2014-12-18,S,S,A,C,S,S,A,10.728,10.87,10.3,0.57,,0,0.0,0.0,,0,0.0,0,0.0,0.0,,0,0.0,0,0.0,0.0,,0,0.0
prebreak,002422,2014-12-19,S,S,A,C,S,S,A,11.6095,13.31,12.8,0.51,,0,0.0,0.0,,0,0.0,0,0.0,0.0,,0,0.0,0,0.0,0.0,,0,0.0
prebreak,600835,2014-12-19,S,S,A,C,S,S,A,14.105,13.74,13.08,0.66,,0,0.0,0.0,,0,0.0,0,0.0,0.0,,0,0.0,0,0.0,0.0,,0,0.0
prebreak,601888,2014-12-19,S,S,A,C,S,S,A,19.0974,17.95,17.06,0.89,,0,0.0,0.0,,0,0.0,0,0.0,0.0,,0,0.0,0,0.0,0.0,,0,0.0
prebreak,000701,2014-12-24,S,S,A,C,S,S,A,11.9234,12.67,12.1,0.57,,0,0.0,0.0,,0,0.0,0,0.0,0.0,,0,0.0,0,0.0,0.0,,0,0.0
prebreak,300171,2014-12-24,S,S,A,C,S,S,A,10.5872,12.08,11.53,0.55,,0,0.0,0.0,,0,0.0,0,0.0,0.0,,0,0.0,0,0.0,0.0,,0,0.0
prebreak,600638,2014-12-25,S,S,A,C,S,S,A,10.6668,10.81,10.26,0.55,,0,0.0,0.0,,0,0.0,0,0.0,0.0,,0,0.0,0,0.0,0.0,,0,0.0
prebreak,002362,2014-12-26,S,S,A,C,S,S,A,17.01,19.61,18.66,0.95,,0,0.0,0.0,,0,0.0,0,0.0,0.0,,0,0.0,0,0.0,0.0,,0,0.0
prebreak,002422,2014-12-26,S,S,A,C,S,S,A,12.0637,12.23,11.61,0.62,,0,0.0,0.0,,0,0.0,0,0.0,0.0,,0,0.0,0,0.0,0.0,,0,0.0
prebreak,000701,2014-12-31,S,S,A,C,S,S,A,11.7466,12.1,11.59,0.51,,0,0.0,0.0,,0,0.0,0,0.0,0.0,,0,0.0,0,0.0,0.0,,0,0.0
prebreak,002038,2015-01-05,S,S,A,C,S,S,A,15.9656,16.01,15.25,0.76,,1,16.01,16.0688,2015-01-08,0,0.0613,1,16.01,16.0688,2015-01-08,0,0.0613,1,16.01,16.0688,2015-01-08,0,0.0613
prebreak,000581,2015-01-06,S,S,A,C,S,S,A,16.7984,16.68,15.87,0.81,,0,0.0,0.0,,0,0.0,0,0.0,0.0,,0,0.0,0,0.0,0.0,,0,0.0
prebreak,000919,2015-01-06,S,S,A,C,S,S,A,11.5277,12.21,11.61,0.6,,0,0.0,0.0,,0,0.0,0,0.0,0.0,,0,0.0,0,0.0,0.0,,0,0.0
prebreak,002275,2015-01-06,S,S,A,C,S,S,A,12.7268,12.36,11.77,0.59,,0,0.0,0.0,,0,0.0,0,0.0,0.0,,0,0.0,0,0.0,0.0,,0,0.0
prebreak,002294,2015-01-06,S,S,A,C,S,S,A,18.9387,18.28,17.55,0.73,,0,0.0,0.0,,0,0.0,0,0.0,0.0,,0,0.0,0,0.0,0.0,,0,0.0
prebreak,002422,2015-01-06,S,S,A,C,S,S,A,12.9304,12.31,11.74,0.57,,0,0.0,0.0,,0,0.0,0,0.0,0.0,,0,0.0,0,0.0,0.0,,0,0.0
prebreak,000929,2015-01-07,S,S,A,C,S,S,A,10.5987,10.67,10.12,0.55,,1,10.67,10.2703,2015-01-12,0,-0.741,1,10.67,10.2703,2015-01-12,0,-0.741,1,10.67,10.2703,2015-01-12,0,-0.741
prebreak,002186,2015-01-07,S,S,A,C,S,S,A,17.9385,18.36,17.57,0.79,,0,0.0,0.0,,0,0.0,0,0.0,0.0,,0,0.0,1,18.36,18.4248,2015-01-28,0,0.0643
prebreak,002393,2015-01-07,S,S,A,C,S,S,A,16.3358,16.58,16.01,0.57,,0,0.0,0.0,,0,0.0,0,0.0,0.0,,0,0.0,0,0.0,0.0,,0,0.0
prebreak,600132,2015-01-07,S,S,A,C,S,S,A,12.3712,12.41,11.76,0.65,,0,0.0,0.0,,0,0.0,0,0.0,0.0,,0,0.0,0,0.0,0.0,,0,0.0
prebreak,000581,2015-01-13,S,S,A,C,S,S,A,18.3542,16.68,15.87,0.81,,0,0.0,0.0,,0,0.0,0,0.0,0.0,,0,0.0,0,0.0,0.0,,0,0.0
prebreak,002294,2015-01-13,S,S,A,C,S,S,A,19.2063,18.28,17.55,0.73,,0,0.0,0.0,,0,0.0,0,0.0,0.0,,0,0.0,0,0.0,0.0,,0,0.0
prebreak,000929,2015-01-14,S,S,A,C,S,S,A,10.0116,10.67,10.12,0.55,,0,0.0,0.0,,0,0.0,1,10.67,11.6437,2015-01-28,0,1.7545,1,10.67,11.365,2015-02-11,0,1.2481
prebreak,600132,2015-01-14,S,S,A,C,S,S,A,12.1559,12.52,11.99,0.53,,0,0.0,0.0,,0,0.0,0,0.0,0.0,,0,0.0,0,0.0,0.0,,0,0.0
prebreak,601808,2015-01-14,S,S,A,C,S,S,A,16.8326,16.59,15.78,0.81,,0,0.0,0.0,,0,0.0,0,0.0,0.0,,0,0.0,0,0.0,0.0,,0,0.0
prebreak,000553,2015-01-15,S,S,A,C,S,S,A,13.0688,13.43,12.8,0.63,,0,0.0,0.0,,0,0.0,0,0.0,0.0,,0,0.0,0,0.0,0.0,,0,0.0
prebreak,000915,2015-01-15,S,S,A,C,S,S,A,14.9287,15.22,14.58,0.64,,0,0.0,0.0,,0,0.0,0,0.0,0.0,,0,0.0,0,0.0,0.0,,0,0.0
prebreak,600594,2015-01-15,S,S,A,C,S,S,A,15.369,14.46,13.72,0.74,,0,0.0,0.0,,0,0.0,0,0.0,0.0,,0,0.0,0,0.0,0.0,,0,0.0
prebreak,600138,2015-01-16,S,S,A,C,S,S,A,16.1847,15.83,15.12,0.71,,1,15.83,16.7428,2015-01-23,0,1.2678,1,15.83,16.2982,2015-01-30,0,0.642,1,15.83,16.459,2015-02-13,0,0.8684
prebreak,002041,2015-01-20,S,S,A,C,S,S,A,13.3441,13.11,12.51,0.6,,0,0.0,0.0,,0,0.0,0,0.0,0.0,,0,0.0,0,0.0,0.0,,0,0.0
prebreak,600597,2015-01-20,S,S,A,C,S,S,A,15.0661,14.79,14.11,0.68,,0,0.0,0.0,,0,0.0,0,0.0,0.0,,0,0.0,0,0.0,0.0,,0,0.0
prebreak,000049,2015-01-21,S,S,A,C,S,S,A,19.4304,18.12,17.2,0.92,,1,18.12,20.7721,2015-01-28,0,2.8659,1,18.12,19.5408,2015-02-04,0,1.5284,1,18.12,21.2249,2015-02-25,0,3.3578
prebreak,000513,2015-01-21,S,S,A,C,S,S,A,12.5781,13.05,12.37,0.68,,0,0.0,0.0,,0,0.0,0,0.0,0.0,,0,0.0,0,0.0,0.0,,0,0.0
prebreak,600389,2015-01-21,S,S,A,C,S,S,A,10.4677,10.1,9.59,0.51,,0,0.0,0.0,,0,0.0,0,0.0,0.0,,0,0.0,0,0.0,0.0,,0,0.0
prebreak,000553,2015-01-22,S,S,A,C,S,S,A,13.5737,13.31,12.71,0.6,,0,0.0,0.0,,0,0.0,0,0.0,0.0,,0,0.0,0,0.0,0.0,,0,0.0
prebreak,000915,2015-01-22,S,S,A,C,S,S,A,15.6398,15.22,14.44,0.78,,0,0.0,0.0,,0,0.0,0,0.0,0.0,,0,0.0,0,0.0,0.0,,0,0.0
prebreak,600138,2015-01-23,S,S,A,C,S,S,A,16.7428,15.83,15.12,0.71,,0,0.0,0.0,,0,0.0,0,0.0,0.0,,0,0.0,0,0.0,0.0,,0,0.0
prebreak,002038,2015-01-26,S,S,A,C,S,S,A,16.902,16.57,15.84,0.73,,0,0.0,0.0,,0,0.0,0,0.0,0.0,,0,0.0,0,0.0,0.0,,0,0.0
prebreak,600097,2015-01-26,S,S,A,C,S,S,A,13.4397,12.05,11.48,0.57,,1,12.05,13.1364,2015-01-29,0,1.8888,1,12.05,13.1364,2015-01-29,0,1.8888,1,12.05,13.1364,2015-01-29,0,1.8888
prebreak,600315,2015-01-26,S,S,A,C,S,S,A,35.0707,31.15,29.79,1.36,,0,0.0,0.0,,0,0.0,0,0.0,0.0,,0,0.0,0,0.0,0.0,,0,0.0
prebreak,000581,2015-01-27,S,S,A,C,S,S,A,18.1144,16.68,15.87,0.81,,0,0.0,0.0,,0,0.0,0,0.0,0.0,,0,0.0,0,0.0,0.0,,0,0.0
prebreak,002008,2015-01-27,S,S,A,C,S,S,A,15.805,16.34,15.51,0.83,,0,0.0,0.0,,0,0.0,1,16.34,15.51,2015-02-06,1,-1.0143,1,16.34,15.51,2015-02-06,1,-1.0143
prebreak,002422,2015-01-27,S,S,A,C,S,S,A,13.7389,12.31,11.74,0.57,,1,12.31,14.0847,2015-02-03,0,3.0952,1,12.31,13.2305,2015-02-10,0,1.5974,1,12.31,14.8306,2015-03-03,0,4.403
prebreak,000553,2015-01-29,S,S,A,C,S,S,A,13.4086,14.06,13.34,0.72,,1,14.06,13.34,2015-02-05,1,-1.0142,1,14.06,13.34,2015-02-05,1,-1.0142,1,14.06,13.34,2015-02-05,1,-1.0142
prebreak,002041,2015-02-03,S,S,A,C,S,S,A,12.9137,13.8,13.1,0.7,,0,0.0,0.0,,0,0.0,0,0.0,0.0,,0,0.0,0,0.0,0.0,,0,0.0
prebreak,600983,2015-02-03,S,S,A,C,S,S,A,10.375,10.73,10.22,0.51,,0,0.0,0.0,,0,0.0,0,0.0,0.0,,0,0.0,1,10.73,10.22,2015-03-09,1,-1.0154
prebreak,000423,2015-02-09,S,S,A,C,S,S,A,27.7975,29.52,28.05,1.47,,0,0.0,0.0,,0,0.0,0,0.0,0.0,,0,0.0,1,29.52,28.7952,2015-03-06,0,-0.508
prebreak,002038,2015-02-09,S,S,A,C,S,S,A,15.8744,16.81,16.2,0.61,,0,0.0,0.0,,0,0.0,1,16.81,16.8266,2015-02-27,0,0.0062,1,16.81,16.8266,2015-02-27,0,0.0062
prebreak,600436,2015-02-09,S,S,A,C,S,S,A,25.3135,22.3,21.4,0.9,,0,0.0,0.0,,0,0.0,0,0.0,0.0,,0,0.0,0,0.0,0.0,,0,0.0
prebreak,000581,2015-02-10,S,S,A,C,S,S,A,16.5644,17.28,16.54,0.74,,0,0.0,0.0,,0,0.0,0,0.0,0.0,,0,0.0,0,0.0,0.0,,0,0.0
prebreak,000919,2015-02-10,S,S,A,C,S,S,A,11.0491,11.99,11.39,0.6,,0,0.0,0.0,,0,0.0,1,11.99,11.9073,2015-03-03,0,-0.1529,1,11.99,12.9388,2015-03-17,0,1.5651
prebreak,600847,2015-02-10,S,S,A,C,S,S,A,15.72,16.2,15.41,0.79,,1,16.2,17.89,2015-02-17,0,2.1223,1,16.2,17.68,2015-03-03,0,1.8567,1,16.2,20.2,2015-03-17,0,5.0445
prebreak,600983,2015-02-10,S,S,A,C,S,S,A,9.7227,10.73,10.22,0.51,,0,0.0,0.0,,0,0.0,0,0.0,0.0,,0,0.0,1,10.73,10.22,2015-03-09,1,-1.0154
prebreak,000513,2015-02-11,S,S,A,C,S,S,A,12.1071,12.72,12.13,0.59,,0,0.0,0.0,,0,0.0,1,12.72,12.6382,2015-03-03,0,-0.1549,1,12.72,12.6382,2015-03-03,0,-0.1549
prebreak,000553,2015-02-12,S,S,A,C,S,S,A,13.3406,13.49,12.84,0.65,,0,0.0,0.0,,0,0.0,0,0.0,0.0,,0,0.0,0,0.0,0.0,,0,0.0
prebreak,000999,2015-02-12,S,S,A,C,S,S,A,11.3561,11.48,10.93,0.55,,0,0.0,0.0,,0,0.0,0,0.0,0.0,,0,0.0,0,0.0,0.0,,0,0.0
prebreak,002140,2015-02-12,S,S,A,C,S,S,A,13.7802,13.92,13.4,0.52,,0,0.0,0.0,,0,0.0,0,0.0,0.0,,0,0.0,0,0.0,0.0,,0,0.0
prebreak,000917,2015-02-13,S,S,A,C,S,S,A,17.2858,17.09,16.22,0.87,,1,17.09,19.7718,2015-02-27,0,3.0657,1,17.09,19.6165,2015-03-06,0,2.8872,1,17.09,22.3259,2015-03-20,0,5.9995
prebreak,000963,2015-02-13,S,S,A,C,S,S,A,12.1864,12.93,12.31,0.62,,0,0.0,0.0,,0,0.0,1,12.93,12.6138,2015-03-06,0,-0.5255,1,12.93,12.6138,2015-03-06,0,-0.5255
prebreak,002574,2015-02-13,S,S,A,C,S,S,A,10.6508,10.76,10.19,0.57,,0,0.0,0.0,,0,0.0,0,0.0,0.0,,0,0.0,0,0.0,0.0,,0,0.0
prebreak,600062,2015-02-13,S,S,A,C,S,S,A,13.6701,12.79,12.2,0.59,,1,12.79,13.8276,2015-02-27,0,1.7411,1,12.79,14.3508,2015-03-06,0,2.6273,1,12.79,16.0272,2015-04-27,0,5.4669
prebreak,600557,2015-02-13,S,S,A,C,S,S,A,18.6373,19.5,18.71,0.79,,0,0.0,0.0,,0,0.0,1,19.5,19.6409,2015-03-06,0,0.1595,1,19.5,20.6445,2015-03-20,0,1.4291
prebreak,600315,2015-02-16,S,S,A,C,S,S,A,33.8711,34.26,32.64,1.62,,0,0.0,0.0,,0,0.0,0,0.0,0.0,,0,0.0,0,0.0,0.0,,0,0.0
prebreak,000919,2015-02-17,S,S,A,C,S,S,A,11.668,11.99,11.39,0.6,,1,11.99,11.9073,2015-03-03,0,-0.1529,1,11.99,13.3596,2015-03-10,0,2.2661,1,11.99,15.043,2015-03-24,0,5.0699
prebreak,002294,2015-02-17,S,S,A,C,S,S,A,18.7822,19.04,18.25,0.79,,0,0.0,0.0,,0,0.0,0,0.0,0.0,,0,0.0,0,0.0,0.0,,0,0.0
prebreak,600847,2015-02-17,S,S,A,C,S,S,A,17.89,16.2,15.41,0.79,,0,0.0,0.0,,0,0.0,0,0.0,0.0,,0,0.0,0,0.0,0.0,,0,0.0
prebreak,600563,2015-02-25,S,S,A,C,S,S,A,25.7649,24.82,23.6,1.22,,0,0.0,0.0,,0,0.0,0,0.0,0.0,,0,0.0,0,0.0,0.0,,0,0.0
prebreak,000028,2015-02-26,S,S,A,C,S,S,A,30.3272,30.5,28.92,1.58,,1,30.5,30.6197,2015-03-05,0,0.0611,1,30.5,30.4705,2015-03-12,0,-0.0334,1,30.5,34.7637,2015-03-26,0,2.6822
prebreak,000999,2015-02-26,S,S,A,C,S,S,A,11.4223,11.77,11.27,0.5,,1,11.77,11.3939,2015-03-05,0,-0.7696,1,11.77,11.27,2015-03-06,1,-1.0173,1,11.77,11.27,2015-03-06,1,-1.0173
prebreak,002140,2015-02-26,S,S,A,C,S,S,A,14.1923,14.26,13.75,0.51,,0,0.0,0.0,,0,0.0,0,0.0,0.0,,0,0.0,0,0.0,0.0,,0,0.0
prebreak,600054,2015-02-26,S,S,A,C,S,S,A,9.6365,9.97,9.46,0.51,,1,9.97,10.0017,2015-03-05,0,0.0473,1,9.97,9.984,2015-03-06,0,0.0126,1,9.97,9.984,2015-03-06,0,0.0126
prebreak,600196,2015-02-26,S,S,A,C,S,S,A,19.6603,19.22,18.35,0.87,,0,0.0,0.0,,0,0.0,0,0.0,0.0,,0,0.0,0,0.0,0.0,,0,0.0
prebreak,000917,2015-02-27,S,S,A,C,S,S,A,19.7718,17.09,16.22,0.87,,0,0.0,0.0,,0,0.0,0,0.0,0.0,,0,0.0,0,0.0,0.0,,0,0.0
prebreak,000963,2015-02-27,S,S,A,C,S,S,A,12.4667,12.57,11.96,0.61,,1,12.57,12.6138,2015-03-06,0,0.0562,1,12.57,12.6138,2015-03-06,0,0.0562,1,12.57,12.6138,2015-03-06,0,0.0562
prebreak,600557,2015-02-27,S,S,A,C,S,S,A,19.0842,19.25,18.5,0.75,,1,19.25,19.6409,2015-03-06,0,0.5014,1,19.25,20.0487,2015-03-13,0,1.0447,1,19.25,20.8876,2015-03-27,0,2.1626
prebreak,000028,2015-03-05,S,S,A,C,S,S,A,30.6197,30.4,29.2,1.2,,0,0.0,0.0,,0,0.0,0,0.0,0.0,,0,0.0,0,0.0,0.0,,0,0.0
prebreak,600557,2015-03-06,S,S,A,C,S,S,A,19.6409,19.38,18.5,0.88,,0,0.0,0.0,,0,0.0,0,0.0,0.0,,0,0.0,0,0.0,0.0,,0,0.0
prebreak,002457,2015-03-09,S,S,A,C,S,S,A,9.9403,10.04,9.52,0.52,,0,0.0,0.0,,0,0.0,0,0.0,0.0,,0,0.0,0,0.0,0.0,,0,0.0
prebreak,600315,2015-03-09,S,S,A,C,S,S,A,34.7241,34.33,32.68,1.65,,1,34.33,36.208,2015-03-12,0,1.1216,1,34.33,36.208,2015-03-12,0,1.1216,1,34.33,36.208,2015-03-12,0,1.1216
prebreak,000919,2015-03-10,S,S,A,C,S,S,A,13.3596,11.84,11.3,0.54,,0,0.0,0.0,,0,0.0,0,0.0,0.0,,0,0.0,0,0.0,0.0,,0,0.0
prebreak,600835,2015-03-10,S,S,A,C,S,S,A,18.1449,18.1,17.22,0.88,,0,0.0,0.0,,0,0.0,0,0.0,0.0,,0,0.0,0,0.0,0.0,,0,0.0
prebreak,002186,2015-03-11,S,S,A,C,S,S,A,18.8738,19.47,18.62,0.85,,1,19.47,20.0616,2015-03-18,0,0.6781,1,19.47,22.1191,2015-03-25,0,3.0973,1,19.47,22.0537,2015-04-09,0,3.0203
prebreak,000553,2015-03-12,S,S,A,C,S,S,A,14.0688,14.07,13.4,0.67,,0,0.0,0.0,,0,0.0,0,0.0,0.0,,0,0.0,0,0.0,0.0,,0,0.0
prebreak,002140,2015-03-12,S,S,A,C,S,S,A,14.7146,14.86,14.11,0.75,,1,14.86,15.5019,2015-03-19,0,0.8402,1,14.86,16.2965,2015-03-26,0,1.899,1,14.86,16.7305,2015-04-10,0,2.4774
prebreak,000963,2015-03-13,S,S,A,C,S,S,A,13.5038,13.02,12.36,0.66,,1,13.02,14.8119,2015-03-20,0,2.6983,1,13.02,14.4685,2015-03-27,0,2.1784,1,13.02,16.3863,2015-04-13,0,5.0823
prebreak,600785,2015-03-13,S,S,A,C,S,S,A,11.3666,10.57,10.07,0.5,,0,0.0,0.0,,0,0.0,0,0.0,0.0,,0,0.0,0,0.0,0.0,,0,0.0
prebreak,002186,2015-03-18,S,S,A,C,S,S,A,20.0616,19.67,18.69,0.98,,0,0.0,0.0,,0,0.0,0,0.0,0.0,,0,0.0,0,0.0,0.0,,0,0.0
prebreak,000028,2015-03-19,S,S,A,C,S,S,A,32.8768,31.5,30.11,1.39,,0,0.0,0.0,,0,0.0,0,0.0,0.0,,0,0.0,0,0.0,0.0,,0,0.0
prebreak,000553,2015-03-19,S,S,A,C,S,S,A,15.098,14.07,13.4,0.67,,0,0.0,0.0,,0,0.0,0,0.0,0.0,,0,0.0,0,0.0,0.0,,0,0.0
prebreak,000869,2015-03-19,S,S,A,C,S,S,A,30.0868,29.83,28.63,1.2,,1,29.83,32.5399,2015-03-26,0,2.238,1,29.83,33.1886,2015-04-02,0,2.7782,1,29.83,37.5877,2015-04-17,0,6.4418
prebreak,002200,2015-03-19,S,S,A,C,S,S,A,19.63,19.23,18.41,0.82,,0,0.0,0.0,,0,0.0,0,0.0,0.0,,0,0.0,0,0.0,0.0,,0,0.0
prebreak,002566,2015-03-20,S,S,A,C,S,S,A,14.455,13.95,13.3,0.65,,1,13.95,14.9279,2015-03-27,0,1.4872,1,13.95,15.9014,2015-04-03,0,2.984,1,13.95,15.7253,2015-04-20,0,2.7132
prebreak,600859,2015-03-23,S,S,A,C,S,S,A,15.2531,14.39,13.68,0.71,,1,14.39,15.8908,2015-03-30,0,2.0971,1,14.39,18.3395,2015-04-07,0,5.5437,1,14.39,18.0589,2015-04-21,0,5.1488
prebreak,000028,2015-03-26,S,S,A,C,S,S,A,34.7637,31.5,30.11,1.39,,0,0.0,0.0,,0,0.0,0,0.0,0.0,,0,0.0,0,0.0,0.0,,0,0.0
prebreak,000869,2015-03-26,S,S,A,C,S,S,A,32.5399,30.83,29.79,1.04,,1,30.83,33.1886,2015-04-02,0,2.2439,1,30.83,38.0949,2015-04-10,0,6.9586,1,30.83,37.9369,2015-04-24,0,6.8067
prebreak,000823,2015-03-30,S,S,A,C,S,S,A,12.6264,11.18,10.6,0.58,,1,11.18,13.3946,2015-04-07,0,3.8012,1,11.18,13.1827,2015-04-14,0,3.436,1,11.18,12.7942,2015-04-28,0,2.7666
prebreak,002041,2015-03-31,S,S,A,C,S,S,A,16.1354,13.5,12.91,0.59,,1,13.5,17.3682,2015-04-08,0,6.5348,1,13.5,16.2439,2015-04-15,0,4.6304,1,13.5,16.9301,2015-04-29,0,5.7927
prebreak,000538,2015-04-02,S,S,A,C,S,S,A,35.8538,36.45,34.64,1.81,,1,36.45,35.7328,2015-04-09,0,-0.4113,1,36.45,35.7328,2015-04-09,0,-0.4113,1,36.45,35.7328,2015-04-09,0,-0.4113
prebreak,002200,2015-04-02,S,S,A,C,S,S,A,21.68,20.34,19.26,1.08,,0,0.0,0.0,,0,0.0,0,0.0,0.0,,0,0.0,0,0.0,0.0,,0,0.0
prebreak,600182,2015-04-02,S,S,A,C,S,S,A,16.3121,14.48,13.79,0.69,,0,0.0,0.0,,0,0.0,0,0.0,0.0,,0,0.0,0,0.0,0.0,,0,0.0
prebreak,000538,2015-04-10,S,S,A,C,S,S,A,36.3906,36.45,34.75,1.7,,0,0.0,0.0,,0,0.0,0,0.0,0.0,,0,0.0,0,0.0,0.0,,0,0.0
prebreak,000538,2015-04-17,S,S,A,C,S,S,A,37.6799,36.45,34.75,1.7,,0,0.0,0.0,,0,0.0,0,0.0,0.0,,0,0.0,0,0.0,0.0,,0,0.0
prebreak,000553,2015-04-17,S,S,A,C,S,S,A,15.3213,16.24,15.52,0.72,,0,0.0,0.0,,0,0.0,0,0.0,0.0,,0,0.0,0,0.0,0.0,,0,0.0
prebreak,600535,2015-04-30,S,S,A,C,S,S,A,26.8952,28.51,27.17,1.34,,0,0.0,0.0,,0,0.0,0,0.0,0.0,,0,0.0,1,28.51,31.2219,2015-05-29,0,2.0064
prebreak,000553,2015-05-04,S,S,A,C,S,S,A,15.0943,15.98,15.23,0.75,,0,0.0,0.0,,0,0.0,0,0.0,0.0,,0,0.0,1,15.98,17.4879,2015-06-01,0,1.993
prebreak,000553,2015-05-18,S,S,A,C,S,S,A,14.4983,14.78,14.12,0.66,,0,0.0,0.0,,0,0.0,0,0.0,0.0,,0,0.0,0,0.0,0.0,,0,0.0
prebreak,000553,2015-05-25,S,S,A,C,S,S,A,18.162,14.78,14.12,0.66,,1,14.78,16.7649,2015-05-28,0,2.9885,1,14.78,16.7649,2015-05-28,0,2.9885,1,14.78,16.7649,2015-05-28,0,2.9885
prebreak,002304,2016-06-08,S,S,A,C,S,S,A,52.0107,48.94,46.99,1.95,,0,0.0,0.0,,0,0.0,0,0.0,0.0,,0,0.0,0,0.0,0.0,,0,0.0
prebreak,601877,2016-08-29,S,S,A,C,S,S,A,16.6409,17.02,16.36,0.66,,1,17.02,19.0432,2016-09-13,0,3.0439,1,17.02,19.0029,2016-09-22,0,2.9829,1,17.02,18.3988,2016-10-13,0,2.0681
prebreak,600059,2016-09-06,S,S,A,C,S,S,A,9.5918,9.97,9.47,0.5,,0,0.0,0.0,,0,0.0,0,0.0,0.0,,0,0.0,0,0.0,0.0,,0,0.0
prebreak,002734,2016-09-21,S,S,A,C,S,S,A,11.8171,12.0,11.5,0.5,,0,0.0,0.0,,0,0.0,0,0.0,0.0,,0,0.0,0,0.0,0.0,,0,0.0
prebreak,600566,2016-09-28,S,S,A,C,S,S,A,20.1432,20.29,19.44,0.85,,1,20.29,21.6508,2016-10-12,0,1.5818,1,20.29,22.2902,2016-10-19,0,2.3335,1,20.29,23.2324,2016-11-02,0,3.4413
prebreak,002415,2016-09-29,S,S,A,C,S,S,A,12.9149,13.2,12.6,0.6,,0,0.0,0.0,,0,0.0,0,0.0,0.0,,0,0.0,0,0.0,0.0,,0,0.0
prebreak,600566,2016-10-12,S,S,A,C,S,S,A,21.6508,20.29,19.45,0.84,,0,0.0,0.0,,0,0.0,0,0.0,0.0,,0,0.0,0,0.0,0.0,,0,0.0
prebreak,002051,2016-10-13,S,S,A,C,S,S,A,15.4716,15.0,14.36,0.64,,0,0.0,0.0,,0,0.0,0,0.0,0.0,,0,0.0,0,0.0,0.0,,0,0.0
prebreak,002415,2016-10-13,S,S,A,C,S,S,A,13.4054,13.29,12.6,0.69,,0,0.0,0.0,,0,0.0,0,0.0,0.0,,0,0.0,0,0.0,0.0,,0,0.0
prebreak,002649,2016-10-14,S,S,A,C,S,S,A,11.8249,11.96,11.41,0.55,,0,0.0,0.0,,0,0.0,0,0.0,0.0,,0,0.0,1,11.96,13.916,2016-11-11,0,3.5376
prebreak,002317,2016-10-18,S,S,A,C,S,S,A,11.9913,12.06,11.54,0.52,,0,0.0,0.0,,0,0.0,0,0.0,0.0,,0,0.0,0,0.0,0.0,,0,0.0
prebreak,002415,2016-10-20,S,S,A,C,S,S,A,13.4481,13.61,13.08,0.53,,0,0.0,0.0,,0,0.0,0,0.0,0.0,,0,0.0,0,0.0,0.0,,0,0.0
prebreak,000026,2016-10-25,S,S,A,C,S,S,A,11.488,10.58,10.02,0.56,,0,0.0,0.0,,0,0.0,0,0.0,0.0,,0,0.0,0,0.0,0.0,,0,0.0
prebreak,000423,2016-10-26,S,S,A,C,S,S,A,46.0157,46.57,44.31,2.26,,0,0.0,0.0,,0,0.0,0,0.0,0.0,,0,0.0,1,46.57,44.8941,2016-11-21,0,-0.7567
prebreak,300195,2016-10-27,S,S,A,C,S,S,A,16.9374,17.58,16.67,0.91,,0,0.0,0.0,,0,0.0,0,0.0,0.0,,0,0.0,0,0.0,0.0,,0,0.0
prebreak,300118,2016-11-01,S,S,A,C,S,S,A,15.283,15.59,15.09,0.5,,0,0.0,0.0,,0,0.0,0,0.0,0.0,,0,0.0,0,0.0,0.0,,0,0.0
prebreak,000590,2016-11-03,S,S,A,C,S,S,A,21.5,21.31,20.54,0.77,,0,0.0,0.0,,0,0.0,0,0.0,0.0,,0,0.0,0,0.0,0.0,,0,0.0
prebreak,002008,2016-11-04,S,S,A,C,S,S,A,21.9167,21.64,20.68,0.96,,0,0.0,0.0,,0,0.0,0,0.0,0.0,,0,0.0,0,0.0,0.0,,0,0.0
prebreak,002649,2016-11-04,S,S,A,C,S,S,A,11.9534,11.41,10.88,0.53,,0,0.0,0.0,,0,0.0,0,0.0,0.0,,0,0.0,0,0.0,0.0,,0,0.0
prebreak,000590,2016-11-10,S,S,A,C,S,S,A,22.47,21.31,20.54,0.77,,0,0.0,0.0,,0,0.0,0,0.0,0.0,,0,0.0,0,0.0,0.0,,0,0.0
prebreak,000423,2016-11-16,S,S,A,C,S,S,A,45.3303,46.25,44.66,1.59,,1,46.25,44.8941,2016-11-21,0,-0.8743,1,46.25,44.8941,2016-11-21,0,-0.8743,1,46.25,44.8941,2016-11-21,0,-0.8743
prebreak,002773,2016-11-16,S,S,A,C,S,S,A,40.3024,39.43,37.79,1.64,,0,0.0,0.0,,0,0.0,0,0.0,0.0,,0,0.0,0,0.0,0.0,,0,0.0
prebreak,603589,2016-11-17,S,S,A,C,S,S,A,26.2889,27.35,26.08,1.27,,0,0.0,0.0,,0,0.0,0,0.0,0.0,,0,0.0,0,0.0,0.0,,0,0.0
prebreak,600529,2016-11-18,S,S,A,C,S,S,A,9.6952,9.69,9.18,0.51,,0,0.0,0.0,,0,0.0,0,0.0,0.0,,0,0.0,0,0.0,0.0,,0,0.0
prebreak,002394,2016-11-30,S,S,A,C,S,S,A,12.3444,12.39,11.86,0.53,,0,0.0,0.0,,0,0.0,0,0.0,0.0,,0,0.0,0,0.0,0.0,,0,0.0
prebreak,600323,2016-12-01,S,S,A,C,S,S,A,12.5464,13.03,12.43,0.6,,0,0.0,0.0,,0,0.0,0,0.0,0.0,,0,0.0,0,0.0,0.0,,0,0.0
prebreak,603030,2016-12-01,S,S,A,C,S,S,A,10.3725,11.02,10.45,0.57,,0,0.0,0.0,,0,0.0,0,0.0,0.0,,0,0.0,0,0.0,0.0,,0,0.0
prebreak,603168,2016-12-05,S,S,A,C,S,S,A,22.8965,24.17,23.27,0.9,,0,0.0,0.0,,0,0.0,0,0.0,0.0,,0,0.0,0,0.0,0.0,,0,0.0
prebreak,002763,2016-12-06,S,S,A,C,S,S,A,11.7923,12.75,12.25,0.5,,0,0.0,0.0,,0,0.0,0,0.0,0.0,,0,0.0,0,0.0,0.0,,0,0.0
prebreak,300291,2016-12-06,S,S,A,C,S,S,A,22.0684,23.4,22.44,0.96,,0,0.0,0.0,,0,0.0,0,0.0,0.0,,0,0.0,0,0.0,0.0,,0,0.0
prebreak,002394,2016-12-07,S,S,A,C,S,S,A,12.0443,12.39,11.86,0.53,,0,0.0,0.0,,0,0.0,0,0.0,0.0,,0,0.0,0,0.0,0.0,,0,0.0
prebreak,600660,2016-12-07,S,S,A,C,S,S,A,13.4418,13.55,12.99,0.56,,0,0.0,0.0,,0,0.0,0,0.0,0.0,,0,0.0,0,0.0,0.0,,0,0.0
prebreak,000663,2016-12-09,S,S,A,C,S,S,A,15.26,14.6,13.89,0.71,,0,0.0,0.0,,0,0.0,0,0.0,0.0,,0,0.0,0,0.0,0.0,,0,0.0
prebreak,600201,2016-12-09,S,S,A,C,S,S,A,16.9458,15.93,15.12,0.81,,0,0.0,0.0,,0,0.0,0,0.0,0.0,,0,0.0,0,0.0,0.0,,0,0.0
prebreak,600830,2016-12-09,S,S,A,C,S,S,A,11.4485,11.52,10.92,0.6,,0,0.0,0.0,,0,0.0,0,0.0,0.0,,0,0.0,1,11.52,11.8297,2017-01-09,0,0.5013
prebreak,603116,2016-12-09,S,S,A,C,S,S,A,11.6499,11.68,11.11,0.57,,0,0.0,0.0,,0,0.0,0,0.0,0.0,,0,0.0,0,0.0,0.0,,0,0.0
prebreak,000410,2016-12-13,S,S,A,C,S,S,A,13.62,14.96,14.38,0.58,,0,0.0,0.0,,0,0.0,0,0.0,0.0,,0,0.0,0,0.0,0.0,,0,0.0
prebreak,002202,2016-12-13,S,S,A,C,S,S,A,10.3575,10.7,10.17,0.53,,0,0.0,0.0,,0,0.0,0,0.0,0.0,,0,0.0,0,0.0,0.0,,0,0.0
prebreak,600156,2016-12-13,S,S,A,C,S,S,A,11.8535,11.92,11.33,0.59,,1,11.92,11.6639,2016-12-16,0,-0.4491,1,11.92,11.6639,2016-12-16,0,-0.4491,1,11.92,11.6639,2016-12-16,0,-0.4491
prebreak,600501,2016-12-14,S,S,A,C,S,S,A,17.844,18.93,18.05,0.88,,0,0.0,0.0,,0,0.0,0,0.0,0.0,,0,0.0,1,18.93,20.871,2017-01-12,0,2.1879
prebreak,300231,2016-12-15,S,S,A,C,S,S,A,13.3014,15.13,14.35,0.78,,0,0.0,0.0,,0,0.0,0,0.0,0.0,,0,0.0,0,0.0,0.0,,0,0.0
prebreak,600030,2016-12-15,S,S,A,C,S,S,A,12.3238,12.97,12.38,0.59,,0,0.0,0.0,,0,0.0,0,0.0,0.0,,0,0.0,0,0.0,0.0,,0,0.0
prebreak,603099,2016-12-15,S,S,A,C,S,S,A,20.9737,20.8,19.87,0.93,,1,20.8,20.1453,2016-12-22,0,-0.7206,1,20.8,19.87,2016-12-26,1,-1.0164,1,20.8,19.87,2016-12-26,1,-1.0164
prebreak,002321,2016-12-16,S,S,A,C,S,S,A,10.2052,10.77,10.21,0.56,,1,10.77,10.7309,2016-12-23,0,-0.0844,1,10.77,10.7309,2016-12-23,0,-0.0844,1,10.77,10.7309,2016-12-23,0,-0.0844
prebreak,600201,2016-12-16,S,S,A,C,S,S,A,16.2825,16.43,15.64,0.79,,0,0.0,0.0,,0,0.0,0,0.0,0.0,,0,0.0,0,0.0,0.0,,0,0.0
prebreak,603116,2016-12-16,S,S,A,C,S,S,A,11.2735,11.68,11.11,0.57,,0,0.0,0.0,,0,0.0,0,0.0,0.0,,0,0.0,0,0.0,0.0,,0,0.0
prebreak,300188,2016-12-20,S,S,A,C,S,S,A,12.397,14.93,14.19,0.74,,0,0.0,0.0,,0,0.0,0,0.0,0.0,,0,0.0,0,0.0,0.0,,0,0.0
prebreak,600156,2016-12-20,S,S,A,C,S,S,A,11.8435,12.06,11.53,0.53,,0,0.0,0.0,,0,0.0,0,0.0,0.0,,0,0.0,0,0.0,0.0,,0,0.0
prebreak,600774,2016-12-20,S,S,A,C,S,S,A,16.0507,16.12,15.27,0.85,,0,0.0,0.0,,0,0.0,0,0.0,0.0,,0,0.0,0,0.0,0.0,,0,0.0
prebreak,002625,2016-12-21,S,S,A,C,S,S,A,22.6675,24.31,23.35,0.96,,0,0.0,0.0,,0,0.0,0,0.0,0.0,,0,0.0,0,0.0,0.0,,0,0.0
prebreak,300115,2016-12-21,S,S,A,C,S,S,A,19.8448,20.81,19.92,0.89,,0,0.0,0.0,,0,0.0,0,0.0,0.0,,0,0.0,0,0.0,0.0,,0,0.0
prebreak,600615,2016-12-21,S,S,A,C,S,S,A,17.9424,17.44,16.54,0.9,,1,17.44,17.3679,2016-12-26,0,-0.0948,1,17.44,17.3679,2016-12-26,0,-0.0948,1,17.44,17.3679,2016-12-26,0,-0.0948
prebreak,002187,2016-12-22,S,S,A,C,S,S,A,12.0398,11.95,11.37,0.58,,0,0.0,0.0,,0,0.0,0,0.0,0.0,,0,0.0,0,0.0,0.0,,0,0.0
prebreak,002453,2016-12-22,S,S,A,C,S,S,A,10.06,10.09,9.56,0.53,,0,0.0,0.0,,0,0.0,0,0.0,0.0,,0,0.0,0,0.0,0.0,,0,0.0
prebreak,000550,2016-12-27,S,S,A,C,S,S,A,16.9424,17.45,16.58,0.87,,0,0.0,0.0,,0,0.0,0,0.0,0.0,,0,0.0,0,0.0,0.0,,0,0.0
prebreak,002117,2016-12-27,S,S,A,C,S,S,A,15.4635,15.58,14.76,0.82,,0,0.0,0.0,,0,0.0,0,0.0,0.0,,0,0.0,0,0.0,0.0,,0,0.0
prebreak,002304,2016-12-27,S,S,A,C,S,S,A,50.2437,53.02,50.56,2.46,,0,0.0,0.0,,0,0.0,0,0.0,0.0,,0,0.0,0,0.0,0.0,,0,0.0
prebreak,002598,2016-12-27,S,S,A,C,S,S,A,12.0274,12.24,11.63,0.61,,1,12.24,12.2109,2017-01-04,0,-0.063,1,12.24,12.106,2017-01-11,0,-0.2347,1,12.24,11.63,2017-01-13,1,-1.0146
prebreak,600774,2016-12-27,S,S,A,C,S,S,A,16.6159,16.12,15.27,0.85,,1,16.12,17.1961,2017-01-04,0,1.2508,1,16.12,16.7741,2017-01-11,0,0.7547,1,16.12,15.27,2017-01-16,1,-1.0138
prebreak,600865,2016-12-27,S,S,A,C,S,S,A,12.4197,11.46,10.96,0.5,,0,0.0,0.0,,0,0.0,0,0.0,0.0,,0,0.0,0,0.0,0.0,,0,0.0
prebreak,601798,2016-12-27,S,S,A,C,S,S,A,13.53,13.3,12.7,0.6,,0,0.0,0.0,,0,0.0,0,0.0,0.0,,0,0.0,0,0.0,0.0,,0,0.0
prebreak,600501,2016-12-28,S,S,A,C,S,S,A,18.3601,18.59,17.88,0.71,,1,18.59,20.9107,2017-01-05,0,3.2466,1,18.59,20.871,2017-01-12,0,3.1907,1,18.59,19.9579,2017-01-26,0,1.9055
prebreak,600615,2016-12-28,S,S,A,C,S,S,A,17.651,18.42,17.46,0.96,,0,0.0,0.0,,0,0.0,0,0.0,0.0,,0,0.0,0,0.0,0.0,,0,0.0
prebreak,000403,2016-12-29,S,S,A,C,S,S,A,13.4812,14.42,13.76,0.66,,0,0.0,0.0,,0,0.0,0,0.0,0.0,,0,0.0,0,0.0,0.0,,0,0.0
prebreak,002187,2016-12-29,S,S,A,C,S,S,A,11.914,11.95,11.37,0.58,,0,0.0,0.0,,0,0.0,0,0.0,0.0,,0,0.0,0,0.0,0.0,,0,0.0
prebreak,000828,2016-12-30,S,S,A,C,S,S,A,9.065,9.63,9.13,0.5,,0,0.0,0.0,,0,0.0,0,0.0,0.0,,0,0.0,0,0.0,0.0,,0,0.0
prebreak,002008,2016-12-30,S,S,A,C,S,S,A,20.9525,21.18,20.25,0.93,,0,0.0,0.0,,0,0.0,0,0.0,0.0,,0,0.0,0,0.0,0.0,,0,0.0
prebreak,600201,2016-12-30,S,S,A,C,S,S,A,15.7539,15.98,15.24,0.74,,0,0.0,0.0,,0,0.0,0,0.0,0.0,,0,0.0,0,0.0,0.0,,0,0.0
prebreak,600444,2016-12-30,S,S,A,C,S,S,A,20.6705,21.03,20.01,1.02,,0,0.0,0.0,,0,0.0,0,0.0,0.0,,0,0.0,0,0.0,0.0,,0,0.0
prebreak,600703,2016-12-30,S,S,A,C,S,S,A,12.5886,11.85,11.28,0.57,,1,11.85,12.9646,2017-01-09,0,1.9384,1,11.85,13.1808,2017-01-16,0,2.3176,1,11.85,13.6509,2017-02-06,0,3.1417
prebreak,600605,2017-01-03,S,S,A,C,S,S,A,16.0024,16.09,15.23,0.86,,0,0.0,0.0,,0,0.0,0,0.0,0.0,,0,0.0,0,0.0,0.0,,0,0.0
prebreak,000400,2017-01-04,S,S,A,C,S,S,A,17.3487,16.97,16.22,0.75,,0,0.0,0.0,,0,0.0,0,0.0,0.0,,0,0.0,0,0.0,0.0,,0,0.0
prebreak,000726,2017-01-04,S,S,A,C,S,S,A,9.8119,9.74,9.23,0.51,,0,0.0,0.0,,0,0.0,0,0.0,0.0,,0,0.0,0,0.0,0.0,,0,0.0
prebreak,002024,2017-01-04,S,S,A,C,S,S,A,11.4465,11.64,11.05,0.59,,0,0.0,0.0,,0,0.0,0,0.0,0.0,,0,0.0,0,0.0,0.0,,0,0.0
prebreak,002117,2017-01-04,S,S,A,C,S,S,A,14.722,15.58,14.76,0.82,,0,0.0,0.0,,0,0.0,0,0.0,0.0,,0,0.0,0,0.0,0.0,,0,0.0
prebreak,002179,2017-01-04,S,S,A,C,S,S,A,11.5415,10.92,10.4,0.52,,1,10.92,11.5893,2017-01-11,0,1.2703,1,10.92,11.3922,2017-01-18,0,0.8915,1,10.92,12.0014,2017-02-08,0,2.0623
prebreak,300188,2017-01-04,S,S,A,C,S,S,A,12.8851,13.11,12.61,0.5,,0,0.0,0.0,,0,0.0,0,0.0,0.0,,0,0.0,0,0.0,0.0,,0,0.0
prebreak,002566,2017-01-05,S,S,A,C,S,S,A,12.219,12.24,11.61,0.63,,0,0.0,0.0,,0,0.0,0,0.0,0.0,,0,0.0,0,0.0,0.0,,0,0.0
prebreak,600501,2017-01-05,S,S,A,C,S,S,A,20.9107,18.59,17.88,0.71,,1,18.59,20.871,2017-01-12,0,3.1907,1,18.59,19.4022,2017-01-19,0,1.1233,1,18.59,20.7419,2017-02-09,0,3.0091
prebreak,600615,2017-01-05,S,S,A,C,S,S,A,18.2255,18.42,17.46,0.96,,0,0.0,0.0,,0,0.0,0,0.0,0.0,,0,0.0,0,0.0,0.0,,0,0.0
prebreak,000063,2017-01-09,S,S,A,C,S,S,A,13.7223,14.86,14.2,0.66,,0,0.0,0.0,,0,0.0,0,0.0,0.0,,0,0.0,0,0.0,0.0,,0,0.0
prebreak,002008,2017-01-09,S,S,A,C,S,S,A,20.387,21.3,20.25,1.05,,0,0.0,0.0,,0,0.0,0,0.0,0.0,,0,0.0,1,21.3,21.7035,2017-02-13,0,0.3686
prebreak,600444,2017-01-09,S,S,A,C,S,S,A,21.3139,21.03,20.01,1.02,,0,0.0,0.0,,0,0.0,0,0.0,0.0,,0,0.0,0,0.0,0.0,,0,0.0
prebreak,600513,2017-01-09,S,S,A,C,S,S,A,11.8201,12.16,11.59,0.57,,0,0.0,0.0,,0,0.0,0,0.0,0.0,,0,0.0,0,0.0,0.0,,0,0.0
prebreak,600703,2017-01-09,S,S,A,C,S,S,A,12.9646,11.85,11.28,0.57,,0,0.0,0.0,,0,0.0,0,0.0,0.0,,0,0.0,0,0.0,0.0,,0,0.0
prebreak,000998,2017-01-17,S,S,A,C,S,S,A,19.0841,21.16,20.24,0.92,,0,0.0,0.0,,0,0.0,0,0.0,0.0,,0,0.0,0,0.0,0.0,,0,0.0
prebreak,600469,2017-01-17,S,S,A,C,S,S,A,9.9515,10.77,10.23,0.54,,0,0.0,0.0,,0,0.0,0,0.0,0.0,,0,0.0,0,0.0,0.0,,0,0.0
prebreak,600605,2017-01-17,S,S,A,C,S,S,A,14.5959,16.47,15.7,0.77,,0,0.0,0.0,,0,0.0,0,0.0,0.0,,0,0.0,0,0.0,0.0,,0,0.0
prebreak,002117,2017-01-18,S,S,A,C,S,S,A,12.8293,14.81,14.13,0.68,,0,0.0,0.0,,0,0.0,0,0.0,0.0,,0,0.0,0,0.0,0.0,,0,0.0
prebreak,600718,2017-01-18,S,S,A,C,S,S,A,17.4461,19.12,18.16,0.96,,0,0.0,0.0,,0,0.0,0,0.0,0.0,,0,0.0,0,0.0,0.0,,0,0.0
prebreak,600959,2017-01-18,S,S,A,C,S,S,A,9.9601,10.09,9.56,0.53,,0,0.0,0.0,,0,0.0,0,0.0,0.0,,0,0.0,0,0.0,0.0,,0,0.0
prebreak,601336,2017-01-18,S,S,A,C,S,S,A,34.4382,34.66,32.9,1.76,,0,0.0,0.0,,0,0.0,0,0.0,0.0,,0,0.0,0,0.0,0.0,,0,0.0
prebreak,000733,2017-01-20,S,S,A,C,S,S,A,16.5463,18.19,17.3,0.89,,0,0.0,0.0,,0,0.0,0,0.0,0.0,,0,0.0,0,0.0,0.0,,0,0.0
prebreak,002453,2017-01-20,S,S,A,C,S,S,A,10.75,10.65,10.12,0.53,,0,0.0,0.0,,0,0.0,0,0.0,0.0,,0,0.0,0,0.0,0.0,,0,0.0
prebreak,000063,2017-01-23,S,S,A,C,S,S,A,13.6676,13.78,13.25,0.53,,0,0.0,0.0,,0,0.0,0,0.0,0.0,,0,0.0,0,0.0,0.0,,0,0.0
prebreak,300257,2017-01-24,S,S,A,C,S,S,A,18.2328,16.72,15.87,0.85,,0,0.0,0.0,,0,0.0,0,0.0,0.0,,0,0.0,0,0.0,0.0,,0,0.0
prebreak,600605,2017-01-24,S,S,A,C,S,S,A,15.3058,16.47,15.7,0.77,,0,0.0,0.0,,0,0.0,0,0.0,0.0,,0,0.0,0,0.0,0.0,,0,0.0
prebreak,002739,2017-01-25,S,S,A,C,S,S,A,37.1992,37.99,36.08,1.91,,0,0.0,0.0,,0,0.0,0,0.0,0.0,,0,0.0,0,0.0,0.0,,0,0.0
prebreak,000561,2017-01-26,S,S,A,C,S,S,A,13.0239,12.66,12.08,0.58,,0,0.0,0.0,,0,0.0,0,0.0,0.0,,0,0.0,0,0.0,0.0,,0,0.0
prebreak,002453,2017-02-03,S,S,A,C,S,S,A,10.13,10.9,10.38,0.52,,1,10.9,10.94,2017-02-10,0,0.0609,1,10.9,10.95,2017-02-17,0,0.0802,1,10.9,10.38,2017-02-27,1,-1.0153
prebreak,300182,2017-02-03,S,S,A,C,S,S,A,9.8572,10.03,9.51,0.52,,0,0.0,0.0,,0,0.0,0,0.0,0.0,,0,0.0,0,0.0,0.0,,0,0.0
prebreak,000400,2017-02-08,S,S,A,C,S,S,A,16.6112,16.98,16.2,0.78,,1,16.98,17.0537,2017-02-15,0,0.0778,1,16.98,16.2,2017-02-17,1,-1.0159,1,16.98,16.2,2017-02-17,1,-1.0159
prebreak,000661,2017-02-08,S,S,A,C,S,S,A,51.116,51.39,49.67,1.72,,0,0.0,0.0,,0,0.0,0,0.0,0.0,,0,0.0,0,0.0,0.0,,0,0.0
prebreak,600081,2017-02-08,S,S,A,C,S,S,A,13.9126,13.78,13.24,0.54,,0,0.0,0.0,,0,0.0,0,0.0,0.0,,0,0.0,0,0.0,0.0,,0,0.0
prebreak,300084,2017-02-09,S,S,A,C,S,S,A,12.015,12.27,11.68,0.59,,0,0.0,0.0,,0,0.0,0,0.0,0.0,,0,0.0,1,12.27,12.2035,2017-03-09,0,-0.1284
prebreak,600615,2017-02-09,S,S,A,C,S,S,A,16.5686,16.18,15.54,0.64,,0,0.0,0.0,,0,0.0,0,0.0,0.0,,0,0.0,0,0.0,0.0,,0,0.0
prebreak,002188,2017-02-10,S,S,A,C,S,S,A,28.39,28.86,27.55,1.31,,0,0.0,0.0,,0,0.0,0,0.0,0.0,,0,0.0,1,28.86,28.19,2017-03-02,0,-0.5279
prebreak,002453,2017-02-10,S,S,A,C,S,S,A,10.94,10.9,10.38,0.52,,0,0.0,0.0,,0,0.0,0,0.0,0.0,,0,0.0,0,0.0,0.0,,0,0.0
prebreak,000568,2017-02-13,S,S,A,C,S,S,A,28.931,27.37,26.22,1.15,,0,0.0,0.0,,0,0.0,0,0.0,0.0,,0,0.0,0,0.0,0.0,,0,0.0
prebreak,000333,2017-02-14,S,S,A,C,S,S,A,21.556,21.77,20.71,1.06,,0,0.0,0.0,,0,0.0,0,0.0,0.0,,0,0.0,0,0.0,0.0,,0,0.0
prebreak,002462,2017-02-14,S,S,A,C,S,S,A,31.8329,33.04,31.54,1.5,,0,0.0,0.0,,0,0.0,0,0.0,0.0,,0,0.0,0,0.0,0.0,,0,0.0
prebreak,300243,2017-02-14,S,S,A,C,S,S,A,13.8034,13.01,12.41,0.6,,0,0.0,0.0,,0,0.0,0,0.0,0.0,,0,0.0,0,0.0,0.0,,0,0.0
prebreak,600526,2017-02-14,S,S,A,C,S,S,A,12.1232,12.06,11.48,0.58,,0,0.0,0.0,,0,0.0,0,0.0,0.0,,0,0.0,0,0.0,0.0,,0,0.0
prebreak,600967,2017-02-14,S,S,A,C,S,S,A,12.8807,13.12,12.42,0.7,,0,0.0,0.0,,0,0.0,0,0.0,0.0,,0,0.0,0,0.0,0.0,,0,0.0
prebreak,000568,2017-02-20,S,S,A,C,S,S,A,31.017,27.37,26.22,1.15,,0,0.0,0.0,,0,0.0,0,0.0,0.0,,0,0.0,0,0.0,0.0,,0,0.0
prebreak,002462,2017-02-21,S,S,A,C,S,S,A,31.1427,32.78,31.19,1.59,,0,0.0,0.0,,0,0.0,1,32.78,32.5315,2017-03-07,0,-0.1718,1,32.78,32.5315,2017-03-07,0,-0.1718
prebreak,300243,2017-02-21,S,S,A,C,S,S,A,13.5243,13.01,12.41,0.6,,0,0.0,0.0,,0,0.0,0,0.0,0.0,,0,0.0,0,0.0,0.0,,0,0.0
prebreak,600526,2017-02-21,S,S,A,C,S,S,A,12.4415,12.54,11.9,0.64,,1,12.54,12.3257,2017-02-28,0,-0.3495,1,12.54,12.3257,2017-03-01,0,-0.3495,1,12.54,12.3257,2017-03-01,0,-0.3495
prebreak,600967,2017-02-21,S,S,A,C,S,S,A,12.5538,12.88,12.35,0.53,,0,0.0,0.0,,0,0.0,0,0.0,0.0,,0,0.0,0,0.0,0.0,,0,0.0
prebreak,000400,2017-02-22,S,S,A,C,S,S,A,16.3807,17.24,16.49,0.75,,0,0.0,0.0,,0,0.0,0,0.0,0.0,,0,0.0,0,0.0,0.0,,0,0.0
prebreak,600081,2017-02-22,S,S,A,C,S,S,A,14.1062,14.14,13.59,0.55,,0,0.0,0.0,,0,0.0,0,0.0,0.0,,0,0.0,0,0.0,0.0,,0,0.0
prebreak,002773,2017-02-23,S,S,A,C,S,S,A,33.4935,34.83,33.53,1.3,,0,0.0,0.0,,0,0.0,0,0.0,0.0,,0,0.0,0,0.0,0.0,,0,0.0
prebreak,300124,2017-02-23,S,S,A,C,S,S,A,13.6587,13.48,12.86,0.62,,0,0.0,0.0,,0,0.0,0,0.0,0.0,,0,0.0,0,0.0,0.0,,0,0.0
prebreak,002167,2017-02-24,S,S,A,C,S,S,A,13.52,12.69,12.03,0.66,,0,0.0,0.0,,0,0.0,0,0.0,0.0,,0,0.0,0,0.0,0.0,,0,0.0
prebreak,601238,2017-02-24,S,S,A,C,S,S,A,15.3279,15.47,14.66,0.81,,1,15.47,15.4673,2017-03-03,0,-0.0178,1,15.47,15.9037,2017-03-10,0,0.5206,1,15.47,15.8916,2017-03-24,0,0.5056
prebreak,000400,2017-03-01,S,S,A,C,S,S,A,16.4453,16.83,16.25,0.58,,0,0.0,0.0,,0,0.0,0,0.0,0.0,,0,0.0,1,16.83,16.6296,2017-03-29,0,-0.3673
prebreak,600081,2017-03-01,S,S,A,C,S,S,A,13.9654,14.26,13.68,0.58,,0,0.0,0.0,,0,0.0,0,0.0,0.0,,0,0.0,0,0.0,0.0,,0,0.0
prebreak,603355,2017-03-01,S,S,A,C,S,S,A,25.8238,25.92,24.79,1.13,,0,0.0,0.0,,0,0.0,0,0.0,0.0,,0,0.0,0,0.0,0.0,,0,0.0
prebreak,000977,2017-03-06,S,S,A,C,S,S,A,17.3676,17.72,16.99,0.73,,0,0.0,0.0,,0,0.0,0,0.0,0.0,,0,0.0,0,0.0,0.0,,0,0.0
prebreak,600571,2017-03-06,S,S,A,C,S,S,A,17.092,17.31,16.52,0.79,,0,0.0,0.0,,0,0.0,0,0.0,0.0,,0,0.0,0,0.0,0.0,,0,0.0
prebreak,600775,2017-03-06,S,S,A,C,S,S,A,14.6705,14.97,14.45,0.52,,0,0.0,0.0,,0,0.0,0,0.0,0.0,,0,0.0,0,0.0,0.0,,0,0.0
prebreak,000333,2017-03-07,S,S,A,C,S,S,A,23.1855,22.8,21.83,0.97,,0,0.0,0.0,,0,0.0,0,0.0,0.0,,0,0.0,0,0.0,0.0,,0,0.0
prebreak,600668,2017-03-07,S,S,A,C,S,S,A,12.5133,12.3,11.76,0.54,,0,0.0,0.0,,0,0.0,0,0.0,0.0,,0,0.0,0,0.0,0.0,,0,0.0
prebreak,000400,2017-03-08,S,S,A,C,S,S,A,16.4084,16.68,16.06,0.62,,0,0.0,0.0,,0,0.0,0,0.0,0.0,,0,0.0,1,16.68,16.6296,2017-03-29,0,-0.1016
prebreak,002594,2017-03-08,S,S,A,C,S,S,A,16.2117,16.48,15.81,0.67,,0,0.0,0.0,,0,0.0,0,0.0,0.0,,0,0.0,0,0.0,0.0,,0,0.0
prebreak,601238,2017-03-10,S,S,A,C,S,S,A,15.9037,16.07,15.39,0.68,,0,0.0,0.0,,0,0.0,0,0.0,0.0,,0,0.0,0,0.0,0.0,,0,0.0
prebreak,000917,2017-03-13,S,S,A,C,S,S,A,13.9993,14.27,13.66,0.61,,0,0.0,0.0,,0,0.0,0,0.0,0.0,,0,0.0,0,0.0,0.0,,0,0.0
prebreak,000977,2017-03-13,S,S,A,C,S,S,A,17.2196,17.71,17.0,0.71,,0,0.0,0.0,,0,0.0,0,0.0,0.0,,0,0.0,0,0.0,0.0,,0,0.0
prebreak,002009,2017-03-13,S,S,A,C,S,S,A,14.4439,14.65,14.1,0.55,,1,14.65,14.4439,2017-03-20,0,-0.3947,1,14.65,14.4536,2017-03-21,0,-0.3771,1,14.65,14.4536,2017-03-21,0,-0.3771
prebreak,600129,2017-03-13,S,S,A,C,S,S,A,17.2187,17.81,17.02,0.79,,0,0.0,0.0,,0,0.0,1,17.81,17.6713,2017-03-27,0,-0.1926,1,17.81,17.02,2017-03-30,1,-1.0165
prebreak,600571,2017-03-13,S,S,A,C,S,S,A,16.9547,17.38,16.62,0.76,,0,0.0,0.0,,0,0.0,0,0.0,0.0,,0,0.0,0,0.0,0.0,,0,0.0
prebreak,002023,2017-03-14,S,S,A,C,S,S,A,13.9556,14.45,13.82,0.63,,0,0.0,0.0,,0,0.0,0,0.0,0.0,,0,0.0,1,14.45,14.0146,2017-04-13,0,-0.7081
prebreak,000400,2017-03-15,S,S,A,C,S,S,A,15.8645,16.4,15.82,0.58,,0,0.0,0.0,,0,0.0,1,16.4,16.6296,2017-03-29,0,0.3742,1,16.4,17.0629,2017-04-14,0,1.1207
prebreak,002353,2017-03-16,S,S,A,C,S,S,A,20.5537,20.7,19.63,1.07,,0,0.0,0.0,,0,0.0,0,0.0,0.0,,0,0.0,0,0.0,0.0,,0,0.0
prebreak,600521,2017-03-16,S,S,A,C,S,S,A,15.3164,15.69,15.17,0.52,,0,0.0,0.0,,0,0.0,0,0.0,0.0,,0,0.0,0,0.0,0.0,,0,0.0
prebreak,002079,2017-03-20,S,S,A,C,S,S,A,9.3588,9.41,8.91,0.5,,0,0.0,0.0,,0,0.0,0,0.0,0.0,,0,0.0,0,0.0,0.0,,0,0.0
prebreak,000501,2017-03-21,S,S,A,C,S,S,A,14.9405,15.84,15.07,0.77,,0,0.0,0.0,,0,0.0,0,0.0,0.0,,0,0.0,0,0.0,0.0,,0,0.0
prebreak,002023,2017-03-21,S,S,A,C,S,S,A,13.5429,14.0,13.45,0.55,,0,0.0,0.0,,0,0.0,0,0.0,0.0,,0,0.0,1,14.0,13.45,2017-04-18,1,-1.0187
prebreak,603989,2017-03-22,S,S,A,C,S,S,A,24.101,24.73,23.43,1.3,,1,24.73,24.6531,2017-03-29,0,-0.0735,1,24.73,25.0523,2017-04-07,0,0.2333,1,24.73,23.43,2017-04-11,1,-1.0138
prebreak,002123,2017-03-23,S,S,A,C,S,S,A,15.042,15.58,14.79,0.79,,0,0.0,0.0,,0,0.0,0,0.0,0.0,,0,0.0,0,0.0,0.0,,0,0.0
prebreak,000901,2017-03-27,S,S,A,C,S,S,A,19.2922,20.5,19.68,0.82,,0,0.0,0.0,,0,0.0,0,0.0,0.0,,0,0.0,0,0.0,0.0,,0,0.0
prebreak,002456,2017-03-27,S,S,A,C,S,S,A,15.0334,14.72,14.07,0.65,,0,0.0,0.0,,0,0.0,0,0.0,0.0,,0,0.0,0,0.0,0.0,,0,0.0
prebreak,002700,2017-03-27,S,S,A,C,S,S,A,12.6794,12.75,12.08,0.67,,1,12.75,12.8393,2017-04-05,0,0.1188,1,12.75,12.2656,2017-04-12,0,-0.737,1,12.75,12.08,2017-04-13,1,-1.0138
prebreak,600830,2017-03-27,S,S,A,C,S,S,A,11.3996,11.96,11.36,0.6,,0,0.0,0.0,,0,0.0,0,0.0,0.0,,0,0.0,0,0.0,0.0,,0,0.0
prebreak,000501,2017-03-28,S,S,A,C,S,S,A,14.8683,15.28,14.62,0.66,,0,0.0,0.0,,0,0.0,0,0.0,0.0,,0,0.0,0,0.0,0.0,,0,0.0
prebreak,600967,2017-03-28,S,S,A,C,S,S,A,13.3048,13.06,12.46,0.6,,0,0.0,0.0,,0,0.0,0,0.0,0.0,,0,0.0,0,0.0,0.0,,0,0.0
prebreak,002373,2017-03-31,S,S,A,C,S,S,A,12.7911,13.87,13.24,0.63,,1,13.87,14.5822,2017-04-11,0,1.113,1,13.87,13.6672,2017-04-18,0,-0.3385,1,13.87,13.24,2017-04-19,1,-1.0161
prebreak,002581,2017-03-31,S,S,A,C,S,S,A,23.68,25.52,24.18,1.34,,1,25.52,25.4,2017-04-11,0,-0.104,1,25.52,25.25,2017-04-12,0,-0.2158,1,25.52,25.25,2017-04-12,0,-0.2158
prebreak,300285,2017-03-31,S,S,A,C,S,S,A,12.8167,12.93,12.32,0.61,,0,0.0,0.0,,0,0.0,0,0.0,0.0,,0,0.0,0,0.0,0.0,,0,0.0
prebreak,600038,2017-03-31,S,S,A,C,S,S,A,46.9221,48.05,45.62,2.43,,0,0.0,0.0,,0,0.0,0,0.0,0.0,,0,0.0,0,0.0,0.0,,0,0.0
prebreak,002573,2017-04-05,S,S,A,C,S,S,A,17.5401,17.33,16.65,0.68,,1,17.33,18.5107,2017-04-12,0,1.7158,1,17.33,20.0583,2017-04-19,0,3.9904,1,17.33,19.9184,2017-05-04,0,3.7847
prebreak,002700,2017-04-05,S,S,A,C,S,S,A,12.8393,12.75,12.08,0.67,,0,0.0,0.0,,0,0.0,0,0.0,0.0,,0,0.0,0,0.0,0.0,,0,0.0
prebreak,600967,2017-04-06,S,S,A,C,S,S,A,13.7995,13.06,12.46,0.6,,1,13.06,14.6653,2017-04-13,0,2.6572,1,13.06,14.3914,2017-04-20,0,2.2011,1,13.06,12.46,2017-05-05,1,-1.0159
prebreak,603011,2017-04-06,S,S,A,C,S,S,A,11.3327,10.97,10.42,0.55,,0,0.0,0.0,,0,0.0,0,0.0,0.0,,0,0.0,0,0.0,0.0,,0,0.0
prebreak,603306,2017-04-06,S,S,A,C,S,S,A,23.9626,24.5,23.39,1.11,,0,0.0,0.0,,0,0.0,0,0.0,0.0,,0,0.0,0,0.0,0.0,,0,0.0
prebreak,000028,2017-04-07,S,S,A,C,S,S,A,45.9588,45.56,43.64,1.92,,0,0.0,0.0,,0,0.0,0,0.0,0.0,,0,0.0,0,0.0,0.0,,0,0.0
prebreak,000762,2017-04-07,S,S,A,C,S,S,A,17.9724,17.33,16.46,0.87,,0,0.0,0.0,,0,0.0,0,0.0,0.0,,0,0.0,0,0.0,0.0,,0,0.0
prebreak,600150,2017-04-07,S,S,A,C,S,S,A,28.3083,27.59,26.25,1.34,,1,27.59,30.0963,2017-04-14,0,1.8535,1,27.59,27.2838,2017-04-21,0,-0.244,1,27.59,26.25,2017-04-25,1,-1.015
prebreak,603001,2017-04-07,S,S,A,C,S,S,A,16.1521,16.46,15.68,0.78,,0,0.0,0.0,,0,0.0,0,0.0,0.0,,0,0.0,0,0.0,0.0,,0,0.0
prebreak,603989,2017-04-07,S,S,A,C,S,S,A,25.0523,25.45,24.15,1.3,,0,0.0,0.0,,0,0.0,0,0.0,0.0,,0,0.0,1,25.45,25.4447,2017-05-04,0,-0.0189
prebreak,002581,2017-04-11,S,S,A,C,S,S,A,25.4,25.52,24.18,1.34,,0,0.0,0.0,,0,0.0,0,0.0,0.0,,0,0.0,0,0.0,0.0,,0,0.0
prebreak,300285,2017-04-11,S,S,A,C,S,S,A,13.3994,12.93,12.32,0.61,,0,0.0,0.0,,0,0.0,0,0.0,0.0,,0,0.0,0,0.0,0.0,,0,0.0
prebreak,600038,2017-04-11,S,S,A,C,S,S,A,50.3005,47.92,45.42,2.5,,0,0.0,0.0,,0,0.0,0,0.0,0.0,,0,0.0,0,0.0,0.0,,0,0.0
prebreak,002296,2017-04-13,S,S,A,C,S,S,A,14.9194,15.15,14.53,0.62,,0,0.0,0.0,,0,0.0,0,0.0,0.0,,0,0.0,0,0.0,0.0,,0,0.0
prebreak,600600,2017-04-13,S,S,A,C,S,S,A,27.4217,27.53,26.25,1.28,,0,0.0,0.0,,0,0.0,0,0.0,0.0,,0,0.0,0,0.0,0.0,,0,0.0
prebreak,603011,2017-04-13,S,S,A,C,S,S,A,10.7175,10.97,10.42,0.55,,0,0.0,0.0,,0,0.0,0,0.0,0.0,,0,0.0,0,0.0,0.0,,0,0.0
prebreak,603118,2017-04-13,S,S,A,C,S,S,A,13.8211,14.92,14.22,0.7,,0,0.0,0.0,,0,0.0,0,0.0,0.0,,0,0.0,0,0.0,0.0,,0,0.0
prebreak,603306,2017-04-13,S,S,A,C,S,S,A,23.2497,24.4,23.28,1.12,,0,0.0,0.0,,0,0.0,0,0.0,0.0,,0,0.0,0,0.0,0.0,,0,0.0
prebreak,000802,2017-04-19,S,S,A,C,S,S,A,16.0028,18.17,17.42,0.75,,0,0.0,0.0,,0,0.0,0,0.0,0.0,,0,0.0,0,0.0,0.0,,0,0.0
prebreak,000917,2017-04-19,S,S,A,C,S,S,A,12.8684,14.13,13.5,0.63,,0,0.0,0.0,,0,0.0,0,0.0,0.0,,0,0.0,0,0.0,0.0,,0,0.0
prebreak,002009,2017-04-19,S,S,A,C,S,S,A,12.3749,13.8,13.14,0.66,,0,0.0,0.0,,0,0.0,0,0.0,0.0,,0,0.0,0,0.0,0.0,,0,0.0
prebreak,002176,2017-04-19,S,S,A,C,S,S,A,9.7273,11.5,10.94,0.56,,0,0.0,0.0,,0,0.0,0,0.0,0.0,,0,0.0,0,0.0,0.0,,0,0.0
prebreak,002210,2017-04-19,S,S,A,C,S,S,A,12.0084,12.66,12.01,0.65,,0,0.0,0.0,,0,0.0,0,0.0,0.0,,0,0.0,0,0.0,0.0,,0,0.0
prebreak,002544,2017-04-19,S,S,A,C,S,S,A,22.0946,26.32,24.93,1.39,,0,0.0,0.0,,0,0.0,0,0.0,0.0,,0,0.0,0,0.0,0.0,,0,0.0
prebreak,002603,2017-04-19,S,S,A,C,S,S,A,10.5267,11.23,10.72,0.51,,0,0.0,0.0,,0,0.0,0,0.0,0.0,,0,0.0,0,0.0,0.0,,0,0.0
prebreak,002705,2017-04-19,S,S,A,C,S,S,A,11.4607,11.52,11.01,0.51,,0,0.0,0.0,,0,0.0,0,0.0,0.0,,0,0.0,0,0.0,0.0,,0,0.0
prebreak,300166,2017-04-19,S,S,A,C,S,S,A,11.8214,12.74,12.11,0.63,,0,0.0,0.0,,0,0.0,0,0.0,0.0,,0,0.0,0,0.0,0.0,,0,0.0
prebreak,600775,2017-04-19,S,S,A,C,S,S,A,14.2941,15.14,14.4,0.74,,0,0.0,0.0,,0,0.0,0,0.0,0.0,,0,0.0,0,0.0,0.0,,0,0.0
prebreak,603968,2017-04-19,S,S,A,C,S,S,A,18.8255,19.19,18.42,0.77,,1,19.19,19.1725,2017-04-24,0,-0.0416,1,19.19,19.1725,2017-04-24,0,-0.0416,1,19.19,19.1725,2017-04-24,0,-0.0416
prebreak,000988,2017-04-20,S,S,A,C,S,S,A,14.3743,15.27,14.56,0.71,,0,0.0,0.0,,0,0.0,0,0.0,0.0,,0,0.0,0,0.0,0.0,,0,0.0
prebreak,002275,2017-04-20,S,S,A,C,S,S,A,14.5238,13.7,13.14,0.56,,1,13.7,13.14,2017-04-27,1,-1.018,1,13.7,13.14,2017-04-27,1,-1.018,1,13.7,13.14,2017-04-27,1,-1.018
prebreak,002276,2017-04-20,S,S,A,C,S,S,A,13.1804,13.47,12.82,0.65,,0,0.0,0.0,,0,0.0,0,0.0,0.0,,0,0.0,0,0.0,0.0,,0,0.0
prebreak,600562,2017-04-20,S,S,A,C,S,S,A,21.6906,24.13,22.99,1.14,,0,0.0,0.0,,0,0.0,0,0.0,0.0,,0,0.0,0,0.0,0.0,,0,0.0
prebreak,603306,2017-04-20,S,S,A,C,S,S,A,23.781,24.4,23.28,1.12,,0,0.0,0.0,,0,0.0,0,0.0,0.0,,0,0.0,0,0.0,0.0,,0,0.0
prebreak,000544,2017-04-21,S,S,A,C,S,S,A,9.3992,10.3,9.8,0.5,,0,0.0,0.0,,0,0.0,0,0.0,0.0,,0,0.0,0,0.0,0.0,,0,0.0
prebreak,000762,2017-04-21,S,S,A,C,S,S,A,15.5397,17.33,16.46,0.87,,0,0.0,0.0,,0,0.0,0,0.0,0.0,,0,0.0,0,0.0,0.0,,0,0.0
prebreak,002106,2017-04-21,S,S,A,C,S,S,A,9.761,11.44,10.86,0.58,,0,0.0,0.0,,0,0.0,0,0.0,0.0,,0,0.0,0,0.0,0.0,,0,0.0
prebreak,002189,2017-04-21,S,S,A,C,S,S,A,18.7254,22.63,21.57,1.06,,0,0.0,0.0,,0,0.0,0,0.0,0.0,,0,0.0,0,0.0,0.0,,0,0.0
prebreak,002382,2017-04-21,S,S,A,C,S,S,A,11.8449,11.58,10.99,0.59,,0,0.0,0.0,,0,0.0,0,0.0,0.0,,0,0.0,0,0.0,0.0,,0,0.0
prebreak,600557,2017-04-21,S,S,A,C,S,S,A,16.5476,16.72,16.08,0.64,,0,0.0,0.0,,0,0.0,0,0.0,0.0,,0,0.0,0,0.0,0.0,,0,0.0
prebreak,000014,2017-04-25,S,S,A,C,S,S,A,13.4323,15.04,14.31,0.73,,0,0.0,0.0,,0,0.0,0,0.0,0.0,,0,0.0,0,0.0,0.0,,0,0.0
prebreak,000403,2017-04-25,S,S,A,C,S,S,A,13.1349,13.38,12.7,0.68,,0,0.0,0.0,,0,0.0,0,0.0,0.0,,0,0.0,0,0.0,0.0,,0,0.0
prebreak,002048,2017-04-25,S,S,A,C,S,S,A,17.4085,16.83,16.05,0.78,,1,16.83,16.05,2017-04-27,1,-1.0158,1,16.83,16.05,2017-04-27,1,-1.0158,1,16.83,16.05,2017-04-27,1,-1.0158
prebreak,002111,2017-04-25,S,S,A,C,S,S,A,11.6541,12.91,12.23,0.68,,0,0.0,0.0,,0,0.0,0,0.0,0.0,,0,0.0,0,0.0,0.0,,0,0.0
prebreak,002423,2017-04-25,S,S,A,C,S,S,A,11.9274,12.79,12.23,0.56,,0,0.0,0.0,,0,0.0,0,0.0,0.0,,0,0.0,0,0.0,0.0,,0,0.0
prebreak,002424,2017-04-25,S,S,A,C,S,S,A,15.8732,16.56,15.75,0.81,,0,0.0,0.0,,0,0.0,0,0.0,0.0,,0,0.0,1,16.56,16.5847,2017-05-24,0,0.0149
prebreak,600038,2017-04-25,S,S,A,C,S,S,A,43.844,47.92,45.42,2.5,,0,0.0,0.0,,0,0.0,0,0.0,0.0,,0,0.0,0,0.0,0.0,,0,0.0
prebreak,600343,2017-04-25,S,S,A,C,S,S,A,19.6801,21.92,21.11,0.81,,0,0.0,0.0,,0,0.0,0,0.0,0.0,,0,0.0,0,0.0,0.0,,0,0.0
prebreak,600372,2017-04-25,S,S,A,C,S,S,A,17.8652,18.75,17.94,0.81,,0,0.0,0.0,,0,0.0,0,0.0,0.0,,0,0.0,0,0.0,0.0,,0,0.0
prebreak,600783,2017-04-25,S,S,A,C,S,S,A,18.6086,21.4,20.32,1.08,,0,0.0,0.0,,0,0.0,0,0.0,0.0,,0,0.0,0,0.0,0.0,,0,0.0
prebreak,000777,2017-04-26,S,S,A,C,S,S,A,20.1609,23.44,22.32,1.12,,0,0.0,0.0,,0,0.0,0,0.0,0.0,,0,0.0,0,0.0,0.0,,0,0.0
prebreak,000917,2017-04-26,S,S,A,C,S,S,A,12.03,14.13,13.5,0.63,,0,0.0,0.0,,0,0.0,0,0.0,0.0,,0,0.0,0,0.0,0.0,,0,0.0
prebreak,002156,2017-04-26,S,S,A,C,S,S,A,10.164,11.14,10.64,0.5,,0,0.0,0.0,,0,0.0,0,0.0,0.0,,0,0.0,0,0.0,0.0,,0,0.0
prebreak,002210,2017-04-26,S,S,A,C,S,S,A,10.3471,12.66,12.01,0.65,,0,0.0,0.0,,0,0.0,0,0.0,0.0,,0,0.0,0,0.0,0.0,,0,0.0
prebreak,002603,2017-04-26,S,S,A,C,S,S,A,10.2418,11.23,10.72,0.51,,0,0.0,0.0,,0,0.0,0,0.0,0.0,,0,0.0,0,0.0,0.0,,0,0.0
prebreak,300166,2017-04-26,S,S,A,C,S,S,A,11.362,12.74,12.11,0.63,,0,0.0,0.0,,0,0.0,0,0.0,0.0,,0,0.0,0,0.0,0.0,,0,0.0
prebreak,600129,2017-04-26,S,S,A,C,S,S,A,15.6779,16.16,15.38,0.78,,0,0.0,0.0,,0,0.0,0,0.0,0.0,,0,0.0,0,0.0,0.0,,0,0.0
prebreak,600775,2017-04-26,S,S,A,C,S,S,A,12.7498,15.14,14.4,0.74,,0,0.0,0.0,,0,0.0,0,0.0,0.0,,0,0.0,0,0.0,0.0,,0,0.0
prebreak,600897,2017-04-26,S,S,A,C,S,S,A,13.1801,13.92,13.28,0.64,,0,0.0,0.0,,0,0.0,0,0.0,0.0,,0,0.0,0,0.0,0.0,,0,0.0
prebreak,603000,2017-04-26,S,S,A,C,S,S,A,13.6975,15.09,14.44,0.65,,0,0.0,0.0,,0,0.0,0,0.0,0.0,,0,0.0,0,0.0,0.0,,0,0.0
prebreak,603968,2017-04-26,S,S,A,C,S,S,A,18.8728,19.19,18.42,0.77,,0,0.0,0.0,,0,0.0,0,0.0,0.0,,0,0.0,0,0.0,0.0,,0,0.0
prebreak,000988,2017-04-27,S,S,A,C,S,S,A,14.0734,14.48,13.73,0.75,,1,14.48,14.1317,2017-05-05,0,-0.4788,1,14.48,14.1317,2017-05-05,0,-0.4788,1,14.48,14.1317,2017-05-05,0,-0.4788
prebreak,002275,2017-04-27,S,S,A,C,S,S,A,13.3006,13.7,13.14,0.56,,0,0.0,0.0,,0,0.0,0,0.0,0.0,,0,0.0,0,0.0,0.0,,0,0.0
prebreak,002276,2017-04-27,S,S,A,C,S,S,A,11.3848,13.36,12.82,0.54,,0,0.0,0.0,,0,0.0,0,0.0,0.0,,0,0.0,0,0.0,0.0,,0,0.0
prebreak,002518,2017-04-27,S,S,A,C,S,S,A,11.6209,13.77,13.18,0.59,,0,0.0,0.0,,0,0.0,0,0.0,0.0,,0,0.0,0,0.0,0.0,,0,0.0
prebreak,600060,2017-04-27,S,S,A,C,S,S,A,13.677,14.67,13.91,0.76,,0,0.0,0.0,,0,0.0,0,0.0,0.0,,0,0.0,0,0.0,0.0,,0,0.0
prebreak,600312,2017-04-27,S,S,A,C,S,S,A,13.1869,14.93,14.35,0.58,,0,0.0,0.0,,0,0.0,0,0.0,0.0,,0,0.0,0,0.0,0.0,,0,0.0
prebreak,600526,2017-04-27,S,S,A,C,S,S,A,11.5831,12.05,11.52,0.53,,0,0.0,0.0,,0,0.0,0,0.0,0.0,,0,0.0,0,0.0,0.0,,0,0.0
prebreak,600562,2017-04-27,S,S,A,C,S,S,A,21.33,24.13,22.99,1.14,,0,0.0,0.0,,0,0.0,0,0.0,0.0,,0,0.0,0,0.0,0.0,,0,0.0
prebreak,600600,2017-04-27,S,S,A,C,S,S,A,26.8958,28.11,26.85,1.26,,0,0.0,0.0,,0,0.0,0,0.0,0.0,,0,0.0,1,28.11,28.031,2017-05-26,0,-0.0796
prebreak,600756,2017-04-27,S,S,A,C,S,S,A,19.2226,20.14,19.26,0.88,,0,0.0,0.0,,0,0.0,0,0.0,0.0,,0,0.0,1,20.14,20.9034,2017-05-26,0,0.8496
prebreak,603306,2017-04-27,S,S,A,C,S,S,A,24.0029,24.32,23.02,1.3,,0,0.0,0.0,,0,0.0,0,0.0,0.0,,0,0.0,0,0.0,0.0,,0,0.0
prebreak,000026,2017-04-28,S,S,A,C,S,S,A,10.2738,11.74,11.14,0.6,,0,0.0,0.0,,0,0.0,0,0.0,0.0,,0,0.0,0,0.0,0.0,,0,0.0
prebreak,000400,2017-04-28,S,S,A,C,S,S,A,16.5928,17.44,16.57,0.87,,0,0.0,0.0,,0,0.0,0,0.0,0.0,,0,0.0,0,0.0,0.0,,0,0.0
prebreak,002382,2017-04-28,S,S,A,C,S,S,A,12.1546,11.58,10.99,0.59,,0,0.0,0.0,,0,0.0,0,0.0,0.0,,0,0.0,0,0.0,0.0,,0,0.0
prebreak,600138,2017-04-28,S,S,A,C,S,S,A,19.489,20.81,19.78,1.03,,0,0.0,0.0,,0,0.0,0,0.0,0.0,,0,0.0,0,0.0,0.0,,0,0.0
prebreak,600557,2017-04-28,S,S,A,C,S,S,A,15.9031,16.53,15.73,0.8,,0,0.0,0.0,,0,0.0,0,0.0,0.0,,0,0.0,0,0.0,0.0,,0,0.0
prebreak,600706,2017-04-28,S,S,A,C,S,S,A,16.4002,16.21,15.41,0.8,,1,16.21,15.8949,2017-05-08,0,-0.409,1,16.21,15.41,2017-05-09,1,-1.0148,1,16.21,15.41,2017-05-09,1,-1.0148
prebreak,002268,2017-05-02,S,S,A,C,S,S,A,19.0353,19.55,18.65,0.9,,0,0.0,0.0,,0,0.0,1,19.55,19.409,2017-05-16,0,-0.1731,1,19.55,19.0475,2017-05-17,0,-0.5744
prebreak,002643,2017-05-02,S,S,A,C,S,S,A,12.6146,11.97,11.44,0.53,,0,0.0,0.0,,0,0.0,0,0.0,0.0,,0,0.0,0,0.0,0.0,,0,0.0
prebreak,300001,2017-05-02,S,S,A,C,S,S,A,16.1158,16.52,15.77,0.75,,1,16.52,15.9117,2017-05-08,0,-0.8273,1,16.52,15.9117,2017-05-08,0,-0.8273,1,16.52,15.9117,2017-05-08,0,-0.8273
prebreak,600391,2017-05-02,S,S,A,C,S,S,A,32.9647,36.7,35.27,1.43,,0,0.0,0.0,,0,0.0,0,0.0,0.0,,0,0.0,0,0.0,0.0,,0,0.0
prebreak,600612,2017-05-02,S,S,A,C,S,S,A,31.6722,30.37,28.75,1.62,,0,0.0,0.0,,0,0.0,0,0.0,0.0,,0,0.0,0,0.0,0.0,,0,0.0
prebreak,600765,2017-05-02,S,S,A,C,S,S,A,11.347,10.73,10.18,0.55,,0,0.0,0.0,,0,0.0,0,0.0,0.0,,0,0.0,0,0.0,0.0,,0,0.0
prebreak,002048,2017-05-03,S,S,A,C,S,S,A,16.3268,17.44,16.59,0.85,,0,0.0,0.0,,0,0.0,0,0.0,0.0,,0,0.0,0,0.0,0.0,,0,0.0
prebreak,002223,2017-05-03,S,S,A,C,S,S,A,19.4801,19.47,18.43,1.04,,0,0.0,0.0,,0,0.0,0,0.0,0.0,,0,0.0,0,0.0,0.0,,0,0.0
prebreak,600038,2017-05-03,S,S,A,C,S,S,A,44.698,44.83,42.5,2.33,,0,0.0,0.0,,0,0.0,0,0.0,0.0,,0,0.0,0,0.0,0.0,,0,0.0
prebreak,600372,2017-05-03,S,S,A,C,S,S,A,17.5154,18.33,17.54,0.79,,0,0.0,0.0,,0,0.0,0,0.0,0.0,,0,0.0,0,0.0,0.0,,0,0.0
prebreak,600697,2017-05-03,S,S,A,C,S,S,A,24.0636,24.62,23.46,1.16,,0,0.0,0.0,,0,0.0,0,0.0,0.0,,0,0.0,0,0.0,0.0,,0,0.0
prebreak,600754,2017-05-03,S,S,A,C,S,S,A,21.7108,24.4,23.34,1.06,,0,0.0,0.0,,0,0.0,0,0.0,0.0,,0,0.0,0,0.0,0.0,,0,0.0
prebreak,000901,2017-05-04,S,S,A,C,S,S,A,17.3448,17.91,17.02,0.89,,0,0.0,0.0,,0,0.0,0,0.0,0.0,,0,0.0,0,0.0,0.0,,0,0.0
prebreak,002210,2017-05-04,S,S,A,C,S,S,A,10.4928,12.66,12.01,0.65,,0,0.0,0.0,,0,0.0,0,0.0,0.0,,0,0.0,0,0.0,0.0,,0,0.0
prebreak,002544,2017-05-04,S,S,A,C,S,S,A,23.0225,26.32,24.93,1.39,,0,0.0,0.0,,0,0.0,0,0.0,0.0,,0,0.0,0,0.0,0.0,,0,0.0
prebreak,002603,2017-05-04,S,S,A,C,S,S,A,10.2418,10.58,10.05,0.53,,0,0.0,0.0,,0,0.0,0,0.0,0.0,,0,0.0,0,0.0,0.0,,0,0.0
prebreak,600292,2017-05-04,S,S,A,C,S,S,A,12.1502,11.86,11.25,0.61,,1,11.86,11.25,2017-05-08,1,-1.0141,1,11.86,11.25,2017-05-08,1,-1.0141,1,11.86,11.25,2017-05-08,1,-1.0141
prebreak,600897,2017-05-04,S,S,A,C,S,S,A,13.2845,13.48,12.94,0.54,,0,0.0,0.0,,0,0.0,0,0.0,0.0,,0,0.0,1,13.48,13.6471,2017-06-05,0,0.2902
prebreak,601689,2017-05-04,S,S,A,C,S,S,A,13.8693,15.26,14.51,0.75,,0,0.0,0.0,,0,0.0,0,0.0,0.0,,0,0.0,0,0.0,0.0,,0,0.0
prebreak,603000,2017-05-04,S,S,A,C,S,S,A,13.4556,14.03,13.35,0.68,,0,0.0,0.0,,0,0.0,0,0.0,0.0,,0,0.0,0,0.0,0.0,,0,0.0
prebreak,603968,2017-05-04,S,S,A,C,S,S,A,19.0227,19.19,18.42,0.77,,0,0.0,0.0,,0,0.0,0,0.0,0.0,,0,0.0,0,0.0,0.0,,0,0.0
prebreak,000669,2017-05-09,S,S,A,C,S,S,A,10.8668,11.93,11.34,0.59,,0,0.0,0.0,,0,0.0,1,11.93,11.34,2017-05-19,1,-1.0147,1,11.93,11.34,2017-05-19,1,-1.0147
prebreak,000826,2017-05-09,S,S,A,C,S,S,A,23.4848,26.22,25.1,1.12,,0,0.0,0.0,,0,0.0,0,0.0,0.0,,0,0.0,0,0.0,0.0,,0,0.0
prebreak,002643,2017-05-09,S,S,A,C,S,S,A,13.2298,12.88,12.31,0.57,,1,12.88,13.7181,2017-05-16,0,1.4522,1,12.88,13.0814,2017-05-23,0,0.336,1,12.88,12.31,2017-06-01,1,-1.0165
prebreak,300124,2017-05-09,S,S,A,C,S,S,A,13.8766,15.0,14.31,0.69,,0,0.0,0.0,,0,0.0,0,0.0,0.0,,0,0.0,0,0.0,0.0,,0,0.0
prebreak,300244,2017-05-09,S,S,A,C,S,S,A,26.1098,25.88,24.62,1.26,,0,0.0,0.0,,0,0.0,0,0.0,0.0,,0,0.0,0,0.0,0.0,,0,0.0
prebreak,300267,2017-05-09,S,S,A,C,S,S,A,11.1082,12.98,12.38,0.6,,0,0.0,0.0,,0,0.0,0,0.0,0.0,,0,0.0,0,0.0,0.0,,0,0.0
prebreak,000733,2017-05-11,S,S,A,C,S,S,A,14.7805,15.06,14.41,0.65,,0,0.0,0.0,,0,0.0,0,0.0,0.0,,0,0.0,0,0.0,0.0,,0,0.0
prebreak,002074,2017-05-11,S,S,A,C,S,S,A,23.7582,27.0,25.74,1.26,,0,0.0,0.0,,0,0.0,0,0.0,0.0,,0,0.0,0,0.0,0.0,,0,0.0
prebreak,002142,2017-05-11,S,S,A,C,S,S,A,10.1557,10.41,9.89,0.52,,0,0.0,0.0,,0,0.0,0,0.0,0.0,,0,0.0,0,0.0,0.0,,0,0.0
prebreak,002176,2017-05-11,S,S,A,C,S,S,A,9.0097,11.5,10.94,0.56,,0,0.0,0.0,,0,0.0,0,0.0,0.0,,0,0.0,0,0.0,0.0,,0,0.0
prebreak,002603,2017-05-11,S,S,A,C,S,S,A,10.0479,10.46,9.95,0.51,,0,0.0,0.0,,0,0.0,0,0.0,0.0,,0,0.0,0,0.0,0.0,,0,0.0
prebreak,002690,2017-05-11,S,S,A,C,S,S,A,11.8327,11.97,11.35,0.62,,0,0.0,0.0,,0,0.0,0,0.0,0.0,,0,0.0,0,0.0,0.0,,0,0.0
prebreak,600292,2017-05-11,S,S,A,C,S,S,A,10.0313,11.86,11.25,0.61,,0,0.0,0.0,,0,0.0,1,11.86,11.25,2017-05-23,1,-1.0141,1,11.86,11.25,2017-05-23,1,-1.0141
prebreak,601689,2017-05-11,S,S,A,C,S,S,A,13.6574,15.26,14.51,0.75,,0,0.0,0.0,,0,0.0,0,0.0,0.0,,0,0.0,0,0.0,0.0,,0,0.0
prebreak,603000,2017-05-11,S,S,A,C,S,S,A,12.5995,14.03,13.35,0.68,,0,0.0,0.0,,0,0.0,0,0.0,0.0,,0,0.0,0,0.0,0.0,,0,0.0
prebreak,603968,2017-05-11,S,S,A,C,S,S,A,18.0684,19.19,18.42,0.77,,0,0.0,0.0,,0,0.0,0,0.0,0.0,,0,0.0,0,0.0,0.0,,0,0.0
prebreak,000988,2017-05-12,S,S,A,C,S,S,A,12.8918,14.58,13.89,0.69,,0,0.0,0.0,,0,0.0,0,0.0,0.0,,0,0.0,0,0.0,0.0,,0,0.0
prebreak,600004,2017-05-12,S,S,A,C,S,S,A,10.0425,10.41,9.9,0.51,,1,10.41,10.3355,2017-05-18,0,-0.1615,1,10.41,10.3355,2017-05-18,0,-0.1615,1,10.41,10.3355,2017-05-18,0,-0.1615
prebreak,600312,2017-05-12,S,S,A,C,S,S,A,12.1539,13.09,12.49,0.6,,0,0.0,0.0,,0,0.0,0,0.0,0.0,,0,0.0,0,0.0,0.0,,0,0.0
prebreak,000400,2017-05-15,S,S,A,C,S,S,A,15.0902,17.44,16.57,0.87,,0,0.0,0.0,,0,0.0,0,0.0,0.0,,0,0.0,0,0.0,0.0,,0,0.0
prebreak,002019,2017-05-15,S,S,A,C,S,S,A,14.0714,14.22,13.49,0.73,,0,0.0,0.0,,0,0.0,0,0.0,0.0,,0,0.0,0,0.0,0.0,,0,0.0
prebreak,000581,2017-05-16,S,S,A,C,S,S,A,13.6473,13.7,13.04,0.66,,0,0.0,0.0,,0,0.0,0,0.0,0.0,,0,0.0,0,0.0,0.0,,0,0.0
prebreak,000669,2017-05-16,S,S,A,C,S,S,A,11.3923,11.93,11.34,0.59,,1,11.93,11.34,2017-05-19,1,-1.0147,1,11.93,11.34,2017-05-19,1,-1.0147,1,11.93,11.34,2017-05-19,1,-1.0147
prebreak,000826,2017-05-16,S,S,A,C,S,S,A,23.2263,26.22,25.1,1.12,,0,0.0,0.0,,0,0.0,0,0.0,0.0,,0,0.0,0,0.0,0.0,,0,0.0
prebreak,002643,2017-05-16,S,S,A,C,S,S,A,13.7181,12.88,12.31,0.57,,1,12.88,13.0814,2017-05-23,0,0.336,1,12.88,12.31,2017-06-01,1,-1.0165,1,12.88,12.31,2017-06-01,1,-1.0165
prebreak,300124,2017-05-16,S,S,A,C,S,S,A,14.4618,15.0,14.31,0.69,,0,0.0,0.0,,0,0.0,0,0.0,0.0,,0,0.0,0,0.0,0.0,,0,0.0
prebreak,300244,2017-05-16,S,S,A,C,S,S,A,26.6268,25.88,24.62,1.26,,0,0.0,0.0,,0,0.0,0,0.0,0.0,,0,0.0,0,0.0,0.0,,0,0.0
prebreak,600566,2017-05-16,S,S,A,C,S,S,A,22.662,22.73,21.58,1.15,,1,22.73,22.5726,2017-05-19,0,-0.1518,1,22.73,22.5726,2017-05-19,0,-0.1518,1,22.73,22.5726,2017-05-19,0,-0.1518
prebreak,002151,2017-05-17,S,S,A,C,S,S,A,27.913,31.06,29.56,1.5,,0,0.0,0.0,,0,0.0,0,0.0,0.0,,0,0.0,0,0.0,0.0,,0,0.0
prebreak,002223,2017-05-17,S,S,A,C,S,S,A,18.8114,19.85,18.87,0.98,,0,0.0,0.0,,0,0.0,0,0.0,0.0,,0,0.0,1,19.85,20.1292,2017-06-09,0,0.2693
prebreak,002232,2017-05-17,S,S,A,C,S,S,A,13.6077,12.1,11.59,0.51,,1,12.1,13.5883,2017-05-24,0,2.8983,1,12.1,13.6756,2017-06-02,0,3.0694,1,12.1,12.1683,2017-06-16,0,0.1158
prebreak,002727,2017-05-17,S,S,A,C,S,S,A,15.2761,15.55,14.89,0.66,,0,0.0,0.0,,0,0.0,0,0.0,0.0,,0,0.0,0,0.0,0.0,,0,0.0
prebreak,300463,2017-05-17,S,S,A,C,S,S,A,23.4441,21.64,20.51,1.13,,0,0.0,0.0,,0,0.0,0,0.0,0.0,,0,0.0,0,0.0,0.0,,0,0.0
prebreak,600038,2017-05-17,S,S,A,C,S,S,A,42.8211,44.83,42.5,2.33,,0,0.0,0.0,,0,0.0,0,0.0,0.0,,0,0.0,0,0.0,0.0,,0,0.0
prebreak,600584,2017-05-17,S,S,A,C,S,S,A,16.7835,17.71,16.98,0.73,,0,0.0,0.0,,0,0.0,0,0.0,0.0,,0,0.0,0,0.0,0.0,,0,0.0
prebreak,603369,2017-05-19,S,S,A,C,S,S,A,10.4845,10.89,10.35,0.54,,0,0.0,0.0,,0,0.0,0,0.0,0.0,,0,0.0,1,10.89,10.8854,2017-06-20,0,-0.0238
prebreak,002151,2017-05-24,S,S,A,C,S,S,A,26.8982,31.06,29.56,1.5,,0,0.0,0.0,,0,0.0,0,0.0,0.0,,0,0.0,0,0.0,0.0,,0,0.0
prebreak,002232,2017-05-24,S,S,A,C,S,S,A,13.5883,12.1,11.59,0.51,,1,12.1,13.6756,2017-06-02,0,3.0694,1,12.1,12.987,2017-06-09,0,1.72,1,12.1,11.7285,2017-06-23,0,-0.7461
prebreak,002449,2017-05-24,S,S,A,C,S,S,A,10.4917,10.6,10.06,0.54,,0,0.0,0.0,,0,0.0,0,0.0,0.0,,0,0.0,0,0.0,0.0,,0,0.0
prebreak,600323,2017-05-24,S,S,A,C,S,S,A,11.6545,12.06,11.47,0.59,,0,0.0,0.0,,0,0.0,0,0.0,0.0,,0,0.0,0,0.0,0.0,,0,0.0
prebreak,600584,2017-05-24,S,S,A,C,S,S,A,15.2444,17.23,16.36,0.87,,0,0.0,0.0,,0,0.0,0,0.0,0.0,,0,0.0,0,0.0,0.0,,0,0.0
prebreak,002142,2017-05-25,S,S,A,C,S,S,A,10.7017,10.49,9.95,0.54,,1,10.49,10.4434,2017-06-05,0,-0.1011,1,10.49,10.6958,2017-06-12,0,0.3661,1,10.49,10.8073,2017-06-26,0,0.5725
prebreak,002456,2017-05-25,S,S,A,C,S,S,A,15.6371,15.58,14.98,0.6,,0,0.0,0.0,,0,0.0,0,0.0,0.0,,0,0.0,0,0.0,0.0,,0,0.0
prebreak,600332,2017-05-25,S,S,A,C,S,S,A,23.2022,23.05,21.89,1.16,,0,0.0,0.0,,0,0.0,0,0.0,0.0,,0,0.0,0,0.0,0.0,,0,0.0
prebreak,601566,2017-05-25,S,S,A,C,S,S,A,11.1166,11.51,10.97,0.54,,0,0.0,0.0,,0,0.0,0,0.0,0.0,,0,0.0,0,0.0,0.0,,0,0.0
prebreak,600668,2017-05-26,S,S,A,C,S,S,A,11.5663,11.98,11.43,0.55,,0,0.0,0.0,,0,0.0,0,0.0,0.0,,0,0.0,0,0.0,0.0,,0,0.0
prebreak,000400,2017-05-31,S,S,A,C,S,S,A,14.8874,15.39,14.64,0.75,,0,0.0,0.0,,0,0.0,0,0.0,0.0,,0,0.0,0,0.0,0.0,,0,0.0
prebreak,002019,2017-05-31,S,S,A,C,S,S,A,13.4115,13.78,13.12,0.66,,1,13.78,13.8018,2017-06-07,0,0.0172,1,13.78,13.9784,2017-06-14,0,0.2846,1,13.78,15.0194,2017-06-28,0,1.8608
prebreak,600109,2017-05-31,S,S,A,C,S,S,A,11.078,11.19,10.65,0.54,,0,0.0,0.0,,0,0.0,0,0.0,0.0,,0,0.0,0,0.0,0.0,,0,0.0
prebreak,600750,2017-05-31,S,S,A,C,S,S,A,10.8402,11.1,10.57,0.53,,0,0.0,0.0,,0,0.0,0,0.0,0.0,,0,0.0,0,0.0,0.0,,0,0.0
prebreak,600323,2017-06-02,S,S,A,C,S,S,A,12.1341,12.17,11.61,0.56,,0,0.0,0.0,,0,0.0,0,0.0,0.0,,0,0.0,0,0.0,0.0,,0,0.0
prebreak,002142,2017-06-05,S,S,A,C,S,S,A,10.4434,10.49,9.95,0.54,,0,0.0,0.0,,0,0.0,0,0.0,0.0,,0,0.0,0,0.0,0.0,,0,0.0
prebreak,600332,2017-06-05,S,S,A,C,S,S,A,22.6207,23.37,22.31,1.06,,1,23.37,23.9393,2017-06-12,0,0.52,1,23.37,23.2841,2017-06-19,0,-0.0977,1,23.37,23.9802,2017-07-03,0,0.5586
prebreak,000333,2017-06-06,S,S,A,C,S,S,A,27.4686,26.67,25.34,1.33,,0,0.0,0.0,,0,0.0,0,0.0,0.0,,0,0.0,0,0.0,0.0,,0,0.0
prebreak,000988,2017-06-06,S,S,A,C,S,S,A,13.1837,14.58,13.89,0.69,,0,0.0,0.0,,0,0.0,0,0.0,0.0,,0,0.0,0,0.0,0.0,,0,0.0
prebreak,000997,2017-06-06,S,S,A,C,S,S,A,16.8921,18.13,17.2,0.93,,0,0.0,0.0,,0,0.0,0,0.0,0.0,,0,0.0,0,0.0,0.0,,0,0.0
prebreak,600668,2017-06-06,S,S,A,C,S,S,A,11.3922,11.75,11.18,0.57,,0,0.0,0.0,,0,0.0,0,0.0,0.0,,0,0.0,0,0.0,0.0,,0,0.0
prebreak,000661,2017-06-07,S,S,A,C,S,S,A,53.7592,54.01,51.22,2.79,,0,0.0,0.0,,0,0.0,0,0.0,0.0,,0,0.0,0,0.0,0.0,,0,0.0
prebreak,002019,2017-06-07,S,S,A,C,S,S,A,13.8018,13.78,13.18,0.6,,0,0.0,0.0,,0,0.0,0,0.0,0.0,,0,0.0,0,0.0,0.0,,0,0.0
prebreak,002219,2017-06-07,S,S,A,C,S,S,A,12.13,12.24,11.6,0.64,,0,0.0,0.0,,0,0.0,0,0.0,0.0,,0,0.0,0,0.0,0.0,,0,0.0
prebreak,600037,2017-06-07,S,S,A,C,S,S,A,12.7243,12.79,12.24,0.55,,0,0.0,0.0,,0,0.0,0,0.0,0.0,,0,0.0,0,0.0,0.0,,0,0.0
prebreak,600138,2017-06-07,S,S,A,C,S,S,A,19.5368,19.08,18.14,0.94,,0,0.0,0.0,,0,0.0,0,0.0,0.0,,0,0.0,0,0.0,0.0,,0,0.0
prebreak,000423,2017-06-08,S,S,A,C,S,S,A,53.8901,52.98,50.25,2.73,,0,0.0,0.0,,0,0.0,0,0.0,0.0,,0,0.0,0,0.0,0.0,,0,0.0
prebreak,000581,2017-06-08,S,S,A,C,S,S,A,13.8532,13.6,12.94,0.66,,0,0.0,0.0,,0,0.0,0,0.0,0.0,,0,0.0,0,0.0,0.0,,0,0.0
prebreak,002597,2017-06-08,S,S,A,C,S,S,A,16.3879,16.19,15.42,0.77,,1,16.19,17.1105,2017-06-15,0,1.1787,1,16.19,17.4178,2017-06-22,0,1.5776,1,16.19,17.584,2017-07-06,0,1.7932
prebreak,300124,2017-06-08,S,S,A,C,S,S,A,14.7699,14.59,13.85,0.74,,0,0.0,0.0,,0,0.0,0,0.0,0.0,,0,0.0,0,0.0,0.0,,0,0.0
prebreak,600498,2017-06-08,S,S,A,C,S,S,A,21.173,20.63,19.56,1.07,,1,20.63,21.9998,2017-06-15,0,1.2647,1,20.63,21.9355,2017-06-22,0,1.2046,1,20.63,22.6887,2017-07-06,0,1.9081
prebreak,600729,2017-06-08,S,S,A,C,S,S,A,15.5353,15.74,15.0,0.74,,0,0.0,0.0,,0,0.0,0,0.0,0.0,,0,0.0,0,0.0,0.0,,0,0.0
prebreak,002044,2017-06-09,S,S,A,C,S,S,A,10.9031,10.26,9.71,0.55,,0,0.0,0.0,,0,0.0,0,0.0,0.0,,0,0.0,0,0.0,0.0,,0,0.0
prebreak,603589,2017-06-09,S,S,A,C,S,S,A,28.3982,28.17,27.09,1.08,,1,28.17,28.3129,2017-06-14,0,0.1124,1,28.17,28.3129,2017-06-14,0,0.1124,1,28.17,28.3129,2017-06-14,0,0.1124
prebreak,000988,2017-06-13,S,S,A,C,S,S,A,13.495,13.69,13.09,0.6,,0,0.0,0.0,,0,0.0,0,0.0,0.0,,0,0.0,0,0.0,0.0,,0,0.0
prebreak,000998,2017-06-13,S,S,A,C,S,S,A,20.8417,21.14,20.13,1.01,,0,0.0,0.0,,0,0.0,0,0.0,0.0,,0,0.0,1,21.14,21.9078,2017-07-11,0,0.7438
prebreak,600335,2017-06-13,S,S,A,C,S,S,A,9.7998,10.61,10.07,0.54,,1,10.61,10.3603,2017-06-20,0,-0.477,1,10.61,10.703,2017-06-27,0,0.1572,1,10.61,10.437,2017-07-11,0,-0.3352
prebreak,000400,2017-06-14,S,S,A,C,S,S,A,15.3667,15.39,14.64,0.75,,0,0.0,0.0,,0,0.0,0,0.0,0.0,,0,0.0,0,0.0,0.0,,0,0.0
prebreak,002024,2017-06-14,S,S,A,C,S,S,A,10.8499,10.36,9.81,0.55,,0,0.0,0.0,,0,0.0,0,0.0,0.0,,0,0.0,0,0.0,0.0,,0,0.0
prebreak,002179,2017-06-14,S,S,A,C,S,S,A,11.8102,11.48,10.94,0.54,,0,0.0,0.0,,0,0.0,0,0.0,0.0,,0,0.0,0,0.0,0.0,,0,0.0
prebreak,002376,2017-06-14,S,S,A,C,S,S,A,10.5665,10.77,10.24,0.53,,0,0.0,0.0,,0,0.0,0,0.0,0.0,,0,0.0,0,0.0,0.0,,0,0.0
prebreak,600037,2017-06-14,S,S,A,C,S,S,A,12.8678,13.05,12.55,0.5,,0,0.0,0.0,,0,0.0,0,0.0,0.0,,0,0.0,0,0.0,0.0,,0,0.0
prebreak,603355,2017-06-14,S,S,A,C,S,S,A,29.8259,31.55,30.09,1.46,,0,0.0,0.0,,0,0.0,0,0.0,0.0,,0,0.0,0,0.0,0.0,,0,0.0
prebreak,000423,2017-06-15,S,S,A,C,S,S,A,53.9602,52.98,50.25,2.73,,0,0.0,0.0,,0,0.0,0,0.0,0.0,,0,0.0,0,0.0,0.0,,0,0.0
prebreak,000581,2017-06-15,S,S,A,C,S,S,A,13.9501,14.34,13.73,0.61,,1,14.34,14.4526,2017-06-22,0,0.1667,1,14.34,15.8573,2017-06-29,0,2.468,1,14.34,15.9018,2017-07-13,0,2.5409
prebreak,002262,2017-06-15,S,S,A,C,S,S,A,12.9493,12.44,11.88,0.56,,0,0.0,0.0,,0,0.0,0,0.0,0.0,,0,0.0,0,0.0,0.0,,0,0.0
prebreak,002570,2017-06-15,S,S,A,C,S,S,A,13.66,14.21,13.54,0.67,,0,0.0,0.0,,0,0.0,0,0.0,0.0,,0,0.0,0,0.0,0.0,,0,0.0
prebreak,300476,2017-06-15,S,S,A,C,S,S,A,10.9044,11.6,11.03,0.57,,0,0.0,0.0,,0,0.0,0,0.0,0.0,,0,0.0,0,0.0,0.0,,0,0.0
prebreak,600066,2017-06-15,S,S,A,C,S,S,A,12.8323,12.28,11.71,0.57,,0,0.0,0.0,,0,0.0,0,0.0,0.0,,0,0.0,0,0.0,0.0,,0,0.0
prebreak,600729,2017-06-15,S,S,A,C,S,S,A,15.4874,15.99,15.23,0.76,,0,0.0,0.0,,0,0.0,1,15.99,16.2417,2017-06-29,0,0.315,1,15.99,16.11,2017-07-13,0,0.1418
prebreak,002048,2017-06-16,S,S,A,C,S,S,A,15.1771,15.66,14.93,0.73,,0,0.0,0.0,,0,0.0,0,0.0,0.0,,0,0.0,0,0.0,0.0,,0,0.0
prebreak,300285,2017-06-16,S,S,A,C,S,S,A,12.2637,12.15,11.59,0.56,,0,0.0,0.0,,0,0.0,0,0.0,0.0,,0,0.0,0,0.0,0.0,,0,0.0
prebreak,600062,2017-06-16,S,S,A,C,S,S,A,15.1049,14.85,14.14,0.71,,0,0.0,0.0,,0,0.0,0,0.0,0.0,,0,0.0,0,0.0,0.0,,0,0.0
prebreak,600420,2017-06-16,S,S,A,C,S,S,A,13.7298,14.16,13.55,0.61,,0,0.0,0.0,,0,0.0,0,0.0,0.0,,0,0.0,1,14.16,13.55,2017-07-14,1,-1.017
prebreak,600584,2017-06-16,S,S,A,C,S,S,A,15.7271,15.61,14.84,0.77,,0,0.0,0.0,,0,0.0,0,0.0,0.0,,0,0.0,0,0.0,0.0,,0,0.0
prebreak,002138,2017-06-19,S,S,A,C,S,S,A,16.1784,16.16,15.32,0.84,,0,0.0,0.0,,0,0.0,0,0.0,0.0,,0,0.0,0,0.0,0.0,,0,0.0
prebreak,002142,2017-06-19,S,S,A,C,S,S,A,10.3964,10.79,10.28,0.51,,1,10.79,10.8073,2017-06-26,0,0.0179,1,10.79,11.3591,2017-07-03,0,1.0992,1,10.79,12.747,2017-07-17,0,3.8187
prebreak,002690,2017-06-19,S,S,A,C,S,S,A,11.6377,11.8,11.23,0.57,,0,0.0,0.0,,0,0.0,0,0.0,0.0,,0,0.0,0,0.0,0.0,,0,0.0
prebreak,600085,2017-06-19,S,S,A,C,S,S,A,28.7273,29.67,28.51,1.16,,1,29.67,30.7456,2017-06-26,0,0.9072,1,29.67,30.1689,2017-07-03,0,0.4104,1,29.67,28.6661,2017-07-17,0,-0.8843
prebreak,600332,2017-06-19,S,S,A,C,S,S,A,23.2841,24.2,22.95,1.25,,0,0.0,0.0,,0,0.0,0,0.0,0.0,,0,0.0,0,0.0,0.0,,0,0.0
prebreak,600637,2017-06-19,S,S,A,C,S,S,A,12.9418,12.36,11.86,0.5,,0,0.0,0.0,,0,0.0,0,0.0,0.0,,0,0.0,0,0.0,0.0,,0,0.0
prebreak,000997,2017-06-20,S,S,A,C,S,S,A,17.706,17.88,16.96,0.92,,0,0.0,0.0,,0,0.0,0,0.0,0.0,,0,0.0,0,0.0,0.0,,0,0.0
prebreak,002583,2017-06-20,S,S,A,C,S,S,A,14.8976,15.14,14.63,0.51,,1,15.14,15.482,2017-06-27,0,0.6476,1,15.14,16.1357,2017-07-04,0,1.9286,1,15.14,15.8287,2017-07-18,0,1.3269
prebreak,000400,2017-06-21,S,S,A,C,S,S,A,15.4958,15.79,15.06,0.73,,1,15.79,16.4084,2017-06-28,0,0.8301,1,15.79,16.731,2017-07-05,0,1.2718,1,15.79,15.7948,2017-07-19,0,-0.0098
prebreak,000661,2017-06-21,S,S,A,C,S,S,A,57.8992,58.01,55.07,2.94,,0,0.0,0.0,,0,0.0,0,0.0,0.0,,0,0.0,0,0.0,0.0,,0,0.0
prebreak,002589,2017-06-21,S,S,A,C,S,S,A,14.6946,15.08,14.55,0.53,,0,0.0,0.0,,0,0.0,0,0.0,0.0,,0,0.0,0,0.0,0.0,,0,0.0
prebreak,600315,2017-06-21,S,S,A,C,S,S,A,28.5305,27.18,26.14,1.04,,1,27.18,29.334,2017-06-28,0,2.05,1,27.18,29.2312,2017-07-05,0,1.9512,1,27.18,28.5488,2017-07-19,0,1.2954
prebreak,002048,2017-06-23,S,S,A,C,S,S,A,15.0673,15.84,15.02,0.82,,0,0.0,0.0,,0,0.0,0,0.0,0.0,,0,0.0,0,0.0,0.0,,0,0.0
prebreak,002410,2017-06-23,S,S,A,C,S,S,A,11.94,12.07,11.48,0.59,,0,0.0,0.0,,0,0.0,0,0.0,0.0,,0,0.0,0,0.0,0.0,,0,0.0
prebreak,600056,2017-06-23,S,S,A,C,S,S,A,15.244,15.61,14.98,0.63,,1,15.61,15.4875,2017-06-28,0,-0.2131,1,15.61,15.4875,2017-06-28,0,-0.2131,1,15.61,15.4875,2017-06-28,0,-0.2131
prebreak,000756,2017-06-26,S,S,A,C,S,S,A,10.3013,9.93,9.41,0.52,,1,9.93,10.5351,2017-07-03,0,1.1485,1,9.93,10.3632,2017-07-10,0,0.8181,1,9.93,9.8681,2017-07-24,0,-0.1335
prebreak,002690,2017-06-26,S,S,A,C,S,S,A,11.4134,11.8,11.24,0.56,,0,0.0,0.0,,0,0.0,0,0.0,0.0,,0,0.0,0,0.0,0.0,,0,0.0
prebreak,300033,2017-06-26,S,S,A,C,S,S,A,39.2101,41.01,39.29,1.72,,0,0.0,0.0,,0,0.0,0,0.0,0.0,,0,0.0,0,0.0,0.0,,0,0.0
prebreak,600332,2017-06-26,S,S,A,C,S,S,A,23.6526,23.78,22.51,1.27,,0,0.0,0.0,,0,0.0,0,0.0,0.0,,0,0.0,0,0.0,0.0,,0,0.0
prebreak,600637,2017-06-26,S,S,A,C,S,S,A,13.0661,13.14,12.63,0.51,,0,0.0,0.0,,0,0.0,0,0.0,0.0,,0,0.0,0,0.0,0.0,,0,0.0
prebreak,000869,2017-06-27,S,S,A,C,S,S,A,31.5906,30.87,29.48,1.39,,0,0.0,0.0,,0,0.0,0,0.0,0.0,,0,0.0,0,0.0,0.0,,0,0.0
prebreak,000997,2017-06-27,S,S,A,C,S,S,A,18.009,18.09,17.38,0.71,,0,0.0,0.0,,0,0.0,0,0.0,0.0,,0,0.0,0,0.0,0.0,,0,0.0
prebreak,000998,2017-06-27,S,S,A,C,S,S,A,20.2174,20.86,19.97,0.89,,1,20.86,22.0999,2017-07-04,0,1.3745,1,20.86,21.9078,2017-07-11,0,1.1588,1,20.86,22.355,2017-07-25,0,1.6609
prebreak,002583,2017-06-27,S,S,A,C,S,S,A,15.482,15.4,14.63,0.77,,0,0.0,0.0,,0,0.0,0,0.0,0.0,,0,0.0,0,0.0,0.0,,0,0.0
prebreak,600511,2017-06-27,S,S,A,C,S,S,A,30.034,29.67,28.32,1.35,,0,0.0,0.0,,0,0.0,0,0.0,0.0,,0,0.0,0,0.0,0.0,,0,0.0
prebreak,000423,2017-06-29,S,S,A,C,S,S,A,56.1566,56.03,53.16,2.87,,0,0.0,0.0,,0,0.0,0,0.0,0.0,,0,0.0,0,0.0,0.0,,0,0.0
prebreak,002262,2017-06-29,S,S,A,C,S,S,A,13.778,13.31,12.66,0.65,,0,0.0,0.0,,0,0.0,0,0.0,0.0,,0,0.0,0,0.0,0.0,,0,0.0
prebreak,002570,2017-06-29,S,S,A,C,S,S,A,13.59,13.65,13.1,0.55,,0,0.0,0.0,,0,0.0,0,0.0,0.0,,0,0.0,0,0.0,0.0,,0,0.0
prebreak,600566,2017-06-29,S,S,A,C,S,S,A,25.5764,25.74,24.54,1.2,,0,0.0,0.0,,0,0.0,0,0.0,0.0,,0,0.0,0,0.0,0.0,,0,0.0
prebreak,002223,2017-06-30,S,S,A,C,S,S,A,20.5457,20.36,19.52,0.84,,0,0.0,0.0,,0,0.0,0,0.0,0.0,,0,0.0,0,0.0,0.0,,0,0.0
prebreak,600056,2017-06-30,S,S,A,C,S,S,A,15.798,15.94,15.12,0.82,,0,0.0,0.0,,0,0.0,0,0.0,0.0,,0,0.0,0,0.0,0.0,,0,0.0
prebreak,603589,2017-06-30,S,S,A,C,S,S,A,30.081,28.61,27.12,1.49,,0,0.0,0.0,,0,0.0,0,0.0,0.0,,0,0.0,0,0.0,0.0,,0,0.0
prebreak,002142,2017-07-03,S,S,A,C,S,S,A,11.3591,10.74,10.22,0.52,,0,0.0,0.0,,0,0.0,0,0.0,0.0,,0,0.0,0,0.0,0.0,,0,0.0
prebreak,300033,2017-07-03,S,S,A,C,S,S,A,40.2701,40.13,38.01,2.12,,0,0.0,0.0,,0,0.0,0,0.0,0.0,,0,0.0,0,0.0,0.0,,0,0.0
prebreak,600332,2017-07-03,S,S,A,C,S,S,A,23.9802,24.12,22.91,1.21,,0,0.0,0.0,,0,0.0,0,0.0,0.0,,0,0.0,0,0.0,0.0,,0,0.0
prebreak,000998,2017-07-04,S,S,A,C,S,S,A,22.0999,20.86,19.97,0.89,,0,0.0,0.0,,0,0.0,0,0.0,0.0,,0,0.0,0,0.0,0.0,,0,0.0
prebreak,000999,2017-07-04,S,S,A,C,S,S,A,14.5966,15.41,14.87,0.54,,0,0.0,0.0,,0,0.0,0,0.0,0.0,,0,0.0,0,0.0,0.0,,0,0.0
prebreak,002583,2017-07-04,S,S,A,C,S,S,A,16.1357,15.4,14.63,0.77,,1,15.4,15.8782,2017-07-11,0,0.6054,1,15.4,15.8287,2017-07-18,0,0.5412,1,15.4,16.3437,2017-08-01,0,1.2097
prebreak,600004,2017-07-04,S,S,A,C,S,S,A,11.9045,11.48,10.98,0.5,,0,0.0,0.0,,0,0.0,0,0.0,0.0,,0,0.0,0,0.0,0.0,,0,0.0
prebreak,603883,2017-07-05,S,S,A,C,S,S,A,17.5349,18.13,17.18,0.95,,0,0.0,0.0,,0,0.0,0,0.0,0.0,,0,0.0,0,0.0,0.0,,0,0.0
prebreak,000423,2017-07-06,S,S,A,C,S,S,A,53.415,56.96,54.38,2.58,,0,0.0,0.0,,0,0.0,0,0.0,0.0,,0,0.0,0,0.0,0.0,,0,0.0
prebreak,300244,2017-07-06,S,S,A,C,S,S,A,26.21,28.2,26.87,1.33,,0,0.0,0.0,,0,0.0,0,0.0,0.0,,0,0.0,0,0.0,0.0,,0,0.0
prebreak,600566,2017-07-06,S,S,A,C,S,S,A,25.4389,26.38,25.18,1.2,,0,0.0,0.0,,0,0.0,0,0.0,0.0,,0,0.0,0,0.0,0.0,,0,0.0
prebreak,002223,2017-07-07,S,S,A,C,S,S,A,19.8949,20.78,19.7,1.08,,0,0.0,0.0,,0,0.0,0,0.0,0.0,,0,0.0,0,0.0,0.0,,0,0.0
prebreak,002142,2017-07-10,S,S,A,C,S,S,A,11.318,10.74,10.22,0.52,,1,10.74,12.747,2017-07-17,0,3.8415,1,10.74,12.4983,2017-07-24,0,3.3635,1,10.74,11.8687,2017-08-07,0,2.1535
prebreak,002311,2017-07-10,S,S,A,C,S,S,A,15.6913,16.01,15.29,0.72,,0,0.0,0.0,,0,0.0,0,0.0,0.0,,0,0.0,0,0.0,0.0,,0,0.0
prebreak,300033,2017-07-10,S,S,A,C,S,S,A,38.5943,40.58,38.49,2.09,,0,0.0,0.0,,0,0.0,0,0.0,0.0,,0,0.0,0,0.0,0.0,,0,0.0
prebreak,600332,2017-07-10,S,S,A,C,S,S,A,23.063,24.09,22.94,1.15,,0,0.0,0.0,,0,0.0,0,0.0,0.0,,0,0.0,0,0.0,0.0,,0,0.0
prebreak,601689,2017-07-10,S,S,A,C,S,S,A,14.0281,15.13,14.4,0.73,,0,0.0,0.0,,0,0.0,0,0.0,0.0,,0,0.0,0,0.0,0.0,,0,0.0
prebreak,300357,2017-07-12,S,S,A,C,S,S,A,11.4766,12.23,11.65,0.58,,0,0.0,0.0,,0,0.0,0,0.0,0.0,,0,0.0,0,0.0,0.0,,0,0.0
prebreak,603355,2017-07-12,S,S,A,C,S,S,A,30.3167,32.31,30.76,1.55,,0,0.0,0.0,,0,0.0,0,0.0,0.0,,0,0.0,0,0.0,0.0,,0,0.0
prebreak,603989,2017-07-12,S,S,A,C,S,S,A,26.3165,27.93,26.63,1.3,,0,0.0,0.0,,0,0.0,0,0.0,0.0,,0,0.0,0,0.0,0.0,,0,0.0
prebreak,000423,2017-07-13,S,S,A,C,S,S,A,52.1843,54.12,51.55,2.57,,0,0.0,0.0,,0,0.0,0,0.0,0.0,,0,0.0,0,0.0,0.0,,0,0.0
prebreak,002262,2017-07-13,S,S,A,C,S,S,A,13.3044,13.84,13.18,0.66,,0,0.0,0.0,,0,0.0,0,0.0,0.0,,0,0.0,0,0.0,0.0,,0,0.0
prebreak,300115,2017-07-13,S,S,A,C,S,S,A,25.5663,23.61,22.59,1.02,,0,0.0,0.0,,0,0.0,0,0.0,0.0,,0,0.0,0,0.0,0.0,,0,0.0
prebreak,300244,2017-07-13,S,S,A,C,S,S,A,26.2889,26.35,25.03,1.32,,0,0.0,0.0,,0,0.0,0,0.0,0.0,,0,0.0,0,0.0,0.0,,0,0.0
prebreak,600566,2017-07-13,S,S,A,C,S,S,A,25.1365,25.76,24.83,0.93,,0,0.0,0.0,,0,0.0,0,0.0,0.0,,0,0.0,0,0.0,0.0,,0,0.0
prebreak,002223,2017-07-14,S,S,A,C,S,S,A,19.1141,19.91,19.06,0.85,,0,0.0,0.0,,0,0.0,0,0.0,0.0,,0,0.0,0,0.0,0.0,,0,0.0
prebreak,000999,2017-07-18,S,S,A,C,S,S,A,13.7433,14.57,14.01,0.56,,0,0.0,0.0,,0,0.0,0,0.0,0.0,,0,0.0,0,0.0,0.0,,0,0.0
prebreak,002322,2017-07-18,S,S,A,C,S,S,A,14.5692,17.22,16.33,0.89,,0,0.0,0.0,,0,0.0,0,0.0,0.0,,0,0.0,0,0.0,0.0,,0,0.0
prebreak,000400,2017-07-19,S,S,A,C,S,S,A,15.7948,16.95,16.3,0.65,,0,0.0,0.0,,0,0.0,0,0.0,0.0,,0,0.0,0,0.0,0.0,,0,0.0
prebreak,002376,2017-07-19,S,S,A,C,S,S,A,10.0932,11.33,10.76,0.57,,0,0.0,0.0,,0,0.0,0,0.0,0.0,,0,0.0,0,0.0,0.0,,0,0.0
prebreak,600315,2017-07-19,S,S,A,C,S,S,A,28.5488,29.42,27.98,1.44,,0,0.0,0.0,,0,0.0,0,0.0,0.0,,0,0.0,0,0.0,0.0,,0,0.0
prebreak,601969,2017-07-19,S,S,A,C,S,S,A,11.2795,10.43,9.9,0.53,,1,10.43,11.194,2017-07-26,0,1.4257,1,10.43,11.8492,2017-08-02,0,2.661,1,10.43,10.7098,2017-08-16,0,0.5127
prebreak,603989,2017-07-19,S,S,A,C,S,S,A,25.371,27.93,26.63,1.3,,0,0.0,0.0,,0,0.0,0,0.0,0.0,,0,0.0,0,0.0,0.0,,0,0.0
prebreak,000423,2017-07-20,S,S,A,C,S,S,A,53.0598,53.41,50.92,2.49,,0,0.0,0.0,,0,0.0,0,0.0,0.0,,0,0.0,0,0.0,0.0,,0,0.0
prebreak,000792,2017-07-20,S,S,A,C,S,S,A,10.6,10.75,10.23,0.52,,0,0.0,0.0,,0,0.0,0,0.0,0.0,,0,0.0,0,0.0,0.0,,0,0.0
prebreak,300244,2017-07-20,S,S,A,C,S,S,A,23.7635,26.35,25.03,1.32,,0,0.0,0.0,,0,0.0,0,0.0,0.0,,0,0.0,0,0.0,0.0,,0,0.0
prebreak,002727,2017-07-21,S,S,A,C,S,S,A,15.7641,16.81,16.03,0.78,,0,0.0,0.0,,0,0.0,0,0.0,0.0,,0,0.0,0,0.0,0.0,,0,0.0
prebreak,300463,2017-07-21,S,S,A,C,S,S,A,20.2445,23.65,22.59,1.06,,0,0.0,0.0,,0,0.0,0,0.0,0.0,,0,0.0,1,23.65,23.4025,2017-08-18,0,-0.2503
prebreak,601238,2017-07-21,S,S,A,C,S,S,A,16.21,16.26,15.55,0.71,,0,0.0,0.0,,0,0.0,0,0.0,0.0,,0,0.0,0,0.0,0.0,,0,0.0
prebreak,002733,2017-07-24,S,S,A,C,S,S,A,16.4402,16.6,15.8,0.8,,0,0.0,0.0,,0,0.0,0,0.0,0.0,,0,0.0,0,0.0,0.0,,0,0.0
prebreak,300199,2017-07-24,S,S,A,C,S,S,A,14.6382,15.04,14.28,0.76,,0,0.0,0.0,,0,0.0,0,0.0,0.0,,0,0.0,0,0.0,0.0,,0,0.0
prebreak,600872,2017-07-24,S,S,A,C,S,S,A,16.7362,16.7,15.93,0.77,,0,0.0,0.0,,0,0.0,0,0.0,0.0,,0,0.0,0,0.0,0.0,,0,0.0
prebreak,000997,2017-07-25,S,S,A,C,S,S,A,18.605,19.04,18.2,0.84,,0,0.0,0.0,,0,0.0,0,0.0,0.0,,0,0.0,0,0.0,0.0,,0,0.0
prebreak,000999,2017-07-25,S,S,A,C,S,S,A,13.7967,14.27,13.65,0.62,,0,0.0,0.0,,0,0.0,0,0.0,0.0,,0,0.0,1,14.27,14.3023,2017-08-22,0,0.0346
prebreak,002322,2017-07-25,S,S,A,C,S,S,A,15.0019,15.11,14.34,0.77,,0,0.0,0.0,,0,0.0,0,0.0,0.0,,0,0.0,0,0.0,0.0,,0,0.0
prebreak,000513,2017-07-26,S,S,A,C,S,S,A,21.0998,22.03,20.95,1.08,,0,0.0,0.0,,0,0.0,0,0.0,0.0,,0,0.0,1,22.03,21.7871,2017-08-23,0,-0.2403
prebreak,600315,2017-07-26,S,S,A,C,S,S,A,28.9227,29.13,27.81,1.32,,0,0.0,0.0,,0,0.0,0,0.0,0.0,,0,0.0,0,0.0,0.0,,0,0.0
prebreak,603989,2017-07-26,S,S,A,C,S,S,A,24.718,25.99,24.73,1.26,,0,0.0,0.0,,0,0.0,0,0.0,0.0,,0,0.0,0,0.0,0.0,,0,0.0
prebreak,000792,2017-07-27,S,S,A,C,S,S,A,10.92,10.75,10.23,0.52,,1,10.75,12.45,2017-08-03,0,3.2515,1,10.75,11.36,2017-08-10,0,1.1566,1,10.75,11.08,2017-08-24,0,0.6185
prebreak,300244,2017-07-27,S,S,A,C,S,S,A,24.3861,26.35,25.03,1.32,,0,0.0,0.0,,0,0.0,0,0.0,0.0,,0,0.0,0,0.0,0.0,,0,0.0
prebreak,002048,2017-07-28,S,S,A,C,S,S,A,14.9209,15.68,14.97,0.71,,0,0.0,0.0,,0,0.0,0,0.0,0.0,,0,0.0,0,0.0,0.0,,0,0.0
prebreak,300024,2017-07-31,S,S,A,C,S,S,A,19.8947,19.98,19.04,0.94,,0,0.0,0.0,,0,0.0,0,0.0,0.0,,0,0.0,0,0.0,0.0,,0,0.0
prebreak,300050,2017-07-31,S,S,A,C,S,S,A,10.3374,10.36,9.84,0.52,,1,10.36,10.0782,2017-08-03,0,-0.5567,1,10.36,10.0782,2017-08-03,0,-0.5567,1,10.36,10.0782,2017-08-03,0,-0.5567
prebreak,300199,2017-07-31,S,S,A,C,S,S,A,15.0527,14.93,14.18,0.75,,0,0.0,0.0,,0,0.0,0,0.0,0.0,,0,0.0,0,0.0,0.0,,0,0.0
prebreak,600872,2017-07-31,S,S,A,C,S,S,A,17.1783,16.7,15.93,0.77,,1,16.7,17.494,2017-08-07,0,1.0141,1,16.7,19.6684,2017-08-14,0,3.8361,1,16.7,19.2353,2017-08-28,0,3.2741
prebreak,600993,2017-07-31,S,S,A,C,S,S,A,17.9885,18.27,17.55,0.72,,0,0.0,0.0,,0,0.0,0,0.0,0.0,,0,0.0,0,0.0,0.0,,0,0.0
prebreak,000701,2017-08-01,S,S,A,C,S,S,A,13.321,13.59,13.06,0.53,,0,0.0,0.0,,0,0.0,0,0.0,0.0,,0,0.0,0,0.0,0.0,,0,0.0
prebreak,000915,2017-08-01,S,S,A,C,S,S,A,22.3297,27.47,26.18,1.29,,0,0.0,0.0,,0,0.0,0,0.0,0.0,,0,0.0,0,0.0,0.0,,0,0.0
prebreak,000997,2017-08-01,S,S,A,C,S,S,A,19.4297,19.04,18.14,0.9,,0,0.0,0.0,,0,0.0,0,0.0,0.0,,0,0.0,0,0.0,0.0,,0,0.0
prebreak,300244,2017-08-03,S,S,A,C,S,S,A,22.7989,26.35,25.03,1.32,,0,0.0,0.0,,0,0.0,0,0.0,0.0,,0,0.0,0,0.0,0.0,,0,0.0
prebreak,300476,2017-08-03,S,S,A,C,S,S,A,12.6526,12.4,11.81,0.59,,1,12.4,12.3384,2017-08-08,0,-0.1203,1,12.4,12.3384,2017-08-08,0,-0.1203,1,12.4,12.3384,2017-08-08,0,-0.1203
prebreak,603188,2017-08-03,S,S,A,C,S,S,A,19.0791,18.66,17.72,0.94,,1,18.66,18.6215,2017-08-08,0,-0.056,1,18.66,18.6215,2017-08-08,0,-0.056,1,18.66,18.6215,2017-08-08,0,-0.056
prebreak,002048,2017-08-04,S,S,A,C,S,S,A,14.2404,15.02,14.31,0.71,,0,0.0,0.0,,0,0.0,0,0.0,0.0,,0,0.0,1,15.02,16.0113,2017-09-01,0,1.3792
prebreak,002223,2017-08-04,S,S,A,C,S,S,A,16.6413,16.9,16.26,0.64,,0,0.0,0.0,,0,0.0,0,0.0,0.0,,0,0.0,0,0.0,0.0,,0,0.0
prebreak,300463,2017-08-04,S,S,A,C,S,S,A,20.8286,20.93,19.87,1.06,,0,0.0,0.0,,0,0.0,0,0.0,0.0,,0,0.0,0,0.0,0.0,,0,0.0
prebreak,600990,2017-08-04,S,S,A,C,S,S,A,34.4005,34.65,33.2,1.45,,0,0.0,0.0,,0,0.0,1,34.65,34.2336,2017-08-18,0,-0.3051,1,34.65,34.2509,2017-08-21,0,-0.2932
prebreak,002311,2017-08-07,S,S,A,C,S,S,A,16.2681,16.85,15.98,0.87,,0,0.0,0.0,,0,0.0,0,0.0,0.0,,0,0.0,0,0.0,0.0,,0,0.0
prebreak,600872,2017-08-07,S,S,A,C,S,S,A,17.494,16.7,15.93,0.77,,0,0.0,0.0,,0,0.0,0,0.0,0.0,,0,0.0,0,0.0,0.0,,0,0.0
prebreak,000997,2017-08-08,S,S,A,C,S,S,A,20.4021,20.13,19.07,1.06,,0,0.0,0.0,,0,0.0,0,0.0,0.0,,0,0.0,0,0.0,0.0,,0,0.0
prebreak,002038,2017-08-08,S,S,A,C,S,S,A,15.6402,16.26,15.55,0.71,,0,0.0,0.0,,0,0.0,0,0.0,0.0,,0,0.0,1,16.26,16.9986,2017-09-05,0,1.0222
prebreak,300003,2017-08-08,S,S,A,C,S,S,A,18.3062,19.49,18.52,0.97,,1,19.49,19.2953,2017-08-14,0,-0.2159,1,19.49,19.2953,2017-08-14,0,-0.2159,1,19.49,19.2953,2017-08-14,0,-0.2159
prebreak,603919,2017-08-08,S,S,A,C,S,S,A,13.9537,13.05,12.41,0.64,,1,13.05,14.7748,2017-08-15,0,2.6779,1,13.05,13.8392,2017-08-22,0,1.2169,1,13.05,13.6911,2017-09-05,0,0.9856
prebreak,000400,2017-08-09,S,S,A,C,S,S,A,15.285,16.25,15.44,0.81,,0,0.0,0.0,,0,0.0,0,0.0,0.0,,0,0.0,1,16.25,16.0266,2017-09-05,0,-0.2909
prebreak,000513,2017-08-09,S,S,A,C,S,S,A,21.0738,21.68,20.55,1.13,,0,0.0,0.0,,0,0.0,0,0.0,0.0,,0,0.0,0,0.0,0.0,,0,0.0
prebreak,600315,2017-08-09,S,S,A,C,S,S,A,28.8012,29.28,28.04,1.24,,0,0.0,0.0,,0,0.0,1,29.28,29.2218,2017-08-22,0,-0.0648,1,29.28,29.2218,2017-08-22,0,-0.0648
prebreak,600366,2017-08-09,S,S,A,C,S,S,A,10.6128,9.74,9.22,0.52,,0,0.0,0.0,,0,0.0,0,0.0,0.0,,0,0.0,0,0.0,0.0,,0,0.0
prebreak,603989,2017-08-09,S,S,A,C,S,S,A,24.6228,25.15,24.17,0.98,,0,0.0,0.0,,0,0.0,0,0.0,0.0,,0,0.0,0,0.0,0.0,,0,0.0
prebreak,000860,2017-08-14,S,S,A,C,S,S,A,16.0101,15.49,14.84,0.65,,1,15.49,15.7621,2017-08-17,0,0.4002,1,15.49,15.7621,2017-08-17,0,0.4002,1,15.49,15.7621,2017-08-17,0,0.4002
prebreak,002311,2017-08-14,S,S,A,C,S,S,A,16.5385,16.9,16.09,0.81,,0,0.0,0.0,,0,0.0,0,0.0,0.0,,0,0.0,0,0.0,0.0,,0,0.0
prebreak,002646,2017-08-14,S,S,A,C,S,S,A,17.8064,17.49,16.74,0.75,,0,0.0,0.0,,0,0.0,0,0.0,0.0,,0,0.0,0,0.0,0.0,,0,0.0
prebreak,601689,2017-08-14,S,S,A,C,S,S,A,12.8543,14.08,13.43,0.65,,0,0.0,0.0,,0,0.0,0,0.0,0.0,,0,0.0,0,0.0,0.0,,0,0.0
prebreak,000869,2017-08-15,S,S,A,C,S,S,A,31.9845,30.9,29.28,1.62,,0,0.0,0.0,,0,0.0,0,0.0,0.0,,0,0.0,0,0.0,0.0,,0,0.0
prebreak,002038,2017-08-15,S,S,A,C,S,S,A,15.9555,16.15,15.43,0.72,,0,0.0,0.0,,0,0.0,0,0.0,0.0,,0,0.0,0,0.0,0.0,,0,0.0
prebreak,000661,2017-08-16,S,S,A,C,S,S,A,59.3373,58.01,55.54,2.47,,0,0.0,0.0,,0,0.0,0,0.0,0.0,,0,0.0,0,0.0,0.0,,0,0.0
prebreak,600315,2017-08-16,S,S,A,C,S,S,A,28.3618,28.85,27.75,1.1,,1,28.85,29.2218,2017-08-22,0,0.3179,1,28.85,29.2218,2017-08-22,0,0.3179,1,28.85,29.2218,2017-08-22,0,0.3179
prebreak,603989,2017-08-16,S,S,A,C,S,S,A,24.8677,24.99,24.06,0.93,,0,0.0,0.0,,0,0.0,0,0.0,0.0,,0,0.0,0,0.0,0.0,,0,0.0
prebreak,002262,2017-08-17,S,S,A,C,S,S,A,12.7763,13.25,12.56,0.69,,0,0.0,0.0,,0,0.0,0,0.0,0.0,,0,0.0,0,0.0,0.0,,0,0.0
prebreak,002326,2017-08-17,S,S,A,C,S,S,A,12.3814,12.46,11.82,0.64,,0,0.0,0.0,,0,0.0,0,0.0,0.0,,0,0.0,1,12.46,12.7405,2017-09-14,0,0.4232
prebreak,002491,2017-08-17,S,S,A,C,S,S,A,12.638,12.43,11.88,0.55,,0,0.0,0.0,,0,0.0,0,0.0,0.0,,0,0.0,0,0.0,0.0,,0,0.0
prebreak,300476,2017-08-17,S,S,A,C,S,S,A,13.6407,12.4,11.81,0.59,,0,0.0,0.0,,0,0.0,0,0.0,0.0,,0,0.0,0,0.0,0.0,,0,0.0
prebreak,600566,2017-08-17,S,S,A,C,S,S,A,24.5316,25.4,24.14,1.26,,0,0.0,0.0,,0,0.0,0,0.0,0.0,,0,0.0,0,0.0,0.0,,0,0.0
prebreak,002048,2017-08-18,S,S,A,C,S,S,A,14.4087,14.48,13.89,0.59,,0,0.0,0.0,,0,0.0,0,0.0,0.0,,0,0.0,0,0.0,0.0,,0,0.0
prebreak,000756,2017-08-21,S,S,A,C,S,S,A,10.9959,10.68,10.17,0.51,,1,10.68,10.7277,2017-08-24,0,0.0775,1,10.68,10.7277,2017-08-24,0,0.0775,1,10.68,10.7277,2017-08-24,0,0.0775
prebreak,002311,2017-08-21,S,S,A,C,S,S,A,16.5294,16.94,16.12,0.82,,1,16.94,16.8179,2017-08-28,0,-0.1646,1,16.94,16.8539,2017-08-29,0,-0.1206,1,16.94,16.8539,2017-08-29,0,-0.1206
prebreak,601688,2017-08-21,S,S,A,C,S,S,A,15.956,16.3,15.66,0.64,,0,0.0,0.0,,0,0.0,0,0.0,0.0,,0,0.0,0,0.0,0.0,,0,0.0
prebreak,002673,2017-08-23,S,S,A,C,S,S,A,14.3489,13.55,13.02,0.53,,1,13.55,14.5475,2017-08-30,0,1.8614,1,13.55,14.3128,2017-09-06,0,1.419,1,13.55,14.3038,2017-09-20,0,1.4019
prebreak,601969,2017-08-23,S,S,A,C,S,S,A,10.6813,11.12,10.53,0.59,,0,0.0,0.0,,0,0.0,0,0.0,0.0,,0,0.0,0,0.0,0.0,,0,0.0
prebreak,603939,2017-08-23,S,S,A,C,S,S,A,10.3458,9.77,9.26,0.51,,0,0.0,0.0,,0,0.0,0,0.0,0.0,,0,0.0,0,0.0,0.0,,0,0.0
prebreak,603989,2017-08-23,S,S,A,C,S,S,A,23.5617,25.47,24.16,1.31,,0,0.0,0.0,,0,0.0,0,0.0,0.0,,0,0.0,0,0.0,0.0,,0,0.0
prebreak,300054,2017-08-25,S,S,A,C,S,S,A,9.5953,10.42,9.92,0.5,,0,0.0,0.0,,0,0.0,0,0.0,0.0,,0,0.0,1,10.42,10.3547,2017-09-22,0,-0.1465
prebreak,600038,2017-08-25,S,S,A,C,S,S,A,42.6968,43.93,41.96,1.97,,0,0.0,0.0,,0,0.0,0,0.0,0.0,,0,0.0,0,0.0,0.0,,0,0.0
prebreak,000756,2017-08-28,S,S,A,C,S,S,A,11.0096,10.68,10.17,0.51,,0,0.0,0.0,,0,0.0,0,0.0,0.0,,0,0.0,0,0.0,0.0,,0,0.0
prebreak,002311,2017-08-28,S,S,A,C,S,S,A,16.8179,16.97,16.13,0.84,,0,0.0,0.0,,0,0.0,0,0.0,0.0,,0,0.0,0,0.0,0.0,,0,0.0
prebreak,300050,2017-08-28,S,S,A,C,S,S,A,10.5168,10.49,9.94,0.55,,0,0.0,0.0,,0,0.0,0,0.0,0.0,,0,0.0,0,0.0,0.0,,0,0.0
prebreak,601688,2017-08-28,S,S,A,C,S,S,A,18.6385,16.3,15.66,0.64,,1,16.3,19.072,2017-09-04,0,4.3092,1,16.3,18.1069,2017-09-11,0,2.8022,1,16.3,18.1233,2017-09-25,0,2.8278
prebreak,603288,2017-08-28,S,S,A,C,S,S,A,17.3124,18.08,17.18,0.9,,0,0.0,0.0,,0,0.0,0,0.0,0.0,,0,0.0,1,18.08,19.2818,2017-09-25,0,1.3192
prebreak,000333,2017-08-29,S,S,A,C,S,S,A,30.1431,29.5,27.99,1.51,,0,0.0,0.0,,0,0.0,0,0.0,0.0,,0,0.0,0,0.0,0.0,,0,0.0
prebreak,000701,2017-08-29,S,S,A,C,S,S,A,14.1952,13.92,13.24,0.68,,1,13.92,13.3707,2017-09-01,0,-0.8229,1,13.92,13.3707,2017-09-01,0,-0.8229,1,13.92,13.3707,2017-09-01,0,-0.8229
prebreak,000869,2017-08-29,S,S,A,C,S,S,A,30.4241,31.25,30.08,1.17,,0,0.0,0.0,,0,0.0,0,0.0,0.0,,0,0.0,0,0.0,0.0,,0,0.0
prebreak,300003,2017-08-29,S,S,A,C,S,S,A,19.6838,19.63,18.78,0.85,,0,0.0,0.0,,0,0.0,0,0.0,0.0,,0,0.0,0,0.0,0.0,,0,0.0
prebreak,600668,2017-08-29,S,S,A,C,S,S,A,13.2769,13.53,12.98,0.55,,0,0.0,0.0,,0,0.0,0,0.0,0.0,,0,0.0,1,13.53,13.1639,2017-09-18,0,-0.6839
prebreak,000028,2017-08-30,S,S,A,C,S,S,A,42.2575,47.09,45.36,1.73,,0,0.0,0.0,,0,0.0,0,0.0,0.0,,0,0.0,0,0.0,0.0,,0,0.0
prebreak,002304,2017-08-30,S,S,A,C,S,S,A,68.5277,67.17,64.59,2.58,,0,0.0,0.0,,0,0.0,0,0.0,0.0,,0,0.0,0,0.0,0.0,,0,0.0
prebreak,002673,2017-08-30,S,S,A,C,S,S,A,14.5475,13.55,13.02,0.53,,0,0.0,0.0,,0,0.0,0,0.0,0.0,,0,0.0,0,0.0,0.0,,0,0.0
prebreak,002326,2017-08-31,S,S,A,C,S,S,A,12.0564,12.12,11.57,0.55,,0,0.0,0.0,,0,0.0,0,0.0,0.0,,0,0.0,0,0.0,0.0,,0,0.0
prebreak,002491,2017-08-31,S,S,A,C,S,S,A,12.6973,12.94,12.25,0.69,,1,12.94,13.083,2017-09-07,0,0.1929,1,12.94,13.1522,2017-09-14,0,0.2931,1,12.94,14.0324,2017-09-28,0,1.5679
prebreak,300476,2017-08-31,S,S,A,C,S,S,A,13.4734,12.56,11.95,0.61,,0,0.0,0.0,,0,0.0,0,0.0,0.0,,0,0.0,0,0.0,0.0,,0,0.0
prebreak,002410,2017-09-01,S,S,A,C,S,S,A,12.9085,12.13,11.51,0.62,,1,12.13,13.3595,2017-09-08,0,1.967,1,12.13,13.9167,2017-09-15,0,2.8651,1,12.13,13.5652,2017-09-29,0,2.2984
prebreak,300307,2017-09-01,S,S,A,C,S,S,A,10.1261,10.13,9.61,0.52,,1,10.13,9.9387,2017-09-08,0,-0.3824,1,10.13,9.9574,2017-09-15,0,-0.3464,1,10.13,9.61,2017-09-25,1,-1.0142
prebreak,600584,2017-09-01,S,S,A,C,S,S,A,16.4583,15.22,14.42,0.8,,1,15.22,16.9653,2017-09-08,0,2.1658,1,15.22,16.5461,2017-09-15,0,1.6421,1,15.22,18.8276,2017-10-18,0,4.4922
prebreak,002138,2017-09-04,S,S,A,C,S,S,A,18.7333,18.09,17.34,0.75,,0,0.0,0.0,,0,0.0,0,0.0,0.0,,0,0.0,0,0.0,0.0,,0,0.0
prebreak,002311,2017-09-04,S,S,A,C,S,S,A,16.6827,17.17,16.55,0.62,,1,17.17,16.7818,2017-09-07,0,-0.6468,1,17.17,16.7818,2017-09-07,0,-0.6468,1,17.17,16.7818,2017-09-07,0,-0.6468
prebreak,000869,2017-09-05,S,S,A,C,S,S,A,31.0276,31.42,30.35,1.07,,0,0.0,0.0,,0,0.0,0,0.0,0.0,,0,0.0,0,0.0,0.0,,0,0.0
prebreak,002537,2017-09-05,S,S,A,C,S,S,A,11.623,12.12,11.48,0.64,,0,0.0,0.0,,0,0.0,0,0.0,0.0,,0,0.0,0,0.0,0.0,,0,0.0
prebreak,300003,2017-09-05,S,S,A,C,S,S,A,20.77,19.63,18.78,0.85,,0,0.0,0.0,,0,0.0,0,0.0,0.0,,0,0.0,0,0.0,0.0,,0,0.0
prebreak,002117,2017-09-06,S,S,A,C,S,S,A,11.1704,11.1,10.55,0.55,,0,0.0,0.0,,0,0.0,0,0.0,0.0,,0,0.0,0,0.0,0.0,,0,0.0
prebreak,002673,2017-09-06,S,S,A,C,S,S,A,14.3128,14.8,14.13,0.67,,0,0.0,0.0,,0,0.0,0,0.0,0.0,,0,0.0,0,0.0,0.0,,0,0.0
prebreak,600276,2017-09-06,S,S,A,C,S,S,A,24.8873,24.2,23.11,1.09,,0,0.0,0.0,,0,0.0,0,0.0,0.0,,0,0.0,0,0.0,0.0,,0,0.0
prebreak,600643,2017-09-06,S,S,A,C,S,S,A,12.3888,12.42,11.87,0.55,,0,0.0,0.0,,0,0.0,0,0.0,0.0,,0,0.0,0,0.0,0.0,,0,0.0
prebreak,600859,2017-09-06,S,S,A,C,S,S,A,15.0024,15.08,14.38,0.7,,0,0.0,0.0,,0,0.0,0,0.0,0.0,,0,0.0,0,0.0,0.0,,0,0.0
prebreak,603989,2017-09-06,S,S,A,C,S,S,A,25.0241,24.65,23.35,1.3,,0,0.0,0.0,,0,0.0,0,0.0,0.0,,0,0.0,0,0.0,0.0,,0,0.0
prebreak,002126,2017-09-07,S,S,A,C,S,S,A,9.8761,10.04,9.52,0.52,,1,10.04,9.9237,2017-09-14,0,-0.2382,1,10.04,9.638,2017-09-21,0,-0.7873,1,10.04,9.52,2017-09-25,1,-1.014
prebreak,002221,2017-09-07,S,S,A,C,S,S,A,11.2411,11.1,10.55,0.55,,0,0.0,0.0,,0,0.0,0,0.0,0.0,,0,0.0,0,0.0,0.0,,0,0.0
prebreak,300001,2017-09-07,S,S,A,C,S,S,A,15.6304,16.0,15.35,0.65,,1,16.0,16.9735,2017-09-14,0,1.478,1,16.0,17.2362,2017-09-21,0,1.882,1,16.0,16.117,2017-10-12,0,0.1612
prebreak,002410,2017-09-08,S,S,A,C,S,S,A,13.3595,12.13,11.51,0.62,,0,0.0,0.0,,0,0.0,0,0.0,0.0,,0,0.0,0,0.0,0.0,,0,0.0
prebreak,300054,2017-09-08,S,S,A,C,S,S,A,9.9405,10.01,9.48,0.53,,0,0.0,0.0,,0,0.0,0,0.0,0.0,,0,0.0,0,0.0,0.0,,0,0.0
prebreak,300307,2017-09-08,S,S,A,C,S,S,A,9.9387,10.13,9.61,0.52,,0,0.0,0.0,,0,0.0,0,0.0,0.0,,0,0.0,0,0.0,0.0,,0,0.0
prebreak,600056,2017-09-08,S,S,A,C,S,S,A,14.3613,14.73,14.2,0.53,,0,0.0,0.0,,0,0.0,0,0.0,0.0,,0,0.0,0,0.0,0.0,,0,0.0
prebreak,600062,2017-09-08,S,S,A,C,S,S,A,14.6738,14.99,14.46,0.53,,0,0.0,0.0,,0,0.0,0,0.0,0.0,,0,0.0,1,14.99,15.05,2017-10-13,0,0.0917
prebreak,600486,2017-09-08,S,S,A,C,S,S,A,27.2987,28.88,27.63,1.25,,0,0.0,0.0,,0,0.0,0,0.0,0.0,,0,0.0,0,0.0,0.0,,0,0.0
prebreak,600584,2017-09-08,S,S,A,C,S,S,A,16.9653,15.22,14.42,0.8,,0,0.0,0.0,,0,0.0,0,0.0,0.0,,0,0.0,0,0.0,0.0,,0,0.0
prebreak,000963,2017-09-11,S,S,A,C,S,S,A,22.8613,23.76,22.59,1.17,,0,0.0,0.0,,0,0.0,1,23.76,23.7728,2017-09-25,0,-0.0045,1,23.76,23.7434,2017-09-27,0,-0.0296
prebreak,002311,2017-09-11,S,S,A,C,S,S,A,17.4487,17.36,16.6,0.76,,0,0.0,0.0,,0,0.0,0,0.0,0.0,,0,0.0,0,0.0,0.0,,0,0.0
prebreak,300050,2017-09-11,S,S,A,C,S,S,A,10.6963,11.06,10.5,0.56,,0,0.0,0.0,,0,0.0,1,11.06,10.8558,2017-09-25,0,-0.3795,1,11.06,10.5,2017-09-26,1,-1.0144
prebreak,000869,2017-09-12,S,S,A,C,S,S,A,30.4069,31.6,30.12,1.48,,0,0.0,0.0,,0,0.0,1,31.6,32.0363,2017-09-26,0,0.2784,1,31.6,32.9242,2017-10-17,0,0.878
prebreak,300003,2017-09-12,S,S,A,C,S,S,A,18.9509,20.92,20.01,0.91,,0,0.0,0.0,,0,0.0,0,0.0,0.0,,0,0.0,0,0.0,0.0,,0,0.0
prebreak,300207,2017-09-12,S,S,A,C,S,S,A,12.1877,11.78,11.24,0.54,,0,0.0,0.0,,0,0.0,0,0.0,0.0,,0,0.0,0,0.0,0.0,,0,0.0
prebreak,601628,2017-09-12,S,S,A,C,S,S,A,24.0729,25.25,24.35,0.9,,0,0.0,0.0,,0,0.0,0,0.0,0.0,,0,0.0,0,0.0,0.0,,0,0.0
prebreak,002117,2017-09-13,S,S,A,C,S,S,A,10.6717,11.26,10.73,0.53,,1,11.26,10.9482,2017-09-19,0,-0.6041,1,11.26,10.9482,2017-09-19,0,-0.6041,1,11.26,10.9482,2017-09-19,0,-0.6041
prebreak,300357,2017-09-13,S,S,A,C,S,S,A,12.0185,12.37,11.83,0.54,,0,0.0,0.0,,0,0.0,0,0.0,0.0,,0,0.0,0,0.0,0.0,,0,0.0
prebreak,600875,2017-09-13,S,S,A,C,S,S,A,9.4002,9.67,9.16,0.51,,0,0.0,0.0,,0,0.0,0,0.0,0.0,,0,0.0,0,0.0,0.0,,0,0.0
prebreak,603788,2017-09-13,S,S,A,C,S,S,A,19.0903,20.4,19.38,1.02,,0,0.0,0.0,,0,0.0,0,0.0,0.0,,0,0.0,0,0.0,0.0,,0,0.0
prebreak,603989,2017-09-13,S,S,A,C,S,S,A,25.6091,25.75,24.49,1.26,,0,0.0,0.0,,0,0.0,0,0.0,0.0,,0,0.0,0,0.0,0.0,,0,0.0
prebreak,300335,2017-09-15,S,S,A,C,S,S,A,16.2415,16.23,15.39,0.84,,0,0.0,0.0,,0,0.0,0,0.0,0.0,,0,0.0,0,0.0,0.0,,0,0.0
prebreak,600062,2017-09-15,S,S,A,C,S,S,A,14.5848,14.72,14.16,0.56,,0,0.0,0.0,,0,0.0,0,0.0,0.0,,0,0.0,1,14.72,15.2895,2017-10-20,0,0.9963
prebreak,600372,2017-09-15,S,S,A,C,S,S,A,15.7376,16.42,15.68,0.74,,0,0.0,0.0,,0,0.0,0,0.0,0.0,,0,0.0,0,0.0,0.0,,0,0.0
prebreak,002311,2017-09-18,S,S,A,C,S,S,A,17.3316,17.65,16.82,0.83,,0,0.0,0.0,,0,0.0,0,0.0,0.0,,0,0.0,1,17.65,17.9354,2017-10-23,0,0.3275
prebreak,300347,2017-09-18,S,S,A,C,S,S,A,17.9732,17.34,16.47,0.87,,1,17.34,18.4685,2017-09-25,0,1.2812,1,17.34,18.9258,2017-10-09,0,1.8065,1,17.34,20.323,2017-10-23,0,3.4114
prebreak,600897,2017-09-18,S,S,A,C,S,S,A,14.3513,14.76,14.17,0.59,,0,0.0,0.0,,0,0.0,0,0.0,0.0,,0,0.0,0,0.0,0.0,,0,0.0
prebreak,002583,2017-09-19,S,S,A,C,S,S,A,15.6702,16.26,15.46,0.8,,0,0.0,0.0,,0,0.0,0,0.0,0.0,,0,0.0,0,0.0,0.0,,0,0.0
prebreak,300207,2017-09-19,S,S,A,C,S,S,A,11.6354,11.78,11.24,0.54,,0,0.0,0.0,,0,0.0,0,0.0,0.0,,0,0.0,0,0.0,0.0,,0,0.0
prebreak,300339,2017-09-19,S,S,A,C,S,S,A,11.8245,12.84,12.19,0.65,,0,0.0,0.0,,0,0.0,0,0.0,0.0,,0,0.0,0,0.0,0.0,,0,0.0
prebreak,601069,2017-09-19,S,S,A,C,S,S,A,21.6357,21.3,20.27,1.03,,0,0.0,0.0,,0,0.0,0,0.0,0.0,,0,0.0,0,0.0,0.0,,0,0.0
prebreak,002759,2017-09-20,S,S,A,C,S,S,A,26.4857,26.75,25.45,1.3,,0,0.0,0.0,,0,0.0,0,0.0,0.0,,0,0.0,0,0.0,0.0,,0,0.0
prebreak,000938,2017-09-22,S,S,A,C,S,S,A,20.9037,21.01,20.05,0.96,,0,0.0,0.0,,0,0.0,0,0.0,0.0,,0,0.0,0,0.0,0.0,,0,0.0
prebreak,300335,2017-09-22,S,S,A,C,S,S,A,15.8851,16.54,15.73,0.81,,0,0.0,0.0,,0,0.0,1,16.54,17.0618,2017-10-13,0,0.6283,1,16.54,17.3187,2017-10-27,0,0.9452
prebreak,000988,2017-09-26,S,S,A,C,S,S,A,15.9858,16.91,16.09,0.82,,1,16.91,17.4842,2017-10-10,0,0.6841,1,16.91,16.8323,2017-10-17,0,-0.1104,1,16.91,17.5134,2017-10-31,0,0.7197
prebreak,002583,2017-09-26,S,S,A,C,S,S,A,15.9673,16.08,15.4,0.68,,0,0.0,0.0,,0,0.0,0,0.0,0.0,,0,0.0,0,0.0,0.0,,0,0.0
prebreak,300207,2017-09-26,S,S,A,C,S,S,A,11.5043,11.96,11.36,0.6,,0,0.0,0.0,,0,0.0,0,0.0,0.0,,0,0.0,0,0.0,0.0,,0,0.0
prebreak,300339,2017-09-26,S,S,A,C,S,S,A,11.498,12.13,11.54,0.59,,0,0.0,0.0,,0,0.0,0,0.0,0.0,,0,0.0,0,0.0,0.0,,0,0.0
prebreak,601069,2017-09-26,S,S,A,C,S,S,A,20.9308,21.57,20.55,1.02,,0,0.0,0.0,,0,0.0,0,0.0,0.0,,0,0.0,0,0.0,0.0,,0,0.0
prebreak,000938,2017-09-29,S,S,A,C,S,S,A,21.7122,21.01,20.05,0.96,,1,21.01,22.0793,2017-10-13,0,1.0965,1,21.01,21.3874,2017-10-20,0,0.3762,1,21.01,22.5912,2017-11-03,0,1.6294
prebreak,300335,2017-09-29,S,S,A,C,S,S,A,15.7774,15.96,15.42,0.54,,0,0.0,0.0,,0,0.0,0,0.0,0.0,,0,0.0,0,0.0,0.0,,0,0.0
prebreak,600486,2017-09-29,S,S,A,C,S,S,A,27.0487,27.48,26.31,1.17,,1,27.48,29.639,2017-10-13,0,1.8263,1,27.48,29.1668,2017-10-20,0,1.423,1,27.48,31.646,2017-11-03,0,3.5406
prebreak,002311,2017-10-09,S,S,A,C,S,S,A,16.7998,17.07,16.34,0.73,,0,0.0,0.0,,0,0.0,0,0.0,0.0,,0,0.0,0,0.0,0.0,,0,0.0
prebreak,002664,2017-10-09,S,S,A,C,S,S,A,28.9017,28.06,26.99,1.07,,0,0.0,0.0,,0,0.0,0,0.0,0.0,,0,0.0,0,0.0,0.0,,0,0.0
prebreak,601888,2017-10-09,S,S,A,C,S,S,A,31.7958,31.69,30.14,1.55,,0,0.0,0.0,,0,0.0,0,0.0,0.0,,0,0.0,0,0.0,0.0,,0,0.0
prebreak,603898,2017-10-09,S,S,A,C,S,S,A,25.4142,25.64,24.44,1.2,,0,0.0,0.0,,0,0.0,0,0.0,0.0,,0,0.0,0,0.0,0.0,,0,0.0
prebreak,000988,2017-10-10,S,S,A,C,S,S,A,17.4842,16.91,16.09,0.82,,0,0.0,0.0,,0,0.0,0,0.0,0.0,,0,0.0,0,0.0,0.0,,0,0.0
prebreak,002583,2017-10-10,S,S,A,C,S,S,A,17.2154,16.08,15.4,0.68,,0,0.0,0.0,,0,0.0,0,0.0,0.0,,0,0.0,0,0.0,0.0,,0,0.0
prebreak,601069,2017-10-10,S,S,A,C,S,S,A,20.7057,20.83,20.09,0.74,,0,0.0,0.0,,0,0.0,0,0.0,0.0,,0,0.0,0,0.0,0.0,,0,0.0
prebreak,002179,2017-10-11,S,S,A,C,S,S,A,14.644,13.84,13.17,0.67,,1,13.84,14.7452,2017-10-18,0,1.3345,1,13.84,15.0955,2017-10-25,0,1.857,1,13.84,14.5155,2017-11-08,0,0.9919
prebreak,002427,2017-10-11,S,S,A,C,S,S,A,25.4693,24.67,23.39,1.28,,0,0.0,0.0,,0,0.0,0,0.0,0.0,,0,0.0,0,0.0,0.0,,0,0.0
prebreak,600161,2017-10-11,S,S,A,C,S,S,A,12.1523,11.99,11.45,0.54,,1,11.99,12.2235,2017-10-16,0,0.4152,1,11.99,12.2235,2017-10-16,0,0.4152,1,11.99,12.2235,2017-10-16,0,0.4152
prebreak,600486,2017-10-13,S,S,A,C,S,S,A,29.639,27.48,26.31,1.17,,0,0.0,0.0,,0,0.0,0,0.0,0.0,,0,0.0,0,0.0,0.0,,0,0.0
prebreak,000988,2017-10-17,S,S,A,C,S,S,A,16.8323,17.64,16.81,0.83,,0,0.0,0.0,,0,0.0,0,0.0,0.0,,0,0.0,1,17.64,17.3674,2017-11-03,0,-0.3444
prebreak,002583,2017-10-17,S,S,A,C,S,S,A,17.6512,17.44,16.79,0.65,,0,0.0,0.0,,0,0.0,0,0.0,0.0,,0,0.0,0,0.0,0.0,,0,0.0
prebreak,300207,2017-10-17,S,S,A,C,S,S,A,11.0082,11.85,11.33,0.52,,0,0.0,0.0,,0,0.0,0,0.0,0.0,,0,0.0,1,11.85,11.33,2017-11-08,1,-1.0167
prebreak,000538,2017-10-20,S,S,A,C,S,S,A,53.5427,50.67,48.7,1.97,,0,0.0,0.0,,0,0.0,0,0.0,0.0,,0,0.0,0,0.0,0.0,,0,0.0
prebreak,600486,2017-10-20,S,S,A,C,S,S,A,29.1668,27.48,26.31,1.17,,0,0.0,0.0,,0,0.0,0,0.0,0.0,,0,0.0,0,0.0,0.0,,0,0.0
prebreak,600585,2017-10-20,S,S,A,C,S,S,A,17.5607,16.75,15.99,0.76,,0,0.0,0.0,,0,0.0,0,0.0,0.0,,0,0.0,0,0.0,0.0,,0,0.0
prebreak,600754,2017-10-20,S,S,A,C,S,S,A,25.6791,28.36,27.01,1.35,,0,0.0,0.0,,0,0.0,0,0.0,0.0,,0,0.0,1,28.36,28.9054,2017-11-17,0,0.3878
prebreak,601877,2017-10-20,S,S,A,C,S,S,A,18.8106,16.9,16.04,0.86,,1,16.9,20.398,2017-10-27,0,4.0499,1,16.9,19.9316,2017-11-03,0,3.5079,1,16.9,21.9607,2017-11-17,0,5.8659
prebreak,600132,2017-10-23,S,S,A,C,S,S,A,16.5408,17.13,16.25,0.88,,0,0.0,0.0,,0,0.0,1,17.13,16.25,2017-11-06,1,-1.0142,1,17.13,16.25,2017-11-06,1,-1.0142
prebreak,601689,2017-10-23,S,S,A,C,S,S,A,13.0176,13.09,12.42,0.67,,0,0.0,0.0,,0,0.0,0,0.0,0.0,,0,0.0,0,0.0,0.0,,0,0.0
prebreak,002589,2017-10-25,S,S,A,C,S,S,A,14.4124,14.32,13.67,0.65,,1,14.32,14.7238,2017-10-30,0,0.6041,1,14.32,14.7238,2017-10-30,0,0.6041,1,14.32,14.7238,2017-10-30,0,0.6041
prebreak,002733,2017-10-25,S,S,A,C,S,S,A,17.997,17.65,16.83,0.82,,0,0.0,0.0,,0,0.0,0,0.0,0.0,,0,0.0,0,0.0,0.0,,0,0.0
prebreak,600699,2017-10-26,S,S,A,C,S,S,A,26.1661,25.88,24.64,1.24,,1,25.88,26.119,2017-11-02,0,0.1767,1,25.88,28.0437,2017-11-09,0,1.728,1,25.88,24.9816,2017-11-23,0,-0.7399
prebreak,000988,2017-10-31,S,S,A,C,S,S,A,17.5134,17.05,16.17,0.88,,1,17.05,17.8636,2017-11-07,0,0.9093,1,17.05,19.0506,2017-11-14,0,2.2573,1,17.05,16.9199,2017-11-28,0,-0.1625
prebreak,002275,2017-10-31,S,S,A,C,S,S,A,12.8069,13.38,12.78,0.6,,0,0.0,0.0,,0,0.0,0,0.0,0.0,,0,0.0,0,0.0,0.0,,0,0.0
prebreak,002444,2017-10-31,S,S,A,C,S,S,A,14.6678,14.93,14.23,0.7,,0,0.0,0.0,,0,0.0,0,0.0,0.0,,0,0.0,0,0.0,0.0,,0,0.0
prebreak,300183,2017-10-31,S,S,A,C,S,S,A,17.4088,19.02,18.06,0.96,,0,0.0,0.0,,0,0.0,0,0.0,0.0,,0,0.0,0,0.0,0.0,,0,0.0
prebreak,002589,2017-11-01,S,S,A,C,S,S,A,13.5463,14.32,13.67,0.65,,0,0.0,0.0,,0,0.0,0,0.0,0.0,,0,0.0,0,0.0,0.0,,0,0.0
prebreak,002626,2017-11-03,S,S,A,C,S,S,A,13.0053,12.47,11.86,0.61,,0,0.0,0.0,,0,0.0,0,0.0,0.0,,0,0.0,0,0.0,0.0,,0,0.0
prebreak,300463,2017-11-03,S,S,A,C,S,S,A,23.1013,24.28,23.04,1.24,,0,0.0,0.0,,0,0.0,0,0.0,0.0,,0,0.0,0,0.0,0.0,,0,0.0
prebreak,600323,2017-11-03,S,S,A,C,S,S,A,13.4556,12.77,12.23,0.54,,0,0.0,0.0,,0,0.0,0,0.0,0.0,,0,0.0,0,0.0,0.0,,0,0.0
prebreak,600585,2017-11-03,S,S,A,C,S,S,A,16.8248,16.75,15.99,0.76,,0,0.0,0.0,,0,0.0,0,0.0,0.0,,0,0.0,0,0.0,0.0,,0,0.0
prebreak,600754,2017-11-03,S,S,A,C,S,S,A,26.4506,26.62,25.36,1.26,,0,0.0,0.0,,0,0.0,0,0.0,0.0,,0,0.0,0,0.0,0.0,,0,0.0
prebreak,600132,2017-11-06,S,S,A,C,S,S,A,16.6191,16.51,15.74,0.77,,0,0.0,0.0,,0,0.0,0,0.0,0.0,,0,0.0,0,0.0,0.0,,0,0.0
prebreak,000988,2017-11-07,S,S,A,C,S,S,A,17.8636,18.1,17.17,0.93,,1,18.1,19.0506,2017-11-14,0,1.0068,1,18.1,18.5933,2017-11-21,0,0.5154,1,18.1,17.17,2017-11-24,1,-1.0142
prebreak,000999,2017-11-07,S,S,A,C,S,S,A,13.646,13.89,13.26,0.63,,0,0.0,0.0,,0,0.0,0,0.0,0.0,,0,0.0,0,0.0,0.0,,0,0.0
prebreak,002035,2017-11-07,S,S,A,C,S,S,A,15.1342,15.73,14.98,0.75,,1,15.73,15.674,2017-11-14,0,-0.0906,1,15.73,15.3522,2017-11-15,0,-0.5194,1,15.73,15.3522,2017-11-15,0,-0.5194
prebreak,300146,2017-11-07,S,S,A,C,S,S,A,10.5699,10.62,10.07,0.55,,1,10.62,11.3568,2017-11-14,0,1.3241,1,10.62,11.7812,2017-11-21,0,2.0952,1,10.62,10.6084,2017-12-05,0,-0.0357
prebreak,300144,2017-11-08,S,S,A,C,S,S,A,10.1235,9.98,9.47,0.51,,0,0.0,0.0,,0,0.0,0,0.0,0.0,,0,0.0,0,0.0,0.0,,0,0.0
prebreak,002468,2017-11-09,S,S,A,C,S,S,A,25.0863,26.12,24.78,1.34,,0,0.0,0.0,,0,0.0,0,0.0,0.0,,0,0.0,0,0.0,0.0,,0,0.0
prebreak,002597,2017-11-09,S,S,A,C,S,S,A,19.8515,18.77,17.87,0.9,,1,18.77,21.4297,2017-11-16,0,2.9375,1,18.77,20.4994,2017-11-23,0,1.9045,1,18.77,19.4861,2017-12-07,0,0.7793
prebreak,002424,2017-11-10,S,S,A,C,S,S,A,17.2192,17.81,17.0,0.81,,0,0.0,0.0,,0,0.0,0,0.0,0.0,,0,0.0,0,0.0,0.0,,0,0.0
prebreak,002626,2017-11-10,S,S,A,C,S,S,A,13.0454,12.47,11.86,0.61,,1,12.47,14.4655,2017-11-17,0,3.2537,1,12.47,15.5887,2017-11-24,0,5.0939,1,12.47,15.9257,2017-12-08,0,5.646
prebreak,300463,2017-11-10,S,S,A,C,S,S,A,24.0141,24.28,23.04,1.24,,1,24.28,24.0779,2017-11-15,0,-0.1777,1,24.28,24.0779,2017-11-15,0,-0.1777,1,24.28,24.0779,2017-11-15,0,-0.1777
prebreak,600323,2017-11-10,S,S,A,C,S,S,A,13.4982,13.94,13.29,0.65,,0,0.0,0.0,,0,0.0,0,0.0,0.0,,0,0.0,0,0.0,0.0,,0,0.0
prebreak,600585,2017-11-10,S,S,A,C,S,S,A,16.7245,17.36,16.5,0.86,,1,17.36,18.9589,2017-11-17,0,1.8427,1,17.36,19.2599,2017-11-24,0,2.1925,1,17.36,19.7082,2017-12-08,0,2.7133
prebreak,600597,2017-11-10,S,S,A,C,S,S,A,14.0496,13.08,12.48,0.6,,1,13.08,13.682,2017-11-17,0,0.9861,1,13.08,13.1619,2017-11-24,0,0.1199,1,13.08,12.48,2017-11-29,1,-1.0159
prebreak,600754,2017-11-10,S,S,A,C,S,S,A,29.2649,26.62,25.36,1.26,,1,26.62,28.9054,2017-11-17,0,1.7966,1,26.62,28.0813,2017-11-24,0,1.143,1,26.62,25.36,2017-12-01,1,-1.0154
prebreak,600867,2017-11-10,S,S,A,C,S,S,A,15.4705,14.78,14.08,0.7,,0,0.0,0.0,,0,0.0,0,0.0,0.0,,0,0.0,0,0.0,0.0,,0,0.0
prebreak,000963,2017-11-13,S,S,A,C,S,S,A,26.5466,26.79,25.48,1.31,,0,0.0,0.0,,0,0.0,0,0.0,0.0,,0,0.0,0,0.0,0.0,,0,0.0
prebreak,002690,2017-11-13,S,S,A,C,S,S,A,11.3603,11.09,10.52,0.57,,0,0.0,0.0,,0,0.0,0,0.0,0.0,,0,0.0,0,0.0,0.0,,0,0.0
prebreak,002007,2017-11-16,S,S,A,C,S,S,A,13.2786,13.17,12.49,0.68,,0,0.0,0.0,,0,0.0,0,0.0,0.0,,0,0.0,0,0.0,0.0,,0,0.0
prebreak,002468,2017-11-16,S,S,A,C,S,S,A,23.0893,26.12,24.78,1.34,,0,0.0,0.0,,0,0.0,0,0.0,0.0,,0,0.0,0,0.0,0.0,,0,0.0
prebreak,603188,2017-11-16,S,S,A,C,S,S,A,17.0398,17.79,16.96,0.83,,0,0.0,0.0,,0,0.0,0,0.0,0.0,,0,0.0,0,0.0,0.0,,0,0.0
prebreak,603313,2017-11-16,S,S,A,C,S,S,A,17.054,16.84,15.98,0.86,,1,16.84,17.0426,2017-11-23,0,0.2206,1,16.84,17.3446,2017-11-30,0,0.5715,1,16.84,15.98,2017-12-06,1,-1.0143
prebreak,000776,2017-11-20,S,S,A,C,S,S,A,13.9221,14.87,14.11,0.76,,0,0.0,0.0,,0,0.0,0,0.0,0.0,,0,0.0,0,0.0,0.0,,0,0.0
prebreak,000963,2017-11-20,S,S,A,C,S,S,A,25.9585,26.79,25.48,1.31,,0,0.0,0.0,,0,0.0,0,0.0,0.0,,0,0.0,0,0.0,0.0,,0,0.0
prebreak,002138,2017-11-20,S,S,A,C,S,S,A,17.2428,18.2,17.28,0.92,,0,0.0,0.0,,0,0.0,0,0.0,0.0,,0,0.0,0,0.0,0.0,,0,0.0
prebreak,002311,2017-11-20,S,S,A,C,S,S,A,20.0264,17.96,17.05,0.91,,1,17.96,17.8543,2017-11-27,0,-0.1311,1,17.96,18.5123,2017-12-04,0,0.5915,1,17.96,19.1612,2017-12-18,0,1.3041
prebreak,002321,2017-11-20,S,S,A,C,S,S,A,12.7045,13.18,12.51,0.67,,0,0.0,0.0,,0,0.0,1,13.18,13.8351,2017-12-14,0,0.9622,1,13.18,12.51,2017-12-25,1,-1.0143
prebreak,300024,2017-11-20,S,S,A,C,S,S,A,19.6554,21.37,20.59,0.78,,0,0.0,0.0,,0,0.0,0,0.0,0.0,,0,0.0,0,0.0,0.0,,0,0.0
prebreak,000049,2017-11-21,S,S,A,C,S,S,A,28.2679,29.03,27.69,1.34,,0,0.0,0.0,,0,0.0,0,0.0,0.0,,0,0.0,0,0.0,0.0,,0,0.0
prebreak,000915,2017-11-21,S,S,A,C,S,S,A,23.3775,25.7,24.38,1.32,,0,0.0,0.0,,0,0.0,0,0.0,0.0,,0,0.0,0,0.0,0.0,,0,0.0
prebreak,300183,2017-11-21,S,S,A,C,S,S,A,16.5393,18.57,17.77,0.8,,1,18.57,17.77,2017-11-24,1,-1.017,1,18.57,17.77,2017-11-24,1,-1.017,1,18.57,17.77,2017-11-24,1,-1.017
prebreak,603919,2017-11-21,S,S,A,C,S,S,A,13.8392,14.0,13.32,0.68,,0,0.0,0.0,,0,0.0,0,0.0,0.0,,0,0.0,0,0.0,0.0,,0,0.0
prebreak,002356,2017-11-22,S,S,A,C,S,S,A,15.443,15.91,15.37,0.54,,0,0.0,0.0,,0,0.0,0,0.0,0.0,,0,0.0,0,0.0,0.0,,0,0.0
prebreak,002589,2017-11-22,S,S,A,C,S,S,A,13.0597,14.28,13.69,0.59,,0,0.0,0.0,,0,0.0,0,0.0,0.0,,0,0.0,0,0.0,0.0,,0,0.0
prebreak,603939,2017-11-22,S,S,A,C,S,S,A,12.5566,11.7,11.18,0.52,,0,0.0,0.0,,0,0.0,0,0.0,0.0,,0,0.0,0,0.0,0.0,,0,0.0
prebreak,002223,2017-11-24,S,S,A,C,S,S,A,18.0989,19.82,18.81,1.01,,0,0.0,0.0,,0,0.0,0,0.0,0.0,,0,0.0,0,0.0,0.0,,0,0.0
prebreak,002424,2017-11-24,S,S,A,C,S,S,A,15.854,16.09,15.36,0.73,,0,0.0,0.0,,0,0.0,0,0.0,0.0,,0,0.0,0,0.0,0.0,,0,0.0
prebreak,002821,2017-11-24,S,S,A,C,S,S,A,38.7536,43.83,42.17,1.66,,0,0.0,0.0,,0,0.0,0,0.0,0.0,,0,0.0,0,0.0,0.0,,0,0.0
prebreak,300463,2017-11-24,S,S,A,C,S,S,A,21.504,24.65,23.54,1.11,,0,0.0,0.0,,0,0.0,0,0.0,0.0,,0,0.0,0,0.0,0.0,,0,0.0
prebreak,600062,2017-11-24,S,S,A,C,S,S,A,16.2951,15.74,14.99,0.75,,0,0.0,0.0,,0,0.0,0,0.0,0.0,,0,0.0,0,0.0,0.0,,0,0.0
prebreak,600323,2017-11-24,S,S,A,C,S,S,A,12.9607,13.35,12.73,0.62,,0,0.0,0.0,,0,0.0,0,0.0,0.0,,0,0.0,1,13.35,13.2508,2017-12-22,0,-0.1763
prebreak,600754,2017-11-24,S,S,A,C,S,S,A,28.0813,26.62,25.36,1.26,,0,0.0,0.0,,0,0.0,0,0.0,0.0,,0,0.0,0,0.0,0.0,,0,0.0
prebreak,000049,2017-11-28,S,S,A,C,S,S,A,24.9834,29.16,27.85,1.31,,0,0.0,0.0,,0,0.0,0,0.0,0.0,,0,0.0,0,0.0,0.0,,0,0.0
prebreak,002153,2017-11-28,S,S,A,C,S,S,A,11.6703,9.46,8.96,0.5,,0,0.0,0.0,,0,0.0,0,0.0,0.0,,0,0.0,0,0.0,0.0,,0,0.0
prebreak,000028,2017-11-29,S,S,A,C,S,S,A,35.8298,38.04,36.38,1.66,,0,0.0,0.0,,0,0.0,0,0.0,0.0,,0,0.0,0,0.0,0.0,,0,0.0
prebreak,002589,2017-11-29,S,S,A,C,S,S,A,12.8456,14.28,13.69,0.59,,0,0.0,0.0,,0,0.0,0,0.0,0.0,,0,0.0,0,0.0,0.0,,0,0.0
prebreak,300144,2017-11-29,S,S,A,C,S,S,A,9.3266,10.78,10.26,0.52,,0,0.0,0.0,,0,0.0,0,0.0,0.0,,0,0.0,0,0.0,0.0,,0,0.0
prebreak,000423,2017-11-30,S,S,A,C,S,S,A,47.4854,50.71,48.74,1.97,,0,0.0,0.0,,0,0.0,0,0.0,0.0,,0,0.0,0,0.0,0.0,,0,0.0
prebreak,600771,2017-11-30,S,S,A,C,S,S,A,28.5643,28.82,27.8,1.02,,0,0.0,0.0,,0,0.0,0,0.0,0.0,,0,0.0,0,0.0,0.0,,0,0.0
prebreak,603900,2017-11-30,S,S,A,C,S,S,A,21.9541,22.44,21.27,1.17,,1,22.44,23.5093,2017-12-07,0,0.8988,1,22.44,24.4192,2017-12-14,0,1.676,1,22.44,24.0553,2017-12-28,0,1.3651
prebreak,600062,2017-12-01,S,S,A,C,S,S,A,15.522,15.74,14.99,0.75,,0,0.0,0.0,,0,0.0,0,0.0,0.0,,0,0.0,0,0.0,0.0,,0,0.0
prebreak,002589,2017-12-06,S,S,A,C,S,S,A,12.3007,14.28,13.69,0.59,,0,0.0,0.0,,0,0.0,0,0.0,0.0,,0,0.0,0,0.0,0.0,,0,0.0
prebreak,600262,2017-12-06,S,S,A,C,S,S,A,14.9722,14.88,14.2,0.68,,0,0.0,0.0,,0,0.0,0,0.0,0.0,,0,0.0,0,0.0,0.0,,0,0.0
prebreak,600850,2017-12-06,S,S,A,C,S,S,A,11.423,12.14,11.52,0.62,,0,0.0,0.0,,0,0.0,0,0.0,0.0,,0,0.0,0,0.0,0.0,,0,0.0
prebreak,603883,2017-12-06,S,S,A,C,S,S,A,21.2437,21.64,20.57,1.07,,1,21.64,20.57,2017-12-12,1,-1.0147,1,21.64,20.57,2017-12-12,1,-1.0147,1,21.64,20.57,2017-12-12,1,-1.0147
prebreak,002310,2017-12-07,S,S,A,C,S,S,A,20.2561,20.83,19.89,0.94,,0,0.0,0.0,,0,0.0,0,0.0,0.0,,0,0.0,0,0.0,0.0,,0,0.0
prebreak,300270,2017-12-08,S,S,A,C,S,S,A,13.252,12.16,11.57,0.59,,1,12.16,12.9024,2017-12-13,0,1.2419,1,12.16,12.9024,2017-12-13,0,1.2419,1,12.16,12.9024,2017-12-13,0,1.2419
prebreak,600729,2017-12-08,S,S,A,C,S,S,A,14.4851,16.09,15.44,0.65,,0,0.0,0.0,,0,0.0,0,0.0,0.0,,0,0.0,0,0.0,0.0,,0,0.0
prebreak,600990,2017-12-08,S,S,A,C,S,S,A,36.2995,38.57,36.56,2.01,,0,0.0,0.0,,0,0.0,0,0.0,0.0,,0,0.0,0,0.0,0.0,,0,0.0
prebreak,002311,2017-12-11,S,S,A,C,S,S,A,19.2964,18.94,18.08,0.86,,0,0.0,0.0,,0,0.0,0,0.0,0.0,,0,0.0,0,0.0,0.0,,0,0.0
prebreak,300024,2017-12-11,S,S,A,C,S,S,A,18.9673,19.22,18.31,0.91,,1,19.22,19.3363,2017-12-18,0,0.1117,1,19.22,18.708,2017-12-25,0,-0.5783,1,19.22,19.2565,2018-01-09,0,0.024
prebreak,300055,2017-12-11,S,S,A,C,S,S,A,20.5855,20.13,19.26,0.87,,1,20.13,21.1418,2017-12-18,0,1.1447,1,20.13,21.8641,2017-12-25,0,1.9744,1,20.13,20.6733,2018-01-09,0,0.6065
prebreak,300065,2017-12-11,S,S,A,C,S,S,A,12.5987,12.0,11.43,0.57,,0,0.0,0.0,,0,0.0,0,0.0,0.0,,0,0.0,0,0.0,0.0,,0,0.0
prebreak,600435,2017-12-11,S,S,A,C,S,S,A,13.0681,12.43,11.93,0.5,,1,12.43,12.7938,2017-12-18,0,0.7083,1,12.43,11.93,2017-12-25,1,-1.0183,1,12.43,11.93,2017-12-25,1,-1.0183
prebreak,000910,2017-12-13,S,S,A,C,S,S,A,19.5325,18.9,18.05,0.85,,0,0.0,0.0,,0,0.0,0,0.0,0.0,,0,0.0,0,0.0,0.0,,0,0.0
prebreak,002589,2017-12-13,S,S,A,C,S,S,A,13.1473,14.28,13.69,0.59,,0,0.0,0.0,,0,0.0,0,0.0,0.0,,0,0.0,0,0.0,0.0,,0,0.0
prebreak,002221,2017-12-14,S,S,A,C,S,S,A,11.51,11.43,10.85,0.58,,0,0.0,0.0,,0,0.0,0,0.0,0.0,,0,0.0,0,0.0,0.0,,0,0.0
prebreak,300036,2017-12-14,S,S,A,C,S,S,A,15.5989,15.6,15.0,0.6,,0,0.0,0.0,,0,0.0,0,0.0,0.0,,0,0.0,0,0.0,0.0,,0,0.0
prebreak,600521,2017-12-14,S,S,A,C,S,S,A,20.6356,17.31,16.51,0.8,,1,17.31,21.4766,2017-12-21,0,5.1885,1,17.31,20.4731,2017-12-28,0,3.9349,1,17.31,20.4943,2018-01-12,0,3.9614
prebreak,001979,2017-12-15,S,S,A,C,S,S,A,13.8188,14.31,13.75,0.56,,0,0.0,0.0,,0,0.0,0,0.0,0.0,,0,0.0,0,0.0,0.0,,0,0.0
prebreak,600062,2017-12-15,S,S,A,C,S,S,A,15.8709,16.41,15.78,0.63,,1,16.41,16.5892,2017-12-22,0,0.2645,1,16.41,16.9313,2017-12-29,0,0.8071,1,16.41,16.3772,2018-01-15,0,-0.0719
prebreak,600729,2017-12-15,S,S,A,C,S,S,A,15.1946,15.2,14.55,0.65,,0,0.0,0.0,,0,0.0,0,0.0,0.0,,0,0.0,0,0.0,0.0,,0,0.0
prebreak,600990,2017-12-15,S,S,A,C,S,S,A,36.7023,36.87,35.5,1.37,,0,0.0,0.0,,0,0.0,0,0.0,0.0,,0,0.0,0,0.0,0.0,,0,0.0
prebreak,603858,2017-12-15,S,S,A,C,S,S,A,22.8409,23.67,22.61,1.06,,0,0.0,0.0,,0,0.0,0,0.0,0.0,,0,0.0,0,0.0,0.0,,0,0.0
prebreak,002311,2017-12-18,S,S,A,C,S,S,A,19.1612,19.87,19.11,0.76,,1,19.87,20.8285,2017-12-25,0,1.2406,1,19.87,20.5852,2018-01-02,0,0.9206,1,19.87,20.0895,2018-01-16,0,0.2688
prebreak,300055,2017-12-18,S,S,A,C,S,S,A,21.1418,22.05,20.95,1.1,,0,0.0,0.0,,0,0.0,0,0.0,0.0,,0,0.0,0,0.0,0.0,,0,0.0
prebreak,000998,2017-12-19,S,S,A,C,S,S,A,25.1482,25.9,24.6,1.3,,0,0.0,0.0,,0,0.0,0,0.0,0.0,,0,0.0,0,0.0,0.0,,0,0.0
prebreak,300349,2017-12-19,S,S,A,C,S,S,A,15.5023,15.16,14.66,0.5,,0,0.0,0.0,,0,0.0,0,0.0,0.0,,0,0.0,0,0.0,0.0,,0,0.0
prebreak,300036,2017-12-21,S,S,A,C,S,S,A,15.2583,15.91,15.35,0.56,,0,0.0,0.0,,0,0.0,0,0.0,0.0,,0,0.0,0,0.0,0.0,,0,0.0
prebreak,300124,2017-12-21,S,S,A,C,S,S,A,17.6558,17.9,16.99,0.91,,0,0.0,0.0,,0,0.0,0,0.0,0.0,,0,0.0,0,0.0,0.0,,0,0.0
prebreak,002410,2017-12-22,S,S,A,C,S,S,A,13.3927,13.4,12.69,0.71,,1,13.4,13.1672,2017-12-27,0,-0.3421,1,13.4,13.1672,2017-12-27,0,-0.3421,1,13.4,13.1672,2017-12-27,0,-0.3421
prebreak,300270,2017-12-22,S,S,A,C,S,S,A,13.1022,13.18,12.52,0.66,,0,0.0,0.0,,0,0.0,0,0.0,0.0,,0,0.0,0,0.0,0.0,,0,0.0
prebreak,300463,2017-12-22,S,S,A,C,S,S,A,21.504,22.25,21.33,0.92,,1,22.25,21.7687,2017-12-28,0,-0.5412,1,22.25,21.7687,2017-12-28,0,-0.5412,1,22.25,21.7687,2017-12-28,0,-0.5412
prebreak,600062,2017-12-22,S,S,A,C,S,S,A,16.5892,16.41,15.78,0.63,,0,0.0,0.0,,0,0.0,0,0.0,0.0,,0,0.0,0,0.0,0.0,,0,0.0
prebreak,600729,2017-12-22,S,S,A,C,S,S,A,14.9377,15.43,14.77,0.66,,0,0.0,0.0,,0,0.0,0,0.0,0.0,,0,0.0,0,0.0,0.0,,0,0.0
prebreak,002025,2017-12-26,S,S,A,C,S,S,A,21.1498,20.65,19.81,0.84,,0,0.0,0.0,,0,0.0,0,0.0,0.0,,0,0.0,0,0.0,0.0,,0,0.0
prebreak,300349,2017-12-26,S,S,A,C,S,S,A,17.3243,15.16,14.66,0.5,,1,15.16,18.0584,2018-01-03,0,5.7702,1,15.16,18.3539,2018-01-10,0,6.3607,1,15.16,17.9152,2018-01-24,0,5.4839
prebreak,300357,2017-12-27,S,S,A,C,S,S,A,14.1658,14.4,13.75,0.65,,0,0.0,0.0,,0,0.0,0,0.0,0.0,,0,0.0,0,0.0,0.0,,0,0.0
prebreak,600875,2017-12-27,S,S,A,C,S,S,A,9.4692,9.51,9.01,0.5,,1,9.51,9.6244,2018-01-04,0,0.2142,1,9.51,9.6244,2018-01-11,0,0.2142,1,9.51,9.6934,2018-01-25,0,0.3521
prebreak,002614,2017-12-28,S,S,A,C,S,S,A,14.945,15.39,14.63,0.76,,1,15.39,15.5559,2018-01-05,0,0.2027,1,15.39,16.1749,2018-01-12,0,1.0167,1,15.39,16.4518,2018-01-26,0,1.3808
prebreak,300463,2017-12-29,S,S,A,C,S,S,A,21.8783,22.25,21.27,0.98,,0,0.0,0.0,,0,0.0,0,0.0,0.0,,0,0.0,0,0.0,0.0,,0,0.0
prebreak,600062,2017-12-29,S,S,A,C,S,S,A,16.9313,16.7,15.98,0.72,,0,0.0,0.0,,0,0.0,0,0.0,0.0,,0,0.0,0,0.0,0.0,,0,0.0
prebreak,600436,2017-12-29,S,S,A,C,S,S,A,59.1317,60.77,57.9,2.87,,1,60.77,64.6332,2018-01-08,0,1.3291,1,60.77,68.2447,2018-01-15,0,2.5867,1,60.77,68.6845,2018-01-29,0,2.7398
prebreak,600729,2017-12-29,S,S,A,C,S,S,A,15.3292,15.43,14.77,0.66,,0,0.0,0.0,,0,0.0,0,0.0,0.0,,0,0.0,0,0.0,0.0,,0,0.0
prebreak,002241,2018-01-02,S,S,A,C,S,S,A,16.122,16.58,15.73,0.85,,0,0.0,0.0,,0,0.0,0,0.0,0.0,,0,0.0,0,0.0,0.0,,0,0.0
prebreak,002617,2018-01-02,S,S,A,C,S,S,A,10.8223,11.0,10.49,0.51,,0,0.0,0.0,,0,0.0,0,0.0,0.0,,0,0.0,1,11.0,11.0353,2018-01-29,0,0.0528
prebreak,002690,2018-01-02,S,S,A,C,S,S,A,11.3308,11.58,11.01,0.57,,0,0.0,0.0,,0,0.0,0,0.0,0.0,,0,0.0,0,0.0,0.0,,0,0.0
prebreak,300055,2018-01-02,S,S,A,C,S,S,A,21.3468,22.27,21.12,1.15,,0,0.0,0.0,,0,0.0,0,0.0,0.0,,0,0.0,0,0.0,0.0,,0,0.0
prebreak,300199,2018-01-02,S,S,A,C,S,S,A,16.405,16.46,15.85,0.61,,0,0.0,0.0,,0,0.0,0,0.0,0.0,,0,0.0,0,0.0,0.0,,0,0.0
prebreak,002508,2018-01-03,S,S,A,C,S,S,A,38.003,38.43,36.52,1.91,,1,38.43,39.5446,2018-01-10,0,0.5679,1,38.43,39.8054,2018-01-17,0,0.7043,1,38.43,41.0402,2018-01-31,0,1.3504
prebreak,002672,2018-01-03,S,S,A,C,S,S,A,15.772,15.88,15.05,0.83,,1,15.88,15.6781,2018-01-08,0,-0.2576,1,15.88,15.6781,2018-01-08,0,-0.2576,1,15.88,15.6781,2018-01-08,0,-0.2576
prebreak,600562,2018-01-03,S,S,A,C,S,S,A,17.7637,19.01,18.23,0.78,,0,0.0,0.0,,0,0.0,0,0.0,0.0,,0,0.0,0,0.0,0.0,,0,0.0
prebreak,300357,2018-01-04,S,S,A,C,S,S,A,14.4077,14.69,13.97,0.72,,0,0.0,0.0,,0,0.0,0,0.0,0.0,,0,0.0,1,14.69,13.97,2018-01-30,1,-1.0149
prebreak,600827,2018-01-04,S,S,A,C,S,S,A,12.098,12.14,11.5,0.64,,0,0.0,0.0,,0,0.0,0,0.0,0.0,,0,0.0,0,0.0,0.0,,0,0.0
prebreak,002262,2018-01-05,S,S,A,C,S,S,A,13.5959,13.29,12.7,0.59,,1,13.29,13.9237,2018-01-12,0,1.0562,1,13.29,13.7962,2018-01-19,0,0.8403,1,13.29,12.7,2018-02-02,1,-1.0165
prebreak,002677,2018-01-08,S,S,A,C,S,S,A,12.3898,12.47,11.86,0.61,,0,0.0,0.0,,0,0.0,0,0.0,0.0,,0,0.0,0,0.0,0.0,,0,0.0
prebreak,600038,2018-01-08,S,S,A,C,S,S,A,43.7062,45.31,43.28,2.03,,0,0.0,0.0,,0,0.0,0,0.0,0.0,,0,0.0,0,0.0,0.0,,0,0.0
prebreak,600062,2018-01-08,S,S,A,C,S,S,A,16.7192,16.7,15.98,0.72,,1,16.7,17.1091,2018-01-11,0,0.5503,1,16.7,17.1091,2018-01-11,0,0.5503,1,16.7,17.1091,2018-01-11,0,0.5503
prebreak,600436,2018-01-08,S,S,A,C,S,S,A,64.6332,60.77,57.9,2.87,,1,60.77,68.2447,2018-01-15,0,2.5867,1,60.77,71.744,2018-01-22,0,3.8052,1,60.77,67.7582,2018-02-05,0,2.4173
prebreak,603885,2018-01-08,S,S,A,C,S,S,A,14.626,12.98,12.32,0.66,,0,0.0,0.0,,0,0.0,0,0.0,0.0,,0,0.0,0,0.0,0.0,,0,0.0
prebreak,000042,2018-01-09,S,S,A,C,S,S,A,18.2027,16.05,15.26,0.79,,1,16.05,16.5037,2018-01-19,0,0.5585,1,16.05,16.2937,2018-01-26,0,0.2928,1,16.05,15.26,2018-02-02,1,-1.0148
prebreak,002241,2018-01-09,S,S,A,C,S,S,A,15.7683,16.58,15.73,0.85,,0,0.0,0.0,,0,0.0,0,0.0,0.0,,0,0.0,0,0.0,0.0,,0,0.0
prebreak,002617,2018-01-09,S,S,A,C,S,S,A,10.6426,10.99,10.46,0.53,,0,0.0,0.0,,0,0.0,0,0.0,0.0,,0,0.0,1,10.99,10.46,2018-02-01,1,-1.0151
prebreak,002690,2018-01-09,S,S,A,C,S,S,A,10.9118,11.6,11.1,0.5,,0,0.0,0.0,,0,0.0,0,0.0,0.0,,0,0.0,0,0.0,0.0,,0,0.0
prebreak,300055,2018-01-09,S,S,A,C,S,S,A,20.6733,22.27,21.12,1.15,,0,0.0,0.0,,0,0.0,0,0.0,0.0,,0,0.0,0,0.0,0.0,,0,0.0
prebreak,300199,2018-01-09,S,S,A,C,S,S,A,16.5333,16.63,15.85,0.78,,0,0.0,0.0,,0,0.0,0,0.0,0.0,,0,0.0,0,0.0,0.0,,0,0.0
prebreak,300357,2018-01-11,S,S,A,C,S,S,A,14.0143,14.69,14.06,0.63,,0,0.0,0.0,,0,0.0,0,0.0,0.0,,0,0.0,1,14.69,14.06,2018-01-30,1,-1.0171
prebreak,600518,2018-01-11,S,S,A,C,S,S,A,13.7509,13.83,13.19,0.64,,0,0.0,0.0,,0,0.0,0,0.0,0.0,,0,0.0,0,0.0,0.0,,0,0.0
prebreak,002262,2018-01-12,S,S,A,C,S,S,A,13.9237,14.17,13.45,0.72,,1,14.17,13.7962,2018-01-19,0,-0.5338,1,14.17,13.7962,2018-01-19,0,-0.5338,1,14.17,13.7962,2018-01-19,0,-0.5338
prebreak,002614,2018-01-12,S,S,A,C,S,S,A,16.1749,16.07,15.36,0.71,,0,0.0,0.0,,0,0.0,0,0.0,0.0,,0,0.0,0,0.0,0.0,,0,0.0
prebreak,300124,2018-01-12,S,S,A,C,S,S,A,17.0194,18.44,17.46,0.98,,0,0.0,0.0,,0,0.0,0,0.0,0.0,,0,0.0,0,0.0,0.0,,0,0.0
prebreak,600660,2018-01-12,S,S,A,C,S,S,A,22.2762,22.96,21.8,1.16,,0,0.0,0.0,,0,0.0,0,0.0,0.0,,0,0.0,0,0.0,0.0,,0,0.0
prebreak,000733,2018-01-16,S,S,A,C,S,S,A,13.0391,14.03,13.5,0.53,,0,0.0,0.0,,0,0.0,0,0.0,0.0,,0,0.0,0,0.0,0.0,,0,0.0
prebreak,002051,2018-01-16,S,S,A,C,S,S,A,15.8032,16.85,16.16,0.69,,0,0.0,0.0,,0,0.0,0,0.0,0.0,,0,0.0,0,0.0,0.0,,0,0.0
prebreak,002690,2018-01-16,S,S,A,C,S,S,A,10.3039,11.6,11.1,0.5,,0,0.0,0.0,,0,0.0,0,0.0,0.0,,0,0.0,0,0.0,0.0,,0,0.0
prebreak,000895,2018-01-17,S,S,A,C,S,S,A,18.2886,17.93,17.11,0.82,,0,0.0,0.0,,0,0.0,0,0.0,0.0,,0,0.0,0,0.0,0.0,,0,0.0
prebreak,002508,2018-01-17,S,S,A,C,S,S,A,39.8054,38.47,36.74,1.73,,0,0.0,0.0,,0,0.0,0,0.0,0.0,,0,0.0,0,0.0,0.0,,0,0.0
prebreak,300003,2018-01-17,S,S,A,C,S,S,A,22.9954,22.61,21.6,1.01,,0,0.0,0.0,,0,0.0,0,0.0,0.0,,0,0.0,0,0.0,0.0,,0,0.0
prebreak,600201,2018-01-18,S,S,A,C,S,S,A,21.3479,22.38,21.26,1.12,,0,0.0,0.0,,0,0.0,0,0.0,0.0,,0,0.0,0,0.0,0.0,,0,0.0
prebreak,600518,2018-01-18,S,S,A,C,S,S,A,13.502,13.99,13.37,0.62,,0,0.0,0.0,,0,0.0,0,0.0,0.0,,0,0.0,0,0.0,0.0,,0,0.0
prebreak,603989,2018-01-18,S,S,A,C,S,S,A,25.7111,26.91,25.59,1.32,,0,0.0,0.0,,0,0.0,0,0.0,0.0,,0,0.0,0,0.0,0.0,,0,0.0
prebreak,002614,2018-01-19,S,S,A,C,S,S,A,16.4599,16.07,15.36,0.71,,0,0.0,0.0,,0,0.0,0,0.0,0.0,,0,0.0,0,0.0,0.0,,0,0.0
prebreak,600660,2018-01-19,S,S,A,C,S,S,A,21.5334,22.96,21.8,1.16,,0,0.0,0.0,,0,0.0,0,0.0,0.0,,0,0.0,0,0.0,0.0,,0,0.0
prebreak,601198,2018-01-19,S,S,A,C,S,S,A,13.5388,13.25,12.7,0.55,,1,13.25,13.8034,2018-01-26,0,0.9873,1,13.25,12.7,2018-02-01,1,-1.0177,1,13.25,12.7,2018-02-01,1,-1.0177
prebreak,000553,2018-01-22,S,S,A,C,S,S,A,17.5288,16.58,15.75,0.83,,0,0.0,0.0,,0,0.0,0,0.0,0.0,,0,0.0,0,0.0,0.0,,0,0.0
prebreak,000711,2018-01-22,S,S,A,C,S,S,A,11.3,10.63,10.07,0.56,,1,10.63,11.5417,2018-01-29,0,1.6125,1,10.63,10.5917,2018-02-05,0,-0.0828,1,10.63,10.07,2018-02-09,1,-1.0138
prebreak,002032,2018-01-22,S,S,A,C,S,S,A,31.7331,28.97,27.45,1.52,,1,28.97,32.0081,2018-01-25,0,1.983,1,28.97,32.0081,2018-01-25,0,1.983,1,28.97,32.0081,2018-01-25,0,1.983
prebreak,002572,2018-01-22,S,S,A,C,S,S,A,26.2148,27.88,26.71,1.17,,0,0.0,0.0,,0,0.0,0,0.0,0.0,,0,0.0,0,0.0,0.0,,0,0.0
prebreak,002727,2018-01-22,S,S,A,C,S,S,A,18.7357,17.89,17.18,0.71,,1,17.89,18.9274,2018-01-29,0,1.4411,1,17.89,18.788,2018-02-05,0,1.2449,1,17.89,20.2084,2018-02-26,0,3.2442
prebreak,600009,2018-01-22,S,S,A,C,S,S,A,42.2236,41.78,40.09,1.69,,1,41.78,42.9475,2018-01-29,0,0.6716,1,41.78,45.6928,2018-02-05,0,2.295,1,41.78,40.09,2018-02-09,1,-1.0182
prebreak,600038,2018-01-22,S,S,A,C,S,S,A,39.3007,44.75,42.49,2.26,,0,0.0,0.0,,0,0.0,0,0.0,0.0,,0,0.0,0,0.0,0.0,,0,0.0
prebreak,600062,2018-01-22,S,S,A,C,S,S,A,16.5619,16.7,15.98,0.72,,0,0.0,0.0,,0,0.0,0,0.0,0.0,,0,0.0,0,0.0,0.0,,0,0.0
prebreak,600315,2018-01-22,S,S,A,C,S,S,A,32.7647,32.49,30.77,1.72,,0,0.0,0.0,,0,0.0,0,0.0,0.0,,0,0.0,0,0.0,0.0,,0,0.0
prebreak,600597,2018-01-22,S,S,A,C,S,S,A,14.1571,14.0,13.26,0.74,,0,0.0,0.0,,0,0.0,0,0.0,0.0,,0,0.0,0,0.0,0.0,,0,0.0
prebreak,603885,2018-01-22,S,S,A,C,S,S,A,14.4397,14.26,13.54,0.72,,0,0.0,0.0,,0,0.0,0,0.0,0.0,,0,0.0,0,0.0,0.0,,0,0.0
prebreak,300055,2018-01-23,S,S,A,C,S,S,A,18.7114,19.03,18.05,0.98,,0,0.0,0.0,,0,0.0,0,0.0,0.0,,0,0.0,0,0.0,0.0,,0,0.0
prebreak,603108,2018-01-23,S,S,A,C,S,S,A,12.4749,12.49,11.91,0.58,,1,12.49,13.4323,2018-01-30,0,1.6073,1,12.49,11.91,2018-02-06,1,-1.0157,1,12.49,11.91,2018-02-06,1,-1.0157
prebreak,603658,2018-01-23,S,S,A,C,S,S,A,31.9973,34.06,32.41,1.65,,0,0.0,0.0,,0,0.0,0,0.0,0.0,,0,0.0,0,0.0,0.0,,0,0.0
prebreak,000895,2018-01-24,S,S,A,C,S,S,A,18.1111,18.89,18.0,0.89,,0,0.0,0.0,,0,0.0,0,0.0,0.0,,0,0.0,0,0.0,0.0,,0,0.0
prebreak,002672,2018-01-24,S,S,A,C,S,S,A,14.8801,15.1,14.44,0.66,,0,0.0,0.0,,0,0.0,0,0.0,0.0,,0,0.0,0,0.0,0.0,,0,0.0
prebreak,600201,2018-01-25,S,S,A,C,S,S,A,22.0777,22.38,21.26,1.12,,0,0.0,0.0,,0,0.0,0,0.0,0.0,,0,0.0,0,0.0,0.0,,0,0.0
prebreak,601336,2018-01-25,S,S,A,C,S,S,A,44.8765,49.45,47.19,2.26,,0,0.0,0.0,,0,0.0,0,0.0,0.0,,0,0.0,0,0.0,0.0,,0,0.0
prebreak,603393,2018-01-25,S,S,A,C,S,S,A,13.0235,13.43,12.81,0.62,,0,0.0,0.0,,0,0.0,0,0.0,0.0,,0,0.0,1,13.43,13.8375,2018-06-01,0,0.6404
prebreak,603989,2018-01-25,S,S,A,C,S,S,A,25.3982,26.1,24.84,1.26,,0,0.0,0.0,,0,0.0,0,0.0,0.0,,0,0.0,0,0.0,0.0,,0,0.0
prebreak,600660,2018-01-26,S,S,A,C,S,S,A,21.0862,22.23,21.22,1.01,,0,0.0,0.0,,0,0.0,0,0.0,0.0,,0,0.0,0,0.0,0.0,,0,0.0
prebreak,002311,2018-01-30,S,S,A,C,S,S,A,20.5491,20.46,19.38,1.08,,0,0.0,0.0,,0,0.0,0,0.0,0.0,,0,0.0,0,0.0,0.0,,0,0.0
prebreak,002690,2018-01-30,S,S,A,C,S,S,A,10.7111,10.78,10.24,0.54,,0,0.0,0.0,,0,0.0,0,0.0,0.0,,0,0.0,0,0.0,0.0,,0,0.0
prebreak,002695,2018-01-30,S,S,A,C,S,S,A,15.3885,16.07,15.35,0.72,,0,0.0,0.0,,0,0.0,0,0.0,0.0,,0,0.0,1,16.07,15.5376,2018-03-06,0,-0.7559
prebreak,600563,2018-01-30,S,S,A,C,S,S,A,36.3964,39.89,37.88,2.01,,0,0.0,0.0,,0,0.0,0,0.0,0.0,,0,0.0,0,0.0,0.0,,0,0.0
prebreak,603108,2018-01-30,S,S,A,C,S,S,A,13.4323,12.49,11.91,0.58,,1,12.49,11.91,2018-02-06,1,-1.0157,1,12.49,11.91,2018-02-06,1,-1.0157,1,12.49,11.91,2018-02-06,1,-1.0157
prebreak,300498,2018-02-02,S,S,A,C,S,S,A,17.0224,19.16,18.39,0.77,,0,0.0,0.0,,0,0.0,0,0.0,0.0,,0,0.0,0,0.0,0.0,,0,0.0
prebreak,600633,2018-02-02,S,S,A,C,S,S,A,12.3659,13.6,12.9,0.7,,0,0.0,0.0,,0,0.0,0,0.0,0.0,,0,0.0,0,0.0,0.0,,0,0.0
prebreak,600660,2018-02-02,S,S,A,C,S,S,A,20.4344,22.23,21.22,1.01,,0,0.0,0.0,,0,0.0,0,0.0,0.0,,0,0.0,0,0.0,0.0,,0,0.0
prebreak,000553,2018-02-05,S,S,A,C,S,S,A,14.7085,16.58,15.75,0.83,,0,0.0,0.0,,0,0.0,0,0.0,0.0,,0,0.0,0,0.0,0.0,,0,0.0
prebreak,000989,2018-02-05,S,S,A,C,S,S,A,13.7649,13.9,13.23,0.67,,0,0.0,0.0,,0,0.0,0,0.0,0.0,,0,0.0,0,0.0,0.0,,0,0.0
prebreak,002572,2018-02-05,S,S,A,C,S,S,A,25.6824,27.68,26.26,1.42,,0,0.0,0.0,,0,0.0,0,0.0,0.0,,0,0.0,0,0.0,0.0,,0,0.0
prebreak,002727,2018-02-05,S,S,A,C,S,S,A,18.788,19.03,18.23,0.8,,0,0.0,0.0,,0,0.0,0,0.0,0.0,,0,0.0,0,0.0,0.0,,0,0.0
prebreak,600315,2018-02-05,S,S,A,C,S,S,A,30.8484,32.96,31.34,1.62,,0,0.0,0.0,,0,0.0,0,0.0,0.0,,0,0.0,0,0.0,0.0,,0,0.0
prebreak,600597,2018-02-05,S,S,A,C,S,S,A,12.4626,14.0,13.26,0.74,,0,0.0,0.0,,0,0.0,0,0.0,0.0,,0,0.0,0,0.0,0.0,,0,0.0
prebreak,000895,2018-02-07,S,S,A,C,S,S,A,16.3621,18.09,17.17,0.92,,0,0.0,0.0,,0,0.0,0,0.0,0.0,,0,0.0,0,0.0,0.0,,0,0.0
prebreak,002508,2018-02-07,S,S,A,C,S,S,A,36.285,41.8,39.8,2.0,,0,0.0,0.0,,0,0.0,0,0.0,0.0,,0,0.0,0,0.0,0.0,,0,0.0
prebreak,600511,2018-02-07,S,S,A,C,S,S,A,22.7046,23.9,22.94,0.96,,0,0.0,0.0,,0,0.0,0,0.0,0.0,,0,0.0,0,0.0,0.0,,0,0.0
prebreak,601628,2018-02-07,S,S,A,C,S,S,A,26.1378,26.29,25.16,1.13,,0,0.0,0.0,,0,0.0,0,0.0,0.0,,0,0.0,0,0.0,0.0,,0,0.0
prebreak,000402,2018-02-08,S,S,A,C,S,S,A,9.1183,10.2,9.7,0.5,,0,0.0,0.0,,0,0.0,0,0.0,0.0,,0,0.0,0,0.0,0.0,,0,0.0
prebreak,002136,2018-02-08,S,S,A,C,S,S,A,14.2461,13.5,12.85,0.65,,1,13.5,14.9686,2018-02-22,0,2.2422,1,13.5,14.9038,2018-03-01,0,2.1425,1,13.5,14.8575,2018-03-15,0,2.0713
prebreak,600276,2018-02-08,S,S,A,C,S,S,A,29.8812,33.36,31.77,1.59,,0,0.0,0.0,,0,0.0,0,0.0,0.0,,0,0.0,0,0.0,0.0,,0,0.0
prebreak,002572,2018-02-12,S,S,A,C,S,S,A,25.2068,27.68,26.26,1.42,,0,0.0,0.0,,0,0.0,0,0.0,0.0,,0,0.0,0,0.0,0.0,,0,0.0
prebreak,002727,2018-02-12,S,S,A,C,S,S,A,18.91,19.03,18.23,0.8,,1,19.03,20.2084,2018-02-26,0,1.454,1,19.03,21.3413,2018-03-05,0,2.8692,1,19.03,22.4916,2018-03-19,0,4.3062
prebreak,000776,2018-02-13,S,S,A,C,S,S,A,12.8738,15.2,14.43,0.77,,0,0.0,0.0,,0,0.0,0,0.0,0.0,,0,0.0,0,0.0,0.0,,0,0.0
prebreak,000895,2018-02-14,S,S,A,C,S,S,A,16.9831,18.09,17.17,0.92,,0,0.0,0.0,,0,0.0,0,0.0,0.0,,0,0.0,0,0.0,0.0,,0,0.0
prebreak,600511,2018-02-14,S,S,A,C,S,S,A,23.7423,22.58,21.45,1.13,,0,0.0,0.0,,0,0.0,0,0.0,0.0,,0,0.0,0,0.0,0.0,,0,0.0
prebreak,601628,2018-02-14,S,S,A,C,S,S,A,22.5673,27.36,26.3,1.06,,0,0.0,0.0,,0,0.0,0,0.0,0.0,,0,0.0,0,0.0,0.0,,0,0.0
prebreak,002136,2018-02-22,S,S,A,C,S,S,A,14.9686,13.5,12.85,0.65,,0,0.0,0.0,,0,0.0,0,0.0,0.0,,0,0.0,0,0.0,0.0,,0,0.0
prebreak,300070,2018-02-22,S,S,A,C,S,S,A,14.7297,16.36,15.66,0.7,,0,0.0,0.0,,0,0.0,0,0.0,0.0,,0,0.0,0,0.0,0.0,,0,0.0
prebreak,600138,2018-02-22,S,S,A,C,S,S,A,22.1572,22.99,22.11,0.88,,0,0.0,0.0,,0,0.0,0,0.0,0.0,,0,0.0,0,0.0,0.0,,0,0.0
prebreak,002491,2018-02-23,S,S,A,C,S,S,A,12.0348,12.13,11.5,0.63,,1,12.13,13.528,2018-03-02,0,2.203,1,12.13,14.0324,2018-03-09,0,3.0031,1,12.13,13.0435,2018-03-23,0,1.4344
prebreak,300036,2018-02-23,S,S,A,C,S,S,A,13.5164,13.76,13.11,0.65,,0,0.0,0.0,,0,0.0,0,0.0,0.0,,0,0.0,0,0.0,0.0,,0,0.0
prebreak,600660,2018-02-23,S,S,A,C,S,S,A,20.4268,20.66,19.89,0.77,,0,0.0,0.0,,0,0.0,0,0.0,0.0,,0,0.0,0,0.0,0.0,,0,0.0
prebreak,002572,2018-02-26,S,S,A,C,S,S,A,27.3293,27.68,26.26,1.42,,0,0.0,0.0,,0,0.0,0,0.0,0.0,,0,0.0,0,0.0,0.0,,0,0.0
prebreak,000860,2018-02-27,S,S,A,C,S,S,A,14.597,15.57,14.92,0.65,,0,0.0,0.0,,0,0.0,0,0.0,0.0,,0,0.0,0,0.0,0.0,,0,0.0
prebreak,002737,2018-02-27,S,S,A,C,S,S,A,12.8388,11.0,10.46,0.54,,1,11.0,13.0564,2018-03-06,0,3.7903,1,11.0,13.3267,2018-03-13,0,4.2905,1,11.0,14.0567,2018-03-27,0,5.6416
prebreak,000895,2018-02-28,S,S,A,C,S,S,A,17.1796,18.09,17.17,0.92,,0,0.0,0.0,,0,0.0,0,0.0,0.0,,0,0.0,0,0.0,0.0,,0,0.0
prebreak,300408,2018-02-28,S,S,A,C,S,S,A,21.2523,20.44,19.42,1.02,,0,0.0,0.0,,0,0.0,0,0.0,0.0,,0,0.0,0,0.0,0.0,,0,0.0
prebreak,601628,2018-02-28,S,S,A,C,S,S,A,23.1093,24.08,22.95,1.13,,0,0.0,0.0,,0,0.0,0,0.0,0.0,,0,0.0,0,0.0,0.0,,0,0.0
prebreak,002136,2018-03-01,S,S,A,C,S,S,A,14.9038,13.5,12.85,0.65,,0,0.0,0.0,,0,0.0,0,0.0,0.0,,0,0.0,0,0.0,0.0,,0,0.0
prebreak,002262,2018-03-02,S,S,A,C,S,S,A,12.4484,12.58,11.91,0.67,,0,0.0,0.0,,0,0.0,0,0.0,0.0,,0,0.0,0,0.0,0.0,,0,0.0
prebreak,600660,2018-03-02,S,S,A,C,S,S,A,19.7067,20.66,19.89,0.77,,0,0.0,0.0,,0,0.0,0,0.0,0.0,,0,0.0,0,0.0,0.0,,0,0.0
prebreak,000538,2018-03-05,S,S,A,C,S,S,A,52.2581,52.58,49.87,2.71,,0,0.0,0.0,,0,0.0,0,0.0,0.0,,0,0.0,0,0.0,0.0,,0,0.0
prebreak,002572,2018-03-05,S,S,A,C,S,S,A,25.4411,27.68,26.26,1.42,,0,0.0,0.0,,0,0.0,0,0.0,0.0,,0,0.0,0,0.0,0.0,,0,0.0
prebreak,600062,2018-03-05,S,S,A,C,S,S,A,14.8448,15.5,14.74,0.76,,0,0.0,0.0,,0,0.0,0,0.0,0.0,,0,0.0,0,0.0,0.0,,0,0.0
prebreak,600597,2018-03-05,S,S,A,C,S,S,A,11.4853,12.1,11.56,0.54,,1,12.1,12.2833,2018-03-12,0,0.3221,1,12.1,12.4178,2018-03-19,0,0.571,1,12.1,11.56,2018-03-23,1,-1.0164
prebreak,600118,2018-03-06,S,S,A,C,S,S,A,21.2218,21.48,20.34,1.14,,1,21.48,21.3095,2018-03-13,0,-0.1638,1,21.48,20.9487,2018-03-14,0,-0.4801,1,21.48,20.9487,2018-03-14,0,-0.4801
prebreak,600528,2018-03-06,S,S,A,C,S,S,A,10.7221,11.49,10.9,0.59,,0,0.0,0.0,,0,0.0,0,0.0,0.0,,0,0.0,0,0.0,0.0,,0,0.0
prebreak,002262,2018-03-09,S,S,A,C,S,S,A,12.8764,12.55,11.91,0.64,,0,0.0,0.0,,0,0.0,0,0.0,0.0,,0,0.0,0,0.0,0.0,,0,0.0
prebreak,603188,2018-03-09,S,S,A,C,S,S,A,14.1849,14.43,13.86,0.57,,0,0.0,0.0,,0,0.0,0,0.0,0.0,,0,0.0,0,0.0,0.0,,0,0.0
prebreak,000752,2018-03-12,S,S,A,C,S,S,A,14.3436,13.67,12.97,0.7,,0,0.0,0.0,,0,0.0,0,0.0,0.0,,0,0.0,0,0.0,0.0,,0,0.0
prebreak,600062,2018-03-12,S,S,A,C,S,S,A,16.254,15.5,14.74,0.76,,0,0.0,0.0,,0,0.0,0,0.0,0.0,,0,0.0,0,0.0,0.0,,0,0.0
prebreak,002136,2018-03-15,S,S,A,C,S,S,A,14.8575,14.64,13.86,0.78,,0,0.0,0.0,,0,0.0,0,0.0,0.0,,0,0.0,0,0.0,0.0,,0,0.0
prebreak,002543,2018-03-15,S,S,A,C,S,S,A,10.1419,10.15,9.63,0.52,,0,0.0,0.0,,0,0.0,0,0.0,0.0,,0,0.0,0,0.0,0.0,,0,0.0
prebreak,000553,2018-03-19,S,S,A,C,S,S,A,14.0133,14.49,13.91,0.58,,0,0.0,0.0,,0,0.0,0,0.0,0.0,,0,0.0,1,14.49,14.405,2018-04-18,0,-0.1655
prebreak,300463,2018-03-19,S,S,A,C,S,S,A,21.2393,21.37,20.3,1.07,,1,21.37,21.4493,2018-03-22,0,0.0589,1,21.37,21.4493,2018-03-22,0,0.0589,1,21.37,21.4493,2018-03-22,0,0.0589
prebreak,600729,2018-03-19,S,S,A,C,S,S,A,16.6383,16.27,15.51,0.76,,1,16.27,18.9383,2018-04-11,0,3.4924,1,16.27,18.559,2018-04-18,0,2.9937,1,16.27,21.226,2018-05-04,0,6.5007
prebreak,002672,2018-03-21,S,S,A,C,S,S,A,14.0634,14.4,13.72,0.68,,0,0.0,0.0,,0,0.0,0,0.0,0.0,,0,0.0,0,0.0,0.0,,0,0.0
prebreak,600511,2018-03-21,S,S,A,C,S,S,A,25.134,24.83,23.73,1.1,,0,0.0,0.0,,0,0.0,0,0.0,0.0,,0,0.0,0,0.0,0.0,,0,0.0
prebreak,002094,2018-03-22,S,S,A,C,S,S,A,12.516,12.8,12.27,0.53,,0,0.0,0.0,,0,0.0,0,0.0,0.0,,0,0.0,0,0.0,0.0,,0,0.0
prebreak,002223,2018-03-26,S,S,A,C,S,S,A,20.1292,20.17,19.2,0.97,,1,20.17,20.9361,2018-04-02,0,0.7735,1,20.17,20.4416,2018-04-11,0,0.264,1,20.17,19.2,2018-04-18,1,-1.0152
prebreak,002602,2018-03-26,S,S,A,C,S,S,A,10.2548,10.9,10.38,0.52,,1,10.9,11.0068,2018-04-02,0,0.1893,1,10.9,10.8621,2018-04-11,0,-0.0887,1,10.9,11.1707,2018-04-25,0,0.5042
prebreak,600062,2018-03-26,S,S,A,C,S,S,A,16.4114,16.52,15.67,0.85,,1,16.52,16.042,2018-03-29,0,-0.5768,1,16.52,16.042,2018-03-29,0,-0.5768,1,16.52,16.042,2018-03-29,0,-0.5768
prebreak,002242,2018-03-27,S,S,A,C,S,S,A,12.5784,13.16,12.53,0.63,,1,13.16,13.0912,2018-04-03,0,-0.125,1,13.16,12.53,2018-04-12,1,-1.0152,1,13.16,12.53,2018-04-12,1,-1.0152
prebreak,002311,2018-03-27,S,S,A,C,S,S,A,22.2616,21.04,20.18,0.86,,0,0.0,0.0,,0,0.0,0,0.0,0.0,,0,0.0,0,0.0,0.0,,0,0.0
prebreak,300024,2018-03-27,S,S,A,C,S,S,A,18.6681,19.57,18.53,1.04,,1,19.57,21.6997,2018-04-03,0,2.0322,1,19.57,20.5928,2018-04-12,0,0.9685,1,19.57,19.426,2018-04-26,0,-0.1526
prebreak,603368,2018-03-27,S,S,A,C,S,S,A,19.2206,19.4,18.42,0.98,,0,0.0,0.0,,0,0.0,0,0.0,0.0,,0,0.0,0,0.0,0.0,,0,0.0
prebreak,600511,2018-03-28,S,S,A,C,S,S,A,24.4423,24.83,23.73,1.1,,0,0.0,0.0,,0,0.0,0,0.0,0.0,,0,0.0,0,0.0,0.0,,0,0.0
prebreak,002094,2018-03-29,S,S,A,C,S,S,A,12.1357,12.8,12.27,0.53,,0,0.0,0.0,,0,0.0,0,0.0,0.0,,0,0.0,0,0.0,0.0,,0,0.0
prebreak,002007,2018-03-30,S,S,A,C,S,S,A,13.1778,12.59,11.94,0.65,,0,0.0,0.0,,0,0.0,0,0.0,0.0,,0,0.0,0,0.0,0.0,,0,0.0
prebreak,002223,2018-04-02,S,S,A,C,S,S,A,20.9361,20.17,19.2,0.97,,0,0.0,0.0,,0,0.0,0,0.0,0.0,,0,0.0,0,0.0,0.0,,0,0.0
prebreak,002602,2018-04-02,S,S,A,C,S,S,A,11.0068,10.9,10.38,0.52,,0,0.0,0.0,,0,0.0,0,0.0,0.0,,0,0.0,0,0.0,0.0,,0,0.0
prebreak,600009,2018-04-02,S,S,A,C,S,S,A,46.351,47.91,45.79,2.12,,0,0.0,0.0,,0,0.0,0,0.0,0.0,,0,0.0,0,0.0,0.0,,0,0.0
prebreak,601966,2018-04-02,S,S,A,C,S,S,A,15.1083,15.58,15.03,0.55,,0,0.0,0.0,,0,0.0,0,0.0,0.0,,0,0.0,0,0.0,0.0,,0,0.0
prebreak,000999,2018-04-04,S,S,A,C,S,S,A,13.1259,13.51,12.95,0.56,,0,0.0,0.0,,0,0.0,0,0.0,0.0,,0,0.0,1,13.51,13.5731,2018-05-08,0,0.0943
prebreak,600482,2018-04-04,S,S,A,C,S,S,A,24.373,23.67,22.68,0.99,,1,23.67,24.0204,2018-04-13,0,0.3356,1,23.67,24.5635,2018-04-20,0,0.8838,1,23.67,22.68,2018-05-02,1,-1.0175
prebreak,300439,2018-04-09,S,S,A,C,S,S,A,19.2651,17.93,17.07,0.86,,1,17.93,20.3246,2018-04-12,0,2.7668,1,17.93,20.3246,2018-04-12,0,2.7668,1,17.93,20.3246,2018-04-12,0,2.7668
prebreak,600138,2018-04-09,S,S,A,C,S,S,A,23.2137,22.99,21.86,1.13,,0,0.0,0.0,,0,0.0,0,0.0,0.0,,0,0.0,0,0.0,0.0,,0,0.0
prebreak,002007,2018-04-10,S,S,A,C,S,S,A,13.3224,13.52,12.81,0.71,,0,0.0,0.0,,0,0.0,0,0.0,0.0,,0,0.0,0,0.0,0.0,,0,0.0
prebreak,300583,2018-04-10,S,S,A,C,S,S,A,26.2153,23.83,22.7,1.13,,1,23.83,26.269,2018-04-17,0,2.141,1,23.83,24.3952,2018-04-24,0,0.4838,1,23.83,27.5878,2018-05-10,0,3.3074
prebreak,300294,2018-04-11,S,S,A,C,S,S,A,33.1241,33.29,31.65,1.64,,0,0.0,0.0,,0,0.0,0,0.0,0.0,,0,0.0,0,0.0,0.0,,0,0.0
prebreak,000623,2018-04-12,S,S,A,C,S,S,A,17.1136,17.47,16.75,0.72,,0,0.0,0.0,,0,0.0,0,0.0,0.0,,0,0.0,0,0.0,0.0,,0,0.0
prebreak,000999,2018-04-13,S,S,A,C,S,S,A,12.7613,13.39,12.73,0.66,,0,0.0,0.0,,0,0.0,0,0.0,0.0,,0,0.0,1,13.39,13.8454,2018-05-15,0,0.6741
prebreak,600482,2018-04-13,S,S,A,C,S,S,A,24.0204,23.67,22.68,0.99,,0,0.0,0.0,,0,0.0,0,0.0,0.0,,0,0.0,0,0.0,0.0,,0,0.0
prebreak,000028,2018-04-16,S,S,A,C,S,S,A,34.3739,36.43,34.5,1.93,,0,0.0,0.0,,0,0.0,0,0.0,0.0,,0,0.0,0,0.0,0.0,,0,0.0
prebreak,600138,2018-04-16,S,S,A,C,S,S,A,21.9459,22.99,21.86,1.13,,0,0.0,0.0,,0,0.0,0,0.0,0.0,,0,0.0,0,0.0,0.0,,0,0.0
prebreak,000538,2018-04-18,S,S,A,C,S,S,A,50.396,54.08,51.29,2.79,,0,0.0,0.0,,0,0.0,0,0.0,0.0,,0,0.0,0,0.0,0.0,,0,0.0
prebreak,601966,2018-04-18,S,S,A,C,S,S,A,14.5039,15.53,14.9,0.63,,0,0.0,0.0,,0,0.0,0,0.0,0.0,,0,0.0,0,0.0,0.0,,0,0.0
prebreak,000623,2018-04-19,S,S,A,C,S,S,A,16.7346,17.33,16.47,0.86,,0,0.0,0.0,,0,0.0,0,0.0,0.0,,0,0.0,0,0.0,0.0,,0,0.0
prebreak,002690,2018-04-19,S,S,A,C,S,S,A,12.039,11.63,11.08,0.55,,0,0.0,0.0,,0,0.0,0,0.0,0.0,,0,0.0,0,0.0,0.0,,0,0.0
prebreak,600872,2018-04-19,S,S,A,C,S,S,A,21.4638,23.15,22.01,1.14,,0,0.0,0.0,,0,0.0,0,0.0,0.0,,0,0.0,0,0.0,0.0,,0,0.0
prebreak,000028,2018-04-23,S,S,A,C,S,S,A,32.4105,35.11,33.83,1.28,,0,0.0,0.0,,0,0.0,0,0.0,0.0,,0,0.0,0,0.0,0.0,,0,0.0
prebreak,600276,2018-04-23,S,S,A,C,S,S,A,36.4447,36.3,34.45,1.85,,0,0.0,0.0,,0,0.0,0,0.0,0.0,,0,0.0,0,0.0,0.0,,0,0.0
prebreak,000423,2018-04-24,S,S,A,C,S,S,A,47.3433,47.93,46.1,1.83,,0,0.0,0.0,,0,0.0,0,0.0,0.0,,0,0.0,0,0.0,0.0,,0,0.0
prebreak,000895,2018-04-27,S,S,A,C,S,S,A,16.5393,16.85,15.97,0.88,,0,0.0,0.0,,0,0.0,0,0.0,0.0,,0,0.0,0,0.0,0.0,,0,0.0
prebreak,000999,2018-04-27,S,S,A,C,S,S,A,12.5425,12.68,12.16,0.52,,1,12.68,13.5731,2018-05-08,0,1.6979,1,12.68,13.8454,2018-05-15,0,2.2211,1,12.68,13.5488,2018-05-29,0,1.6512
prebreak,600060,2018-04-27,S,S,A,C,S,S,A,10.8113,12.37,11.86,0.51,,0,0.0,0.0,,0,0.0,0,0.0,0.0,,0,0.0,0,0.0,0.0,,0,0.0
prebreak,600482,2018-04-27,S,S,A,C,S,S,A,23.2486,24.83,23.58,1.25,,0,0.0,0.0,,0,0.0,0,0.0,0.0,,0,0.0,0,0.0,0.0,,0,0.0
prebreak,600138,2018-05-02,S,S,A,C,S,S,A,20.0443,20.46,19.4,1.06,,0,0.0,0.0,,0,0.0,0,0.0,0.0,,0,0.0,0,0.0,0.0,,0,0.0
prebreak,000423,2018-05-03,S,S,A,C,S,S,A,41.1767,47.46,45.75,1.71,,0,0.0,0.0,,0,0.0,0,0.0,0.0,,0,0.0,1,47.46,47.3907,2018-05-31,0,-0.0616
prebreak,002007,2018-05-03,S,S,A,C,S,S,A,12.7965,13.52,12.81,0.71,,0,0.0,0.0,,0,0.0,0,0.0,0.0,,0,0.0,0,0.0,0.0,,0,0.0
prebreak,603816,2018-05-04,S,S,A,C,S,S,A,28.7483,26.04,25.05,0.99,,0,0.0,0.0,,0,0.0,0,0.0,0.0,,0,0.0,0,0.0,0.0,,0,0.0
prebreak,002242,2018-05-07,S,S,A,C,S,S,A,12.7396,12.78,12.18,0.6,,1,12.78,12.7615,2018-05-10,0,-0.047,1,12.78,12.7615,2018-05-10,0,-0.047,1,12.78,12.7615,2018-05-10,0,-0.047
prebreak,002690,2018-05-07,S,S,A,C,S,S,A,12.753,11.63,11.08,0.55,,1,11.63,12.4521,2018-05-14,0,1.4777,1,11.63,12.577,2018-05-21,0,1.7047,1,11.63,12.6193,2018-06-04,0,1.7815
prebreak,600872,2018-05-07,S,S,A,C,S,S,A,22.9615,22.14,21.09,1.05,,0,0.0,0.0,,0,0.0,0,0.0,0.0,,0,0.0,0,0.0,0.0,,0,0.0
prebreak,601788,2018-05-07,S,S,A,C,S,S,A,11.7531,11.78,11.16,0.62,,0,0.0,0.0,,0,0.0,0,0.0,0.0,,0,0.0,0,0.0,0.0,,0,0.0
prebreak,000895,2018-05-08,S,S,A,C,S,S,A,16.8633,16.85,15.97,0.88,,0,0.0,0.0,,0,0.0,0,0.0,0.0,,0,0.0,0,0.0,0.0,,0,0.0
prebreak,000999,2018-05-08,S,S,A,C,S,S,A,13.5731,12.68,12.16,0.52,,0,0.0,0.0,,0,0.0,0,0.0,0.0,,0,0.0,0,0.0,0.0,,0,0.0
prebreak,002672,2018-05-08,S,S,A,C,S,S,A,14.514,13.88,13.15,0.73,,1,13.88,14.4577,2018-05-11,0,0.7764,1,13.88,14.4577,2018-05-11,0,0.7764,1,13.88,14.4577,2018-05-11,0,0.7764
prebreak,600060,2018-05-08,S,S,A,C,S,S,A,11.1506,12.37,11.86,0.51,,0,0.0,0.0,,0,0.0,0,0.0,0.0,,0,0.0,0,0.0,0.0,,0,0.0
prebreak,600482,2018-05-08,S,S,A,C,S,S,A,23.1819,23.33,22.45,0.88,,0,0.0,0.0,,0,0.0,0,0.0,0.0,,0,0.0,0,0.0,0.0,,0,0.0
prebreak,300144,2018-05-09,S,S,A,C,S,S,A,10.5752,10.65,10.1,0.55,,0,0.0,0.0,,0,0.0,0,0.0,0.0,,0,0.0,0,0.0,0.0,,0,0.0
prebreak,600138,2018-05-09,S,S,A,C,S,S,A,20.6589,20.46,19.38,1.08,,0,0.0,0.0,,0,0.0,0,0.0,0.0,,0,0.0,0,0.0,0.0,,0,0.0
prebreak,000423,2018-05-10,S,S,A,C,S,S,A,44.256,47.46,45.75,1.71,,0,0.0,0.0,,0,0.0,0,0.0,0.0,,0,0.0,1,47.46,47.1933,2018-06-04,0,-0.177
prebreak,000999,2018-05-15,S,S,A,C,S,S,A,13.8454,13.96,13.34,0.62,,1,13.96,14.103,2018-05-22,0,0.2134,1,13.96,13.5488,2018-05-29,0,-0.6799,1,13.96,13.34,2018-05-30,1,-1.0165
prebreak,002672,2018-05-15,S,S,A,C,S,S,A,15.0867,13.88,13.15,0.73,,1,13.88,15.4622,2018-05-22,0,2.1516,1,13.88,14.8989,2018-05-29,0,1.3804,1,13.88,15.7626,2018-06-12,0,2.5629
prebreak,600060,2018-05-15,S,S,A,C,S,S,A,11.4334,11.61,11.02,0.59,,0,0.0,0.0,,0,0.0,0,0.0,0.0,,0,0.0,0,0.0,0.0,,0,0.0
prebreak,600138,2018-05-16,S,S,A,C,S,S,A,21.1296,21.48,20.42,1.06,,0,0.0,0.0,,0,0.0,0,0.0,0.0,,0,0.0,1,21.48,21.5137,2018-06-04,0,0.0164
prebreak,000423,2018-05-17,S,S,A,C,S,S,A,44.5719,45.77,43.35,2.42,,0,0.0,0.0,,0,0.0,0,0.0,0.0,,0,0.0,0,0.0,0.0,,0,0.0
prebreak,002310,2018-05-17,S,S,A,C,S,S,A,18.9063,19.27,18.54,0.73,,0,0.0,0.0,,0,0.0,0,0.0,0.0,,0,0.0,0,0.0,0.0,,0,0.0
prebreak,002719,2018-05-18,S,S,A,C,S,S,A,18.929,18.77,17.85,0.92,,0,0.0,0.0,,0,0.0,0,0.0,0.0,,0,0.0,0,0.0,0.0,,0,0.0
prebreak,600060,2018-05-22,S,S,A,C,S,S,A,11.8213,11.74,11.2,0.54,,0,0.0,0.0,,0,0.0,0,0.0,0.0,,0,0.0,0,0.0,0.0,,0,0.0
prebreak,000423,2018-05-24,S,S,A,C,S,S,A,44.8403,45.07,43.16,1.91,,0,0.0,0.0,,0,0.0,0,0.0,0.0,,0,0.0,0,0.0,0.0,,0,0.0
prebreak,600066,2018-05-24,S,S,A,C,S,S,A,13.1099,13.46,12.83,0.63,,0,0.0,0.0,,0,0.0,1,13.46,13.3997,2018-06-06,0,-0.112,1,13.46,13.3997,2018-06-06,0,-0.112
prebreak,002142,2018-05-28,S,S,A,C,S,S,A,13.4388,14.32,13.62,0.7,,0,0.0,0.0,,0,0.0,0,0.0,0.0,,0,0.0,0,0.0,0.0,,0,0.0
prebreak,600036,2018-05-28,S,S,A,C,S,S,A,20.0078,21.57,20.46,1.11,,0,0.0,0.0,,0,0.0,0,0.0,0.0,,0,0.0,0,0.0,0.0,,0,0.0
prebreak,000423,2018-05-31,S,S,A,C,S,S,A,47.3907,45.07,43.16,1.91,,0,0.0,0.0,,0,0.0,0,0.0,0.0,,0,0.0,0,0.0,0.0,,0,0.0
prebreak,600066,2018-05-31,S,S,A,C,S,S,A,13.2669,13.33,12.78,0.55,,1,13.33,13.4057,2018-06-07,0,0.1191,1,13.33,12.953,2018-06-14,0,-0.7034,1,13.33,12.78,2018-06-19,1,-1.0178
prebreak,002142,2018-06-04,S,S,A,C,S,S,A,13.5476,13.78,13.18,0.6,,0,0.0,0.0,,0,0.0,0,0.0,0.0,,0,0.0,0,0.0,0.0,,0,0.0
prebreak,002186,2018-06-04,S,S,A,C,S,S,A,15.6076,15.29,14.67,0.62,,1,15.29,15.7425,2018-06-07,0,0.7107,1,15.29,15.7425,2018-06-07,0,0.7107,1,15.29,15.7425,2018-06-07,0,0.7107
prebreak,600036,2018-06-04,S,S,A,C,S,S,A,20.3204,20.38,19.61,0.77,,0,0.0,0.0,,0,0.0,0,0.0,0.0,,0,0.0,0,0.0,0.0,,0,0.0
prebreak,002275,2018-06-05,S,S,A,C,S,S,A,12.079,12.14,11.63,0.51,,0,0.0,0.0,,0,0.0,0,0.0,0.0,,0,0.0,0,0.0,0.0,,0,0.0
prebreak,002672,2018-06-05,S,S,A,C,S,S,A,15.7157,15.71,14.94,0.77,,0,0.0,0.0,,0,0.0,0,0.0,0.0,,0,0.0,0,0.0,0.0,,0,0.0
prebreak,000826,2018-06-06,S,S,A,C,S,S,A,19.6064,20.43,19.56,0.87,,0,0.0,0.0,,0,0.0,0,0.0,0.0,,0,0.0,0,0.0,0.0,,0,0.0
prebreak,600557,2018-06-06,S,S,A,C,S,S,A,12.7572,13.78,13.08,0.7,,0,0.0,0.0,,0,0.0,0,0.0,0.0,,0,0.0,0,0.0,0.0,,0,0.0
prebreak,600993,2018-06-11,S,S,A,C,S,S,A,16.3626,17.31,16.43,0.88,,0,0.0,0.0,,0,0.0,0,0.0,0.0,,0,0.0,0,0.0,0.0,,0,0.0
prebreak,000999,2018-06-12,S,S,A,C,S,S,A,14.5648,14.4,13.87,0.53,,0,0.0,0.0,,0,0.0,0,0.0,0.0,,0,0.0,0,0.0,0.0,,0,0.0
prebreak,603919,2018-06-12,S,S,A,C,S,S,A,12.7492,11.87,11.25,0.62,,0,0.0,0.0,,0,0.0,0,0.0,0.0,,0,0.0,0,0.0,0.0,,0,0.0
prebreak,600129,2018-06-14,S,S,A,C,S,S,A,16.0121,15.56,14.83,0.73,,0,0.0,0.0,,0,0.0,0,0.0,0.0,,0,0.0,0,0.0,0.0,,0,0.0
prebreak,000999,2018-06-20,S,S,A,C,S,S,A,13.7919,14.7,14.03,0.67,,0,0.0,0.0,,0,0.0,0,0.0,0.0,,0,0.0,0,0.0,0.0,,0,0.0
prebreak,002672,2018-06-20,S,S,A,C,S,S,A,15.9222,16.0,15.21,0.79,,0,0.0,0.0,,0,0.0,0,0.0,0.0,,0,0.0,0,0.0,0.0,,0,0.0
prebreak,600977,2018-06-22,S,S,A,C,S,S,A,14.6644,16.46,15.67,0.79,,0,0.0,0.0,,0,0.0,0,0.0,0.0,,0,0.0,0,0.0,0.0,,0,0.0
prebreak,002415,2018-06-25,S,S,A,C,S,S,A,30.3477,32.6,31.17,1.43,,0,0.0,0.0,,0,0.0,0,0.0,0.0,,0,0.0,0,0.0,0.0,,0,0.0
prebreak,002242,2018-06-26,S,S,A,C,S,S,A,13.3619,13.25,12.65,0.6,,0,0.0,0.0,,0,0.0,0,0.0,0.0,,0,0.0,0,0.0,0.0,,0,0.0
prebreak,000999,2018-06-27,S,S,A,C,S,S,A,13.5596,14.7,14.03,0.67,,0,0.0,0.0,,0,0.0,0,0.0,0.0,,0,0.0,0,0.0,0.0,,0,0.0
prebreak,600977,2018-06-29,S,S,A,C,S,S,A,14.8029,14.84,14.09,0.75,,0,0.0,0.0,,0,0.0,0,0.0,0.0,,0,0.0,0,0.0,0.0,,0,0.0
prebreak,601788,2018-07-03,S,S,A,C,S,S,A,9.8604,9.93,9.41,0.52,,0,0.0,0.0,,0,0.0,0,0.0,0.0,,0,0.0,0,0.0,0.0,,0,0.0
prebreak,300124,2018-07-06,S,S,A,C,S,S,A,19.4157,21.45,20.37,1.08,,0,0.0,0.0,,0,0.0,0,0.0,0.0,,0,0.0,0,0.0,0.0,,0,0.0
prebreak,600977,2018-07-06,S,S,A,C,S,S,A,14.203,14.84,14.09,0.75,,0,0.0,0.0,,0,0.0,0,0.0,0.0,,0,0.0,0,0.0,0.0,,0,0.0
prebreak,002415,2018-07-09,S,S,A,C,S,S,A,28.7124,31.35,29.73,1.62,,0,0.0,0.0,,0,0.0,0,0.0,0.0,,0,0.0,0,0.0,0.0,,0,0.0
prebreak,002424,2018-07-09,S,S,A,C,S,S,A,10.7186,11.17,10.6,0.57,,1,11.17,11.0281,2018-07-16,0,-0.2637,1,11.17,10.9314,2018-07-17,0,-0.4333,1,11.17,10.9314,2018-07-17,0,-0.4333
prebreak,300294,2018-07-09,S,S,A,C,S,S,A,31.2078,30.74,29.3,1.44,,0,0.0,0.0,,0,0.0,0,0.0,0.0,,0,0.0,0,0.0,0.0,,0,0.0
prebreak,000623,2018-07-10,S,S,A,C,S,S,A,14.7164,15.69,15.01,0.68,,0,0.0,0.0,,0,0.0,0,0.0,0.0,,0,0.0,0,0.0,0.0,,0,0.0
prebreak,600977,2018-07-13,S,S,A,C,S,S,A,14.3968,14.5,13.84,0.66,,0,0.0,0.0,,0,0.0,0,0.0,0.0,,0,0.0,0,0.0,0.0,,0,0.0
prebreak,002415,2018-07-16,S,S,A,C,S,S,A,30.1587,31.35,29.73,1.62,,0,0.0,0.0,,0,0.0,0,0.0,0.0,,0,0.0,0,0.0,0.0,,0,0.0
prebreak,600062,2018-07-16,S,S,A,C,S,S,A,16.8355,17.69,16.81,0.88,,0,0.0,0.0,,0,0.0,0,0.0,0.0,,0,0.0,0,0.0,0.0,,0,0.0
prebreak,000423,2018-07-20,S,S,A,C,S,S,A,42.132,43.06,41.05,2.01,,0,0.0,0.0,,0,0.0,0,0.0,0.0,,0,0.0,0,0.0,0.0,,0,0.0
prebreak,601607,2018-07-20,S,S,A,C,S,S,A,20.4539,20.75,19.79,0.96,,0,0.0,0.0,,0,0.0,0,0.0,0.0,,0,0.0,0,0.0,0.0,,0,0.0
prebreak,002415,2018-07-23,S,S,A,C,S,S,A,30.1915,30.56,29.01,1.55,,0,0.0,0.0,,0,0.0,0,0.0,0.0,,0,0.0,0,0.0,0.0,,0,0.0
prebreak,002358,2018-07-24,S,S,A,C,S,S,A,14.0746,14.25,13.6,0.65,,0,0.0,0.0,,0,0.0,0,0.0,0.0,,0,0.0,0,0.0,0.0,,0,0.0
prebreak,600511,2018-07-25,S,S,A,C,S,S,A,23.5788,23.28,22.12,1.16,,0,0.0,0.0,,0,0.0,0,0.0,0.0,,0,0.0,0,0.0,0.0,,0,0.0
prebreak,002242,2018-08-07,S,S,A,C,S,S,A,12.6204,13.88,13.16,0.72,,0,0.0,0.0,,0,0.0,0,0.0,0.0,,0,0.0,0,0.0,0.0,,0,0.0
prebreak,600104,2018-08-09,S,S,A,C,S,S,A,23.2218,25.58,24.41,1.17,,0,0.0,0.0,,0,0.0,0,0.0,0.0,,0,0.0,0,0.0,0.0,,0,0.0
prebreak,600323,2018-08-27,S,S,A,C,S,S,A,12.4621,12.54,11.91,0.63,,0,0.0,0.0,,0,0.0,0,0.0,0.0,,0,0.0,0,0.0,0.0,,0,0.0
prebreak,601966,2018-08-27,S,S,A,C,S,S,A,14.8114,13.86,13.28,0.58,,0,0.0,0.0,,0,0.0,0,0.0,0.0,,0,0.0,0,0.0,0.0,,0,0.0
prebreak,600036,2018-09-26,S,S,A,C,S,S,A,21.8439,20.59,19.54,1.05,,0,0.0,0.0,,0,0.0,0,0.0,0.0,,0,0.0,0,0.0,0.0,,0,0.0
prebreak,601688,2018-10-10,S,S,A,C,S,S,A,12.333,12.79,12.15,0.64,,0,0.0,0.0,,0,0.0,1,12.79,13.1345,2018-10-24,0,0.5227,1,12.79,14.0259,2018-11-07,0,1.9147
prebreak,601688,2018-10-24,S,S,A,C,S,S,A,13.1345,11.78,11.27,0.51,,1,11.78,12.8155,2018-10-29,0,2.0116,1,11.78,12.8155,2018-10-29,0,2.0116,1,11.78,12.8155,2018-10-29,0,2.0116
prebreak,601628,2018-10-25,S,S,A,C,S,S,A,20.4236,18.83,18.17,0.66,,1,18.83,19.129,2018-11-01,0,0.4311,1,18.83,19.4614,2018-11-08,0,0.9344,1,18.83,19.1553,2018-11-22,0,0.4709
prebreak,000028,2018-10-26,S,S,A,C,S,S,A,26.4305,27.8,26.55,1.25,,1,27.8,28.7211,2018-11-02,0,0.7195,1,27.8,27.591,2018-11-09,0,-0.184,1,27.8,26.8923,2018-11-23,0,-0.7426
prebreak,600362,2018-10-26,S,S,A,C,S,S,A,11.2324,12.5,11.91,0.59,,0,0.0,0.0,,0,0.0,0,0.0,0.0,,0,0.0,0,0.0,0.0,,0,0.0
prebreak,600030,2018-10-30,S,S,A,C,S,S,A,13.8414,12.29,11.78,0.51,,0,0.0,0.0,,0,0.0,0,0.0,0.0,,0,0.0,0,0.0,0.0,,0,0.0
prebreak,000651,2018-11-01,S,S,A,C,S,S,A,24.8707,26.03,24.69,1.34,,0,0.0,0.0,,0,0.0,0,0.0,0.0,,0,0.0,0,0.0,0.0,,0,0.0
prebreak,300203,2018-11-01,S,S,A,C,S,S,A,22.6046,24.1,22.9,1.2,,0,0.0,0.0,,0,0.0,0,0.0,0.0,,0,0.0,0,0.0,0.0,,0,0.0
prebreak,600036,2018-11-07,S,S,A,C,S,S,A,21.2126,21.88,21.02,0.86,,0,0.0,0.0,,0,0.0,0,0.0,0.0,,0,0.0,0,0.0,0.0,,0,0.0
prebreak,000651,2018-11-08,S,S,A,C,S,S,A,25.1856,26.09,25.01,1.08,,0,0.0,0.0,,0,0.0,0,0.0,0.0,,0,0.0,0,0.0,0.0,,0,0.0
prebreak,600362,2018-11-09,S,S,A,C,S,S,A,11.309,11.81,11.29,0.52,,0,0.0,0.0,,0,0.0,0,0.0,0.0,,0,0.0,0,0.0,0.0,,0,0.0
prebreak,002352,2018-11-12,S,S,A,C,S,S,A,33.7412,35.54,33.88,1.66,,0,0.0,0.0,,0,0.0,0,0.0,0.0,,0,0.0,0,0.0,0.0,,0,0.0
prebreak,601601,2018-11-13,S,S,A,C,S,S,A,24.2577,25.75,24.44,1.31,,0,0.0,0.0,,0,0.0,0,0.0,0.0,,0,0.0,0,0.0,0.0,,0,0.0
prebreak,002142,2018-11-14,S,S,A,C,S,S,A,13.4201,13.63,12.96,0.67,,0,0.0,0.0,,0,0.0,0,0.0,0.0,,0,0.0,0,0.0,0.0,,0,0.0
prebreak,000651,2018-11-15,S,S,A,C,S,S,A,24.7615,25.56,24.26,1.3,,0,0.0,0.0,,0,0.0,0,0.0,0.0,,0,0.0,0,0.0,0.0,,0,0.0
prebreak,601628,2018-11-15,S,S,A,C,S,S,A,19.8463,19.89,18.85,1.04,,0,0.0,0.0,,0,0.0,0,0.0,0.0,,0,0.0,0,0.0,0.0,,0,0.0
prebreak,600362,2018-11-16,S,S,A,C,S,S,A,11.6493,11.75,11.22,0.53,,0,0.0,0.0,,0,0.0,0,0.0,0.0,,0,0.0,0,0.0,0.0,,0,0.0
prebreak,601336,2018-11-16,S,S,A,C,S,S,A,35.8922,36.44,34.61,1.83,,0,0.0,0.0,,0,0.0,0,0.0,0.0,,0,0.0,0,0.0,0.0,,0,0.0
prebreak,000651,2018-11-22,S,S,A,C,S,S,A,24.3952,25.11,24.05,1.06,,0,0.0,0.0,,0,0.0,0,0.0,0.0,,0,0.0,0,0.0,0.0,,0,0.0
prebreak,601628,2018-11-22,S,S,A,C,S,S,A,19.1553,20.04,19.04,1.0,,0,0.0,0.0,,0,0.0,0,0.0,0.0,,0,0.0,0,0.0,0.0,,0,0.0
prebreak,601088,2018-11-28,S,S,A,C,S,S,A,10.9416,11.7,11.14,0.56,,0,0.0,0.0,,0,0.0,0,0.0,0.0,,0,0.0,0,0.0,0.0,,0,0.0
prebreak,600362,2018-11-30,S,S,A,C,S,S,A,11.3005,11.61,11.04,0.57,,0,0.0,0.0,,0,0.0,0,0.0,0.0,,0,0.0,0,0.0,0.0,,0,0.0
prebreak,000651,2018-12-13,S,S,A,C,S,S,A,24.2924,23.81,22.86,0.95,,0,0.0,0.0,,0,0.0,0,0.0,0.0,,0,0.0,0,0.0,0.0,,0,0.0
prebreak,000999,2018-12-20,S,S,A,C,S,S,A,11.0345,12.27,11.77,0.5,,0,0.0,0.0,,0,0.0,0,0.0,0.0,,0,0.0,0,0.0,0.0,,0,0.0
prebreak,300498,2018-12-24,S,S,A,C,S,S,A,18.4963,18.39,17.41,0.98,,0,0.0,0.0,,0,0.0,0,0.0,0.0,,0,0.0,0,0.0,0.0,,0,0.0
prebreak,600036,2018-12-26,S,S,A,C,S,S,A,17.8266,20.89,19.94,0.95,,0,0.0,0.0,,0,0.0,0,0.0,0.0,,0,0.0,0,0.0,0.0,,0,0.0
prebreak,600900,2019-01-03,S,S,A,C,S,S,A,11.8083,12.06,11.45,0.61,,0,0.0,0.0,,0,0.0,0,0.0,0.0,,0,0.0,0,0.0,0.0,,0,0.0
prebreak,000999,2019-01-07,S,S,A,C,S,S,A,11.7807,12.41,11.85,0.56,,0,0.0,0.0,,0,0.0,0,0.0,0.0,,0,0.0,0,0.0,0.0,,0,0.0
prebreak,600660,2019-01-09,S,S,A,C,S,S,A,17.8445,18.11,17.38,0.73,,0,0.0,0.0,,0,0.0,0,0.0,0.0,,0,0.0,0,0.0,0.0,,0,0.0
prebreak,600036,2019-01-11,S,S,A,C,S,S,A,18.9816,18.44,17.46,0.98,,0,0.0,0.0,,0,0.0,0,0.0,0.0,,0,0.0,0,0.0,0.0,,0,0.0
prebreak,002373,2019-01-18,S,S,A,C,S,S,A,11.7073,11.87,11.25,0.62,,1,11.87,12.0992,2019-01-25,0,0.3548,1,11.87,12.5008,2019-02-01,0,1.0023,1,11.87,14.1663,2019-02-22,0,3.6869
prebreak,002396,2019-01-18,S,S,A,C,S,S,A,12.7375,12.97,12.46,0.51,,0,0.0,0.0,,0,0.0,0,0.0,0.0,,0,0.0,0,0.0,0.0,,0,0.0
prebreak,600036,2019-01-18,S,S,A,C,S,S,A,19.4407,19.6,18.77,0.83,,0,0.0,0.0,,0,0.0,0,0.0,0.0,,0,0.0,0,0.0,0.0,,0,0.0
prebreak,000999,2019-01-21,S,S,A,C,S,S,A,11.3409,11.52,11.02,0.5,,0,0.0,0.0,,0,0.0,0,0.0,0.0,,0,0.0,1,11.52,12.4577,2019-02-25,0,1.8566
prebreak,600118,2019-02-01,S,S,A,C,S,S,A,17.8124,18.04,17.21,0.83,,0,0.0,0.0,,0,0.0,0,0.0,0.0,,0,0.0,0,0.0,0.0,,0,0.0
prebreak,600150,2019-02-12,S,S,A,C,S,S,A,12.9702,13.08,12.4,0.68,,0,0.0,0.0,,0,0.0,0,0.0,0.0,,0,0.0,0,0.0,0.0,,0,0.0
prebreak,002151,2019-02-13,S,S,A,C,S,S,A,21.8948,21.84,20.77,1.07,,0,0.0,0.0,,0,0.0,0,0.0,0.0,,0,0.0,0,0.0,0.0,,0,0.0
prebreak,300498,2019-02-13,S,S,A,C,S,S,A,21.6073,20.01,19.32,0.69,,0,0.0,0.0,,0,0.0,0,0.0,0.0,,0,0.0,0,0.0,0.0,,0,0.0
prebreak,300457,2019-02-14,S,S,A,C,S,S,A,18.4792,18.06,17.17,0.89,,0,0.0,0.0,,0,0.0,0,0.0,0.0,,0,0.0,0,0.0,0.0,,0,0.0
prebreak,000776,2019-02-15,S,S,A,C,S,S,A,11.2674,11.42,10.87,0.55,,1,11.42,13.3309,2019-02-22,0,3.4564,1,11.42,13.8386,2019-03-01,0,4.3789,1,11.42,13.4947,2019-03-15,0,3.754
prebreak,600999,2019-02-18,S,S,A,C,S,S,A,10.971,10.24,9.73,0.51,,1,10.24,13.3047,2019-02-25,0,5.9902,1,10.24,12.4693,2019-03-04,0,4.3531,1,10.24,12.2898,2019-03-18,0,4.0014
prebreak,600150,2019-02-19,S,S,A,C,S,S,A,13.0765,13.08,12.4,0.68,,1,13.08,13.9174,2019-02-26,0,1.216,1,13.08,16.1209,2019-03-05,0,4.4545,1,13.08,18.5178,2019-03-19,0,7.9771
prebreak,002151,2019-02-20,S,S,A,C,S,S,A,24.2902,21.84,20.77,1.07,,1,21.84,24.9237,2019-02-27,0,2.8646,1,21.84,25.765,2019-03-06,0,3.6504,1,21.84,26.0125,2019-03-20,0,3.8816
prebreak,300498,2019-02-20,S,S,A,C,S,S,A,23.3184,20.01,19.32,0.69,,1,20.01,22.8234,2019-02-25,0,4.0528,1,20.01,22.8234,2019-02-25,0,4.0528,1,20.01,22.8234,2019-02-25,0,4.0528
prebreak,600104,2019-02-26,S,S,A,C,S,S,A,22.022,21.09,20.02,1.07,,0,0.0,0.0,,0,0.0,0,0.0,0.0,,0,0.0,0,0.0,0.0,,0,0.0
prebreak,600893,2019-02-28,S,S,A,C,S,S,A,24.5219,22.08,21.24,0.84,,0,0.0,0.0,,0,0.0,0,0.0,0.0,,0,0.0,0,0.0,0.0,,0,0.0
prebreak,300176,2019-03-05,S,S,A,C,S,S,A,47.2723,39.51,37.66,1.85,,1,39.51,44.2923,2019-03-08,0,2.5672,1,39.51,44.2923,2019-03-08,0,2.5672,1,39.51,44.2923,2019-03-08,0,2.5672
prebreak,600893,2019-03-07,S,S,A,C,S,S,A,25.0854,22.08,21.24,0.84,,0,0.0,0.0,,0,0.0,0,0.0,0.0,,0,0.0,0,0.0,0.0,,0,0.0
prebreak,600332,2019-03-20,S,S,A,C,S,S,A,32.6992,31.51,30.12,1.39,,0,0.0,0.0,,0,0.0,0,0.0,0.0,,0,0.0,0,0.0,0.0,,0,0.0
prebreak,300457,2019-03-21,S,S,A,C,S,S,A,17.2738,19.02,18.17,0.85,,0,0.0,0.0,,0,0.0,0,0.0,0.0,,0,0.0,0,0.0,0.0,,0,0.0
prebreak,600897,2019-03-22,S,S,A,C,S,S,A,14.4605,14.32,13.68,0.64,,0,0.0,0.0,,0,0.0,0,0.0,0.0,,0,0.0,0,0.0,0.0,,0,0.0
prebreak,600332,2019-03-27,S,S,A,C,S,S,A,32.24,31.51,30.12,1.39,,0,0.0,0.0,,0,0.0,0,0.0,0.0,,0,0.0,0,0.0,0.0,,0,0.0
prebreak,000623,2019-03-29,S,S,A,C,S,S,A,15.2698,15.89,15.11,0.78,,0,0.0,0.0,,0,0.0,0,0.0,0.0,,0,0.0,0,0.0,0.0,,0,0.0
prebreak,600897,2019-03-29,S,S,A,C,S,S,A,14.4424,14.5,13.9,0.6,,1,14.5,14.4244,2019-04-03,0,-0.1443,1,14.5,14.4244,2019-04-03,0,-0.1443,1,14.5,14.4244,2019-04-03,0,-0.1443
prebreak,600362,2019-04-02,S,S,A,C,S,S,A,14.083,13.42,12.81,0.61,,0,0.0,0.0,,0,0.0,0,0.0,0.0,,0,0.0,0,0.0,0.0,,0,0.0
prebreak,600332,2019-04-03,S,S,A,C,S,S,A,32.8662,32.8,31.39,1.41,,0,0.0,0.0,,0,0.0,0,0.0,0.0,,0,0.0,0,0.0,0.0,,0,0.0
prebreak,600893,2019-04-04,S,S,A,C,S,S,A,26.3582,25.99,24.63,1.36,,0,0.0,0.0,,0,0.0,0,0.0,0.0,,0,0.0,0,0.0,0.0,,0,0.0
prebreak,601800,2019-04-04,S,S,A,C,S,S,A,11.0442,10.21,9.68,0.53,,1,10.21,11.464,2019-04-12,0,2.3499,1,10.21,11.4236,2019-04-19,0,2.2738,1,10.21,9.68,2019-05-06,1,-1.014
prebreak,600897,2019-04-08,S,S,A,C,S,S,A,14.4665,14.67,13.9,0.77,,0,0.0,0.0,,0,0.0,0,0.0,0.0,,0,0.0,0,0.0,0.0,,0,0.0
prebreak,000408,2019-04-10,S,S,A,C,S,S,A,10.1204,10.42,9.88,0.54,,0,0.0,0.0,,0,0.0,0,0.0,0.0,,0,0.0,0,0.0,0.0,,0,0.0
prebreak,600104,2019-04-10,S,S,A,C,S,S,A,22.6257,20.24,19.32,0.92,,0,0.0,0.0,,0,0.0,0,0.0,0.0,,0,0.0,0,0.0,0.0,,0,0.0
prebreak,600697,2019-04-12,S,S,A,C,S,S,A,18.3316,19.05,18.12,0.93,,0,0.0,0.0,,0,0.0,0,0.0,0.0,,0,0.0,0,0.0,0.0,,0,0.0
prebreak,603808,2019-04-16,S,S,A,C,S,S,A,15.1233,15.31,14.54,0.77,,0,0.0,0.0,,0,0.0,0,0.0,0.0,,0,0.0,0,0.0,0.0,,0,0.0
prebreak,600104,2019-04-17,S,S,A,C,S,S,A,23.3921,20.24,19.32,0.92,,0,0.0,0.0,,0,0.0,0,0.0,0.0,,0,0.0,0,0.0,0.0,,0,0.0
prebreak,600104,2019-04-24,S,S,A,C,S,S,A,21.9988,20.24,19.32,0.92,,0,0.0,0.0,,0,0.0,0,0.0,0.0,,0,0.0,0,0.0,0.0,,0,0.0
prebreak,600660,2019-05-07,S,S,A,C,S,S,A,18.8213,20.32,19.38,0.94,,0,0.0,0.0,,0,0.0,0,0.0,0.0,,0,0.0,0,0.0,0.0,,0,0.0
prebreak,000688,2019-05-08,S,S,A,C,S,S,A,12.0898,12.57,12.04,0.53,,0,0.0,0.0,,0,0.0,0,0.0,0.0,,0,0.0,0,0.0,0.0,,0,0.0
prebreak,600835,2019-05-08,S,S,A,C,S,S,A,12.9315,15.44,14.74,0.7,,0,0.0,0.0,,0,0.0,0,0.0,0.0,,0,0.0,0,0.0,0.0,,0,0.0
prebreak,000895,2019-05-24,S,S,A,C,S,S,A,17.4188,17.86,17.11,0.75,,0,0.0,0.0,,0,0.0,0,0.0,0.0,,0,0.0,0,0.0,0.0,,0,0.0
prebreak,600104,2019-05-27,S,S,A,C,S,S,A,18.3607,20.32,19.44,0.88,,0,0.0,0.0,,0,0.0,0,0.0,0.0,,0,0.0,0,0.0,0.0,,0,0.0
prebreak,000895,2019-05-31,S,S,A,C,S,S,A,17.6014,18.1,17.28,0.82,,0,0.0,0.0,,0,0.0,0,0.0,0.0,,0,0.0,1,18.1,18.2122,2019-07-01,0,0.1199
prebreak,600104,2019-06-11,S,S,A,C,S,S,A,19.0031,19.31,18.34,0.97,,0,0.0,0.0,,0,0.0,0,0.0,0.0,,0,0.0,0,0.0,0.0,,0,0.0
prebreak,600388,2019-06-20,S,S,A,C,S,S,A,10.5468,10.48,9.95,0.53,,1,10.48,10.5037,2019-06-25,0,0.0297,1,10.48,10.5037,2019-06-25,0,0.0297,1,10.48,10.5037,2019-06-25,0,0.0297
prebreak,600388,2019-06-27,S,S,A,C,S,S,A,10.9432,10.48,9.95,0.53,,1,10.48,10.6129,2019-07-04,0,0.2356,1,10.48,9.95,2019-07-10,1,-1.0144,1,10.48,9.95,2019-07-10,1,-1.0144
prebreak,603368,2019-07-05,S,S,A,C,S,S,A,19.4746,19.17,18.35,0.82,,0,0.0,0.0,,0,0.0,0,0.0,0.0,,0,0.0,0,0.0,0.0,,0,0.0
prebreak,300457,2019-07-25,S,S,A,C,S,S,A,15.5613,16.24,15.56,0.68,,0,0.0,0.0,,0,0.0,0,0.0,0.0,,0,0.0,0,0.0,0.0,,0,0.0
prebreak,600885,2019-07-26,S,S,A,C,S,S,A,11.4581,11.98,11.42,0.56,,1,11.98,12.1769,2019-08-02,0,0.3351,1,11.98,11.9263,2019-08-09,0,-0.1122,1,11.98,11.6142,2019-08-23,0,-0.6691
prebreak,600104,2019-07-30,S,S,A,C,S,S,A,20.2747,19.84,18.96,0.88,,0,0.0,0.0,,0,0.0,0,0.0,0.0,,0,0.0,0,0.0,0.0,,0,0.0
prebreak,600566,2019-08-07,S,S,A,C,S,S,A,20.2618,23.73,22.68,1.05,,0,0.0,0.0,,0,0.0,0,0.0,0.0,,0,0.0,0,0.0,0.0,,0,0.0
prebreak,600566,2019-08-14,S,S,A,C,S,S,A,20.4508,20.59,19.65,0.94,,0,0.0,0.0,,0,0.0,0,0.0,0.0,,0,0.0,0,0.0,0.0,,0,0.0
prebreak,600315,2019-08-15,S,S,A,C,S,S,A,32.9211,29.87,28.44,1.43,,1,29.87,33.2429,2019-08-22,0,2.3413,1,29.87,32.5614,2019-08-29,0,1.865,1,29.87,31.5296,2019-09-12,0,1.144
prebreak,600563,2019-08-16,S,S,A,C,S,S,A,36.6056,39.59,37.94,1.65,,0,0.0,0.0,,0,0.0,0,0.0,0.0,,0,0.0,0,0.0,0.0,,0,0.0
prebreak,300073,2019-08-19,S,S,A,C,S,S,A,22.3085,23.34,22.19,1.15,,0,0.0,0.0,,0,0.0,0,0.0,0.0,,0,0.0,0,0.0,0.0,,0,0.0
prebreak,600104,2019-08-20,S,S,A,C,S,S,A,19.7536,20.4,19.48,0.92,,1,20.4,20.3236,2019-08-27,0,-0.0999,1,20.4,20.0386,2019-09-03,0,-0.4095,1,20.4,20.1688,2019-09-18,0,-0.268
prebreak,600566,2019-08-21,S,S,A,C,S,S,A,20.3054,20.59,19.65,0.94,,0,0.0,0.0,,0,0.0,0,0.0,0.0,,0,0.0,0,0.0,0.0,,0,0.0
prebreak,600315,2019-08-22,S,S,A,C,S,S,A,33.2429,29.87,28.44,1.43,,0,0.0,0.0,,0,0.0,0,0.0,0.0,,0,0.0,0,0.0,0.0,,0,0.0
prebreak,600885,2019-08-23,S,S,A,C,S,S,A,11.6142,12.02,11.47,0.55,,0,0.0,0.0,,0,0.0,0,0.0,0.0,,0,0.0,1,12.02,12.1201,2019-09-23,0,0.1654
prebreak,600104,2019-08-27,S,S,A,C,S,S,A,20.3236,20.16,19.45,0.71,,1,20.16,20.0386,2019-09-03,0,-0.1925,1,20.16,20.7632,2019-09-10,0,0.8275,1,20.16,19.45,2019-09-25,1,-1.0209
prebreak,600566,2019-08-28,S,S,A,C,S,S,A,21.7153,20.59,19.65,0.94,,0,0.0,0.0,,0,0.0,0,0.0,0.0,,0,0.0,0,0.0,0.0,,0,0.0
prebreak,300073,2019-09-02,S,S,A,C,S,S,A,22.7351,22.71,21.58,1.13,,0,0.0,0.0,,0,0.0,0,0.0,0.0,,0,0.0,0,0.0,0.0,,0,0.0
prebreak,600566,2019-09-04,S,S,A,C,S,S,A,21.57,21.95,20.9,1.05,,0,0.0,0.0,,0,0.0,0,0.0,0.0,,0,0.0,0,0.0,0.0,,0,0.0
prebreak,600048,2019-09-12,S,S,A,C,S,S,A,11.2629,10.87,10.3,0.57,,0,0.0,0.0,,0,0.0,0,0.0,0.0,,0,0.0,0,0.0,0.0,,0,0.0
prebreak,600104,2019-09-18,S,S,A,C,S,S,A,20.1688,20.82,19.98,0.84,,0,0.0,0.0,,0,0.0,0,0.0,0.0,,0,0.0,0,0.0,0.0,,0,0.0
prebreak,603866,2019-09-19,S,S,A,C,S,S,A,16.4019,16.66,15.9,0.76,,0,0.0,0.0,,0,0.0,0,0.0,0.0,,0,0.0,0,0.0,0.0,,0,0.0
prebreak,600048,2019-09-20,S,S,A,C,S,S,A,11.2168,11.58,11.02,0.56,,0,0.0,0.0,,0,0.0,1,11.58,12.0861,2019-10-11,0,0.8875,1,11.58,11.9476,2019-10-25,0,0.6404
prebreak,001979,2019-09-27,S,S,A,C,S,S,A,15.1557,15.86,15.05,0.81,,0,0.0,0.0,,0,0.0,0,0.0,0.0,,0,0.0,0,0.0,0.0,,0,0.0
prebreak,600048,2019-09-27,S,S,A,C,S,S,A,10.9552,11.42,10.85,0.57,,1,11.42,12.0861,2019-10-11,0,1.1527,1,11.42,11.7861,2019-10-18,0,0.6266,1,11.42,11.4014,2019-11-01,0,-0.0478
prebreak,000997,2019-10-08,S,S,A,C,S,S,A,14.3087,16.24,15.41,0.83,,0,0.0,0.0,,0,0.0,0,0.0,0.0,,0,0.0,0,0.0,0.0,,0,0.0
prebreak,300146,2019-10-08,S,S,A,C,S,S,A,13.6526,15.65,14.85,0.8,,0,0.0,0.0,,0,0.0,0,0.0,0.0,,0,0.0,0,0.0,0.0,,0,0.0
prebreak,600597,2019-10-11,S,S,A,C,S,S,A,9.6901,9.86,9.36,0.5,,0,0.0,0.0,,0,0.0,0,0.0,0.0,,0,0.0,0,0.0,0.0,,0,0.0
prebreak,000997,2019-10-22,S,S,A,C,S,S,A,14.0067,14.95,14.24,0.71,,1,14.95,14.4153,2019-10-29,0,-0.7687,1,14.95,14.24,2019-10-30,1,-1.0154,1,14.95,14.24,2019-10-30,1,-1.0154
prebreak,002223,2019-10-25,S,S,A,C,S,S,A,19.0345,19.7,18.95,0.75,,0,0.0,0.0,,0,0.0,1,19.7,19.6067,2019-11-08,0,-0.1443,1,19.7,18.95,2019-11-11,1,-1.0193
prebreak,600563,2019-10-28,S,S,A,C,S,S,A,39.4345,40.62,38.83,1.79,,0,0.0,0.0,,0,0.0,0,0.0,0.0,,0,0.0,0,0.0,0.0,,0,0.0
prebreak,002223,2019-11-01,S,S,A,C,S,S,A,19.1049,19.47,18.48,0.99,,0,0.0,0.0,,0,0.0,0,0.0,0.0,,0,0.0,0,0.0,0.0,,0,0.0
prebreak,002301,2019-11-01,S,S,A,C,S,S,A,12.1952,11.26,10.76,0.5,,0,0.0,0.0,,0,0.0,0,0.0,0.0,,0,0.0,0,0.0,0.0,,0,0.0
prebreak,002410,2019-11-01,S,S,A,C,S,S,A,21.8238,23.87,22.63,1.24,,0,0.0,0.0,,0,0.0,0,0.0,0.0,,0,0.0,0,0.0,0.0,,0,0.0
prebreak,300001,2019-11-07,S,S,A,C,S,S,A,16.7863,16.53,15.83,0.7,,0,0.0,0.0,,0,0.0,0,0.0,0.0,,0,0.0,0,0.0,0.0,,0,0.0
prebreak,600612,2019-11-07,S,S,A,C,S,S,A,40.8172,42.44,40.3,2.14,,0,0.0,0.0,,0,0.0,0,0.0,0.0,,0,0.0,0,0.0,0.0,,0,0.0
prebreak,603678,2019-11-07,S,S,A,C,S,S,A,20.2681,22.27,21.25,1.02,,0,0.0,0.0,,0,0.0,0,0.0,0.0,,0,0.0,0,0.0,0.0,,0,0.0
prebreak,002223,2019-11-08,S,S,A,C,S,S,A,19.6067,19.65,18.67,0.98,,0,0.0,0.0,,0,0.0,0,0.0,0.0,,0,0.0,0,0.0,0.0,,0,0.0
prebreak,603678,2019-11-14,S,S,A,C,S,S,A,19.1828,20.75,19.67,1.08,,0,0.0,0.0,,0,0.0,0,0.0,0.0,,0,0.0,1,20.75,20.2015,2019-12-04,0,-0.5222
prebreak,000999,2019-11-19,S,S,A,C,S,S,A,14.5932,15.26,14.46,0.8,,0,0.0,0.0,,0,0.0,0,0.0,0.0,,0,0.0,0,0.0,0.0,,0,0.0
prebreak,002352,2019-11-21,S,S,A,C,S,S,A,35.1387,36.48,34.89,1.59,,0,0.0,0.0,,0,0.0,0,0.0,0.0,,0,0.0,0,0.0,0.0,,0,0.0
prebreak,603180,2019-11-25,S,S,A,C,S,S,A,26.5629,28.38,27.27,1.11,,0,0.0,0.0,,0,0.0,0,0.0,0.0,,0,0.0,1,28.38,27.657,2019-12-23,0,-0.6704
prebreak,002179,2019-11-27,S,S,A,C,S,S,A,19.6292,19.92,19.02,0.9,,0,0.0,0.0,,0,0.0,0,0.0,0.0,,0,0.0,0,0.0,0.0,,0,0.0
prebreak,002352,2019-11-28,S,S,A,C,S,S,A,34.0791,35.52,33.89,1.63,,0,0.0,0.0,,0,0.0,0,0.0,0.0,,0,0.0,0,0.0,0.0,,0,0.0
prebreak,600612,2019-11-28,S,S,A,C,S,S,A,38.4105,39.7,37.85,1.85,,0,0.0,0.0,,0,0.0,0,0.0,0.0,,0,0.0,0,0.0,0.0,,0,0.0
prebreak,002223,2019-11-29,S,S,A,C,S,S,A,17.1944,18.56,17.74,0.82,,0,0.0,0.0,,0,0.0,0,0.0,0.0,,0,0.0,0,0.0,0.0,,0,0.0
prebreak,600754,2019-11-29,S,S,A,C,S,S,A,21.9887,22.23,21.08,1.15,,1,22.23,23.258,2019-12-06,0,0.8787,1,22.23,24.1072,2019-12-13,0,1.6166,1,22.23,26.6367,2019-12-27,0,3.8148
prebreak,601601,2019-11-29,S,S,A,C,S,S,A,26.0967,27.01,25.86,1.15,,0,0.0,0.0,,0,0.0,0,0.0,0.0,,0,0.0,0,0.0,0.0,,0,0.0
prebreak,300001,2019-12-05,S,S,A,C,S,S,A,15.7989,15.86,15.03,0.83,,1,15.86,17.8031,2019-12-12,0,2.325,1,15.86,17.5489,2019-12-19,0,2.019,1,15.86,17.6173,2020-01-03,0,2.1014
prebreak,300036,2019-12-05,S,S,A,C,S,S,A,18.6948,18.78,17.85,0.93,,0,0.0,0.0,,0,0.0,0,0.0,0.0,,0,0.0,0,0.0,0.0,,0,0.0
prebreak,600612,2019-12-05,S,S,A,C,S,S,A,39.4936,39.7,38.04,1.66,,0,0.0,0.0,,0,0.0,0,0.0,0.0,,0,0.0,0,0.0,0.0,,0,0.0
prebreak,002223,2019-12-06,S,S,A,C,S,S,A,17.1328,17.24,16.54,0.7,,0,0.0,0.0,,0,0.0,0,0.0,0.0,,0,0.0,0,0.0,0.0,,0,0.0
prebreak,600754,2019-12-06,S,S,A,C,S,S,A,23.258,22.23,21.08,1.15,,0,0.0,0.0,,0,0.0,0,0.0,0.0,,0,0.0,0,0.0,0.0,,0,0.0
prebreak,300316,2019-12-10,S,S,A,C,S,S,A,13.567,13.42,12.7,0.72,,1,13.42,14.1146,2019-12-17,0,0.95,1,13.42,14.2374,2019-12-24,0,1.1204,1,13.42,15.8141,2020-01-08,0,3.3088
prebreak,600309,2019-12-11,S,S,A,C,S,S,A,44.2172,43.83,41.55,2.28,,0,0.0,0.0,,0,0.0,0,0.0,0.0,,0,0.0,0,0.0,0.0,,0,0.0
prebreak,300001,2019-12-12,S,S,A,C,S,S,A,17.8031,15.86,15.03,0.83,,1,15.86,17.5489,2019-12-19,0,2.019,1,15.86,17.5978,2019-12-26,0,2.0778,1,15.86,19.1033,2020-01-10,0,3.8906
prebreak,300036,2019-12-12,S,S,A,C,S,S,A,19.687,18.78,17.85,0.93,,0,0.0,0.0,,0,0.0,0,0.0,0.0,,0,0.0,0,0.0,0.0,,0,0.0
prebreak,600612,2019-12-12,S,S,A,C,S,S,A,38.0335,39.55,37.53,2.02,,0,0.0,0.0,,0,0.0,0,0.0,0.0,,0,0.0,1,39.55,39.1325,2020-01-10,0,-0.2214
prebreak,300607,2019-12-13,S,S,A,C,S,S,A,14.1641,13.76,13.22,0.54,,1,13.76,16.1382,2019-12-20,0,4.382,1,13.76,16.8245,2019-12-27,0,5.652,1,13.76,16.9191,2020-01-13,0,5.8272
prebreak,600372,2019-12-13,S,S,A,C,S,S,A,12.9872,13.34,12.73,0.61,,1,13.34,13.5797,2019-12-20,0,0.3761,1,13.34,13.5033,2019-12-27,0,0.2509,1,13.34,14.5927,2020-01-13,0,2.0357
prebreak,002032,2019-12-16,S,S,A,C,S,S,A,55.5645,56.53,54.2,2.33,,0,0.0,0.0,,0,0.0,0,0.0,0.0,,0,0.0,0,0.0,0.0,,0,0.0
prebreak,300288,2019-12-16,S,S,A,C,S,S,A,12.2569,11.87,11.31,0.56,,0,0.0,0.0,,0,0.0,0,0.0,0.0,,0,0.0,0,0.0,0.0,,0,0.0
prebreak,000333,2019-12-17,S,S,A,C,S,S,A,44.4125,44.84,43.03,1.81,,0,0.0,0.0,,0,0.0,0,0.0,0.0,,0,0.0,0,0.0,0.0,,0,0.0
prebreak,603708,2019-12-17,S,S,A,C,S,S,A,21.7254,21.44,20.3,1.14,,0,0.0,0.0,,0,0.0,0,0.0,0.0,,0,0.0,0,0.0,0.0,,0,0.0
prebreak,603833,2019-12-17,S,S,A,C,S,S,A,60.7613,58.92,56.14,2.78,,1,58.92,63.9501,2019-12-24,0,1.7921,1,58.92,67.7118,2019-12-31,0,3.1444,1,58.92,65.7557,2020-01-15,0,2.4412
prebreak,002601,2019-12-18,S,S,A,C,S,S,A,10.2189,9.96,9.46,0.5,,0,0.0,0.0,,0,0.0,0,0.0,0.0,,0,0.0,0,0.0,0.0,,0,0.0
prebreak,300688,2019-12-19,S,S,A,C,S,S,A,15.0212,14.04,13.45,0.59,,0,0.0,0.0,,0,0.0,0,0.0,0.0,,0,0.0,0,0.0,0.0,,0,0.0
prebreak,601163,2019-12-24,S,S,A,C,S,S,A,12.017,12.33,11.82,0.51,,1,12.33,12.516,2019-12-31,0,0.3461,1,12.33,12.5651,2020-01-08,0,0.4423,1,12.33,12.9005,2020-01-22,0,1.0995
prebreak,603833,2019-12-24,S,S,A,C,S,S,A,63.9501,58.92,56.14,2.78,,0,0.0,0.0,,0,0.0,0,0.0,0.0,,0,0.0,0,0.0,0.0,,0,0.0
prebreak,603313,2019-12-26,S,S,A,C,S,S,A,16.041,15.29,14.53,0.76,,0,0.0,0.0,,0,0.0,0,0.0,0.0,,0,0.0,0,0.0,0.0,,0,0.0
prebreak,002142,2019-12-30,S,S,A,C,S,S,A,22.5697,23.2,22.17,1.03,,1,23.2,23.8339,2020-01-07,0,0.5979,1,23.2,23.0883,2020-01-14,0,-0.1255,1,23.2,22.17,2020-01-22,1,-1.0165
prebreak,300024,2019-12-30,S,S,A,C,S,S,A,14.01,14.35,13.77,0.58,,1,14.35,14.74,2020-01-07,0,0.6532,1,14.35,14.64,2020-01-14,0,0.4809,1,14.35,13.77,2020-02-03,1,-1.0182
prebreak,603708,2019-12-31,S,S,A,C,S,S,A,21.6099,21.7,20.74,0.96,,0,0.0,0.0,,0,0.0,0,0.0,0.0,,0,0.0,0,0.0,0.0,,0,0.0
