mode,code,date,grade,PT,TY,DN,DL,LK,SF,close,trigger,stop,risk,prbook_warn,triggered_5d,entry_5d,exit_5d,exit_date_5d,stopped_5d,r_5d,triggered_10d,entry_10d,exit_10d,exit_date_10d,stopped_10d,r_10d,triggered_20d,entry_20d,exit_20d,exit_date_20d,stopped_20d,r_20d
prebreak,002304,2016-06-08,S,S,A,C,S,S,A,52.0107,48.94,46.99,1.95,,0,0.0,0.0,,0,0.0,0,0.0,0.0,,0,0.0,0,0.0,0.0,,0,0.0
prebreak,601877,2016-08-29,S,S,A,C,S,S,A,16.6409,17.02,16.36,0.66,,1,17.02,19.0432,2016-09-13,0,3.0439,1,17.02,19.0029,2016-09-22,0,2.9829,1,17.02,18.3988,2016-10-13,0,2.0681
prebreak,600059,2016-09-06,S,S,A,C,S,S,A,9.5918,9.97,9.47,0.5,,0,0.0,0.0,,0,0.0,0,0.0,0.0,,0,0.0,0,0.0,0.0,,0,0.0
prebreak,002734,2016-09-21,S,S,A,C,S,S,A,11.8171,12.0,11.5,0.5,,0,0.0,0.0,,0,0.0,0,0.0,0.0,,0,0.0,0,0.0,0.0,,0,0.0
prebreak,600566,2016-09-28,S,S,A,C,S,S,A,20.1432,20.29,19.44,0.85,,1,20.29,21.6508,2016-10-12,0,1.5818,1,20.29,22.2902,2016-10-19,0,2.3335,1,20.29,23.2324,2016-11-02,0,3.4413
prebreak,002415,2016-09-29,S,S,A,C,S,S,A,12.9149,13.2,12.6,0.6,,0,0.0,0.0,,0,0.0,0,0.0,0.0,,0,0.0,0,0.0,0.0,,0,0.0
prebreak,600566,2016-10-12,S,S,A,C,S,S,A,21.6508,20.29,19.45,0.84,,0,0.0,0.0,,0,0.0,0,0.0,0.0,,0,0.0,0,0.0,0.0,,0,0.0
prebreak,002051,2016-10-13,S,S,A,C,S,S,A,15.4716,15.0,14.36,0.64,,0,0.0,0.0,,0,0.0,0,0.0,0.0,,0,0.0,0,0.0,0.0,,0,0.0
prebreak,002415,2016-10-13,S,S,A,C,S,S,A,13.4054,13.29,12.6,0.69,,0,0.0,0.0,,0,0.0,0,0.0,0.0,,0,0.0,0,0.0,0.0,,0,0.0
prebreak,002649,2016-10-14,S,S,A,C,S,S,A,11.8249,11.96,11.41,0.55,,0,0.0,0.0,,0,0.0,0,0.0,0.0,,0,0.0,1,11.96,13.916,2016-11-11,0,3.5376
prebreak,002317,2016-10-18,S,S,A,C,S,S,A,11.9913,12.06,11.54,0.52,,0,0.0,0.0,,0,0.0,0,0.0,0.0,,0,0.0,0,0.0,0.0,,0,0.0
prebreak,002415,2016-10-20,S,S,A,C,S,S,A,13.4481,13.61,13.08,0.53,,0,0.0,0.0,,0,0.0,0,0.0,0.0,,0,0.0,0,0.0,0.0,,0,0.0
prebreak,000026,2016-10-25,S,S,A,C,S,S,A,11.488,10.58,10.02,0.56,,0,0.0,0.0,,0,0.0,0,0.0,0.0,,0,0.0,0,0.0,0.0,,0,0.0
prebreak,000423,2016-10-26,S,S,A,C,S,S,A,46.0157,46.57,44.31,2.26,,0,0.0,0.0,,0,0.0,0,0.0,0.0,,0,0.0,1,46.57,44.8941,2016-11-21,0,-0.7567
prebreak,300195,2016-10-27,S,S,A,C,S,S,A,16.9374,17.58,16.67,0.91,,0,0.0,0.0,,0,0.0,0,0.0,0.0,,0,0.0,0,0.0,0.0,,0,0.0
prebreak,300118,2016-11-01,S,S,A,C,S,S,A,15.283,15.59,15.09,0.5,,0,0.0,0.0,,0,0.0,0,0.0,0.0,,0,0.0,0,0.0,0.0,,0,0.0
prebreak,000590,2016-11-03,S,S,A,C,S,S,A,21.5,21.31,20.54,0.77,,0,0.0,0.0,,0,0.0,0,0.0,0.0,,0,0.0,0,0.0,0.0,,0,0.0
prebreak,002008,2016-11-04,S,S,A,C,S,S,A,21.9167,21.64,20.68,0.96,,0,0.0,0.0,,0,0.0,0,0.0,0.0,,0,0.0,0,0.0,0.0,,0,0.0
prebreak,002649,2016-11-04,S,S,A,C,S,S,A,11.9534,11.41,10.88,0.53,,0,0.0,0.0,,0,0.0,0,0.0,0.0,,0,0.0,0,0.0,0.0,,0,0.0
prebreak,000590,2016-11-10,S,S,A,C,S,S,A,22.47,21.31,20.54,0.77,,0,0.0,0.0,,0,0.0,0,0.0,0.0,,0,0.0,0,0.0,0.0,,0,0.0
prebreak,000423,2016-11-16,S,S,A,C,S,S,A,45.3303,46.25,44.66,1.59,,1,46.25,44.8941,2016-11-21,0,-0.8743,1,46.25,44.8941,2016-11-21,0,-0.8743,1,46.25,44.8941,2016-11-21,0,-0.8743
prebreak,002773,2016-11-16,S,S,A,C,S,S,A,40.3024,39.43,37.79,1.64,,0,0.0,0.0,,0,0.0,0,0.0,0.0,,0,0.0,0,0.0,0.0,,0,0.0
prebreak,603589,2016-11-17,S,S,A,C,S,S,A,26.2889,27.35,26.08,1.27,,0,0.0,0.0,,0,0.0,0,0.0,0.0,,0,0.0,0,0.0,0.0,,0,0.0
prebreak,600529,2016-11-18,S,S,A,C,S,S,A,9.6952,9.69,9.18,0.51,,0,0.0,0.0,,0,0.0,0,0.0,0.0,,0,0.0,0,0.0,0.0,,0,0.0
prebreak,002394,2016-11-30,S,S,A,C,S,S,A,12.3444,12.39,11.86,0.53,,0,0.0,0.0,,0,0.0,0,0.0,0.0,,0,0.0,0,0.0,0.0,,0,0.0
prebreak,600323,2016-12-01,S,S,A,C,S,S,A,12.5464,13.03,12.43,0.6,,0,0.0,0.0,,0,0.0,0,0.0,0.0,,0,0.0,0,0.0,0.0,,0,0.0
prebreak,603030,2016-12-01,S,S,A,C,S,S,A,10.3725,11.02,10.45,0.57,,0,0.0,0.0,,0,0.0,0,0.0,0.0,,0,0.0,0,0.0,0.0,,0,0.0
prebreak,603168,2016-12-05,S,S,A,C,S,S,A,22.8965,24.17,23.27,0.9,,0,0.0,0.0,,0,0.0,0,0.0,0.0,,0,0.0,0,0.0,0.0,,0,0.0
prebreak,002763,2016-12-06,S,S,A,C,S,S,A,11.7923,12.75,12.25,0.5,,0,0.0,0.0,,0,0.0,0,0.0,0.0,,0,0.0,0,0.0,0.0,,0,0.0
prebreak,300291,2016-12-06,S,S,A,C,S,S,A,22.0684,23.4,22.44,0.96,,0,0.0,0.0,,0,0.0,0,0.0,0.0,,0,0.0,0,0.0,0.0,,0,0.0
prebreak,002394,2016-12-07,S,S,A,C,S,S,A,12.0443,12.39,11.86,0.53,,0,0.0,0.0,,0,0.0,0,0.0,0.0,,0,0.0,0,0.0,0.0,,0,0.0
prebreak,600660,2016-12-07,S,S,A,C,S,S,A,13.4418,13.55,12.99,0.56,,0,0.0,0.0,,0,0.0,0,0.0,0.0,,0,0.0,0,0.0,0.0,,0,0.0
prebreak,000663,2016-12-09,S,S,A,C,S,S,A,15.26,14.6,13.89,0.71,,0,0.0,0.0,,0,0.0,0,0.0,0.0,,0,0.0,0,0.0,0.0,,0,0.0
prebreak,600201,2016-12-09,S,S,A,C,S,S,A,16.9458,15.93,15.12,0.81,,0,0.0,0.0,,0,0.0,0,0.0,0.0,,0,0.0,0,0.0,0.0,,0,0.0
prebreak,600830,2016-12-09,S,S,A,C,S,S,A,11.4485,11.52,10.92,0.6,,0,0.0,0.0,,0,0.0,0,0.0,0.0,,0,0.0,1,11.52,11.8297,2017-01-09,0,0.5013
prebreak,603116,2016-12-09,S,S,A,C,S,S,A,11.6499,11.68,11.11,0.57,,0,0.0,0.0,,0,0.0,0,0.0,0.0,,0,0.0,0,0.0,0.0,,0,0.0
prebreak,000410,2016-12-13,S,S,A,C,S,S,A,13.62,14.96,14.38,0.58,,0,0.0,0.0,,0,0.0,0,0.0,0.0,,0,0.0,0,0.0,0.0,,0,0.0
prebreak,002202,2016-12-13,S,S,A,C,S,S,A,10.3575,10.7,10.17,0.53,,0,0.0,0.0,,0,0.0,0,0.0,0.0,,0,0.0,0,0.0,0.0,,0,0.0
prebreak,600156,2016-12-13,S,S,A,C,S,S,A,11.8535,11.92,11.33,0.59,,1,11.92,11.6639,2016-12-16,0,-0.4491,1,11.92,11.6639,2016-12-16,0,-0.4491,1,11.92,11.6639,2016-12-16,0,-0.4491
prebreak,600501,2016-12-14,S,S,A,C,S,S,A,17.844,18.93,18.05,0.88,,0,0.0,0.0,,0,0.0,0,0.0,0.0,,0,0.0,1,18.93,20.871,2017-01-12,0,2.1879
prebreak,300231,2016-12-15,S,S,A,C,S,S,A,13.3014,15.13,14.35,0.78,,0,0.0,0.0,,0,0.0,0,0.0,0.0,,0,0.0,0,0.0,0.0,,0,0.0
prebreak,600030,2016-12-15,S,S,A,C,S,S,A,12.3238,12.97,12.38,0.59,,0,0.0,0.0,,0,0.0,0,0.0,0.0,,0,0.0,0,0.0,0.0,,0,0.0
prebreak,603099,2016-12-15,S,S,A,C,S,S,A,20.9737,20.8,19.87,0.93,,1,20.8,20.1453,2016-12-22,0,-0.7206,1,20.8,19.87,2016-12-26,1,-1.0164,1,20.8,19.87,2016-12-26,1,-1.0164
prebreak,002321,2016-12-16,S,S,A,C,S,S,A,10.2052,10.77,10.21,0.56,,1,10.77,10.7309,2016-12-23,0,-0.0844,1,10.77,10.7309,2016-12-23,0,-0.0844,1,10.77,10.7309,2016-12-23,0,-0.0844
prebreak,600201,2016-12-16,S,S,A,C,S,S,A,16.2825,16.43,15.64,0.79,,0,0.0,0.0,,0,0.0,0,0.0,0.0,,0,0.0,0,0.0,0.0,,0,0.0
prebreak,603116,2016-12-16,S,S,A,C,S,S,A,11.2735,11.68,11.11,0.57,,0,0.0,0.0,,0,0.0,0,0.0,0.0,,0,0.0,0,0.0,0.0,,0,0.0
prebreak,300188,2016-12-20,S,S,A,C,S,S,A,12.397,14.93,14.19,0.74,,0,0.0,0.0,,0,0.0,0,0.0,0.0,,0,0.0,0,0.0,0.0,,0,0.0
prebreak,600156,2016-12-20,S,S,A,C,S,S,A,11.8435,12.06,11.53,0.53,,0,0.0,0.0,,0,0.0,0,0.0,0.0,,0,0.0,0,0.0,0.0,,0,0.0
prebreak,600774,2016-12-20,S,S,A,C,S,S,A,16.0507,16.12,15.27,0.85,,0,0.0,0.0,,0,0.0,0,0.0,0.0,,0,0.0,0,0.0,0.0,,0,0.0
prebreak,002625,2016-12-21,S,S,A,C,S,S,A,22.6675,24.31,23.35,0.96,,0,0.0,0.0,,0,0.0,0,0.0,0.0,,0,0.0,0,0.0,0.0,,0,0.0
prebreak,300115,2016-12-21,S,S,A,C,S,S,A,19.8448,20.81,19.92,0.89,,0,0.0,0.0,,0,0.0,0,0.0,0.0,,0,0.0,0,0.0,0.0,,0,0.0
prebreak,600615,2016-12-21,S,S,A,C,S,S,A,17.9424,17.44,16.54,0.9,,1,17.44,17.3679,2016-12-26,0,-0.0948,1,17.44,17.3679,2016-12-26,0,-0.0948,1,17.44,17.3679,2016-12-26,0,-0.0948
prebreak,002187,2016-12-22,S,S,A,C,S,S,A,12.0398,11.95,11.37,0.58,,0,0.0,0.0,,0,0.0,0,0.0,0.0,,0,0.0,0,0.0,0.0,,0,0.0
prebreak,002453,2016-12-22,S,S,A,C,S,S,A,10.06,10.09,9.56,0.53,,0,0.0,0.0,,0,0.0,0,0.0,0.0,,0,0.0,0,0.0,0.0,,0,0.0
prebreak,000550,2016-12-27,S,S,A,C,S,S,A,16.9424,17.45,16.58,0.87,,0,0.0,0.0,,0,0.0,0,0.0,0.0,,0,0.0,0,0.0,0.0,,0,0.0
prebreak,002117,2016-12-27,S,S,A,C,S,S,A,15.4635,15.58,14.76,0.82,,0,0.0,0.0,,0,0.0,0,0.0,0.0,,0,0.0,0,0.0,0.0,,0,0.0
prebreak,002304,2016-12-27,S,S,A,C,S,S,A,50.2437,53.02,50.56,2.46,,0,0.0,0.0,,0,0.0,0,0.0,0.0,,0,0.0,0,0.0,0.0,,0,0.0
prebreak,002598,2016-12-27,S,S,A,C,S,S,A,12.0274,12.24,11.63,0.61,,1,12.24,12.2109,2017-01-04,0,-0.063,1,12.24,12.106,2017-01-11,0,-0.2347,1,12.24,11.63,2017-01-13,1,-1.0146
prebreak,600774,2016-12-27,S,S,A,C,S,S,A,16.6159,16.12,15.27,0.85,,1,16.12,17.1961,2017-01-04,0,1.2508,1,16.12,16.7741,2017-01-11,0,0.7547,1,16.12,15.27,2017-01-16,1,-1.0138
prebreak,600865,2016-12-27,S,S,A,C,S,S,A,12.4197,11.46,10.96,0.5,,0,0.0,0.0,,0,0.0,0,0.0,0.0,,0,0.0,0,0.0,0.0,,0,0.0
prebreak,601798,2016-12-27,S,S,A,C,S,S,A,13.53,13.3,12.7,0.6,,0,0.0,0.0,,0,0.0,0,0.0,0.0,,0,0.0,0,0.0,0.0,,0,0.0
prebreak,600501,2016-12-28,S,S,A,C,S,S,A,18.3601,18.59,17.88,0.71,,1,18.59,20.9107,2017-01-05,0,3.2466,1,18.59,20.871,2017-01-12,0,3.1907,1,18.59,19.9579,2017-01-26,0,1.9055
prebreak,600615,2016-12-28,S,S,A,C,S,S,A,17.651,18.42,17.46,0.96,,0,0.0,0.0,,0,0.0,0,0.0,0.0,,0,0.0,0,0.0,0.0,,0,0.0
prebreak,000403,2016-12-29,S,S,A,C,S,S,A,13.4812,14.42,13.76,0.66,,0,0.0,0.0,,0,0.0,0,0.0,0.0,,0,0.0,0,0.0,0.0,,0,0.0
prebreak,002187,2016-12-29,S,S,A,C,S,S,A,11.914,11.95,11.37,0.58,,0,0.0,0.0,,0,0.0,0,0.0,0.0,,0,0.0,0,0.0,0.0,,0,0.0
prebreak,000828,2016-12-30,S,S,A,C,S,S,A,9.065,9.63,9.13,0.5,,0,0.0,0.0,,0,0.0,0,0.0,0.0,,0,0.0,0,0.0,0.0,,0,0.0
prebreak,002008,2016-12-30,S,S,A,C,S,S,A,20.9525,21.18,20.25,0.93,,0,0.0,0.0,,0,0.0,0,0.0,0.0,,0,0.0,0,0.0,0.0,,0,0.0
prebreak,600201,2016-12-30,S,S,A,C,S,S,A,15.7539,15.98,15.24,0.74,,0,0.0,0.0,,0,0.0,0,0.0,0.0,,0,0.0,0,0.0,0.0,,0,0.0
prebreak,600444,2016-12-30,S,S,A,C,S,S,A,20.6705,21.03,20.01,1.02,,0,0.0,0.0,,0,0.0,0,0.0,0.0,,0,0.0,0,0.0,0.0,,0,0.0
prebreak,600703,2016-12-30,S,S,A,C,S,S,A,12.5886,11.85,11.28,0.57,,1,11.85,12.9646,2017-01-09,0,1.9384,1,11.85,13.1808,2017-01-16,0,2.3176,1,11.85,13.6509,2017-02-06,0,3.1417
prebreak,600605,2017-01-03,S,S,A,C,S,S,A,16.0024,16.09,15.23,0.86,,0,0.0,0.0,,0,0.0,0,0.0,0.0,,0,0.0,0,0.0,0.0,,0,0.0
prebreak,000400,2017-01-04,S,S,A,C,S,S,A,17.3487,16.97,16.22,0.75,,0,0.0,0.0,,0,0.0,0,0.0,0.0,,0,0.0,0,0.0,0.0,,0,0.0
prebreak,000726,2017-01-04,S,S,A,C,S,S,A,9.8119,9.74,9.23,0.51,,0,0.0,0.0,,0,0.0,0,0.0,0.0,,0,0.0,0,0.0,0.0,,0,0.0
prebreak,002024,2017-01-04,S,S,A,C,S,S,A,11.4465,11.64,11.05,0.59,,0,0.0,0.0,,0,0.0,0,0.0,0.0,,0,0.0,0,0.0,0.0,,0,0.0
prebreak,002117,2017-01-04,S,S,A,C,S,S,A,14.722,15.58,14.76,0.82,,0,0.0,0.0,,0,0.0,0,0.0,0.0,,0,0.0,0,0.0,0.0,,0,0.0
prebreak,002179,2017-01-04,S,S,A,C,S,S,A,11.5415,10.92,10.4,0.52,,1,10.92,11.5893,2017-01-11,0,1.2703,1,10.92,11.3922,2017-01-18,0,0.8915,1,10.92,12.0014,2017-02-08,0,2.0623
prebreak,300188,2017-01-04,S,S,A,C,S,S,A,12.8851,13.11,12.61,0.5,,0,0.0,0.0,,0,0.0,0,0.0,0.0,,0,0.0,0,0.0,0.0,,0,0.0
prebreak,002566,2017-01-05,S,S,A,C,S,S,A,12.219,12.24,11.61,0.63,,0,0.0,0.0,,0,0.0,0,0.0,0.0,,0,0.0,0,0.0,0.0,,0,0.0
prebreak,600501,2017-01-05,S,S,A,C,S,S,A,20.9107,18.59,17.88,0.71,,1,18.59,20.871,2017-01-12,0,3.1907,1,18.59,19.4022,2017-01-19,0,1.1233,1,18.59,20.7419,2017-02-09,0,3.0091
prebreak,600615,2017-01-05,S,S,A,C,S,S,A,18.2255,18.42,17.46,0.96,,0,0.0,0.0,,0,0.0,0,0.0,0.0,,0,0.0,0,0.0,0.0,,0,0.0
prebreak,000063,2017-01-09,S,S,A,C,S,S,A,13.7223,14.86,14.2,0.66,,0,0.0,0.0,,0,0.0,0,0.0,0.0,,0,0.0,0,0.0,0.0,,0,0.0
prebreak,002008,2017-01-09,S,S,A,C,S,S,A,20.387,21.3,20.25,1.05,,0,0.0,0.0,,0,0.0,0,0.0,0.0,,0,0.0,1,21.3,21.7035,2017-02-13,0,0.3686
prebreak,600444,2017-01-09,S,S,A,C,S,S,A,21.3139,21.03,20.01,1.02,,0,0.0,0.0,,0,0.0,0,0.0,0.0,,0,0.0,0,0.0,0.0,,0,0.0
prebreak,600513,2017-01-09,S,S,A,C,S,S,A,11.8201,12.16,11.59,0.57,,0,0.0,0.0,,0,0.0,0,0.0,0.0,,0,0.0,0,0.0,0.0,,0,0.0
prebreak,600703,2017-01-09,S,S,A,C,S,S,A,12.9646,11.85,11.28,0.57,,0,0.0,0.0,,0,0.0,0,0.0,0.0,,0,0.0,0,0.0,0.0,,0,0.0
prebreak,000998,2017-01-17,S,S,A,C,S,S,A,19.0841,21.16,20.24,0.92,,0,0.0,0.0,,0,0.0,0,0.0,0.0,,0,0.0,0,0.0,0.0,,0,0.0
prebreak,600469,2017-01-17,S,S,A,C,S,S,A,9.9515,10.77,10.23,0.54,,0,0.0,0.0,,0,0.0,0,0.0,0.0,,0,0.0,0,0.0,0.0,,0,0.0
prebreak,600605,2017-01-17,S,S,A,C,S,S,A,14.5959,16.47,15.7,0.77,,0,0.0,0.0,,0,0.0,0,0.0,0.0,,0,0.0,0,0.0,0.0,,0,0.0
prebreak,002117,2017-01-18,S,S,A,C,S,S,A,12.8293,14.81,14.13,0.68,,0,0.0,0.0,,0,0.0,0,0.0,0.0,,0,0.0,0,0.0,0.0,,0,0.0
prebreak,600718,2017-01-18,S,S,A,C,S,S,A,17.4461,19.12,18.16,0.96,,0,0.0,0.0,,0,0.0,0,0.0,0.0,,0,0.0,0,0.0,0.0,,0,0.0
prebreak,600959,2017-01-18,S,S,A,C,S,S,A,9.9601,10.09,9.56,0.53,,0,0.0,0.0,,0,0.0,0,0.0,0.0,,0,0.0,0,0.0,0.0,,0,0.0
prebreak,601336,2017-01-18,S,S,A,C,S,S,A,34.4382,34.66,32.9,1.76,,0,0.0,0.0,,0,0.0,0,0.0,0.0,,0,0.0,0,0.0,0.0,,0,0.0
prebreak,000733,2017-01-20,S,S,A,C,S,S,A,16.5463,18.19,17.3,0.89,,0,0.0,0.0,,0,0.0,0,0.0,0.0,,0,0.0,0,0.0,0.0,,0,0.0
prebreak,002453,2017-01-20,S,S,A,C,S,S,A,10.75,10.65,10.12,0.53,,0,0.0,0.0,,0,0.0,0,0.0,0.0,,0,0.0,0,0.0,0.0,,0,0.0
prebreak,000063,2017-01-23,S,S,A,C,S,S,A,13.6676,13.78,13.25,0.53,,0,0.0,0.0,,0,0.0,0,0.0,0.0,,0,0.0,0,0.0,0.0,,0,0.0
prebreak,300257,2017-01-24,S,S,A,C,S,S,A,18.2328,16.72,15.87,0.85,,0,0.0,0.0,,0,0.0,0,0.0,0.0,,0,0.0,0,0.0,0.0,,0,0.0
prebreak,600605,2017-01-24,S,S,A,C,S,S,A,15.3058,16.47,15.7,0.77,,0,0.0,0.0,,0,0.0,0,0.0,0.0,,0,0.0,0,0.0,0.0,,0,0.0
prebreak,002739,2017-01-25,S,S,A,C,S,S,A,37.1992,37.99,36.08,1.91,,0,0.0,0.0,,0,0.0,0,0.0,0.0,,0,0.0,0,0.0,0.0,,0,0.0
prebreak,000561,2017-01-26,S,S,A,C,S,S,A,13.0239,12.66,12.08,0.58,,0,0.0,0.0,,0,0.0,0,0.0,0.0,,0,0.0,0,0.0,0.0,,0,0.0
prebreak,002453,2017-02-03,S,S,A,C,S,S,A,10.13,10.9,10.38,0.52,,1,10.9,10.94,2017-02-10,0,0.0609,1,10.9,10.95,2017-02-17,0,0.0802,1,10.9,10.38,2017-02-27,1,-1.0153
prebreak,300182,2017-02-03,S,S,A,C,S,S,A,9.8572,10.03,9.51,0.52,,0,0.0,0.0,,0,0.0,0,0.0,0.0,,0,0.0,0,0.0,0.0,,0,0.0
prebreak,000400,2017-02-08,S,S,A,C,S,S,A,16.6112,16.98,16.2,0.78,,1,16.98,17.0537,2017-02-15,0,0.0778,1,16.98,16.2,2017-02-17,1,-1.0159,1,16.98,16.2,2017-02-17,1,-1.0159
prebreak,000661,2017-02-08,S,S,A,C,S,S,A,51.116,51.39,49.67,1.72,,0,0.0,0.0,,0,0.0,0,0.0,0.0,,0,0.0,0,0.0,0.0,,0,0.0
prebreak,600081,2017-02-08,S,S,A,C,S,S,A,13.9126,13.78,13.24,0.54,,0,0.0,0.0,,0,0.0,0,0.0,0.0,,0,0.0,0,0.0,0.0,,0,0.0
prebreak,300084,2017-02-09,S,S,A,C,S,S,A,12.015,12.27,11.68,0.59,,0,0.0,0.0,,0,0.0,0,0.0,0.0,,0,0.0,1,12.27,12.2035,2017-03-09,0,-0.1284
prebreak,600615,2017-02-09,S,S,A,C,S,S,A,16.5686,16.18,15.54,0.64,,0,0.0,0.0,,0,0.0,0,0.0,0.0,,0,0.0,0,0.0,0.0,,0,0.0
prebreak,002188,2017-02-10,S,S,A,C,S,S,A,28.39,28.86,27.55,1.31,,0,0.0,0.0,,0,0.0,0,0.0,0.0,,0,0.0,1,28.86,28.19,2017-03-02,0,-0.5279
prebreak,002453,2017-02-10,S,S,A,C,S,S,A,10.94,10.9,10.38,0.52,,0,0.0,0.0,,0,0.0,0,0.0,0.0,,0,0.0,0,0.0,0.0,,0,0.0
prebreak,000568,2017-02-13,S,S,A,C,S,S,A,28.931,27.37,26.22,1.15,,0,0.0,0.0,,0,0.0,0,0.0,0.0,,0,0.0,0,0.0,0.0,,0,0.0
prebreak,000333,2017-02-14,S,S,A,C,S,S,A,21.556,21.77,20.71,1.06,,0,0.0,0.0,,0,0.0,0,0.0,0.0,,0,0.0,0,0.0,0.0,,0,0.0
prebreak,002462,2017-02-14,S,S,A,C,S,S,A,31.8329,33.04,31.54,1.5,,0,0.0,0.0,,0,0.0,0,0.0,0.0,,0,0.0,0,0.0,0.0,,0,0.0
prebreak,300243,2017-02-14,S,S,A,C,S,S,A,13.8034,13.01,12.41,0.6,,0,0.0,0.0,,0,0.0,0,0.0,0.0,,0,0.0,0,0.0,0.0,,0,0.0
prebreak,600526,2017-02-14,S,S,A,C,S,S,A,12.1232,12.06,11.48,0.58,,0,0.0,0.0,,0,0.0,0,0.0,0.0,,0,0.0,0,0.0,0.0,,0,0.0
prebreak,600967,2017-02-14,S,S,A,C,S,S,A,12.8807,13.12,12.42,0.7,,0,0.0,0.0,,0,0.0,0,0.0,0.0,,0,0.0,0,0.0,0.0,,0,0.0
prebreak,000568,2017-02-20,S,S,A,C,S,S,A,31.017,27.37,26.22,1.15,,0,0.0,0.0,,0,0.0,0,0.0,0.0,,0,0.0,0,0.0,0.0,,0,0.0
prebreak,002462,2017-02-21,S,S,A,C,S,S,A,31.1427,32.78,31.19,1.59,,0,0.0,0.0,,0,0.0,1,32.78,32.5315,2017-03-07,0,-0.1718,1,32.78,32.5315,2017-03-07,0,-0.1718
prebreak,300243,2017-02-21,S,S,A,C,S,S,A,13.5243,13.01,12.41,0.6,,0,0.0,0.0,,0,0.0,0,0.0,0.0,,0,0.0,0,0.0,0.0,,0,0.0
prebreak,600526,2017-02-21,S,S,A,C,S,S,A,12.4415,12.54,11.9,0.64,,1,12.54,12.3257,2017-02-28,0,-0.3495,1,12.54,12.3257,2017-03-01,0,-0.3495,1,12.54,12.3257,2017-03-01,0,-0.3495
prebreak,600967,2017-02-21,S,S,A,C,S,S,A,12.5538,12.88,12.35,0.53,,0,0.0,0.0,,0,0.0,0,0.0,0.0,,0,0.0,0,0.0,0.0,,0,0.0
prebreak,000400,2017-02-22,S,S,A,C,S,S,A,16.3807,17.24,16.49,0.75,,0,0.0,0.0,,0,0.0,0,0.0,0.0,,0,0.0,0,0.0,0.0,,0,0.0
prebreak,600081,2017-02-22,S,S,A,C,S,S,A,14.1062,14.14,13.59,0.55,,0,0.0,0.0,,0,0.0,0,0.0,0.0,,0,0.0,0,0.0,0.0,,0,0.0
prebreak,002773,2017-02-23,S,S,A,C,S,S,A,33.4935,34.83,33.53,1.3,,0,0.0,0.0,,0,0.0,0,0.0,0.0,,0,0.0,0,0.0,0.0,,0,0.0
prebreak,300124,2017-02-23,S,S,A,C,S,S,A,13.6587,13.48,12.86,0.62,,0,0.0,0.0,,0,0.0,0,0.0,0.0,,0,0.0,0,0.0,0.0,,0,0.0
prebreak,002167,2017-02-24,S,S,A,C,S,S,A,13.52,12.69,12.03,0.66,,0,0.0,0.0,,0,0.0,0,0.0,0.0,,0,0.0,0,0.0,0.0,,0,0.0
prebreak,601238,2017-02-24,S,S,A,C,S,S,A,15.3279,15.47,14.66,0.81,,1,15.47,15.4673,2017-03-03,0,-0.0178,1,15.47,15.9037,2017-03-10,0,0.5206,1,15.47,15.8916,2017-03-24,0,0.5056
prebreak,000400,2017-03-01,S,S,A,C,S,S,A,16.4453,16.83,16.25,0.58,,0,0.0,0.0,,0,0.0,0,0.0,0.0,,0,0.0,1,16.83,16.6296,2017-03-29,0,-0.3673
prebreak,600081,2017-03-01,S,S,A,C,S,S,A,13.9654,14.26,13.68,0.58,,0,0.0,0.0,,0,0.0,0,0.0,0.0,,0,0.0,0,0.0,0.0,,0,0.0
prebreak,603355,2017-03-01,S,S,A,C,S,S,A,25.8238,25.92,24.79,1.13,,0,0.0,0.0,,0,0.0,0,0.0,0.0,,0,0.0,0,0.0,0.0,,0,0.0
prebreak,000977,2017-03-06,S,S,A,C,S,S,A,17.3676,17.72,16.99,0.73,,0,0.0,0.0,,0,0.0,0,0.0,0.0,,0,0.0,0,0.0,0.0,,0,0.0
prebreak,600571,2017-03-06,S,S,A,C,S,S,A,17.092,17.31,16.52,0.79,,0,0.0,0.0,,0,0.0,0,0.0,0.0,,0,0.0,0,0.0,0.0,,0,0.0
prebreak,600775,2017-03-06,S,S,A,C,S,S,A,14.6705,14.97,14.45,0.52,,0,0.0,0.0,,0,0.0,0,0.0,0.0,,0,0.0,0,0.0,0.0,,0,0.0
prebreak,000333,2017-03-07,S,S,A,C,S,S,A,23.1855,22.8,21.83,0.97,,0,0.0,0.0,,0,0.0,0,0.0,0.0,,0,0.0,0,0.0,0.0,,0,0.0
prebreak,600668,2017-03-07,S,S,A,C,S,S,A,12.5133,12.3,11.76,0.54,,0,0.0,0.0,,0,0.0,0,0.0,0.0,,0,0.0,0,0.0,0.0,,0,0.0
prebreak,000400,2017-03-08,S,S,A,C,S,S,A,16.4084,16.68,16.06,0.62,,0,0.0,0.0,,0,0.0,0,0.0,0.0,,0,0.0,1,16.68,16.6296,2017-03-29,0,-0.1016
prebreak,002594,2017-03-08,S,S,A,C,S,S,A,16.2117,16.48,15.81,0.67,,0,0.0,0.0,,0,0.0,0,0.0,0.0,,0,0.0,0,0.0,0.0,,0,0.0
prebreak,601238,2017-03-10,S,S,A,C,S,S,A,15.9037,16.07,15.39,0.68,,0,0.0,0.0,,0,0.0,0,0.0,0.0,,0,0.0,0,0.0,0.0,,0,0.0
prebreak,000917,2017-03-13,S,S,A,C,S,S,A,13.9993,14.27,13.66,0.61,,0,0.0,0.0,,0,0.0,0,0.0,0.0,,0,0.0,0,0.0,0.0,,0,0.0
prebreak,000977,2017-03-13,S,S,A,C,S,S,A,17.2196,17.71,17.0,0.71,,0,0.0,0.0,,0,0.0,0,0.0,0.0,,0,0.0,0,0.0,0.0,,0,0.0
prebreak,002009,2017-03-13,S,S,A,C,S,S,A,14.4439,14.65,14.1,0.55,,1,14.65,14.4439,2017-03-20,0,-0.3947,1,14.65,14.4536,2017-03-21,0,-0.3771,1,14.65,14.4536,2017-03-21,0,-0.3771
prebreak,600129,2017-03-13,S,S,A,C,S,S,A,17.2187,17.81,17.02,0.79,,0,0.0,0.0,,0,0.0,1,17.81,17.6713,2017-03-27,0,-0.1926,1,17.81,17.02,2017-03-30,1,-1.0165
prebreak,600571,2017-03-13,S,S,A,C,S,S,A,16.9547,17.38,16.62,0.76,,0,0.0,0.0,,0,0.0,0,0.0,0.0,,0,0.0,0,0.0,0.0,,0,0.0
prebreak,002023,2017-03-14,S,S,A,C,S,S,A,13.9556,14.45,13.82,0.63,,0,0.0,0.0,,0,0.0,0,0.0,0.0,,0,0.0,1,14.45,14.0146,2017-04-13,0,-0.7081
prebreak,000400,2017-03-15,S,S,A,C,S,S,A,15.8645,16.4,15.82,0.58,,0,0.0,0.0,,0,0.0,1,16.4,16.6296,2017-03-29,0,0.3742,1,16.4,17.0629,2017-04-14,0,1.1207
prebreak,002353,2017-03-16,S,S,A,C,S,S,A,20.5537,20.7,19.63,1.07,,0,0.0,0.0,,0,0.0,0,0.0,0.0,,0,0.0,0,0.0,0.0,,0,0.0
prebreak,600521,2017-03-16,S,S,A,C,S,S,A,15.3164,15.69,15.17,0.52,,0,0.0,0.0,,0,0.0,0,0.0,0.0,,0,0.0,0,0.0,0.0,,0,0.0
prebreak,002079,2017-03-20,S,S,A,C,S,S,A,9.3588,9.41,8.91,0.5,,0,0.0,0.0,,0,0.0,0,0.0,0.0,,0,0.0,0,0.0,0.0,,0,0.0
prebreak,000501,2017-03-21,S,S,A,C,S,S,A,14.9405,15.84,15.07,0.77,,0,0.0,0.0,,0,0.0,0,0.0,0.0,,0,0.0,0,0.0,0.0,,0,0.0
prebreak,002023,2017-03-21,S,S,A,C,S,S,A,13.5429,14.0,13.45,0.55,,0,0.0,0.0,,0,0.0,0,0.0,0.0,,0,0.0,1,14.0,13.45,2017-04-18,1,-1.0187
prebreak,603989,2017-03-22,S,S,A,C,S,S,A,24.101,24.73,23.43,1.3,,1,24.73,24.6531,2017-03-29,0,-0.0735,1,24.73,25.0523,2017-04-07,0,0.2333,1,24.73,23.43,2017-04-11,1,-1.0138
prebreak,002123,2017-03-23,S,S,A,C,S,S,A,15.042,15.58,14.79,0.79,,0,0.0,0.0,,0,0.0,0,0.0,0.0,,0,0.0,0,0.0,0.0,,0,0.0
prebreak,000901,2017-03-27,S,S,A,C,S,S,A,19.2922,20.5,19.68,0.82,,0,0.0,0.0,,0,0.0,0,0.0,0.0,,0,0.0,0,0.0,0.0,,0,0.0
prebreak,002456,2017-03-27,S,S,A,C,S,S,A,15.0334,14.72,14.07,0.65,,0,0.0,0.0,,0,0.0,0,0.0,0.0,,0,0.0,0,0.0,0.0,,0,0.0
prebreak,002700,2017-03-27,S,S,A,C,S,S,A,12.6794,12.75,12.08,0.67,,1,12.75,12.8393,2017-04-05,0,0.1188,1,12.75,12.2656,2017-04-12,0,-0.737,1,12.75,12.08,2017-04-13,1,-1.0138
prebreak,600830,2017-03-27,S,S,A,C,S,S,A,11.3996,11.96,11.36,0.6,,0,0.0,0.0,,0,0.0,0,0.0,0.0,,0,0.0,0,0.0,0.0,,0,0.0
prebreak,000501,2017-03-28,S,S,A,C,S,S,A,14.8683,15.28,14.62,0.66,,0,0.0,0.0,,0,0.0,0,0.0,0.0,,0,0.0,0,0.0,0.0,,0,0.0
prebreak,600967,2017-03-28,S,S,A,C,S,S,A,13.3048,13.06,12.46,0.6,,0,0.0,0.0,,0,0.0,0,0.0,0.0,,0,0.0,0,0.0,0.0,,0,0.0
prebreak,002373,2017-03-31,S,S,A,C,S,S,A,12.7911,13.87,13.24,0.63,,1,13.87,14.5822,2017-04-11,0,1.113,1,13.87,13.6672,2017-04-18,0,-0.3385,1,13.87,13.24,2017-04-19,1,-1.0161
prebreak,002581,2017-03-31,S,S,A,C,S,S,A,23.68,25.52,24.18,1.34,,1,25.52,25.4,2017-04-11,0,-0.104,1,25.52,25.25,2017-04-12,0,-0.2158,1,25.52,25.25,2017-04-12,0,-0.2158
prebreak,300285,2017-03-31,S,S,A,C,S,S,A,12.8167,12.93,12.32,0.61,,0,0.0,0.0,,0,0.0,0,0.0,0.0,,0,0.0,0,0.0,0.0,,0,0.0
prebreak,600038,2017-03-31,S,S,A,C,S,S,A,46.9221,48.05,45.62,2.43,,0,0.0,0.0,,0,0.0,0,0.0,0.0,,0,0.0,0,0.0,0.0,,0,0.0
prebreak,002573,2017-04-05,S,S,A,C,S,S,A,17.5401,17.33,16.65,0.68,,1,17.33,18.5107,2017-04-12,0,1.7158,1,17.33,20.0583,2017-04-19,0,3.9904,1,17.33,19.9184,2017-05-04,0,3.7847
prebreak,002700,2017-04-05,S,S,A,C,S,S,A,12.8393,12.75,12.08,0.67,,0,0.0,0.0,,0,0.0,0,0.0,0.0,,0,0.0,0,0.0,0.0,,0,0.0
prebreak,600967,2017-04-06,S,S,A,C,S,S,A,13.7995,13.06,12.46,0.6,,1,13.06,14.6653,2017-04-13,0,2.6572,1,13.06,14.3914,2017-04-20,0,2.2011,1,13.06,12.46,2017-05-05,1,-1.0159
prebreak,603011,2017-04-06,S,S,A,C,S,S,A,11.3327,10.97,10.42,0.55,,0,0.0,0.0,,0,0.0,0,0.0,0.0,,0,0.0,0,0.0,0.0,,0,0.0
prebreak,603306,2017-04-06,S,S,A,C,S,S,A,23.9626,24.5,23.39,1.11,,0,0.0,0.0,,0,0.0,0,0.0,0.0,,0,0.0,0,0.0,0.0,,0,0.0
prebreak,000028,2017-04-07,S,S,A,C,S,S,A,45.9588,45.56,43.64,1.92,,0,0.0,0.0,,0,0.0,0,0.0,0.0,,0,0.0,0,0.0,0.0,,0,0.0
prebreak,000762,2017-04-07,S,S,A,C,S,S,A,17.9724,17.33,16.46,0.87,,0,0.0,0.0,,0,0.0,0,0.0,0.0,,0,0.0,0,0.0,0.0,,0,0.0
prebreak,600150,2017-04-07,S,S,A,C,S,S,A,28.3083,27.59,26.25,1.34,,1,27.59,30.0963,2017-04-14,0,1.8535,1,27.59,27.2838,2017-04-21,0,-0.244,1,27.59,26.25,2017-04-25,1,-1.015
prebreak,603001,2017-04-07,S,S,A,C,S,S,A,16.1521,16.46,15.68,0.78,,0,0.0,0.0,,0,0.0,0,0.0,0.0,,0,0.0,0,0.0,0.0,,0,0.0
prebreak,603989,2017-04-07,S,S,A,C,S,S,A,25.0523,25.45,24.15,1.3,,0,0.0,0.0,,0,0.0,0,0.0,0.0,,0,0.0,1,25.45,25.4447,2017-05-04,0,-0.0189
prebreak,002581,2017-04-11,S,S,A,C,S,S,A,25.4,25.52,24.18,1.34,,0,0.0,0.0,,0,0.0,0,0.0,0.0,,0,0.0,0,0.0,0.0,,0,0.0
prebreak,300285,2017-04-11,S,S,A,C,S,S,A,13.3994,12.93,12.32,0.61,,0,0.0,0.0,,0,0.0,0,0.0,0.0,,0,0.0,0,0.0,0.0,,0,0.0
prebreak,600038,2017-04-11,S,S,A,C,S,S,A,50.3005,47.92,45.42,2.5,,0,0.0,0.0,,0,0.0,0,0.0,0.0,,0,0.0,0,0.0,0.0,,0,0.0
prebreak,002296,2017-04-13,S,S,A,C,S,S,A,14.9194,15.15,14.53,0.62,,0,0.0,0.0,,0,0.0,0,0.0,0.0,,0,0.0,0,0.0,0.0,,0,0.0
prebreak,600600,2017-04-13,S,S,A,C,S,S,A,27.4217,27.53,26.25,1.28,,0,0.0,0.0,,0,0.0,0,0.0,0.0,,0,0.0,0,0.0,0.0,,0,0.0
prebreak,603011,2017-04-13,S,S,A,C,S,S,A,10.7175,10.97,10.42,0.55,,0,0.0,0.0,,0,0.0,0,0.0,0.0,,0,0.0,0,0.0,0.0,,0,0.0
prebreak,603118,2017-04-13,S,S,A,C,S,S,A,13.8211,14.92,14.22,0.7,,0,0.0,0.0,,0,0.0,0,0.0,0.0,,0,0.0,0,0.0,0.0,,0,0.0
prebreak,603306,2017-04-13,S,S,A,C,S,S,A,23.2497,24.4,23.28,1.12,,0,0.0,0.0,,0,0.0,0,0.0,0.0,,0,0.0,0,0.0,0.0,,0,0.0
prebreak,000802,2017-04-19,S,S,A,C,S,S,A,16.0028,18.17,17.42,0.75,,0,0.0,0.0,,0,0.0,0,0.0,0.0,,0,0.0,0,0.0,0.0,,0,0.0
prebreak,000917,2017-04-19,S,S,A,C,S,S,A,12.8684,14.13,13.5,0.63,,0,0.0,0.0,,0,0.0,0,0.0,0.0,,0,0.0,0,0.0,0.0,,0,0.0
prebreak,002009,2017-04-19,S,S,A,C,S,S,A,12.3749,13.8,13.14,0.66,,0,0.0,0.0,,0,0.0,0,0.0,0.0,,0,0.0,0,0.0,0.0,,0,0.0
prebreak,002176,2017-04-19,S,S,A,C,S,S,A,9.7273,11.5,10.94,0.56,,0,0.0,0.0,,0,0.0,0,0.0,0.0,,0,0.0,0,0.0,0.0,,0,0.0
prebreak,002210,2017-04-19,S,S,A,C,S,S,A,12.0084,12.66,12.01,0.65,,0,0.0,0.0,,0,0.0,0,0.0,0.0,,0,0.0,0,0.0,0.0,,0,0.0
prebreak,002544,2017-04-19,S,S,A,C,S,S,A,22.0946,26.32,24.93,1.39,,0,0.0,0.0,,0,0.0,0,0.0,0.0,,0,0.0,0,0.0,0.0,,0,0.0
prebreak,002603,2017-04-19,S,S,A,C,S,S,A,10.5267,11.23,10.72,0.51,,0,0.0,0.0,,0,0.0,0,0.0,0.0,,0,0.0,0,0.0,0.0,,0,0.0
prebreak,002705,2017-04-19,S,S,A,C,S,S,A,11.4607,11.52,11.01,0.51,,0,0.0,0.0,,0,0.0,0,0.0,0.0,,0,0.0,0,0.0,0.0,,0,0.0
prebreak,300166,2017-04-19,S,S,A,C,S,S,A,11.8214,12.74,12.11,0.63,,0,0.0,0.0,,0,0.0,0,0.0,0.0,,0,0.0,0,0.0,0.0,,0,0.0
prebreak,600775,2017-04-19,S,S,A,C,S,S,A,14.2941,15.14,14.4,0.74,,0,0.0,0.0,,0,0.0,0,0.0,0.0,,0,0.0,0,0.0,0.0,,0,0.0
prebreak,603968,2017-04-19,S,S,A,C,S,S,A,18.8255,19.19,18.42,0.77,,1,19.19,19.1725,2017-04-24,0,-0.0416,1,19.19,19.1725,2017-04-24,0,-0.0416,1,19.19,19.1725,2017-04-24,0,-0.0416
prebreak,000988,2017-04-20,S,S,A,C,S,S,A,14.3743,15.27,14.56,0.71,,0,0.0,0.0,,0,0.0,0,0.0,0.0,,0,0.0,0,0.0,0.0,,0,0.0
prebreak,002275,2017-04-20,S,S,A,C,S,S,A,14.5238,13.7,13.14,0.56,,1,13.7,13.14,2017-04-27,1,-1.018,1,13.7,13.14,2017-04-27,1,-1.018,1,13.7,13.14,2017-04-27,1,-1.018
prebreak,002276,2017-04-20,S,S,A,C,S,S,A,13.1804,13.47,12.82,0.65,,0,0.0,0.0,,0,0.0,0,0.0,0.0,,0,0.0,0,0.0,0.0,,0,0.0
prebreak,600562,2017-04-20,S,S,A,C,S,S,A,21.6906,24.13,22.99,1.14,,0,0.0,0.0,,0,0.0,0,0.0,0.0,,0,0.0,0,0.0,0.0,,0,0.0
prebreak,603306,2017-04-20,S,S,A,C,S,S,A,23.781,24.4,23.28,1.12,,0,0.0,0.0,,0,0.0,0,0.0,0.0,,0,0.0,0,0.0,0.0,,0,0.0
prebreak,000544,2017-04-21,S,S,A,C,S,S,A,9.3992,10.3,9.8,0.5,,0,0.0,0.0,,0,0.0,0,0.0,0.0,,0,0.0,0,0.0,0.0,,0,0.0
prebreak,000762,2017-04-21,S,S,A,C,S,S,A,15.5397,17.33,16.46,0.87,,0,0.0,0.0,,0,0.0,0,0.0,0.0,,0,0.0,0,0.0,0.0,,0,0.0
prebreak,002106,2017-04-21,S,S,A,C,S,S,A,9.761,11.44,10.86,0.58,,0,0.0,0.0,,0,0.0,0,0.0,0.0,,0,0.0,0,0.0,0.0,,0,0.0
prebreak,002189,2017-04-21,S,S,A,C,S,S,A,18.7254,22.63,21.57,1.06,,0,0.0,0.0,,0,0.0,0,0.0,0.0,,0,0.0,0,0.0,0.0,,0,0.0
prebreak,002382,2017-04-21,S,S,A,C,S,S,A,11.8449,11.58,10.99,0.59,,0,0.0,0.0,,0,0.0,0,0.0,0.0,,0,0.0,0,0.0,0.0,,0,0.0
prebreak,600557,2017-04-21,S,S,A,C,S,S,A,16.5476,16.72,16.08,0.64,,0,0.0,0.0,,0,0.0,0,0.0,0.0,,0,0.0,0,0.0,0.0,,0,0.0
prebreak,000014,2017-04-25,S,S,A,C,S,S,A,13.4323,15.04,14.31,0.73,,0,0.0,0.0,,0,0.0,0,0.0,0.0,,0,0.0,0,0.0,0.0,,0,0.0
prebreak,000403,2017-04-25,S,S,A,C,S,S,A,13.1349,13.38,12.7,0.68,,0,0.0,0.0,,0,0.0,0,0.0,0.0,,0,0.0,0,0.0,0.0,,0,0.0
prebreak,002048,2017-04-25,S,S,A,C,S,S,A,17.4085,16.83,16.05,0.78,,1,16.83,16.05,2017-04-27,1,-1.0158,1,16.83,16.05,2017-04-27,1,-1.0158,1,16.83,16.05,2017-04-27,1,-1.0158
prebreak,002111,2017-04-25,S,S,A,C,S,S,A,11.6541,12.91,12.23,0.68,,0,0.0,0.0,,0,0.0,0,0.0,0.0,,0,0.0,0,0.0,0.0,,0,0.0
prebreak,002423,2017-04-25,S,S,A,C,S,S,A,11.9274,12.79,12.23,0.56,,0,0.0,0.0,,0,0.0,0,0.0,0.0,,0,0.0,0,0.0,0.0,,0,0.0
prebreak,002424,2017-04-25,S,S,A,C,S,S,A,15.8732,16.56,15.75,0.81,,0,0.0,0.0,,0,0.0,0,0.0,0.0,,0,0.0,1,16.56,16.5847,2017-05-24,0,0.0149
prebreak,600038,2017-04-25,S,S,A,C,S,S,A,43.844,47.92,45.42,2.5,,0,0.0,0.0,,0,0.0,0,0.0,0.0,,0,0.0,0,0.0,0.0,,0,0.0
prebreak,600343,2017-04-25,S,S,A,C,S,S,A,19.6801,21.92,21.11,0.81,,0,0.0,0.0,,0,0.0,0,0.0,0.0,,0,0.0,0,0.0,0.0,,0,0.0
prebreak,600372,2017-04-25,S,S,A,C,S,S,A,17.8652,18.75,17.94,0.81,,0,0.0,0.0,,0,0.0,0,0.0,0.0,,0,0.0,0,0.0,0.0,,0,0.0
prebreak,600783,2017-04-25,S,S,A,C,S,S,A,18.6086,21.4,20.32,1.08,,0,0.0,0.0,,0,0.0,0,0.0,0.0,,0,0.0,0,0.0,0.0,,0,0.0
prebreak,000777,2017-04-26,S,S,A,C,S,S,A,20.1609,23.44,22.32,1.12,,0,0.0,0.0,,0,0.0,0,0.0,0.0,,0,0.0,0,0.0,0.0,,0,0.0
prebreak,000917,2017-04-26,S,S,A,C,S,S,A,12.03,14.13,13.5,0.63,,0,0.0,0.0,,0,0.0,0,0.0,0.0,,0,0.0,0,0.0,0.0,,0,0.0
prebreak,002156,2017-04-26,S,S,A,C,S,S,A,10.164,11.14,10.64,0.5,,0,0.0,0.0,,0,0.0,0,0.0,0.0,,0,0.0,0,0.0,0.0,,0,0.0
prebreak,002210,2017-04-26,S,S,A,C,S,S,A,10.3471,12.66,12.01,0.65,,0,0.0,0.0,,0,0.0,0,0.0,0.0,,0,0.0,0,0.0,0.0,,0,0.0
prebreak,002603,2017-04-26,S,S,A,C,S,S,A,10.2418,11.23,10.72,0.51,,0,0.0,0.0,,0,0.0,0,0.0,0.0,,0,0.0,0,0.0,0.0,,0,0.0
prebreak,300166,2017-04-26,S,S,A,C,S,S,A,11.362,12.74,12.11,0.63,,0,0.0,0.0,,0,0.0,0,0.0,0.0,,0,0.0,0,0.0,0.0,,0,0.0
prebreak,600129,2017-04-26,S,S,A,C,S,S,A,15.6779,16.16,15.38,0.78,,0,0.0,0.0,,0,0.0,0,0.0,0.0,,0,0.0,0,0.0,0.0,,0,0.0
prebreak,600775,2017-04-26,S,S,A,C,S,S,A,12.7498,15.14,14.4,0.74,,0,0.0,0.0,,0,0.0,0,0.0,0.0,,0,0.0,0,0.0,0.0,,0,0.0
prebreak,600897,2017-04-26,S,S,A,C,S,S,A,13.1801,13.92,13.28,0.64,,0,0.0,0.0,,0,0.0,0,0.0,0.0,,0,0.0,0,0.0,0.0,,0,0.0
prebreak,603000,2017-04-26,S,S,A,C,S,S,A,13.6975,15.09,14.44,0.65,,0,0.0,0.0,,0,0.0,0,0.0,0.0,,0,0.0,0,0.0,0.0,,0,0.0
prebreak,603968,2017-04-26,S,S,A,C,S,S,A,18.8728,19.19,18.42,0.77,,0,0.0,0.0,,0,0.0,0,0.0,0.0,,0,0.0,0,0.0,0.0,,0,0.0
prebreak,000988,2017-04-27,S,S,A,C,S,S,A,14.0734,14.48,13.73,0.75,,1,14.48,14.1317,2017-05-05,0,-0.4788,1,14.48,14.1317,2017-05-05,0,-0.4788,1,14.48,14.1317,2017-05-05,0,-0.4788
prebreak,002275,2017-04-27,S,S,A,C,S,S,A,13.3006,13.7,13.14,0.56,,0,0.0,0.0,,0,0.0,0,0.0,0.0,,0,0.0,0,0.0,0.0,,0,0.0
prebreak,002276,2017-04-27,S,S,A,C,S,S,A,11.3848,13.36,12.82,0.54,,0,0.0,0.0,,0,0.0,0,0.0,0.0,,0,0.0,0,0.0,0.0,,0,0.0
prebreak,002518,2017-04-27,S,S,A,C,S,S,A,11.6209,13.77,13.18,0.59,,0,0.0,0.0,,0,0.0,0,0.0,0.0,,0,0.0,0,0.0,0.0,,0,0.0
prebreak,600060,2017-04-27,S,S,A,C,S,S,A,13.677,14.67,13.91,0.76,,0,0.0,0.0,,0,0.0,0,0.0,0.0,,0,0.0,0,0.0,0.0,,0,0.0
prebreak,600312,2017-04-27,S,S,A,C,S,S,A,13.1869,14.93,14.35,0.58,,0,0.0,0.0,,0,0.0,0,0.0,0.0,,0,0.0,0,0.0,0.0,,0,0.0
prebreak,600526,2017-04-27,S,S,A,C,S,S,A,11.5831,12.05,11.52,0.53,,0,0.0,0.0,,0,0.0,0,0.0,0.0,,0,0.0,0,0.0,0.0,,0,0.0
prebreak,600562,2017-04-27,S,S,A,C,S,S,A,21.33,24.13,22.99,1.14,,0,0.0,0.0,,0,0.0,0,0.0,0.0,,0,0.0,0,0.0,0.0,,0,0.0
prebreak,600600,2017-04-27,S,S,A,C,S,S,A,26.8958,28.11,26.85,1.26,,0,0.0,0.0,,0,0.0,0,0.0,0.0,,0,0.0,1,28.11,28.031,2017-05-26,0,-0.0796
prebreak,600756,2017-04-27,S,S,A,C,S,S,A,19.2226,20.14,19.26,0.88,,0,0.0,0.0,,0,0.0,0,0.0,0.0,,0,0.0,1,20.14,20.9034,2017-05-26,0,0.8496
prebreak,603306,2017-04-27,S,S,A,C,S,S,A,24.0029,24.32,23.02,1.3,,0,0.0,0.0,,0,0.0,0,0.0,0.0,,0,0.0,0,0.0,0.0,,0,0.0
prebreak,000026,2017-04-28,S,S,A,C,S,S,A,10.2738,11.74,11.14,0.6,,0,0.0,0.0,,0,0.0,0,0.0,0.0,,0,0.0,0,0.0,0.0,,0,0.0
prebreak,000400,2017-04-28,S,S,A,C,S,S,A,16.5928,17.44,16.57,0.87,,0,0.0,0.0,,0,0.0,0,0.0,0.0,,0,0.0,0,0.0,0.0,,0,0.0
prebreak,002382,2017-04-28,S,S,A,C,S,S,A,12.1546,11.58,10.99,0.59,,0,0.0,0.0,,0,0.0,0,0.0,0.0,,0,0.0,0,0.0,0.0,,0,0.0
prebreak,600138,2017-04-28,S,S,A,C,S,S,A,19.489,20.81,19.78,1.03,,0,0.0,0.0,,0,0.0,0,0.0,0.0,,0,0.0,0,0.0,0.0,,0,0.0
prebreak,600557,2017-04-28,S,S,A,C,S,S,A,15.9031,16.53,15.73,0.8,,0,0.0,0.0,,0,0.0,0,0.0,0.0,,0,0.0,0,0.0,0.0,,0,0.0
prebreak,600706,2017-04-28,S,S,A,C,S,S,A,16.4002,16.21,15.41,0.8,,1,16.21,15.8949,2017-05-08,0,-0.409,1,16.21,15.41,2017-05-09,1,-1.0148,1,16.21,15.41,2017-05-09,1,-1.0148
prebreak,002268,2017-05-02,S,S,A,C,S,S,A,19.0353,19.55,18.65,0.9,,0,0.0,0.0,,0,0.0,1,19.55,19.409,2017-05-16,0,-0.1731,1,19.55,19.0475,2017-05-17,0,-0.5744
prebreak,002643,2017-05-02,S,S,A,C,S,S,A,12.6146,11.97,11.44,0.53,,0,0.0,0.0,,0,0.0,0,0.0,0.0,,0,0.0,0,0.0,0.0,,0,0.0
prebreak,300001,2017-05-02,S,S,A,C,S,S,A,16.1158,16.52,15.77,0.75,,1,16.52,15.9117,2017-05-08,0,-0.8273,1,16.52,15.9117,2017-05-08,0,-0.8273,1,16.52,15.9117,2017-05-08,0,-0.8273
prebreak,600391,2017-05-02,S,S,A,C,S,S,A,32.9647,36.7,35.27,1.43,,0,0.0,0.0,,0,0.0,0,0.0,0.0,,0,0.0,0,0.0,0.0,,0,0.0
prebreak,600612,2017-05-02,S,S,A,C,S,S,A,31.6722,30.37,28.75,1.62,,0,0.0,0.0,,0,0.0,0,0.0,0.0,,0,0.0,0,0.0,0.0,,0,0.0
prebreak,600765,2017-05-02,S,S,A,C,S,S,A,11.347,10.73,10.18,0.55,,0,0.0,0.0,,0,0.0,0,0.0,0.0,,0,0.0,0,0.0,0.0,,0,0.0
prebreak,002048,2017-05-03,S,S,A,C,S,S,A,16.3268,17.44,16.59,0.85,,0,0.0,0.0,,0,0.0,0,0.0,0.0,,0,0.0,0,0.0,0.0,,0,0.0
prebreak,002223,2017-05-03,S,S,A,C,S,S,A,19.4801,19.47,18.43,1.04,,0,0.0,0.0,,0,0.0,0,0.0,0.0,,0,0.0,0,0.0,0.0,,0,0.0
prebreak,600038,2017-05-03,S,S,A,C,S,S,A,44.698,44.83,42.5,2.33,,0,0.0,0.0,,0,0.0,0,0.0,0.0,,0,0.0,0,0.0,0.0,,0,0.0
prebreak,600372,2017-05-03,S,S,A,C,S,S,A,17.5154,18.33,17.54,0.79,,0,0.0,0.0,,0,0.0,0,0.0,0.0,,0,0.0,0,0.0,0.0,,0,0.0
prebreak,600697,2017-05-03,S,S,A,C,S,S,A,24.0636,24.62,23.46,1.16,,0,0.0,0.0,,0,0.0,0,0.0,0.0,,0,0.0,0,0.0,0.0,,0,0.0
prebreak,600754,2017-05-03,S,S,A,C,S,S,A,21.7108,24.4,23.34,1.06,,0,0.0,0.0,,0,0.0,0,0.0,0.0,,0,0.0,0,0.0,0.0,,0,0.0
prebreak,000901,2017-05-04,S,S,A,C,S,S,A,17.3448,17.91,17.02,0.89,,0,0.0,0.0,,0,0.0,0,0.0,0.0,,0,0.0,0,0.0,0.0,,0,0.0
prebreak,002210,2017-05-04,S,S,A,C,S,S,A,10.4928,12.66,12.01,0.65,,0,0.0,0.0,,0,0.0,0,0.0,0.0,,0,0.0,0,0.0,0.0,,0,0.0
prebreak,002544,2017-05-04,S,S,A,C,S,S,A,23.0225,26.32,24.93,1.39,,0,0.0,0.0,,0,0.0,0,0.0,0.0,,0,0.0,0,0.0,0.0,,0,0.0
prebreak,002603,2017-05-04,S,S,A,C,S,S,A,10.2418,10.58,10.05,0.53,,0,0.0,0.0,,0,0.0,0,0.0,0.0,,0,0.0,0,0.0,0.0,,0,0.0
prebreak,600292,2017-05-04,S,S,A,C,S,S,A,12.1502,11.86,11.25,0.61,,1,11.86,11.25,2017-05-08,1,-1.0141,1,11.86,11.25,2017-05-08,1,-1.0141,1,11.86,11.25,2017-05-08,1,-1.0141
prebreak,600897,2017-05-04,S,S,A,C,S,S,A,13.2845,13.48,12.94,0.54,,0,0.0,0.0,,0,0.0,0,0.0,0.0,,0,0.0,1,13.48,13.6471,2017-06-05,0,0.2902
prebreak,601689,2017-05-04,S,S,A,C,S,S,A,13.8693,15.26,14.51,0.75,,0,0.0,0.0,,0,0.0,0,0.0,0.0,,0,0.0,0,0.0,0.0,,0,0.0
prebreak,603000,2017-05-04,S,S,A,C,S,S,A,13.4556,14.03,13.35,0.68,,0,0.0,0.0,,0,0.0,0,0.0,0.0,,0,0.0,0,0.0,0.0,,0,0.0
prebreak,603968,2017-05-04,S,S,A,C,S,S,A,19.0227,19.19,18.42,0.77,,0,0.0,0.0,,0,0.0,0,0.0,0.0,,0,0.0,0,0.0,0.0,,0,0.0
prebreak,000669,2017-05-09,S,S,A,C,S,S,A,10.8668,11.93,11.34,0.59,,0,0.0,0.0,,0,0.0,1,11.93,11.34,2017-05-19,1,-1.0147,1,11.93,11.34,2017-05-19,1,-1.0147
prebreak,000826,2017-05-09,S,S,A,C,S,S,A,23.4848,26.22,25.1,1.12,,0,0.0,0.0,,0,0.0,0,0.0,0.0,,0,0.0,0,0.0,0.0,,0,0.0
prebreak,002643,2017-05-09,S,S,A,C,S,S,A,13.2298,12.88,12.31,0.57,,1,12.88,13.7181,2017-05-16,0,1.4522,1,12.88,13.0814,2017-05-23,0,0.336,1,12.88,12.31,2017-06-01,1,-1.0165
prebreak,300124,2017-05-09,S,S,A,C,S,S,A,13.8766,15.0,14.31,0.69,,0,0.0,0.0,,0,0.0,0,0.0,0.0,,0,0.0,0,0.0,0.0,,0,0.0
prebreak,300244,2017-05-09,S,S,A,C,S,S,A,26.1098,25.88,24.62,1.26,,0,0.0,0.0,,0,0.0,0,0.0,0.0,,0,0.0,0,0.0,0.0,,0,0.0
prebreak,300267,2017-05-09,S,S,A,C,S,S,A,11.1082,12.98,12.38,0.6,,0,0.0,0.0,,0,0.0,0,0.0,0.0,,0,0.0,0,0.0,0.0,,0,0.0
prebreak,000733,2017-05-11,S,S,A,C,S,S,A,14.7805,15.06,14.41,0.65,,0,0.0,0.0,,0,0.0,0,0.0,0.0,,0,0.0,0,0.0,0.0,,0,0.0
prebreak,002074,2017-05-11,S,S,A,C,S,S,A,23.7582,27.0,25.74,1.26,,0,0.0,0.0,,0,0.0,0,0.0,0.0,,0,0.0,0,0.0,0.0,,0,0.0
prebreak,002142,2017-05-11,S,S,A,C,S,S,A,10.1557,10.41,9.89,0.52,,0,0.0,0.0,,0,0.0,0,0.0,0.0,,0,0.0,0,0.0,0.0,,0,0.0
prebreak,002176,2017-05-11,S,S,A,C,S,S,A,9.0097,11.5,10.94,0.56,,0,0.0,0.0,,0,0.0,0,0.0,0.0,,0,0.0,0,0.0,0.0,,0,0.0
prebreak,002603,2017-05-11,S,S,A,C,S,S,A,10.0479,10.46,9.95,0.51,,0,0.0,0.0,,0,0.0,0,0.0,0.0,,0,0.0,0,0.0,0.0,,0,0.0
prebreak,002690,2017-05-11,S,S,A,C,S,S,A,11.8327,11.97,11.35,0.62,,0,0.0,0.0,,0,0.0,0,0.0,0.0,,0,0.0,0,0.0,0.0,,0,0.0
prebreak,600292,2017-05-11,S,S,A,C,S,S,A,10.0313,11.86,11.25,0.61,,0,0.0,0.0,,0,0.0,1,11.86,11.25,2017-05-23,1,-1.0141,1,11.86,11.25,2017-05-23,1,-1.0141
prebreak,601689,2017-05-11,S,S,A,C,S,S,A,13.6574,15.26,14.51,0.75,,0,0.0,0.0,,0,0.0,0,0.0,0.0,,0,0.0,0,0.0,0.0,,0,0.0
prebreak,603000,2017-05-11,S,S,A,C,S,S,A,12.5995,14.03,13.35,0.68,,0,0.0,0.0,,0,0.0,0,0.0,0.0,,0,0.0,0,0.0,0.0,,0,0.0
prebreak,603968,2017-05-11,S,S,A,C,S,S,A,18.0684,19.19,18.42,0.77,,0,0.0,0.0,,0,0.0,0,0.0,0.0,,0,0.0,0,0.0,0.0,,0,0.0
prebreak,000988,2017-05-12,S,S,A,C,S,S,A,12.8918,14.58,13.89,0.69,,0,0.0,0.0,,0,0.0,0,0.0,0.0,,0,0.0,0,0.0,0.0,,0,0.0
prebreak,600004,2017-05-12,S,S,A,C,S,S,A,10.0425,10.41,9.9,0.51,,1,10.41,10.3355,2017-05-18,0,-0.1615,1,10.41,10.3355,2017-05-18,0,-0.1615,1,10.41,10.3355,2017-05-18,0,-0.1615
prebreak,600312,2017-05-12,S,S,A,C,S,S,A,12.1539,13.09,12.49,0.6,,0,0.0,0.0,,0,0.0,0,0.0,0.0,,0,0.0,0,0.0,0.0,,0,0.0
prebreak,000400,2017-05-15,S,S,A,C,S,S,A,15.0902,17.44,16.57,0.87,,0,0.0,0.0,,0,0.0,0,0.0,0.0,,0,0.0,0,0.0,0.0,,0,0.0
prebreak,002019,2017-05-15,S,S,A,C,S,S,A,14.0714,14.22,13.49,0.73,,0,0.0,0.0,,0,0.0,0,0.0,0.0,,0,0.0,0,0.0,0.0,,0,0.0
prebreak,000581,2017-05-16,S,S,A,C,S,S,A,13.6473,13.7,13.04,0.66,,0,0.0,0.0,,0,0.0,0,0.0,0.0,,0,0.0,0,0.0,0.0,,0,0.0
prebreak,000669,2017-05-16,S,S,A,C,S,S,A,11.3923,11.93,11.34,0.59,,1,11.93,11.34,2017-05-19,1,-1.0147,1,11.93,11.34,2017-05-19,1,-1.0147,1,11.93,11.34,2017-05-19,1,-1.0147
prebreak,000826,2017-05-16,S,S,A,C,S,S,A,23.2263,26.22,25.1,1.12,,0,0.0,0.0,,0,0.0,0,0.0,0.0,,0,0.0,0,0.0,0.0,,0,0.0
prebreak,002643,2017-05-16,S,S,A,C,S,S,A,13.7181,12.88,12.31,0.57,,1,12.88,13.0814,2017-05-23,0,0.336,1,12.88,12.31,2017-06-01,1,-1.0165,1,12.88,12.31,2017-06-01,1,-1.0165
prebreak,300124,2017-05-16,S,S,A,C,S,S,A,14.4618,15.0,14.31,0.69,,0,0.0,0.0,,0,0.0,0,0.0,0.0,,0,0.0,0,0.0,0.0,,0,0.0
prebreak,300244,2017-05-16,S,S,A,C,S,S,A,26.6268,25.88,24.62,1.26,,0,0.0,0.0,,0,0.0,0,0.0,0.0,,0,0.0,0,0.0,0.0,,0,0.0
prebreak,600566,2017-05-16,S,S,A,C,S,S,A,22.662,22.73,21.58,1.15,,1,22.73,22.5726,2017-05-19,0,-0.1518,1,22.73,22.5726,2017-05-19,0,-0.1518,1,22.73,22.5726,2017-05-19,0,-0.1518
prebreak,002151,2017-05-17,S,S,A,C,S,S,A,27.913,31.06,29.56,1.5,,0,0.0,0.0,,0,0.0,0,0.0,0.0,,0,0.0,0,0.0,0.0,,0,0.0
prebreak,002223,2017-05-17,S,S,A,C,S,S,A,18.8114,19.85,18.87,0.98,,0,0.0,0.0,,0,0.0,0,0.0,0.0,,0,0.0,1,19.85,20.1292,2017-06-09,0,0.2693
prebreak,002232,2017-05-17,S,S,A,C,S,S,A,13.6077,12.1,11.59,0.51,,1,12.1,13.5883,2017-05-24,0,2.8983,1,12.1,13.6756,2017-06-02,0,3.0694,1,12.1,12.1683,2017-06-16,0,0.1158
prebreak,002727,2017-05-17,S,S,A,C,S,S,A,15.2761,15.55,14.89,0.66,,0,0.0,0.0,,0,0.0,0,0.0,0.0,,0,0.0,0,0.0,0.0,,0,0.0
prebreak,300463,2017-05-17,S,S,A,C,S,S,A,23.4441,21.64,20.51,1.13,,0,0.0,0.0,,0,0.0,0,0.0,0.0,,0,0.0,0,0.0,0.0,,0,0.0
prebreak,600038,2017-05-17,S,S,A,C,S,S,A,42.8211,44.83,42.5,2.33,,0,0.0,0.0,,0,0.0,0,0.0,0.0,,0,0.0,0,0.0,0.0,,0,0.0
prebreak,600584,2017-05-17,S,S,A,C,S,S,A,16.7835,17.71,16.98,0.73,,0,0.0,0.0,,0,0.0,0,0.0,0.0,,0,0.0,0,0.0,0.0,,0,0.0
prebreak,603369,2017-05-19,S,S,A,C,S,S,A,10.4845,10.89,10.35,0.54,,0,0.0,0.0,,0,0.0,0,0.0,0.0,,0,0.0,1,10.89,10.8854,2017-06-20,0,-0.0238
prebreak,002151,2017-05-24,S,S,A,C,S,S,A,26.8982,31.06,29.56,1.5,,0,0.0,0.0,,0,0.0,0,0.0,0.0,,0,0.0,0,0.0,0.0,,0,0.0
prebreak,002232,2017-05-24,S,S,A,C,S,S,A,13.5883,12.1,11.59,0.51,,1,12.1,13.6756,2017-06-02,0,3.0694,1,12.1,12.987,2017-06-09,0,1.72,1,12.1,11.7285,2017-06-23,0,-0.7461
prebreak,002449,2017-05-24,S,S,A,C,S,S,A,10.4917,10.6,10.06,0.54,,0,0.0,0.0,,0,0.0,0,0.0,0.0,,0,0.0,0,0.0,0.0,,0,0.0
prebreak,600323,2017-05-24,S,S,A,C,S,S,A,11.6545,12.06,11.47,0.59,,0,0.0,0.0,,0,0.0,0,0.0,0.0,,0,0.0,0,0.0,0.0,,0,0.0
prebreak,600584,2017-05-24,S,S,A,C,S,S,A,15.2444,17.23,16.36,0.87,,0,0.0,0.0,,0,0.0,0,0.0,0.0,,0,0.0,0,0.0,0.0,,0,0.0
prebreak,002142,2017-05-25,S,S,A,C,S,S,A,10.7017,10.49,9.95,0.54,,1,10.49,10.4434,2017-06-05,0,-0.1011,1,10.49,10.6958,2017-06-12,0,0.3661,1,10.49,10.8073,2017-06-26,0,0.5725
prebreak,002456,2017-05-25,S,S,A,C,S,S,A,15.6371,15.58,14.98,0.6,,0,0.0,0.0,,0,0.0,0,0.0,0.0,,0,0.0,0,0.0,0.0,,0,0.0
prebreak,600332,2017-05-25,S,S,A,C,S,S,A,23.2022,23.05,21.89,1.16,,0,0.0,0.0,,0,0.0,0,0.0,0.0,,0,0.0,0,0.0,0.0,,0,0.0
prebreak,601566,2017-05-25,S,S,A,C,S,S,A,11.1166,11.51,10.97,0.54,,0,0.0,0.0,,0,0.0,0,0.0,0.0,,0,0.0,0,0.0,0.0,,0,0.0
prebreak,600668,2017-05-26,S,S,A,C,S,S,A,11.5663,11.98,11.43,0.55,,0,0.0,0.0,,0,0.0,0,0.0,0.0,,0,0.0,0,0.0,0.0,,0,0.0
prebreak,000400,2017-05-31,S,S,A,C,S,S,A,14.8874,15.39,14.64,0.75,,0,0.0,0.0,,0,0.0,0,0.0,0.0,,0,0.0,0,0.0,0.0,,0,0.0
prebreak,002019,2017-05-31,S,S,A,C,S,S,A,13.4115,13.78,13.12,0.66,,1,13.78,13.8018,2017-06-07,0,0.0172,1,13.78,13.9784,2017-06-14,0,0.2846,1,13.78,15.0194,2017-06-28,0,1.8608
prebreak,600109,2017-05-31,S,S,A,C,S,S,A,11.078,11.19,10.65,0.54,,0,0.0,0.0,,0,0.0,0,0.0,0.0,,0,0.0,0,0.0,0.0,,0,0.0
prebreak,600750,2017-05-31,S,S,A,C,S,S,A,10.8402,11.1,10.57,0.53,,0,0.0,0.0,,0,0.0,0,0.0,0.0,,0,0.0,0,0.0,0.0,,0,0.0
prebreak,600323,2017-06-02,S,S,A,C,S,S,A,12.1341,12.17,11.61,0.56,,0,0.0,0.0,,0,0.0,0,0.0,0.0,,0,0.0,0,0.0,0.0,,0,0.0
prebreak,002142,2017-06-05,S,S,A,C,S,S,A,10.4434,10.49,9.95,0.54,,0,0.0,0.0,,0,0.0,0,0.0,0.0,,0,0.0,0,0.0,0.0,,0,0.0
prebreak,600332,2017-06-05,S,S,A,C,S,S,A,22.6207,23.37,22.31,1.06,,1,23.37,23.9393,2017-06-12,0,0.52,1,23.37,23.2841,2017-06-19,0,-0.0977,1,23.37,23.9802,2017-07-03,0,0.5586
prebreak,000333,2017-06-06,S,S,A,C,S,S,A,27.4686,26.67,25.34,1.33,,0,0.0,0.0,,0,0.0,0,0.0,0.0,,0,0.0,0,0.0,0.0,,0,0.0
prebreak,000988,2017-06-06,S,S,A,C,S,S,A,13.1837,14.58,13.89,0.69,,0,0.0,0.0,,0,0.0,0,0.0,0.0,,0,0.0,0,0.0,0.0,,0,0.0
prebreak,000997,2017-06-06,S,S,A,C,S,S,A,16.8921,18.13,17.2,0.93,,0,0.0,0.0,,0,0.0,0,0.0,0.0,,0,0.0,0,0.0,0.0,,0,0.0
prebreak,600668,2017-06-06,S,S,A,C,S,S,A,11.3922,11.75,11.18,0.57,,0,0.0,0.0,,0,0.0,0,0.0,0.0,,0,0.0,0,0.0,0.0,,0,0.0
prebreak,000661,2017-06-07,S,S,A,C,S,S,A,53.7592,54.01,51.22,2.79,,0,0.0,0.0,,0,0.0,0,0.0,0.0,,0,0.0,0,0.0,0.0,,0,0.0
prebreak,002019,2017-06-07,S,S,A,C,S,S,A,13.8018,13.78,13.18,0.6,,0,0.0,0.0,,0,0.0,0,0.0,0.0,,0,0.0,0,0.0,0.0,,0,0.0
prebreak,002219,2017-06-07,S,S,A,C,S,S,A,12.13,12.24,11.6,0.64,,0,0.0,0.0,,0,0.0,0,0.0,0.0,,0,0.0,0,0.0,0.0,,0,0.0
prebreak,600037,2017-06-07,S,S,A,C,S,S,A,12.7243,12.79,12.24,0.55,,0,0.0,0.0,,0,0.0,0,0.0,0.0,,0,0.0,0,0.0,0.0,,0,0.0
prebreak,600138,2017-06-07,S,S,A,C,S,S,A,19.5368,19.08,18.14,0.94,,0,0.0,0.0,,0,0.0,0,0.0,0.0,,0,0.0,0,0.0,0.0,,0,0.0
prebreak,000423,2017-06-08,S,S,A,C,S,S,A,53.8901,52.98,50.25,2.73,,0,0.0,0.0,,0,0.0,0,0.0,0.0,,0,0.0,0,0.0,0.0,,0,0.0
prebreak,000581,2017-06-08,S,S,A,C,S,S,A,13.8532,13.6,12.94,0.66,,0,0.0,0.0,,0,0.0,0,0.0,0.0,,0,0.0,0,0.0,0.0,,0,0.0
prebreak,002597,2017-06-08,S,S,A,C,S,S,A,16.3879,16.19,15.42,0.77,,1,16.19,17.1105,2017-06-15,0,1.1787,1,16.19,17.4178,2017-06-22,0,1.5776,1,16.19,17.584,2017-07-06,0,1.7932
prebreak,300124,2017-06-08,S,S,A,C,S,S,A,14.7699,14.59,13.85,0.74,,0,0.0,0.0,,0,0.0,0,0.0,0.0,,0,0.0,0,0.0,0.0,,0,0.0
prebreak,600498,2017-06-08,S,S,A,C,S,S,A,21.173,20.63,19.56,1.07,,1,20.63,21.9998,2017-06-15,0,1.2647,1,20.63,21.9355,2017-06-22,0,1.2046,1,20.63,22.6887,2017-07-06,0,1.9081
prebreak,600729,2017-06-08,S,S,A,C,S,S,A,15.5353,15.74,15.0,0.74,,0,0.0,0.0,,0,0.0,0,0.0,0.0,,0,0.0,0,0.0,0.0,,0,0.0
prebreak,002044,2017-06-09,S,S,A,C,S,S,A,10.9031,10.26,9.71,0.55,,0,0.0,0.0,,0,0.0,0,0.0,0.0,,0,0.0,0,0.0,0.0,,0,0.0
prebreak,603589,2017-06-09,S,S,A,C,S,S,A,28.3982,28.17,27.09,1.08,,1,28.17,28.3129,2017-06-14,0,0.1124,1,28.17,28.3129,2017-06-14,0,0.1124,1,28.17,28.3129,2017-06-14,0,0.1124
prebreak,000988,2017-06-13,S,S,A,C,S,S,A,13.495,13.69,13.09,0.6,,0,0.0,0.0,,0,0.0,0,0.0,0.0,,0,0.0,0,0.0,0.0,,0,0.0
prebreak,000998,2017-06-13,S,S,A,C,S,S,A,20.8417,21.14,20.13,1.01,,0,0.0,0.0,,0,0.0,0,0.0,0.0,,0,0.0,1,21.14,21.9078,2017-07-11,0,0.7438
prebreak,600335,2017-06-13,S,S,A,C,S,S,A,9.7998,10.61,10.07,0.54,,1,10.61,10.3603,2017-06-20,0,-0.477,1,10.61,10.703,2017-06-27,0,0.1572,1,10.61,10.437,2017-07-11,0,-0.3352
prebreak,000400,2017-06-14,S,S,A,C,S,S,A,15.3667,15.39,14.64,0.75,,0,0.0,0.0,,0,0.0,0,0.0,0.0,,0,0.0,0,0.0,0.0,,0,0.0
prebreak,002024,2017-06-14,S,S,A,C,S,S,A,10.8499,10.36,9.81,0.55,,0,0.0,0.0,,0,0.0,0,0.0,0.0,,0,0.0,0,0.0,0.0,,0,0.0
prebreak,002179,2017-06-14,S,S,A,C,S,S,A,11.8102,11.48,10.94,0.54,,0,0.0,0.0,,0,0.0,0,0.0,0.0,,0,0.0,0,0.0,0.0,,0,0.0
prebreak,002376,2017-06-14,S,S,A,C,S,S,A,10.5665,10.77,10.24,0.53,,0,0.0,0.0,,0,0.0,0,0.0,0.0,,0,0.0,0,0.0,0.0,,0,0.0
prebreak,600037,2017-06-14,S,S,A,C,S,S,A,12.8678,13.05,12.55,0.5,,0,0.0,0.0,,0,0.0,0,0.0,0.0,,0,0.0,0,0.0,0.0,,0,0.0
prebreak,603355,2017-06-14,S,S,A,C,S,S,A,29.8259,31.55,30.09,1.46,,0,0.0,0.0,,0,0.0,0,0.0,0.0,,0,0.0,0,0.0,0.0,,0,0.0
prebreak,000423,2017-06-15,S,S,A,C,S,S,A,53.9602,52.98,50.25,2.73,,0,0.0,0.0,,0,0.0,0,0.0,0.0,,0,0.0,0,0.0,0.0,,0,0.0
prebreak,000581,2017-06-15,S,S,A,C,S,S,A,13.9501,14.34,13.73,0.61,,1,14.34,14.4526,2017-06-22,0,0.1667,1,14.34,15.8573,2017-06-29,0,2.468,1,14.34,15.9018,2017-07-13,0,2.5409
prebreak,002262,2017-06-15,S,S,A,C,S,S,A,12.9493,12.44,11.88,0.56,,0,0.0,0.0,,0,0.0,0,0.0,0.0,,0,0.0,0,0.0,0.0,,0,0.0
prebreak,002570,2017-06-15,S,S,A,C,S,S,A,13.66,14.21,13.54,0.67,,0,0.0,0.0,,0,0.0,0,0.0,0.0,,0,0.0,0,0.0,0.0,,0,0.0
prebreak,300476,2017-06-15,S,S,A,C,S,S,A,10.9044,11.6,11.03,0.57,,0,0.0,0.0,,0,0.0,0,0.0,0.0,,0,0.0,0,0.0,0.0,,0,0.0
prebreak,600066,2017-06-15,S,S,A,C,S,S,A,12.8323,12.28,11.71,0.57,,0,0.0,0.0,,0,0.0,0,0.0,0.0,,0,0.0,0,0.0,0.0,,0,0.0
prebreak,600729,2017-06-15,S,S,A,C,S,S,A,15.4874,15.99,15.23,0.76,,0,0.0,0.0,,0,0.0,1,15.99,16.2417,2017-06-29,0,0.315,1,15.99,16.11,2017-07-13,0,0.1418
prebreak,002048,2017-06-16,S,S,A,C,S,S,A,15.1771,15.66,14.93,0.73,,0,0.0,0.0,,0,0.0,0,0.0,0.0,,0,0.0,0,0.0,0.0,,0,0.0
prebreak,300285,2017-06-16,S,S,A,C,S,S,A,12.2637,12.15,11.59,0.56,,0,0.0,0.0,,0,0.0,0,0.0,0.0,,0,0.0,0,0.0,0.0,,0,0.0
prebreak,600062,2017-06-16,S,S,A,C,S,S,A,15.1049,14.85,14.14,0.71,,0,0.0,0.0,,0,0.0,0,0.0,0.0,,0,0.0,0,0.0,0.0,,0,0.0
prebreak,600420,2017-06-16,S,S,A,C,S,S,A,13.7298,14.16,13.55,0.61,,0,0.0,0.0,,0,0.0,0,0.0,0.0,,0,0.0,1,14.16,13.55,2017-07-14,1,-1.017
prebreak,600584,2017-06-16,S,S,A,C,S,S,A,15.7271,15.61,14.84,0.77,,0,0.0,0.0,,0,0.0,0,0.0,0.0,,0,0.0,0,0.0,0.0,,0,0.0
prebreak,002138,2017-06-19,S,S,A,C,S,S,A,16.1784,16.16,15.32,0.84,,0,0.0,0.0,,0,0.0,0,0.0,0.0,,0,0.0,0,0.0,0.0,,0,0.0
prebreak,002142,2017-06-19,S,S,A,C,S,S,A,10.3964,10.79,10.28,0.51,,1,10.79,10.8073,2017-06-26,0,0.0179,1,10.79,11.3591,2017-07-03,0,1.0992,1,10.79,12.747,2017-07-17,0,3.8187
prebreak,002690,2017-06-19,S,S,A,C,S,S,A,11.6377,11.8,11.23,0.57,,0,0.0,0.0,,0,0.0,0,0.0,0.0,,0,0.0,0,0.0,0.0,,0,0.0
prebreak,600085,2017-06-19,S,S,A,C,S,S,A,28.7273,29.67,28.51,1.16,,1,29.67,30.7456,2017-06-26,0,0.9072,1,29.67,30.1689,2017-07-03,0,0.4104,1,29.67,28.6661,2017-07-17,0,-0.8843
prebreak,600332,2017-06-19,S,S,A,C,S,S,A,23.2841,24.2,22.95,1.25,,0,0.0,0.0,,0,0.0,0,0.0,0.0,,0,0.0,0,0.0,0.0,,0,0.0
prebreak,600637,2017-06-19,S,S,A,C,S,S,A,12.9418,12.36,11.86,0.5,,0,0.0,0.0,,0,0.0,0,0.0,0.0,,0,0.0,0,0.0,0.0,,0,0.0
prebreak,000997,2017-06-20,S,S,A,C,S,S,A,17.706,17.88,16.96,0.92,,0,0.0,0.0,,0,0.0,0,0.0,0.0,,0,0.0,0,0.0,0.0,,0,0.0
prebreak,002583,2017-06-20,S,S,A,C,S,S,A,14.8976,15.14,14.63,0.51,,1,15.14,15.482,2017-06-27,0,0.6476,1,15.14,16.1357,2017-07-04,0,1.9286,1,15.14,15.8287,2017-07-18,0,1.3269
prebreak,000400,2017-06-21,S,S,A,C,S,S,A,15.4958,15.79,15.06,0.73,,1,15.79,16.4084,2017-06-28,0,0.8301,1,15.79,16.731,2017-07-05,0,1.2718,1,15.79,15.7948,2017-07-19,0,-0.0098
prebreak,000661,2017-06-21,S,S,A,C,S,S,A,57.8992,58.01,55.07,2.94,,0,0.0,0.0,,0,0.0,0,0.0,0.0,,0,0.0,0,0.0,0.0,,0,0.0
prebreak,002589,2017-06-21,S,S,A,C,S,S,A,14.6946,15.08,14.55,0.53,,0,0.0,0.0,,0,0.0,0,0.0,0.0,,0,0.0,0,0.0,0.0,,0,0.0
prebreak,600315,2017-06-21,S,S,A,C,S,S,A,28.5305,27.18,26.14,1.04,,1,27.18,29.334,2017-06-28,0,2.05,1,27.18,29.2312,2017-07-05,0,1.9512,1,27.18,28.5488,2017-07-19,0,1.2954
prebreak,002048,2017-06-23,S,S,A,C,S,S,A,15.0673,15.84,15.02,0.82,,0,0.0,0.0,,0,0.0,0,0.0,0.0,,0,0.0,0,0.0,0.0,,0,0.0
prebreak,002410,2017-06-23,S,S,A,C,S,S,A,11.94,12.07,11.48,0.59,,0,0.0,0.0,,0,0.0,0,0.0,0.0,,0,0.0,0,0.0,0.0,,0,0.0
prebreak,600056,2017-06-23,S,S,A,C,S,S,A,15.244,15.61,14.98,0.63,,1,15.61,15.4875,2017-06-28,0,-0.2131,1,15.61,15.4875,2017-06-28,0,-0.2131,1,15.61,15.4875,2017-06-28,0,-0.2131
prebreak,000756,2017-06-26,S,S,A,C,S,S,A,10.3013,9.93,9.41,0.52,,1,9.93,10.5351,2017-07-03,0,1.1485,1,9.93,10.3632,2017-07-10,0,0.8181,1,9.93,9.8681,2017-07-24,0,-0.1335
prebreak,002690,2017-06-26,S,S,A,C,S,S,A,11.4134,11.8,11.24,0.56,,0,0.0,0.0,,0,0.0,0,0.0,0.0,,0,0.0,0,0.0,0.0,,0,0.0
prebreak,300033,2017-06-26,S,S,A,C,S,S,A,39.2101,41.01,39.29,1.72,,0,0.0,0.0,,0,0.0,0,0.0,0.0,,0,0.0,0,0.0,0.0,,0,0.0
prebreak,600332,2017-06-26,S,S,A,C,S,S,A,23.6526,23.78,22.51,1.27,,0,0.0,0.0,,0,0.0,0,0.0,0.0,,0,0.0,0,0.0,0.0,,0,0.0
prebreak,600637,2017-06-26,S,S,A,C,S,S,A,13.0661,13.14,12.63,0.51,,0,0.0,0.0,,0,0.0,0,0.0,0.0,,0,0.0,0,0.0,0.0,,0,0.0
prebreak,000869,2017-06-27,S,S,A,C,S,S,A,31.5906,30.87,29.48,1.39,,0,0.0,0.0,,0,0.0,0,0.0,0.0,,0,0.0,0,0.0,0.0,,0,0.0
prebreak,000997,2017-06-27,S,S,A,C,S,S,A,18.009,18.09,17.38,0.71,,0,0.0,0.0,,0,0.0,0,0.0,0.0,,0,0.0,0,0.0,0.0,,0,0.0
prebreak,000998,2017-06-27,S,S,A,C,S,S,A,20.2174,20.86,19.97,0.89,,1,20.86,22.0999,2017-07-04,0,1.3745,1,20.86,21.9078,2017-07-11,0,1.1588,1,20.86,22.355,2017-07-25,0,1.6609
prebreak,002583,2017-06-27,S,S,A,C,S,S,A,15.482,15.4,14.63,0.77,,0,0.0,0.0,,0,0.0,0,0.0,0.0,,0,0.0,0,0.0,0.0,,0,0.0
prebreak,600511,2017-06-27,S,S,A,C,S,S,A,30.034,29.67,28.32,1.35,,0,0.0,0.0,,0,0.0,0,0.0,0.0,,0,0.0,0,0.0,0.0,,0,0.0
prebreak,000423,2017-06-29,S,S,A,C,S,S,A,56.1566,56.03,53.16,2.87,,0,0.0,0.0,,0,0.0,0,0.0,0.0,,0,0.0,0,0.0,0.0,,0,0.0
prebreak,002262,2017-06-29,S,S,A,C,S,S,A,13.778,13.31,12.66,0.65,,0,0.0,0.0,,0,0.0,0,0.0,0.0,,0,0.0,0,0.0,0.0,,0,0.0
prebreak,002570,2017-06-29,S,S,A,C,S,S,A,13.59,13.65,13.1,0.55,,0,0.0,0.0,,0,0.0,0,0.0,0.0,,0,0.0,0,0.0,0.0,,0,0.0
prebreak,600566,2017-06-29,S,S,A,C,S,S,A,25.5764,25.74,24.54,1.2,,0,0.0,0.0,,0,0.0,0,0.0,0.0,,0,0.0,0,0.0,0.0,,0,0.0
prebreak,002223,2017-06-30,S,S,A,C,S,S,A,20.5457,20.36,19.52,0.84,,0,0.0,0.0,,0,0.0,0,0.0,0.0,,0,0.0,0,0.0,0.0,,0,0.0
prebreak,600056,2017-06-30,S,S,A,C,S,S,A,15.798,15.94,15.12,0.82,,0,0.0,0.0,,0,0.0,0,0.0,0.0,,0,0.0,0,0.0,0.0,,0,0.0
prebreak,603589,2017-06-30,S,S,A,C,S,S,A,30.081,28.61,27.12,1.49,,0,0.0,0.0,,0,0.0,0,0.0,0.0,,0,0.0,0,0.0,0.0,,0,0.0
prebreak,002142,2017-07-03,S,S,A,C,S,S,A,11.3591,10.74,10.22,0.52,,0,0.0,0.0,,0,0.0,0,0.0,0.0,,0,0.0,0,0.0,0.0,,0,0.0
prebreak,300033,2017-07-03,S,S,A,C,S,S,A,40.2701,40.13,38.01,2.12,,0,0.0,0.0,,0,0.0,0,0.0,0.0,,0,0.0,0,0.0,0.0,,0,0.0
prebreak,600332,2017-07-03,S,S,A,C,S,S,A,23.9802,24.12,22.91,1.21,,0,0.0,0.0,,0,0.0,0,0.0,0.0,,0,0.0,0,0.0,0.0,,0,0.0
prebreak,000998,2017-07-04,S,S,A,C,S,S,A,22.0999,20.86,19.97,0.89,,0,0.0,0.0,,0,0.0,0,0.0,0.0,,0,0.0,0,0.0,0.0,,0,0.0
prebreak,000999,2017-07-04,S,S,A,C,S,S,A,14.5966,15.41,14.87,0.54,,0,0.0,0.0,,0,0.0,0,0.0,0.0,,0,0.0,0,0.0,0.0,,0,0.0
prebreak,002583,2017-07-04,S,S,A,C,S,S,A,16.1357,15.4,14.63,0.77,,1,15.4,15.8782,2017-07-11,0,0.6054,1,15.4,15.8287,2017-07-18,0,0.5412,1,15.4,16.3437,2017-08-01,0,1.2097
prebreak,600004,2017-07-04,S,S,A,C,S,S,A,11.9045,11.48,10.98,0.5,,0,0.0,0.0,,0,0.0,0,0.0,0.0,,0,0.0,0,0.0,0.0,,0,0.0
prebreak,603883,2017-07-05,S,S,A,C,S,S,A,17.5349,18.13,17.18,0.95,,0,0.0,0.0,,0,0.0,0,0.0,0.0,,0,0.0,0,0.0,0.0,,0,0.0
prebreak,000423,2017-07-06,S,S,A,C,S,S,A,53.415,56.96,54.38,2.58,,0,0.0,0.0,,0,0.0,0,0.0,0.0,,0,0.0,0,0.0,0.0,,0,0.0
prebreak,300244,2017-07-06,S,S,A,C,S,S,A,26.21,28.2,26.87,1.33,,0,0.0,0.0,,0,0.0,0,0.0,0.0,,0,0.0,0,0.0,0.0,,0,0.0
prebreak,600566,2017-07-06,S,S,A,C,S,S,A,25.4389,26.38,25.18,1.2,,0,0.0,0.0,,0,0.0,0,0.0,0.0,,0,0.0,0,0.0,0.0,,0,0.0
prebreak,002223,2017-07-07,S,S,A,C,S,S,A,19.8949,20.78,19.7,1.08,,0,0.0,0.0,,0,0.0,0,0.0,0.0,,0,0.0,0,0.0,0.0,,0,0.0
prebreak,002142,2017-07-10,S,S,A,C,S,S,A,11.318,10.74,10.22,0.52,,1,10.74,12.747,2017-07-17,0,3.8415,1,10.74,12.4983,2017-07-24,0,3.3635,1,10.74,11.8687,2017-08-07,0,2.1535
prebreak,002311,2017-07-10,S,S,A,C,S,S,A,15.6913,16.01,15.29,0.72,,0,0.0,0.0,,0,0.0,0,0.0,0.0,,0,0.0,0,0.0,0.0,,0,0.0
prebreak,300033,2017-07-10,S,S,A,C,S,S,A,38.5943,40.58,38.49,2.09,,0,0.0,0.0,,0,0.0,0,0.0,0.0,,0,0.0,0,0.0,0.0,,0,0.0
prebreak,600332,2017-07-10,S,S,A,C,S,S,A,23.063,24.09,22.94,1.15,,0,0.0,0.0,,0,0.0,0,0.0,0.0,,0,0.0,0,0.0,0.0,,0,0.0
prebreak,601689,2017-07-10,S,S,A,C,S,S,A,14.0281,15.13,14.4,0.73,,0,0.0,0.0,,0,0.0,0,0.0,0.0,,0,0.0,0,0.0,0.0,,0,0.0
prebreak,300357,2017-07-12,S,S,A,C,S,S,A,11.4766,12.23,11.65,0.58,,0,0.0,0.0,,0,0.0,0,0.0,0.0,,0,0.0,0,0.0,0.0,,0,0.0
prebreak,603355,2017-07-12,S,S,A,C,S,S,A,30.3167,32.31,30.76,1.55,,0,0.0,0.0,,0,0.0,0,0.0,0.0,,0,0.0,0,0.0,0.0,,0,0.0
prebreak,603989,2017-07-12,S,S,A,C,S,S,A,26.3165,27.93,26.63,1.3,,0,0.0,0.0,,0,0.0,0,0.0,0.0,,0,0.0,0,0.0,0.0,,0,0.0
prebreak,000423,2017-07-13,S,S,A,C,S,S,A,52.1843,54.12,51.55,2.57,,0,0.0,0.0,,0,0.0,0,0.0,0.0,,0,0.0,0,0.0,0.0,,0,0.0
prebreak,002262,2017-07-13,S,S,A,C,S,S,A,13.3044,13.84,13.18,0.66,,0,0.0,0.0,,0,0.0,0,0.0,0.0,,0,0.0,0,0.0,0.0,,0,0.0
prebreak,300115,2017-07-13,S,S,A,C,S,S,A,25.5663,23.61,22.59,1.02,,0,0.0,0.0,,0,0.0,0,0.0,0.0,,0,0.0,0,0.0,0.0,,0,0.0
prebreak,300244,2017-07-13,S,S,A,C,S,S,A,26.2889,26.35,25.03,1.32,,0,0.0,0.0,,0,0.0,0,0.0,0.0,,0,0.0,0,0.0,0.0,,0,0.0
prebreak,600566,2017-07-13,S,S,A,C,S,S,A,25.1365,25.76,24.83,0.93,,0,0.0,0.0,,0,0.0,0,0.0,0.0,,0,0.0,0,0.0,0.0,,0,0.0
prebreak,002223,2017-07-14,S,S,A,C,S,S,A,19.1141,19.91,19.06,0.85,,0,0.0,0.0,,0,0.0,0,0.0,0.0,,0,0.0,0,0.0,0.0,,0,0.0
prebreak,000999,2017-07-18,S,S,A,C,S,S,A,13.7433,14.57,14.01,0.56,,0,0.0,0.0,,0,0.0,0,0.0,0.0,,0,0.0,0,0.0,0.0,,0,0.0
prebreak,002322,2017-07-18,S,S,A,C,S,S,A,14.5692,17.22,16.33,0.89,,0,0.0,0.0,,0,0.0,0,0.0,0.0,,0,0.0,0,0.0,0.0,,0,0.0
prebreak,000400,2017-07-19,S,S,A,C,S,S,A,15.7948,16.95,16.3,0.65,,0,0.0,0.0,,0,0.0,0,0.0,0.0,,0,0.0,0,0.0,0.0,,0,0.0
prebreak,002376,2017-07-19,S,S,A,C,S,S,A,10.0932,11.33,10.76,0.57,,0,0.0,0.0,,0,0.0,0,0.0,0.0,,0,0.0,0,0.0,0.0,,0,0.0
prebreak,600315,2017-07-19,S,S,A,C,S,S,A,28.5488,29.42,27.98,1.44,,0,0.0,0.0,,0,0.0,0,0.0,0.0,,0,0.0,0,0.0,0.0,,0,0.0
prebreak,601969,2017-07-19,S,S,A,C,S,S,A,11.2795,10.43,9.9,0.53,,1,10.43,11.194,2017-07-26,0,1.4257,1,10.43,11.8492,2017-08-02,0,2.661,1,10.43,10.7098,2017-08-16,0,0.5127
prebreak,603989,2017-07-19,S,S,A,C,S,S,A,25.371,27.93,26.63,1.3,,0,0.0,0.0,,0,0.0,0,0.0,0.0,,0,0.0,0,0.0,0.0,,0,0.0
prebreak,000423,2017-07-20,S,S,A,C,S,S,A,53.0598,53.41,50.92,2.49,,0,0.0,0.0,,0,0.0,0,0.0,0.0,,0,0.0,0,0.0,0.0,,0,0.0
prebreak,000792,2017-07-20,S,S,A,C,S,S,A,10.6,10.75,10.23,0.52,,0,0.0,0.0,,0,0.0,0,0.0,0.0,,0,0.0,0,0.0,0.0,,0,0.0
prebreak,300244,2017-07-20,S,S,A,C,S,S,A,23.7635,26.35,25.03,1.32,,0,0.0,0.0,,0,0.0,0,0.0,0.0,,0,0.0,0,0.0,0.0,,0,0.0
prebreak,002727,2017-07-21,S,S,A,C,S,S,A,15.7641,16.81,16.03,0.78,,0,0.0,0.0,,0,0.0,0,0.0,0.0,,0,0.0,0,0.0,0.0,,0,0.0
prebreak,300463,2017-07-21,S,S,A,C,S,S,A,20.2445,23.65,22.59,1.06,,0,0.0,0.0,,0,0.0,0,0.0,0.0,,0,0.0,1,23.65,23.4025,2017-08-18,0,-0.2503
prebreak,601238,2017-07-21,S,S,A,C,S,S,A,16.21,16.26,15.55,0.71,,0,0.0,0.0,,0,0.0,0,0.0,0.0,,0,0.0,0,0.0,0.0,,0,0.0
prebreak,002733,2017-07-24,S,S,A,C,S,S,A,16.4402,16.6,15.8,0.8,,0,0.0,0.0,,0,0.0,0,0.0,0.0,,0,0.0,0,0.0,0.0,,0,0.0
prebreak,300199,2017-07-24,S,S,A,C,S,S,A,14.6382,15.04,14.28,0.76,,0,0.0,0.0,,0,0.0,0,0.0,0.0,,0,0.0,0,0.0,0.0,,0,0.0
prebreak,600872,2017-07-24,S,S,A,C,S,S,A,16.7362,16.7,15.93,0.77,,0,0.0,0.0,,0,0.0,0,0.0,0.0,,0,0.0,0,0.0,0.0,,0,0.0
prebreak,000997,2017-07-25,S,S,A,C,S,S,A,18.605,19.04,18.2,0.84,,0,0.0,0.0,,0,0.0,0,0.0,0.0,,0,0.0,0,0.0,0.0,,0,0.0
prebreak,000999,2017-07-25,S,S,A,C,S,S,A,13.7967,14.27,13.65,0.62,,0,0.0,0.0,,0,0.0,0,0.0,0.0,,0,0.0,1,14.27,14.3023,2017-08-22,0,0.0346
prebreak,002322,2017-07-25,S,S,A,C,S,S,A,15.0019,15.11,14.34,0.77,,0,0.0,0.0,,0,0.0,0,0.0,0.0,,0,0.0,0,0.0,0.0,,0,0.0
prebreak,000513,2017-07-26,S,S,A,C,S,S,A,21.0998,22.03,20.95,1.08,,0,0.0,0.0,,0,0.0,0,0.0,0.0,,0,0.0,1,22.03,21.7871,2017-08-23,0,-0.2403
prebreak,600315,2017-07-26,S,S,A,C,S,S,A,28.9227,29.13,27.81,1.32,,0,0.0,0.0,,0,0.0,0,0.0,0.0,,0,0.0,0,0.0,0.0,,0,0.0
prebreak,603989,2017-07-26,S,S,A,C,S,S,A,24.718,25.99,24.73,1.26,,0,0.0,0.0,,0,0.0,0,0.0,0.0,,0,0.0,0,0.0,0.0,,0,0.0
prebreak,000792,2017-07-27,S,S,A,C,S,S,A,10.92,10.75,10.23,0.52,,1,10.75,12.45,2017-08-03,0,3.2515,1,10.75,11.36,2017-08-10,0,1.1566,1,10.75,11.08,2017-08-24,0,0.6185
prebreak,300244,2017-07-27,S,S,A,C,S,S,A,24.3861,26.35,25.03,1.32,,0,0.0,0.0,,0,0.0,0,0.0,0.0,,0,0.0,0,0.0,0.0,,0,0.0
prebreak,002048,2017-07-28,S,S,A,C,S,S,A,14.9209,15.68,14.97,0.71,,0,0.0,0.0,,0,0.0,0,0.0,0.0,,0,0.0,0,0.0,0.0,,0,0.0
prebreak,300024,2017-07-31,S,S,A,C,S,S,A,19.8947,19.98,19.04,0.94,,0,0.0,0.0,,0,0.0,0,0.0,0.0,,0,0.0,0,0.0,0.0,,0,0.0
prebreak,300050,2017-07-31,S,S,A,C,S,S,A,10.3374,10.36,9.84,0.52,,1,10.36,10.0782,2017-08-03,0,-0.5567,1,10.36,10.0782,2017-08-03,0,-0.5567,1,10.36,10.0782,2017-08-03,0,-0.5567
prebreak,300199,2017-07-31,S,S,A,C,S,S,A,15.0527,14.93,14.18,0.75,,0,0.0,0.0,,0,0.0,0,0.0,0.0,,0,0.0,0,0.0,0.0,,0,0.0
prebreak,600872,2017-07-31,S,S,A,C,S,S,A,17.1783,16.7,15.93,0.77,,1,16.7,17.494,2017-08-07,0,1.0141,1,16.7,19.6684,2017-08-14,0,3.8361,1,16.7,19.2353,2017-08-28,0,3.2741
prebreak,600993,2017-07-31,S,S,A,C,S,S,A,17.9885,18.27,17.55,0.72,,0,0.0,0.0,,0,0.0,0,0.0,0.0,,0,0.0,0,0.0,0.0,,0,0.0
prebreak,000701,2017-08-01,S,S,A,C,S,S,A,13.321,13.59,13.06,0.53,,0,0.0,0.0,,0,0.0,0,0.0,0.0,,0,0.0,0,0.0,0.0,,0,0.0
prebreak,000915,2017-08-01,S,S,A,C,S,S,A,22.3297,27.47,26.18,1.29,,0,0.0,0.0,,0,0.0,0,0.0,0.0,,0,0.0,0,0.0,0.0,,0,0.0
prebreak,000997,2017-08-01,S,S,A,C,S,S,A,19.4297,19.04,18.14,0.9,,0,0.0,0.0,,0,0.0,0,0.0,0.0,,0,0.0,0,0.0,0.0,,0,0.0
prebreak,300244,2017-08-03,S,S,A,C,S,S,A,22.7989,26.35,25.03,1.32,,0,0.0,0.0,,0,0.0,0,0.0,0.0,,0,0.0,0,0.0,0.0,,0,0.0
prebreak,300476,2017-08-03,S,S,A,C,S,S,A,12.6526,12.4,11.81,0.59,,1,12.4,12.3384,2017-08-08,0,-0.1203,1,12.4,12.3384,2017-08-08,0,-0.1203,1,12.4,12.3384,2017-08-08,0,-0.1203
prebreak,603188,2017-08-03,S,S,A,C,S,S,A,19.0791,18.66,17.72,0.94,,1,18.66,18.6215,2017-08-08,0,-0.056,1,18.66,18.6215,2017-08-08,0,-0.056,1,18.66,18.6215,2017-08-08,0,-0.056
prebreak,002048,2017-08-04,S,S,A,C,S,S,A,14.2404,15.02,14.31,0.71,,0,0.0,0.0,,0,0.0,0,0.0,0.0,,0,0.0,1,15.02,16.0113,2017-09-01,0,1.3792
prebreak,002223,2017-08-04,S,S,A,C,S,S,A,16.6413,16.9,16.26,0.64,,0,0.0,0.0,,0,0.0,0,0.0,0.0,,0,0.0,0,0.0,0.0,,0,0.0
prebreak,300463,2017-08-04,S,S,A,C,S,S,A,20.8286,20.93,19.87,1.06,,0,0.0,0.0,,0,0.0,0,0.0,0.0,,0,0.0,0,0.0,0.0,,0,0.0
prebreak,600990,2017-08-04,S,S,A,C,S,S,A,34.4005,34.65,33.2,1.45,,0,0.0,0.0,,0,0.0,1,34.65,34.2336,2017-08-18,0,-0.3051,1,34.65,34.2509,2017-08-21,0,-0.2932
prebreak,002311,2017-08-07,S,S,A,C,S,S,A,16.2681,16.85,15.98,0.87,,0,0.0,0.0,,0,0.0,0,0.0,0.0,,0,0.0,0,0.0,0.0,,0,0.0
prebreak,600872,2017-08-07,S,S,A,C,S,S,A,17.494,16.7,15.93,0.77,,0,0.0,0.0,,0,0.0,0,0.0,0.0,,0,0.0,0,0.0,0.0,,0,0.0
prebreak,000997,2017-08-08,S,S,A,C,S,S,A,20.4021,20.13,19.07,1.06,,0,0.0,0.0,,0,0.0,0,0.0,0.0,,0,0.0,0,0.0,0.0,,0,0.0
prebreak,002038,2017-08-08,S,S,A,C,S,S,A,15.6402,16.26,15.55,0.71,,0,0.0,0.0,,0,0.0,0,0.0,0.0,,0,0.0,1,16.26,16.9986,2017-09-05,0,1.0222
prebreak,300003,2017-08-08,S,S,A,C,S,S,A,18.3062,19.49,18.52,0.97,,1,19.49,19.2953,2017-08-14,0,-0.2159,1,19.49,19.2953,2017-08-14,0,-0.2159,1,19.49,19.2953,2017-08-14,0,-0.2159
prebreak,603919,2017-08-08,S,S,A,C,S,S,A,13.9537,13.05,12.41,0.64,,1,13.05,14.7748,2017-08-15,0,2.6779,1,13.05,13.8392,2017-08-22,0,1.2169,1,13.05,13.6911,2017-09-05,0,0.9856
prebreak,000400,2017-08-09,S,S,A,C,S,S,A,15.285,16.25,15.44,0.81,,0,0.0,0.0,,0,0.0,0,0.0,0.0,,0,0.0,1,16.25,16.0266,2017-09-05,0,-0.2909
prebreak,000513,2017-08-09,S,S,A,C,S,S,A,21.0738,21.68,20.55,1.13,,0,0.0,0.0,,0,0.0,0,0.0,0.0,,0,0.0,0,0.0,0.0,,0,0.0
prebreak,600315,2017-08-09,S,S,A,C,S,S,A,28.8012,29.28,28.04,1.24,,0,0.0,0.0,,0,0.0,1,29.28,29.2218,2017-08-22,0,-0.0648,1,29.28,29.2218,2017-08-22,0,-0.0648
prebreak,600366,2017-08-09,S,S,A,C,S,S,A,10.6128,9.74,9.22,0.52,,0,0.0,0.0,,0,0.0,0,0.0,0.0,,0,0.0,0,0.0,0.0,,0,0.0
prebreak,603989,2017-08-09,S,S,A,C,S,S,A,24.6228,25.15,24.17,0.98,,0,0.0,0.0,,0,0.0,0,0.0,0.0,,0,0.0,0,0.0,0.0,,0,0.0
prebreak,000860,2017-08-14,S,S,A,C,S,S,A,16.0101,15.49,14.84,0.65,,1,15.49,15.7621,2017-08-17,0,0.4002,1,15.49,15.7621,2017-08-17,0,0.4002,1,15.49,15.7621,2017-08-17,0,0.4002
prebreak,002311,2017-08-14,S,S,A,C,S,S,A,16.5385,16.9,16.09,0.81,,0,0.0,0.0,,0,0.0,0,0.0,0.0,,0,0.0,0,0.0,0.0,,0,0.0
prebreak,002646,2017-08-14,S,S,A,C,S,S,A,17.8064,17.49,16.74,0.75,,0,0.0,0.0,,0,0.0,0,0.0,0.0,,0,0.0,0,0.0,0.0,,0,0.0
prebreak,601689,2017-08-14,S,S,A,C,S,S,A,12.8543,14.08,13.43,0.65,,0,0.0,0.0,,0,0.0,0,0.0,0.0,,0,0.0,0,0.0,0.0,,0,0.0
prebreak,000869,2017-08-15,S,S,A,C,S,S,A,31.9845,30.9,29.28,1.62,,0,0.0,0.0,,0,0.0,0,0.0,0.0,,0,0.0,0,0.0,0.0,,0,0.0
prebreak,002038,2017-08-15,S,S,A,C,S,S,A,15.9555,16.15,15.43,0.72,,0,0.0,0.0,,0,0.0,0,0.0,0.0,,0,0.0,0,0.0,0.0,,0,0.0
prebreak,000661,2017-08-16,S,S,A,C,S,S,A,59.3373,58.01,55.54,2.47,,0,0.0,0.0,,0,0.0,0,0.0,0.0,,0,0.0,0,0.0,0.0,,0,0.0
prebreak,600315,2017-08-16,S,S,A,C,S,S,A,28.3618,28.85,27.75,1.1,,1,28.85,29.2218,2017-08-22,0,0.3179,1,28.85,29.2218,2017-08-22,0,0.3179,1,28.85,29.2218,2017-08-22,0,0.3179
prebreak,603989,2017-08-16,S,S,A,C,S,S,A,24.8677,24.99,24.06,0.93,,0,0.0,0.0,,0,0.0,0,0.0,0.0,,0,0.0,0,0.0,0.0,,0,0.0
prebreak,002262,2017-08-17,S,S,A,C,S,S,A,12.7763,13.25,12.56,0.69,,0,0.0,0.0,,0,0.0,0,0.0,0.0,,0,0.0,0,0.0,0.0,,0,0.0
prebreak,002326,2017-08-17,S,S,A,C,S,S,A,12.3814,12.46,11.82,0.64,,0,0.0,0.0,,0,0.0,0,0.0,0.0,,0,0.0,1,12.46,12.7405,2017-09-14,0,0.4232
prebreak,002491,2017-08-17,S,S,A,C,S,S,A,12.638,12.43,11.88,0.55,,0,0.0,0.0,,0,0.0,0,0.0,0.0,,0,0.0,0,0.0,0.0,,0,0.0
prebreak,300476,2017-08-17,S,S,A,C,S,S,A,13.6407,12.4,11.81,0.59,,0,0.0,0.0,,0,0.0,0,0.0,0.0,,0,0.0,0,0.0,0.0,,0,0.0
prebreak,600566,2017-08-17,S,S,A,C,S,S,A,24.5316,25.4,24.14,1.26,,0,0.0,0.0,,0,0.0,0,0.0,0.0,,0,0.0,0,0.0,0.0,,0,0.0
prebreak,002048,2017-08-18,S,S,A,C,S,S,A,14.4087,14.48,13.89,0.59,,0,0.0,0.0,,0,0.0,0,0.0,0.0,,0,0.0,0,0.0,0.0,,0,0.0
prebreak,000756,2017-08-21,S,S,A,C,S,S,A,10.9959,10.68,10.17,0.51,,1,10.68,10.7277,2017-08-24,0,0.0775,1,10.68,10.7277,2017-08-24,0,0.0775,1,10.68,10.7277,2017-08-24,0,0.0775
prebreak,002311,2017-08-21,S,S,A,C,S,S,A,16.5294,16.94,16.12,0.82,,1,16.94,16.8179,2017-08-28,0,-0.1646,1,16.94,16.8539,2017-08-29,0,-0.1206,1,16.94,16.8539,2017-08-29,0,-0.1206
prebreak,601688,2017-08-21,S,S,A,C,S,S,A,15.956,16.3,15.66,0.64,,0,0.0,0.0,,0,0.0,0,0.0,0.0,,0,0.0,0,0.0,0.0,,0,0.0
prebreak,002673,2017-08-23,S,S,A,C,S,S,A,14.3489,13.55,13.02,0.53,,1,13.55,14.5475,2017-08-30,0,1.8614,1,13.55,14.3128,2017-09-06,0,1.419,1,13.55,14.3038,2017-09-20,0,1.4019
prebreak,601969,2017-08-23,S,S,A,C,S,S,A,10.6813,11.12,10.53,0.59,,0,0.0,0.0,,0,0.0,0,0.0,0.0,,0,0.0,0,0.0,0.0,,0,0.0
prebreak,603939,2017-08-23,S,S,A,C,S,S,A,10.3458,9.77,9.26,0.51,,0,0.0,0.0,,0,0.0,0,0.0,0.0,,0,0.0,0,0.0,0.0,,0,0.0
prebreak,603989,2017-08-23,S,S,A,C,S,S,A,23.5617,25.47,24.16,1.31,,0,0.0,0.0,,0,0.0,0,0.0,0.0,,0,0.0,0,0.0,0.0,,0,0.0
prebreak,300054,2017-08-25,S,S,A,C,S,S,A,9.5953,10.42,9.92,0.5,,0,0.0,0.0,,0,0.0,0,0.0,0.0,,0,0.0,1,10.42,10.3547,2017-09-22,0,-0.1465
prebreak,600038,2017-08-25,S,S,A,C,S,S,A,42.6968,43.93,41.96,1.97,,0,0.0,0.0,,0,0.0,0,0.0,0.0,,0,0.0,0,0.0,0.0,,0,0.0
prebreak,000756,2017-08-28,S,S,A,C,S,S,A,11.0096,10.68,10.17,0.51,,0,0.0,0.0,,0,0.0,0,0.0,0.0,,0,0.0,0,0.0,0.0,,0,0.0
prebreak,002311,2017-08-28,S,S,A,C,S,S,A,16.8179,16.97,16.13,0.84,,0,0.0,0.0,,0,0.0,0,0.0,0.0,,0,0.0,0,0.0,0.0,,0,0.0
prebreak,300050,2017-08-28,S,S,A,C,S,S,A,10.5168,10.49,9.94,0.55,,0,0.0,0.0,,0,0.0,0,0.0,0.0,,0,0.0,0,0.0,0.0,,0,0.0
prebreak,601688,2017-08-28,S,S,A,C,S,S,A,18.6385,16.3,15.66,0.64,,1,16.3,19.072,2017-09-04,0,4.3092,1,16.3,18.1069,2017-09-11,0,2.8022,1,16.3,18.1233,2017-09-25,0,2.8278
prebreak,603288,2017-08-28,S,S,A,C,S,S,A,17.3124,18.08,17.18,0.9,,0,0.0,0.0,,0,0.0,0,0.0,0.0,,0,0.0,1,18.08,19.2818,2017-09-25,0,1.3192
prebreak,000333,2017-08-29,S,S,A,C,S,S,A,30.1431,29.5,27.99,1.51,,0,0.0,0.0,,0,0.0,0,0.0,0.0,,0,0.0,0,0.0,0.0,,0,0.0
prebreak,000701,2017-08-29,S,S,A,C,S,S,A,14.1952,13.92,13.24,0.68,,1,13.92,13.3707,2017-09-01,0,-0.8229,1,13.92,13.3707,2017-09-01,0,-0.8229,1,13.92,13.3707,2017-09-01,0,-0.8229
prebreak,000869,2017-08-29,S,S,A,C,S,S,A,30.4241,31.25,30.08,1.17,,0,0.0,0.0,,0,0.0,0,0.0,0.0,,0,0.0,0,0.0,0.0,,0,0.0
prebreak,300003,2017-08-29,S,S,A,C,S,S,A,19.6838,19.63,18.78,0.85,,0,0.0,0.0,,0,0.0,0,0.0,0.0,,0,0.0,0,0.0,0.0,,0,0.0
prebreak,600668,2017-08-29,S,S,A,C,S,S,A,13.2769,13.53,12.98,0.55,,0,0.0,0.0,,0,0.0,0,0.0,0.0,,0,0.0,1,13.53,13.1639,2017-09-18,0,-0.6839
prebreak,000028,2017-08-30,S,S,A,C,S,S,A,42.2575,47.09,45.36,1.73,,0,0.0,0.0,,0,0.0,0,0.0,0.0,,0,0.0,0,0.0,0.0,,0,0.0
prebreak,002304,2017-08-30,S,S,A,C,S,S,A,68.5277,67.17,64.59,2.58,,0,0.0,0.0,,0,0.0,0,0.0,0.0,,0,0.0,0,0.0,0.0,,0,0.0
prebreak,002673,2017-08-30,S,S,A,C,S,S,A,14.5475,13.55,13.02,0.53,,0,0.0,0.0,,0,0.0,0,0.0,0.0,,0,0.0,0,0.0,0.0,,0,0.0
prebreak,002326,2017-08-31,S,S,A,C,S,S,A,12.0564,12.12,11.57,0.55,,0,0.0,0.0,,0,0.0,0,0.0,0.0,,0,0.0,0,0.0,0.0,,0,0.0
prebreak,002491,2017-08-31,S,S,A,C,S,S,A,12.6973,12.94,12.25,0.69,,1,12.94,13.083,2017-09-07,0,0.1929,1,12.94,13.1522,2017-09-14,0,0.2931,1,12.94,14.0324,2017-09-28,0,1.5679
prebreak,300476,2017-08-31,S,S,A,C,S,S,A,13.4734,12.56,11.95,0.61,,0,0.0,0.0,,0,0.0,0,0.0,0.0,,0,0.0,0,0.0,0.0,,0,0.0
prebreak,002410,2017-09-01,S,S,A,C,S,S,A,12.9085,12.13,11.51,0.62,,1,12.13,13.3595,2017-09-08,0,1.967,1,12.13,13.9167,2017-09-15,0,2.8651,1,12.13,13.5652,2017-09-29,0,2.2984
prebreak,300307,2017-09-01,S,S,A,C,S,S,A,10.1261,10.13,9.61,0.52,,1,10.13,9.9387,2017-09-08,0,-0.3824,1,10.13,9.9574,2017-09-15,0,-0.3464,1,10.13,9.61,2017-09-25,1,-1.0142
prebreak,600584,2017-09-01,S,S,A,C,S,S,A,16.4583,15.22,14.42,0.8,,1,15.22,16.9653,2017-09-08,0,2.1658,1,15.22,16.5461,2017-09-15,0,1.6421,1,15.22,18.8276,2017-10-18,0,4.4922
prebreak,002138,2017-09-04,S,S,A,C,S,S,A,18.7333,18.09,17.34,0.75,,0,0.0,0.0,,0,0.0,0,0.0,0.0,,0,0.0,0,0.0,0.0,,0,0.0
prebreak,002311,2017-09-04,S,S,A,C,S,S,A,16.6827,17.17,16.55,0.62,,1,17.17,16.7818,2017-09-07,0,-0.6468,1,17.17,16.7818,2017-09-07,0,-0.6468,1,17.17,16.7818,2017-09-07,0,-0.6468
prebreak,000869,2017-09-05,S,S,A,C,S,S,A,31.0276,31.42,30.35,1.07,,0,0.0,0.0,,0,0.0,0,0.0,0.0,,0,0.0,0,0.0,0.0,,0,0.0
prebreak,002537,2017-09-05,S,S,A,C,S,S,A,11.623,12.12,11.48,0.64,,0,0.0,0.0,,0,0.0,0,0.0,0.0,,0,0.0,0,0.0,0.0,,0,0.0
prebreak,300003,2017-09-05,S,S,A,C,S,S,A,20.77,19.63,18.78,0.85,,0,0.0,0.0,,0,0.0,0,0.0,0.0,,0,0.0,0,0.0,0.0,,0,0.0
prebreak,002117,2017-09-06,S,S,A,C,S,S,A,11.1704,11.1,10.55,0.55,,0,0.0,0.0,,0,0.0,0,0.0,0.0,,0,0.0,0,0.0,0.0,,0,0.0
prebreak,002673,2017-09-06,S,S,A,C,S,S,A,14.3128,14.8,14.13,0.67,,0,0.0,0.0,,0,0.0,0,0.0,0.0,,0,0.0,0,0.0,0.0,,0,0.0
prebreak,600276,2017-09-06,S,S,A,C,S,S,A,24.8873,24.2,23.11,1.09,,0,0.0,0.0,,0,0.0,0,0.0,0.0,,0,0.0,0,0.0,0.0,,0,0.0
prebreak,600643,2017-09-06,S,S,A,C,S,S,A,12.3888,12.42,11.87,0.55,,0,0.0,0.0,,0,0.0,0,0.0,0.0,,0,0.0,0,0.0,0.0,,0,0.0
prebreak,600859,2017-09-06,S,S,A,C,S,S,A,15.0024,15.08,14.38,0.7,,0,0.0,0.0,,0,0.0,0,0.0,0.0,,0,0.0,0,0.0,0.0,,0,0.0
prebreak,603989,2017-09-06,S,S,A,C,S,S,A,25.0241,24.65,23.35,1.3,,0,0.0,0.0,,0,0.0,0,0.0,0.0,,0,0.0,0,0.0,0.0,,0,0.0
prebreak,002126,2017-09-07,S,S,A,C,S,S,A,9.8761,10.04,9.52,0.52,,1,10.04,9.9237,2017-09-14,0,-0.2382,1,10.04,9.638,2017-09-21,0,-0.7873,1,10.04,9.52,2017-09-25,1,-1.014
prebreak,002221,2017-09-07,S,S,A,C,S,S,A,11.2411,11.1,10.55,0.55,,0,0.0,0.0,,0,0.0,0,0.0,0.0,,0,0.0,0,0.0,0.0,,0,0.0
prebreak,300001,2017-09-07,S,S,A,C,S,S,A,15.6304,16.0,15.35,0.65,,1,16.0,16.9735,2017-09-14,0,1.478,1,16.0,17.2362,2017-09-21,0,1.882,1,16.0,16.117,2017-10-12,0,0.1612
prebreak,002410,2017-09-08,S,S,A,C,S,S,A,13.3595,12.13,11.51,0.62,,0,0.0,0.0,,0,0.0,0,0.0,0.0,,0,0.0,0,0.0,0.0,,0,0.0
prebreak,300054,2017-09-08,S,S,A,C,S,S,A,9.9405,10.01,9.48,0.53,,0,0.0,0.0,,0,0.0,0,0.0,0.0,,0,0.0,0,0.0,0.0,,0,0.0
prebreak,300307,2017-09-08,S,S,A,C,S,S,A,9.9387,10.13,9.61,0.52,,0,0.0,0.0,,0,0.0,0,0.0,0.0,,0,0.0,0,0.0,0.0,,0,0.0
prebreak,600056,2017-09-08,S,S,A,C,S,S,A,14.3613,14.73,14.2,0.53,,0,0.0,0.0,,0,0.0,0,0.0,0.0,,0,0.0,0,0.0,0.0,,0,0.0
prebreak,600062,2017-09-08,S,S,A,C,S,S,A,14.6738,14.99,14.46,0.53,,0,0.0,0.0,,0,0.0,0,0.0,0.0,,0,0.0,1,14.99,15.05,2017-10-13,0,0.0917
prebreak,600486,2017-09-08,S,S,A,C,S,S,A,27.2987,28.88,27.63,1.25,,0,0.0,0.0,,0,0.0,0,0.0,0.0,,0,0.0,0,0.0,0.0,,0,0.0
prebreak,600584,2017-09-08,S,S,A,C,S,S,A,16.9653,15.22,14.42,0.8,,0,0.0,0.0,,0,0.0,0,0.0,0.0,,0,0.0,0,0.0,0.0,,0,0.0
prebreak,000963,2017-09-11,S,S,A,C,S,S,A,22.8613,23.76,22.59,1.17,,0,0.0,0.0,,0,0.0,1,23.76,23.7728,2017-09-25,0,-0.0045,1,23.76,23.7434,2017-09-27,0,-0.0296
prebreak,002311,2017-09-11,S,S,A,C,S,S,A,17.4487,17.36,16.6,0.76,,0,0.0,0.0,,0,0.0,0,0.0,0.0,,0,0.0,0,0.0,0.0,,0,0.0
prebreak,300050,2017-09-11,S,S,A,C,S,S,A,10.6963,11.06,10.5,0.56,,0,0.0,0.0,,0,0.0,1,11.06,10.8558,2017-09-25,0,-0.3795,1,11.06,10.5,2017-09-26,1,-1.0144
prebreak,000869,2017-09-12,S,S,A,C,S,S,A,30.4069,31.6,30.12,1.48,,0,0.0,0.0,,0,0.0,1,31.6,32.0363,2017-09-26,0,0.2784,1,31.6,32.9242,2017-10-17,0,0.878
prebreak,300003,2017-09-12,S,S,A,C,S,S,A,18.9509,20.92,20.01,0.91,,0,0.0,0.0,,0,0.0,0,0.0,0.0,,0,0.0,0,0.0,0.0,,0,0.0
prebreak,300207,2017-09-12,S,S,A,C,S,S,A,12.1877,11.78,11.24,0.54,,0,0.0,0.0,,0,0.0,0,0.0,0.0,,0,0.0,0,0.0,0.0,,0,0.0
prebreak,601628,2017-09-12,S,S,A,C,S,S,A,24.0729,25.25,24.35,0.9,,0,0.0,0.0,,0,0.0,0,0.0,0.0,,0,0.0,0,0.0,0.0,,0,0.0
prebreak,002117,2017-09-13,S,S,A,C,S,S,A,10.6717,11.26,10.73,0.53,,1,11.26,10.9482,2017-09-19,0,-0.6041,1,11.26,10.9482,2017-09-19,0,-0.6041,1,11.26,10.9482,2017-09-19,0,-0.6041
prebreak,300357,2017-09-13,S,S,A,C,S,S,A,12.0185,12.37,11.83,0.54,,0,0.0,0.0,,0,0.0,0,0.0,0.0,,0,0.0,0,0.0,0.0,,0,0.0
prebreak,600875,2017-09-13,S,S,A,C,S,S,A,9.4002,9.67,9.16,0.51,,0,0.0,0.0,,0,0.0,0,0.0,0.0,,0,0.0,0,0.0,0.0,,0,0.0
prebreak,603788,2017-09-13,S,S,A,C,S,S,A,19.0903,20.4,19.38,1.02,,0,0.0,0.0,,0,0.0,0,0.0,0.0,,0,0.0,0,0.0,0.0,,0,0.0
prebreak,603989,2017-09-13,S,S,A,C,S,S,A,25.6091,25.75,24.49,1.26,,0,0.0,0.0,,0,0.0,0,0.0,0.0,,0,0.0,0,0.0,0.0,,0,0.0
prebreak,300335,2017-09-15,S,S,A,C,S,S,A,16.2415,16.23,15.39,0.84,,0,0.0,0.0,,0,0.0,0,0.0,0.0,,0,0.0,0,0.0,0.0,,0,0.0
prebreak,600062,2017-09-15,S,S,A,C,S,S,A,14.5848,14.72,14.16,0.56,,0,0.0,0.0,,0,0.0,0,0.0,0.0,,0,0.0,1,14.72,15.2895,2017-10-20,0,0.9963
prebreak,600372,2017-09-15,S,S,A,C,S,S,A,15.7376,16.42,15.68,0.74,,0,0.0,0.0,,0,0.0,0,0.0,0.0,,0,0.0,0,0.0,0.0,,0,0.0
prebreak,002311,2017-09-18,S,S,A,C,S,S,A,17.3316,17.65,16.82,0.83,,0,0.0,0.0,,0,0.0,0,0.0,0.0,,0,0.0,1,17.65,17.9354,2017-10-23,0,0.3275
prebreak,300347,2017-09-18,S,S,A,C,S,S,A,17.9732,17.34,16.47,0.87,,1,17.34,18.4685,2017-09-25,0,1.2812,1,17.34,18.9258,2017-10-09,0,1.8065,1,17.34,20.323,2017-10-23,0,3.4114
prebreak,600897,2017-09-18,S,S,A,C,S,S,A,14.3513,14.76,14.17,0.59,,0,0.0,0.0,,0,0.0,0,0.0,0.0,,0,0.0,0,0.0,0.0,,0,0.0
prebreak,002583,2017-09-19,S,S,A,C,S,S,A,15.6702,16.26,15.46,0.8,,0,0.0,0.0,,0,0.0,0,0.0,0.0,,0,0.0,0,0.0,0.0,,0,0.0
prebreak,300207,2017-09-19,S,S,A,C,S,S,A,11.6354,11.78,11.24,0.54,,0,0.0,0.0,,0,0.0,0,0.0,0.0,,0,0.0,0,0.0,0.0,,0,0.0
prebreak,300339,2017-09-19,S,S,A,C,S,S,A,11.8245,12.84,12.19,0.65,,0,0.0,0.0,,0,0.0,0,0.0,0.0,,0,0.0,0,0.0,0.0,,0,0.0
prebreak,601069,2017-09-19,S,S,A,C,S,S,A,21.6357,21.3,20.27,1.03,,0,0.0,0.0,,0,0.0,0,0.0,0.0,,0,0.0,0,0.0,0.0,,0,0.0
prebreak,002759,2017-09-20,S,S,A,C,S,S,A,26.4857,26.75,25.45,1.3,,0,0.0,0.0,,0,0.0,0,0.0,0.0,,0,0.0,0,0.0,0.0,,0,0.0
prebreak,000938,2017-09-22,S,S,A,C,S,S,A,20.9037,21.01,20.05,0.96,,0,0.0,0.0,,0,0.0,0,0.0,0.0,,0,0.0,0,0.0,0.0,,0,0.0
prebreak,300335,2017-09-22,S,S,A,C,S,S,A,15.8851,16.54,15.73,0.81,,0,0.0,0.0,,0,0.0,1,16.54,17.0618,2017-10-13,0,0.6283,1,16.54,17.3187,2017-10-27,0,0.9452
prebreak,000988,2017-09-26,S,S,A,C,S,S,A,15.9858,16.91,16.09,0.82,,1,16.91,17.4842,2017-10-10,0,0.6841,1,16.91,16.8323,2017-10-17,0,-0.1104,1,16.91,17.5134,2017-10-31,0,0.7197
prebreak,002583,2017-09-26,S,S,A,C,S,S,A,15.9673,16.08,15.4,0.68,,0,0.0,0.0,,0,0.0,0,0.0,0.0,,0,0.0,0,0.0,0.0,,0,0.0
prebreak,300207,2017-09-26,S,S,A,C,S,S,A,11.5043,11.96,11.36,0.6,,0,0.0,0.0,,0,0.0,0,0.0,0.0,,0,0.0,0,0.0,0.0,,0,0.0
prebreak,300339,2017-09-26,S,S,A,C,S,S,A,11.498,12.13,11.54,0.59,,0,0.0,0.0,,0,0.0,0,0.0,0.0,,0,0.0,0,0.0,0.0,,0,0.0
prebreak,601069,2017-09-26,S,S,A,C,S,S,A,20.9308,21.57,20.55,1.02,,0,0.0,0.0,,0,0.0,0,0.0,0.0,,0,0.0,0,0.0,0.0,,0,0.0
prebreak,000938,2017-09-29,S,S,A,C,S,S,A,21.7122,21.01,20.05,0.96,,1,21.01,22.0793,2017-10-13,0,1.0965,1,21.01,21.3874,2017-10-20,0,0.3762,1,21.01,22.5912,2017-11-03,0,1.6294
prebreak,300335,2017-09-29,S,S,A,C,S,S,A,15.7774,15.96,15.42,0.54,,0,0.0,0.0,,0,0.0,0,0.0,0.0,,0,0.0,0,0.0,0.0,,0,0.0
prebreak,600486,2017-09-29,S,S,A,C,S,S,A,27.0487,27.48,26.31,1.17,,1,27.48,29.639,2017-10-13,0,1.8263,1,27.48,29.1668,2017-10-20,0,1.423,1,27.48,31.646,2017-11-03,0,3.5406
prebreak,002311,2017-10-09,S,S,A,C,S,S,A,16.7998,17.07,16.34,0.73,,0,0.0,0.0,,0,0.0,0,0.0,0.0,,0,0.0,0,0.0,0.0,,0,0.0
prebreak,002664,2017-10-09,S,S,A,C,S,S,A,28.9017,28.06,26.99,1.07,,0,0.0,0.0,,0,0.0,0,0.0,0.0,,0,0.0,0,0.0,0.0,,0,0.0
prebreak,601888,2017-10-09,S,S,A,C,S,S,A,31.7958,31.69,30.14,1.55,,0,0.0,0.0,,0,0.0,0,0.0,0.0,,0,0.0,0,0.0,0.0,,0,0.0
prebreak,603898,2017-10-09,S,S,A,C,S,S,A,25.4142,25.64,24.44,1.2,,0,0.0,0.0,,0,0.0,0,0.0,0.0,,0,0.0,0,0.0,0.0,,0,0.0
prebreak,000988,2017-10-10,S,S,A,C,S,S,A,17.4842,16.91,16.09,0.82,,0,0.0,0.0,,0,0.0,0,0.0,0.0,,0,0.0,0,0.0,0.0,,0,0.0
prebreak,002583,2017-10-10,S,S,A,C,S,S,A,17.2154,16.08,15.4,0.68,,0,0.0,0.0,,0,0.0,0,0.0,0.0,,0,0.0,0,0.0,0.0,,0,0.0
prebreak,601069,2017-10-10,S,S,A,C,S,S,A,20.7057,20.83,20.09,0.74,,0,0.0,0.0,,0,0.0,0,0.0,0.0,,0,0.0,0,0.0,0.0,,0,0.0
prebreak,002179,2017-10-11,S,S,A,C,S,S,A,14.644,13.84,13.17,0.67,,1,13.84,14.7452,2017-10-18,0,1.3345,1,13.84,15.0955,2017-10-25,0,1.857,1,13.84,14.5155,2017-11-08,0,0.9919
prebreak,002427,2017-10-11,S,S,A,C,S,S,A,25.4693,24.67,23.39,1.28,,0,0.0,0.0,,0,0.0,0,0.0,0.0,,0,0.0,0,0.0,0.0,,0,0.0
prebreak,600161,2017-10-11,S,S,A,C,S,S,A,12.1523,11.99,11.45,0.54,,1,11.99,12.2235,2017-10-16,0,0.4152,1,11.99,12.2235,2017-10-16,0,0.4152,1,11.99,12.2235,2017-10-16,0,0.4152
prebreak,600486,2017-10-13,S,S,A,C,S,S,A,29.639,27.48,26.31,1.17,,0,0.0,0.0,,0,0.0,0,0.0,0.0,,0,0.0,0,0.0,0.0,,0,0.0
prebreak,000988,2017-10-17,S,S,A,C,S,S,A,16.8323,17.64,16.81,0.83,,0,0.0,0.0,,0,0.0,0,0.0,0.0,,0,0.0,1,17.64,17.3674,2017-11-03,0,-0.3444
prebreak,002583,2017-10-17,S,S,A,C,S,S,A,17.6512,17.44,16.79,0.65,,0,0.0,0.0,,0,0.0,0,0.0,0.0,,0,0.0,0,0.0,0.0,,0,0.0
prebreak,300207,2017-10-17,S,S,A,C,S,S,A,11.0082,11.85,11.33,0.52,,0,0.0,0.0,,0,0.0,0,0.0,0.0,,0,0.0,1,11.85,11.33,2017-11-08,1,-1.0167
prebreak,000538,2017-10-20,S,S,A,C,S,S,A,53.5427,50.67,48.7,1.97,,0,0.0,0.0,,0,0.0,0,0.0,0.0,,0,0.0,0,0.0,0.0,,0,0.0
prebreak,600486,2017-10-20,S,S,A,C,S,S,A,29.1668,27.48,26.31,1.17,,0,0.0,0.0,,0,0.0,0,0.0,0.0,,0,0.0,0,0.0,0.0,,0,0.0
prebreak,600585,2017-10-20,S,S,A,C,S,S,A,17.5607,16.75,15.99,0.76,,0,0.0,0.0,,0,0.0,0,0.0,0.0,,0,0.0,0,0.0,0.0,,0,0.0
prebreak,600754,2017-10-20,S,S,A,C,S,S,A,25.6791,28.36,27.01,1.35,,0,0.0,0.0,,0,0.0,0,0.0,0.0,,0,0.0,1,28.36,28.9054,2017-11-17,0,0.3878
prebreak,601877,2017-10-20,S,S,A,C,S,S,A,18.8106,16.9,16.04,0.86,,1,16.9,20.398,2017-10-27,0,4.0499,1,16.9,19.9316,2017-11-03,0,3.5079,1,16.9,21.9607,2017-11-17,0,5.8659
prebreak,600132,2017-10-23,S,S,A,C,S,S,A,16.5408,17.13,16.25,0.88,,0,0.0,0.0,,0,0.0,1,17.13,16.25,2017-11-06,1,-1.0142,1,17.13,16.25,2017-11-06,1,-1.0142
prebreak,601689,2017-10-23,S,S,A,C,S,S,A,13.0176,13.09,12.42,0.67,,0,0.0,0.0,,0,0.0,0,0.0,0.0,,0,0.0,0,0.0,0.0,,0,0.0
prebreak,002589,2017-10-25,S,S,A,C,S,S,A,14.4124,14.32,13.67,0.65,,1,14.32,14.7238,2017-10-30,0,0.6041,1,14.32,14.7238,2017-10-30,0,0.6041,1,14.32,14.7238,2017-10-30,0,0.6041
prebreak,002733,2017-10-25,S,S,A,C,S,S,A,17.997,17.65,16.83,0.82,,0,0.0,0.0,,0,0.0,0,0.0,0.0,,0,0.0,0,0.0,0.0,,0,0.0
prebreak,600699,2017-10-26,S,S,A,C,S,S,A,26.1661,25.88,24.64,1.24,,1,25.88,26.119,2017-11-02,0,0.1767,1,25.88,28.0437,2017-11-09,0,1.728,1,25.88,24.9816,2017-11-23,0,-0.7399
prebreak,000988,2017-10-31,S,S,A,C,S,S,A,17.5134,17.05,16.17,0.88,,1,17.05,17.8636,2017-11-07,0,0.9093,1,17.05,19.0506,2017-11-14,0,2.2573,1,17.05,16.9199,2017-11-28,0,-0.1625
prebreak,002275,2017-10-31,S,S,A,C,S,S,A,12.8069,13.38,12.78,0.6,,0,0.0,0.0,,0,0.0,0,0.0,0.0,,0,0.0,0,0.0,0.0,,0,0.0
prebreak,002444,2017-10-31,S,S,A,C,S,S,A,14.6678,14.93,14.23,0.7,,0,0.0,0.0,,0,0.0,0,0.0,0.0,,0,0.0,0,0.0,0.0,,0,0.0
prebreak,300183,2017-10-31,S,S,A,C,S,S,A,17.4088,19.02,18.06,0.96,,0,0.0,0.0,,0,0.0,0,0.0,0.0,,0,0.0,0,0.0,0.0,,0,0.0
prebreak,002589,2017-11-01,S,S,A,C,S,S,A,13.5463,14.32,13.67,0.65,,0,0.0,0.0,,0,0.0,0,0.0,0.0,,0,0.0,0,0.0,0.0,,0,0.0
prebreak,002626,2017-11-03,S,S,A,C,S,S,A,13.0053,12.47,11.86,0.61,,0,0.0,0.0,,0,0.0,0,0.0,0.0,,0,0.0,0,0.0,0.0,,0,0.0
prebreak,300463,2017-11-03,S,S,A,C,S,S,A,23.1013,24.28,23.04,1.24,,0,0.0,0.0,,0,0.0,0,0.0,0.0,,0,0.0,0,0.0,0.0,,0,0.0
prebreak,600323,2017-11-03,S,S,A,C,S,S,A,13.4556,12.77,12.23,0.54,,0,0.0,0.0,,0,0.0,0,0.0,0.0,,0,0.0,0,0.0,0.0,,0,0.0
prebreak,600585,2017-11-03,S,S,A,C,S,S,A,16.8248,16.75,15.99,0.76,,0,0.0,0.0,,0,0.0,0,0.0,0.0,,0,0.0,0,0.0,0.0,,0,0.0
prebreak,600754,2017-11-03,S,S,A,C,S,S,A,26.4506,26.62,25.36,1.26,,0,0.0,0.0,,0,0.0,0,0.0,0.0,,0,0.0,0,0.0,0.0,,0,0.0
prebreak,600132,2017-11-06,S,S,A,C,S,S,A,16.6191,16.51,15.74,0.77,,0,0.0,0.0,,0,0.0,0,0.0,0.0,,0,0.0,0,0.0,0.0,,0,0.0
prebreak,000988,2017-11-07,S,S,A,C,S,S,A,17.8636,18.1,17.17,0.93,,1,18.1,19.0506,2017-11-14,0,1.0068,1,18.1,18.5933,2017-11-21,0,0.5154,1,18.1,17.17,2017-11-24,1,-1.0142
prebreak,000999,2017-11-07,S,S,A,C,S,S,A,13.646,13.89,13.26,0.63,,0,0.0,0.0,,0,0.0,0,0.0,0.0,,0,0.0,0,0.0,0.0,,0,0.0
prebreak,002035,2017-11-07,S,S,A,C,S,S,A,15.1342,15.73,14.98,0.75,,1,15.73,15.674,2017-11-14,0,-0.0906,1,15.73,15.3522,2017-11-15,0,-0.5194,1,15.73,15.3522,2017-11-15,0,-0.5194
prebreak,300146,2017-11-07,S,S,A,C,S,S,A,10.5699,10.62,10.07,0.55,,1,10.62,11.3568,2017-11-14,0,1.3241,1,10.62,11.7812,2017-11-21,0,2.0952,1,10.62,10.6084,2017-12-05,0,-0.0357
prebreak,300144,2017-11-08,S,S,A,C,S,S,A,10.1235,9.98,9.47,0.51,,0,0.0,0.0,,0,0.0,0,0.0,0.0,,0,0.0,0,0.0,0.0,,0,0.0
prebreak,002468,2017-11-09,S,S,A,C,S,S,A,25.0863,26.12,24.78,1.34,,0,0.0,0.0,,0,0.0,0,0.0,0.0,,0,0.0,0,0.0,0.0,,0,0.0
prebreak,002597,2017-11-09,S,S,A,C,S,S,A,19.8515,18.77,17.87,0.9,,1,18.77,21.4297,2017-11-16,0,2.9375,1,18.77,20.4994,2017-11-23,0,1.9045,1,18.77,19.4861,2017-12-07,0,0.7793
prebreak,002424,2017-11-10,S,S,A,C,S,S,A,17.2192,17.81,17.0,0.81,,0,0.0,0.0,,0,0.0,0,0.0,0.0,,0,0.0,0,0.0,0.0,,0,0.0
prebreak,002626,2017-11-10,S,S,A,C,S,S,A,13.0454,12.47,11.86,0.61,,1,12.47,14.4655,2017-11-17,0,3.2537,1,12.47,15.5887,2017-11-24,0,5.0939,1,12.47,15.9257,2017-12-08,0,5.646
prebreak,300463,2017-11-10,S,S,A,C,S,S,A,24.0141,24.28,23.04,1.24,,1,24.28,24.0779,2017-11-15,0,-0.1777,1,24.28,24.0779,2017-11-15,0,-0.1777,1,24.28,24.0779,2017-11-15,0,-0.1777
prebreak,600323,2017-11-10,S,S,A,C,S,S,A,13.4982,13.94,13.29,0.65,,0,0.0,0.0,,0,0.0,0,0.0,0.0,,0,0.0,0,0.0,0.0,,0,0.0
prebreak,600585,2017-11-10,S,S,A,C,S,S,A,16.7245,17.36,16.5,0.86,,1,17.36,18.9589,2017-11-17,0,1.8427,1,17.36,19.2599,2017-11-24,0,2.1925,1,17.36,19.7082,2017-12-08,0,2.7133
prebreak,600597,2017-11-10,S,S,A,C,S,S,A,14.0496,13.08,12.48,0.6,,1,13.08,13.682,2017-11-17,0,0.9861,1,13.08,13.1619,2017-11-24,0,0.1199,1,13.08,12.48,2017-11-29,1,-1.0159
prebreak,600754,2017-11-10,S,S,A,C,S,S,A,29.2649,26.62,25.36,1.26,,1,26.62,28.9054,2017-11-17,0,1.7966,1,26.62,28.0813,2017-11-24,0,1.143,1,26.62,25.36,2017-12-01,1,-1.0154
prebreak,600867,2017-11-10,S,S,A,C,S,S,A,15.4705,14.78,14.08,0.7,,0,0.0,0.0,,0,0.0,0,0.0,0.0,,0,0.0,0,0.0,0.0,,0,0.0
prebreak,000963,2017-11-13,S,S,A,C,S,S,A,26.5466,26.79,25.48,1.31,,0,0.0,0.0,,0,0.0,0,0.0,0.0,,0,0.0,0,0.0,0.0,,0,0.0
prebreak,002690,2017-11-13,S,S,A,C,S,S,A,11.3603,11.09,10.52,0.57,,0,0.0,0.0,,0,0.0,0,0.0,0.0,,0,0.0,0,0.0,0.0,,0,0.0
prebreak,002007,2017-11-16,S,S,A,C,S,S,A,13.2786,13.17,12.49,0.68,,0,0.0,0.0,,0,0.0,0,0.0,0.0,,0,0.0,0,0.0,0.0,,0,0.0
prebreak,002468,2017-11-16,S,S,A,C,S,S,A,23.0893,26.12,24.78,1.34,,0,0.0,0.0,,0,0.0,0,0.0,0.0,,0,0.0,0,0.0,0.0,,0,0.0
prebreak,603188,2017-11-16,S,S,A,C,S,S,A,17.0398,17.79,16.96,0.83,,0,0.0,0.0,,0,0.0,0,0.0,0.0,,0,0.0,0,0.0,0.0,,0,0.0
prebreak,603313,2017-11-16,S,S,A,C,S,S,A,17.054,16.84,15.98,0.86,,1,16.84,17.0426,2017-11-23,0,0.2206,1,16.84,17.3446,2017-11-30,0,0.5715,1,16.84,15.98,2017-12-06,1,-1.0143
prebreak,000776,2017-11-20,S,S,A,C,S,S,A,13.9221,14.87,14.11,0.76,,0,0.0,0.0,,0,0.0,0,0.0,0.0,,0,0.0,0,0.0,0.0,,0,0.0
prebreak,000963,2017-11-20,S,S,A,C,S,S,A,25.9585,26.79,25.48,1.31,,0,0.0,0.0,,0,0.0,0,0.0,0.0,,0,0.0,0,0.0,0.0,,0,0.0
prebreak,002138,2017-11-20,S,S,A,C,S,S,A,17.2428,18.2,17.28,0.92,,0,0.0,0.0,,0,0.0,0,0.0,0.0,,0,0.0,0,0.0,0.0,,0,0.0
prebreak,002311,2017-11-20,S,S,A,C,S,S,A,20.0264,17.96,17.05,0.91,,1,17.96,17.8543,2017-11-27,0,-0.1311,1,17.96,18.5123,2017-12-04,0,0.5915,1,17.96,19.1612,2017-12-18,0,1.3041
prebreak,002321,2017-11-20,S,S,A,C,S,S,A,12.7045,13.18,12.51,0.67,,0,0.0,0.0,,0,0.0,1,13.18,13.8351,2017-12-14,0,0.9622,1,13.18,12.51,2017-12-25,1,-1.0143
prebreak,300024,2017-11-20,S,S,A,C,S,S,A,19.6554,21.37,20.59,0.78,,0,0.0,0.0,,0,0.0,0,0.0,0.0,,0,0.0,0,0.0,0.0,,0,0.0
prebreak,000049,2017-11-21,S,S,A,C,S,S,A,28.2679,29.03,27.69,1.34,,0,0.0,0.0,,0,0.0,0,0.0,0.0,,0,0.0,0,0.0,0.0,,0,0.0
prebreak,000915,2017-11-21,S,S,A,C,S,S,A,23.3775,25.7,24.38,1.32,,0,0.0,0.0,,0,0.0,0,0.0,0.0,,0,0.0,0,0.0,0.0,,0,0.0
prebreak,300183,2017-11-21,S,S,A,C,S,S,A,16.5393,18.57,17.77,0.8,,1,18.57,17.77,2017-11-24,1,-1.017,1,18.57,17.77,2017-11-24,1,-1.017,1,18.57,17.77,2017-11-24,1,-1.017
prebreak,603919,2017-11-21,S,S,A,C,S,S,A,13.8392,14.0,13.32,0.68,,0,0.0,0.0,,0,0.0,0,0.0,0.0,,0,0.0,0,0.0,0.0,,0,0.0
prebreak,002356,2017-11-22,S,S,A,C,S,S,A,15.443,15.91,15.37,0.54,,0,0.0,0.0,,0,0.0,0,0.0,0.0,,0,0.0,0,0.0,0.0,,0,0.0
prebreak,002589,2017-11-22,S,S,A,C,S,S,A,13.0597,14.28,13.69,0.59,,0,0.0,0.0,,0,0.0,0,0.0,0.0,,0,0.0,0,0.0,0.0,,0,0.0
prebreak,603939,2017-11-22,S,S,A,C,S,S,A,12.5566,11.7,11.18,0.52,,0,0.0,0.0,,0,0.0,0,0.0,0.0,,0,0.0,0,0.0,0.0,,0,0.0
prebreak,002223,2017-11-24,S,S,A,C,S,S,A,18.0989,19.82,18.81,1.01,,0,0.0,0.0,,0,0.0,0,0.0,0.0,,0,0.0,0,0.0,0.0,,0,0.0
prebreak,002424,2017-11-24,S,S,A,C,S,S,A,15.854,16.09,15.36,0.73,,0,0.0,0.0,,0,0.0,0,0.0,0.0,,0,0.0,0,0.0,0.0,,0,0.0
prebreak,002821,2017-11-24,S,S,A,C,S,S,A,38.7536,43.83,42.17,1.66,,0,0.0,0.0,,0,0.0,0,0.0,0.0,,0,0.0,0,0.0,0.0,,0,0.0
prebreak,300463,2017-11-24,S,S,A,C,S,S,A,21.504,24.65,23.54,1.11,,0,0.0,0.0,,0,0.0,0,0.0,0.0,,0,0.0,0,0.0,0.0,,0,0.0
prebreak,600062,2017-11-24,S,S,A,C,S,S,A,16.2951,15.74,14.99,0.75,,0,0.0,0.0,,0,0.0,0,0.0,0.0,,0,0.0,0,0.0,0.0,,0,0.0
prebreak,600323,2017-11-24,S,S,A,C,S,S,A,12.9607,13.35,12.73,0.62,,0,0.0,0.0,,0,0.0,0,0.0,0.0,,0,0.0,1,13.35,13.2508,2017-12-22,0,-0.1763
prebreak,600754,2017-11-24,S,S,A,C,S,S,A,28.0813,26.62,25.36,1.26,,0,0.0,0.0,,0,0.0,0,0.0,0.0,,0,0.0,0,0.0,0.0,,0,0.0
prebreak,000049,2017-11-28,S,S,A,C,S,S,A,24.9834,29.16,27.85,1.31,,0,0.0,0.0,,0,0.0,0,0.0,0.0,,0,0.0,0,0.0,0.0,,0,0.0
prebreak,002153,2017-11-28,S,S,A,C,S,S,A,11.6703,9.46,8.96,0.5,,0,0.0,0.0,,0,0.0,0,0.0,0.0,,0,0.0,0,0.0,0.0,,0,0.0
prebreak,000028,2017-11-29,S,S,A,C,S,S,A,35.8298,38.04,36.38,1.66,,0,0.0,0.0,,0,0.0,0,0.0,0.0,,0,0.0,0,0.0,0.0,,0,0.0
prebreak,002589,2017-11-29,S,S,A,C,S,S,A,12.8456,14.28,13.69,0.59,,0,0.0,0.0,,0,0.0,0,0.0,0.0,,0,0.0,0,0.0,0.0,,0,0.0
prebreak,300144,2017-11-29,S,S,A,C,S,S,A,9.3266,10.78,10.26,0.52,,0,0.0,0.0,,0,0.0,0,0.0,0.0,,0,0.0,0,0.0,0.0,,0,0.0
prebreak,000423,2017-11-30,S,S,A,C,S,S,A,47.4854,50.71,48.74,1.97,,0,0.0,0.0,,0,0.0,0,0.0,0.0,,0,0.0,0,0.0,0.0,,0,0.0
prebreak,600771,2017-11-30,S,S,A,C,S,S,A,28.5643,28.82,27.8,1.02,,0,0.0,0.0,,0,0.0,0,0.0,0.0,,0,0.0,0,0.0,0.0,,0,0.0
prebreak,603900,2017-11-30,S,S,A,C,S,S,A,21.9541,22.44,21.27,1.17,,1,22.44,23.5093,2017-12-07,0,0.8988,1,22.44,24.4192,2017-12-14,0,1.676,1,22.44,24.0553,2017-12-28,0,1.3651
prebreak,600062,2017-12-01,S,S,A,C,S,S,A,15.522,15.74,14.99,0.75,,0,0.0,0.0,,0,0.0,0,0.0,0.0,,0,0.0,0,0.0,0.0,,0,0.0
prebreak,002589,2017-12-06,S,S,A,C,S,S,A,12.3007,14.28,13.69,0.59,,0,0.0,0.0,,0,0.0,0,0.0,0.0,,0,0.0,0,0.0,0.0,,0,0.0
prebreak,600262,2017-12-06,S,S,A,C,S,S,A,14.9722,14.88,14.2,0.68,,0,0.0,0.0,,0,0.0,0,0.0,0.0,,0,0.0,0,0.0,0.0,,0,0.0
prebreak,600850,2017-12-06,S,S,A,C,S,S,A,11.423,12.14,11.52,0.62,,0,0.0,0.0,,0,0.0,0,0.0,0.0,,0,0.0,0,0.0,0.0,,0,0.0
prebreak,603883,2017-12-06,S,S,A,C,S,S,A,21.2437,21.64,20.57,1.07,,1,21.64,20.57,2017-12-12,1,-1.0147,1,21.64,20.57,2017-12-12,1,-1.0147,1,21.64,20.57,2017-12-12,1,-1.0147
prebreak,002310,2017-12-07,S,S,A,C,S,S,A,20.2561,20.83,19.89,0.94,,0,0.0,0.0,,0,0.0,0,0.0,0.0,,0,0.0,0,0.0,0.0,,0,0.0
prebreak,300270,2017-12-08,S,S,A,C,S,S,A,13.252,12.16,11.57,0.59,,1,12.16,12.9024,2017-12-13,0,1.2419,1,12.16,12.9024,2017-12-13,0,1.2419,1,12.16,12.9024,2017-12-13,0,1.2419
prebreak,600729,2017-12-08,S,S,A,C,S,S,A,14.4851,16.09,15.44,0.65,,0,0.0,0.0,,0,0.0,0,0.0,0.0,,0,0.0,0,0.0,0.0,,0,0.0
prebreak,600990,2017-12-08,S,S,A,C,S,S,A,36.2995,38.57,36.56,2.01,,0,0.0,0.0,,0,0.0,0,0.0,0.0,,0,0.0,0,0.0,0.0,,0,0.0
prebreak,002311,2017-12-11,S,S,A,C,S,S,A,19.2964,18.94,18.08,0.86,,0,0.0,0.0,,0,0.0,0,0.0,0.0,,0,0.0,0,0.0,0.0,,0,0.0
prebreak,300024,2017-12-11,S,S,A,C,S,S,A,18.9673,19.22,18.31,0.91,,1,19.22,19.3363,2017-12-18,0,0.1117,1,19.22,18.708,2017-12-25,0,-0.5783,1,19.22,19.2565,2018-01-09,0,0.024
prebreak,300055,2017-12-11,S,S,A,C,S,S,A,20.5855,20.13,19.26,0.87,,1,20.13,21.1418,2017-12-18,0,1.1447,1,20.13,21.8641,2017-12-25,0,1.9744,1,20.13,20.6733,2018-01-09,0,0.6065
prebreak,300065,2017-12-11,S,S,A,C,S,S,A,12.5987,12.0,11.43,0.57,,0,0.0,0.0,,0,0.0,0,0.0,0.0,,0,0.0,0,0.0,0.0,,0,0.0
prebreak,600435,2017-12-11,S,S,A,C,S,S,A,13.0681,12.43,11.93,0.5,,1,12.43,12.7938,2017-12-18,0,0.7083,1,12.43,11.93,2017-12-25,1,-1.0183,1,12.43,11.93,2017-12-25,1,-1.0183
prebreak,000910,2017-12-13,S,S,A,C,S,S,A,19.5325,18.9,18.05,0.85,,0,0.0,0.0,,0,0.0,0,0.0,0.0,,0,0.0,0,0.0,0.0,,0,0.0
prebreak,002589,2017-12-13,S,S,A,C,S,S,A,13.1473,14.28,13.69,0.59,,0,0.0,0.0,,0,0.0,0,0.0,0.0,,0,0.0,0,0.0,0.0,,0,0.0
prebreak,002221,2017-12-14,S,S,A,C,S,S,A,11.51,11.43,10.85,0.58,,0,0.0,0.0,,0,0.0,0,0.0,0.0,,0,0.0,0,0.0,0.0,,0,0.0
prebreak,300036,2017-12-14,S,S,A,C,S,S,A,15.5989,15.6,15.0,0.6,,0,0.0,0.0,,0,0.0,0,0.0,0.0,,0,0.0,0,0.0,0.0,,0,0.0
prebreak,600521,2017-12-14,S,S,A,C,S,S,A,20.6356,17.31,16.51,0.8,,1,17.31,21.4766,2017-12-21,0,5.1885,1,17.31,20.4731,2017-12-28,0,3.9349,1,17.31,20.4943,2018-01-12,0,3.9614
prebreak,001979,2017-12-15,S,S,A,C,S,S,A,13.8188,14.31,13.75,0.56,,0,0.0,0.0,,0,0.0,0,0.0,0.0,,0,0.0,0,0.0,0.0,,0,0.0
prebreak,600062,2017-12-15,S,S,A,C,S,S,A,15.8709,16.41,15.78,0.63,,1,16.41,16.5892,2017-12-22,0,0.2645,1,16.41,16.9313,2017-12-29,0,0.8071,1,16.41,16.3772,2018-01-15,0,-0.0719
prebreak,600729,2017-12-15,S,S,A,C,S,S,A,15.1946,15.2,14.55,0.65,,0,0.0,0.0,,0,0.0,0,0.0,0.0,,0,0.0,0,0.0,0.0,,0,0.0
prebreak,600990,2017-12-15,S,S,A,C,S,S,A,36.7023,36.87,35.5,1.37,,0,0.0,0.0,,0,0.0,0,0.0,0.0,,0,0.0,0,0.0,0.0,,0,0.0
prebreak,603858,2017-12-15,S,S,A,C,S,S,A,22.8409,23.67,22.61,1.06,,0,0.0,0.0,,0,0.0,0,0.0,0.0,,0,0.0,0,0.0,0.0,,0,0.0
prebreak,002311,2017-12-18,S,S,A,C,S,S,A,19.1612,19.87,19.11,0.76,,1,19.87,20.8285,2017-12-25,0,1.2406,1,19.87,20.5852,2018-01-02,0,0.9206,1,19.87,20.0895,2018-01-16,0,0.2688
prebreak,300055,2017-12-18,S,S,A,C,S,S,A,21.1418,22.05,20.95,1.1,,0,0.0,0.0,,0,0.0,0,0.0,0.0,,0,0.0,0,0.0,0.0,,0,0.0
prebreak,000998,2017-12-19,S,S,A,C,S,S,A,25.1482,25.9,24.6,1.3,,0,0.0,0.0,,0,0.0,0,0.0,0.0,,0,0.0,0,0.0,0.0,,0,0.0
prebreak,300349,2017-12-19,S,S,A,C,S,S,A,15.5023,15.16,14.66,0.5,,0,0.0,0.0,,0,0.0,0,0.0,0.0,,0,0.0,0,0.0,0.0,,0,0.0
prebreak,300036,2017-12-21,S,S,A,C,S,S,A,15.2583,15.91,15.35,0.56,,0,0.0,0.0,,0,0.0,0,0.0,0.0,,0,0.0,0,0.0,0.0,,0,0.0
prebreak,300124,2017-12-21,S,S,A,C,S,S,A,17.6558,17.9,16.99,0.91,,0,0.0,0.0,,0,0.0,0,0.0,0.0,,0,0.0,0,0.0,0.0,,0,0.0
prebreak,002410,2017-12-22,S,S,A,C,S,S,A,13.3927,13.4,12.69,0.71,,1,13.4,13.1672,2017-12-27,0,-0.3421,1,13.4,13.1672,2017-12-27,0,-0.3421,1,13.4,13.1672,2017-12-27,0,-0.3421
prebreak,300270,2017-12-22,S,S,A,C,S,S,A,13.1022,13.18,12.52,0.66,,0,0.0,0.0,,0,0.0,0,0.0,0.0,,0,0.0,0,0.0,0.0,,0,0.0
prebreak,300463,2017-12-22,S,S,A,C,S,S,A,21.504,22.25,21.33,0.92,,1,22.25,21.7687,2017-12-28,0,-0.5412,1,22.25,21.7687,2017-12-28,0,-0.5412,1,22.25,21.7687,2017-12-28,0,-0.5412
prebreak,600062,2017-12-22,S,S,A,C,S,S,A,16.5892,16.41,15.78,0.63,,0,0.0,0.0,,0,0.0,0,0.0,0.0,,0,0.0,0,0.0,0.0,,0,0.0
prebreak,600729,2017-12-22,S,S,A,C,S,S,A,14.9377,15.43,14.77,0.66,,0,0.0,0.0,,0,0.0,0,0.0,0.0,,0,0.0,0,0.0,0.0,,0,0.0
prebreak,002025,2017-12-26,S,S,A,C,S,S,A,21.1498,20.65,19.81,0.84,,0,0.0,0.0,,0,0.0,0,0.0,0.0,,0,0.0,0,0.0,0.0,,0,0.0
prebreak,300349,2017-12-26,S,S,A,C,S,S,A,17.3243,15.16,14.66,0.5,,1,15.16,18.0584,2018-01-03,0,5.7702,1,15.16,18.3539,2018-01-10,0,6.3607,1,15.16,17.9152,2018-01-24,0,5.4839
prebreak,300357,2017-12-27,S,S,A,C,S,S,A,14.1658,14.4,13.75,0.65,,0,0.0,0.0,,0,0.0,0,0.0,0.0,,0,0.0,0,0.0,0.0,,0,0.0
prebreak,600875,2017-12-27,S,S,A,C,S,S,A,9.4692,9.51,9.01,0.5,,1,9.51,9.6244,2018-01-04,0,0.2142,1,9.51,9.6244,2018-01-11,0,0.2142,1,9.51,9.6934,2018-01-25,0,0.3521
prebreak,002614,2017-12-28,S,S,A,C,S,S,A,14.945,15.39,14.63,0.76,,1,15.39,15.5559,2018-01-05,0,0.2027,1,15.39,16.1749,2018-01-12,0,1.0167,1,15.39,16.4518,2018-01-26,0,1.3808
prebreak,300463,2017-12-29,S,S,A,C,S,S,A,21.8783,22.25,21.27,0.98,,0,0.0,0.0,,0,0.0,0,0.0,0.0,,0,0.0,0,0.0,0.0,,0,0.0
prebreak,600062,2017-12-29,S,S,A,C,S,S,A,16.9313,16.7,15.98,0.72,,0,0.0,0.0,,0,0.0,0,0.0,0.0,,0,0.0,0,0.0,0.0,,0,0.0
prebreak,600436,2017-12-29,S,S,A,C,S,S,A,59.1317,60.77,57.9,2.87,,1,60.77,64.6332,2018-01-08,0,1.3291,1,60.77,68.2447,2018-01-15,0,2.5867,1,60.77,68.6845,2018-01-29,0,2.7398
prebreak,600729,2017-12-29,S,S,A,C,S,S,A,15.3292,15.43,14.77,0.66,,0,0.0,0.0,,0,0.0,0,0.0,0.0,,0,0.0,0,0.0,0.0,,0,0.0
prebreak,002241,2018-01-02,S,S,A,C,S,S,A,16.122,16.58,15.73,0.85,,0,0.0,0.0,,0,0.0,0,0.0,0.0,,0,0.0,0,0.0,0.0,,0,0.0
prebreak,002617,2018-01-02,S,S,A,C,S,S,A,10.8223,11.0,10.49,0.51,,0,0.0,0.0,,0,0.0,0,0.0,0.0,,0,0.0,1,11.0,11.0353,2018-01-29,0,0.0528
prebreak,002690,2018-01-02,S,S,A,C,S,S,A,11.3308,11.58,11.01,0.57,,0,0.0,0.0,,0,0.0,0,0.0,0.0,,0,0.0,0,0.0,0.0,,0,0.0
prebreak,300055,2018-01-02,S,S,A,C,S,S,A,21.3468,22.27,21.12,1.15,,0,0.0,0.0,,0,0.0,0,0.0,0.0,,0,0.0,0,0.0,0.0,,0,0.0
prebreak,300199,2018-01-02,S,S,A,C,S,S,A,16.405,16.46,15.85,0.61,,0,0.0,0.0,,0,0.0,0,0.0,0.0,,0,0.0,0,0.0,0.0,,0,0.0
prebreak,002508,2018-01-03,S,S,A,C,S,S,A,38.003,38.43,36.52,1.91,,1,38.43,39.5446,2018-01-10,0,0.5679,1,38.43,39.8054,2018-01-17,0,0.7043,1,38.43,41.0402,2018-01-31,0,1.3504
prebreak,002672,2018-01-03,S,S,A,C,S,S,A,15.772,15.88,15.05,0.83,,1,15.88,15.6781,2018-01-08,0,-0.2576,1,15.88,15.6781,2018-01-08,0,-0.2576,1,15.88,15.6781,2018-01-08,0,-0.2576
prebreak,600562,2018-01-03,S,S,A,C,S,S,A,17.7637,19.01,18.23,0.78,,0,0.0,0.0,,0,0.0,0,0.0,0.0,,0,0.0,0,0.0,0.0,,0,0.0
prebreak,300357,2018-01-04,S,S,A,C,S,S,A,14.4077,14.69,13.97,0.72,,0,0.0,0.0,,0,0.0,0,0.0,0.0,,0,0.0,1,14.69,13.97,2018-01-30,1,-1.0149
prebreak,600827,2018-01-04,S,S,A,C,S,S,A,12.098,12.14,11.5,0.64,,0,0.0,0.0,,0,0.0,0,0.0,0.0,,0,0.0,0,0.0,0.0,,0,0.0
prebreak,002262,2018-01-05,S,S,A,C,S,S,A,13.5959,13.29,12.7,0.59,,1,13.29,13.9237,2018-01-12,0,1.0562,1,13.29,13.7962,2018-01-19,0,0.8403,1,13.29,12.7,2018-02-02,1,-1.0165
prebreak,002677,2018-01-08,S,S,A,C,S,S,A,12.3898,12.47,11.86,0.61,,0,0.0,0.0,,0,0.0,0,0.0,0.0,,0,0.0,0,0.0,0.0,,0,0.0
prebreak,600038,2018-01-08,S,S,A,C,S,S,A,43.7062,45.31,43.28,2.03,,0,0.0,0.0,,0,0.0,0,0.0,0.0,,0,0.0,0,0.0,0.0,,0,0.0
prebreak,600062,2018-01-08,S,S,A,C,S,S,A,16.7192,16.7,15.98,0.72,,1,16.7,17.1091,2018-01-11,0,0.5503,1,16.7,17.1091,2018-01-11,0,0.5503,1,16.7,17.1091,2018-01-11,0,0.5503
prebreak,600436,2018-01-08,S,S,A,C,S,S,A,64.6332,60.77,57.9,2.87,,1,60.77,68.2447,2018-01-15,0,2.5867,1,60.77,71.744,2018-01-22,0,3.8052,1,60.77,67.7582,2018-02-05,0,2.4173
prebreak,603885,2018-01-08,S,S,A,C,S,S,A,14.626,12.98,12.32,0.66,,0,0.0,0.0,,0,0.0,0,0.0,0.0,,0,0.0,0,0.0,0.0,,0,0.0
prebreak,000042,2018-01-09,S,S,A,C,S,S,A,18.2027,16.05,15.26,0.79,,1,16.05,16.5037,2018-01-19,0,0.5585,1,16.05,16.2937,2018-01-26,0,0.2928,1,16.05,15.26,2018-02-02,1,-1.0148
prebreak,002241,2018-01-09,S,S,A,C,S,S,A,15.7683,16.58,15.73,0.85,,0,0.0,0.0,,0,0.0,0,0.0,0.0,,0,0.0,0,0.0,0.0,,0,0.0
prebreak,002617,2018-01-09,S,S,A,C,S,S,A,10.6426,10.99,10.46,0.53,,0,0.0,0.0,,0,0.0,0,0.0,0.0,,0,0.0,1,10.99,10.46,2018-02-01,1,-1.0151
prebreak,002690,2018-01-09,S,S,A,C,S,S,A,10.9118,11.6,11.1,0.5,,0,0.0,0.0,,0,0.0,0,0.0,0.0,,0,0.0,0,0.0,0.0,,0,0.0
prebreak,300055,2018-01-09,S,S,A,C,S,S,A,20.6733,22.27,21.12,1.15,,0,0.0,0.0,,0,0.0,0,0.0,0.0,,0,0.0,0,0.0,0.0,,0,0.0
prebreak,300199,2018-01-09,S,S,A,C,S,S,A,16.5333,16.63,15.85,0.78,,0,0.0,0.0,,0,0.0,0,0.0,0.0,,0,0.0,0,0.0,0.0,,0,0.0
prebreak,300357,2018-01-11,S,S,A,C,S,S,A,14.0143,14.69,14.06,0.63,,0,0.0,0.0,,0,0.0,0,0.0,0.0,,0,0.0,1,14.69,14.06,2018-01-30,1,-1.0171
prebreak,600518,2018-01-11,S,S,A,C,S,S,A,13.7509,13.83,13.19,0.64,,0,0.0,0.0,,0,0.0,0,0.0,0.0,,0,0.0,0,0.0,0.0,,0,0.0
prebreak,002262,2018-01-12,S,S,A,C,S,S,A,13.9237,14.17,13.45,0.72,,1,14.17,13.7962,2018-01-19,0,-0.5338,1,14.17,13.7962,2018-01-19,0,-0.5338,1,14.17,13.7962,2018-01-19,0,-0.5338
prebreak,002614,2018-01-12,S,S,A,C,S,S,A,16.1749,16.07,15.36,0.71,,0,0.0,0.0,,0,0.0,0,0.0,0.0,,0,0.0,0,0.0,0.0,,0,0.0
prebreak,300124,2018-01-12,S,S,A,C,S,S,A,17.0194,18.44,17.46,0.98,,0,0.0,0.0,,0,0.0,0,0.0,0.0,,0,0.0,0,0.0,0.0,,0,0.0
prebreak,600660,2018-01-12,S,S,A,C,S,S,A,22.2762,22.96,21.8,1.16,,0,0.0,0.0,,0,0.0,0,0.0,0.0,,0,0.0,0,0.0,0.0,,0,0.0
prebreak,000733,2018-01-16,S,S,A,C,S,S,A,13.0391,14.03,13.5,0.53,,0,0.0,0.0,,0,0.0,0,0.0,0.0,,0,0.0,0,0.0,0.0,,0,0.0
prebreak,002051,2018-01-16,S,S,A,C,S,S,A,15.8032,16.85,16.16,0.69,,0,0.0,0.0,,0,0.0,0,0.0,0.0,,0,0.0,0,0.0,0.0,,0,0.0
prebreak,002690,2018-01-16,S,S,A,C,S,S,A,10.3039,11.6,11.1,0.5,,0,0.0,0.0,,0,0.0,0,0.0,0.0,,0,0.0,0,0.0,0.0,,0,0.0
prebreak,000895,2018-01-17,S,S,A,C,S,S,A,18.2886,17.93,17.11,0.82,,0,0.0,0.0,,0,0.0,0,0.0,0.0,,0,0.0,0,0.0,0.0,,0,0.0
prebreak,002508,2018-01-17,S,S,A,C,S,S,A,39.8054,38.47,36.74,1.73,,0,0.0,0.0,,0,0.0,0,0.0,0.0,,0,0.0,0,0.0,0.0,,0,0.0
prebreak,300003,2018-01-17,S,S,A,C,S,S,A,22.9954,22.61,21.6,1.01,,0,0.0,0.0,,0,0.0,0,0.0,0.0,,0,0.0,0,0.0,0.0,,0,0.0
prebreak,600201,2018-01-18,S,S,A,C,S,S,A,21.3479,22.38,21.26,1.12,,0,0.0,0.0,,0,0.0,0,0.0,0.0,,0,0.0,0,0.0,0.0,,0,0.0
prebreak,600518,2018-01-18,S,S,A,C,S,S,A,13.502,13.99,13.37,0.62,,0,0.0,0.0,,0,0.0,0,0.0,0.0,,0,0.0,0,0.0,0.0,,0,0.0
prebreak,603989,2018-01-18,S,S,A,C,S,S,A,25.7111,26.91,25.59,1.32,,0,0.0,0.0,,0,0.0,0,0.0,0.0,,0,0.0,0,0.0,0.0,,0,0.0
prebreak,002614,2018-01-19,S,S,A,C,S,S,A,16.4599,16.07,15.36,0.71,,0,0.0,0.0,,0,0.0,0,0.0,0.0,,0,0.0,0,0.0,0.0,,0,0.0
prebreak,600660,2018-01-19,S,S,A,C,S,S,A,21.5334,22.96,21.8,1.16,,0,0.0,0.0,,0,0.0,0,0.0,0.0,,0,0.0,0,0.0,0.0,,0,0.0
prebreak,601198,2018-01-19,S,S,A,C,S,S,A,13.5388,13.25,12.7,0.55,,1,13.25,13.8034,2018-01-26,0,0.9873,1,13.25,12.7,2018-02-01,1,-1.0177,1,13.25,12.7,2018-02-01,1,-1.0177
prebreak,000553,2018-01-22,S,S,A,C,S,S,A,17.5288,16.58,15.75,0.83,,0,0.0,0.0,,0,0.0,0,0.0,0.0,,0,0.0,0,0.0,0.0,,0,0.0
prebreak,000711,2018-01-22,S,S,A,C,S,S,A,11.3,10.63,10.07,0.56,,1,10.63,11.5417,2018-01-29,0,1.6125,1,10.63,10.5917,2018-02-05,0,-0.0828,1,10.63,10.07,2018-02-09,1,-1.0138
prebreak,002032,2018-01-22,S,S,A,C,S,S,A,31.7331,28.97,27.45,1.52,,1,28.97,32.0081,2018-01-25,0,1.983,1,28.97,32.0081,2018-01-25,0,1.983,1,28.97,32.0081,2018-01-25,0,1.983
prebreak,002572,2018-01-22,S,S,A,C,S,S,A,26.2148,27.88,26.71,1.17,,0,0.0,0.0,,0,0.0,0,0.0,0.0,,0,0.0,0,0.0,0.0,,0,0.0
prebreak,002727,2018-01-22,S,S,A,C,S,S,A,18.7357,17.89,17.18,0.71,,1,17.89,18.9274,2018-01-29,0,1.4411,1,17.89,18.788,2018-02-05,0,1.2449,1,17.89,20.2084,2018-02-26,0,3.2442
prebreak,600009,2018-01-22,S,S,A,C,S,S,A,42.2236,41.78,40.09,1.69,,1,41.78,42.9475,2018-01-29,0,0.6716,1,41.78,45.6928,2018-02-05,0,2.295,1,41.78,40.09,2018-02-09,1,-1.0182
prebreak,600038,2018-01-22,S,S,A,C,S,S,A,39.3007,44.75,42.49,2.26,,0,0.0,0.0,,0,0.0,0,0.0,0.0,,0,0.0,0,0.0,0.0,,0,0.0
prebreak,600062,2018-01-22,S,S,A,C,S,S,A,16.5619,16.7,15.98,0.72,,0,0.0,0.0,,0,0.0,0,0.0,0.0,,0,0.0,0,0.0,0.0,,0,0.0
prebreak,600315,2018-01-22,S,S,A,C,S,S,A,32.7647,32.49,30.77,1.72,,0,0.0,0.0,,0,0.0,0,0.0,0.0,,0,0.0,0,0.0,0.0,,0,0.0
prebreak,600597,2018-01-22,S,S,A,C,S,S,A,14.1571,14.0,13.26,0.74,,0,0.0,0.0,,0,0.0,0,0.0,0.0,,0,0.0,0,0.0,0.0,,0,0.0
prebreak,603885,2018-01-22,S,S,A,C,S,S,A,14.4397,14.26,13.54,0.72,,0,0.0,0.0,,0,0.0,0,0.0,0.0,,0,0.0,0,0.0,0.0,,0,0.0
prebreak,300055,2018-01-23,S,S,A,C,S,S,A,18.7114,19.03,18.05,0.98,,0,0.0,0.0,,0,0.0,0,0.0,0.0,,0,0.0,0,0.0,0.0,,0,0.0
prebreak,603108,2018-01-23,S,S,A,C,S,S,A,12.4749,12.49,11.91,0.58,,1,12.49,13.4323,2018-01-30,0,1.6073,1,12.49,11.91,2018-02-06,1,-1.0157,1,12.49,11.91,2018-02-06,1,-1.0157
prebreak,603658,2018-01-23,S,S,A,C,S,S,A,31.9973,34.06,32.41,1.65,,0,0.0,0.0,,0,0.0,0,0.0,0.0,,0,0.0,0,0.0,0.0,,0,0.0
prebreak,000895,2018-01-24,S,S,A,C,S,S,A,18.1111,18.89,18.0,0.89,,0,0.0,0.0,,0,0.0,0,0.0,0.0,,0,0.0,0,0.0,0.0,,0,0.0
prebreak,002672,2018-01-24,S,S,A,C,S,S,A,14.8801,15.1,14.44,0.66,,0,0.0,0.0,,0,0.0,0,0.0,0.0,,0,0.0,0,0.0,0.0,,0,0.0
prebreak,600201,2018-01-25,S,S,A,C,S,S,A,22.0777,22.38,21.26,1.12,,0,0.0,0.0,,0,0.0,0,0.0,0.0,,0,0.0,0,0.0,0.0,,0,0.0
prebreak,601336,2018-01-25,S,S,A,C,S,S,A,44.8765,49.45,47.19,2.26,,0,0.0,0.0,,0,0.0,0,0.0,0.0,,0,0.0,0,0.0,0.0,,0,0.0
prebreak,603393,2018-01-25,S,S,A,C,S,S,A,13.0235,13.43,12.81,0.62,,0,0.0,0.0,,0,0.0,0,0.0,0.0,,0,0.0,1,13.43,13.8375,2018-06-01,0,0.6404
prebreak,603989,2018-01-25,S,S,A,C,S,S,A,25.3982,26.1,24.84,1.26,,0,0.0,0.0,,0,0.0,0,0.0,0.0,,0,0.0,0,0.0,0.0,,0,0.0
prebreak,600660,2018-01-26,S,S,A,C,S,S,A,21.0862,22.23,21.22,1.01,,0,0.0,0.0,,0,0.0,0,0.0,0.0,,0,0.0,0,0.0,0.0,,0,0.0
prebreak,002311,2018-01-30,S,S,A,C,S,S,A,20.5491,20.46,19.38,1.08,,0,0.0,0.0,,0,0.0,0,0.0,0.0,,0,0.0,0,0.0,0.0,,0,0.0
prebreak,002690,2018-01-30,S,S,A,C,S,S,A,10.7111,10.78,10.24,0.54,,0,0.0,0.0,,0,0.0,0,0.0,0.0,,0,0.0,0,0.0,0.0,,0,0.0
prebreak,002695,2018-01-30,S,S,A,C,S,S,A,15.3885,16.07,15.35,0.72,,0,0.0,0.0,,0,0.0,0,0.0,0.0,,0,0.0,1,16.07,15.5376,2018-03-06,0,-0.7559
prebreak,600563,2018-01-30,S,S,A,C,S,S,A,36.3964,39.89,37.88,2.01,,0,0.0,0.0,,0,0.0,0,0.0,0.0,,0,0.0,0,0.0,0.0,,0,0.0
prebreak,603108,2018-01-30,S,S,A,C,S,S,A,13.4323,12.49,11.91,0.58,,1,12.49,11.91,2018-02-06,1,-1.0157,1,12.49,11.91,2018-02-06,1,-1.0157,1,12.49,11.91,2018-02-06,1,-1.0157
prebreak,300498,2018-02-02,S,S,A,C,S,S,A,17.0224,19.16,18.39,0.77,,0,0.0,0.0,,0,0.0,0,0.0,0.0,,0,0.0,0,0.0,0.0,,0,0.0
prebreak,600633,2018-02-02,S,S,A,C,S,S,A,12.3659,13.6,12.9,0.7,,0,0.0,0.0,,0,0.0,0,0.0,0.0,,0,0.0,0,0.0,0.0,,0,0.0
prebreak,600660,2018-02-02,S,S,A,C,S,S,A,20.4344,22.23,21.22,1.01,,0,0.0,0.0,,0,0.0,0,0.0,0.0,,0,0.0,0,0.0,0.0,,0,0.0
prebreak,000553,2018-02-05,S,S,A,C,S,S,A,14.7085,16.58,15.75,0.83,,0,0.0,0.0,,0,0.0,0,0.0,0.0,,0,0.0,0,0.0,0.0,,0,0.0
prebreak,000989,2018-02-05,S,S,A,C,S,S,A,13.7649,13.9,13.23,0.67,,0,0.0,0.0,,0,0.0,0,0.0,0.0,,0,0.0,0,0.0,0.0,,0,0.0
prebreak,002572,2018-02-05,S,S,A,C,S,S,A,25.6824,27.68,26.26,1.42,,0,0.0,0.0,,0,0.0,0,0.0,0.0,,0,0.0,0,0.0,0.0,,0,0.0
prebreak,002727,2018-02-05,S,S,A,C,S,S,A,18.788,19.03,18.23,0.8,,0,0.0,0.0,,0,0.0,0,0.0,0.0,,0,0.0,0,0.0,0.0,,0,0.0
prebreak,600315,2018-02-05,S,S,A,C,S,S,A,30.8484,32.96,31.34,1.62,,0,0.0,0.0,,0,0.0,0,0.0,0.0,,0,0.0,0,0.0,0.0,,0,0.0
prebreak,600597,2018-02-05,S,S,A,C,S,S,A,12.4626,14.0,13.26,0.74,,0,0.0,0.0,,0,0.0,0,0.0,0.0,,0,0.0,0,0.0,0.0,,0,0.0
prebreak,000895,2018-02-07,S,S,A,C,S,S,A,16.3621,18.09,17.17,0.92,,0,0.0,0.0,,0,0.0,0,0.0,0.0,,0,0.0,0,0.0,0.0,,0,0.0
prebreak,002508,2018-02-07,S,S,A,C,S,S,A,36.285,41.8,39.8,2.0,,0,0.0,0.0,,0,0.0,0,0.0,0.0,,0,0.0,0,0.0,0.0,,0,0.0
prebreak,600511,2018-02-07,S,S,A,C,S,S,A,22.7046,23.9,22.94,0.96,,0,0.0,0.0,,0,0.0,0,0.0,0.0,,0,0.0,0,0.0,0.0,,0,0.0
prebreak,601628,2018-02-07,S,S,A,C,S,S,A,26.1378,26.29,25.16,1.13,,0,0.0,0.0,,0,0.0,0,0.0,0.0,,0,0.0,0,0.0,0.0,,0,0.0
prebreak,000402,2018-02-08,S,S,A,C,S,S,A,9.1183,10.2,9.7,0.5,,0,0.0,0.0,,0,0.0,0,0.0,0.0,,0,0.0,0,0.0,0.0,,0,0.0
prebreak,002136,2018-02-08,S,S,A,C,S,S,A,14.2461,13.5,12.85,0.65,,1,13.5,14.9686,2018-02-22,0,2.2422,1,13.5,14.9038,2018-03-01,0,2.1425,1,13.5,14.8575,2018-03-15,0,2.0713
prebreak,600276,2018-02-08,S,S,A,C,S,S,A,29.8812,33.36,31.77,1.59,,0,0.0,0.0,,0,0.0,0,0.0,0.0,,0,0.0,0,0.0,0.0,,0,0.0
prebreak,002572,2018-02-12,S,S,A,C,S,S,A,25.2068,27.68,26.26,1.42,,0,0.0,0.0,,0,0.0,0,0.0,0.0,,0,0.0,0,0.0,0.0,,0,0.0
prebreak,002727,2018-02-12,S,S,A,C,S,S,A,18.91,19.03,18.23,0.8,,1,19.03,20.2084,2018-02-26,0,1.454,1,19.03,21.3413,2018-03-05,0,2.8692,1,19.03,22.4916,2018-03-19,0,4.3062
prebreak,000776,2018-02-13,S,S,A,C,S,S,A,12.8738,15.2,14.43,0.77,,0,0.0,0.0,,0,0.0,0,0.0,0.0,,0,0.0,0,0.0,0.0,,0,0.0
prebreak,000895,2018-02-14,S,S,A,C,S,S,A,16.9831,18.09,17.17,0.92,,0,0.0,0.0,,0,0.0,0,0.0,0.0,,0,0.0,0,0.0,0.0,,0,0.0
prebreak,600511,2018-02-14,S,S,A,C,S,S,A,23.7423,22.58,21.45,1.13,,0,0.0,0.0,,0,0.0,0,0.0,0.0,,0,0.0,0,0.0,0.0,,0,0.0
prebreak,601628,2018-02-14,S,S,A,C,S,S,A,22.5673,27.36,26.3,1.06,,0,0.0,0.0,,0,0.0,0,0.0,0.0,,0,0.0,0,0.0,0.0,,0,0.0
prebreak,002136,2018-02-22,S,S,A,C,S,S,A,14.9686,13.5,12.85,0.65,,0,0.0,0.0,,0,0.0,0,0.0,0.0,,0,0.0,0,0.0,0.0,,0,0.0
prebreak,300070,2018-02-22,S,S,A,C,S,S,A,14.7297,16.36,15.66,0.7,,0,0.0,0.0,,0,0.0,0,0.0,0.0,,0,0.0,0,0.0,0.0,,0,0.0
prebreak,600138,2018-02-22,S,S,A,C,S,S,A,22.1572,22.99,22.11,0.88,,0,0.0,0.0,,0,0.0,0,0.0,0.0,,0,0.0,0,0.0,0.0,,0,0.0
prebreak,002491,2018-02-23,S,S,A,C,S,S,A,12.0348,12.13,11.5,0.63,,1,12.13,13.528,2018-03-02,0,2.203,1,12.13,14.0324,2018-03-09,0,3.0031,1,12.13,13.0435,2018-03-23,0,1.4344
prebreak,300036,2018-02-23,S,S,A,C,S,S,A,13.5164,13.76,13.11,0.65,,0,0.0,0.0,,0,0.0,0,0.0,0.0,,0,0.0,0,0.0,0.0,,0,0.0
prebreak,600660,2018-02-23,S,S,A,C,S,S,A,20.4268,20.66,19.89,0.77,,0,0.0,0.0,,0,0.0,0,0.0,0.0,,0,0.0,0,0.0,0.0,,0,0.0
prebreak,002572,2018-02-26,S,S,A,C,S,S,A,27.3293,27.68,26.26,1.42,,0,0.0,0.0,,0,0.0,0,0.0,0.0,,0,0.0,0,0.0,0.0,,0,0.0
prebreak,000860,2018-02-27,S,S,A,C,S,S,A,14.597,15.57,14.92,0.65,,0,0.0,0.0,,0,0.0,0,0.0,0.0,,0,0.0,0,0.0,0.0,,0,0.0
prebreak,002737,2018-02-27,S,S,A,C,S,S,A,12.8388,11.0,10.46,0.54,,1,11.0,13.0564,2018-03-06,0,3.7903,1,11.0,13.3267,2018-03-13,0,4.2905,1,11.0,14.0567,2018-03-27,0,5.6416
prebreak,000895,2018-02-28,S,S,A,C,S,S,A,17.1796,18.09,17.17,0.92,,0,0.0,0.0,,0,0.0,0,0.0,0.0,,0,0.0,0,0.0,0.0,,0,0.0
prebreak,300408,2018-02-28,S,S,A,C,S,S,A,21.2523,20.44,19.42,1.02,,0,0.0,0.0,,0,0.0,0,0.0,0.0,,0,0.0,0,0.0,0.0,,0,0.0
prebreak,601628,2018-02-28,S,S,A,C,S,S,A,23.1093,24.08,22.95,1.13,,0,0.0,0.0,,0,0.0,0,0.0,0.0,,0,0.0,0,0.0,0.0,,0,0.0
prebreak,002136,2018-03-01,S,S,A,C,S,S,A,14.9038,13.5,12.85,0.65,,0,0.0,0.0,,0,0.0,0,0.0,0.0,,0,0.0,0,0.0,0.0,,0,0.0
prebreak,002262,2018-03-02,S,S,A,C,S,S,A,12.4484,12.58,11.91,0.67,,0,0.0,0.0,,0,0.0,0,0.0,0.0,,0,0.0,0,0.0,0.0,,0,0.0
prebreak,600660,2018-03-02,S,S,A,C,S,S,A,19.7067,20.66,19.89,0.77,,0,0.0,0.0,,0,0.0,0,0.0,0.0,,0,0.0,0,0.0,0.0,,0,0.0
prebreak,000538,2018-03-05,S,S,A,C,S,S,A,52.2581,52.58,49.87,2.71,,0,0.0,0.0,,0,0.0,0,0.0,0.0,,0,0.0,0,0.0,0.0,,0,0.0
prebreak,002572,2018-03-05,S,S,A,C,S,S,A,25.4411,27.68,26.26,1.42,,0,0.0,0.0,,0,0.0,0,0.0,0.0,,0,0.0,0,0.0,0.0,,0,0.0
prebreak,600062,2018-03-05,S,S,A,C,S,S,A,14.8448,15.5,14.74,0.76,,0,0.0,0.0,,0,0.0,0,0.0,0.0,,0,0.0,0,0.0,0.0,,0,0.0
prebreak,600597,2018-03-05,S,S,A,C,S,S,A,11.4853,12.1,11.56,0.54,,1,12.1,12.2833,2018-03-12,0,0.3221,1,12.1,12.4178,2018-03-19,0,0.571,1,12.1,11.56,2018-03-23,1,-1.0164
prebreak,600118,2018-03-06,S,S,A,C,S,S,A,21.2218,21.48,20.34,1.14,,1,21.48,21.3095,2018-03-13,0,-0.1638,1,21.48,20.9487,2018-03-14,0,-0.4801,1,21.48,20.9487,2018-03-14,0,-0.4801
prebreak,600528,2018-03-06,S,S,A,C,S,S,A,10.7221,11.49,10.9,0.59,,0,0.0,0.0,,0,0.0,0,0.0,0.0,,0,0.0,0,0.0,0.0,,0,0.0
prebreak,002262,2018-03-09,S,S,A,C,S,S,A,12.8764,12.55,11.91,0.64,,0,0.0,0.0,,0,0.0,0,0.0,0.0,,0,0.0,0,0.0,0.0,,0,0.0
prebreak,603188,2018-03-09,S,S,A,C,S,S,A,14.1849,14.43,13.86,0.57,,0,0.0,0.0,,0,0.0,0,0.0,0.0,,0,0.0,0,0.0,0.0,,0,0.0
prebreak,000752,2018-03-12,S,S,A,C,S,S,A,14.3436,13.67,12.97,0.7,,0,0.0,0.0,,0,0.0,0,0.0,0.0,,0,0.0,0,0.0,0.0,,0,0.0
prebreak,600062,2018-03-12,S,S,A,C,S,S,A,16.254,15.5,14.74,0.76,,0,0.0,0.0,,0,0.0,0,0.0,0.0,,0,0.0,0,0.0,0.0,,0,0.0
prebreak,002136,2018-03-15,S,S,A,C,S,S,A,14.8575,14.64,13.86,0.78,,0,0.0,0.0,,0,0.0,0,0.0,0.0,,0,0.0,0,0.0,0.0,,0,0.0
prebreak,002543,2018-03-15,S,S,A,C,S,S,A,10.1419,10.15,9.63,0.52,,0,0.0,0.0,,0,0.0,0,0.0,0.0,,0,0.0,0,0.0,0.0,,0,0.0
prebreak,000553,2018-03-19,S,S,A,C,S,S,A,14.0133,14.49,13.91,0.58,,0,0.0,0.0,,0,0.0,0,0.0,0.0,,0,0.0,1,14.49,14.405,2018-04-18,0,-0.1655
prebreak,300463,2018-03-19,S,S,A,C,S,S,A,21.2393,21.37,20.3,1.07,,1,21.37,21.4493,2018-03-22,0,0.0589,1,21.37,21.4493,2018-03-22,0,0.0589,1,21.37,21.4493,2018-03-22,0,0.0589
prebreak,600729,2018-03-19,S,S,A,C,S,S,A,16.6383,16.27,15.51,0.76,,1,16.27,18.9383,2018-04-11,0,3.4924,1,16.27,18.559,2018-04-18,0,2.9937,1,16.27,21.226,2018-05-04,0,6.5007
prebreak,002672,2018-03-21,S,S,A,C,S,S,A,14.0634,14.4,13.72,0.68,,0,0.0,0.0,,0,0.0,0,0.0,0.0,,0,0.0,0,0.0,0.0,,0,0.0
prebreak,600511,2018-03-21,S,S,A,C,S,S,A,25.134,24.83,23.73,1.1,,0,0.0,0.0,,0,0.0,0,0.0,0.0,,0,0.0,0,0.0,0.0,,0,0.0
prebreak,002094,2018-03-22,S,S,A,C,S,S,A,12.516,12.8,12.27,0.53,,0,0.0,0.0,,0,0.0,0,0.0,0.0,,0,0.0,0,0.0,0.0,,0,0.0
prebreak,002223,2018-03-26,S,S,A,C,S,S,A,20.1292,20.17,19.2,0.97,,1,20.17,20.9361,2018-04-02,0,0.7735,1,20.17,20.4416,2018-04-11,0,0.264,1,20.17,19.2,2018-04-18,1,-1.0152
prebreak,002602,2018-03-26,S,S,A,C,S,S,A,10.2548,10.9,10.38,0.52,,1,10.9,11.0068,2018-04-02,0,0.1893,1,10.9,10.8621,2018-04-11,0,-0.0887,1,10.9,11.1707,2018-04-25,0,0.5042
prebreak,600062,2018-03-26,S,S,A,C,S,S,A,16.4114,16.52,15.67,0.85,,1,16.52,16.042,2018-03-29,0,-0.5768,1,16.52,16.042,2018-03-29,0,-0.5768,1,16.52,16.042,2018-03-29,0,-0.5768
prebreak,002242,2018-03-27,S,S,A,C,S,S,A,12.5784,13.16,12.53,0.63,,1,13.16,13.0912,2018-04-03,0,-0.125,1,13.16,12.53,2018-04-12,1,-1.0152,1,13.16,12.53,2018-04-12,1,-1.0152
prebreak,002311,2018-03-27,S,S,A,C,S,S,A,22.2616,21.04,20.18,0.86,,0,0.0,0.0,,0,0.0,0,0.0,0.0,,0,0.0,0,0.0,0.0,,0,0.0
prebreak,300024,2018-03-27,S,S,A,C,S,S,A,18.6681,19.57,18.53,1.04,,1,19.57,21.6997,2018-04-03,0,2.0322,1,19.57,20.5928,2018-04-12,0,0.9685,1,19.57,19.426,2018-04-26,0,-0.1526
prebreak,603368,2018-03-27,S,S,A,C,S,S,A,19.2206,19.4,18.42,0.98,,0,0.0,0.0,,0,0.0,0,0.0,0.0,,0,0.0,0,0.0,0.0,,0,0.0
prebreak,600511,2018-03-28,S,S,A,C,S,S,A,24.4423,24.83,23.73,1.1,,0,0.0,0.0,,0,0.0,0,0.0,0.0,,0,0.0,0,0.0,0.0,,0,0.0
prebreak,002094,2018-03-29,S,S,A,C,S,S,A,12.1357,12.8,12.27,0.53,,0,0.0,0.0,,0,0.0,0,0.0,0.0,,0,0.0,0,0.0,0.0,,0,0.0
prebreak,002007,2018-03-30,S,S,A,C,S,S,A,13.1778,12.59,11.94,0.65,,0,0.0,0.0,,0,0.0,0,0.0,0.0,,0,0.0,0,0.0,0.0,,0,0.0
prebreak,002223,2018-04-02,S,S,A,C,S,S,A,20.9361,20.17,19.2,0.97,,0,0.0,0.0,,0,0.0,0,0.0,0.0,,0,0.0,0,0.0,0.0,,0,0.0
prebreak,002602,2018-04-02,S,S,A,C,S,S,A,11.0068,10.9,10.38,0.52,,0,0.0,0.0,,0,0.0,0,0.0,0.0,,0,0.0,0,0.0,0.0,,0,0.0
prebreak,600009,2018-04-02,S,S,A,C,S,S,A,46.351,47.91,45.79,2.12,,0,0.0,0.0,,0,0.0,0,0.0,0.0,,0,0.0,0,0.0,0.0,,0,0.0
prebreak,601966,2018-04-02,S,S,A,C,S,S,A,15.1083,15.58,15.03,0.55,,0,0.0,0.0,,0,0.0,0,0.0,0.0,,0,0.0,0,0.0,0.0,,0,0.0
prebreak,000999,2018-04-04,S,S,A,C,S,S,A,13.1259,13.51,12.95,0.56,,0,0.0,0.0,,0,0.0,0,0.0,0.0,,0,0.0,1,13.51,13.5731,2018-05-08,0,0.0943
prebreak,600482,2018-04-04,S,S,A,C,S,S,A,24.373,23.67,22.68,0.99,,1,23.67,24.0204,2018-04-13,0,0.3356,1,23.67,24.5635,2018-04-20,0,0.8838,1,23.67,22.68,2018-05-02,1,-1.0175
prebreak,300439,2018-04-09,S,S,A,C,S,S,A,19.2651,17.93,17.07,0.86,,1,17.93,20.3246,2018-04-12,0,2.7668,1,17.93,20.3246,2018-04-12,0,2.7668,1,17.93,20.3246,2018-04-12,0,2.7668
prebreak,600138,2018-04-09,S,S,A,C,S,S,A,23.2137,22.99,21.86,1.13,,0,0.0,0.0,,0,0.0,0,0.0,0.0,,0,0.0,0,0.0,0.0,,0,0.0
prebreak,002007,2018-04-10,S,S,A,C,S,S,A,13.3224,13.52,12.81,0.71,,0,0.0,0.0,,0,0.0,0,0.0,0.0,,0,0.0,0,0.0,0.0,,0,0.0
prebreak,300583,2018-04-10,S,S,A,C,S,S,A,26.2153,23.83,22.7,1.13,,1,23.83,26.269,2018-04-17,0,2.141,1,23.83,24.3952,2018-04-24,0,0.4838,1,23.83,27.5878,2018-05-10,0,3.3074
prebreak,300294,2018-04-11,S,S,A,C,S,S,A,33.1241,33.29,31.65,1.64,,0,0.0,0.0,,0,0.0,0,0.0,0.0,,0,0.0,0,0.0,0.0,,0,0.0
prebreak,000623,2018-04-12,S,S,A,C,S,S,A,17.1136,17.47,16.75,0.72,,0,0.0,0.0,,0,0.0,0,0.0,0.0,,0,0.0,0,0.0,0.0,,0,0.0
prebreak,000999,2018-04-13,S,S,A,C,S,S,A,12.7613,13.39,12.73,0.66,,0,0.0,0.0,,0,0.0,0,0.0,0.0,,0,0.0,1,13.39,13.8454,2018-05-15,0,0.6741
prebreak,600482,2018-04-13,S,S,A,C,S,S,A,24.0204,23.67,22.68,0.99,,0,0.0,0.0,,0,0.0,0,0.0,0.0,,0,0.0,0,0.0,0.0,,0,0.0
prebreak,000028,2018-04-16,S,S,A,C,S,S,A,34.3739,36.43,34.5,1.93,,0,0.0,0.0,,0,0.0,0,0.0,0.0,,0,0.0,0,0.0,0.0,,0,0.0
prebreak,600138,2018-04-16,S,S,A,C,S,S,A,21.9459,22.99,21.86,1.13,,0,0.0,0.0,,0,0.0,0,0.0,0.0,,0,0.0,0,0.0,0.0,,0,0.0
prebreak,000538,2018-04-18,S,S,A,C,S,S,A,50.396,54.08,51.29,2.79,,0,0.0,0.0,,0,0.0,0,0.0,0.0,,0,0.0,0,0.0,0.0,,0,0.0
prebreak,601966,2018-04-18,S,S,A,C,S,S,A,14.5039,15.53,14.9,0.63,,0,0.0,0.0,,0,0.0,0,0.0,0.0,,0,0.0,0,0.0,0.0,,0,0.0
prebreak,000623,2018-04-19,S,S,A,C,S,S,A,16.7346,17.33,16.47,0.86,,0,0.0,0.0,,0,0.0,0,0.0,0.0,,0,0.0,0,0.0,0.0,,0,0.0
prebreak,002690,2018-04-19,S,S,A,C,S,S,A,12.039,11.63,11.08,0.55,,0,0.0,0.0,,0,0.0,0,0.0,0.0,,0,0.0,0,0.0,0.0,,0,0.0
prebreak,600872,2018-04-19,S,S,A,C,S,S,A,21.4638,23.15,22.01,1.14,,0,0.0,0.0,,0,0.0,0,0.0,0.0,,0,0.0,0,0.0,0.0,,0,0.0
prebreak,000028,2018-04-23,S,S,A,C,S,S,A,32.4105,35.11,33.83,1.28,,0,0.0,0.0,,0,0.0,0,0.0,0.0,,0,0.0,0,0.0,0.0,,0,0.0
prebreak,600276,2018-04-23,S,S,A,C,S,S,A,36.4447,36.3,34.45,1.85,,0,0.0,0.0,,0,0.0,0,0.0,0.0,,0,0.0,0,0.0,0.0,,0,0.0
prebreak,000423,2018-04-24,S,S,A,C,S,S,A,47.3433,47.93,46.1,1.83,,0,0.0,0.0,,0,0.0,0,0.0,0.0,,0,0.0,0,0.0,0.0,,0,0.0
prebreak,000895,2018-04-27,S,S,A,C,S,S,A,16.5393,16.85,15.97,0.88,,0,0.0,0.0,,0,0.0,0,0.0,0.0,,0,0.0,0,0.0,0.0,,0,0.0
prebreak,000999,2018-04-27,S,S,A,C,S,S,A,12.5425,12.68,12.16,0.52,,1,12.68,13.5731,2018-05-08,0,1.6979,1,12.68,13.8454,2018-05-15,0,2.2211,1,12.68,13.5488,2018-05-29,0,1.6512
prebreak,600060,2018-04-27,S,S,A,C,S,S,A,10.8113,12.37,11.86,0.51,,0,0.0,0.0,,0,0.0,0,0.0,0.0,,0,0.0,0,0.0,0.0,,0,0.0
prebreak,600482,2018-04-27,S,S,A,C,S,S,A,23.2486,24.83,23.58,1.25,,0,0.0,0.0,,0,0.0,0,0.0,0.0,,0,0.0,0,0.0,0.0,,0,0.0
prebreak,600138,2018-05-02,S,S,A,C,S,S,A,20.0443,20.46,19.4,1.06,,0,0.0,0.0,,0,0.0,0,0.0,0.0,,0,0.0,0,0.0,0.0,,0,0.0
prebreak,000423,2018-05-03,S,S,A,C,S,S,A,41.1767,47.46,45.75,1.71,,0,0.0,0.0,,0,0.0,0,0.0,0.0,,0,0.0,1,47.46,47.3907,2018-05-31,0,-0.0616
prebreak,002007,2018-05-03,S,S,A,C,S,S,A,12.7965,13.52,12.81,0.71,,0,0.0,0.0,,0,0.0,0,0.0,0.0,,0,0.0,0,0.0,0.0,,0,0.0
prebreak,603816,2018-05-04,S,S,A,C,S,S,A,28.7483,26.04,25.05,0.99,,0,0.0,0.0,,0,0.0,0,0.0,0.0,,0,0.0,0,0.0,0.0,,0,0.0
prebreak,002242,2018-05-07,S,S,A,C,S,S,A,12.7396,12.78,12.18,0.6,,1,12.78,12.7615,2018-05-10,0,-0.047,1,12.78,12.7615,2018-05-10,0,-0.047,1,12.78,12.7615,2018-05-10,0,-0.047
prebreak,002690,2018-05-07,S,S,A,C,S,S,A,12.753,11.63,11.08,0.55,,1,11.63,12.4521,2018-05-14,0,1.4777,1,11.63,12.577,2018-05-21,0,1.7047,1,11.63,12.6193,2018-06-04,0,1.7815
prebreak,600872,2018-05-07,S,S,A,C,S,S,A,22.9615,22.14,21.09,1.05,,0,0.0,0.0,,0,0.0,0,0.0,0.0,,0,0.0,0,0.0,0.0,,0,0.0
prebreak,601788,2018-05-07,S,S,A,C,S,S,A,11.7531,11.78,11.16,0.62,,0,0.0,0.0,,0,0.0,0,0.0,0.0,,0,0.0,0,0.0,0.0,,0,0.0
prebreak,000895,2018-05-08,S,S,A,C,S,S,A,16.8633,16.85,15.97,0.88,,0,0.0,0.0,,0,0.0,0,0.0,0.0,,0,0.0,0,0.0,0.0,,0,0.0
prebreak,000999,2018-05-08,S,S,A,C,S,S,A,13.5731,12.68,12.16,0.52,,0,0.0,0.0,,0,0.0,0,0.0,0.0,,0,0.0,0,0.0,0.0,,0,0.0
prebreak,002672,2018-05-08,S,S,A,C,S,S,A,14.514,13.88,13.15,0.73,,1,13.88,14.4577,2018-05-11,0,0.7764,1,13.88,14.4577,2018-05-11,0,0.7764,1,13.88,14.4577,2018-05-11,0,0.7764
prebreak,600060,2018-05-08,S,S,A,C,S,S,A,11.1506,12.37,11.86,0.51,,0,0.0,0.0,,0,0.0,0,0.0,0.0,,0,0.0,0,0.0,0.0,,0,0.0
prebreak,600482,2018-05-08,S,S,A,C,S,S,A,23.1819,23.33,22.45,0.88,,0,0.0,0.0,,0,0.0,0,0.0,0.0,,0,0.0,0,0.0,0.0,,0,0.0
prebreak,300144,2018-05-09,S,S,A,C,S,S,A,10.5752,10.65,10.1,0.55,,0,0.0,0.0,,0,0.0,0,0.0,0.0,,0,0.0,0,0.0,0.0,,0,0.0
prebreak,600138,2018-05-09,S,S,A,C,S,S,A,20.6589,20.46,19.38,1.08,,0,0.0,0.0,,0,0.0,0,0.0,0.0,,0,0.0,0,0.0,0.0,,0,0.0
prebreak,000423,2018-05-10,S,S,A,C,S,S,A,44.256,47.46,45.75,1.71,,0,0.0,0.0,,0,0.0,0,0.0,0.0,,0,0.0,1,47.46,47.1933,2018-06-04,0,-0.177
prebreak,000999,2018-05-15,S,S,A,C,S,S,A,13.8454,13.96,13.34,0.62,,1,13.96,14.103,2018-05-22,0,0.2134,1,13.96,13.5488,2018-05-29,0,-0.6799,1,13.96,13.34,2018-05-30,1,-1.0165
prebreak,002672,2018-05-15,S,S,A,C,S,S,A,15.0867,13.88,13.15,0.73,,1,13.88,15.4622,2018-05-22,0,2.1516,1,13.88,14.8989,2018-05-29,0,1.3804,1,13.88,15.7626,2018-06-12,0,2.5629
prebreak,600060,2018-05-15,S,S,A,C,S,S,A,11.4334,11.61,11.02,0.59,,0,0.0,0.0,,0,0.0,0,0.0,0.0,,0,0.0,0,0.0,0.0,,0,0.0
prebreak,600138,2018-05-16,S,S,A,C,S,S,A,21.1296,21.48,20.42,1.06,,0,0.0,0.0,,0,0.0,0,0.0,0.0,,0,0.0,1,21.48,21.5137,2018-06-04,0,0.0164
prebreak,000423,2018-05-17,S,S,A,C,S,S,A,44.5719,45.77,43.35,2.42,,0,0.0,0.0,,0,0.0,0,0.0,0.0,,0,0.0,0,0.0,0.0,,0,0.0
prebreak,002310,2018-05-17,S,S,A,C,S,S,A,18.9063,19.27,18.54,0.73,,0,0.0,0.0,,0,0.0,0,0.0,0.0,,0,0.0,0,0.0,0.0,,0,0.0
prebreak,002719,2018-05-18,S,S,A,C,S,S,A,18.929,18.77,17.85,0.92,,0,0.0,0.0,,0,0.0,0,0.0,0.0,,0,0.0,0,0.0,0.0,,0,0.0
prebreak,600060,2018-05-22,S,S,A,C,S,S,A,11.8213,11.74,11.2,0.54,,0,0.0,0.0,,0,0.0,0,0.0,0.0,,0,0.0,0,0.0,0.0,,0,0.0
prebreak,000423,2018-05-24,S,S,A,C,S,S,A,44.8403,45.07,43.16,1.91,,0,0.0,0.0,,0,0.0,0,0.0,0.0,,0,0.0,0,0.0,0.0,,0,0.0
prebreak,600066,2018-05-24,S,S,A,C,S,S,A,13.1099,13.46,12.83,0.63,,0,0.0,0.0,,0,0.0,1,13.46,13.3997,2018-06-06,0,-0.112,1,13.46,13.3997,2018-06-06,0,-0.112
prebreak,002142,2018-05-28,S,S,A,C,S,S,A,13.4388,14.32,13.62,0.7,,0,0.0,0.0,,0,0.0,0,0.0,0.0,,0,0.0,0,0.0,0.0,,0,0.0
prebreak,600036,2018-05-28,S,S,A,C,S,S,A,20.0078,21.57,20.46,1.11,,0,0.0,0.0,,0,0.0,0,0.0,0.0,,0,0.0,0,0.0,0.0,,0,0.0
prebreak,000423,2018-05-31,S,S,A,C,S,S,A,47.3907,45.07,43.16,1.91,,0,0.0,0.0,,0,0.0,0,0.0,0.0,,0,0.0,0,0.0,0.0,,0,0.0
prebreak,600066,2018-05-31,S,S,A,C,S,S,A,13.2669,13.33,12.78,0.55,,1,13.33,13.4057,2018-06-07,0,0.1191,1,13.33,12.953,2018-06-14,0,-0.7034,1,13.33,12.78,2018-06-19,1,-1.0178
prebreak,002142,2018-06-04,S,S,A,C,S,S,A,13.5476,13.78,13.18,0.6,,0,0.0,0.0,,0,0.0,0,0.0,0.0,,0,0.0,0,0.0,0.0,,0,0.0
prebreak,002186,2018-06-04,S,S,A,C,S,S,A,15.6076,15.29,14.67,0.62,,1,15.29,15.7425,2018-06-07,0,0.7107,1,15.29,15.7425,2018-06-07,0,0.7107,1,15.29,15.7425,2018-06-07,0,0.7107
prebreak,600036,2018-06-04,S,S,A,C,S,S,A,20.3204,20.38,19.61,0.77,,0,0.0,0.0,,0,0.0,0,0.0,0.0,,0,0.0,0,0.0,0.0,,0,0.0
prebreak,002275,2018-06-05,S,S,A,C,S,S,A,12.079,12.14,11.63,0.51,,0,0.0,0.0,,0,0.0,0,0.0,0.0,,0,0.0,0,0.0,0.0,,0,0.0
prebreak,002672,2018-06-05,S,S,A,C,S,S,A,15.7157,15.71,14.94,0.77,,0,0.0,0.0,,0,0.0,0,0.0,0.0,,0,0.0,0,0.0,0.0,,0,0.0
prebreak,000826,2018-06-06,S,S,A,C,S,S,A,19.6064,20.43,19.56,0.87,,0,0.0,0.0,,0,0.0,0,0.0,0.0,,0,0.0,0,0.0,0.0,,0,0.0
prebreak,600557,2018-06-06,S,S,A,C,S,S,A,12.7572,13.78,13.08,0.7,,0,0.0,0.0,,0,0.0,0,0.0,0.0,,0,0.0,0,0.0,0.0,,0,0.0
prebreak,600993,2018-06-11,S,S,A,C,S,S,A,16.3626,17.31,16.43,0.88,,0,0.0,0.0,,0,0.0,0,0.0,0.0,,0,0.0,0,0.0,0.0,,0,0.0
prebreak,000999,2018-06-12,S,S,A,C,S,S,A,14.5648,14.4,13.87,0.53,,0,0.0,0.0,,0,0.0,0,0.0,0.0,,0,0.0,0,0.0,0.0,,0,0.0
prebreak,603919,2018-06-12,S,S,A,C,S,S,A,12.7492,11.87,11.25,0.62,,0,0.0,0.0,,0,0.0,0,0.0,0.0,,0,0.0,0,0.0,0.0,,0,0.0
prebreak,600129,2018-06-14,S,S,A,C,S,S,A,16.0121,15.56,14.83,0.73,,0,0.0,0.0,,0,0.0,0,0.0,0.0,,0,0.0,0,0.0,0.0,,0,0.0
prebreak,000999,2018-06-20,S,S,A,C,S,S,A,13.7919,14.7,14.03,0.67,,0,0.0,0.0,,0,0.0,0,0.0,0.0,,0,0.0,0,0.0,0.0,,0,0.0
prebreak,002672,2018-06-20,S,S,A,C,S,S,A,15.9222,16.0,15.21,0.79,,0,0.0,0.0,,0,0.0,0,0.0,0.0,,0,0.0,0,0.0,0.0,,0,0.0
prebreak,600977,2018-06-22,S,S,A,C,S,S,A,14.6644,16.46,15.67,0.79,,0,0.0,0.0,,0,0.0,0,0.0,0.0,,0,0.0,0,0.0,0.0,,0,0.0
prebreak,002415,2018-06-25,S,S,A,C,S,S,A,30.3477,32.6,31.17,1.43,,0,0.0,0.0,,0,0.0,0,0.0,0.0,,0,0.0,0,0.0,0.0,,0,0.0
prebreak,002242,2018-06-26,S,S,A,C,S,S,A,13.3619,13.25,12.65,0.6,,0,0.0,0.0,,0,0.0,0,0.0,0.0,,0,0.0,0,0.0,0.0,,0,0.0
prebreak,000999,2018-06-27,S,S,A,C,S,S,A,13.5596,14.7,14.03,0.67,,0,0.0,0.0,,0,0.0,0,0.0,0.0,,0,0.0,0,0.0,0.0,,0,0.0
prebreak,600977,2018-06-29,S,S,A,C,S,S,A,14.8029,14.84,14.09,0.75,,0,0.0,0.0,,0,0.0,0,0.0,0.0,,0,0.0,0,0.0,0.0,,0,0.0
prebreak,601788,2018-07-03,S,S,A,C,S,S,A,9.8604,9.93,9.41,0.52,,0,0.0,0.0,,0,0.0,0,0.0,0.0,,0,0.0,0,0.0,0.0,,0,0.0
prebreak,300124,2018-07-06,S,S,A,C,S,S,A,19.4157,21.45,20.37,1.08,,0,0.0,0.0,,0,0.0,0,0.0,0.0,,0,0.0,0,0.0,0.0,,0,0.0
prebreak,600977,2018-07-06,S,S,A,C,S,S,A,14.203,14.84,14.09,0.75,,0,0.0,0.0,,0,0.0,0,0.0,0.0,,0,0.0,0,0.0,0.0,,0,0.0
prebreak,002415,2018-07-09,S,S,A,C,S,S,A,28.7124,31.35,29.73,1.62,,0,0.0,0.0,,0,0.0,0,0.0,0.0,,0,0.0,0,0.0,0.0,,0,0.0
prebreak,002424,2018-07-09,S,S,A,C,S,S,A,10.7186,11.17,10.6,0.57,,1,11.17,11.0281,2018-07-16,0,-0.2637,1,11.17,10.9314,2018-07-17,0,-0.4333,1,11.17,10.9314,2018-07-17,0,-0.4333
prebreak,300294,2018-07-09,S,S,A,C,S,S,A,31.2078,30.74,29.3,1.44,,0,0.0,0.0,,0,0.0,0,0.0,0.0,,0,0.0,0,0.0,0.0,,0,0.0
prebreak,000623,2018-07-10,S,S,A,C,S,S,A,14.7164,15.69,15.01,0.68,,0,0.0,0.0,,0,0.0,0,0.0,0.0,,0,0.0,0,0.0,0.0,,0,0.0
prebreak,600977,2018-07-13,S,S,A,C,S,S,A,14.3968,14.5,13.84,0.66,,0,0.0,0.0,,0,0.0,0,0.0,0.0,,0,0.0,0,0.0,0.0,,0,0.0
prebreak,002415,2018-07-16,S,S,A,C,S,S,A,30.1587,31.35,29.73,1.62,,0,0.0,0.0,,0,0.0,0,0.0,0.0,,0,0.0,0,0.0,0.0,,0,0.0
prebreak,600062,2018-07-16,S,S,A,C,S,S,A,16.8355,17.69,16.81,0.88,,0,0.0,0.0,,0,0.0,0,0.0,0.0,,0,0.0,0,0.0,0.0,,0,0.0
prebreak,000423,2018-07-20,S,S,A,C,S,S,A,42.132,43.06,41.05,2.01,,0,0.0,0.0,,0,0.0,0,0.0,0.0,,0,0.0,0,0.0,0.0,,0,0.0
prebreak,601607,2018-07-20,S,S,A,C,S,S,A,20.4539,20.75,19.79,0.96,,0,0.0,0.0,,0,0.0,0,0.0,0.0,,0,0.0,0,0.0,0.0,,0,0.0
prebreak,002415,2018-07-23,S,S,A,C,S,S,A,30.1915,30.56,29.01,1.55,,0,0.0,0.0,,0,0.0,0,0.0,0.0,,0,0.0,0,0.0,0.0,,0,0.0
prebreak,002358,2018-07-24,S,S,A,C,S,S,A,14.0746,14.25,13.6,0.65,,0,0.0,0.0,,0,0.0,0,0.0,0.0,,0,0.0,0,0.0,0.0,,0,0.0
prebreak,600511,2018-07-25,S,S,A,C,S,S,A,23.5788,23.28,22.12,1.16,,0,0.0,0.0,,0,0.0,0,0.0,0.0,,0,0.0,0,0.0,0.0,,0,0.0
prebreak,002242,2018-08-07,S,S,A,C,S,S,A,12.6204,13.88,13.16,0.72,,0,0.0,0.0,,0,0.0,0,0.0,0.0,,0,0.0,0,0.0,0.0,,0,0.0
prebreak,600104,2018-08-09,S,S,A,C,S,S,A,23.2218,25.58,24.41,1.17,,0,0.0,0.0,,0,0.0,0,0.0,0.0,,0,0.0,0,0.0,0.0,,0,0.0
prebreak,600323,2018-08-27,S,S,A,C,S,S,A,12.4621,12.54,11.91,0.63,,0,0.0,0.0,,0,0.0,0,0.0,0.0,,0,0.0,0,0.0,0.0,,0,0.0
prebreak,601966,2018-08-27,S,S,A,C,S,S,A,14.8114,13.86,13.28,0.58,,0,0.0,0.0,,0,0.0,0,0.0,0.0,,0,0.0,0,0.0,0.0,,0,0.0
prebreak,600036,2018-09-26,S,S,A,C,S,S,A,21.8439,20.59,19.54,1.05,,0,0.0,0.0,,0,0.0,0,0.0,0.0,,0,0.0,0,0.0,0.0,,0,0.0
prebreak,601688,2018-10-10,S,S,A,C,S,S,A,12.333,12.79,12.15,0.64,,0,0.0,0.0,,0,0.0,1,12.79,13.1345,2018-10-24,0,0.5227,1,12.79,14.0259,2018-11-07,0,1.9147
prebreak,601688,2018-10-24,S,S,A,C,S,S,A,13.1345,11.78,11.27,0.51,,1,11.78,12.8155,2018-10-29,0,2.0116,1,11.78,12.8155,2018-10-29,0,2.0116,1,11.78,12.8155,2018-10-29,0,2.0116
prebreak,601628,2018-10-25,S,S,A,C,S,S,A,20.4236,18.83,18.17,0.66,,1,18.83,19.129,2018-11-01,0,0.4311,1,18.83,19.4614,2018-11-08,0,0.9344,1,18.83,19.1553,2018-11-22,0,0.4709
prebreak,000028,2018-10-26,S,S,A,C,S,S,A,26.4305,27.8,26.55,1.25,,1,27.8,28.7211,2018-11-02,0,0.7195,1,27.8,27.591,2018-11-09,0,-0.184,1,27.8,26.8923,2018-11-23,0,-0.7426
prebreak,600362,2018-10-26,S,S,A,C,S,S,A,11.2324,12.5,11.91,0.59,,0,0.0,0.0,,0,0.0,0,0.0,0.0,,0,0.0,0,0.0,0.0,,0,0.0
prebreak,600030,2018-10-30,S,S,A,C,S,S,A,13.8414,12.29,11.78,0.51,,0,0.0,0.0,,0,0.0,0,0.0,0.0,,0,0.0,0,0.0,0.0,,0,0.0
prebreak,000651,2018-11-01,S,S,A,C,S,S,A,24.8707,26.03,24.69,1.34,,0,0.0,0.0,,0,0.0,0,0.0,0.0,,0,0.0,0,0.0,0.0,,0,0.0
prebreak,300203,2018-11-01,S,S,A,C,S,S,A,22.6046,24.1,22.9,1.2,,0,0.0,0.0,,0,0.0,0,0.0,0.0,,0,0.0,0,0.0,0.0,,0,0.0
prebreak,600036,2018-11-07,S,S,A,C,S,S,A,21.2126,21.88,21.02,0.86,,0,0.0,0.0,,0,0.0,0,0.0,0.0,,0,0.0,0,0.0,0.0,,0,0.0
prebreak,000651,2018-11-08,S,S,A,C,S,S,A,25.1856,26.09,25.01,1.08,,0,0.0,0.0,,0,0.0,0,0.0,0.0,,0,0.0,0,0.0,0.0,,0,0.0
prebreak,600362,2018-11-09,S,S,A,C,S,S,A,11.309,11.81,11.29,0.52,,0,0.0,0.0,,0,0.0,0,0.0,0.0,,0,0.0,0,0.0,0.0,,0,0.0
prebreak,002352,2018-11-12,S,S,A,C,S,S,A,33.7412,35.54,33.88,1.66,,0,0.0,0.0,,0,0.0,0,0.0,0.0,,0,0.0,0,0.0,0.0,,0,0.0
prebreak,601601,2018-11-13,S,S,A,C,S,S,A,24.2577,25.75,24.44,1.31,,0,0.0,0.0,,0,0.0,0,0.0,0.0,,0,0.0,0,0.0,0.0,,0,0.0
prebreak,002142,2018-11-14,S,S,A,C,S,S,A,13.4201,13.63,12.96,0.67,,0,0.0,0.0,,0,0.0,0,0.0,0.0,,0,0.0,0,0.0,0.0,,0,0.0
prebreak,000651,2018-11-15,S,S,A,C,S,S,A,24.7615,25.56,24.26,1.3,,0,0.0,0.0,,0,0.0,0,0.0,0.0,,0,0.0,0,0.0,0.0,,0,0.0
prebreak,601628,2018-11-15,S,S,A,C,S,S,A,19.8463,19.89,18.85,1.04,,0,0.0,0.0,,0,0.0,0,0.0,0.0,,0,0.0,0,0.0,0.0,,0,0.0
prebreak,600362,2018-11-16,S,S,A,C,S,S,A,11.6493,11.75,11.22,0.53,,0,0.0,0.0,,0,0.0,0,0.0,0.0,,0,0.0,0,0.0,0.0,,0,0.0
prebreak,601336,2018-11-16,S,S,A,C,S,S,A,35.8922,36.44,34.61,1.83,,0,0.0,0.0,,0,0.0,0,0.0,0.0,,0,0.0,0,0.0,0.0,,0,0.0
prebreak,000651,2018-11-22,S,S,A,C,S,S,A,24.3952,25.11,24.05,1.06,,0,0.0,0.0,,0,0.0,0,0.0,0.0,,0,0.0,0,0.0,0.0,,0,0.0
prebreak,601628,2018-11-22,S,S,A,C,S,S,A,19.1553,20.04,19.04,1.0,,0,0.0,0.0,,0,0.0,0,0.0,0.0,,0,0.0,0,0.0,0.0,,0,0.0
prebreak,601088,2018-11-28,S,S,A,C,S,S,A,10.9416,11.7,11.14,0.56,,0,0.0,0.0,,0,0.0,0,0.0,0.0,,0,0.0,0,0.0,0.0,,0,0.0
prebreak,600362,2018-11-30,S,S,A,C,S,S,A,11.3005,11.61,11.04,0.57,,0,0.0,0.0,,0,0.0,0,0.0,0.0,,0,0.0,0,0.0,0.0,,0,0.0
prebreak,000651,2018-12-13,S,S,A,C,S,S,A,24.2924,23.81,22.86,0.95,,0,0.0,0.0,,0,0.0,0,0.0,0.0,,0,0.0,0,0.0,0.0,,0,0.0
prebreak,000999,2018-12-20,S,S,A,C,S,S,A,11.0345,12.27,11.77,0.5,,0,0.0,0.0,,0,0.0,0,0.0,0.0,,0,0.0,0,0.0,0.0,,0,0.0
prebreak,300498,2018-12-24,S,S,A,C,S,S,A,18.4963,18.39,17.41,0.98,,0,0.0,0.0,,0,0.0,0,0.0,0.0,,0,0.0,0,0.0,0.0,,0,0.0
prebreak,600036,2018-12-26,S,S,A,C,S,S,A,17.8266,20.89,19.94,0.95,,0,0.0,0.0,,0,0.0,0,0.0,0.0,,0,0.0,0,0.0,0.0,,0,0.0
prebreak,600900,2019-01-03,S,S,A,C,S,S,A,11.8083,12.06,11.45,0.61,,0,0.0,0.0,,0,0.0,0,0.0,0.0,,0,0.0,0,0.0,0.0,,0,0.0
prebreak,000999,2019-01-07,S,S,A,C,S,S,A,11.7807,12.41,11.85,0.56,,0,0.0,0.0,,0,0.0,0,0.0,0.0,,0,0.0,0,0.0,0.0,,0,0.0
prebreak,600660,2019-01-09,S,S,A,C,S,S,A,17.8445,18.11,17.38,0.73,,0,0.0,0.0,,0,0.0,0,0.0,0.0,,0,0.0,0,0.0,0.0,,0,0.0
prebreak,600036,2019-01-11,S,S,A,C,S,S,A,18.9816,18.44,17.46,0.98,,0,0.0,0.0,,0,0.0,0,0.0,0.0,,0,0.0,0,0.0,0.0,,0,0.0
prebreak,002373,2019-01-18,S,S,A,C,S,S,A,11.7073,11.87,11.25,0.62,,1,11.87,12.0992,2019-01-25,0,0.3548,1,11.87,12.5008,2019-02-01,0,1.0023,1,11.87,14.1663,2019-02-22,0,3.6869
prebreak,002396,2019-01-18,S,S,A,C,S,S,A,12.7375,12.97,12.46,0.51,,0,0.0,0.0,,0,0.0,0,0.0,0.0,,0,0.0,0,0.0,0.0,,0,0.0
prebreak,600036,2019-01-18,S,S,A,C,S,S,A,19.4407,19.6,18.77,0.83,,0,0.0,0.0,,0,0.0,0,0.0,0.0,,0,0.0,0,0.0,0.0,,0,0.0
prebreak,000999,2019-01-21,S,S,A,C,S,S,A,11.3409,11.52,11.02,0.5,,0,0.0,0.0,,0,0.0,0,0.0,0.0,,0,0.0,1,11.52,12.4577,2019-02-25,0,1.8566
prebreak,600118,2019-02-01,S,S,A,C,S,S,A,17.8124,18.04,17.21,0.83,,0,0.0,0.0,,0,0.0,0,0.0,0.0,,0,0.0,0,0.0,0.0,,0,0.0
prebreak,600150,2019-02-12,S,S,A,C,S,S,A,12.9702,13.08,12.4,0.68,,0,0.0,0.0,,0,0.0,0,0.0,0.0,,0,0.0,0,0.0,0.0,,0,0.0
prebreak,002151,2019-02-13,S,S,A,C,S,S,A,21.8948,21.84,20.77,1.07,,0,0.0,0.0,,0,0.0,0,0.0,0.0,,0,0.0,0,0.0,0.0,,0,0.0
prebreak,300498,2019-02-13,S,S,A,C,S,S,A,21.6073,20.01,19.32,0.69,,0,0.0,0.0,,0,0.0,0,0.0,0.0,,0,0.0,0,0.0,0.0,,0,0.0
prebreak,300457,2019-02-14,S,S,A,C,S,S,A,18.4792,18.06,17.17,0.89,,0,0.0,0.0,,0,0.0,0,0.0,0.0,,0,0.0,0,0.0,0.0,,0,0.0
prebreak,000776,2019-02-15,S,S,A,C,S,S,A,11.2674,11.42,10.87,0.55,,1,11.42,13.3309,2019-02-22,0,3.4564,1,11.42,13.8386,2019-03-01,0,4.3789,1,11.42,13.4947,2019-03-15,0,3.754
prebreak,600999,2019-02-18,S,S,A,C,S,S,A,10.971,10.24,9.73,0.51,,1,10.24,13.3047,2019-02-25,0,5.9902,1,10.24,12.4693,2019-03-04,0,4.3531,1,10.24,12.2898,2019-03-18,0,4.0014
prebreak,600150,2019-02-19,S,S,A,C,S,S,A,13.0765,13.08,12.4,0.68,,1,13.08,13.9174,2019-02-26,0,1.216,1,13.08,16.1209,2019-03-05,0,4.4545,1,13.08,18.5178,2019-03-19,0,7.9771
prebreak,002151,2019-02-20,S,S,A,C,S,S,A,24.2902,21.84,20.77,1.07,,1,21.84,24.9237,2019-02-27,0,2.8646,1,21.84,25.765,2019-03-06,0,3.6504,1,21.84,26.0125,2019-03-20,0,3.8816
prebreak,300498,2019-02-20,S,S,A,C,S,S,A,23.3184,20.01,19.32,0.69,,1,20.01,22.8234,2019-02-25,0,4.0528,1,20.01,22.8234,2019-02-25,0,4.0528,1,20.01,22.8234,2019-02-25,0,4.0528
prebreak,600104,2019-02-26,S,S,A,C,S,S,A,22.022,21.09,20.02,1.07,,0,0.0,0.0,,0,0.0,0,0.0,0.0,,0,0.0,0,0.0,0.0,,0,0.0
prebreak,600893,2019-02-28,S,S,A,C,S,S,A,24.5219,22.08,21.24,0.84,,0,0.0,0.0,,0,0.0,0,0.0,0.0,,0,0.0,0,0.0,0.0,,0,0.0
prebreak,300176,2019-03-05,S,S,A,C,S,S,A,47.2723,39.51,37.66,1.85,,1,39.51,44.2923,2019-03-08,0,2.5672,1,39.51,44.2923,2019-03-08,0,2.5672,1,39.51,44.2923,2019-03-08,0,2.5672
prebreak,600893,2019-03-07,S,S,A,C,S,S,A,25.0854,22.08,21.24,0.84,,0,0.0,0.0,,0,0.0,0,0.0,0.0,,0,0.0,0,0.0,0.0,,0,0.0
prebreak,600332,2019-03-20,S,S,A,C,S,S,A,32.6992,31.51,30.12,1.39,,0,0.0,0.0,,0,0.0,0,0.0,0.0,,0,0.0,0,0.0,0.0,,0,0.0
prebreak,300457,2019-03-21,S,S,A,C,S,S,A,17.2738,19.02,18.17,0.85,,0,0.0,0.0,,0,0.0,0,0.0,0.0,,0,0.0,0,0.0,0.0,,0,0.0
prebreak,600897,2019-03-22,S,S,A,C,S,S,A,14.4605,14.32,13.68,0.64,,0,0.0,0.0,,0,0.0,0,0.0,0.0,,0,0.0,0,0.0,0.0,,0,0.0
prebreak,600332,2019-03-27,S,S,A,C,S,S,A,32.24,31.51,30.12,1.39,,0,0.0,0.0,,0,0.0,0,0.0,0.0,,0,0.0,0,0.0,0.0,,0,0.0
prebreak,000623,2019-03-29,S,S,A,C,S,S,A,15.2698,15.89,15.11,0.78,,0,0.0,0.0,,0,0.0,0,0.0,0.0,,0,0.0,0,0.0,0.0,,0,0.0
prebreak,600897,2019-03-29,S,S,A,C,S,S,A,14.4424,14.5,13.9,0.6,,1,14.5,14.4244,2019-04-03,0,-0.1443,1,14.5,14.4244,2019-04-03,0,-0.1443,1,14.5,14.4244,2019-04-03,0,-0.1443
prebreak,600362,2019-04-02,S,S,A,C,S,S,A,14.083,13.42,12.81,0.61,,0,0.0,0.0,,0,0.0,0,0.0,0.0,,0,0.0,0,0.0,0.0,,0,0.0
prebreak,600332,2019-04-03,S,S,A,C,S,S,A,32.8662,32.8,31.39,1.41,,0,0.0,0.0,,0,0.0,0,0.0,0.0,,0,0.0,0,0.0,0.0,,0,0.0
prebreak,600893,2019-04-04,S,S,A,C,S,S,A,26.3582,25.99,24.63,1.36,,0,0.0,0.0,,0,0.0,0,0.0,0.0,,0,0.0,0,0.0,0.0,,0,0.0
prebreak,601800,2019-04-04,S,S,A,C,S,S,A,11.0442,10.21,9.68,0.53,,1,10.21,11.464,2019-04-12,0,2.3499,1,10.21,11.4236,2019-04-19,0,2.2738,1,10.21,9.68,2019-05-06,1,-1.014
prebreak,600897,2019-04-08,S,S,A,C,S,S,A,14.4665,14.67,13.9,0.77,,0,0.0,0.0,,0,0.0,0,0.0,0.0,,0,0.0,0,0.0,0.0,,0,0.0
prebreak,000408,2019-04-10,S,S,A,C,S,S,A,10.1204,10.42,9.88,0.54,,0,0.0,0.0,,0,0.0,0,0.0,0.0,,0,0.0,0,0.0,0.0,,0,0.0
prebreak,600104,2019-04-10,S,S,A,C,S,S,A,22.6257,20.24,19.32,0.92,,0,0.0,0.0,,0,0.0,0,0.0,0.0,,0,0.0,0,0.0,0.0,,0,0.0
prebreak,600697,2019-04-12,S,S,A,C,S,S,A,18.3316,19.05,18.12,0.93,,0,0.0,0.0,,0,0.0,0,0.0,0.0,,0,0.0,0,0.0,0.0,,0,0.0
prebreak,603808,2019-04-16,S,S,A,C,S,S,A,15.1233,15.31,14.54,0.77,,0,0.0,0.0,,0,0.0,0,0.0,0.0,,0,0.0,0,0.0,0.0,,0,0.0
prebreak,600104,2019-04-17,S,S,A,C,S,S,A,23.3921,20.24,19.32,0.92,,0,0.0,0.0,,0,0.0,0,0.0,0.0,,0,0.0,0,0.0,0.0,,0,0.0
prebreak,600104,2019-04-24,S,S,A,C,S,S,A,21.9988,20.24,19.32,0.92,,0,0.0,0.0,,0,0.0,0,0.0,0.0,,0,0.0,0,0.0,0.0,,0,0.0
prebreak,600660,2019-05-07,S,S,A,C,S,S,A,18.8213,20.32,19.38,0.94,,0,0.0,0.0,,0,0.0,0,0.0,0.0,,0,0.0,0,0.0,0.0,,0,0.0
prebreak,000688,2019-05-08,S,S,A,C,S,S,A,12.0898,12.57,12.04,0.53,,0,0.0,0.0,,0,0.0,0,0.0,0.0,,0,0.0,0,0.0,0.0,,0,0.0
prebreak,600835,2019-05-08,S,S,A,C,S,S,A,12.9315,15.44,14.74,0.7,,0,0.0,0.0,,0,0.0,0,0.0,0.0,,0,0.0,0,0.0,0.0,,0,0.0
prebreak,000895,2019-05-24,S,S,A,C,S,S,A,17.4188,17.86,17.11,0.75,,0,0.0,0.0,,0,0.0,0,0.0,0.0,,0,0.0,0,0.0,0.0,,0,0.0
prebreak,600104,2019-05-27,S,S,A,C,S,S,A,18.3607,20.32,19.44,0.88,,0,0.0,0.0,,0,0.0,0,0.0,0.0,,0,0.0,0,0.0,0.0,,0,0.0
prebreak,000895,2019-05-31,S,S,A,C,S,S,A,17.6014,18.1,17.28,0.82,,0,0.0,0.0,,0,0.0,0,0.0,0.0,,0,0.0,1,18.1,18.2122,2019-07-01,0,0.1199
prebreak,600104,2019-06-11,S,S,A,C,S,S,A,19.0031,19.31,18.34,0.97,,0,0.0,0.0,,0,0.0,0,0.0,0.0,,0,0.0,0,0.0,0.0,,0,0.0
prebreak,600388,2019-06-20,S,S,A,C,S,S,A,10.5468,10.48,9.95,0.53,,1,10.48,10.5037,2019-06-25,0,0.0297,1,10.48,10.5037,2019-06-25,0,0.0297,1,10.48,10.5037,2019-06-25,0,0.0297
prebreak,600388,2019-06-27,S,S,A,C,S,S,A,10.9432,10.48,9.95,0.53,,1,10.48,10.6129,2019-07-04,0,0.2356,1,10.48,9.95,2019-07-10,1,-1.0144,1,10.48,9.95,2019-07-10,1,-1.0144
prebreak,603368,2019-07-05,S,S,A,C,S,S,A,19.4746,19.17,18.35,0.82,,0,0.0,0.0,,0,0.0,0,0.0,0.0,,0,0.0,0,0.0,0.0,,0,0.0
prebreak,300457,2019-07-25,S,S,A,C,S,S,A,15.5613,16.24,15.56,0.68,,0,0.0,0.0,,0,0.0,0,0.0,0.0,,0,0.0,0,0.0,0.0,,0,0.0
prebreak,600885,2019-07-26,S,S,A,C,S,S,A,11.4581,11.98,11.42,0.56,,1,11.98,12.1769,2019-08-02,0,0.3351,1,11.98,11.9263,2019-08-09,0,-0.1122,1,11.98,11.6142,2019-08-23,0,-0.6691
prebreak,600104,2019-07-30,S,S,A,C,S,S,A,20.2747,19.84,18.96,0.88,,0,0.0,0.0,,0,0.0,0,0.0,0.0,,0,0.0,0,0.0,0.0,,0,0.0
prebreak,600566,2019-08-07,S,S,A,C,S,S,A,20.2618,23.73,22.68,1.05,,0,0.0,0.0,,0,0.0,0,0.0,0.0,,0,0.0,0,0.0,0.0,,0,0.0
prebreak,600566,2019-08-14,S,S,A,C,S,S,A,20.4508,20.59,19.65,0.94,,0,0.0,0.0,,0,0.0,0,0.0,0.0,,0,0.0,0,0.0,0.0,,0,0.0
prebreak,600315,2019-08-15,S,S,A,C,S,S,A,32.9211,29.87,28.44,1.43,,1,29.87,33.2429,2019-08-22,0,2.3413,1,29.87,32.5614,2019-08-29,0,1.865,1,29.87,31.5296,2019-09-12,0,1.144
prebreak,600563,2019-08-16,S,S,A,C,S,S,A,36.6056,39.59,37.94,1.65,,0,0.0,0.0,,0,0.0,0,0.0,0.0,,0,0.0,0,0.0,0.0,,0,0.0
prebreak,300073,2019-08-19,S,S,A,C,S,S,A,22.3085,23.34,22.19,1.15,,0,0.0,0.0,,0,0.0,0,0.0,0.0,,0,0.0,0,0.0,0.0,,0,0.0
prebreak,600104,2019-08-20,S,S,A,C,S,S,A,19.7536,20.4,19.48,0.92,,1,20.4,20.3236,2019-08-27,0,-0.0999,1,20.4,20.0386,2019-09-03,0,-0.4095,1,20.4,20.1688,2019-09-18,0,-0.268
prebreak,600566,2019-08-21,S,S,A,C,S,S,A,20.3054,20.59,19.65,0.94,,0,0.0,0.0,,0,0.0,0,0.0,0.0,,0,0.0,0,0.0,0.0,,0,0.0
prebreak,600315,2019-08-22,S,S,A,C,S,S,A,33.2429,29.87,28.44,1.43,,0,0.0,0.0,,0,0.0,0,0.0,0.0,,0,0.0,0,0.0,0.0,,0,0.0
prebreak,600885,2019-08-23,S,S,A,C,S,S,A,11.6142,12.02,11.47,0.55,,0,0.0,0.0,,0,0.0,0,0.0,0.0,,0,0.0,1,12.02,12.1201,2019-09-23,0,0.1654
prebreak,600104,2019-08-27,S,S,A,C,S,S,A,20.3236,20.16,19.45,0.71,,1,20.16,20.0386,2019-09-03,0,-0.1925,1,20.16,20.7632,2019-09-10,0,0.8275,1,20.16,19.45,2019-09-25,1,-1.0209
prebreak,600566,2019-08-28,S,S,A,C,S,S,A,21.7153,20.59,19.65,0.94,,0,0.0,0.0,,0,0.0,0,0.0,0.0,,0,0.0,0,0.0,0.0,,0,0.0
prebreak,300073,2019-09-02,S,S,A,C,S,S,A,22.7351,22.71,21.58,1.13,,0,0.0,0.0,,0,0.0,0,0.0,0.0,,0,0.0,0,0.0,0.0,,0,0.0
prebreak,600566,2019-09-04,S,S,A,C,S,S,A,21.57,21.95,20.9,1.05,,0,0.0,0.0,,0,0.0,0,0.0,0.0,,0,0.0,0,0.0,0.0,,0,0.0
prebreak,600048,2019-09-12,S,S,A,C,S,S,A,11.2629,10.87,10.3,0.57,,0,0.0,0.0,,0,0.0,0,0.0,0.0,,0,0.0,0,0.0,0.0,,0,0.0
prebreak,600104,2019-09-18,S,S,A,C,S,S,A,20.1688,20.82,19.98,0.84,,0,0.0,0.0,,0,0.0,0,0.0,0.0,,0,0.0,0,0.0,0.0,,0,0.0
prebreak,603866,2019-09-19,S,S,A,C,S,S,A,16.4019,16.66,15.9,0.76,,0,0.0,0.0,,0,0.0,0,0.0,0.0,,0,0.0,0,0.0,0.0,,0,0.0
prebreak,600048,2019-09-20,S,S,A,C,S,S,A,11.2168,11.58,11.02,0.56,,0,0.0,0.0,,0,0.0,1,11.58,12.0861,2019-10-11,0,0.8875,1,11.58,11.9476,2019-10-25,0,0.6404
prebreak,001979,2019-09-27,S,S,A,C,S,S,A,15.1557,15.86,15.05,0.81,,0,0.0,0.0,,0,0.0,0,0.0,0.0,,0,0.0,0,0.0,0.0,,0,0.0
prebreak,600048,2019-09-27,S,S,A,C,S,S,A,10.9552,11.42,10.85,0.57,,1,11.42,12.0861,2019-10-11,0,1.1527,1,11.42,11.7861,2019-10-18,0,0.6266,1,11.42,11.4014,2019-11-01,0,-0.0478
prebreak,000997,2019-10-08,S,S,A,C,S,S,A,14.3087,16.24,15.41,0.83,,0,0.0,0.0,,0,0.0,0,0.0,0.0,,0,0.0,0,0.0,0.0,,0,0.0
prebreak,300146,2019-10-08,S,S,A,C,S,S,A,13.6526,15.65,14.85,0.8,,0,0.0,0.0,,0,0.0,0,0.0,0.0,,0,0.0,0,0.0,0.0,,0,0.0
prebreak,600597,2019-10-11,S,S,A,C,S,S,A,9.6901,9.86,9.36,0.5,,0,0.0,0.0,,0,0.0,0,0.0,0.0,,0,0.0,0,0.0,0.0,,0,0.0
prebreak,000997,2019-10-22,S,S,A,C,S,S,A,14.0067,14.95,14.24,0.71,,1,14.95,14.4153,2019-10-29,0,-0.7687,1,14.95,14.24,2019-10-30,1,-1.0154,1,14.95,14.24,2019-10-30,1,-1.0154
prebreak,002223,2019-10-25,S,S,A,C,S,S,A,19.0345,19.7,18.95,0.75,,0,0.0,0.0,,0,0.0,1,19.7,19.6067,2019-11-08,0,-0.1443,1,19.7,18.95,2019-11-11,1,-1.0193
prebreak,600563,2019-10-28,S,S,A,C,S,S,A,39.4345,40.62,38.83,1.79,,0,0.0,0.0,,0,0.0,0,0.0,0.0,,0,0.0,0,0.0,0.0,,0,0.0
prebreak,002223,2019-11-01,S,S,A,C,S,S,A,19.1049,19.47,18.48,0.99,,0,0.0,0.0,,0,0.0,0,0.0,0.0,,0,0.0,0,0.0,0.0,,0,0.0
prebreak,002301,2019-11-01,S,S,A,C,S,S,A,12.1952,11.26,10.76,0.5,,0,0.0,0.0,,0,0.0,0,0.0,0.0,,0,0.0,0,0.0,0.0,,0,0.0
prebreak,002410,2019-11-01,S,S,A,C,S,S,A,21.8238,23.87,22.63,1.24,,0,0.0,0.0,,0,0.0,0,0.0,0.0,,0,0.0,0,0.0,0.0,,0,0.0
prebreak,300001,2019-11-07,S,S,A,C,S,S,A,16.7863,16.53,15.83,0.7,,0,0.0,0.0,,0,0.0,0,0.0,0.0,,0,0.0,0,0.0,0.0,,0,0.0
prebreak,600612,2019-11-07,S,S,A,C,S,S,A,40.8172,42.44,40.3,2.14,,0,0.0,0.0,,0,0.0,0,0.0,0.0,,0,0.0,0,0.0,0.0,,0,0.0
prebreak,603678,2019-11-07,S,S,A,C,S,S,A,20.2681,22.27,21.25,1.02,,0,0.0,0.0,,0,0.0,0,0.0,0.0,,0,0.0,0,0.0,0.0,,0,0.0
prebreak,002223,2019-11-08,S,S,A,C,S,S,A,19.6067,19.65,18.67,0.98,,0,0.0,0.0,,0,0.0,0,0.0,0.0,,0,0.0,0,0.0,0.0,,0,0.0
prebreak,603678,2019-11-14,S,S,A,C,S,S,A,19.1828,20.75,19.67,1.08,,0,0.0,0.0,,0,0.0,0,0.0,0.0,,0,0.0,1,20.75,20.2015,2019-12-04,0,-0.5222
prebreak,000999,2019-11-19,S,S,A,C,S,S,A,14.5932,15.26,14.46,0.8,,0,0.0,0.0,,0,0.0,0,0.0,0.0,,0,0.0,0,0.0,0.0,,0,0.0
prebreak,002352,2019-11-21,S,S,A,C,S,S,A,35.1387,36.48,34.89,1.59,,0,0.0,0.0,,0,0.0,0,0.0,0.0,,0,0.0,0,0.0,0.0,,0,0.0
prebreak,603180,2019-11-25,S,S,A,C,S,S,A,26.5629,28.38,27.27,1.11,,0,0.0,0.0,,0,0.0,0,0.0,0.0,,0,0.0,1,28.38,27.657,2019-12-23,0,-0.6704
prebreak,002179,2019-11-27,S,S,A,C,S,S,A,19.6292,19.92,19.02,0.9,,0,0.0,0.0,,0,0.0,0,0.0,0.0,,0,0.0,0,0.0,0.0,,0,0.0
prebreak,002352,2019-11-28,S,S,A,C,S,S,A,34.0791,35.52,33.89,1.63,,0,0.0,0.0,,0,0.0,0,0.0,0.0,,0,0.0,0,0.0,0.0,,0,0.0
prebreak,600612,2019-11-28,S,S,A,C,S,S,A,38.4105,39.7,37.85,1.85,,0,0.0,0.0,,0,0.0,0,0.0,0.0,,0,0.0,0,0.0,0.0,,0,0.0
prebreak,002223,2019-11-29,S,S,A,C,S,S,A,17.1944,18.56,17.74,0.82,,0,0.0,0.0,,0,0.0,0,0.0,0.0,,0,0.0,0,0.0,0.0,,0,0.0
prebreak,600754,2019-11-29,S,S,A,C,S,S,A,21.9887,22.23,21.08,1.15,,1,22.23,23.258,2019-12-06,0,0.8787,1,22.23,24.1072,2019-12-13,0,1.6166,1,22.23,26.6367,2019-12-27,0,3.8148
prebreak,601601,2019-11-29,S,S,A,C,S,S,A,26.0967,27.01,25.86,1.15,,0,0.0,0.0,,0,0.0,0,0.0,0.0,,0,0.0,0,0.0,0.0,,0,0.0
prebreak,300001,2019-12-05,S,S,A,C,S,S,A,15.7989,15.86,15.03,0.83,,1,15.86,17.8031,2019-12-12,0,2.325,1,15.86,17.5489,2019-12-19,0,2.019,1,15.86,17.6173,2020-01-03,0,2.1014
prebreak,300036,2019-12-05,S,S,A,C,S,S,A,18.6948,18.78,17.85,0.93,,0,0.0,0.0,,0,0.0,0,0.0,0.0,,0,0.0,0,0.0,0.0,,0,0.0
prebreak,600612,2019-12-05,S,S,A,C,S,S,A,39.4936,39.7,38.04,1.66,,0,0.0,0.0,,0,0.0,0,0.0,0.0,,0,0.0,0,0.0,0.0,,0,0.0
prebreak,002223,2019-12-06,S,S,A,C,S,S,A,17.1328,17.24,16.54,0.7,,0,0.0,0.0,,0,0.0,0,0.0,0.0,,0,0.0,0,0.0,0.0,,0,0.0
prebreak,600754,2019-12-06,S,S,A,C,S,S,A,23.258,22.23,21.08,1.15,,0,0.0,0.0,,0,0.0,0,0.0,0.0,,0,0.0,0,0.0,0.0,,0,0.0
prebreak,300316,2019-12-10,S,S,A,C,S,S,A,13.567,13.42,12.7,0.72,,1,13.42,14.1146,2019-12-17,0,0.95,1,13.42,14.2374,2019-12-24,0,1.1204,1,13.42,15.8141,2020-01-08,0,3.3088
prebreak,600309,2019-12-11,S,S,A,C,S,S,A,44.2172,43.83,41.55,2.28,,0,0.0,0.0,,0,0.0,0,0.0,0.0,,0,0.0,0,0.0,0.0,,0,0.0
prebreak,300001,2019-12-12,S,S,A,C,S,S,A,17.8031,15.86,15.03,0.83,,1,15.86,17.5489,2019-12-19,0,2.019,1,15.86,17.5978,2019-12-26,0,2.0778,1,15.86,19.1033,2020-01-10,0,3.8906
prebreak,300036,2019-12-12,S,S,A,C,S,S,A,19.687,18.78,17.85,0.93,,0,0.0,0.0,,0,0.0,0,0.0,0.0,,0,0.0,0,0.0,0.0,,0,0.0
prebreak,600612,2019-12-12,S,S,A,C,S,S,A,38.0335,39.55,37.53,2.02,,0,0.0,0.0,,0,0.0,0,0.0,0.0,,0,0.0,1,39.55,39.1325,2020-01-10,0,-0.2214
prebreak,300607,2019-12-13,S,S,A,C,S,S,A,14.1641,13.76,13.22,0.54,,1,13.76,16.1382,2019-12-20,0,4.382,1,13.76,16.8245,2019-12-27,0,5.652,1,13.76,16.9191,2020-01-13,0,5.8272
prebreak,600372,2019-12-13,S,S,A,C,S,S,A,12.9872,13.34,12.73,0.61,,1,13.34,13.5797,2019-12-20,0,0.3761,1,13.34,13.5033,2019-12-27,0,0.2509,1,13.34,14.5927,2020-01-13,0,2.0357
prebreak,002032,2019-12-16,S,S,A,C,S,S,A,55.5645,56.53,54.2,2.33,,0,0.0,0.0,,0,0.0,0,0.0,0.0,,0,0.0,0,0.0,0.0,,0,0.0
prebreak,300288,2019-12-16,S,S,A,C,S,S,A,12.2569,11.87,11.31,0.56,,0,0.0,0.0,,0,0.0,0,0.0,0.0,,0,0.0,0,0.0,0.0,,0,0.0
prebreak,000333,2019-12-17,S,S,A,C,S,S,A,44.4125,44.84,43.03,1.81,,0,0.0,0.0,,0,0.0,0,0.0,0.0,,0,0.0,0,0.0,0.0,,0,0.0
prebreak,603708,2019-12-17,S,S,A,C,S,S,A,21.7254,21.44,20.3,1.14,,0,0.0,0.0,,0,0.0,0,0.0,0.0,,0,0.0,0,0.0,0.0,,0,0.0
prebreak,603833,2019-12-17,S,S,A,C,S,S,A,60.7613,58.92,56.14,2.78,,1,58.92,63.9501,2019-12-24,0,1.7921,1,58.92,67.7118,2019-12-31,0,3.1444,1,58.92,65.7557,2020-01-15,0,2.4412
prebreak,002601,2019-12-18,S,S,A,C,S,S,A,10.2189,9.96,9.46,0.5,,0,0.0,0.0,,0,0.0,0,0.0,0.0,,0,0.0,0,0.0,0.0,,0,0.0
prebreak,300688,2019-12-19,S,S,A,C,S,S,A,15.0212,14.04,13.45,0.59,,0,0.0,0.0,,0,0.0,0,0.0,0.0,,0,0.0,0,0.0,0.0,,0,0.0
prebreak,601163,2019-12-24,S,S,A,C,S,S,A,12.017,12.33,11.82,0.51,,1,12.33,12.516,2019-12-31,0,0.3461,1,12.33,12.5651,2020-01-08,0,0.4423,1,12.33,12.9005,2020-01-22,0,1.0995
prebreak,603833,2019-12-24,S,S,A,C,S,S,A,63.9501,58.92,56.14,2.78,,0,0.0,0.0,,0,0.0,0,0.0,0.0,,0,0.0,0,0.0,0.0,,0,0.0
prebreak,603313,2019-12-26,S,S,A,C,S,S,A,16.041,15.29,14.53,0.76,,0,0.0,0.0,,0,0.0,0,0.0,0.0,,0,0.0,0,0.0,0.0,,0,0.0
prebreak,002142,2019-12-30,S,S,A,C,S,S,A,22.5697,23.2,22.17,1.03,,1,23.2,23.8339,2020-01-07,0,0.5979,1,23.2,23.0883,2020-01-14,0,-0.1255,1,23.2,22.17,2020-01-22,1,-1.0165
prebreak,300024,2019-12-30,S,S,A,C,S,S,A,14.01,14.35,13.77,0.58,,1,14.35,14.74,2020-01-07,0,0.6532,1,14.35,14.64,2020-01-14,0,0.4809,1,14.35,13.77,2020-02-03,1,-1.0182
prebreak,603708,2019-12-31,S,S,A,C,S,S,A,21.6099,21.7,20.74,0.96,,0,0.0,0.0,,0,0.0,0,0.0,0.0,,0,0.0,0,0.0,0.0,,0,0.0
prebreak,002281,2020-01-02,S,S,A,C,S,S,A,29.1459,28.81,27.56,1.25,,0,0.0,0.0,,0,0.0,0,0.0,0.0,,0,0.0,0,0.0,0.0,,0,0.0
prebreak,300596,2020-01-03,S,S,A,C,S,S,A,33.7316,33.27,31.71,1.56,,1,33.27,36.5904,2020-01-10,0,2.1109,1,33.27,35.8099,2020-01-17,0,1.6109,1,33.27,31.71,2020-02-03,1,-1.0156
prebreak,600372,2020-01-06,S,S,A,C,S,S,A,15.0036,13.98,13.31,0.67,,0,0.0,0.0,,0,0.0,0,0.0,0.0,,0,0.0,0,0.0,0.0,,0,0.0
prebreak,002142,2020-01-07,S,S,A,C,S,S,A,23.8339,23.16,22.17,0.99,,0,0.0,0.0,,0,0.0,0,0.0,0.0,,0,0.0,0,0.0,0.0,,0,0.0
prebreak,002558,2020-01-07,S,S,A,C,S,S,A,18.1192,16.78,16.01,0.77,,1,16.78,17.6842,2020-01-14,0,1.1569,1,16.78,16.4514,2020-01-21,0,-0.443,1,16.78,16.01,2020-02-03,1,-1.0159
prebreak,300024,2020-01-07,S,S,A,C,S,S,A,14.74,14.39,13.77,0.62,,0,0.0,0.0,,0,0.0,0,0.0,0.0,,0,0.0,0,0.0,0.0,,0,0.0
prebreak,002281,2020-01-09,S,S,A,C,S,S,A,30.4541,29.96,28.51,1.45,,0,0.0,0.0,,0,0.0,0,0.0,0.0,,0,0.0,0,0.0,0.0,,0,0.0
prebreak,300625,2020-01-10,S,S,A,C,S,S,A,13.7966,12.99,12.29,0.7,,1,12.99,13.575,2020-01-17,0,0.8211,1,12.99,12.29,2020-02-03,1,-1.0135,1,12.99,12.29,2020-02-03,1,-1.0135
prebreak,603899,2020-01-10,S,S,A,C,S,S,A,43.2551,41.87,39.84,2.03,,0,0.0,0.0,,0,0.0,0,0.0,0.0,,0,0.0,0,0.0,0.0,,0,0.0
prebreak,002223,2020-01-13,S,S,A,C,S,S,A,18.2773,18.55,17.82,0.73,,1,18.55,18.8496,2020-01-20,0,0.3908,1,18.55,25.2325,2020-02-04,0,9.1291,1,18.55,25.5847,2020-02-18,0,9.6112
prebreak,002253,2020-01-13,S,S,A,C,S,S,A,15.2265,14.73,13.95,0.78,,0,0.0,0.0,,0,0.0,0,0.0,0.0,,0,0.0,0,0.0,0.0,,0,0.0
prebreak,300718,2020-01-13,S,S,A,C,S,S,A,13.334,12.83,12.24,0.59,,1,12.83,14.4749,2020-01-20,0,2.7697,1,12.83,14.4398,2020-02-04,0,2.7102,1,12.83,13.9717,2020-02-18,0,1.9174
prebreak,002142,2020-01-14,S,S,A,C,S,S,A,23.0883,24.01,22.98,1.03,,0,0.0,0.0,,0,0.0,0,0.0,0.0,,0,0.0,0,0.0,0.0,,0,0.0
prebreak,002558,2020-01-14,S,S,A,C,S,S,A,17.6842,16.78,16.01,0.77,,1,16.78,17.2128,2020-01-17,0,0.5452,1,16.78,17.2128,2020-01-17,0,0.5452,1,16.78,17.2128,2020-01-17,0,0.5452
prebreak,300024,2020-01-14,S,S,A,C,S,S,A,14.64,14.94,14.25,0.69,,1,14.94,15.2,2020-01-21,0,0.3601,1,14.94,14.25,2020-02-03,1,-1.0158,1,14.94,14.25,2020-02-03,1,-1.0158
prebreak,600118,2020-01-14,S,S,A,C,S,S,A,22.0064,21.03,20.22,0.81,,0,0.0,0.0,,0,0.0,0,0.0,0.0,,0,0.0,0,0.0,0.0,,0,0.0
prebreak,002153,2020-01-15,S,S,A,C,S,S,A,15.7604,15.81,15.12,0.69,,0,0.0,0.0,,0,0.0,0,0.0,0.0,,0,0.0,0,0.0,0.0,,0,0.0
prebreak,300423,2020-01-15,S,S,A,C,S,S,A,13.3793,13.67,13.08,0.59,,1,13.67,13.9653,2020-01-22,0,0.4826,1,13.67,13.08,2020-02-03,1,-1.017,1,13.67,13.08,2020-02-03,1,-1.017
prebreak,300642,2020-01-15,S,S,A,C,S,S,A,23.6989,22.26,21.31,0.95,,0,0.0,0.0,,0,0.0,0,0.0,0.0,,0,0.0,0,0.0,0.0,,0,0.0
prebreak,603578,2020-01-15,S,S,A,C,S,S,A,11.9141,10.73,10.22,0.51,,1,10.73,11.7382,2020-01-20,0,1.9596,1,10.73,11.7382,2020-01-20,0,1.9596,1,10.73,11.7382,2020-01-20,0,1.9596
prebreak,300625,2020-01-17,S,S,A,C,S,S,A,13.575,12.99,12.29,0.7,,0,0.0,0.0,,0,0.0,0,0.0,0.0,,0,0.0,0,0.0,0.0,,0,0.0
prebreak,600498,2020-01-17,S,S,A,C,S,S,A,26.1592,26.91,25.98,0.93,,0,0.0,0.0,,0,0.0,0,0.0,0.0,,0,0.0,1,26.91,27.6295,2020-02-24,0,0.7511
prebreak,603899,2020-01-17,S,S,A,C,S,S,A,43.7601,44.44,42.83,1.61,,0,0.0,0.0,,0,0.0,0,0.0,0.0,,0,0.0,0,0.0,0.0,,0,0.0
prebreak,001979,2020-01-20,S,S,A,C,S,S,A,14.8845,15.9,15.29,0.61,,0,0.0,0.0,,0,0.0,0,0.0,0.0,,0,0.0,0,0.0,0.0,,0,0.0
prebreak,603578,2020-01-22,S,S,A,C,S,S,A,11.3812,10.73,10.22,0.51,,0,0.0,0.0,,0,0.0,0,0.0,0.0,,0,0.0,0,0.0,0.0,,0,0.0
prebreak,001979,2020-02-04,S,S,A,C,S,S,A,13.0658,15.9,15.29,0.61,,0,0.0,0.0,,0,0.0,0,0.0,0.0,,0,0.0,0,0.0,0.0,,0,0.0
prebreak,002851,2020-02-04,S,S,A,C,S,S,A,20.5908,22.08,21.03,1.05,,0,0.0,0.0,,0,0.0,0,0.0,0.0,,0,0.0,0,0.0,0.0,,0,0.0
prebreak,300233,2020-02-04,S,S,A,C,S,S,A,17.2964,18.51,17.77,0.74,,1,18.51,17.9751,2020-02-11,0,-0.7414,1,18.51,18.397,2020-02-18,0,-0.1717,1,18.51,17.77,2020-02-28,1,-1.0184
prebreak,600315,2020-02-04,S,S,A,C,S,S,A,24.7334,30.27,28.98,1.29,,0,0.0,0.0,,0,0.0,0,0.0,0.0,,0,0.0,0,0.0,0.0,,0,0.0
prebreak,000776,2020-02-05,S,S,A,C,S,S,A,11.3919,13.04,12.48,0.56,,0,0.0,0.0,,0,0.0,0,0.0,0.0,,0,0.0,1,13.04,12.8876,2020-02-24,0,-0.2897
prebreak,002142,2020-02-05,S,S,A,C,S,S,A,21.0461,23.23,22.09,1.14,,0,0.0,0.0,,0,0.0,0,0.0,0.0,,0,0.0,0,0.0,0.0,,0,0.0
prebreak,002302,2020-02-05,S,S,A,C,S,S,A,8.6141,10.98,10.44,0.54,,0,0.0,0.0,,0,0.0,0,0.0,0.0,,0,0.0,1,10.98,10.9643,2020-03-04,0,-0.0445
prebreak,603288,2020-02-05,S,S,A,C,S,S,A,45.2434,47.93,45.81,2.12,,0,0.0,0.0,,0,0.0,0,0.0,0.0,,0,0.0,0,0.0,0.0,,0,0.0
prebreak,603368,2020-02-05,S,S,A,C,S,S,A,21.6289,19.72,18.95,0.77,,1,19.72,20.7959,2020-02-10,0,1.3769,1,19.72,20.7959,2020-02-10,0,1.3769,1,19.72,20.7959,2020-02-10,0,1.3769
prebreak,002038,2020-02-06,S,S,A,C,S,S,A,14.2848,12.84,12.19,0.65,,1,12.84,13.325,2020-02-11,0,0.7307,1,12.84,13.325,2020-02-11,0,0.7307,1,12.84,13.325,2020-02-11,0,0.7307
prebreak,601163,2020-02-06,S,S,A,C,S,S,A,11.5343,13.41,12.76,0.65,,0,0.0,0.0,,0,0.0,0,0.0,0.0,,0,0.0,0,0.0,0.0,,0,0.0
prebreak,603708,2020-02-06,S,S,A,C,S,S,A,21.2903,22.3,21.27,1.03,,1,22.3,22.4534,2020-02-13,0,0.1324,1,22.3,22.116,2020-02-20,0,-0.195,1,22.3,21.27,2020-02-24,1,-1.0158
prebreak,603919,2020-02-06,S,S,A,C,S,S,A,9.721,12.4,11.86,0.54,,0,0.0,0.0,,0,0.0,0,0.0,0.0,,0,0.0,0,0.0,0.0,,0,0.0
prebreak,300520,2020-02-07,S,S,A,C,S,S,A,22.2779,18.85,17.95,0.9,,1,18.85,23.4959,2020-02-14,0,5.143,1,18.85,24.0853,2020-02-21,0,5.7974,1,18.85,23.8692,2020-03-06,0,5.5574
prebreak,600104,2020-02-07,S,S,A,C,S,S,A,17.3027,20.71,19.86,0.85,,0,0.0,0.0,,0,0.0,0,0.0,0.0,,0,0.0,0,0.0,0.0,,0,0.0
prebreak,002468,2020-02-10,S,S,A,C,S,S,A,18.8723,19.71,18.66,1.05,,1,19.71,20.3601,2020-02-17,0,0.6045,1,19.71,19.5966,2020-02-24,0,-0.1222,1,19.71,18.66,2020-02-28,1,-1.0136
prebreak,002926,2020-02-10,S,S,A,C,S,S,A,9.7406,10.35,9.8,0.55,,0,0.0,0.0,,0,0.0,1,10.35,11.607,2020-02-24,0,2.2698,1,10.35,10.9013,2020-03-09,0,0.9875
prebreak,300683,2020-02-10,S,S,A,C,S,S,A,30.2816,31.06,30.0,1.06,,0,0.0,0.0,,0,0.0,0,0.0,0.0,,0,0.0,0,0.0,0.0,,0,0.0
prebreak,601211,2020-02-10,S,S,A,C,S,S,A,13.5854,15.44,14.85,0.59,,0,0.0,0.0,,0,0.0,0,0.0,0.0,,0,0.0,1,15.44,14.85,2020-03-09,1,-1.0193
prebreak,603508,2020-02-10,S,S,A,C,S,S,A,20.9707,23.48,22.52,0.96,,0,0.0,0.0,,0,0.0,1,23.48,23.8438,2020-02-24,0,0.3601,1,23.48,22.52,2020-02-25,1,-1.018
prebreak,002253,2020-02-11,S,S,A,C,S,S,A,13.2212,15.35,14.81,0.54,,0,0.0,0.0,,0,0.0,1,15.35,15.3543,2020-02-25,0,-0.0137,1,15.35,14.81,2020-02-26,1,-1.021
prebreak,002851,2020-02-11,S,S,A,C,S,S,A,22.0373,22.08,21.03,1.05,,0,0.0,0.0,,0,0.0,0,0.0,0.0,,0,0.0,0,0.0,0.0,,0,0.0
prebreak,300233,2020-02-11,S,S,A,C,S,S,A,17.9751,18.51,17.77,0.74,,0,0.0,0.0,,0,0.0,0,0.0,0.0,,0,0.0,0,0.0,0.0,,0,0.0
prebreak,600315,2020-02-11,S,S,A,C,S,S,A,26.4088,30.27,28.98,1.29,,0,0.0,0.0,,0,0.0,0,0.0,0.0,,0,0.0,0,0.0,0.0,,0,0.0
prebreak,603858,2020-02-11,S,S,A,C,S,S,A,17.0995,18.31,17.42,0.89,,0,0.0,0.0,,0,0.0,1,18.31,19.2183,2020-02-25,0,1.0043,1,18.31,18.0927,2020-03-10,0,-0.2597
prebreak,002142,2020-02-12,S,S,A,C,S,S,A,21.192,23.23,22.09,1.14,,0,0.0,0.0,,0,0.0,0,0.0,0.0,,0,0.0,0,0.0,0.0,,0,0.0
prebreak,002558,2020-02-12,S,S,A,C,S,S,A,16.7687,18.37,17.41,0.96,,0,0.0,0.0,,0,0.0,1,18.37,17.41,2020-02-26,1,-1.0139,1,18.37,17.41,2020-02-26,1,-1.0139
prebreak,603288,2020-02-12,S,S,A,C,S,S,A,46.5833,47.93,45.81,2.12,,0,0.0,0.0,,0,0.0,0,0.0,0.0,,0,0.0,0,0.0,0.0,,0,0.0
prebreak,603368,2020-02-12,S,S,A,C,S,S,A,20.4455,19.72,18.95,0.77,,0,0.0,0.0,,0,0.0,0,0.0,0.0,,0,0.0,0,0.0,0.0,,0,0.0
prebreak,002262,2020-02-17,S,S,A,C,S,S,A,10.5991,11.22,10.69,0.53,,0,0.0,0.0,,0,0.0,0,0.0,0.0,,0,0.0,1,11.22,10.69,2020-03-12,1,-1.0155
prebreak,002926,2020-02-17,S,S,A,C,S,S,A,9.9635,10.35,9.8,0.55,,1,10.35,11.607,2020-02-24,0,2.2698,1,10.35,10.9199,2020-03-02,0,1.0212,1,10.35,10.047,2020-03-16,0,-0.5648
prebreak,600111,2020-02-17,S,S,A,C,S,S,A,9.7016,10.75,10.2,0.55,,0,0.0,0.0,,0,0.0,0,0.0,0.0,,0,0.0,0,0.0,0.0,,0,0.0
prebreak,600660,2020-02-17,S,S,A,C,S,S,A,20.7567,20.96,20.26,0.7,,0,0.0,0.0,,0,0.0,0,0.0,0.0,,0,0.0,0,0.0,0.0,,0,0.0
prebreak,601211,2020-02-17,S,S,A,C,S,S,A,14.311,13.86,13.31,0.55,,0,0.0,0.0,,0,0.0,0,0.0,0.0,,0,0.0,0,0.0,0.0,,0,0.0
prebreak,601233,2020-02-17,S,S,A,C,S,S,A,13.2626,13.34,12.78,0.56,,0,0.0,0.0,,0,0.0,0,0.0,0.0,,0,0.0,0,0.0,0.0,,0,0.0
prebreak,603508,2020-02-17,S,S,A,C,S,S,A,21.4352,21.5,20.52,0.98,,1,21.5,23.8438,2020-02-24,0,2.3734,1,21.5,24.5035,2020-03-02,0,3.0462,1,21.5,22.2199,2020-03-16,0,0.7174
prebreak,001979,2020-02-18,S,S,A,C,S,S,A,14.3102,15.9,15.29,0.61,,0,0.0,0.0,,0,0.0,0,0.0,0.0,,0,0.0,0,0.0,0.0,,0,0.0
prebreak,002232,2020-02-18,S,S,A,C,S,S,A,9.0288,10.21,9.7,0.51,,1,10.21,10.6731,2020-02-25,0,0.8923,1,10.21,10.2399,2020-03-03,0,0.0433,1,10.21,9.7,2020-03-17,1,-1.0146
prebreak,002727,2020-02-18,S,S,A,C,S,S,A,20.5657,21.24,20.13,1.11,,0,0.0,0.0,,0,0.0,0,0.0,0.0,,0,0.0,0,0.0,0.0,,0,0.0
prebreak,600315,2020-02-18,S,S,A,C,S,S,A,26.6928,26.88,25.7,1.18,,0,0.0,0.0,,0,0.0,0,0.0,0.0,,0,0.0,0,0.0,0.0,,0,0.0
prebreak,600323,2020-02-18,S,S,A,C,S,S,A,17.2694,17.45,16.64,0.81,,0,0.0,0.0,,0,0.0,0,0.0,0.0,,0,0.0,0,0.0,0.0,,0,0.0
prebreak,600329,2020-02-18,S,S,A,C,S,S,A,10.5536,11.13,10.59,0.54,,0,0.0,0.0,,0,0.0,0,0.0,0.0,,0,0.0,0,0.0,0.0,,0,0.0
prebreak,603260,2020-02-18,S,S,A,C,S,S,A,27.1699,29.15,27.74,1.41,,0,0.0,0.0,,0,0.0,0,0.0,0.0,,0,0.0,1,29.15,27.74,2020-03-09,1,-1.0151
prebreak,000776,2020-02-19,S,S,A,C,S,S,A,12.5137,13.04,12.48,0.56,,1,13.04,12.8876,2020-02-24,0,-0.2897,1,13.04,12.8876,2020-02-24,0,-0.2897,1,13.04,12.8876,2020-02-24,0,-0.2897
prebreak,000777,2020-02-19,S,S,A,C,S,S,A,11.377,10.89,10.36,0.53,,0,0.0,0.0,,0,0.0,0,0.0,0.0,,0,0.0,0,0.0,0.0,,0,0.0
prebreak,002142,2020-02-19,S,S,A,C,S,S,A,21.2811,21.86,20.84,1.02,,0,0.0,0.0,,0,0.0,0,0.0,0.0,,0,0.0,0,0.0,0.0,,0,0.0
prebreak,002302,2020-02-19,S,S,A,C,S,S,A,9.62,10.98,10.44,0.54,,0,0.0,0.0,,0,0.0,1,10.98,10.9643,2020-03-04,0,-0.0445,1,10.98,10.9643,2020-03-05,0,-0.0445
prebreak,002558,2020-02-19,S,S,A,C,S,S,A,16.3155,16.79,16.12,0.67,,1,16.79,17.385,2020-02-26,0,0.8685,1,16.79,17.5029,2020-03-04,0,1.0443,1,16.79,16.12,2020-03-10,1,-1.0184
prebreak,603288,2020-02-19,S,S,A,C,S,S,A,45.1738,46.8,44.66,2.14,,0,0.0,0.0,,0,0.0,0,0.0,0.0,,0,0.0,1,46.8,44.66,2020-03-09,1,-1.016
prebreak,603368,2020-02-19,S,S,A,C,S,S,A,19.825,20.53,19.7,0.83,,0,0.0,0.0,,0,0.0,0,0.0,0.0,,0,0.0,0,0.0,0.0,,0,0.0
prebreak,002025,2020-02-20,S,S,A,C,S,S,A,26.1819,26.38,25.05,1.33,,1,26.38,25.8426,2020-02-27,0,-0.4189,1,26.38,25.05,2020-02-28,1,-1.0144,1,26.38,25.05,2020-02-28,1,-1.0144
prebreak,002038,2020-02-20,S,S,A,C,S,S,A,12.9523,12.84,12.19,0.65,,0,0.0,0.0,,0,0.0,0,0.0,0.0,,0,0.0,0,0.0,0.0,,0,0.0
prebreak,300423,2020-02-20,S,S,A,C,S,S,A,13.3598,13.68,12.96,0.72,,1,13.68,12.96,2020-02-25,1,-1.0138,1,13.68,12.96,2020-02-25,1,-1.0138,1,13.68,12.96,2020-02-25,1,-1.0138
prebreak,300619,2020-02-20,S,S,A,C,S,S,A,11.3692,11.08,10.58,0.5,,0,0.0,0.0,,0,0.0,0,0.0,0.0,,0,0.0,0,0.0,0.0,,0,0.0
prebreak,600549,2020-02-20,S,S,A,C,S,S,A,11.85,11.95,11.45,0.5,,0,0.0,0.0,,0,0.0,0,0.0,0.0,,0,0.0,0,0.0,0.0,,0,0.0
prebreak,600690,2020-02-20,S,S,A,C,S,S,A,16.143,16.19,15.37,0.82,,0,0.0,0.0,,0,0.0,0,0.0,0.0,,0,0.0,0,0.0,0.0,,0,0.0
prebreak,600999,2020-02-20,S,S,A,C,S,S,A,13.5568,12.72,12.08,0.64,,1,12.72,13.1779,2020-02-25,0,0.6999,1,12.72,13.1779,2020-02-25,0,0.6999,1,12.72,13.1779,2020-02-25,0,0.6999
prebreak,601163,2020-02-20,S,S,A,C,S,S,A,12.0988,11.97,11.37,0.6,,0,0.0,0.0,,0,0.0,0,0.0,0.0,,0,0.0,0,0.0,0.0,,0,0.0
prebreak,601628,2020-02-20,S,S,A,C,S,S,A,28.1486,27.9,26.67,1.23,,0,0.0,0.0,,0,0.0,0,0.0,0.0,,0,0.0,0,0.0,0.0,,0,0.0
prebreak,600104,2020-02-21,S,S,A,C,S,S,A,19.4197,17.87,17.04,0.83,,0,0.0,0.0,,0,0.0,0,0.0,0.0,,0,0.0,0,0.0,0.0,,0,0.0
prebreak,600976,2020-02-21,S,S,A,C,S,S,A,15.8426,16.37,15.7,0.67,,0,0.0,0.0,,0,0.0,0,0.0,0.0,,0,0.0,0,0.0,0.0,,0,0.0
prebreak,601869,2020-02-21,S,S,A,C,S,S,A,30.6932,33.45,31.75,1.7,,1,33.45,31.75,2020-02-28,1,-1.0143,1,33.45,31.75,2020-02-28,1,-1.0143,1,33.45,31.75,2020-02-28,1,-1.0143
prebreak,300625,2020-02-24,S,S,A,C,S,S,A,13.2922,12.25,11.67,0.58,,0,0.0,0.0,,0,0.0,0,0.0,0.0,,0,0.0,0,0.0,0.0,,0,0.0
prebreak,600111,2020-02-24,S,S,A,C,S,S,A,9.7307,10.75,10.2,0.55,,0,0.0,0.0,,0,0.0,0,0.0,0.0,,0,0.0,0,0.0,0.0,,0,0.0
prebreak,600271,2020-02-24,S,S,A,C,S,S,A,23.2172,22.52,21.43,1.09,,1,22.52,23.0473,2020-03-02,0,0.4678,1,22.52,21.43,2020-03-09,1,-1.0151,1,22.52,21.43,2020-03-09,1,-1.0151
prebreak,600298,2020-02-24,S,S,A,C,S,S,A,26.9205,25.69,24.4,1.29,,1,25.69,26.9479,2020-03-02,0,0.9594,1,25.69,28.582,2020-03-09,0,2.2253,1,25.69,27.7604,2020-03-23,0,1.5888
prebreak,600498,2020-02-24,S,S,A,C,S,S,A,27.6295,23.96,22.84,1.12,,1,23.96,31.4865,2020-03-02,0,6.6996,1,23.96,32.9377,2020-03-09,0,7.9945,1,23.96,36.0883,2020-03-23,0,10.8057
prebreak,600648,2020-02-24,S,S,A,C,S,S,A,12.4848,12.8,12.2,0.6,,0,0.0,0.0,,0,0.0,0,0.0,0.0,,0,0.0,0,0.0,0.0,,0,0.0
prebreak,600660,2020-02-24,S,S,A,C,S,S,A,20.6582,20.9,20.16,0.74,,0,0.0,0.0,,0,0.0,0,0.0,0.0,,0,0.0,0,0.0,0.0,,0,0.0
prebreak,603367,2020-02-24,S,S,A,C,S,S,A,14.9062,15.09,14.37,0.72,,0,0.0,0.0,,0,0.0,0,0.0,0.0,,0,0.0,0,0.0,0.0,,0,0.0
prebreak,603508,2020-02-24,S,S,A,C,S,S,A,23.8438,21.5,20.52,0.98,,1,21.5,24.5035,2020-03-02,0,3.0462,1,21.5,22.2316,2020-03-09,0,0.7293,1,21.5,20.52,2020-03-19,1,-1.016
prebreak,603638,2020-02-24,S,S,A,C,S,S,A,14.8446,15.06,14.26,0.8,,0,0.0,0.0,,0,0.0,0,0.0,0.0,,0,0.0,0,0.0,0.0,,0,0.0
prebreak,603899,2020-02-24,S,S,A,C,S,S,A,41.0958,42.22,40.56,1.66,,0,0.0,0.0,,0,0.0,0,0.0,0.0,,0,0.0,0,0.0,0.0,,0,0.0
prebreak,002727,2020-02-25,S,S,A,C,S,S,A,20.014,20.79,19.77,1.02,,0,0.0,0.0,,0,0.0,0,0.0,0.0,,0,0.0,1,20.79,20.9395,2020-03-24,0,0.1309
prebreak,002832,2020-02-25,S,S,A,C,S,S,A,11.4692,13.61,13.03,0.58,,0,0.0,0.0,,0,0.0,0,0.0,0.0,,0,0.0,0,0.0,0.0,,0,0.0
prebreak,300149,2020-02-25,S,S,A,C,S,S,A,14.9325,14.0,13.35,0.65,,0,0.0,0.0,,0,0.0,0,0.0,0.0,,0,0.0,0,0.0,0.0,,0,0.0
prebreak,600048,2020-02-25,S,S,A,C,S,S,A,11.7399,12.41,11.77,0.64,,1,12.41,12.7785,2020-03-03,0,0.5607,1,12.41,12.6093,2020-03-10,0,0.2964,1,12.41,11.77,2020-03-16,1,-1.0141
prebreak,600329,2020-02-25,S,S,A,C,S,S,A,10.6839,10.71,10.17,0.54,,0,0.0,0.0,,0,0.0,0,0.0,0.0,,0,0.0,0,0.0,0.0,,0,0.0
prebreak,601966,2020-02-25,S,S,A,C,S,S,A,21.4633,22.19,21.38,0.81,,0,0.0,0.0,,0,0.0,0,0.0,0.0,,0,0.0,0,0.0,0.0,,0,0.0
prebreak,603589,2020-02-25,S,S,A,C,S,S,A,37.2459,38.3,36.28,2.02,,0,0.0,0.0,,0,0.0,0,0.0,0.0,,0,0.0,0,0.0,0.0,,0,0.0
prebreak,603698,2020-02-25,S,S,A,C,S,S,A,11.2937,11.3,10.72,0.58,,0,0.0,0.0,,0,0.0,0,0.0,0.0,,0,0.0,0,0.0,0.0,,0,0.0
prebreak,603858,2020-02-25,S,S,A,C,S,S,A,19.2183,17.72,16.99,0.73,,0,0.0,0.0,,0,0.0,0,0.0,0.0,,0,0.0,0,0.0,0.0,,0,0.0
prebreak,000623,2020-02-26,S,S,A,C,S,S,A,14.396,14.53,13.8,0.73,,0,0.0,0.0,,0,0.0,0,0.0,0.0,,0,0.0,0,0.0,0.0,,0,0.0
prebreak,000777,2020-02-26,S,S,A,C,S,S,A,11.6027,10.89,10.36,0.53,,0,0.0,0.0,,0,0.0,0,0.0,0.0,,0,0.0,0,0.0,0.0,,0,0.0
prebreak,002393,2020-02-26,S,S,A,C,S,S,A,14.4214,14.45,13.76,0.69,,0,0.0,0.0,,0,0.0,0,0.0,0.0,,0,0.0,0,0.0,0.0,,0,0.0
prebreak,002558,2020-02-26,S,S,A,C,S,S,A,17.385,16.79,16.1,0.69,,0,0.0,0.0,,0,0.0,0,0.0,0.0,,0,0.0,0,0.0,0.0,,0,0.0
prebreak,300142,2020-02-26,S,S,A,C,S,S,A,29.1189,30.02,28.58,1.44,,0,0.0,0.0,,0,0.0,1,30.02,31.1848,2020-03-11,0,0.7925,1,30.02,28.58,2020-03-17,1,-1.0152
prebreak,600085,2020-02-26,S,S,A,C,S,S,A,24.6905,25.61,24.62,0.99,,0,0.0,0.0,,0,0.0,0,0.0,0.0,,0,0.0,0,0.0,0.0,,0,0.0
prebreak,603368,2020-02-26,S,S,A,C,S,S,A,19.4114,20.2,19.26,0.94,,0,0.0,0.0,,0,0.0,0,0.0,0.0,,0,0.0,0,0.0,0.0,,0,0.0
prebreak,002462,2020-02-27,S,S,A,C,S,S,A,13.7284,13.98,13.45,0.53,,1,13.98,14.0155,2020-03-05,0,0.0469,1,13.98,13.45,2020-03-10,1,-1.0194,1,13.98,13.45,2020-03-10,1,-1.0194
prebreak,300423,2020-02-27,S,S,A,C,S,S,A,12.9399,13.78,13.06,0.72,,1,13.78,14.4927,2020-03-05,0,0.9746,1,13.78,13.4282,2020-03-12,0,-0.5029,1,13.78,13.06,2020-03-13,1,-1.0139
prebreak,600196,2020-02-27,S,S,A,C,S,S,A,25.8796,24.91,23.89,1.02,,0,0.0,0.0,,0,0.0,0,0.0,0.0,,0,0.0,0,0.0,0.0,,0,0.0
prebreak,600690,2020-02-27,S,S,A,C,S,S,A,15.2115,16.19,15.37,0.82,,0,0.0,0.0,,0,0.0,0,0.0,0.0,,0,0.0,0,0.0,0.0,,0,0.0
prebreak,600999,2020-02-27,S,S,A,C,S,S,A,13.1288,12.72,12.08,0.64,,0,0.0,0.0,,0,0.0,0,0.0,0.0,,0,0.0,0,0.0,0.0,,0,0.0
prebreak,603919,2020-02-27,S,S,A,C,S,S,A,10.6482,10.36,9.85,0.51,,0,0.0,0.0,,0,0.0,0,0.0,0.0,,0,0.0,0,0.0,0.0,,0,0.0
prebreak,603332,2020-03-02,S,S,A,C,S,S,A,13.2216,12.27,11.67,0.6,,1,12.27,12.534,2020-03-09,0,0.4241,1,12.27,11.67,2020-03-13,1,-1.0149,1,12.27,11.67,2020-03-13,1,-1.0149
prebreak,002727,2020-03-03,S,S,A,C,S,S,A,19.6224,20.79,19.77,1.02,,0,0.0,0.0,,0,0.0,0,0.0,0.0,,0,0.0,1,20.79,23.0129,2020-03-31,0,2.1625
prebreak,600887,2020-03-03,S,S,A,C,S,S,A,23.3833,23.64,22.59,1.05,,0,0.0,0.0,,0,0.0,0,0.0,0.0,,0,0.0,0,0.0,0.0,,0,0.0
prebreak,000623,2020-03-04,S,S,A,C,S,S,A,14.5913,14.53,13.8,0.73,,1,14.53,14.1329,2020-03-09,0,-0.5588,1,14.53,14.1329,2020-03-09,0,-0.5588,1,14.53,14.1329,2020-03-09,0,-0.5588
prebreak,000777,2020-03-04,S,S,A,C,S,S,A,11.8848,10.89,10.36,0.53,,1,10.89,11.4429,2020-03-11,0,1.0268,1,10.89,10.36,2020-03-16,1,-1.015,1,10.89,10.36,2020-03-16,1,-1.015
prebreak,002558,2020-03-04,S,S,A,C,S,S,A,17.5029,16.79,16.1,0.69,,0,0.0,0.0,,0,0.0,0,0.0,0.0,,0,0.0,0,0.0,0.0,,0,0.0
prebreak,600085,2020-03-04,S,S,A,C,S,S,A,24.2158,24.99,23.81,1.18,,0,0.0,0.0,,0,0.0,0,0.0,0.0,,0,0.0,0,0.0,0.0,,0,0.0
prebreak,603790,2020-03-04,S,S,A,C,S,S,A,13.3922,13.84,13.23,0.61,,0,0.0,0.0,,0,0.0,0,0.0,0.0,,0,0.0,1,13.84,14.2569,2020-04-01,0,0.6657
prebreak,000999,2020-03-05,S,S,A,C,S,S,A,16.703,16.97,16.11,0.86,,0,0.0,0.0,,0,0.0,0,0.0,0.0,,0,0.0,0,0.0,0.0,,0,0.0
prebreak,002038,2020-03-05,S,S,A,C,S,S,A,12.533,12.65,12.01,0.64,,0,0.0,0.0,,0,0.0,0,0.0,0.0,,0,0.0,0,0.0,0.0,,0,0.0
prebreak,002462,2020-03-05,S,S,A,C,S,S,A,14.0155,13.82,13.2,0.62,,0,0.0,0.0,,0,0.0,0,0.0,0.0,,0,0.0,0,0.0,0.0,,0,0.0
prebreak,600196,2020-03-05,S,S,A,C,S,S,A,26.4609,24.91,23.89,1.02,,0,0.0,0.0,,0,0.0,0,0.0,0.0,,0,0.0,0,0.0,0.0,,0,0.0
prebreak,600690,2020-03-05,S,S,A,C,S,S,A,15.8011,16.19,15.37,0.82,,0,0.0,0.0,,0,0.0,0,0.0,0.0,,0,0.0,0,0.0,0.0,,0,0.0
prebreak,600999,2020-03-05,S,S,A,C,S,S,A,13.4656,12.72,12.08,0.64,,0,0.0,0.0,,0,0.0,0,0.0,0.0,,0,0.0,0,0.0,0.0,,0,0.0
prebreak,002727,2020-03-10,S,S,A,C,S,S,A,19.4444,20.18,19.27,0.91,,0,0.0,0.0,,0,0.0,1,20.18,20.9395,2020-03-24,0,0.8172,1,20.18,23.9295,2020-04-08,0,4.1009
prebreak,300491,2020-03-10,S,S,A,C,S,S,A,13.995,12.12,11.52,0.6,,1,12.12,14.7692,2020-03-17,0,4.3972,1,12.12,14.5046,2020-03-24,0,3.9565,1,12.12,13.3775,2020-04-08,0,2.0792
prebreak,600887,2020-03-10,S,S,A,C,S,S,A,23.4147,23.85,22.59,1.26,,0,0.0,0.0,,0,0.0,0,0.0,0.0,,0,0.0,0,0.0,0.0,,0,0.0
prebreak,601966,2020-03-10,S,S,A,C,S,S,A,19.6702,22.19,21.38,0.81,,0,0.0,0.0,,0,0.0,0,0.0,0.0,,0,0.0,0,0.0,0.0,,0,0.0
prebreak,603858,2020-03-10,S,S,A,C,S,S,A,18.0927,17.72,16.99,0.73,,0,0.0,0.0,,0,0.0,0,0.0,0.0,,0,0.0,0,0.0,0.0,,0,0.0
prebreak,002727,2020-03-17,S,S,A,C,S,S,A,16.9972,20.18,19.27,0.91,,1,20.18,20.9395,2020-03-24,0,0.8172,1,20.18,23.0129,2020-03-31,0,3.0943,1,20.18,23.5647,2020-04-15,0,3.7002
prebreak,600887,2020-03-17,S,S,A,C,S,S,A,21.7618,23.85,22.59,1.26,,0,0.0,0.0,,0,0.0,0,0.0,0.0,,0,0.0,0,0.0,0.0,,0,0.0
prebreak,603858,2020-03-17,S,S,A,C,S,S,A,16.3215,17.72,16.99,0.73,,0,0.0,0.0,,0,0.0,0,0.0,0.0,,0,0.0,1,17.72,17.745,2020-04-15,0,0.0158
prebreak,000333,2020-03-19,S,S,A,C,S,S,A,36.8965,41.99,40.0,1.99,,0,0.0,0.0,,0,0.0,0,0.0,0.0,,0,0.0,0,0.0,0.0,,0,0.0
prebreak,601336,2020-03-20,S,S,A,C,S,S,A,30.7617,35.29,33.93,1.36,,0,0.0,0.0,,0,0.0,0,0.0,0.0,,0,0.0,0,0.0,0.0,,0,0.0
prebreak,600887,2020-03-24,S,S,A,C,S,S,A,22.2083,23.85,22.59,1.26,,0,0.0,0.0,,0,0.0,0,0.0,0.0,,0,0.0,0,0.0,0.0,,0,0.0
prebreak,600900,2020-03-24,S,S,A,C,S,S,A,13.3255,14.04,13.33,0.71,,0,0.0,0.0,,0,0.0,0,0.0,0.0,,0,0.0,0,0.0,0.0,,0,0.0
prebreak,000623,2020-03-25,S,S,A,C,S,S,A,13.3605,13.49,12.9,0.59,,0,0.0,0.0,,0,0.0,0,0.0,0.0,,0,0.0,0,0.0,0.0,,0,0.0
prebreak,600887,2020-03-31,S,S,A,C,S,S,A,23.3912,22.95,21.82,1.13,,0,0.0,0.0,,0,0.0,0,0.0,0.0,,0,0.0,0,0.0,0.0,,0,0.0
prebreak,000538,2020-04-01,S,S,A,C,S,S,A,47.2934,46.6,44.27,2.33,,0,0.0,0.0,,0,0.0,0,0.0,0.0,,0,0.0,0,0.0,0.0,,0,0.0
prebreak,000623,2020-04-01,S,S,A,C,S,S,A,13.2162,13.96,13.29,0.67,,0,0.0,0.0,,0,0.0,0,0.0,0.0,,0,0.0,0,0.0,0.0,,0,0.0
prebreak,000768,2020-04-01,S,S,A,C,S,S,A,15.0451,17.09,16.21,0.88,,0,0.0,0.0,,0,0.0,0,0.0,0.0,,0,0.0,0,0.0,0.0,,0,0.0
prebreak,300741,2020-04-02,S,S,A,C,S,S,A,23.11,23.74,22.52,1.22,,0,0.0,0.0,,0,0.0,0,0.0,0.0,,0,0.0,0,0.0,0.0,,0,0.0
prebreak,600271,2020-04-07,S,S,A,C,S,S,A,18.4039,18.54,17.76,0.78,,0,0.0,0.0,,0,0.0,0,0.0,0.0,,0,0.0,0,0.0,0.0,,0,0.0
prebreak,600660,2020-04-07,S,S,A,C,S,S,A,15.6168,15.93,15.15,0.78,,0,0.0,0.0,,0,0.0,0,0.0,0.0,,0,0.0,0,0.0,0.0,,0,0.0
prebreak,601211,2020-04-07,S,S,A,C,S,S,A,13.4564,13.55,13.04,0.51,,0,0.0,0.0,,0,0.0,0,0.0,0.0,,0,0.0,0,0.0,0.0,,0,0.0
prebreak,600887,2020-04-08,S,S,A,C,S,S,A,23.446,22.95,21.82,1.13,,0,0.0,0.0,,0,0.0,0,0.0,0.0,,0,0.0,0,0.0,0.0,,0,0.0
prebreak,603856,2020-04-08,S,S,A,C,S,S,A,9.769,10.18,9.67,0.51,,0,0.0,0.0,,0,0.0,1,10.18,10.8272,2020-04-22,0,1.2531,1,10.18,10.9322,2020-05-11,0,1.4588
prebreak,000623,2020-04-09,S,S,A,C,S,S,A,13.5387,13.72,13.14,0.58,,0,0.0,0.0,,0,0.0,0,0.0,0.0,,0,0.0,0,0.0,0.0,,0,0.0
prebreak,603222,2020-04-13,S,S,A,C,S,S,A,33.0073,38.32,36.85,1.47,,0,0.0,0.0,,0,0.0,0,0.0,0.0,,0,0.0,0,0.0,0.0,,0,0.0
prebreak,000623,2020-04-16,S,S,A,C,S,S,A,13.6745,13.74,13.23,0.51,,0,0.0,0.0,,0,0.0,0,0.0,0.0,,0,0.0,0,0.0,0.0,,0,0.0
prebreak,601211,2020-04-21,S,S,A,C,S,S,A,13.4564,13.76,13.24,0.52,,0,0.0,0.0,,0,0.0,0,0.0,0.0,,0,0.0,0,0.0,0.0,,0,0.0
prebreak,600835,2020-04-22,S,S,A,C,S,S,A,12.5916,12.1,11.5,0.6,,0,0.0,0.0,,0,0.0,0,0.0,0.0,,0,0.0,0,0.0,0.0,,0,0.0
prebreak,000623,2020-04-23,S,S,A,C,S,S,A,13.5812,13.82,13.31,0.51,,0,0.0,0.0,,0,0.0,0,0.0,0.0,,0,0.0,0,0.0,0.0,,0,0.0
prebreak,603868,2020-04-30,S,S,A,C,S,S,A,29.7147,32.13,30.56,1.57,,0,0.0,0.0,,0,0.0,0,0.0,0.0,,0,0.0,1,32.13,37.3858,2020-06-02,0,3.33
prebreak,300741,2020-05-06,S,S,A,C,S,S,A,24.2001,25.08,24.01,1.07,,0,0.0,0.0,,0,0.0,0,0.0,0.0,,0,0.0,0,0.0,0.0,,0,0.0
prebreak,600668,2020-05-06,S,S,A,C,S,S,A,11.4595,11.04,10.54,0.5,,0,0.0,0.0,,0,0.0,0,0.0,0.0,,0,0.0,0,0.0,0.0,,0,0.0
prebreak,600835,2020-05-11,S,S,A,C,S,S,A,12.6591,12.77,12.17,0.6,,0,0.0,0.0,,0,0.0,0,0.0,0.0,,0,0.0,1,12.77,12.7097,2020-06-02,0,-0.1166
prebreak,600835,2020-05-18,S,S,A,C,S,S,A,11.8489,12.77,12.17,0.6,,0,0.0,0.0,,0,0.0,1,12.77,12.7266,2020-06-01,0,-0.0885,1,12.77,12.7097,2020-06-02,0,-0.1166
prebreak,600323,2020-05-25,S,S,A,C,S,S,A,18.4942,19.29,18.42,0.87,,0,0.0,0.0,,0,0.0,0,0.0,0.0,,0,0.0,0,0.0,0.0,,0,0.0
prebreak,002025,2020-05-27,S,S,A,C,S,S,A,26.5405,27.14,25.93,1.21,,1,27.14,26.6181,2020-06-03,0,-0.4481,1,27.14,26.6181,2020-06-03,0,-0.4481,1,27.14,26.6181,2020-06-03,0,-0.4481
prebreak,603515,2020-05-27,S,S,A,C,S,S,A,20.0931,19.7,18.95,0.75,,1,19.7,20.1478,2020-06-03,0,0.5767,1,19.7,21.1094,2020-06-10,0,1.8581,1,19.7,21.5003,2020-06-24,0,2.379
prebreak,600323,2020-06-01,S,S,A,C,S,S,A,19.7802,19.29,18.42,0.87,,0,0.0,0.0,,0,0.0,0,0.0,0.0,,0,0.0,0,0.0,0.0,,0,0.0
prebreak,600535,2020-06-02,S,S,A,C,S,S,A,12.3442,12.52,12.02,0.5,,1,12.52,12.2104,2020-06-05,0,-0.6378,1,12.52,12.2104,2020-06-05,0,-0.6378,1,12.52,12.2104,2020-06-05,0,-0.6378
prebreak,603515,2020-06-03,S,S,A,C,S,S,A,20.1478,19.7,18.95,0.75,,0,0.0,0.0,,0,0.0,0,0.0,0.0,,0,0.0,0,0.0,0.0,,0,0.0
prebreak,603351,2020-06-04,S,S,A,C,S,S,A,23.4926,21.56,20.47,1.09,,1,21.56,21.0274,2020-06-09,0,-0.5034,1,21.56,21.0274,2020-06-09,0,-0.5034,1,21.56,21.0274,2020-06-09,0,-0.5034
prebreak,300531,2020-06-05,S,S,A,C,S,S,A,17.3227,17.08,16.29,0.79,,1,17.08,16.7061,2020-06-10,0,-0.4894,1,17.08,16.7061,2020-06-10,0,-0.4894,1,17.08,16.7061,2020-06-10,0,-0.4894
prebreak,601966,2020-06-08,S,S,A,C,S,S,A,17.8861,17.84,16.92,0.92,,0,0.0,0.0,,0,0.0,0,0.0,0.0,,0,0.0,0,0.0,0.0,,0,0.0
prebreak,002032,2020-06-09,S,S,A,C,S,S,A,50.6555,51.17,48.59,2.58,,0,0.0,0.0,,0,0.0,0,0.0,0.0,,0,0.0,0,0.0,0.0,,0,0.0
prebreak,600535,2020-06-09,S,S,A,C,S,S,A,12.4444,12.52,12.02,0.5,,1,12.52,12.5672,2020-06-16,0,0.0753,1,12.52,12.798,2020-06-23,0,0.5367,1,12.52,15.4568,2020-07-09,0,5.8509
prebreak,600848,2020-06-09,S,S,A,C,S,S,A,15.9896,15.3,14.51,0.79,,0,0.0,0.0,,0,0.0,0,0.0,0.0,,0,0.0,0,0.0,0.0,,0,0.0
prebreak,603515,2020-06-10,S,S,A,C,S,S,A,21.1094,19.7,18.95,0.75,,0,0.0,0.0,,0,0.0,0,0.0,0.0,,0,0.0,0,0.0,0.0,,0,0.0
prebreak,600482,2020-06-11,S,S,A,C,S,S,A,15.3202,15.86,15.21,0.65,,0,0.0,0.0,,0,0.0,0,0.0,0.0,,0,0.0,1,15.86,17.7676,2020-07-13,0,2.9144
prebreak,603351,2020-06-11,S,S,A,C,S,S,A,21.3013,21.56,20.47,1.09,,0,0.0,0.0,,0,0.0,0,0.0,0.0,,0,0.0,0,0.0,0.0,,0,0.0
prebreak,300531,2020-06-12,S,S,A,C,S,S,A,17.3619,17.08,16.29,0.79,,1,17.08,18.4091,2020-06-19,0,1.6649,1,17.08,20.3566,2020-06-30,0,4.1286,1,17.08,22.4608,2020-07-14,0,6.7904
prebreak,300549,2020-06-15,S,S,A,C,S,S,A,10.6711,11.21,10.71,0.5,,0,0.0,0.0,,0,0.0,0,0.0,0.0,,0,0.0,0,0.0,0.0,,0,0.0
prebreak,601601,2020-06-15,S,S,A,C,S,S,A,21.7503,22.38,21.29,1.09,,0,0.0,0.0,,0,0.0,0,0.0,0.0,,0,0.0,0,0.0,0.0,,0,0.0
prebreak,601966,2020-06-15,S,S,A,C,S,S,A,18.079,17.84,16.92,0.92,,0,0.0,0.0,,0,0.0,0,0.0,0.0,,0,0.0,0,0.0,0.0,,0,0.0
prebreak,601088,2020-06-16,S,S,A,C,S,S,A,9.6743,10.38,9.88,0.5,,0,0.0,0.0,,0,0.0,0,0.0,0.0,,0,0.0,1,10.38,10.3743,2020-07-16,0,-0.0271
prebreak,603515,2020-06-17,S,S,A,C,S,S,A,21.4534,20.38,19.68,0.7,,0,0.0,0.0,,0,0.0,0,0.0,0.0,,0,0.0,0,0.0,0.0,,0,0.0
prebreak,601966,2020-06-22,S,S,A,C,S,S,A,18.9673,17.84,16.92,0.92,,0,0.0,0.0,,0,0.0,0,0.0,0.0,,0,0.0,0,0.0,0.0,,0,0.0
prebreak,601601,2020-07-01,S,S,A,C,S,S,A,22.4568,22.5,21.36,1.14,,1,22.5,26.8068,2020-07-08,0,3.7605,1,22.5,24.727,2020-07-15,0,1.9373,1,22.5,23.8062,2020-07-29,0,1.1301
prebreak,002032,2020-07-02,S,S,A,C,S,S,A,56.8382,51.32,49.05,2.27,,1,51.32,58.3744,2020-07-09,0,3.0885,1,51.32,58.0746,2020-07-16,0,2.9566,1,51.32,63.9046,2020-07-30,0,5.5232
prebreak,601336,2020-07-06,S,S,A,C,S,S,A,43.3297,35.76,34.07,1.69,,1,35.76,43.5869,2020-07-13,0,4.6123,1,35.76,45.0439,2020-07-20,0,5.4739,1,35.76,42.4649,2020-08-03,0,3.9488
prebreak,603351,2020-07-06,S,S,A,C,S,S,A,23.1,21.88,21.08,0.8,,1,21.88,23.8852,2020-07-13,0,2.4841,1,21.88,25.063,2020-07-20,0,3.9555,1,21.88,34.1843,2020-08-03,0,15.3499
prebreak,601601,2020-07-08,S,S,A,C,S,S,A,26.8068,22.5,21.36,1.14,,1,22.5,24.727,2020-07-15,0,1.9373,1,22.5,24.5048,2020-07-22,0,1.7425,1,22.5,24.0047,2020-08-05,0,1.3041
prebreak,601966,2020-07-08,S,S,A,C,S,S,A,19.8,19.56,18.65,0.91,,0,0.0,0.0,,0,0.0,0,0.0,0.0,,0,0.0,0,0.0,0.0,,0,0.0
prebreak,600036,2020-07-09,S,S,A,C,S,S,A,29.4,25.69,24.34,1.35,,1,25.69,27.038,2020-07-16,0,0.9834,1,25.69,27.038,2020-07-23,0,0.9834,1,25.69,28.1165,2020-08-06,0,1.7818
prebreak,000651,2020-07-13,S,S,A,C,S,S,A,40.6462,39.93,38.21,1.72,,0,0.0,0.0,,0,0.0,0,0.0,0.0,,0,0.0,0,0.0,0.0,,0,0.0
prebreak,300584,2020-07-13,S,S,A,C,S,S,A,26.3318,24.95,24.1,0.85,,0,0.0,0.0,,0,0.0,0,0.0,0.0,,0,0.0,0,0.0,0.0,,0,0.0
prebreak,600299,2020-07-13,S,S,A,C,S,S,A,12.3896,11.42,10.86,0.56,,0,0.0,0.0,,0,0.0,0,0.0,0.0,,0,0.0,0,0.0,0.0,,0,0.0
prebreak,000651,2020-07-20,S,S,A,C,S,S,A,40.2906,39.93,38.21,1.72,,0,0.0,0.0,,0,0.0,0,0.0,0.0,,0,0.0,0,0.0,0.0,,0,0.0
prebreak,300584,2020-07-20,S,S,A,C,S,S,A,24.8358,24.95,24.1,0.85,,0,0.0,0.0,,0,0.0,0,0.0,0.0,,0,0.0,0,0.0,0.0,,0,0.0
prebreak,600299,2020-07-20,S,S,A,C,S,S,A,11.9426,11.42,10.86,0.56,,0,0.0,0.0,,0,0.0,0,0.0,0.0,,0,0.0,0,0.0,0.0,,0,0.0
prebreak,600036,2020-07-23,S,S,A,C,S,S,A,27.038,25.69,24.34,1.35,,0,0.0,0.0,,0,0.0,0,0.0,0.0,,0,0.0,0,0.0,0.0,,0,0.0
prebreak,601318,2020-07-23,S,S,A,C,S,S,A,59.6124,55.57,53.31,2.26,,0,0.0,0.0,,0,0.0,0,0.0,0.0,,0,0.0,0,0.0,0.0,,0,0.0
prebreak,601336,2020-07-27,S,S,A,C,S,S,A,40.2208,35.76,34.07,1.69,,0,0.0,0.0,,0,0.0,0,0.0,0.0,,0,0.0,0,0.0,0.0,,0,0.0
prebreak,000001,2020-07-28,S,S,A,C,S,S,A,10.6606,10.53,9.99,0.54,,0,0.0,0.0,,0,0.0,0,0.0,0.0,,0,0.0,0,0.0,0.0,,0,0.0
prebreak,600036,2020-07-30,S,S,A,C,S,S,A,26.2481,26.9,25.78,1.12,,1,26.9,28.1165,2020-08-06,0,1.0672,1,26.9,28.3519,2020-08-13,0,1.2773,1,26.9,28.0253,2020-08-27,0,0.9859
prebreak,002462,2020-07-31,S,S,A,C,S,S,A,14.2529,13.22,12.59,0.63,,1,13.22,14.3514,2020-08-07,0,1.7788,1,13.22,14.0916,2020-08-14,0,1.3667,1,13.22,14.1991,2020-08-28,0,1.5372
prebreak,600663,2020-08-03,S,S,A,C,S,S,A,10.9032,10.94,10.39,0.55,,0,0.0,0.0,,0,0.0,0,0.0,0.0,,0,0.0,0,0.0,0.0,,0,0.0
prebreak,600663,2020-08-10,S,S,A,C,S,S,A,10.8174,11.23,10.67,0.56,,0,0.0,0.0,,0,0.0,0,0.0,0.0,,0,0.0,0,0.0,0.0,,0,0.0
prebreak,600668,2020-09-04,S,S,A,C,S,S,A,12.0908,12.64,12.03,0.61,,0,0.0,0.0,,0,0.0,0,0.0,0.0,,0,0.0,0,0.0,0.0,,0,0.0
prebreak,300780,2020-09-17,S,S,A,C,S,S,A,19.9534,18.75,17.8,0.95,,0,0.0,0.0,,0,0.0,0,0.0,0.0,,0,0.0,0,0.0,0.0,,0,0.0
prebreak,600977,2020-09-29,S,S,A,C,S,S,A,13.6248,14.57,13.91,0.66,,0,0.0,0.0,,0,0.0,0,0.0,0.0,,0,0.0,0,0.0,0.0,,0,0.0
prebreak,603657,2020-09-29,S,S,A,C,S,S,A,16.9523,17.33,16.5,0.83,,1,17.33,18.8647,2020-10-14,0,1.832,1,17.33,19.7838,2020-10-21,0,2.9387,1,17.33,20.4708,2020-11-04,0,3.7659
prebreak,300349,2020-10-12,S,S,A,C,S,S,A,13.4027,13.17,12.58,0.59,,0,0.0,0.0,,0,0.0,0,0.0,0.0,,0,0.0,0,0.0,0.0,,0,0.0
prebreak,601163,2020-10-12,S,S,A,C,S,S,A,12.8583,12.57,11.91,0.66,,0,0.0,0.0,,0,0.0,0,0.0,0.0,,0,0.0,0,0.0,0.0,,0,0.0
prebreak,001979,2020-10-16,S,S,A,C,S,S,A,12.8323,13.11,12.49,0.62,,0,0.0,0.0,,0,0.0,0,0.0,0.0,,0,0.0,0,0.0,0.0,,0,0.0
prebreak,300349,2020-10-19,S,S,A,C,S,S,A,13.8844,13.71,12.99,0.72,,1,13.71,13.7382,2020-10-22,0,0.0246,1,13.71,13.7382,2020-10-22,0,0.0246,1,13.71,13.7382,2020-10-22,0,0.0246
prebreak,300349,2020-10-26,S,S,A,C,S,S,A,13.5145,13.71,12.99,0.72,,0,0.0,0.0,,0,0.0,0,0.0,0.0,,0,0.0,0,0.0,0.0,,0,0.0
prebreak,002422,2020-10-28,S,S,A,C,S,S,A,21.0067,20.64,19.58,1.06,,1,20.64,21.1216,2020-11-04,0,0.4393,1,20.64,20.4942,2020-11-11,0,-0.1523,1,20.64,19.58,2020-11-24,1,-1.0142
prebreak,300583,2020-10-28,S,S,A,C,S,S,A,18.8104,18.7,17.87,0.83,,1,18.7,17.87,2020-10-30,1,-1.0165,1,18.7,17.87,2020-10-30,1,-1.0165,1,18.7,17.87,2020-10-30,1,-1.0165
prebreak,600977,2020-10-28,S,S,A,C,S,S,A,12.5238,14.14,13.47,0.67,,0,0.0,0.0,,0,0.0,0,0.0,0.0,,0,0.0,0,0.0,0.0,,0,0.0
prebreak,603228,2020-10-28,S,S,A,C,S,S,A,30.3019,32.54,30.93,1.61,,0,0.0,0.0,,0,0.0,0,0.0,0.0,,0,0.0,0,0.0,0.0,,0,0.0
prebreak,600487,2020-10-29,S,S,A,C,S,S,A,14.1158,14.77,14.12,0.65,,1,14.77,14.7871,2020-11-05,0,0.009,1,14.77,14.4131,2020-11-12,0,-0.5661,1,14.77,14.2596,2020-11-26,0,-0.802
prebreak,300349,2020-11-02,S,S,A,C,S,S,A,12.9381,13.71,12.99,0.72,,0,0.0,0.0,,0,0.0,0,0.0,0.0,,0,0.0,0,0.0,0.0,,0,0.0
prebreak,600406,2020-11-02,S,S,A,C,S,S,A,11.3395,10.72,10.19,0.53,,0,0.0,0.0,,0,0.0,0,0.0,0.0,,0,0.0,0,0.0,0.0,,0,0.0
prebreak,300422,2020-11-03,S,S,A,C,S,S,A,11.1643,12.11,11.61,0.5,,0,0.0,0.0,,0,0.0,1,12.11,11.9099,2020-11-17,0,-0.4184,1,12.11,11.8602,2020-11-19,0,-0.5178
prebreak,002422,2020-11-04,S,S,A,C,S,S,A,21.1216,21.53,20.45,1.08,,0,0.0,0.0,,0,0.0,0,0.0,0.0,,0,0.0,0,0.0,0.0,,0,0.0
prebreak,300583,2020-11-04,S,S,A,C,S,S,A,18.1784,18.7,17.87,0.83,,0,0.0,0.0,,0,0.0,0,0.0,0.0,,0,0.0,0,0.0,0.0,,0,0.0
prebreak,300771,2020-11-05,S,S,A,C,S,S,A,20.5971,21.01,19.91,1.1,,1,21.01,20.6573,2020-11-12,0,-0.3349,1,21.01,20.6573,2020-11-12,0,-0.3349,1,21.01,20.6573,2020-11-12,0,-0.3349
prebreak,600487,2020-11-05,S,S,A,C,S,S,A,14.7871,14.56,13.87,0.69,,0,0.0,0.0,,0,0.0,0,0.0,0.0,,0,0.0,0,0.0,0.0,,0,0.0
prebreak,601601,2020-11-05,S,S,A,C,S,S,A,25.624,26.69,25.49,1.2,,0,0.0,0.0,,0,0.0,0,0.0,0.0,,0,0.0,0,0.0,0.0,,0,0.0
prebreak,300349,2020-11-09,S,S,A,C,S,S,A,13.6005,13.71,12.99,0.72,,0,0.0,0.0,,0,0.0,0,0.0,0.0,,0,0.0,0,0.0,0.0,,0,0.0
prebreak,002253,2020-11-12,S,S,A,C,S,S,A,15.5789,16.15,15.46,0.69,,0,0.0,0.0,,0,0.0,0,0.0,0.0,,0,0.0,0,0.0,0.0,,0,0.0
prebreak,600487,2020-11-12,S,S,A,C,S,S,A,14.4131,15.11,14.34,0.77,,0,0.0,0.0,,0,0.0,0,0.0,0.0,,0,0.0,0,0.0,0.0,,0,0.0
prebreak,300166,2020-11-13,S,S,A,C,S,S,A,12.27,12.83,12.17,0.66,,0,0.0,0.0,,0,0.0,1,12.83,12.82,2020-11-25,0,-0.0299,1,12.83,12.82,2020-11-25,0,-0.0299
prebreak,600848,2020-11-13,S,S,A,C,S,S,A,16.2715,17.86,17.02,0.84,,0,0.0,0.0,,0,0.0,0,0.0,0.0,,0,0.0,0,0.0,0.0,,0,0.0
prebreak,601318,2020-11-13,S,S,A,C,S,S,A,61.2366,61.01,58.58,2.43,,0,0.0,0.0,,0,0.0,0,0.0,0.0,,0,0.0,0,0.0,0.0,,0,0.0
prebreak,000915,2020-11-16,S,S,A,C,S,S,A,20.8791,21.87,20.75,1.12,,0,0.0,0.0,,0,0.0,0,0.0,0.0,,0,0.0,0,0.0,0.0,,0,0.0
prebreak,600903,2020-11-16,S,S,A,C,S,S,A,11.6812,11.48,10.92,0.56,,0,0.0,0.0,,0,0.0,0,0.0,0.0,,0,0.0,0,0.0,0.0,,0,0.0
prebreak,601163,2020-11-16,S,S,A,C,S,S,A,15.3027,13.42,12.89,0.53,,0,0.0,0.0,,0,0.0,0,0.0,0.0,,0,0.0,0,0.0,0.0,,0,0.0
prebreak,002422,2020-11-18,S,S,A,C,S,S,A,20.2821,20.77,19.99,0.78,,0,0.0,0.0,,0,0.0,0,0.0,0.0,,0,0.0,0,0.0,0.0,,0,0.0
prebreak,600167,2020-11-18,S,S,A,C,S,S,A,11.0577,11.44,10.92,0.52,,0,0.0,0.0,,0,0.0,0,0.0,0.0,,0,0.0,0,0.0,0.0,,0,0.0
prebreak,300616,2020-11-20,S,S,A,C,S,S,A,53.0311,52.73,50.1,2.63,,0,0.0,0.0,,0,0.0,0,0.0,0.0,,0,0.0,0,0.0,0.0,,0,0.0
prebreak,000915,2020-11-23,S,S,A,C,S,S,A,20.5413,20.98,19.94,1.04,,0,0.0,0.0,,0,0.0,0,0.0,0.0,,0,0.0,0,0.0,0.0,,0,0.0
prebreak,002462,2020-11-23,S,S,A,C,S,S,A,14.3783,14.17,13.51,0.66,,0,0.0,0.0,,0,0.0,0,0.0,0.0,,0,0.0,0,0.0,0.0,,0,0.0
prebreak,300616,2020-11-27,S,S,A,C,S,S,A,58.1624,52.73,50.1,2.63,,1,52.73,61.2343,2020-12-04,0,3.2163,1,52.73,60.1621,2020-12-11,0,2.8089,1,52.73,66.8846,2020-12-25,0,5.3633
prebreak,600167,2020-12-02,S,S,A,C,S,S,A,10.6124,11.33,10.75,0.58,,0,0.0,0.0,,0,0.0,0,0.0,0.0,,0,0.0,0,0.0,0.0,,0,0.0
prebreak,300616,2020-12-04,S,S,A,C,S,S,A,61.2343,52.73,50.1,2.63,,0,0.0,0.0,,0,0.0,0,0.0,0.0,,0,0.0,0,0.0,0.0,,0,0.0
prebreak,002233,2020-12-07,S,S,A,C,S,S,A,9.9102,10.38,9.87,0.51,,0,0.0,0.0,,0,0.0,0,0.0,0.0,,0,0.0,0,0.0,0.0,,0,0.0
prebreak,600585,2020-12-10,S,S,A,C,S,S,A,39.624,42.39,40.44,1.95,,0,0.0,0.0,,0,0.0,0,0.0,0.0,,0,0.0,1,42.39,40.44,2021-01-07,1,-1.0159
prebreak,600585,2020-12-17,S,S,A,C,S,S,A,39.6165,40.03,38.55,1.48,,0,0.0,0.0,,0,0.0,0,0.0,0.0,,0,0.0,0,0.0,0.0,,0,0.0
prebreak,002484,2020-12-18,S,S,A,C,S,S,A,10.4236,11.28,10.76,0.52,,0,0.0,0.0,,0,0.0,0,0.0,0.0,,0,0.0,0,0.0,0.0,,0,0.0
prebreak,601088,2020-12-25,S,S,A,C,S,S,A,12.1969,12.63,12.08,0.55,,0,0.0,0.0,,0,0.0,0,0.0,0.0,,0,0.0,0,0.0,0.0,,0,0.0
prebreak,603358,2021-01-12,S,S,A,C,S,S,A,9.2016,12.02,11.48,0.54,,0,0.0,0.0,,0,0.0,0,0.0,0.0,,0,0.0,0,0.0,0.0,,0,0.0
prebreak,002886,2021-01-14,S,S,A,C,S,S,A,14.8188,14.59,13.92,0.67,,1,14.59,14.6853,2021-01-21,0,0.1256,1,14.59,13.92,2021-01-25,1,-1.0159,1,14.59,13.92,2021-01-25,1,-1.0159
prebreak,002223,2021-01-15,S,S,A,C,S,S,A,26.6454,26.68,25.4,1.28,,0,0.0,0.0,,0,0.0,0,0.0,0.0,,0,0.0,0,0.0,0.0,,0,0.0
prebreak,600487,2021-01-15,S,S,A,C,S,S,A,13.5021,13.71,13.13,0.58,,0,0.0,0.0,,0,0.0,0,0.0,0.0,,0,0.0,0,0.0,0.0,,0,0.0
prebreak,002138,2021-01-18,S,S,A,C,S,S,A,24.6236,23.67,22.8,0.87,,0,0.0,0.0,,0,0.0,0,0.0,0.0,,0,0.0,0,0.0,0.0,,0,0.0
prebreak,002268,2021-01-21,S,S,A,C,S,S,A,16.7106,17.23,16.59,0.64,,1,17.23,18.0119,2021-01-27,0,1.2006,1,17.23,18.0119,2021-01-27,0,1.2006,1,17.23,18.0119,2021-01-27,0,1.2006
prebreak,000988,2021-01-26,S,S,A,C,S,S,A,22.9099,23.85,22.62,1.23,,0,0.0,0.0,,0,0.0,0,0.0,0.0,,0,0.0,0,0.0,0.0,,0,0.0
prebreak,000651,2021-01-27,S,S,A,C,S,S,A,41.2456,44.06,41.75,2.31,,0,0.0,0.0,,0,0.0,0,0.0,0.0,,0,0.0,0,0.0,0.0,,0,0.0
prebreak,300422,2021-02-01,S,S,A,C,S,S,A,8.9473,10.21,9.71,0.5,,0,0.0,0.0,,0,0.0,0,0.0,0.0,,0,0.0,0,0.0,0.0,,0,0.0
prebreak,601088,2021-02-01,S,S,A,C,S,S,A,11.213,12.07,11.44,0.63,,0,0.0,0.0,,0,0.0,1,12.07,12.4743,2021-02-22,0,0.6268,1,12.07,11.9724,2021-02-24,0,-0.1694
prebreak,601318,2021-02-01,S,S,A,C,S,S,A,60.421,65.23,62.81,2.42,,0,0.0,0.0,,0,0.0,0,0.0,0.0,,0,0.0,0,0.0,0.0,,0,0.0
prebreak,000988,2021-02-02,S,S,A,C,S,S,A,22.5183,22.74,21.7,1.04,,0,0.0,0.0,,0,0.0,0,0.0,0.0,,0,0.0,0,0.0,0.0,,0,0.0
prebreak,600048,2021-02-05,S,S,A,C,S,S,A,11.1695,11.56,11.01,0.55,,0,0.0,0.0,,0,0.0,0,0.0,0.0,,0,0.0,0,0.0,0.0,,0,0.0
prebreak,601318,2021-02-08,S,S,A,C,S,S,A,59.8874,65.23,62.81,2.42,,0,0.0,0.0,,0,0.0,0,0.0,0.0,,0,0.0,0,0.0,0.0,,0,0.0
prebreak,002734,2021-02-18,S,S,A,C,S,S,A,12.3531,10.96,10.41,0.55,,1,10.96,11.6508,2021-02-25,0,1.2401,1,10.96,11.6085,2021-03-04,0,1.1632,1,10.96,11.3547,2021-03-18,0,0.702
prebreak,000935,2021-02-19,S,S,A,C,S,S,A,13.2352,12.57,11.95,0.62,,1,12.57,13.1403,2021-02-26,0,0.9038,1,12.57,13.4629,2021-03-05,0,1.4238,1,12.57,13.0075,2021-03-19,0,0.6897
prebreak,600585,2021-02-19,S,S,A,C,S,S,A,40.9345,38.57,36.78,1.79,,1,38.57,39.946,2021-02-26,0,0.7519,1,38.57,38.3509,2021-03-05,0,-0.1387,1,38.57,38.613,2021-03-19,0,0.0076
prebreak,000997,2021-02-23,S,S,A,C,S,S,A,13.3942,13.79,13.18,0.61,,1,13.79,13.8147,2021-03-02,0,0.0233,1,13.79,13.7789,2021-03-04,0,-0.0353,1,13.79,13.7789,2021-03-04,0,-0.0353
prebreak,000999,2021-03-02,S,S,A,C,S,S,A,13.1946,13.69,13.08,0.61,,0,0.0,0.0,,0,0.0,0,0.0,0.0,,0,0.0,0,0.0,0.0,,0,0.0
prebreak,000651,2021-03-03,S,S,A,C,S,S,A,41.794,41.99,39.81,2.18,,0,0.0,0.0,,0,0.0,1,41.99,43.1825,2021-03-17,0,0.532,1,41.99,43.5296,2021-03-31,0,0.6912
prebreak,000581,2021-03-11,S,S,A,C,S,S,A,17.6233,17.77,16.84,0.93,,0,0.0,0.0,,0,0.0,0,0.0,0.0,,0,0.0,1,17.77,18.4237,2021-04-09,0,0.6879
prebreak,002222,2021-03-11,S,S,A,C,S,S,A,12.2728,11.47,10.92,0.55,,1,11.47,11.9341,2021-03-18,0,0.8274,1,11.47,12.8026,2021-03-25,0,2.4056,1,11.47,14.2445,2021-04-09,0,5.0255
prebreak,000776,2021-03-15,S,S,A,C,S,S,A,13.181,13.57,13.06,0.51,,0,0.0,0.0,,0,0.0,0,0.0,0.0,,0,0.0,0,0.0,0.0,,0,0.0
prebreak,603458,2021-03-16,S,S,A,C,S,S,A,11.347,11.47,10.97,0.5,,0,0.0,0.0,,0,0.0,0,0.0,0.0,,0,0.0,0,0.0,0.0,,0,0.0
prebreak,000581,2021-03-18,S,S,A,C,S,S,A,17.3002,17.62,16.86,0.76,,0,0.0,0.0,,0,0.0,0,0.0,0.0,,0,0.0,0,0.0,0.0,,0,0.0
prebreak,600566,2021-03-18,S,S,A,C,S,S,A,15.9368,16.14,15.35,0.79,,0,0.0,0.0,,0,0.0,0,0.0,0.0,,0,0.0,0,0.0,0.0,,0,0.0
prebreak,600030,2021-03-22,S,S,A,C,S,S,A,19.9332,20.15,19.08,1.07,,0,0.0,0.0,,0,0.0,0,0.0,0.0,,0,0.0,0,0.0,0.0,,0,0.0
prebreak,601318,2021-03-22,S,S,A,C,S,S,A,60.8402,66.14,63.23,2.91,,0,0.0,0.0,,0,0.0,0,0.0,0.0,,0,0.0,0,0.0,0.0,,0,0.0
prebreak,600566,2021-03-25,S,S,A,C,S,S,A,15.4448,16.07,15.35,0.72,,0,0.0,0.0,,0,0.0,0,0.0,0.0,,0,0.0,0,0.0,0.0,,0,0.0
prebreak,002380,2021-03-29,S,S,A,C,S,S,A,15.3567,13.95,13.26,0.69,,0,0.0,0.0,,0,0.0,0,0.0,0.0,,0,0.0,0,0.0,0.0,,0,0.0
prebreak,600030,2021-03-29,S,S,A,C,S,S,A,20.024,20.3,19.52,0.78,,0,0.0,0.0,,0,0.0,0,0.0,0.0,,0,0.0,0,0.0,0.0,,0,0.0
prebreak,000002,2021-03-31,S,S,A,C,S,S,A,25.3802,26.86,25.6,1.26,,0,0.0,0.0,,0,0.0,0,0.0,0.0,,0,0.0,0,0.0,0.0,,0,0.0
prebreak,000935,2021-04-02,S,S,A,C,S,S,A,13.3775,13.77,13.21,0.56,,0,0.0,0.0,,0,0.0,0,0.0,0.0,,0,0.0,0,0.0,0.0,,0,0.0
prebreak,002380,2021-04-06,S,S,A,C,S,S,A,14.194,13.95,13.26,0.69,,0,0.0,0.0,,0,0.0,0,0.0,0.0,,0,0.0,0,0.0,0.0,,0,0.0
prebreak,002741,2021-04-08,S,S,A,C,S,S,A,13.9735,14.43,13.93,0.5,,0,0.0,0.0,,0,0.0,0,0.0,0.0,,0,0.0,0,0.0,0.0,,0,0.0
prebreak,002463,2021-04-28,S,S,A,C,S,S,A,12.72,14.15,13.53,0.62,,0,0.0,0.0,,0,0.0,0,0.0,0.0,,0,0.0,0,0.0,0.0,,0,0.0
prebreak,603739,2021-04-29,S,S,A,C,S,S,A,16.5801,16.21,15.58,0.63,,0,0.0,0.0,,0,0.0,0,0.0,0.0,,0,0.0,0,0.0,0.0,,0,0.0
prebreak,300036,2021-04-30,S,S,A,C,S,S,A,15.6132,16.44,15.85,0.59,,0,0.0,0.0,,0,0.0,0,0.0,0.0,,0,0.0,1,16.44,19.327,2021-06-02,0,4.869
prebreak,601138,2021-04-30,S,S,A,C,S,S,A,11.7012,12.46,11.94,0.52,,0,0.0,0.0,,0,0.0,0,0.0,0.0,,0,0.0,0,0.0,0.0,,0,0.0
prebreak,002801,2021-05-06,S,S,A,C,S,S,A,21.6043,23.12,22.05,1.07,,0,0.0,0.0,,0,0.0,0,0.0,0.0,,0,0.0,0,0.0,0.0,,0,0.0
prebreak,600783,2021-05-06,S,S,A,C,S,S,A,10.8697,12.46,11.86,0.6,,0,0.0,0.0,,0,0.0,0,0.0,0.0,,0,0.0,0,0.0,0.0,,0,0.0
prebreak,002463,2021-05-10,S,S,A,C,S,S,A,12.2014,14.15,13.53,0.62,,0,0.0,0.0,,0,0.0,0,0.0,0.0,,0,0.0,0,0.0,0.0,,0,0.0
prebreak,002801,2021-05-13,S,S,A,C,S,S,A,22.507,23.12,22.05,1.07,,0,0.0,0.0,,0,0.0,0,0.0,0.0,,0,0.0,0,0.0,0.0,,0,0.0
prebreak,000997,2021-05-17,S,S,A,C,S,S,A,13.6984,13.05,12.42,0.63,,0,0.0,0.0,,0,0.0,0,0.0,0.0,,0,0.0,0,0.0,0.0,,0,0.0
prebreak,000063,2021-05-20,S,S,A,C,S,S,A,26.6639,27.09,25.71,1.38,,1,27.09,27.993,2021-05-27,0,0.639,1,27.09,30.0461,2021-06-03,0,2.1259,1,27.09,31.3019,2021-06-18,0,3.0352
prebreak,002801,2021-05-20,S,S,A,C,S,S,A,22.495,22.76,21.9,0.86,,0,0.0,0.0,,0,0.0,0,0.0,0.0,,0,0.0,0,0.0,0.0,,0,0.0
prebreak,600895,2021-05-21,S,S,A,C,S,S,A,17.4423,17.1,16.28,0.82,,0,0.0,0.0,,0,0.0,0,0.0,0.0,,0,0.0,0,0.0,0.0,,0,0.0
prebreak,603368,2021-05-21,S,S,A,C,S,S,A,16.5835,17.52,16.74,0.78,,0,0.0,0.0,,0,0.0,0,0.0,0.0,,0,0.0,0,0.0,0.0,,0,0.0
prebreak,000997,2021-05-24,S,S,A,C,S,S,A,13.6089,13.05,12.42,0.63,,0,0.0,0.0,,0,0.0,0,0.0,0.0,,0,0.0,0,0.0,0.0,,0,0.0
prebreak,600566,2021-05-26,S,S,A,C,S,S,A,14.8779,15.17,14.44,0.73,,0,0.0,0.0,,0,0.0,0,0.0,0.0,,0,0.0,0,0.0,0.0,,0,0.0
prebreak,000063,2021-05-27,S,S,A,C,S,S,A,27.993,27.41,25.96,1.45,,1,27.41,30.0461,2021-06-03,0,1.8025,1,27.41,30.3486,2021-06-10,0,2.011,1,27.41,29.6337,2021-06-25,0,1.5182
prebreak,002801,2021-05-27,S,S,A,C,S,S,A,23.4639,23.04,22.05,0.99,,0,0.0,0.0,,0,0.0,0,0.0,0.0,,0,0.0,0,0.0,0.0,,0,0.0
prebreak,603858,2021-05-27,S,S,A,C,S,S,A,20.2813,20.23,19.23,1.0,,0,0.0,0.0,,0,0.0,0,0.0,0.0,,0,0.0,0,0.0,0.0,,0,0.0
prebreak,601088,2021-05-28,S,S,A,C,S,S,A,13.1611,13.33,12.66,0.67,,0,0.0,0.0,,0,0.0,0,0.0,0.0,,0,0.0,0,0.0,0.0,,0,0.0
prebreak,603368,2021-05-28,S,S,A,C,S,S,A,16.9119,17.24,16.54,0.7,,0,0.0,0.0,,0,0.0,0,0.0,0.0,,0,0.0,0,0.0,0.0,,0,0.0
prebreak,600612,2021-06-02,S,S,A,C,S,S,A,48.972,49.57,47.08,2.49,,0,0.0,0.0,,0,0.0,0,0.0,0.0,,0,0.0,0,0.0,0.0,,0,0.0
prebreak,603590,2021-06-02,S,S,A,C,S,S,A,35.5822,35.41,33.94,1.47,,1,35.41,37.2312,2021-06-09,0,1.2198,1,35.41,34.621,2021-06-17,0,-0.5547,1,35.41,35.1298,2021-07-01,0,-0.2088
prebreak,603866,2021-06-02,S,S,A,C,S,S,A,17.513,17.9,17.04,0.86,,0,0.0,0.0,,0,0.0,0,0.0,0.0,,0,0.0,0,0.0,0.0,,0,0.0
prebreak,000063,2021-06-03,S,S,A,C,S,S,A,30.0461,27.41,25.96,1.45,,0,0.0,0.0,,0,0.0,0,0.0,0.0,,0,0.0,0,0.0,0.0,,0,0.0
prebreak,002930,2021-06-03,S,S,A,C,S,S,A,14.4175,14.32,13.68,0.64,,1,14.32,14.4448,2021-06-08,0,0.1779,1,14.32,14.4448,2021-06-08,0,0.1779,1,14.32,14.4448,2021-06-08,0,0.1779
prebreak,603858,2021-06-03,S,S,A,C,S,S,A,20.0719,20.23,19.23,1.0,,0,0.0,0.0,,0,0.0,0,0.0,0.0,,0,0.0,0,0.0,0.0,,0,0.0
prebreak,002737,2021-06-04,S,S,A,C,S,S,A,12.7381,12.75,12.14,0.61,,0,0.0,0.0,,0,0.0,0,0.0,0.0,,0,0.0,0,0.0,0.0,,0,0.0
prebreak,300723,2021-06-08,S,S,A,C,S,S,A,16.9156,18.03,17.11,0.92,,0,0.0,0.0,,0,0.0,0,0.0,0.0,,0,0.0,1,18.03,20.2464,2021-07-07,0,2.3928
prebreak,600612,2021-06-09,S,S,A,C,S,S,A,48.5959,49.06,46.78,2.28,,0,0.0,0.0,,0,0.0,0,0.0,0.0,,0,0.0,0,0.0,0.0,,0,0.0
prebreak,603590,2021-06-09,S,S,A,C,S,S,A,37.2312,35.41,33.94,1.47,,0,0.0,0.0,,0,0.0,0,0.0,0.0,,0,0.0,0,0.0,0.0,,0,0.0
prebreak,603866,2021-06-09,S,S,A,C,S,S,A,16.7052,17.55,16.73,0.82,,0,0.0,0.0,,0,0.0,0,0.0,0.0,,0,0.0,0,0.0,0.0,,0,0.0
prebreak,002930,2021-06-10,S,S,A,C,S,S,A,14.4721,14.32,13.68,0.64,,0,0.0,0.0,,0,0.0,0,0.0,0.0,,0,0.0,0,0.0,0.0,,0,0.0
prebreak,600739,2021-06-11,S,S,A,C,S,S,A,18.7329,19.23,18.52,0.71,,0,0.0,0.0,,0,0.0,0,0.0,0.0,,0,0.0,0,0.0,0.0,,0,0.0
prebreak,603043,2021-06-11,S,S,A,C,S,S,A,23.0107,24.18,23.13,1.05,,0,0.0,0.0,,0,0.0,0,0.0,0.0,,0,0.0,0,0.0,0.0,,0,0.0
prebreak,002151,2021-06-17,S,S,A,C,S,S,A,43.5115,43.61,41.5,2.11,,1,43.61,43.4123,2021-06-24,0,-0.1094,1,43.61,41.5,2021-07-01,1,-1.0151,1,43.61,41.5,2021-07-01,1,-1.0151
prebreak,002661,2021-06-17,S,S,A,C,S,S,A,12.1592,13.29,12.64,0.65,,0,0.0,0.0,,0,0.0,0,0.0,0.0,,0,0.0,0,0.0,0.0,,0,0.0
prebreak,603866,2021-06-17,S,S,A,C,S,S,A,16.5855,17.55,16.73,0.82,,0,0.0,0.0,,0,0.0,0,0.0,0.0,,0,0.0,0,0.0,0.0,,0,0.0
prebreak,002373,2021-06-21,S,S,A,C,S,S,A,17.2331,15.63,14.89,0.74,,0,0.0,0.0,,0,0.0,0,0.0,0.0,,0,0.0,0,0.0,0.0,,0,0.0
prebreak,600547,2021-06-23,S,S,A,C,S,S,A,18.7313,19.12,18.34,0.78,,0,0.0,0.0,,0,0.0,0,0.0,0.0,,0,0.0,0,0.0,0.0,,0,0.0
prebreak,603866,2021-06-24,S,S,A,C,S,S,A,16.1317,17.55,16.73,0.82,,0,0.0,0.0,,0,0.0,0,0.0,0.0,,0,0.0,0,0.0,0.0,,0,0.0
prebreak,001872,2021-06-28,S,S,A,C,S,S,A,14.19,13.72,13.03,0.69,,0,0.0,0.0,,0,0.0,0,0.0,0.0,,0,0.0,0,0.0,0.0,,0,0.0
prebreak,603239,2021-06-28,S,S,A,C,S,S,A,14.529,14.18,13.43,0.75,,0,0.0,0.0,,0,0.0,0,0.0,0.0,,0,0.0,0,0.0,0.0,,0,0.0
prebreak,002741,2021-06-30,S,S,A,C,S,S,A,15.8718,15.99,15.16,0.83,,0,0.0,0.0,,0,0.0,0,0.0,0.0,,0,0.0,0,0.0,0.0,,0,0.0
prebreak,000063,2021-07-02,S,S,A,C,S,S,A,29.102,30.79,29.2,1.59,,0,0.0,0.0,,0,0.0,1,30.79,32.8784,2021-07-16,0,1.2979,1,30.79,35.5641,2021-07-30,0,2.986
prebreak,002558,2021-07-05,S,S,A,C,S,S,A,12.2048,12.67,12.06,0.61,,0,0.0,0.0,,0,0.0,0,0.0,0.0,,0,0.0,0,0.0,0.0,,0,0.0
prebreak,002741,2021-07-07,S,S,A,C,S,S,A,17.6011,15.99,15.16,0.83,,1,15.99,19.3999,2021-07-14,0,4.0911,1,15.99,20.1751,2021-07-21,0,5.0245,1,15.99,22.461,2021-08-04,0,7.7768
prebreak,603043,2021-07-19,S,S,A,C,S,S,A,22.383,23.12,21.93,1.19,,0,0.0,0.0,,0,0.0,0,0.0,0.0,,0,0.0,0,0.0,0.0,,0,0.0
prebreak,300625,2021-07-29,S,S,A,C,S,S,A,12.4128,13.5,12.94,0.56,,1,13.5,13.4662,2021-08-05,0,-0.0786,1,13.5,13.3029,2021-08-06,0,-0.3701,1,13.5,13.3029,2021-08-06,0,-0.3701
prebreak,002801,2021-07-30,S,S,A,C,S,S,A,23.5898,24.69,23.53,1.16,,0,0.0,0.0,,0,0.0,0,0.0,0.0,,0,0.0,0,0.0,0.0,,0,0.0
prebreak,300348,2021-07-30,S,S,A,C,S,S,A,14.6409,16.54,15.84,0.7,,1,16.54,16.3692,2021-08-06,0,-0.2618,1,16.54,16.3692,2021-08-06,0,-0.2618,1,16.54,16.3692,2021-08-06,0,-0.2618
prebreak,603131,2021-07-30,S,S,A,C,S,S,A,17.1249,16.84,16.1,0.74,,1,16.84,19.8394,2021-08-06,0,4.0334,1,16.84,22.3043,2021-08-13,0,7.3623,1,16.84,23.0528,2021-08-27,0,8.3731
prebreak,603043,2021-08-02,S,S,A,C,S,S,A,19.7487,22.57,21.71,0.86,,0,0.0,0.0,,0,0.0,0,0.0,0.0,,0,0.0,0,0.0,0.0,,0,0.0
prebreak,000999,2021-08-03,S,S,A,C,S,S,A,12.6508,12.72,12.07,0.65,,0,0.0,0.0,,0,0.0,0,0.0,0.0,,0,0.0,0,0.0,0.0,,0,0.0
prebreak,000401,2021-08-04,S,S,A,C,S,S,A,10.8677,11.06,10.55,0.51,,1,11.06,11.0333,2021-08-11,0,-0.0687,1,11.06,11.0333,2021-08-11,0,-0.0687,1,11.06,11.0333,2021-08-11,0,-0.0687
prebreak,300625,2021-08-05,S,S,A,C,S,S,A,13.4662,13.5,12.94,0.56,,0,0.0,0.0,,0,0.0,0,0.0,0.0,,0,0.0,0,0.0,0.0,,0,0.0
prebreak,300348,2021-08-06,S,S,A,C,S,S,A,16.3692,16.54,15.84,0.7,,1,16.54,16.9552,2021-08-13,0,0.5749,1,16.54,15.84,2021-08-18,1,-1.0173,1,16.54,15.84,2021-08-18,1,-1.0173
prebreak,600585,2021-08-06,S,S,A,C,S,S,A,30.8115,31.04,29.46,1.58,,1,31.04,32.2701,2021-08-13,0,0.7631,1,31.04,33.0543,2021-08-20,0,1.2591,1,31.04,29.46,2021-08-30,1,-1.0143
prebreak,605222,2021-08-09,S,S,A,C,S,S,A,20.8466,20.73,19.78,0.95,,0,0.0,0.0,,0,0.0,0,0.0,0.0,,0,0.0,0,0.0,0.0,,0,0.0
prebreak,300348,2021-08-13,S,S,A,C,S,S,A,16.9552,16.54,15.84,0.7,,0,0.0,0.0,,0,0.0,0,0.0,0.0,,0,0.0,0,0.0,0.0,,0,0.0
prebreak,000021,2021-08-19,S,S,A,C,S,S,A,16.2062,16.6,15.93,0.67,,0,0.0,0.0,,0,0.0,0,0.0,0.0,,0,0.0,0,0.0,0.0,,0,0.0
prebreak,000555,2021-08-20,S,S,A,C,S,S,A,12.8254,13.25,12.64,0.61,,0,0.0,0.0,,0,0.0,0,0.0,0.0,,0,0.0,0,0.0,0.0,,0,0.0
prebreak,000021,2021-08-26,S,S,A,C,S,S,A,15.9291,16.65,15.82,0.83,,0,0.0,0.0,,0,0.0,0,0.0,0.0,,0,0.0,0,0.0,0.0,,0,0.0
prebreak,600371,2021-08-31,S,S,A,C,S,S,A,10.1763,10.94,10.43,0.51,,0,0.0,0.0,,0,0.0,1,10.94,10.43,2021-09-10,1,-1.0157,1,10.94,10.43,2021-09-10,1,-1.0157
prebreak,002281,2021-09-01,S,S,A,C,S,S,A,23.0463,27.16,25.76,1.4,,0,0.0,0.0,,0,0.0,0,0.0,0.0,,0,0.0,0,0.0,0.0,,0,0.0
prebreak,600547,2021-09-01,S,S,A,C,S,S,A,17.6889,17.78,17.01,0.77,,0,0.0,0.0,,0,0.0,0,0.0,0.0,,0,0.0,0,0.0,0.0,,0,0.0
prebreak,000581,2021-09-02,S,S,A,C,S,S,A,17.9655,17.78,16.99,0.79,,0,0.0,0.0,,0,0.0,0,0.0,0.0,,0,0.0,0,0.0,0.0,,0,0.0
prebreak,600036,2021-09-06,S,S,A,C,S,S,A,39.8775,40.4,38.47,1.93,,0,0.0,0.0,,0,0.0,0,0.0,0.0,,0,0.0,0,0.0,0.0,,0,0.0
prebreak,603109,2021-09-06,S,S,A,C,S,S,A,16.3932,15.57,14.8,0.77,,0,0.0,0.0,,0,0.0,0,0.0,0.0,,0,0.0,0,0.0,0.0,,0,0.0
prebreak,688550,2021-09-09,S,S,A,C,S,S,A,37.5117,32.28,30.7,1.58,,1,32.28,37.183,2021-09-14,0,3.0857,1,32.28,37.183,2021-09-14,0,3.0857,1,32.28,37.183,2021-09-14,0,3.0857
prebreak,600990,2021-09-10,S,S,A,C,S,S,A,23.7571,24.24,23.29,0.95,,0,0.0,0.0,,0,0.0,0,0.0,0.0,,0,0.0,1,24.24,23.29,2021-10-12,1,-1.0188
prebreak,000777,2021-09-13,S,S,A,C,S,S,A,12.6754,11.04,10.49,0.55,,1,11.04,13.2386,2021-09-22,0,3.9796,1,11.04,12.8568,2021-09-29,0,3.2859,1,11.04,11.1387,2021-10-20,0,0.1641
prebreak,300174,2021-09-13,S,S,A,C,S,S,A,16.0743,16.59,15.96,0.63,,0,0.0,0.0,,0,0.0,0,0.0,0.0,,0,0.0,0,0.0,0.0,,0,0.0
prebreak,600036,2021-09-13,S,S,A,C,S,S,A,41.996,40.4,38.47,1.93,,0,0.0,0.0,,0,0.0,0,0.0,0.0,,0,0.0,0,0.0,0.0,,0,0.0
prebreak,002946,2021-09-17,S,S,A,C,S,S,A,13.2513,14.25,13.58,0.67,,1,14.25,14.2084,2021-09-28,0,-0.0781,1,14.25,15.1098,2021-10-12,0,1.2664,1,14.25,14.9519,2021-10-26,0,1.0307
prebreak,600835,2021-09-17,S,S,A,C,S,S,A,13.5012,14.47,13.94,0.53,,0,0.0,0.0,,0,0.0,0,0.0,0.0,,0,0.0,0,0.0,0.0,,0,0.0
prebreak,600990,2021-09-17,S,S,A,C,S,S,A,21.8149,24.15,22.99,1.16,,0,0.0,0.0,,0,0.0,1,24.15,22.99,2021-10-12,1,-1.0152,1,24.15,22.99,2021-10-12,1,-1.0152
prebreak,000777,2021-09-22,S,S,A,C,S,S,A,13.2386,11.16,10.58,0.58,,1,11.16,12.8568,2021-09-29,0,2.909,1,11.16,10.9765,2021-10-13,0,-0.3309,1,11.16,11.0146,2021-10-27,0,-0.2651
prebreak,002373,2021-09-22,S,S,A,C,S,S,A,14.9182,15.65,14.86,0.79,,0,0.0,0.0,,0,0.0,0,0.0,0.0,,0,0.0,0,0.0,0.0,,0,0.0
prebreak,601108,2021-09-22,S,S,A,C,S,S,A,9.6079,9.51,9.01,0.5,,0,0.0,0.0,,0,0.0,0,0.0,0.0,,0,0.0,0,0.0,0.0,,0,0.0
prebreak,605222,2021-09-22,S,S,A,C,S,S,A,22.181,22.24,21.09,1.15,,0,0.0,0.0,,0,0.0,0,0.0,0.0,,0,0.0,0,0.0,0.0,,0,0.0
prebreak,000553,2021-09-28,S,S,A,C,S,S,A,9.9021,9.81,9.31,0.5,,0,0.0,0.0,,0,0.0,0,0.0,0.0,,0,0.0,0,0.0,0.0,,0,0.0
prebreak,600835,2021-09-28,S,S,A,C,S,S,A,13.3422,13.85,13.13,0.72,,0,0.0,0.0,,0,0.0,0,0.0,0.0,,0,0.0,0,0.0,0.0,,0,0.0
prebreak,600990,2021-09-28,S,S,A,C,S,S,A,23.3417,24.15,22.99,1.16,,1,24.15,22.99,2021-10-12,1,-1.0152,1,24.15,22.99,2021-10-12,1,-1.0152,1,24.15,22.99,2021-10-12,1,-1.0152
prebreak,000997,2021-09-30,S,S,A,C,S,S,A,14.0529,15.72,14.96,0.76,,0,0.0,0.0,,0,0.0,0,0.0,0.0,,0,0.0,0,0.0,0.0,,0,0.0
prebreak,600562,2021-10-08,S,S,A,C,S,S,A,13.2296,13.46,12.78,0.68,,0,0.0,0.0,,0,0.0,0,0.0,0.0,,0,0.0,0,0.0,0.0,,0,0.0
prebreak,002262,2021-10-11,S,S,A,C,S,S,A,14.1284,13.27,12.71,0.56,,0,0.0,0.0,,0,0.0,0,0.0,0.0,,0,0.0,0,0.0,0.0,,0,0.0
prebreak,600566,2021-10-11,S,S,A,C,S,S,A,13.5082,13.63,12.97,0.66,,0,0.0,0.0,,0,0.0,0,0.0,0.0,,0,0.0,0,0.0,0.0,,0,0.0
prebreak,600036,2021-10-13,S,S,A,C,S,S,A,41.3028,39.44,37.39,2.05,,0,0.0,0.0,,0,0.0,0,0.0,0.0,,0,0.0,0,0.0,0.0,,0,0.0
prebreak,000997,2021-10-14,S,S,A,C,S,S,A,13.7146,14.47,13.88,0.59,,0,0.0,0.0,,0,0.0,0,0.0,0.0,,0,0.0,0,0.0,0.0,,0,0.0
prebreak,600332,2021-10-18,S,S,A,C,S,S,A,26.1753,27.07,26.05,1.02,,0,0.0,0.0,,0,0.0,0,0.0,0.0,,0,0.0,0,0.0,0.0,,0,0.0
prebreak,600566,2021-10-18,S,S,A,C,S,S,A,13.3744,13.63,12.97,0.66,,0,0.0,0.0,,0,0.0,1,13.63,13.949,2021-11-01,0,0.4673,1,13.63,16.4129,2021-11-15,0,4.1982
prebreak,601200,2021-10-18,S,S,A,C,S,S,A,9.3906,9.75,9.25,0.5,,0,0.0,0.0,,0,0.0,0,0.0,0.0,,0,0.0,0,0.0,0.0,,0,0.0
prebreak,600184,2021-10-19,S,S,A,C,S,S,A,11.2329,11.96,11.37,0.59,,0,0.0,0.0,,0,0.0,0,0.0,0.0,,0,0.0,1,11.96,11.8433,2021-11-11,0,-0.2131
prebreak,600345,2021-10-19,S,S,A,C,S,S,A,16.683,17.39,16.54,0.85,,0,0.0,0.0,,0,0.0,0,0.0,0.0,,0,0.0,0,0.0,0.0,,0,0.0
prebreak,600900,2021-10-19,S,S,A,C,S,S,A,18.0342,18.15,17.32,0.83,,0,0.0,0.0,,0,0.0,0,0.0,0.0,,0,0.0,0,0.0,0.0,,0,0.0
prebreak,600990,2021-10-19,S,S,A,C,S,S,A,26.6704,24.15,22.99,1.16,,1,24.15,25.4244,2021-10-22,0,1.0821,1,24.15,25.4244,2021-10-22,0,1.0821,1,24.15,25.4244,2021-10-22,0,1.0821
prebreak,600036,2021-10-20,S,S,A,C,S,S,A,40.8121,41.86,40.07,1.79,,0,0.0,0.0,,0,0.0,0,0.0,0.0,,0,0.0,0,0.0,0.0,,0,0.0
prebreak,000997,2021-10-21,S,S,A,C,S,S,A,13.9706,14.21,13.57,0.64,,0,0.0,0.0,,0,0.0,0,0.0,0.0,,0,0.0,0,0.0,0.0,,0,0.0
prebreak,000977,2021-10-22,S,S,A,C,S,S,A,30.0198,30.35,29.04,1.31,,1,30.35,30.6007,2021-10-29,0,0.1736,1,30.35,31.3194,2021-11-05,0,0.7219,1,30.35,31.6148,2021-11-19,0,0.9473
prebreak,600566,2021-10-25,S,S,A,C,S,S,A,12.5478,13.63,12.97,0.66,,1,13.63,13.949,2021-11-01,0,0.4673,1,13.63,14.0356,2021-11-08,0,0.5985,1,13.63,14.7913,2021-11-22,0,1.7427
prebreak,002755,2021-10-26,S,S,A,C,S,S,A,13.2478,12.22,11.66,0.56,,0,0.0,0.0,,0,0.0,0,0.0,0.0,,0,0.0,0,0.0,0.0,,0,0.0
prebreak,600184,2021-10-26,S,S,A,C,S,S,A,11.3905,11.55,10.96,0.59,,1,11.55,10.96,2021-10-28,1,-1.0142,1,11.55,10.96,2021-10-28,1,-1.0142,1,11.55,10.96,2021-10-28,1,-1.0142
prebreak,603108,2021-10-26,S,S,A,C,S,S,A,10.7017,10.96,10.43,0.53,,0,0.0,0.0,,0,0.0,0,0.0,0.0,,0,0.0,1,10.96,12.6635,2021-11-23,0,3.1964
prebreak,000026,2021-10-29,S,S,A,C,S,S,A,9.5084,10.59,10.07,0.52,,0,0.0,0.0,,0,0.0,0,0.0,0.0,,0,0.0,1,10.59,10.4249,2021-11-26,0,-0.3328
prebreak,000977,2021-10-29,S,S,A,C,S,S,A,30.6007,30.96,29.36,1.6,,1,30.96,31.3194,2021-11-05,0,0.2098,1,30.96,30.837,2021-11-12,0,-0.0915,1,30.96,32.1859,2021-11-26,0,0.751
prebreak,600566,2021-11-01,S,S,A,C,S,S,A,13.949,12.81,12.18,0.63,,1,12.81,14.0356,2021-11-08,0,1.9287,1,12.81,16.4129,2021-11-15,0,5.6998,1,12.81,14.2796,2021-11-29,0,2.3158
prebreak,002142,2021-11-03,S,S,A,C,S,S,A,32.0291,32.84,31.13,1.71,,0,0.0,0.0,,0,0.0,0,0.0,0.0,,0,0.0,0,0.0,0.0,,0,0.0
prebreak,002695,2021-11-03,S,S,A,C,S,S,A,13.677,13.56,13.05,0.51,,1,13.56,13.8771,2021-11-08,0,0.6013,1,13.56,13.8771,2021-11-08,0,0.6013,1,13.56,13.8771,2021-11-08,0,0.6013
prebreak,600036,2021-11-03,S,S,A,C,S,S,A,40.2669,42.14,40.07,2.07,,0,0.0,0.0,,0,0.0,0,0.0,0.0,,0,0.0,0,0.0,0.0,,0,0.0
prebreak,605222,2021-11-03,S,S,A,C,S,S,A,22.0069,21.07,19.98,1.09,,1,21.07,24.4049,2021-11-10,0,3.0429,1,21.07,27.6344,2021-11-17,0,6.0039,1,21.07,26.8609,2021-12-01,0,5.2947
prebreak,000333,2021-11-04,S,S,A,C,S,S,A,56.2737,57.58,54.8,2.78,,0,0.0,0.0,,0,0.0,0,0.0,0.0,,0,0.0,0,0.0,0.0,,0,0.0
prebreak,000977,2021-11-05,S,S,A,C,S,S,A,31.3194,30.96,29.36,1.6,,0,0.0,0.0,,0,0.0,0,0.0,0.0,,0,0.0,0,0.0,0.0,,0,0.0
prebreak,600104,2021-11-05,S,S,A,C,S,S,A,20.1135,18.45,17.54,0.91,,1,18.45,18.9543,2021-11-10,0,0.5384,1,18.45,18.9543,2021-11-10,0,0.5384,1,18.45,18.9543,2021-11-10,0,0.5384
prebreak,600566,2021-11-08,S,S,A,C,S,S,A,14.0356,12.81,12.18,0.63,,0,0.0,0.0,,0,0.0,0,0.0,0.0,,0,0.0,0,0.0,0.0,,0,0.0
prebreak,000555,2021-11-09,S,S,A,C,S,S,A,11.3795,11.44,10.91,0.53,,0,0.0,0.0,,0,0.0,0,0.0,0.0,,0,0.0,0,0.0,0.0,,0,0.0
prebreak,000333,2021-11-11,S,S,A,C,S,S,A,57.3241,57.25,54.29,2.96,,0,0.0,0.0,,0,0.0,0,0.0,0.0,,0,0.0,0,0.0,0.0,,0,0.0
prebreak,600511,2021-11-11,S,S,A,C,S,S,A,27.1297,27.32,26.16,1.16,,1,27.32,27.1561,2021-11-18,0,-0.1591,1,27.32,27.0945,2021-11-25,0,-0.2121,1,27.32,26.7515,2021-12-09,0,-0.5077
prebreak,002262,2021-11-15,S,S,A,C,S,S,A,14.5656,13.99,13.32,0.67,,0,0.0,0.0,,0,0.0,0,0.0,0.0,,0,0.0,0,0.0,0.0,,0,0.0
prebreak,300168,2021-11-15,S,S,A,C,S,S,A,11.62,11.62,11.09,0.53,,0,0.0,0.0,,0,0.0,0,0.0,0.0,,0,0.0,0,0.0,0.0,,0,0.0
prebreak,000002,2021-11-19,S,S,A,C,S,S,A,17.8022,16.49,15.64,0.85,,0,0.0,0.0,,0,0.0,0,0.0,0.0,,0,0.0,0,0.0,0.0,,0,0.0
prebreak,000581,2021-11-22,S,S,A,C,S,S,A,17.2225,15.39,14.85,0.54,,0,0.0,0.0,,0,0.0,0,0.0,0.0,,0,0.0,0,0.0,0.0,,0,0.0
prebreak,300168,2021-11-22,S,S,A,C,S,S,A,11.95,11.79,11.29,0.5,,0,0.0,0.0,,0,0.0,0,0.0,0.0,,0,0.0,0,0.0,0.0,,0,0.0
prebreak,603568,2021-11-22,S,S,A,C,S,S,A,17.3631,17.63,16.74,0.89,,1,17.63,21.2749,2021-11-29,0,4.0777,1,17.63,19.8072,2021-12-06,0,2.4297,1,17.63,22.3815,2021-12-20,0,5.3204
prebreak,000977,2021-11-26,S,S,A,C,S,S,A,32.1859,31.41,29.97,1.44,,0,0.0,0.0,,0,0.0,0,0.0,0.0,,0,0.0,0,0.0,0.0,,0,0.0
prebreak,300168,2021-11-29,S,S,A,C,S,S,A,11.52,11.79,11.29,0.5,,1,11.79,11.88,2021-12-06,0,0.162,1,11.79,12.14,2021-12-13,0,0.6816,1,11.79,12.7,2021-12-27,0,1.8009
prebreak,600598,2021-11-29,S,S,A,C,S,S,A,11.9982,12.35,11.81,0.54,,0,0.0,0.0,,0,0.0,0,0.0,0.0,,0,0.0,0,0.0,0.0,,0,0.0
prebreak,603896,2021-11-29,S,S,A,C,S,S,A,32.6814,32.77,31.21,1.56,,0,0.0,0.0,,0,0.0,0,0.0,0.0,,0,0.0,0,0.0,0.0,,0,0.0
prebreak,002698,2021-11-30,S,S,A,C,S,S,A,12.0897,11.71,11.17,0.54,,0,0.0,0.0,,0,0.0,0,0.0,0.0,,0,0.0,0,0.0,0.0,,0,0.0
prebreak,002739,2021-12-01,S,S,A,C,S,S,A,14.13,14.76,14.13,0.63,,0,0.0,0.0,,0,0.0,0,0.0,0.0,,0,0.0,0,0.0,0.0,,0,0.0
prebreak,002698,2021-12-07,S,S,A,C,S,S,A,11.341,12.31,11.73,0.58,,0,0.0,0.0,,0,0.0,0,0.0,0.0,,0,0.0,0,0.0,0.0,,0,0.0
prebreak,300383,2021-12-09,S,S,A,C,S,S,A,14.0863,14.32,13.77,0.55,,0,0.0,0.0,,0,0.0,0,0.0,0.0,,0,0.0,0,0.0,0.0,,0,0.0
prebreak,600967,2021-12-09,S,S,A,C,S,S,A,10.0301,9.56,9.06,0.5,,0,0.0,0.0,,0,0.0,0,0.0,0.0,,0,0.0,0,0.0,0.0,,0,0.0
prebreak,603139,2021-12-09,S,S,A,C,S,S,A,20.9221,20.15,19.14,1.01,,1,20.15,20.3642,2021-12-16,0,0.1968,1,20.15,20.5734,2021-12-23,0,0.4038,1,20.15,21.4701,2022-01-07,0,1.291
prebreak,000977,2021-12-10,S,S,A,C,S,S,A,34.0566,33.3,31.54,1.76,,0,0.0,0.0,,0,0.0,0,0.0,0.0,,0,0.0,0,0.0,0.0,,0,0.0
prebreak,600104,2021-12-10,S,S,A,C,S,S,A,19.3171,18.7,17.73,0.97,,0,0.0,0.0,,0,0.0,0,0.0,0.0,,0,0.0,0,0.0,0.0,,0,0.0
prebreak,002262,2021-12-13,S,S,A,C,S,S,A,13.8308,14.18,13.5,0.68,,0,0.0,0.0,,0,0.0,1,14.18,14.4633,2021-12-27,0,0.4005,1,14.18,14.8725,2022-01-11,0,1.002
prebreak,603568,2021-12-13,S,S,A,C,S,S,A,21.4997,17.63,16.74,0.89,,1,17.63,22.3815,2021-12-20,0,5.3204,1,17.63,21.3163,2021-12-27,0,4.1242,1,17.63,19.103,2022-01-11,0,1.639
prebreak,002415,2021-12-16,S,S,A,C,S,S,A,45.6746,42.63,41.03,1.6,,0,0.0,0.0,,0,0.0,0,0.0,0.0,,0,0.0,0,0.0,0.0,,0,0.0
prebreak,300383,2021-12-16,S,S,A,C,S,S,A,14.3906,14.5,13.77,0.73,,0,0.0,0.0,,0,0.0,0,0.0,0.0,,0,0.0,0,0.0,0.0,,0,0.0
prebreak,300868,2021-12-16,S,S,A,C,S,S,A,26.9433,25.98,24.62,1.36,,0,0.0,0.0,,0,0.0,0,0.0,0.0,,0,0.0,0,0.0,0.0,,0,0.0
prebreak,002595,2021-12-17,S,S,A,C,S,S,A,16.8439,18.22,17.33,0.89,,0,0.0,0.0,,0,0.0,0,0.0,0.0,,0,0.0,0,0.0,0.0,,0,0.0
prebreak,300285,2021-12-20,S,S,A,C,S,S,A,40.559,42.52,40.74,1.78,,0,0.0,0.0,,0,0.0,0,0.0,0.0,,0,0.0,0,0.0,0.0,,0,0.0
prebreak,002925,2021-12-22,S,S,A,C,S,S,A,28.2491,28.56,27.25,1.31,,0,0.0,0.0,,0,0.0,0,0.0,0.0,,0,0.0,0,0.0,0.0,,0,0.0
prebreak,600729,2021-12-22,S,S,A,C,S,S,A,19.016,17.3,16.47,0.83,,0,0.0,0.0,,0,0.0,0,0.0,0.0,,0,0.0,0,0.0,0.0,,0,0.0
prebreak,002415,2021-12-23,S,S,A,C,S,S,A,44.3278,46.11,44.02,2.09,,0,0.0,0.0,,0,0.0,0,0.0,0.0,,0,0.0,0,0.0,0.0,,0,0.0
prebreak,300383,2021-12-23,S,S,A,C,S,S,A,14.2238,14.5,13.77,0.73,,1,14.5,14.4201,2021-12-30,0,-0.1245,1,14.5,14.4201,2021-12-30,0,-0.1245,1,14.5,14.4201,2021-12-30,0,-0.1245
prebreak,300873,2021-12-23,S,S,A,C,S,S,A,20.7284,21.76,20.87,0.89,,0,0.0,0.0,,0,0.0,1,21.76,21.9947,2022-01-07,0,0.2449,1,21.76,20.87,2022-01-20,1,-1.018
prebreak,300838,2021-12-27,S,S,A,C,S,S,A,17.4093,16.92,16.15,0.77,,1,16.92,17.3811,2021-12-30,0,0.5818,1,16.92,17.3811,2021-12-30,0,0.5818,1,16.92,17.3811,2021-12-30,0,0.5818
prebreak,600446,2021-12-27,S,S,A,C,S,S,A,13.5706,14.11,13.49,0.62,,0,0.0,0.0,,0,0.0,0,0.0,0.0,,0,0.0,0,0.0,0.0,,0,0.0
prebreak,002925,2021-12-29,S,S,A,C,S,S,A,28.8966,28.68,27.25,1.43,,0,0.0,0.0,,0,0.0,0,0.0,0.0,,0,0.0,0,0.0,0.0,,0,0.0
prebreak,600729,2021-12-29,S,S,A,C,S,S,A,18.8263,19.75,18.82,0.93,,0,0.0,0.0,,0,0.0,0,0.0,0.0,,0,0.0,0,0.0,0.0,,0,0.0
prebreak,300383,2021-12-30,S,S,A,C,S,S,A,14.4201,14.46,13.76,0.7,,0,0.0,0.0,,0,0.0,0,0.0,0.0,,0,0.0,0,0.0,0.0,,0,0.0
prebreak,300873,2021-12-30,S,S,A,C,S,S,A,19.9021,21.76,20.87,0.89,,1,21.76,21.9947,2022-01-07,0,0.2449,1,21.76,21.7891,2022-01-14,0,0.0141,1,21.76,20.87,2022-01-20,1,-1.018
