code,name,price,涨幅%,换手率%,成交量,MA5,MA20,RSI,评级,策略,触发价,止损价,每股风险,TY高,TY低
600008,首创环保,2.93,2.0905923344947785,0.0,1080111.0,2.902,2.8465,0,S,钻潜评级策略,2.96,2.83,0.13,2.95,2.84
600015,华夏银行,7.09,0.14124293785311437,0.0,997717.0,7.034000000000001,6.8845,0,S,钻潜评级策略,7.17,6.9,0.27,7.16,6.91
600016,民生银行,3.56,0.28169014084507005,0.0,2493941.0,3.5340000000000003,3.4284999999999997,0,S,钻潜评级策略,3.59,3.47,0.12,3.58,3.48
600018,上港集团,5.17,0.19379844961240345,0.0,526500.0,5.1579999999999995,5.112,0,S,钻潜评级策略,5.23,5.08,0.15,5.22,5.09
600017,日照港,2.74,0.7352941176470562,0.0,360206.0,2.722,2.6735,0,S,钻潜评级策略,2.76,2.66,0.1,2.75,2.67
600035,楚天高速,3.5,0.5747126436781658,0.0,194216.0,3.4839999999999995,3.5035000000000003,0,S,钻潜评级策略,3.53,3.41,0.12,3.52,3.42
600050,中国联通,4.42,-0.45045045045045695,0.0,1461000.0,4.416,4.2585,0,S,钻潜评级策略,4.47,4.33,0.14,4.46,4.34
600062,华润双鹤,16.89,2.862362971985366,0.0,108061.0,16.770000000000003,16.8895,0,S,钻潜评级策略,17.59,16.76,0.83,17.55,16.79
600079,ST人福,17.91,1.8192154633314361,0.0,119137.0,17.518,17.499000000000002,0,S,钻潜评级策略,18.01,17.16,0.85,17.97,17.19
600169,ST太重,2.05,1.990049751243772,0.0,128690.0,2.006,2.0095,0,S,钻潜评级策略,2.05,1.96,0.09,2.05,1.96
600182,S佳通,12.91,0.7020280811232515,0.0,11671.0,12.813999999999998,13.387,0,S,钻潜评级策略,13.11,12.55,0.56,13.08,12.58
600283,钱江水利,7.8,1.0362694300518172,0.0,26489.0,7.712000000000001,7.9655000000000005,0,S,钻潜评级策略,7.84,7.55,0.29,7.82,7.57
600285,羚锐制药,23.13,2.9372496662216196,0.0,114550.0,22.49,22.1665,0,S,钻潜评级策略,22.79,21.81,0.98,22.74,21.85
600351,亚宝药业,6.52,0.46224961479197635,0.0,124557.0,6.5120000000000005,6.4185,0,S,钻潜评级策略,6.65,6.37,0.28,6.64,6.38
600368,五洲交通,3.85,1.3157894736842257,0.0,127238.0,3.7939999999999996,3.696,0,S,钻潜评级策略,3.88,3.69,0.19,3.87,3.7
600398,海澜之家,6.16,2.3255813953488413,0.0,449105.0,6.0280000000000005,5.8125,0,S,钻潜评级策略,6.2,5.88,0.32,6.19,5.89
600419,天润乳业,8.83,9.96264009962642,0.0,170236.0,7.992,7.8565,0,S,钻潜评级策略,7.88,7.55,0.33,7.86,7.57
600461,洪城环境,9.31,2.1953896816685026,0.0,125912.0,9.208,9.1785,0,S,钻潜评级策略,9.42,8.96,0.46,9.4,8.98
600479,千金药业,9.63,0.6269592476489061,0.0,52242.0,9.544,9.6765,0,S,钻潜评级策略,9.76,9.26,0.5,9.74,9.28
600511,国药股份,27.75,2.0220588235294157,0.0,58340.0,27.342000000000002,27.340500000000002,0,S,钻潜评级策略,27.98,26.88,1.1,27.92,26.93
600529,山东药玻,19.67,0.3059663437022131,0.0,161427.0,19.21,18.7385,0,S,钻潜评级策略,19.31,18.38,0.93,19.27,18.42
600535,天士力,15.95,1.3986013986013957,0.0,220637.0,15.862,15.065000000000001,0,S,钻潜评级策略,16.16,15.49,0.67,16.13,15.52
600551,时代出版,6.8,1.0401188707280795,0.0,51446.0,6.744,6.7325,0,S,钻潜评级策略,6.87,6.65,0.22,6.86,6.66
600567,山鹰国际,1.33,0.7575757575757569,0.0,706436.0,1.316,1.341,0,S,钻潜评级策略,1.35,1.29,0.06,1.35,1.29
600597,光明乳业,7.0,3.857566765578624,0.0,196903.0,6.715999999999999,6.593500000000001,0,S,钻潜评级策略,6.77,6.53,0.24,6.76,6.54
600600,青岛啤酒,55.56,2.0573108008817176,0.0,110448.0,53.95,53.6435,0,S,钻潜评级策略,54.55,52.41,2.14,54.44,52.52
600674,川投能源,16.21,-0.12322858903265343,0.0,296907.0,16.169999999999998,15.426999999999998,0,S,钻潜评级策略,16.49,15.84,0.65,16.46,15.87
600887,伊利股份,27.31,2.7464258841233935,0.0,1003169.0,26.844,25.909499999999998,0,S,钻潜评级策略,25.42,24.33,1.09,25.37,24.38
600886,国投电力,15.21,0.7284768211920589,0.0,392585.0,14.994,14.354,0,S,钻潜评级策略,15.38,14.58,0.8,15.35,14.61
600900,长江电力,28.93,-0.4815961472308228,0.0,1314441.0,28.838,28.255000000000003,0,S,钻潜评级策略,29.63,28.24,1.39,29.57,28.3
600905,三峡能源,3.86,0.7832898172323688,0.0,968049.0,3.868,3.8105,0,S,钻潜评级策略,3.97,3.79,0.18,3.96,3.8
600908,无锡银行,5.53,1.8416206261510304,0.0,213095.0,5.43,5.3575,0,S,钻潜评级策略,5.56,5.34,0.22,5.55,5.35
600925,苏能股份,4.35,1.1627906976744207,0.0,81910.0,4.3420000000000005,4.325,0,S,钻潜评级策略,4.45,4.24,0.21,4.44,4.25
600926,杭州银行,16.2,0.8717310087173136,0.0,398143.0,15.935999999999998,15.546000000000001,0,S,钻潜评级策略,16.11,15.3,0.81,16.08,15.33
600941,中国移动,97.3,0.9859885832900872,0.0,150519.0,95.43199999999999,92.263,0,S,钻潜评级策略,97.99,93.6,4.39,97.79,93.79
601059,信达证券,16.44,2.111801242236022,0.0,62474.0,16.454,16.5995,0,S,钻潜评级策略,16.86,16.05,0.81,16.83,16.08
601128,常熟银行,6.33,1.4423076923076872,0.0,623485.0,6.264000000000001,6.1645,0,S,钻潜评级策略,6.38,6.17,0.21,6.37,6.18
601158,重庆水务,4.21,0.9592326139088669,0.0,72157.0,4.188,4.129,0,S,钻潜评级策略,4.26,4.11,0.15,4.25,4.12
601166,兴业银行,18.59,-0.05376344086022167,0.0,1102797.0,18.416000000000004,17.7305,0,S,钻潜评级策略,18.82,18.01,0.81,18.78,18.05
601169,北京银行,5.12,0.5893909626719207,0.0,1456973.0,5.084,5.0600000000000005,0,S,钻潜评级策略,5.16,5.02,0.14,5.15,5.03
601186,中国铁建,6.33,1.4423076923076872,0.0,644502.0,6.428,6.3005,0,S,钻潜评级策略,6.62,6.34,0.28,6.61,6.35
601188,龙江交通,2.86,1.0600706713780772,0.0,124685.0,2.832,2.843,0,S,钻潜评级策略,2.89,2.77,0.12,2.88,2.78
601229,上海银行,9.38,0.10672358591250486,0.0,687225.0,9.234,9.0895,0,S,钻潜评级策略,9.51,9.05,0.46,9.49,9.07
601298,青岛港,8.97,0.786516853932584,0.0,152059.0,8.764,8.416,0,S,钻潜评级策略,8.97,8.5,0.47,8.95,8.52
601326,秦港股份,3.5,1.744186046511631,0.0,249621.0,3.4400000000000004,3.3725,0,S,钻潜评级策略,3.51,3.35,0.16,3.5,3.36
601328,交通银行,7.09,-0.2812939521800395,0.0,2367421.0,7.039999999999999,6.8195,0,S,钻潜评级策略,7.17,6.88,0.29,7.16,6.89
601333,广深铁路,3.05,2.348993288590595,0.0,932879.0,2.992,2.9675,0,S,钻潜评级策略,3.08,2.92,0.16,3.07,2.93
601375,中原证券,4.15,2.4691358024691468,0.0,577022.0,4.090000000000001,4.084999999999999,0,S,钻潜评级策略,4.16,3.99,0.17,4.15,4.0
601398,工商银行,7.95,-0.25094102885820924,0.0,4269615.0,7.816,7.496,0,S,钻潜评级策略,7.76,7.35,0.41,7.74,7.36
601456,国联民生,8.95,1.5891032917139558,0.0,177609.0,8.924,8.958499999999999,0,S,钻潜评级策略,9.09,8.75,0.34,9.07,8.77
601518,吉林高速,2.78,1.0909090909090757,0.0,142165.0,2.7540000000000004,2.7540000000000004,0,S,钻潜评级策略,2.8,2.71,0.09,2.79,2.72
601577,长沙银行,9.44,1.396348012889348,0.0,258422.0,9.294,9.161,0,S,钻潜评级策略,9.52,9.14,0.38,9.5,9.16
601598,中国外运,6.4,2.2364217252396346,0.0,271340.0,6.183999999999999,5.672000000000001,0,S,钻潜评级策略,5.49,5.23,0.26,5.48,5.24
601607,上海医药,16.6,0.911854103343468,0.0,125748.0,16.496000000000002,16.463,0,S,钻潜评级策略,16.77,16.17,0.6,16.74,16.2
601658,邮储银行,5.12,-1.538461538461544,0.0,1774812.0,5.128,5.065,0,S,钻潜评级策略,5.23,5.06,0.17,5.22,5.07
601668,中国建筑,4.64,0.0,0.0,2997323.0,4.662,4.599500000000001,0,S,钻潜评级策略,4.75,4.54,0.21,4.74,4.55
601816,京沪高铁,5.12,0.7874015748031482,0.0,2186080.0,5.05,4.8155,0,S,钻潜评级策略,5.16,4.97,0.19,5.15,4.98
601818,光大银行,3.18,0.0,0.0,1807769.0,3.168,3.1055,0,S,钻潜评级策略,3.22,3.12,0.1,3.21,3.13
601860,紫金银行,2.61,1.1627906976744207,0.0,611786.0,2.5780000000000003,2.543,0,S,钻潜评级策略,2.64,2.52,0.12,2.63,2.53
601901,方正证券,7.08,1.5781922525107683,0.0,522628.0,7.07,7.1265,0,S,钻潜评级策略,7.24,6.94,0.3,7.23,6.95
601916,浙商银行,2.95,1.0273972602739878,0.0,1624530.0,2.902,2.8205,0,S,钻潜评级策略,2.99,2.83,0.16,2.98,2.84
601928,凤凰传媒,9.75,1.6684045881126153,0.0,117628.0,9.59,9.344,0,S,钻潜评级策略,9.69,9.21,0.48,9.67,9.23
601939,建设银行,10.63,-0.09398496240601295,0.0,1387561.0,10.426,10.0915,0,S,钻潜评级策略,10.22,9.7,0.52,10.2,9.72
601985,中国核电,8.96,1.242937853107362,0.0,995452.0,8.931999999999999,8.906,0,S,钻潜评级策略,9.13,8.76,0.37,9.11,8.78
601988,中国银行,6.01,-1.4754098360655665,0.0,3236977.0,6.018,5.8759999999999994,0,S,钻潜评级策略,6.13,5.89,0.24,6.12,5.9
601997,贵阳银行,5.66,0.7117437722419906,0.0,473773.0,5.598,5.416500000000001,0,S,钻潜评级策略,5.7,5.48,0.22,5.69,5.49
603107,上海汽配,11.52,1.8567639257294433,0.0,19281.0,11.3,11.48,0,S,钻潜评级策略,11.57,11.02,0.55,11.55,11.04
603167,渤海轮渡,8.71,1.1614401858304424,0.0,52560.0,8.617999999999999,8.6875,0,S,钻潜评级策略,8.76,8.41,0.35,8.74,8.43
603213,镇洋发展,13.67,-0.870195794053652,0.0,36094.0,13.77,14.011500000000002,0,S,钻潜评级策略,13.96,13.46,0.5,13.93,13.49
603235,天新药业,24.02,0.6705783738474524,0.0,3328.0,23.898,23.666,0,S,钻潜评级策略,24.4,23.56,0.84,24.35,23.61
603310,巍华新材,14.48,1.1173184357541999,0.0,15145.0,14.324000000000002,14.770999999999997,0,S,钻潜评级策略,14.54,14.01,0.53,14.51,14.04
603323,苏农银行,4.32,1.8867924528301883,0.0,389022.0,4.234,4.159000000000001,0,S,钻潜评级策略,4.34,4.16,0.18,4.33,4.17
603368,柳药集团,15.51,1.3063357282821597,0.0,36773.0,15.313999999999998,15.449000000000002,0,S,钻潜评级策略,15.59,14.93,0.66,15.56,14.96
603587,地素时尚,11.98,2.480752780153983,0.0,28095.0,11.552000000000001,11.625499999999999,0,S,钻潜评级策略,12.02,11.45,0.57,12.0,11.47
688459,哈铁科技,8.11,1.6290726817042467,0.0,7951.0,8.0,8.0995,0,S,钻潜评级策略,8.15,7.85,0.3,8.13,7.87
688538,和辉光电,2.41,1.6877637130801704,0.0,987703.0,2.368,2.38,0,S,钻潜评级策略,2.43,2.32,0.11,2.43,2.32
000001,平安银行,11.28,0.7142857142857117,0.0,1511054.0,11.154,10.7635,0,S,钻潜评级策略,11.38,10.88,0.5,11.36,10.9
000089,深圳机场,6.64,2.311248073959926,0.0,149220.0,6.562,6.4735,0,S,钻潜评级策略,6.7,6.43,0.27,6.69,6.44
000088,盐田港,4.4,0.4566210045662267,0.0,222624.0,4.359999999999999,4.2805,0,S,钻潜评级策略,4.44,4.28,0.16,4.43,4.29
000513,丽珠集团,30.92,1.343821697804004,0.0,69765.0,30.554000000000002,30.639499999999998,0,S,钻潜评级策略,31.08,29.67,1.41,31.02,29.73
000538,云南白药,51.89,0.8944195994555759,0.0,104134.0,51.428,50.382999999999996,0,S,钻潜评级策略,52.33,50.56,1.77,52.23,50.66
000541,佛山照明,4.95,1.642710472279263,0.0,79549.0,4.878,4.971500000000001,0,S,钻潜评级策略,4.97,4.78,0.19,4.96,4.79
000550,江铃汽车,16.66,2.839506172839501,0.0,45300.0,16.366,16.397,0,S,钻潜评级策略,16.72,15.97,0.75,16.69,16.0
000589,贵州轮胎,4.36,1.1600928074246175,0.0,207621.0,4.304,4.299,0,S,钻潜评级策略,4.39,4.22,0.17,4.38,4.23
000598,兴蓉环境,7.33,1.5235457063711877,0.0,286876.0,7.3180000000000005,6.9625,0,S,钻潜评级策略,7.45,7.14,0.31,7.44,7.15
000651,格力电器,41.65,2.083333333333326,0.0,744510.0,40.774,39.608000000000004,0,S,钻潜评级策略,41.98,40.14,1.84,41.9,40.22
000750,国海证券,3.83,1.8617021276595924,0.0,545091.0,3.8019999999999996,3.7880000000000003,0,S,钻潜评级策略,3.85,3.72,0.13,3.84,3.73
000800,一汽解放,6.37,2.083333333333326,0.0,209933.0,6.287999999999999,6.2395000000000005,0,S,钻潜评级策略,6.42,6.15,0.27,6.41,6.16
000848,承德露露,8.87,4.722550177095619,0.0,408135.0,8.314,8.201,0,S,钻潜评级策略,8.6,8.22,0.38,8.58,8.24
000900,现代投资,3.74,1.3550135501354976,0.0,142544.0,3.7039999999999997,3.686,0,S,钻潜评级策略,3.76,3.64,0.12,3.75,3.65
001213,中铁特货,3.56,1.4245014245014342,0.0,87144.0,3.5140000000000002,3.5005,0,S,钻潜评级策略,3.58,3.45,0.13,3.57,3.46
001227,兰州银行,2.18,1.3953488372093092,0.0,968315.0,2.144,2.0925000000000002,0,S,钻潜评级策略,2.19,2.1,0.09,2.19,2.1
002275,桂林三金,13.22,0.6854531607006775,0.0,19873.0,13.128,13.255500000000001,0,S,钻潜评级策略,13.36,12.79,0.57,13.33,12.82
002500,山西证券,5.37,2.4809160305343525,0.0,326720.0,5.319999999999999,5.342499999999999,0,S,钻潜评级策略,5.41,5.19,0.22,5.4,5.2
002507,涪陵榨菜,11.86,2.329594477998276,0.0,187782.0,11.552,11.386,0,S,钻潜评级策略,11.72,11.26,0.46,11.7,11.28
002746,仙坛股份,6.0,0.5025125628140836,0.0,108807.0,5.96,5.746,0,S,钻潜评级策略,6.12,5.85,0.27,6.11,5.86
002818,富森美,10.93,1.6744186046511622,0.0,48911.0,10.698,10.591,0,S,钻潜评级策略,10.82,10.41,0.41,10.8,10.43
002839,张家港行,4.49,2.0454545454545503,0.0,390475.0,4.3839999999999995,4.250500000000001,0,S,钻潜评级策略,4.43,4.23,0.2,4.42,4.24
002884,凌霄泵业,16.47,0.9191176470588092,0.0,21374.0,16.248,16.051,0,S,钻潜评级策略,16.53,15.83,0.7,16.5,15.86
002926,华西证券,8.32,1.9607843137254832,0.0,177636.0,8.368,8.427499999999998,0,S,钻潜评级策略,8.66,8.2,0.46,8.64,8.22
002936,郑州银行,1.82,1.6759776536312776,0.0,1156384.0,1.784,1.739,0,S,钻潜评级策略,1.83,1.75,0.08,1.83,1.75
002958,青农商行,3.09,1.980198019801982,0.0,857852.0,3.012,2.92,0,S,钻潜评级策略,3.05,2.9,0.15,3.04,2.91
002966,苏州银行,8.34,2.7093596059113434,0.0,775451.0,8.126000000000001,7.7595,0,S,钻潜评级策略,8.19,7.84,0.35,8.17,7.86
600006,东风股份,5.65,2.914389799635697,0.0,210093.0,5.4399999999999995,5.3005,0,A,钻潜评级策略,5.45,5.19,0.26,5.44,5.2
600004,白云机场,7.84,1.6861219195849486,0.0,126085.0,7.767999999999999,7.664500000000001,0,A,钻潜评级策略,7.74,7.33,0.41,7.72,7.34
600007,中国国贸,18.96,0.7438894792773709,0.0,21142.0,18.881999999999998,19.334,0,A,钻潜评级策略,19.38,18.58,0.8,19.34,18.62
600012,皖通高速,18.34,-3.8784067085953833,0.0,118977.0,18.348,17.4225,0,A,钻潜评级策略,17.17,16.39,0.78,17.14,16.42
600009,上海机场,24.37,1.3727121464226277,0.0,144529.0,24.008,23.410999999999998,0,A,钻潜评级策略,24.58,23.57,1.01,24.53,23.62
600019,宝钢股份,6.11,2.345058626465679,0.0,1177875.0,5.9799999999999995,5.7325,0,A,钻潜评级策略,5.63,5.36,0.27,5.62,5.37
600020,中原高速,3.82,1.3262599469495928,0.0,136317.0,3.774,3.774,0,A,钻潜评级策略,3.85,3.7,0.15,3.84,3.71
600025,华能水电,10.0,0.30090270812437314,0.0,277809.0,10.014,9.7545,0,A,钻潜评级策略,10.3,9.79,0.51,10.28,9.81
600023,浙能电力,5.42,1.6885553470919357,0.0,632127.0,5.384,5.339499999999999,0,A,钻潜评级策略,5.48,5.27,0.21,5.47,5.28
600027,华电国际,4.75,2.37068965517242,0.0,909835.0,4.723999999999999,4.622999999999999,0,A,钻潜评级策略,4.89,4.64,0.25,4.88,4.65
600030,中信证券,28.5,1.4595941616233565,0.0,1507019.0,28.284,28.3545,0,A,钻潜评级策略,28.78,27.71,1.07,28.72,27.77
600031,三一重工,20.4,3.5532994923857864,0.0,1241397.0,19.81,19.1595,0,A,钻潜评级策略,20.13,19.17,0.96,20.09,19.21
600033,福建高速,3.62,1.9718309859154903,0.0,257646.0,3.5519999999999996,3.4995,0,A,钻潜评级策略,3.59,3.44,0.15,3.58,3.45
600036,招商银行,39.66,0.17681232634501054,0.0,1148712.0,39.272,38.046499999999995,0,A,钻潜评级策略,40.15,38.37,1.78,40.07,38.45
600037,歌华有线,6.83,1.7883755588673722,0.0,190094.0,6.702000000000001,6.517,0,A,钻潜评级策略,6.74,6.49,0.25,6.73,6.5
600039,四川路桥,8.83,1.0297482837528626,0.0,154255.0,8.924000000000001,8.647,0,A,钻潜评级策略,8.6,8.2,0.4,8.58,8.22
600056,中国医药,9.48,1.3903743315508033,0.0,149502.0,9.372,9.3365,0,A,钻潜评级策略,9.53,9.13,0.4,9.51,9.15
600059,古越龙山,7.97,1.3994910941475647,0.0,112953.0,7.824,7.743,0,A,钻潜评级策略,8.05,7.63,0.42,8.03,7.65
600061,国投资本,6.47,2.0504731861198833,0.0,388935.0,6.395999999999999,6.4975,0,A,钻潜评级策略,6.5,6.25,0.25,6.49,6.26
600064,南京高科,7.77,2.6420079260237594,0.0,277919.0,7.566,7.458,0,A,钻潜评级策略,7.81,7.4,0.41,7.79,7.41
600071,凤凰光学,14.93,1.3577732518669228,0.0,25866.0,14.556000000000001,15.271,0,A,钻潜评级策略,14.69,13.92,0.77,14.66,13.95
600073,光明肉业,5.16,2.17821782178218,0.0,96460.0,5.052,5.0695,0,A,钻潜评级策略,5.17,4.9,0.27,5.16,4.91
600085,同仁堂,25.88,1.5300117693213044,0.0,114494.0,25.535999999999998,24.8535,0,A,钻潜评级策略,26.23,24.92,1.31,26.18,24.97
600098,广州发展,6.39,1.7515923566878921,0.0,272434.0,6.32,6.183,0,A,钻潜评级策略,6.46,6.14,0.32,6.45,6.15
600109,国金证券,8.66,3.218116805721083,0.0,399720.0,8.522,8.624500000000001,0,A,钻潜评级策略,8.72,8.36,0.36,8.7,8.38
600116,三峡水利,6.57,1.7027863777089758,0.0,237638.0,6.470000000000001,6.1085,0,A,钻潜评级策略,6.6,6.31,0.29,6.59,6.32
600117,西宁特钢,2.23,1.3636363636363447,0.0,155226.0,2.198,2.1725,0,A,钻潜评级策略,2.24,2.14,0.1,2.24,2.14
600125,铁龙物流,5.51,0.9157509157509125,0.0,118419.0,5.459999999999999,5.3795,0,A,钻潜评级策略,5.56,5.37,0.19,5.55,5.38
600127,金健米业,5.56,0.9074410163339319,0.0,107828.0,5.529999999999999,5.506,0,A,钻潜评级策略,5.65,5.38,0.27,5.64,5.39
600132,重庆啤酒,46.1,3.155068247930193,0.0,69287.0,44.49400000000001,43.175,0,A,钻潜评级策略,45.08,43.06,2.02,44.99,43.15
600153,建发股份,8.98,1.5837104072398356,0.0,249142.0,8.764,8.572,0,A,钻潜评级策略,8.8,8.34,0.46,8.78,8.36
600155,华创云信,5.91,3.141361256544495,0.0,479788.0,5.708,5.5969999999999995,0,A,钻潜评级策略,5.76,5.52,0.24,5.75,5.53
600161,天坛生物,12.56,2.3634881825590925,0.0,157199.0,12.318000000000001,12.305,0,A,钻潜评级策略,12.67,12.0,0.67,12.64,12.02
600167,联美控股,5.8,2.1126760563380254,0.0,100723.0,5.746,5.74,0,A,钻潜评级策略,5.98,5.67,0.31,5.97,5.68
600168,武汉控股,4.26,1.4285714285714235,0.0,54708.0,4.21,4.2175,0,A,钻潜评级策略,4.28,4.1,0.18,4.27,4.11
600171,上海贝岭,22.72,1.883408071748871,0.0,132556.0,22.558,25.532999999999998,0,A,钻潜评级策略,23.11,21.93,1.18,23.06,21.97
600177,雅戈尔,7.88,2.4707412223667014,0.0,445137.0,7.76,7.7700000000000005,0,A,钻潜评级策略,7.93,7.58,0.35,7.91,7.6
600196,复星医药,23.0,1.6799292661361598,0.0,176178.0,22.95,23.506999999999998,0,A,钻潜评级策略,24.28,23.19,1.09,24.23,23.24
600211,西藏药业,38.17,1.949786324786329,0.0,36776.0,37.864,38.486,0,A,钻潜评级策略,38.66,36.71,1.95,38.58,36.78
600210,紫江企业,6.25,2.796052631578938,0.0,196372.0,6.128,6.283499999999999,0,A,钻潜评级策略,6.27,6.0,0.27,6.26,6.01
600223,福瑞达,5.52,1.4705882352941124,0.0,86066.0,5.406000000000001,5.403499999999999,0,A,钻潜评级策略,5.45,5.18,0.27,5.44,5.19
600248,陕建股份,2.91,2.464788732394374,0.0,229495.0,2.8560000000000003,2.8385,0,A,钻潜评级策略,2.91,2.77,0.14,2.9,2.78
600267,海正药业,11.84,1.0238907849829282,0.0,322255.0,11.808,11.432,0,A,钻潜评级策略,12.08,11.49,0.59,12.06,11.51
600269,赣粤高速,4.1,2.7568922305764243,0.0,281048.0,4.002,4.070500000000001,0,A,钻潜评级策略,4.12,3.9,0.22,4.11,3.91
600276,恒瑞医药,53.89,1.1259148057797042,0.0,684657.0,53.827999999999996,54.886,0,A,钻潜评级策略,55.19,52.42,2.77,55.08,52.53
600272,开开实业,10.41,1.66015625,0.0,25798.0,10.284,10.733,0,A,钻潜评级策略,0.0,0.0,0.0,0.0,0.0
600287,苏豪时尚,4.39,2.3310023310023187,0.0,38786.0,4.252000000000001,4.384,0,A,钻潜评级策略,4.29,4.07,0.22,4.28,4.08
600298,安琪酵母,40.05,5.617088607594933,0.0,224554.0,38.682,38.035000000000004,0,A,钻潜评级策略,37.83,36.04,1.79,37.75,36.11
600300,维维股份,3.17,1.9292604501607746,0.0,329789.0,3.082,3.0315000000000003,0,A,钻潜评级策略,3.13,2.98,0.15,3.12,2.99
600308,华泰股份,3.2,1.2658227848101333,0.0,85704.0,3.1620000000000004,3.1695,0,A,钻潜评级策略,3.22,3.08,0.14,3.21,3.09
600305,恒顺醋业,6.92,2.0648967551622377,0.0,129187.0,6.744,6.6745,0,A,钻潜评级策略,6.79,6.55,0.24,6.78,6.56
600315,上海家化,18.22,2.9378531073446235,0.0,77623.0,17.56,17.713,0,A,钻潜评级策略,18.33,17.39,0.94,18.29,17.42
600323,瀚蓝环境,31.2,4.8034934497816595,0.0,96748.0,30.22,29.529000000000003,0,A,钻潜评级策略,30.58,29.39,1.19,30.52,29.45
600329,达仁堂,38.1,4.584133955531167,0.0,63506.0,37.128,38.4805,0,A,钻潜评级策略,40.44,39.0,1.44,40.36,39.08
600332,白云山,21.98,1.2903225806451646,0.0,119896.0,21.788,21.753999999999998,0,A,钻潜评级策略,22.21,21.33,0.88,22.17,21.37
600335,国机汽车,5.14,2.8000000000000025,0.0,122808.0,5.0,5.0135,0,A,钻潜评级策略,5.07,4.82,0.25,5.06,4.83
600333,长春燃气,5.76,0.17391304347824654,0.0,93623.0,5.67,5.5145,0,A,钻潜评级策略,5.64,5.35,0.29,5.63,5.36
600350,山东高速,11.36,-0.5253940455341555,0.0,145214.0,11.425999999999998,11.925,0,A,钻潜评级策略,11.7,11.16,0.54,11.68,11.18
600348,华阳股份,8.64,2.857142857142869,0.0,298184.0,8.618,8.4855,0,A,钻潜评级策略,8.73,8.29,0.44,8.71,8.31
600369,西南证券,4.16,2.970297029702973,0.0,598163.0,4.1,4.118,0,A,钻潜评级策略,4.18,4.01,0.17,4.17,4.02
600380,健康元,10.2,0.7905138339920903,0.0,151923.0,10.169999999999998,10.192499999999999,0,A,钻潜评级策略,10.72,10.22,0.5,10.7,10.24
600377,宁沪高速,12.34,0.40683482506103097,0.0,127870.0,12.256,12.1755,0,A,钻潜评级策略,12.55,11.93,0.62,12.52,11.95
600388,龙净环保,17.79,6.718656268746237,0.0,246763.0,16.762000000000004,16.265499999999996,0,A,钻潜评级策略,16.82,16.02,0.8,16.79,16.05
600390,五矿资本,4.97,1.8442622950819665,0.0,385030.0,4.92,4.83,0,A,钻潜评级策略,5.0,4.81,0.19,4.99,4.82
600425,青松建化,3.43,1.7804154302670572,0.0,159367.0,3.382,3.3550000000000004,0,A,钻潜评级策略,3.47,3.3,0.17,3.46,3.31
600420,国药现代,8.7,1.0452961672473782,0.0,98070.0,8.626,8.787,0,A,钻潜评级策略,8.77,8.4,0.37,8.75,8.42
600449,宁夏建材,11.94,0.9298393913778513,0.0,50851.0,11.919999999999998,12.2455,0,A,钻潜评级策略,12.15,11.62,0.53,12.13,11.64
600483,福能股份,11.08,2.1198156682027625,0.0,173317.0,10.888,10.7505,0,A,钻潜评级策略,10.68,10.17,0.51,10.66,10.19
600512,腾达建设,2.0,1.522842639593902,0.0,226597.0,1.9620000000000002,1.9509999999999998,0,A,钻潜评级策略,2.0,1.91,0.09,2.0,1.91
600519,贵州茅台,1321.0,0.07575757575757347,0.0,62329.0,1303.984,1251.4485,0,A,钻潜评级策略,1346.17,1277.02,69.15,1343.48,1279.58
600526,菲达环保,4.33,1.8823529411764683,0.0,98726.0,4.258,4.264,0,A,钻潜评级策略,4.36,4.14,0.22,4.35,4.15
600548,深高速,8.59,1.5366430260047137,0.0,38052.0,8.504,8.588000000000001,0,A,钻潜评级策略,8.65,8.35,0.3,8.63,8.37
600557,康缘药业,12.76,1.1895321173671647,0.0,54460.0,12.668,12.7345,0,A,钻潜评级策略,13.16,12.55,0.61,13.13,12.58
600566,济川药业,26.92,1.776937618147456,0.0,58694.0,26.8,25.343,0,A,钻潜评级策略,27.6,26.21,1.39,27.54,26.26
600579,中化装备,7.2,1.5514809590973178,0.0,75851.0,7.0120000000000005,7.312,0,A,钻潜评级策略,0.0,0.0,0.0,0.0,0.0
600582,天地科技,4.92,1.6528925619834656,0.0,273029.0,4.864,4.78,0,A,钻潜评级策略,4.95,4.77,0.18,4.94,4.78
600587,新华医疗,12.89,1.7363851617995252,0.0,79229.0,12.654,12.5425,0,A,钻潜评级策略,12.56,11.93,0.63,12.53,11.95
600621,华鑫股份,13.2,2.1671826625387025,0.0,93801.0,13.075999999999999,13.403,0,A,钻潜评级策略,13.36,12.72,0.64,13.33,12.75
600639,浦东金桥,9.42,1.5086206896551824,0.0,50868.0,9.23,9.404,0,A,钻潜评级策略,9.49,9.04,0.45,9.47,9.06
600642,申能股份,8.64,2.2485207100591875,0.0,249007.0,8.654,8.6595,0,A,钻潜评级策略,8.56,8.12,0.44,8.54,8.14
600648,外高桥,8.61,1.2941176470588234,0.0,28544.0,8.514,8.455,0,A,钻潜评级策略,8.64,8.33,0.31,8.62,8.35
600653,申华控股,1.67,1.8292682926829285,0.0,242219.0,1.616,1.5875000000000001,0,A,钻潜评级策略,1.65,1.57,0.08,1.65,1.57
600660,福耀玻璃,59.1,4.936079545454541,0.0,269303.0,56.556,53.528499999999994,0,A,钻潜评级策略,56.91,53.92,2.99,56.8,54.03
600675,中华企业,2.22,2.3041474654378113,0.0,354935.0,2.1700000000000004,2.149,0,A,钻潜评级策略,2.22,2.12,0.1,2.22,2.12
600679,上海凤凰,9.34,1.6322089227421177,0.0,26421.0,9.144,9.092,0,A,钻潜评级策略,9.27,8.81,0.46,9.25,8.83
600690,海尔智家,22.98,2.589285714285716,0.0,713770.0,22.174,21.1155,0,A,钻潜评级策略,22.49,21.5,0.99,22.45,21.54
600704,物产中大,4.97,1.6359918200409052,0.0,526620.0,4.92,4.904999999999999,0,A,钻潜评级策略,5.0,4.83,0.17,4.99,4.84
600717,天津港,4.37,2.8235294117647136,0.0,291469.0,4.276,4.1755,0,A,钻潜评级策略,4.39,4.17,0.22,4.38,4.18
600731,湖南海利,5.61,2.0000000000000018,0.0,112795.0,5.482,5.3855,0,A,钻潜评级策略,5.52,5.27,0.25,5.51,5.28
600739,辽宁成大,10.78,2.471482889733845,0.0,176952.0,10.678,10.512,0,A,钻潜评级策略,10.27,9.86,0.41,10.25,9.88
600742,富维股份,7.42,2.063273727647874,0.0,72903.0,7.268000000000001,7.255000000000001,0,A,钻潜评级策略,7.46,7.1,0.36,7.45,7.11
600741,华域汽车,16.57,2.157829839704073,0.0,198786.0,16.889999999999997,16.501,0,A,钻潜评级策略,17.72,16.95,0.77,17.68,16.98
600750,华润江中,26.23,3.71688414393041,0.0,59140.0,25.292,24.7025,0,A,钻潜评级策略,25.44,24.45,0.99,25.39,24.5
600757,长江传媒,8.04,1.6434892541087098,0.0,104669.0,7.825999999999999,7.63,0,A,钻潜评级策略,7.61,7.29,0.32,7.59,7.3
600787,中储股份,4.66,1.969365426695835,0.0,209521.0,4.572,4.4905,0,A,钻潜评级策略,4.69,4.46,0.23,4.68,4.47
600794,保税科技,3.08,1.3157894736842035,0.0,121763.0,3.036,3.017,0,A,钻潜评级策略,3.12,2.96,0.16,3.11,2.97
600805,悦达投资,4.25,2.163461538461542,0.0,66469.0,4.1659999999999995,4.186,0,A,钻潜评级策略,4.21,4.0,0.21,4.2,4.01
600812,华北制药,4.8,0.8403361344537785,0.0,152257.0,4.763999999999999,4.731,0,A,钻潜评级策略,4.84,4.64,0.2,4.83,4.65
600817,宇通重工,9.2,1.098901098901095,0.0,19968.0,9.03,9.1015,0,A,钻潜评级策略,9.27,8.81,0.46,9.25,8.83
600820,隧道股份,5.62,1.8115942028985588,0.0,255432.0,5.539999999999999,5.475,0,A,钻潜评级策略,5.71,5.42,0.29,5.7,5.43
600827,百联股份,7.81,2.898550724637672,0.0,171132.0,7.6,7.6579999999999995,0,A,钻潜评级策略,7.71,7.4,0.31,7.69,7.41
600834,申通地铁,7.11,1.8624641833810962,0.0,21406.0,6.958,6.9,0,A,钻潜评级策略,7.07,6.74,0.33,7.06,6.75
600861,北京人力,13.56,1.4970059880239583,0.0,59873.0,13.095999999999998,12.87,0,A,钻潜评级策略,12.84,12.32,0.52,12.81,12.34
600872,中炬高新,19.7,3.0873888016745177,0.0,197574.0,18.9,18.645500000000002,0,A,钻潜评级策略,19.22,18.3,0.92,19.18,18.34
600874,创业环保,5.56,1.0909090909090757,0.0,74967.0,5.514,5.496499999999999,0,A,钻潜评级策略,5.59,5.4,0.19,5.58,5.41
600897,厦门空港,14.74,1.4452856159669736,0.0,13220.0,14.59,14.639000000000001,0,A,钻潜评级策略,14.8,14.25,0.55,14.77,14.28
600901,江苏金租,6.51,1.244167962674969,0.0,344372.0,6.517999999999999,6.3055,0,A,钻潜评级策略,6.66,6.38,0.28,6.65,6.39
600906,财达证券,6.43,1.4195583596214423,0.0,453340.0,6.772,7.150999999999999,0,A,钻潜评级策略,7.32,7.0,0.32,7.31,7.01
600919,江苏银行,11.62,0.4321521175453702,0.0,1163006.0,11.556000000000001,11.385000000000002,0,A,钻潜评级策略,11.74,11.3,0.44,11.72,11.32
600918,中泰证券,5.59,1.4519056261343088,0.0,383564.0,5.566000000000001,5.5445,0,A,钻潜评级策略,5.67,5.45,0.22,5.66,5.46
600917,重庆燃气,4.83,0.8350730688935215,0.0,53382.0,4.8,4.8075,0,A,钻潜评级策略,4.88,4.7,0.18,4.87,4.71
600928,西安银行,3.61,1.1204481792717047,0.0,221275.0,3.566,3.532,0,A,钻潜评级策略,3.64,3.49,0.15,3.63,3.5
600939,重庆建工,2.59,1.171875,0.0,80020.0,2.528,2.512,0,A,钻潜评级策略,2.49,2.38,0.11,2.49,2.38
600958,东方证券,9.23,1.9889502762430844,0.0,971370.0,9.068000000000001,9.1985,0,A,钻潜评级策略,9.3,8.82,0.48,9.28,8.84
600975,新五丰,4.85,1.041666666666674,0.0,101780.0,4.8100000000000005,4.939500000000001,0,A,钻潜评级策略,4.92,4.68,0.24,4.91,4.69
600993,马应龙,24.38,1.5410245730945293,0.0,84622.0,23.732,23.604,0,A,钻潜评级策略,24.1,22.99,1.11,24.05,23.04
600998,九州通,5.12,1.9920318725099806,0.0,362085.0,5.058,5.0584999999999996,0,A,钻潜评级策略,5.17,4.94,0.23,5.16,4.95
601000,唐山港,4.77,2.580645161290307,0.0,550620.0,4.682,4.4145,0,A,钻潜评级策略,4.75,4.51,0.24,4.74,4.52
601006,大秦铁路,4.93,0.6122448979591688,0.0,971844.0,4.882,4.7795000000000005,0,A,钻潜评级策略,4.97,4.79,0.18,4.96,4.8
601008,连云港,4.38,1.388888888888884,0.0,68418.0,4.336,4.264,0,A,钻潜评级策略,4.39,4.24,0.15,4.38,4.25
601009,南京银行,11.46,0.6145741878841093,0.0,539224.0,11.322000000000001,10.985,0,A,钻潜评级策略,11.67,11.08,0.59,11.65,11.1
601018,宁波港,3.44,0.8797653958944274,0.0,583719.0,3.414,3.3560000000000003,0,A,钻潜评级策略,3.46,3.34,0.12,3.45,3.35
601022,宁波远洋,8.18,1.3630731102850069,0.0,52903.0,8.081999999999999,7.919,0,A,钻潜评级策略,8.2,7.92,0.28,8.18,7.94
601033,永兴股份,14.52,2.2535211267605604,0.0,64073.0,14.274000000000001,13.978,0,A,钻潜评级策略,14.57,13.97,0.6,14.54,14.0
601065,江盐集团,6.83,1.94029850746269,0.0,46764.0,6.714,6.7965,0,A,钻潜评级策略,6.78,6.46,0.32,6.77,6.47
601077,渝农商行,6.58,0.3048780487804992,0.0,896530.0,6.6,6.5424999999999995,0,A,钻潜评级策略,6.76,6.49,0.27,6.75,6.5
601083,锦江航运,11.31,4.432132963988922,0.0,131849.0,10.844,10.557500000000001,0,A,钻潜评级策略,10.88,10.48,0.4,10.86,10.5
601099,太平洋,3.44,2.9940119760479167,0.0,1306959.0,3.3840000000000003,3.4165,0,A,钻潜评级策略,3.47,3.29,0.18,3.46,3.3
601098,中南传媒,10.42,1.8572825024437911,0.0,162856.0,10.238,10.1635,0,A,钻潜评级策略,10.51,10.0,0.51,10.49,10.02
601108,财通证券,8.2,2.885821831869495,0.0,491154.0,8.258,8.610499999999998,0,A,钻潜评级策略,8.83,8.4,0.43,8.81,8.42
601107,四川成渝,5.75,4.166666666666674,0.0,137380.0,5.576,5.4225,0,A,钻潜评级策略,5.63,5.41,0.22,5.62,5.42
601136,首创证券,14.38,3.453237410071952,0.0,153290.0,14.1,14.213,0,A,钻潜评级策略,14.4,13.72,0.68,14.37,13.75
601139,深圳燃气,6.48,2.208201892744488,0.0,287360.0,6.44,6.1715,0,A,钻潜评级策略,6.6,6.3,0.3,6.59,6.31
601156,东航物流,17.02,-0.05871990604815469,0.0,114934.0,16.704,16.721,0,A,钻潜评级策略,16.48,15.68,0.8,16.45,15.71
601162,天风证券,3.7,2.4930747922437657,0.0,1761345.0,3.6440000000000006,3.7205,0,A,钻潜评级策略,3.73,3.53,0.2,3.72,3.54
601163,三角轮胎,13.03,2.7602523659306044,0.0,50076.0,12.718,12.8965,0,A,钻潜评级策略,13.14,12.46,0.68,13.11,12.48
601187,厦门银行,7.58,1.2016021361815676,0.0,169549.0,7.478,7.2515,0,A,钻潜评级策略,7.63,7.33,0.3,7.61,7.34
601199,江南水务,5.53,1.6544117647058876,0.0,110229.0,5.526000000000001,5.776000000000001,0,A,钻潜评级策略,5.58,5.32,0.26,5.57,5.33
601200,上海环境,7.11,1.5714285714285792,0.0,123163.0,7.018000000000001,6.953500000000001,0,A,钻潜评级策略,7.16,6.89,0.27,7.15,6.9
601211,国泰海通,18.93,-0.26343519494205214,0.0,967070.0,19.026,18.8535,0,A,钻潜评级策略,19.44,18.47,0.97,19.4,18.51
601228,广州港,3.08,1.3157894736842035,0.0,261035.0,3.0599999999999996,2.997,0,A,钻潜评级策略,3.11,3.0,0.11,3.1,3.01
601236,红塔证券,7.02,1.8867924528301883,0.0,178409.0,6.9719999999999995,6.99,0,A,钻潜评级策略,7.11,6.82,0.29,7.1,6.83
601288,农业银行,6.93,-0.4310344827586188,0.0,5194388.0,6.772,6.380999999999999,0,A,钻潜评级策略,6.43,6.19,0.24,6.42,6.2
601318,中国平安,54.3,0.18450184501843658,0.0,871119.0,54.04600000000001,51.382999999999996,0,A,钻潜评级策略,54.81,52.92,1.89,54.7,53.03
601319,中国人保,7.42,-0.8021390374331583,0.0,805430.0,7.476000000000001,7.3115000000000006,0,A,钻潜评级策略,7.65,7.31,0.34,7.63,7.32
601368,绿城水务,4.42,0.9132420091324311,0.0,47366.0,4.351999999999999,4.369000000000001,0,A,钻潜评级策略,4.46,4.22,0.24,4.45,4.23
601377,兴业证券,6.09,0.6611570247933907,0.0,1181676.0,6.112,6.136,0,A,钻潜评级策略,6.24,5.98,0.26,6.23,5.99
601500,通用股份,3.95,1.2820512820512997,0.0,137792.0,3.882,3.879,0,A,钻潜评级策略,3.94,3.75,0.19,3.93,3.76
601528,瑞丰银行,4.9,1.8711018711018879,0.0,199765.0,4.81,4.7085,0,A,钻潜评级策略,4.92,4.7,0.22,4.91,4.71
601555,东吴证券,8.07,3.065134099616862,0.0,532870.0,7.956,8.029,0,A,钻潜评级策略,8.12,7.77,0.35,8.1,7.79
601618,中国中冶,2.7,1.5037593984962516,0.0,965971.0,2.6740000000000004,2.6029999999999998,0,A,钻潜评级策略,2.73,2.63,0.1,2.72,2.64
601633,长城汽车,16.62,1.1564211807668867,0.0,169760.0,16.306,15.7245,0,A,钻潜评级策略,16.53,15.72,0.81,16.5,15.75
601665,齐鲁银行,6.27,0.6420545746388395,0.0,528164.0,6.223999999999999,6.085500000000001,0,A,钻潜评级策略,6.33,6.07,0.26,6.32,6.08
601686,友发集团,5.14,1.7821782178217838,0.0,73651.0,5.074,5.0595,0,A,钻潜评级策略,5.18,4.97,0.21,5.17,4.98
601696,中银证券,11.7,4.7448522829006246,0.0,660289.0,11.498000000000001,11.7585,0,A,钻潜评级策略,11.91,11.39,0.52,11.89,11.41
601766,中国中车,6.17,2.833333333333332,0.0,2659932.0,6.006,5.684,0,A,钻潜评级策略,6.03,5.85,0.18,6.02,5.86
601788,光大证券,14.68,1.6620498614958512,0.0,208376.0,14.606,14.837,0,A,钻潜评级策略,14.96,14.29,0.67,14.93,14.32
601800,中国交建,6.23,1.7973856209150485,0.0,488430.0,6.1579999999999995,6.0485,0,A,钻潜评级策略,6.27,6.06,0.21,6.26,6.07
601801,皖新传媒,5.53,3.171641791044766,0.0,160314.0,5.356,5.203,0,A,钻潜评级策略,5.38,5.14,0.24,5.37,5.15
601825,沪农商行,8.34,-0.23923444976076125,0.0,243901.0,8.286,7.9975,0,A,钻潜评级策略,8.5,8.11,0.39,8.48,8.13
601828,美凯龙,2.21,1.3761467889908063,0.0,376077.0,2.166,2.1414999999999997,0,A,钻潜评级策略,2.2,2.1,0.1,2.2,2.1
601827,三峰环境,8.09,1.3784461152882121,0.0,74866.0,8.044,7.803500000000001,0,A,钻潜评级策略,8.18,7.82,0.36,8.16,7.84
601838,成都银行,18.48,0.43478260869567187,0.0,175158.0,18.426000000000002,18.451999999999998,0,A,钻潜评级策略,18.73,18.07,0.66,18.69,18.11
601878,浙商证券,9.54,1.705756929637503,0.0,254745.0,9.494,9.588,0,A,钻潜评级策略,9.69,9.3,0.39,9.67,9.32
601880,辽港股份,1.49,2.0547945205479534,0.0,1224436.0,1.47,1.4380000000000002,0,A,钻潜评级策略,1.5,1.45,0.05,1.5,1.45
601881,中国银河,12.58,2.110389610389607,0.0,324783.0,12.55,12.892500000000002,0,A,钻潜评级策略,12.9,12.26,0.64,12.87,12.28
601921,浙版传媒,7.17,1.8465909090909172,0.0,63485.0,7.034000000000001,7.027000000000001,0,A,钻潜评级策略,7.19,6.85,0.34,7.18,6.86
601919,中远海控,15.55,0.7777057679844601,0.0,840475.0,15.376,14.535499999999999,0,A,钻潜评级策略,15.65,14.94,0.71,15.62,14.97
601952,苏垦农发,8.1,1.3767209011263937,0.0,108569.0,8.046000000000001,7.898000000000001,0,A,钻潜评级策略,8.18,7.88,0.3,8.16,7.9
601966,玲珑轮胎,11.27,1.531531531531538,0.0,128182.0,11.104000000000001,10.892999999999999,0,A,钻潜评级策略,11.38,10.84,0.54,11.36,10.86
601963,重庆银行,11.3,0.6233303650934996,0.0,140811.0,11.100000000000001,10.517,0,A,钻潜评级策略,11.35,10.83,0.52,11.33,10.85
601990,南京证券,6.84,1.9374068554396384,0.0,233115.0,6.795999999999999,6.7655,0,A,钻潜评级策略,6.9,6.66,0.24,6.89,6.67
601995,中金公司,35.12,1.1520737327188835,0.0,211188.0,35.612,36.086499999999994,0,A,钻潜评级策略,37.54,35.63,1.91,37.47,35.7
601998,中信银行,7.75,-0.2574002574002532,0.0,592449.0,7.678,7.3694999999999995,0,A,钻潜评级策略,7.64,7.27,0.37,7.62,7.28
603014,威高血净,32.38,0.903708320349006,0.0,16621.0,31.416000000000004,32.8125,0,A,钻潜评级策略,33.97,32.17,1.8,33.9,32.23
603035,常熟汽饰,10.93,2.4367385192127333,0.0,40003.0,10.69,10.8375,0,A,钻潜评级策略,10.99,10.42,0.57,10.97,10.44
603049,中策橡胶,49.49,1.97815784051103,0.0,38271.0,48.58,47.9855,0,A,钻潜评级策略,49.45,47.09,2.36,49.35,47.18
603053,成都燃气,8.78,1.7381228273464444,0.0,21934.0,8.704,8.7375,0,A,钻潜评级策略,8.86,8.52,0.34,8.84,8.54
603066,音飞储存,8.79,2.209302325581386,0.0,47175.0,8.592,9.427499999999998,0,A,钻潜评级策略,8.72,8.32,0.4,8.7,8.34
603071,物产环能,11.95,1.014370245139462,0.0,30388.0,11.860000000000001,11.738,0,A,钻潜评级策略,12.1,11.5,0.6,12.08,11.52
603072,天和磁材,31.69,2.7561608300908036,0.0,24286.0,30.776,33.483000000000004,0,A,钻潜评级策略,31.31,29.77,1.54,31.25,29.83
603087,甘李药业,68.11,5.46608857231341,0.0,140488.0,65.46600000000001,65.40700000000001,0,A,钻潜评级策略,0.0,0.0,0.0,0.0,0.0
603102,百合股份,32.69,2.4443748041366176,0.0,6396.0,31.619999999999997,32.289500000000004,0,A,钻潜评级策略,31.85,30.4,1.45,31.79,30.46
603111,康尼机电,5.75,1.0544815465729274,0.0,54513.0,5.68,5.814,0,A,钻潜评级策略,5.81,5.52,0.29,5.8,5.53
603128,华贸物流,5.25,-3.3149171270718147,0.0,131895.0,5.3340000000000005,5.2955000000000005,0,A,钻潜评级策略,5.44,5.21,0.23,5.43,5.22
603136,天目湖,8.76,1.8604651162790642,0.0,28264.0,8.552000000000001,8.613,0,A,钻潜评级策略,8.72,8.28,0.44,8.7,8.3
603170,宝立食品,12.59,3.3661740558292186,0.0,40947.0,11.922,11.982000000000001,0,A,钻潜评级策略,12.09,11.49,0.6,12.07,11.51
603176,汇通集团,4.19,1.4527845036319764,0.0,38513.0,4.086,4.2015,0,A,钻潜评级策略,0.0,0.0,0.0,0.0,0.0
603194,中力股份,34.81,3.293768545994058,0.0,19084.0,33.71,33.674,0,A,钻潜评级策略,34.17,32.53,1.64,34.1,32.6
603195,公牛集团,41.28,3.174206448387906,0.0,67807.0,39.467999999999996,38.212,0,A,钻潜评级策略,39.69,38.01,1.68,39.61,38.09
603197,保隆科技,28.42,0.4240282685512353,0.0,31587.0,28.177999999999997,28.752,0,A,钻潜评级策略,28.85,27.44,1.41,28.79,27.5
603205,健尔康,20.64,1.3752455795677854,0.0,6939.0,20.32,20.949,0,A,钻潜评级策略,21.43,20.43,1.0,21.39,20.47
603207,小方制药,21.95,1.3388734995383178,0.0,14003.0,21.86,22.945500000000003,0,A,钻潜评级策略,22.48,21.31,1.17,22.44,21.35
603209,兴通股份,13.13,2.8191072826938335,0.0,48571.0,12.928,13.249500000000001,0,A,钻潜评级策略,13.24,12.58,0.66,13.21,12.61
603231,索宝蛋白,14.62,1.8815331010452852,0.0,14005.0,14.195999999999998,14.8195,0,A,钻潜评级策略,14.33,13.67,0.66,14.3,13.7
603233,大参林,18.98,0.7430997876857859,0.0,91325.0,18.704,18.2985,0,A,钻潜评级策略,18.97,18.1,0.87,18.93,18.14
603276,恒兴新材,14.73,-0.06784260515603213,0.0,21182.0,14.608,14.895999999999997,0,A,钻潜评级策略,15.17,14.55,0.62,15.14,14.58
603288,海天味业,37.64,1.7022426371251065,0.0,269653.0,36.634,35.358000000000004,0,A,钻潜评级策略,37.17,35.59,1.58,37.1,35.66
603299,苏盐井神,9.31,1.9715224534501585,0.0,62789.0,9.214000000000002,9.188500000000001,0,A,钻潜评级策略,9.65,9.18,0.47,9.63,9.2
603329,上海雅仕,9.48,2.155172413793105,0.0,39495.0,9.209999999999999,9.499500000000001,0,A,钻潜评级策略,0.0,0.0,0.0,0.0,0.0
603350,安乃达,26.53,1.9992310649750156,0.0,7128.0,26.284000000000002,28.524,0,A,钻潜评级策略,27.03,25.82,1.21,26.98,25.87
603351,威尔药业,23.22,0.04308487720809939,0.0,10721.0,23.444,24.8535,0,A,钻潜评级策略,0.0,0.0,0.0,0.0,0.0
603357,设计总院,5.89,1.376936316695354,0.0,33899.0,5.796,5.9815000000000005,0,A,钻潜评级策略,5.93,5.64,0.29,5.92,5.65
603383,顶点软件,29.55,-0.5050505050504972,0.0,52327.0,28.956,27.1935,0,A,钻潜评级策略,27.31,26.12,1.19,27.26,26.17
603515,欧普照明,16.99,1.0107015457788249,0.0,12509.0,16.906,17.1005,0,A,钻潜评级策略,17.22,16.45,0.77,17.19,16.48
603511,爱慕股份,11.76,3.5211267605633756,0.0,23578.0,11.35,11.764999999999999,0,A,钻潜评级策略,12.26,11.75,0.51,12.24,11.77
603508,思维列控,22.73,2.1114106019766377,0.0,51491.0,22.244,22.1155,0,A,钻潜评级策略,22.66,21.57,1.09,22.61,21.61
603519,立霸股份,14.68,4.113475177304959,0.0,115494.0,14.386000000000001,15.011,0,A,钻潜评级策略,0.0,0.0,0.0,0.0,0.0
603566,普莱柯,10.22,1.1881188118811892,0.0,27045.0,10.126000000000001,10.3395,0,A,钻潜评级策略,10.32,9.85,0.47,10.3,9.87
603565,中谷物流,10.45,1.0638297872340274,0.0,169329.0,10.386,10.203,0,A,钻潜评级策略,10.64,10.16,0.48,10.62,10.18
603569,长久物流,5.76,2.127659574468077,0.0,33763.0,5.606,5.5825000000000005,0,A,钻潜评级策略,5.69,5.39,0.3,5.68,5.4
603605,珀莱雅,61.13,1.4437437769664774,0.0,66803.0,58.931999999999995,58.36,0,A,钻潜评级策略,59.1,55.95,3.15,58.98,56.06
603609,禾丰股份,6.19,1.4754098360655776,0.0,28282.0,6.176,6.361,0,A,钻潜评级策略,6.32,6.04,0.28,6.31,6.05
603617,君禾股份,6.26,1.6233766233766156,0.0,48568.0,6.098,6.337000000000001,0,A,钻潜评级策略,6.2,5.89,0.31,6.19,5.9
603639,海利尔,10.41,1.363193768257065,0.0,17296.0,10.254,10.397,0,A,钻潜评级策略,10.49,9.96,0.53,10.47,9.98
603648,畅联股份,8.84,2.0785219399538146,0.0,39550.0,8.664,9.0075,0,A,钻潜评级策略,8.83,8.4,0.43,8.81,8.42
603658,安图生物,32.73,2.537593984962383,0.0,33844.0,32.04,31.707,0,A,钻潜评级策略,33.53,32.05,1.48,33.46,32.11
603676,卫信康,8.71,2.350176263219761,0.0,23488.0,8.562000000000001,8.792,0,A,钻潜评级策略,8.7,8.29,0.41,8.68,8.31
603689,皖天然气,7.49,1.6282225237449044,0.0,43649.0,7.4159999999999995,7.366,0,A,钻潜评级策略,7.56,7.25,0.31,7.54,7.26
603700,宁水集团,11.14,1.364877161055511,0.0,52490.0,10.916,11.180499999999999,0,A,钻潜评级策略,11.05,10.54,0.51,11.03,10.56
603719,良品铺子,9.45,10.011641443538988,0.0,81174.0,8.605999999999998,8.8375,0,A,钻潜评级策略,8.55,8.11,0.44,8.53,8.13
603768,常青股份,10.75,2.4785510009532885,0.0,33554.0,10.354000000000001,9.945,0,A,钻潜评级策略,10.16,9.67,0.49,10.14,9.69
603776,永安行,19.14,2.1890016017084957,0.0,14723.0,18.722,19.523500000000002,0,A,钻潜评级策略,19.14,18.14,1.0,19.1,18.18
603788,宁波高发,14.2,1.2838801711840153,0.0,27367.0,13.475999999999999,13.507499999999999,0,A,钻潜评级策略,14.11,13.38,0.73,14.08,13.41
603789,ST星农,6.01,0.0,0.0,39088.0,5.932,6.2505,0,A,钻潜评级策略,0.0,0.0,0.0,0.0,0.0
603797,联泰环保,3.91,2.088772845953013,0.0,54810.0,3.806,3.8615000000000004,0,A,钻潜评级策略,3.87,3.69,0.18,3.86,3.7
603855,华荣股份,16.25,1.1200995644057299,0.0,15004.0,16.1,16.394,0,A,钻潜评级策略,16.41,15.78,0.63,16.38,15.81
603860,中公高科,24.0,2.564102564102577,0.0,16207.0,23.274,23.9125,0,A,钻潜评级策略,23.4,22.32,1.08,23.35,22.36
603858,步长制药,15.63,0.0640204865557159,0.0,68371.0,15.680000000000001,15.6685,0,A,钻潜评级策略,16.11,15.35,0.76,16.08,15.38
603866,桃李面包,4.24,3.4146341463414887,0.0,175319.0,4.068,3.9765,0,A,钻潜评级策略,3.89,3.72,0.17,3.88,3.73
603877,太平鸟,13.59,2.4114544084400835,0.0,30079.0,12.808000000000002,12.744,0,A,钻潜评级策略,13.23,12.53,0.7,13.2,12.56
603899,晨光股份,23.41,2.405949256342965,0.0,62245.0,22.715999999999998,22.027,0,A,钻潜评级策略,22.93,21.88,1.05,22.88,21.92
603917,合力科技,11.41,-2.39520958083832,0.0,61643.0,11.066,12.065000000000001,0,A,钻潜评级策略,0.0,0.0,0.0,0.0,0.0
603939,益丰药房,22.7,1.023587004895421,0.0,119138.0,22.218,21.089000000000002,0,A,钻潜评级策略,20.79,19.71,1.08,20.75,19.75
603987,康德莱,7.26,1.8232819074333717,0.0,40127.0,7.162000000000001,7.2620000000000005,0,A,钻潜评级策略,7.29,6.95,0.34,7.28,6.96
605005,合兴股份,14.87,1.7796030116358663,0.0,10725.0,14.652000000000001,15.184000000000001,0,A,钻潜评级策略,14.93,14.3,0.63,14.9,14.33
605009,豪悦护理,23.65,1.5021459227467782,0.0,13807.0,23.288,23.808,0,A,钻潜评级策略,24.12,22.96,1.16,24.07,23.01
605199,ST葫芦娃,5.64,1.6216216216216273,0.0,13050.0,5.5280000000000005,5.746,0,A,钻潜评级策略,5.66,5.37,0.29,5.65,5.38
605266,健之佳,16.33,2.639849151477036,0.0,17154.0,15.924000000000001,15.986500000000001,0,A,钻潜评级策略,16.08,15.43,0.65,16.05,15.46
605296,神农集团,29.57,-1.2028065486134332,0.0,39971.0,30.03,30.063,0,A,钻潜评级策略,30.71,29.17,1.54,30.65,29.23
605300,佳禾食品,9.41,2.393906420021774,0.0,57160.0,9.038,9.002500000000001,0,A,钻潜评级策略,9.05,8.65,0.4,9.03,8.67
605377,华旺科技,8.93,-1.5435501653803807,0.0,76308.0,9.145999999999999,9.4155,0,A,钻潜评级策略,9.47,9.01,0.46,9.45,9.03
688009,中国通号,5.3,1.9230769230769162,0.0,470641.0,5.1659999999999995,5.0335,0,A,钻潜评级策略,5.32,5.05,0.27,5.31,5.06
688049,炬芯科技,42.67,1.595238095238094,0.0,128267.0,42.897999999999996,42.21,0,A,钻潜评级策略,0.0,0.0,0.0,0.0,0.0
688075,安旭生物,27.77,1.0185522008002934,0.0,6152.0,27.424,28.8435,0,A,钻潜评级策略,28.0,26.83,1.17,27.94,26.88
688116,天奈科技,33.1,3.4375000000000044,0.0,80786.0,32.21,34.23049999999999,0,A,钻潜评级策略,32.56,30.99,1.57,32.5,31.05
688198,佰仁医疗,80.91,2.35294117647058,0.0,7883.0,79.52000000000001,83.6035,0,A,钻潜评级策略,81.05,77.16,3.89,80.89,77.31
688211,中科微至,28.45,1.9347903977069203,0.0,4399.0,27.939999999999998,31.444499999999998,0,A,钻潜评级策略,28.67,27.25,1.42,28.61,27.3
688271,联影医疗,113.98,2.703189763921432,0.0,74373.0,111.806,109.82750000000001,0,A,钻潜评级策略,107.96,102.78,5.18,107.74,102.99
688389,普门科技,10.64,1.526717557251911,0.0,30109.0,10.492,10.7125,0,A,钻潜评级策略,10.73,10.31,0.42,10.71,10.33
688425,铁建重工,4.27,2.3980815347721673,0.0,299789.0,4.1979999999999995,4.1419999999999995,0,A,钻潜评级策略,4.3,4.1,0.2,4.29,4.11
688505,复旦张江,7.22,0.8379888268156277,0.0,49013.0,7.206,7.5635,0,A,钻潜评级策略,7.32,6.97,0.35,7.31,6.98
688526,科前生物,12.63,1.5273311897106234,0.0,11254.0,12.494,12.742,0,A,钻潜评级策略,12.74,12.18,0.56,12.71,12.2
688569,铁科轨道,16.28,0.8049535603715352,0.0,12297.0,16.088,16.564,0,A,钻潜评级策略,16.38,15.64,0.74,16.35,15.67
688602,康鹏科技,6.41,4.909983633387882,0.0,81765.0,6.134,6.833499999999999,0,A,钻潜评级策略,6.14,5.9,0.24,6.13,5.91
688739,成大生物,19.76,1.750772399588052,0.0,17737.0,19.57,19.862000000000002,0,A,钻潜评级策略,19.88,18.93,0.95,19.84,18.97
000011,深物业A,7.82,3.576158940397356,0.0,430348.0,7.858,6.857000000000001,0,A,钻潜评级策略,6.73,6.4,0.33,6.72,6.41
000025,特力A,14.22,0.708215297450443,0.0,50013.0,14.12,13.7065,0,A,钻潜评级策略,14.08,13.43,0.65,14.05,13.46
000028,国药一致,20.77,2.1140609636184804,0.0,32365.0,20.46,20.601499999999998,0,A,钻潜评级策略,20.89,20.01,0.88,20.85,20.05
000030,富奥股份,4.24,1.9230769230769162,0.0,108506.0,4.180000000000001,4.098,0,A,钻潜评级策略,4.28,4.12,0.16,4.27,4.13
000042,中洲控股,8.08,2.668360864040653,0.0,69179.0,7.888,7.825,0,A,钻潜评级策略,8.02,7.65,0.37,8.0,7.67
000090,天健集团,3.29,1.5432098765431945,0.0,161108.0,3.2640000000000002,3.192,0,A,钻潜评级策略,3.33,3.19,0.14,3.32,3.2
000153,丰原药业,5.42,1.3084112149532867,0.0,70894.0,5.336,5.407500000000001,0,A,钻潜评级策略,5.45,5.17,0.28,5.44,5.18
000157,中联重科,7.61,0.9283819628647327,0.0,467156.0,7.497999999999999,7.299000000000001,0,A,钻潜评级策略,7.58,7.2,0.38,7.56,7.21
000333,美的集团,87.01,1.9210495490219026,0.0,478144.0,85.156,81.9865,0,A,钻潜评级策略,87.68,83.03,4.65,87.5,83.2
000166,申万宏源,4.67,1.3015184381778733,0.0,757586.0,4.662,4.6145000000000005,0,A,钻潜评级策略,4.76,4.59,0.17,4.75,4.6
000423,东阿阿胶,53.8,3.4615384615384492,0.0,98443.0,51.952,49.576,0,A,钻潜评级策略,52.28,50.11,2.17,52.18,50.21
000428,华天酒店,4.04,10.081743869209813,0.0,435942.0,3.438,3.1755000000000004,0,A,钻潜评级策略,3.13,2.98,0.15,3.12,2.99
000429,粤高速A,14.7,-2.0652898067954784,0.0,97330.0,14.741999999999999,14.247500000000002,0,A,钻潜评级策略,14.03,13.28,0.75,14.0,13.31
000430,张家界,6.28,0.6410256410256387,0.0,71175.0,6.108,6.434,0,A,钻潜评级策略,7.54,7.15,0.39,7.52,7.16
000498,山东路桥,5.0,2.0408163265306145,0.0,131876.0,4.962,4.954,0,A,钻潜评级策略,5.04,4.84,0.2,5.03,4.85
000504,南华生物,7.62,0.39525691699604515,0.0,68500.0,7.614,7.9905,0,A,钻潜评级策略,0.0,0.0,0.0,0.0,0.0
000507,珠海港,5.02,1.2096774193548265,0.0,145448.0,4.952,4.846,0,A,钻潜评级策略,5.01,4.78,0.23,5.0,4.79
000521,长虹美菱,4.91,1.446280991735538,0.0,93456.0,4.843999999999999,5.2555,0,A,钻潜评级策略,4.95,4.74,0.21,4.94,4.75
000529,广弘控股,4.68,2.6315789473684292,0.0,45846.0,4.558,4.6,0,A,钻潜评级策略,4.62,4.4,0.22,4.61,4.41
000543,皖能电力,7.91,2.3285899094437124,0.0,349574.0,7.846000000000001,7.800500000000001,0,A,钻潜评级策略,7.87,7.5,0.37,7.85,7.52
000544,中原环保,7.35,1.6597510373443924,0.0,51397.0,7.268000000000001,7.2375,0,A,钻潜评级策略,7.39,7.11,0.28,7.38,7.12
000548,湖南投资,4.22,1.6867469879517927,0.0,64135.0,4.132,4.165,0,A,钻潜评级策略,4.2,3.98,0.22,4.19,3.99
000557,西部创业,3.67,1.6620498614958512,0.0,79703.0,3.6020000000000003,3.603,0,A,钻潜评级策略,3.67,3.47,0.2,3.66,3.48
000563,陕国投A,3.07,2.6755852842809347,0.0,582319.0,3.0140000000000002,2.9539999999999997,0,A,钻潜评级策略,3.1,2.95,0.15,3.09,2.96
000597,东北制药,4.61,0.875273522975939,0.0,88712.0,4.595999999999999,4.6105,0,A,钻潜评级策略,4.71,4.46,0.25,4.7,4.47
000605,渤海股份,5.54,3.165735567970196,0.0,57169.0,5.356,5.4639999999999995,0,A,钻潜评级策略,5.4,5.12,0.28,5.39,5.13
000623,吉林敖东,18.24,2.4719101123595433,0.0,161742.0,18.01,18.148999999999997,0,A,钻潜评级策略,18.44,17.57,0.87,18.4,17.61
000650,仁和药业,5.47,1.4842300556586308,0.0,166696.0,5.388,5.3795,0,A,钻潜评级策略,5.5,5.24,0.26,5.49,5.25
000656,金科股份,1.23,-0.8064516129032251,0.0,1487900.0,1.238,1.261,0,A,钻潜评级策略,1.27,1.21,0.06,1.27,1.21
000652,泰达股份,3.53,0.8571428571428452,0.0,93592.0,3.5100000000000002,3.435,0,A,钻潜评级策略,3.55,3.36,0.19,3.54,3.37
000685,中山公用,11.06,2.3126734505087843,0.0,194190.0,10.972,11.056999999999999,0,A,钻潜评级策略,11.19,10.65,0.54,11.17,10.67
000686,东北证券,8.04,2.030456852791862,0.0,221871.0,7.984,8.1815,0,A,钻潜评级策略,8.12,7.83,0.29,8.1,7.85
000698,ST沈化,3.24,1.2499999999999956,0.0,28354.0,3.2040000000000006,3.1825,0,A,钻潜评级策略,3.26,3.08,0.18,3.25,3.09
000709,河钢股份,2.13,2.4038461538461453,0.0,1114412.0,2.0919999999999996,2.037,0,A,钻潜评级策略,2.15,2.05,0.1,2.15,2.05
000708,中信特钢,14.75,2.288488210818307,0.0,133696.0,14.394,13.557500000000001,0,A,钻潜评级策略,14.81,14.08,0.73,14.78,14.11
000717,中南股份,2.2,1.85185185185186,0.0,211721.0,2.172,2.1465,0,A,钻潜评级策略,2.22,2.12,0.1,2.22,2.12
000719,中原传媒,12.8,2.0733652312599826,0.0,66700.0,12.426,11.932500000000001,0,A,钻潜评级策略,12.57,11.99,0.58,12.54,12.01
000729,燕京啤酒,12.77,3.233629749393696,0.0,401254.0,12.488,11.700999999999999,0,A,钻潜评级策略,12.66,12.09,0.57,12.63,12.11
000728,国元证券,7.29,2.6760563380281654,0.0,379117.0,7.2360000000000015,7.346000000000001,0,A,钻潜评级策略,7.39,7.06,0.33,7.38,7.07
000727,冠捷科技,2.25,2.2727272727272707,0.0,903852.0,2.194,2.2745,0,A,钻潜评级策略,2.23,2.12,0.11,2.23,2.12
000726,鲁泰A,5.96,1.7064846416382284,0.0,60396.0,5.85,5.7445,0,A,钻潜评级策略,5.98,5.71,0.27,5.97,5.72
000755,山西高速,4.67,1.521739130434785,0.0,36856.0,4.5920000000000005,4.5875,0,A,钻潜评级策略,4.72,4.49,0.23,4.71,4.5
000756,新华制药,13.67,0.5147058823529393,0.0,87267.0,13.472,14.069999999999999,0,A,钻潜评级策略,0.0,0.0,0.0,0.0,0.0
000789,万年青,4.03,3.3333333333333437,0.0,88670.0,3.9120000000000004,3.9234999999999998,0,A,钻潜评级策略,3.94,3.8,0.14,3.93,3.81
000795,英洛华,8.37,2.19780219780219,0.0,137680.0,8.242,8.532,0,A,钻潜评级策略,8.42,8.06,0.36,8.4,8.08
000828,东莞控股,10.0,1.4198782961460488,0.0,73128.0,9.888,9.7985,0,A,钻潜评级策略,10.06,9.75,0.31,10.04,9.77
000858,五粮液,75.17,0.4946524064171287,0.0,407416.0,74.45599999999999,73.75949999999999,0,A,钻潜评级策略,76.01,73.17,2.84,75.86,73.32
000868,安凯客车,3.6,3.151862464183375,0.0,123894.0,3.4519999999999995,3.4065000000000003,0,A,钻潜评级策略,3.44,3.28,0.16,3.43,3.29
000869,张裕A,17.46,1.5116279069767424,0.0,14206.0,16.994,16.6695,0,A,钻潜评级策略,17.27,16.52,0.75,17.24,16.55
000883,湖北能源,4.72,2.386117136659416,0.0,346552.0,4.688,4.6,0,A,钻潜评级策略,4.56,4.37,0.19,4.55,4.38
000885,城发环境,12.77,1.2688342585249757,0.0,55062.0,12.654,12.486500000000001,0,A,钻潜评级策略,12.89,12.46,0.43,12.86,12.48
000888,峨眉山A,9.61,0.9453781512605008,0.0,73937.0,9.424,9.39,0,A,钻潜评级策略,9.56,9.09,0.47,9.54,9.11
000895,双汇发展,26.07,1.4396887159533023,0.0,143841.0,25.363999999999997,24.244000000000003,0,A,钻潜评级策略,23.82,22.56,1.26,23.77,22.61
000897,津滨发展,1.75,1.744186046511631,0.0,303400.0,1.714,1.6895,0,A,钻潜评级策略,1.73,1.65,0.08,1.73,1.65
000906,浙商中拓,5.41,2.075471698113218,0.0,79225.0,5.3,5.3260000000000005,0,A,钻潜评级策略,5.46,5.17,0.29,5.45,5.18
000915,华特达因,25.52,1.8762475049900251,0.0,36149.0,25.166,25.166999999999998,0,A,钻潜评级策略,25.93,24.65,1.28,25.88,24.7
000913,钱江摩托,11.36,3.085299455535395,0.0,71275.0,10.928,10.690000000000001,0,A,钻潜评级策略,10.71,10.16,0.55,10.69,10.18
000921,海信家电,26.49,2.6346377373111185,0.0,149986.0,25.467999999999996,25.566,0,A,钻潜评级策略,25.59,24.27,1.32,25.54,24.32
000931,中关村,4.18,0.9661835748792313,0.0,65121.0,4.1339999999999995,4.1979999999999995,0,A,钻潜评级策略,4.22,4.0,0.22,4.21,4.01
000948,南天信息,14.46,2.771855010660995,0.0,431999.0,13.575999999999999,13.3565,0,A,钻潜评级策略,12.39,11.81,0.58,12.37,11.83
000957,中通客车,10.4,3.688933200398803,0.0,155668.0,10.006,9.709,0,A,钻潜评级策略,10.06,9.7,0.36,10.04,9.72
000958,电投产融,5.43,0.5555555555555536,0.0,121100.0,5.4,5.4295,0,A,钻潜评级策略,5.5,5.24,0.26,5.49,5.25
000963,华东医药,29.25,1.1760636457972984,0.0,185265.0,29.196000000000005,29.896500000000003,0,A,钻潜评级策略,29.64,28.36,1.28,29.58,28.42
000965,天保基建,3.13,1.9543973941368087,0.0,135174.0,3.0740000000000003,3.0435,0,A,钻潜评级策略,3.13,2.98,0.15,3.12,2.99
000972,中基健康,3.32,-0.30030030030030463,0.0,89539.0,3.338,3.4825000000000004,0,A,钻潜评级策略,3.66,3.47,0.19,3.65,3.48
000983,山西焦煤,6.5,3.338632750397452,0.0,828081.0,6.394,6.261,0,A,钻潜评级策略,6.36,6.03,0.33,6.35,6.04
000989,九芝堂,9.01,-0.551876379690952,0.0,310479.0,9.034,8.8455,0,A,钻潜评级策略,8.34,7.91,0.43,8.32,7.93
000998,隆平高科,8.27,1.9728729963008673,0.0,168795.0,8.18,7.995,0,A,钻潜评级策略,8.38,8.0,0.38,8.36,8.02
000999,华润三九,25.47,1.9207683073229287,0.0,138809.0,25.056,24.6735,0,A,钻潜评级策略,25.63,24.48,1.15,25.58,24.53
001202,炬申股份,12.32,0.24410089503661414,0.0,41727.0,13.338,13.7955,0,A,钻潜评级策略,0.0,0.0,0.0,0.0,0.0
001205,盛航股份,13.26,4.739336492891,0.0,31611.0,12.644,13.0495,0,A,钻潜评级策略,12.78,12.15,0.63,12.75,12.17
001228,永泰运,26.71,1.520334473584195,0.0,7564.0,26.490000000000002,26.636000000000003,0,A,钻潜评级策略,27.19,25.88,1.31,27.14,25.93
001239,永达股份,11.04,0.1814882032667775,0.0,34820.0,11.110000000000001,12.051,0,A,钻潜评级策略,13.67,13.01,0.66,13.64,13.04
001286,陕西能源,10.48,1.1583011583011782,0.0,249039.0,10.486,10.3875,0,A,钻潜评级策略,10.79,10.3,0.49,10.77,10.32
001308,康冠科技,17.25,2.678571428571419,0.0,28575.0,16.932,18.3095,0,A,钻潜评级策略,17.33,16.55,0.78,17.3,16.58
001387,雪祺电气,11.48,4.458598726114649,0.0,36914.0,10.854000000000001,11.7095,0,A,钻潜评级策略,10.85,10.28,0.57,10.83,10.3
001390,古麒绒材,17.7,0.9122006841505215,0.0,8702.0,17.387999999999998,18.194,0,A,钻潜评级策略,17.97,17.03,0.94,17.93,17.06
001391,国货航,4.34,1.6393442622950838,0.0,229976.0,4.278,4.2395,0,A,钻潜评级策略,4.36,4.15,0.21,4.35,4.16
001872,招商港口,21.65,1.5478424015009207,0.0,55146.0,21.296,21.310499999999998,0,A,钻潜评级策略,21.48,20.71,0.77,21.44,20.75
001914,招商积余,9.07,1.7957351290684542,0.0,80053.0,8.866000000000001,8.729000000000001,0,A,钻潜评级策略,9.25,8.77,0.48,9.23,8.79
001965,招商公路,10.56,0.5714285714285783,0.0,188813.0,10.356,9.8795,0,A,钻潜评级策略,10.42,9.98,0.44,10.4,10.0
002003,伟星股份,10.83,2.4597918637653704,0.0,209570.0,10.342,9.377500000000001,0,A,钻潜评级策略,10.08,9.55,0.53,10.06,9.57
002007,华兰生物,13.26,2.2359290670778575,0.0,140804.0,13.004000000000001,13.025,0,A,钻潜评级策略,13.31,12.62,0.69,13.28,12.65
002011,盾安环境,10.52,2.5341130604288553,0.0,141155.0,10.378,10.3285,0,A,钻潜评级策略,10.37,9.9,0.47,10.35,9.92
002014,永新股份,10.8,-0.27700831024930483,0.0,48624.0,10.794,10.855500000000001,0,A,钻潜评级策略,11.05,10.61,0.44,11.03,10.63
002024,ST易购,1.2,1.6949152542372836,0.0,225804.0,1.184,1.1975,0,A,钻潜评级策略,1.2,1.17,0.03,1.2,1.17
002027,分众传媒,5.47,2.242990654205612,0.0,2215001.0,5.2379999999999995,5.0235,0,A,钻潜评级策略,5.28,5.02,0.26,5.27,5.03
002032,苏泊尔,42.74,3.0127741624487836,0.0,41088.0,42.812,43.293,0,A,钻潜评级策略,43.99,42.12,1.87,43.9,42.2
002035,华帝股份,4.83,1.4705882352941346,0.0,84440.0,4.709999999999999,4.6865000000000006,0,A,钻潜评级策略,4.79,4.55,0.24,4.78,4.56
002039,黔源电力,19.9,3.4841393655746122,0.0,106935.0,19.64,19.634,0,A,钻潜评级策略,20.26,19.29,0.97,20.22,19.33
002061,浙江交科,3.63,3.125,0.0,220526.0,3.55,3.5520000000000005,0,A,钻潜评级策略,3.64,3.45,0.19,3.63,3.46
002059,云南旅游,4.35,0.6944444444444198,0.0,96512.0,4.287999999999999,4.29,0,A,钻潜评级策略,4.32,4.14,0.18,4.31,4.15
002060,广东建工,3.29,1.5432098765431945,0.0,189630.0,3.2400000000000007,3.1935,0,A,钻潜评级策略,3.32,3.17,0.15,3.31,3.18
002078,太阳纸业,14.52,0.48442906574395206,0.0,243678.0,14.382,13.617500000000001,0,A,钻潜评级策略,14.8,14.03,0.77,14.77,14.06
002091,江苏国泰,7.74,2.652519893899208,0.0,177048.0,7.575999999999999,7.455999999999999,0,A,钻潜评级策略,7.82,7.41,0.41,7.8,7.42
002122,ST汇洲,2.37,0.4237288135593209,0.0,133655.0,2.33,2.375,0,A,钻潜评级策略,2.33,2.22,0.11,2.33,2.22
002142,宁波银行,31.92,0.314267756128217,0.0,273324.0,31.898000000000003,31.4635,0,A,钻潜评级策略,32.42,30.98,1.44,32.36,31.04
002152,广电运通,9.87,2.0682523267838704,0.0,368848.0,9.796,9.9085,0,A,钻潜评级策略,9.62,9.19,0.43,9.6,9.21
002154,报喜鸟,3.82,2.96495956873315,0.0,410217.0,3.6979999999999995,3.7324999999999995,0,A,钻潜评级策略,3.73,3.56,0.17,3.72,3.57
002157,正邦科技,2.9,1.0452961672473782,0.0,905315.0,2.882,2.9275,0,A,钻潜评级策略,2.96,2.81,0.15,2.95,2.82
002179,中航光电,33.67,2.3093284715892004,0.0,230486.0,33.618,36.766,0,A,钻潜评级策略,34.47,32.65,1.82,34.4,32.72
002216,三全食品,13.37,2.295332823259355,0.0,101560.0,13.012,12.6915,0,A,钻潜评级策略,13.13,12.45,0.68,13.1,12.47
002233,塔牌集团,7.61,4.965517241379325,0.0,191034.0,7.295999999999999,7.4159999999999995,0,A,钻潜评级策略,7.3,7.02,0.28,7.29,7.03
002236,大华股份,16.42,0.30543677458767515,0.0,453783.0,16.558,16.6115,0,A,钻潜评级策略,17.03,16.15,0.88,17.0,16.18
002239,奥特佳,2.55,2.0000000000000018,0.0,662589.0,2.488,2.4535,0,A,钻潜评级策略,2.54,2.41,0.13,2.53,2.41
002252,上海莱士,5.15,1.980198019801982,0.0,551504.0,5.074,4.8725,0,A,钻潜评级策略,5.22,4.95,0.27,5.21,4.96
002262,恩华药业,22.0,3.383458646616533,0.0,198742.0,21.486,20.7155,0,A,钻潜评级策略,20.16,19.23,0.93,20.12,19.27
002267,陕天然气,7.29,1.3908205841446364,0.0,67350.0,7.2459999999999996,7.083,0,A,钻潜评级策略,7.35,7.13,0.22,7.34,7.14
002282,博深股份,5.73,1.5957446808510856,0.0,41313.0,5.65,5.696,0,A,钻潜评级策略,5.77,5.5,0.27,5.76,5.51
002287,奇正藏药,20.68,2.073050345508376,0.0,25133.0,20.384000000000004,20.596,0,A,钻潜评级策略,20.81,19.88,0.93,20.77,19.92
002293,罗莱生活,11.29,-0.9649122807017685,0.0,82261.0,11.187999999999999,11.034,0,A,钻潜评级策略,11.08,10.57,0.51,11.06,10.59
002302,西部建设,4.56,1.5590200445434244,0.0,58433.0,4.462000000000001,4.429,0,A,钻潜评级策略,4.5,4.3,0.2,4.49,4.31
002305,*ST南置,1.95,2.6315789473684292,0.0,209265.0,1.904,1.9450000000000003,0,A,钻潜评级策略,1.91,1.84,0.07,1.91,1.84
002327,富安娜,6.5,1.0886469673405896,0.0,67017.0,6.356,6.344,0,A,钻潜评级策略,6.45,6.17,0.28,6.44,6.18
002332,仙琚制药,8.47,0.9535160905840279,0.0,111679.0,8.362,8.416999999999998,0,A,钻潜评级策略,8.56,8.15,0.41,8.54,8.17
002351,漫步者,10.23,3.229061553985879,0.0,109208.0,9.931999999999999,9.684999999999999,0,A,钻潜评级策略,10.21,9.69,0.52,10.19,9.71
002352,顺丰控股,34.74,0.46269519953732186,0.0,237676.0,34.096000000000004,33.2115,0,A,钻潜评级策略,35.13,33.39,1.74,35.06,33.46
002372,伟星新材,8.72,4.431137724550904,0.0,278703.0,8.267999999999999,8.1385,0,A,钻潜评级策略,8.37,7.92,0.45,8.35,7.94
002376,新北洋,6.23,0.9724473257698651,0.0,88852.0,6.158,6.0225,0,A,钻潜评级策略,6.28,5.97,0.31,6.27,5.98
002381,双箭股份,5.13,1.3833992094861802,0.0,44263.0,5.032,5.202,0,A,钻潜评级策略,5.08,4.88,0.2,5.07,4.89
002387,维信诺,7.2,4.956268221574334,0.0,428610.0,6.554,7.175,0,A,钻潜评级策略,6.36,6.09,0.27,6.35,6.1
002390,信邦制药,2.97,1.0204081632653184,0.0,218709.0,2.938,2.894,0,A,钻潜评级策略,2.8,2.65,0.15,2.79,2.66
002391,长青股份,5.15,1.5779092702169706,0.0,69836.0,5.093999999999999,5.1085,0,A,钻潜评级策略,5.16,4.9,0.26,5.15,4.91
002399,海普瑞,9.7,1.783840503672618,0.0,34662.0,9.552000000000001,9.6435,0,A,钻潜评级策略,9.76,9.3,0.46,9.74,9.32
002401,中远海科,11.81,0.5106382978723456,0.0,41152.0,11.522,11.567499999999999,0,A,钻潜评级策略,11.64,11.07,0.57,11.62,11.09
002404,嘉欣丝绸,5.74,1.9538188277087087,0.0,79895.0,5.619999999999999,5.6955,0,A,钻潜评级策略,5.66,5.37,0.29,5.65,5.38
002415,海康威视,35.74,-1.1068068622025362,0.0,1263005.0,36.026,34.638999999999996,0,A,钻潜评级策略,34.5,32.81,1.69,34.43,32.88
002419,天虹股份,4.48,1.3574660633484337,0.0,95778.0,4.384,4.3755,0,A,钻潜评级策略,4.44,4.25,0.19,4.43,4.26
002423,中粮资本,9.18,1.661129568106312,0.0,180304.0,9.048,8.9545,0,A,钻潜评级策略,9.26,8.79,0.47,9.24,8.81
002461,珠江啤酒,8.72,2.951593860684776,0.0,94656.0,8.484,8.165000000000001,0,A,钻潜评级策略,8.54,8.18,0.36,8.52,8.2
002481,双塔食品,4.17,1.4598540145985384,0.0,90637.0,4.074000000000001,4.0725,0,A,钻潜评级策略,4.13,3.91,0.22,4.12,3.92
002495,佳隆股份,2.18,2.3474178403755985,0.0,199082.0,2.116,2.137,0,A,钻潜评级策略,2.12,2.02,0.1,2.12,2.02
002511,中顺洁柔,7.22,1.2622720897615736,0.0,124246.0,7.110000000000001,7.077000000000001,0,A,钻潜评级策略,7.26,6.93,0.33,7.25,6.94
002516,旷达科技,5.22,1.1627906976744207,0.0,128135.0,5.13,5.281000000000001,0,A,钻潜评级策略,5.23,4.96,0.27,5.22,4.97
002521,齐峰新材,6.79,0.1474926253687281,0.0,43070.0,6.843999999999999,6.849499999999999,0,A,钻潜评级策略,7.49,7.17,0.32,7.48,7.18
002551,尚荣医疗,2.91,1.041666666666674,0.0,135270.0,2.8619999999999997,2.8535,0,A,钻潜评级策略,2.93,2.77,0.16,2.92,2.78
002561,徐家汇,6.49,1.883830455259039,0.0,49000.0,6.34,6.3865,0,A,钻潜评级策略,6.42,6.15,0.27,6.41,6.16
002563,森马服饰,6.15,3.015075376884435,0.0,301963.0,5.792,5.627,0,A,钻潜评级策略,5.75,5.46,0.29,5.74,5.47
002566,益盛药业,6.53,1.7133956386292892,0.0,123730.0,6.376,6.277500000000001,0,A,钻潜评级策略,0.0,0.0,0.0,0.0,0.0
002573,清新环境,3.19,1.2698412698412653,0.0,107055.0,3.1599999999999997,3.129,0,A,钻潜评级策略,3.23,3.06,0.17,3.22,3.07
002583,海能达,8.1,1.5037593984962294,0.0,217462.0,7.934,7.941,0,A,钻潜评级策略,8.04,7.63,0.41,8.02,7.65
002603,以岭药业,16.72,0.7228915662650381,0.0,223079.0,16.68,16.434,0,A,钻潜评级策略,17.06,16.28,0.78,17.03,16.31
002611,东方精工,15.94,5.353602115003286,0.0,544288.0,14.907999999999998,15.75,0,A,钻潜评级策略,17.8,16.88,0.92,17.76,16.91
002641,公元股份,3.79,1.608579088471851,0.0,103755.0,3.758,3.9059999999999997,0,A,钻潜评级策略,3.85,3.68,0.17,3.84,3.69
002661,克明食品,7.27,2.3943661971830954,0.0,36558.0,7.072,7.2299999999999995,0,A,钻潜评级策略,7.15,6.85,0.3,7.14,6.86
002662,峰璟股份,3.18,2.2508038585209,0.0,109433.0,3.1079999999999997,3.3009999999999997,0,A,钻潜评级策略,3.16,2.99,0.17,3.15,3.0
002675,东诚药业,12.71,1.194267515923575,0.0,67550.0,12.58,12.757499999999999,0,A,钻潜评级策略,12.82,12.33,0.49,12.79,12.35
002673,西部证券,6.69,2.6073619631902023,0.0,389535.0,6.606,6.6095,0,A,钻潜评级策略,6.73,6.46,0.27,6.72,6.47
002688,金河生物,5.0,1.2145748987854255,0.0,56718.0,4.912,4.962,0,A,钻潜评级策略,5.03,4.79,0.24,5.02,4.8
002690,美亚光电,15.7,2.614379084967311,0.0,98590.0,15.14,14.721,0,A,钻潜评级策略,15.26,14.49,0.77,15.23,14.52
002697,红旗连锁,4.63,1.758241758241752,0.0,217348.0,4.529999999999999,4.496,0,A,钻潜评级策略,4.6,4.37,0.23,4.59,4.38
002701,奥瑞金,4.95,2.0618556701031077,0.0,376024.0,4.776,4.6785,0,A,钻潜评级策略,4.79,4.55,0.24,4.78,4.56
002727,一心堂,11.59,2.0246478873239493,0.0,96525.0,11.306,10.874500000000001,0,A,钻潜评级策略,10.54,9.99,0.55,10.52,10.01
002732,燕塘乳业,13.07,3.8950715421303572,0.0,53975.0,12.511999999999999,12.6935,0,A,钻潜评级策略,12.51,11.99,0.52,12.49,12.01
002737,葵花药业,13.72,1.2546125461254665,0.0,65024.0,13.418000000000001,13.069999999999999,0,A,钻潜评级策略,13.57,12.88,0.69,13.54,12.91
002736,国信证券,10.21,1.5920398009950265,0.0,320091.0,10.146,10.2155,0,A,钻潜评级策略,10.34,9.93,0.41,10.32,9.95
002753,永东股份,6.02,0.8375209380234505,0.0,27614.0,5.906000000000001,5.9159999999999995,0,A,钻潜评级策略,5.92,5.67,0.25,5.91,5.68
002758,浙农股份,7.87,1.1568123393316254,0.0,50911.0,7.746,7.794,0,A,钻潜评级策略,7.83,7.43,0.4,7.81,7.44
002783,凯龙股份,7.26,1.8232819074333717,0.0,55279.0,7.118,7.085000000000001,0,A,钻潜评级策略,7.14,6.77,0.37,7.13,6.78
002797,第一创业,6.53,1.8720748829953227,0.0,520912.0,6.4799999999999995,6.5575,0,A,钻潜评级策略,6.63,6.33,0.3,6.62,6.34
002807,江阴银行,4.05,1.5037593984962294,0.0,575349.0,3.9760000000000004,3.935,0,A,钻潜评级策略,4.08,3.87,0.21,4.07,3.88
002867,周大生,12.45,1.549755301794442,0.0,88245.0,12.27,12.172500000000001,0,A,钻潜评级策略,12.52,12.0,0.52,12.5,12.02
002872,ST天圣,4.93,0.6122448979591688,0.0,17086.0,4.816000000000001,4.835,0,A,钻潜评级策略,4.8,4.59,0.21,4.79,4.6
002883,*ST中设,8.51,1.4302741358760418,0.0,6357.0,8.419999999999998,8.494499999999999,0,A,钻潜评级策略,8.7,8.24,0.46,8.68,8.26
002889,东方嘉盛,12.78,3.565640194489461,0.0,252487.0,11.681999999999999,11.532,0,A,钻潜评级策略,11.37,10.89,0.48,11.35,10.91
002901,大博医疗,44.44,2.1844102092434925,0.0,17581.0,43.886,44.894,0,A,钻潜评级策略,44.97,42.62,2.35,44.88,42.71
002907,华森制药,12.61,0.8799999999999919,0.0,37708.0,12.498000000000001,13.4495,0,A,钻潜评级策略,0.0,0.0,0.0,0.0,0.0
002939,长城证券,8.26,1.7241379310344973,0.0,243921.0,8.197999999999999,8.231,0,A,钻潜评级策略,8.34,8.06,0.28,8.32,8.08
002959,小熊电器,33.98,2.2569966897381777,0.0,11322.0,33.001999999999995,32.9065,0,A,钻潜评级策略,33.31,31.77,1.54,33.24,31.83
003000,劲仔食品,10.6,1.4354066985645897,0.0,62753.0,10.216,10.2325,0,A,钻潜评级策略,10.24,9.74,0.5,10.22,9.76
003008,开普检测,17.23,1.9526627218934944,0.0,11798.0,16.773999999999997,17.166999999999998,0,A,钻潜评级策略,17.79,16.88,0.91,17.75,16.91
003013,地铁设计,17.1,1.0041346721795685,0.0,62523.0,16.582,15.4255,0,A,钻潜评级策略,0.0,0.0,0.0,0.0,0.0
003037,三和管桩,5.47,1.8621973929236368,0.0,36634.0,5.346,5.657,0,A,钻潜评级策略,5.41,5.14,0.27,5.4,5.15
003039,顺控发展,11.58,2.29681978798586,0.0,43086.0,11.404,11.318999999999999,0,A,钻潜评级策略,11.64,11.13,0.51,11.62,11.15
003816,中国广核,4.08,1.4925373134328401,0.0,855320.0,4.07,3.961,0,A,钻潜评级策略,4.21,3.99,0.22,4.2,4.0
300009,安科生物,8.21,1.4833127317676276,0.0,171732.0,8.102,8.277000000000001,0,A,钻潜评级策略,8.28,7.83,0.45,8.26,7.85
300021,大禹节水,3.79,1.608579088471851,0.0,101329.0,3.7299999999999995,3.8914999999999997,0,A,钻潜评级策略,3.81,3.65,0.16,3.8,3.66
300026,红日药业,3.39,0.0,0.0,579347.0,3.3620000000000005,3.2795,0,A,钻潜评级策略,3.21,3.04,0.17,3.2,3.05
300059,东方财富,19.9,2.471678681771361,0.0,3082897.0,19.73,20.1235,0,A,钻潜评级策略,20.5,19.63,0.87,20.46,19.67
300070,碧水源,3.52,2.3255813953488413,0.0,416596.0,3.45,3.408,0,A,钻潜评级策略,3.54,3.35,0.19,3.53,3.36
300119,瑞普生物,15.98,1.653944020356235,0.0,34638.0,15.818000000000001,15.863499999999998,0,A,钻潜评级策略,16.18,15.4,0.78,16.15,15.43
300146,汤臣倍健,10.18,3.0364372469635414,0.0,270555.0,9.953999999999999,9.7015,0,A,钻潜评级策略,9.47,8.98,0.49,9.45,9.0
300160,秀强股份,4.25,1.674641148325362,0.0,72490.0,4.1659999999999995,4.2245,0,A,钻潜评级策略,4.21,4.01,0.2,4.2,4.02
300193,佳士科技,7.42,1.089918256130784,0.0,35782.0,7.336,7.605499999999999,0,A,钻潜评级策略,7.47,7.14,0.33,7.46,7.15
300194,福安药业,3.7,0.8174386920980936,0.0,120250.0,3.668,3.678,0,A,钻潜评级策略,3.74,3.55,0.19,3.73,3.56
300198,*ST纳川,2.07,1.9704433497536922,0.0,58922.0,2.024,2.087,0,A,钻潜评级策略,2.09,2.0,0.09,2.09,2.0
300230,永利股份,4.16,1.9607843137254832,0.0,86779.0,4.093999999999999,4.1325,0,A,钻潜评级策略,4.18,3.99,0.19,4.17,4.0
300298,三诺生物,15.89,2.1208226221079762,0.0,68349.0,15.474,15.2125,0,A,钻潜评级策略,15.66,14.85,0.81,15.63,14.88
300326,ST凯利,5.63,2.3636363636363678,0.0,56186.0,5.498,5.8175,0,A,钻潜评级策略,6.03,5.72,0.31,6.02,5.73
300341,麦克奥迪,12.54,1.047542304593052,0.0,89003.0,12.028,12.264,0,A,钻潜评级策略,11.94,11.35,0.59,11.92,11.37
300343,联创股份,5.82,1.041666666666674,0.0,227951.0,5.816,5.864,0,A,钻潜评级策略,0.0,0.0,0.0,0.0,0.0
300425,中建环能,3.89,1.832460732984309,0.0,97018.0,3.822,3.8305,0,A,钻潜评级策略,3.87,3.67,0.2,3.86,3.68
300439,美康生物,8.44,1.3205282112844996,0.0,28061.0,8.315999999999999,8.498999999999999,0,A,钻潜评级策略,8.77,8.33,0.44,8.75,8.35
300453,三鑫医疗,9.7,1.5706806282722363,0.0,74057.0,9.456,9.459,0,A,钻潜评级策略,9.63,9.13,0.5,9.61,9.15
300470,中密控股,29.5,1.1312992800822652,0.0,15169.0,29.137999999999998,29.072999999999997,0,A,钻潜评级策略,29.65,28.34,1.31,29.59,28.4
300527,ST应急,7.27,0.832177531206657,0.0,46048.0,7.234,7.208500000000001,0,A,钻潜评级策略,7.42,7.08,0.34,7.41,7.09
300529,健帆生物,18.04,2.733485193621865,0.0,75776.0,17.4,16.956,0,A,钻潜评级策略,16.82,16.01,0.81,16.79,16.04
300611,美力科技,23.84,0.7182087029995676,0.0,20229.0,23.666000000000004,24.2435,0,A,钻潜评级策略,24.27,22.99,1.28,24.22,23.04
300625,三雄极光,8.99,3.571428571428581,0.0,19129.0,8.66,8.867,0,A,钻潜评级策略,8.65,8.23,0.42,8.63,8.25
300628,亿联网络,38.27,-0.2086049543676638,0.0,148673.0,37.674,35.972,0,A,钻潜评级策略,34.96,33.43,1.53,34.89,33.5
300664,鹏鹞环保,4.51,2.036199095022617,0.0,89963.0,4.4559999999999995,4.411,0,A,钻潜评级策略,4.55,4.32,0.23,4.54,4.33
300729,乐歌股份,10.04,2.1363173957273496,0.0,23556.0,9.814,9.833,0,A,钻潜评级策略,9.9,9.48,0.42,9.88,9.5
300760,迈瑞医疗,154.88,2.88295469642621,0.0,133534.0,150.232,145.631,0,A,钻潜评级策略,152.4,145.21,7.19,152.1,145.5
300770,新媒股份,34.57,2.429629629629626,0.0,25619.0,33.592,33.038,0,A,钻潜评级策略,33.85,32.53,1.32,33.78,32.6
300847,中船汉光,14.6,0.0,0.0,77836.0,14.436000000000002,13.5,0,A,钻潜评级策略,13.61,12.89,0.72,13.58,12.92
300860,锋尚文化,23.54,0.46948356807512415,0.0,22447.0,23.22,24.908499999999997,0,A,钻潜评级策略,23.48,22.31,1.17,23.43,22.35
300888,稳健医疗,30.39,3.0518819938962327,0.0,51366.0,29.572000000000003,29.058,0,A,钻潜评级策略,28.51,27.01,1.5,28.45,27.06
300908,仲景食品,23.99,3.7629757785466955,0.0,36958.0,22.764000000000003,23.122,0,A,钻潜评级策略,23.55,22.46,1.09,23.5,22.51
300915,海融科技,18.94,2.2678185745140578,0.0,33262.0,18.29,19.2945,0,A,钻潜评级策略,20.74,19.75,0.99,20.7,19.79
300958,建工修复,11.09,0.9099181073703333,0.0,35661.0,10.83,10.9185,0,A,钻潜评级策略,10.9,10.38,0.52,10.88,10.4
300962,中金辐照,12.57,2.1121039805036546,0.0,22505.0,12.370000000000001,12.743500000000001,0,A,钻潜评级策略,13.03,12.35,0.68,13.0,12.37
300999,金龙鱼,26.27,1.1162432640492659,0.0,93401.0,25.958,25.164499999999997,0,A,钻潜评级策略,26.45,25.45,1.0,26.4,25.5
301065,本立科技,17.34,0.8139534883720989,0.0,16259.0,17.172,17.9095,0,A,钻潜评级策略,17.54,16.62,0.92,17.5,16.65
301109,军信股份,14.07,1.7353579175704903,0.0,44235.0,13.782,13.554499999999999,0,A,钻潜评级策略,14.03,13.37,0.66,14.0,13.4
301206,三元生物,23.64,4.648074369189903,0.0,28019.0,22.794,23.220499999999998,0,A,钻潜评级策略,23.14,22.02,1.12,23.09,22.06
301215,中汽股份,5.24,3.149606299212593,0.0,125478.0,5.102,5.143,0,A,钻潜评级策略,5.15,4.96,0.19,5.14,4.97
301223,中荣股份,16.02,1.4566181127295685,0.0,10043.0,15.718,16.0225,0,A,钻潜评级策略,15.98,15.23,0.75,15.95,15.26
301267,华厦眼科,16.15,2.409638554216853,0.0,49496.0,15.838,15.635000000000002,0,A,钻潜评级策略,15.28,14.47,0.81,15.25,14.5
301296,新巨丰,6.19,1.3093289689034338,0.0,30760.0,6.087999999999999,6.265000000000001,0,A,钻潜评级策略,6.21,5.89,0.32,6.2,5.9
301301,川宁生物,8.58,1.5384615384615552,0.0,120370.0,8.524000000000001,8.5305,0,A,钻潜评级策略,8.72,8.26,0.46,8.7,8.28
301332,德尔玛,7.8,1.8276762402088753,0.0,19613.0,7.659999999999999,7.76,0,A,钻潜评级策略,7.78,7.39,0.39,7.76,7.4
301339,通行宝,10.9,1.019462465245602,0.0,56069.0,10.744,10.378499999999999,0,A,钻潜评级策略,10.46,9.99,0.47,10.44,10.01
301370,国科恒泰,8.55,0.8254716981132004,0.0,30602.0,8.396,8.5015,0,A,钻潜评级策略,8.68,8.24,0.44,8.66,8.26
301371,敷尔佳,25.48,4.51189499589828,0.0,31669.0,24.113999999999997,25.2035,0,A,钻潜评级策略,26.6,25.5,1.1,26.55,25.55
301376,致欧科技,19.5,3.0655391120507414,0.0,33082.0,18.73,18.709,0,A,钻潜评级策略,19.34,18.4,0.94,19.3,18.44
301507,民生健康,12.0,1.4370245139475823,0.0,27683.0,11.83,12.192,0,A,钻潜评级策略,12.23,11.66,0.57,12.21,11.68
301508,中机认检,23.19,1.7551557700746123,0.0,11941.0,22.632,22.743000000000002,0,A,钻潜评级策略,22.93,21.88,1.05,22.88,21.92
301585,蓝宇股份,25.33,2.1370967741935365,0.0,9784.0,24.717999999999996,25.4555,0,A,钻潜评级策略,25.04,23.85,1.19,24.99,23.9
600000,浦发银行,9.28,0.9793253536452662,0.0,1109626.0,9.122,9.016499999999999,0,B,钻潜评级策略,9.37,8.89,0.48,9.35,8.91
600011,华能国际,7.2,0.5586592178770999,0.0,1021121.0,7.203999999999999,7.0515,0,B,钻潜评级策略,7.03,6.71,0.32,7.02,6.72
600010,包钢股份,2.2,1.382488479262678,0.0,3823146.0,2.1879999999999997,2.1765,0,B,钻潜评级策略,2.24,2.15,0.09,2.24,2.15
600022,山东钢铁,1.38,2.985074626865658,0.0,1417089.0,1.348,1.312,0,B,钻潜评级策略,1.37,1.31,0.06,1.37,1.31
600028,中国石化,5.17,-0.19305019305019266,0.0,2107071.0,5.176,4.985,0,B,钻潜评级策略,5.29,5.05,0.24,5.28,5.06
600029,南方航空,5.18,0.7782101167315147,0.0,876890.0,5.138,5.1005,0,B,钻潜评级策略,5.23,5.03,0.2,5.22,5.04
600038,中直股份,26.73,2.807692307692311,0.0,96671.0,26.214,25.594,0,B,钻潜评级策略,26.97,25.65,1.32,26.92,25.7
600048,保利发展,5.24,3.9682539682539764,0.0,1934644.0,5.0760000000000005,4.8735,0,B,钻潜评级策略,4.81,4.57,0.24,4.8,4.58
600051,宁波联合,5.82,2.645502645502651,0.0,55237.0,5.682,5.8084999999999996,0,B,钻潜评级策略,5.76,5.5,0.26,5.75,5.51
600052,东望时代,3.64,2.2471910112359605,0.0,127739.0,3.54,3.603,0,B,钻潜评级策略,0.0,0.0,0.0,0.0,0.0
600054,黄山旅游,11.07,0.6363636363636349,0.0,70899.0,10.978,10.972,0,B,钻潜评级策略,11.19,10.69,0.5,11.17,10.71
600055,万东医疗,10.85,2.455146364494798,0.0,67926.0,10.574,10.629,0,B,钻潜评级策略,10.72,10.2,0.52,10.7,10.22
600057,厦门象屿,6.57,2.336448598130847,0.0,176654.0,6.386,6.0535,0,B,钻潜评级策略,6.46,6.14,0.32,6.45,6.15
600060,海信视像,27.69,0.36245016310256783,0.0,177788.0,27.454,27.1575,0,B,钻潜评级策略,27.48,26.23,1.25,27.43,26.28
600058,五矿发展,9.85,3.7934668071654354,0.0,181760.0,9.004,9.5355,0,B,钻潜评级策略,8.5,8.12,0.38,8.48,8.14
600066,宇通客车,32.35,-1.5220700152207,0.0,243184.0,32.239999999999995,30.117499999999996,0,B,钻潜评级策略,29.71,28.3,1.41,29.65,28.36
600067,冠城新材,2.68,3.076923076923088,0.0,243977.0,2.598,2.7125,0,B,钻潜评级策略,0.0,0.0,0.0,0.0,0.0
600081,东风科技,9.79,1.1363636363636243,0.0,25706.0,9.588,9.428,0,B,钻潜评级策略,9.67,9.15,0.52,9.65,9.17
600084,*ST尼雅,4.26,2.1582733812949506,0.0,55115.0,4.064,4.2010000000000005,0,B,钻潜评级策略,4.05,3.86,0.19,4.04,3.87
600094,大名城,3.83,4.0760869565217295,0.0,224597.0,3.682,3.7440000000000007,0,B,钻潜评级策略,3.62,3.43,0.19,3.61,3.44
600095,湘财股份,8.77,1.270207852193983,0.0,615093.0,8.71,8.1755,0,B,钻潜评级策略,7.65,7.29,0.36,7.63,7.3
600096,云天化,29.89,1.666666666666683,0.0,226402.0,29.508,28.840500000000002,0,B,钻潜评级策略,28.62,27.2,1.42,28.56,27.25
600097,开创国际,7.98,1.9157088122605304,0.0,36995.0,7.752,7.938000000000001,0,B,钻潜评级策略,7.78,7.46,0.32,7.76,7.47
600100,同方股份,6.98,1.1594202898550732,0.0,336332.0,6.920000000000002,6.784999999999999,0,B,钻潜评级策略,6.9,6.56,0.34,6.89,6.57
600101,明星电力,8.2,1.8633540372670732,0.0,154221.0,8.16,8.166999999999998,0,B,钻潜评级策略,8.32,8.08,0.24,8.3,8.1
600104,上汽集团,10.77,1.7958412098298737,0.0,589284.0,10.556000000000001,10.302,0,B,钻潜评级策略,10.87,10.35,0.52,10.85,10.37
600107,*ST尔雅,5.28,0.0,0.0,8505.0,5.256,5.7895,0,B,钻潜评级策略,0.0,0.0,0.0,0.0,0.0
600115,中国东航,3.67,1.1019283746556585,0.0,2095794.0,3.628,3.6435000000000004,0,B,钻潜评级策略,3.71,3.52,0.19,3.7,3.53
600120,浙江东方,5.14,3.006012024048088,0.0,680914.0,4.9799999999999995,4.8605,0,B,钻潜评级策略,5.06,4.8,0.26,5.05,4.81
600123,兰花科创,6.86,5.376344086021523,0.0,395276.0,6.614,6.151999999999999,0,B,钻潜评级策略,6.48,6.14,0.34,6.47,6.15
600128,苏豪弘业,7.67,2.2666666666666613,0.0,29669.0,7.456,7.640000000000001,0,B,钻潜评级策略,7.46,7.14,0.32,7.45,7.15
600131,国网信通,15.55,1.7670157068062853,0.0,83823.0,15.413999999999998,14.695500000000001,0,B,钻潜评级策略,14.79,14.07,0.72,14.76,14.1
600133,东湖高新,8.18,4.469987228607919,0.0,295557.0,7.792,7.7235,0,B,钻潜评级策略,8.06,7.66,0.4,8.04,7.68
600136,ST明诚,1.42,1.4285714285714235,0.0,80639.0,1.3960000000000001,1.3995000000000002,0,B,钻潜评级策略,1.4,1.33,0.07,1.4,1.33
600138,中青旅,7.06,0.8571428571428452,0.0,93971.0,6.962000000000001,6.906999999999999,0,B,钻潜评级策略,7.08,6.75,0.33,7.07,6.76
600143,金发科技,14.55,1.890756302521024,0.0,316091.0,14.396,14.716999999999999,0,B,钻潜评级策略,14.68,13.93,0.75,14.65,13.96
600148,长春一东,14.35,2.280826799714908,0.0,17017.0,14.081999999999999,14.429499999999999,0,B,钻潜评级策略,14.42,13.74,0.68,14.39,13.77
600150,中国船舶,34.73,3.702597790385176,0.0,1367703.0,33.714000000000006,34.5375,0,B,钻潜评级策略,33.94,32.6,1.34,33.87,32.67
600157,永泰能源,1.6,2.564102564102577,0.0,5213622.0,1.584,1.5630000000000002,0,B,钻潜评级策略,1.63,1.55,0.08,1.63,1.55
600166,福田汽车,3.17,4.2763157894736725,0.0,2151862.0,3.07,3.0695,0,B,钻潜评级策略,3.01,2.89,0.12,3.0,2.9
600170,上海建工,2.35,1.2931034482758674,0.0,1223605.0,2.332,2.2845,0,B,钻潜评级策略,2.37,2.28,0.09,2.37,2.28
600173,卧龙新能,6.13,0.4918032786885185,0.0,98259.0,6.0600000000000005,5.835,0,B,钻潜评级策略,0.0,0.0,0.0,0.0,0.0
600178,东安动力,9.91,5.313496280552599,0.0,219230.0,9.398,9.059000000000001,0,B,钻潜评级策略,8.76,8.3,0.46,8.74,8.32
600179,安通控股,4.34,3.3333333333333215,0.0,418032.0,4.232,4.395999999999999,0,B,钻潜评级策略,4.35,4.12,0.23,4.34,4.13
600185,珠免集团,4.79,1.9148936170212627,0.0,259643.0,4.636,4.519,0,B,钻潜评级策略,4.65,4.43,0.22,4.64,4.44
600187,*ST国中,1.44,1.4084507042253502,0.0,326983.0,1.41,1.4585,0,B,钻潜评级策略,0.0,0.0,0.0,0.0,0.0
600189,泉阳泉,7.19,2.8612303290414864,0.0,173159.0,7.040000000000001,7.257,0,B,钻潜评级策略,7.18,6.85,0.33,7.17,6.86
600195,中牧股份,6.42,0.31249999999998224,0.0,68154.0,6.38,6.3305,0,B,钻潜评级策略,6.54,6.21,0.33,6.53,6.22
600197,伊力特,10.21,0.5911330049261032,0.0,98278.0,10.129999999999999,10.0145,0,B,钻潜评级策略,10.32,9.97,0.35,10.3,9.99
600199,金种子酒,7.52,0.6693440428380271,0.0,660680.0,7.112,6.7685,0,B,钻潜评级策略,0.0,0.0,0.0,0.0,0.0
600201,生物股份,11.55,3.6804308797127483,0.0,185783.0,11.324000000000002,11.8495,0,B,钻潜评级策略,11.74,11.15,0.59,11.72,11.17
600215,派斯林,5.78,2.8469750889679846,0.0,84392.0,5.534000000000001,5.8015,0,B,钻潜评级策略,0.0,0.0,0.0,0.0,0.0
600216,浙江医药,12.05,1.9458544839255465,0.0,168381.0,11.926,12.118,0,B,钻潜评级策略,12.46,11.95,0.51,12.44,11.97
600218,全柴动力,7.41,1.7857142857142794,0.0,45598.0,7.242,7.2525,0,B,钻潜评级策略,7.3,6.94,0.36,7.29,6.95
600217,中再资环,3.08,0.32573289902280145,0.0,124070.0,3.07,2.9939999999999998,0,B,钻潜评级策略,3.16,3.0,0.16,3.15,3.01
600219,南山铝业,4.59,2.684563758389258,0.0,2444085.0,4.566,4.2235,0,B,钻潜评级策略,0.0,0.0,0.0,0.0,0.0
600221,海航控股,1.35,0.746268656716409,0.0,3040591.0,1.342,1.341,0,B,钻潜评级策略,1.36,1.32,0.04,1.36,1.32
600222,太龙药业,6.89,-0.5772005772005762,0.0,85714.0,6.981999999999999,7.386500000000001,0,B,钻潜评级策略,7.17,6.82,0.35,7.16,6.83
600229,城市传媒,4.91,1.8672199170124415,0.0,53698.0,4.76,4.7665,0,B,钻潜评级策略,4.77,4.58,0.19,4.76,4.59
600231,凌钢股份,1.69,1.8072289156626509,0.0,189247.0,1.658,1.6280000000000001,0,B,钻潜评级策略,0.0,0.0,0.0,0.0,0.0
600233,圆通速递,18.27,0.10958904109588108,0.0,189602.0,17.851999999999997,17.4115,0,B,钻潜评级策略,18.03,17.18,0.85,17.99,17.21
600236,桂冠电力,10.92,9.969788519637458,0.0,333465.0,10.693999999999999,10.23,0,B,钻潜评级策略,9.68,9.17,0.51,9.66,9.19
600235,民丰特纸,5.2,1.9607843137255054,0.0,51802.0,5.0920000000000005,5.1315,0,B,钻潜评级策略,5.17,4.9,0.27,5.16,4.91
600238,*ST椰岛,4.14,1.4705882352941124,0.0,31375.0,4.038,4.295,0,B,钻潜评级策略,4.07,3.87,0.2,4.06,3.88
600239,ST云城,1.38,2.985074626865658,0.0,201329.0,1.35,1.391,0,B,钻潜评级策略,1.36,1.3,0.06,1.36,1.3
600250,南京商旅,8.14,2.1329987452948673,0.0,88279.0,7.87,7.846500000000001,0,B,钻潜评级策略,7.88,7.48,0.4,7.86,7.5
600249,两面针,4.95,1.22699386503069,0.0,61048.0,4.854,4.778499999999999,0,B,钻潜评级策略,4.89,4.67,0.22,4.88,4.68
600252,中恒集团,2.2,0.917431192660545,0.0,432476.0,2.176,2.0805,0,B,钻潜评级策略,2.21,2.11,0.1,2.21,2.11
600256,广汇能源,5.46,3.409090909090895,0.0,1089928.0,5.4719999999999995,5.3645000000000005,0,B,钻潜评级策略,5.65,5.36,0.29,5.64,5.37
600258,首旅酒店,12.31,1.2335526315789602,0.0,200096.0,11.992,11.662,0,B,钻潜评级策略,12.1,11.51,0.59,12.08,11.53
600257,大湖股份,5.01,0.20000000000000018,0.0,247023.0,4.9,4.701,0,B,钻潜评级策略,4.67,4.43,0.24,4.66,4.44
600261,阳光照明,3.02,1.683501683501687,0.0,83386.0,2.968,2.975,0,B,钻潜评级策略,3.03,2.89,0.14,3.02,2.9
600266,城建发展,4.13,1.7241379310344973,0.0,355352.0,4.037999999999999,4.015,0,B,钻潜评级策略,4.09,3.9,0.19,4.08,3.91
600265,*ST景谷,21.21,1.0000000000000009,0.0,3575.0,20.892,21.759,0,B,钻潜评级策略,21.09,20.24,0.85,21.05,20.28
600273,嘉化能源,7.0,2.639296187683282,0.0,197141.0,6.8340000000000005,6.666499999999999,0,B,钻潜评级策略,6.84,6.5,0.34,6.83,6.51
600271,航天信息,6.81,1.0385756676557722,0.0,160697.0,6.694,6.6125,0,B,钻潜评级策略,6.78,6.45,0.33,6.77,6.46
600278,东方创业,6.24,1.4634146341463428,0.0,43767.0,6.124,6.0954999999999995,0,B,钻潜评级策略,6.18,5.92,0.26,6.17,5.93
600282,南钢股份,5.06,2.0161290322580516,0.0,336797.0,4.946,4.761,0,B,钻潜评级策略,4.83,4.6,0.23,4.82,4.61
600292,电投水电,12.46,1.3832384052075097,0.0,96158.0,12.334,12.349499999999999,0,B,钻潜评级策略,12.81,12.13,0.68,12.78,12.15
600295,鄂尔多斯,12.55,1.701782820097253,0.0,152532.0,12.49,12.130500000000001,0,B,钻潜评级策略,12.92,12.28,0.64,12.89,12.3
600309,万华化学,74.49,0.3908355795148033,0.0,405257.0,74.416,71.11600000000001,0,B,钻潜评级策略,76.09,72.23,3.86,75.94,72.37
600307,酒钢宏兴,1.46,1.388888888888884,0.0,643563.0,1.44,1.4105,0,B,钻潜评级策略,1.48,1.41,0.07,1.48,1.41
600313,农发种业,5.54,0.9107468123861429,0.0,197399.0,5.518,5.351000000000001,0,B,钻潜评级策略,5.5,5.24,0.26,5.49,5.25
600312,平高电气,19.76,4.494976203067158,0.0,372084.0,19.29,17.908,0,B,钻潜评级策略,17.81,16.95,0.86,17.77,16.98
600318,新力金融,6.43,2.225755166931642,0.0,156033.0,6.2299999999999995,6.128500000000001,0,B,钻潜评级策略,6.26,5.94,0.32,6.25,5.95
600320,振华重工,4.27,2.1531100478468845,0.0,492909.0,4.192,4.114,0,B,钻潜评级策略,4.25,4.03,0.22,4.24,4.04
600322,津投城开,2.54,2.4193548387096753,0.0,207836.0,2.5100000000000002,2.6725000000000003,0,B,钻潜评级策略,2.55,2.44,0.11,2.54,2.44
600328,中盐化工,6.4,3.5598705501618255,0.0,214246.0,6.23,6.1055,0,B,钻潜评级策略,6.31,6.02,0.29,6.3,6.03
600327,大东方,3.6,1.6949152542372836,0.0,114895.0,3.504,3.4385000000000003,0,B,钻潜评级策略,3.55,3.38,0.17,3.54,3.39
600337,ST美克,2.63,-6.071428571428572,0.0,296608.0,2.868,3.145,0,B,钻潜评级策略,3.24,3.07,0.17,3.23,3.08
600340,*ST华幸,1.05,0.9615384615384581,0.0,478367.0,1.05,1.1184999999999998,0,B,钻潜评级策略,1.06,1.02,0.04,1.06,1.02
600339,中油工程,3.35,1.823708206686936,0.0,597731.0,3.354,3.2355000000000005,0,B,钻潜评级策略,3.18,3.01,0.17,3.17,3.02
600358,国旅联合,4.84,0.6237006237006293,0.0,50709.0,4.868,5.104,0,B,钻潜评级策略,5.33,5.08,0.25,5.32,5.09
600356,恒丰纸业,7.9,4.635761589403975,0.0,72674.0,7.593999999999999,7.787999999999999,0,B,钻潜评级策略,7.65,7.28,0.37,7.63,7.29
600352,浙江龙盛,13.55,6.025039123630682,0.0,1043083.0,12.914000000000001,12.4765,0,B,钻潜评级策略,0.0,0.0,0.0,0.0,0.0
600354,敦煌种业,5.81,-0.5136986301369939,0.0,363257.0,5.859999999999999,5.3675,0,B,钻潜评级策略,5.09,4.86,0.23,5.08,4.87
600361,创新新材,3.74,3.8888888888888973,0.0,783611.0,3.6420000000000003,3.5584999999999996,0,B,钻潜评级策略,3.69,3.51,0.18,3.68,3.52
600362,江西铜业,42.85,0.7050528789659394,0.0,392749.0,43.232,41.863,0,B,钻潜评级策略,44.03,41.73,2.3,43.94,41.81
600359,新农开发,5.81,1.21951219512193,0.0,57086.0,5.676,5.6915000000000004,0,B,钻潜评级策略,5.79,5.5,0.29,5.78,5.51
600365,ST通葡,2.67,0.7547169811320753,0.0,16224.0,2.61,2.5905,0,B,钻潜评级策略,2.58,2.48,0.1,2.57,2.48
600373,中文传媒,7.32,1.5256588072122046,0.0,106901.0,7.128,6.994999999999999,0,B,钻潜评级策略,6.86,6.58,0.28,6.85,6.59
600375,汉马科技,3.98,2.3136246786632286,0.0,279823.0,3.87,3.8560000000000003,0,B,钻潜评级策略,3.9,3.7,0.2,3.89,3.71
600371,万向德农,6.54,1.7107309486780853,0.0,38615.0,6.412000000000001,6.5485,0,B,钻潜评级策略,6.85,6.49,0.36,6.84,6.5
600372,中航机载,11.24,1.352569882777277,0.0,270441.0,11.23,11.181000000000001,0,B,钻潜评级策略,11.55,11.04,0.51,11.53,11.06
600386,北巴传媒,3.19,2.5723472668810254,0.0,109108.0,3.118,3.1795,0,B,钻潜评级策略,3.16,2.99,0.17,3.15,3.0
600395,盘江股份,4.87,3.8379530916844207,0.0,411592.0,4.773999999999999,4.699,0,B,钻潜评级策略,4.81,4.56,0.25,4.8,4.57
600400,红豆股份,2.73,2.2471910112359605,0.0,593888.0,2.652,2.868,0,B,钻潜评级策略,0.0,0.0,0.0,0.0,0.0
600409,三友化工,6.66,4.062499999999991,0.0,428676.0,6.452000000000001,6.0015,0,B,钻潜评级策略,0.0,0.0,0.0,0.0,0.0
600405,动力源,4.03,2.2842639593908753,0.0,108585.0,3.9159999999999995,4.198,0,B,钻潜评级策略,3.92,3.72,0.2,3.91,3.73
600406,国电南瑞,23.93,1.5704584040747038,0.0,589842.0,23.868000000000002,22.916500000000003,0,B,钻潜评级策略,24.55,23.33,1.22,24.5,23.38
600415,小商品城,12.65,6.9315300084530795,0.0,2186811.0,11.556000000000001,10.7935,0,B,钻潜评级策略,10.7,10.2,0.5,10.68,10.22
600423,*ST柳化,2.69,1.5094339622641506,0.0,61501.0,2.596,2.5204999999999997,0,B,钻潜评级策略,0.0,0.0,0.0,0.0,0.0
600422,昆药集团,9.24,1.4270032930845389,0.0,110539.0,9.034,8.733,0,B,钻潜评级策略,9.14,8.65,0.49,9.12,8.67
600436,片仔癀,136.39,0.27939122123372684,0.0,68284.0,134.71200000000002,127.98499999999999,0,B,钻潜评级策略,114.72,109.24,5.48,114.49,109.46
600429,三元股份,4.69,10.093896713615047,0.0,362655.0,4.252,4.182,0,B,钻潜评级策略,4.22,4.01,0.21,4.21,4.02
600439,瑞贝卡,2.16,1.4084507042253724,0.0,164328.0,2.114,2.1345,0,B,钻潜评级策略,2.15,2.05,0.1,2.15,2.05
600444,国机通用,12.65,0.7968127490039834,0.0,21570.0,12.424000000000001,12.7065,0,B,钻潜评级策略,12.52,11.86,0.66,12.5,11.88
600446,金证股份,10.59,2.7158098933074637,0.0,215276.0,10.216,10.1575,0,B,钻潜评级策略,10.29,9.78,0.51,10.27,9.8
600456,宝钛股份,27.89,4.028347631480789,0.0,83444.0,27.284,27.3915,0,B,钻潜评级策略,27.81,26.51,1.3,27.75,26.56
600455,博通股份,21.39,2.491614758025862,0.0,19265.0,20.768,21.6435,0,B,钻潜评级策略,20.99,19.9,1.09,20.95,19.94
600467,好当家,2.17,1.4018691588784993,0.0,249423.0,2.132,2.1085,0,B,钻潜评级策略,2.15,2.07,0.08,2.15,2.07
600469,风神股份,5.23,2.1484375,0.0,95043.0,5.142,5.3165,0,B,钻潜评级策略,5.26,4.99,0.27,5.25,5.0
600470,六国化工,5.51,3.9622641509434064,0.0,295639.0,5.311999999999999,5.8420000000000005,0,B,钻潜评级策略,5.34,5.1,0.24,5.33,5.11
600477,杭萧钢构,2.38,1.7094017094017033,0.0,310928.0,2.334,2.325,0,B,钻潜评级策略,2.36,2.25,0.11,2.36,2.25
600486,扬农化工,56.12,1.7588395285584646,0.0,51805.0,55.428,52.520500000000006,0,B,钻潜评级策略,50.76,48.29,2.47,50.66,48.39
600495,晋西车轴,3.88,-0.25706940874036244,0.0,94653.0,3.846,3.6925000000000003,0,B,钻潜评级策略,3.94,3.73,0.21,3.93,3.74
600496,精工钢构,3.31,2.4767801857585203,0.0,300333.0,3.246,3.2165,0,B,钻潜评级策略,3.32,3.14,0.18,3.31,3.15
600499,科达制造,16.65,9.97357992073975,0.0,391930.0,15.654,15.2,0,B,钻潜评级策略,15.23,14.43,0.8,15.2,14.46
600502,安徽建工,4.75,1.7130620985010614,0.0,298478.0,4.648000000000001,4.5515,0,B,钻潜评级策略,4.68,4.43,0.25,4.67,4.44
600505,西昌电力,11.1,2.873030583873959,0.0,147597.0,10.907999999999998,10.936,0,B,钻潜评级策略,10.66,10.1,0.56,10.64,10.12
600507,方大特钢,4.56,6.791569086651061,0.0,745637.0,4.348000000000001,4.2315,0,B,钻潜评级策略,4.22,4.01,0.21,4.21,4.02
600515,海南机场,2.88,1.7667844522968101,0.0,1080158.0,2.814,2.7745,0,B,钻潜评级策略,2.85,2.72,0.13,2.84,2.73
600516,方大炭素,5.15,2.182539682539697,0.0,446262.0,5.098,5.218,0,B,钻潜评级策略,5.2,5.0,0.2,5.19,5.01
600517,国网英大,5.05,1.4056224899598346,0.0,267318.0,4.998,4.827,0,B,钻潜评级策略,5.09,4.89,0.2,5.08,4.9
600518,康美药业,1.35,0.746268656716409,0.0,1278492.0,1.346,1.3245,0,B,钻潜评级策略,1.38,1.32,0.06,1.38,1.32
600523,贵航股份,11.16,1.1786038077969296,0.0,34452.0,11.190000000000001,11.2355,0,B,钻潜评级策略,11.52,10.94,0.58,11.5,10.96
600521,华海药业,16.27,1.4339152119700715,0.0,278925.0,16.326,16.4565,0,B,钻潜评级策略,16.72,15.91,0.81,16.69,15.94
600525,ST长园,4.77,0.8456659619450191,0.0,59584.0,4.756,4.9105,0,B,钻潜评级策略,4.84,4.65,0.19,4.83,4.66
600528,中铁工业,7.24,1.9718309859154903,0.0,150301.0,7.108,6.967500000000001,0,B,钻潜评级策略,7.26,6.93,0.33,7.25,6.94
600533,栖霞建设,1.99,2.051282051282044,0.0,122950.0,1.9299999999999997,1.9364999999999999,0,B,钻潜评级策略,1.94,1.85,0.09,1.94,1.85
600543,*ST莫高,3.68,0.2724795640327127,0.0,19801.0,3.588,3.7475,0,B,钻潜评级策略,0.0,0.0,0.0,0.0,0.0
600546,山煤国际,12.49,3.0528052805280703,0.0,280311.0,12.468,12.3435,0,B,钻潜评级策略,0.0,0.0,0.0,0.0,0.0
600558,大西洋,4.69,1.5151515151515138,0.0,110944.0,4.63,4.734,0,B,钻潜评级策略,4.72,4.51,0.21,4.71,4.52
600559,老白干酒,12.0,1.3513513513513598,0.0,162543.0,11.692,11.542,0,B,钻潜评级策略,12.18,11.58,0.6,12.16,11.6
600562,国睿科技,24.84,3.7593984962405846,0.0,149734.0,24.381999999999998,22.796,0,B,钻潜评级策略,0.0,0.0,0.0,0.0,0.0
600568,ST中珠,2.28,2.2421524663676973,0.0,52387.0,2.2039999999999997,2.3095,0,B,钻潜评级策略,2.23,2.13,0.1,2.23,2.13
600569,安阳钢铁,1.76,2.3255813953488413,0.0,260144.0,1.722,1.6960000000000002,0,B,钻潜评级策略,1.75,1.67,0.08,1.75,1.67
600570,恒生电子,21.87,2.5797373358348974,0.0,449288.0,21.304,21.0105,0,B,钻潜评级策略,21.57,20.46,1.11,21.53,20.5
600571,信雅达,10.08,1.1033099297893534,0.0,99013.0,9.782,9.6895,0,B,钻潜评级策略,0.0,0.0,0.0,0.0,0.0
600572,康恩贝,4.34,1.1655011655011593,0.0,448169.0,4.2940000000000005,4.23,0,B,钻潜评级策略,4.37,4.17,0.2,4.36,4.18
600575,淮河能源,3.43,4.255319148936176,0.0,899281.0,3.332,3.215,0,B,钻潜评级策略,3.28,3.11,0.17,3.27,3.12
600576,祥源文旅,5.54,1.2797074954296273,0.0,79009.0,5.498,5.789,0,B,钻潜评级策略,5.77,5.47,0.3,5.76,5.48
600581,*ST八钢,2.29,2.232142857142838,0.0,90886.0,2.2359999999999998,2.2575,0,B,钻潜评级策略,2.26,2.16,0.1,2.26,2.16
600583,海油工程,5.55,0.7259528130671544,0.0,291162.0,5.553999999999999,5.343,0,B,钻潜评级策略,5.26,5.0,0.26,5.25,5.01
600585,海螺水泥,18.34,2.1158129175946394,0.0,338463.0,17.994,17.451,0,B,钻潜评级策略,18.44,17.57,0.87,18.4,17.61
600588,用友网络,9.73,2.098635886673672,0.0,735325.0,9.4,9.319999999999999,0,B,钻潜评级策略,0.0,0.0,0.0,0.0,0.0
600593,大连圣亚,37.49,1.4614343707713084,0.0,38670.0,36.830000000000005,37.49550000000001,0,B,钻潜评级策略,38.26,36.36,1.9,38.18,36.43
600594,益佰制药,3.61,-0.5509641873278293,0.0,488293.0,3.5439999999999996,3.382,0,B,钻潜评级策略,0.0,0.0,0.0,0.0,0.0
600595,中孚实业,6.52,4.487179487179471,0.0,1298610.0,6.385999999999999,6.1155,0,B,钻潜评级策略,0.0,0.0,0.0,0.0,0.0
600603,广汇物流,4.46,4.449648711943799,0.0,204261.0,4.231999999999999,4.3655,0,B,钻潜评级策略,0.0,0.0,0.0,0.0,0.0
600604,市北高新,4.27,0.9456264775413503,0.0,132237.0,4.192,4.152,0,B,钻潜评级策略,4.27,4.06,0.21,4.26,4.07
600606,绿地控股,1.29,2.3809523809523725,0.0,1177226.0,1.262,1.258,0,B,钻潜评级策略,1.28,1.22,0.06,1.28,1.22
600605,汇通能源,24.04,-2.6720647773279316,0.0,28800.0,24.818,26.420499999999997,0,B,钻潜评级策略,27.88,26.45,1.43,27.82,26.5
600609,金杯汽车,3.27,1.869158878504673,0.0,156464.0,3.2060000000000004,3.1795,0,B,钻潜评级策略,3.25,3.07,0.18,3.24,3.08
600613,神奇制药,4.88,0.6185567010309256,0.0,69344.0,4.822000000000001,4.819000000000001,0,B,钻潜评级策略,4.93,4.68,0.25,4.92,4.69
600612,老凤祥,35.54,2.0384725811082527,0.0,21985.0,34.608000000000004,34.555,0,B,钻潜评级策略,35.16,33.7,1.46,35.09,33.77
600616,金枫酒业,4.04,2.538071065989844,0.0,98669.0,3.912,3.9254999999999995,0,B,钻潜评级策略,3.96,3.77,0.19,3.95,3.78
600617,国新能源,3.42,-6.557377049180335,0.0,1951222.0,3.4560000000000004,2.978,0,B,钻潜评级策略,2.98,2.82,0.16,2.97,2.83
600618,氯碱化工,10.36,4.330312185297069,0.0,113392.0,10.068000000000001,10.086500000000001,0,B,钻潜评级策略,10.19,9.67,0.52,10.17,9.69
600622,光大嘉宝,2.08,1.9607843137254832,0.0,300802.0,2.036,2.0164999999999997,0,B,钻潜评级策略,2.09,1.99,0.1,2.09,1.99
600620,天宸股份,4.05,2.2727272727272707,0.0,55610.0,3.942,3.9800000000000004,0,B,钻潜评级策略,3.98,3.8,0.18,3.97,3.81
600623,华谊集团,8.11,3.1806615776081237,0.0,178551.0,8.062000000000001,8.169,0,B,钻潜评级策略,8.19,7.81,0.38,8.17,7.83
600624,ST复华,3.59,0.8426966292134797,0.0,38996.0,3.528,3.5870000000000006,0,B,钻潜评级策略,3.44,3.25,0.19,3.43,3.26
600628,新世界,6.01,1.6920473773265554,0.0,63399.0,5.882,5.88,0,B,钻潜评级策略,5.95,5.72,0.23,5.94,5.73
600626,申达股份,3.41,3.0211480362537735,0.0,110145.0,3.2840000000000003,3.247,0,B,钻潜评级策略,3.32,3.15,0.17,3.31,3.16
600635,大众公用,4.56,2.4719101123595433,0.0,452316.0,4.491999999999999,4.405,0,B,钻潜评级策略,4.5,4.27,0.23,4.49,4.28
600637,东方明珠,7.99,0.0,0.0,590112.0,7.836,7.8625,0,B,钻潜评级策略,7.88,7.53,0.35,7.86,7.55
600638,新黄浦,4.88,6.783369803063444,0.0,224037.0,4.566,4.5145,0,B,钻潜评级策略,4.55,4.32,0.23,4.54,4.33
600633,浙数文化,10.54,3.2321253672869643,0.0,257412.0,10.349999999999998,10.402000000000001,0,B,钻潜评级策略,10.71,10.21,0.5,10.69,10.23
600640,国脉文化,10.5,2.739726027397249,0.0,72566.0,10.144,10.142,0,B,钻潜评级策略,10.42,9.93,0.49,10.4,9.95
600643,爱建集团,3.96,2.590673575129543,0.0,166028.0,3.8560000000000003,3.8714999999999997,0,B,钻潜评级策略,4.06,3.86,0.2,4.05,3.87
600649,城投控股,3.69,1.6528925619834656,0.0,176066.0,3.6100000000000003,3.589,0,B,钻潜评级策略,3.66,3.48,0.18,3.65,3.49
600650,锦江在线,10.15,1.60160160160161,0.0,34369.0,9.977999999999998,9.924000000000001,0,B,钻潜评级策略,10.08,9.59,0.49,10.06,9.61
600651,飞乐音响,5.38,0.3731343283581934,0.0,199591.0,5.236,5.359999999999999,0,B,钻潜评级策略,5.71,5.43,0.28,5.7,5.44
600655,豫园股份,4.55,2.2471910112359383,0.0,174154.0,4.446,4.382,0,B,钻潜评级策略,4.48,4.3,0.18,4.47,4.31
600657,信达地产,2.54,3.2520325203251987,0.0,218306.0,2.448,2.3965,0,B,钻潜评级策略,2.39,2.28,0.11,2.39,2.28
600661,昂立教育,8.15,1.8750000000000044,0.0,151171.0,7.848000000000001,7.586999999999999,0,B,钻潜评级策略,7.81,7.42,0.39,7.79,7.43
600662,外服控股,4.42,2.0785219399538146,0.0,171383.0,4.2940000000000005,4.1915000000000004,0,B,钻潜评级策略,4.34,4.11,0.23,4.33,4.12
600663,陆家嘴,7.53,2.309782608695654,0.0,170241.0,7.160000000000001,6.7495,0,B,钻潜评级策略,7.09,6.79,0.3,7.08,6.8
600671,天目药业,20.66,0.3399708596405926,0.0,33650.0,20.122,19.7255,0,B,钻潜评级策略,0.0,0.0,0.0,0.0,0.0
600676,久事动娱,6.74,3.3742331288343586,0.0,158364.0,6.6,6.742,0,B,钻潜评级策略,7.28,6.92,0.36,7.27,6.93
600682,南京新百,5.54,2.02578268876612,0.0,133708.0,5.442,5.446,0,B,钻潜评级策略,5.56,5.35,0.21,5.55,5.36
600681,百川能源,3.44,1.775147928994092,0.0,186318.0,3.3880000000000003,3.3920000000000003,0,B,钻潜评级策略,3.56,3.37,0.19,3.55,3.38
600684,珠江股份,3.44,0.8797653958944274,0.0,169709.0,3.3579999999999997,3.1475,0,B,钻潜评级策略,3.04,2.88,0.16,3.03,2.89
600685,中船防务,26.44,3.4024247164646138,0.0,152896.0,25.974,25.926499999999997,0,B,钻潜评级策略,25.6,24.4,1.2,25.55,24.45
600688,上海石化,2.82,2.1739130434782705,0.0,766580.0,2.7960000000000003,2.8415,0,B,钻潜评级策略,2.84,2.71,0.13,2.83,2.72
600691,潞化科技,2.42,2.9787234042553123,0.0,349977.0,2.368,2.2990000000000004,0,B,钻潜评级策略,2.38,2.27,0.11,2.38,2.27
600693,东百集团,9.47,9.988385598141702,0.0,1194373.0,8.262,8.025,0,B,钻潜评级策略,8.02,7.6,0.42,8.0,7.62
600694,大商股份,14.53,1.679496151154658,0.0,44395.0,14.274000000000001,14.2775,0,B,钻潜评级策略,14.63,13.85,0.78,14.6,13.88
600697,欧亚集团,9.93,2.5826446280991844,0.0,36664.0,9.605999999999998,9.7795,0,B,钻潜评级策略,9.67,9.18,0.49,9.65,9.2
600698,湖南天雁,6.54,1.3953488372093092,0.0,401263.0,6.626,5.9975,0,B,钻潜评级策略,5.89,5.6,0.29,5.88,5.61
600702,舍得酒业,34.08,1.2477718360071277,0.0,92852.0,33.532,33.946999999999996,0,B,钻潜评级策略,0.0,0.0,0.0,0.0,0.0
600706,曲江文旅,7.25,1.8258426966292207,0.0,87297.0,6.958,6.893000000000001,0,B,钻潜评级策略,0.0,0.0,0.0,0.0,0.0
600710,苏美达,11.08,5.523809523809531,0.0,191208.0,10.708000000000002,10.347999999999999,0,B,钻潜评级策略,10.95,10.42,0.53,10.93,10.44
600708,光明地产,3.06,1.324503311258285,0.0,107697.0,2.982,3.1290000000000004,0,B,钻潜评级策略,3.0,2.88,0.12,2.99,2.89
600712,南宁百货,4.77,3.0237580993520474,0.0,127434.0,4.596,4.7125,0,B,钻潜评级策略,0.0,0.0,0.0,0.0,0.0
600715,文投控股,1.55,1.9736842105263275,0.0,340321.0,1.506,1.5085000000000002,0,B,钻潜评级策略,1.51,1.44,0.07,1.51,1.44
600713,南京医药,5.05,1.0000000000000009,0.0,97302.0,4.988,5.1034999999999995,0,B,钻潜评级策略,5.07,4.86,0.21,5.06,4.87
600716,凤凰股份,3.37,4.334365325077405,0.0,86212.0,3.184,3.272,0,B,钻潜评级策略,3.14,2.97,0.17,3.13,2.98
600718,东软集团,8.25,-0.1210653753026647,0.0,139844.0,8.154,7.7705,0,B,钻潜评级策略,8.22,7.82,0.4,8.2,7.84
600721,百花医药,7.06,-0.14144271570014633,0.0,183172.0,6.936,7.016,0,B,钻潜评级策略,0.0,0.0,0.0,0.0,0.0
600720,中交设计,5.24,2.144249512670582,0.0,96247.0,5.152,5.1045,0,B,钻潜评级策略,5.28,5.06,0.22,5.27,5.07
600725,云维股份,3.26,2.1943573667711602,0.0,153708.0,3.1879999999999997,3.151,0,B,钻潜评级策略,0.0,0.0,0.0,0.0,0.0
600727,鲁北化工,7.33,0.5486968449931462,0.0,164805.0,7.244,6.9575000000000005,0,B,钻潜评级策略,0.0,0.0,0.0,0.0,0.0
600728,佳都科技,4.64,3.5714285714285587,0.0,522271.0,4.486,4.308,0,B,钻潜评级策略,4.53,4.32,0.21,4.52,4.33
600729,重百集团,20.65,2.481389578163773,0.0,46081.0,20.09,19.8435,0,B,钻潜评级策略,20.28,19.54,0.74,20.24,19.58
600732,爱旭股份,12.05,0.8368200836820217,0.0,249183.0,11.764,12.0435,0,B,钻潜评级策略,0.0,0.0,0.0,0.0,0.0
600733,北汽蓝谷,5.74,9.961685823754806,0.0,1314532.0,5.082,4.785,0,B,钻潜评级策略,4.83,4.57,0.26,4.82,4.58
600735,ST新华锦,6.18,-0.48309178743961567,0.0,27000.0,6.212,6.208,0,B,钻潜评级策略,6.31,6.09,0.22,6.3,6.1
600738,丽尚国潮,3.85,2.941176470588225,0.0,116809.0,3.718,3.7650000000000006,0,B,钻潜评级策略,3.77,3.57,0.2,3.76,3.58
600740,山西焦化,3.61,2.556818181818188,0.0,327933.0,3.5379999999999994,3.4435000000000002,0,B,钻潜评级策略,0.0,0.0,0.0,0.0,0.0
600743,华远控股,2.17,-0.4587155963302836,0.0,278827.0,2.114,2.081,0,B,钻潜评级策略,0.0,0.0,0.0,0.0,0.0
600749,西藏旅游,13.54,0.5943536404160454,0.0,68218.0,13.459999999999999,13.957500000000001,0,B,钻潜评级策略,13.73,13.06,0.67,13.7,13.09
600751,海航科技,3.01,1.3468013468013407,0.0,263884.0,2.96,2.883,0,B,钻潜评级策略,2.92,2.77,0.15,2.91,2.78
600754,锦江酒店,19.23,1.6384778012684897,0.0,178309.0,18.574,18.247000000000003,0,B,钻潜评级策略,18.94,17.97,0.97,18.9,18.01
600755,厦门国贸,5.83,1.5679442508710784,0.0,160911.0,5.7700000000000005,5.8045,0,B,钻潜评级策略,5.86,5.66,0.2,5.85,5.67
600756,浪潮软件,15.88,3.183885640025985,0.0,653094.0,14.784,13.913499999999999,0,B,钻潜评级策略,0.0,0.0,0.0,0.0,0.0
600760,中航沈飞,43.85,0.8973768982972752,0.0,161195.0,43.444,41.277,0,B,钻潜评级策略,44.25,42.22,2.03,44.16,42.3
600763,通策医疗,35.88,3.6994219653179172,0.0,110011.0,34.948,35.0895,0,B,钻潜评级策略,36.23,34.71,1.52,36.16,34.78
600761,安徽合力,18.2,4.899135446685876,0.0,254320.0,17.374000000000002,16.801,0,B,钻潜评级策略,17.51,16.69,0.82,17.48,16.72
600764,中国海防,18.52,1.758241758241752,0.0,76906.0,18.264,17.8745,0,B,钻潜评级策略,17.78,16.99,0.79,17.74,17.02
600765,中航重机,13.52,1.501501501501501,0.0,163088.0,13.386000000000001,13.127500000000001,0,B,钻潜评级策略,13.64,13.05,0.59,13.61,13.08
600771,广誉远,14.64,2.4492652204338716,0.0,80634.0,14.356,14.535,0,B,钻潜评级策略,0.0,0.0,0.0,0.0,0.0
600774,汉商集团,6.38,1.9169329073482455,0.0,48660.0,6.1979999999999995,6.439,0,B,钻潜评级策略,0.0,0.0,0.0,0.0,0.0
600778,友好集团,5.08,3.2520325203251987,0.0,84329.0,4.878,4.975,0,B,钻潜评级策略,0.0,0.0,0.0,0.0,0.0
600779,水井坊,28.06,1.482820976491861,0.0,49449.0,27.506,27.506999999999998,0,B,钻潜评级策略,28.01,26.59,1.42,27.95,26.64
600780,通宝能源,6.02,1.8612521150592087,0.0,135472.0,6.061999999999999,5.993,0,B,钻潜评级策略,5.93,5.67,0.26,5.92,5.68
600782,新钢股份,2.9,4.316546762589923,0.0,738605.0,2.812,2.712,0,B,钻潜评级策略,2.64,2.5,0.14,2.63,2.51
600784,鲁银投资,7.06,0.28409090909089496,0.0,91695.0,7.052,7.278999999999999,0,B,钻潜评级策略,7.29,6.92,0.37,7.28,6.93
600789,鲁抗医药,7.38,0.9575923392612928,0.0,185959.0,7.3,7.131,0,B,钻潜评级策略,7.43,7.07,0.36,7.42,7.08
600792,云煤能源,3.5,2.941176470588247,0.0,193651.0,3.4299999999999997,3.3200000000000003,0,B,钻潜评级策略,3.36,3.18,0.18,3.35,3.19
600796,钱江生化,4.85,2.320675105485215,0.0,88712.0,4.776000000000001,4.7905,0,B,钻潜评级策略,4.88,4.62,0.26,4.87,4.63
600795,国电电力,4.97,2.4742268041237248,0.0,1764206.0,4.936,4.796,0,B,钻潜评级策略,5.06,4.8,0.26,5.05,4.81
600798,宁波海运,3.2,1.2658227848101333,0.0,105619.0,3.1740000000000004,3.11,0,B,钻潜评级策略,3.17,3.0,0.17,3.16,3.01
600803,新奥股份,17.86,4.444444444444429,0.0,113900.0,17.412,16.6305,0,B,钻潜评级策略,16.6,15.77,0.83,16.57,15.8
600807,济高发展,2.44,1.6666666666666607,0.0,153104.0,2.384,2.381,0,B,钻潜评级策略,2.39,2.28,0.11,2.39,2.28
600810,神马股份,6.37,0.6319115323854652,0.0,118049.0,6.35,6.092499999999999,0,B,钻潜评级策略,6.47,6.16,0.31,6.46,6.17
600809,山西汾酒,128.21,1.5524752475247539,0.0,152828.0,124.21199999999999,116.226,0,B,钻潜评级策略,125.25,118.78,6.47,125.0,119.02
600814,杭州解百,6.53,1.8720748829953227,0.0,61426.0,6.382000000000001,6.397,0,B,钻潜评级策略,6.45,6.17,0.28,6.44,6.18
600816,建元信托,2.53,2.4291497975708287,0.0,764684.0,2.476,2.4435,0,B,钻潜评级策略,2.52,2.39,0.13,2.51,2.39
600818,ST中路,5.92,0.0,0.0,48649.0,5.854,5.801,0,B,钻潜评级策略,5.84,5.54,0.3,5.83,5.55
600822,上海物贸,8.12,1.6270337922402955,0.0,24917.0,7.953999999999999,7.978,0,B,钻潜评级策略,8.08,7.73,0.35,8.06,7.75
600824,益民集团,3.51,1.7391304347825987,0.0,94287.0,3.434,3.4455,0,B,钻潜评级策略,3.48,3.3,0.18,3.47,3.31
600825,新华传媒,4.84,2.325581395348819,0.0,103232.0,4.718,4.782500000000001,0,B,钻潜评级策略,4.8,4.55,0.25,4.79,4.56
600826,兰生股份,7.74,-2.518891687657432,0.0,78897.0,7.606,8.3805,0,B,钻潜评级策略,9.21,8.73,0.48,9.19,8.75
600829,人民同泰,9.05,-2.162162162162151,0.0,212847.0,9.046000000000001,8.7905,0,B,钻潜评级策略,0.0,0.0,0.0,0.0,0.0
600830,香溢融通,7.99,1.3959390862944288,0.0,50851.0,7.837999999999999,7.949000000000001,0,B,钻潜评级策略,7.94,7.58,0.36,7.92,7.6
600833,第一医药,9.58,1.0548523206751037,0.0,32012.0,9.468,9.627,0,B,钻潜评级策略,9.7,9.2,0.5,9.68,9.22
600838,上海九百,7.11,3.04347826086957,0.0,91687.0,6.843999999999999,7.0105,0,B,钻潜评级策略,6.92,6.59,0.33,6.91,6.6
600839,四川长虹,6.79,1.9519519519519468,0.0,730407.0,6.744,6.897500000000001,0,B,钻潜评级策略,6.81,6.5,0.31,6.8,6.51
600846,同济科技,11.78,-2.564102564102566,0.0,96552.0,11.504,11.2945,0,B,钻潜评级策略,0.0,0.0,0.0,0.0,0.0
600848,上海临港,8.44,2.1791767554479424,0.0,110038.0,8.207999999999998,7.964,0,B,钻潜评级策略,8.29,7.98,0.31,8.27,8.0
600851,海欣股份,7.77,1.303780964797907,0.0,89436.0,7.658000000000001,8.346,0,B,钻潜评级策略,0.0,0.0,0.0,0.0,0.0
600853,龙建股份,3.17,1.6025641025640969,0.0,88918.0,3.1239999999999997,3.1335,0,B,钻潜评级策略,3.21,3.05,0.16,3.2,3.06
600858,银座股份,4.7,2.6200873362445476,0.0,83754.0,4.5600000000000005,4.5895,0,B,钻潜评级策略,4.62,4.39,0.23,4.61,4.4
600859,王府井,10.17,2.831142568250744,0.0,239989.0,9.828,9.661,0,B,钻潜评级策略,9.92,9.47,0.45,9.9,9.49
600862,中航高科,18.6,3.678929765886285,0.0,175973.0,18.192,18.8155,0,B,钻潜评级策略,19.14,18.13,1.01,19.1,18.17
600864,哈投股份,5.43,2.6465028355387554,0.0,349467.0,5.358,5.3305,0,B,钻潜评级策略,5.47,5.21,0.26,5.46,5.22
600865,百大集团,8.54,4.656862745098023,0.0,181401.0,8.046000000000001,8.218,0,B,钻潜评级策略,8.0,7.62,0.38,7.98,7.64
600866,星湖科技,4.62,1.5384615384615552,0.0,191956.0,4.548,4.7315,0,B,钻潜评级策略,5.19,4.92,0.27,5.18,4.93
600867,通化东宝,8.43,2.1818181818181737,0.0,363665.0,8.128,8.1955,0,B,钻潜评级策略,8.36,7.95,0.41,8.34,7.97
600871,石化油服,2.2,1.85185185185186,0.0,1216197.0,2.1979999999999995,2.1189999999999998,0,B,钻潜评级策略,2.12,2.02,0.1,2.12,2.02
600873,梅花生物,8.22,0.24390243902441266,0.0,356252.0,8.291999999999998,8.313500000000001,0,B,钻潜评级策略,8.56,8.18,0.38,8.54,8.2
600883,博闻科技,6.8,2.564102564102555,0.0,38356.0,6.593999999999999,6.873,0,B,钻潜评级策略,7.48,7.14,0.34,7.47,7.15
600881,亚泰集团,1.89,4.41988950276242,0.0,2791070.0,1.754,1.655,0,B,钻潜评级策略,1.51,1.44,0.07,1.51,1.44
600885,宏发股份,33.98,2.1033653846153744,0.0,183565.0,34.33,34.575,0,B,钻潜评级策略,0.0,0.0,0.0,0.0,0.0
600889,*ST京化,13.31,-0.15003750937734317,0.0,20478.0,13.504000000000001,14.9395,0,B,钻潜评级策略,13.78,13.07,0.71,13.75,13.1
600892,大晟文化,3.29,1.5432098765431945,0.0,70792.0,3.162,3.2895000000000003,0,B,钻潜评级策略,3.14,2.97,0.17,3.13,2.98
600894,广日股份,7.8,2.3622047244094446,0.0,57874.0,7.614,7.656499999999999,0,B,钻潜评级策略,7.87,7.46,0.41,7.85,7.47
600895,张江高科,31.35,0.9987113402061931,0.0,903722.0,29.18,31.795499999999997,0,B,钻潜评级策略,28.73,27.35,1.38,28.67,27.4
600916,中国黄金,7.57,0.9333333333333416,0.0,265352.0,7.418000000000001,7.2219999999999995,0,B,钻潜评级策略,7.54,7.19,0.35,7.52,7.2
600927,永安期货,13.0,4.2502004811547645,0.0,107296.0,12.684000000000001,12.777,0,B,钻潜评级策略,12.95,12.32,0.63,12.92,12.34
600935,华塑股份,2.27,0.8888888888888946,0.0,157641.0,2.246,2.2485,0,B,钻潜评级策略,2.29,2.2,0.09,2.29,2.2
600938,中国海油,31.48,0.5108556832694733,0.0,449118.0,31.85,29.8435,0,B,钻潜评级策略,30.01,28.64,1.37,29.95,28.7
600936,北投科技,5.16,0.9784735812133016,0.0,670951.0,5.098000000000001,4.7219999999999995,0,B,钻潜评级策略,5.18,4.92,0.26,5.17,4.93
600933,爱柯迪,13.37,4.61658841940531,0.0,183276.0,12.988,13.681000000000001,0,B,钻潜评级策略,13.25,12.68,0.57,13.22,12.71
600956,新天绿能,7.36,1.939058171745156,0.0,87429.0,7.312,7.100499999999999,0,B,钻潜评级策略,7.35,7.01,0.34,7.34,7.02
600959,江苏有线,3.06,0.990099009900991,0.0,315261.0,3.0300000000000002,2.9925,0,B,钻潜评级策略,3.09,2.95,0.14,3.08,2.96
600960,渤海汽车,3.9,4.557640750670244,0.0,164579.0,3.692,3.7724999999999995,0,B,钻潜评级策略,0.0,0.0,0.0,0.0,0.0
600965,*ST福成,2.58,3.6144578313253017,0.0,55848.0,2.4859999999999998,2.5955,0,B,钻潜评级策略,2.48,2.37,0.11,2.48,2.37
600966,博汇纸业,4.71,0.21276595744681437,0.0,124574.0,4.604000000000001,4.7355,0,B,钻潜评级策略,4.62,4.41,0.21,4.61,4.42
600968,海油发展,3.87,4.0322580645161255,0.0,611854.0,3.804,3.6565,0,B,钻潜评级策略,3.76,3.59,0.17,3.75,3.6
600967,内蒙一机,11.48,1.7730496453900901,0.0,324068.0,11.472,10.803,0,B,钻潜评级策略,10.59,10.07,0.52,10.57,10.09
600970,中材国际,7.92,2.457956015523921,0.0,240237.0,7.803999999999999,7.478999999999999,0,B,钻潜评级策略,8.0,7.62,0.38,7.98,7.64
600971,恒源煤电,7.83,2.6212319790301475,0.0,167095.0,7.725999999999999,7.502,0,B,钻潜评级策略,7.24,6.89,0.35,7.23,6.9
600973,宝胜股份,5.85,1.2110726643598468,0.0,165853.0,5.779999999999999,5.9045,0,B,钻潜评级策略,0.0,0.0,0.0,0.0,0.0
600977,中国电影,12.44,2.809917355371905,0.0,476732.0,12.308,12.847,0,B,钻潜评级策略,12.6,11.98,0.62,12.57,12.0
600976,健民集团,27.82,1.532846715328473,0.0,18751.0,27.842000000000002,28.434999999999995,0,B,钻潜评级策略,28.22,26.79,1.43,28.16,26.84
600983,惠而浦,7.82,2.759526938239154,0.0,44294.0,7.526000000000001,7.3675,0,B,钻潜评级策略,7.5,7.11,0.39,7.49,7.12
600981,苏豪汇鸿,2.29,1.7777777777777892,0.0,205809.0,2.244,2.241,0,B,钻潜评级策略,2.26,2.15,0.11,2.26,2.15
600985,淮北矿业,15.34,5.574673090158289,0.0,263638.0,14.947999999999999,14.672,0,B,钻潜评级策略,0.0,0.0,0.0,0.0,0.0
600987,航民股份,6.67,1.3677811550151908,0.0,55429.0,6.558,6.502,0,B,钻潜评级策略,6.71,6.38,0.33,6.7,6.39
600989,宝丰能源,23.26,1.3949433304272008,0.0,635695.0,23.34,21.863000000000003,0,B,钻潜评级策略,0.0,0.0,0.0,0.0,0.0
600995,南网储能,12.83,2.4760383386581486,0.0,169302.0,12.746,12.259,0,B,钻潜评级策略,12.22,11.65,0.57,12.2,11.67
600997,开滦股份,5.37,3.2692307692307576,0.0,104947.0,5.294,5.2235,0,B,钻潜评级策略,5.46,5.2,0.26,5.45,5.21
600999,招商证券,17.68,1.5508328546812056,0.0,773307.0,18.21,19.803500000000003,0,B,钻潜评级策略,19.32,18.38,0.94,19.28,18.42
601002,晋亿实业,4.89,1.6632016632016633,0.0,147538.0,4.8100000000000005,4.67,0,B,钻潜评级策略,4.78,4.55,0.23,4.77,4.56
601003,柳钢股份,3.81,10.115606936416178,0.0,300585.0,3.55,3.4965,0,B,钻潜评级策略,3.56,3.38,0.18,3.55,3.39
601005,重庆钢铁,1.21,1.680672268907557,0.0,954313.0,1.198,1.1844999999999999,0,B,钻潜评级策略,1.22,1.18,0.04,1.22,1.18
601007,金陵饭店,6.59,1.6975308641975273,0.0,109422.0,6.392000000000001,6.2985,0,B,钻潜评级策略,6.44,6.12,0.32,6.43,6.13
601012,隆基绿能,12.81,1.0252365930599527,0.0,1468053.0,12.67,12.2195,0,B,钻潜评级策略,12.85,12.35,0.5,12.82,12.37
601011,宝泰隆,2.57,2.39043824701195,0.0,297926.0,2.4979999999999998,2.549,0,B,钻潜评级策略,2.79,2.64,0.15,2.78,2.65
601015,陕西黑猫,3.23,1.2539184952978122,0.0,322144.0,3.188,3.066,0,B,钻潜评级策略,3.08,2.95,0.13,3.07,2.96
601019,山东出版,7.44,1.224489795918382,0.0,87112.0,7.35,7.124,0,B,钻潜评级策略,7.52,7.21,0.31,7.5,7.22
601021,春秋航空,46.09,-0.06504770164785789,0.0,75014.0,45.774,46.0345,0,B,钻潜评级策略,46.67,44.52,2.15,46.58,44.61
601026,道生天合,15.13,0.2650762094102088,0.0,54105.0,15.081999999999999,14.2965,0,B,钻潜评级策略,15.17,14.39,0.78,15.14,14.42
601058,赛轮轮胎,13.85,0.0,0.0,557214.0,13.65,13.107999999999999,0,B,钻潜评级策略,13.79,13.05,0.74,13.76,13.08
601061,中信金属,11.69,1.6521739130434643,0.0,299409.0,11.362,10.843,0,B,钻潜评级策略,0.0,0.0,0.0,0.0,0.0
601066,中信建投,25.87,1.6902515723270506,0.0,240822.0,26.148000000000003,27.166499999999996,0,B,钻潜评级策略,26.53,25.23,1.3,26.48,25.28
601068,中铝国际,4.49,2.277904328018243,0.0,138201.0,4.4079999999999995,4.3205,0,B,钻潜评级策略,4.4,4.17,0.23,4.39,4.18
601086,国芳集团,7.73,9.95732574679944,0.0,212878.0,7.066,6.9515,0,B,钻潜评级策略,7.0,6.71,0.29,6.99,6.72
601088,中国神华,45.03,-0.9022887323943629,0.0,301204.0,45.263999999999996,43.579,0,B,钻潜评级策略,46.09,43.87,2.22,46.0,43.96
601089,福元医药,17.08,1.909307875894961,0.0,28916.0,16.828,17.286,0,B,钻潜评级策略,0.0,0.0,0.0,0.0,0.0
601096,宏盛华源,4.34,4.076738609112707,0.0,361656.0,4.226,4.1795,0,B,钻潜评级策略,4.26,4.05,0.21,4.25,4.06
601100,恒立液压,102.93,-0.8381502890173365,0.0,80101.0,105.28400000000002,108.47650000000002,0,B,钻潜评级策略,107.82,102.2,5.62,107.6,102.4
601111,中国国航,6.12,0.49261083743843415,0.0,867662.0,6.068,6.0035,0,B,钻潜评级策略,6.19,5.93,0.26,6.18,5.94
601112,振石股份,14.9,-0.6004002668445585,0.0,83395.0,14.975999999999999,15.549000000000001,0,B,钻潜评级策略,15.25,14.5,0.75,15.22,14.53
601113,华鼎股份,3.38,1.1976047904191711,0.0,75146.0,3.3300000000000005,3.2965000000000004,0,B,钻潜评级策略,3.32,3.14,0.18,3.31,3.15
601117,中国化学,7.75,1.7060367454068137,0.0,789248.0,7.688,7.5634999999999994,0,B,钻潜评级策略,7.85,7.52,0.33,7.83,7.54
601121,宝地矿业,6.78,-0.14727540500736325,0.0,138276.0,6.706,6.492999999999999,0,B,钻潜评级策略,0.0,0.0,0.0,0.0,0.0
601198,东兴证券,13.73,2.615844544095669,0.0,212757.0,13.728,13.796000000000001,0,B,钻潜评级策略,14.1,13.49,0.61,14.07,13.52
601216,君正集团,4.74,2.819956616052055,0.0,965694.0,4.672,4.567,0,B,钻潜评级策略,4.53,4.29,0.24,4.52,4.3
601222,林洋能源,5.69,1.6071428571428736,0.0,218420.0,5.632,5.493499999999999,0,B,钻潜评级策略,5.67,5.39,0.28,5.66,5.4
601225,陕西煤业,24.64,0.9836065573770592,0.0,411840.0,24.709999999999997,23.85,0,B,钻潜评级策略,25.04,23.89,1.15,24.99,23.94
601233,桐昆股份,22.29,5.141509433962255,0.0,397557.0,21.728,21.505000000000003,0,B,钻潜评级策略,0.0,0.0,0.0,0.0,0.0
601238,广汽集团,5.37,3.2692307692307576,0.0,481170.0,5.216,5.143,0,B,钻潜评级策略,5.31,5.07,0.24,5.3,5.08
601279,英利汽车,3.1,2.310231023102327,0.0,114504.0,3.0100000000000002,3.024,0,B,钻潜评级策略,3.03,2.87,0.16,3.02,2.88
601311,骆驼股份,7.98,2.7027027027027195,0.0,190720.0,7.816,7.780500000000001,0,B,钻潜评级策略,8.03,7.61,0.42,8.01,7.63
601330,绿色动力,7.19,0.7002801120448376,0.0,109096.0,7.142,7.062,0,B,钻潜评级策略,7.23,6.88,0.35,7.22,6.89
601336,新华保险,62.98,0.3185727938833871,0.0,159829.0,63.58,63.763,0,B,钻潜评级策略,66.23,62.86,3.37,66.1,62.99
601339,百隆东方,8.04,0.3745318352059934,0.0,124309.0,7.965999999999999,7.660499999999999,0,B,钻潜评级策略,0.0,0.0,0.0,0.0,0.0
601360,三六零,8.79,1.2672811059907696,0.0,962165.0,8.681999999999999,8.773500000000002,0,B,钻潜评级策略,8.99,8.53,0.46,8.97,8.55
601366,利群股份,3.51,2.9325513196480912,0.0,105187.0,3.3980000000000006,3.4290000000000007,0,B,钻潜评级策略,3.46,3.27,0.19,3.45,3.28
601369,陕鼓动力,9.45,2.717391304347827,0.0,210815.0,9.168000000000001,9.0505,0,B,钻潜评级策略,9.28,8.85,0.43,9.26,8.87
601388,怡球资源,3.09,1.980198019801982,0.0,430029.0,3.05,2.943,0,B,钻潜评级策略,3.06,2.89,0.17,3.05,2.9
601390,中国中铁,4.6,1.098901098901095,0.0,1200681.0,4.558,4.4030000000000005,0,B,钻潜评级策略,4.64,4.48,0.16,4.63,4.49
601399,国机重装,3.31,2.160493827160481,0.0,875864.0,3.214,3.181,0,B,钻潜评级策略,3.14,3.01,0.13,3.13,3.02
601567,三星电气,16.12,6.262359920896521,0.0,328392.0,15.372,14.403,0,B,钻潜评级策略,15.04,14.25,0.79,15.01,14.28
601568,北元化工,3.66,2.2346368715083775,0.0,214691.0,3.6080000000000005,3.5360000000000005,0,B,钻潜评级策略,3.68,3.51,0.17,3.67,3.52
601579,会稽山,15.04,4.662491301322191,0.0,124247.0,14.382,14.559999999999999,0,B,钻潜评级策略,14.54,13.8,0.74,14.51,13.83
601588,北辰实业,1.69,1.8072289156626509,0.0,314019.0,1.65,1.6310000000000002,0,B,钻潜评级策略,1.67,1.59,0.08,1.67,1.59
601599,浙文影业,2.98,1.3605442176870763,0.0,185771.0,2.9240000000000004,2.9050000000000002,0,B,钻潜评级策略,2.95,2.81,0.14,2.94,2.82
601600,中国铝业,9.52,1.7094017094017033,0.0,2244032.0,9.496,8.809000000000001,0,B,钻潜评级策略,8.4,7.98,0.42,8.38,8.0
601601,中国太保,31.93,0.7255520504731772,0.0,481843.0,32.001999999999995,30.7445,0,B,钻潜评级策略,30.11,28.77,1.34,30.05,28.83
601608,中信重工,4.61,2.444444444444449,0.0,545979.0,4.544,4.7365,0,B,钻潜评级策略,4.68,4.44,0.24,4.67,4.45
601611,中国核建,10.52,2.634146341463417,0.0,382308.0,10.292,10.1825,0,B,钻潜评级策略,10.45,9.9,0.55,10.43,9.92
601619,嘉泽新能,4.66,4.484304932735439,0.0,692716.0,4.536,4.287000000000001,0,B,钻潜评级策略,4.26,4.04,0.22,4.25,4.05
601628,中国人寿,39.38,-2.0398009950248763,0.0,381389.0,40.269999999999996,39.1805,0,B,钻潜评级策略,38.08,36.26,1.82,38.0,36.33
601666,平煤股份,8.14,6.127770534550203,0.0,478123.0,7.88,7.827000000000001,0,B,钻潜评级策略,0.0,0.0,0.0,0.0,0.0
601669,中国电建,4.82,1.048218029350112,0.0,1064122.0,4.808,4.755,0,B,钻潜评级策略,4.93,4.71,0.22,4.92,4.72
601677,明泰铝业,16.46,4.574332909783996,0.0,415482.0,16.058,15.854,0,B,钻潜评级策略,16.11,15.39,0.72,16.08,15.42
601678,滨化股份,6.57,1.0769230769230864,0.0,2530335.0,6.578,5.968500000000001,0,B,钻潜评级策略,5.23,5.0,0.23,5.22,5.01
601688,华泰证券,20.16,0.34843205574912606,0.0,650578.0,20.356,20.451,0,B,钻潜评级策略,20.94,19.98,0.96,20.9,20.02
601700,风范股份,4.86,1.0395010395010562,0.0,270136.0,4.88,4.6075,0,B,钻潜评级策略,4.98,4.74,0.24,4.97,4.75
601699,潞安环能,15.45,4.959239130434767,0.0,408307.0,15.278,15.040000000000001,0,B,钻潜评级策略,0.0,0.0,0.0,0.0,0.0
601717,中创智领,15.91,3.110823071937796,0.0,232348.0,15.544,15.005,0,B,钻潜评级策略,15.84,15.06,0.78,15.81,15.09
601727,上海电气,6.97,1.751824817518255,0.0,1817990.0,6.741999999999999,6.6865,0,B,钻潜评级策略,6.63,6.32,0.31,6.62,6.33
601728,中国电信,6.24,-0.952380952380949,0.0,1301198.0,6.172,5.859,0,B,钻潜评级策略,5.72,5.44,0.28,5.71,5.45
601798,蓝科高新,7.47,1.9099590723055782,0.0,66576.0,7.25,7.07,0,B,钻潜评级策略,0.0,0.0,0.0,0.0,0.0
601808,中海油服,12.32,2.4958402662229595,0.0,195435.0,12.242,11.726,0,B,钻潜评级策略,11.96,11.35,0.61,11.94,11.37
601811,新华文轩,12.33,2.3236514522821494,0.0,35995.0,12.16,11.872,0,B,钻潜评级策略,12.45,11.93,0.52,12.43,11.95
601857,中国石油,10.89,-1.8918918918918837,0.0,1683810.0,10.959999999999999,10.065000000000001,0,B,钻潜评级策略,9.03,8.57,0.46,9.01,8.59
601866,中远海发,2.44,0.8264462809917328,0.0,821662.0,2.432,2.3655,0,B,钻潜评级策略,2.47,2.38,0.09,2.47,2.38
601868,中国能建,2.56,1.1857707509881577,0.0,2679559.0,2.57,2.5635,0,B,钻潜评级策略,2.67,2.53,0.14,2.66,2.54
601877,正泰电器,24.84,2.5598678777869477,0.0,217903.0,24.708,24.3675,0,B,钻潜评级策略,24.69,23.43,1.26,24.64,23.48
601886,江河集团,8.65,1.6451233842538215,0.0,43632.0,8.454,8.1125,0,B,钻潜评级策略,8.77,8.31,0.46,8.75,8.33
601888,中国中免,57.38,3.3687623851558435,0.0,578596.0,55.153999999999996,53.496,0,B,钻潜评级策略,55.81,52.91,2.9,55.7,53.02
601882,海天精工,19.23,2.1785334750265672,0.0,55069.0,18.512,18.9885,0,B,钻潜评级策略,18.49,17.59,0.9,18.45,17.63
601890,亚星锚链,8.54,1.7878426698450411,0.0,189096.0,8.394,8.226,0,B,钻潜评级策略,8.49,8.04,0.45,8.47,8.06
601898,中煤能源,13.85,0.9475218658892004,0.0,406363.0,13.87,13.303,0,B,钻潜评级策略,0.0,0.0,0.0,0.0,0.0
601900,南方传媒,11.7,2.4518388791593626,0.0,74889.0,11.418,11.511,0,B,钻潜评级策略,11.54,11.09,0.45,11.52,11.11
601899,紫金矿业,32.15,1.451562006942253,0.0,2156163.0,32.036,29.375999999999998,0,B,钻潜评级策略,32.51,30.91,1.6,32.45,30.97
601918,新集能源,9.83,1.5495867768595017,0.0,329274.0,9.886,9.774000000000001,0,B,钻潜评级策略,0.0,0.0,0.0,0.0,0.0
601933,永辉超市,3.17,2.5889967637540368,0.0,2187236.0,3.092,3.101,0,B,钻潜评级策略,3.14,3.02,0.12,3.13,3.03
601949,中国出版,5.27,3.944773175542382,0.0,180215.0,5.07,4.9735,0,B,钻潜评级策略,5.12,4.9,0.22,5.11,4.91
601956,东贝集团,4.67,1.3015184381778733,0.0,53623.0,4.5600000000000005,4.6435,0,B,钻潜评级策略,4.53,4.32,0.21,4.52,4.33
601965,中国汽研,14.67,3.3826638477801207,0.0,103575.0,14.185999999999998,13.0215,0,B,钻潜评级策略,13.01,12.35,0.66,12.98,12.37
601968,宝钢包装,4.45,4.460093896713624,0.0,188198.0,4.252000000000001,4.226999999999999,0,B,钻潜评级策略,4.29,4.09,0.2,4.28,4.1
601992,金隅集团,1.41,1.4388489208633004,0.0,455588.0,1.396,1.3925,0,B,钻潜评级策略,1.42,1.37,0.05,1.42,1.37
601999,出版传媒,5.82,2.1052631578947434,0.0,47717.0,5.706,5.764,0,B,钻潜评级策略,5.8,5.51,0.29,5.79,5.52
603000,人民网,15.89,1.5984654731457715,0.0,139145.0,15.588,15.431000000000001,0,B,钻潜评级策略,16.11,15.4,0.71,16.08,15.43
603004,鼎龙科技,17.84,-1.5995587424158852,0.0,37620.0,17.65,20.22,0,B,钻潜评级策略,0.0,0.0,0.0,0.0,0.0
603008,ST喜临门,7.84,1.2919896640826822,0.0,43926.0,7.698,7.9670000000000005,0,B,钻潜评级策略,7.78,7.42,0.36,7.76,7.43
603012,创力集团,7.98,1.0126582278481067,0.0,106867.0,8.058,8.229000000000001,0,B,钻潜评级策略,8.11,7.82,0.29,8.09,7.84
603013,亚普股份,16.9,4.903786468032267,0.0,47612.0,16.054,16.228,0,B,钻潜评级策略,16.01,15.25,0.76,15.98,15.28
603019,中科曙光,86.64,-5.928338762214979,0.0,750392.0,94.16,96.8575,0,B,钻潜评级策略,0.0,0.0,0.0,0.0,0.0
603021,*ST华鹏,6.85,1.3313609467455523,0.0,36091.0,6.794,6.9975000000000005,0,B,钻潜评级策略,0.0,0.0,0.0,0.0,0.0
603025,大豪科技,13.28,3.8311180609851503,0.0,115581.0,12.709999999999999,12.9685,0,B,钻潜评级策略,12.85,12.2,0.65,12.82,12.22
603027,千禾味业,7.79,5.698778833107188,0.0,340789.0,7.3180000000000005,7.252000000000001,0,B,钻潜评级策略,7.35,6.99,0.36,7.34,7.0
603043,广州酒家,13.93,3.18518518518518,0.0,45720.0,13.338,13.357,0,B,钻潜评级策略,13.63,12.94,0.69,13.6,12.97
603051,鹿山新材,18.0,0.44642857142855874,0.0,46068.0,17.904,20.378,0,B,钻潜评级策略,0.0,0.0,0.0,0.0,0.0
603055,台华新材,8.54,2.891566265060219,0.0,69982.0,8.342,8.4915,0,B,钻潜评级策略,8.59,8.13,0.46,8.57,8.15
603057,紫燕食品,22.45,9.995100440960304,0.0,32293.0,20.372000000000003,21.347,0,B,钻潜评级策略,20.04,19.06,0.98,20.0,19.1
603068,博通集成,39.72,9.997230684021051,0.0,114866.0,36.480000000000004,37.528999999999996,0,B,钻潜评级策略,0.0,0.0,0.0,0.0,0.0
603077,和邦生物,2.36,2.60869565217392,0.0,1688178.0,2.336,2.277,0,B,钻潜评级策略,2.33,2.22,0.11,2.33,2.22
603080,新疆火炬,18.15,1.3966480446927276,0.0,12810.0,17.934,18.8155,0,B,钻潜评级策略,18.38,17.42,0.96,18.34,17.45
603086,先达股份,5.31,1.9193857965450922,0.0,66970.0,5.188000000000001,5.314,0,B,钻潜评级策略,5.25,4.99,0.26,5.24,5.0
603096,新经典,14.08,2.8487947406866443,0.0,18294.0,13.524000000000001,13.716,0,B,钻潜评级策略,14.0,13.29,0.71,13.97,13.32
603099,长白山,37.76,2.386117136659416,0.0,73747.0,36.902,36.0235,0,B,钻潜评级策略,37.65,35.71,1.94,37.57,35.78
603100,川仪股份,18.2,3.350369108461093,0.0,70223.0,17.621999999999996,17.5185,0,B,钻潜评级策略,17.71,16.98,0.73,17.67,17.01
603106,恒银科技,6.73,1.2030075187969835,0.0,75089.0,6.5,6.6259999999999994,0,B,钻潜评级策略,6.51,6.19,0.32,6.5,6.2
603109,神驰机电,16.55,2.7312228429546836,0.0,18167.0,16.056,16.4565,0,B,钻潜评级策略,16.26,15.42,0.84,16.23,15.45
603110,东方材料,21.26,0.8538899430740265,0.0,127701.0,20.238,21.267000000000003,0,B,钻潜评级策略,0.0,0.0,0.0,0.0,0.0
603123,翠微股份,9.12,0.9966777408637828,0.0,447548.0,8.902,8.286,0,B,钻潜评级策略,8.45,8.08,0.37,8.43,8.1
603132,金徽股份,15.45,2.2501654533421567,0.0,44183.0,15.156,15.2865,0,B,钻潜评级策略,0.0,0.0,0.0,0.0,0.0
603151,邦基科技,11.93,-1.1599005799502904,0.0,43060.0,11.58,11.637,0,B,钻潜评级策略,0.0,0.0,0.0,0.0,0.0
603153,上海建科,13.16,0.0,0.0,18051.0,13.063999999999998,13.2165,0,B,钻潜评级策略,13.28,12.66,0.62,13.25,12.69
603161,科华控股,14.84,4.876325088339217,0.0,91480.0,14.419999999999998,13.539000000000001,0,B,钻潜评级策略,12.57,12.0,0.57,12.54,12.02
603160,汇顶科技,52.59,5.264211369095273,0.0,96186.0,50.356,54.1125,0,B,钻潜评级策略,50.89,48.24,2.65,50.79,48.34
603168,莎普爱思,5.14,2.39043824701195,0.0,84371.0,4.95,4.9565,0,B,钻潜评级策略,0.0,0.0,0.0,0.0,0.0
603173,福斯达,31.85,1.594896331738438,0.0,6784.0,31.412,32.923500000000004,0,B,钻潜评级策略,0.0,0.0,0.0,0.0,0.0
603180,金牌家居,14.42,2.633451957295363,0.0,11173.0,13.975999999999999,14.317499999999999,0,B,钻潜评级策略,13.99,13.35,0.64,13.96,13.38
603181,皇马科技,12.87,2.30524642289347,0.0,87990.0,12.402000000000001,13.439499999999999,0,B,钻潜评级策略,12.43,11.89,0.54,12.41,11.91
603183,建研院,4.16,1.9607843137254832,0.0,274755.0,4.062,3.9824999999999995,0,B,钻潜评级策略,3.85,3.65,0.2,3.84,3.66
603182,嘉华股份,11.53,2.035398230088492,0.0,17015.0,11.209999999999999,11.6115,0,B,钻潜评级策略,11.27,10.74,0.53,11.25,10.76
603187,海容冷链,12.28,1.320132013201314,0.0,60668.0,12.006,12.0115,0,B,钻潜评级策略,12.08,11.52,0.56,12.06,11.54
603192,汇得科技,20.33,0.6934125804853641,0.0,27082.0,20.484,19.225,0,B,钻潜评级策略,20.78,19.75,1.03,20.74,19.79
603193,润本股份,22.07,5.195424213536692,0.0,97034.0,20.188,19.3315,0,B,钻潜评级策略,19.24,18.24,1.0,19.2,18.28
603199,九华旅游,32.13,1.484523057485787,0.0,11866.0,31.53,31.669,0,B,钻潜评级策略,32.02,30.71,1.31,31.96,30.77
603198,迎驾贡酒,36.65,-0.7850568489442322,0.0,75743.0,35.908,33.709999999999994,0,B,钻潜评级策略,36.29,34.58,1.71,36.22,34.65
603210,泰鸿万立,13.4,2.3682200152788324,0.0,28213.0,13.174000000000001,13.388499999999999,0,B,钻潜评级策略,13.46,12.82,0.64,13.43,12.85
603214,爱婴室,12.77,3.6525974025974017,0.0,32918.0,12.196000000000002,12.469999999999999,0,B,钻潜评级策略,12.24,11.6,0.64,12.22,11.62
603215,比依股份,13.56,2.571860816944027,0.0,12509.0,13.2,13.974,0,B,钻潜评级策略,13.28,12.72,0.56,13.25,12.75
603218,日月股份,9.9,2.590673575129543,0.0,108803.0,9.616,9.703,0,B,钻潜评级策略,9.91,9.46,0.45,9.89,9.48
603225,新凤鸣,19.62,3.754627181385506,0.0,212916.0,18.706,18.5825,0,B,钻潜评级策略,0.0,0.0,0.0,0.0,0.0
603227,雪峰科技,7.55,3.1420765027322384,0.0,104289.0,7.234,7.161500000000001,0,B,钻潜评级策略,7.25,6.95,0.3,7.24,6.96
603229,奥翔药业,7.41,1.2295081967213184,0.0,78581.0,7.372,7.975,0,B,钻潜评级策略,7.54,7.14,0.4,7.52,7.15
603230,内蒙新华,8.87,2.0713463751438344,0.0,23863.0,8.706,8.868500000000001,0,B,钻潜评级策略,8.93,8.48,0.45,8.91,8.5
603237,五芳斋,14.24,4.169714703730798,0.0,18891.0,13.668000000000001,13.366999999999999,0,B,钻潜评级策略,13.88,13.18,0.7,13.85,13.21
603255,鼎际得,24.91,4.444444444444429,0.0,21209.0,24.598,29.491500000000002,0,B,钻潜评级策略,0.0,0.0,0.0,0.0,0.0
603257,中国瑞林,62.53,-2.3121387283237094,0.0,14654.0,63.39,69.4185,0,B,钻潜评级策略,0.0,0.0,0.0,0.0,0.0
603266,天龙股份,15.09,2.0974289580514283,0.0,17796.0,14.803999999999998,15.894499999999999,0,B,钻潜评级策略,14.99,14.23,0.76,14.96,14.26
603268,松发股份,148.99,1.0444218379111803,0.0,109969.0,150.48200000000003,154.92000000000002,0,B,钻潜评级策略,0.0,0.0,0.0,0.0,0.0
603271,永杰新材,43.34,0.9550430934078813,0.0,30922.0,43.524,43.837,0,B,钻潜评级策略,44.16,42.32,1.84,44.07,42.4
603273,天元智能,13.22,1.9275250578257408,0.0,16190.0,12.882,13.312999999999999,0,B,钻潜评级策略,12.88,12.32,0.56,12.85,12.34
603277,银都股份,10.59,2.516940948693125,0.0,20283.0,10.238000000000003,10.321000000000002,0,B,钻潜评级策略,10.41,9.89,0.52,10.39,9.91
603284,林平发展,40.05,4.025974025974022,0.0,24685.0,39.464,38.0925,0,B,钻潜评级策略,37.81,36.15,1.66,37.73,36.22
603282,亚光股份,13.68,1.7857142857142794,0.0,10037.0,13.394,13.7835,0,B,钻潜评级策略,0.0,0.0,0.0,0.0,0.0
603298,杭叉集团,27.98,3.706449221645669,0.0,79637.0,27.034,26.083499999999997,0,B,钻潜评级策略,27.49,26.05,1.44,27.44,26.1
603301,振德医疗,88.09,2.6689976689976858,0.0,23184.0,86.666,86.53800000000001,0,B,钻潜评级策略,88.29,83.95,4.34,88.11,84.12
603309,维力医疗,11.84,2.77777777777779,0.0,54052.0,11.638,11.869499999999999,0,B,钻潜评级策略,11.86,11.34,0.52,11.84,11.36
603312,西典新能,30.65,2.6113157013726074,0.0,8390.0,30.338,31.904999999999994,0,B,钻潜评级策略,31.09,29.54,1.55,31.03,29.6
603321,梅轮电梯,5.84,1.7421602787456303,0.0,35822.0,5.720000000000001,5.781,0,B,钻潜评级策略,5.89,5.6,0.29,5.88,5.61
603317,天味食品,14.66,6.2318840579710155,0.0,248775.0,13.943999999999999,13.8085,0,B,钻潜评级策略,14.16,13.46,0.7,14.13,13.49
603325,博隆技术,53.0,1.9819126419087896,0.0,5772.0,51.674,52.793000000000006,0,B,钻潜评级策略,52.71,50.1,2.61,52.6,50.2
603327,福蓉科技,8.62,-3.9018952062430445,0.0,492264.0,8.642,8.367,0,B,钻潜评级策略,0.0,0.0,0.0,0.0,0.0
603332,苏州龙杰,10.45,2.1505376344086002,0.0,24359.0,10.209999999999999,10.32,0,B,钻潜评级策略,10.31,9.79,0.52,10.29,9.81
603333,福华尚纬,8.59,0.703399765533419,0.0,194267.0,8.428,8.1235,0,B,钻潜评级策略,8.22,7.78,0.44,8.2,7.8
603337,杰克科技,39.72,4.388961892247045,0.0,44130.0,38.426,38.504,0,B,钻潜评级策略,39.04,37.26,1.78,38.96,37.33
603339,四方科技,12.2,4.0068201193520725,0.0,96790.0,11.696000000000002,13.158000000000001,0,B,钻潜评级策略,14.81,14.05,0.76,14.78,14.08
603341,龙旗科技,37.56,-1.0797998419805,0.0,101440.0,37.298,39.18,0,B,钻潜评级策略,0.0,0.0,0.0,0.0,0.0
603345,安井食品,89.26,3.012117714945184,0.0,83966.0,86.622,84.9535,0,B,钻潜评级策略,88.03,83.9,4.13,87.85,84.07
603348,文灿股份,13.42,2.286585365853666,0.0,20373.0,13.107999999999999,13.434000000000001,0,B,钻潜评级策略,13.34,12.65,0.69,13.31,12.68
603355,莱克电气,27.3,6.640625,0.0,37931.0,25.68,25.680500000000002,0,B,钻潜评级策略,25.93,24.6,1.33,25.88,24.65
603363,傲农生物,2.78,1.0909090909090757,0.0,195463.0,2.742,2.8280000000000003,0,B,钻潜评级策略,2.79,2.66,0.13,2.78,2.67
603365,水星家纺,18.5,0.8724100327153872,0.0,21492.0,18.106,17.413999999999998,0,B,钻潜评级策略,17.14,16.27,0.87,17.11,16.3
603366,日出东方,6.69,1.210287443267788,0.0,90111.0,6.55,6.598000000000001,0,B,钻潜评级策略,6.59,6.29,0.3,6.58,6.3
603367,辰欣药业,14.13,0.5693950177936058,0.0,105967.0,14.209999999999999,14.195999999999998,0,B,钻潜评级策略,0.0,0.0,0.0,0.0,0.0
603369,今世缘,27.62,2.1827598964113903,0.0,207329.0,26.52,25.597,0,B,钻潜评级策略,27.06,25.7,1.36,27.01,25.75
603376,大明电子,24.05,2.2968949383241233,0.0,9475.0,23.618000000000002,24.073500000000003,0,B,钻潜评级策略,24.33,23.11,1.22,24.28,23.16
603377,ST东时,2.85,0.35211267605634866,0.0,24068.0,2.8660000000000005,2.878,0,B,钻潜评级策略,2.97,2.81,0.16,2.96,2.82
603385,惠达卫浴,4.98,5.063291139240511,0.0,56707.0,4.718,4.875,0,B,钻潜评级策略,4.72,4.47,0.25,4.71,4.48
603387,基蛋生物,8.74,1.5098722415795685,0.0,101335.0,8.616,8.527999999999999,0,B,钻潜评级策略,8.34,7.93,0.41,8.32,7.95
603393,新天然气,25.97,5.569105691056908,0.0,98090.0,25.254,23.8465,0,B,钻潜评级策略,0.0,0.0,0.0,0.0,0.0
603395,红四方,23.2,1.754385964912264,0.0,33310.0,22.506,21.518499999999996,0,B,钻潜评级策略,22.94,21.76,1.18,22.89,21.8
603406,天富龙,26.91,1.5471698113207477,0.0,9879.0,26.565999999999995,26.23,0,B,钻潜评级策略,26.34,24.95,1.39,26.29,25.0
603408,建霖家居,10.5,6.382978723404253,0.0,62287.0,9.912,9.976499999999998,0,B,钻潜评级策略,9.89,9.54,0.35,9.87,9.56
603418,友升股份,43.81,1.623753189515198,0.0,8871.0,43.24,44.0145,0,B,钻潜评级策略,44.03,42.57,1.46,43.94,42.66
603416,信捷电气,48.02,2.8265524625267657,0.0,22982.0,47.574,52.92999999999999,0,B,钻潜评级策略,48.5,45.98,2.52,48.4,46.07
603429,*ST集友,7.78,-4.656862745098033,0.0,80091.0,7.596000000000001,7.786,0,B,钻潜评级策略,7.46,7.09,0.37,7.45,7.1
603444,吉比特,376.43,8.200632365622319,0.0,41424.0,356.694,356.627,0,B,钻潜评级策略,359.52,343.53,15.99,358.8,344.22
603466,风语筑,9.56,-0.8298755186721962,0.0,369797.0,9.776,11.083499999999999,0,B,钻潜评级策略,0.0,0.0,0.0,0.0,0.0
603486,科沃斯,60.67,4.477354916480114,0.0,113695.0,56.306000000000004,53.725,0,B,钻潜评级策略,55.28,52.9,2.38,55.17,53.01
603477,巨星农牧,14.86,0.13477088948787852,0.0,86134.0,14.814000000000002,15.3405,0,B,钻潜评级策略,15.23,14.47,0.76,15.2,14.5
603496,恒为科技,25.48,2.2471910112359605,0.0,227328.0,25.762,24.645500000000002,0,B,钻潜评级策略,0.0,0.0,0.0,0.0,0.0
603501,豪威集团,91.69,-0.11982570806100545,0.0,188337.0,94.47200000000001,101.149,0,B,钻潜评级策略,0.0,0.0,0.0,0.0,0.0
603518,锦泓集团,7.86,1.945525291828809,0.0,56458.0,7.612,7.7595,0,B,钻潜评级策略,7.95,7.59,0.36,7.93,7.61
603528,多伦科技,6.01,1.3490725126475533,0.0,120935.0,5.766,5.754,0,B,钻潜评级策略,5.65,5.4,0.25,5.64,5.41
603533,掌阅科技,20.59,2.0823004462072303,0.0,288848.0,19.330000000000002,19.0265,0,B,钻潜评级策略,0.0,0.0,0.0,0.0,0.0
603529,爱玛科技,21.65,1.5478424015009207,0.0,77551.0,21.211999999999996,20.6,0,B,钻潜评级策略,21.42,20.58,0.84,21.38,20.62
603536,惠发食品,8.54,2.6442307692307487,0.0,68323.0,8.120000000000001,8.118500000000001,0,B,钻潜评级策略,8.11,7.67,0.44,8.09,7.69
603551,奥普科技,9.21,3.367003367003374,0.0,34279.0,9.024,9.2075,0,B,钻潜评级策略,9.24,8.84,0.4,9.22,8.86
603556,海兴电力,24.54,9.995517705064994,0.0,96852.0,23.028,22.795499999999997,0,B,钻潜评级策略,23.31,22.09,1.22,23.26,22.13
603557,*ST起步,3.76,-1.8276762402088864,0.0,48193.0,3.8579999999999997,4.1135,0,B,钻潜评级策略,4.11,3.91,0.2,4.1,3.92
603558,健盛集团,12.74,-1.393188854489158,0.0,53176.0,12.629999999999999,11.997,0,B,钻潜评级策略,12.06,11.48,0.58,12.04,11.5
603559,中通国脉,8.68,10.012674271229404,0.0,124613.0,8.02,8.2095,0,B,钻潜评级策略,0.0,0.0,0.0,0.0,0.0
603577,汇金通,9.15,1.4412416851441234,0.0,49897.0,9.001999999999999,9.391,0,B,钻潜评级策略,9.16,8.69,0.47,9.14,8.71
603579,荣泰健康,17.49,-0.05714285714286671,0.0,24095.0,17.076,17.4655,0,B,钻潜评级策略,16.76,15.89,0.87,16.73,15.92
603583,捷昌驱动,24.05,2.690008539709643,0.0,43847.0,23.464000000000002,23.6285,0,B,钻潜评级策略,23.95,22.78,1.17,23.9,22.83
603589,口子窖,19.68,1.078582434514641,0.0,71505.0,19.338,19.1325,0,B,钻潜评级策略,18.81,17.82,0.99,18.77,17.86
603590,康辰药业,31.23,0.1603592046183433,0.0,22590.0,31.8,33.065,0,B,钻潜评级策略,0.0,0.0,0.0,0.0,0.0
603600,永艺股份,9.51,3.033586132177679,0.0,60730.0,9.184000000000001,9.2395,0,B,钻潜评级策略,9.38,8.97,0.41,9.36,8.99
603607,京华激光,20.98,4.899999999999993,0.0,69640.0,19.932,22.1145,0,B,钻潜评级策略,0.0,0.0,0.0,0.0,0.0
603611,诺力股份,16.58,2.2194821208384674,0.0,23220.0,16.228,16.782000000000004,0,B,钻潜评级策略,16.36,15.75,0.61,16.33,15.78
603628,清源股份,9.25,1.7601760176017667,0.0,29470.0,9.068000000000001,9.141499999999999,0,B,钻潜评级策略,9.15,8.68,0.47,9.13,8.7
603630,拉芳家化,15.19,0.662690523525522,0.0,145475.0,14.34,13.982499999999998,0,B,钻潜评级策略,0.0,0.0,0.0,0.0,0.0
603638,艾迪精密,19.88,3.433922996878258,0.0,122028.0,19.194,21.55,0,B,钻潜评级策略,19.31,18.35,0.96,19.27,18.39
603656,泰禾智能,17.15,0.7046388725777897,0.0,12692.0,16.954,17.1285,0,B,钻潜评级策略,17.28,16.54,0.74,17.25,16.57
603668,天马科技,10.83,-1.45586897179254,0.0,57244.0,10.768,11.3745,0,B,钻潜评级策略,0.0,0.0,0.0,0.0,0.0
603697,有友食品,9.92,4.53108535300315,0.0,92682.0,9.372,9.8975,0,B,钻潜评级策略,9.32,8.89,0.43,9.3,8.91
603706,东方环宇,18.55,1.421541826134498,0.0,9313.0,18.408,18.756999999999998,0,B,钻潜评级策略,18.93,18.02,0.91,18.89,18.06
603707,健友股份,8.1,4.247104247104239,0.0,176231.0,7.803999999999999,7.733499999999999,0,B,钻潜评级策略,8.14,7.75,0.39,8.12,7.77
603708,家家悦,9.36,1.7391304347826209,0.0,36168.0,9.16,9.158,0,B,钻潜评级策略,9.34,8.92,0.42,9.32,8.94
603727,博迈科,17.96,6.39810426540286,0.0,80024.0,17.084,16.29,0,B,钻潜评级策略,0.0,0.0,0.0,0.0,0.0
603739,蔚蓝生物,11.19,1.1754068716093968,0.0,26125.0,11.048,11.7,0,B,钻潜评级策略,11.25,10.66,0.59,11.23,10.68
603755,日辰股份,21.18,2.516940948693125,0.0,10614.0,20.619999999999997,22.208000000000002,0,B,钻潜评级策略,20.99,19.89,1.1,20.95,19.93
603759,海天股份,7.06,2.023121387283222,0.0,39877.0,6.895999999999999,7.0435,0,B,钻潜评级策略,7.0,6.65,0.35,6.99,6.66
603766,隆鑫通用,14.51,2.1111893033075146,0.0,232416.0,14.052000000000001,13.1155,0,B,钻潜评级策略,0.0,0.0,0.0,0.0,0.0
603787,新日股份,9.64,1.6877637130801704,0.0,20352.0,9.452000000000002,9.442499999999999,0,B,钻潜评级策略,9.65,9.15,0.5,9.63,9.17
603806,福斯特,14.26,2.663786897048226,0.0,440914.0,14.075999999999999,14.398499999999999,0,B,钻潜评级策略,14.44,13.7,0.74,14.41,13.73
603809,豪能股份,8.91,3.604651162790695,0.0,161043.0,8.596,8.872499999999999,0,B,钻潜评级策略,9.1,8.73,0.37,9.08,8.75
603816,顾家家居,25.42,4.180327868852474,0.0,104703.0,24.34,23.198999999999998,0,B,钻潜评级策略,24.65,23.35,1.3,24.6,23.4
603817,海峡环保,5.61,2.5594149908592323,0.0,89212.0,5.49,5.426,0,B,钻潜评级策略,5.54,5.27,0.27,5.53,5.28
603818,曲美家居,3.22,0.31152647975078995,0.0,204085.0,3.1879999999999997,3.198,0,B,钻潜评级策略,0.0,0.0,0.0,0.0,0.0
603819,神力股份,12.25,6.614447345517838,0.0,89870.0,11.580000000000002,12.293000000000001,0,B,钻潜评级策略,0.0,0.0,0.0,0.0,0.0
603825,ST华扬,7.07,-1.118881118881121,0.0,13600.0,6.962000000000001,6.849500000000001,0,B,钻潜评级策略,7.0,6.64,0.36,6.99,6.65
603856,东宏股份,11.13,1.181818181818195,0.0,25448.0,11.0,12.033,0,B,钻潜评级策略,11.17,10.8,0.37,11.15,10.82
603848,好太太,13.2,3.52941176470587,0.0,26122.0,12.663999999999998,13.4165,0,B,钻潜评级策略,12.71,12.16,0.55,12.68,12.18
603839,安正时尚,6.4,1.9108280254777066,0.0,50515.0,6.142,6.031000000000001,0,B,钻潜评级策略,0.0,0.0,0.0,0.0,0.0
603868,飞科电器,30.46,2.043551088777207,0.0,9822.0,29.724,30.215000000000003,0,B,钻潜评级策略,31.11,29.49,1.62,31.05,29.55
603869,ST智知,8.0,0.6289308176100628,0.0,8474.0,7.847999999999999,8.096,0,B,钻潜评级策略,0.0,0.0,0.0,0.0,0.0
603871,嘉友国际,13.11,4.9639711769415396,0.0,208652.0,12.64,11.7445,0,B,钻潜评级策略,0.0,0.0,0.0,0.0,0.0
603886,元祖股份,10.3,2.6919242273180544,0.0,29288.0,9.95,11.228,0,B,钻潜评级策略,10.07,9.53,0.54,10.05,9.55
603882,金域医学,27.42,3.276836158192098,0.0,74117.0,26.580000000000002,25.642000000000003,0,B,钻潜评级策略,24.18,23.35,0.83,24.13,23.4
603883,老百姓,12.55,1.8668831168831224,0.0,98311.0,12.282,11.9565,0,B,钻潜评级策略,12.4,11.85,0.55,12.38,11.87
603885,吉祥航空,10.95,-0.36396724294813776,0.0,208796.0,10.786,10.478,0,B,钻潜评级策略,10.41,9.86,0.55,10.39,9.88
603888,新华网,16.14,1.5094339622641506,0.0,87000.0,15.75,16.7885,0,B,钻潜评级策略,17.7,16.87,0.83,17.66,16.9
603896,寿仙谷,14.63,1.1057360055286791,0.0,27269.0,14.376,14.426499999999999,0,B,钻潜评级策略,14.08,13.36,0.72,14.05,13.39
603918,金桥信息,10.45,0.2879078694817627,0.0,335773.0,9.802000000000001,9.590499999999999,0,B,钻潜评级策略,9.69,9.21,0.48,9.67,9.23
603927,中科软,13.51,1.8085908063300682,0.0,120361.0,13.163999999999998,12.996500000000001,0,B,钻潜评级策略,13.33,12.62,0.71,13.3,12.65
603959,ST百利,4.22,0.9569377990430672,0.0,49287.0,4.109999999999999,4.3485,0,B,钻潜评级策略,4.13,3.94,0.19,4.12,3.95
603969,银龙股份,7.41,6.926406926406936,0.0,321713.0,7.167999999999999,7.4735,0,B,钻潜评级策略,0.0,0.0,0.0,0.0,0.0
603967,中创物流,11.44,2.508960573476693,0.0,29084.0,11.118,11.228,0,B,钻潜评级策略,11.24,10.73,0.51,11.22,10.75
603970,中农立华,10.04,1.414141414141401,0.0,22605.0,9.860000000000003,10.058,0,B,钻潜评级策略,10.0,9.59,0.41,9.98,9.61
603979,金诚信,73.47,2.827151854443666,0.0,72364.0,72.132,66.91499999999999,0,B,钻潜评级策略,72.26,68.64,3.62,72.12,68.78
603980,吉华集团,6.8,4.615384615384621,0.0,1101028.0,6.236,6.1535,0,B,钻潜评级策略,6.71,6.38,0.33,6.7,6.39
603983,丸美生物,29.26,-9.996924023377407,0.0,65026.0,31.800000000000004,30.1005,0,B,钻潜评级策略,0.0,0.0,0.0,0.0,0.0
603990,麦迪科技,19.4,1.6771488469601747,0.0,157203.0,18.354000000000003,19.324,0,B,钻潜评级策略,0.0,0.0,0.0,0.0,0.0
603995,甬金股份,19.98,2.1994884910485846,0.0,29778.0,19.554,21.2185,0,B,钻潜评级策略,19.91,18.94,0.97,19.87,18.98
603993,洛阳钼业,19.08,0.42105263157894424,0.0,1877961.0,19.302,18.3205,0,B,钻潜评级策略,0.0,0.0,0.0,0.0,0.0
603997,继峰股份,12.12,4.482758620689653,0.0,176616.0,11.674000000000001,11.8435,0,B,钻潜评级策略,11.92,11.32,0.6,11.9,11.34
603998,方盛制药,9.33,2.190580503833517,0.0,83827.0,9.184000000000001,9.519,0,B,钻潜评级策略,9.47,9.0,0.47,9.45,9.02
603999,读者传媒,5.44,2.4482109227872195,0.0,59098.0,5.287999999999999,5.2015,0,B,钻潜评级策略,5.3,5.04,0.26,5.29,5.05
605007,五洲特纸,15.47,4.245283018867929,0.0,51951.0,14.907999999999998,15.0,0,B,钻潜评级策略,0.0,0.0,0.0,0.0,0.0
605016,百龙创园,22.48,9.980430528375738,0.0,80328.0,21.658,23.166,0,B,钻潜评级策略,26.39,25.13,1.26,26.34,25.18
605008,长鸿高科,12.08,0.9189640768588081,0.0,22142.0,11.940000000000001,11.942499999999999,0,B,钻潜评级策略,12.13,11.64,0.49,12.11,11.66
605011,杭州热电,17.82,2.003434459072695,0.0,88933.0,17.576,17.236,0,B,钻潜评级策略,0.0,0.0,0.0,0.0,0.0
605050,福然德,10.16,-0.48971596474045587,0.0,39905.0,10.209999999999999,9.9625,0,B,钻潜评级策略,9.78,9.28,0.5,9.76,9.3
605028,世茂能源,26.95,-2.0000000000000018,0.0,39041.0,27.089999999999996,23.752499999999998,0,B,钻潜评级策略,0.0,0.0,0.0,0.0,0.0
605033,美邦股份,17.0,0.2358490566037652,0.0,21083.0,16.782,17.143,0,B,钻潜评级策略,0.0,0.0,0.0,0.0,0.0
605066,天正电气,6.48,1.2499999999999956,0.0,44482.0,6.34,6.423,0,B,钻潜评级策略,6.29,6.0,0.29,6.28,6.01
605080,浙江自然,19.51,0.9311950336265085,0.0,11747.0,19.534,19.818,0,B,钻潜评级策略,20.06,19.18,0.88,20.02,19.22
605098,行动教育,56.5,0.42659082829719086,0.0,13953.0,55.998000000000005,54.17800000000001,0,B,钻潜评级策略,54.26,51.6,2.66,54.15,51.7
605108,同庆楼,12.47,1.2175324675324672,0.0,98390.0,11.928,11.805499999999999,0,B,钻潜评级策略,11.89,11.28,0.61,11.87,11.3
605116,奥锐特,19.46,2.474986835176418,0.0,28051.0,19.08,19.8565,0,B,钻潜评级策略,0.0,0.0,0.0,0.0,0.0
605158,华达新材,6.65,1.6819571865443583,0.0,24487.0,6.392,6.410500000000001,0,B,钻潜评级策略,6.4,6.07,0.33,6.39,6.08
605179,一鸣食品,16.01,10.034364261168394,0.0,55757.0,14.118,13.733500000000001,0,B,钻潜评级策略,13.28,12.57,0.71,13.25,12.6
605183,确成股份,14.26,1.711840228245376,0.0,19724.0,13.934000000000001,14.255,0,B,钻潜评级策略,14.07,13.46,0.61,14.04,13.49
605188,国光连锁,12.55,9.99123575810692,0.0,62465.0,11.475999999999999,11.574,0,B,钻潜评级策略,11.22,10.68,0.54,11.2,10.7
605259,绿田机械,17.7,1.899827288428324,0.0,7582.0,17.29,17.6475,0,B,钻潜评级策略,18.12,17.25,0.87,18.08,17.28
605305,中际联合,39.9,5.000000000000004,0.0,55777.0,38.786,40.7985,0,B,钻潜评级策略,0.0,0.0,0.0,0.0,0.0
605319,无锡振华,22.57,0.9843400447427264,0.0,20161.0,21.784,22.2695,0,B,钻潜评级策略,23.17,22.04,1.13,23.12,22.08
605337,李子园,9.75,10.04514672686232,0.0,93813.0,8.852,8.7165,0,B,钻潜评级策略,8.69,8.22,0.47,8.67,8.24
605338,巴比食品,19.12,3.1283710895361416,0.0,23670.0,18.366,18.55,0,B,钻潜评级策略,18.33,17.46,0.87,18.29,17.5
605339,南侨食品,13.02,9.966216216216207,0.0,36686.0,11.940000000000001,12.017,0,B,钻潜评级策略,11.92,11.3,0.62,11.9,11.32
605368,蓝天燃气,6.73,1.5082956259427016,0.0,50422.0,6.684,6.577,0,B,钻潜评级策略,6.85,6.52,0.33,6.84,6.53
605369,拱东医疗,15.94,1.0139416983523386,0.0,12111.0,15.626,16.782,0,B,钻潜评级策略,15.75,14.97,0.78,15.72,15.0
605388,均瑶健康,5.56,10.099009900990087,0.0,90603.0,5.002,4.973,0,B,钻潜评级策略,5.15,4.9,0.25,5.14,4.91
605567,春雪食品,8.27,3.117206982543652,0.0,38213.0,7.952,8.154499999999999,0,B,钻潜评级策略,7.93,7.54,0.39,7.91,7.56
605577,龙版传媒,9.42,2.3913043478260843,0.0,32128.0,9.181999999999999,9.207,0,B,钻潜评级策略,9.29,8.89,0.4,9.27,8.91
605599,菜百股份,15.93,0.7590132827324458,0.0,104957.0,15.394,14.595500000000001,0,B,钻潜评级策略,0.0,0.0,0.0,0.0,0.0
688002,睿创微纳,145.99,2.7953809322630585,0.0,138737.0,149.19400000000002,146.6845,0,B,钻潜评级策略,0.0,0.0,0.0,0.0,0.0
688004,博汇科技,21.06,-3.7916857012334493,0.0,32467.0,20.548,18.448,0,B,钻潜评级策略,0.0,0.0,0.0,0.0,0.0
688016,心脉医疗,93.82,3.474136980258069,0.0,20838.0,91.038,91.404,0,B,钻潜评级策略,92.3,87.99,4.31,92.12,88.17
688023,安恒信息,35.79,-0.05585032113935018,0.0,29776.0,35.478,36.254999999999995,0,B,钻潜评级策略,0.0,0.0,0.0,0.0,0.0
688030,山石网科,14.53,2.323943661971839,0.0,30228.0,14.288,14.687999999999999,0,B,钻潜评级策略,14.58,13.87,0.71,14.55,13.9
688029,南微医学,72.91,3.6242183058555977,0.0,20784.0,72.32,74.7595,0,B,钻潜评级策略,75.59,72.04,3.55,75.44,72.18
688036,传音控股,65.69,0.13719512195122796,0.0,196610.0,63.262,62.586,0,B,钻潜评级策略,0.0,0.0,0.0,0.0,0.0
688041,海光信息,284.0,-4.787448035402964,0.0,305065.0,304.42999999999995,327.11949999999996,0,B,钻潜评级策略,0.0,0.0,0.0,0.0,0.0
688050,爱博医疗,41.0,2.551275637818917,0.0,29237.0,40.019999999999996,40.832,0,B,钻潜评级策略,42.31,40.18,2.13,42.23,40.26
688065,凯赛生物,45.75,2.8089887640449396,0.0,59393.0,44.558,45.2715,0,B,钻潜评级策略,43.97,42.02,1.95,43.88,42.1
688071,华依科技,36.2,3.8737446197991465,0.0,33240.0,36.032,34.373,0,B,钻潜评级策略,0.0,0.0,0.0,0.0,0.0
688073,毕得医药,47.86,2.505889912186765,0.0,21870.0,47.912,51.4625,0,B,钻潜评级策略,0.0,0.0,0.0,0.0,0.0
688076,ST诺泰,27.02,1.3123359580052396,0.0,11774.0,26.742,28.080000000000002,0,B,钻潜评级策略,27.24,26.21,1.03,27.19,26.26
688087,英科再生,38.94,6.684931506849301,0.0,24222.0,37.42999999999999,37.177,0,B,钻潜评级策略,0.0,0.0,0.0,0.0,0.0
688098,申联生物,8.24,0.8567931456548328,0.0,12847.0,8.138,8.7685,0,B,钻潜评级策略,8.29,7.88,0.41,8.27,7.9
688099,晶晨股份,96.7,1.4903442485306506,0.0,198010.0,95.94399999999999,95.533,0,B,钻潜评级策略,0.0,0.0,0.0,0.0,0.0
688100,威胜信息,29.08,4.229390681003586,0.0,59032.0,28.55,28.681,0,B,钻潜评级策略,28.86,27.46,1.4,28.8,27.52
688111,金山办公,245.58,1.7990383021057932,0.0,122537.0,238.58800000000002,229.6605,0,B,钻潜评级策略,0.0,0.0,0.0,0.0,0.0
688114,华大智造,48.7,2.203567681007357,0.0,40514.0,48.23199999999999,51.7765,0,B,钻潜评级策略,0.0,0.0,0.0,0.0,0.0
688128,中国电研,21.93,2.3809523809523725,0.0,28522.0,21.63,22.264499999999998,0,B,钻潜评级策略,22.14,21.17,0.97,22.1,21.21
688131,皓元医药,78.0,10.874200426439252,0.0,83361.0,72.062,80.6945,0,B,钻潜评级策略,0.0,0.0,0.0,0.0,0.0
688139,海尔生物,27.89,3.2198371576609874,0.0,38667.0,27.201999999999998,27.374000000000002,0,B,钻潜评级策略,27.43,26.13,1.3,27.38,26.18
688151,华强科技,16.06,-0.2484472049689601,0.0,60195.0,16.134,15.261500000000002,0,B,钻潜评级策略,16.05,15.33,0.72,16.02,15.36
688161,威高骨科,20.98,1.9436345966958424,0.0,8889.0,20.633999999999997,21.6065,0,B,钻潜评级策略,20.92,19.83,1.09,20.88,19.87
688169,石头科技,111.15,5.786618444846314,0.0,108059.0,103.196,100.58349999999999,0,B,钻潜评级策略,99.7,94.51,5.19,99.5,94.7
688177,百奥泰,17.09,0.588581518540332,0.0,24573.0,16.99,17.8675,0,B,钻潜评级策略,0.0,0.0,0.0,0.0,0.0
688180,君实生物,36.04,0.8958566629339249,0.0,114505.0,36.436,36.9065,0,B,钻潜评级策略,0.0,0.0,0.0,0.0,0.0
688184,ST帕瓦,10.49,2.7424094025465084,0.0,5256.0,10.193999999999999,10.8095,0,B,钻潜评级策略,10.34,9.83,0.51,10.32,9.85
688185,康希诺,49.51,1.0408163265306136,0.0,14138.0,49.256,50.528,0,B,钻潜评级策略,50.26,47.61,2.65,50.16,47.71
688201,ST信安,6.81,3.495440729483268,0.0,21802.0,6.534000000000001,6.8875,0,B,钻潜评级策略,6.62,6.28,0.34,6.61,6.29
688213,思特威,95.82,3.813651137594798,0.0,97433.0,93.03,97.02149999999999,0,B,钻潜评级策略,0.0,0.0,0.0,0.0,0.0
688212,澳华内镜,26.45,1.7307692307692246,0.0,24792.0,25.896000000000004,27.203500000000002,0,B,钻潜评级策略,26.15,24.84,1.31,26.1,24.89
688219,会通股份,10.5,3.857566765578646,0.0,54680.0,10.214000000000002,11.022,0,B,钻潜评级策略,0.0,0.0,0.0,0.0,0.0
688232,新点软件,17.49,1.5679442508710784,0.0,28235.0,17.19,17.764499999999998,0,B,钻潜评级策略,17.41,16.53,0.88,17.38,16.56
688236,春立医疗,14.2,3.2727272727272716,0.0,23134.0,13.778,14.608999999999998,0,B,钻潜评级策略,0.0,0.0,0.0,0.0,0.0
688235,百济神州,268.6,2.0594270081313315,0.0,42902.0,269.846,266.67949999999996,0,B,钻潜评级策略,0.0,0.0,0.0,0.0,0.0
688238,和元生物,5.54,0.36231884057971175,0.0,132400.0,5.568,5.98,0,B,钻潜评级策略,0.0,0.0,0.0,0.0,0.0
688247,宣泰医药,8.26,-1.1961722488038284,0.0,40954.0,8.367999999999999,8.8675,0,B,钻潜评级策略,8.6,8.15,0.45,8.58,8.17
688253,英诺特,57.27,0.20997375328084544,0.0,17711.0,56.226,55.9705,0,B,钻潜评级策略,0.0,0.0,0.0,0.0,0.0
688265,南模生物,32.31,0.6855718292302804,0.0,6715.0,32.736000000000004,35.089,0,B,钻潜评级策略,0.0,0.0,0.0,0.0,0.0
688276,百克生物,14.54,1.0423905489923557,0.0,15137.0,14.312000000000001,14.611500000000001,0,B,钻潜评级策略,15.23,14.49,0.74,15.2,14.52
688277,天智航,19.09,0.0,0.0,5.877471754111438e-39,18.174,17.8045,0,B,钻潜评级策略,0.0,0.0,0.0,0.0,0.0
688278,特宝生物,57.69,0.1736412571626822,0.0,29185.0,58.778,57.861000000000004,0,B,钻潜评级策略,0.0,0.0,0.0,0.0,0.0
688285,高铁电气,7.06,2.6162790697674465,0.0,22850.0,6.890000000000001,7.058,0,B,钻潜评级策略,6.97,6.65,0.32,6.96,6.66
688289,圣湘生物,15.19,2.2207267833109112,0.0,45552.0,14.884,15.102500000000001,0,B,钻潜评级策略,15.12,14.32,0.8,15.09,14.35
688296,和达科技,14.61,-3.2450331125827847,0.0,40228.0,14.244,12.7895,0,B,钻潜评级策略,0.0,0.0,0.0,0.0,0.0
688297,中无人机,39.88,2.4402774210120715,0.0,78770.0,39.69,40.4895,0,B,钻潜评级策略,40.57,39.59,0.98,40.49,39.67
688302,海创药业,33.62,1.2345679012345512,0.0,10952.0,34.367999999999995,37.342499999999994,0,B,钻潜评级策略,0.0,0.0,0.0,0.0,0.0
688303,大全能源,17.64,2.737332556785077,0.0,128958.0,17.19,16.594500000000004,0,B,钻潜评级策略,16.14,15.38,0.76,16.11,15.41
688306,均普智能,8.87,6.610576923076916,0.0,156669.0,8.486,9.147,0,B,钻潜评级策略,8.51,8.18,0.33,8.49,8.2
688315,诺禾致源,12.38,2.9950083194675736,0.0,40535.0,12.188,12.828,0,B,钻潜评级策略,0.0,0.0,0.0,0.0,0.0
688321,微芯生物,27.41,0.8462104488594635,0.0,104432.0,28.276,28.47,0,B,钻潜评级策略,0.0,0.0,0.0,0.0,0.0
688330,宏力达,32.19,2.515923566878975,0.0,10344.0,31.817999999999994,32.3135,0,B,钻潜评级策略,32.25,30.65,1.6,32.19,30.71
688334,西高院,18.18,2.422535211267607,0.0,20343.0,17.808,17.7775,0,B,钻潜评级策略,17.73,16.93,0.8,17.69,16.96
688338,赛科希德,26.36,0.6106870229007688,0.0,7740.0,26.044,28.023499999999995,0,B,钻潜评级策略,26.47,25.3,1.17,26.42,25.35
688351,微电生理,19.92,3.319502074688807,0.0,44841.0,19.372,20.819499999999998,0,B,钻潜评级策略,0.0,0.0,0.0,0.0,0.0
688356,键凯科技,69.84,-1.076487252124636,0.0,11788.0,73.228,76.88149999999999,0,B,钻潜评级策略,0.0,0.0,0.0,0.0,0.0
688363,华熙生物,37.86,1.8015595590212374,0.0,41602.0,37.446,36.427,0,B,钻潜评级策略,37.58,36.05,1.53,37.5,36.12
688366,昊海生科,30.85,1.8824306472919439,0.0,6471.0,30.536,31.3675,0,B,钻潜评级策略,0.0,0.0,0.0,0.0,0.0
688370,丛麟科技,20.98,1.844660194174752,0.0,3288.0,20.68,21.322499999999998,0,B,钻潜评级策略,21.07,19.97,1.1,21.03,20.01
688373,盟科药业,4.61,0.43572984749455923,0.0,134600.0,4.638,4.9495,0,B,钻潜评级策略,0.0,0.0,0.0,0.0,0.0
688428,诺诚健华,27.43,0.6975036710719529,0.0,97934.0,27.688,28.654500000000002,0,B,钻潜评级策略,0.0,0.0,0.0,0.0,0.0
688439,振华风光,38.78,3.440917578020808,0.0,21734.0,37.870000000000005,41.7445,0,B,钻潜评级策略,38.37,36.73,1.64,38.29,36.8
688468,科美诊断,5.83,1.9230769230769384,0.0,28625.0,5.704,5.9265,0,B,钻潜评级策略,5.79,5.49,0.3,5.78,5.5
688475,萤石网络,29.72,3.051317614424409,0.0,77591.0,28.828000000000003,27.73,0,B,钻潜评级策略,28.06,26.56,1.5,28.0,26.61
688509,正元地信,4.0,3.62694300518136,0.0,59593.0,3.84,3.8924999999999996,0,B,钻潜评级策略,3.85,3.65,0.2,3.84,3.66
688520,神州细胞,34.19,0.7662835249041988,0.0,23246.0,34.541999999999994,36.51,0,B,钻潜评级策略,0.0,0.0,0.0,0.0,0.0
688533,上声电子,20.72,1.6683022571148287,0.0,6578.0,20.351999999999997,20.986,0,B,钻潜评级策略,20.7,19.64,1.06,20.66,19.68
688561,奇安信,25.2,1.9417475728155331,0.0,90154.0,24.896,25.033,0,B,钻潜评级策略,0.0,0.0,0.0,0.0,0.0
688566,吉贝尔,23.85,0.42105263157894424,0.0,13503.0,23.71,25.396,0,B,钻潜评级策略,24.22,22.99,1.23,24.17,23.04
688563,航材股份,51.09,3.149606299212593,0.0,25640.0,50.452,50.064,0,B,钻潜评级策略,51.44,49.03,2.41,51.34,49.13
688570,天玛智控,14.6,1.1080332409972415,0.0,6909.0,14.303999999999998,14.614500000000001,0,B,钻潜评级策略,14.64,13.88,0.76,14.61,13.91
688580,伟思医疗,46.83,-4.233128834355826,0.0,23304.0,47.392,53.6995,0,B,钻潜评级策略,0.0,0.0,0.0,0.0,0.0
688579,地纬智能,7.52,1.8970189701897011,0.0,41574.0,7.358,7.591000000000001,0,B,钻潜评级策略,7.44,7.07,0.37,7.43,7.08
688581,安杰思,51.97,1.404878048780489,0.0,3645.0,51.1,52.6555,0,B,钻潜评级策略,52.02,49.48,2.54,51.92,49.58
688588,凌志软件,9.0,2.6225769669327326,0.0,38528.0,8.658,8.849,0,B,钻潜评级策略,8.64,8.21,0.43,8.62,8.23
688606,奥泰生物,43.92,1.0351966873705987,0.0,4332.0,43.162,43.2785,0,B,钻潜评级策略,43.99,41.77,2.22,43.9,41.85
688612,威迈斯,29.25,3.9445628997867743,0.0,38427.0,28.683999999999997,29.9065,0,B,钻潜评级策略,29.35,27.83,1.52,29.29,27.89
688617,惠泰医疗,218.5,2.5677134675867297,0.0,18427.0,212.484,205.3105,0,B,钻潜评级策略,0.0,0.0,0.0,0.0,0.0
688646,ST逸飞,59.6,-0.6666666666666599,0.0,9418.0,60.886,65.739,0,B,钻潜评级策略,0.0,0.0,0.0,0.0,0.0
688690,纳微科技,35.28,4.81283422459895,0.0,100825.0,35.19,36.9755,0,B,钻潜评级策略,0.0,0.0,0.0,0.0,0.0
688692,达梦数据,223.6,3.523311264410389,0.0,20919.0,213.31199999999998,224.477,0,B,钻潜评级策略,0.0,0.0,0.0,0.0,0.0
688708,佳驰科技,47.05,2.060737527114953,0.0,16457.0,45.86,47.910000000000004,0,B,钻潜评级策略,46.54,44.11,2.43,46.45,44.2
688722,同益中,13.87,2.664692820133241,0.0,28090.0,13.453999999999999,14.697,0,B,钻潜评级策略,13.67,12.97,0.7,13.64,13.0
688750,金天钛业,14.19,1.5021459227467782,0.0,28916.0,13.986,14.693000000000001,0,B,钻潜评级策略,14.26,13.57,0.69,14.23,13.6
688789,宏华数科,46.16,4.5526613816534445,0.0,20253.0,44.38199999999999,47.549499999999995,0,B,钻潜评级策略,44.99,42.98,2.01,44.9,43.07
688795,摩尔线程,564.54,0.22013136872003347,0.0,14174.0,588.814,642.3235,0,B,钻潜评级策略,0.0,0.0,0.0,0.0,0.0
688799,华纳药厂,45.21,0.6231916314266561,0.0,20181.0,45.593999999999994,50.0505,0,B,钻潜评级策略,0.0,0.0,0.0,0.0,0.0
688819,天能股份,22.61,3.8108356290174283,0.0,45163.0,21.838,21.717000000000002,0,B,钻潜评级策略,22.08,21.08,1.0,22.04,21.12
689009,九号公司,42.05,5.335671342685355,0.0,177487.0,39.76199999999999,39.212,0,B,钻潜评级策略,38.81,36.96,1.85,38.73,37.03
000002,万科A,3.28,4.1269841269841345,0.0,2413625.0,3.1599999999999997,3.1055,0,B,钻潜评级策略,3.23,3.06,0.17,3.22,3.07
000009,中国宝安,6.5,3.338632750397452,0.0,362047.0,6.272,6.1975,0,B,钻潜评级策略,6.31,6.05,0.26,6.3,6.06
000008,神州高铁,2.37,0.8510638297872353,0.0,275227.0,2.3300000000000005,2.3514999999999997,0,B,钻潜评级策略,2.38,2.27,0.11,2.38,2.27
000012,南玻A,3.9,2.0942408376963373,0.0,284967.0,3.8200000000000003,4.074,0,B,钻潜评级策略,3.87,3.7,0.17,3.86,3.71
000019,深粮控股,6.04,1.1725293132328396,0.0,51929.0,5.974,5.968500000000001,0,B,钻潜评级策略,6.1,5.82,0.28,6.09,5.83
000017,深中华A,5.99,0.3350083752093891,0.0,96302.0,5.866,5.8125,0,B,钻潜评级策略,0.0,0.0,0.0,0.0,0.0
000027,深圳能源,6.43,2.063492063492056,0.0,275354.0,6.4,6.237,0,B,钻潜评级策略,6.6,6.27,0.33,6.59,6.28
000035,中国天楹,4.98,4.621848739495804,0.0,599160.0,4.76,4.593999999999999,0,B,钻潜评级策略,4.91,4.66,0.25,4.9,4.67
000045,深纺织A,9.58,-3.81526104417671,0.0,180572.0,9.254,9.338,0,B,钻潜评级策略,8.98,8.58,0.4,8.96,8.6
000055,方大集团,3.4,2.4096385542168752,0.0,109709.0,3.3099999999999996,3.2880000000000003,0,B,钻潜评级策略,3.36,3.18,0.18,3.35,3.19
000049,德赛电池,24.81,1.3066557778685262,0.0,103220.0,24.380000000000003,24.238500000000002,0,B,钻潜评级策略,24.4,23.37,1.03,24.35,23.42
000059,华锦股份,4.62,1.3157894736842257,0.0,274447.0,4.572,4.347499999999999,0,B,钻潜评级策略,4.57,4.36,0.21,4.56,4.37
000061,农产品,5.88,3.703703703703698,0.0,242733.0,5.688000000000001,5.664499999999999,0,B,钻潜评级策略,5.77,5.48,0.29,5.76,5.49
000058,深赛格,6.48,3.349282296650724,0.0,112243.0,6.218,6.1335,0,B,钻潜评级策略,6.2,5.94,0.26,6.19,5.95
000060,中金岭南,6.29,1.944894651539708,0.0,983576.0,6.254,6.461499999999999,0,B,钻潜评级策略,6.36,6.1,0.26,6.35,6.11
000063,中兴通讯,34.08,0.1469291801351691,0.0,1116234.0,34.856,36.8645,0,B,钻潜评级策略,0.0,0.0,0.0,0.0,0.0
000069,华侨城A,1.72,2.3809523809523725,0.0,631588.0,1.682,1.6695,0,B,钻潜评级策略,1.71,1.63,0.08,1.71,1.63
000096,广聚能源,7.58,1.744966442953011,0.0,57926.0,7.529999999999999,7.4375,0,B,钻潜评级策略,7.39,7.01,0.38,7.38,7.02
000099,中信海直,14.15,2.092352092352101,0.0,93456.0,13.884,13.88,0,B,钻潜评级策略,14.23,13.47,0.76,14.2,13.5
000100,TCL科技,4.93,0.40733197556006573,0.0,5339033.0,5.0280000000000005,5.1545000000000005,0,B,钻潜评级策略,5.12,4.89,0.23,5.11,4.9
000156,华数传媒,6.78,1.4970059880239583,0.0,108327.0,6.638,6.569500000000001,0,B,钻潜评级策略,6.7,6.44,0.26,6.69,6.45
000158,常山北明,12.73,0.3152088258471242,0.0,253712.0,12.534,12.682,0,B,钻潜评级策略,12.71,12.1,0.61,12.68,12.12
000159,国际实业,5.27,1.934235976789167,0.0,99859.0,5.172,5.3575,0,B,钻潜评级策略,5.59,5.3,0.29,5.58,5.31
000338,潍柴动力,27.29,4.2000763650248185,0.0,1060293.0,27.508,27.167,0,B,钻潜评级策略,28.51,26.98,1.53,28.45,27.03
000301,东方盛虹,11.97,3.72616984402081,0.0,264611.0,11.792,12.049499999999998,0,B,钻潜评级策略,0.0,0.0,0.0,0.0,0.0
000400,许继电气,22.63,3.9026629935720702,0.0,251131.0,22.396,21.1085,0,B,钻潜评级策略,20.38,19.33,1.05,20.34,19.37
000401,金隅冀东,3.64,1.392757660167132,0.0,85901.0,3.594,3.5484999999999998,0,B,钻潜评级策略,3.68,3.5,0.18,3.67,3.51
000403,派林生物,10.21,2.6130653266331905,0.0,135026.0,9.794,9.5225,0,B,钻潜评级策略,9.92,9.41,0.51,9.9,9.43
000402,金融街,2.44,2.092050209205021,0.0,550091.0,2.402,2.4204999999999997,0,B,钻潜评级策略,2.45,2.35,0.1,2.45,2.35
000404,长虹华意,7.74,2.92553191489362,0.0,135662.0,7.519999999999999,7.688000000000001,0,B,钻潜评级策略,7.65,7.27,0.38,7.63,7.28
000407,胜利股份,3.91,1.033591731266159,0.0,140501.0,3.864,3.8335,0,B,钻潜评级策略,3.95,3.76,0.19,3.94,3.77
000408,藏格矿业,79.6,0.23926457624983133,0.0,101535.0,79.094,73.1455,0,B,钻潜评级策略,81.51,77.5,4.01,81.35,77.66
000409,云鼎科技,8.54,0.5889281507655886,0.0,60928.0,8.41,8.2515,0,B,钻潜评级策略,8.52,8.07,0.45,8.5,8.09
000410,沈阳机床,4.86,1.4613778705636848,0.0,127182.0,4.742,4.671,0,B,钻潜评级策略,4.77,4.54,0.23,4.76,4.55
000411,英特集团,9.4,0.42735042735044804,0.0,43883.0,9.298,9.404499999999999,0,B,钻潜评级策略,9.46,9.0,0.46,9.44,9.02
000415,渤海租赁,4.43,5.72792362768495,0.0,867365.0,4.2540000000000004,4.3105,0,B,钻潜评级策略,4.32,4.09,0.23,4.31,4.1
000419,通程控股,4.8,2.3454157782515805,0.0,71161.0,4.6659999999999995,4.6965,0,B,钻潜评级策略,4.74,4.5,0.24,4.73,4.51
000421,南京公用,5.37,2.0912547528517234,0.0,73282.0,5.2700000000000005,5.2535,0,B,钻潜评级策略,5.36,5.09,0.27,5.35,5.1
000422,湖北宜化,13.12,2.9019607843137285,0.0,337251.0,13.053999999999998,13.184000000000001,0,B,钻潜评级策略,13.17,12.54,0.63,13.14,12.57
000425,徐工机械,9.0,2.7397260273972712,0.0,1479286.0,8.918000000000001,8.586,0,B,钻潜评级策略,9.11,8.64,0.47,9.09,8.66
000488,ST晨鸣,1.96,2.083333333333326,0.0,105205.0,1.9259999999999997,1.954,0,B,钻潜评级策略,1.97,1.88,0.09,1.97,1.88
000501,武商集团,7.05,2.1739130434782483,0.0,86782.0,6.88,6.9335,0,B,钻潜评级策略,6.95,6.64,0.31,6.94,6.65
000503,国新健康,7.2,0.4184100418409997,0.0,417304.0,6.704000000000001,6.4875,0,B,钻潜评级策略,6.41,6.09,0.32,6.4,6.1
000505,京粮控股,5.53,1.4678899082568808,0.0,66292.0,5.402,5.3415,0,B,钻潜评级策略,5.45,5.19,0.26,5.44,5.2
000514,渝开发,3.78,2.1621621621621623,0.0,102816.0,3.688,3.713,0,B,钻潜评级策略,3.74,3.54,0.2,3.73,3.55
000517,荣安地产,1.89,2.1621621621621623,0.0,870844.0,1.75,1.7099999999999997,0,B,钻潜评级策略,1.68,1.61,0.07,1.68,1.61
000518,四环生物,3.58,1.7045454545454586,0.0,338962.0,3.532,3.6835,0,B,钻潜评级策略,0.0,0.0,0.0,0.0,0.0
000520,凤凰航运,3.82,-0.26109660574412663,0.0,185067.0,3.816,4.0535000000000005,0,B,钻潜评级策略,0.0,0.0,0.0,0.0,0.0
000523,红棉股份,2.83,2.5362318840579823,0.0,267098.0,2.746,2.71,0,B,钻潜评级策略,2.7,2.58,0.12,2.69,2.59
000524,岭南控股,8.95,3.1105990783410142,0.0,151349.0,8.508000000000001,8.760000000000002,0,B,钻潜评级策略,8.5,8.06,0.44,8.48,8.08
000525,红太阳,4.68,2.4070021881837933,0.0,234771.0,4.48,4.1850000000000005,0,B,钻潜评级策略,4.33,4.1,0.23,4.32,4.11
000528,柳工,8.79,2.8070175438596356,0.0,484239.0,8.61,8.2395,0,B,钻潜评级策略,8.07,7.68,0.39,8.05,7.7
000526,学大教育,33.03,0.030284675953962115,0.0,65011.0,32.861999999999995,29.184500000000003,0,B,钻潜评级策略,28.12,26.67,1.45,28.06,26.72
000530,冰山冷热,4.85,1.8907563025210017,0.0,104235.0,4.738,4.891,0,B,钻潜评级策略,4.81,4.59,0.22,4.8,4.6
000531,穗恒运A,5.83,2.1015761821365997,0.0,108563.0,5.818,5.8065,0,B,钻潜评级策略,5.81,5.55,0.26,5.8,5.56
000532,华金资本,10.6,3.4146341463414664,0.0,57072.0,10.176,10.360499999999998,0,B,钻潜评级策略,10.17,9.65,0.52,10.15,9.67
000545,金浦钛业,2.48,1.2244897959183598,0.0,339298.0,2.44,2.518,0,B,钻潜评级策略,0.0,0.0,0.0,0.0,0.0
000554,泰山石油,6.34,2.4232633279482885,0.0,247970.0,6.4,6.2455,0,B,钻潜评级策略,5.84,5.54,0.3,5.83,5.55
000553,安道麦A,5.26,2.135922330097073,0.0,92744.0,5.172000000000001,5.4555,0,B,钻潜评级策略,5.3,5.03,0.27,5.29,5.04
000552,甘肃能化,2.61,2.7559055118110187,0.0,633049.0,2.58,2.479,0,B,钻潜评级策略,2.57,2.45,0.12,2.56,2.45
000558,天府文旅,3.33,1.2158054711246313,0.0,285640.0,3.258,3.2275,0,B,钻潜评级策略,0.0,0.0,0.0,0.0,0.0
000561,烽火电子,7.39,2.2130013831258566,0.0,108445.0,7.186,7.142,0,B,钻潜评级策略,7.26,6.91,0.35,7.25,6.92
000564,供销大集,1.4,2.941176470588225,0.0,3051847.0,1.36,1.348,0,B,钻潜评级策略,1.38,1.33,0.05,1.38,1.33
000567,海德股份,6.0,6.0070671378091856,0.0,399709.0,5.65,5.8095,0,B,钻潜评级策略,5.6,5.31,0.29,5.59,5.32
000570,苏常柴A,4.92,1.4432989690721598,0.0,100774.0,4.84,4.843999999999999,0,B,钻潜评级策略,4.91,4.65,0.26,4.9,4.66
000568,泸州老窖,88.23,1.413793103448291,0.0,178435.0,85.42,81.463,0,B,钻潜评级策略,87.22,82.74,4.48,87.05,82.91
000571,新大洲A,5.65,-2.753872633390697,0.0,226308.0,5.9079999999999995,6.224500000000001,0,B,钻潜评级策略,0.0,0.0,0.0,0.0,0.0
000576,甘化科工,6.69,1.0574018126888296,0.0,100967.0,6.556,6.7875,0,B,钻潜评级策略,0.0,0.0,0.0,0.0,0.0
000581,威孚高科,17.61,2.9824561403508643,0.0,107778.0,17.144,17.341,0,B,钻潜评级策略,17.69,16.77,0.92,17.65,16.8
000582,北部湾港,12.32,0.24410089503661414,0.0,332663.0,12.176,11.3995,0,B,钻潜评级策略,11.3,10.73,0.57,11.28,10.75
000590,古汉医药,8.08,0.0,0.0,29810.0,7.962000000000001,8.144000000000002,0,B,钻潜评级策略,8.09,7.68,0.41,8.07,7.7
000596,古井贡酒,90.91,0.5085682697622884,0.0,95409.0,89.50399999999999,85.3375,0,B,钻潜评级策略,81.29,77.43,3.86,81.13,77.59
000599,青岛双星,4.59,1.5486725663716783,0.0,105429.0,4.474,4.3915,0,B,钻潜评级策略,4.37,4.14,0.23,4.36,4.15
000607,华媒控股,3.44,2.0771513353115667,0.0,108247.0,3.312,3.247,0,B,钻潜评级策略,3.33,3.15,0.18,3.32,3.16
000612,焦作万方,11.01,4.558404558404572,0.0,494197.0,10.722,10.5375,0,B,钻潜评级策略,10.88,10.36,0.52,10.86,10.38
000617,中油资本,7.05,2.470930232558133,0.0,964642.0,6.956,6.8115,0,B,钻潜评级策略,6.95,6.59,0.36,6.94,6.6
000615,*ST美谷,3.01,1.0067114093959662,0.0,43557.0,2.9899999999999998,3.0985,0,B,钻潜评级策略,3.08,2.92,0.16,3.07,2.93
000625,长安汽车,7.52,2.8727770177838563,0.0,1401721.0,7.324,7.163000000000001,0,B,钻潜评级策略,7.41,7.06,0.35,7.4,7.07
000629,钒钛股份,3.08,1.3157894736842035,0.0,972684.0,3.072,3.1235,0,B,钻潜评级策略,3.17,3.0,0.17,3.16,3.01
000630,铜陵有色,6.15,1.1513157894736947,0.0,1926907.0,6.140000000000001,6.085,0,B,钻潜评级策略,6.18,5.99,0.19,6.17,6.0
000631,顺发恒能,2.92,1.7421602787456303,0.0,121213.0,2.8899999999999997,2.8695,0,B,钻潜评级策略,2.91,2.77,0.14,2.9,2.78
000635,英力特,6.14,1.655629139072845,0.0,45632.0,6.029999999999999,6.0085,0,B,钻潜评级策略,0.0,0.0,0.0,0.0,0.0
000637,茂化实华,3.59,1.6997167138810276,0.0,109977.0,3.53,3.5575,0,B,钻潜评级策略,0.0,0.0,0.0,0.0,0.0
000655,金岭矿业,6.68,2.1406727828746197,0.0,56921.0,6.552,6.469500000000001,0,B,钻潜评级策略,6.72,6.37,0.35,6.71,6.38
000661,长春高新,81.15,1.9728575018848948,0.0,105291.0,78.86,72.819,0,B,钻潜评级策略,0.0,0.0,0.0,0.0,0.0
000665,湖北广电,3.81,1.0610079575596787,0.0,128430.0,3.7320000000000007,3.7254999999999994,0,B,钻潜评级策略,3.71,3.52,0.19,3.7,3.53
000669,ST金鸿,3.41,0.0,0.0,27580.0,3.3979999999999997,3.5789999999999997,0,B,钻潜评级策略,3.79,3.6,0.19,3.78,3.61
000680,山推股份,11.29,5.219012115563837,0.0,363817.0,10.794,10.394499999999999,0,B,钻潜评级策略,10.86,10.38,0.48,10.84,10.4
000682,东方电子,11.99,3.362068965517251,0.0,286560.0,11.828,11.895,0,B,钻潜评级策略,11.9,11.34,0.56,11.88,11.36
000690,宝新能源,5.09,4.948453608247427,0.0,1571547.0,4.93,4.7284999999999995,0,B,钻潜评级策略,4.69,4.44,0.25,4.68,4.45
000695,滨海能源,12.99,1.8823529411764683,0.0,68108.0,12.963999999999999,12.4745,0,B,钻潜评级策略,13.41,12.74,0.67,13.38,12.77
000701,厦门信达,4.78,1.271186440677985,0.0,125950.0,4.6,4.568,0,B,钻潜评级策略,0.0,0.0,0.0,0.0,0.0
000705,浙江震元,6.46,1.5723270440251458,0.0,50667.0,6.3100000000000005,6.291,0,B,钻潜评级策略,6.36,6.08,0.28,6.35,6.09
000707,双环科技,4.38,2.8169014084507005,0.0,87728.0,4.26,4.2795000000000005,0,B,钻潜评级策略,4.34,4.12,0.22,4.33,4.13
000712,锦龙股份,8.48,1.8007202881152429,0.0,249614.0,8.502,8.527,0,B,钻潜评级策略,8.55,8.17,0.38,8.53,8.19
000715,中兴商业,4.73,2.826086956521756,0.0,98164.0,4.58,4.6945,0,B,钻潜评级策略,4.63,4.41,0.22,4.62,4.42
000716,黑芝麻,4.63,3.811659192825112,0.0,278421.0,4.424,4.404,0,B,钻潜评级策略,4.43,4.23,0.2,4.42,4.24
000713,国投丰乐,5.67,1.0695187165775222,0.0,44998.0,5.614,5.567,0,B,钻潜评级策略,5.72,5.5,0.22,5.71,5.51
000718,苏宁环球,1.86,0.0,0.0,237699.0,1.83,1.8080000000000003,0,B,钻潜评级策略,1.86,1.77,0.09,1.86,1.77
000721,西安饮食,6.19,0.978792822185981,0.0,215780.0,5.908,5.727,0,B,钻潜评级策略,5.82,5.55,0.27,5.81,5.56
000723,美锦能源,3.57,1.7094017094017033,0.0,509692.0,3.55,3.435,0,B,钻潜评级策略,3.45,3.29,0.16,3.44,3.3
000731,四川美丰,5.87,2.086956521739136,0.0,62428.0,5.788,5.7285,0,B,钻潜评级策略,5.92,5.62,0.3,5.91,5.63
000735,罗牛山,5.08,1.6000000000000014,0.0,201836.0,4.984,4.976,0,B,钻潜评级策略,5.06,4.8,0.26,5.05,4.81
000737,北方铜业,13.26,1.0670731707317138,0.0,345172.0,13.154,12.855,0,B,钻潜评级策略,13.24,12.65,0.59,13.21,12.68
000736,中交发展,4.4,10.000000000000009,0.0,158826.0,4.0280000000000005,3.9435000000000002,0,B,钻潜评级策略,0.0,0.0,0.0,0.0,0.0
000738,航发控制,18.43,1.8794914317302291,0.0,139237.0,18.098000000000003,17.56,0,B,钻潜评级策略,17.23,16.34,0.89,17.2,16.37
000739,普洛药业,20.66,5.677749360613804,0.0,228472.0,20.176,19.3185,0,B,钻潜评级策略,0.0,0.0,0.0,0.0,0.0
000752,*ST西发,8.01,1.1363636363636243,0.0,19220.0,8.008,7.9125,0,B,钻潜评级策略,8.17,7.87,0.3,8.15,7.89
000758,中色股份,5.88,2.977232924693518,0.0,357759.0,5.76,5.845000000000001,0,B,钻潜评级策略,5.89,5.6,0.29,5.88,5.61
000757,浩物股份,3.68,3.08123249299721,0.0,144628.0,3.522,3.59,0,B,钻潜评级策略,0.0,0.0,0.0,0.0,0.0
000761,本钢板材,2.32,2.2026431718061623,0.0,183791.0,2.278,2.243,0,B,钻潜评级策略,2.23,2.13,0.1,2.23,2.13
000768,中航西飞,20.98,1.2059816690786374,0.0,223444.0,20.712,20.301,0,B,钻潜评级策略,21.14,20.1,1.04,21.1,20.14
000776,广发证券,21.68,1.8318459370596507,0.0,741837.0,21.878,22.391,0,B,钻潜评级策略,21.95,20.97,0.98,21.91,21.01
000777,中核科技,17.26,1.5294117647058902,0.0,120018.0,16.894,16.9435,0,B,钻潜评级策略,0.0,0.0,0.0,0.0,0.0
000778,新兴铸管,3.83,1.3227513227513255,0.0,906748.0,3.7879999999999994,3.7275,0,B,钻潜评级策略,3.86,3.69,0.17,3.85,3.7
000783,长江证券,8.6,2.8708133971291794,0.0,1075426.0,8.668000000000001,8.9255,0,B,钻潜评级策略,8.74,8.29,0.45,8.72,8.31
000785,居然智家,2.25,3.2110091743119185,0.0,1169908.0,2.1719999999999997,2.1100000000000003,0,B,钻潜评级策略,2.19,2.09,0.1,2.19,2.09
000788,北大医药,5.2,0.38610038610038533,0.0,125664.0,5.138,5.2245,0,B,钻潜评级策略,0.0,0.0,0.0,0.0,0.0
000790,华神科技,3.75,1.0781671159029615,0.0,143709.0,3.696,3.7020000000000004,0,B,钻潜评级策略,0.0,0.0,0.0,0.0,0.0
000793,*ST华闻,2.19,-0.454545454545463,0.0,106496.0,2.2060000000000004,2.4095000000000004,0,B,钻潜评级策略,2.25,2.14,0.11,2.25,2.14
000791,甘肃能源,7.81,2.2251308900523625,0.0,315378.0,7.726000000000001,7.595000000000001,0,B,钻潜评级策略,7.4,7.03,0.37,7.39,7.04
000796,凯撒旅业,3.73,2.191780821917799,0.0,393057.0,3.6060000000000003,3.6399999999999997,0,B,钻潜评级策略,3.99,3.78,0.21,3.98,3.79
000798,中水渔业,7.86,1.5503875968992276,0.0,56839.0,7.672,7.521000000000001,0,B,钻潜评级策略,7.77,7.36,0.41,7.75,7.37
000799,酒鬼酒,39.04,0.9568140677527648,0.0,105898.0,38.646,39.1345,0,B,钻潜评级策略,39.46,37.61,1.85,39.38,37.69
000801,四川九洲,11.33,1.7055655296229766,0.0,144207.0,11.02,11.343,0,B,钻潜评级策略,11.19,10.62,0.57,11.17,10.64
000807,云铝股份,26.15,2.148437499999978,0.0,662984.0,25.927999999999997,24.3935,0,B,钻潜评级策略,0.0,0.0,0.0,0.0,0.0
000803,山高环能,6.6,1.8518518518518379,0.0,113946.0,6.628,6.55,0,B,钻潜评级策略,6.74,6.41,0.33,6.73,6.42
000812,陕西金叶,3.37,2.1212121212121238,0.0,124355.0,3.28,3.229,0,B,钻潜评级策略,3.31,3.14,0.17,3.3,3.15
000816,智慧农业,2.57,1.1811023622047223,0.0,228463.0,2.5220000000000007,2.4425,0,B,钻潜评级策略,2.58,2.45,0.13,2.57,2.45
000820,*ST节能,2.91,0.0,0.0,5.877471754111438e-39,2.912,2.8745,0,B,钻潜评级策略,3.01,2.86,0.15,3.0,2.87
000825,太钢不锈,3.61,2.8490028490028463,0.0,461375.0,3.5479999999999996,3.4765,0,B,钻潜评级策略,3.61,3.42,0.19,3.6,3.43
000830,鲁西化工,12.84,2.719999999999989,0.0,390858.0,12.62,12.2985,0,B,钻潜评级策略,12.34,11.69,0.65,12.32,11.71
000831,中国稀土,48.03,2.6720820863616934,0.0,220417.0,48.05,48.536500000000004,0,B,钻潜评级策略,48.48,45.91,2.57,48.38,46.0
000839,国安股份,2.82,5.617977528089879,0.0,2587647.0,2.62,2.505,0,B,钻潜评级策略,0.0,0.0,0.0,0.0,0.0
000850,华茂股份,4.01,0.24999999999999467,0.0,60890.0,3.972,3.9179999999999993,0,B,钻潜评级策略,4.06,3.84,0.22,4.05,3.85
000860,顺鑫农业,10.84,1.4031805425631427,0.0,132997.0,10.652000000000001,10.486500000000001,0,B,钻潜评级策略,10.16,9.65,0.51,10.14,9.67
000876,新希望,6.9,0.5830903790087438,0.0,273527.0,6.858,7.027499999999999,0,B,钻潜评级策略,6.97,6.67,0.3,6.96,6.68
000877,天山股份,3.74,3.03030303030305,0.0,214947.0,3.6439999999999997,3.661,0,B,钻潜评级策略,3.7,3.53,0.17,3.69,3.54
000878,云南铜业,15.53,2.0367936925098418,0.0,304597.0,15.431999999999999,15.252,0,B,钻潜评级策略,15.7,14.95,0.75,15.67,14.98
000881,中广核技,6.37,1.2718600953895098,0.0,74293.0,6.284,6.2545,0,B,钻潜评级策略,6.31,6.03,0.28,6.3,6.04
000882,华联股份,1.41,2.1739130434782705,0.0,707761.0,1.372,1.354,0,B,钻潜评级策略,1.38,1.32,0.06,1.38,1.32
000886,海南高速,4.54,0.6651884700665134,0.0,136450.0,4.482,4.3275,0,B,钻潜评级策略,4.56,4.34,0.22,4.55,4.35
000887,中鼎股份,17.02,2.099580083983188,0.0,271603.0,16.738,17.966,0,B,钻潜评级策略,16.98,16.1,0.88,16.95,16.13
000893,亚钾国际,51.33,1.583217890362154,0.0,166371.0,49.388,44.269999999999996,0,B,钻潜评级策略,0.0,0.0,0.0,0.0,0.0
000898,鞍钢股份,2.05,2.499999999999991,0.0,510767.0,2.01,1.94,0,B,钻潜评级策略,2.06,1.97,0.09,2.06,1.97
000902,新洋丰,13.76,2.3048327137546565,0.0,139079.0,13.488,12.848499999999998,0,B,钻潜评级策略,13.78,13.07,0.71,13.75,13.1
000903,ST云动,1.74,1.1627906976744207,0.0,138477.0,1.7120000000000002,1.7419999999999998,0,B,钻潜评级策略,1.85,1.76,0.09,1.85,1.76
000909,*ST数源,4.38,-1.3513513513513598,0.0,157688.0,4.068,4.092499999999999,0,B,钻潜评级策略,4.22,4.02,0.2,4.21,4.03
000908,石药景峰,6.15,-1.9138755980861122,0.0,202373.0,6.252,6.6450000000000005,0,B,钻潜评级策略,0.0,0.0,0.0,0.0,0.0
000912,泸天化,3.64,3.116147308781869,0.0,251375.0,3.56,3.4459999999999993,0,B,钻潜评级策略,3.39,3.22,0.17,3.38,3.23
000917,电广传媒,6.78,2.4169184290030232,0.0,300462.0,6.556,6.551,0,B,钻潜评级策略,6.55,6.25,0.3,6.54,6.26
000919,金陵药业,6.25,1.296596434359798,0.0,101215.0,6.156000000000001,6.1825,0,B,钻潜评级策略,6.29,5.96,0.33,6.28,5.97
000923,河钢资源,15.0,0.9421265141319024,0.0,143323.0,14.485999999999999,13.4405,0,B,钻潜评级策略,13.34,12.72,0.62,13.31,12.75
000926,福星股份,2.11,1.9323671497584627,0.0,240295.0,2.0380000000000003,1.9855,0,B,钻潜评级策略,2.0,1.91,0.09,2.0,1.91
000927,中国铁物,2.5,1.6260162601626105,0.0,591347.0,2.46,2.402,0,B,钻潜评级策略,2.53,2.41,0.12,2.52,2.41
000930,中粮科技,4.66,2.8697571743929284,0.0,214579.0,4.57,4.529,0,B,钻潜评级策略,4.69,4.44,0.25,4.68,4.45
000928,中钢国际,5.13,1.7857142857142794,0.0,204746.0,5.046,4.9765,0,B,钻潜评级策略,5.15,4.92,0.23,5.14,4.93
000932,华菱钢铁,3.92,4.533333333333323,0.0,1559233.0,3.808,3.6355000000000004,0,B,钻潜评级策略,3.75,3.55,0.2,3.74,3.56
000933,神火股份,25.75,2.589641434262946,0.0,596760.0,25.488,23.9125,0,B,钻潜评级策略,21.82,20.7,1.12,21.78,20.74
000937,冀中能源,4.78,3.0172413793103647,0.0,254373.0,4.769999999999999,4.496499999999999,0,B,钻潜评级策略,4.35,4.12,0.23,4.34,4.13
000950,重药控股,5.43,1.6853932584269593,0.0,239442.0,5.324,5.321,0,B,钻潜评级策略,5.46,5.22,0.24,5.45,5.23
000951,中国重汽,23.23,5.399274047186942,0.0,173800.0,22.474,21.7845,0,B,钻潜评级策略,0.0,0.0,0.0,0.0,0.0
000952,广济药业,5.51,0.0,0.0,64132.0,5.398,5.5255,0,B,钻潜评级策略,5.91,5.62,0.29,5.9,5.63
000955,欣龙控股,3.86,2.3872679045092715,0.0,112950.0,3.7339999999999995,4.058999999999999,0,B,钻潜评级策略,0.0,0.0,0.0,0.0,0.0
000953,中哲精化,5.38,1.1278195488721776,0.0,52592.0,5.264,5.2905,0,B,钻潜评级策略,5.59,5.3,0.29,5.58,5.31
000959,首钢股份,3.92,0.7712082262210762,0.0,698823.0,3.85,3.6635,0,B,钻潜评级策略,3.92,3.71,0.21,3.91,3.72
000966,长源电力,4.31,0.936768149882905,0.0,521970.0,4.286,4.0805,0,B,钻潜评级策略,4.06,3.87,0.19,4.05,3.88
000968,蓝焰控股,6.86,3.782148260211793,0.0,472455.0,6.876,6.6105,0,B,钻潜评级策略,6.37,6.06,0.31,6.36,6.07
000970,中科三环,12.86,0.15576323987538387,0.0,578417.0,13.12,14.476499999999998,0,B,钻潜评级策略,0.0,0.0,0.0,0.0,0.0
000978,桂林旅游,5.8,0.17271157167528806,0.0,127220.0,5.702,5.5005,0,B,钻潜评级策略,5.63,5.37,0.26,5.62,5.38
000985,大庆华科,14.24,1.2802275960170695,0.0,15968.0,14.062000000000001,14.2985,0,B,钻潜评级策略,14.32,13.57,0.75,14.29,13.6
000987,越秀资本,7.76,2.645502645502651,0.0,394654.0,7.651999999999999,7.7844999999999995,0,B,钻潜评级策略,7.8,7.46,0.34,7.78,7.47
001201,东瑞股份,11.26,1.1680143755615324,0.0,22680.0,11.16,11.4705,0,B,钻潜评级策略,11.37,10.85,0.52,11.35,10.87
001218,丽臣实业,21.7,3.3333333333333215,0.0,20836.0,21.206,22.6465,0,B,钻潜评级策略,21.64,20.59,1.05,21.6,20.63
001216,华瓷股份,13.53,0.6696428571428603,0.0,29760.0,13.447999999999999,13.744499999999999,0,B,钻潜评级策略,13.89,13.16,0.73,13.86,13.19
001217,华尔泰,9.76,3.940362087326932,0.0,82591.0,9.1,8.761,0,B,钻潜评级策略,0.0,0.0,0.0,0.0,0.0
001219,青岛食品,12.41,3.76254180602007,0.0,38693.0,11.952,12.0225,0,B,钻潜评级策略,12.05,11.59,0.46,12.03,11.61
001220,世盟股份,29.13,2.3541813070976803,0.0,9644.0,28.292,28.380000000000003,0,B,钻潜评级策略,28.18,27.13,1.05,28.12,27.18
001222,源飞宠物,14.03,2.334062727935793,0.0,52330.0,13.388,13.504499999999998,0,B,钻潜评级策略,13.39,12.68,0.71,13.36,12.71
001236,弘业期货,7.52,3.1550068587105518,0.0,164261.0,7.236,7.100499999999999,0,B,钻潜评级策略,7.26,6.89,0.37,7.25,6.9
001285,瑞立科密,40.23,1.1566507417651417,0.0,10708.0,39.838,40.4285,0,B,钻潜评级策略,40.51,38.91,1.6,40.43,38.99
001288,运机集团,25.59,-0.6213592233009768,0.0,43174.0,25.509999999999998,24.034,0,B,钻潜评级策略,0.0,0.0,0.0,0.0,0.0
001289,龙源电力,16.27,0.43209876543210957,0.0,55236.0,16.318,16.047,0,B,钻潜评级策略,15.97,15.32,0.65,15.94,15.35
001313,粤海饲料,7.1,1.573676680972813,0.0,127751.0,7.045999999999999,7.505,0,B,钻潜评级策略,7.21,6.89,0.32,7.2,6.9
001314,亿道信息,48.02,-3.7868162692846985,0.0,66536.0,48.788,55.583000000000006,0,B,钻潜评级策略,0.0,0.0,0.0,0.0,0.0
001318,阳光乳业,11.1,10.009910802775025,0.0,116225.0,10.062000000000001,10.1785,0,B,钻潜评级策略,10.37,9.85,0.52,10.35,9.87
001322,箭牌家居,6.08,1.6722408026755842,0.0,72598.0,5.998,6.1945,0,B,钻潜评级策略,6.48,6.18,0.3,6.47,6.19
001324,长青科技,18.95,0.052798310454060804,0.0,16442.0,18.354000000000003,18.829500000000003,0,B,钻潜评级策略,0.0,0.0,0.0,0.0,0.0
001328,登康口腔,32.08,0.8170961659333731,0.0,33645.0,30.637999999999998,28.1115,0,B,钻潜评级策略,26.94,25.53,1.41,26.89,25.58
001356,富岭股份,8.42,1.0804321728691502,0.0,47564.0,8.35,8.494,0,B,钻潜评级策略,8.54,8.14,0.4,8.52,8.16
001367,海森药业,17.95,1.7573696145124718,0.0,11133.0,17.532,18.597,0,B,钻潜评级策略,0.0,0.0,0.0,0.0,0.0
001369,双欣材料,12.79,2.813504823151125,0.0,118035.0,12.622,12.593,0,B,钻潜评级策略,11.89,11.33,0.56,11.87,11.35
001380,华纬科技,15.72,1.81347150259068,0.0,13031.0,15.39,15.854999999999999,0,B,钻潜评级策略,15.58,14.83,0.75,15.55,14.86
001386,马可波罗,14.98,0.9433962264151052,0.0,45458.0,14.746,14.460999999999999,0,B,钻潜评级策略,14.74,14.01,0.73,14.71,14.04
002004,华邦健康,4.35,1.635514018691575,0.0,220684.0,4.284000000000001,4.2455,0,B,钻潜评级策略,4.39,4.16,0.23,4.38,4.17
002001,新和成,30.3,3.802672147995878,0.0,344550.0,30.172000000000004,29.6245,0,B,钻潜评级策略,0.0,0.0,0.0,0.0,0.0
002005,德豪润达,2.21,0.0,0.0,171309.0,2.252,2.3474999999999997,0,B,钻潜评级策略,2.45,2.33,0.12,2.45,2.33
002010,传化智联,4.72,3.056768558951961,0.0,271987.0,4.586,4.586499999999999,0,B,钻潜评级策略,4.63,4.44,0.19,4.62,4.45
002016,世荣兆业,4.22,1.9323671497584627,0.0,105204.0,4.13,4.0985,0,B,钻潜评级策略,4.19,3.98,0.21,4.18,3.99
002019,亿帆医药,10.24,2.605210420841675,0.0,115200.0,10.062000000000001,10.114,0,B,钻潜评级策略,10.48,9.97,0.51,10.46,9.99
002020,京新药业,13.88,1.9838354151359372,0.0,132315.0,13.788,14.319999999999999,0,B,钻潜评级策略,13.98,13.28,0.7,13.95,13.31
002021,中捷资源,2.56,4.918032786885251,0.0,530430.0,2.37,2.378,0,B,钻潜评级策略,2.29,2.18,0.11,2.29,2.18
002022,科华生物,5.05,0.5976095617529875,0.0,58565.0,4.934,4.936,0,B,钻潜评级策略,4.97,4.72,0.25,4.96,4.73
002026,山东威达,9.8,2.2964509394572064,0.0,49949.0,9.556000000000001,10.121500000000001,0,B,钻潜评级策略,9.64,9.16,0.48,9.62,9.18
002028,思源电气,165.66,2.7157738095238138,0.0,100236.0,164.50400000000002,159.716,0,B,钻潜评级策略,0.0,0.0,0.0,0.0,0.0
002033,丽江股份,8.58,1.0600706713780994,0.0,169430.0,8.430000000000001,8.374,0,B,钻潜评级策略,8.57,8.2,0.37,8.55,8.22
002038,双鹭药业,5.49,0.0,0.0,307139.0,5.486,6.057,0,B,钻潜评级策略,0.0,0.0,0.0,0.0,0.0
002037,保利联合,6.72,9.983633387888702,0.0,75235.0,6.138,6.0685,0,B,钻潜评级策略,6.53,6.22,0.31,6.52,6.23
002041,登海种业,8.53,1.1862396204033177,0.0,102643.0,8.459999999999999,8.316,0,B,钻潜评级策略,8.66,8.2,0.46,8.64,8.22
002040,南京港,8.09,1.251564455569465,0.0,62180.0,8.047999999999998,7.8629999999999995,0,B,钻潜评级策略,8.16,7.8,0.36,8.14,7.82
002043,兔宝宝,13.73,6.931464174454827,0.0,221075.0,12.698,11.836500000000001,0,B,钻潜评级策略,0.0,0.0,0.0,0.0,0.0
002049,紫光国微,64.86,1.629583202757745,0.0,219046.0,64.876,73.5535,0,B,钻潜评级策略,0.0,0.0,0.0,0.0,0.0
002053,云南能投,9.55,2.3579849946409492,0.0,91717.0,9.39,9.408,0,B,钻潜评级策略,9.45,9.05,0.4,9.43,9.07
002054,德美化工,6.9,5.022831050228316,0.0,178567.0,6.636,6.7715000000000005,0,B,钻潜评级策略,6.7,6.39,0.31,6.69,6.4
002063,远光软件,5.42,1.3084112149532867,0.0,280914.0,5.318,5.2490000000000006,0,B,钻潜评级策略,5.31,5.03,0.28,5.3,5.04
002064,华峰化学,11.22,2.1857923497267784,0.0,366443.0,11.014,10.501,0,B,钻潜评级策略,0.0,0.0,0.0,0.0,0.0
002066,瑞泰科技,20.56,-1.4853857211308163,0.0,33761.0,20.434,20.352,0,B,钻潜评级策略,20.79,19.76,1.03,20.75,19.8
002065,东华软件,6.92,1.1695906432748648,0.0,407518.0,6.82,6.933999999999999,0,B,钻潜评级策略,7.1,6.74,0.36,7.09,6.75
002069,獐子岛,3.11,1.6339869281045694,0.0,90888.0,3.05,3.085,0,B,钻潜评级策略,3.08,2.93,0.15,3.07,2.94
002073,软控股份,5.65,2.7272727272727337,0.0,182660.0,5.488,5.364,0,B,钻潜评级策略,5.54,5.32,0.22,5.53,5.33
002075,沙钢股份,3.63,3.418803418803429,0.0,460518.0,3.508,3.4434999999999993,0,B,钻潜评级策略,3.54,3.37,0.17,3.53,3.38
002083,孚日股份,11.88,10.000000000000009,0.0,1210540.0,11.334,10.1765,0,B,钻潜评级策略,0.0,0.0,0.0,0.0,0.0
002085,万丰奥威,10.35,2.678571428571419,0.0,317354.0,10.166,10.369,0,B,钻潜评级策略,10.42,9.89,0.53,10.4,9.91
002084,海鸥住工,3.44,2.3809523809523725,0.0,150934.0,3.346,3.5284999999999997,0,B,钻潜评级策略,0.0,0.0,0.0,0.0,0.0
002086,东方海洋,1.8,1.6949152542372836,0.0,297647.0,1.752,1.7449999999999999,0,B,钻潜评级策略,1.76,1.69,0.07,1.76,1.69
002088,鲁阳节能,7.21,2.853067047075619,0.0,48793.0,7.159999999999999,7.408499999999999,0,B,钻潜评级策略,8.07,7.69,0.38,8.05,7.71
002090,金智科技,9.26,4.3968432919955,0.0,112843.0,8.802,8.8895,0,B,钻潜评级策略,8.8,8.34,0.46,8.78,8.36
002093,国脉科技,6.76,1.9607843137254832,0.0,174568.0,6.531999999999999,6.3885,0,B,钻潜评级策略,6.53,6.22,0.31,6.52,6.23
002094,青岛金王,4.56,3.4013605442176686,0.0,248115.0,4.372,4.3635,0,B,钻潜评级策略,4.38,4.2,0.18,4.37,4.21
002095,生意宝,13.6,0.8154188287620379,0.0,24760.0,13.294000000000002,13.117500000000001,0,B,钻潜评级策略,13.43,12.78,0.65,13.4,12.81
002096,易普力,9.38,2.5136612021857907,0.0,113295.0,9.182,9.0275,0,B,钻潜评级策略,8.93,8.53,0.4,8.91,8.55
002098,浔兴股份,6.56,1.8633540372670732,0.0,30509.0,6.366,6.464499999999999,0,B,钻潜评级策略,6.38,6.05,0.33,6.37,6.06
002099,海翔药业,5.47,4.789272030651337,0.0,307643.0,5.208,5.211,0,B,钻潜评级策略,5.09,4.86,0.23,5.08,4.87
002100,天康生物,7.03,0.7163323782234832,0.0,150478.0,7.026000000000001,6.8075,0,B,钻潜评级策略,7.14,6.89,0.25,7.13,6.9
002102,ST能特,2.31,0.0,0.0,105428.0,2.328,2.376,0,B,钻潜评级策略,2.39,2.28,0.11,2.39,2.28
002101,广东鸿图,8.76,2.3364485981308247,0.0,64234.0,8.532,8.963999999999999,0,B,钻潜评级策略,9.57,9.11,0.46,9.55,9.13
002103,广博股份,6.34,2.4232633279482885,0.0,86292.0,6.124,6.068499999999999,0,B,钻潜评级策略,6.13,5.86,0.27,6.12,5.87
002105,信隆健康,5.25,2.941176470588247,0.0,79446.0,5.018000000000001,5.022,0,B,钻潜评级策略,0.0,0.0,0.0,0.0,0.0
002107,沃华医药,6.04,1.342281879194629,0.0,90628.0,5.978,6.254,0,B,钻潜评级策略,0.0,0.0,0.0,0.0,0.0
002110,三钢闽光,3.1,2.6490066225165476,0.0,310406.0,3.036,2.973,0,B,钻潜评级策略,3.08,2.92,0.16,3.07,2.93
002111,威海广泰,9.5,1.7130620985010614,0.0,76296.0,9.319999999999999,9.241,0,B,钻潜评级策略,9.4,8.97,0.43,9.38,8.99
002117,东港股份,7.87,1.2870012870012992,0.0,70432.0,7.68,7.83,0,B,钻潜评级策略,7.8,7.39,0.41,7.78,7.4
002116,中国海诚,6.99,1.4513788098693858,0.0,33373.0,6.892,6.8835,0,B,钻潜评级策略,7.04,6.71,0.33,7.03,6.72
002120,韵达股份,6.83,1.0355029585798814,0.0,372887.0,6.719999999999999,6.7490000000000006,0,B,钻潜评级策略,6.88,6.53,0.35,6.87,6.54
002123,梦网科技,8.24,0.3654080389768444,0.0,228700.0,7.953999999999999,8.194,0,B,钻潜评级策略,0.0,0.0,0.0,0.0,0.0
002124,天邦食品,2.19,0.4587155963302614,0.0,487788.0,2.176,2.246,0,B,钻潜评级策略,2.22,2.12,0.1,2.22,2.12
002127,南极电商,3.07,1.320132013201314,0.0,495477.0,2.996,2.9234999999999998,0,B,钻潜评级策略,2.84,2.7,0.14,2.83,2.71
002128,电投能源,26.76,2.5287356321838983,0.0,125032.0,26.613999999999997,25.3615,0,B,钻潜评级策略,0.0,0.0,0.0,0.0,0.0
002129,TCL中环,8.62,0.8187134502923854,0.0,1001133.0,8.636,9.649000000000001,0,B,钻潜评级策略,8.73,8.28,0.45,8.71,8.3
002133,广宇集团,2.5,2.0408163265306145,0.0,134782.0,2.418,2.4579999999999997,0,B,钻潜评级策略,2.42,2.31,0.11,2.42,2.31
002136,安纳达,11.93,0.25210084033613356,0.0,64172.0,11.894000000000002,11.9535,0,B,钻潜评级策略,0.0,0.0,0.0,0.0,0.0
002139,拓邦股份,9.79,3.0526315789473513,0.0,206648.0,9.558,9.7715,0,B,钻潜评级策略,9.69,9.32,0.37,9.67,9.34
002140,东华科技,8.83,1.4942528735632177,0.0,56089.0,8.702000000000002,8.833499999999999,0,B,钻潜评级策略,8.91,8.43,0.48,8.89,8.45
002145,钛能化学,4.63,1.758241758241752,0.0,526727.0,4.508,4.4625,0,B,钻潜评级策略,4.47,4.24,0.23,4.46,4.25
002146,荣盛发展,1.11,1.8348623853211121,0.0,1151756.0,1.092,1.093,0,B,钻潜评级策略,1.11,1.06,0.05,1.11,1.06
002148,北纬科技,6.17,3.005008347245397,0.0,222958.0,5.93,6.1115,0,B,钻潜评级策略,5.92,5.64,0.28,5.91,5.65
002155,湖南黄金,22.81,2.2411474675033682,0.0,376606.0,22.684,22.902,0,B,钻潜评级策略,23.1,21.96,1.14,23.05,22.0
002153,石基信息,7.95,-0.5006257822277815,0.0,332537.0,7.686,7.5735,0,B,钻潜评级策略,7.81,7.43,0.38,7.79,7.44
002159,三特索道,12.83,1.1032308904649346,0.0,32449.0,12.588,12.671,0,B,钻潜评级策略,12.66,12.12,0.54,12.63,12.14
002160,常铝股份,3.76,0.8042895442359255,0.0,162849.0,3.696,3.6345000000000005,0,B,钻潜评级策略,3.74,3.55,0.19,3.73,3.56
002162,悦心健康,3.96,0.0,0.0,186453.0,3.864,3.732,0,B,钻潜评级策略,3.84,3.64,0.2,3.83,3.65
002166,莱茵生物,6.61,2.0061728395061706,0.0,177381.0,6.448,6.5045,0,B,钻潜评级策略,6.5,6.21,0.29,6.49,6.22
002168,ST惠程,3.67,1.6620498614958512,0.0,59463.0,3.564,3.601,0,B,钻潜评级策略,3.68,3.5,0.18,3.67,3.51
002172,澳洋健康,3.16,0.0,0.0,179006.0,3.096,3.0305,0,B,钻潜评级策略,0.0,0.0,0.0,0.0,0.0
002170,芭田股份,11.65,3.0973451327433565,0.0,279980.0,11.28,10.993,0,B,钻潜评级策略,11.45,10.85,0.6,11.43,10.87
002174,游族网络,11.4,1.9677996422182487,0.0,429886.0,11.026,11.7785,0,B,钻潜评级策略,0.0,0.0,0.0,0.0,0.0
002175,*ST东智,2.37,-0.42016806722687816,0.0,208551.0,2.434,2.5845,0,B,钻潜评级策略,0.0,0.0,0.0,0.0,0.0
002180,奔图科技,16.79,0.5991611743559,0.0,99506.0,16.746000000000002,16.392500000000002,0,B,钻潜评级策略,0.0,0.0,0.0,0.0,0.0
002186,全聚德,9.12,0.8849557522123908,0.0,48794.0,8.886,8.7595,0,B,钻潜评级策略,8.92,8.51,0.41,8.9,8.53
002184,海得控制,9.62,2.2316684378320906,0.0,75461.0,9.284,9.351,0,B,钻潜评级策略,9.29,8.84,0.45,9.27,8.86
002187,广百股份,5.17,4.024144869215296,0.0,222376.0,4.917999999999999,4.8475,0,B,钻潜评级策略,4.92,4.67,0.25,4.91,4.68
002189,中光学,18.73,-0.37234042553191404,0.0,43105.0,18.798,19.0405,0,B,钻潜评级策略,19.07,18.24,0.83,19.03,18.28
002191,劲嘉股份,3.75,0.2673796791443861,0.0,89064.0,3.71,3.7235,0,B,钻潜评级策略,3.78,3.58,0.2,3.77,3.59
002200,交投生态,6.52,2.3547880690737655,0.0,33406.0,6.247999999999999,6.343999999999999,0,B,钻潜评级策略,0.0,0.0,0.0,0.0,0.0
002204,大连重工,5.37,2.6768642447418722,0.0,276924.0,5.2379999999999995,5.2005,0,B,钻潜评级策略,5.29,5.05,0.24,5.28,5.06
002206,海利得,5.33,0.7561436672967936,0.0,98029.0,5.228,5.2524999999999995,0,B,钻潜评级策略,5.35,5.09,0.26,5.34,5.1
002211,ST宏达,3.96,-4.807692307692313,0.0,333909.0,3.694,3.6575,0,B,钻潜评级策略,3.69,3.54,0.15,3.68,3.55
002212,天融信,6.6,9.999999999999986,0.0,751934.0,5.792,5.6315,0,B,钻潜评级策略,0.0,0.0,0.0,0.0,0.0
002215,诺普信,9.11,3.640500568828209,0.0,250800.0,8.72,8.7775,0,B,钻潜评级策略,8.98,8.51,0.47,8.96,8.53
002219,新里程,2.11,-0.4716981132075526,0.0,965672.0,2.062,1.9605000000000001,0,B,钻潜评级策略,2.04,1.95,0.09,2.04,1.95
002223,鱼跃医疗,27.71,3.011152416356877,0.0,151899.0,27.118000000000002,26.851499999999998,0,B,钻潜评级策略,26.81,25.46,1.35,26.76,25.51
002224,三力士,3.45,1.7699115044247815,0.0,142500.0,3.368,3.347,0,B,钻潜评级策略,3.41,3.23,0.18,3.4,3.24
002225,濮耐股份,3.55,2.011494252873569,0.0,279537.0,3.4939999999999998,3.9074999999999998,0,B,钻潜评级策略,3.54,3.37,0.17,3.53,3.38
002226,江南化工,4.88,3.1712473572938604,0.0,275169.0,4.734,4.6235,0,B,钻潜评级策略,4.73,4.5,0.23,4.72,4.51
002228,合兴包装,3.04,1.333333333333342,0.0,191644.0,2.9699999999999998,3.0085,0,B,钻潜评级策略,2.99,2.83,0.16,2.98,2.84
002230,科大讯飞,40.07,0.6531022356191851,0.0,305618.0,39.79600000000001,40.9855,0,B,钻潜评级策略,40.53,38.47,2.06,40.45,38.55
002232,启明信息,13.88,0.9454545454545604,0.0,35341.0,13.572,13.928,0,B,钻潜评级策略,13.72,13.02,0.7,13.69,13.05
002234,民和股份,6.9,1.024890190336758,0.0,39561.0,6.856,7.042,0,B,钻潜评级策略,7.02,6.7,0.32,7.01,6.71
002237,恒邦股份,13.21,3.1225604996096834,0.0,220135.0,12.937999999999999,12.889,0,B,钻潜评级策略,12.98,12.48,0.5,12.95,12.5
002238,天威视讯,5.91,1.546391752577314,0.0,58151.0,5.692,5.5785,0,B,钻潜评级策略,5.67,5.4,0.27,5.66,5.41
002241,歌尔股份,23.69,3.6761487964989126,0.0,1396937.0,22.913999999999998,22.304,0,B,钻潜评级策略,22.42,21.38,1.04,22.38,21.42
002242,九阳股份,9.16,1.439645625692143,0.0,172859.0,8.703999999999999,8.325500000000002,0,B,钻潜评级策略,8.19,7.86,0.33,8.17,7.88
002243,力合科创,6.91,1.9174041297935096,0.0,152781.0,6.728,6.691,0,B,钻潜评级策略,6.76,6.44,0.32,6.75,6.45
002246,北化股份,20.28,4.160246533127898,0.0,183054.0,19.592000000000002,18.479,0,B,钻潜评级策略,19.41,18.42,0.99,19.37,18.46
002250,联化科技,15.63,0.7087628865979356,0.0,182977.0,15.565999999999999,15.447999999999999,0,B,钻潜评级策略,0.0,0.0,0.0,0.0,0.0
002253,川大智胜,8.92,2.0594965675057253,0.0,44758.0,8.686,9.2405,0,B,钻潜评级策略,8.75,8.34,0.41,8.73,8.36
002255,海陆重工,8.3,2.4691358024691468,0.0,208536.0,8.07,8.3155,0,B,钻潜评级策略,8.15,7.79,0.36,8.13,7.81
002261,拓维信息,26.26,-1.31529500187898,0.0,540983.0,27.0,29.069,0,B,钻潜评级策略,0.0,0.0,0.0,0.0,0.0
002258,利尔化学,14.71,4.6975088967971645,0.0,302688.0,14.303999999999998,13.673999999999998,0,B,钻潜评级策略,13.24,12.67,0.57,13.21,12.7
002266,浙富控股,4.6,2.9082774049216997,0.0,996678.0,4.532,4.883000000000001,0,B,钻潜评级策略,4.59,4.38,0.21,4.58,4.39
002268,电科网安,14.2,1.0676156583629748,0.0,126465.0,13.972,14.2755,0,B,钻潜评级策略,0.0,0.0,0.0,0.0,0.0
002270,华明装备,19.89,1.6871165644171793,0.0,347733.0,19.152,18.448500000000003,0,B,钻潜评级策略,19.19,18.21,0.98,19.15,18.25
002269,美邦服饰,1.38,2.2222222222222143,0.0,542835.0,1.3459999999999999,1.349,0,B,钻潜评级策略,1.36,1.3,0.06,1.36,1.3
002276,万马股份,10.06,3.9256198347107585,0.0,365836.0,9.748000000000001,9.713,0,B,钻潜评级策略,9.86,9.36,0.5,9.84,9.38
002274,华昌化工,5.55,1.4625228519195677,0.0,198486.0,5.468,5.3225,0,B,钻潜评级策略,0.0,0.0,0.0,0.0,0.0
002277,友阿股份,5.74,7.8947368421052655,0.0,496447.0,5.378,5.6775,0,B,钻潜评级策略,5.41,5.16,0.25,5.4,5.17
002279,久其软件,6.67,3.091190108191655,0.0,1222951.0,6.17,5.849,0,B,钻潜评级策略,0.0,0.0,0.0,0.0,0.0
002286,保龄宝,8.15,9.986504723346833,0.0,183636.0,7.5120000000000005,7.925,0,B,钻潜评级策略,7.53,7.14,0.39,7.51,7.15
002292,奥飞娱乐,8.08,2.020202020202011,0.0,838198.0,7.622,7.586,0,B,钻潜评级策略,0.0,0.0,0.0,0.0,0.0
002296,辉煌科技,8.98,2.9816513761467878,0.0,95072.0,8.702000000000002,8.7795,0,B,钻潜评级策略,8.8,8.37,0.43,8.78,8.39
002299,圣农发展,16.37,3.1505986137366104,0.0,114591.0,16.056,16.068,0,B,钻潜评级策略,16.41,15.64,0.77,16.38,15.67
002304,洋河股份,40.49,0.9222333000997063,0.0,102943.0,39.980000000000004,39.322500000000005,0,B,钻潜评级策略,41.07,39.16,1.91,40.99,39.24
002301,齐心集团,6.82,0.0,0.0,167574.0,6.832000000000001,7.6465000000000005,0,B,钻潜评级策略,8.49,8.06,0.43,8.47,8.08
002311,海大集团,48.18,0.2705515088449628,0.0,93968.0,48.2,46.9825,0,B,钻潜评级策略,49.65,47.11,2.54,49.55,47.2
002312,川发龙蟒,8.34,1.831501831501825,0.0,240854.0,8.212,8.374,0,B,钻潜评级策略,8.2,7.84,0.36,8.18,7.86
002313,日海智能,7.88,1.546391752577314,0.0,74708.0,7.640000000000001,7.7204999999999995,0,B,钻潜评级策略,7.67,7.29,0.38,7.65,7.3
002314,南山控股,2.09,1.4563106796116498,0.0,244524.0,2.042,2.0279999999999996,0,B,钻潜评级策略,2.05,1.97,0.08,2.05,1.97
002315,焦点科技,25.31,0.7964954201513219,0.0,85035.0,24.556,24.0505,0,B,钻潜评级策略,24.7,23.51,1.19,24.65,23.56
002320,海峡股份,6.6,2.4844720496894235,0.0,215326.0,6.417999999999999,6.3495,0,B,钻潜评级策略,6.5,6.17,0.33,6.49,6.18
002321,华英农业,1.86,0.540540540540535,0.0,238150.0,1.846,1.8470000000000002,0,B,钻潜评级策略,1.85,1.77,0.08,1.85,1.77
002319,乐通股份,10.15,-1.742497579864466,0.0,107660.0,10.604000000000001,10.666,0,B,钻潜评级策略,0.0,0.0,0.0,0.0,0.0
002322,理工能科,10.47,3.3563672260612076,0.0,44439.0,10.091999999999999,10.011,0,B,钻潜评级策略,10.18,9.73,0.45,10.16,9.75
002323,*ST雅博,1.31,0.7692307692307665,0.0,318030.0,1.294,1.3595,0,B,钻潜评级策略,1.31,1.25,0.06,1.31,1.25
002330,得利斯,3.76,2.1739130434782483,0.0,98917.0,3.658,3.6704999999999997,0,B,钻潜评级策略,3.68,3.5,0.18,3.67,3.51
002333,罗普斯金,5.32,1.526717557251911,0.0,85430.0,5.212000000000001,4.933,0,B,钻潜评级策略,4.91,4.67,0.24,4.9,4.68
002344,海宁皮城,3.73,1.6348773841961872,0.0,117000.0,3.654,3.6445,0,B,钻潜评级策略,3.72,3.53,0.19,3.71,3.54
002343,慈文传媒,4.81,3.4408602150537426,0.0,154334.0,4.5600000000000005,4.5825000000000005,0,B,钻潜评级策略,0.0,0.0,0.0,0.0,0.0
002340,格林美,6.69,2.9230769230769393,0.0,1433517.0,6.5840000000000005,6.5265,0,B,钻潜评级策略,6.73,6.4,0.33,6.72,6.41
002345,潮宏基,10.66,2.401536983669539,0.0,272794.0,10.328,10.1575,0,B,钻潜评级策略,0.0,0.0,0.0,0.0,0.0
002350,北京科锐,14.07,-3.0991735537190035,0.0,145005.0,14.528,14.451999999999998,0,B,钻潜评级策略,14.18,13.47,0.71,14.15,13.5
002349,精华制药,6.74,0.7473841554558991,0.0,93104.0,6.667999999999999,6.661,0,B,钻潜评级策略,6.77,6.42,0.35,6.76,6.43
002356,鹏飞绿能,2.6,1.5625,0.0,153850.0,2.5620000000000003,2.641,0,B,钻潜评级策略,2.61,2.48,0.13,2.6,2.48
002360,ST同德,4.86,0.0,0.0,44550.0,4.89,5.186999999999999,0,B,钻潜评级策略,0.0,0.0,0.0,0.0,0.0
002362,汉王科技,14.93,1.7723244717109843,0.0,36865.0,14.456,14.6755,0,B,钻潜评级策略,14.47,13.82,0.65,14.44,13.85
002363,隆基机械,6.21,2.4752475247524774,0.0,53293.0,6.032,6.089,0,B,钻潜评级策略,6.14,5.82,0.32,6.13,5.83
002365,永安药业,12.69,-2.758620689655178,0.0,289936.0,12.512,11.619499999999999,0,B,钻潜评级策略,0.0,0.0,0.0,0.0,0.0
002367,康力电梯,5.28,2.1276595744680993,0.0,113109.0,5.1739999999999995,5.7625,0,B,钻潜评级策略,5.31,5.03,0.28,5.3,5.04
002368,太极股份,13.93,0.8689355539464039,0.0,93917.0,13.548000000000002,13.690000000000001,0,B,钻潜评级策略,0.0,0.0,0.0,0.0,0.0
002374,中锐股份,3.06,0.3278688524590345,0.0,231878.0,3.0140000000000002,2.9715,0,B,钻潜评级策略,0.0,0.0,0.0,0.0,0.0
002373,千方科技,7.65,1.5936254980079667,0.0,213724.0,7.452,7.2555,0,B,钻潜评级策略,7.55,7.2,0.35,7.53,7.21
002382,蓝帆医疗,5.82,2.645502645502651,0.0,464435.0,5.6579999999999995,5.4715,0,B,钻潜评级策略,0.0,0.0,0.0,0.0,0.0
002386,天原股份,5.77,1.7636684303350858,0.0,141904.0,5.676,5.798,0,B,钻潜评级策略,5.8,5.53,0.27,5.79,5.54
002385,大北农,3.0,0.6711409395973256,0.0,498460.0,2.984,2.9814999999999996,0,B,钻潜评级策略,3.06,2.9,0.16,3.05,2.91
002389,航天彩虹,18.64,2.9834254143646266,0.0,246063.0,18.208000000000002,17.734,0,B,钻潜评级策略,17.71,16.8,0.91,17.67,16.83
002393,力生制药,14.29,2.1443888491779806,0.0,28731.0,14.041999999999998,14.575,0,B,钻潜评级策略,14.26,13.62,0.64,14.23,13.65
002398,垒知集团,3.89,2.09973753280841,0.0,134116.0,3.778,3.7700000000000005,0,B,钻潜评级策略,3.79,3.59,0.2,3.78,3.6
002406,远东传动,6.5,2.2012578616352085,0.0,141578.0,6.312,6.5040000000000004,0,B,钻潜评级策略,6.4,6.07,0.33,6.39,6.08
002408,齐翔腾达,5.06,2.4291497975708287,0.0,348439.0,4.938000000000001,4.875500000000001,0,B,钻潜评级策略,4.9,4.66,0.24,4.89,4.67
002410,广联达,8.96,1.9340159271900026,0.0,293791.0,8.751999999999999,8.5435,0,B,钻潜评级策略,8.42,8.0,0.42,8.4,8.02
002412,汉森制药,6.91,-1.285714285714279,0.0,536476.0,7.136,6.455499999999999,0,B,钻潜评级策略,0.0,0.0,0.0,0.0,0.0
002414,高德红外,13.91,1.0901162790697638,0.0,1122391.0,14.018,13.4845,0,B,钻潜评级策略,0.0,0.0,0.0,0.0,0.0
002424,ST百灵,4.58,0.8810572687224738,0.0,54961.0,4.49,4.5235,0,B,钻潜评级策略,4.52,4.35,0.17,4.51,4.36
002430,杭氧股份,23.35,2.9541446208112943,0.0,138971.0,23.174,24.809,0,B,钻潜评级策略,23.78,22.52,1.26,23.73,22.57
002437,誉衡药业,2.88,0.0,0.0,642792.0,2.8579999999999997,2.9534999999999996,0,B,钻潜评级策略,0.0,0.0,0.0,0.0,0.0
002439,启明星辰,13.79,1.3225569434239581,0.0,539476.0,13.65,13.322999999999999,0,B,钻潜评级策略,13.07,12.43,0.64,13.04,12.45
002441,众业达,7.9,1.1523687580025754,0.0,51831.0,7.75,7.705499999999999,0,B,钻潜评级策略,7.85,7.45,0.4,7.83,7.46
002444,巨星科技,29.91,1.4242115971515812,0.0,173298.0,29.133999999999997,30.189,0,B,钻潜评级策略,0.0,0.0,0.0,0.0,0.0
002452,长高电气,10.88,2.738432483474984,0.0,165792.0,10.85,11.277000000000001,0,B,钻潜评级策略,10.95,10.38,0.57,10.93,10.4
002462,嘉事堂,11.66,1.2152777777777901,0.0,31662.0,11.447999999999999,11.413,0,B,钻潜评级策略,11.58,11.07,0.51,11.56,11.09
002468,申通快递,14.03,1.3728323699421896,0.0,223298.0,13.674000000000001,15.0875,0,B,钻潜评级策略,16.64,15.84,0.8,16.61,15.87
002469,三维化学,5.61,1.4466546112115841,0.0,57766.0,5.522,5.630000000000001,0,B,钻潜评级策略,5.7,5.4,0.3,5.69,5.41
002472,双环传动,36.2,1.5997754701094546,0.0,237959.0,36.044,40.361000000000004,0,B,钻潜评级策略,36.8,34.94,1.86,36.73,35.01
002475,立讯精密,62.35,3.7437603993344393,0.0,1426372.0,61.424,61.241,0,B,钻潜评级策略,0.0,0.0,0.0,0.0,0.0
002479,富春环保,5.39,0.5597014925373012,0.0,163127.0,5.3100000000000005,4.911499999999999,0,B,钻潜评级策略,5.11,4.9,0.21,5.1,4.91
002480,新筑股份,5.29,0.9541984732824416,0.0,61713.0,5.258,5.172000000000001,0,B,钻潜评级策略,5.4,5.17,0.23,5.39,5.18
002482,广田集团,1.25,1.6260162601626105,0.0,598753.0,1.226,1.2225,0,B,钻潜评级策略,1.23,1.17,0.06,1.23,1.17
002483,润邦股份,5.14,1.380670611439827,0.0,109255.0,5.034000000000001,5.0245,0,B,钻潜评级策略,5.08,4.82,0.26,5.07,4.83
002486,嘉麟杰,2.25,1.3513513513513375,0.0,253877.0,2.192,2.2369999999999997,0,B,钻潜评级策略,0.0,0.0,0.0,0.0,0.0
002485,ST雪发,5.23,0.9652509652509744,0.0,18946.0,5.17,5.546,0,B,钻潜评级策略,5.31,5.06,0.25,5.3,5.07
002493,荣盛石化,12.16,3.6658141517476484,0.0,552014.0,11.904,11.5095,0,B,钻潜评级策略,0.0,0.0,0.0,0.0,0.0
002501,*ST利源,1.24,2.4793388429751984,0.0,196587.0,1.2220000000000002,1.2765,0,B,钻潜评级策略,1.25,1.2,0.05,1.25,1.2
002508,老板电器,16.45,1.9206939281288582,0.0,93714.0,15.803999999999998,15.481,0,B,钻潜评级策略,15.94,15.11,0.83,15.91,15.14
002510,天汽模,5.59,0.902527075812265,0.0,204647.0,5.476000000000001,5.366,0,B,钻潜评级策略,5.28,5.05,0.23,5.27,5.06
002517,恺英网络,16.69,10.019775873434412,0.0,1063174.0,15.538,16.323,0,B,钻潜评级策略,0.0,0.0,0.0,0.0,0.0
002523,天桥起重,3.32,2.4691358024691246,0.0,238578.0,3.258,3.1285,0,B,钻潜评级策略,3.3,3.12,0.18,3.29,3.13
002524,光正眼科,3.61,0.8379888268156277,0.0,125701.0,3.5480000000000005,3.5669999999999993,0,B,钻潜评级策略,0.0,0.0,0.0,0.0,0.0
002526,山东矿机,2.63,1.9379844961240345,0.0,253625.0,2.568,2.5585,0,B,钻潜评级策略,2.6,2.47,0.13,2.59,2.47
002528,*ST英飞,4.66,2.192982456140369,0.0,99035.0,4.390000000000001,4.4065,0,B,钻潜评级策略,4.53,4.29,0.24,4.52,4.3
002530,金财互联,7.01,0.7183908045977017,0.0,138043.0,6.818,6.706999999999999,0,B,钻潜评级策略,6.83,6.49,0.34,6.82,6.5
002533,金杯电工,11.34,2.717391304347827,0.0,133381.0,10.962,10.639999999999999,0,B,钻潜评级策略,10.62,10.19,0.43,10.6,10.21
002537,海联金汇,5.72,2.3255813953488413,0.0,286327.0,5.537999999999999,5.422,0,B,钻潜评级策略,5.63,5.43,0.2,5.62,5.44
002538,ST司特,6.36,0.0,0.0,95134.0,6.284000000000001,6.15,0,B,钻潜评级策略,6.19,5.87,0.32,6.18,5.88
002540,亚太科技,4.94,0.8163265306122547,0.0,146138.0,4.772,4.7595,0,B,钻潜评级策略,4.88,4.63,0.25,4.87,4.64
002541,鸿路钢构,20.58,3.41708542713568,0.0,98243.0,20.078,19.8415,0,B,钻潜评级策略,0.0,0.0,0.0,0.0,0.0
002543,万和电气,6.6,2.0092735703245657,0.0,39788.0,6.4319999999999995,6.4719999999999995,0,B,钻潜评级策略,6.52,6.23,0.29,6.51,6.24
002546,新联电子,8.53,3.3939393939393936,0.0,463657.0,8.32,7.827,0,B,钻潜评级策略,0.0,0.0,0.0,0.0,0.0
002556,辉隆股份,4.78,0.8438818565400741,0.0,103653.0,4.736,4.6665,0,B,钻潜评级策略,4.85,4.61,0.24,4.84,4.62
002554,惠博普,2.81,1.0791366906474975,0.0,173099.0,2.806,2.8865,0,B,钻潜评级策略,3.16,2.99,0.17,3.15,3.0
002555,三七互娱,19.18,4.466230936819171,0.0,775784.0,18.528,18.7875,0,B,钻潜评级策略,18.74,18.01,0.73,18.7,18.05
002557,洽洽食品,20.71,4.754678806272139,0.0,148810.0,19.458000000000002,19.65,0,B,钻潜评级策略,19.33,18.5,0.83,19.29,18.54
002558,巨人网络,26.98,9.98777007745617,0.0,1057226.0,25.134,27.756000000000007,0,B,钻潜评级策略,0.0,0.0,0.0,0.0,0.0
002562,兄弟科技,4.39,1.6203703703703498,0.0,152882.0,4.31,4.3340000000000005,0,B,钻潜评级策略,4.38,4.15,0.23,4.37,4.16
002567,唐人神,3.58,1.1299435028248705,0.0,139381.0,3.554,3.6089999999999995,0,B,钻潜评级策略,3.74,3.54,0.2,3.73,3.55
002568,百润股份,19.59,9.994385176866928,0.0,187480.0,18.211999999999996,17.6255,0,B,钻潜评级策略,0.0,0.0,0.0,0.0,0.0
002569,*ST步森,14.23,-0.41987403778865895,0.0,6703.0,13.953999999999999,14.219,0,B,钻潜评级策略,14.43,13.79,0.64,14.4,13.82
002570,贝因美,4.28,3.8834951456310662,0.0,466270.0,4.096,4.076,0,B,钻潜评级策略,4.15,4.0,0.15,4.14,4.01
002571,德力股份,10.4,-1.2345679012345623,0.0,43577.0,10.414,10.285,0,B,钻潜评级策略,10.75,10.28,0.47,10.73,10.3
002574,明牌珠宝,4.37,2.3419203747072626,0.0,76090.0,4.2459999999999996,4.237,0,B,钻潜评级策略,4.28,4.07,0.21,4.27,4.08
002577,雷柏科技,18.77,4.743303571428559,0.0,65564.0,17.368000000000002,17.826,0,B,钻潜评级策略,16.73,15.9,0.83,16.7,15.93
002582,好想你,10.33,7.716371220020868,0.0,599199.0,9.426,9.136,0,B,钻潜评级策略,8.93,8.46,0.47,8.91,8.48
002586,ST围海,3.53,0.0,0.0,18364.0,3.522,3.6805,0,B,钻潜评级策略,3.58,3.48,0.1,3.57,3.49
002588,史丹利,8.84,2.314814814814814,0.0,140556.0,8.648,8.422500000000001,0,B,钻潜评级策略,8.77,8.37,0.4,8.75,8.39
002589,瑞康医药,2.74,0.7352941176470562,0.0,259635.0,2.704,2.684,0,B,钻潜评级策略,2.76,2.63,0.13,2.75,2.64
002593,日上集团,4.26,1.9138755980861344,0.0,132350.0,4.18,4.132,0,B,钻潜评级策略,4.23,4.01,0.22,4.22,4.02
002598,ST章鼓,6.4,0.15649452269170805,0.0,30786.0,6.276,6.5265,0,B,钻潜评级策略,6.29,5.98,0.31,6.28,5.99
002597,金禾实业,21.54,10.010214504596537,0.0,180253.0,19.592,19.7745,0,B,钻潜评级策略,20.61,19.55,1.06,20.57,19.59
002594,比亚迪,94.85,1.6068559185859588,0.0,514457.0,93.02799999999999,90.5985,0,B,钻潜评级策略,94.8,89.83,4.97,94.61,90.01
002599,盛通股份,5.99,0.3350083752093891,0.0,116967.0,5.946000000000001,5.633000000000001,0,B,钻潜评级策略,6.03,5.76,0.27,6.02,5.77
002602,世纪华通,13.55,8.226837060702884,0.0,2538575.0,12.672,13.486,0,B,钻潜评级策略,0.0,0.0,0.0,0.0,0.0
002601,龙佰集团,16.67,0.36122817579773425,0.0,171543.0,16.598,16.249499999999998,0,B,钻潜评级策略,16.93,16.22,0.71,16.9,16.25
002605,姚记科技,17.78,5.082742316784872,0.0,133381.0,17.058,18.9075,0,B,钻潜评级策略,17.0,16.44,0.56,16.97,16.47
002606,大连电瓷,14.66,6.154960173787116,0.0,525179.0,13.931999999999999,13.2835,0,B,钻潜评级策略,0.0,0.0,0.0,0.0,0.0
002609,捷顺科技,7.54,1.2080536912751683,0.0,47080.0,7.388,7.3285,0,B,钻潜评级策略,7.52,7.15,0.37,7.5,7.16
002612,朗姿股份,14.22,6.357516828721033,0.0,275430.0,12.7,11.817499999999999,0,B,钻潜评级策略,11.92,11.43,0.49,11.9,11.45
002615,哈尔斯,6.41,1.9077901430842648,0.0,62872.0,6.296,6.8095,0,B,钻潜评级策略,6.37,6.05,0.32,6.36,6.06
002614,奥佳华,4.67,1.0822510822510845,0.0,60046.0,4.572,4.581,0,B,钻潜评级策略,4.66,4.41,0.25,4.65,4.42
002616,长青集团,4.72,1.943844492440605,0.0,92194.0,4.676,4.667,0,B,钻潜评级策略,4.85,4.61,0.24,4.84,4.62
002622,皓宸医疗,2.22,4.225352112676073,0.0,322092.0,2.088,2.1149999999999998,0,B,钻潜评级策略,0.0,0.0,0.0,0.0,0.0
002627,三峡旅游,6.13,1.82724252491695,0.0,248807.0,5.888,5.7915,0,B,钻潜评级策略,6.06,5.76,0.3,6.05,5.77
002628,成都路桥,4.53,0.8908685968819663,0.0,179761.0,4.476,4.902500000000001,0,B,钻潜评级策略,5.4,5.15,0.25,5.39,5.16
002626,金达威,13.83,3.1319910514541416,0.0,44933.0,13.52,14.0,0,B,钻潜评级策略,13.83,13.11,0.72,13.8,13.14
002630,*ST华西,1.64,1.8633540372670732,0.0,157163.0,1.6460000000000001,1.7079999999999997,0,B,钻潜评级策略,0.0,0.0,0.0,0.0,0.0
002637,赞宇科技,9.76,2.8451001053740654,0.0,86959.0,9.482000000000001,10.086,0,B,钻潜评级策略,9.55,9.08,0.47,9.53,9.1
002644,佛慈制药,7.71,-0.5161290322580614,0.0,39170.0,7.6659999999999995,7.538500000000001,0,B,钻潜评级策略,7.36,7.03,0.33,7.35,7.04
002646,天佑德酒,6.69,0.7530120481927804,0.0,80905.0,6.518000000000001,6.527499999999999,0,B,钻潜评级策略,6.57,6.27,0.3,6.56,6.28
002648,卫星化学,25.04,1.6233766233766156,0.0,498066.0,24.689999999999998,23.826,0,B,钻潜评级策略,23.83,22.75,1.08,23.78,22.8
002649,博彦科技,8.79,0.918484500574035,0.0,114459.0,8.64,8.430499999999999,0,B,钻潜评级策略,8.47,8.04,0.43,8.45,8.06
002651,利君股份,7.7,2.6666666666666616,0.0,90594.0,7.470000000000001,7.386500000000001,0,B,钻潜评级策略,7.47,7.11,0.36,7.46,7.12
002659,凯文教育,4.15,4.010025062656641,0.0,241923.0,3.9760000000000004,3.9189999999999996,0,B,钻潜评级策略,4.07,3.85,0.22,4.06,3.86
002656,摩登大道,2.72,2.2556390977443552,0.0,112635.0,2.652,2.781,0,B,钻潜评级策略,2.92,2.77,0.15,2.91,2.78
002666,德联集团,3.95,1.804123711340222,0.0,89317.0,3.8579999999999997,3.8905000000000003,0,B,钻潜评级策略,3.92,3.72,0.2,3.91,3.73
002668,TCL智家,10.59,0.9532888465204836,0.0,156122.0,10.3,10.4315,0,B,钻潜评级策略,10.73,10.29,0.44,10.71,10.31
002670,国盛证券,11.91,3.8360941586748076,0.0,299951.0,11.642,11.779,0,B,钻潜评级策略,12.35,11.72,0.63,12.33,11.74
002671,龙泉股份,3.67,1.9444444444444375,0.0,117625.0,3.5740000000000003,3.7024999999999997,0,B,钻潜评级策略,3.64,3.44,0.2,3.63,3.45
002672,东江环保,3.42,2.0895522388059584,0.0,93627.0,3.3160000000000003,3.3455,0,B,钻潜评级策略,0.0,0.0,0.0,0.0,0.0
002677,浙江美大,6.43,0.6259780907668322,0.0,116818.0,6.331999999999999,6.269,0,B,钻潜评级策略,0.0,0.0,0.0,0.0,0.0
002679,福建金森,8.38,2.1951219512195363,0.0,38443.0,8.087999999999997,8.0485,0,B,钻潜评级策略,8.48,8.06,0.42,8.46,8.08
002681,奋达科技,4.38,5.035971223021574,0.0,637666.0,4.236,4.541,0,B,钻潜评级策略,0.0,0.0,0.0,0.0,0.0
002687,乔治白,4.95,-6.6037735849056585,0.0,486150.0,4.92,5.267,0,B,钻潜评级策略,0.0,0.0,0.0,0.0,0.0
002689,ST远智,2.58,1.976284584980248,0.0,64361.0,2.512,2.6049999999999995,0,B,钻潜评级策略,2.55,2.44,0.11,2.54,2.44
002696,百洋股份,5.17,2.9880478087649376,0.0,95087.0,4.95,5.15,0,B,钻潜评级策略,0.0,0.0,0.0,0.0,0.0
002705,新宝股份,11.5,1.3215859030837107,0.0,90781.0,11.309999999999999,11.3545,0,B,钻潜评级策略,11.65,11.1,0.55,11.63,11.12
002707,众信旅游,5.08,0.7936507936507908,0.0,203324.0,4.930000000000001,4.8455,0,B,钻潜评级策略,4.92,4.67,0.25,4.91,4.68
002712,思美传媒,4.37,2.3419203747072626,0.0,143581.0,4.202,4.222499999999999,0,B,钻潜评级策略,4.19,3.97,0.22,4.18,3.98
002714,牧原股份,38.88,-1.0687022900763177,0.0,536828.0,39.178,38.791999999999994,0,B,钻潜评级策略,40.24,38.39,1.85,40.16,38.47
002722,物产金轮,12.19,1.3300083125519446,0.0,28805.0,11.898,12.0075,0,B,钻潜评级策略,11.98,11.39,0.59,11.96,11.41
002721,金一文化,2.36,1.2875536480686511,0.0,441515.0,2.3,2.2630000000000003,0,B,钻潜评级策略,2.32,2.22,0.1,2.32,2.22
002724,海洋王,5.23,1.3565891472868241,0.0,67399.0,5.076,4.9275,0,B,钻潜评级策略,4.98,4.72,0.26,4.97,4.73
002728,特一药业,8.75,-0.9060022650056676,0.0,164481.0,8.786,9.242,0,B,钻潜评级策略,0.0,0.0,0.0,0.0,0.0
002739,儒意电影,8.72,0.5767012687428075,0.0,676479.0,8.86,9.4025,0,B,钻潜评级策略,0.0,0.0,0.0,0.0,0.0
002752,昇兴股份,5.93,1.3675213675213627,0.0,103480.0,5.828,5.9590000000000005,0,B,钻潜评级策略,5.9,5.66,0.24,5.89,5.67
002748,世龙实业,10.52,4.572564612326024,0.0,67274.0,9.918000000000001,10.565000000000001,0,B,钻潜评级策略,0.0,0.0,0.0,0.0,0.0
002755,奥赛康,13.08,1.3953488372093092,0.0,92561.0,12.908000000000001,13.924000000000001,0,B,钻潜评级策略,0.0,0.0,0.0,0.0,0.0
002761,浙江建投,7.26,2.9787234042553123,0.0,144206.0,7.048,6.9245,0,B,钻潜评级策略,7.08,6.75,0.33,7.07,6.76
002762,金发拉比,8.18,3.0226700251889005,0.0,43606.0,7.912000000000001,7.811,0,B,钻潜评级策略,8.36,7.92,0.44,8.34,7.94
002767,先锋电子,15.86,2.3225806451612874,0.0,36385.0,15.657999999999998,17.172,0,B,钻潜评级策略,16.13,15.39,0.74,16.1,15.42
002773,康弘药业,21.64,1.5485687470671028,0.0,66518.0,21.410000000000004,22.308500000000002,0,B,钻潜评级策略,0.0,0.0,0.0,0.0,0.0
002775,文科股份,3.83,-1.2886597938144284,0.0,378286.0,3.7339999999999995,3.397,0,B,钻潜评级策略,0.0,0.0,0.0,0.0,0.0
002777,久远银海,12.6,0.5586592178770999,0.0,77849.0,12.29,12.2405,0,B,钻潜评级策略,12.67,12.02,0.65,12.64,12.04
002780,三夫户外,12.73,1.031746031746028,0.0,84753.0,12.33,12.501000000000001,0,B,钻潜评级策略,0.0,0.0,0.0,0.0,0.0
002786,银宝山新,7.41,1.091405184174632,0.0,74369.0,7.25,7.532000000000001,0,B,钻潜评级策略,7.3,6.92,0.38,7.29,6.93
002790,瑞尔特,5.54,1.6513761467889854,0.0,56551.0,5.442,5.494,0,B,钻潜评级策略,0.0,0.0,0.0,0.0,0.0
002791,坚朗五金,15.38,10.014306151645203,0.0,63997.0,14.116,14.2745,0,B,钻潜评级策略,13.99,13.38,0.61,13.96,13.41
002793,罗欣药业,4.76,-0.6263048016701522,0.0,408325.0,4.8340000000000005,4.662,0,B,钻潜评级策略,0.0,0.0,0.0,0.0,0.0
002801,微光股份,27.23,2.214714714714705,0.0,12570.0,26.633999999999997,27.433,0,B,钻潜评级策略,26.81,25.85,0.96,26.76,25.9
002816,*ST和科,23.3,1.3484123531970482,0.0,19372.0,22.505999999999997,25.817500000000003,0,B,钻潜评级策略,28.87,27.54,1.33,28.81,27.6
002817,黄山胶囊,6.02,1.8612521150592087,0.0,63932.0,5.843999999999999,5.997000000000001,0,B,钻潜评级策略,0.0,0.0,0.0,0.0,0.0
002820,桂发祥,8.7,3.44827586206895,0.0,99916.0,8.216,8.4615,0,B,钻潜评级策略,8.12,7.72,0.4,8.1,7.74
002822,ST中装,2.94,3.157894736842093,0.0,144229.0,2.8619999999999997,3.0305,0,B,钻潜评级策略,2.9,2.78,0.12,2.89,2.79
002826,易明医药,15.99,0.5660377358490454,0.0,24367.0,15.982,16.611,0,B,钻潜评级策略,0.0,0.0,0.0,0.0,0.0
002827,高争民爆,28.59,10.003847633705277,0.0,22737.0,25.851999999999997,24.3815,0,B,钻潜评级策略,23.28,22.16,1.12,23.23,22.2
002833,弘亚数控,18.14,10.006064281382665,0.0,129466.0,16.714000000000002,16.9085,0,B,钻潜评级策略,16.61,16.05,0.56,16.58,16.08
002832,比音勒芬,24.28,-4.2209072978303785,0.0,346258.0,23.8,21.798,0,B,钻潜评级策略,0.0,0.0,0.0,0.0,0.0
002835,同为股份,11.57,2.661934338952987,0.0,24986.0,11.225999999999999,11.4155,0,B,钻潜评级策略,11.25,10.84,0.41,11.23,10.86
002847,盐津铺子,52.49,2.9417532849578265,0.0,108911.0,48.559999999999995,47.351,0,B,钻潜评级策略,48.21,45.82,2.39,48.11,45.91
002850,科达利,174.24,1.3023255813953583,0.0,40826.0,177.27,191.14550000000003,0,B,钻潜评级策略,0.0,0.0,0.0,0.0,0.0
002852,道道全,7.59,1.4705882352941124,0.0,35195.0,7.3740000000000006,7.4405,0,B,钻潜评级策略,7.55,7.17,0.38,7.53,7.18
002863,今飞凯达,4.3,1.8957345971563955,0.0,100731.0,4.192,4.2585,0,B,钻潜评级策略,4.26,4.05,0.21,4.25,4.06
002870,香山股份,38.59,-0.9751090582499233,0.0,17827.0,39.166,38.825500000000005,0,B,钻潜评级策略,0.0,0.0,0.0,0.0,0.0
002873,新天药业,7.63,1.059602649006619,0.0,64108.0,7.459999999999999,7.672,0,B,钻潜评级策略,0.0,0.0,0.0,0.0,0.0
002877,智能自控,6.89,1.4727540500736325,0.0,41032.0,6.75,6.9300000000000015,0,B,钻潜评级策略,6.78,6.45,0.33,6.77,6.46
002876,三利谱,27.11,2.109227871939723,0.0,47744.0,26.284,28.2745,0,B,钻潜评级策略,26.15,24.96,1.19,26.1,25.01
002880,卫光生物,19.68,2.2869022869022926,0.0,13716.0,19.29,20.628999999999998,0,B,钻潜评级策略,21.72,20.65,1.07,21.68,20.69
002881,美格智能,37.7,0.9641135511515797,0.0,77730.0,38.46,38.277499999999996,0,B,钻潜评级策略,0.0,0.0,0.0,0.0,0.0
002891,中宠股份,31.6,-0.28400126222782873,0.0,196347.0,30.198,28.54,0,B,钻潜评级策略,28.61,27.26,1.35,28.55,27.31
002893,京能热力,9.54,1.705756929637503,0.0,63978.0,9.434000000000001,9.4185,0,B,钻潜评级策略,9.63,9.13,0.5,9.61,9.15
002892,科力尔,9.33,2.5274725274725407,0.0,92948.0,9.072,9.184999999999999,0,B,钻潜评级策略,9.27,8.82,0.45,9.25,8.84
002890,弘宇股份,13.41,-0.8869179600886845,0.0,25727.0,12.876,13.684000000000001,0,B,钻潜评级策略,14.05,13.47,0.58,14.02,13.5
002895,川恒股份,35.16,-0.05685048322912056,0.0,90695.0,34.452,31.532,0,B,钻潜评级策略,31.46,30.09,1.37,31.4,30.15
002900,哈三联,11.8,-9.090909090909093,0.0,344278.0,12.164,10.706999999999999,0,B,钻潜评级策略,0.0,0.0,0.0,0.0,0.0
002906,华阳集团,24.98,4.257095158597668,0.0,87627.0,23.985999999999997,24.2195,0,B,钻潜评级策略,24.2,22.95,1.25,24.15,23.0
002905,金逸影视,7.32,1.8080667593880273,0.0,47553.0,7.138,7.1995000000000005,0,B,钻潜评级策略,7.15,6.8,0.35,7.14,6.81
002908,德生科技,6.59,0.7645259938837912,0.0,49157.0,6.412000000000001,6.416499999999999,0,B,钻潜评级策略,6.47,6.15,0.32,6.46,6.16
002912,中新赛克,18.48,0.05414185165133478,0.0,23300.0,18.076,17.969,0,B,钻潜评级策略,19.3,18.36,0.94,19.26,18.4
002911,佛燃能源,11.4,2.517985611510798,0.0,86571.0,11.248000000000001,10.5355,0,B,钻潜评级策略,11.51,10.92,0.59,11.49,10.94
002923,润都股份,10.47,-1.03969754253308,0.0,75926.0,10.49,10.733999999999998,0,B,钻潜评级策略,0.0,0.0,0.0,0.0,0.0
002920,德赛西威,85.85,2.373002623419973,0.0,95453.0,83.50399999999999,84.04749999999999,0,B,钻潜评级策略,84.13,80.43,3.7,83.96,80.59
002928,华夏航空,6.43,1.2598425196850505,0.0,326673.0,6.276,6.3735,0,B,钻潜评级策略,6.2,5.91,0.29,6.19,5.92
002933,新兴装备,24.77,1.267375306623042,0.0,8243.0,24.406,25.2835,0,B,钻潜评级策略,24.89,23.67,1.22,24.84,23.72
002932,*ST明德,14.66,1.1034482758620623,0.0,9676.0,14.292000000000002,14.397499999999999,0,B,钻潜评级策略,14.18,13.64,0.54,14.15,13.67
002941,新疆交建,10.43,3.063241106719383,0.0,203431.0,9.994,9.683499999999999,0,B,钻潜评级策略,9.99,9.48,0.51,9.97,9.5
002942,新农股份,14.37,1.5547703180212036,0.0,14730.0,13.926000000000002,14.355,0,B,钻潜评级策略,14.01,13.34,0.67,13.98,13.37
002945,华林证券,14.37,10.03062787136293,0.0,349057.0,13.378,13.264,0,B,钻潜评级策略,13.22,12.6,0.62,13.19,12.63
002946,新乳业,16.94,4.310344827586232,0.0,174809.0,15.937999999999999,15.1915,0,B,钻潜评级策略,15.93,15.18,0.75,15.9,15.21
002948,青岛银行,5.86,1.736111111111116,0.0,356482.0,5.772,5.5765,0,B,钻潜评级策略,5.89,5.64,0.25,5.88,5.65
002953,日丰股份,9.59,0.10438413361169019,0.0,122261.0,9.72,9.083499999999999,0,B,钻潜评级策略,9.08,8.6,0.48,9.06,8.62
002961,瑞达期货,19.32,4.545454545454541,0.0,82972.0,18.674,18.964,0,B,钻潜评级策略,18.84,17.96,0.88,18.8,18.0
002967,广电计量,16.73,3.0807147258163914,0.0,50080.0,16.32,17.3175,0,B,钻潜评级策略,16.49,15.8,0.69,16.46,15.83
002978,安宁股份,26.4,1.8518518518518379,0.0,29854.0,26.122000000000003,25.992,0,B,钻潜评级策略,26.5,25.21,1.29,26.45,25.26
002982,湘佳股份,11.47,1.0572687224669641,0.0,32004.0,11.366,11.784,0,B,钻潜评级策略,11.64,11.03,0.61,11.62,11.05
002984,森麒麟,14.36,1.412429378531077,0.0,160269.0,14.080000000000002,13.865,0,B,钻潜评级策略,14.31,13.65,0.66,14.28,13.68
002986,宇新股份,11.83,0.3392705682782049,0.0,48308.0,11.706,11.858999999999998,0,B,钻潜评级策略,11.93,11.34,0.59,11.91,11.36
002991,甘源食品,42.4,2.5145067698259194,0.0,12456.0,40.494,41.163,0,B,钻潜评级策略,41.91,39.82,2.09,41.83,39.9
002996,顺博合金,6.17,1.6474464579901094,0.0,79601.0,6.08,6.101000000000001,0,B,钻潜评级策略,6.21,5.9,0.31,6.2,5.91
002997,瑞鹄模具,26.2,1.8266614846482732,0.0,26313.0,25.669999999999998,27.3325,0,B,钻潜评级策略,26.39,25.02,1.37,26.34,25.07
002999,天禾股份,5.51,2.037037037037037,0.0,47742.0,5.388,5.4635,0,B,钻潜评级策略,5.42,5.16,0.26,5.41,5.17
003006,百亚股份,14.33,1.7033356990773685,0.0,56383.0,13.852,13.873000000000001,0,B,钻潜评级策略,13.69,13.12,0.57,13.66,13.15
003010,若羽臣,25.83,1.333856414280099,0.0,128410.0,24.759999999999998,24.486,0,B,钻潜评级策略,0.0,0.0,0.0,0.0,0.0
003012,东鹏控股,4.73,4.415011037527594,0.0,129234.0,4.5280000000000005,4.574,0,B,钻潜评级策略,4.59,4.35,0.24,4.58,4.36
003016,欣贺股份,6.58,1.8575851393188847,0.0,35300.0,6.374,6.391,0,B,钻潜评级策略,6.41,6.09,0.32,6.4,6.1
003029,吉大正元,16.35,2.251407129455907,0.0,41331.0,15.632,15.747000000000003,0,B,钻潜评级策略,15.57,14.75,0.82,15.54,14.78
003030,祖名股份,21.31,-7.388092133854862,0.0,46741.0,21.651999999999997,22.3985,0,B,钻潜评级策略,0.0,0.0,0.0,0.0,0.0
003033,征和工业,61.2,-1.7025377449405688,0.0,21129.0,65.326,65.9905,0,B,钻潜评级策略,0.0,0.0,0.0,0.0,0.0
300001,特锐德,34.17,1.9087384431851984,0.0,171190.0,35.25,33.5495,0,B,钻潜评级策略,0.0,0.0,0.0,0.0,0.0
300003,乐普医疗,12.95,0.07727975270479526,0.0,346319.0,12.681999999999999,12.634,0,B,钻潜评级策略,12.9,12.24,0.66,12.87,12.26
300002,神州泰岳,8.27,5.08259212198221,0.0,860454.0,7.9079999999999995,8.0125,0,B,钻潜评级策略,0.0,0.0,0.0,0.0,0.0
300008,天海防务,6.21,2.3064250411861664,0.0,533306.0,6.11,5.965999999999999,0,B,钻潜评级策略,5.84,5.55,0.29,5.83,5.56
300011,鼎汉技术,5.77,1.5845070422535246,0.0,43915.0,5.64,5.725,0,B,钻潜评级策略,5.62,5.34,0.28,5.61,5.35
300012,华测检测,14.04,4.69798657718119,0.0,465002.0,13.586000000000002,13.65,0,B,钻潜评级策略,13.79,13.27,0.52,13.76,13.3
300016,北陆药业,7.82,-0.3821656050955302,0.0,184727.0,7.720000000000001,7.975,0,B,钻潜评级策略,0.0,0.0,0.0,0.0,0.0
300015,爱尔眼科,8.87,2.9002320185614883,0.0,1150931.0,8.666,8.580000000000002,0,B,钻潜评级策略,9.0,8.53,0.47,8.98,8.55
300020,ST银江,3.68,-2.127659574468077,0.0,190938.0,3.5620000000000003,3.3685,0,B,钻潜评级策略,0.0,0.0,0.0,0.0,0.0
300024,机器人,15.15,2.020202020202033,0.0,370588.0,14.952000000000002,15.782,0,B,钻潜评级策略,15.08,14.44,0.64,15.05,14.47
300022,吉峰科技,7.7,0.6535947712418277,0.0,44906.0,7.62,7.784999999999999,0,B,钻潜评级策略,7.76,7.37,0.39,7.74,7.38
300027,ST华谊,1.72,-0.5780346820809301,0.0,318040.0,1.6620000000000001,1.682,0,B,钻潜评级策略,1.65,1.57,0.08,1.65,1.57
300030,阳普医疗,6.22,1.6339869281045694,0.0,81061.0,6.044,6.136,0,B,钻潜评级策略,0.0,0.0,0.0,0.0,0.0
300034,钢研高纳,15.58,4.005340453938588,0.0,148515.0,15.244,15.901500000000002,0,B,钻潜评级策略,15.53,14.79,0.74,15.5,14.82
300033,同花顺,224.0,4.682680624357416,0.0,197383.0,219.904,226.65900000000002,0,B,钻潜评级策略,231.91,221.76,10.15,231.45,222.2
300039,上海凯宝,5.59,-2.782608695652178,0.0,624090.0,5.566,5.1375,0,B,钻潜评级策略,4.62,4.4,0.22,4.61,4.41
300040,九洲集团,6.33,-0.31496062992125706,0.0,789146.0,6.508,5.952,0,B,钻潜评级策略,5.94,5.63,0.31,5.93,5.64
300043,星辉娱乐,4.68,5.882352941176472,0.0,734749.0,4.446,4.7085,0,B,钻潜评级策略,0.0,0.0,0.0,0.0,0.0
300048,合康新能,5.02,1.0060362173038184,0.0,129657.0,4.9159999999999995,4.7909999999999995,0,B,钻潜评级策略,4.95,4.7,0.25,4.94,4.71
300047,天源迪科,9.58,1.0548523206751037,0.0,209095.0,9.35,9.2265,0,B,钻潜评级策略,9.49,9.0,0.49,9.47,9.02
300072,海新能科,3.48,1.7543859649122862,0.0,257913.0,3.4620000000000006,3.375,0,B,钻潜评级策略,0.0,0.0,0.0,0.0,0.0
300076,*ST宁视,4.17,2.2058823529411686,0.0,31665.0,4.029999999999999,4.218,0,B,钻潜评级策略,4.37,4.19,0.18,4.36,4.2
300074,华平股份,3.45,1.4705882352941346,0.0,162734.0,3.332,3.3735,0,B,钻潜评级策略,0.0,0.0,0.0,0.0,0.0
300075,数字政通,10.95,1.8604651162790642,0.0,134755.0,10.638,10.474,0,B,钻潜评级策略,10.64,10.1,0.54,10.62,10.12
300079,数码视讯,4.39,0.4576659038901587,0.0,326542.0,4.286,4.2,0,B,钻潜评级策略,4.3,4.08,0.22,4.29,4.09
300084,海默科技,10.66,2.895752895752901,0.0,105342.0,10.244000000000002,11.049,0,B,钻潜评级策略,12.0,11.48,0.52,11.98,11.5
300091,*ST金灵,2.42,-0.4115226337448652,0.0,66042.0,2.4219999999999997,2.5265,0,B,钻潜评级策略,2.47,2.36,0.11,2.47,2.36
300094,国联水产,2.7,1.8867924528301883,0.0,312057.0,2.6260000000000003,2.6015,0,B,钻潜评级策略,0.0,0.0,0.0,0.0,0.0
300098,高新兴,4.56,3.1674208144796268,0.0,517116.0,4.386,4.372,0,B,钻潜评级策略,4.41,4.19,0.22,4.4,4.2
300096,ST易联众,7.99,-0.37406483790523026,0.0,24033.0,8.02,8.557500000000001,0,B,钻潜评级策略,8.22,7.79,0.43,8.2,7.81
300110,华仁药业,2.7,1.5037593984962516,0.0,231751.0,2.664,2.6745,0,B,钻潜评级策略,0.0,0.0,0.0,0.0,0.0
300107,建新股份,6.23,2.1311475409836245,0.0,140592.0,6.008,5.8765,0,B,钻潜评级策略,5.94,5.64,0.3,5.93,5.65
300122,智飞生物,12.63,0.8785942492012921,0.0,213608.0,12.488,12.293000000000001,0,B,钻潜评级策略,12.62,11.97,0.65,12.59,11.99
300123,ST亚光,4.09,0.0,0.0,347003.0,3.9599999999999995,3.7994999999999997,0,B,钻潜评级策略,0.0,0.0,0.0,0.0,0.0
300124,汇川技术,61.61,5.011078915970679,0.0,409615.0,60.294,62.59349999999999,0,B,钻潜评级策略,61.78,58.73,3.05,61.66,58.85
300130,新国都,18.13,2.371541501976271,0.0,118929.0,17.778,17.970000000000002,0,B,钻潜评级策略,0.0,0.0,0.0,0.0,0.0
300135,宝利国际,3.18,1.273885350318471,0.0,177429.0,3.158,3.149,0,B,钻潜评级策略,3.14,2.97,0.17,3.13,2.98
300138,晨光生物,11.4,4.20475319926874,0.0,209906.0,10.638,10.195,0,B,钻潜评级策略,9.94,9.45,0.49,9.92,9.47
300140,节能环境,5.57,2.0146520146520297,0.0,126637.0,5.458,5.252000000000001,0,B,钻潜评级策略,5.54,5.29,0.25,5.53,5.3
300142,沃森生物,12.19,1.5833333333333366,0.0,495096.0,12.35,12.962,0,B,钻潜评级策略,0.0,0.0,0.0,0.0,0.0
300144,宋城演艺,6.13,1.490066225165565,0.0,405639.0,6.012,5.9635,0,B,钻潜评级策略,6.11,5.81,0.3,6.1,5.82
300150,世纪瑞尔,3.91,1.822916666666674,0.0,72023.0,3.784,3.843,0,B,钻潜评级策略,3.77,3.58,0.19,3.76,3.59
300148,天舟文化,3.3,2.1671826625387025,0.0,281865.0,3.21,3.1935,0,B,钻潜评级策略,3.24,3.07,0.17,3.23,3.08
300155,安居宝,3.9,1.5625,0.0,69484.0,3.7879999999999994,3.8745000000000003,0,B,钻潜评级策略,3.77,3.57,0.2,3.76,3.58
300158,振东制药,4.98,1.2195121951219523,0.0,170558.0,4.89,4.9350000000000005,0,B,钻潜评级策略,0.0,0.0,0.0,0.0,0.0
300168,万达信息,4.8,0.4184100418409997,0.0,194317.0,4.712,4.692500000000001,0,B,钻潜评级策略,4.79,4.57,0.22,4.78,4.58
300169,天晟新材,5.38,20.089285714285698,0.0,525558.0,4.608,4.6335,0,B,钻潜评级策略,0.0,0.0,0.0,0.0,0.0
300171,东富龙,12.17,2.183039462636449,0.0,108382.0,11.964,11.836500000000001,0,B,钻潜评级策略,12.11,11.55,0.56,12.09,11.57
300172,中电环保,4.4,1.85185185185186,0.0,149260.0,4.322,4.247999999999999,0,B,钻潜评级策略,4.42,4.21,0.21,4.41,4.22
300173,ST福能,3.09,1.980198019801982,0.0,61776.0,3.0119999999999996,3.124,0,B,钻潜评级策略,3.03,2.91,0.12,3.02,2.92
300175,朗源股份,5.66,-0.5272407732864748,0.0,82022.0,5.5760000000000005,5.409000000000001,0,B,钻潜评级策略,0.0,0.0,0.0,0.0,0.0
300181,佐力药业,14.23,1.8611309949892574,0.0,153662.0,14.038,14.1745,0,B,钻潜评级策略,0.0,0.0,0.0,0.0,0.0
300180,华峰超纤,4.25,2.409638554216853,0.0,351266.0,4.090000000000001,4.0185,0,B,钻潜评级策略,4.1,3.88,0.22,4.09,3.89
300183,东软载波,10.22,2.4048096192384794,0.0,55703.0,10.024,9.925,0,B,钻潜评级策略,10.26,9.76,0.5,10.24,9.78
300185,通裕重工,2.82,2.1739130434782705,0.0,1006696.0,2.758,2.7399999999999998,0,B,钻潜评级策略,2.79,2.67,0.12,2.78,2.68
300188,国投智能,10.47,2.5465230166503483,0.0,162700.0,10.096,9.943000000000001,0,B,钻潜评级策略,10.17,9.68,0.49,10.15,9.7
300187,永清环保,4.56,2.4719101123595433,0.0,104380.0,4.458,4.7735,0,B,钻潜评级策略,4.5,4.31,0.19,4.49,4.32
300190,维尔利,3.63,0.2762430939226457,0.0,104721.0,3.6160000000000005,3.8834999999999993,0,B,钻潜评级策略,4.13,3.92,0.21,4.12,3.93
300203,聚光科技,11.81,-0.08460236886632666,0.0,64202.0,11.697999999999999,12.202499999999999,0,B,钻潜评级策略,12.09,11.48,0.61,12.07,11.5
300205,*ST天喻,5.03,1.6161616161616266,0.0,19190.0,4.916,4.809500000000001,0,B,钻潜评级策略,5.04,4.78,0.26,5.03,4.79
300206,理邦仪器,11.53,1.7652250661959412,0.0,58348.0,11.341999999999999,11.8755,0,B,钻潜评级策略,11.5,10.99,0.51,11.48,11.01
300217,东方电热,4.44,8.557457212713949,0.0,562285.0,4.118,4.203,0,B,钻潜评级策略,4.11,3.9,0.21,4.1,3.91
300218,安利股份,11.65,1.040763226366015,0.0,18087.0,11.488,12.276,0,B,钻潜评级策略,11.73,11.19,0.54,11.71,11.21
300224,正海磁材,11.04,3.564727954971847,0.0,148025.0,10.778,11.77,0,B,钻潜评级策略,11.01,10.44,0.57,10.99,10.46
300233,金城医药,12.82,1.9888623707239539,0.0,82952.0,12.598,13.091999999999999,0,B,钻潜评级策略,0.0,0.0,0.0,0.0,0.0
300232,洲明科技,5.03,1.8218623481781382,0.0,199313.0,4.9,5.047499999999999,0,B,钻潜评级策略,4.95,4.75,0.2,4.94,4.76
300235,方直科技,10.53,3.948667324777877,0.0,69397.0,10.232000000000001,11.256499999999999,0,B,钻潜评级策略,11.74,11.14,0.6,11.72,11.16
300238,冠昊生物,10.91,0.0,0.0,52352.0,10.76,11.3655,0,B,钻潜评级策略,0.0,0.0,0.0,0.0,0.0
300237,ST美晨,1.92,2.127659574468077,0.0,144473.0,1.8719999999999999,1.8880000000000003,0,B,钻潜评级策略,1.88,1.81,0.07,1.88,1.81
300239,东宝生物,4.72,1.070663811563155,0.0,72824.0,4.648000000000001,4.955,0,B,钻潜评级策略,4.7,4.45,0.25,4.69,4.46
300240,飞力达,5.3,2.5145067698259194,0.0,73917.0,5.112,5.154,0,B,钻潜评级策略,5.11,4.85,0.26,5.1,4.86
300242,佳云科技,4.35,0.0,0.0,5.877471754111438e-39,4.236,4.338,0,B,钻潜评级策略,0.0,0.0,0.0,0.0,0.0
300244,迪安诊断,16.79,3.834260977118098,0.0,302807.0,16.314,18.581,0,B,钻潜评级策略,0.0,0.0,0.0,0.0,0.0
300246,宝莱特,18.53,2.716186252771635,0.0,133213.0,17.9,15.9,0,B,钻潜评级策略,0.0,0.0,0.0,0.0,0.0
300248,新开普,7.89,1.5444015444015413,0.0,88668.0,7.684,7.6105,0,B,钻潜评级策略,7.79,7.41,0.38,7.77,7.42
300247,融捷健康,3.8,0.7957559681697646,0.0,90337.0,3.732,3.6870000000000003,0,B,钻潜评级策略,3.75,3.55,0.2,3.74,3.56
300251,光线传媒,11.45,1.5971606033717833,0.0,407163.0,11.376,11.9275,0,B,钻潜评级策略,11.5,11.05,0.45,11.48,11.07
300256,星星科技,2.57,1.984126984126977,0.0,273607.0,2.4880000000000004,2.494,0,B,钻潜评级策略,2.49,2.38,0.11,2.49,2.38
300261,雅本化学,5.31,-2.209944751381221,0.0,446360.0,5.066,4.664,0,B,钻潜评级策略,0.0,0.0,0.0,0.0,0.0
300266,兴源环境,1.8,2.857142857142869,0.0,229188.0,1.7399999999999998,1.7655,0,B,钻潜评级策略,1.75,1.67,0.08,1.75,1.67
300271,华宇软件,5.25,-0.1901140684410607,0.0,178437.0,5.066,4.979000000000001,0,B,钻潜评级策略,5.03,4.79,0.24,5.02,4.8
300272,开能健康,5.45,1.679104477611948,0.0,64292.0,5.316000000000001,5.3995,0,B,钻潜评级策略,5.41,5.14,0.27,5.4,5.15
300284,苏交科,5.46,2.2471910112359605,0.0,157247.0,5.312,5.204,0,B,钻潜评级策略,5.38,5.11,0.27,5.37,5.12
300288,朗玛信息,9.45,0.9615384615384581,0.0,47883.0,9.193999999999999,9.1455,0,B,钻潜评级策略,9.12,8.64,0.48,9.1,8.66
300289,利德曼,5.55,0.7259528130671544,0.0,47006.0,5.468,5.5424999999999995,0,B,钻潜评级策略,5.91,5.68,0.23,5.9,5.69
300294,博雅生物,15.3,3.5182679296346553,0.0,67044.0,14.85,15.0905,0,B,钻潜评级策略,0.0,0.0,0.0,0.0,0.0
300295,*ST三六五,11.37,5.180388529139668,0.0,50633.0,10.48,10.215,0,B,钻潜评级策略,10.24,9.74,0.5,10.22,9.76
300296,利亚德,5.25,2.739726027397249,0.0,571861.0,5.118,5.217499999999999,0,B,钻潜评级策略,5.23,4.96,0.27,5.22,4.97
300299,富春股份,5.17,1.3725490196078383,0.0,332692.0,5.061999999999999,4.919,0,B,钻潜评级策略,0.0,0.0,0.0,0.0,0.0
300301,ST长方,3.39,-0.2941176470588225,0.0,64058.0,3.4120000000000004,3.6235,0,B,钻潜评级策略,3.55,3.39,0.16,3.54,3.4
300307,慈星股份,6.44,3.370786516853941,0.0,130386.0,6.246,6.605500000000001,0,B,钻潜评级策略,6.36,6.04,0.32,6.35,6.05
300311,ST任子行,5.19,0.7766990291262044,0.0,84103.0,5.12,5.2195,0,B,钻潜评级策略,5.46,5.19,0.27,5.45,5.2
300313,天山生物,7.82,0.1280409731114096,0.0,57096.0,7.686,7.993,0,B,钻潜评级策略,0.0,0.0,0.0,0.0,0.0
300314,戴维医疗,9.67,1.2565445026177846,0.0,28435.0,9.437999999999999,9.5625,0,B,钻潜评级策略,9.5,9.06,0.44,9.48,9.08
300315,掌趣科技,4.18,2.9556650246305383,0.0,949982.0,4.04,4.0104999999999995,0,B,钻潜评级策略,4.06,3.86,0.2,4.05,3.87
300318,博晖创新,4.68,0.21413276231263545,0.0,73439.0,4.614,4.611,0,B,钻潜评级策略,4.65,4.41,0.24,4.64,4.42
300320,海达股份,8.07,1.7654476670870167,0.0,58719.0,7.9719999999999995,8.3455,0,B,钻潜评级策略,8.11,7.72,0.39,8.09,7.74
300332,天壕能源,4.61,1.9911504424778848,0.0,253273.0,4.63,4.6259999999999994,0,B,钻潜评级策略,0.0,0.0,0.0,0.0,0.0
300339,润和软件,35.78,1.3023782559456354,0.0,224394.0,35.166000000000004,36.465,0,B,钻潜评级策略,38.58,36.52,2.06,38.5,36.59
300348,长亮科技,9.19,1.9977802441731418,0.0,201672.0,8.878,8.688,0,B,钻潜评级策略,8.76,8.33,0.43,8.74,8.35
300350,华鹏飞,4.12,1.4778325123152802,0.0,146547.0,3.978,3.973,0,B,钻潜评级策略,4.2,3.99,0.21,4.19,4.0
300353,东土科技,17.47,2.5836758661186066,0.0,140315.0,17.3,19.4125,0,B,钻潜评级策略,0.0,0.0,0.0,0.0,0.0
300354,东华测试,28.49,2.740714028128366,0.0,19760.0,27.906,31.703500000000002,0,B,钻潜评级策略,28.21,27.07,1.14,28.15,27.12
300355,蒙草生态,2.9,1.754385964912264,0.0,322409.0,2.83,2.7885,0,B,钻潜评级策略,2.87,2.73,0.14,2.86,2.74
300357,我武生物,23.78,2.632714717306861,0.0,83257.0,23.532,23.942,0,B,钻潜评级策略,0.0,0.0,0.0,0.0,0.0
300359,全通教育,4.43,20.054200542005418,0.0,469146.0,3.72,3.6025,0,B,钻潜评级策略,3.55,3.37,0.18,3.54,3.38
300358,楚天科技,8.26,3.50877192982455,0.0,314635.0,8.138,8.119,0,B,钻潜评级策略,8.38,7.93,0.45,8.36,7.95
300360,炬华科技,12.27,2.7638190954773822,0.0,77091.0,12.008,11.741499999999998,0,B,钻潜评级策略,11.73,11.13,0.6,11.71,11.15
300366,ST创意,4.35,1.635514018691575,0.0,56515.0,4.272,4.464499999999999,0,B,钻潜评级策略,4.36,4.13,0.23,4.35,4.14
300370,安控科技,2.08,1.9607843137254832,0.0,236491.0,2.032,2.0189999999999997,0,B,钻潜评级策略,2.03,1.93,0.1,2.03,1.93
300369,绿盟科技,6.77,-2.1676300578034713,0.0,1090040.0,6.522,6.4475,0,B,钻潜评级策略,0.0,0.0,0.0,0.0,0.0
300374,中铁装配,10.78,1.9867549668874052,0.0,43628.0,10.447999999999999,10.169,0,B,钻潜评级策略,10.39,9.88,0.51,10.37,9.9
300375,鹏翎股份,3.86,1.3123359580052396,0.0,79084.0,3.772,3.8495,0,B,钻潜评级策略,4.24,4.02,0.22,4.23,4.03
300376,易事特,4.58,2.921348314606731,0.0,269823.0,4.502000000000001,4.7909999999999995,0,B,钻潜评级策略,4.6,4.38,0.22,4.59,4.39
300380,安硕信息,28.32,2.8322440087146017,0.0,28377.0,27.432,28.384000000000004,0,B,钻潜评级策略,0.0,0.0,0.0,0.0,0.0
300381,溢多利,5.64,1.8050541516245522,0.0,66033.0,5.542,5.752,0,B,钻潜评级策略,5.61,5.35,0.26,5.6,5.36
300384,三联虹普,11.99,0.33472803347280866,0.0,33119.0,11.6,11.7725,0,B,钻潜评级策略,11.62,11.08,0.54,11.6,11.1
300386,飞天诚信,9.97,2.1516393442623016,0.0,62003.0,9.592,9.842,0,B,钻潜评级策略,0.0,0.0,0.0,0.0,0.0
300387,富邦科技,6.88,2.0771513353115667,0.0,52998.0,6.7219999999999995,6.867,0,B,钻潜评级策略,6.78,6.47,0.31,6.77,6.48
300388,节能国祯,6.8,2.102102102102088,0.0,42196.0,6.704000000000001,6.7325,0,B,钻潜评级策略,6.81,6.51,0.3,6.8,6.52
300389,艾比森,12.02,2.297872340425533,0.0,47418.0,11.832,12.182,0,B,钻潜评级策略,12.04,11.48,0.56,12.02,11.5
300402,宝色股份,14.04,2.3323615160349753,0.0,33154.0,13.690000000000001,13.712,0,B,钻潜评级策略,13.93,13.23,0.7,13.9,13.26
300403,汉宇集团,8.96,2.517162471395884,0.0,109958.0,8.744,9.4345,0,B,钻潜评级策略,8.81,8.36,0.45,8.79,8.38
300404,博济医药,9.47,-1.55925155925154,0.0,204138.0,9.514000000000001,9.566500000000001,0,B,钻潜评级策略,0.0,0.0,0.0,0.0,0.0
300406,九强生物,11.32,1.4336917562723928,0.0,42488.0,11.234,11.379000000000001,0,B,钻潜评级策略,11.4,10.98,0.42,11.38,11.0
300412,迦南科技,3.9,0.5154639175257714,0.0,119866.0,3.846,4.0954999999999995,0,B,钻潜评级策略,0.0,0.0,0.0,0.0,0.0
300413,芒果超媒,15.68,2.6850032743942487,0.0,198951.0,15.190000000000001,15.128,0,B,钻潜评级策略,15.44,14.65,0.79,15.41,14.68
300415,伊之密,20.15,2.963719979560553,0.0,60602.0,19.759999999999998,20.241,0,B,钻潜评级策略,20.31,19.25,1.06,20.27,19.29
300419,ST浩丰,7.69,-1.4102564102564052,0.0,91568.0,7.606,7.292999999999999,0,B,钻潜评级策略,7.67,7.35,0.32,7.65,7.36
300428,立中集团,18.86,3.797468354430378,0.0,99469.0,18.386,17.9375,0,B,钻潜评级策略,18.59,17.94,0.65,18.55,17.98
300434,金石亚药,10.1,-0.39447731755425375,0.0,154372.0,10.187999999999999,11.0835,0,B,钻潜评级策略,0.0,0.0,0.0,0.0,0.0
300441,鲍斯股份,6.89,2.682563338301036,0.0,160865.0,6.603999999999999,6.529999999999999,0,B,钻潜评级策略,0.0,0.0,0.0,0.0,0.0
300451,创业慧康,3.39,0.8928571428571397,0.0,260798.0,3.306,3.3195,0,B,钻潜评级策略,3.37,3.2,0.17,3.36,3.21
300452,山河药辅,12.08,1.5979814970563444,0.0,27667.0,11.908,12.183499999999999,0,B,钻潜评级策略,12.14,11.53,0.61,12.12,11.55
300454,深信服,103.22,0.7024390243902445,0.0,146051.0,103.80799999999999,104.96099999999998,0,B,钻潜评级策略,0.0,0.0,0.0,0.0,0.0
300459,汤姆猫,3.68,1.098901098901095,0.0,1452860.0,3.558,3.4615,0,B,钻潜评级策略,3.56,3.39,0.17,3.55,3.4
300460,ST惠伦,8.14,1.2437810945273853,0.0,44186.0,8.27,9.248,0,B,钻潜评级策略,9.61,9.18,0.43,9.59,9.2
300462,ST华铭,11.46,7.002801120448177,0.0,21939.0,10.538,10.2595,0,B,钻潜评级策略,10.38,9.86,0.52,10.36,9.88
300463,迈克生物,8.92,0.9049773755656076,0.0,67925.0,8.782,8.869,0,B,钻潜评级策略,8.88,8.47,0.41,8.86,8.49
300466,赛摩智能,7.0,1.8922852983988436,0.0,50260.0,6.836,6.9905,0,B,钻潜评级策略,6.87,6.58,0.29,6.86,6.59
300467,迅游科技,32.97,0.6103143118705967,0.0,39245.0,32.285999999999994,32.8725,0,B,钻潜评级策略,0.0,0.0,0.0,0.0,0.0
300471,厚普股份,9.14,2.1229050279329753,0.0,70514.0,8.908,9.0435,0,B,钻潜评级策略,9.02,8.56,0.46,9.0,8.58
300474,景嘉微,51.88,3.4084114012358,0.0,88827.0,51.184000000000005,55.723,0,B,钻潜评级策略,0.0,0.0,0.0,0.0,0.0
300479,神思电子,13.11,1.235521235521242,0.0,36843.0,12.794,12.9285,0,B,钻潜评级策略,12.88,12.24,0.64,12.85,12.26
300477,ST合纵,2.8,4.868913857677892,0.0,478362.0,2.5780000000000003,2.4155,0,B,钻潜评级策略,0.0,0.0,0.0,0.0,0.0
300482,万孚生物,16.87,4.329004329004316,0.0,111658.0,16.296,16.765,0,B,钻潜评级策略,17.12,16.34,0.78,17.09,16.37
300485,赛升药业,8.8,-0.6772009029345272,0.0,72464.0,8.82,9.4435,0,B,钻潜评级策略,0.0,0.0,0.0,0.0,0.0
300496,中科创达,59.0,2.076124567474058,0.0,121636.0,58.104,58.26899999999999,0,B,钻潜评级策略,58.78,55.79,2.99,58.66,55.9
300498,温氏股份,13.99,-0.4978662873399764,0.0,539835.0,13.937999999999999,13.715,0,B,钻潜评级策略,14.34,13.68,0.66,14.31,13.71
300510,金冠股份,3.43,1.479289940828421,0.0,354395.0,3.4739999999999993,3.2055,0,B,钻潜评级策略,3.47,3.3,0.17,3.46,3.31
300515,三德科技,15.37,-2.2264631043257044,0.0,79295.0,15.652000000000001,14.048999999999998,0,B,钻潜评级策略,0.0,0.0,0.0,0.0,0.0
300519,新光药业,13.56,-1.7391304347826098,0.0,76245.0,13.2,13.078,0,B,钻潜评级策略,0.0,0.0,0.0,0.0,0.0
300523,辰安科技,19.03,3.4801522566612286,0.0,29474.0,18.296,18.5005,0,B,钻潜评级策略,18.41,17.56,0.85,18.37,17.6
300525,博思软件,8.03,1.9035532994923887,0.0,181971.0,7.756,7.598000000000001,0,B,钻潜评级策略,7.79,7.39,0.4,7.77,7.4
300528,幸福蓝海,13.59,-0.9475218658892226,0.0,199506.0,13.854,14.651499999999999,0,B,钻潜评级策略,0.0,0.0,0.0,0.0,0.0
300531,优博讯,16.79,3.006134969325136,0.0,181479.0,16.562,16.247999999999998,0,B,钻潜评级策略,15.56,14.76,0.8,15.53,14.79
300532,今天国际,6.82,1.7910447761193993,0.0,124046.0,6.7299999999999995,6.749499999999999,0,B,钻潜评级策略,0.0,0.0,0.0,0.0,0.0
300541,先进数通,10.28,0.685602350636616,0.0,117481.0,10.156,10.022,0,B,钻潜评级策略,0.0,0.0,0.0,0.0,0.0
300555,ST路通,11.99,0.0,0.0,4797.0,11.958,12.5915,0,B,钻潜评级策略,12.17,11.73,0.44,12.15,11.75
300559,佳发教育,10.52,2.434274586173313,0.0,75824.0,10.392,10.506,0,B,钻潜评级策略,0.0,0.0,0.0,0.0,0.0
300562,乐心医疗,13.35,1.7530487804878092,0.0,139111.0,13.202000000000002,13.783000000000001,0,B,钻潜评级策略,0.0,0.0,0.0,0.0,0.0
300569,天能重工,4.86,1.4613778705636848,0.0,132625.0,4.768,4.710500000000001,0,B,钻潜评级策略,4.82,4.57,0.25,4.81,4.58
300577,开润股份,17.04,-1.8998272884283351,0.0,62119.0,16.816,17.2465,0,B,钻潜评级策略,0.0,0.0,0.0,0.0,0.0
300575,中旗股份,5.44,0.3690036900369176,0.0,100459.0,5.324,5.1655,0,B,钻潜评级策略,5.3,5.03,0.27,5.29,5.04
300579,数字认证,21.63,0.7921714818266423,0.0,54786.0,20.877999999999997,20.6385,0,B,钻潜评级策略,0.0,0.0,0.0,0.0,0.0
300583,赛托生物,11.59,1.3998250218722585,0.0,25903.0,11.314,11.752500000000001,0,B,钻潜评级策略,11.41,10.84,0.57,11.39,10.86
300588,熙菱信息,21.44,2.632838678793692,0.0,50904.0,20.57,21.668,0,B,钻潜评级策略,20.64,19.56,1.08,20.6,19.6
300591,万里马,7.15,0.28050490883591017,0.0,402414.0,6.578,6.372,0,B,钻潜评级策略,0.0,0.0,0.0,0.0,0.0
300595,欧普康视,11.16,2.9520295202952074,0.0,118471.0,10.904,10.921000000000001,0,B,钻潜评级策略,11.34,10.77,0.57,11.32,10.79
300601,康泰生物,12.28,1.8242122719734466,0.0,132398.0,12.072,12.037,0,B,钻潜评级策略,0.0,0.0,0.0,0.0,0.0
300627,华测导航,28.6,3.8489469862019066,0.0,144063.0,27.436,27.470999999999997,0,B,钻潜评级策略,27.84,26.46,1.38,27.78,26.51
300633,开立医疗,19.51,1.4560582423297053,0.0,49264.0,18.874,19.020000000000003,0,B,钻潜评级策略,19.76,18.73,1.03,19.72,18.77
300636,同和药业,6.61,0.60882800608828,0.0,58762.0,6.55,6.68,0,B,钻潜评级策略,6.7,6.37,0.33,6.69,6.38
300638,广和通,20.3,3.3604887983706755,0.0,269753.0,19.942,18.9445,0,B,钻潜评级策略,0.0,0.0,0.0,0.0,0.0
300641,正丹股份,14.32,3.4682080924855585,0.0,83525.0,14.096,14.4695,0,B,钻潜评级策略,14.38,13.75,0.63,14.35,13.78
300643,万通智控,17.98,-4.106666666666669,0.0,189279.0,19.387999999999998,18.395,0,B,钻潜评级策略,0.0,0.0,0.0,0.0,0.0
300653,正海生物,14.09,1.294033069734013,0.0,14554.0,13.88,14.3905,0,B,钻潜评级策略,14.08,13.34,0.74,14.05,13.37
300654,世纪天鸿,11.05,-6.829679595278238,0.0,257222.0,11.38,10.561000000000002,0,B,钻潜评级策略,0.0,0.0,0.0,0.0,0.0
300662,科锐国际,20.28,3.7871033776867957,0.0,145570.0,19.002,17.875999999999998,0,B,钻潜评级策略,17.97,17.04,0.93,17.93,17.07
300670,大烨智能,5.52,1.845018450184499,0.0,75383.0,5.41,5.9075,0,B,钻潜评级策略,0.0,0.0,0.0,0.0,0.0
300673,佩蒂股份,12.46,7.228915662650626,0.0,58159.0,11.596,12.5945,0,B,钻潜评级策略,11.51,11.0,0.51,11.49,11.02
300674,宇信科技,15.89,1.8589743589743746,0.0,179944.0,15.672,15.228,0,B,钻潜评级策略,15.07,14.31,0.76,15.04,14.34
300676,华大基因,37.33,0.8918918918918939,0.0,52094.0,37.06,36.431,0,B,钻潜评级策略,37.77,35.93,1.84,37.69,36.0
300678,中科信息,23.25,-1.8158783783783772,0.0,140433.0,22.436,21.9795,0,B,钻潜评级策略,22.24,21.12,1.12,22.2,21.16
300685,艾德生物,17.3,2.5489033787788884,0.0,75006.0,16.97,17.549500000000002,0,B,钻潜评级策略,18.42,17.54,0.88,18.38,17.58
300692,中赋科技,8.18,-1.207729468599028,0.0,183987.0,8.16,8.372,0,B,钻潜评级策略,8.06,7.64,0.42,8.04,7.66
300694,蠡湖股份,9.87,0.6116207951070152,0.0,54285.0,9.666,10.7765,0,B,钻潜评级策略,9.82,9.33,0.49,9.8,9.35
300702,天宇股份,20.1,0.09960159362552012,0.0,24661.0,20.028,20.7625,0,B,钻潜评级策略,0.0,0.0,0.0,0.0,0.0
300705,九典制药,10.7,1.614434947768273,0.0,58343.0,10.514,10.64,0,B,钻潜评级策略,10.98,10.46,0.52,10.96,10.48
300708,聚灿光电,7.46,1.7735334242837686,0.0,164715.0,7.32,7.556,0,B,钻潜评级策略,0.0,0.0,0.0,0.0,0.0
300712,永福股份,20.76,1.3177159590044063,0.0,12164.0,20.762,21.8625,0,B,钻潜评级策略,21.28,20.21,1.07,21.24,20.25
300723,一品红,34.99,1.5380150899593659,0.0,90815.0,34.778000000000006,37.911500000000004,0,B,钻潜评级策略,0.0,0.0,0.0,0.0,0.0
300725,药石科技,38.11,1.6266666666666652,0.0,142826.0,38.134,38.2365,0,B,钻潜评级策略,0.0,0.0,0.0,0.0,0.0
300732,设研院,5.71,2.8828828828828756,0.0,74475.0,5.53,5.6685,0,B,钻潜评级策略,5.58,5.3,0.28,5.57,5.31
300735,光弘科技,18.99,1.8230563002680888,0.0,129667.0,18.961999999999996,20.7525,0,B,钻潜评级策略,19.37,18.46,0.91,19.33,18.5
300741,华宝股份,12.79,2.483974358974339,0.0,27891.0,12.45,12.672,0,B,钻潜评级策略,12.61,11.99,0.62,12.58,12.01
300746,汉嘉数智,12.42,4.89864864864864,0.0,169051.0,10.964,10.559000000000001,0,B,钻潜评级策略,0.0,0.0,0.0,0.0,0.0
300750,宁德时代,396.84,1.5299595763188734,0.0,404358.0,391.34,375.22349999999994,0,B,钻潜评级策略,388.73,370.02,18.71,387.95,370.76
300761,立华股份,19.05,4.155276107162398,0.0,98866.0,18.362000000000002,18.628999999999998,0,B,钻潜评级策略,18.57,17.71,0.86,18.53,17.75
300768,迪普科技,16.04,-2.195121951219514,0.0,140935.0,16.174,15.861499999999998,0,B,钻潜评级策略,0.0,0.0,0.0,0.0,0.0
300771,智莱科技,11.32,7.095553453169345,0.0,91183.0,10.690000000000001,10.6035,0,B,钻潜评级策略,0.0,0.0,0.0,0.0,0.0
300783,三只松鼠,17.94,5.467372134038806,0.0,192523.0,16.752000000000002,16.622999999999998,0,B,钻潜评级策略,16.57,15.72,0.85,16.54,15.75
300791,仙乐健康,16.75,3.7151702786377694,0.0,19261.0,16.184,16.448500000000003,0,B,钻潜评级策略,17.54,16.67,0.87,17.5,16.7
300793,佳禾智能,11.01,2.2284122562674202,0.0,92582.0,10.52,10.618,0,B,钻潜评级策略,10.41,9.97,0.44,10.39,9.99
300797,钢研纳克,11.85,1.6295025728988,0.0,30584.0,11.64,12.192,0,B,钻潜评级策略,11.92,11.37,0.55,11.9,11.39
300796,贝斯美,6.35,1.9261637239165186,0.0,43769.0,6.188,6.268,0,B,钻潜评级策略,6.28,5.96,0.32,6.27,5.97
300803,指南针,80.43,8.82153971045867,0.0,313164.0,76.942,80.97449999999999,0,B,钻潜评级策略,0.0,0.0,0.0,0.0,0.0
300824,北鼎股份,7.56,2.9972752043596618,0.0,37108.0,7.2780000000000005,7.3685,0,B,钻潜评级策略,0.0,0.0,0.0,0.0,0.0
300833,浩洋股份,33.07,1.5975422427035424,0.0,6381.0,32.544,33.577999999999996,0,B,钻潜评级策略,33.37,31.9,1.47,33.3,31.96
300832,新产业,47.79,0.31486146095718315,0.0,56627.0,47.676,44.853,0,B,钻潜评级策略,48.7,46.33,2.37,48.6,46.42
300841,康华生物,44.66,1.963470319634708,0.0,19514.0,44.128,46.1055,0,B,钻潜评级策略,46.29,44.13,2.16,46.2,44.22
300856,科思股份,10.95,3.595080416272456,0.0,48648.0,10.605999999999998,10.689,0,B,钻潜评级策略,10.77,10.21,0.56,10.75,10.23
300858,科拓生物,13.87,2.2107590272660183,0.0,38961.0,13.512,14.266,0,B,钻潜评级策略,13.71,12.99,0.72,13.68,13.02
300859,西域旅游,25.15,0.0,0.0,31505.0,24.794,25.576999999999998,0,B,钻潜评级策略,25.22,23.97,1.25,25.17,24.02
300866,安克创新,119.96,1.3175675675675569,0.0,50345.0,117.768,111.96700000000001,0,B,钻潜评级策略,0.0,0.0,0.0,0.0,0.0
300869,康泰医学,10.92,2.3430178069353325,0.0,44821.0,10.622,10.673,0,B,钻潜评级策略,10.67,10.18,0.49,10.65,10.2
300871,回盛生物,20.55,-1.8624641833810962,0.0,45755.0,20.804,22.3185,0,B,钻潜评级策略,24.72,23.45,1.27,24.67,23.5
300875,捷强装备,34.55,8.443188951663515,0.0,126778.0,33.251999999999995,30.040499999999998,0,B,钻潜评级策略,0.0,0.0,0.0,0.0,0.0
300884,狄耐克,10.71,-1.3812154696132506,0.0,60145.0,10.516000000000002,10.9125,0,B,钻潜评级策略,10.35,9.86,0.49,10.33,9.88
300892,品渥食品,23.31,12.554321583775941,0.0,135302.0,19.868000000000002,19.482499999999998,0,B,钻潜评级策略,0.0,0.0,0.0,0.0,0.0
300891,惠云钛业,6.67,2.9320987654321007,0.0,101003.0,6.394,6.297,0,B,钻潜评级策略,0.0,0.0,0.0,0.0,0.0
300894,火星人,9.83,2.7168234064785857,0.0,79420.0,9.478,10.672,0,B,钻潜评级策略,0.0,0.0,0.0,0.0,0.0
300896,爱美客,104.36,-1.2677388836329295,0.0,63098.0,103.63,95.868,0,B,钻潜评级策略,92.68,89.16,3.52,92.5,89.34
300898,熊猫乳品,20.68,10.117145899893497,0.0,126303.0,18.758000000000003,18.930500000000002,0,B,钻潜评级策略,19.56,18.54,1.02,19.52,18.58
300926,博俊科技,17.35,3.7679425837320757,0.0,49370.0,16.666,17.131999999999998,0,B,钻潜评级策略,16.9,16.09,0.81,16.87,16.12
300925,法本信息,14.53,1.9649122807017472,0.0,91368.0,14.02,14.122,0,B,钻潜评级策略,14.41,13.73,0.68,14.38,13.76
300937,药易购,23.71,0.6794055201698512,0.0,70589.0,23.884000000000004,22.16,0,B,钻潜评级策略,20.7,19.86,0.84,20.66,19.9
300942,易瑞生物,6.06,3.4129692832764347,0.0,63804.0,5.886,6.0865,0,B,钻潜评级策略,0.0,0.0,0.0,0.0,0.0
300941,创识科技,14.0,2.1152443471918136,0.0,35244.0,13.522,13.5765,0,B,钻潜评级策略,13.59,12.91,0.68,13.56,12.94
300957,贝泰妮,33.22,1.6212909146527954,0.0,100465.0,32.602,32.067,0,B,钻潜评级策略,33.07,31.67,1.4,33.0,31.73
300968,格林精密,10.55,0.2851711026616188,0.0,213716.0,10.846,10.041500000000001,0,B,钻潜评级策略,0.0,0.0,0.0,0.0,0.0
300973,立高食品,24.65,4.052342760658489,0.0,51120.0,23.226,24.2405,0,B,钻潜评级策略,0.0,0.0,0.0,0.0,0.0
300972,万辰集团,211.3,2.9626742032940356,0.0,29075.0,196.7,195.6725,0,B,钻潜评级策略,0.0,0.0,0.0,0.0,0.0
300979,华利集团,36.1,0.5011135857460935,0.0,38187.0,34.568,32.3705,0,B,钻潜评级策略,30.81,29.48,1.33,30.75,29.54
300978,东箭科技,8.34,2.2058823529411686,0.0,32736.0,8.070000000000002,8.161,0,B,钻潜评级策略,8.11,7.69,0.42,8.09,7.71
300987,川网传媒,12.58,1.5334947538337307,0.0,32930.0,12.241999999999999,12.4225,0,B,钻潜评级策略,12.33,11.72,0.61,12.31,11.74
300993,玉马科技,9.58,2.0234291799786863,0.0,30573.0,9.347999999999999,9.5115,0,B,钻潜评级策略,9.49,9.0,0.49,9.47,9.02
300997,欢乐家,18.0,19.999999999999996,0.0,203605.0,15.052000000000001,14.488499999999998,0,B,钻潜评级策略,14.38,13.69,0.69,14.35,13.72
301004,嘉益股份,37.12,3.832167832167821,0.0,11390.0,34.676,33.1295,0,B,钻潜评级策略,33.73,32.29,1.44,33.66,32.35
301009,可靠股份,8.55,3.762135922330101,0.0,47394.0,8.232000000000001,8.353,0,B,钻潜评级策略,0.0,0.0,0.0,0.0,0.0
301015,百洋医药,22.86,-1.6774193548387162,0.0,50469.0,23.186,22.5085,0,B,钻潜评级策略,23.67,22.44,1.23,23.62,22.48
301017,漱玉平民,12.53,1.1299435028248483,0.0,34740.0,12.42,12.8535,0,B,钻潜评级策略,0.0,0.0,0.0,0.0,0.0
301027,华蓝集团,18.93,-2.4226804123711254,0.0,28954.0,18.999999999999996,19.5395,0,B,钻潜评级策略,0.0,0.0,0.0,0.0,0.0
301029,怡合达,24.5,2.984447246742339,0.0,100794.0,24.262,27.102999999999998,0,B,钻潜评级策略,24.75,23.58,1.17,24.7,23.63
301039,中集车辆,8.22,6.338939197930138,0.0,438468.0,7.644,7.2620000000000005,0,B,钻潜评级策略,7.06,6.7,0.36,7.05,6.71
301047,义翘神州,68.73,1.4614703277236574,0.0,16799.0,68.92999999999999,70.113,0,B,钻潜评级策略,70.53,67.1,3.43,70.39,67.23
301048,金鹰重工,8.86,2.665121668597892,0.0,40817.0,8.634,8.7065,0,B,钻潜评级策略,8.74,8.33,0.41,8.72,8.35
301058,中粮科工,8.2,1.2345679012345734,0.0,42455.0,8.034,8.011000000000001,0,B,钻潜评级策略,8.14,7.78,0.36,8.12,7.8
301060,兰卫医学,8.57,1.1806375442739103,0.0,62281.0,8.43,8.713,0,B,钻潜评级策略,9.03,8.58,0.45,9.01,8.6
301078,孩子王,7.43,4.795486600846255,0.0,412302.0,7.045999999999999,6.852499999999999,0,B,钻潜评级策略,7.05,6.7,0.35,7.04,6.71
301087,可孚医疗,53.31,1.0616113744075895,0.0,22502.0,53.36800000000001,50.852,0,B,钻潜评级策略,0.0,0.0,0.0,0.0,0.0
301090,华润材料,6.34,2.922077922077926,0.0,128923.0,6.298,6.3565,0,B,钻潜评级策略,6.46,6.13,0.33,6.45,6.14
301100,风光股份,15.32,0.459016393442635,0.0,37743.0,14.943999999999999,15.315000000000001,0,B,钻潜评级策略,0.0,0.0,0.0,0.0,0.0
301101,明月镜片,29.1,5.016239624684227,0.0,34988.0,27.884000000000004,28.477500000000003,0,B,钻潜评级策略,29.37,27.92,1.45,29.31,27.98
301102,兆讯传媒,9.15,1.6666666666666607,0.0,16024.0,8.983999999999998,8.983500000000001,0,B,钻潜评级策略,9.19,8.73,0.46,9.17,8.75
301103,何氏眼科,15.41,1.7833553500660404,0.0,14847.0,15.075999999999999,15.5635,0,B,钻潜评级策略,15.21,14.47,0.74,15.18,14.5
301116,益客食品,8.56,2.6378896882494063,0.0,39945.0,8.314,8.735499999999998,0,B,钻潜评级策略,8.41,7.98,0.43,8.39,8.0
301121,紫建电子,31.16,-2.5945608002500675,0.0,35344.0,30.818,33.11450000000001,0,B,钻潜评级策略,0.0,0.0,0.0,0.0,0.0
301153,中科江南,16.78,1.696969696969708,0.0,48074.0,16.366,16.334,0,B,钻潜评级策略,16.39,15.77,0.62,16.36,15.8
301168,通灵股份,39.8,-0.7481296758104827,0.0,10413.0,39.971999999999994,40.379000000000005,0,B,钻潜评级策略,40.65,38.72,1.93,40.57,38.8
301166,优宁维,24.66,0.6530612244898037,0.0,12146.0,24.576,26.059000000000005,0,B,钻潜评级策略,24.93,23.84,1.09,24.88,23.89
301175,中科环保,5.28,2.1276595744680993,0.0,194846.0,5.198,5.0895,0,B,钻潜评级策略,5.31,5.08,0.23,5.3,5.09
301185,鸥玛软件,15.8,-0.4410838059231148,0.0,23653.0,15.707999999999998,15.3125,0,B,钻潜评级策略,16.11,15.3,0.81,16.08,15.33
301199,迈赫股份,17.3,2.48815165876779,0.0,16244.0,16.956,18.6195,0,B,钻潜评级策略,17.3,16.42,0.88,17.27,16.45
301208,中亦科技,27.86,1.5676266861101018,0.0,10956.0,27.036,27.8645,0,B,钻潜评级策略,0.0,0.0,0.0,0.0,0.0
301236,软通动力,35.39,0.28336639274582076,0.0,153763.0,35.794,38.669,0,B,钻潜评级策略,0.0,0.0,0.0,0.0,0.0
301258,富士莱,24.94,6.718014548566531,0.0,36055.0,23.272000000000002,23.912,0,B,钻潜评级策略,0.0,0.0,0.0,0.0,0.0
301262,海看股份,19.9,7.742284786139675,0.0,105699.0,18.663999999999998,18.755,0,B,钻潜评级策略,19.3,18.3,1.0,19.26,18.34
301270,汉仪股份,30.65,5.689655172413799,0.0,43404.0,28.546,27.872499999999995,0,B,钻潜评级策略,0.0,0.0,0.0,0.0,0.0
301275,汉朔科技,42.54,3.478472391145715,0.0,61197.0,41.218,41.678999999999995,0,B,钻潜评级策略,42.69,40.53,2.16,42.6,40.61
301277,新天地,9.8,0.3070624360286711,0.0,43161.0,9.762,10.1745,0,B,钻潜评级策略,0.0,0.0,0.0,0.0,0.0
301287,康力源,32.44,0.9962640099626441,0.0,6202.0,32.072,32.332499999999996,0,B,钻潜评级策略,0.0,0.0,0.0,0.0,0.0
301289,国缆检测,41.8,2.1755072109508777,0.0,5461.0,40.952,42.9925,0,B,钻潜评级策略,41.52,39.42,2.1,41.44,39.5
301309,万得凯,28.86,1.5482054890921804,0.0,11210.0,27.21,28.3045,0,B,钻潜评级策略,0.0,0.0,0.0,0.0,0.0
301311,昆船智能,13.4,1.9011406844106515,0.0,26124.0,13.054000000000002,12.953999999999999,0,B,钻潜评级策略,12.7,12.13,0.57,12.67,12.15
301318,维海德,19.16,0.8952080042127442,0.0,8716.0,18.932,19.580000000000002,0,B,钻潜评级策略,19.34,18.31,1.03,19.3,18.35
301330,熵基科技,22.54,-1.8292682926829396,0.0,44653.0,22.312,23.1935,0,B,钻潜评级策略,22.45,21.36,1.09,22.41,21.4
301335,天元宠物,20.55,2.238805970149249,0.0,19318.0,20.038,20.116,0,B,钻潜评级策略,21.03,19.98,1.05,20.99,20.02
301333,诺思格,48.34,1.193217500523347,0.0,18991.0,48.736000000000004,51.6355,0,B,钻潜评级策略,0.0,0.0,0.0,0.0,0.0
301337,亚华电子,22.46,1.3995485327313872,0.0,18103.0,21.81,24.3305,0,B,钻潜评级策略,0.0,0.0,0.0,0.0,0.0
301345,涛涛车业,242.3,0.6521829435467197,0.0,14093.0,247.18400000000003,250.07949999999997,0,B,钻潜评级策略,0.0,0.0,0.0,0.0,0.0
301365,矩阵股份,35.31,0.19863791146423893,0.0,27071.0,36.398,36.665499999999994,0,B,钻潜评级策略,0.0,0.0,0.0,0.0,0.0
301380,挖金客,30.08,-1.3770491803278717,0.0,26937.0,29.818,28.152500000000003,0,B,钻潜评级策略,0.0,0.0,0.0,0.0,0.0
301386,未来电器,19.07,1.9241047568145264,0.0,10210.0,18.753999999999998,19.461999999999996,0,B,钻潜评级策略,19.13,18.1,1.03,19.09,18.14
301459,丰茂股份,30.77,1.3170892327955208,0.0,9971.0,30.236,32.669000000000004,0,B,钻潜评级策略,30.94,29.34,1.6,30.88,29.4
301491,汉桑科技,37.84,1.4477211796246836,0.0,7225.0,37.2,38.17,0,B,钻潜评级策略,37.98,36.08,1.9,37.9,36.15
301498,乖宝宠物,41.2,0.8567931456548328,0.0,79039.0,39.706,39.81,0,B,钻潜评级策略,42.33,40.33,2.0,42.25,40.41
301501,恒鑫生活,27.9,3.1423290203327126,0.0,12530.0,27.274,27.511000000000003,0,B,钻潜评级策略,28.23,26.84,1.39,28.17,26.89
301509,金凯生科,27.32,0.4411764705882337,0.0,19062.0,27.407999999999998,29.553500000000003,0,B,钻潜评级策略,0.0,0.0,0.0,0.0,0.0
301533,威马农机,24.5,1.2396694214876103,0.0,10980.0,23.770000000000003,23.851499999999998,0,B,钻潜评级策略,23.82,22.65,1.17,23.77,22.7
301558,三态股份,6.4,1.4263074484944571,0.0,55723.0,6.276000000000001,6.2415,0,B,钻潜评级策略,6.31,5.99,0.32,6.3,6.0
301559,中集环科,12.98,2.124311565696302,0.0,22501.0,12.744000000000002,12.5725,0,B,钻潜评级策略,13.03,12.48,0.55,13.0,12.51
301571,国科天成,62.83,-1.4431372549019605,0.0,119289.0,63.266,62.09100000000001,0,B,钻潜评级策略,0.0,0.0,0.0,0.0,0.0
301584,建发致新,21.02,-0.426338228327805,0.0,28275.0,20.991999999999997,21.6085,0,B,钻潜评级策略,0.0,0.0,0.0,0.0,0.0
301589,诺瓦星云,133.96,3.0858022316275546,0.0,8251.0,132.31599999999997,138.414,0,B,钻潜评级策略,135.75,128.74,7.01,135.48,129.0
301602,超研股份,14.75,2.8591352859135277,0.0,26407.0,14.540000000000001,14.474,0,B,钻潜评级策略,14.8,14.05,0.75,14.77,14.08
301616,浙江华业,33.17,1.873464373464362,0.0,6055.0,32.776,34.177,0,B,钻潜评级策略,0.0,0.0,0.0,0.0,0.0
301613,新铝时代,37.67,1.3179128563743925,0.0,7240.0,37.838,39.159,0,B,钻潜评级策略,39.03,37.1,1.93,38.95,37.17
301633,港迪技术,54.81,-2.9911504424778745,0.0,20200.0,55.45,48.9465,0,B,钻潜评级策略,0.0,0.0,0.0,0.0,0.0
301656,联合动力,16.62,1.9631901840490906,0.0,47280.0,16.454,17.0305,0,B,钻潜评级策略,16.86,15.97,0.89,16.83,16.0
301665,泰禾股份,22.3,2.2466758367721384,0.0,20586.0,22.416,23.177500000000002,0,B,钻潜评级策略,22.83,21.63,1.2,22.78,21.67
302132,中航成飞,58.43,2.6167896030909743,0.0,86059.0,57.132000000000005,55.815999999999995,0,B,钻潜评级策略,59.42,56.4,3.02,59.3,56.51
