mode,code,date,grade,PT,TY,DN,DL,LK,SF,close,trigger,stop,risk,prbook_warn,triggered_5d,entry_5d,exit_5d,exit_date_5d,stopped_5d,r_5d,triggered_10d,entry_10d,exit_10d,exit_date_10d,stopped_10d,r_10d,triggered_20d,entry_20d,exit_20d,exit_date_20d,stopped_20d,r_20d,vol_ratio,mom20,_d
prebreak,600207,2001-03-28,S,S,A,C,S,S,A,16.8095,16.86,16.12,0.74,,1,16.86,16.4525,2001-04-04,0,-0.5676,1,16.86,16.12,2001-04-06,1,-1.0167,1,16.86,16.12,2001-04-06,1,-1.0167,3.4654,-0.0182231440224542,2001-03-28
prebreak,600600,2009-12-10,S,S,A,C,S,S,A,27.737,28.67,27.18,1.49,,0,0.0,0.0,,0,0.0,0,0.0,0.0,,0,0.0,1,28.67,28.0272,2010-01-08,0,-0.4458,1.7593,-0.007078433691557,2009-12-10
prebreak,600875,2010-04-20,S,S,A,C,S,S,A,19.6364,18.27,17.48,0.79,,1,18.27,20.9683,2010-04-27,0,3.3959,1,18.27,20.5366,2010-05-05,0,2.8497,1,18.27,19.0784,2010-05-19,0,1.0051,1.7382,0.0196700414158388,2010-04-20
prebreak,601628,2010-06-02,S,S,A,C,S,S,A,18.1533,18.83,17.93,0.9,,0,0.0,0.0,,0,0.0,1,18.83,18.9876,2010-06-22,0,0.1592,1,18.83,19.5359,2010-07-06,0,0.7679,2.1475,0.0166507981121724,2010-06-02
prebreak,600054,2010-08-05,S,S,A,C,S,S,A,11.486,11.51,11.01,0.5,,1,11.51,12.1582,2010-08-12,0,1.2781,1,11.51,12.2277,2010-08-19,0,1.4171,1,11.51,12.8884,2010-09-02,0,2.7376,2.9138,0.0497604771816231,2010-08-05
prebreak,601088,2010-09-08,S,S,A,C,S,S,A,9.2076,9.39,8.89,0.5,,0,0.0,0.0,,0,0.0,0,0.0,0.0,,0,0.0,1,9.39,10.6744,2010-10-18,0,2.5529,4.7321,0.032166494136091,2010-09-08
prebreak,002028,2011-03-01,S,S,A,C,S,S,A,12.0441,12.18,11.64,0.54,,1,12.18,12.1613,2011-03-04,0,-0.0517,1,12.18,12.1613,2011-03-04,0,-0.0517,1,12.18,12.1613,2011-03-04,0,-0.0517,1.5883,0.0639904904438011,2011-03-01
prebreak,600600,2011-04-14,S,S,A,C,S,S,A,26.0138,26.21,25.05,1.16,,0,0.0,0.0,,0,0.0,1,26.21,25.9823,2011-04-28,0,-0.2134,1,26.21,27.582,2011-05-13,0,1.1649,1.7587,0.0143024261735706,2011-04-14
prebreak,601601,2011-09-20,S,S,A,C,S,S,A,12.9118,13.18,12.62,0.56,,1,13.18,12.62,2011-09-23,1,-1.0173,1,13.18,12.62,2011-09-23,1,-1.0173,1,13.18,12.62,2011-09-23,1,-1.0173,1.9099,0.0217704902156434,2011-09-20
prebreak,601601,2011-09-27,S,S,A,C,S,S,A,11.9249,13.18,12.62,0.56,,0,0.0,0.0,,0,0.0,0,0.0,0.0,,0,0.0,0,13.18,12.8739,2011-11-01,0,-0.5642,2.0362,0.1052467000263643,2011-09-27
prebreak,600009,2011-10-11,S,S,A,C,S,S,A,9.8022,10.11,9.61,0.5,,1,10.11,10.3435,2011-10-18,0,0.4514,1,10.11,10.688,2011-10-25,0,1.14,1,10.11,10.7619,2011-11-08,0,1.2875,1.7837,-0.0519004463130772,2011-10-11
prebreak,601001,2011-10-26,S,S,A,C,S,S,A,11.8739,12.51,11.88,0.63,,0,0.0,0.0,,0,0.0,1,12.51,12.4988,2011-11-09,0,-0.0328,1,12.51,12.2645,2011-11-10,0,-0.4046,1.5332,0.0285370794194583,2011-10-26
prebreak,600779,2011-11-17,S,S,A,C,S,S,A,18.6711,19.51,18.61,0.9,,0,0.0,0.0,,0,0.0,1,19.51,18.61,2011-11-30,1,-1.0158,1,19.51,18.61,2011-11-30,1,-1.0158,1.5596,0.0472761289148062,2011-11-17
prebreak,000858,2011-11-21,S,S,A,C,S,S,A,24.2519,25.19,24.18,1.01,,1,25.19,26.0622,2011-11-28,0,0.844,1,25.19,24.6519,2011-12-05,0,-0.5513,1,25.19,24.18,2011-12-06,1,-1.0183,1.6502,-0.0001724440553754,2011-11-21
prebreak,601601,2011-11-29,S,S,A,C,S,S,A,11.9566,12.21,11.64,0.57,,1,12.21,12.0704,2011-12-05,0,-0.261,1,12.21,12.0704,2011-12-05,0,-0.261,1,12.21,12.0704,2011-12-05,0,-0.261,3.1441,-0.0934428788939714,2011-11-29
prebreak,600508,2012-03-30,S,S,A,C,S,S,A,10.3829,11.88,11.27,0.61,,0,0.0,0.0,,0,0.0,0,0.0,0.0,,0,0.0,1,11.88,11.8415,2012-05-08,0,-0.0779,2.674,0.052994941655341,2012-03-30
prebreak,000538,2012-04-05,S,S,A,C,S,S,A,17.2378,18.17,17.4,0.77,,0,0.0,0.0,,0,0.0,0,0.0,0.0,,0,0.0,1,18.17,18.1582,2012-05-08,0,-0.0332,1.9309,0.0669253754020895,2012-04-05
prebreak,601001,2012-04-19,S,S,A,C,S,S,A,10.3193,10.54,10.02,0.52,,1,10.54,10.5771,2012-04-26,0,0.0559,1,10.54,11.0146,2012-05-07,0,0.8967,1,10.54,10.02,2012-05-18,1,-1.0148,2.4275,-0.0093625110369702,2012-04-19
prebreak,002299,2012-04-20,S,S,A,C,S,S,A,11.0102,11.2,10.7,0.5,,1,11.2,10.8131,2012-04-27,0,-0.7904,1,11.2,11.033,2012-05-02,0,-0.3508,1,11.2,11.033,2012-05-02,0,-0.3508,1.8765,0.0067285081732322,2012-04-20
prebreak,600508,2012-04-26,S,S,A,C,S,S,A,11.3971,11.24,10.71,0.53,,1,11.24,11.8415,2012-05-08,0,1.1181,1,11.24,11.3448,2012-05-15,0,0.1816,1,11.24,11.4024,2012-05-29,0,0.29,2.674,-0.0037320585685156,2012-04-26
prebreak,600875,2012-04-26,S,S,A,C,S,S,A,18.3726,18.5,17.56,0.94,,1,18.5,18.5041,2012-05-07,0,-0.0106,1,18.5,18.1013,2012-05-14,0,-0.4388,1,18.5,17.56,2012-05-21,1,-1.0143,1.545,0.0323380910569834,2012-04-26
prebreak,000858,2012-05-03,S,S,A,C,S,S,A,24.557,23.67,22.58,1.09,,1,23.67,24.1299,2012-05-10,0,0.4051,1,23.67,23.5563,2012-05-17,0,-0.1208,1,23.67,22.58,2012-05-24,1,-1.0159,1.775,0.0322794803733097,2012-05-03
prebreak,600875,2012-05-14,S,S,A,C,S,S,A,18.1013,18.67,17.72,0.95,,0,0.0,0.0,,0,0.0,1,18.67,18.3233,2012-05-29,0,-0.3797,1,18.67,18.2822,2012-05-31,0,-0.4229,2.6911,0.016186703159172,2012-05-14
prebreak,000538,2012-05-22,S,S,A,C,S,S,A,18.1928,18.37,17.64,0.73,,0,0.0,0.0,,0,0.0,1,18.37,18.4904,2012-06-05,0,0.1457,1,18.37,20.3147,2012-06-19,0,2.6432,2.4208,0.0085884770865842,2012-05-22
prebreak,600875,2012-05-22,S,S,A,C,S,S,A,18.0274,18.29,17.47,0.82,,1,18.29,18.3233,2012-05-29,0,0.0236,1,18.29,17.5506,2012-06-05,0,-0.9181,1,18.29,17.47,2012-06-07,1,-1.0163,2.6911,-0.0044962613400507,2012-05-22
prebreak,601318,2012-05-31,S,S,A,C,S,S,A,13.5011,13.78,13.18,0.6,,0,0.0,0.0,,0,0.0,1,13.78,14.5454,2012-06-14,0,1.2574,1,13.78,14.858,2012-07-02,0,1.7781,2.5024,0.0374975728183228,2012-05-31
prebreak,601628,2012-06-11,S,S,A,C,S,S,A,13.4623,13.62,13.11,0.51,,1,13.62,14.3598,2012-06-18,0,1.4294,1,13.62,14.0633,2012-06-26,0,0.8484,1,13.62,14.9368,2012-07-10,0,2.56,2.9763,-0.0344706987080093,2012-06-11
prebreak,000422,2012-09-03,S,S,A,C,S,S,A,10.9051,11.82,11.22,0.6,,0,0.0,0.0,,0,0.0,1,11.82,11.6101,2012-09-14,0,-0.3646,1,11.82,11.6101,2012-09-14,0,-0.3646,2.5211,0.0261733810914051,2012-09-03
prebreak,601888,2012-09-03,S,S,A,C,S,S,A,11.8161,12.57,11.92,0.65,,1,12.57,12.5403,2012-09-10,0,-0.0603,1,12.57,12.5576,2012-09-11,0,-0.0338,1,12.57,12.5576,2012-09-11,0,-0.0338,2.1833,-0.0135718896960275,2012-09-03
prebreak,000538,2012-09-05,S,S,A,C,S,S,A,20.3321,20.67,19.63,1.04,,1,20.67,21.5187,2012-09-12,0,0.8004,1,20.67,21.366,2012-09-19,0,0.6537,1,20.67,22.0947,2012-10-10,0,1.3539,1.9491,-0.0457487245404092,2012-09-05
prebreak,600547,2012-09-14,S,S,A,C,S,S,A,19.023,17.05,16.24,0.81,,1,17.05,19.977,2012-09-21,0,3.5953,1,17.05,20.001,2012-09-28,0,3.6249,1,17.05,18.6442,2012-10-19,0,1.951,1.7393,0.0167112302553658,2012-09-14
prebreak,601888,2012-09-24,S,S,A,C,S,S,A,11.8592,12.87,12.3,0.57,,0,0.0,0.0,,0,0.0,0,0.0,0.0,,0,0.0,1,12.87,12.9111,2012-10-29,0,0.0548,3.7078,0.0298285401279139,2012-09-24
prebreak,000568,2012-10-18,S,S,A,C,S,S,A,26.5707,26.08,24.92,1.16,,1,26.08,25.5586,2012-10-25,0,-0.4663,1,26.08,26.1764,2012-11-01,0,0.0659,1,26.08,24.92,2012-11-06,1,-1.0165,1.7482,0.0429269905773621,2012-10-18
prebreak,600141,2012-12-06,S,S,A,C,S,S,A,10.1652,10.83,10.29,0.54,,1,10.83,10.5181,2012-12-13,0,-0.5924,1,10.83,11.4807,2012-12-20,0,1.1891,1,10.83,11.7054,2013-01-08,0,1.6048,2.4711,-0.0182680709027066,2012-12-06
prebreak,002353,2012-12-18,S,S,A,C,S,S,A,20.3968,21.65,20.63,1.02,,1,21.65,21.6998,2012-12-25,0,0.0326,1,21.65,21.7368,2013-01-04,0,0.069,0,21.65,27.6162,2013-01-18,0,5.8294,1.7575,0.1064619644098816,2012-12-18
prebreak,600547,2012-12-21,S,S,A,C,S,S,A,17.206,17.97,17.02,0.95,,1,17.97,18.0977,2012-12-28,0,0.12,1,17.97,17.5848,2013-01-09,0,-0.4196,1,17.97,18.0114,2013-01-23,0,0.0292,1.7751,0.0188525382677753,2012-12-21
prebreak,002393,2013-05-10,S,S,A,C,S,S,A,16.8956,17.36,16.49,0.87,,1,17.36,18.1686,2013-05-17,0,0.9137,1,17.36,17.9263,2013-05-24,0,0.6354,1,17.36,16.8291,2013-06-07,0,-0.625,2.1532,0.0670860027842423,2013-05-10
prebreak,002393,2013-05-17,S,S,A,C,S,S,A,18.1686,17.36,16.49,0.87,,1,17.36,17.9073,2013-05-22,0,0.6136,1,17.36,17.9073,2013-05-22,0,0.6136,1,17.36,17.9073,2013-05-22,0,0.6136,1.6454,0.0670860027842423,2013-05-17
prebreak,601808,2013-07-10,S,S,A,C,S,S,A,12.0256,13.36,12.75,0.61,,0,0.0,0.0,,0,0.0,0,0.0,0.0,,0,0.0,1,13.36,13.1583,2013-08-07,0,-0.347,2.5089,0.0977446805335398,2013-07-10
prebreak,002393,2013-11-01,S,S,A,C,S,S,A,15.6892,17.83,16.9,0.93,,0,0.0,0.0,,0,0.0,0,0.0,0.0,,0,0.0,0,17.83,18.4679,2013-11-29,0,0.6709,4.4908,0.1364503573720004,2013-11-01
prebreak,601336,2013-12-03,S,S,A,C,S,S,A,18.2803,18.06,17.11,0.95,,1,18.06,17.8224,2013-12-06,0,-0.2644,1,18.06,17.8224,2013-12-06,0,-0.2644,1,18.06,17.8224,2013-12-06,0,-0.2644,1.5791,0.0974751124402841,2013-12-03
prebreak,600062,2014-02-14,S,S,A,C,S,S,A,11.487,11.73,11.22,0.51,,1,11.73,11.5752,2014-02-21,0,-0.3208,1,11.73,11.22,2014-02-25,1,-1.0169,1,11.73,11.22,2014-02-25,1,-1.0169,1.9734,0.0255835997559732,2014-02-14
prebreak,000568,2014-02-19,S,S,A,C,S,S,A,12.5313,13.31,12.61,0.7,,0,0.0,0.0,,0,0.0,0,0.0,0.0,,0,0.0,0,13.31,13.3478,2014-03-19,0,0.0395,3.7459,0.136166969548428,2014-02-19
prebreak,601336,2014-02-19,S,S,A,C,S,S,A,16.5741,16.76,16.02,0.74,,1,16.76,16.02,2014-02-24,1,-1.0166,1,16.76,16.02,2014-02-24,1,-1.0166,1,16.76,16.02,2014-02-24,1,-1.0166,1.6534,0.0277016794527538,2014-02-19
prebreak,002275,2014-03-21,S,S,A,C,S,S,A,10.8236,9.9,9.37,0.53,,1,9.9,11.2651,2014-03-26,0,2.5599,1,9.9,11.2651,2014-03-26,0,2.5599,1,9.9,11.2651,2014-03-26,0,2.5599,2.9712,-0.0446440972760698,2014-03-21
prebreak,600309,2014-03-21,S,S,A,C,S,S,A,10.2445,10.72,10.19,0.53,,0,0.0,0.0,,0,0.0,1,10.72,10.7885,2014-04-04,0,0.1138,1,10.72,10.19,2014-04-18,1,-1.0147,1.8257,0.0270236104064458,2014-03-21
prebreak,600600,2014-05-16,S,S,A,C,S,S,A,32.7913,33.29,31.81,1.48,,1,33.29,34.7723,2014-05-23,0,0.9838,1,33.29,34.2247,2014-05-30,0,0.6141,1,33.29,32.9362,2014-06-16,0,-0.256,1.9918,0.0219851248924303,2014-05-16
prebreak,000917,2014-06-03,S,S,A,C,S,S,A,13.9795,14.22,13.7,0.52,,1,14.22,13.902,2014-06-09,0,-0.632,1,14.22,13.902,2014-06-09,0,-0.632,1,14.22,13.902,2014-06-09,0,-0.632,2.0338,0.0745451995255899,2014-06-03
prebreak,000917,2014-06-10,S,S,A,C,S,S,A,14.1926,14.45,13.74,0.71,,1,14.45,14.2895,2014-06-17,0,-0.2414,1,14.45,14.0182,2014-06-24,0,-0.6232,1,14.45,16.537,2014-07-08,0,2.9222,1.7085,0.0839898219975425,2014-06-10
prebreak,000917,2014-06-24,S,S,A,C,S,S,A,14.0182,14.74,14.08,0.66,,1,14.74,14.6867,2014-07-01,0,-0.0977,1,14.74,16.537,2014-07-08,0,2.7041,1,14.74,15.3921,2014-07-22,0,0.9705,2.421,0.0662260811541837,2014-06-24
prebreak,600332,2014-07-14,S,S,A,C,S,S,A,18.5504,20.39,19.46,0.93,,0,0.0,0.0,,0,0.0,0,0.0,0.0,,0,0.0,1,20.39,21.2752,2014-08-11,0,0.9346,3.2083,0.0084340654801409,2014-07-14
prebreak,600535,2014-07-25,S,S,A,C,S,S,A,21.7159,22.03,21.09,0.94,,1,22.03,22.625,2014-08-01,0,0.6147,1,22.03,22.1929,2014-08-08,0,0.1554,1,22.03,22.2378,2014-08-22,0,0.2031,1.6115,0.0126315290308556,2014-07-25
prebreak,600138,2014-09-02,S,S,A,C,S,S,A,14.4916,13.76,13.1,0.66,,1,13.76,15.1121,2014-09-05,0,2.0316,1,13.76,15.1121,2014-09-05,0,2.0316,1,13.76,15.1121,2014-09-05,0,2.0316,2.345,0.0263105503481051,2014-09-02
prebreak,600058,2014-09-18,S,S,A,C,S,S,A,12.0634,12.28,11.69,0.59,,0,0.0,0.0,,0,0.0,1,12.28,12.322,2014-10-09,0,0.0553,1,12.28,11.69,2014-10-22,1,-1.0152,1.8164,0.071855982825737,2014-09-18
prebreak,600315,2014-09-18,S,S,A,C,S,S,A,31.4898,32.41,30.82,1.59,,0,0.0,0.0,,0,0.0,1,32.41,32.8049,2014-10-09,0,0.2327,1,32.41,32.1829,2014-10-10,0,-0.1582,1.6825,0.062189491867012,2014-09-18
prebreak,601888,2014-09-26,S,S,A,C,S,S,A,16.9176,17.41,16.55,0.86,,1,17.41,16.55,2014-09-30,1,-1.0148,1,17.41,16.55,2014-09-30,1,-1.0148,1,17.41,16.55,2014-09-30,1,-1.0148,2.3897,0.0527186833366195,2014-09-26
prebreak,000969,2014-10-08,S,S,A,C,S,S,A,9.8683,10.0,9.48,0.52,,1,10.0,9.622,2014-10-13,0,-0.741,1,10.0,9.622,2014-10-13,0,-0.741,1,10.0,9.622,2014-10-13,0,-0.741,1.5353,0.0241600817344995,2014-10-08
prebreak,600594,2014-10-14,S,S,A,C,S,S,A,16.3916,16.58,15.88,0.7,,1,16.58,16.6708,2014-10-21,0,0.1117,1,16.58,15.88,2014-10-28,1,-1.0174,1,16.58,15.88,2014-10-28,1,-1.0174,1.5364,-0.0015887064110622,2014-10-14
prebreak,002051,2014-10-24,S,S,A,C,S,S,A,10.733,11.35,10.78,0.57,,1,11.35,11.4525,2014-10-31,0,0.1646,1,11.35,14.0827,2014-11-07,0,4.7761,1,11.35,14.3599,2014-11-21,0,5.262,2.0338,0.0494092019363523,2014-10-24
prebreak,600648,2014-10-24,S,S,A,C,S,S,A,20.9791,21.44,20.64,0.8,,1,21.44,21.7709,2014-10-31,0,0.393,1,21.44,21.4617,2014-11-07,0,0.0068,1,21.44,23.8598,2014-11-21,0,3.0024,2.362,-0.0414295163458723,2014-10-24
prebreak,600486,2014-10-29,S,S,A,C,S,S,A,13.7869,13.36,12.73,0.63,,1,13.36,13.4459,2014-11-05,0,0.1201,1,13.36,13.4123,2014-11-12,0,0.0669,1,13.36,14.7038,2014-11-26,0,2.1156,1.7867,-0.0030702191974566,2014-10-29
prebreak,002051,2014-10-31,S,S,A,C,S,S,A,11.4525,11.04,10.54,0.5,,1,11.04,14.0827,2014-11-07,0,6.0648,1,11.04,14.4247,2014-11-14,0,6.7484,1,11.04,15.3329,2014-11-28,0,8.5637,4.1907,-0.025481593474488,2014-10-31
prebreak,000538,2014-11-04,S,S,A,C,S,S,A,27.7337,29.03,27.65,1.38,,0,0.0,0.0,,0,0.0,1,29.03,28.2231,2014-11-18,0,-0.6003,1,29.03,28.2231,2014-11-18,0,-0.6003,2.0109,-0.020190849974186,2014-11-04
prebreak,000917,2014-11-05,S,S,A,C,S,S,A,17.247,18.1,17.17,0.93,,0,0.0,0.0,,0,0.0,0,0.0,0.0,,0,0.0,1,18.1,18.5482,2014-12-03,0,0.4669,3.385,0.0705583941524392,2014-11-05
prebreak,002428,2014-11-05,S,S,A,C,S,S,A,13.5918,14.06,13.48,0.58,,0,0.0,0.0,,0,0.0,0,0.0,0.0,,0,0.0,1,14.06,15.9547,2014-12-03,0,3.2463,2.2648,0.0552602431280013,2014-11-05
prebreak,600654,2014-11-05,S,S,A,C,S,S,A,10.2994,10.5,10.0,0.5,,1,10.5,10.9332,2014-11-12,0,0.85,1,10.5,11.161,2014-11-25,0,1.3052,1,10.5,10.0,2014-12-09,1,-1.0153,3.3318,0.0194743216137049,2014-11-05
prebreak,600292,2014-11-06,S,S,A,C,S,S,A,17.0662,15.94,15.28,0.66,,1,15.94,17.7538,2014-11-13,0,2.7281,1,15.94,16.357,2014-11-20,0,0.613,1,15.94,16.8564,2014-12-04,0,1.3692,4.2857,-0.0667840258839257,2014-11-06
prebreak,600436,2014-11-06,S,S,A,C,S,S,A,20.4976,22.17,21.11,1.06,,0,0.0,0.0,,0,0.0,1,22.17,21.4908,2014-11-18,0,-0.6563,1,22.17,21.4908,2014-11-18,0,-0.6563,2.4397,-0.0422373363553416,2014-11-06
prebreak,000701,2014-11-12,S,S,A,C,S,S,A,11.7466,12.33,11.81,0.52,,0,0.0,0.0,,0,0.0,1,12.33,12.2475,2014-11-26,0,-0.1766,1,12.33,11.81,2014-12-05,1,-1.0174,1.5431,0.082243538904837,2014-11-12
prebreak,000917,2014-11-12,S,S,A,C,S,S,A,16.7711,17.81,17.08,0.73,,0,0.0,0.0,,0,0.0,1,17.81,17.8199,2014-11-26,0,-0.005,1,17.81,17.08,2014-12-09,1,-1.0179,3.385,0.053405801096958,2014-11-12
prebreak,002428,2014-11-12,S,S,A,C,S,S,A,13.423,13.72,13.01,0.71,,1,13.72,13.6414,2014-11-19,0,-0.1253,1,13.72,14.4059,2014-11-26,0,0.9508,1,13.72,15.1207,2014-12-10,0,1.9569,1.9465,-0.0143269795977746,2014-11-12
prebreak,300070,2014-11-12,S,S,A,C,S,S,A,10.7235,11.16,10.6,0.56,,1,11.16,11.2285,2014-11-19,0,0.107,1,11.16,11.1022,2014-11-20,0,-0.1183,1,11.16,11.1022,2014-11-20,0,-0.1183,1.9155,-0.016485117013627,2014-11-12
prebreak,600706,2014-11-12,S,S,A,C,S,S,A,12.3416,11.62,11.03,0.59,,1,11.62,12.4161,2014-11-19,0,1.3335,1,11.62,13.8159,2014-11-26,0,3.7046,1,11.62,12.8634,2014-12-10,0,2.0911,1.5686,-0.020331785461137,2014-11-12
prebreak,600111,2014-11-13,S,S,A,C,S,S,A,14.5046,13.99,13.44,0.55,,1,13.99,13.9438,2014-11-18,0,-0.1033,1,13.99,13.9438,2014-11-18,0,-0.1033,1,13.99,13.9438,2014-11-18,0,-0.1033,1.8638,0.0010282601021847,2014-11-13
prebreak,600436,2014-11-13,S,S,A,C,S,S,A,21.2056,22.17,21.11,1.06,,1,22.17,21.4908,2014-11-18,0,-0.6563,1,22.17,21.4908,2014-11-18,0,-0.6563,1,22.17,21.4908,2014-11-18,0,-0.6563,2.4397,-0.0422373363553416,2014-11-13
prebreak,600309,2014-11-14,S,S,A,C,S,S,A,11.1859,11.74,11.16,0.58,,0,0.0,0.0,,0,0.0,0,0.0,0.0,,0,0.0,1,11.74,12.7254,2014-12-12,0,1.6824,3.0938,0.0213053201006068,2014-11-14
prebreak,600597,2014-11-14,S,S,A,C,S,S,A,14.1931,13.76,13.04,0.72,,1,13.76,13.2769,2014-11-19,0,-0.6851,1,13.76,13.2769,2014-11-19,0,-0.6851,1,13.76,13.2769,2014-11-19,0,-0.6851,1.5439,-0.0251732336939802,2014-11-14
prebreak,600648,2014-11-14,S,S,A,C,S,S,A,24.7798,22.06,21.12,0.94,,1,22.06,23.7089,2014-11-19,0,1.7353,1,22.06,23.7089,2014-11-19,0,1.7353,1,22.06,23.7089,2014-11-19,0,1.7353,4.2335,0.042157871623417,2014-11-14
prebreak,000049,2014-11-17,S,S,A,C,S,S,A,20.2255,20.42,19.6,0.82,,0,0.0,0.0,,0,0.0,0,0.0,0.0,,0,0.0,1,20.42,19.9439,2014-12-08,0,-0.5992,2.2164,0.0104459871703956,2014-11-17
prebreak,600729,2014-11-17,S,S,A,C,S,S,A,12.7187,13.07,12.4,0.67,,0,0.0,0.0,,0,0.0,1,13.07,13.2118,2014-12-01,0,0.1966,1,13.07,14.4091,2014-12-15,0,1.9825,2.0207,-0.0049827269731408,2014-11-17
prebreak,000826,2014-11-21,S,S,A,C,S,S,A,16.7623,17.04,16.35,0.69,,1,17.04,17.2064,2014-11-27,0,0.2222,1,17.04,17.2064,2014-11-27,0,0.2222,1,17.04,17.2064,2014-11-27,0,0.2222,1.5123,0.0669079130058014,2014-11-21
prebreak,601601,2014-11-21,S,S,A,C,S,S,A,14.1737,13.52,13.01,0.51,,1,13.52,16.21,2014-11-28,0,5.251,1,13.52,17.9305,2014-12-05,0,8.6224,1,13.52,17.8969,2014-12-19,0,8.5565,3.4058,0.0740714949340655,2014-11-21
prebreak,600535,2014-11-24,S,S,A,C,S,S,A,22.3724,23.19,22.21,0.98,,1,23.19,23.2815,2014-12-01,0,0.0753,1,23.19,23.158,2014-12-03,0,-0.0506,1,23.19,23.158,2014-12-03,0,-0.0506,2.2927,0.0126675719810518,2014-11-24
prebreak,300257,2014-11-25,S,S,A,C,S,S,A,16.9947,16.36,15.65,0.71,,1,16.36,16.6997,2014-12-02,0,0.4607,1,16.36,16.2456,2014-12-09,0,-0.1785,1,16.36,17.388,2014-12-23,0,1.4294,1.8813,-0.0072633004792239,2014-11-25
prebreak,002428,2014-11-26,S,S,A,C,S,S,A,14.4059,14.08,13.39,0.69,,1,14.08,15.9547,2014-12-03,0,2.6998,1,14.08,15.1207,2014-12-10,0,1.4919,1,14.08,14.3364,2014-12-24,0,0.3559,1.5835,0.0344082403739682,2014-11-26
prebreak,600805,2014-11-26,S,S,A,C,S,S,A,10.4757,10.56,10.02,0.54,,1,10.56,10.9583,2014-12-03,0,0.7223,1,10.56,11.4599,2014-12-10,0,1.6505,1,10.56,10.8637,2014-12-24,0,0.5472,1.8485,0.0361258478238928,2014-11-26
prebreak,600292,2014-11-27,S,S,A,C,S,S,A,17.4498,15.94,15.28,0.66,,1,15.94,16.8564,2014-12-04,0,1.3692,1,15.94,17.6091,2014-12-11,0,2.5089,1,15.94,16.6827,2014-12-25,0,1.1062,1.5836,0.030598829627485,2014-11-27
prebreak,601601,2014-11-28,S,S,A,C,S,S,A,16.21,13.52,13.01,0.51,,1,13.52,17.9305,2014-12-05,0,8.6224,1,13.52,16.4923,2014-12-12,0,5.8041,1,13.52,20.1079,2014-12-26,0,12.8892,1.7004,0.0222235315099108,2014-11-28
prebreak,002106,2014-12-01,S,S,A,C,S,S,A,11.2275,11.76,11.16,0.6,,1,11.76,12.4973,2014-12-08,0,1.2131,1,11.76,12.6277,2014-12-15,0,1.4304,1,11.76,11.16,2014-12-23,1,-1.0143,2.0228,0.0228628571283544,2014-12-01
prebreak,000869,2014-12-02,S,S,A,C,S,S,A,25.5879,25.16,24.04,1.12,,1,25.16,26.7687,2014-12-09,0,1.4184,1,25.16,28.1907,2014-12-16,0,2.6872,1,25.16,28.8726,2014-12-30,0,3.2957,2.2842,-0.0106128180472201,2014-12-02
prebreak,002304,2014-12-03,S,S,A,C,S,S,A,33.4318,31.24,29.8,1.44,,1,31.24,35.3875,2014-12-10,0,2.8619,1,31.24,33.837,2014-12-17,0,1.7858,1,31.24,39.539,2014-12-31,0,5.7431,1.8922,0.061486679921836,2014-12-03
prebreak,600805,2014-12-03,S,S,A,C,S,S,A,10.9583,10.89,10.33,0.56,,1,10.89,11.4599,2014-12-10,0,1.0022,1,10.89,11.4883,2014-12-17,0,1.0529,1,10.89,10.6934,2014-12-31,0,-0.3657,1.6578,0.0499814312702147,2014-12-03
prebreak,600831,2014-12-03,S,S,A,C,S,S,A,9.6705,9.59,9.09,0.5,,1,9.59,9.09,2014-12-05,1,-1.0139,1,9.59,9.09,2014-12-05,1,-1.0139,1,9.59,9.09,2014-12-05,1,-1.0139,1.7518,0.0311764398507092,2014-12-03
prebreak,002106,2014-12-08,S,S,A,C,S,S,A,12.4973,11.76,11.16,0.6,,1,11.76,12.6277,2014-12-15,0,1.4304,1,11.76,11.3058,2014-12-22,0,-0.7714,1,11.76,11.16,2014-12-23,1,-1.0143,2.6826,0.0377779716989137,2014-12-08
prebreak,600329,2014-12-08,S,S,A,C,S,S,A,10.999,11.54,10.96,0.58,,1,11.54,11.581,2014-12-15,0,0.0555,1,11.54,11.3409,2014-12-17,0,-0.3581,1,11.54,11.3409,2014-12-17,0,-0.3581,1.5856,0.0314469916520094,2014-12-08
prebreak,000701,2014-12-10,S,S,A,C,S,S,A,12.385,12.67,12.1,0.57,,1,12.67,13.2002,2014-12-17,0,0.9126,1,12.67,12.1,2014-12-22,1,-1.0163,1,12.67,12.1,2014-12-22,1,-1.0163,2.5517,0.074121777404486,2014-12-10
prebreak,002653,2014-12-16,S,S,A,C,S,S,A,16.4185,17.4,16.51,0.89,,0,0.0,0.0,,0,0.0,0,0.0,0.0,,0,0.0,1,17.4,16.51,2015-01-15,1,-1.0142,2.5703,0.0592275437248293,2014-12-16
prebreak,002038,2015-01-05,S,S,A,C,S,S,A,15.9656,16.01,15.25,0.76,,1,16.01,16.0688,2015-01-08,0,0.0613,1,16.01,16.0688,2015-01-08,0,0.0613,1,16.01,16.0688,2015-01-08,0,0.0613,1.559,-0.0392417838596915,2015-01-05
prebreak,000929,2015-01-07,S,S,A,C,S,S,A,10.5987,10.67,10.12,0.55,,1,10.67,10.2703,2015-01-12,0,-0.741,1,10.67,10.2703,2015-01-12,0,-0.741,1,10.67,10.2703,2015-01-12,0,-0.741,3.9316,0.0818984761129153,2015-01-07
prebreak,002186,2015-01-07,S,S,A,C,S,S,A,17.9385,18.36,17.57,0.79,,0,0.0,0.0,,0,0.0,0,0.0,0.0,,0,0.0,1,18.36,18.4248,2015-01-28,0,0.0643,1.8983,0.0370144899667157,2015-01-07
prebreak,000929,2015-01-14,S,S,A,C,S,S,A,10.0116,10.67,10.12,0.55,,0,0.0,0.0,,0,0.0,1,10.67,11.6437,2015-01-28,0,1.7545,1,10.67,11.365,2015-02-11,0,1.2481,1.7262,0.0732346244523514,2015-01-14
prebreak,600138,2015-01-16,S,S,A,C,S,S,A,16.1847,15.83,15.12,0.71,,1,15.83,16.7428,2015-01-23,0,1.2678,1,15.83,16.2982,2015-01-30,0,0.642,1,15.83,16.459,2015-02-13,0,0.8684,1.5484,-0.0038658566635511,2015-01-16
prebreak,000049,2015-01-21,S,S,A,C,S,S,A,19.4304,18.12,17.2,0.92,,1,18.12,20.7721,2015-01-28,0,2.8659,1,18.12,19.5408,2015-02-04,0,1.5284,1,18.12,21.2249,2015-02-25,0,3.3578,1.5328,0.0620333753688862,2015-01-21
prebreak,600097,2015-01-26,S,S,A,C,S,S,A,13.4397,12.05,11.48,0.57,,1,12.05,13.1364,2015-01-29,0,1.8888,1,12.05,13.1364,2015-01-29,0,1.8888,1,12.05,13.1364,2015-01-29,0,1.8888,6.2261,-0.0074092764167353,2015-01-26
prebreak,002008,2015-01-27,S,S,A,C,S,S,A,15.805,16.34,15.51,0.83,,0,0.0,0.0,,0,0.0,1,16.34,15.51,2015-02-06,1,-1.0143,0,16.34,15.51,2015-02-06,1,-1.0143,1.9781,0.1073739823720003,2015-01-27
prebreak,002422,2015-01-27,S,S,A,C,S,S,A,13.7389,12.31,11.74,0.57,,1,12.31,14.0847,2015-02-03,0,3.0952,1,12.31,13.2305,2015-02-10,0,1.5974,1,12.31,14.8306,2015-03-03,0,4.403,1.5517,0.0071969654487129,2015-01-27
prebreak,000553,2015-01-29,S,S,A,C,S,S,A,13.4086,14.06,13.34,0.72,,1,14.06,13.34,2015-02-05,1,-1.0142,1,14.06,13.34,2015-02-05,1,-1.0142,1,14.06,13.34,2015-02-05,1,-1.0142,2.0636,0.0380579426222851,2015-01-29
prebreak,600983,2015-02-03,S,S,A,C,S,S,A,10.375,10.73,10.22,0.51,,0,0.0,0.0,,0,0.0,0,0.0,0.0,,0,0.0,1,10.73,10.22,2015-03-09,1,-1.0154,2.7553,0.016500681295976,2015-02-03
prebreak,000423,2015-02-09,S,S,A,C,S,S,A,27.7975,29.52,28.05,1.47,,0,0.0,0.0,,0,0.0,0,0.0,0.0,,0,0.0,1,29.52,28.7952,2015-03-06,0,-0.508,2.7081,-0.0101610387921244,2015-02-09
prebreak,002038,2015-02-09,S,S,A,C,S,S,A,15.8744,16.81,16.2,0.61,,0,0.0,0.0,,0,0.0,1,16.81,16.8266,2015-02-27,0,0.0062,1,16.81,16.8266,2015-02-27,0,0.0062,1.9763,0.0058921444505846,2015-02-09
prebreak,000919,2015-02-10,S,S,A,C,S,S,A,11.0491,11.99,11.39,0.6,,0,0.0,0.0,,0,0.0,1,11.99,11.9073,2015-03-03,0,-0.1529,1,11.99,12.9388,2015-03-17,0,1.5651,2.4401,0.0083428999334407,2015-02-10
prebreak,600847,2015-02-10,S,S,A,C,S,S,A,15.72,16.2,15.41,0.79,,1,16.2,17.89,2015-02-17,0,2.1223,1,16.2,17.68,2015-03-03,0,1.8567,1,16.2,20.2,2015-03-17,0,5.0445,2.1566,0.0749834107498339,2015-02-10
prebreak,600983,2015-02-10,S,S,A,C,S,S,A,9.7227,10.73,10.22,0.51,,0,0.0,0.0,,0,0.0,0,0.0,0.0,,0,0.0,1,10.73,10.22,2015-03-09,1,-1.0154,2.7553,0.016500681295976,2015-02-10
prebreak,000513,2015-02-11,S,S,A,C,S,S,A,12.1071,12.72,12.13,0.59,,0,0.0,0.0,,0,0.0,1,12.72,12.6382,2015-03-03,0,-0.1549,1,12.72,12.6382,2015-03-03,0,-0.1549,2.0811,0.0247513089164923,2015-02-11
prebreak,000917,2015-02-13,S,S,A,C,S,S,A,17.2858,17.09,16.22,0.87,,1,17.09,19.7718,2015-02-27,0,3.0657,1,17.09,19.6165,2015-03-06,0,2.8872,1,17.09,22.3259,2015-03-20,0,5.9995,4.3396,0.0796550380134049,2015-02-13
prebreak,000963,2015-02-13,S,S,A,C,S,S,A,12.1864,12.93,12.31,0.62,,0,0.0,0.0,,0,0.0,1,12.93,12.6138,2015-03-06,0,-0.5255,1,12.93,12.6138,2015-03-06,0,-0.5255,1.9058,0.0078929141422885,2015-02-13
prebreak,600062,2015-02-13,S,S,A,C,S,S,A,13.6701,12.79,12.2,0.59,,1,12.79,13.8276,2015-02-27,0,1.7411,1,12.79,14.3508,2015-03-06,0,2.6273,1,12.79,16.0272,2015-04-27,0,5.4669,1.6584,0.098332183066935,2015-02-13
prebreak,600557,2015-02-13,S,S,A,C,S,S,A,18.6373,19.5,18.71,0.79,,0,0.0,0.0,,0,0.0,1,19.5,19.6409,2015-03-06,0,0.1595,1,19.5,20.6445,2015-03-20,0,1.4291,2.6055,-0.0091534018028618,2015-02-13
prebreak,000919,2015-02-17,S,S,A,C,S,S,A,11.668,11.99,11.39,0.6,,1,11.99,11.9073,2015-03-03,0,-0.1529,1,11.99,13.3596,2015-03-10,0,2.2661,1,11.99,15.043,2015-03-24,0,5.0699,2.4401,0.0083428999334407,2015-02-17
prebreak,000028,2015-02-26,S,S,A,C,S,S,A,30.3272,30.5,28.92,1.58,,1,30.5,30.6197,2015-03-05,0,0.0611,1,30.5,30.4705,2015-03-12,0,-0.0334,1,30.5,34.7637,2015-03-26,0,2.6822,1.9242,0.0319083936665469,2015-02-26
prebreak,000999,2015-02-26,S,S,A,C,S,S,A,11.4223,11.77,11.27,0.5,,1,11.77,11.3939,2015-03-05,0,-0.7696,1,11.77,11.27,2015-03-06,1,-1.0173,1,11.77,11.27,2015-03-06,1,-1.0173,2.2244,0.0429611411885584,2015-02-26
prebreak,600054,2015-02-26,S,S,A,C,S,S,A,9.6365,9.97,9.46,0.51,,1,9.97,10.0017,2015-03-05,0,0.0473,1,9.97,9.984,2015-03-06,0,0.0126,1,9.97,9.984,2015-03-06,0,0.0126,2.0996,0.0196499140315118,2015-02-26
prebreak,000963,2015-02-27,S,S,A,C,S,S,A,12.4667,12.57,11.96,0.61,,1,12.57,12.6138,2015-03-06,0,0.0562,1,12.57,12.6138,2015-03-06,0,0.0562,1,12.57,12.6138,2015-03-06,0,0.0562,1.9058,-0.0201690695461278,2015-02-27
prebreak,600557,2015-02-27,S,S,A,C,S,S,A,19.0842,19.25,18.5,0.75,,1,19.25,19.6409,2015-03-06,0,0.5014,1,19.25,20.0487,2015-03-13,0,1.0447,1,19.25,20.8876,2015-03-27,0,2.1626,1.6725,-0.0245768668767208,2015-02-27
prebreak,600315,2015-03-09,S,S,A,C,S,S,A,34.7241,34.33,32.68,1.65,,1,34.33,36.208,2015-03-12,0,1.1216,1,34.33,36.208,2015-03-12,0,1.1216,1,34.33,36.208,2015-03-12,0,1.1216,2.9664,0.0175516591388011,2015-03-09
prebreak,002186,2015-03-11,S,S,A,C,S,S,A,18.8738,19.47,18.62,0.85,,1,19.47,20.0616,2015-03-18,0,0.6781,1,19.47,22.1191,2015-03-25,0,3.0973,1,19.47,22.0537,2015-04-09,0,3.0203,1.5963,0.0819909933265039,2015-03-11
prebreak,002140,2015-03-12,S,S,A,C,S,S,A,14.7146,14.86,14.11,0.75,,1,14.86,15.5019,2015-03-19,0,0.8402,1,14.86,16.2965,2015-03-26,0,1.899,1,14.86,16.7305,2015-04-10,0,2.4774,1.5669,0.097694956300093,2015-03-12
prebreak,000963,2015-03-13,S,S,A,C,S,S,A,13.5038,13.02,12.36,0.66,,1,13.02,14.8119,2015-03-20,0,2.6983,1,13.02,14.4685,2015-03-27,0,2.1784,1,13.02,16.3863,2015-04-13,0,5.0823,2.0363,0.0974359102330468,2015-03-13
prebreak,000869,2015-03-19,S,S,A,C,S,S,A,30.0868,29.83,28.63,1.2,,1,29.83,32.5399,2015-03-26,0,2.238,1,29.83,33.1886,2015-04-02,0,2.7782,1,29.83,37.5877,2015-04-17,0,6.4418,1.6292,0.0553468364624454,2015-03-19
prebreak,002566,2015-03-20,S,S,A,C,S,S,A,14.455,13.95,13.3,0.65,,1,13.95,14.9279,2015-03-27,0,1.4872,1,13.95,15.9014,2015-04-03,0,2.984,1,13.95,15.7253,2015-04-20,0,2.7132,1.6382,0.0800667570186282,2015-03-20
prebreak,600859,2015-03-23,S,S,A,C,S,S,A,15.2531,14.39,13.68,0.71,,1,14.39,15.8908,2015-03-30,0,2.0971,1,14.39,18.3395,2015-04-07,0,5.5437,1,14.39,18.0589,2015-04-21,0,5.1488,1.7592,0.0674757494683864,2015-03-23
prebreak,000869,2015-03-26,S,S,A,C,S,S,A,32.5399,30.83,29.79,1.04,,1,30.83,33.1886,2015-04-02,0,2.2439,1,30.83,38.0949,2015-04-10,0,6.9586,1,30.83,37.9369,2015-04-24,0,6.8067,1.735,0.0714959893025635,2015-03-26
prebreak,000823,2015-03-30,S,S,A,C,S,S,A,12.6264,11.18,10.6,0.58,,1,11.18,13.3946,2015-04-07,0,3.8012,1,11.18,13.1827,2015-04-14,0,3.436,1,11.18,12.7942,2015-04-28,0,2.7666,1.5795,0.0516524230107116,2015-03-30
prebreak,002041,2015-03-31,S,S,A,C,S,S,A,16.1354,13.5,12.91,0.59,,1,13.5,17.3682,2015-04-08,0,6.5348,1,13.5,16.2439,2015-04-15,0,4.6304,1,13.5,16.9301,2015-04-29,0,5.7927,1.5361,0.0023673770440362,2015-03-31
prebreak,000538,2015-04-02,S,S,A,C,S,S,A,35.8538,36.45,34.64,1.81,,1,36.45,35.7328,2015-04-09,0,-0.4113,1,36.45,35.7328,2015-04-09,0,-0.4113,0,36.45,35.7328,2015-04-09,0,-0.4113,1.5912,0.1108717553686402,2015-04-02
prebreak,600535,2015-04-30,S,S,A,C,S,S,A,26.8952,28.51,27.17,1.34,,0,0.0,0.0,,0,0.0,0,0.0,0.0,,0,0.0,1,28.51,31.2219,2015-05-29,0,2.0064,1.7376,0.0356247540819649,2015-04-30
prebreak,000553,2015-05-04,S,S,A,C,S,S,A,15.0943,15.98,15.23,0.75,,0,0.0,0.0,,0,0.0,0,0.0,0.0,,0,0.0,1,15.98,17.4879,2015-06-01,0,1.993,2.4131,0.0241684213505033,2015-05-04
prebreak,000553,2015-05-25,S,S,A,C,S,S,A,18.162,14.78,14.12,0.66,,1,14.78,16.7649,2015-05-28,0,2.9885,1,14.78,16.7649,2015-05-28,0,2.9885,1,14.78,16.7649,2015-05-28,0,2.9885,2.6356,-0.0521101200474425,2015-05-25
prebreak,601877,2016-08-29,S,S,A,C,S,S,A,16.6409,17.02,16.36,0.66,,1,17.02,19.0432,2016-09-13,0,3.0439,1,17.02,19.0029,2016-09-22,0,2.9829,1,17.02,18.3988,2016-10-13,0,2.0681,2.5242,0.0164628313425416,2016-08-29
prebreak,600566,2016-09-28,S,S,A,C,S,S,A,20.1432,20.29,19.44,0.85,,1,20.29,21.6508,2016-10-12,0,1.5818,1,20.29,22.2902,2016-10-19,0,2.3335,1,20.29,23.2324,2016-11-02,0,3.4413,2.6135,0.0237030320961328,2016-09-28
prebreak,002649,2016-10-14,S,S,A,C,S,S,A,11.8249,11.96,11.41,0.55,,0,0.0,0.0,,0,0.0,0,0.0,0.0,,0,0.0,1,11.96,13.916,2016-11-11,0,3.5376,2.7914,0.0519509535850195,2016-10-14
prebreak,000423,2016-10-26,S,S,A,C,S,S,A,46.0157,46.57,44.31,2.26,,0,0.0,0.0,,0,0.0,0,0.0,0.0,,0,0.0,1,46.57,44.8941,2016-11-21,0,-0.7567,3.8797,0.0277016581824094,2016-10-26
prebreak,000423,2016-11-16,S,S,A,C,S,S,A,45.3303,46.25,44.66,1.59,,1,46.25,44.8941,2016-11-21,0,-0.8743,1,46.25,44.8941,2016-11-21,0,-0.8743,1,46.25,44.8941,2016-11-21,0,-0.8743,3.8797,0.0206399332389184,2016-11-16
prebreak,600830,2016-12-09,S,S,A,C,S,S,A,11.4485,11.52,10.92,0.6,,0,0.0,0.0,,0,0.0,0,0.0,0.0,,0,0.0,1,11.52,11.8297,2017-01-09,0,0.5013,2.0296,0.0062496774905909,2016-12-09
prebreak,600156,2016-12-13,S,S,A,C,S,S,A,11.8535,11.92,11.33,0.59,,1,11.92,11.6639,2016-12-16,0,-0.4491,1,11.92,11.6639,2016-12-16,0,-0.4491,1,11.92,11.6639,2016-12-16,0,-0.4491,2.0169,-0.0110392737646068,2016-12-13
prebreak,600501,2016-12-14,S,S,A,C,S,S,A,17.844,18.93,18.05,0.88,,0,0.0,0.0,,0,0.0,0,0.0,0.0,,0,0.0,1,18.93,20.871,2017-01-12,0,2.1879,2.1172,0.0372077400993666,2016-12-14
prebreak,603099,2016-12-15,S,S,A,C,S,S,A,20.9737,20.8,19.87,0.93,,1,20.8,20.1453,2016-12-22,0,-0.7206,1,20.8,19.87,2016-12-26,1,-1.0164,1,20.8,19.87,2016-12-26,1,-1.0164,2.7141,0.0290164936100012,2016-12-15
prebreak,002321,2016-12-16,S,S,A,C,S,S,A,10.2052,10.77,10.21,0.56,,1,10.77,10.7309,2016-12-23,0,-0.0844,1,10.77,10.7309,2016-12-23,0,-0.0844,1,10.77,10.7309,2016-12-23,0,-0.0844,7.061,-0.0082692395212305,2016-12-16
prebreak,600615,2016-12-21,S,S,A,C,S,S,A,17.9424,17.44,16.54,0.9,,1,17.44,17.3679,2016-12-26,0,-0.0948,1,17.44,17.3679,2016-12-26,0,-0.0948,1,17.44,17.3679,2016-12-26,0,-0.0948,1.5847,-0.0239234544760431,2016-12-21
prebreak,002598,2016-12-27,S,S,A,C,S,S,A,12.0274,12.24,11.63,0.61,,1,12.24,12.2109,2017-01-04,0,-0.063,1,12.24,12.106,2017-01-11,0,-0.2347,1,12.24,11.63,2017-01-13,1,-1.0146,1.5238,0.0664664786651345,2016-12-27
prebreak,600774,2016-12-27,S,S,A,C,S,S,A,16.6159,16.12,15.27,0.85,,1,16.12,17.1961,2017-01-04,0,1.2508,1,16.12,16.7741,2017-01-11,0,0.7547,1,16.12,15.27,2017-01-16,1,-1.0138,1.6545,0.0334261352266962,2016-12-27
prebreak,600501,2016-12-28,S,S,A,C,S,S,A,18.3601,18.59,17.88,0.71,,1,18.59,20.9107,2017-01-05,0,3.2466,1,18.59,20.871,2017-01-12,0,3.1907,1,18.59,19.9579,2017-01-26,0,1.9055,2.1172,0.0185785466691614,2016-12-28
prebreak,600703,2016-12-30,S,S,A,C,S,S,A,12.5886,11.85,11.28,0.57,,1,11.85,12.9646,2017-01-09,0,1.9384,1,11.85,13.1808,2017-01-16,0,2.3176,1,11.85,13.6509,2017-02-06,0,3.1417,2.2511,-0.0036029130951571,2016-12-30
prebreak,002179,2017-01-04,S,S,A,C,S,S,A,11.5415,10.92,10.4,0.52,,1,10.92,11.5893,2017-01-11,0,1.2703,1,10.92,11.3922,2017-01-18,0,0.8915,1,10.92,12.0014,2017-02-08,0,2.0623,2.0637,-0.0476889017972724,2017-01-04
prebreak,600501,2017-01-05,S,S,A,C,S,S,A,20.9107,18.59,17.88,0.71,,1,18.59,20.871,2017-01-12,0,3.1907,1,18.59,19.4022,2017-01-19,0,1.1233,1,18.59,20.7419,2017-02-09,0,3.0091,2.8559,0.0570913923953657,2017-01-05
prebreak,002008,2017-01-09,S,S,A,C,S,S,A,20.387,21.3,20.25,1.05,,0,0.0,0.0,,0,0.0,0,0.0,0.0,,0,0.0,1,21.3,21.7035,2017-02-13,0,0.3686,2.3295,0.0229209594515249,2017-01-09
prebreak,002453,2017-02-03,S,S,A,C,S,S,A,10.13,10.9,10.38,0.52,,1,10.9,10.94,2017-02-10,0,0.0609,1,10.9,10.95,2017-02-17,0,0.0802,1,10.9,10.38,2017-02-27,1,-1.0153,3.1816,0.0665362035225047,2017-02-03
prebreak,000400,2017-02-08,S,S,A,C,S,S,A,16.6112,16.98,16.2,0.78,,1,16.98,17.0537,2017-02-15,0,0.0778,1,16.98,16.2,2017-02-17,1,-1.0159,1,16.98,16.2,2017-02-17,1,-1.0159,1.5542,-0.026937129130972,2017-02-08
prebreak,300084,2017-02-09,S,S,A,C,S,S,A,12.015,12.27,11.68,0.59,,0,0.0,0.0,,0,0.0,0,0.0,0.0,,0,0.0,1,12.27,12.2035,2017-03-09,0,-0.1284,1.6518,0.069809501474424,2017-02-09
prebreak,002188,2017-02-10,S,S,A,C,S,S,A,28.39,28.86,27.55,1.31,,0,0.0,0.0,,0,0.0,0,0.0,0.0,,0,0.0,1,28.86,28.19,2017-03-02,0,-0.5279,1.8301,0.0396253602305474,2017-02-10
prebreak,002462,2017-02-21,S,S,A,C,S,S,A,31.1427,32.78,31.19,1.59,,0,0.0,0.0,,0,0.0,1,32.78,32.5315,2017-03-07,0,-0.1718,1,32.78,32.5315,2017-03-07,0,-0.1718,2.5469,0.0105488644168698,2017-02-21
prebreak,600526,2017-02-21,S,S,A,C,S,S,A,12.4415,12.54,11.9,0.64,,1,12.54,12.3257,2017-02-28,0,-0.3495,1,12.54,12.3257,2017-03-01,0,-0.3495,1,12.54,12.3257,2017-03-01,0,-0.3495,2.3456,0.0754488618463629,2017-02-21
prebreak,601238,2017-02-24,S,S,A,C,S,S,A,15.3279,15.47,14.66,0.81,,1,15.47,15.4673,2017-03-03,0,-0.0178,1,15.47,15.9037,2017-03-10,0,0.5206,1,15.47,15.8916,2017-03-24,0,0.5056,2.0002,0.081085967367438,2017-02-24
prebreak,000400,2017-03-01,S,S,A,C,S,S,A,16.4453,16.83,16.25,0.58,,0,0.0,0.0,,0,0.0,0,0.0,0.0,,0,0.0,1,16.83,16.6296,2017-03-29,0,-0.3673,4.6134,0.0222485212482976,2017-03-01
prebreak,000400,2017-03-08,S,S,A,C,S,S,A,16.4084,16.68,16.06,0.62,,0,0.0,0.0,,0,0.0,0,0.0,0.0,,0,0.0,1,16.68,16.6296,2017-03-29,0,-0.1016,4.6134,0.013137571861058,2017-03-08
prebreak,002009,2017-03-13,S,S,A,C,S,S,A,14.4439,14.65,14.1,0.55,,1,14.65,14.4439,2017-03-20,0,-0.3947,1,14.65,14.4536,2017-03-21,0,-0.3771,1,14.65,14.4536,2017-03-21,0,-0.3771,1.8349,0.0658777968695405,2017-03-13
prebreak,600129,2017-03-13,S,S,A,C,S,S,A,17.2187,17.81,17.02,0.79,,0,0.0,0.0,,0,0.0,1,17.81,17.6713,2017-03-27,0,-0.1926,1,17.81,17.02,2017-03-30,1,-1.0165,2.3313,0.021768412413581,2017-03-13
prebreak,002023,2017-03-14,S,S,A,C,S,S,A,13.9556,14.45,13.82,0.63,,0,0.0,0.0,,0,0.0,0,0.0,0.0,,0,0.0,1,14.45,14.0146,2017-04-13,0,-0.7081,7.3349,0.0383493947013089,2017-03-14
prebreak,000400,2017-03-15,S,S,A,C,S,S,A,15.8645,16.4,15.82,0.58,,0,0.0,0.0,,0,0.0,1,16.4,16.6296,2017-03-29,0,0.3742,1,16.4,17.0629,2017-04-14,0,1.1207,4.6134,-0.0038695336617895,2017-03-15
prebreak,002023,2017-03-21,S,S,A,C,S,S,A,13.5429,14.0,13.45,0.55,,0,0.0,0.0,,0,0.0,0,0.0,0.0,,0,0.0,1,14.0,13.45,2017-04-18,1,-1.0187,3.2348,-0.0045319579281917,2017-03-21
prebreak,603989,2017-03-22,S,S,A,C,S,S,A,24.101,24.73,23.43,1.3,,1,24.73,24.6531,2017-03-29,0,-0.0735,1,24.73,25.0523,2017-04-07,0,0.2333,1,24.73,23.43,2017-04-11,1,-1.0138,3.1151,0.0430850826288609,2017-03-22
prebreak,002700,2017-03-27,S,S,A,C,S,S,A,12.6794,12.75,12.08,0.67,,1,12.75,12.8393,2017-04-05,0,0.1188,1,12.75,12.2656,2017-04-12,0,-0.737,1,12.75,12.08,2017-04-13,1,-1.0138,5.9858,0.0161185164293886,2017-03-27
prebreak,002373,2017-03-31,S,S,A,C,S,S,A,12.7911,13.87,13.24,0.63,,1,13.87,14.5822,2017-04-11,0,1.113,1,13.87,13.6672,2017-04-18,0,-0.3385,1,13.87,13.24,2017-04-19,1,-1.0161,6.4222,-0.0227454726232347,2017-03-31
prebreak,002581,2017-03-31,S,S,A,C,S,S,A,23.68,25.52,24.18,1.34,,1,25.52,25.4,2017-04-11,0,-0.104,1,25.52,25.25,2017-04-12,0,-0.2158,1,25.52,25.25,2017-04-12,0,-0.2158,2.2643,0.0868824531516183,2017-03-31
prebreak,002573,2017-04-05,S,S,A,C,S,S,A,17.5401,17.33,16.65,0.68,,1,17.33,18.5107,2017-04-12,0,1.7158,1,17.33,20.0583,2017-04-19,0,3.9904,1,17.33,19.9184,2017-05-04,0,3.7847,1.6579,-0.0260587047273938,2017-04-05
prebreak,600967,2017-04-06,S,S,A,C,S,S,A,13.7995,13.06,12.46,0.6,,1,13.06,14.6653,2017-04-13,0,2.6572,1,13.06,14.3914,2017-04-20,0,2.2011,1,13.06,12.46,2017-05-05,1,-1.0159,1.6756,0.035220296016269,2017-04-06
prebreak,600150,2017-04-07,S,S,A,C,S,S,A,28.3083,27.59,26.25,1.34,,1,27.59,30.0963,2017-04-14,0,1.8535,1,27.59,27.2838,2017-04-21,0,-0.244,1,27.59,26.25,2017-04-25,1,-1.015,2.5286,0.0184378243709122,2017-04-07
prebreak,603989,2017-04-07,S,S,A,C,S,S,A,25.0523,25.45,24.15,1.3,,0,0.0,0.0,,0,0.0,0,0.0,0.0,,0,0.0,1,25.45,25.4447,2017-05-04,0,-0.0189,2.7721,0.049599384937591,2017-04-07
prebreak,603968,2017-04-19,S,S,A,C,S,S,A,18.8255,19.19,18.42,0.77,,1,19.19,19.1725,2017-04-24,0,-0.0416,1,19.19,19.1725,2017-04-24,0,-0.0416,1,19.19,19.1725,2017-04-24,0,-0.0416,2.3755,-0.0263243008336322,2017-04-19
prebreak,002275,2017-04-20,S,S,A,C,S,S,A,14.5238,13.7,13.14,0.56,,1,13.7,13.14,2017-04-27,1,-1.018,1,13.7,13.14,2017-04-27,1,-1.018,1,13.7,13.14,2017-04-27,1,-1.018,5.1626,0.0004185919336325,2017-04-20
prebreak,002048,2017-04-25,S,S,A,C,S,S,A,17.4085,16.83,16.05,0.78,,1,16.83,16.05,2017-04-27,1,-1.0158,1,16.83,16.05,2017-04-27,1,-1.0158,1,16.83,16.05,2017-04-27,1,-1.0158,2.0972,0.000996863474038,2017-04-25
prebreak,002424,2017-04-25,S,S,A,C,S,S,A,15.8732,16.56,15.75,0.81,,0,0.0,0.0,,0,0.0,0,0.0,0.0,,0,0.0,1,16.56,16.5847,2017-05-24,0,0.0149,5.0193,0.0090421130606137,2017-04-25
prebreak,000988,2017-04-27,S,S,A,C,S,S,A,14.0734,14.48,13.73,0.75,,1,14.48,14.1317,2017-05-05,0,-0.4788,1,14.48,14.1317,2017-05-05,0,-0.4788,1,14.48,14.1317,2017-05-05,0,-0.4788,1.7236,0.0026138366475221,2017-04-27
prebreak,600600,2017-04-27,S,S,A,C,S,S,A,26.8958,28.11,26.85,1.26,,0,0.0,0.0,,0,0.0,0,0.0,0.0,,0,0.0,1,28.11,28.031,2017-05-26,0,-0.0796,3.1977,0.0282315322436204,2017-04-27
prebreak,600756,2017-04-27,S,S,A,C,S,S,A,19.2226,20.14,19.26,0.88,,0,0.0,0.0,,0,0.0,0,0.0,0.0,,0,0.0,1,20.14,20.9034,2017-05-26,0,0.8496,10.5241,0.016713732116151,2017-04-27
prebreak,600706,2017-04-28,S,S,A,C,S,S,A,16.4002,16.21,15.41,0.8,,1,16.21,15.8949,2017-05-08,0,-0.409,1,16.21,15.41,2017-05-09,1,-1.0148,1,16.21,15.41,2017-05-09,1,-1.0148,3.588,-0.047207164016035,2017-04-28
prebreak,002268,2017-05-02,S,S,A,C,S,S,A,19.0353,19.55,18.65,0.9,,0,0.0,0.0,,0,0.0,1,19.55,19.409,2017-05-16,0,-0.1731,1,19.55,19.0475,2017-05-17,0,-0.5744,13.2867,-0.0312651921114971,2017-05-02
prebreak,300001,2017-05-02,S,S,A,C,S,S,A,16.1158,16.52,15.77,0.75,,1,16.52,15.9117,2017-05-08,0,-0.8273,1,16.52,15.9117,2017-05-08,0,-0.8273,1,16.52,15.9117,2017-05-08,0,-0.8273,1.5089,0.0116555579087218,2017-05-02
prebreak,600292,2017-05-04,S,S,A,C,S,S,A,12.1502,11.86,11.25,0.61,,1,11.86,11.25,2017-05-08,1,-1.0141,1,11.86,11.25,2017-05-08,1,-1.0141,1,11.86,11.25,2017-05-08,1,-1.0141,2.9961,0.0548336139520833,2017-05-04
prebreak,600897,2017-05-04,S,S,A,C,S,S,A,13.2845,13.48,12.94,0.54,,0,0.0,0.0,,0,0.0,0,0.0,0.0,,0,0.0,1,13.48,13.6471,2017-06-05,0,0.2902,1.5094,0.0122084119978309,2017-05-04
prebreak,000669,2017-05-09,S,S,A,C,S,S,A,10.8668,11.93,11.34,0.59,,0,0.0,0.0,,0,0.0,1,11.93,11.34,2017-05-19,1,-1.0147,1,11.93,11.34,2017-05-19,1,-1.0147,1.6559,0.038133849708414,2017-05-09
prebreak,002643,2017-05-09,S,S,A,C,S,S,A,13.2298,12.88,12.31,0.57,,1,12.88,13.7181,2017-05-16,0,1.4522,1,12.88,13.0814,2017-05-23,0,0.336,1,12.88,12.31,2017-06-01,1,-1.0165,2.3154,0.0654060440387993,2017-05-09
prebreak,600292,2017-05-11,S,S,A,C,S,S,A,10.0313,11.86,11.25,0.61,,0,0.0,0.0,,0,0.0,1,11.86,11.25,2017-05-23,1,-1.0141,1,11.86,11.25,2017-05-23,1,-1.0141,3.8337,0.0795777560691171,2017-05-11
prebreak,600004,2017-05-12,S,S,A,C,S,S,A,10.0425,10.41,9.9,0.51,,1,10.41,10.3355,2017-05-18,0,-0.1615,1,10.41,10.3355,2017-05-18,0,-0.1615,1,10.41,10.3355,2017-05-18,0,-0.1615,2.0213,0.0677516956246102,2017-05-12
prebreak,000669,2017-05-16,S,S,A,C,S,S,A,11.3923,11.93,11.34,0.59,,1,11.93,11.34,2017-05-19,1,-1.0147,1,11.93,11.34,2017-05-19,1,-1.0147,1,11.93,11.34,2017-05-19,1,-1.0147,1.6559,0.038133849708414,2017-05-16
prebreak,002643,2017-05-16,S,S,A,C,S,S,A,13.7181,12.88,12.31,0.57,,1,12.88,13.0814,2017-05-23,0,0.336,1,12.88,12.31,2017-06-01,1,-1.0165,1,12.88,12.31,2017-06-01,1,-1.0165,8.1863,0.090661498989675,2017-05-16
prebreak,600566,2017-05-16,S,S,A,C,S,S,A,22.662,22.73,21.58,1.15,,1,22.73,22.5726,2017-05-19,0,-0.1518,1,22.73,22.5726,2017-05-19,0,-0.1518,1,22.73,22.5726,2017-05-19,0,-0.1518,1.5083,0.0243720737367068,2017-05-16
prebreak,002223,2017-05-17,S,S,A,C,S,S,A,18.8114,19.85,18.87,0.98,,0,0.0,0.0,,0,0.0,0,0.0,0.0,,0,0.0,1,19.85,20.1292,2017-06-09,0,0.2693,4.5234,0.0548921859284909,2017-05-17
prebreak,002232,2017-05-17,S,S,A,C,S,S,A,13.6077,12.1,11.59,0.51,,1,12.1,13.5883,2017-05-24,0,2.8983,1,12.1,13.6756,2017-06-02,0,3.0694,1,12.1,12.1683,2017-06-16,0,0.1158,3.4693,-0.0145716885461494,2017-05-17
prebreak,603369,2017-05-19,S,S,A,C,S,S,A,10.4845,10.89,10.35,0.54,,0,0.0,0.0,,0,0.0,0,0.0,0.0,,0,0.0,1,10.89,10.8854,2017-06-20,0,-0.0238,2.471,0.0403703446272976,2017-05-19
prebreak,002232,2017-05-24,S,S,A,C,S,S,A,13.5883,12.1,11.59,0.51,,1,12.1,13.6756,2017-06-02,0,3.0694,1,12.1,12.987,2017-06-09,0,1.72,1,12.1,11.7285,2017-06-23,0,-0.7461,3.281,-0.0268703258185843,2017-05-24
prebreak,002142,2017-05-25,S,S,A,C,S,S,A,10.7017,10.49,9.95,0.54,,1,10.49,10.4434,2017-06-05,0,-0.1011,1,10.49,10.6958,2017-06-12,0,0.3661,1,10.49,10.8073,2017-06-26,0,0.5725,1.7061,0.0287538367638537,2017-05-25
prebreak,002019,2017-05-31,S,S,A,C,S,S,A,13.4115,13.78,13.12,0.66,,1,13.78,13.8018,2017-06-07,0,0.0172,1,13.78,13.9784,2017-06-14,0,0.2846,1,13.78,15.0194,2017-06-28,0,1.8608,1.7279,-0.0245720190029826,2017-05-31
prebreak,600332,2017-06-05,S,S,A,C,S,S,A,22.6207,23.37,22.31,1.06,,1,23.37,23.9393,2017-06-12,0,0.52,1,23.37,23.2841,2017-06-19,0,-0.0977,1,23.37,23.9802,2017-07-03,0,0.5586,2.0225,0.097495637488197,2017-06-05
prebreak,002597,2017-06-08,S,S,A,C,S,S,A,16.3879,16.19,15.42,0.77,,1,16.19,17.1105,2017-06-15,0,1.1787,1,16.19,17.4178,2017-06-22,0,1.5776,1,16.19,17.584,2017-07-06,0,1.7932,1.6509,0.0296752598689213,2017-06-08
prebreak,600498,2017-06-08,S,S,A,C,S,S,A,21.173,20.63,19.56,1.07,,1,20.63,21.9998,2017-06-15,0,1.2647,1,20.63,21.9355,2017-06-22,0,1.2046,1,20.63,22.6887,2017-07-06,0,1.9081,1.8633,0.0208553541213616,2017-06-08
prebreak,600729,2017-06-08,S,S,A,C,S,S,A,15.5265,15.74,14.99,0.75,,1,15.74,15.4786,2017-06-15,0,-0.3643,1,15.74,15.4786,2017-06-15,0,-0.3643,1,15.74,15.4786,2017-06-15,0,-0.3643,1.7415,0.0220245961013012,2017-06-08
prebreak,603589,2017-06-09,S,S,A,C,S,S,A,28.3982,28.17,27.09,1.08,,1,28.17,28.3129,2017-06-14,0,0.1124,1,28.17,28.3129,2017-06-14,0,0.1124,1,28.17,28.3129,2017-06-14,0,0.1124,2.1461,0.0898816958575705,2017-06-09
prebreak,000998,2017-06-13,S,S,A,C,S,S,A,20.8417,21.14,20.13,1.01,,0,0.0,0.0,,0,0.0,0,0.0,0.0,,0,0.0,1,21.14,21.9078,2017-07-11,0,0.7438,4.1978,0.0506239070939642,2017-06-13
prebreak,600335,2017-06-13,S,S,A,C,S,S,A,9.7998,10.61,10.07,0.54,,1,10.61,10.3603,2017-06-20,0,-0.477,1,10.61,10.703,2017-06-27,0,0.1572,1,10.61,10.437,2017-07-11,0,-0.3352,1.6698,0.0807385217517604,2017-06-13
prebreak,000581,2017-06-15,S,S,A,C,S,S,A,13.9501,14.34,13.73,0.61,,1,14.34,14.4526,2017-06-22,0,0.1667,1,14.34,15.8573,2017-06-29,0,2.468,1,14.34,15.9018,2017-07-13,0,2.5409,2.1669,0.0964808022416388,2017-06-15
prebreak,600729,2017-06-15,S,S,A,C,S,S,A,15.4786,15.98,15.22,0.76,,0,0.0,0.0,,0,0.0,1,15.98,16.2325,2017-06-29,0,0.316,0,15.98,16.1008,2017-07-13,0,0.1429,1.8335,0.101816626713296,2017-06-15
prebreak,600420,2017-06-16,S,S,A,C,S,S,A,13.7298,14.16,13.55,0.61,,0,0.0,0.0,,0,0.0,0,0.0,0.0,,0,0.0,1,14.16,13.55,2017-07-14,1,-1.017,1.7512,-0.0143319288320684,2017-06-16
prebreak,002142,2017-06-19,S,S,A,C,S,S,A,10.3964,10.79,10.28,0.51,,1,10.79,10.8073,2017-06-26,0,0.0179,1,10.79,11.3591,2017-07-03,0,1.0992,1,10.79,12.747,2017-07-17,0,3.8187,1.8338,0.0082554407280031,2017-06-19
prebreak,600085,2017-06-19,S,S,A,C,S,S,A,28.7273,29.67,28.51,1.16,,1,29.67,30.7456,2017-06-26,0,0.9072,1,29.67,30.1689,2017-07-03,0,0.4104,1,29.67,28.6661,2017-07-17,0,-0.8843,1.8956,0.0632111019699921,2017-06-19
prebreak,002583,2017-06-20,S,S,A,C,S,S,A,14.8976,15.14,14.63,0.51,,1,15.14,15.482,2017-06-27,0,0.6476,1,15.14,16.1357,2017-07-04,0,1.9286,1,15.14,15.8287,2017-07-18,0,1.3269,2.0241,0.0317225993260543,2017-06-20
prebreak,000400,2017-06-21,S,S,A,C,S,S,A,15.4958,15.79,15.06,0.73,,1,15.79,16.4084,2017-06-28,0,0.8301,1,15.79,16.731,2017-07-05,0,1.2718,1,15.79,15.7948,2017-07-19,0,-0.0098,2.9979,0.0502241447479436,2017-06-21
prebreak,600315,2017-06-21,S,S,A,C,S,S,A,28.5305,27.18,26.14,1.04,,1,27.18,29.334,2017-06-28,0,2.05,1,27.18,29.2312,2017-07-05,0,1.9512,1,27.18,28.5488,2017-07-19,0,1.2954,3.3019,0.005883399347178,2017-06-21
prebreak,600056,2017-06-23,S,S,A,C,S,S,A,15.244,15.61,14.98,0.63,,1,15.61,15.4875,2017-06-28,0,-0.2131,1,15.61,15.4875,2017-06-28,0,-0.2131,1,15.61,15.4875,2017-06-28,0,-0.2131,1.6018,0.0362897500432106,2017-06-23
prebreak,000756,2017-06-26,S,S,A,C,S,S,A,10.3013,9.93,9.41,0.52,,1,9.93,10.5351,2017-07-03,0,1.1485,1,9.93,10.3632,2017-07-10,0,0.8181,1,9.93,9.8681,2017-07-24,0,-0.1335,2.6902,0.0471382606408985,2017-06-26
prebreak,000998,2017-06-27,S,S,A,C,S,S,A,20.2174,20.86,19.97,0.89,,1,20.86,22.0999,2017-07-04,0,1.3745,1,20.86,21.9078,2017-07-11,0,1.1588,1,20.86,22.355,2017-07-25,0,1.6609,4.1978,0.0367083586556333,2017-06-27
prebreak,002583,2017-07-04,S,S,A,C,S,S,A,16.1357,15.4,14.63,0.77,,1,15.4,15.8782,2017-07-11,0,0.6054,1,15.4,15.8287,2017-07-18,0,0.5412,1,15.4,16.3437,2017-08-01,0,1.2097,1.9429,0.0483638520759275,2017-07-04
prebreak,002142,2017-07-10,S,S,A,C,S,S,A,11.318,10.74,10.22,0.52,,1,10.74,12.747,2017-07-17,0,3.8415,1,10.74,12.4983,2017-07-24,0,3.3635,1,10.74,11.8687,2017-08-07,0,2.1535,1.7044,0.0019344429257541,2017-07-10
prebreak,601969,2017-07-19,S,S,A,C,S,S,A,11.2795,10.43,9.9,0.53,,1,10.43,11.194,2017-07-26,0,1.4257,1,10.43,11.8492,2017-08-02,0,2.661,1,10.43,10.7098,2017-08-16,0,0.5127,3.357,0.054248958201605,2017-07-19
prebreak,300463,2017-07-21,S,S,A,C,S,S,A,20.2445,23.65,22.59,1.06,,0,0.0,0.0,,0,0.0,0,0.0,0.0,,0,0.0,0,23.65,23.4025,2017-08-18,0,-0.2503,2.1984,0.1682210322940831,2017-07-21
prebreak,000999,2017-07-25,S,S,A,C,S,S,A,13.7967,14.27,13.65,0.62,,0,0.0,0.0,,0,0.0,0,0.0,0.0,,0,0.0,1,14.27,14.3023,2017-08-22,0,0.0346,2.1586,0.0062904793454834,2017-07-25
prebreak,000513,2017-07-26,S,S,A,C,S,S,A,21.0998,22.03,20.95,1.08,,0,0.0,0.0,,0,0.0,0,0.0,0.0,,0,0.0,1,22.03,21.7871,2017-08-23,0,-0.2403,1.5288,0.0214858124678007,2017-07-26
prebreak,000792,2017-07-27,S,S,A,C,S,S,A,10.92,10.75,10.23,0.52,,1,10.75,12.45,2017-08-03,0,3.2515,1,10.75,11.36,2017-08-10,0,1.1566,1,10.75,11.08,2017-08-24,0,0.6185,1.7391,0.028708133971292,2017-07-27
prebreak,300050,2017-07-31,S,S,A,C,S,S,A,10.3374,10.36,9.84,0.52,,1,10.36,10.0782,2017-08-03,0,-0.5567,1,10.36,10.0782,2017-08-03,0,-0.5567,1,10.36,10.0782,2017-08-03,0,-0.5567,1.6185,-0.0035780068551155,2017-07-31
prebreak,600872,2017-07-31,S,S,A,C,S,S,A,17.1783,16.7,15.93,0.77,,1,16.7,17.494,2017-08-07,0,1.0141,1,16.7,19.6684,2017-08-14,0,3.8361,1,16.7,19.2353,2017-08-28,0,3.2741,1.7688,0.0443439264419214,2017-07-31
prebreak,300476,2017-08-03,S,S,A,C,S,S,A,12.6526,12.4,11.81,0.59,,1,12.4,12.3384,2017-08-08,0,-0.1203,1,12.4,12.3384,2017-08-08,0,-0.1203,1,12.4,12.3384,2017-08-08,0,-0.1203,2.4631,0.0356137835350669,2017-08-03
prebreak,603188,2017-08-03,S,S,A,C,S,S,A,19.0791,18.66,17.72,0.94,,1,18.66,18.6215,2017-08-08,0,-0.056,1,18.66,18.6215,2017-08-08,0,-0.056,1,18.66,18.6215,2017-08-08,0,-0.056,2.5014,0.0604143673674484,2017-08-03
prebreak,002048,2017-08-04,S,S,A,C,S,S,A,14.2404,15.02,14.31,0.71,,0,0.0,0.0,,0,0.0,0,0.0,0.0,,0,0.0,1,15.02,16.0113,2017-09-01,0,1.3792,3.4681,0.0066391267952636,2017-08-04
prebreak,600990,2017-08-04,S,S,A,C,S,S,A,34.4005,34.65,33.2,1.45,,0,0.0,0.0,,0,0.0,1,34.65,34.2336,2017-08-18,0,-0.3051,1,34.65,34.2509,2017-08-21,0,-0.2932,2.0509,0.0444677308398695,2017-08-04
prebreak,002038,2017-08-08,S,S,A,C,S,S,A,15.6402,16.26,15.55,0.71,,0,0.0,0.0,,0,0.0,0,0.0,0.0,,0,0.0,1,16.26,16.9986,2017-09-05,0,1.0222,4.9531,0.0396297711939874,2017-08-08
prebreak,300003,2017-08-08,S,S,A,C,S,S,A,18.3062,19.49,18.52,0.97,,1,19.49,19.2953,2017-08-14,0,-0.2159,1,19.49,19.2953,2017-08-14,0,-0.2159,1,19.49,19.2953,2017-08-14,0,-0.2159,1.6269,0.0161378283895157,2017-08-08
prebreak,603919,2017-08-08,S,S,A,C,S,S,A,13.9537,13.05,12.41,0.64,,1,13.05,14.7748,2017-08-15,0,2.6779,1,13.05,13.8392,2017-08-22,0,1.2169,1,13.05,13.6911,2017-09-05,0,0.9856,1.824,0.0373197985597493,2017-08-08
prebreak,000400,2017-08-09,S,S,A,C,S,S,A,15.285,16.25,15.44,0.81,,0,0.0,0.0,,0,0.0,0,0.0,0.0,,0,0.0,1,16.25,16.0266,2017-09-05,0,-0.2909,2.414,0.0689660778674841,2017-08-09
prebreak,600315,2017-08-09,S,S,A,C,S,S,A,28.8012,29.28,28.04,1.24,,0,0.0,0.0,,0,0.0,1,29.28,29.2218,2017-08-22,0,-0.0648,1,29.28,29.2218,2017-08-22,0,-0.0648,1.7895,0.0303363783136259,2017-08-09
prebreak,000860,2017-08-14,S,S,A,C,S,S,A,16.0101,15.49,14.84,0.65,,1,15.49,15.7621,2017-08-17,0,0.4002,1,15.49,15.7621,2017-08-17,0,0.4002,1,15.49,15.7621,2017-08-17,0,0.4002,1.9069,0.0711016316435462,2017-08-14
prebreak,600315,2017-08-16,S,S,A,C,S,S,A,28.3618,28.85,27.75,1.1,,1,28.85,29.2218,2017-08-22,0,0.3179,1,28.85,29.2218,2017-08-22,0,0.3179,1,28.85,29.2218,2017-08-22,0,0.3179,1.7895,0.0152050722113423,2017-08-16
prebreak,002326,2017-08-17,S,S,A,C,S,S,A,12.3814,12.46,11.82,0.64,,0,0.0,0.0,,0,0.0,0,0.0,0.0,,0,0.0,1,12.46,12.7405,2017-09-14,0,0.4232,2.573,0.0468357850255041,2017-08-17
prebreak,000756,2017-08-21,S,S,A,C,S,S,A,10.9959,10.68,10.17,0.51,,1,10.68,10.7277,2017-08-24,0,0.0775,1,10.68,10.7277,2017-08-24,0,0.0775,1,10.68,10.7277,2017-08-24,0,0.0775,2.2487,0.0800190417768726,2017-08-21
prebreak,002311,2017-08-21,S,S,A,C,S,S,A,16.5294,16.94,16.12,0.82,,1,16.94,16.8179,2017-08-28,0,-0.1646,1,16.94,16.8539,2017-08-29,0,-0.1206,1,16.94,16.8539,2017-08-29,0,-0.1206,2.0579,0.0338573510965325,2017-08-21
prebreak,002673,2017-08-23,S,S,A,C,S,S,A,14.3489,13.55,13.02,0.53,,1,13.55,14.5475,2017-08-30,0,1.8614,1,13.55,14.3128,2017-09-06,0,1.419,1,13.55,14.3038,2017-09-20,0,1.4019,1.9684,-0.013488022031972,2017-08-23
prebreak,300054,2017-08-25,S,S,A,C,S,S,A,9.5953,10.42,9.92,0.5,,0,0.0,0.0,,0,0.0,0,0.0,0.0,,0,0.0,1,10.42,10.3547,2017-09-22,0,-0.1465,2.0941,0.0870643374191835,2017-08-25
prebreak,601688,2017-08-28,S,S,A,C,S,S,A,18.6385,16.3,15.66,0.64,,1,16.3,19.072,2017-09-04,0,4.3092,1,16.3,18.1069,2017-09-11,0,2.8022,1,16.3,18.1233,2017-09-25,0,2.8278,2.1722,0.013776149331097,2017-08-28
prebreak,603288,2017-08-28,S,S,A,C,S,S,A,17.3124,18.08,17.18,0.9,,0,0.0,0.0,,0,0.0,0,0.0,0.0,,0,0.0,1,18.08,19.2818,2017-09-25,0,1.3192,2.8089,0.0191017610235066,2017-08-28
prebreak,000701,2017-08-29,S,S,A,C,S,S,A,14.1952,13.92,13.24,0.68,,1,13.92,13.3707,2017-09-01,0,-0.8229,1,13.92,13.3707,2017-09-01,0,-0.8229,1,13.92,13.3707,2017-09-01,0,-0.8229,2.2997,0.0441872140029653,2017-08-29
prebreak,600668,2017-08-29,S,S,A,C,S,S,A,13.2769,13.53,12.98,0.55,,0,0.0,0.0,,0,0.0,0,0.0,0.0,,0,0.0,1,13.53,13.1639,2017-09-18,0,-0.6839,2.7655,0.0383965382193756,2017-08-29
prebreak,002491,2017-08-31,S,S,A,C,S,S,A,12.6973,12.94,12.25,0.69,,1,12.94,13.083,2017-09-07,0,0.1929,1,12.94,13.1522,2017-09-14,0,0.2931,1,12.94,14.0324,2017-09-28,0,1.5679,1.6247,0.0629875397326,2017-08-31
prebreak,002410,2017-09-01,S,S,A,C,S,S,A,12.9085,12.13,11.51,0.62,,1,12.13,13.3595,2017-09-08,0,1.967,1,12.13,13.9167,2017-09-15,0,2.8651,1,12.13,13.5652,2017-09-29,0,2.2984,3.8267,0.0718899381573476,2017-09-01
prebreak,300307,2017-09-01,S,S,A,C,S,S,A,10.1261,10.13,9.61,0.52,,1,10.13,9.9387,2017-09-08,0,-0.3824,1,10.13,9.9574,2017-09-15,0,-0.3464,1,10.13,9.61,2017-09-25,1,-1.0142,2.384,0.0814205068141942,2017-09-01
prebreak,600584,2017-09-01,S,S,A,C,S,S,A,16.4583,15.22,14.42,0.8,,1,15.22,16.9653,2017-09-08,0,2.1658,1,15.22,16.5461,2017-09-15,0,1.6421,1,15.22,18.8276,2017-10-18,0,4.4922,2.2678,0.0156119158767935,2017-09-01
prebreak,002311,2017-09-04,S,S,A,C,S,S,A,16.6827,17.17,16.55,0.62,,1,17.17,16.7818,2017-09-07,0,-0.6468,1,17.17,16.7818,2017-09-07,0,-0.6468,1,17.17,16.7818,2017-09-07,0,-0.6468,1.7908,0.0286565736368267,2017-09-04
prebreak,002126,2017-09-07,S,S,A,C,S,S,A,9.8761,10.04,9.52,0.52,,1,10.04,9.9237,2017-09-14,0,-0.2382,1,10.04,9.638,2017-09-21,0,-0.7873,1,10.04,9.52,2017-09-25,1,-1.014,2.071,0.0195461940201393,2017-09-07
prebreak,300001,2017-09-07,S,S,A,C,S,S,A,15.6304,16.0,15.35,0.65,,1,16.0,16.9735,2017-09-14,0,1.478,1,16.0,17.2362,2017-09-21,0,1.882,1,16.0,16.117,2017-10-12,0,0.1612,4.267,0.0444591190287095,2017-09-07
prebreak,600062,2017-09-08,S,S,A,C,S,S,A,14.6738,14.99,14.46,0.53,,0,0.0,0.0,,0,0.0,0,0.0,0.0,,0,0.0,1,14.99,15.05,2017-10-13,0,0.0917,3.8035,0.0253749792990412,2017-09-08
prebreak,000963,2017-09-11,S,S,A,C,S,S,A,22.8613,23.76,22.59,1.17,,0,0.0,0.0,,0,0.0,1,23.76,23.7728,2017-09-25,0,-0.0045,1,23.76,23.7434,2017-09-27,0,-0.0296,1.9033,0.0226490115206108,2017-09-11
prebreak,300050,2017-09-11,S,S,A,C,S,S,A,10.6963,11.06,10.5,0.56,,0,0.0,0.0,,0,0.0,1,11.06,10.8558,2017-09-25,0,-0.3795,1,11.06,10.5,2017-09-26,1,-1.0144,4.0619,0.0586726708422613,2017-09-11
prebreak,000869,2017-09-12,S,S,A,C,S,S,A,30.4069,31.6,30.12,1.48,,0,0.0,0.0,,0,0.0,1,31.6,32.0363,2017-09-26,0,0.2784,1,31.6,32.9242,2017-10-17,0,0.878,5.0742,0.0218558865493962,2017-09-12
prebreak,002117,2017-09-13,S,S,A,C,S,S,A,10.6717,11.26,10.73,0.53,,1,11.26,10.9482,2017-09-19,0,-0.6041,1,11.26,10.9482,2017-09-19,0,-0.6041,1,11.26,10.9482,2017-09-19,0,-0.6041,2.7235,0.0022589152745247,2017-09-13
prebreak,600062,2017-09-15,S,S,A,C,S,S,A,14.5848,14.72,14.16,0.56,,0,0.0,0.0,,0,0.0,0,0.0,0.0,,0,0.0,1,14.72,15.2895,2017-10-20,0,0.9963,3.8519,-0.0033543563914497,2017-09-15
prebreak,002311,2017-09-18,S,S,A,C,S,S,A,17.3316,17.65,16.82,0.83,,0,0.0,0.0,,0,0.0,0,0.0,0.0,,0,0.0,1,17.65,17.9354,2017-10-23,0,0.3275,1.5478,0.0183721606766102,2017-09-18
prebreak,300347,2017-09-18,S,S,A,C,S,S,A,17.9732,17.34,16.47,0.87,,1,17.34,18.4685,2017-09-25,0,1.2812,1,17.34,18.9258,2017-10-09,0,1.8065,1,17.34,20.323,2017-10-23,0,3.4114,1.8693,0.0140460175290488,2017-09-18
prebreak,300335,2017-09-22,S,S,A,C,S,S,A,15.8851,16.54,15.73,0.81,,0,0.0,0.0,,0,0.0,1,16.54,17.0618,2017-10-13,0,0.6283,1,16.54,17.3187,2017-10-27,0,0.9452,1.7147,0.0283498998964415,2017-09-22
prebreak,000988,2017-09-26,S,S,A,C,S,S,A,15.9858,16.91,16.09,0.82,,1,16.91,17.4842,2017-10-10,0,0.6841,1,16.91,16.8323,2017-10-17,0,-0.1104,1,16.91,17.5134,2017-10-31,0,0.7197,1.7466,0.0616906293918673,2017-09-26
prebreak,000938,2017-09-29,S,S,A,C,S,S,A,21.7122,21.01,20.05,0.96,,1,21.01,22.0793,2017-10-13,0,1.0965,1,21.01,21.3874,2017-10-20,0,0.3762,1,21.01,22.5912,2017-11-03,0,1.6294,2.0906,-0.0081477424825708,2017-09-29
prebreak,600486,2017-09-29,S,S,A,C,S,S,A,27.0487,27.48,26.31,1.17,,1,27.48,29.639,2017-10-13,0,1.8263,1,27.48,29.1668,2017-10-20,0,1.423,1,27.48,31.646,2017-11-03,0,3.5406,2.1788,-0.0372014590002049,2017-09-29
prebreak,002179,2017-10-11,S,S,A,C,S,S,A,14.644,13.84,13.17,0.67,,1,13.84,14.7452,2017-10-18,0,1.3345,1,13.84,15.0955,2017-10-25,0,1.857,1,13.84,14.5155,2017-11-08,0,0.9919,1.8063,0.0581735027439267,2017-10-11
prebreak,600161,2017-10-11,S,S,A,C,S,S,A,12.1523,11.99,11.45,0.54,,1,11.99,12.2235,2017-10-16,0,0.4152,1,11.99,12.2235,2017-10-16,0,0.4152,1,11.99,12.2235,2017-10-16,0,0.4152,1.6382,0.0151706140613345,2017-10-11
prebreak,000988,2017-10-17,S,S,A,C,S,S,A,16.8323,17.64,16.81,0.83,,0,0.0,0.0,,0,0.0,0,0.0,0.0,,0,0.0,1,17.64,17.3674,2017-11-03,0,-0.3444,1.6403,0.071522458766811,2017-10-17
prebreak,300207,2017-10-17,S,S,A,C,S,S,A,11.0082,11.85,11.33,0.52,,0,0.0,0.0,,0,0.0,0,0.0,0.0,,0,0.0,1,11.85,11.33,2017-11-08,1,-1.0167,2.9585,0.0233845993700962,2017-10-17
prebreak,600754,2017-10-20,S,S,A,C,S,S,A,25.6791,28.36,27.01,1.35,,0,0.0,0.0,,0,0.0,0,0.0,0.0,,0,0.0,1,28.36,28.9054,2017-11-17,0,0.3878,2.0663,0.0750382803915183,2017-10-20
prebreak,601877,2017-10-20,S,S,A,C,S,S,A,18.8106,16.9,16.04,0.86,,1,16.9,20.398,2017-10-27,0,4.0499,1,16.9,19.9316,2017-11-03,0,3.5079,1,16.9,21.9607,2017-11-17,0,5.8659,1.6887,0.0134866149834871,2017-10-20
prebreak,600132,2017-10-23,S,S,A,C,S,S,A,16.5408,17.13,16.25,0.88,,0,0.0,0.0,,0,0.0,1,17.13,16.25,2017-11-06,1,-1.0142,1,17.13,16.25,2017-11-06,1,-1.0142,1.5263,0.0028433178052573,2017-10-23
prebreak,002589,2017-10-25,S,S,A,C,S,S,A,14.4124,14.32,13.67,0.65,,1,14.32,14.7238,2017-10-30,0,0.6041,1,14.32,14.7238,2017-10-30,0,0.6041,1,14.32,14.7238,2017-10-30,0,0.6041,3.0814,-0.0077505570591674,2017-10-25
prebreak,600699,2017-10-26,S,S,A,C,S,S,A,26.1661,25.88,24.64,1.24,,1,25.88,26.119,2017-11-02,0,0.1767,1,25.88,28.0437,2017-11-09,0,1.728,0,25.88,24.9816,2017-11-23,0,-0.7399,1.665,0.1211345014259452,2017-10-26
prebreak,000988,2017-10-31,S,S,A,C,S,S,A,17.5134,17.05,16.17,0.88,,1,17.05,17.8636,2017-11-07,0,0.9093,1,17.05,19.0506,2017-11-14,0,2.2573,1,17.05,16.9199,2017-11-28,0,-0.1625,1.6403,0.0356835556674677,2017-10-31
prebreak,000988,2017-11-07,S,S,A,C,S,S,A,17.8636,18.1,17.17,0.93,,1,18.1,19.0506,2017-11-14,0,1.0068,1,18.1,18.5933,2017-11-21,0,0.5154,1,18.1,17.17,2017-11-24,1,-1.0142,1.8535,0.0612060440678094,2017-11-07
prebreak,002035,2017-11-07,S,S,A,C,S,S,A,15.1342,15.73,14.98,0.75,,1,15.73,15.674,2017-11-14,0,-0.0906,1,15.73,15.3522,2017-11-15,0,-0.5194,1,15.73,15.3522,2017-11-15,0,-0.5194,1.5503,0.0751319016944487,2017-11-07
prebreak,300146,2017-11-07,S,S,A,C,S,S,A,10.5699,10.62,10.07,0.55,,1,10.62,11.3568,2017-11-14,0,1.3241,1,10.62,11.7812,2017-11-21,0,2.0952,1,10.62,10.6084,2017-12-05,0,-0.0357,1.8565,-0.0025372622619229,2017-11-07
prebreak,002597,2017-11-09,S,S,A,C,S,S,A,19.8515,18.77,17.87,0.9,,1,18.77,21.4297,2017-11-16,0,2.9375,1,18.77,20.4994,2017-11-23,0,1.9045,1,18.77,19.4861,2017-12-07,0,0.7793,1.5002,-0.0114649106084634,2017-11-09
prebreak,002626,2017-11-10,S,S,A,C,S,S,A,13.0454,12.47,11.86,0.61,,1,12.47,14.4655,2017-11-17,0,3.2537,1,12.47,15.5887,2017-11-24,0,5.0939,1,12.47,15.9257,2017-12-08,0,5.646,2.8791,0.0431384702973975,2017-11-10
prebreak,300463,2017-11-10,S,S,A,C,S,S,A,24.0141,24.28,23.04,1.24,,1,24.28,24.0779,2017-11-15,0,-0.1777,1,24.28,24.0779,2017-11-15,0,-0.1777,1,24.28,24.0779,2017-11-15,0,-0.1777,1.6176,0.0286688279379543,2017-11-10
prebreak,600585,2017-11-10,S,S,A,C,S,S,A,16.7245,17.36,16.5,0.86,,1,17.36,18.9589,2017-11-17,0,1.8427,1,17.36,19.2599,2017-11-24,0,2.1925,1,17.36,19.7082,2017-12-08,0,2.7133,2.1583,0.0622166811496258,2017-11-10
prebreak,600597,2017-11-10,S,S,A,C,S,S,A,14.0496,13.08,12.48,0.6,,1,13.08,13.682,2017-11-17,0,0.9861,1,13.08,13.1619,2017-11-24,0,0.1199,1,13.08,12.48,2017-11-29,1,-1.0159,1.7646,0.0375975138630415,2017-11-10
prebreak,600754,2017-11-10,S,S,A,C,S,S,A,29.2649,26.62,25.36,1.26,,1,26.62,28.9054,2017-11-17,0,1.7966,1,26.62,28.0813,2017-11-24,0,1.143,1,26.62,25.36,2017-12-01,1,-1.0154,1.7665,0.0452057847745952,2017-11-10
prebreak,603313,2017-11-16,S,S,A,C,S,S,A,17.054,16.84,15.98,0.86,,1,16.84,17.0426,2017-11-23,0,0.2206,1,16.84,17.3446,2017-11-30,0,0.5715,1,16.84,15.98,2017-12-06,1,-1.0143,2.3326,0.0366317279687991,2017-11-16
prebreak,002311,2017-11-20,S,S,A,C,S,S,A,20.0264,17.96,17.05,0.91,,1,17.96,17.8543,2017-11-27,0,-0.1311,1,17.96,18.5123,2017-12-04,0,0.5915,1,17.96,19.1612,2017-12-18,0,1.3041,1.5742,-0.0026400115962719,2017-11-20
prebreak,002321,2017-11-20,S,S,A,C,S,S,A,12.7045,13.18,12.51,0.67,,0,0.0,0.0,,0,0.0,1,13.18,13.8351,2017-12-14,0,0.9622,1,13.18,12.51,2017-12-25,1,-1.0143,6.2413,0.0022223558475267,2017-11-20
prebreak,300183,2017-11-21,S,S,A,C,S,S,A,16.5393,18.57,17.77,0.8,,1,18.57,17.77,2017-11-24,1,-1.017,1,18.57,17.77,2017-11-24,1,-1.017,1,18.57,17.77,2017-11-24,1,-1.017,5.5357,0.0199997010671335,2017-11-21
prebreak,600323,2017-11-24,S,S,A,C,S,S,A,12.9607,13.35,12.73,0.62,,0,0.0,0.0,,0,0.0,0,0.0,0.0,,0,0.0,1,13.35,13.2508,2017-12-22,0,-0.1763,2.6236,0.0382390171021049,2017-11-24
prebreak,603900,2017-11-30,S,S,A,C,S,S,A,21.9541,22.44,21.27,1.17,,1,22.44,23.5093,2017-12-07,0,0.8988,1,22.44,24.4192,2017-12-14,0,1.676,1,22.44,24.0553,2017-12-28,0,1.3651,1.9112,0.017911654964287,2017-11-30
prebreak,603883,2017-12-06,S,S,A,C,S,S,A,21.2437,21.64,20.57,1.07,,1,21.64,20.57,2017-12-12,1,-1.0147,1,21.64,20.57,2017-12-12,1,-1.0147,1,21.64,20.57,2017-12-12,1,-1.0147,1.5348,6.0118576823420256e-06,2017-12-06
prebreak,300270,2017-12-08,S,S,A,C,S,S,A,13.252,12.16,11.57,0.59,,1,12.16,12.9024,2017-12-13,0,1.2419,1,12.16,12.9024,2017-12-13,0,1.2419,1,12.16,12.9024,2017-12-13,0,1.2419,3.3968,0.0147120181611615,2017-12-08
prebreak,300024,2017-12-11,S,S,A,C,S,S,A,18.9673,19.22,18.31,0.91,,1,19.22,19.3363,2017-12-18,0,0.1117,1,19.22,18.708,2017-12-25,0,-0.5783,1,19.22,19.2565,2018-01-09,0,0.024,2.2413,-0.0055010893246186,2017-12-11
prebreak,300055,2017-12-11,S,S,A,C,S,S,A,20.5855,20.13,19.26,0.87,,1,20.13,21.1418,2017-12-18,0,1.1447,1,20.13,21.8641,2017-12-25,0,1.9744,1,20.13,20.6733,2018-01-09,0,0.6065,1.5379,0.0199490112637314,2017-12-11
prebreak,600435,2017-12-11,S,S,A,C,S,S,A,13.0681,12.43,11.93,0.5,,1,12.43,12.7938,2017-12-18,0,0.7083,1,12.43,11.93,2017-12-25,1,-1.0183,1,12.43,11.93,2017-12-25,1,-1.0183,1.593,-0.0851750985834596,2017-12-11
prebreak,600521,2017-12-14,S,S,A,C,S,S,A,20.6356,17.31,16.51,0.8,,1,17.31,21.4766,2017-12-21,0,5.1885,1,17.31,20.4731,2017-12-28,0,3.9349,1,17.31,20.4943,2018-01-12,0,3.9614,1.6424,-0.0210177594730619,2017-12-14
prebreak,600062,2017-12-15,S,S,A,C,S,S,A,15.8709,16.41,15.78,0.63,,1,16.41,16.5892,2017-12-22,0,0.2645,1,16.41,16.9313,2017-12-29,0,0.8071,1,16.41,16.3772,2018-01-15,0,-0.0719,1.9661,0.0108726533465139,2017-12-15
prebreak,002311,2017-12-18,S,S,A,C,S,S,A,19.1612,19.87,19.11,0.76,,1,19.87,20.8285,2017-12-25,0,1.2406,1,19.87,20.5852,2018-01-02,0,0.9206,1,19.87,20.0895,2018-01-16,0,0.2688,1.6105,-0.0010663869358533,2017-12-18
prebreak,002410,2017-12-22,S,S,A,C,S,S,A,13.3927,13.4,12.69,0.71,,1,13.4,13.1672,2017-12-27,0,-0.3421,1,13.4,13.1672,2017-12-27,0,-0.3421,1,13.4,13.1672,2017-12-27,0,-0.3421,1.5841,0.0146165884258318,2017-12-22
prebreak,300463,2017-12-22,S,S,A,C,S,S,A,21.504,22.25,21.33,0.92,,1,22.25,21.7687,2017-12-28,0,-0.5412,1,22.25,21.7687,2017-12-28,0,-0.5412,1,22.25,21.7687,2017-12-28,0,-0.5412,1.7653,0.0277103924615431,2017-12-22
prebreak,300349,2017-12-26,S,S,A,C,S,S,A,17.3243,15.16,14.66,0.5,,1,15.16,18.0584,2018-01-03,0,5.7702,1,15.16,18.3539,2018-01-10,0,6.3607,1,15.16,17.9152,2018-01-24,0,5.4839,3.3489,0.06227416341149,2017-12-26
prebreak,600875,2017-12-27,S,S,A,C,S,S,A,9.4692,9.51,9.01,0.5,,1,9.51,9.6244,2018-01-04,0,0.2142,1,9.51,9.6244,2018-01-11,0,0.2142,1,9.51,9.6934,2018-01-25,0,0.3521,1.5177,0.0492255958709104,2017-12-27
prebreak,002614,2017-12-28,S,S,A,C,S,S,A,14.945,15.39,14.63,0.76,,1,15.39,15.5559,2018-01-05,0,0.2027,1,15.39,16.1749,2018-01-12,0,1.0167,1,15.39,16.4518,2018-01-26,0,1.3808,2.5167,0.0922734829783116,2017-12-28
prebreak,600436,2017-12-29,S,S,A,C,S,S,A,59.1317,60.77,57.9,2.87,,1,60.77,64.6332,2018-01-08,0,1.3291,1,60.77,68.2447,2018-01-15,0,2.5867,1,60.77,68.6845,2018-01-29,0,2.7398,1.7457,0.0290081616591482,2017-12-29
prebreak,002617,2018-01-02,S,S,A,C,S,S,A,10.8223,11.0,10.49,0.51,,0,0.0,0.0,,0,0.0,0,0.0,0.0,,0,0.0,1,11.0,11.0353,2018-01-29,0,0.0528,3.0466,0.0361744720696852,2018-01-02
prebreak,002508,2018-01-03,S,S,A,C,S,S,A,38.003,38.43,36.52,1.91,,1,38.43,39.5446,2018-01-10,0,0.5679,1,38.43,39.8054,2018-01-17,0,0.7043,1,38.43,41.0402,2018-01-31,0,1.3504,1.6832,0.0533265924131849,2018-01-03
prebreak,002672,2018-01-03,S,S,A,C,S,S,A,15.772,15.88,15.05,0.83,,1,15.88,15.6781,2018-01-08,0,-0.2576,1,15.88,15.6781,2018-01-08,0,-0.2576,1,15.88,15.6781,2018-01-08,0,-0.2576,1.6849,0.0585127134262737,2018-01-03
prebreak,300357,2018-01-04,S,S,A,C,S,S,A,14.4077,14.69,13.97,0.72,,0,0.0,0.0,,0,0.0,0,0.0,0.0,,0,0.0,1,14.69,13.97,2018-01-30,1,-1.0149,1.6098,0.0274922121418814,2018-01-04
prebreak,002262,2018-01-05,S,S,A,C,S,S,A,13.5959,13.29,12.7,0.59,,1,13.29,13.9237,2018-01-12,0,1.0562,1,13.29,13.7962,2018-01-19,0,0.8403,1,13.29,12.7,2018-02-02,1,-1.0165,1.5308,0.0106741910670309,2018-01-05
prebreak,600062,2018-01-08,S,S,A,C,S,S,A,16.7192,16.7,15.98,0.72,,1,16.7,17.1091,2018-01-11,0,0.5503,1,16.7,17.1091,2018-01-11,0,0.5503,1,16.7,17.1091,2018-01-11,0,0.5503,2.2443,0.0326534588689766,2018-01-08
prebreak,600436,2018-01-08,S,S,A,C,S,S,A,64.6332,60.77,57.9,2.87,,1,60.77,68.2447,2018-01-15,0,2.5867,1,60.77,71.744,2018-01-22,0,3.8052,1,60.77,67.7582,2018-02-05,0,2.4173,2.5097,0.0121707209587882,2018-01-08
prebreak,000042,2018-01-09,S,S,A,C,S,S,A,18.2027,16.05,15.26,0.79,,1,16.05,16.5037,2018-01-19,0,0.5585,1,16.05,16.2937,2018-01-26,0,0.2928,1,16.05,15.26,2018-02-02,1,-1.0148,2.3737,0.0883311551037819,2018-01-09
prebreak,002617,2018-01-09,S,S,A,C,S,S,A,10.6426,10.99,10.46,0.53,,0,0.0,0.0,,0,0.0,0,0.0,0.0,,0,0.0,1,10.99,10.46,2018-02-01,1,-1.0151,2.2589,0.0198862445748282,2018-01-09
prebreak,300357,2018-01-11,S,S,A,C,S,S,A,14.0143,14.69,14.06,0.63,,0,0.0,0.0,,0,0.0,0,0.0,0.0,,0,0.0,1,14.69,14.06,2018-01-30,1,-1.0171,1.6098,0.0274922121418814,2018-01-11
prebreak,002262,2018-01-12,S,S,A,C,S,S,A,13.9237,14.17,13.45,0.72,,1,14.17,13.7962,2018-01-19,0,-0.5338,1,14.17,13.7962,2018-01-19,0,-0.5338,1,14.17,13.7962,2018-01-19,0,-0.5338,2.1171,0.0820924130179463,2018-01-12
prebreak,601198,2018-01-19,S,S,A,C,S,S,A,13.5388,13.25,12.7,0.55,,1,13.25,13.8034,2018-01-26,0,0.9873,1,13.25,12.7,2018-02-01,1,-1.0177,1,13.25,12.7,2018-02-01,1,-1.0177,5.2706,0.0109363955152328,2018-01-19
prebreak,000711,2018-01-22,S,S,A,C,S,S,A,11.3,10.63,10.07,0.56,,1,10.63,11.5417,2018-01-29,0,1.6125,1,10.63,10.5917,2018-02-05,0,-0.0828,1,10.63,10.07,2018-02-09,1,-1.0138,1.5202,0.0370731707317071,2018-01-22
prebreak,002032,2018-01-22,S,S,A,C,S,S,A,31.7331,28.97,27.45,1.52,,1,28.97,32.0081,2018-01-25,0,1.983,1,28.97,32.0081,2018-01-25,0,1.983,1,28.97,32.0081,2018-01-25,0,1.983,2.0051,-0.0470484469384762,2018-01-22
prebreak,002727,2018-01-22,S,S,A,C,S,S,A,18.7357,17.89,17.18,0.71,,1,17.89,18.9274,2018-01-29,0,1.4411,1,17.89,18.788,2018-02-05,0,1.2449,1,17.89,20.2084,2018-02-26,0,3.2442,1.6867,0.0681322521535054,2018-01-22
prebreak,600009,2018-01-22,S,S,A,C,S,S,A,42.2236,41.78,40.09,1.69,,1,41.78,42.9475,2018-01-29,0,0.6716,1,41.78,45.6928,2018-02-05,0,2.295,1,41.78,40.09,2018-02-09,1,-1.0182,2.2641,0.0026675072665958,2018-01-22
prebreak,603108,2018-01-23,S,S,A,C,S,S,A,12.4749,12.49,11.91,0.58,,1,12.49,13.4323,2018-01-30,0,1.6073,1,12.49,11.91,2018-02-06,1,-1.0157,1,12.49,11.91,2018-02-06,1,-1.0157,3.7494,0.0529255435158275,2018-01-23
prebreak,603393,2018-01-25,S,S,A,C,S,S,A,13.0235,13.43,12.81,0.62,,0,0.0,0.0,,0,0.0,0,0.0,0.0,,0,0.0,1,13.43,13.8375,2018-06-01,0,0.6404,10.8705,0.0380702740926943,2018-01-25
prebreak,002695,2018-01-30,S,S,A,C,S,S,A,15.3885,16.07,15.35,0.72,,0,0.0,0.0,,0,0.0,0,0.0,0.0,,0,0.0,1,16.07,15.5376,2018-03-06,0,-0.7559,2.8744,0.0442859347111577,2018-01-30
prebreak,603108,2018-01-30,S,S,A,C,S,S,A,13.4323,12.49,11.91,0.58,,1,12.49,11.91,2018-02-06,1,-1.0157,1,12.49,11.91,2018-02-06,1,-1.0157,1,12.49,11.91,2018-02-06,1,-1.0157,2.5243,0.0160239473645718,2018-01-30
prebreak,002136,2018-02-08,S,S,A,C,S,S,A,14.2461,13.5,12.85,0.65,,1,13.5,14.9686,2018-02-22,0,2.2422,1,13.5,14.9038,2018-03-01,0,2.1425,1,13.5,14.8575,2018-03-15,0,2.0713,2.4285,0.005137716176482,2018-02-08
prebreak,002727,2018-02-12,S,S,A,C,S,S,A,18.91,19.03,18.23,0.8,,1,19.03,20.2084,2018-02-26,0,1.454,1,19.03,21.3413,2018-03-05,0,2.8692,1,19.03,22.4916,2018-03-19,0,4.3062,1.7029,0.0816096188999606,2018-02-12
prebreak,002491,2018-02-23,S,S,A,C,S,S,A,12.0348,12.13,11.5,0.63,,1,12.13,13.528,2018-03-02,0,2.203,1,12.13,14.0324,2018-03-09,0,3.0031,1,12.13,13.0435,2018-03-23,0,1.4344,1.6838,0.0196406095087744,2018-02-23
prebreak,002737,2018-02-27,S,S,A,C,S,S,A,12.8388,11.0,10.46,0.54,,1,11.0,13.0564,2018-03-06,0,3.7903,1,11.0,13.3267,2018-03-13,0,4.2905,1,11.0,14.0567,2018-03-27,0,5.6416,1.8419,-0.0502772904087146,2018-02-27
prebreak,600597,2018-03-05,S,S,A,C,S,S,A,11.4853,12.1,11.56,0.54,,1,12.1,12.2833,2018-03-12,0,0.3221,1,12.1,12.4178,2018-03-19,0,0.571,1,12.1,11.56,2018-03-23,1,-1.0164,1.5831,-0.0374044361949955,2018-03-05
prebreak,600118,2018-03-06,S,S,A,C,S,S,A,21.2218,21.48,20.34,1.14,,1,21.48,21.3095,2018-03-13,0,-0.1638,1,21.48,20.9487,2018-03-14,0,-0.4801,1,21.48,20.9487,2018-03-14,0,-0.4801,1.6341,-0.002952326858563,2018-03-06
prebreak,000553,2018-03-19,S,S,A,C,S,S,A,14.0133,14.49,13.91,0.58,,0,0.0,0.0,,0,0.0,0,0.0,0.0,,0,0.0,1,14.49,14.405,2018-04-18,0,-0.1655,3.0841,0.0024955962760517,2018-03-19
prebreak,300463,2018-03-19,S,S,A,C,S,S,A,21.2393,21.37,20.3,1.07,,1,21.37,21.4493,2018-03-22,0,0.0589,1,21.37,21.4493,2018-03-22,0,0.0589,1,21.37,21.4493,2018-03-22,0,0.0589,2.0612,0.0690938344494247,2018-03-19
prebreak,600729,2018-03-19,S,S,A,C,S,S,A,16.6288,16.26,15.5,0.76,,1,16.26,18.9275,2018-04-11,0,3.4914,1,16.26,18.5485,2018-04-18,0,2.993,1,16.26,21.214,2018-05-04,0,6.498,1.5549,0.0882445627065833,2018-03-19
prebreak,002223,2018-03-26,S,S,A,C,S,S,A,20.1292,20.17,19.2,0.97,,1,20.17,20.9361,2018-04-02,0,0.7735,1,20.17,20.4416,2018-04-11,0,0.264,1,20.17,19.2,2018-04-18,1,-1.0152,2.3363,0.0519009929568932,2018-03-26
prebreak,002602,2018-03-26,S,S,A,C,S,S,A,10.2548,10.9,10.38,0.52,,1,10.9,11.0068,2018-04-02,0,0.1893,1,10.9,10.8621,2018-04-11,0,-0.0887,1,10.9,11.1707,2018-04-25,0,0.5042,1.7978,-0.0021245165343686,2018-03-26
prebreak,600062,2018-03-26,S,S,A,C,S,S,A,16.4114,16.52,15.67,0.85,,1,16.52,16.042,2018-03-29,0,-0.5768,1,16.52,16.042,2018-03-29,0,-0.5768,1,16.52,16.042,2018-03-29,0,-0.5768,1.5757,0.0723270511954412,2018-03-26
prebreak,002242,2018-03-27,S,S,A,C,S,S,A,12.5784,13.16,12.53,0.63,,1,13.16,13.0912,2018-04-03,0,-0.125,1,13.16,12.53,2018-04-12,1,-1.0152,1,13.16,12.53,2018-04-12,1,-1.0152,2.5238,0.0282728490416763,2018-03-27
prebreak,300024,2018-03-27,S,S,A,C,S,S,A,18.6681,19.57,18.53,1.04,,1,19.57,21.6997,2018-04-03,0,2.0322,1,19.57,20.5928,2018-04-12,0,0.9685,1,19.57,19.426,2018-04-26,0,-0.1526,2.2427,0.0539399092970522,2018-03-27
prebreak,000999,2018-04-04,S,S,A,C,S,S,A,13.1259,13.51,12.95,0.56,,0,0.0,0.0,,0,0.0,0,0.0,0.0,,0,0.0,1,13.51,13.5731,2018-05-08,0,0.0943,2.3114,0.029265473401022,2018-04-04
prebreak,600482,2018-04-04,S,S,A,C,S,S,A,24.373,23.67,22.68,0.99,,1,23.67,24.0204,2018-04-13,0,0.3356,1,23.67,24.5635,2018-04-20,0,0.8838,1,23.67,22.68,2018-05-02,1,-1.0175,1.9894,-0.0106636773099162,2018-04-04
prebreak,300439,2018-04-09,S,S,A,C,S,S,A,19.2651,17.93,17.07,0.86,,1,17.93,20.3246,2018-04-12,0,2.7668,1,17.93,20.3246,2018-04-12,0,2.7668,1,17.93,20.3246,2018-04-12,0,2.7668,3.8332,0.0149049503143765,2018-04-09
prebreak,300583,2018-04-10,S,S,A,C,S,S,A,26.2153,23.83,22.7,1.13,,1,23.83,26.269,2018-04-17,0,2.141,1,23.83,24.3952,2018-04-24,0,0.4838,1,23.83,27.5878,2018-05-10,0,3.3074,2.3532,-0.0016787574337743,2018-04-10
prebreak,000999,2018-04-13,S,S,A,C,S,S,A,12.7613,13.39,12.73,0.66,,0,0.0,0.0,,0,0.0,0,0.0,0.0,,0,0.0,1,13.39,13.8454,2018-05-15,0,0.6741,2.3114,0.0201232190110796,2018-04-13
prebreak,000999,2018-04-27,S,S,A,C,S,S,A,12.5425,12.68,12.16,0.52,,1,12.68,13.5731,2018-05-08,0,1.6979,1,12.68,13.8454,2018-05-15,0,2.2211,1,12.68,13.5488,2018-05-29,0,1.6512,1.775,-0.0375331448521829,2018-04-27
prebreak,000423,2018-05-03,S,S,A,C,S,S,A,41.1767,47.46,45.75,1.71,,0,0.0,0.0,,0,0.0,0,0.0,0.0,,0,0.0,0,47.46,47.3907,2018-05-31,0,-0.0616,2.4017,0.1525948667081944,2018-05-03
prebreak,002242,2018-05-07,S,S,A,C,S,S,A,12.7396,12.78,12.18,0.6,,1,12.78,12.7615,2018-05-10,0,-0.047,1,12.78,12.7615,2018-05-10,0,-0.047,1,12.78,12.7615,2018-05-10,0,-0.047,1.8279,-0.003130773435309,2018-05-07
prebreak,002690,2018-05-07,S,S,A,C,S,S,A,12.753,11.63,11.08,0.55,,1,11.63,12.4521,2018-05-14,0,1.4777,1,11.63,12.577,2018-05-21,0,1.7047,1,11.63,12.6193,2018-06-04,0,1.7815,1.5397,0.0432501788454682,2018-05-07
prebreak,002672,2018-05-08,S,S,A,C,S,S,A,14.514,13.88,13.15,0.73,,1,13.88,14.4577,2018-05-11,0,0.7764,1,13.88,14.4577,2018-05-11,0,0.7764,1,13.88,14.4577,2018-05-11,0,0.7764,1.6798,-0.0070734493402511,2018-05-08
prebreak,000423,2018-05-10,S,S,A,C,S,S,A,44.256,47.46,45.75,1.71,,0,0.0,0.0,,0,0.0,0,0.0,0.0,,0,0.0,0,47.46,47.1933,2018-06-04,0,-0.177,2.4017,0.1525948667081944,2018-05-10
prebreak,000999,2018-05-15,S,S,A,C,S,S,A,13.8454,13.96,13.34,0.62,,1,13.96,14.103,2018-05-22,0,0.2134,1,13.96,13.5488,2018-05-29,0,-0.6799,0,13.96,13.34,2018-05-30,1,-1.0165,1.8942,0.1074362143775269,2018-05-15
prebreak,002672,2018-05-15,S,S,A,C,S,S,A,15.0867,13.88,13.15,0.73,,1,13.88,15.4622,2018-05-22,0,2.1516,1,13.88,14.8989,2018-05-29,0,1.3804,1,13.88,15.7626,2018-06-12,0,2.5629,1.5297,0.0023509382592312,2018-05-15
prebreak,600138,2018-05-16,S,S,A,C,S,S,A,21.1296,21.48,20.42,1.06,,0,0.0,0.0,,0,0.0,0,0.0,0.0,,0,0.0,1,21.48,21.5137,2018-06-04,0,0.0164,2.4787,0.0814741729914692,2018-05-16
prebreak,600066,2018-05-24,S,S,A,C,S,S,A,13.1099,13.46,12.83,0.63,,0,0.0,0.0,,0,0.0,1,13.46,13.3997,2018-06-06,0,-0.112,1,13.46,13.3997,2018-06-06,0,-0.112,1.9509,0.067494696064678,2018-05-24
prebreak,600066,2018-05-31,S,S,A,C,S,S,A,13.2669,13.33,12.78,0.55,,1,13.33,13.4057,2018-06-07,0,0.1191,1,13.33,12.953,2018-06-14,0,-0.7034,1,13.33,12.78,2018-06-19,1,-1.0178,1.5292,0.064830551885388,2018-05-31
prebreak,002186,2018-06-04,S,S,A,C,S,S,A,15.6076,15.29,14.67,0.62,,1,15.29,15.7425,2018-06-07,0,0.7107,1,15.29,15.7425,2018-06-07,0,0.7107,1,15.29,15.7425,2018-06-07,0,0.7107,1.8335,0.0601400122908541,2018-06-04
prebreak,002424,2018-07-09,S,S,A,C,S,S,A,10.7186,11.17,10.6,0.57,,1,11.17,11.0281,2018-07-16,0,-0.2637,1,11.17,10.9314,2018-07-17,0,-0.4333,1,11.17,10.9314,2018-07-17,0,-0.4333,2.093,-0.1042146307314257,2018-07-09
prebreak,601688,2018-10-10,S,S,A,C,S,S,A,12.333,12.79,12.15,0.64,,0,0.0,0.0,,0,0.0,1,12.79,13.1345,2018-10-24,0,0.5227,1,12.79,14.0259,2018-11-07,0,1.9147,2.5176,0.0763101288947993,2018-10-10
prebreak,601688,2018-10-24,S,S,A,C,S,S,A,13.1345,11.78,11.27,0.51,,1,11.78,12.8155,2018-10-29,0,2.0116,1,11.78,12.8155,2018-10-29,0,2.0116,1,11.78,12.8155,2018-10-29,0,2.0116,1.5113,-0.0378207490505008,2018-10-24
prebreak,601628,2018-10-25,S,S,A,C,S,S,A,20.4236,18.83,18.17,0.66,,1,18.83,19.129,2018-11-01,0,0.4311,1,18.83,19.4614,2018-11-08,0,0.9344,1,18.83,19.1553,2018-11-22,0,0.4709,1.501,0.0111839368502453,2018-10-25
prebreak,000028,2018-10-26,S,S,A,C,S,S,A,26.4305,27.8,26.55,1.25,,1,27.8,28.7211,2018-11-02,0,0.7195,1,27.8,27.591,2018-11-09,0,-0.184,1,27.8,26.8923,2018-11-23,0,-0.7426,1.951,0.0365654156367269,2018-10-26
prebreak,002373,2019-01-18,S,S,A,C,S,S,A,11.7073,11.87,11.25,0.62,,1,11.87,12.0992,2019-01-25,0,0.3548,1,11.87,12.5008,2019-02-01,0,1.0023,1,11.87,14.1663,2019-02-22,0,3.6869,2.0221,0.0122037941726609,2019-01-18
prebreak,000999,2019-01-21,S,S,A,C,S,S,A,11.3409,11.52,11.02,0.5,,0,0.0,0.0,,0,0.0,0,0.0,0.0,,0,0.0,1,11.52,12.4577,2019-02-25,0,1.8566,1.5336,0.003551327882791,2019-01-21
prebreak,000776,2019-02-15,S,S,A,C,S,S,A,11.2674,11.42,10.87,0.55,,1,11.42,13.3309,2019-02-22,0,3.4564,1,11.42,13.8386,2019-03-01,0,4.3789,1,11.42,13.4947,2019-03-15,0,3.754,2.1125,0.0446713549645636,2019-02-15
prebreak,600999,2019-02-18,S,S,A,C,S,S,A,10.971,10.24,9.73,0.51,,1,10.24,13.3047,2019-02-25,0,5.9902,1,10.24,12.4693,2019-03-04,0,4.3531,1,10.24,12.2898,2019-03-18,0,4.0014,2.1297,0.0415165899397909,2019-02-18
prebreak,600150,2019-02-19,S,S,A,C,S,S,A,13.0765,13.08,12.4,0.68,,1,13.08,13.9174,2019-02-26,0,1.216,1,13.08,16.1209,2019-03-05,0,4.4545,1,13.08,18.5178,2019-03-19,0,7.9771,2.036,-0.0462572134354168,2019-02-19
prebreak,002151,2019-02-20,S,S,A,C,S,S,A,24.2902,21.84,20.77,1.07,,1,21.84,24.9237,2019-02-27,0,2.8646,1,21.84,25.765,2019-03-06,0,3.6504,1,21.84,26.0125,2019-03-20,0,3.8816,3.578,0.0262604013383493,2019-02-20
prebreak,300498,2019-02-20,S,S,A,C,S,S,A,23.3184,20.01,19.32,0.69,,1,20.01,22.8234,2019-02-25,0,4.0528,1,20.01,22.8234,2019-02-25,0,4.0528,1,20.01,22.8234,2019-02-25,0,4.0528,1.9688,0.0235397040733535,2019-02-20
prebreak,300176,2019-03-05,S,S,A,C,S,S,A,42.4431,35.48,33.81,1.67,,1,35.48,39.7675,2019-03-08,0,2.5496,1,35.48,39.7675,2019-03-08,0,2.5496,1,35.48,39.7675,2019-03-08,0,2.5496,4.9988,0.0622840811351728,2019-03-05
prebreak,600897,2019-03-29,S,S,A,C,S,S,A,14.4424,14.5,13.9,0.6,,1,14.5,14.4244,2019-04-03,0,-0.1443,1,14.5,14.4244,2019-04-03,0,-0.1443,1,14.5,14.4244,2019-04-03,0,-0.1443,1.5902,0.0457827034692404,2019-03-29
prebreak,601800,2019-04-04,S,S,A,C,S,S,A,11.0442,10.21,9.68,0.53,,1,10.21,11.464,2019-04-12,0,2.3499,1,10.21,11.4236,2019-04-19,0,2.2738,1,10.21,9.68,2019-05-06,1,-1.014,2.1796,0.0469135194829226,2019-04-04
prebreak,000895,2019-05-31,S,S,A,C,S,S,A,17.6014,18.1,17.28,0.82,,0,0.0,0.0,,0,0.0,0,0.0,0.0,,0,0.0,1,18.1,18.2122,2019-07-01,0,0.1199,1.8821,0.0283298884470175,2019-05-31
prebreak,600388,2019-06-20,S,S,A,C,S,S,A,10.5468,10.48,9.95,0.53,,1,10.48,10.5037,2019-06-25,0,0.0297,1,10.48,10.5037,2019-06-25,0,0.0297,1,10.48,10.5037,2019-06-25,0,0.0297,2.0467,0.0342232225930705,2019-06-20
prebreak,600388,2019-06-27,S,S,A,C,S,S,A,10.9432,10.48,9.95,0.53,,1,10.48,10.6129,2019-07-04,0,0.2356,1,10.48,9.95,2019-07-10,1,-1.0144,1,10.48,9.95,2019-07-10,1,-1.0144,1.7719,-0.0079555385241019,2019-06-27
prebreak,600885,2019-07-26,S,S,A,C,S,S,A,11.4581,11.98,11.42,0.56,,1,11.98,12.1769,2019-08-02,0,0.3351,1,11.98,11.9263,2019-08-09,0,-0.1122,1,11.98,11.6142,2019-08-23,0,-0.6691,1.5089,0.0438251849990631,2019-07-26
prebreak,600315,2019-08-15,S,S,A,C,S,S,A,32.9211,29.87,28.44,1.43,,1,29.87,33.2429,2019-08-22,0,2.3413,1,29.87,32.5614,2019-08-29,0,1.865,1,29.87,31.5296,2019-09-12,0,1.144,3.9022,0.0351765549578282,2019-08-15
prebreak,600104,2019-08-20,S,S,A,C,S,S,A,19.7536,20.4,19.48,0.92,,1,20.4,20.3236,2019-08-27,0,-0.0999,1,20.4,20.0386,2019-09-03,0,-0.4095,1,20.4,20.1688,2019-09-18,0,-0.268,2.8445,0.0061803268895221,2019-08-20
prebreak,600885,2019-08-23,S,S,A,C,S,S,A,11.6142,12.02,11.47,0.55,,0,0.0,0.0,,0,0.0,0,0.0,0.0,,0,0.0,1,12.02,12.1201,2019-09-23,0,0.1654,1.8126,0.0208121957745026,2019-08-23
prebreak,600104,2019-08-27,S,S,A,C,S,S,A,20.3236,20.16,19.45,0.71,,1,20.16,20.0386,2019-09-03,0,-0.1925,1,20.16,20.7632,2019-09-10,0,0.8275,1,20.16,19.45,2019-09-25,1,-1.0209,1.7154,-0.0032552942492541,2019-08-27
prebreak,600048,2019-09-20,S,S,A,C,S,S,A,11.2168,11.58,11.02,0.56,,0,0.0,0.0,,0,0.0,1,11.58,12.0861,2019-10-11,0,0.8875,0,11.58,11.9476,2019-10-25,0,0.6404,1.7589,0.1166266352000566,2019-09-20
prebreak,600048,2019-09-27,S,S,A,C,S,S,A,10.9552,11.42,10.85,0.57,,1,11.42,12.0861,2019-10-11,0,1.1527,1,11.42,11.7861,2019-10-18,0,0.6266,0,11.42,11.4014,2019-11-01,0,-0.0478,1.7589,0.1011982879088642,2019-09-27
prebreak,000997,2019-10-22,S,S,A,C,S,S,A,14.0067,14.95,14.24,0.71,,1,14.95,14.4153,2019-10-29,0,-0.7687,1,14.95,14.24,2019-10-30,1,-1.0154,1,14.95,14.24,2019-10-30,1,-1.0154,5.5343,-0.0425448388880688,2019-10-22
prebreak,002223,2019-10-25,S,S,A,C,S,S,A,19.0345,19.7,18.95,0.75,,0,0.0,0.0,,0,0.0,1,19.7,19.6067,2019-11-08,0,-0.1443,1,19.7,18.95,2019-11-11,1,-1.0193,1.7871,0.0287794145212885,2019-10-25
prebreak,603678,2019-11-14,S,S,A,C,S,S,A,19.1828,20.75,19.67,1.08,,0,0.0,0.0,,0,0.0,0,0.0,0.0,,0,0.0,1,20.75,20.2015,2019-12-04,0,-0.5222,4.0214,-0.006554891673748,2019-11-14
prebreak,603180,2019-11-25,S,S,A,C,S,S,A,26.5629,28.38,27.27,1.11,,0,0.0,0.0,,0,0.0,0,0.0,0.0,,0,0.0,1,28.38,27.657,2019-12-23,0,-0.6704,1.9104,0.0094369851335314,2019-11-25
prebreak,600754,2019-11-29,S,S,A,C,S,S,A,21.9887,22.23,21.08,1.15,,1,22.23,23.258,2019-12-06,0,0.8787,1,22.23,24.1072,2019-12-13,0,1.6166,1,22.23,26.6367,2019-12-27,0,3.8148,2.3367,0.0584451498662739,2019-11-29
prebreak,300001,2019-12-05,S,S,A,C,S,S,A,15.7989,15.86,15.03,0.83,,1,15.86,17.8031,2019-12-12,0,2.325,1,15.86,17.5489,2019-12-19,0,2.019,1,15.86,17.6173,2020-01-03,0,2.1014,2.6655,-0.0446096665247459,2019-12-05
prebreak,300316,2019-12-10,S,S,A,C,S,S,A,13.567,13.42,12.7,0.72,,1,13.42,14.1146,2019-12-17,0,0.95,1,13.42,14.2374,2019-12-24,0,1.1204,1,13.42,15.8141,2020-01-08,0,3.3088,1.5366,-0.0523830991272205,2019-12-10
prebreak,300001,2019-12-12,S,S,A,C,S,S,A,17.8031,15.86,15.03,0.83,,1,15.86,17.5489,2019-12-19,0,2.019,1,15.86,17.5978,2019-12-26,0,2.0778,1,15.86,19.1033,2020-01-10,0,3.8906,1.8898,0.0575311513956851,2019-12-12
prebreak,600612,2019-12-12,S,S,A,C,S,S,A,38.0335,39.55,37.53,2.02,,0,0.0,0.0,,0,0.0,0,0.0,0.0,,0,0.0,1,39.55,39.1325,2020-01-10,0,-0.2214,1.8029,0.0014293376457785,2019-12-12
prebreak,300607,2019-12-13,S,S,A,C,S,S,A,14.1641,13.76,13.22,0.54,,1,13.76,16.1382,2019-12-20,0,4.382,1,13.76,16.8245,2019-12-27,0,5.652,1,13.76,16.9191,2020-01-13,0,5.8272,3.5131,0.0232456332604309,2019-12-13
prebreak,600372,2019-12-13,S,S,A,C,S,S,A,12.9872,13.34,12.73,0.61,,1,13.34,13.5797,2019-12-20,0,0.3761,1,13.34,13.5033,2019-12-27,0,0.2509,1,13.34,14.5927,2020-01-13,0,2.0357,1.9337,0.0487716023988824,2019-12-13
prebreak,603833,2019-12-17,S,S,A,C,S,S,A,60.7613,58.92,56.14,2.78,,1,58.92,63.9501,2019-12-24,0,1.7921,1,58.92,67.7118,2019-12-31,0,3.1444,1,58.92,65.7557,2020-01-15,0,2.4412,2.7452,-0.0038309917217509,2019-12-17
prebreak,601163,2019-12-24,S,S,A,C,S,S,A,12.017,12.33,11.82,0.51,,1,12.33,12.516,2019-12-31,0,0.3461,1,12.33,12.5651,2020-01-08,0,0.4423,1,12.33,12.9005,2020-01-22,0,1.0995,1.779,0.0820270007041508,2019-12-24
prebreak,002142,2019-12-30,S,S,A,C,S,S,A,22.5697,23.2,22.17,1.03,,1,23.2,23.8339,2020-01-07,0,0.5979,1,23.2,23.0883,2020-01-14,0,-0.1255,1,23.2,22.17,2020-01-22,1,-1.0165,1.8692,0.0758278156191523,2019-12-30
prebreak,300024,2019-12-30,S,S,A,C,S,S,A,14.01,14.35,13.77,0.58,,1,14.35,14.74,2020-01-07,0,0.6532,1,14.35,14.64,2020-01-14,0,0.4809,1,14.35,13.77,2020-02-03,1,-1.0182,1.8975,0.0749063670411984,2019-12-30
prebreak,300596,2020-01-03,S,S,A,C,S,S,A,33.7316,33.27,31.71,1.56,,1,33.27,36.5904,2020-01-10,0,2.1109,1,33.27,35.8099,2020-01-17,0,1.6109,1,33.27,31.71,2020-02-03,1,-1.0156,5.2332,0.0598895732553346,2020-01-03
prebreak,002558,2020-01-07,S,S,A,C,S,S,A,18.1192,16.78,16.01,0.77,,1,16.78,17.6842,2020-01-14,0,1.1569,1,16.78,16.4514,2020-01-21,0,-0.443,1,16.78,16.01,2020-02-03,1,-1.0159,1.6022,0.0435452969828356,2020-01-07
prebreak,300625,2020-01-10,S,S,A,C,S,S,A,13.7966,12.99,12.29,0.7,,1,12.99,13.575,2020-01-17,0,0.8211,1,12.99,12.29,2020-02-03,1,-1.0135,1,12.99,12.29,2020-02-03,1,-1.0135,4.6264,0.0999791317554714,2020-01-10
prebreak,002223,2020-01-13,S,S,A,C,S,S,A,18.2773,18.55,17.82,0.73,,1,18.55,18.8496,2020-01-20,0,0.3908,1,18.55,25.2325,2020-02-04,0,9.1291,1,18.55,25.5847,2020-02-18,0,9.6112,1.6942,0.0883131123130414,2020-01-13
prebreak,300718,2020-01-13,S,S,A,C,S,S,A,13.334,12.83,12.24,0.59,,1,12.83,14.4749,2020-01-20,0,2.7697,1,12.83,14.4398,2020-02-04,0,2.7102,1,12.83,13.9717,2020-02-18,0,1.9174,2.9625,0.0786311542926578,2020-01-13
prebreak,002558,2020-01-14,S,S,A,C,S,S,A,17.6842,16.78,16.01,0.77,,1,16.78,17.2128,2020-01-17,0,0.5452,1,16.78,17.2128,2020-01-17,0,0.5452,1,16.78,17.2128,2020-01-17,0,0.5452,1.5306,0.0301888463258486,2020-01-14
prebreak,300024,2020-01-14,S,S,A,C,S,S,A,14.64,14.94,14.25,0.69,,1,14.94,15.2,2020-01-21,0,0.3601,1,14.94,14.25,2020-02-03,1,-1.0158,1,14.94,14.25,2020-02-03,1,-1.0158,2.6518,0.0709677419354839,2020-01-14
prebreak,300423,2020-01-15,S,S,A,C,S,S,A,13.3793,13.67,13.08,0.59,,1,13.67,13.9653,2020-01-22,0,0.4826,1,13.67,13.08,2020-02-03,1,-1.017,0,13.67,13.08,2020-02-03,1,-1.017,1.5646,0.109161566201883,2020-01-15
prebreak,603578,2020-01-15,S,S,A,C,S,S,A,11.9141,10.73,10.22,0.51,,1,10.73,11.7382,2020-01-20,0,1.9596,1,10.73,11.7382,2020-01-20,0,1.9596,1,10.73,11.7382,2020-01-20,0,1.9596,2.7174,0.0308718362987128,2020-01-15
prebreak,600498,2020-01-17,S,S,A,C,S,S,A,26.1592,26.91,25.98,0.93,,0,0.0,0.0,,0,0.0,0,0.0,0.0,,0,0.0,1,26.91,27.6295,2020-02-24,0,0.7511,3.6855,0.028700757766304,2020-01-17
prebreak,300233,2020-02-04,S,S,A,C,S,S,A,17.2964,18.51,17.77,0.74,,1,18.51,17.9751,2020-02-11,0,-0.7414,1,18.51,18.397,2020-02-18,0,-0.1717,1,18.51,17.77,2020-02-28,1,-1.0184,2.4482,0.0167890220236195,2020-02-04
prebreak,000776,2020-02-05,S,S,A,C,S,S,A,11.3919,13.04,12.48,0.56,,0,0.0,0.0,,0,0.0,0,0.0,0.0,,0,0.0,1,13.04,12.8876,2020-02-24,0,-0.2897,2.3329,0.02638633568883,2020-02-05
prebreak,002302,2020-02-05,S,S,A,C,S,S,A,8.6141,10.98,10.44,0.54,,0,0.0,0.0,,0,0.0,0,0.0,0.0,,0,0.0,0,10.98,10.9643,2020-03-04,0,-0.0445,2.5756,0.2828191514359111,2020-02-05
prebreak,603368,2020-02-05,S,S,A,C,S,S,A,21.6289,19.72,18.95,0.77,,1,19.72,20.7959,2020-02-10,0,1.3769,1,19.72,20.7959,2020-02-10,0,1.3769,1,19.72,20.7959,2020-02-10,0,1.3769,3.7784,0.0204267819359358,2020-02-05
prebreak,002038,2020-02-06,S,S,A,C,S,S,A,14.2848,12.84,12.19,0.65,,1,12.84,13.325,2020-02-11,0,0.7307,1,12.84,13.325,2020-02-11,0,0.7307,1,12.84,13.325,2020-02-11,0,0.7307,1.9712,0.034495900391241,2020-02-06
prebreak,603708,2020-02-06,S,S,A,C,S,S,A,21.2903,22.3,21.27,1.03,,1,22.3,22.4534,2020-02-13,0,0.1324,1,22.3,22.116,2020-02-20,0,-0.195,1,22.3,21.27,2020-02-24,1,-1.0158,2.0128,0.034056459066841,2020-02-06
prebreak,300520,2020-02-07,S,S,A,C,S,S,A,22.2779,18.85,17.95,0.9,,1,18.85,23.4959,2020-02-14,0,5.143,1,18.85,24.0853,2020-02-21,0,5.7974,1,18.85,23.8692,2020-03-06,0,5.5574,1.8201,0.0278642405549385,2020-02-07
prebreak,002468,2020-02-10,S,S,A,C,S,S,A,18.8723,19.71,18.66,1.05,,1,19.71,20.3601,2020-02-17,0,0.6045,1,19.71,19.5966,2020-02-24,0,-0.1222,1,19.71,18.66,2020-02-28,1,-1.0136,4.4413,0.0363270185432775,2020-02-10
prebreak,002926,2020-02-10,S,S,A,C,S,S,A,9.7406,10.35,9.8,0.55,,0,0.0,0.0,,0,0.0,1,10.35,11.607,2020-02-24,0,2.2698,1,10.35,10.9013,2020-03-09,0,0.9875,3.531,0.0292028480296309,2020-02-10
prebreak,601211,2020-02-10,S,S,A,C,S,S,A,13.5854,15.44,14.85,0.59,,0,0.0,0.0,,0,0.0,0,0.0,0.0,,0,0.0,0,15.44,14.85,2020-03-09,1,-1.0193,1.6372,0.1460372208147944,2020-02-10
prebreak,603508,2020-02-10,S,S,A,C,S,S,A,20.9707,23.48,22.52,0.96,,0,0.0,0.0,,0,0.0,1,23.48,23.8438,2020-02-24,0,0.3601,1,23.48,22.52,2020-02-25,1,-1.018,1.8863,0.0320536547243917,2020-02-10
prebreak,002253,2020-02-11,S,S,A,C,S,S,A,13.2212,15.35,14.81,0.54,,0,0.0,0.0,,0,0.0,1,15.35,15.3543,2020-02-25,0,-0.0137,1,15.35,14.81,2020-02-26,1,-1.021,2.7062,0.0120305970103247,2020-02-11
prebreak,603858,2020-02-11,S,S,A,C,S,S,A,17.0995,18.31,17.42,0.89,,0,0.0,0.0,,0,0.0,1,18.31,19.2183,2020-02-25,0,1.0043,1,18.31,18.0927,2020-03-10,0,-0.2597,2.2738,0.0435183346943162,2020-02-11
prebreak,002558,2020-02-12,S,S,A,C,S,S,A,16.7687,18.37,17.41,0.96,,0,0.0,0.0,,0,0.0,1,18.37,17.41,2020-02-26,1,-1.0139,1,18.37,17.41,2020-02-26,1,-1.0139,2.2872,0.0672278642761448,2020-02-12
prebreak,002262,2020-02-17,S,S,A,C,S,S,A,10.5991,11.22,10.69,0.53,,0,0.0,0.0,,0,0.0,0,0.0,0.0,,0,0.0,1,11.22,10.69,2020-03-12,1,-1.0155,2.8917,0.0308877433591114,2020-02-17
prebreak,002926,2020-02-17,S,S,A,C,S,S,A,9.9635,10.35,9.8,0.55,,1,10.35,11.607,2020-02-24,0,2.2698,1,10.35,10.9199,2020-03-02,0,1.0212,1,10.35,10.047,2020-03-16,0,-0.5648,3.531,0.0292028480296309,2020-02-17
prebreak,603508,2020-02-17,S,S,A,C,S,S,A,21.4352,21.5,20.52,0.98,,1,21.5,23.8438,2020-02-24,0,2.3734,1,21.5,24.5035,2020-03-02,0,3.0462,1,21.5,22.2199,2020-03-16,0,0.7174,1.577,-0.0776088755769599,2020-02-17
prebreak,002232,2020-02-18,S,S,A,C,S,S,A,9.0288,10.21,9.7,0.51,,1,10.21,10.6731,2020-02-25,0,0.8923,1,10.21,10.2399,2020-03-03,0,0.0433,1,10.21,9.7,2020-03-17,1,-1.0146,4.48,0.0474402125996025,2020-02-18
prebreak,603260,2020-02-18,S,S,A,C,S,S,A,27.1699,29.15,27.74,1.41,,0,0.0,0.0,,0,0.0,0,0.0,0.0,,0,0.0,0,29.15,27.74,2020-03-09,1,-1.0151,2.8467,0.2212112260796941,2020-02-18
prebreak,000776,2020-02-19,S,S,A,C,S,S,A,12.5137,13.04,12.48,0.56,,1,13.04,12.8876,2020-02-24,0,-0.2897,1,13.04,12.8876,2020-02-24,0,-0.2897,1,13.04,12.8876,2020-02-24,0,-0.2897,2.3329,0.02638633568883,2020-02-19
prebreak,002302,2020-02-19,S,S,A,C,S,S,A,9.62,10.98,10.44,0.54,,0,0.0,0.0,,0,0.0,1,10.98,10.9643,2020-03-04,0,-0.0445,0,10.98,10.9643,2020-03-05,0,-0.0445,2.5756,0.2828191514359111,2020-02-19
prebreak,002558,2020-02-19,S,S,A,C,S,S,A,16.3155,16.79,16.12,0.67,,1,16.79,17.385,2020-02-26,0,0.8685,1,16.79,17.5029,2020-03-04,0,1.0443,1,16.79,16.12,2020-03-10,1,-1.0184,2.5869,-0.0352330185528916,2020-02-19
prebreak,603288,2020-02-19,S,S,A,C,S,S,A,45.1738,46.8,44.66,2.14,,0,0.0,0.0,,0,0.0,0,0.0,0.0,,0,0.0,1,46.8,44.66,2020-03-09,1,-1.016,1.8295,0.0221194133793378,2020-02-19
prebreak,002025,2020-02-20,S,S,A,C,S,S,A,26.1819,26.38,25.05,1.33,,1,26.38,25.8426,2020-02-27,0,-0.4189,1,26.38,25.05,2020-02-28,1,-1.0144,1,26.38,25.05,2020-02-28,1,-1.0144,2.0219,0.01735971335306,2020-02-20
prebreak,300423,2020-02-20,S,S,A,C,S,S,A,13.3598,13.68,12.96,0.72,,1,13.68,12.96,2020-02-25,1,-1.0138,1,13.68,12.96,2020-02-25,1,-1.0138,1,13.68,12.96,2020-02-25,1,-1.0138,1.6993,0.0345538130138614,2020-02-20
prebreak,600999,2020-02-20,S,S,A,C,S,S,A,13.5568,12.72,12.08,0.64,,1,12.72,13.1779,2020-02-25,0,0.6999,1,12.72,13.1779,2020-02-25,0,0.6999,1,12.72,13.1779,2020-02-25,0,0.6999,1.7038,-0.0423951090469966,2020-02-20
prebreak,601869,2020-02-21,S,S,A,C,S,S,A,30.6932,33.45,31.75,1.7,,1,33.45,31.75,2020-02-28,1,-1.0143,1,33.45,31.75,2020-02-28,1,-1.0143,1,33.45,31.75,2020-02-28,1,-1.0143,3.298,0.0402956379530341,2020-02-21
prebreak,600271,2020-02-24,S,S,A,C,S,S,A,23.2172,22.52,21.43,1.09,,1,22.52,23.0473,2020-03-02,0,0.4678,1,22.52,21.43,2020-03-09,1,-1.0151,1,22.52,21.43,2020-03-09,1,-1.0151,1.9717,-0.0292413898272754,2020-02-24
prebreak,600298,2020-02-24,S,S,A,C,S,S,A,26.9205,25.69,24.4,1.29,,1,25.69,26.9479,2020-03-02,0,0.9594,1,25.69,28.582,2020-03-09,0,2.2253,1,25.69,27.7604,2020-03-23,0,1.5888,4.1236,-0.0505398168533719,2020-02-24
prebreak,600498,2020-02-24,S,S,A,C,S,S,A,27.6295,23.96,22.84,1.12,,1,23.96,31.4865,2020-03-02,0,6.6996,1,23.96,32.9377,2020-03-09,0,7.9945,1,23.96,36.0883,2020-03-23,0,10.8057,5.6205,-0.1036972948497508,2020-02-24
prebreak,603508,2020-02-24,S,S,A,C,S,S,A,23.8438,21.5,20.52,0.98,,1,21.5,24.5035,2020-03-02,0,3.0462,1,21.5,22.2316,2020-03-09,0,0.7293,1,21.5,20.52,2020-03-19,1,-1.016,1.8774,-0.0956326101921228,2020-02-24
prebreak,002727,2020-02-25,S,S,A,C,S,S,A,20.014,20.79,19.77,1.02,,0,0.0,0.0,,0,0.0,0,0.0,0.0,,0,0.0,1,20.79,20.9395,2020-03-24,0,0.1309,3.2902,0.038775236624623,2020-02-25
prebreak,600048,2020-02-25,S,S,A,C,S,S,A,11.7399,12.41,11.77,0.64,,1,12.41,12.7785,2020-03-03,0,0.5607,1,12.41,12.6093,2020-03-10,0,0.2964,1,12.41,11.77,2020-03-16,1,-1.0141,2.2549,0.0440772037347332,2020-02-25
prebreak,300142,2020-02-26,S,S,A,C,S,S,A,29.1189,30.02,28.58,1.44,,0,0.0,0.0,,0,0.0,1,30.02,31.1848,2020-03-11,0,0.7925,1,30.02,28.58,2020-03-17,1,-1.0152,1.6512,0.0662455750620094,2020-02-26
prebreak,002462,2020-02-27,S,S,A,C,S,S,A,13.7284,13.98,13.45,0.53,,1,13.98,14.0155,2020-03-05,0,0.0469,1,13.98,13.45,2020-03-10,1,-1.0194,1,13.98,13.45,2020-03-10,1,-1.0194,1.6331,-0.0031527436360477,2020-02-27
prebreak,300423,2020-02-27,S,S,A,C,S,S,A,12.9399,13.78,13.06,0.72,,1,13.78,14.4927,2020-03-05,0,0.9746,1,13.78,13.4282,2020-03-12,0,-0.5029,0,13.78,13.06,2020-03-13,1,-1.0139,2.5262,0.1556310610652627,2020-02-27
prebreak,603332,2020-03-02,S,S,A,C,S,S,A,13.2216,12.27,11.67,0.6,,1,12.27,12.534,2020-03-09,0,0.4241,1,12.27,11.67,2020-03-13,1,-1.0149,1,12.27,11.67,2020-03-13,1,-1.0149,1.7782,0.081494538706069,2020-03-02
prebreak,002727,2020-03-03,S,S,A,C,S,S,A,19.6224,20.79,19.77,1.02,,0,0.0,0.0,,0,0.0,0,0.0,0.0,,0,0.0,1,20.79,23.0129,2020-03-31,0,2.1625,3.2902,0.038775236624623,2020-03-03
prebreak,000623,2020-03-04,S,S,A,C,S,S,A,14.5913,14.53,13.8,0.73,,1,14.53,14.1329,2020-03-09,0,-0.5588,1,14.53,14.1329,2020-03-09,0,-0.5588,1,14.53,14.1329,2020-03-09,0,-0.5588,1.6446,0.0225705053265794,2020-03-04
prebreak,000777,2020-03-04,S,S,A,C,S,S,A,11.8848,10.89,10.36,0.53,,1,10.89,11.4429,2020-03-11,0,1.0268,1,10.89,10.36,2020-03-16,1,-1.015,1,10.89,10.36,2020-03-16,1,-1.015,1.7159,0.0453081109428332,2020-03-04
prebreak,603790,2020-03-04,S,S,A,C,S,S,A,13.3922,13.84,13.23,0.61,,0,0.0,0.0,,0,0.0,0,0.0,0.0,,0,0.0,1,13.84,14.2569,2020-04-01,0,0.6657,5.3447,0.0334347796195679,2020-03-04
prebreak,002727,2020-03-10,S,S,A,C,S,S,A,19.4444,20.18,19.27,0.91,,0,0.0,0.0,,0,0.0,1,20.18,20.9395,2020-03-24,0,0.8172,1,20.18,23.9295,2020-04-08,0,4.1009,8.0396,-0.0049763787467029,2020-03-10
prebreak,300491,2020-03-10,S,S,A,C,S,S,A,13.995,12.12,11.52,0.6,,1,12.12,14.7692,2020-03-17,0,4.3972,1,12.12,14.5046,2020-03-24,0,3.9565,1,12.12,13.3775,2020-04-08,0,2.0792,2.7031,0.0178476447292548,2020-03-10
prebreak,002727,2020-03-17,S,S,A,C,S,S,A,16.9972,20.18,19.27,0.91,,1,20.18,20.9395,2020-03-24,0,0.8172,1,20.18,23.0129,2020-03-31,0,3.0943,1,20.18,23.5647,2020-04-15,0,3.7002,8.0396,-0.0049763787467029,2020-03-17
prebreak,603858,2020-03-17,S,S,A,C,S,S,A,16.3215,17.72,16.99,0.73,,0,0.0,0.0,,0,0.0,0,0.0,0.0,,0,0.0,1,17.72,17.745,2020-04-15,0,0.0158,2.0534,0.0856864250368223,2020-03-17
prebreak,603856,2020-04-08,S,S,A,C,S,S,A,9.769,10.18,9.67,0.51,,0,0.0,0.0,,0,0.0,1,10.18,10.8272,2020-04-22,0,1.2531,1,10.18,10.9322,2020-05-11,0,1.4588,3.094,0.0848027145842831,2020-04-08
prebreak,603868,2020-04-30,S,S,A,C,S,S,A,29.7147,32.13,30.56,1.57,,0,0.0,0.0,,0,0.0,0,0.0,0.0,,0,0.0,1,32.13,37.3858,2020-06-02,0,3.33,3.9415,0.04007255878457,2020-04-30
prebreak,600835,2020-05-11,S,S,A,C,S,S,A,12.6591,12.77,12.17,0.6,,0,0.0,0.0,,0,0.0,0,0.0,0.0,,0,0.0,1,12.77,12.7097,2020-06-02,0,-0.1166,2.9162,0.0421106994669056,2020-05-11
prebreak,600835,2020-05-18,S,S,A,C,S,S,A,11.8489,12.77,12.17,0.6,,0,0.0,0.0,,0,0.0,1,12.77,12.7266,2020-06-01,0,-0.0885,1,12.77,12.7097,2020-06-02,0,-0.1166,2.9162,0.0421106994669056,2020-05-18
prebreak,002025,2020-05-27,S,S,A,C,S,S,A,26.5405,27.14,25.93,1.21,,1,27.14,26.6181,2020-06-03,0,-0.4481,1,27.14,26.6181,2020-06-03,0,-0.4481,1,27.14,26.6181,2020-06-03,0,-0.4481,1.5862,0.0776909296527668,2020-05-27
prebreak,603515,2020-05-27,S,S,A,C,S,S,A,20.0931,19.7,18.95,0.75,,1,19.7,20.1478,2020-06-03,0,0.5767,1,19.7,21.1094,2020-06-10,0,1.8581,1,19.7,21.5003,2020-06-24,0,2.379,2.217,0.0595990947476037,2020-05-27
prebreak,600535,2020-06-02,S,S,A,C,S,S,A,12.3442,12.52,12.02,0.5,,1,12.52,12.2104,2020-06-05,0,-0.6378,1,12.52,12.2104,2020-06-05,0,-0.6378,1,12.52,12.2104,2020-06-05,0,-0.6378,2.5251,0.0403059308453923,2020-06-02
prebreak,603351,2020-06-04,S,S,A,C,S,S,A,23.4926,21.56,20.47,1.09,,1,21.56,21.0274,2020-06-09,0,-0.5034,1,21.56,21.0274,2020-06-09,0,-0.5034,1,21.56,21.0274,2020-06-09,0,-0.5034,4.5606,0.0315392327356702,2020-06-04
prebreak,300531,2020-06-05,S,S,A,C,S,S,A,17.3227,17.08,16.29,0.79,,1,17.08,16.7061,2020-06-10,0,-0.4894,1,17.08,16.7061,2020-06-10,0,-0.4894,1,17.08,16.7061,2020-06-10,0,-0.4894,1.7409,0.0272897737091,2020-06-05
prebreak,600535,2020-06-09,S,S,A,C,S,S,A,12.4444,12.52,12.02,0.5,,1,12.52,12.5672,2020-06-16,0,0.0753,1,12.52,12.798,2020-06-23,0,0.5367,1,12.52,15.4568,2020-07-09,0,5.8509,2.2822,0.0395839975137857,2020-06-09
prebreak,600482,2020-06-11,S,S,A,C,S,S,A,15.3202,15.86,15.21,0.65,,0,0.0,0.0,,0,0.0,0,0.0,0.0,,0,0.0,1,15.86,17.7676,2020-07-13,0,2.9144,2.9364,0.0036710756026674,2020-06-11
prebreak,300531,2020-06-12,S,S,A,C,S,S,A,17.3619,17.08,16.29,0.79,,1,17.08,18.4091,2020-06-19,0,1.6649,1,17.08,20.3566,2020-06-30,0,4.1286,1,17.08,22.4608,2020-07-14,0,6.7904,1.8232,0.0165390667749352,2020-06-12
prebreak,601088,2020-06-16,S,S,A,C,S,S,A,9.6743,10.38,9.88,0.5,,0,0.0,0.0,,0,0.0,0,0.0,0.0,,0,0.0,1,10.38,10.3743,2020-07-16,0,-0.0271,2.9861,0.0220272226870299,2020-06-16
prebreak,601601,2020-07-01,S,S,A,C,S,S,A,22.4568,22.5,21.36,1.14,,1,22.5,26.8068,2020-07-08,0,3.7605,1,22.5,24.727,2020-07-15,0,1.9373,1,22.5,23.8062,2020-07-29,0,1.1301,2.8571,0.0020229645524367,2020-07-01
prebreak,002032,2020-07-02,S,S,A,C,S,S,A,56.8382,51.32,49.05,2.27,,1,51.32,58.3744,2020-07-09,0,3.0885,1,51.32,58.0746,2020-07-16,0,2.9566,1,51.32,63.9046,2020-07-30,0,5.5232,2.2095,0.0495077114271167,2020-07-02
prebreak,601336,2020-07-06,S,S,A,C,S,S,A,43.3297,35.76,34.07,1.69,,1,35.76,43.5869,2020-07-13,0,4.6123,1,35.76,45.0439,2020-07-20,0,5.4739,1,35.76,42.4649,2020-08-03,0,3.9488,3.8168,0.0131321068701335,2020-07-06
prebreak,603351,2020-07-06,S,S,A,C,S,S,A,23.1,21.88,21.08,0.8,,1,21.88,23.8852,2020-07-13,0,2.4841,1,21.88,25.063,2020-07-20,0,3.9555,1,21.88,34.1843,2020-08-03,0,15.3499,1.7644,0.0342606484010823,2020-07-06
prebreak,601601,2020-07-08,S,S,A,C,S,S,A,26.8068,22.5,21.36,1.14,,1,22.5,24.727,2020-07-15,0,1.9373,1,22.5,24.5048,2020-07-22,0,1.7425,1,22.5,24.0047,2020-08-05,0,1.3041,1.646,-0.0251034412228354,2020-07-08
prebreak,600036,2020-07-09,S,S,A,C,S,S,A,29.4,25.69,24.34,1.35,,1,25.69,27.038,2020-07-16,0,0.9834,1,25.69,27.038,2020-07-23,0,0.9834,1,25.69,28.1165,2020-08-06,0,1.7818,1.714,-0.0131942880721021,2020-07-09
prebreak,600036,2020-07-30,S,S,A,C,S,S,A,26.2481,26.9,25.78,1.12,,1,26.9,28.1165,2020-08-06,0,1.0672,1,26.9,28.3519,2020-08-13,0,1.2773,1,26.9,28.0253,2020-08-27,0,0.9859,1.859,-0.1106608100390182,2020-07-30
prebreak,002462,2020-07-31,S,S,A,C,S,S,A,14.2529,13.22,12.59,0.63,,1,13.22,14.3514,2020-08-07,0,1.7788,1,13.22,14.0916,2020-08-14,0,1.3667,1,13.22,14.1991,2020-08-28,0,1.5372,3.2996,0.0255078161023216,2020-07-31
prebreak,603657,2020-09-29,S,S,A,C,S,S,A,16.9523,17.33,16.5,0.83,,1,17.33,18.8647,2020-10-14,0,1.832,1,17.33,19.7838,2020-10-21,0,2.9387,1,17.33,20.4708,2020-11-04,0,3.7659,2.8969,-0.0302918658224184,2020-09-29
prebreak,300349,2020-10-19,S,S,A,C,S,S,A,13.8844,13.71,12.99,0.72,,1,13.71,13.7382,2020-10-22,0,0.0246,1,13.71,13.7382,2020-10-22,0,0.0246,1,13.71,13.7382,2020-10-22,0,0.0246,6.0018,-0.0168261740778874,2020-10-19
prebreak,002422,2020-10-28,S,S,A,C,S,S,A,21.0067,20.64,19.58,1.06,,1,20.64,21.1216,2020-11-04,0,0.4393,1,20.64,20.4942,2020-11-11,0,-0.1523,1,20.64,19.58,2020-11-24,1,-1.0142,2.3188,0.0075508683549745,2020-10-28
prebreak,300583,2020-10-28,S,S,A,C,S,S,A,18.8104,18.7,17.87,0.83,,1,18.7,17.87,2020-10-30,1,-1.0165,1,18.7,17.87,2020-10-30,1,-1.0165,1,18.7,17.87,2020-10-30,1,-1.0165,2.44,0.032112656318632,2020-10-28
prebreak,600487,2020-10-29,S,S,A,C,S,S,A,14.1158,14.77,14.12,0.65,,1,14.77,14.7871,2020-11-05,0,0.009,1,14.77,14.4131,2020-11-12,0,-0.5661,1,14.77,14.2596,2020-11-26,0,-0.802,1.7305,0.0681144710458387,2020-10-29
prebreak,300422,2020-11-03,S,S,A,C,S,S,A,11.1643,12.11,11.61,0.5,,0,0.0,0.0,,0,0.0,1,12.11,11.9099,2020-11-17,0,-0.4184,1,12.11,11.8602,2020-11-19,0,-0.5178,1.5212,0.0042307666164644,2020-11-03
prebreak,300771,2020-11-05,S,S,A,C,S,S,A,20.5971,21.01,19.91,1.1,,1,21.01,20.6573,2020-11-12,0,-0.3349,1,21.01,20.6573,2020-11-12,0,-0.3349,1,21.01,20.6573,2020-11-12,0,-0.3349,2.3071,-0.0599832425047268,2020-11-05
prebreak,300166,2020-11-13,S,S,A,C,S,S,A,12.27,12.83,12.17,0.66,,0,0.0,0.0,,0,0.0,1,12.83,12.82,2020-11-25,0,-0.0299,1,12.83,12.82,2020-11-25,0,-0.0299,1.8487,-0.0213577421815407,2020-11-13
prebreak,300616,2020-11-27,S,S,A,C,S,S,A,58.1624,52.73,50.1,2.63,,1,52.73,61.2343,2020-12-04,0,3.2163,1,52.73,60.1621,2020-12-11,0,2.8089,1,52.73,66.8846,2020-12-25,0,5.3633,1.9446,-0.0109159143385745,2020-11-27
prebreak,600585,2020-12-10,S,S,A,C,S,S,A,39.624,42.39,40.44,1.95,,0,0.0,0.0,,0,0.0,0,0.0,0.0,,0,0.0,1,42.39,40.44,2021-01-07,1,-1.0159,4.8583,0.0591969228356976,2020-12-10
prebreak,002886,2021-01-14,S,S,A,C,S,S,A,14.8188,14.59,13.92,0.67,,1,14.59,14.6853,2021-01-21,0,0.1256,1,14.59,13.92,2021-01-25,1,-1.0159,1,14.59,13.92,2021-01-25,1,-1.0159,2.0066,0.0155897872807708,2021-01-14
prebreak,002268,2021-01-21,S,S,A,C,S,S,A,16.7106,17.23,16.59,0.64,,1,17.23,18.0119,2021-01-27,0,1.2006,1,17.23,18.0119,2021-01-27,0,1.2006,1,17.23,18.0119,2021-01-27,0,1.2006,2.9832,0.0656619064563939,2021-01-21
prebreak,601088,2021-02-01,S,S,A,C,S,S,A,11.213,12.07,11.44,0.63,,0,0.0,0.0,,0,0.0,1,12.07,12.4743,2021-02-22,0,0.6268,1,12.07,11.9724,2021-02-24,0,-0.1694,2.4098,-0.0339438287426694,2021-02-01
prebreak,002734,2021-02-18,S,S,A,C,S,S,A,12.3531,10.96,10.41,0.55,,1,10.96,11.6508,2021-02-25,0,1.2401,1,10.96,11.6085,2021-03-04,0,1.1632,1,10.96,11.3547,2021-03-18,0,0.702,1.501,0.0497187481154139,2021-02-18
prebreak,000935,2021-02-19,S,S,A,C,S,S,A,13.2352,12.57,11.95,0.62,,1,12.57,13.1403,2021-02-26,0,0.9038,1,12.57,13.4629,2021-03-05,0,1.4238,1,12.57,13.0075,2021-03-19,0,0.6897,2.9292,0.0067568079703594,2021-02-19
prebreak,600585,2021-02-19,S,S,A,C,S,S,A,40.9345,38.57,36.78,1.79,,1,38.57,39.946,2021-02-26,0,0.7519,1,38.57,38.3509,2021-03-05,0,-0.1387,1,38.57,38.613,2021-03-19,0,0.0076,1.8723,-0.0666432212251545,2021-02-19
prebreak,000997,2021-02-23,S,S,A,C,S,S,A,13.3942,13.79,13.18,0.61,,1,13.79,13.8147,2021-03-02,0,0.0233,1,13.79,13.7789,2021-03-04,0,-0.0353,0,13.79,13.7789,2021-03-04,0,-0.0353,2.2883,0.1064164478999181,2021-02-23
prebreak,000651,2021-03-03,S,S,A,C,S,S,A,41.794,41.99,39.81,2.18,,0,0.0,0.0,,0,0.0,1,41.99,43.1825,2021-03-17,0,0.532,1,41.99,43.5296,2021-03-31,0,0.6912,1.7538,-0.0001273632693766,2021-03-03
prebreak,000581,2021-03-11,S,S,A,C,S,S,A,17.6233,17.77,16.84,0.93,,0,0.0,0.0,,0,0.0,0,0.0,0.0,,0,0.0,1,17.77,18.4237,2021-04-09,0,0.6879,2.8681,0.0236797417526721,2021-03-11
prebreak,002222,2021-03-11,S,S,A,C,S,S,A,12.2728,11.47,10.92,0.55,,1,11.47,11.9341,2021-03-18,0,0.8274,1,11.47,12.8026,2021-03-25,0,2.4056,0,11.47,14.2445,2021-04-09,0,5.0255,2.0044,0.1413733110398178,2021-03-11
prebreak,300036,2021-04-30,S,S,A,C,S,S,A,15.6132,16.44,15.85,0.59,,0,0.0,0.0,,0,0.0,0,0.0,0.0,,0,0.0,1,16.44,19.327,2021-06-02,0,4.869,3.04,-0.0358060814697347,2021-04-30
prebreak,000063,2021-05-20,S,S,A,C,S,S,A,26.6639,27.09,25.71,1.38,,1,27.09,27.993,2021-05-27,0,0.639,1,27.09,30.0461,2021-06-03,0,2.1259,1,27.09,31.3019,2021-06-18,0,3.0352,1.5594,0.0443421167736217,2021-05-20
prebreak,000063,2021-05-27,S,S,A,C,S,S,A,27.993,27.41,25.96,1.45,,1,27.41,30.0461,2021-06-03,0,1.8025,1,27.41,30.3486,2021-06-10,0,2.011,1,27.41,29.6337,2021-06-25,0,1.5182,2.6886,0.0265704862796016,2021-05-27
prebreak,603590,2021-06-02,S,S,A,C,S,S,A,35.5822,35.41,33.94,1.47,,1,35.41,37.2312,2021-06-09,0,1.2198,1,35.41,34.621,2021-06-17,0,-0.5547,1,35.41,35.1298,2021-07-01,0,-0.2088,2.0146,0.0451521541408215,2021-06-02
prebreak,002930,2021-06-03,S,S,A,C,S,S,A,14.4175,14.32,13.68,0.64,,1,14.32,14.4448,2021-06-08,0,0.1779,1,14.32,14.4448,2021-06-08,0,0.1779,1,14.32,14.4448,2021-06-08,0,0.1779,2.6491,-0.0447765695378374,2021-06-03
prebreak,300723,2021-06-08,S,S,A,C,S,S,A,16.9156,18.03,17.11,0.92,,0,0.0,0.0,,0,0.0,0,0.0,0.0,,0,0.0,1,18.03,20.2464,2021-07-07,0,2.3928,3.0733,0.0343320717320436,2021-06-08
prebreak,002151,2021-06-17,S,S,A,C,S,S,A,43.5115,43.61,41.5,2.11,,1,43.61,43.4123,2021-06-24,0,-0.1094,1,43.61,41.5,2021-07-01,1,-1.0151,1,43.61,41.5,2021-07-01,1,-1.0151,1.8445,0.0769415744890162,2021-06-17
prebreak,000063,2021-07-02,S,S,A,C,S,S,A,29.102,30.79,29.2,1.59,,0,0.0,0.0,,0,0.0,1,30.79,32.8784,2021-07-16,0,1.2979,1,30.79,35.5641,2021-07-30,0,2.986,1.7948,0.0351784229427705,2021-07-02
prebreak,002741,2021-07-07,S,S,A,C,S,S,A,17.6011,15.99,15.16,0.83,,1,15.99,19.3999,2021-07-14,0,4.0911,1,15.99,20.1751,2021-07-21,0,5.0245,1,15.99,22.461,2021-08-04,0,7.7768,3.612,0.0241227271204658,2021-07-07
prebreak,300625,2021-07-29,S,S,A,C,S,S,A,12.4128,13.5,12.94,0.56,,1,13.5,13.4662,2021-08-05,0,-0.0786,1,13.5,13.3029,2021-08-06,0,-0.3701,1,13.5,13.3029,2021-08-06,0,-0.3701,2.1169,0.0242493659765206,2021-07-29
prebreak,300348,2021-07-30,S,S,A,C,S,S,A,14.6409,16.54,15.84,0.7,,1,16.54,16.3692,2021-08-06,0,-0.2618,1,16.54,16.3692,2021-08-06,0,-0.2618,1,16.54,16.3692,2021-08-06,0,-0.2618,3.7808,-0.0198971491437859,2021-07-30
prebreak,603131,2021-07-30,S,S,A,C,S,S,A,17.1249,16.84,16.1,0.74,,1,16.84,19.8394,2021-08-06,0,4.0334,1,16.84,22.3043,2021-08-13,0,7.3623,1,16.84,23.0528,2021-08-27,0,8.3731,2.2445,-0.0229025091325216,2021-07-30
prebreak,000401,2021-08-04,S,S,A,C,S,S,A,10.8677,11.06,10.55,0.51,,1,11.06,11.0333,2021-08-11,0,-0.0687,1,11.06,11.0333,2021-08-11,0,-0.0687,1,11.06,11.0333,2021-08-11,0,-0.0687,2.3517,0.055790027577391,2021-08-04
prebreak,300348,2021-08-06,S,S,A,C,S,S,A,16.3692,16.54,15.84,0.7,,1,16.54,16.9552,2021-08-13,0,0.5749,1,16.54,15.84,2021-08-18,1,-1.0173,1,16.54,15.84,2021-08-18,1,-1.0173,1.7686,-0.0262019043247324,2021-08-06
prebreak,600585,2021-08-06,S,S,A,C,S,S,A,30.8115,31.04,29.46,1.58,,1,31.04,32.2701,2021-08-13,0,0.7631,1,31.04,33.0543,2021-08-20,0,1.2591,1,31.04,29.46,2021-08-30,1,-1.0143,2.2111,0.0097299459947435,2021-08-06
prebreak,600371,2021-08-31,S,S,A,C,S,S,A,10.1763,10.94,10.43,0.51,,0,0.0,0.0,,0,0.0,1,10.94,10.43,2021-09-10,1,-1.0157,1,10.94,10.43,2021-09-10,1,-1.0157,1.6417,-0.0295527367457592,2021-08-31
prebreak,688550,2021-09-09,S,S,A,C,S,S,A,37.5117,32.28,30.7,1.58,,1,32.28,37.183,2021-09-14,0,3.0857,1,32.28,37.183,2021-09-14,0,3.0857,1,32.28,37.183,2021-09-14,0,3.0857,6.4227,-0.1125051548623454,2021-09-09
prebreak,600990,2021-09-10,S,S,A,C,S,S,A,23.7571,24.24,23.29,0.95,,0,0.0,0.0,,0,0.0,0,0.0,0.0,,0,0.0,1,24.24,23.29,2021-10-12,1,-1.0188,1.7895,0.0205783767515148,2021-09-10
prebreak,000777,2021-09-13,S,S,A,C,S,S,A,12.6754,11.04,10.49,0.55,,1,11.04,13.2386,2021-09-22,0,3.9796,1,11.04,12.8568,2021-09-29,0,3.2859,1,11.04,11.1387,2021-10-20,0,0.1641,1.5733,0.0476961778267068,2021-09-13
prebreak,002946,2021-09-17,S,S,A,C,S,S,A,13.2513,14.25,13.58,0.67,,1,14.25,14.2084,2021-09-28,0,-0.0781,1,14.25,15.1098,2021-10-12,0,1.2664,1,14.25,14.9519,2021-10-26,0,1.0307,2.581,0.0791496809388958,2021-09-17
prebreak,600990,2021-09-17,S,S,A,C,S,S,A,21.8149,24.15,22.99,1.16,,0,0.0,0.0,,0,0.0,1,24.15,22.99,2021-10-12,1,-1.0152,1,24.15,22.99,2021-10-12,1,-1.0152,1.7895,0.0167891006002096,2021-09-17
prebreak,000777,2021-09-22,S,S,A,C,S,S,A,13.2386,11.16,10.58,0.58,,1,11.16,12.8568,2021-09-29,0,2.909,1,11.16,10.9765,2021-10-13,0,-0.3309,1,11.16,11.0146,2021-10-27,0,-0.2651,1.5532,0.0193800649124715,2021-09-22
prebreak,600990,2021-09-28,S,S,A,C,S,S,A,23.3417,24.15,22.99,1.16,,1,24.15,22.99,2021-10-12,1,-1.0152,1,24.15,22.99,2021-10-12,1,-1.0152,1,24.15,22.99,2021-10-12,1,-1.0152,1.7895,0.0167891006002096,2021-09-28
prebreak,600566,2021-10-18,S,S,A,C,S,S,A,13.3744,13.63,12.97,0.66,,0,0.0,0.0,,0,0.0,1,13.63,13.949,2021-11-01,0,0.4673,1,13.63,16.4129,2021-11-15,0,4.1982,3.7077,0.0424297533653172,2021-10-18
prebreak,600184,2021-10-19,S,S,A,C,S,S,A,11.2329,11.96,11.37,0.59,,0,0.0,0.0,,0,0.0,0,0.0,0.0,,0,0.0,0,11.96,11.8433,2021-11-11,0,-0.2131,2.3616,0.1343160557104696,2021-10-19
prebreak,600990,2021-10-19,S,S,A,C,S,S,A,26.6704,24.15,22.99,1.16,,1,24.15,25.4244,2021-10-22,0,1.0821,1,24.15,25.4244,2021-10-22,0,1.0821,1,24.15,25.4244,2021-10-22,0,1.0821,2.3366,0.0213171074806657,2021-10-19
prebreak,000977,2021-10-22,S,S,A,C,S,S,A,30.0198,30.35,29.04,1.31,,1,30.35,30.6007,2021-10-29,0,0.1736,1,30.35,31.3194,2021-11-05,0,0.7219,1,30.35,31.6148,2021-11-19,0,0.9473,1.7826,0.045992030852429,2021-10-22
prebreak,600566,2021-10-25,S,S,A,C,S,S,A,12.5478,13.63,12.97,0.66,,1,13.63,13.949,2021-11-01,0,0.4673,1,13.63,14.0356,2021-11-08,0,0.5985,1,13.63,14.7913,2021-11-22,0,1.7427,3.7077,0.0424297533653172,2021-10-25
prebreak,600184,2021-10-26,S,S,A,C,S,S,A,11.3905,11.55,10.96,0.59,,1,11.55,10.96,2021-10-28,1,-1.0142,1,11.55,10.96,2021-10-28,1,-1.0142,1,11.55,10.96,2021-10-28,1,-1.0142,1.7874,0.0309369195606101,2021-10-26
prebreak,603108,2021-10-26,S,S,A,C,S,S,A,10.7017,10.96,10.43,0.53,,0,0.0,0.0,,0,0.0,0,0.0,0.0,,0,0.0,1,10.96,12.6635,2021-11-23,0,3.1964,3.9945,0.0374507995521427,2021-10-26
prebreak,000026,2021-10-29,S,S,A,C,S,S,A,9.5084,10.59,10.07,0.52,,0,0.0,0.0,,0,0.0,0,0.0,0.0,,0,0.0,1,10.59,10.4249,2021-11-26,0,-0.3328,1.9046,0.0288817287308775,2021-10-29
prebreak,000977,2021-10-29,S,S,A,C,S,S,A,30.6007,30.96,29.36,1.6,,1,30.96,31.3194,2021-11-05,0,0.2098,1,30.96,30.837,2021-11-12,0,-0.0915,0,30.96,32.1859,2021-11-26,0,0.751,1.6459,0.1029442245703373,2021-10-29
prebreak,600566,2021-11-01,S,S,A,C,S,S,A,13.949,12.81,12.18,0.63,,1,12.81,14.0356,2021-11-08,0,1.9287,1,12.81,16.4129,2021-11-15,0,5.6998,1,12.81,14.2796,2021-11-29,0,2.3158,5.4792,-0.0489142045984987,2021-11-01
prebreak,002695,2021-11-03,S,S,A,C,S,S,A,13.677,13.56,13.05,0.51,,1,13.56,13.8771,2021-11-08,0,0.6013,1,13.56,13.8771,2021-11-08,0,0.6013,1,13.56,13.8771,2021-11-08,0,0.6013,2.5368,-0.0154154710407534,2021-11-03
prebreak,605222,2021-11-03,S,S,A,C,S,S,A,22.0069,21.07,19.98,1.09,,1,21.07,24.4049,2021-11-10,0,3.0429,1,21.07,27.6344,2021-11-17,0,6.0039,1,21.07,26.8609,2021-12-01,0,5.2947,3.9088,0.0386555285849337,2021-11-03
prebreak,600104,2021-11-05,S,S,A,C,S,S,A,20.1135,18.45,17.54,0.91,,1,18.45,18.9543,2021-11-10,0,0.5384,1,18.45,18.9543,2021-11-10,0,0.5384,1,18.45,18.9543,2021-11-10,0,0.5384,3.4699,0.0551685093105123,2021-11-05
prebreak,600511,2021-11-11,S,S,A,C,S,S,A,27.1297,27.32,26.16,1.16,,1,27.32,27.1561,2021-11-18,0,-0.1591,1,27.32,27.0945,2021-11-25,0,-0.2121,1,27.32,26.7515,2021-12-09,0,-0.5077,1.8237,0.0628434334757093,2021-11-11
prebreak,603568,2021-11-22,S,S,A,C,S,S,A,17.3631,17.63,16.74,0.89,,1,17.63,21.2749,2021-11-29,0,4.0777,1,17.63,19.8072,2021-12-06,0,2.4297,1,17.63,22.3815,2021-12-20,0,5.3204,4.1058,0.0579171770486337,2021-11-22
prebreak,300168,2021-11-29,S,S,A,C,S,S,A,11.52,11.79,11.29,0.5,,1,11.79,11.88,2021-12-06,0,0.162,1,11.79,12.14,2021-12-13,0,0.6816,1,11.79,12.7,2021-12-27,0,1.8009,1.6968,0.0592991913746629,2021-11-29
prebreak,603139,2021-12-09,S,S,A,C,S,S,A,20.9221,20.15,19.14,1.01,,1,20.15,20.3642,2021-12-16,0,0.1968,1,20.15,20.5734,2021-12-23,0,0.4038,1,20.15,21.4701,2022-01-07,0,1.291,1.7668,0.0914743726791158,2021-12-09
prebreak,002262,2021-12-13,S,S,A,C,S,S,A,13.8308,14.18,13.5,0.68,,0,0.0,0.0,,0,0.0,1,14.18,14.4633,2021-12-27,0,0.4005,1,14.18,14.8725,2022-01-11,0,1.002,2.4802,-0.0132411680739104,2021-12-13
prebreak,603568,2021-12-13,S,S,A,C,S,S,A,21.4997,17.63,16.74,0.89,,1,17.63,22.3815,2021-12-20,0,5.3204,1,17.63,21.3163,2021-12-27,0,4.1242,1,17.63,19.103,2022-01-11,0,1.639,1.9695,0.0272740588168802,2021-12-13
prebreak,300383,2021-12-23,S,S,A,C,S,S,A,14.2238,14.5,13.77,0.73,,1,14.5,14.4201,2021-12-30,0,-0.1245,1,14.5,14.4201,2021-12-30,0,-0.1245,1,14.5,14.4201,2021-12-30,0,-0.1245,2.2023,0.0014509403464468,2021-12-23
prebreak,300873,2021-12-23,S,S,A,C,S,S,A,20.7284,21.76,20.87,0.89,,0,0.0,0.0,,0,0.0,1,21.76,21.9947,2022-01-07,0,0.2449,1,21.76,20.87,2022-01-20,1,-1.018,2.2178,0.0604926398711476,2021-12-23
prebreak,300838,2021-12-27,S,S,A,C,S,S,A,17.4093,16.92,16.15,0.77,,1,16.92,17.3811,2021-12-30,0,0.5818,1,16.92,17.3811,2021-12-30,0,0.5818,1,16.92,17.3811,2021-12-30,0,0.5818,3.7302,0.0391159467749731,2021-12-27
prebreak,300873,2021-12-30,S,S,A,C,S,S,A,19.9021,21.76,20.87,0.89,,1,21.76,21.9947,2022-01-07,0,0.2449,1,21.76,21.7891,2022-01-14,0,0.0141,1,21.76,20.87,2022-01-20,1,-1.018,2.2178,0.0604926398711476,2021-12-30
prebreak,600271,2022-01-04,S,S,A,C,S,S,A,13.2165,12.81,12.19,0.62,,1,12.81,12.897,2022-01-07,0,0.1245,1,12.81,12.897,2022-01-07,0,0.1245,1,12.81,12.897,2022-01-07,0,0.1245,1.6095,0.0384739900516459,2022-01-04
prebreak,000623,2022-01-06,S,S,A,C,S,S,A,15.8762,16.25,15.41,0.84,,0,0.0,0.0,,0,0.0,1,16.25,15.41,2022-01-19,1,-1.0141,1,16.25,15.41,2022-01-19,1,-1.0141,1.6793,0.0637384774351754,2022-01-06
prebreak,300383,2022-01-14,S,S,A,C,S,S,A,14.479,14.46,13.76,0.7,,1,14.46,15.5293,2022-01-21,0,1.511,1,14.46,13.76,2022-01-27,1,-1.0151,1,14.46,13.76,2022-01-27,1,-1.0151,3.474,0.0395661733715813,2022-01-14
prebreak,605177,2022-01-17,S,S,A,C,S,S,A,31.1361,27.04,25.83,1.21,,1,27.04,25.83,2022-01-24,1,-1.0164,1,27.04,25.83,2022-01-24,1,-1.0164,1,27.04,25.83,2022-01-24,1,-1.0164,4.3502,0.0822062461247683,2022-01-17
prebreak,002315,2022-01-19,S,S,A,C,S,S,A,11.2757,11.3,10.73,0.57,,0,0.0,0.0,,0,0.0,0,0.0,0.0,,0,0.0,1,11.3,11.1423,2022-02-23,0,-0.2916,1.5963,0.0038497291455974,2022-01-19
prebreak,002315,2022-01-26,S,S,A,C,S,S,A,10.5638,11.3,10.73,0.57,,0,0.0,0.0,,0,0.0,0,0.0,0.0,,0,0.0,1,11.3,11.1423,2022-02-23,0,-0.2916,1.5963,0.0038497291455974,2022-01-26
prebreak,601952,2022-01-28,S,S,A,C,S,S,A,9.3393,11.06,10.5,0.56,,0,0.0,0.0,,0,0.0,0,0.0,0.0,,0,0.0,0,11.06,11.6807,2022-03-04,0,1.0927,3.0042,0.1742844961334715,2022-01-28
prebreak,603955,2022-02-08,S,S,A,C,S,S,A,13.9101,13.93,13.27,0.66,,1,13.93,15.8473,2022-02-15,0,2.8872,1,13.93,15.5178,2022-02-22,0,2.3882,1,13.93,15.5577,2022-03-08,0,2.4487,1.7519,0.0402631222402514,2022-02-08
prebreak,002315,2022-02-09,S,S,A,C,S,S,A,10.9007,11.3,10.73,0.57,,0,0.0,0.0,,0,0.0,1,11.3,11.1423,2022-02-23,0,-0.2916,1,11.3,11.1423,2022-02-23,0,-0.2916,1.5963,0.0038497291455974,2022-02-09
prebreak,000028,2022-02-14,S,S,A,C,S,S,A,21.3249,21.9,21.09,0.81,,0,0.0,0.0,,0,0.0,0,0.0,0.0,,0,0.0,1,21.9,21.09,2022-03-08,1,-1.0199,2.3291,0.0491399242279433,2022-02-14
prebreak,002315,2022-02-16,S,S,A,C,S,S,A,10.9325,11.23,10.65,0.58,,1,11.23,11.1423,2022-02-23,0,-0.1659,1,11.23,11.1423,2022-02-23,0,-0.1659,1,11.23,11.1423,2022-02-23,0,-0.1659,1.5963,-0.0023688089995521,2022-02-16
prebreak,002373,2022-02-17,S,S,A,C,S,S,A,13.5333,14.21,13.53,0.68,,1,14.21,13.7707,2022-02-24,0,-0.6615,1,14.21,13.6124,2022-03-03,0,-0.8942,1,14.21,13.53,2022-03-04,1,-1.0153,1.5348,-0.0908805327395054,2022-02-17
prebreak,600621,2022-02-28,S,S,A,C,S,S,A,11.7569,12.39,11.85,0.54,,0,0.0,0.0,,0,0.0,0,0.0,0.0,,0,0.0,1,12.39,11.85,2022-03-24,1,-1.0168,4.8026,0.0152166024789079,2022-02-28
prebreak,605100,2022-02-28,S,S,A,C,S,S,A,12.7695,11.56,10.95,0.61,,1,11.56,12.5716,2022-03-03,0,1.643,1,11.56,12.5716,2022-03-03,0,1.643,1,11.56,12.5716,2022-03-03,0,1.643,2.7972,0.0690019688920138,2022-02-28
prebreak,002977,2022-03-01,S,S,A,C,S,S,A,41.5253,41.69,39.89,1.8,,1,41.69,40.8784,2022-03-04,0,-0.4682,1,41.69,40.8784,2022-03-04,0,-0.4682,1,41.69,40.8784,2022-03-04,0,-0.4682,1.5976,-0.0141597667027907,2022-03-01
prebreak,600776,2022-03-02,S,S,A,C,S,S,A,10.7261,10.97,10.47,0.5,,0,0.0,0.0,,0,0.0,0,0.0,0.0,,0,0.0,1,10.97,10.47,2022-03-25,1,-1.016,5.7474,0.0340319907527539,2022-03-02
prebreak,600729,2022-03-31,S,S,A,C,S,S,A,19.0417,19.31,18.48,0.83,,1,19.31,18.8813,2022-04-11,0,-0.5339,1,19.31,18.48,2022-04-12,1,-1.0171,1,19.31,18.48,2022-04-12,1,-1.0171,1.7593,0.0137043134921035,2022-03-31
prebreak,600419,2022-04-18,S,S,A,C,S,S,A,13.2784,13.33,12.79,0.54,,1,13.33,12.79,2022-04-22,1,-1.0181,1,13.33,12.79,2022-04-22,1,-1.0181,1,13.33,12.79,2022-04-22,1,-1.0181,1.7024,0.0661949420124339,2022-04-18
prebreak,600848,2022-04-18,S,S,A,C,S,S,A,12.303,12.69,12.02,0.67,,0,0.0,0.0,,0,0.0,0,0.0,0.0,,0,0.0,1,12.69,12.02,2022-05-17,1,-1.0138,2.2697,0.0021938243844794,2022-04-18
prebreak,000651,2022-05-30,S,S,A,C,S,S,A,24.3807,24.96,23.96,1.0,,0,0.0,0.0,,0,0.0,0,0.0,0.0,,0,0.0,1,24.96,25.6135,2022-06-28,0,0.6341,2.3732,-0.0228839753949887,2022-05-30
prebreak,600674,2022-06-06,S,S,A,C,S,S,A,10.2673,10.61,10.11,0.5,,1,10.61,10.3548,2022-06-13,0,-0.5262,1,10.61,10.4772,2022-06-14,0,-0.2815,1,10.61,10.4772,2022-06-14,0,-0.2815,1.8632,0.0929559036716012,2022-06-06
prebreak,600674,2022-06-13,S,S,A,C,S,S,A,10.3548,10.65,10.11,0.54,,0,0.0,0.0,,0,0.0,0,0.0,0.0,,0,0.0,1,10.65,11.859,2022-07-11,0,2.2226,1.5958,0.0417063985872743,2022-06-13
prebreak,002311,2022-07-08,S,S,A,C,S,S,A,57.6462,57.76,55.22,2.54,,1,57.76,56.7217,2022-07-13,0,-0.4258,1,57.76,56.7217,2022-07-13,0,-0.4258,1,57.76,56.7217,2022-07-13,0,-0.4258,2.0831,0.0394962760073667,2022-07-08
prebreak,603768,2022-07-27,S,S,A,C,S,S,A,17.2197,16.15,15.3,0.85,,1,16.15,18.6137,2022-08-03,0,2.8822,1,16.15,23.6599,2022-08-10,0,8.8151,1,16.15,25.2208,2022-08-24,0,10.6504,3.4196,0.0345222938710645,2022-07-27
prebreak,600419,2022-08-05,S,S,A,C,S,S,A,11.3947,12.41,11.91,0.5,,0,0.0,0.0,,0,0.0,0,0.0,0.0,,0,0.0,1,12.41,13.3115,2022-09-02,0,1.783,4.8954,0.0362803943025877,2022-08-05
prebreak,002916,2022-10-20,S,S,A,C,S,S,A,56.3945,57.77,55.15,2.62,,0,0.0,0.0,,0,0.0,0,0.0,0.0,,0,0.0,1,57.77,57.0208,2022-11-08,0,-0.3025,1.5557,0.037401447468814,2022-10-20
prebreak,600332,2022-10-27,S,S,A,C,S,S,A,25.0279,24.99,23.84,1.15,,1,24.99,24.733,2022-11-03,0,-0.2398,1,24.99,24.9743,2022-11-04,0,-0.0302,1,24.99,24.9743,2022-11-04,0,-0.0302,2.5235,0.0856994787777936,2022-10-27
prebreak,603043,2022-10-31,S,S,A,C,S,S,A,18.3351,20.15,19.45,0.7,,1,20.15,20.6742,2022-11-07,0,0.7265,1,20.15,20.9441,2022-11-14,0,1.1118,1,20.15,19.45,2022-11-23,1,-1.0212,1.7797,0.0222439633065709,2022-10-31
prebreak,000651,2022-11-02,S,S,A,C,S,S,A,24.1276,25.26,24.12,1.14,,0,0.0,0.0,,0,0.0,1,25.26,25.9076,2022-11-16,0,0.5509,1,25.26,26.2669,2022-11-30,0,0.8658,1.5706,-0.0448638291991959,2022-11-02
prebreak,600977,2022-11-03,S,S,A,C,S,S,A,10.8442,10.4,9.9,0.5,,1,10.4,10.9626,2022-11-10,0,1.1086,1,10.4,11.9592,2022-11-17,0,3.1005,1,10.4,13.311,2022-12-01,0,5.8025,1.8006,0.0614174051703266,2022-11-03
prebreak,600585,2022-11-04,S,S,A,C,S,S,A,21.5356,24.29,23.09,1.2,,0,0.0,0.0,,0,0.0,1,24.29,23.7814,2022-11-17,0,-0.439,1,24.29,23.7814,2022-11-17,0,-0.439,2.2908,0.0213874621936243,2022-11-04
prebreak,603369,2022-11-08,S,S,A,C,S,S,A,37.7311,40.71,39.12,1.59,,0,0.0,0.0,,0,0.0,0,0.0,0.0,,0,0.0,1,40.71,41.0808,2022-12-06,0,0.2136,2.1051,0.0789499048404418,2022-11-08
prebreak,600332,2022-11-10,S,S,A,C,S,S,A,25.9571,25.63,24.49,1.14,,1,25.63,26.5111,2022-11-17,0,0.7554,1,25.63,25.832,2022-11-24,0,0.16,1,25.63,29.0666,2022-12-08,0,2.9956,2.0435,0.0619724587859404,2022-11-10
prebreak,601601,2022-12-02,S,S,A,C,S,S,A,20.6921,20.19,19.21,0.98,,1,20.19,21.9328,2022-12-09,0,1.7616,1,20.19,21.4382,2022-12-16,0,1.2572,1,20.19,21.2734,2022-12-30,0,1.0891,1.5496,0.0788719608073773,2022-12-02
prebreak,000028,2022-12-07,S,S,A,C,S,S,A,24.7899,22.47,21.45,1.02,,1,22.47,23.8377,2022-12-14,0,1.3233,1,22.47,21.9527,2022-12-21,0,-0.5236,1,22.47,21.45,2022-12-23,1,-1.0161,2.7264,0.0709662940372901,2022-12-07
prebreak,688981,2022-12-09,S,S,A,C,S,S,A,42.16,42.4,40.71,1.69,,1,42.4,43.0,2022-12-16,0,0.3357,1,42.4,41.06,2022-12-23,0,-0.8115,1,42.4,40.71,2022-12-29,1,-1.0184,2.4285,-0.0018832391713746,2022-12-09
prebreak,002365,2022-12-26,S,S,A,C,S,S,A,10.3292,11.45,10.93,0.52,,0,0.0,0.0,,0,0.0,0,0.0,0.0,,0,0.0,1,11.45,11.2253,2023-01-31,0,-0.4485,2.1277,0.0156557404861561,2022-12-26
prebreak,603213,2022-12-26,S,S,A,C,S,S,A,12.4585,12.55,11.94,0.61,,1,12.55,12.0456,2022-12-29,0,-0.842,1,12.55,12.0456,2022-12-29,0,-0.842,1,12.55,12.0456,2022-12-29,0,-0.842,2.2798,0.047338627922419,2022-12-26
prebreak,000998,2022-12-27,S,S,A,C,S,S,A,15.8228,16.38,15.69,0.69,,0,0.0,0.0,,0,0.0,0,0.0,0.0,,0,0.0,1,16.38,17.6861,2023-02-01,0,1.8736,2.5617,0.0057604184027366,2022-12-27
prebreak,603213,2023-01-03,S,S,A,C,S,S,A,12.1174,12.55,11.94,0.61,,1,12.55,14.2177,2023-01-10,0,2.7166,1,12.55,13.7869,2023-01-17,0,2.0108,1,12.55,14.8191,2023-02-07,0,3.7019,2.8251,0.0349349136020944,2023-01-03
prebreak,600406,2023-01-04,S,S,A,C,S,S,A,18.4353,19.48,18.52,0.96,,1,19.48,19.7783,2023-01-11,0,0.2951,1,19.48,20.6253,2023-01-18,0,1.1768,1,19.48,19.908,2023-02-08,0,0.4302,2.3133,-0.0329904255459219,2023-01-04
prebreak,002230,2023-01-09,S,S,A,C,S,S,A,33.7559,34.29,32.49,1.8,,1,34.29,34.8864,2023-01-16,0,0.3166,1,34.29,41.3222,2023-01-30,0,3.8898,1,34.29,48.0952,2023-02-13,0,7.6502,3.4543,0.0200184659611137,2023-01-09
prebreak,300442,2023-01-10,S,S,A,C,S,S,A,25.7439,22.75,21.7,1.05,,1,22.75,24.646,2023-01-13,0,1.7881,1,22.75,24.646,2023-01-13,0,1.7881,1,22.75,24.646,2023-01-13,0,1.7881,4.3613,-0.0029042664110044,2023-01-10
prebreak,603213,2023-01-10,S,S,A,C,S,S,A,14.2177,12.55,11.94,0.61,,1,12.55,13.3112,2023-01-13,0,1.2314,1,12.55,13.3112,2023-01-13,0,1.2314,1,12.55,13.3112,2023-01-13,0,1.2314,1.5869,0.0220738803190274,2023-01-10
prebreak,600391,2023-01-13,S,S,A,C,S,S,A,18.1,17.96,17.07,0.89,,1,17.96,20.6,2023-01-20,0,2.9491,1,17.96,20.93,2023-02-03,0,3.3196,1,17.96,20.58,2023-02-17,0,2.9266,4.8349,-0.0088300220750552,2023-01-13
prebreak,603599,2023-01-13,S,S,A,C,S,S,A,18.9788,19.21,18.47,0.74,,1,19.21,19.7329,2023-01-20,0,0.6865,1,19.21,19.8451,2023-02-03,0,0.838,1,19.21,19.6706,2023-02-17,0,0.6023,1.5513,-0.0209348057138701,2023-01-13
prebreak,600391,2023-01-20,S,S,A,C,S,S,A,20.6,17.96,17.07,0.89,,1,17.96,20.93,2023-02-03,0,3.3196,1,17.96,20.92,2023-02-10,0,3.3084,1,17.96,21.02,2023-02-24,0,3.4207,2.713,0.050906963136337,2023-01-20
prebreak,000501,2023-02-01,S,S,A,C,S,S,A,10.2572,10.44,9.91,0.53,,0,0.0,0.0,,0,0.0,0,0.0,0.0,,0,0.0,1,10.44,10.9385,2023-03-01,0,0.925,4.7194,0.043457583605301,2023-02-01
prebreak,600768,2023-02-02,S,S,A,C,S,S,A,11.5154,9.31,8.81,0.5,,1,9.31,11.4565,2023-02-09,0,4.2762,1,9.31,10.8974,2023-02-16,0,3.1587,1,9.31,11.1132,2023-03-02,0,3.59,3.3009,0.0350704560527745,2023-02-02
prebreak,300970,2023-02-03,S,S,A,C,S,S,A,14.579,13.07,12.5,0.57,,1,13.07,14.6969,2023-02-08,0,2.835,1,13.07,14.6969,2023-02-08,0,2.835,1,13.07,14.6969,2023-02-08,0,2.835,2.0552,-0.0037829840982752,2023-02-03
prebreak,603599,2023-02-03,S,S,A,C,S,S,A,19.8451,20.11,19.34,0.77,,0,0.0,0.0,,0,0.0,1,20.11,19.6706,2023-02-17,0,-0.5901,1,20.11,20.6679,2023-03-03,0,0.7042,1.6843,0.0564817721023678,2023-02-03
prebreak,002258,2023-02-07,S,S,A,C,S,S,A,17.287,17.69,16.99,0.7,,1,17.69,17.5722,2023-02-14,0,-0.1874,1,17.69,17.4618,2023-02-15,0,-0.345,1,17.69,17.4618,2023-02-15,0,-0.345,1.6759,0.0173574034395866,2023-02-07
prebreak,600690,2023-02-17,S,S,A,C,S,S,A,23.389,24.26,23.28,0.98,,1,24.26,23.93,2023-02-24,0,-0.3553,1,24.26,23.28,2023-03-01,1,-1.0182,1,24.26,23.28,2023-03-01,1,-1.0182,1.9965,-0.0115371619164276,2023-02-17
prebreak,000063,2023-02-20,S,S,A,C,S,S,A,27.6117,25.72,24.7,1.02,,1,25.72,29.2178,2023-02-27,0,3.4079,1,25.72,30.5905,2023-03-06,0,4.7528,1,25.72,31.4682,2023-03-20,0,5.6128,2.5741,0.0382250959755638,2023-02-20
prebreak,002827,2023-02-20,S,S,A,C,S,S,A,10.9106,10.62,10.11,0.51,,1,10.62,10.2523,2023-02-23,0,-0.7363,1,10.62,10.2523,2023-02-23,0,-0.7363,1,10.62,10.2523,2023-02-23,0,-0.7363,1.6719,0.0417668424700732,2023-02-20
prebreak,600801,2023-02-20,S,S,A,C,S,S,A,15.5377,14.19,13.65,0.54,,1,14.19,15.1482,2023-02-27,0,1.7533,1,14.19,14.7673,2023-03-06,0,1.0484,1,14.19,14.2046,2023-03-20,0,0.0071,2.1016,0.0576182712424373,2023-02-20
prebreak,002179,2023-02-23,S,S,A,C,S,S,A,40.6491,41.34,39.17,2.17,,1,41.34,41.2791,2023-02-28,0,-0.0425,1,41.34,41.2791,2023-02-28,0,-0.0425,1,41.34,41.2791,2023-02-28,0,-0.0425,1.988,-0.0061971667647869,2023-02-23
prebreak,600993,2023-02-28,S,S,A,C,S,S,A,25.7163,22.69,21.68,1.01,,1,22.69,24.5982,2023-03-07,0,1.871,1,22.69,25.282,2023-03-14,0,2.5476,1,22.69,23.9698,2023-03-28,0,1.2493,2.0002,0.0235501127149555,2023-02-28
prebreak,300244,2023-03-01,S,S,A,C,S,S,A,23.563,24.49,23.22,1.27,,0,0.0,0.0,,0,0.0,0,0.0,0.0,,0,0.0,1,24.49,25.9736,2023-03-29,0,1.1528,5.8222,0.0242601671950455,2023-03-01
prebreak,002179,2023-03-02,S,S,A,C,S,S,A,41.424,42.5,40.7,1.8,,1,42.5,42.0613,2023-03-08,0,-0.2615,1,42.5,42.0613,2023-03-08,0,-0.2615,1,42.5,42.0613,2023-03-08,0,-0.2615,2.0956,0.0125226398124032,2023-03-02
prebreak,300244,2023-03-08,S,S,A,C,S,S,A,23.0649,23.84,22.68,1.16,,0,0.0,0.0,,0,0.0,0,0.0,0.0,,0,0.0,1,23.84,24.9862,2023-04-06,0,0.9719,5.8222,-0.0029251781980446,2023-03-08
prebreak,600258,2023-03-13,S,S,A,C,S,S,A,22.1683,23.46,22.41,1.05,,0,0.0,0.0,,0,0.0,0,0.0,0.0,,0,0.0,1,23.46,23.1747,2023-04-11,0,-0.2885,1.7106,0.0439190454683628,2023-03-13
prebreak,300244,2023-03-15,S,S,A,C,S,S,A,22.6824,23.35,22.26,1.09,,1,23.35,23.6876,2023-03-22,0,0.2932,1,23.35,25.9736,2023-03-29,0,2.3892,1,23.35,25.7957,2023-04-13,0,2.2261,1.7732,-0.0179384923144668,2023-03-15
prebreak,300294,2023-03-17,S,S,A,C,S,S,A,34.7726,34.55,32.86,1.69,,1,34.55,34.059,2023-03-22,0,-0.3059,1,34.55,34.059,2023-03-22,0,-0.3059,1,34.55,34.059,2023-03-22,0,-0.3059,1.7813,0.0266247300494359,2023-03-17
prebreak,300244,2023-03-22,S,S,A,C,S,S,A,23.6876,23.11,22.19,0.92,,1,23.11,25.9736,2023-03-29,0,3.0916,1,23.11,24.9862,2023-04-06,0,2.019,1,23.11,26.0448,2023-04-20,0,3.1689,5.8222,-0.0334564122548998,2023-03-22
prebreak,002007,2023-03-24,S,S,A,C,S,S,A,19.766,20.32,19.31,1.01,,0,0.0,0.0,,0,0.0,1,20.32,22.0099,2023-04-10,0,1.6569,1,20.32,21.1517,2023-04-24,0,0.8077,3.4145,0.0247820838527983,2023-03-24
prebreak,300294,2023-03-24,S,S,A,C,S,S,A,33.7311,34.55,32.86,1.69,,0,0.0,0.0,,0,0.0,1,34.55,35.679,2023-04-10,0,0.6521,1,34.55,36.8362,2023-04-24,0,1.3364,2.8092,0.0528710866507586,2023-03-24
prebreak,002007,2023-03-31,S,S,A,C,S,S,A,19.5157,20.32,19.31,1.01,,1,20.32,22.0099,2023-04-10,0,1.6569,1,20.32,22.0815,2023-04-17,0,1.7276,1,20.32,20.8209,2023-05-04,0,0.4804,3.4145,0.0247820838527983,2023-03-31
prebreak,002163,2023-03-31,S,S,A,C,S,S,A,12.21,12.12,11.6,0.52,,1,12.12,12.09,2023-04-10,0,-0.0754,1,12.12,11.71,2023-04-17,0,-0.8057,1,12.12,11.6,2023-04-18,1,-1.0171,2.1967,0.0167785234899329,2023-03-31
prebreak,300294,2023-03-31,S,S,A,C,S,S,A,33.6829,34.55,32.86,1.69,,1,34.55,35.679,2023-04-10,0,0.6521,1,34.55,36.9808,2023-04-17,0,1.4219,1,34.55,37.4755,2023-05-04,0,1.7145,2.8092,0.0528710866507586,2023-03-31
prebreak,300947,2023-04-06,S,S,A,C,S,S,A,14.36,13.71,13.05,0.66,,1,13.71,17.76,2023-04-13,0,6.1167,1,13.71,15.97,2023-04-20,0,3.4063,1,13.71,13.72,2023-05-09,0,-0.0006,2.8896,-0.0432658757850662,2023-04-06
prebreak,601066,2023-04-19,S,S,A,C,S,S,A,25.18,26.24,25.08,1.16,,0,0.0,0.0,,0,0.0,0,0.0,0.0,,0,0.0,1,26.24,26.161,2023-05-11,0,-0.0852,5.4017,0.0322406019373771,2023-04-19
prebreak,601995,2023-05-08,S,S,A,C,S,S,A,41.5838,40.98,39.14,1.84,,1,40.98,44.1264,2023-05-11,0,1.692,1,40.98,44.1264,2023-05-11,0,1.692,1,40.98,44.1264,2023-05-11,0,1.692,5.1438,0.0725821467517378,2023-05-08
prebreak,301083,2023-05-22,S,S,A,C,S,S,A,14.3379,11.99,11.44,0.55,,1,11.99,24.6144,2023-05-29,0,22.9224,1,11.99,21.0546,2023-06-05,0,16.4541,1,11.99,22.3098,2023-06-19,0,18.7349,9.2257,-0.0376315279671407,2023-05-22
prebreak,000550,2023-05-24,S,S,A,C,S,S,A,11.5177,12.04,11.49,0.55,,0,0.0,0.0,,0,0.0,0,0.0,0.0,,0,0.0,1,12.04,12.1197,2023-06-21,0,0.1282,2.3603,-0.0502811308886348,2023-05-24
prebreak,688303,2023-05-24,S,S,A,C,S,S,A,39.8856,40.28,38.32,1.96,,1,40.28,42.0418,2023-05-31,0,0.8827,1,40.28,41.6775,2023-06-07,0,0.6969,1,40.28,39.669,2023-06-21,0,-0.3272,3.4364,-0.0118208989087091,2023-05-24
prebreak,600699,2023-05-25,S,S,A,C,S,S,A,14.9035,14.81,14.12,0.69,,1,14.81,14.9709,2023-06-01,0,0.2167,1,14.81,14.9901,2023-06-08,0,0.2446,0,14.81,16.6268,2023-06-26,0,2.6151,1.6034,0.1162971552284608,2023-05-25
prebreak,600893,2023-06-05,S,S,A,C,S,S,A,39.4222,42.47,40.51,1.96,,0,0.0,0.0,,0,0.0,0,0.0,0.0,,0,0.0,1,42.47,42.1825,2023-07-05,0,-0.163,2.3283,0.0819198646445915,2023-06-05
prebreak,603160,2023-06-05,S,S,A,C,S,S,A,49.717,51.06,48.7,2.36,,0,0.0,0.0,,0,0.0,1,51.06,49.6874,2023-06-15,0,-0.5977,1,51.06,49.6874,2023-06-15,0,-0.5977,2.7396,0.0490153662194317,2023-06-05
prebreak,688586,2023-06-05,S,S,A,C,S,S,A,12.8174,13.34,12.73,0.61,,0,0.0,0.0,,0,0.0,1,13.34,13.3735,2023-06-19,0,0.0382,1,13.34,13.2954,2023-07-05,0,-0.0897,5.6144,0.0305729938079188,2023-06-05
prebreak,600089,2023-06-08,S,S,A,C,S,S,A,15.2892,15.9,15.14,0.76,,1,15.9,15.7199,2023-06-13,0,-0.2527,1,15.9,15.7199,2023-06-13,0,-0.2527,1,15.9,15.7199,2023-06-13,0,-0.2527,2.2924,-0.0043818626326648,2023-06-08
prebreak,600699,2023-06-08,S,S,A,C,S,S,A,14.9901,14.81,14.12,0.69,,1,14.81,16.8868,2023-06-15,0,2.9916,1,14.81,16.6268,2023-06-26,0,2.6151,1,14.81,17.9939,2023-07-10,0,4.5952,1.7643,0.0407911030638585,2023-06-08
prebreak,600893,2023-06-12,S,S,A,C,S,S,A,38.9185,39.89,38.46,1.43,,1,39.89,39.7444,2023-06-19,0,-0.123,1,39.89,40.9734,2023-06-28,0,0.7359,1,39.89,41.1518,2023-07-12,0,0.8606,1.988,-0.0393880102388886,2023-06-12
prebreak,301022,2023-06-15,S,S,A,C,S,S,A,25.7771,23.72,22.53,1.19,,1,23.72,26.4332,2023-06-26,0,2.2634,1,23.72,24.2433,2023-07-03,0,0.4243,1,23.72,27.0699,2023-07-17,0,2.7981,2.0076,0.0579457663599922,2023-06-15
prebreak,600089,2023-06-15,S,S,A,C,S,S,A,15.6157,15.9,15.14,0.76,,0,0.0,0.0,,0,0.0,0,0.0,0.0,,0,0.0,1,15.9,15.7894,2023-07-17,0,-0.1614,2.8858,0.005679304836337,2023-06-15
prebreak,002465,2023-06-16,S,S,A,C,S,S,A,9.7757,9.91,9.4,0.51,,1,9.91,9.9224,2023-06-27,0,0.0095,1,9.91,10.0103,2023-07-04,0,0.1819,1,9.91,9.9028,2023-07-18,0,-0.0289,1.5536,0.0526845323633564,2023-06-16
prebreak,002831,2023-06-16,S,S,A,C,S,S,A,15.9175,15.6,14.96,0.64,,1,15.6,15.5479,2023-06-27,0,-0.0999,1,15.6,16.1979,2023-07-04,0,0.915,1,15.6,16.4145,2023-07-18,0,1.2534,1.5827,-0.0213412636016739,2023-06-16
prebreak,300627,2023-06-19,S,S,A,C,S,S,A,21.6983,19.96,19.02,0.94,,1,19.96,21.4369,2023-06-26,0,1.5541,1,19.96,21.4369,2023-06-26,0,1.5541,1,19.96,21.4369,2023-06-26,0,1.5541,2.2264,0.0119410465145917,2023-06-19
prebreak,600893,2023-06-19,S,S,A,C,S,S,A,39.7444,39.89,38.46,1.43,,1,39.89,40.0417,2023-06-26,0,0.0848,1,39.89,40.0417,2023-06-26,0,0.0848,1,39.89,40.0417,2023-06-26,0,0.0848,1.9614,-0.0171840834682547,2023-06-19
prebreak,002053,2023-06-20,S,S,A,C,S,S,A,10.281,10.78,10.22,0.56,,0,0.0,0.0,,0,0.0,1,10.78,10.7173,2023-07-05,0,-0.1265,1,10.78,10.7173,2023-07-05,0,-0.1265,1.6774,0.0672858161733478,2023-06-20
prebreak,300627,2023-06-28,S,S,A,C,S,S,A,21.3132,19.96,19.02,0.94,,1,19.96,22.8193,2023-07-05,0,3.0238,1,19.96,22.4686,2023-07-12,0,2.6509,1,19.96,21.7946,2023-07-26,0,1.9343,1.7888,0.0201219407394899,2023-06-28
prebreak,301160,2023-06-28,S,S,A,C,S,S,A,15.8973,15.8,14.97,0.83,,1,15.8,16.2004,2023-07-05,0,0.4677,1,15.8,16.1416,2023-07-12,0,0.3969,1,15.8,16.0104,2023-07-26,0,0.2389,3.1623,0.0007133149761182,2023-06-28
prebreak,600893,2023-06-28,S,S,A,C,S,S,A,40.9734,41.43,39.52,1.91,,1,41.43,42.1825,2023-07-05,0,0.3773,1,41.43,41.1518,2023-07-12,0,-0.1621,1,41.43,40.0913,2023-07-26,0,-0.717,2.3283,0.0554259475447476,2023-06-28
prebreak,600585,2023-07-04,S,S,A,C,S,S,A,21.2314,21.75,20.97,0.78,,0,0.0,0.0,,0,0.0,0,0.0,0.0,,0,0.0,1,21.75,23.6733,2023-08-01,0,2.443,3.75,0.0071575416026004,2023-07-04
prebreak,003037,2023-07-07,S,S,A,C,S,S,A,12.2333,12.57,11.97,0.6,,1,12.57,12.4289,2023-07-12,0,-0.2509,1,12.57,12.4289,2023-07-12,0,-0.2509,1,12.57,12.4289,2023-07-12,0,-0.2509,1.5954,-0.0073909081889524,2023-07-07
prebreak,301107,2023-07-07,S,S,A,C,S,S,A,16.6934,14.69,14.14,0.55,,1,14.69,18.2278,2023-07-14,0,6.408,1,14.69,15.5292,2023-07-21,0,1.5045,1,14.69,14.5257,2023-08-04,0,-0.3188,2.4506,0.0559256213702765,2023-07-07
prebreak,600827,2023-07-07,S,S,A,C,S,S,A,12.026,13.01,12.38,0.63,,0,0.0,0.0,,0,0.0,0,0.0,0.0,,0,0.0,0,13.01,13.4367,2023-08-04,0,0.6612,2.8909,0.1102272296014803,2023-07-07
prebreak,000408,2023-07-11,S,S,A,C,S,S,A,20.6289,21.05,20.1,0.95,,0,0.0,0.0,,0,0.0,1,21.05,20.3689,2023-07-24,0,-0.7334,1,21.05,20.3689,2023-07-24,0,-0.7334,2.1227,0.0289103700515303,2023-07-11
prebreak,300629,2023-07-13,S,S,A,C,S,S,A,19.8431,21.22,20.18,1.04,,0,0.0,0.0,,0,0.0,1,21.22,20.7302,2023-07-27,0,-0.4861,1,21.22,20.5035,2023-07-31,0,-0.704,2.2684,0.0207137213484418,2023-07-13
prebreak,600199,2023-07-19,S,S,A,C,S,S,A,24.99,25.89,24.76,1.13,,1,25.89,26.64,2023-07-26,0,0.6459,1,25.89,27.59,2023-08-02,0,1.4861,1,25.89,25.93,2023-08-16,0,0.018,2.6716,0.0532953620829943,2023-07-19
prebreak,601966,2023-07-24,S,S,A,C,S,S,A,22.3525,21.66,20.57,1.09,,1,21.66,21.8892,2023-07-27,0,0.195,1,21.66,21.8892,2023-07-27,0,0.195,1,21.66,21.8892,2023-07-27,0,0.195,1.649,0.0300188808199626,2023-07-24
prebreak,300384,2023-07-25,S,S,A,C,S,S,A,15.7451,16.04,15.26,0.78,,1,16.04,16.0035,2023-08-01,0,-0.0624,1,16.04,15.902,2023-08-02,0,-0.1924,1,16.04,15.902,2023-08-02,0,-0.1924,3.046,0.0438860031738035,2023-07-25
prebreak,301029,2023-07-31,S,S,A,C,S,S,A,37.4691,37.81,35.99,1.82,,1,37.81,37.061,2023-08-04,0,-0.4271,1,37.81,37.061,2023-08-04,0,-0.4271,1,37.81,37.061,2023-08-04,0,-0.4271,2.0756,-0.0852085772218336,2023-07-31
prebreak,300384,2023-08-01,S,S,A,C,S,S,A,16.0035,16.04,15.26,0.78,,1,16.04,16.0774,2023-08-08,0,0.0322,1,16.04,15.26,2023-08-14,1,-1.015,1,16.04,15.26,2023-08-14,1,-1.015,1.5599,0.0475899156628885,2023-08-01
prebreak,600862,2023-08-02,S,S,A,C,S,S,A,23.429,24.15,23.06,1.09,2023-08-25（报告期 2023-06-30 00:00:00）,0,0.0,0.0,,0,0.0,0,0.0,0.0,,0,0.0,1,24.15,23.06,2023-08-28,1,-1.0162,1.8592,0.0476312206626148,2023-08-02
prebreak,300872,2023-08-03,S,S,A,C,S,S,A,15.0706,15.15,14.35,0.8,,1,15.15,15.8747,2023-08-10,0,0.891,1,15.15,14.6933,2023-08-17,0,-0.5849,1,15.15,14.35,2023-08-18,1,-1.0138,3.9083,0.0193717259410952,2023-08-03
prebreak,002465,2023-08-08,S,S,A,C,S,S,A,10.245,10.34,9.83,0.51,2023-08-25（报告期 2023-06-30 00:00:00）,0,0.0,0.0,,0,0.0,0,0.0,0.0,,0,0.0,1,10.34,10.157,2023-09-01,0,-0.374,8.4003,0.0189997079928929,2023-08-08
prebreak,300619,2023-08-10,S,S,A,C,S,S,A,32.0422,29.96,28.51,1.45,,1,29.96,28.51,2023-08-15,1,-1.0151,1,29.96,28.51,2023-08-15,1,-1.0151,1,29.96,28.51,2023-08-15,1,-1.0151,1.6274,-0.0084124782613584,2023-08-10
prebreak,300872,2023-08-17,S,S,A,C,S,S,A,14.6933,15.15,14.35,0.8,,0,0.0,0.0,,0,0.0,1,15.15,14.35,2023-08-29,1,-1.0138,1,15.15,14.35,2023-08-29,1,-1.0138,1.9368,0.0241607206267244,2023-08-17
prebreak,600316,2023-08-17,S,S,A,C,S,S,A,22.1869,22.45,21.43,1.02,,1,22.45,21.43,2023-08-21,1,-1.0161,1,22.45,21.43,2023-08-21,1,-1.0161,1,22.45,21.43,2023-08-21,1,-1.0161,1.8048,0.0173496237791384,2023-08-17
prebreak,000408,2023-08-22,S,S,A,C,S,S,A,20.9247,21.67,20.65,1.02,,0,0.0,0.0,,0,0.0,1,21.67,22.5629,2023-09-05,0,0.8587,1,21.67,21.9034,2023-09-19,0,0.2125,3.0252,-0.0081534971096617,2023-08-22
prebreak,300012,2023-08-22,S,S,A,C,S,S,A,18.6463,19.99,19.27,0.72,,1,19.99,19.27,2023-08-29,1,-1.0205,1,19.99,19.27,2023-08-29,1,-1.0205,1,19.99,19.27,2023-08-29,1,-1.0205,2.045,0.0251251911762446,2023-08-22
prebreak,600055,2023-08-22,S,S,A,C,S,S,A,17.3711,18.76,17.89,0.87,2023-08-29（报告期 2023-06-30 00:00:00）,1,18.76,18.758,2023-08-29,0,-0.0187,1,18.76,18.4531,2023-08-31,0,-0.3689,1,18.76,18.4531,2023-08-31,0,-0.3689,2.9472,-0.0525572053107351,2023-08-22
prebreak,603393,2023-08-22,S,S,A,C,S,S,A,24.4254,26.96,25.62,1.34,2023-08-30（报告期 2023-06-30 00:00:00）,0,0.0,0.0,,0,0.0,0,0.0,0.0,,0,0.0,0,26.96,29.162,2023-09-19,0,1.6269,3.1071,0.1086473553789626,2023-08-22
prebreak,300408,2023-08-24,S,S,A,C,S,S,A,29.1317,31.69,30.12,1.57,2023-08-30（报告期 2023-06-30 00:00:00）,1,31.69,31.2536,2023-08-31,0,-0.2931,1,31.69,31.0784,2023-09-04,0,-0.4047,1,31.69,31.0784,2023-09-04,0,-0.4047,1.6987,0.0017964974804061,2023-08-24
prebreak,600031,2023-08-28,S,S,A,C,S,S,A,14.7045,15.27,14.53,0.74,2023-08-31（报告期 2023-06-30 00:00:00）,1,15.27,16.1211,2023-09-04,0,1.1337,1,15.27,15.8472,2023-09-06,0,0.7638,1,15.27,15.8472,2023-09-06,0,0.7638,3.4165,-0.0702238926448458,2023-08-28
prebreak,000408,2023-08-29,S,S,A,C,S,S,A,21.021,21.3,20.31,0.99,,1,21.3,22.5629,2023-09-05,0,1.2585,1,21.3,21.9963,2023-09-12,0,0.6865,1,21.3,20.9281,2023-09-26,0,-0.3918,3.0252,-0.0250885781465526,2023-08-29
prebreak,603393,2023-08-29,S,S,A,C,S,S,A,25.1676,26.96,25.62,1.34,2023-08-30（报告期 2023-06-30 00:00:00）,0,0.0,0.0,,0,0.0,1,26.96,28.3025,2023-09-12,0,0.986,0,26.96,28.2146,2023-09-26,0,0.9204,3.1071,0.1086473553789626,2023-08-29
prebreak,600862,2023-08-30,S,S,A,C,S,S,A,23.6899,23.91,22.71,1.2,,1,23.91,24.4632,2023-09-06,0,0.4455,1,23.91,23.8446,2023-09-13,0,-0.0696,1,23.91,23.8736,2023-09-27,0,-0.0455,1.636,0.0023377833236499,2023-08-30
prebreak,603195,2023-08-30,S,S,A,C,S,S,A,46.7006,46.03,44.02,2.01,,1,46.03,47.1396,2023-09-06,0,0.5343,1,46.03,46.0266,2023-09-13,0,-0.0191,1,46.03,46.3636,2023-09-27,0,0.1485,3.5574,0.0217290745047404,2023-08-30
prebreak,300809,2023-08-31,S,S,A,C,S,S,A,20.5381,21.11,20.18,0.93,,0,0.0,0.0,,0,0.0,1,21.11,20.7257,2023-09-14,0,-0.4302,1,21.11,20.18,2023-09-18,1,-1.0166,3.0943,0.0505727447927724,2023-08-31
prebreak,002635,2023-09-01,S,S,A,C,S,S,A,12.5949,12.25,11.73,0.52,,1,12.25,12.9775,2023-09-08,0,1.3802,1,12.25,12.6332,2023-09-15,0,0.7185,1,12.25,13.2644,2023-10-09,0,1.9316,2.8668,-0.0758065589879837,2023-09-01
prebreak,300997,2023-09-01,S,S,A,C,S,S,A,13.6213,12.67,12.06,0.61,,1,12.67,13.0549,2023-09-06,0,0.6148,1,12.67,13.0549,2023-09-06,0,0.6148,1,12.67,13.0549,2023-09-06,0,0.6148,1.9814,-0.0467151438040839,2023-09-01
prebreak,603080,2023-09-01,S,S,A,C,S,S,A,15.1966,13.45,12.8,0.65,,1,13.45,14.4725,2023-09-06,0,1.5563,1,13.45,14.4725,2023-09-06,0,1.5563,1,13.45,14.4725,2023-09-06,0,1.5563,6.4338,0.0429592157039186,2023-09-01
prebreak,300400,2023-09-04,S,S,A,C,S,S,A,15.1376,14.27,13.54,0.73,,1,14.27,15.6179,2023-09-11,0,1.8304,1,14.27,15.4055,2023-09-18,0,1.5396,1,14.27,15.9689,2023-10-10,0,2.3109,8.403,0.0225399054408581,2023-09-04
prebreak,300531,2023-09-04,S,S,A,C,S,S,A,13.8946,14.15,13.41,0.74,,1,14.15,14.2402,2023-09-11,0,0.1073,1,14.15,13.41,2023-09-14,1,-1.0139,1,14.15,13.41,2023-09-14,1,-1.0139,2.7876,0.0227451767283197,2023-09-04
prebreak,300747,2023-09-04,S,S,A,C,S,S,A,26.0615,26.68,25.29,1.39,,1,26.68,25.4782,2023-09-07,0,-0.8786,1,26.68,25.4782,2023-09-07,0,-0.8786,1,26.68,25.4782,2023-09-07,0,-0.8786,1.8366,-0.0471204348461222,2023-09-04
prebreak,002294,2023-09-05,S,S,A,C,S,S,A,25.7808,26.72,25.64,1.08,,0,0.0,0.0,,0,0.0,1,26.72,27.5364,2023-09-19,0,0.7366,1,26.72,28.4333,2023-10-11,0,1.5666,4.7745,0.0059043240158618,2023-09-05
prebreak,600161,2023-09-05,S,S,A,C,S,S,A,20.15,20.58,19.9,0.68,,0,0.0,0.0,,0,0.0,1,20.58,20.3782,2023-09-19,0,-0.3195,1,20.58,20.3782,2023-09-19,0,-0.3195,2.1082,0.0441497689916721,2023-09-05
prebreak,002032,2023-09-06,S,S,A,C,S,S,A,41.0245,41.92,40.51,1.41,,1,41.92,40.51,2023-09-12,1,-1.022,1,41.92,40.51,2023-09-12,1,-1.022,1,41.92,40.51,2023-09-12,1,-1.022,1.8353,-0.0150933678291023,2023-09-06
prebreak,688166,2023-09-11,S,S,A,C,S,S,A,19.1505,20.03,19.04,0.99,,1,20.03,20.5738,2023-09-18,0,0.5336,1,20.03,26.1577,2023-09-25,0,6.1703,1,20.03,42.8795,2023-10-17,0,23.0504,2.14,0.0524922904027331,2023-09-11
prebreak,002294,2023-09-12,S,S,A,C,S,S,A,25.6949,26.72,25.64,1.08,,1,26.72,27.5364,2023-09-19,0,0.7366,1,26.72,27.7558,2023-09-26,0,0.9397,1,26.72,27.9562,2023-10-18,0,1.1251,4.7745,0.0059043240158618,2023-09-12
prebreak,600161,2023-09-12,S,S,A,C,S,S,A,20.3293,20.58,19.63,0.95,,1,20.58,20.3782,2023-09-19,0,-0.2287,1,20.58,20.3782,2023-09-19,0,-0.2287,1,20.58,20.3782,2023-09-19,0,-0.2287,2.1082,0.0441497689916721,2023-09-12
prebreak,600438,2023-09-12,S,S,A,C,S,S,A,30.297,31.04,29.58,1.46,,0,0.0,0.0,,0,0.0,0,0.0,0.0,,0,0.0,1,31.04,30.5557,2023-10-09,0,-0.3476,2.5332,-0.0026038841118241,2023-09-12
prebreak,603393,2023-09-12,S,S,A,C,S,S,A,28.3025,26.87,25.86,1.01,,1,26.87,29.162,2023-09-19,0,2.2476,1,26.87,28.2146,2023-09-26,0,1.3103,0,26.87,27.99,2023-10-18,0,1.088,2.0352,0.1138933155310535,2023-09-12
prebreak,002028,2023-09-15,S,S,A,C,S,S,A,48.4141,50.89,48.76,2.13,,0,0.0,0.0,,0,0.0,1,50.89,48.9648,2023-10-09,0,-0.9214,1,50.89,48.76,2023-10-10,1,-1.0175,1.9041,0.0110910833249482,2023-09-15
prebreak,000400,2023-09-22,S,S,A,C,S,S,A,18.0485,18.36,17.58,0.78,,1,18.36,18.5937,2023-10-09,0,0.2815,1,18.36,17.58,2023-10-13,1,-1.0173,1,18.36,17.58,2023-10-13,1,-1.0173,2.9652,-0.0064351680936864,2023-09-22
prebreak,002028,2023-09-22,S,S,A,C,S,S,A,48.6796,49.57,47.81,1.76,,1,49.57,48.9648,2023-10-09,0,-0.3651,1,49.57,47.81,2023-10-10,1,-1.0208,1,49.57,47.81,2023-10-10,1,-1.0208,2.1767,-0.0172471070429387,2023-09-22
prebreak,600161,2023-09-26,S,S,A,C,S,S,A,20.5086,20.82,20.0,0.82,,1,20.82,21.0629,2023-10-11,0,0.2768,1,20.82,22.2041,2023-10-18,0,1.6676,1,20.82,23.4268,2023-11-01,0,3.1577,1.7852,0.0332513504880158,2023-09-26
prebreak,600862,2023-09-27,S,S,A,C,S,S,A,23.8736,24.41,23.15,1.26,,1,24.41,23.7769,2023-10-12,0,-0.5169,1,24.41,23.7769,2023-10-12,0,-0.5169,1,24.41,23.7769,2023-10-12,0,-0.5169,2.0383,0.0354655627939191,2023-09-27
prebreak,002635,2023-10-09,S,S,A,C,S,S,A,13.2644,12.82,12.22,0.6,,1,12.82,13.6565,2023-10-16,0,1.377,1,12.82,12.7958,2023-10-23,0,-0.0566,1,12.82,14.2303,2023-11-06,0,2.3327,1.8062,-0.0229339179811488,2023-10-09
prebreak,002557,2023-10-10,S,S,A,C,S,S,A,28.4493,30.14,28.83,1.31,,0,0.0,0.0,,0,0.0,0,0.0,0.0,,0,0.0,1,30.14,32.1211,2023-11-07,0,1.4938,2.5821,0.017924207042036,2023-10-10
prebreak,600161,2023-10-11,S,S,A,C,S,S,A,21.0629,21.38,20.62,0.76,,1,21.38,22.2041,2023-10-18,0,1.0623,1,21.38,21.6335,2023-10-25,0,0.312,1,21.38,23.8181,2023-11-08,0,3.1846,4.446,0.0842902568707049,2023-10-11
prebreak,002635,2023-10-16,S,S,A,C,S,S,A,13.6565,14.03,13.31,0.72,,0,0.0,0.0,,0,0.0,0,0.0,0.0,,0,0.0,1,14.03,14.039,2023-11-13,0,-0.0023,1.7156,0.0577212596662561,2023-10-16
prebreak,603353,2023-10-16,S,S,A,C,S,S,A,21.5886,19.32,18.59,0.73,,1,19.32,24.9773,2023-10-23,0,7.7248,1,19.32,25.8343,2023-10-30,0,8.8979,1,19.32,27.6065,2023-11-13,0,11.3241,6.0356,0.013626944491808,2023-10-16
prebreak,605319,2023-10-16,S,S,A,C,S,S,A,11.72,11.31,10.74,0.57,,1,11.31,11.9948,2023-10-23,0,1.1855,1,11.31,13.4221,2023-10-30,0,3.688,1,11.31,14.9389,2023-11-13,0,6.3473,2.9695,-0.0001124202783684,2023-10-16
prebreak,301166,2023-10-17,S,S,A,C,S,S,A,41.1129,39.44,37.96,1.48,,1,39.44,37.96,2023-10-19,1,-1.0196,1,39.44,37.96,2023-10-19,1,-1.0196,1,39.44,37.96,2023-10-19,1,-1.0196,1.525,0.0255994701455519,2023-10-17
prebreak,300529,2023-10-24,S,S,A,C,S,S,A,18.9162,21.13,20.09,1.04,,1,21.13,21.852,2023-10-31,0,0.6783,1,21.13,21.4365,2023-11-01,0,0.2791,1,21.13,21.4365,2023-11-01,0,0.2791,5.2854,-0.0053032359246449,2023-10-24
prebreak,603668,2023-10-26,S,S,A,C,S,S,A,14.2454,14.76,14.17,0.59,,1,14.76,15.3691,2023-11-02,0,1.0127,1,14.76,15.3963,2023-11-09,0,1.0588,1,14.76,16.5925,2023-11-23,0,3.0849,6.6068,0.0205172522099934,2023-10-26
prebreak,000887,2023-10-27,S,S,A,C,S,S,A,11.9554,12.3,11.69,0.61,,1,12.3,12.2453,2023-11-02,0,-0.1049,1,12.3,12.2453,2023-11-02,0,-0.1049,1,12.3,12.2453,2023-11-02,0,-0.1049,2.7808,0.0605499732868628,2023-10-27
prebreak,002142,2023-10-27,S,S,A,C,S,S,A,22.0779,22.45,21.46,0.99,,1,22.45,22.4943,2023-11-02,0,0.0275,1,22.45,22.4943,2023-11-02,0,0.0275,1,22.45,22.4943,2023-11-02,0,0.0275,1.6659,-0.0981450004480147,2023-10-27
prebreak,002847,2023-10-27,S,S,A,C,S,S,A,52.517,48.08,45.73,2.35,,1,48.08,51.8488,2023-11-03,0,1.5872,1,48.08,55.2428,2023-11-10,0,3.0305,1,48.08,53.3903,2023-11-24,0,2.2427,1.763,-0.0393471690217633,2023-10-27
prebreak,002019,2023-10-30,S,S,A,C,S,S,A,13.4449,13.57,12.87,0.7,,1,13.57,13.3962,2023-11-02,0,-0.2628,1,13.57,13.3962,2023-11-02,0,-0.2628,1,13.57,13.3962,2023-11-02,0,-0.2628,1.8126,0.0256346910805902,2023-10-30
prebreak,300652,2023-10-30,S,S,A,C,S,S,A,18.3641,17.44,16.64,0.8,,1,17.44,18.7912,2023-11-06,0,1.6713,1,17.44,19.4355,2023-11-13,0,2.4762,1,17.44,19.7277,2023-11-27,0,2.8413,2.6508,0.0173363429936479,2023-10-30
prebreak,603319,2023-10-30,S,S,A,C,S,S,A,11.6588,12.11,11.6,0.51,,1,12.11,11.8869,2023-11-02,0,-0.4553,1,12.11,11.8869,2023-11-02,0,-0.4553,1,12.11,11.8869,2023-11-02,0,-0.4553,2.1757,0.0473923645619394,2023-10-30
prebreak,002074,2023-10-31,S,S,A,C,S,S,A,22.4862,23.45,22.23,1.22,,1,23.45,23.2964,2023-11-07,0,-0.1405,1,23.45,23.2865,2023-11-08,0,-0.1485,1,23.45,23.2865,2023-11-08,0,-0.1485,1.634,0.0310815077919783,2023-10-31
prebreak,603926,2023-10-31,S,S,A,C,S,S,A,10.0129,10.43,9.91,0.52,,1,10.43,11.003,2023-11-07,0,1.086,1,10.43,11.2552,2023-11-14,0,1.5707,1,10.43,11.853,2023-11-28,0,2.7196,1.5542,0.0339354010691488,2023-10-31
prebreak,002847,2023-11-03,S,S,A,C,S,S,A,51.8488,53.05,50.33,2.72,,1,53.05,55.2428,2023-11-10,0,0.7908,1,53.05,52.173,2023-11-17,0,-0.337,0,53.05,52.775,2023-12-01,0,-0.1158,1.5385,0.100543369506213,2023-11-03
prebreak,603238,2023-11-03,S,S,A,C,S,S,A,13.1117,12.14,11.51,0.63,,1,12.14,13.065,2023-11-10,0,1.4527,1,12.14,13.1772,2023-11-17,0,1.6306,1,12.14,13.0931,2023-12-01,0,1.4972,1.7997,0.0204401922175656,2023-11-03
prebreak,002389,2023-11-06,S,S,A,C,S,S,A,19.8611,20.02,19.36,0.66,,1,20.02,20.0295,2023-11-13,0,-0.0087,1,20.02,20.3861,2023-11-20,0,0.5313,1,20.02,19.36,2023-11-24,1,-1.0224,1.7097,-0.0212862746660308,2023-11-06
prebreak,002046,2023-11-07,S,S,A,C,S,S,A,10.2742,10.99,10.46,0.53,,1,10.99,10.9894,2023-11-10,0,-0.0168,1,10.99,10.9894,2023-11-10,0,-0.0168,1,10.99,10.9894,2023-11-10,0,-0.0168,4.3005,0.0346310389382362,2023-11-07
prebreak,603706,2023-11-07,S,S,A,C,S,S,A,14.6654,13.98,13.37,0.61,,1,13.98,16.3749,2023-11-14,0,3.9061,1,13.98,15.3509,2023-11-21,0,2.2286,1,13.98,14.865,2023-12-05,0,1.4324,3.4143,0.0393679102925368,2023-11-07
prebreak,600549,2023-11-10,S,S,A,C,S,S,A,16.4123,16.77,16.17,0.6,,1,16.77,16.6396,2023-11-17,0,-0.2385,1,16.77,16.6396,2023-11-17,0,-0.2385,1,16.77,16.6396,2023-11-17,0,-0.2385,1.6878,0.0477933633001195,2023-11-10
prebreak,600104,2023-11-13,S,S,A,C,S,S,A,13.6271,14.4,13.73,0.67,,0,0.0,0.0,,0,0.0,1,14.4,14.618,2023-11-27,0,0.3088,1,14.4,14.2027,2023-11-29,0,-0.3106,4.5511,0.0310148393320441,2023-11-13
prebreak,601233,2023-11-21,S,S,A,C,S,S,A,13.6174,13.93,13.41,0.52,,0,0.0,0.0,,0,0.0,0,0.0,0.0,,0,0.0,1,13.93,14.0988,2023-12-19,0,0.3041,3.6578,0.0356598594673089,2023-11-21
prebreak,601038,2023-11-23,S,S,A,C,S,S,A,11.9431,11.3,10.77,0.53,,1,11.3,13.0305,2023-11-30,0,3.2468,1,11.3,12.768,2023-12-07,0,2.7519,1,11.3,13.3398,2023-12-21,0,3.8301,1.7,0.0103972462326524,2023-11-23
prebreak,603979,2023-11-23,S,S,A,C,S,S,A,34.6412,35.39,33.79,1.6,,0,0.0,0.0,,0,0.0,0,0.0,0.0,,0,0.0,1,35.39,35.1681,2023-12-19,0,-0.1554,2.1984,0.0216163411502354,2023-11-23
prebreak,605179,2023-11-23,S,S,A,C,S,S,A,13.8174,12.22,11.66,0.56,,1,12.22,13.9952,2023-11-30,0,3.1514,1,12.22,17.4421,2023-12-07,0,9.3027,1,12.22,13.4223,2023-12-21,0,2.1291,7.4511,0.0388458600671106,2023-11-23
prebreak,600523,2023-11-27,S,S,A,C,S,S,A,13.8227,13.93,13.3,0.63,,1,13.93,15.4985,2023-12-04,0,2.4713,1,13.93,14.8979,2023-12-11,0,1.5187,0,13.93,13.3,2023-12-21,1,-1.0162,5.2989,0.1045110102574877,2023-11-27
prebreak,002402,2023-11-28,S,S,A,C,S,S,A,13.6274,13.91,13.27,0.64,,0,0.0,0.0,,0,0.0,1,13.91,13.8322,2023-12-12,0,-0.138,1,13.91,13.6859,2023-12-14,0,-0.3664,2.5235,-0.0076742270740431,2023-11-28
prebreak,300699,2023-11-28,S,S,A,C,S,S,A,24.0341,24.98,23.77,1.21,,0,0.0,0.0,,0,0.0,0,0.0,0.0,,0,0.0,1,24.98,24.5368,2023-12-26,0,-0.3817,2.9824,0.0385361938101174,2023-11-28
prebreak,601038,2023-11-30,S,S,A,C,S,S,A,13.0305,11.3,10.77,0.53,,1,11.3,12.6555,2023-12-05,0,2.5397,1,11.3,12.6555,2023-12-05,0,2.5397,1,11.3,12.6555,2023-12-05,0,2.5397,2.1557,0.0146497598952477,2023-11-30
prebreak,605179,2023-11-30,S,S,A,C,S,S,A,13.9952,12.22,11.66,0.56,,1,12.22,17.4421,2023-12-07,0,9.3027,1,12.22,15.4372,2023-12-14,0,5.7247,1,12.22,14.8939,2023-12-28,0,4.7553,2.2788,0.0250749124605873,2023-11-30
prebreak,600380,2023-12-01,S,S,A,C,S,S,A,11.9418,12.08,11.53,0.55,,0,0.0,0.0,,0,0.0,1,12.08,11.8662,2023-12-15,0,-0.4053,1,12.08,11.7527,2023-12-18,0,-0.6114,1.737,0.0620258887125582,2023-12-01
prebreak,002635,2023-12-04,S,S,A,C,S,S,A,13.7138,14.41,13.74,0.67,,0,0.0,0.0,,0,0.0,0,0.0,0.0,,0,0.0,1,14.41,14.0581,2023-12-22,0,-0.5412,8.6981,0.0566580813571087,2023-12-04
prebreak,603690,2023-12-11,S,S,A,C,S,S,A,26.0615,26.14,25.23,0.91,,0,0.0,0.0,,0,0.0,0,0.0,0.0,,0,0.0,1,26.14,25.23,2024-01-03,1,-1.0212,1.7937,0.0014939147139994,2023-12-11
prebreak,002935,2023-12-12,S,S,A,C,S,S,A,15.5638,15.83,15.01,0.82,,0,0.0,0.0,,0,0.0,0,0.0,0.0,,0,0.0,1,15.83,15.976,2024-01-10,0,0.1633,3.6633,-0.0172522186526701,2023-12-12
prebreak,300589,2023-12-12,S,S,A,C,S,S,A,13.7543,14.05,13.46,0.59,,0,0.0,0.0,,0,0.0,0,0.0,0.0,,0,0.0,1,14.05,13.46,2024-01-08,1,-1.0175,2.5221,0.0312149275829669,2023-12-12
prebreak,002805,2023-12-14,S,S,A,C,S,S,A,14.01,16.32,15.49,0.83,,0,0.0,0.0,,0,0.0,1,16.32,16.05,2023-12-28,0,-0.34,1,16.32,15.67,2024-01-02,0,-0.7976,2.8469,0.0414805360561583,2023-12-14
prebreak,300073,2023-12-15,S,S,A,C,S,S,A,35.6634,37.23,35.42,1.81,,0,0.0,0.0,,0,0.0,1,37.23,37.0806,2023-12-29,0,-0.0981,1,37.23,36.6438,2024-01-02,0,-0.3393,1.9069,-0.0633972598085255,2023-12-15
prebreak,601021,2023-12-19,S,S,A,C,S,S,A,47.5582,50.03,47.64,2.39,,0,0.0,0.0,,0,0.0,0,0.0,0.0,,0,0.0,1,50.03,49.2942,2024-01-11,0,-0.3236,1.9018,0.0125761045317527,2023-12-19
prebreak,688589,2023-12-19,S,S,A,C,S,S,A,26.5365,27.28,26.01,1.27,,0,0.0,0.0,,0,0.0,1,27.28,26.5567,2024-01-03,0,-0.5855,1,27.28,26.3408,2024-01-04,0,-0.7554,1.5212,0.0075311251511682,2023-12-19
prebreak,000155,2023-12-21,S,S,A,C,S,S,A,12.6554,12.51,11.89,0.62,,1,12.51,12.4711,2023-12-26,0,-0.078,1,12.51,12.4711,2023-12-26,0,-0.078,1,12.51,12.4711,2023-12-26,0,-0.078,1.5786,0.0453871333909881,2023-12-21
prebreak,300393,2023-12-21,S,S,A,C,S,S,A,9.2515,10.34,9.84,0.5,,0,0.0,0.0,,0,0.0,0,0.0,0.0,,0,0.0,1,10.34,10.3433,2024-01-19,0,-0.0091,2.0906,0.0945938440485849,2023-12-21
prebreak,300402,2023-12-21,S,S,A,C,S,S,A,18.0204,17.4,16.6,0.8,,1,17.4,19.1671,2023-12-28,0,2.1909,1,17.4,21.8558,2024-01-05,0,5.5497,1,17.4,17.2,2024-01-19,0,-0.2664,1.583,0.0263771618782662,2023-12-21
prebreak,002733,2023-12-25,S,S,A,C,S,S,A,14.3609,14.33,13.61,0.72,,1,14.33,14.7419,2024-01-02,0,0.5566,1,14.33,14.3414,2024-01-09,0,0.0007,1,14.33,13.61,2024-01-22,1,-1.0145,1.6637,-0.0201494447996876,2023-12-25
prebreak,002780,2023-12-27,S,S,A,C,S,S,A,12.8536,13.83,13.22,0.61,,1,13.83,14.3781,2024-01-04,0,0.8807,1,13.83,14.3881,2024-01-11,0,0.897,1,13.83,13.22,2024-01-18,1,-1.0166,2.1491,0.0205829263113188,2023-12-27
prebreak,003042,2023-12-27,S,S,A,C,S,S,A,17.59,19.61,18.64,0.97,,1,19.61,19.7,2024-01-04,0,0.0774,1,19.61,18.64,2024-01-08,1,-1.0147,1,19.61,18.64,2024-01-08,1,-1.0147,1.733,0.0245559038662486,2023-12-27
prebreak,300433,2023-12-27,S,S,A,C,S,S,A,12.0074,12.28,11.76,0.52,,1,12.28,12.2552,2024-01-03,0,-0.0657,1,12.28,12.2552,2024-01-03,0,-0.0657,1,12.28,12.2552,2024-01-03,0,-0.0657,1.7755,-0.0155795458648393,2023-12-27
prebreak,601137,2023-12-27,S,S,A,C,S,S,A,13.7864,13.88,13.14,0.74,,1,13.88,14.2676,2024-01-04,0,0.5092,1,13.88,14.881,2024-01-11,0,1.3376,1,13.88,13.14,2024-01-23,1,-1.0136,1.7115,-0.0829658533951535,2023-12-27
prebreak,000532,2023-12-28,S,S,A,C,S,S,A,11.9756,11.47,10.9,0.57,,1,11.47,12.5155,2024-01-05,0,1.8178,1,11.47,12.7511,2024-01-12,0,2.2308,1,11.47,14.8615,2024-01-26,0,5.931,2.3156,0.0064525270242292,2023-12-28
prebreak,002438,2023-12-28,S,S,A,C,S,S,A,11.1428,10.27,9.74,0.53,,1,10.27,11.0852,2024-01-05,0,1.5224,1,10.27,11.2389,2024-01-12,0,1.8122,1,10.27,9.74,2024-01-22,1,-1.0141,1.8179,0.016290821741798,2023-12-28
prebreak,300393,2023-12-28,S,S,A,C,S,S,A,10.1581,10.34,9.84,0.5,,0,0.0,0.0,,0,0.0,0,0.0,0.0,,0,0.0,1,10.34,9.84,2024-01-22,1,-1.0151,2.0906,0.0945938440485849,2023-12-28
prebreak,603529,2023-12-28,S,S,A,C,S,S,A,22.8033,23.03,21.83,1.2,,1,23.03,22.7119,2024-01-05,0,-0.2795,1,23.03,23.2696,2024-01-12,0,0.185,1,23.03,23.0136,2024-01-26,0,-0.0282,1.6169,-0.1177609939345223,2023-12-28
prebreak,300073,2023-12-29,S,S,A,C,S,S,A,37.0806,37.23,35.42,1.81,,0,0.0,0.0,,0,0.0,1,37.23,37.0418,2024-01-15,0,-0.1195,1,37.23,35.42,2024-01-18,1,-1.015,1.9786,0.0419419236848921,2023-12-29
prebreak,300257,2023-12-29,S,S,A,C,S,S,A,15.3627,15.61,14.86,0.75,,1,15.61,15.4504,2024-01-04,0,-0.2285,1,15.61,15.4504,2024-01-04,0,-0.2285,1,15.61,15.4504,2024-01-04,0,-0.2285,1.8873,0.0418817901560688,2023-12-29
prebreak,003002,2024-01-02,S,S,A,C,S,S,A,14.4696,13.61,12.92,0.69,,1,13.61,14.18,2024-01-05,0,0.8106,1,13.61,14.18,2024-01-05,0,0.8106,1,13.61,14.18,2024-01-05,0,0.8106,3.7617,-0.0160848135260648,2024-01-02
prebreak,300856,2024-01-03,S,S,A,C,S,S,A,21.2339,21.03,20.06,0.97,,1,21.03,22.1783,2024-01-10,0,1.1666,1,21.03,22.5043,2024-01-17,0,1.5025,1,21.03,20.06,2024-01-31,1,-1.0158,3.5252,-0.0250351765099363,2024-01-03
prebreak,300911,2024-01-03,S,S,A,C,S,S,A,20.2434,21.62,20.66,0.96,,0,0.0,0.0,,0,0.0,1,21.62,20.6082,2024-01-17,0,-1.0704,1,21.62,20.66,2024-01-18,1,-1.0165,4.0555,0.0314003394926083,2024-01-03
prebreak,600096,2024-01-03,S,S,A,C,S,S,A,13.9842,13.59,12.9,0.69,,1,13.59,13.8208,2024-01-08,0,0.3193,1,13.59,13.8208,2024-01-08,0,0.3193,1,13.59,13.8208,2024-01-08,0,0.3193,2.3175,0.0007401478903372,2024-01-03
prebreak,605378,2024-01-03,S,S,A,C,S,S,A,12.7009,11.93,11.33,0.6,,1,11.93,14.0472,2024-01-10,0,3.5113,1,11.93,11.6852,2024-01-17,0,-0.4228,1,11.93,11.33,2024-01-18,1,-1.0145,2.8427,0.0109983635344932,2024-01-03
prebreak,300783,2024-01-04,S,S,A,C,S,S,A,16.9908,17.32,16.71,0.61,,1,17.32,18.7465,2024-01-11,0,2.3154,1,17.32,18.4344,2024-01-12,0,1.8041,1,17.32,18.4344,2024-01-12,0,1.8041,7.5063,-0.0544463484041098,2024-01-04
prebreak,301238,2024-01-04,S,S,A,C,S,S,A,16.6572,16.81,15.93,0.88,,1,16.81,18.5877,2024-01-11,0,2.0044,1,16.81,16.8609,2024-01-18,0,0.0433,1,16.81,15.93,2024-01-22,1,-1.0139,9.4459,-0.0030195497487993,2024-01-04
prebreak,600887,2024-01-04,S,S,A,C,S,S,A,22.6845,23.57,22.49,1.08,,0,0.0,0.0,,0,0.0,0,0.0,0.0,,0,0.0,1,23.57,23.4095,2024-01-24,0,-0.1651,1.7175,0.0378378249905635,2024-01-04
prebreak,603209,2024-01-04,S,S,A,C,S,S,A,17.6521,16.03,15.28,0.75,,1,16.03,16.6036,2024-01-11,0,0.748,1,16.03,15.28,2024-01-16,1,-1.0156,1,16.03,15.28,2024-01-16,1,-1.0156,1.9248,0.0068740320669822,2024-01-04
prebreak,600138,2024-01-09,S,S,A,C,S,S,A,10.7592,10.93,10.37,0.56,,1,10.93,10.8082,2024-01-16,0,-0.2322,1,10.93,10.37,2024-01-18,1,-1.0142,1,10.93,10.37,2024-01-18,1,-1.0142,2.1253,0.064343987992582,2024-01-09
prebreak,300783,2024-01-11,S,S,A,C,S,S,A,18.7465,17.32,16.71,0.61,,1,17.32,18.7757,2024-01-18,0,2.3634,1,17.32,16.71,2024-01-22,1,-1.0209,1,17.32,16.71,2024-01-22,1,-1.0209,4.733,-0.0349186099472382,2024-01-11
prebreak,301238,2024-01-11,S,S,A,C,S,S,A,18.5877,16.81,15.93,0.88,,1,16.81,16.8609,2024-01-18,0,0.0433,1,16.81,15.93,2024-01-22,1,-1.0139,1,16.81,15.93,2024-01-22,1,-1.0139,2.1384,0.0050765791975559,2024-01-11
prebreak,600258,2024-01-11,S,S,A,C,S,S,A,14.1449,14.57,13.83,0.74,,1,14.57,13.83,2024-01-18,1,-1.0143,1,14.57,13.83,2024-01-18,1,-1.0143,1,14.57,13.83,2024-01-18,1,-1.0143,2.2088,-0.0062699090503522,2024-01-11
prebreak,603209,2024-01-11,S,S,A,C,S,S,A,16.6036,16.03,15.28,0.75,,1,16.03,15.28,2024-01-16,1,-1.0156,1,16.03,15.28,2024-01-16,1,-1.0156,1,16.03,15.28,2024-01-16,1,-1.0156,1.6317,0.0254624757359109,2024-01-11
prebreak,002507,2024-01-23,S,S,A,C,S,S,A,11.7773,13.18,12.53,0.65,,0,0.0,0.0,,0,0.0,0,0.0,0.0,,0,0.0,1,13.18,12.53,2024-02-20,1,-1.0148,2.5253,0.0551507755104505,2024-01-23
prebreak,600138,2024-01-23,S,S,A,C,S,S,A,9.9655,10.93,10.37,0.56,,1,10.93,11.014,2024-01-29,0,0.135,1,10.93,11.014,2024-01-29,0,0.135,1,10.93,11.014,2024-01-29,0,0.135,3.5002,0.0787548350253637,2024-01-23
prebreak,002126,2024-01-24,S,S,A,C,S,S,A,15.3619,17.92,17.04,0.88,,0,0.0,0.0,,0,0.0,0,0.0,0.0,,0,0.0,0,17.92,17.04,2024-02-28,1,-1.0148,1.9973,0.1394077902359134,2024-01-24
prebreak,600977,2024-01-24,S,S,A,C,S,S,A,11.2487,12.28,11.69,0.59,,1,12.28,11.69,2024-01-29,1,-1.0152,1,12.28,11.69,2024-01-29,1,-1.0152,1,12.28,11.69,2024-01-29,1,-1.0152,3.2281,0.0700911349413957,2024-01-24
prebreak,002832,2024-01-25,S,S,A,C,S,S,A,26.926,27.64,26.54,1.1,,0,0.0,0.0,,0,0.0,1,27.64,29.1053,2024-02-08,0,1.3121,1,27.64,26.54,2024-02-27,1,-1.0185,1.8352,0.0336903113055502,2024-01-25
prebreak,000338,2024-02-06,S,S,A,C,S,S,A,13.8656,13.77,13.1,0.67,,1,13.77,14.5679,2024-02-21,0,1.1745,1,13.77,14.3788,2024-02-28,0,0.8925,1,13.77,14.3608,2024-03-13,0,0.8657,1.7288,0.0900778641518691,2024-02-06
prebreak,000423,2024-02-07,S,S,A,C,S,S,A,52.9856,44.84,42.83,2.01,,1,44.84,49.2487,2024-02-22,0,2.1751,1,44.84,51.1965,2024-02-29,0,3.1435,1,44.84,52.5185,2024-03-14,0,3.8008,1.707,0.0372607804513254,2024-02-07
prebreak,002643,2024-02-07,S,S,A,C,S,S,A,13.5433,13.97,13.26,0.71,,1,13.97,13.5337,2024-02-20,0,-0.629,1,13.97,13.5337,2024-02-20,0,-0.629,1,13.97,13.5337,2024-02-20,0,-0.629,1.8517,-0.0378036040925979,2024-02-07
prebreak,600031,2024-02-07,S,S,A,C,S,S,A,12.9951,12.54,11.94,0.6,,1,12.54,13.2406,2024-02-20,0,1.1511,1,12.54,13.2406,2024-02-20,0,1.1511,1,12.54,13.2406,2024-02-20,0,1.1511,1.8502,-0.0157067346857,2024-02-07
prebreak,600096,2024-02-07,S,S,A,C,S,S,A,14.87,14.12,13.38,0.74,,1,14.12,15.5322,2024-02-22,0,1.8927,1,14.12,15.687,2024-02-29,0,2.1018,1,14.12,16.5041,2024-03-14,0,3.2052,2.0456,0.0319259018368154,2024-02-07
prebreak,600612,2024-02-07,S,S,A,C,S,S,A,61.6494,61.86,58.88,2.98,,1,61.86,61.569,2024-02-22,0,-0.1134,1,61.86,61.569,2024-02-29,0,-0.1134,1,61.86,67.6901,2024-03-14,0,1.9394,2.0347,0.0430269722618055,2024-02-07
prebreak,601882,2024-02-07,S,S,A,C,S,S,A,23.7477,24.28,23.22,1.06,,1,24.28,23.22,2024-02-20,1,-1.0168,1,24.28,23.22,2024-02-20,1,-1.0168,1,24.28,23.22,2024-02-20,1,-1.0168,1.9267,0.0138320282484862,2024-02-07
prebreak,002507,2024-02-21,S,S,A,C,S,S,A,12.7382,12.92,12.33,0.59,,1,12.92,12.5552,2024-02-28,0,-0.6346,1,12.92,12.8114,2024-03-01,0,-0.2006,1,12.92,12.8114,2024-03-01,0,-0.2006,1.5466,0.0970229932538413,2024-02-21
prebreak,600884,2024-02-23,S,S,A,C,S,S,A,11.0804,11.41,10.89,0.52,,1,11.41,10.89,2024-02-29,1,-1.016,1,11.41,10.89,2024-02-29,1,-1.016,1,11.41,10.89,2024-02-29,1,-1.016,1.6117,0.0252180179522731,2024-02-23
prebreak,000776,2024-02-26,S,S,A,C,S,S,A,12.9381,13.19,12.68,0.51,,1,13.19,13.0946,2024-03-01,0,-0.2065,1,13.19,13.0946,2024-03-01,0,-0.2065,1,13.19,13.0946,2024-03-01,0,-0.2065,1.6818,0.0610050017267773,2024-02-26
prebreak,601808,2024-02-26,S,S,A,C,S,S,A,13.8934,14.36,13.65,0.71,,0,0.0,0.0,,0,0.0,0,0.0,0.0,,0,0.0,1,14.36,15.241,2024-03-25,0,1.2247,1.885,0.0671118569343935,2024-02-26
prebreak,603856,2024-03-01,S,S,A,C,S,S,A,10.4197,10.45,9.9,0.55,,0,0.0,0.0,,0,0.0,0,0.0,0.0,,0,0.0,1,10.45,10.061,2024-03-22,0,-0.7212,1.5268,0.0534828651691801,2024-03-01
prebreak,000768,2024-03-04,S,S,A,C,S,S,A,20.9474,20.77,19.86,0.91,,1,20.77,21.4984,2024-03-11,0,0.7826,1,20.77,22.1871,2024-03-18,0,1.5389,1,20.77,21.4885,2024-04-01,0,0.7718,1.5635,0.0398870191889138,2024-03-04
prebreak,000878,2024-03-04,S,S,A,C,S,S,A,10.5358,10.74,10.19,0.55,2024-03-29（报告期 2023-12-31 00:00:00）,1,10.74,11.2823,2024-03-11,0,0.9706,1,10.74,12.5013,2024-03-18,0,3.1855,0,10.74,12.5296,2024-04-01,0,3.237,2.3656,0.1253516110597305,2024-03-04
prebreak,600893,2024-03-04,S,S,A,C,S,S,A,34.5905,34.94,33.14,1.8,,1,34.94,34.6004,2024-03-07,0,-0.2033,1,34.94,34.6004,2024-03-07,0,-0.2033,1,34.94,34.6004,2024-03-07,0,-0.2033,2.1453,0.0676149840945465,2024-03-04
prebreak,600993,2024-03-04,S,S,A,C,S,S,A,22.3853,22.41,21.22,1.19,,0,0.0,0.0,,0,0.0,1,22.41,21.6922,2024-03-14,0,-0.6171,0,22.41,21.6922,2024-03-14,0,-0.6171,1.8414,0.1175320438953446,2024-03-04
prebreak,601808,2024-03-04,S,S,A,C,S,S,A,13.9029,14.04,13.46,0.58,,1,14.04,13.7416,2024-03-11,0,-0.5326,1,14.04,13.7416,2024-03-11,0,-0.5326,1,14.04,13.7416,2024-03-11,0,-0.5326,1.5145,-0.0374462801324569,2024-03-04
prebreak,605098,2024-03-04,S,S,A,C,S,S,A,35.7597,37.64,35.77,1.87,,1,37.64,37.8861,2024-03-11,0,0.1163,1,37.64,40.7938,2024-03-18,0,1.6702,0,37.64,39.1534,2024-04-01,0,0.7935,1.6981,0.1343552738535223,2024-03-04
prebreak,301216,2024-03-06,S,S,A,C,S,S,A,12.5868,11.87,11.32,0.55,,1,11.87,12.7321,2024-03-13,0,1.55,1,11.87,12.6546,2024-03-20,0,1.4093,1,11.87,12.3642,2024-04-03,0,0.8815,3.1685,0.0496253410612004,2024-03-06
prebreak,600547,2024-03-06,S,S,A,C,S,S,A,24.0416,21.76,20.89,0.87,2024-03-29（报告期 2023-12-31 00:00:00）,1,21.76,23.8757,2024-03-13,0,2.4113,1,21.76,24.5685,2024-03-20,0,3.2071,1,21.76,29.0177,2024-04-03,0,8.318,1.8338,0.0841815312103069,2024-03-06
prebreak,600988,2024-03-06,S,S,A,C,S,S,A,13.9912,13.14,12.44,0.7,2024-03-30（报告期 2023-12-31 00:00:00）,1,13.14,13.8438,2024-03-13,0,0.9905,1,13.14,14.2172,2024-03-20,0,1.5236,0,13.14,17.8329,2024-04-03,0,6.6856,1.7717,0.1144730887407006,2024-03-06
prebreak,601808,2024-03-11,S,S,A,C,S,S,A,13.7416,14.27,13.55,0.72,2024-03-27（报告期 2023-12-31 00:00:00）,1,14.27,14.8899,2024-03-18,0,0.8453,1,14.27,15.241,2024-03-25,0,1.3327,1,14.27,17.6325,2024-04-10,0,4.6521,1.885,0.060423829975891,2024-03-11
prebreak,600750,2024-03-13,S,S,A,C,S,S,A,19.5461,20.93,20.03,0.9,2024-03-23（报告期 2023-12-31 00:00:00）,0,0.0,0.0,,0,0.0,1,20.93,20.9982,2024-03-27,0,0.058,1,20.93,21.5981,2024-04-12,0,0.7242,1.9385,0.0594887908903696,2024-03-13
prebreak,600529,2024-03-18,S,S,A,C,S,S,A,27.9539,26.1,24.74,1.36,,1,26.1,26.8009,2024-03-25,0,0.5004,1,26.1,28.5445,2024-04-01,0,1.7817,1,26.1,29.9693,2024-04-17,0,2.8287,1.6046,0.0622795759213039,2024-03-18
prebreak,600993,2024-03-18,S,S,A,C,S,S,A,21.7765,22.41,21.22,1.19,2024-04-13（报告期 2023-12-31 00:00:00）,0,0.0,0.0,,0,0.0,0,0.0,0.0,,0,0.0,1,22.41,24.0525,2024-04-17,0,1.3651,3.4576,0.0384705321093461,2024-03-18
prebreak,600258,2024-04-09,S,S,A,C,S,S,A,13.7848,14.22,13.68,0.54,,1,14.22,13.68,2024-04-16,1,-1.0194,1,14.22,13.68,2024-04-16,1,-1.0194,1,14.22,13.68,2024-04-16,1,-1.0194,2.2712,0.0119156929917709,2024-04-09
prebreak,600803,2024-04-09,S,S,A,C,S,S,A,15.9641,16.54,15.73,0.81,,1,16.54,16.2341,2024-04-16,0,-0.3929,1,16.54,16.2594,2024-04-17,0,-0.3617,1,16.54,16.2594,2024-04-17,0,-0.3617,1.9444,0.0295449683015309,2024-04-09
prebreak,001289,2024-05-14,S,S,A,C,S,S,A,17.7219,18.12,17.41,0.71,,0,0.0,0.0,,0,0.0,1,18.12,18.2998,2024-05-28,0,0.2336,1,18.12,17.9916,2024-05-30,0,-0.2002,2.5102,0.0428693706647769,2024-05-14
prebreak,600118,2024-05-20,S,S,A,C,S,S,A,24.7511,25.19,24.24,0.95,,0,0.0,0.0,,0,0.0,1,25.19,24.771,2024-06-03,0,-0.4609,1,25.19,24.5216,2024-06-04,0,-0.7232,2.1444,0.0251707124448028,2024-05-20
prebreak,600118,2024-05-27,S,S,A,C,S,S,A,23.963,25.02,23.73,1.29,,1,25.02,24.771,2024-06-03,0,-0.2076,1,25.02,24.5216,2024-06-04,0,-0.4008,1,25.02,24.5216,2024-06-04,0,-0.4008,2.1444,0.0182521328054372,2024-05-27
prebreak,600893,2024-05-27,S,S,A,C,S,S,A,34.9275,36.06,34.29,1.77,,1,36.06,36.7511,2024-06-03,0,0.3747,1,36.06,37.7423,2024-06-11,0,0.9344,1,36.06,35.5915,2024-06-25,0,-0.28,1.7168,0.017981775376509,2024-05-27
prebreak,600685,2024-05-30,S,S,A,C,S,S,A,26.794,27.28,25.9,1.38,,1,27.28,27.2783,2024-06-06,0,-0.0162,1,27.28,27.5649,2024-06-14,0,0.1913,1,27.28,25.9,2024-06-25,1,-1.0144,1.6465,0.0677643178748075,2024-05-30
prebreak,600161,2024-05-31,S,S,A,C,S,S,A,23.1008,23.57,22.67,0.9,,1,23.57,25.4239,2024-06-07,0,2.0387,1,23.57,25.2364,2024-06-17,0,1.8305,1,23.57,24.5173,2024-07-01,0,1.032,4.2009,-0.0227890152572143,2024-05-31
prebreak,601607,2024-07-05,S,S,A,C,S,S,A,17.9917,18.31,17.38,0.93,,0,0.0,0.0,,0,0.0,1,18.31,18.861,2024-07-19,0,0.5771,1,18.31,18.5366,2024-08-02,0,0.2285,1.6304,0.0166325867809602,2024-07-05
prebreak,000513,2024-07-11,S,S,A,C,S,S,A,33.1484,34.59,32.95,1.64,,0,0.0,0.0,,0,0.0,1,34.59,33.7518,2024-07-24,0,-0.5268,1,34.59,33.7518,2024-07-24,0,-0.5268,2.4209,0.0168469447456911,2024-07-11
prebreak,600089,2024-07-12,S,S,A,C,S,S,A,12.6368,12.99,12.37,0.62,,1,12.99,13.0706,2024-07-19,0,0.114,1,12.99,12.9453,2024-07-26,0,-0.088,1,12.99,12.82,2024-08-09,0,-0.29,2.1162,-0.0293899500924161,2024-07-12
prebreak,601607,2024-07-12,S,S,A,C,S,S,A,17.8516,18.15,17.33,0.82,,1,18.15,18.861,2024-07-19,0,0.8497,1,18.15,18.7274,2024-07-26,0,0.6869,1,18.15,18.1264,2024-08-09,0,-0.0456,1.6304,0.0077488503590621,2024-07-12
prebreak,601021,2024-07-26,S,S,A,C,S,S,A,51.612,53.31,50.79,2.52,,0,0.0,0.0,,0,0.0,1,53.31,53.2526,2024-08-07,0,-0.0388,1,53.31,53.2526,2024-08-07,0,-0.0388,3.7158,0.0495810999665156,2024-07-26
prebreak,002001,2024-08-01,S,S,A,C,S,S,A,20.0999,19.4,18.44,0.96,,1,19.4,19.1267,2024-08-06,0,-0.2999,1,19.4,19.1267,2024-08-06,0,-0.2999,1,19.4,19.1267,2024-08-06,0,-0.2999,1.5705,0.0786707525288519,2024-08-01
prebreak,002001,2024-08-08,S,S,A,C,S,S,A,21.1479,19.4,18.44,0.96,,1,19.4,18.9021,2024-08-13,0,-0.5336,1,19.4,18.9021,2024-08-13,0,-0.5336,1,19.4,18.9021,2024-08-13,0,-0.5336,3.1336,0.0157791211957145,2024-08-08
prebreak,000951,2024-08-28,S,S,A,C,S,S,A,12.7456,14.14,13.42,0.72,,0,0.0,0.0,,0,0.0,0,0.0,0.0,,0,0.0,1,14.14,15.0521,2024-09-27,0,1.2511,1.591,0.0820966920662302,2024-08-28
prebreak,600104,2024-08-29,S,S,A,C,S,S,A,12.1787,12.73,12.11,0.62,2024-08-30（报告期 2024-06-30 00:00:00）,0,0.0,0.0,,0,0.0,0,0.0,0.0,,0,0.0,1,12.73,14.1971,2024-09-30,0,2.3492,1.9306,0.0280680364227299,2024-08-29
prebreak,600104,2024-09-05,S,S,A,C,S,S,A,11.7905,12.73,12.11,0.62,,0,0.0,0.0,,0,0.0,0,0.0,0.0,,0,0.0,1,12.73,13.2267,2024-10-14,0,0.785,1.9306,0.0280680364227299,2024-09-05
prebreak,001872,2024-09-10,S,S,A,C,S,S,A,18.7673,20.13,19.25,0.88,,0,0.0,0.0,,0,0.0,0,0.0,0.0,,0,0.0,1,20.13,20.3561,2024-10-09,0,0.2394,2.5391,0.0795551388640791,2024-09-10
prebreak,600803,2024-09-18,S,S,A,C,S,S,A,15.9527,16.22,15.44,0.78,,1,16.22,16.3066,2024-09-25,0,0.0951,1,16.22,17.2002,2024-10-09,0,1.2401,1,16.22,17.156,2024-10-23,0,1.1834,1.655,0.0067072754131694,2024-09-18
prebreak,688981,2024-09-18,S,S,A,C,S,S,A,43.17,48.58,46.45,2.13,,0,0.0,0.0,,0,0.0,1,48.58,83.89,2024-10-09,0,16.5497,1,48.58,92.31,2024-10-23,0,20.5002,2.0049,0.025760135135135,2024-09-18
prebreak,001872,2024-09-19,S,S,A,C,S,S,A,17.6153,20.13,19.25,0.88,,0,0.0,0.0,,0,0.0,1,20.13,20.3561,2024-10-09,0,0.2394,1,20.13,20.3561,2024-10-09,0,0.2394,2.5391,0.0795551388640791,2024-09-19
prebreak,600363,2024-09-20,S,S,A,C,S,S,A,22.6788,25.88,24.68,1.2,,1,25.88,26.675,2024-09-27,0,0.6457,1,25.88,29.6223,2024-10-08,0,3.1002,1,25.88,29.6223,2024-10-08,0,3.1002,1.6107,0.06865550918278,2024-09-20
prebreak,300498,2024-09-24,S,S,A,C,S,S,A,15.5627,16.07,15.31,0.76,,1,16.07,20.3774,2024-10-08,0,5.648,1,16.07,17.1644,2024-10-15,0,1.423,1,16.07,17.6857,2024-10-29,0,2.1085,1.6135,0.0165043374566835,2024-09-24
prebreak,300699,2024-09-24,S,S,A,C,S,S,A,25.6581,26.24,24.91,1.33,,1,26.24,35.8807,2024-10-08,0,7.2291,1,26.24,31.0161,2024-10-15,0,3.5738,1,26.24,33.753,2024-10-29,0,5.6304,2.3876,0.0395268894647888,2024-09-24
prebreak,600111,2024-09-24,S,S,A,C,S,S,A,16.9485,16.73,15.87,0.86,,1,16.73,22.276,2024-10-08,0,6.43,1,16.73,19.2787,2024-10-15,0,2.9469,1,16.73,20.8421,2024-10-29,0,4.7637,2.441,0.010865977332106,2024-09-24
prebreak,600699,2024-09-24,S,S,A,C,S,S,A,14.1882,13.89,13.28,0.61,,1,13.89,18.0853,2024-10-08,0,6.8559,1,13.89,15.7843,2024-10-15,0,3.0861,1,13.89,16.3326,2024-10-29,0,3.9844,2.2371,0.0190699683267738,2024-09-24
prebreak,001965,2024-09-25,S,S,A,C,S,S,A,11.1371,12.15,11.52,0.63,,1,12.15,11.52,2024-10-09,1,-1.014,1,12.15,11.52,2024-10-09,1,-1.014,1,12.15,11.52,2024-10-09,1,-1.014,4.8515,0.0846085639417544,2024-09-25
prebreak,600803,2024-09-25,S,S,A,C,S,S,A,16.3066,16.12,15.47,0.65,,1,16.12,17.2002,2024-10-09,0,1.642,1,16.12,17.0852,2024-10-16,0,1.4651,1,16.12,16.3685,2024-10-30,0,0.3632,3.0603,0.0287474682969901,2024-09-25
prebreak,688981,2024-09-25,S,S,A,C,S,S,A,44.9,44.23,42.32,1.91,,1,44.23,83.89,2024-10-09,0,20.7337,1,44.23,74.09,2024-10-16,0,15.6061,1,44.23,85.82,2024-10-30,0,21.7436,1.8374,-0.0532962328767123,2024-09-25
prebreak,001872,2024-09-26,S,S,A,C,S,S,A,19.2319,20.13,19.25,0.88,,1,20.13,20.3561,2024-10-09,0,0.2394,1,20.13,20.3561,2024-10-09,0,0.2394,1,20.13,20.3561,2024-10-09,0,0.2394,2.5391,0.0795551388640791,2024-09-26
prebreak,002396,2024-09-26,S,S,A,C,S,S,A,11.0441,10.6,10.1,0.5,,1,10.6,12.3926,2024-10-10,0,3.5669,1,10.6,11.7146,2024-10-17,0,2.2117,1,10.6,13.1912,2024-10-31,0,5.163,2.709,0.0218201113655063,2024-09-26
prebreak,002690,2024-09-26,S,S,A,C,S,S,A,12.7091,11.86,11.33,0.53,,1,11.86,14.7488,2024-10-10,0,5.4301,1,11.86,13.4567,2024-10-17,0,2.9937,1,11.86,14.3981,2024-10-31,0,4.7688,2.3976,0.0182294304515497,2024-09-26
prebreak,600132,2024-09-26,S,S,A,C,S,S,A,56.5038,49.47,47.44,2.03,,1,49.47,59.8867,2024-10-10,0,5.1096,1,49.47,53.5872,2024-10-17,0,2.0084,1,49.47,53.066,2024-10-31,0,1.7518,2.8075,0.0094571543801711,2024-09-26
prebreak,601066,2024-09-26,S,S,A,C,S,S,A,21.8589,19.71,18.87,0.84,,1,19.71,26.3587,2024-10-10,0,7.8923,1,19.71,25.1574,2024-10-17,0,6.4631,1,19.71,25.0688,2024-10-31,0,6.3577,3.1974,0.0733276069216688,2024-09-26
prebreak,601318,2024-09-26,S,S,A,C,S,S,A,45.8692,40.47,38.58,1.89,,1,40.47,53.2199,2024-10-10,0,6.7255,1,40.47,51.8553,2024-10-17,0,6.0039,1,40.47,51.7166,2024-10-31,0,5.9306,2.3732,0.0299864337768591,2024-09-26
prebreak,603927,2024-09-26,S,S,A,C,S,S,A,16.8598,15.81,15.02,0.79,,1,15.81,20.8965,2024-10-10,0,6.4193,1,15.81,20.9639,2024-10-17,0,6.5046,1,15.81,21.4649,2024-10-31,0,7.1384,1.8009,0.0831923137994758,2024-09-26
prebreak,001289,2024-09-27,S,S,A,C,S,S,A,15.2076,13.71,13.04,0.67,,1,13.71,15.4126,2024-10-09,0,2.524,1,13.71,15.4126,2024-10-09,0,2.524,1,13.71,15.4126,2024-10-09,0,2.524,3.0767,-0.0667273593940787,2024-09-27
prebreak,002142,2024-09-27,S,S,A,C,S,S,A,21.8772,18.0,17.05,0.95,,1,18.0,23.4319,2024-10-09,0,5.6998,1,18.0,23.4319,2024-10-09,0,5.6998,1,18.0,23.4319,2024-10-09,0,5.6998,2.3803,-0.0394841907900282,2024-09-27
prebreak,002158,2024-09-27,S,S,A,C,S,S,A,17.5354,16.53,15.81,0.72,,1,16.53,19.0411,2024-10-09,0,3.468,1,16.53,19.0411,2024-10-09,0,3.468,1,16.53,19.0411,2024-10-09,0,3.468,3.7759,0.0060934931466889,2024-09-27
prebreak,002462,2024-09-27,S,S,A,C,S,S,A,11.6712,10.93,10.37,0.56,,1,10.93,12.1056,2024-10-09,0,2.0832,1,10.93,12.1056,2024-10-09,0,2.0832,1,10.93,12.1056,2024-10-09,0,2.0832,3.101,0.0127531886593537,2024-09-27
prebreak,300685,2024-09-27,S,S,A,C,S,S,A,19.5598,18.8,17.83,0.97,,1,18.8,23.6163,2024-10-09,0,4.9474,1,18.8,23.6163,2024-10-09,0,4.9474,1,18.8,23.6163,2024-10-09,0,4.9474,3.5937,0.0518298742460672,2024-09-27
prebreak,300869,2024-09-27,S,S,A,C,S,S,A,14.1927,12.67,12.16,0.51,,1,12.67,16.3551,2024-10-09,0,7.2022,1,12.67,16.3551,2024-10-09,0,7.2022,1,12.67,16.3551,2024-10-09,0,7.2022,6.0538,-0.005344775669979,2024-09-27
prebreak,600363,2024-09-27,S,S,A,C,S,S,A,26.675,25.88,24.68,1.2,,1,25.88,28.0937,2024-10-09,0,1.8272,1,25.88,28.0937,2024-10-09,0,1.8272,1,25.88,28.0937,2024-10-09,0,1.8272,5.0863,0.044945927494578,2024-09-27
prebreak,600456,2024-09-27,S,S,A,C,S,S,A,27.7041,26.21,24.89,1.32,,1,26.21,30.7769,2024-10-09,0,3.4425,1,26.21,30.7769,2024-10-09,0,3.4425,1,26.21,30.7769,2024-10-09,0,3.4425,3.6145,0.0145156506212271,2024-09-27
prebreak,002287,2024-09-30,S,S,A,C,S,S,A,21.7098,17.94,17.21,0.73,,1,17.94,21.4829,2024-10-14,0,4.8316,1,17.94,22.7878,2024-10-21,0,6.6179,1,17.94,21.6626,2024-11-04,0,5.0775,4.6778,-0.0354304652412788,2024-09-30
prebreak,002507,2024-09-30,S,S,A,C,S,S,A,14.6453,11.68,11.12,0.56,,1,11.68,13.3249,2024-10-14,0,2.9197,1,11.68,13.0908,2024-10-21,0,2.5019,1,11.68,14.3456,2024-11-04,0,4.7412,4.1118,0.0526024531422002,2024-09-30
prebreak,603035,2024-09-30,S,S,A,C,S,S,A,14.4476,12.3,11.66,0.64,,1,12.3,13.487,2024-10-14,0,1.8389,1,12.3,13.4198,2024-10-21,0,1.7339,1,12.3,14.3708,2024-11-04,0,3.219,4.1481,0.0227085136564548,2024-09-30
prebreak,600332,2024-10-08,S,S,A,C,S,S,A,29.3391,23.7,22.71,0.99,,1,23.7,26.3696,2024-10-15,0,2.6766,1,23.7,26.9691,2024-10-22,0,3.2818,1,23.7,27.3111,2024-11-05,0,3.6271,2.0524,-0.0527823664915578,2024-10-08
prebreak,600459,2024-10-08,S,S,A,C,S,S,A,14.9118,12.04,11.42,0.62,,1,12.04,13.3124,2024-10-15,0,2.0361,1,12.04,13.8097,2024-10-22,0,2.8379,1,12.04,14.5802,2024-11-05,0,4.0798,2.8352,0.021968016400967,2024-10-08
prebreak,600598,2024-10-08,S,S,A,C,S,S,A,14.305,12.36,11.79,0.57,,1,12.36,13.3117,2024-10-15,0,1.6521,1,12.36,13.4138,2024-10-22,0,1.8312,1,12.36,14.4906,2024-11-05,0,3.7191,2.1491,0.0281676952104121,2024-10-08
prebreak,600685,2024-10-08,S,S,A,C,S,S,A,27.6844,25.24,24.18,1.06,,1,25.24,25.3115,2024-10-15,0,0.0493,1,25.24,24.18,2024-10-18,1,-1.0175,1,25.24,24.18,2024-10-18,1,-1.0175,1.94,0.0807658259037407,2024-10-08
prebreak,600699,2024-10-08,S,S,A,C,S,S,A,18.0853,13.89,13.28,0.61,,1,13.89,15.7843,2024-10-15,0,3.0861,1,13.89,16.362,2024-10-22,0,4.0325,1,13.89,16.5382,2024-11-05,0,4.3213,2.5884,0.0227436163740946,2024-10-08
prebreak,601021,2024-10-08,S,S,A,C,S,S,A,60.062,48.45,46.0,2.45,,1,48.45,50.7986,2024-10-15,0,0.943,1,48.45,52.3151,2024-10-22,0,1.5616,1,48.45,54.8362,2024-11-05,0,2.59,1.8656,0.0215591853639649,2024-10-08
prebreak,601607,2024-10-08,S,S,A,C,S,S,A,20.9839,18.65,17.85,0.8,,1,18.65,19.4125,2024-10-15,0,0.9348,1,18.65,19.8916,2024-10-22,0,1.5333,1,18.65,18.8664,2024-11-05,0,0.2526,2.5688,0.0476352457212994,2024-10-08
prebreak,601965,2024-10-08,S,S,A,C,S,S,A,18.8559,16.23,15.52,0.71,,1,16.23,17.2678,2024-10-15,0,1.4434,1,16.23,17.2104,2024-10-22,0,1.3626,1,16.23,17.44,2024-11-05,0,1.6858,2.3322,0.0498250976062499,2024-10-08
prebreak,000895,2024-10-18,S,S,A,C,S,S,A,22.8724,23.37,22.44,0.93,,0,0.0,0.0,,0,0.0,1,23.37,22.8908,2024-11-01,0,-0.534,1,23.37,22.8908,2024-11-01,0,-0.534,1.9563,0.0637397563665798,2024-10-18
prebreak,600803,2024-10-23,S,S,A,C,S,S,A,17.156,17.32,16.55,0.77,,0,0.0,0.0,,0,0.0,0,0.0,0.0,,0,0.0,1,17.32,16.9879,2024-11-20,0,-0.4482,1.5255,0.0106029697650544,2024-10-23
prebreak,000895,2024-10-25,S,S,A,C,S,S,A,22.6237,23.4,22.44,0.96,,1,23.4,22.8908,2024-11-01,0,-0.5486,1,23.4,22.8908,2024-11-01,0,-0.5486,1,23.4,22.8908,2024-11-01,0,-0.5486,1.9563,0.0651052759511323,2024-10-25
prebreak,600803,2024-10-30,S,S,A,C,S,S,A,16.3685,17.32,16.48,0.84,,0,0.0,0.0,,0,0.0,1,17.32,16.9879,2024-11-13,0,-0.4108,1,17.32,16.48,2024-11-25,1,-1.015,1.5255,0.0106029697650544,2024-10-30
prebreak,001219,2024-10-31,S,S,A,C,S,S,A,12.5356,12.12,11.5,0.62,,1,12.12,14.5485,2024-11-07,0,3.8997,1,12.12,13.5087,2024-11-14,0,2.2235,1,12.12,13.8807,2024-11-28,0,2.8232,3.4584,0.0534306513461315,2024-10-31
prebreak,001872,2024-10-31,S,S,A,C,S,S,A,18.9625,20.13,19.14,0.99,,0,0.0,0.0,,0,0.0,0,0.0,0.0,,0,0.0,1,20.13,19.14,2024-11-19,1,-1.0148,4.2002,-0.0169386734572564,2024-10-31
prebreak,000719,2024-11-04,S,S,A,C,S,S,A,9.7178,10.56,10.01,0.55,,0,0.0,0.0,,0,0.0,0,0.0,0.0,,0,0.0,1,10.56,10.01,2024-11-22,1,-1.014,2.1234,0.0179202889482661,2024-11-04
prebreak,600980,2024-11-05,S,S,A,C,S,S,A,16.6097,14.97,14.21,0.76,,1,14.97,16.3928,2024-11-12,0,1.856,1,14.97,15.5549,2024-11-19,0,0.7542,1,14.97,16.3139,2024-12-03,0,1.7523,2.214,0.0165064057938908,2024-11-05
prebreak,000719,2024-11-11,S,S,A,C,S,S,A,10.0954,10.56,10.01,0.55,,0,0.0,0.0,,0,0.0,1,10.56,10.01,2024-11-22,1,-1.014,1,10.56,10.01,2024-11-22,1,-1.014,2.1234,0.0179202889482661,2024-11-11
prebreak,002034,2024-11-11,S,S,A,C,S,S,A,14.9933,15.22,14.44,0.78,,1,15.22,14.7894,2024-11-14,0,-0.5666,1,15.22,14.7894,2024-11-14,0,-0.5666,1,15.22,14.7894,2024-11-14,0,-0.5666,1.5895,0.0618864795927127,2024-11-11
prebreak,002275,2024-12-27,S,S,A,C,S,S,A,14.9677,14.51,13.75,0.76,,1,14.51,15.3254,2025-01-06,0,1.0577,1,14.51,13.75,2025-01-08,1,-1.0139,1,14.51,13.75,2025-01-08,1,-1.0139,3.3053,0.0275852469244912,2024-12-27
prebreak,600456,2025-01-13,S,S,A,C,S,S,A,26.5787,29.34,28.0,1.34,,0,0.0,0.0,,0,0.0,1,29.34,28.3304,2025-01-24,0,-0.7696,1,29.34,28.3304,2025-01-24,0,-0.7696,1.8339,0.0197845691595974,2025-01-13
prebreak,600456,2025-01-20,S,S,A,C,S,S,A,28.0173,27.33,25.93,1.4,,1,27.33,28.4968,2025-01-27,0,0.818,1,27.33,29.4069,2025-02-11,0,1.4677,1,27.33,27.7433,2025-02-25,0,0.2802,2.0268,-0.0474860983370453,2025-01-20
prebreak,601811,2025-02-05,S,S,A,C,S,S,A,13.4482,13.83,13.2,0.63,,1,13.83,13.9961,2025-02-12,0,0.2468,1,13.83,13.6339,2025-02-19,0,-0.3277,1,13.83,13.2,2025-02-25,1,-1.0161,1.618,-0.0349229627114586,2025-02-05
prebreak,600741,2025-02-06,S,S,A,C,S,S,A,15.1904,15.26,14.57,0.69,,1,15.26,15.6863,2025-02-13,0,0.6006,1,15.26,15.6232,2025-02-20,0,0.5092,1,15.26,16.137,2025-03-06,0,1.2534,3.4119,-0.0147171442736141,2025-02-06
prebreak,601965,2025-02-06,S,S,A,C,S,S,A,17.0524,16.75,15.86,0.89,,1,16.75,17.2352,2025-02-13,0,0.5305,1,16.75,17.7934,2025-02-20,0,1.1573,1,16.75,17.6683,2025-03-06,0,1.0168,3.3156,0.0239022293567241,2025-02-06
prebreak,002705,2025-02-10,S,S,A,C,S,S,A,14.1739,14.8,14.19,0.61,,0,0.0,0.0,,0,0.0,0,0.0,0.0,,0,0.0,1,14.8,15.8194,2025-03-10,0,1.6517,2.3509,0.0299061914203053,2025-02-10
prebreak,002020,2025-02-14,S,S,A,C,S,S,A,11.5376,11.9,11.32,0.58,,1,11.9,11.9825,2025-02-21,0,0.1265,1,11.9,11.8121,2025-02-25,0,-0.167,1,11.9,11.8121,2025-02-25,0,-0.167,2.2328,0.0058293706293706,2025-02-14
prebreak,600038,2025-02-14,S,S,A,C,S,S,A,37.5347,36.99,35.23,1.76,,1,36.99,36.687,2025-02-19,0,-0.188,1,36.99,36.687,2025-02-19,0,-0.188,1,36.99,36.687,2025-02-19,0,-0.188,1.5548,0.0214317356776982,2025-02-14
prebreak,002179,2025-02-19,S,S,A,C,S,S,A,34.8823,37.42,35.58,1.84,2025-03-15（报告期 2024-12-31 00:00:00）,1,37.42,37.5202,2025-02-26,0,0.039,1,37.42,37.9068,2025-03-05,0,0.2489,1,37.42,40.5737,2025-03-19,0,1.6974,2.4167,0.0418685171818085,2025-02-19
prebreak,603355,2025-02-19,S,S,A,C,S,S,A,24.32,24.51,23.45,1.06,,1,24.51,25.75,2025-02-26,0,1.1515,1,24.51,25.06,2025-03-05,0,0.501,1,24.51,26.9,2025-03-19,0,2.2357,2.3594,0.0519313304721029,2025-02-19
prebreak,601225,2025-04-29,S,S,A,C,S,S,A,17.6938,18.75,18.02,0.73,,0,0.0,0.0,,0,0.0,0,0.0,0.0,,0,0.0,1,18.75,18.8595,2025-05-30,0,0.1304,2.1696,0.0226141670523161,2025-04-29
prebreak,000429,2025-05-07,S,S,A,C,S,S,A,12.807,13.12,12.52,0.6,,1,13.12,13.0655,2025-05-13,0,-0.1074,1,13.12,13.0655,2025-05-13,0,-0.1074,1,13.12,13.0655,2025-05-13,0,-0.1074,1.521,0.0379129218454983,2025-05-07
prebreak,002831,2025-05-08,S,S,A,C,S,S,A,14.3613,14.51,13.75,0.76,,1,14.51,15.0928,2025-05-15,0,0.7518,1,14.51,15.8377,2025-05-22,0,1.7313,1,14.51,16.718,2025-06-06,0,2.8889,1.9565,0.0703767932664105,2025-05-08
prebreak,000738,2025-05-19,S,S,A,C,S,S,A,19.234,19.55,18.62,0.93,,0,0.0,0.0,,0,0.0,1,19.55,19.3919,2025-06-03,0,-0.1858,0,19.55,19.234,2025-06-04,0,-0.3555,3.0909,0.1160663222460107,2025-05-19
prebreak,601033,2025-05-28,S,S,A,C,S,S,A,15.5545,15.65,14.82,0.83,,1,15.65,15.8425,2025-06-04,0,0.2175,1,15.65,15.8425,2025-06-04,0,0.2175,0,15.65,15.8425,2025-06-04,0,0.2175,2.7518,0.1160495563482841,2025-05-28
prebreak,002603,2025-06-09,S,S,A,C,S,S,A,14.0411,14.25,13.72,0.53,,0,0.0,0.0,,0,0.0,0,0.0,0.0,,0,0.0,1,14.25,13.8888,2025-07-07,0,-0.7015,7.0562,0.0316617426292615,2025-06-09
prebreak,002020,2025-06-20,S,S,A,C,S,S,A,12.6583,13.83,13.24,0.59,,0,0.0,0.0,,0,0.0,1,13.83,14.5153,2025-07-04,0,1.1429,1,13.83,15.6528,2025-07-18,0,3.0697,5.8706,0.067953667953668,2025-06-20
prebreak,603288,2025-06-30,S,S,A,C,S,S,A,37.4837,38.13,37.08,1.05,,0,0.0,0.0,,0,0.0,0,0.0,0.0,,0,0.0,1,38.13,37.6185,2025-07-28,0,-0.5144,1.6592,0.0030643095780213,2025-06-30
prebreak,600111,2025-07-03,S,S,A,C,S,S,A,24.562,25.04,24.19,0.85,,1,25.04,26.9355,2025-07-10,0,2.2062,1,25.04,29.9172,2025-07-17,0,5.7119,1,25.04,37.3965,2025-07-31,0,14.5055,5.528,-0.0088428560750494,2025-07-03
prebreak,000831,2025-07-08,S,S,A,C,S,S,A,35.6206,36.08,34.59,1.49,,1,36.08,37.7494,2025-07-15,0,1.1013,1,36.08,40.4479,2025-07-22,0,2.9113,1,36.08,41.2075,2025-08-05,0,3.4207,2.6617,-0.0179630469110001,2025-07-08
prebreak,000933,2025-07-08,S,S,A,C,S,S,A,16.5523,17.1,16.38,0.72,,0,0.0,0.0,,0,0.0,1,17.1,18.8682,2025-07-22,0,2.4363,1,17.1,17.2918,2025-08-05,0,0.2482,2.4315,0.0887772947648279,2025-07-08
prebreak,603392,2025-07-10,S,S,A,C,S,S,A,59.92,61.87,59.39,2.48,,0,0.0,0.0,,0,0.0,1,61.87,60.76,2025-07-24,0,-0.4663,1,61.87,59.39,2025-07-28,1,-1.0183,1.9921,0.0149278215223096,2025-07-10
prebreak,300628,2025-07-17,S,S,A,C,S,S,A,32.3998,33.47,31.99,1.48,,0,0.0,0.0,,0,0.0,1,33.47,31.99,2025-07-31,1,-1.0166,1,33.47,31.99,2025-07-31,1,-1.0166,1.8861,0.0104454621372176,2025-07-17
prebreak,002311,2025-07-28,S,S,A,C,S,S,A,53.5892,55.64,53.37,2.27,2025-07-29（报告期 2025-06-30 00:00:00）,1,55.64,55.0651,2025-08-01,0,-0.2717,1,55.64,55.0651,2025-08-01,0,-0.2717,1,55.64,55.0651,2025-08-01,0,-0.2717,2.0413,-0.0427317595197686,2025-07-28
prebreak,000738,2025-07-29,S,S,A,C,S,S,A,21.6767,21.27,20.32,0.95,,1,21.27,20.8104,2025-08-01,0,-0.5005,1,21.27,20.8104,2025-08-01,0,-0.5005,1,21.27,20.8104,2025-08-01,0,-0.5005,1.6906,0.0507419392341306,2025-07-29
prebreak,000400,2025-07-30,S,S,A,C,S,S,A,22.4022,23.34,22.23,1.11,2025-08-21（报告期 2025-06-30 00:00:00）,0,0.0,0.0,,0,0.0,0,0.0,0.0,,0,0.0,1,23.34,23.2166,2025-08-25,0,-0.127,2.5212,0.0095804790728211,2025-07-30
prebreak,600989,2025-08-01,S,S,A,C,S,S,A,15.1293,15.99,15.33,0.66,2025-08-08（报告期 2025-06-30 00:00:00）,0,0.0,0.0,,0,0.0,0,0.0,0.0,,0,0.0,1,15.99,16.8373,2025-08-29,0,1.2645,2.0318,0.0240479170939735,2025-08-01
prebreak,002812,2025-08-04,S,S,A,C,S,S,A,29.52,30.41,28.89,1.52,,1,30.41,30.39,2025-08-07,0,-0.0284,1,30.41,30.39,2025-08-07,0,-0.0284,1,30.41,30.39,2025-08-07,0,-0.0284,2.3508,0.0364689843217451,2025-08-04
prebreak,002180,2025-08-07,S,S,A,C,S,S,A,24.03,24.32,23.17,1.15,2025-08-23（报告期 2025-06-30 00:00:00）,0,0.0,0.0,,0,0.0,1,24.32,24.71,2025-08-21,0,0.3228,1,24.32,23.17,2025-09-04,1,-1.0154,1.7832,-0.0341540905480539,2025-08-07
prebreak,603733,2025-08-11,S,S,A,C,S,S,A,24.6287,21.49,20.55,0.94,,1,21.49,24.3166,2025-08-14,0,2.9878,1,21.49,24.3166,2025-08-14,0,2.9878,1,21.49,24.3166,2025-08-14,0,2.9878,2.3119,0.0726431397317473,2025-08-11
prebreak,301071,2025-08-12,S,S,A,C,S,S,A,30.3233,30.99,29.77,1.22,,0,0.0,0.0,,0,0.0,1,30.99,31.3675,2025-08-26,0,0.2899,1,30.99,29.77,2025-08-28,1,-1.0187,3.1932,0.0223233325900251,2025-08-12
prebreak,601899,2025-08-18,S,S,A,C,S,S,A,20.3383,20.28,19.3,0.98,,1,20.28,20.1428,2025-08-21,0,-0.1557,1,20.28,20.1428,2025-08-21,0,-0.1557,1,20.28,20.1428,2025-08-21,0,-0.1557,1.5015,0.0242141621676512,2025-08-18
prebreak,002142,2025-08-19,S,S,A,C,S,S,A,26.7042,27.56,26.51,1.05,,1,27.56,27.2621,2025-08-26,0,-0.3035,1,27.56,26.9158,2025-08-27,0,-0.6331,1,27.56,26.9158,2025-08-27,0,-0.6331,1.7114,-0.0238610497777989,2025-08-19
prebreak,603833,2025-08-19,S,S,A,C,S,S,A,49.7426,51.36,49.44,1.92,,1,51.36,52.5426,2025-08-26,0,0.5952,1,51.36,51.4339,2025-08-27,0,0.0181,1,51.36,51.4339,2025-08-27,0,0.0181,1.5865,-0.0266848348569607,2025-08-19
prebreak,300346,2025-08-21,S,S,A,C,S,S,A,33.9467,32.81,31.21,1.6,2025-08-27（报告期 2025-06-30 00:00:00）,1,32.81,36.5793,2025-08-28,0,2.3387,1,32.81,33.1252,2025-09-04,0,0.1813,1,32.81,35.8217,2025-09-18,0,1.8656,1.9184,0.0184784133352091,2025-08-21
prebreak,601628,2025-08-26,S,S,A,C,S,S,A,41.7727,42.29,40.29,2.0,2025-08-28（报告期 2025-06-30 00:00:00）,1,42.29,40.29,2025-09-01,1,-1.0154,1,42.29,40.29,2025-09-01,1,-1.0154,1,42.29,40.29,2025-09-01,1,-1.0154,1.9057,0.0613369058646937,2025-08-26
prebreak,601001,2025-08-29,S,S,A,C,S,S,A,12.8564,14.15,13.63,0.52,,0,0.0,0.0,,0,0.0,0,0.0,0.0,,0,0.0,1,14.15,13.9537,2025-09-25,0,-0.398,2.0005,0.0476054784327755,2025-08-29
prebreak,688596,2025-08-29,S,S,A,C,S,S,A,41.035,35.66,33.84,1.82,2025-08-30（报告期 2025-06-30 00:00:00）,1,35.66,35.8969,2025-09-05,0,0.1152,1,35.66,35.9169,2025-09-12,0,0.1262,1,35.66,40.5861,2025-09-26,0,2.69,2.8088,0.0256110845422179,2025-08-29
prebreak,000685,2025-09-08,S,S,A,C,S,S,A,9.6074,10.09,9.59,0.5,,0,0.0,0.0,,0,0.0,1,10.09,9.955,2025-09-22,0,-0.2852,1,10.09,12.8903,2025-10-14,0,5.5817,4.2459,0.0106244106165491,2025-09-08
prebreak,603505,2025-09-11,S,S,A,C,S,S,A,17.3663,17.16,16.35,0.81,,1,17.16,17.267,2025-09-16,0,0.1159,1,17.16,17.267,2025-09-16,0,0.1159,1,17.16,17.267,2025-09-16,0,0.1159,2.0555,0.0330093930453436,2025-09-11
prebreak,601567,2025-09-12,S,S,A,C,S,S,A,22.072,22.91,21.69,1.22,,0,0.0,0.0,,0,0.0,1,22.91,23.8378,2025-09-26,0,0.7457,1,22.91,23.2501,2025-10-20,0,0.2643,3.8461,0.0048389862972908,2025-09-12
prebreak,603391,2025-09-15,S,S,A,C,S,S,A,46.8333,42.87,40.67,2.2,,1,42.87,50.5937,2025-09-22,0,3.4937,1,42.87,51.8829,2025-09-29,0,4.0794,1,42.87,48.4937,2025-10-21,0,2.5398,2.0436,0.0837573959271622,2025-09-15
prebreak,002895,2025-09-17,S,S,A,C,S,S,A,25.2544,26.47,25.11,1.36,,0,0.0,0.0,,0,0.0,1,26.47,29.8156,2025-10-09,0,2.4437,1,26.47,27.6259,2025-10-23,0,0.8346,1.6821,0.033534882250531,2025-09-17
prebreak,601567,2025-09-19,S,S,A,C,S,S,A,22.2661,22.64,21.63,1.01,,1,22.64,23.8378,2025-09-26,0,1.1681,1,22.64,25.2349,2025-10-13,0,2.5505,1,22.64,22.9531,2025-10-27,0,0.2927,3.8461,-0.0070032889667975,2025-09-19
prebreak,000885,2025-09-22,S,S,A,C,S,S,A,13.9319,14.83,14.12,0.71,,1,14.83,15.454,2025-09-29,0,0.8624,1,14.83,14.6008,2025-10-09,0,-0.3385,1,14.83,14.6008,2025-10-09,0,-0.3385,2.8877,0.0204391317069159,2025-09-22
prebreak,688575,2025-09-22,S,S,A,C,S,S,A,14.4878,15.07,14.4,0.67,,0,0.0,0.0,,0,0.0,0,0.0,0.0,,0,0.0,1,15.07,14.9867,2025-10-28,0,-0.1413,3.2615,0.0401829906342015,2025-09-22
prebreak,000400,2025-09-24,S,S,A,C,S,S,A,23.982,23.8,22.61,1.19,,1,23.8,26.3469,2025-10-09,0,2.1237,1,23.8,26.5529,2025-10-16,0,2.2967,1,23.8,25.9273,2025-10-30,0,1.7713,1.8374,0.0347483170390094,2025-09-24
prebreak,002001,2025-09-24,S,S,A,C,S,S,A,22.8067,23.71,22.71,1.0,,1,23.71,24.1972,2025-10-09,0,0.4688,1,23.71,23.4923,2025-10-13,0,-0.2356,1,23.71,23.4923,2025-10-13,0,-0.2356,2.2205,0.0151081535544792,2025-09-24
prebreak,000885,2025-09-29,S,S,A,C,S,S,A,15.454,14.24,13.64,0.6,,1,14.24,14.8723,2025-10-14,0,1.0351,1,14.24,14.8917,2025-10-21,0,1.0674,1,14.24,14.2712,2025-11-04,0,0.0339,4.8026,-0.0175365942205997,2025-09-29
prebreak,000902,2025-10-10,S,S,A,C,S,S,A,14.3724,14.81,14.06,0.75,,0,0.0,0.0,,0,0.0,0,0.0,0.0,,0,0.0,1,14.81,15.8993,2025-11-07,0,1.4365,3.201,0.0520800610687346,2025-10-10
prebreak,300770,2025-10-10,S,S,A,C,S,S,A,44.5582,45.01,42.78,2.23,,0,0.0,0.0,,0,0.0,1,45.01,45.8835,2025-10-24,0,0.3761,1,45.01,44.7644,2025-11-07,0,-0.1254,1.6794,0.0521553014442615,2025-10-10
prebreak,688334,2025-10-13,S,S,A,C,S,S,A,20.98,19.73,18.69,1.04,,1,19.73,20.5048,2025-10-20,0,0.7301,1,19.73,20.6434,2025-10-27,0,0.8633,1,19.73,21.2474,2025-11-10,0,1.4437,2.598,0.0332724487357829,2025-10-13
prebreak,002690,2025-10-14,S,S,A,C,S,S,A,19.1325,20.23,19.31,0.92,,0,0.0,0.0,,0,0.0,1,20.23,19.469,2025-10-28,0,-0.8434,1,20.23,19.31,2025-10-29,1,-1.0161,1.6972,0.0150274300357855,2025-10-14
prebreak,000821,2025-10-15,S,S,A,C,S,S,A,12.6379,12.9,12.33,0.57,,0,0.0,0.0,,0,0.0,0,0.0,0.0,,0,0.0,1,12.9,14.0421,2025-11-12,0,1.9853,3.7669,0.0215430585085991,2025-10-15
prebreak,603100,2025-10-20,S,S,A,C,S,S,A,22.1971,23.96,23.01,0.95,,0,0.0,0.0,,0,0.0,0,0.0,0.0,,0,0.0,1,23.96,25.9129,2025-11-17,0,2.0353,4.9865,0.0899825401037766,2025-10-20
prebreak,603260,2025-10-20,S,S,A,C,S,S,A,48.49,50.18,47.8,2.38,,0,0.0,0.0,,0,0.0,1,50.18,49.6,2025-11-03,0,-0.2596,1,50.18,48.26,2025-11-04,0,-0.8222,1.5911,0.0354931902600081,2025-10-20
prebreak,603279,2025-10-21,S,S,A,C,S,S,A,14.8412,15.31,14.69,0.62,,0,0.0,0.0,,0,0.0,0,0.0,0.0,,0,0.0,1,15.31,16.3528,2025-11-18,0,1.6622,1.9312,-0.0059792304883976,2025-10-21
prebreak,600763,2025-10-22,S,S,A,C,S,S,A,42.2,45.3,43.07,2.23,,0,0.0,0.0,,0,0.0,0,0.0,0.0,,0,0.0,1,45.3,44.14,2025-11-18,0,-0.5353,1.6758,0.0798569725864122,2025-10-22
prebreak,002791,2025-10-23,S,S,A,C,S,S,A,22.08,22.71,21.59,1.12,,0,0.0,0.0,,0,0.0,1,22.71,22.66,2025-11-04,0,-0.06,1,22.71,22.66,2025-11-04,0,-0.06,2.7096,0.0327421555252389,2025-10-23
prebreak,603320,2025-10-23,S,S,A,C,S,S,A,21.0535,19.26,18.35,0.91,,1,19.26,20.5371,2025-10-28,0,1.3864,1,19.26,20.5371,2025-10-28,0,1.3864,1,19.26,20.5371,2025-10-28,0,1.3864,1.7729,-0.0317511859666947,2025-10-23
prebreak,603439,2025-10-23,S,S,A,C,S,S,A,12.3919,12.76,12.18,0.58,,0,0.0,0.0,,0,0.0,0,0.0,0.0,,0,0.0,1,12.76,12.4715,2025-11-18,0,-0.5138,3.8849,0.0297075716819736,2025-10-23
prebreak,688139,2025-10-24,S,S,A,C,S,S,A,33.5153,34.39,32.92,1.47,,1,34.39,34.4142,2025-10-31,0,-0.0013,1,34.39,34.2166,2025-11-07,0,-0.1356,1,34.39,32.92,2025-11-20,1,-1.0171,1.8398,0.0595107441689843,2025-10-24
prebreak,601900,2025-10-27,S,S,A,C,S,S,A,13.503,12.75,12.19,0.56,,1,12.75,14.1419,2025-11-03,0,2.4667,1,12.75,14.1896,2025-11-10,0,2.5518,1,12.75,13.4077,2025-11-24,0,1.1564,1.7052,0.0486533440485894,2025-10-27
prebreak,603100,2025-10-27,S,S,A,C,S,S,A,23.3119,23.96,23.01,0.95,,0,0.0,0.0,,0,0.0,0,0.0,0.0,,0,0.0,1,23.96,26.2063,2025-11-24,0,2.3439,4.9865,0.0899825401037766,2025-10-27
prebreak,605507,2025-10-27,S,S,A,C,S,S,A,15.7607,15.99,15.31,0.68,,0,0.0,0.0,,0,0.0,1,15.99,16.1844,2025-11-10,0,0.2678,1,15.99,15.9621,2025-11-24,0,-0.0589,1.5948,-0.0183298803433258,2025-10-27
prebreak,000951,2025-10-29,S,S,A,C,S,S,A,16.4337,17.11,16.28,0.83,,1,17.11,17.5344,2025-11-05,0,0.4953,1,17.11,17.3334,2025-11-12,0,0.2533,1,17.11,16.28,2025-11-21,1,-1.015,2.4145,0.0423674161705818,2025-10-29
prebreak,002572,2025-11-10,S,S,A,C,S,S,A,12.4504,12.51,11.86,0.65,,1,12.51,12.6361,2025-11-13,0,0.1793,1,12.51,12.6361,2025-11-13,0,0.1793,1,12.51,12.6361,2025-11-13,0,0.1793,1.7952,0.0526688945086704,2025-11-10
prebreak,003031,2025-11-10,S,S,A,C,S,S,A,53.7849,56.1,53.4,2.7,,0,0.0,0.0,,0,0.0,0,0.0,0.0,,0,0.0,1,56.1,59.1883,2025-12-08,0,1.1273,2.148,0.0430434464259854,2025-11-10
prebreak,600426,2025-11-11,S,S,A,C,S,S,A,21.6135,19.02,18.06,0.96,,1,19.02,21.0121,2025-11-18,0,2.0587,1,19.02,20.8522,2025-11-25,0,1.8923,1,19.02,21.111,2025-12-09,0,2.1617,1.5189,-0.0184215565979705,2025-11-11
prebreak,603379,2025-11-12,S,S,A,C,S,S,A,55.5514,56.96,54.44,2.52,,1,56.96,54.44,2025-11-17,1,-1.0165,1,56.96,54.44,2025-11-17,1,-1.0165,1,56.96,54.44,2025-11-17,1,-1.0165,1.5377,0.0627991383691142,2025-11-12
prebreak,000739,2025-11-17,S,S,A,C,S,S,A,15.2743,15.7,15.09,0.61,,1,15.7,15.6297,2025-11-24,0,-0.1347,1,15.7,15.9753,2025-12-01,0,0.4314,1,15.7,16.0148,2025-12-15,0,0.4961,2.1705,0.0365837912407946,2025-11-17
prebreak,002078,2025-11-25,S,S,A,C,S,S,A,14.1434,14.72,14.07,0.65,,1,14.72,14.6908,2025-12-02,0,-0.0622,1,14.72,14.4171,2025-12-09,0,-0.4829,1,14.72,14.8009,2025-12-23,0,0.1072,1.5503,0.067321328962157,2025-11-25
prebreak,601688,2025-11-25,S,S,A,C,S,S,A,20.7973,22.88,21.79,1.09,,0,0.0,0.0,,0,0.0,1,22.88,22.2374,2025-12-09,0,-0.6051,1,22.88,22.1381,2025-12-10,0,-0.6962,2.2326,0.0152930403299653,2025-11-25
prebreak,603085,2025-11-26,S,S,A,C,S,S,A,10.37,10.99,10.48,0.51,,0,0.0,0.0,,0,0.0,0,0.0,0.0,,0,0.0,1,10.99,10.48,2025-12-17,1,-1.0157,5.9565,0.0271028037383178,2025-11-26
prebreak,003005,2025-11-27,S,S,A,C,S,S,A,21.2168,21.94,20.81,1.13,,1,21.94,21.8142,2025-12-02,0,-0.126,1,21.94,21.8142,2025-12-02,0,-0.126,1,21.94,21.8142,2025-12-02,0,-0.126,1.7973,0.0183155640657162,2025-11-27
prebreak,600877,2025-11-27,S,S,A,C,S,S,A,15.83,13.78,13.19,0.59,,1,13.78,15.25,2025-12-02,0,2.4722,1,13.78,15.25,2025-12-02,0,2.4722,1,13.78,15.25,2025-12-02,0,2.4722,2.1641,0.0314371257485028,2025-11-27
prebreak,001368,2025-11-28,S,S,A,C,S,S,A,25.8323,26.38,25.18,1.2,,1,26.38,26.8917,2025-12-05,0,0.4094,1,26.38,25.18,2025-12-11,1,-1.0161,1,26.38,25.18,2025-12-11,1,-1.0161,1.6835,0.0652867969095991,2025-11-28
prebreak,688153,2025-12-02,S,S,A,C,S,S,A,38.4161,34.93,33.21,1.72,,1,34.93,38.1967,2025-12-09,0,1.8826,1,34.93,36.093,2025-12-16,0,0.6603,1,34.93,37.9275,2025-12-30,0,1.7262,1.8117,-0.0208609849619177,2025-12-02
prebreak,001368,2025-12-05,S,S,A,C,S,S,A,26.8917,26.38,25.18,1.2,,1,26.38,25.18,2025-12-11,1,-1.0161,1,26.38,25.18,2025-12-11,1,-1.0161,1,26.38,25.18,2025-12-11,1,-1.0161,1.993,0.039981133534735,2025-12-05
prebreak,002151,2025-12-05,S,S,A,C,S,S,A,31.4,31.55,30.26,1.29,,1,31.55,31.64,2025-12-12,0,0.0511,1,31.55,33.12,2025-12-19,0,1.1977,1,31.55,54.97,2026-01-06,0,18.125,2.2296,0.0320575727837748,2025-12-05
prebreak,300525,2025-12-05,S,S,A,C,S,S,A,14.1212,13.58,13.03,0.55,,1,13.58,13.6644,2025-12-12,0,0.1347,1,13.58,13.4956,2025-12-19,0,-0.1721,1,13.58,14.0517,2026-01-06,0,0.8384,1.7436,0.0077350802332347,2025-12-05
prebreak,301522,2025-12-05,S,S,A,C,S,S,A,32.1843,31.89,30.49,1.4,,1,31.89,34.1691,2025-12-12,0,1.6096,1,31.89,34.7675,2025-12-19,0,2.0367,1,31.89,39.1259,2026-01-06,0,5.1479,1.7444,-0.0916227621784155,2025-12-05
prebreak,603383,2025-12-05,S,S,A,C,S,S,A,37.8761,38.3,36.47,1.83,,1,38.3,37.8573,2025-12-10,0,-0.2577,1,38.3,37.8573,2025-12-10,0,-0.2577,1,38.3,37.8573,2025-12-10,0,-0.2577,3.8033,0.0209348913007749,2025-12-05
prebreak,300597,2025-12-08,S,S,A,C,S,S,A,9.73,9.85,9.34,0.51,,0,0.0,0.0,,0,0.0,0,0.0,0.0,,0,0.0,1,9.85,9.34,2025-12-30,1,-1.014,3.8791,0.0165118679050568,2025-12-08
prebreak,300244,2025-12-10,S,S,A,C,S,S,A,15.0793,15.34,14.54,0.8,,0,0.0,0.0,,0,0.0,1,15.34,15.472,2025-12-22,0,0.1503,1,15.34,15.472,2025-12-22,0,0.1503,3.3102,-0.0060060364896323,2025-12-10
prebreak,600955,2025-12-10,S,S,A,C,S,S,A,14.8023,15.48,14.69,0.79,,0,0.0,0.0,,0,0.0,0,0.0,0.0,,0,0.0,1,15.48,17.2344,2026-01-09,0,2.2045,1.7254,0.0230524034170598,2025-12-10
prebreak,002972,2025-12-12,S,S,A,C,S,S,A,11.4003,12.28,11.65,0.63,,0,0.0,0.0,,0,0.0,1,12.28,12.0627,2025-12-26,0,-0.3595,1,12.28,11.65,2026-01-08,1,-1.0142,1.5719,0.0272752032994825,2025-12-12
prebreak,301522,2025-12-12,S,S,A,C,S,S,A,34.1691,31.89,30.49,1.4,,1,31.89,33.7801,2025-12-17,0,1.3319,1,31.89,33.7801,2025-12-17,0,1.3319,1,31.89,33.7801,2025-12-17,0,1.3319,2.7295,-0.0520344271770004,2025-12-12
prebreak,603004,2025-12-12,S,S,A,C,S,S,A,22.3809,24.37,23.17,1.2,,0,0.0,0.0,,0,0.0,0,0.0,0.0,,0,0.0,1,24.37,24.0134,2026-01-13,0,-0.3124,1.8983,0.0888754751486846,2025-12-12
prebreak,603383,2025-12-12,S,S,A,C,S,S,A,36.4432,38.3,36.47,1.83,,0,0.0,0.0,,0,0.0,0,0.0,0.0,,0,0.0,1,38.3,39.4383,2026-01-13,0,0.6057,3.6602,0.0557883979906588,2025-12-12
prebreak,300161,2025-12-15,S,S,A,C,S,S,A,28.0004,29.0,27.62,1.38,,0,0.0,0.0,,0,0.0,0,0.0,0.0,,0,0.0,1,29.0,31.5579,2026-01-14,0,1.8364,1.7234,0.0211219850061112,2025-12-15
prebreak,300597,2025-12-15,S,S,A,C,S,S,A,9.02,9.85,9.34,0.51,,0,0.0,0.0,,0,0.0,1,9.85,9.54,2025-12-29,0,-0.6221,1,9.85,9.34,2025-12-30,1,-1.014,3.8791,0.0165118679050568,2025-12-15
prebreak,603112,2025-12-15,S,S,A,C,S,S,A,18.029,18.48,17.61,0.87,,0,0.0,0.0,,0,0.0,0,0.0,0.0,,0,0.0,1,18.48,19.2177,2026-01-14,0,0.8312,3.6963,0.0051357297424647,2025-12-15
prebreak,300183,2025-12-17,S,S,A,C,S,S,A,14.5243,15.9,15.17,0.73,,0,0.0,0.0,,0,0.0,0,0.0,0.0,,0,0.0,1,15.9,15.8538,2026-01-16,0,-0.0798,2.8362,0.0675304474945999,2025-12-17
prebreak,300244,2025-12-17,S,S,A,C,S,S,A,14.8633,15.34,14.6,0.74,,1,15.34,15.472,2025-12-22,0,0.1625,1,15.34,15.472,2025-12-22,0,0.1625,1,15.34,15.472,2025-12-22,0,0.1625,3.3102,-0.0060060364896323,2025-12-17
prebreak,600955,2025-12-17,S,S,A,C,S,S,A,14.7624,15.48,14.69,0.79,,0,0.0,0.0,,0,0.0,1,15.48,16.1479,2025-12-31,0,0.83,1,15.48,17.1945,2026-01-16,0,2.154,1.7254,0.0230524034170598,2025-12-17
prebreak,600372,2025-12-18,S,S,A,C,S,S,A,12.8451,12.95,12.36,0.59,,1,12.95,12.7854,2025-12-23,0,-0.2956,1,12.95,12.7854,2025-12-23,0,-0.2956,1,12.95,12.7854,2025-12-23,0,-0.2956,1.7844,0.0821024123154678,2025-12-18
prebreak,603777,2025-12-18,S,S,A,C,S,S,A,14.84,13.9,13.2,0.7,,1,13.9,14.28,2025-12-23,0,0.5274,1,13.9,14.28,2025-12-23,0,0.5274,1,13.9,14.28,2025-12-23,0,0.5274,6.7866,0.0700538876058507,2025-12-18
prebreak,603886,2025-12-18,S,S,A,C,S,S,A,12.8017,12.29,11.78,0.51,,1,12.29,13.1241,2025-12-23,0,1.6162,1,12.29,13.1241,2025-12-23,0,1.6162,1,12.29,13.1241,2025-12-23,0,1.6162,1.9131,0.0302355831767595,2025-12-18
prebreak,300320,2025-12-19,S,S,A,C,S,S,A,9.289,9.89,9.38,0.51,,0,0.0,0.0,,0,0.0,0,0.0,0.0,,0,0.0,1,9.89,9.9967,2026-01-20,0,0.1943,1.5906,0.0762436733168125,2025-12-19
prebreak,301278,2025-12-19,S,S,A,C,S,S,A,37.3394,35.39,33.69,1.7,,1,35.39,33.69,2025-12-24,1,-1.0152,1,35.39,33.69,2025-12-24,1,-1.0152,1,35.39,33.69,2025-12-24,1,-1.0152,3.5486,0.0227408421447596,2025-12-19
prebreak,301335,2025-12-19,S,S,A,C,S,S,A,30.9453,29.07,27.79,1.28,,1,29.07,29.741,2025-12-24,0,0.5066,1,29.07,29.741,2025-12-24,0,0.5066,1,29.07,29.741,2025-12-24,0,0.5066,2.4383,0.0287391556298342,2025-12-19
prebreak,603383,2025-12-19,S,S,A,C,S,S,A,35.6477,36.69,34.92,1.77,,0,0.0,0.0,,0,0.0,1,36.69,37.7885,2026-01-06,0,0.6045,1,36.69,37.5823,2026-01-20,0,0.4881,2.0248,-0.0313153729034005,2025-12-19
prebreak,603867,2025-12-19,S,S,A,C,S,S,A,24.6015,27.98,26.6,1.38,,0,0.0,0.0,,0,0.0,0,0.0,0.0,,0,0.0,0,27.98,28.4724,2026-01-20,0,0.3412,2.9701,0.145627331277919,2025-12-19
prebreak,000682,2025-12-22,S,S,A,C,S,S,A,11.621,12.01,11.5,0.51,,0,0.0,0.0,,0,0.0,1,12.01,12.1588,2026-01-07,0,0.2737,1,12.01,13.9711,2026-01-21,0,3.8251,1.6709,0.0533266132740792,2025-12-22
prebreak,000786,2025-12-22,S,S,A,C,S,S,A,24.1381,24.7,23.66,1.04,,0,0.0,0.0,,0,0.0,1,24.7,24.5347,2026-01-07,0,-0.1768,1,24.7,25.8021,2026-01-21,0,1.041,2.2212,0.0175692569485315,2025-12-22
prebreak,300597,2025-12-22,S,S,A,C,S,S,A,9.08,9.85,9.34,0.51,,1,9.85,9.54,2025-12-29,0,-0.6221,1,9.85,9.34,2025-12-30,1,-1.014,1,9.85,9.34,2025-12-30,1,-1.014,3.8791,0.0165118679050568,2025-12-22
prebreak,000997,2025-12-24,S,S,A,C,S,S,A,25.6687,26.17,25.24,0.93,,1,26.17,27.9269,2025-12-31,0,1.8665,1,26.17,27.6606,2026-01-09,0,1.5804,1,26.17,28.2523,2026-01-23,0,2.2162,1.9779,0.0350383778864669,2025-12-24
prebreak,001373,2025-12-25,S,S,A,C,S,S,A,31.14,33.28,31.66,1.62,,1,33.28,33.81,2026-01-05,0,0.3113,1,33.28,37.95,2026-01-12,0,2.8653,1,33.28,42.91,2026-01-26,0,5.9251,2.0043,0.032578343158548,2025-12-25
prebreak,002601,2025-12-25,S,S,A,C,S,S,A,19.06,18.19,17.37,0.82,,1,18.19,19.68,2026-01-05,0,1.7991,1,18.19,19.97,2026-01-12,0,2.1525,1,18.19,21.99,2026-01-26,0,4.6144,1.5324,-0.0036364400723082,2025-12-25
prebreak,002635,2025-12-25,S,S,A,C,S,S,A,13.7941,14.2,13.52,0.68,,0,0.0,0.0,,0,0.0,1,14.2,14.349,2026-01-12,0,0.2031,1,14.2,13.9526,2026-01-14,0,-0.3794,2.5079,0.0521028561520731,2025-12-25
prebreak,002995,2025-12-25,S,S,A,C,S,S,A,16.41,16.83,16.04,0.79,,1,16.83,17.38,2026-01-05,0,0.6796,1,16.83,19.83,2026-01-12,0,3.7789,1,16.83,25.1,2026-01-26,0,10.4456,1.843,-0.0243478260869566,2025-12-25
prebreak,300479,2025-12-25,S,S,A,C,S,S,A,18.87,19.21,18.18,1.03,,1,19.21,19.26,2026-01-05,0,0.0343,1,19.21,20.33,2026-01-12,0,1.0725,1,19.21,20.71,2026-01-26,0,1.4412,1.5798,-0.0025960539979231,2025-12-25
prebreak,301587,2025-12-25,S,S,A,C,S,S,A,23.59,23.77,22.66,1.11,,1,23.77,23.55,2025-12-30,0,-0.2143,1,23.77,23.55,2025-12-30,0,-0.2143,1,23.77,23.55,2025-12-30,0,-0.2143,1.7256,0.011059123777116,2025-12-25
prebreak,603777,2025-12-25,S,S,A,C,S,S,A,14.21,13.9,13.2,0.7,,1,13.9,13.51,2025-12-30,0,-0.5719,1,13.9,13.51,2025-12-30,0,-0.5719,1,13.9,13.51,2025-12-30,0,-0.5719,1.5568,0.0220588235294119,2025-12-25
prebreak,300817,2025-12-26,S,S,A,C,S,S,A,20.0854,19.49,18.6,0.89,,1,19.49,20.8006,2026-01-06,0,1.455,1,19.49,22.837,2026-01-13,0,3.7416,1,19.49,21.049,2026-01-27,0,1.7339,1.6194,0.0224387667660581,2025-12-26
prebreak,001319,2025-12-29,S,S,A,C,S,S,A,26.4713,26.01,24.84,1.17,,1,26.01,26.8357,2026-01-05,0,0.6884,1,26.01,26.8357,2026-01-05,0,0.6884,1,26.01,26.8357,2026-01-05,0,0.6884,3.2583,0.0162203134353362,2025-12-29
prebreak,002698,2025-12-29,S,S,A,C,S,S,A,15.8824,16.68,16.08,0.6,,1,16.68,16.2745,2026-01-05,0,-0.6965,1,16.68,16.2745,2026-01-05,0,-0.6965,1,16.68,16.2745,2026-01-05,0,-0.6965,3.3747,0.0666833855799373,2025-12-29
prebreak,003039,2025-12-29,S,S,A,C,S,S,A,14.3918,14.49,13.89,0.6,,1,14.49,16.3538,2026-01-07,0,3.0861,1,14.49,17.0602,2026-01-14,0,4.2626,1,14.49,15.9712,2026-01-28,0,2.4488,2.3411,0.0438249481112436,2025-12-29
prebreak,300161,2025-12-29,S,S,A,C,S,S,A,28.7699,28.98,27.87,1.11,,1,28.98,30.1489,2026-01-07,0,1.0326,1,28.98,31.5579,2026-01-14,0,2.3011,1,28.98,32.4873,2026-01-28,0,3.1379,1.7234,0.0204177629474864,2025-12-29
prebreak,300174,2025-12-29,S,S,A,C,S,S,A,15.6732,15.93,15.17,0.76,,0,0.0,0.0,,0,0.0,1,15.93,16.1484,2026-01-14,0,0.2713,1,15.93,16.6122,2026-01-28,0,0.8811,1.7826,0.0221990480743925,2025-12-29
prebreak,300075,2025-12-30,S,S,A,C,S,S,A,15.28,15.27,14.46,0.81,,1,15.27,15.5,2026-01-08,0,0.2694,1,15.27,17.19,2026-01-15,0,2.3545,1,15.27,15.35,2026-01-29,0,0.0844,1.5232,-0.0173745173745173,2025-12-30
prebreak,000997,2025-12-31,S,S,A,C,S,S,A,27.9269,26.17,25.24,0.93,,1,26.17,27.6606,2026-01-09,0,1.5804,1,26.17,28.6763,2026-01-16,0,2.6719,1,26.17,26.9408,2026-01-30,0,0.8069,1.94,0.0640891743788696,2025-12-31
prebreak,300244,2025-12-31,S,S,A,C,S,S,A,15.5603,15.78,15.04,0.74,,1,15.78,21.323,2026-01-09,0,7.4697,1,15.78,24.8081,2026-01-16,0,12.1763,1,15.78,23.4534,2026-01-30,0,10.3467,2.7299,0.0687351459936624,2025-12-31
prebreak,603897,2026-01-05,S,S,A,C,S,S,A,26.0869,26.88,25.85,1.03,,1,26.88,26.6419,2026-01-12,0,-0.2509,1,26.88,25.85,2026-01-14,1,-1.0192,0,26.88,25.85,2026-01-14,1,-1.0192,1.574,0.1166880381022166,2026-01-05
prebreak,300341,2026-01-06,S,S,A,C,S,S,A,16.9842,17.19,16.35,0.84,,1,17.19,18.1085,2026-01-13,0,1.0773,1,17.19,18.2677,2026-01-20,0,1.2667,1,17.19,17.0837,2026-02-03,0,-0.142,2.5063,-0.0110579175539661,2026-01-06
prebreak,001319,2026-01-07,S,S,A,C,S,S,A,26.5796,27.32,26.11,1.21,,0,0.0,0.0,,0,0.0,1,27.32,30.2332,2026-01-21,0,2.389,0,27.32,29.8295,2026-02-04,0,2.0555,2.5083,0.1078989981270375,2026-01-07
prebreak,003039,2026-01-07,S,S,A,C,S,S,A,16.3538,14.49,13.89,0.6,,1,14.49,17.0602,2026-01-14,0,4.2626,1,14.49,17.4918,2026-01-21,0,4.9816,1,14.49,16.138,2026-02-04,0,2.7266,1.8935,0.0257029872065346,2026-01-07
prebreak,300161,2026-01-07,S,S,A,C,S,S,A,30.1489,29.4,28.12,1.28,,1,29.4,31.5579,2026-01-14,0,1.6674,1,29.4,32.6372,2026-01-21,0,2.51,1,29.4,31.9477,2026-02-04,0,1.9716,5.6866,0.0169570215000374,2026-01-07
prebreak,603939,2026-01-07,S,S,A,C,S,S,A,21.7189,21.95,20.96,0.99,,1,21.95,22.326,2026-01-14,0,0.3627,1,21.95,21.6993,2026-01-21,0,-0.2699,1,21.95,24.2452,2026-02-04,0,2.3001,1.5804,0.0043024069888666,2026-01-07
prebreak,300075,2026-01-08,S,S,A,C,S,S,A,15.5,15.66,15.07,0.59,,1,15.66,17.19,2026-01-15,0,2.5714,1,15.66,16.08,2026-01-22,0,0.6912,1,15.66,15.07,2026-01-29,1,-1.0195,2.1754,0.0142487046632124,2026-01-08
prebreak,002322,2026-01-09,S,S,A,C,S,S,A,12.295,12.04,11.5,0.54,,1,12.04,12.7622,2026-01-16,0,1.3197,1,12.04,13.249,2026-01-23,0,2.2205,1,12.04,12.8985,2026-02-06,0,1.5719,1.907,0.0402096283161592,2026-01-09
prebreak,301376,2026-01-09,S,S,A,C,S,S,A,18.3978,18.52,17.67,0.85,,1,18.52,19.0605,2026-01-16,0,0.619,1,18.52,19.4958,2026-01-23,0,1.1307,1,18.52,19.6639,2026-02-06,0,1.3284,1.5669,-0.0161052820012358,2026-01-09
prebreak,600060,2026-01-09,S,S,A,C,S,S,A,23.4345,24.15,22.92,1.23,,1,24.15,22.92,2026-01-14,1,-1.0143,1,24.15,22.92,2026-01-14,1,-1.0143,1,24.15,22.92,2026-01-14,1,-1.0143,3.41,0.0101625251056423,2026-01-09
prebreak,688777,2026-01-09,S,S,A,C,S,S,A,53.4898,50.49,48.06,2.43,,1,50.49,64.1399,2026-01-16,0,5.5979,1,50.49,74.5906,2026-01-23,0,9.8959,1,50.49,87.255,2026-02-06,0,15.1043,4.8781,-0.0101315943177416,2026-01-09
prebreak,600071,2026-01-12,S,S,A,C,S,S,A,22.78,21.85,20.85,1.0,,1,21.85,21.5,2026-01-15,0,-0.3664,1,21.85,21.5,2026-01-15,0,-0.3664,1,21.85,21.5,2026-01-15,0,-0.3664,2.064,0.0459550023934898,2026-01-12
prebreak,002223,2026-01-14,S,S,A,C,S,S,A,44.4173,38.62,37.07,1.55,,1,38.62,40.2104,2026-01-21,0,1.0065,1,38.62,40.6017,2026-01-28,0,1.2588,0,38.62,38.1656,2026-02-11,0,-0.3119,2.0367,0.1026375636525438,2026-01-14
prebreak,601900,2026-01-14,S,S,A,C,S,S,A,15.7631,13.26,12.58,0.68,,1,13.26,14.7427,2026-01-21,0,2.1643,1,13.26,14.6378,2026-01-28,0,2.0101,1,13.26,14.1706,2026-02-11,0,1.3234,2.9676,0.0032570953884771,2026-01-14
prebreak,300075,2026-01-15,S,S,A,C,S,S,A,17.19,15.66,15.07,0.59,,1,15.66,16.04,2026-01-20,0,0.6235,1,15.66,16.04,2026-01-20,0,0.6235,1,15.66,16.04,2026-01-20,0,0.6235,1.6832,0.0602572782667569,2026-01-15
prebreak,600060,2026-01-16,S,S,A,C,S,S,A,22.5858,24.15,22.92,1.23,,1,24.15,23.8685,2026-01-23,0,-0.2437,1,24.15,23.8685,2026-01-23,0,-0.2437,1,24.15,23.8685,2026-01-23,0,-0.2437,1.7722,0.0258881195153164,2026-01-16
prebreak,603826,2026-01-16,S,S,A,C,S,S,A,13.3673,13.86,13.27,0.59,,0,0.0,0.0,,0,0.0,0,0.0,0.0,,0,0.0,1,13.86,14.0548,2026-02-13,0,0.3121,2.4777,0.0452192729808391,2026-01-16
prebreak,300479,2026-01-19,S,S,A,C,S,S,A,21.35,19.57,18.86,0.71,,1,19.57,20.76,2026-01-22,0,1.6541,1,19.57,20.76,2026-01-22,0,1.6541,1,19.57,20.76,2026-01-22,0,1.6541,2.1083,0.0521505376344084,2026-01-19
prebreak,002831,2026-01-21,S,S,A,C,S,S,A,18.9448,19.76,18.82,0.94,,1,19.76,19.9309,2026-01-28,0,0.1657,1,19.76,20.9869,2026-02-04,0,1.2884,1,19.76,21.889,2026-02-26,0,2.2475,1.7503,-0.0082265595981675,2026-01-21
prebreak,605296,2026-01-21,S,S,A,C,S,S,A,28.4,29.1,28.03,1.07,,0,0.0,0.0,,0,0.0,1,29.1,28.03,2026-02-02,1,-1.02,1,29.1,28.03,2026-02-02,1,-1.02,2.3034,-0.0075034106412005,2026-01-21
prebreak,603826,2026-01-23,S,S,A,C,S,S,A,13.4284,13.86,13.27,0.59,,0,0.0,0.0,,0,0.0,1,13.86,14.895,2026-02-06,0,1.7353,1,13.86,15.804,2026-03-02,0,3.275,2.4777,0.0452192729808391,2026-01-23
prebreak,600071,2026-01-26,S,S,A,C,S,S,A,21.8,22.48,21.39,1.09,,1,22.48,21.74,2026-01-29,0,-0.6941,1,22.48,21.74,2026-01-29,0,-0.6941,1,22.48,21.74,2026-01-29,0,-0.6941,1.7931,0.0792126740278444,2026-01-26
prebreak,600129,2026-01-27,S,S,A,C,S,S,A,18.03,18.88,17.92,0.96,,0,0.0,0.0,,0,0.0,1,18.88,17.95,2026-02-10,0,-0.9831,1,18.88,17.95,2026-02-10,0,-0.9831,2.4704,0.0128755364806865,2026-01-27
prebreak,605296,2026-01-28,S,S,A,C,S,S,A,27.54,28.8,27.44,1.36,,1,28.8,28.09,2026-02-03,0,-0.5378,1,28.8,28.09,2026-02-03,0,-0.5378,1,28.8,28.09,2026-02-03,0,-0.5378,2.3034,-0.0177353342428376,2026-01-28
prebreak,605555,2026-01-29,S,S,A,C,S,S,A,17.8163,19.06,18.08,0.98,,0,0.0,0.0,,0,0.0,1,19.06,18.2875,2026-02-12,0,-0.8026,1,19.06,18.2875,2026-02-12,0,-0.8026,2.7624,0.0355720843965667,2026-01-29
prebreak,000099,2026-01-30,S,S,A,C,S,S,A,19.7051,21.52,20.68,0.84,,0,0.0,0.0,,0,0.0,0,0.0,0.0,,0,0.0,1,21.52,21.4052,2026-03-09,0,-0.1561,2.6793,0.0833583540310836,2026-01-30
prebreak,300251,2026-01-30,S,S,A,C,S,S,A,19.332,17.4,16.62,0.78,,1,17.4,20.2215,2026-02-06,0,3.5981,1,17.4,26.9028,2026-02-13,0,12.1584,1,17.4,16.62,2026-03-09,1,-1.0163,2.4225,0.0580041273584905,2026-01-30
prebreak,300417,2026-01-30,S,S,A,C,S,S,A,13.1504,13.99,13.26,0.73,,1,13.99,13.7274,2026-02-04,0,-0.3741,1,13.99,13.7274,2026-02-04,0,-0.3741,1,13.99,13.7274,2026-02-04,0,-0.3741,2.1262,-0.0025516905848281,2026-01-30
prebreak,600060,2026-01-30,S,S,A,C,S,S,A,23.9746,24.32,23.05,1.27,,1,24.32,23.4152,2026-02-06,0,-0.7265,1,24.32,23.4924,2026-02-09,0,-0.6658,1,24.32,23.4924,2026-02-09,0,-0.6658,2.4326,0.0564812562456769,2026-01-30
prebreak,688050,2026-02-03,S,S,A,C,S,S,A,59.3916,61.11,58.85,2.26,,0,0.0,0.0,,0,0.0,0,0.0,0.0,,0,0.0,1,61.11,59.213,2026-03-02,0,-0.8594,2.3619,-0.0126189874835287,2026-02-03
prebreak,002416,2026-02-04,S,S,A,C,S,S,A,12.4057,12.57,12.0,0.57,,1,12.57,12.98,2026-02-11,0,0.7021,1,12.57,13.6788,2026-02-26,0,1.9273,1,12.57,12.0,2026-03-09,1,-1.0161,1.503,-0.0539148272052291,2026-02-04
prebreak,002299,2026-02-05,S,S,A,C,S,S,A,17.0338,16.98,16.13,0.85,,1,16.98,17.9828,2026-02-12,0,1.1639,1,16.98,19.0802,2026-02-27,0,2.4541,1,16.98,18.2992,2026-03-13,0,1.5358,2.1335,0.0346760313141969,2026-02-05
prebreak,603042,2026-02-05,S,S,A,C,S,S,A,14.3593,14.17,13.44,0.73,,1,14.17,14.759,2026-02-12,0,0.7916,1,14.17,15.005,2026-02-27,0,1.1284,1,14.17,15.6123,2026-03-13,0,1.9597,1.7207,0.0350220223823587,2026-02-05
prebreak,603317,2026-02-05,S,S,A,C,S,S,A,14.0201,12.62,12.05,0.57,,1,12.62,13.4017,2026-02-10,0,1.3537,1,12.62,13.4017,2026-02-10,0,1.3537,1,12.62,13.4017,2026-02-10,0,1.3537,4.1011,0.011694686210959,2026-02-05
prebreak,603985,2026-02-05,S,S,A,C,S,S,A,15.143,17.11,16.26,0.85,,1,17.11,17.5471,2026-02-12,0,0.4986,1,17.11,17.986,2026-02-27,0,1.0146,1,17.11,17.986,2026-03-13,0,1.0146,2.3996,0.0869360454126766,2026-02-05
prebreak,300251,2026-02-06,S,S,A,C,S,S,A,20.2215,17.4,16.62,0.78,,1,17.4,26.9028,2026-02-13,0,12.1584,1,17.4,18.4821,2026-03-02,0,1.3694,1,17.4,16.62,2026-03-09,1,-1.0163,1.7004,-0.0585460599334073,2026-02-06
prebreak,603082,2026-02-06,S,S,A,C,S,S,A,37.0281,37.94,36.41,1.53,,1,37.94,38.1926,2026-02-13,0,0.1461,1,37.94,38.1926,2026-02-13,0,0.1461,1,37.94,38.1926,2026-02-13,0,0.1461,2.8549,0.0334420468403118,2026-02-06
prebreak,603826,2026-02-06,S,S,A,C,S,S,A,14.895,13.86,13.27,0.59,,1,13.86,14.0548,2026-02-13,0,0.3121,1,13.86,15.804,2026-03-02,0,3.275,1,13.86,18.4545,2026-03-16,0,7.7646,2.4878,0.0211033527826318,2026-02-06
prebreak,002933,2026-02-09,S,S,A,C,S,S,A,35.8649,36.5,34.82,1.68,,1,36.5,37.104,2026-02-24,0,0.3428,1,36.5,36.8941,2026-02-25,0,0.2179,1,36.5,36.8941,2026-02-25,0,0.2179,2.2562,0.0245606480134201,2026-02-09
prebreak,603125,2026-02-09,S,S,A,C,S,S,A,17.9314,19.1,18.1,1.0,,1,19.1,20.2677,2026-02-24,0,1.1525,1,19.1,18.3009,2026-03-03,0,-0.8132,1,19.1,18.1,2026-03-04,1,-1.0139,3.0465,0.0436668856078987,2026-02-09
prebreak,300691,2026-02-10,S,S,A,C,S,S,A,17.59,17.76,16.95,0.81,,1,17.76,17.9,2026-02-25,0,0.1561,1,17.76,17.9,2026-02-25,0,0.1561,1,17.76,17.9,2026-02-25,0,0.1561,1.6818,-0.0155210643015519,2026-02-10
prebreak,300100,2026-02-11,S,S,A,C,S,S,A,35.2013,35.99,34.34,1.65,,1,35.99,36.2876,2026-02-26,0,0.1637,1,35.99,34.34,2026-03-03,1,-1.0159,1,35.99,34.34,2026-03-03,1,-1.0159,2.6989,-0.0972154300168631,2026-02-11
prebreak,601088,2026-02-12,S,S,A,C,S,S,A,41.5173,42.09,39.96,2.13,,0,0.0,0.0,,0,0.0,1,42.09,44.7071,2026-03-06,0,1.2129,1,42.09,48.336,2026-03-20,0,2.9155,2.1933,0.0786781277877139,2026-02-12
prebreak,002791,2026-02-24,S,S,A,C,S,S,A,24.08,22.29,21.44,0.85,,1,22.29,24.71,2026-02-27,0,2.8253,1,22.29,24.71,2026-02-27,0,2.8253,1,22.29,24.71,2026-02-27,0,2.8253,1.5318,0.0099682827367466,2026-02-24
prebreak,603777,2026-02-24,S,S,A,C,S,S,A,12.96,13.57,12.9,0.67,,0,0.0,0.0,,0,0.0,0,0.0,0.0,,0,0.0,1,13.57,12.9,2026-03-13,1,-1.0148,2.275,-0.0094890510948904,2026-02-24
prebreak,002085,2026-02-25,S,S,A,C,S,S,A,15.9089,15.89,15.31,0.58,,1,15.89,16.0284,2026-03-04,0,0.2177,1,15.89,16.4867,2026-03-11,0,1.0073,1,15.89,15.31,2026-03-18,1,-1.0202,1.8394,-0.0297432174345289,2026-02-25
prebreak,000096,2026-02-26,S,S,A,C,S,S,A,10.6775,11.17,10.64,0.53,,1,11.17,11.7275,2026-03-05,0,1.0351,1,11.17,11.0737,2026-03-12,0,-0.1976,1,11.17,10.64,2026-03-17,1,-1.0154,3.7099,0.006892651494379,2026-02-26
prebreak,600066,2026-02-26,S,S,A,C,S,S,A,27.9934,30.87,29.39,1.48,,0,0.0,0.0,,0,0.0,0,0.0,0.0,,0,0.0,1,30.87,30.8314,2026-03-26,0,-0.0419,1.7393,0.0161672591840191,2026-02-26
prebreak,601088,2026-02-27,S,S,A,C,S,S,A,41.2246,41.83,40.02,1.81,,1,41.83,44.7071,2026-03-06,0,1.571,1,41.83,47.7214,2026-03-13,0,3.2353,1,41.83,46.3362,2026-03-27,0,2.4705,2.1933,0.07201487491946,2026-02-27
prebreak,601225,2026-02-27,S,S,A,C,S,S,A,22.7031,22.85,21.71,1.14,,1,22.85,23.9005,2026-03-06,0,0.9057,1,22.85,25.1362,2026-03-13,0,1.989,0,22.85,25.0213,2026-03-27,0,1.8882,1.8197,0.114122587078105,2026-02-27
prebreak,301559,2026-03-04,S,S,A,C,S,S,A,17.4116,18.32,17.46,0.86,,1,18.32,18.5079,2026-03-11,0,0.2021,1,18.32,17.46,2026-03-17,1,-1.0156,1,18.32,17.46,2026-03-17,1,-1.0156,2.6969,0.0784755501774072,2026-03-04
prebreak,002588,2026-03-05,S,S,A,C,S,S,A,10.2565,10.75,10.21,0.54,,1,10.75,10.4698,2026-03-10,0,-0.5338,1,10.75,10.4698,2026-03-10,0,-0.5338,1,10.75,10.4698,2026-03-10,0,-0.5338,1.8978,-0.0054639364142654,2026-03-05
prebreak,600066,2026-03-05,S,S,A,C,S,S,A,29.304,30.87,29.39,1.48,,0,0.0,0.0,,0,0.0,0,0.0,0.0,,0,0.0,1,30.87,30.8314,2026-03-26,0,-0.0419,1.7393,0.0161672591840191,2026-03-05
prebreak,601088,2026-03-06,S,S,A,C,S,S,A,44.7071,41.83,40.02,1.81,2026-03-28（报告期 2025-12-31 00:00:00）,1,41.83,47.7214,2026-03-13,0,3.2353,1,41.83,48.336,2026-03-20,0,3.5746,1,41.83,46.4143,2026-04-03,0,2.5136,2.209,0.022670999207689,2026-03-06
prebreak,601225,2026-03-06,S,S,A,C,S,S,A,23.9005,22.85,21.71,1.14,,1,22.85,25.1362,2026-03-13,0,1.989,1,22.85,26.0175,2026-03-20,0,2.7616,1,22.85,24.2933,2026-04-03,0,1.25,2.1117,0.070617800239777,2026-03-06
prebreak,603527,2026-03-10,S,S,A,C,S,S,A,10.8755,10.97,10.44,0.53,,1,10.97,12.6434,2026-03-17,0,3.1396,1,10.97,10.44,2026-03-20,1,-1.0151,1,10.97,10.44,2026-03-20,1,-1.0151,1.5892,0.0322557931122777,2026-03-10
prebreak,603777,2026-03-10,S,S,A,C,S,S,A,13.13,13.33,12.69,0.64,,1,13.33,13.47,2026-03-17,0,0.2028,1,13.33,12.69,2026-03-23,1,-1.0152,1,13.33,12.69,2026-03-23,1,-1.0152,2.275,-0.0270072992700729,2026-03-10
prebreak,300498,2026-03-11,S,S,A,C,S,S,A,16.8723,16.13,15.34,0.79,,1,16.13,17.0494,2026-03-18,0,1.1475,1,16.13,16.5771,2026-03-25,0,0.5501,1,16.13,16.3213,2026-04-09,0,0.2265,1.6203,0.0234403497685504,2026-03-11
prebreak,601882,2026-03-11,S,S,A,C,S,S,A,21.9166,21.35,20.31,1.04,,1,21.35,20.9808,2026-03-18,0,-0.3704,1,21.35,20.31,2026-03-20,1,-1.015,1,21.35,20.31,2026-03-20,1,-1.015,1.6646,0.0799599980191037,2026-03-11
prebreak,600449,2026-03-16,S,S,A,C,S,S,A,13.1256,13.72,13.19,0.53,,1,13.72,13.3924,2026-03-19,0,-0.6373,1,13.72,13.3924,2026-03-19,0,-0.6373,1,13.72,13.3924,2026-03-19,0,-0.6373,1.9308,0.0351537484816855,2026-03-16
prebreak,002559,2026-03-24,S,S,A,C,S,S,A,9.4557,10.73,10.21,0.52,2026-04-21（报告期 2025-12-31 00:00:00）,0,0.0,0.0,,0,0.0,0,0.0,0.0,,0,0.0,1,10.73,10.6277,2026-04-21,0,-0.2123,2.3094,0.0407507897185848,2026-03-24
prebreak,002635,2026-03-24,S,S,A,C,S,S,A,13.1995,15.09,14.32,0.77,2026-03-28（报告期 2025-12-31 00:00:00）,0,0.0,0.0,,0,0.0,0,0.0,0.0,,0,0.0,1,15.09,17.2525,2026-04-22,0,2.7918,2.4996,-0.0014579487742335,2026-03-24
prebreak,300998,2026-03-24,S,S,A,C,S,S,A,22.0186,24.71,23.43,1.28,2026-04-04（报告期 2025-12-31 00:00:00）,0,0.0,0.0,,0,0.0,0,0.0,0.0,,0,0.0,1,24.71,25.9813,2026-04-22,0,0.9779,2.8502,0.0205063568239238,2026-03-24
prebreak,603777,2026-03-24,S,S,A,C,S,S,A,13.06,13.33,12.69,0.64,,1,13.33,13.11,2026-03-31,0,-0.3594,1,13.33,12.69,2026-04-03,1,-1.0152,1,13.33,12.69,2026-04-03,1,-1.0152,2.0219,0.0198928844682477,2026-03-24
prebreak,000957,2026-03-27,S,S,A,C,S,S,A,11.0603,11.6,11.04,0.56,,1,11.6,11.1996,2026-04-02,0,-0.7303,1,11.6,11.1996,2026-04-02,0,-0.7303,1,11.6,11.1996,2026-04-02,0,-0.7303,2.7563,0.0544816837062136,2026-03-27
prebreak,000963,2026-03-27,S,S,A,C,S,S,A,34.7424,35.74,33.99,1.75,,1,35.74,35.5356,2026-04-03,0,-0.1323,1,35.74,34.2039,2026-04-13,0,-0.8928,1,35.74,33.99,2026-04-14,1,-1.0149,1.9161,0.0824067472112932,2026-03-27
prebreak,002705,2026-03-27,S,S,A,C,S,S,A,14.5061,13.61,12.96,0.65,,1,13.61,14.0967,2026-04-03,0,0.7324,1,13.61,14.7304,2026-04-13,0,1.7066,1,13.61,16.4559,2026-04-27,0,4.3596,3.3276,0.0007722721058271,2026-03-27
prebreak,002840,2026-03-27,S,S,A,C,S,S,A,11.36,10.4,9.88,0.52,2026-04-27（报告期 2025-12-31 00:00:00）,1,10.4,11.76,2026-04-03,0,2.5985,1,10.4,12.76,2026-04-13,0,4.5204,1,10.4,11.83,2026-04-27,0,2.7331,1.5461,0.0547667342799189,2026-03-27
prebreak,002962,2026-03-27,S,S,A,C,S,S,A,13.6232,15.89,15.14,0.75,,0,0.0,0.0,,0,0.0,1,15.89,16.4991,2026-04-13,0,0.7955,1,15.89,16.2901,2026-04-14,0,0.5171,6.6685,0.0216181802215449,2026-03-27
prebreak,603787,2026-03-27,S,S,A,C,S,S,A,14.849,13.92,13.3,0.62,,1,13.92,14.3834,2026-04-03,0,0.7299,1,13.92,13.3,2026-04-07,1,-1.0164,1,13.92,13.3,2026-04-07,1,-1.0164,2.9274,0.0463286472221691,2026-03-27
prebreak,603995,2026-03-27,S,S,A,C,S,S,A,17.0176,18.99,18.06,0.93,2026-04-10（报告期 2025-12-31 00:00:00）,0,0.0,0.0,,0,0.0,0,0.0,0.0,,0,0.0,0,18.99,19.0036,2026-04-27,0,-0.0009,2.8591,0.1159057556462042,2026-03-27
prebreak,002352,2026-03-30,S,S,A,C,S,S,A,36.3176,36.75,34.85,1.9,2026-03-31（报告期 2025-12-31 00:00:00）,1,36.75,37.3352,2026-04-07,0,0.2931,1,36.75,36.7325,2026-04-14,0,-0.0239,1,36.75,36.5745,2026-04-28,0,-0.107,2.4495,0.0045277588338443,2026-03-30
prebreak,300741,2026-03-30,S,S,A,C,S,S,A,15.9995,17.86,17.09,0.77,,0,0.0,0.0,,0,0.0,0,0.0,0.0,,0,0.0,1,17.86,17.09,2026-04-16,1,-1.017,4.7511,0.0274672857247799,2026-03-30
prebreak,603819,2026-03-30,S,S,A,C,S,S,A,12.8554,13.03,12.48,0.55,,1,13.03,13.1045,2026-04-07,0,0.1174,1,13.03,13.8818,2026-04-14,0,1.5297,1,13.03,14.0711,2026-04-28,0,1.8738,1.629,0.085983642544192,2026-03-30
prebreak,300628,2026-04-01,S,S,A,C,S,S,A,31.77,33.9,32.15,1.75,,0,0.0,0.0,,0,0.0,1,33.9,34.0779,2026-04-15,0,0.0869,1,33.9,34.0779,2026-04-15,0,0.0869,2.1356,0.0264837881296946,2026-04-01
prebreak,301297,2026-04-01,S,S,A,C,S,S,A,33.934,35.94,34.48,1.46,2026-04-24（报告期 2025-12-31 00:00:00）,0,0.0,0.0,,0,0.0,0,0.0,0.0,,0,0.0,1,35.94,43.1035,2026-04-30,0,4.8847,5.9595,0.0279821137567333,2026-04-01
prebreak,600449,2026-04-07,S,S,A,C,S,S,A,12.157,12.99,12.46,0.53,,0,0.0,0.0,,0,0.0,0,0.0,0.0,,0,0.0,1,12.99,13.2343,2026-05-08,0,0.442,1.7686,0.0514258825372644,2026-04-07
prebreak,603819,2026-04-07,S,S,A,C,S,S,A,13.1045,13.03,12.48,0.55,2026-04-29（报告期 2025-12-31 00:00:00）,1,13.03,13.8818,2026-04-14,0,1.5297,1,13.03,14.4199,2026-04-21,0,2.5076,1,13.03,15.2471,2026-05-08,0,4.0105,1.6001,0.0088922111290177,2026-04-07
prebreak,002635,2026-04-08,S,S,A,C,S,S,A,14.1904,15.16,14.41,0.75,,1,15.16,15.7066,2026-04-15,0,0.713,1,15.16,17.2525,2026-04-22,0,2.7729,1,15.16,16.43,2026-05-11,0,1.6769,2.4996,0.0031741217085896,2026-04-08
prebreak,002833,2026-04-08,S,S,A,C,S,S,A,17.5528,17.65,16.73,0.92,,1,17.65,17.3589,2026-04-14,0,-0.3308,1,17.65,17.3589,2026-04-14,0,-0.3308,1,17.65,17.3589,2026-04-14,0,-0.3308,1.8945,-0.0188406540777228,2026-04-08
prebreak,600071,2026-04-08,S,S,A,C,S,S,A,20.3,19.11,18.12,0.99,,1,19.11,20.29,2026-04-13,0,1.1765,1,19.11,20.29,2026-04-13,0,1.1765,1,19.11,20.29,2026-04-13,0,1.1765,2.7783,-0.0682593856655291,2026-04-08
prebreak,002832,2026-04-10,S,S,A,C,S,S,A,16.8283,17.1,16.25,0.85,2026-04-29（报告期 2025-12-31 00:00:00）,1,17.1,17.2053,2026-04-17,0,0.1085,1,17.1,17.4372,2026-04-24,0,0.3812,1,17.1,19.8924,2026-05-13,0,3.2678,1.6947,0.0517901968555951,2026-04-10
prebreak,300052,2026-04-10,S,S,A,C,S,S,A,12.6,13.34,12.76,0.58,,1,13.34,13.56,2026-04-20,0,0.3616,1,13.34,12.76,2026-04-22,1,-1.0169,1,13.34,12.76,2026-04-22,1,-1.0169,7.3538,0.0183206106870228,2026-04-10
prebreak,300898,2026-04-10,S,S,A,C,S,S,A,22.6857,23.05,21.9,1.15,2026-04-17（报告期 2025-12-31 00:00:00）,1,23.05,23.6585,2026-04-17,0,0.5136,1,23.05,23.1429,2026-04-24,0,0.0655,1,23.05,23.5223,2026-05-13,0,0.3952,2.3139,-0.0312978413889118,2026-04-10
prebreak,600323,2026-04-10,S,S,A,C,S,S,A,28.5128,29.63,28.17,1.46,2026-04-24（报告期 2025-12-31 00:00:00）,0,0.0,0.0,,0,0.0,1,29.63,30.4987,2026-04-28,0,0.5792,1,29.63,29.6518,2026-05-15,0,-0.0005,3.0961,0.0374107712084947,2026-04-10
prebreak,603209,2026-04-10,S,S,A,C,S,S,A,14.7034,14.98,14.21,0.77,,1,14.98,14.21,2026-04-14,1,-1.0142,1,14.98,14.21,2026-04-14,1,-1.0142,1,14.98,14.21,2026-04-14,1,-1.0142,1.8424,-0.0110002184014218,2026-04-10
prebreak,000957,2026-04-13,S,S,A,C,S,S,A,11.8163,11.6,11.04,0.56,2026-04-25（报告期 2025-12-31 00:00:00）,1,11.6,12.0052,2026-04-20,0,0.7075,1,11.6,12.3932,2026-04-27,0,1.3997,1,11.6,11.7069,2026-05-14,0,0.175,2.1914,0.034832956680632,2026-04-13
prebreak,001201,2026-04-13,S,S,A,C,S,S,A,12.92,13.71,13.1,0.61,,1,13.71,13.22,2026-04-17,0,-0.8199,1,13.71,13.22,2026-04-17,0,-0.8199,1,13.71,13.22,2026-04-17,0,-0.8199,1.6758,-0.0804828973843058,2026-04-13
prebreak,002962,2026-04-13,S,S,A,C,S,S,A,16.4991,13.88,13.23,0.65,2026-04-29（报告期 2025-12-31 00:00:00）,1,13.88,17.9918,2026-04-20,0,6.3056,1,13.88,16.8872,2026-04-27,0,4.6073,1,13.88,19.176,2026-05-14,0,8.1263,3.3724,-0.1018648283524611,2026-04-13
prebreak,603995,2026-04-13,S,S,A,C,S,S,A,17.7088,17.41,16.62,0.79,,1,17.41,17.8451,2026-04-20,0,0.5336,1,17.41,19.0036,2026-04-27,0,1.9992,1,17.41,19.0133,2026-05-14,0,2.0115,1.8659,-0.0296745617966924,2026-04-13
prebreak,605005,2026-04-13,S,S,A,C,S,S,A,20.59,20.58,19.74,0.84,,1,20.58,21.0937,2026-04-20,0,0.5925,1,20.58,19.74,2026-04-24,1,-1.018,1,20.58,19.74,2026-04-24,1,-1.018,1.5531,0.0583975868384194,2026-04-13
prebreak,002884,2026-04-14,S,S,A,C,S,S,A,17.3697,17.68,16.73,0.95,,1,17.68,17.9563,2026-04-21,0,0.2765,1,17.68,17.3224,2026-04-28,0,-0.3903,1,17.68,17.54,2026-05-15,0,-0.1614,1.7,0.0004272888643639,2026-04-14
prebreak,300741,2026-04-14,S,S,A,C,S,S,A,16.2483,17.86,17.09,0.77,,1,17.86,17.09,2026-04-16,1,-1.017,1,17.86,17.09,2026-04-16,1,-1.017,1,17.86,17.09,2026-04-16,1,-1.017,4.7511,0.0274672857247799,2026-04-14
prebreak,000550,2026-04-15,S,S,A,C,S,S,A,17.8753,18.43,17.51,0.92,,1,18.43,18.6286,2026-04-22,0,0.2005,1,18.43,18.4741,2026-04-29,0,0.0326,1,18.43,17.51,2026-05-18,1,-1.0146,1.7407,0.0667616868104392,2026-04-15
prebreak,002236,2026-04-15,S,S,A,C,S,S,A,18.4747,16.85,16.17,0.68,2026-04-18（报告期 2025-12-31 00:00:00）,1,16.85,18.4257,2026-04-20,0,2.2969,1,16.85,18.4257,2026-04-20,0,2.2969,1,16.85,18.4257,2026-04-20,0,2.2969,2.8475,-0.0433015887563191,2026-04-15
prebreak,300439,2026-04-15,S,S,A,C,S,S,A,9.9619,10.55,10.03,0.52,2026-04-29（报告期 2025-12-31 00:00:00）,0,0.0,0.0,,0,0.0,0,0.0,0.0,,0,0.0,1,10.55,10.201,2026-05-13,0,-0.6862,1.627,0.064357372976942,2026-04-15
prebreak,600992,2026-04-15,S,S,A,C,S,S,A,11.93,12.34,11.83,0.51,,0,0.0,0.0,,0,0.0,1,12.34,12.03,2026-04-29,0,-0.6258,1,12.34,12.03,2026-04-29,0,-0.6258,3.4264,0.0139687756778965,2026-04-15
prebreak,301552,2026-04-16,S,S,A,C,S,S,A,31.7555,28.65,27.15,1.5,,1,28.65,32.7093,2026-04-21,0,2.69,1,28.65,32.7093,2026-04-21,0,2.69,1,28.65,32.7093,2026-04-21,0,2.69,2.1584,-0.0338072425211579,2026-04-16
prebreak,600031,2026-04-16,S,S,A,C,S,S,A,20.1963,20.98,19.98,1.0,,0,0.0,0.0,,0,0.0,0,0.0,0.0,,0,0.0,1,20.98,19.98,2026-05-18,1,-1.0153,2.8867,0.0153975737455636,2026-04-16
prebreak,600764,2026-04-16,S,S,A,C,S,S,A,24.28,24.6,23.75,0.85,,1,24.6,24.42,2026-04-22,0,-0.2336,1,24.6,24.42,2026-04-22,0,-0.2336,1,24.6,24.42,2026-04-22,0,-0.2336,1.6201,-0.0261282660332541,2026-04-16
prebreak,000829,2026-04-17,S,S,A,C,S,S,A,10.97,10.94,10.37,0.57,2026-04-29（报告期 2025-12-31 00:00:00）,1,10.94,11.9,2026-04-24,0,1.6686,1,10.94,11.79,2026-05-06,0,1.4757,1,10.94,10.37,2026-05-15,1,-1.014,3.0405,0.0458891013384319,2026-04-17
prebreak,300181,2026-04-17,S,S,A,C,S,S,A,15.1868,15.73,14.95,0.78,2026-04-27（报告期 2025-12-31 00:00:00）,1,15.73,16.1817,2026-04-24,0,0.5634,1,15.73,14.95,2026-04-28,1,-1.0147,1,15.73,14.95,2026-04-28,1,-1.0147,2.2376,0.0554277377442746,2026-04-17
prebreak,603519,2026-04-17,S,S,A,C,S,S,A,13.1751,13.53,12.82,0.71,2026-04-18（报告期 2025-12-31 00:00:00）,0,0.0,0.0,,0,0.0,1,13.53,13.6519,2026-05-06,0,0.1572,1,13.53,12.82,2026-05-14,1,-1.0139,1.8448,0.0577180799220273,2026-04-17
prebreak,002823,2026-04-20,S,S,A,C,S,S,A,15.6971,16.04,15.35,0.69,,0,0.0,0.0,,0,0.0,1,16.04,16.0026,2026-05-06,0,-0.0718,0,16.04,16.0026,2026-05-06,0,-0.0718,1.8143,0.1134035706535885,2026-04-20
prebreak,300052,2026-04-20,S,S,A,C,S,S,A,13.56,12.85,12.3,0.55,,1,12.85,12.3,2026-04-24,1,-1.0171,1,12.85,12.3,2026-04-24,1,-1.0171,1,12.85,12.3,2026-04-24,1,-1.0171,2.0486,0.0046911649726348,2026-04-20
prebreak,600285,2026-04-20,S,S,A,C,S,S,A,20.102,20.65,19.91,0.74,2026-04-28（报告期 2025-12-31 00:00:00）,0,0.0,0.0,,0,0.0,1,20.65,21.242,2026-04-30,0,0.7783,1,20.65,21.242,2026-04-30,0,0.7783,3.9396,-0.0381928272007452,2026-04-20
prebreak,600449,2026-04-21,S,S,A,C,S,S,A,12.5227,12.99,12.38,0.61,,0,0.0,0.0,,0,0.0,1,12.99,13.2343,2026-05-08,0,0.3841,1,12.99,14.6872,2026-05-22,0,2.7644,1.7686,0.0514258825372644,2026-04-21
prebreak,603136,2026-04-21,S,S,A,C,S,S,A,10.6617,11.36,10.79,0.57,,1,11.36,10.79,2026-04-28,1,-1.0145,1,11.36,10.79,2026-04-28,1,-1.0145,1,11.36,10.79,2026-04-28,1,-1.0145,3.0554,0.0081020693299,2026-04-21
prebreak,603062,2026-04-22,S,S,A,C,S,S,A,48.5059,50.22,48.02,2.2,,1,50.22,53.2633,2026-04-29,0,1.3651,1,50.22,54.7347,2026-05-11,0,2.0335,1,50.22,48.02,2026-05-21,1,-1.0167,1.9634,0.0219051696216461,2026-04-22
prebreak,600258,2026-04-24,S,S,A,C,S,S,A,14.5817,14.9,14.2,0.7,,1,14.9,14.437,2026-05-06,0,-0.6771,1,14.9,14.437,2026-05-06,0,-0.6771,1,14.9,14.437,2026-05-06,0,-0.6771,2.6403,0.0313779050218447,2026-04-24
prebreak,600886,2026-04-24,S,S,A,C,S,S,A,12.9135,13.3,12.76,0.54,2026-04-30（报告期 2025-12-31 00:00:00）,1,13.3,13.1936,2026-05-06,0,-0.2157,1,13.3,13.1453,2026-05-07,0,-0.3051,1,13.3,13.1453,2026-05-07,0,-0.3051,2.6461,-0.01711603548472,2026-04-24
prebreak,002078,2026-04-27,S,S,A,C,S,S,A,14.1809,14.55,13.8,0.75,,1,14.55,14.4466,2026-05-07,0,-0.1525,1,14.55,13.8,2026-05-13,1,-1.0141,1,14.55,13.8,2026-05-13,1,-1.0141,2.0964,-0.0030305770188141,2026-04-27
prebreak,600323,2026-04-28,S,S,A,C,S,S,A,30.4987,28.75,27.51,1.24,,1,28.75,31.112,2026-05-06,0,1.886,1,28.75,31.112,2026-05-06,0,1.886,1,28.75,31.112,2026-05-06,0,1.886,2.2494,-0.0503650914508894,2026-04-28
prebreak,600449,2026-04-28,S,S,A,C,S,S,A,12.6907,12.83,12.3,0.53,,1,12.83,13.2343,2026-05-08,0,0.744,1,12.83,14.6477,2026-05-15,0,3.409,1,12.83,14.2721,2026-05-29,0,2.7008,1.7686,0.0384752942996997,2026-04-28
prebreak,300583,2026-04-30,S,S,A,C,S,S,A,15.1134,14.43,13.7,0.73,,1,14.43,15.4133,2026-05-12,0,1.3311,1,14.43,14.8735,2026-05-19,0,0.5922,1,14.43,13.7,2026-05-26,1,-1.0144,2.1356,-0.0098588040366361,2026-04-30
prebreak,603768,2026-04-30,S,S,A,C,S,S,A,11.87,11.22,10.72,0.5,,1,11.22,12.03,2026-05-12,0,1.6019,1,11.22,11.91,2026-05-19,0,1.3621,1,11.22,10.72,2026-05-27,1,-1.0164,1.5624,0.0237226277372262,2026-04-30
prebreak,688139,2026-04-30,S,S,A,C,S,S,A,31.0162,33.95,32.25,1.7,,0,0.0,0.0,,0,0.0,1,33.95,33.0708,2026-05-19,0,-0.532,1,33.95,33.0708,2026-05-19,0,-0.532,1.677,0.0336865784665383,2026-04-30
prebreak,002946,2026-05-06,S,S,A,C,S,S,A,19.0042,18.24,17.41,0.83,,1,18.24,18.2519,2026-05-11,0,-0.0024,1,18.24,18.2519,2026-05-11,0,-0.0024,1,18.24,18.2519,2026-05-11,0,-0.0024,1.5562,0.0487557217054539,2026-05-06
prebreak,600876,2026-05-06,S,S,A,C,S,S,A,9.41,10.01,9.48,0.53,,0,0.0,0.0,,0,0.0,1,10.01,9.48,2026-05-15,1,-1.0137,1,10.01,9.48,2026-05-15,1,-1.0137,2.0364,0.0100908173562057,2026-05-06
prebreak,603939,2026-05-06,S,S,A,C,S,S,A,22.4141,23.32,22.33,0.99,,1,23.32,22.9135,2026-05-13,0,-0.4282,1,23.32,22.9135,2026-05-13,0,-0.4282,1,23.32,22.9135,2026-05-13,0,-0.4282,2.8606,0.0160032752911165,2026-05-06
prebreak,300052,2026-05-07,S,S,A,C,S,S,A,14.27,12.85,12.3,0.55,,1,12.85,14.82,2026-05-12,0,3.5618,1,12.85,14.82,2026-05-12,0,3.5618,1,12.85,14.82,2026-05-12,0,3.5618,4.1092,0.0954816709292412,2026-05-07
prebreak,688391,2026-05-07,S,S,A,C,S,S,A,32.1296,31.18,29.73,1.45,,1,31.18,33.0017,2026-05-14,0,1.2392,1,31.18,32.1098,2026-05-21,0,0.6245,1,31.18,29.73,2026-06-02,1,-1.0157,1.8832,0.0931838734215217,2026-05-07
prebreak,300566,2026-05-08,S,S,A,C,S,S,A,20.3382,19.08,18.12,0.96,,1,19.08,19.9809,2026-05-15,0,0.9227,1,19.08,22.919,2026-05-22,0,3.9813,1,19.08,26.7603,2026-06-05,0,7.9802,1.8822,0.0486845640862789,2026-05-08
prebreak,300928,2026-05-08,S,S,A,C,S,S,A,36.02,30.52,29.05,1.47,,1,30.52,35.84,2026-05-15,0,3.601,1,30.52,35.5,2026-05-22,0,3.3698,1,30.52,32.16,2026-06-05,0,1.0992,5.1505,0.0321271559012512,2026-05-08
prebreak,605296,2026-05-13,S,S,A,C,S,S,A,28.7,31.06,29.46,1.6,,1,31.06,29.46,2026-05-18,1,-1.0141,1,31.06,29.46,2026-05-18,1,-1.0141,1,31.06,29.46,2026-05-18,1,-1.0141,2.0806,0.0618803418803417,2026-05-13
prebreak,002576,2026-05-15,S,S,A,C,S,S,A,18.8571,19.54,18.62,0.92,,1,19.54,19.5536,2026-05-22,0,-0.0013,1,19.54,18.62,2026-05-28,1,-1.0155,1,19.54,18.62,2026-05-28,1,-1.0155,2.4781,0.0506321812001182,2026-05-15
prebreak,300685,2026-05-15,S,S,A,C,S,S,A,19.63,20.4,19.39,1.01,,0,0.0,0.0,,0,0.0,1,20.4,20.41,2026-05-29,0,-0.0055,1,20.4,19.39,2026-06-05,1,-1.0147,3.2263,-0.0612842306007976,2026-05-15
prebreak,600845,2026-05-20,S,S,A,C,S,S,A,23.91,23.09,22.14,0.95,,1,23.09,22.14,2026-05-25,1,-1.0178,1,23.09,22.14,2026-05-25,1,-1.0178,1,23.09,22.14,2026-05-25,1,-1.0178,1.6185,0.0217389761186912,2026-05-20
prebreak,002576,2026-05-22,S,S,A,C,S,S,A,19.5536,19.3,18.3,1.0,,1,19.3,18.3,2026-05-28,1,-1.014,1,19.3,18.3,2026-05-28,1,-1.014,1,19.3,18.3,2026-05-28,1,-1.014,1.8912,0.0449963616464323,2026-05-22
prebreak,300685,2026-05-22,S,S,A,C,S,S,A,18.96,19.84,18.88,0.96,,1,19.84,20.41,2026-05-29,0,0.5777,1,19.84,18.88,2026-06-08,1,-1.0151,1,19.84,18.88,2026-06-08,1,-1.0151,3.2263,-0.0870528987803835,2026-05-22
prebreak,001286,2026-05-25,S,S,A,C,S,S,A,11.2607,11.65,11.03,0.62,,1,11.65,13.2337,2026-06-01,0,2.5385,1,11.65,11.5398,2026-06-08,0,-0.1919,1,11.65,11.03,2026-06-18,1,-1.0137,1.7353,0.0627280000447982,2026-05-25
prebreak,002823,2026-05-28,S,S,A,C,S,S,A,17.68,16.79,16.0,0.79,,1,16.79,20.85,2026-06-04,0,5.1199,1,16.79,17.28,2026-06-11,0,0.6037,1,16.79,16.0,2026-06-22,1,-1.0155,2.3887,0.0791061919600233,2026-05-28
prebreak,601066,2026-05-28,S,S,A,C,S,S,A,23.1,23.04,21.86,1.18,,1,23.04,25.07,2026-06-04,0,1.7044,1,23.04,24.59,2026-06-11,0,1.2979,1,23.04,30.25,2026-06-26,0,6.0915,3.1426,0.0568807339449539,2026-05-28
prebreak,001286,2026-06-01,S,S,A,C,S,S,A,13.2337,11.65,11.03,0.62,,1,11.65,12.1654,2026-06-04,0,0.8165,1,11.65,12.1654,2026-06-04,0,0.8165,1,11.65,12.1654,2026-06-04,0,0.8165,2.4112,0.0258027051279874,2026-06-01
prebreak,600012,2026-06-03,S,S,A,C,S,S,A,15.6209,15.69,14.92,0.77,,1,15.69,15.5823,2026-06-08,0,-0.1552,1,15.69,15.5823,2026-06-08,0,-0.1552,1,15.69,15.5823,2026-06-08,0,-0.1552,1.6891,0.0504346538054385,2026-06-03
prebreak,603858,2026-06-03,S,S,A,C,S,S,A,14.9956,15.22,14.53,0.69,,0,0.0,0.0,,0,0.0,1,15.22,15.2131,2026-06-17,0,-0.0268,1,15.22,14.53,2026-06-22,1,-1.0161,1.5082,-0.0117473209599968,2026-06-03
prebreak,002955,2026-06-09,S,S,A,C,S,S,A,28.6,25.94,24.62,1.32,,1,25.94,32.79,2026-06-16,0,5.1712,1,25.94,33.9,2026-06-24,0,6.0116,1,25.94,32.96,2026-07-08,0,5.2999,2.6134,0.0468119451170299,2026-06-09
prebreak,301303,2026-06-09,S,S,A,C,S,S,A,15.59,14.29,13.54,0.75,,1,14.29,16.23,2026-06-16,0,2.5706,1,14.29,17.46,2026-06-24,0,4.2095,1,14.29,14.04,2026-07-08,0,-0.3476,2.1871,-0.0148687821657002,2026-06-09
prebreak,600521,2026-06-09,S,S,A,C,S,S,A,14.6369,16.78,15.92,0.86,,0,0.0,0.0,,0,0.0,0,0.0,0.0,,0,0.0,0,16.78,16.35,2026-07-08,0,-0.5145,5.5946,0.1265501526896875,2026-06-09
prebreak,001239,2026-06-15,S,S,A,C,S,S,A,14.11,13.39,12.68,0.71,,1,13.39,14.7,2026-06-23,0,1.8296,1,13.39,13.22,2026-06-30,0,-0.2536,1,13.39,12.68,2026-07-08,1,-1.0137,3.1691,-0.1001344086021505,2026-06-15
prebreak,301303,2026-06-16,S,S,A,C,S,S,A,16.23,14.29,13.54,0.75,,1,14.29,17.57,2026-06-22,0,4.3561,1,14.29,17.57,2026-06-22,0,4.3561,1,14.29,17.57,2026-06-22,0,4.3561,2.9293,0.010390992650564,2026-06-16
prebreak,600298,2026-06-16,S,S,A,C,S,S,A,34.73,35.65,33.84,1.81,,1,35.65,35.72,2026-06-24,0,0.0237,1,35.65,36.65,2026-07-01,0,0.5372,1,35.65,38.04,2026-07-15,0,1.3046,2.254,-9.13652279105337e-05,2026-06-16
prebreak,600521,2026-06-16,S,S,A,C,S,S,A,14.2595,16.78,15.92,0.86,,0,0.0,0.0,,0,0.0,0,0.0,0.0,,0,0.0,0,16.78,16.35,2026-07-08,0,-0.5145,5.5946,0.1265501526896875,2026-06-16
prebreak,002727,2026-06-17,S,S,A,C,S,S,A,10.76,11.26,10.7,0.56,,0,0.0,0.0,,0,0.0,0,0.0,0.0,,0,0.0,1,11.26,11.53,2026-07-16,0,0.4666,1.7934,0.0464684014869889,2026-06-17
prebreak,300181,2026-06-17,S,S,A,C,S,S,A,13.04,13.46,12.96,0.5,,1,13.46,12.96,2026-06-25,1,-1.0198,1,13.46,12.96,2026-06-25,1,-1.0198,1,13.46,12.96,2026-06-25,1,-1.0198,2.9417,-0.0157165528285371,2026-06-17
prebreak,600587,2026-06-18,S,S,A,C,S,S,A,11.9387,12.8,12.23,0.57,,0,0.0,0.0,,0,0.0,0,0.0,0.0,,0,0.0,1,12.8,13.09,2026-07-17,0,0.4914,2.3856,0.0589547779846824,2026-06-18
prebreak,601788,2026-06-18,S,S,A,C,S,S,A,14.19,14.44,13.77,0.67,,1,14.44,14.68,2026-06-24,0,0.3416,1,14.44,14.68,2026-06-24,0,0.3416,1,14.44,14.68,2026-06-24,0,0.3416,2.0689,0.0083798882681562,2026-06-18
prebreak,601995,2026-06-18,S,S,A,C,S,S,A,33.4,33.05,31.29,1.76,,1,33.05,34.99,2026-06-24,0,1.0873,1,33.05,34.99,2026-06-24,0,1.0873,1,33.05,34.99,2026-06-24,0,1.0873,2.5618,-0.0187054631828978,2026-06-18
prebreak,603658,2026-06-18,S,S,A,C,S,S,A,30.49,32.41,30.81,1.6,,0,0.0,0.0,,0,0.0,0,0.0,0.0,,0,0.0,1,32.41,32.23,2026-07-17,0,-0.1278,1.8585,0.0099719538797131,2026-06-18
prebreak,300146,2026-06-22,S,S,A,C,S,S,A,10.28,9.82,9.32,0.5,,1,9.82,9.73,2026-06-25,0,-0.1948,1,9.82,9.73,2026-06-25,0,-0.1948,1,9.82,9.73,2026-06-25,0,-0.1948,1.5956,0.0082135523613962,2026-06-22
prebreak,603049,2026-06-23,S,S,A,C,S,S,A,44.29,45.78,43.72,2.06,,0,0.0,0.0,,0,0.0,1,45.78,48.79,2026-07-07,0,1.4434,1,45.78,48.33,2026-07-21,0,1.2202,1.544,0.0272621440199631,2026-06-23
prebreak,603194,2026-06-23,S,S,A,C,S,S,A,36.54,37.97,36.14,1.83,,1,37.97,36.14,2026-06-30,1,-1.0151,1,37.97,36.14,2026-06-30,1,-1.0151,0,37.97,36.14,2026-06-30,1,-1.0151,1.6514,0.1464383761057019,2026-06-23
prebreak,300146,2026-06-29,S,S,A,C,S,S,A,9.37,9.82,9.32,0.5,,0,0.0,0.0,,0,0.0,0,0.0,0.0,,0,0.0,1,9.82,10.06,2026-07-17,0,0.4648,2.4634,0.001019367991845,2026-06-29
prebreak,601136,2026-06-30,S,S,A,C,S,S,A,13.8841,14.06,13.39,0.67,,1,14.06,14.1827,2026-07-07,0,0.167,1,14.06,13.9637,2026-07-14,0,-0.1596,1,14.06,13.9,2026-07-28,0,-0.2546,2.0193,-0.0237210753030566,2026-06-30
prebreak,300999,2026-07-01,S,S,A,C,S,S,A,24.21,26.13,24.8,1.33,,0,0.0,0.0,,0,0.0,0,0.0,0.0,,0,0.0,1,26.13,26.27,2026-07-29,0,0.0903,1.6779,0.0617635107679805,2026-07-01
prebreak,601788,2026-07-03,S,S,A,C,S,S,A,14.94,14.44,13.77,0.67,,1,14.44,14.98,2026-07-10,0,0.7891,1,14.44,14.61,2026-07-17,0,0.2372,1,14.44,14.8,2026-07-31,0,0.5206,1.6865,0.0441070137382502,2026-07-03
prebreak,603368,2026-07-03,S,S,A,C,S,S,A,15.58,16.12,15.4,0.72,,0,0.0,0.0,,0,0.0,1,16.12,15.63,2026-07-17,0,-0.6971,1,16.12,15.71,2026-07-20,0,-0.5861,1.9332,0.0359897172236505,2026-07-03
prebreak,603658,2026-07-03,S,S,A,C,S,S,A,31.02,32.25,30.74,1.51,,0,0.0,0.0,,0,0.0,1,32.25,32.23,2026-07-17,0,-0.0295,1,32.25,33.11,2026-07-31,0,0.5529,1.8585,0.0049859769398565,2026-07-03
prebreak,000429,2026-07-08,S,S,A,C,S,S,A,14.1193,13.46,12.74,0.72,,1,13.46,12.8819,2026-07-13,0,-0.8166,1,13.46,12.8819,2026-07-13,0,-0.8166,1,13.46,12.8819,2026-07-13,0,-0.8166,1.6175,0.0044871338356251,2026-07-08
prebreak,600690,2026-07-08,S,S,A,C,S,S,A,20.29,20.79,20.06,0.73,,1,20.79,21.02,2026-07-15,0,0.2932,1,20.79,21.92,2026-07-22,0,1.5253,1,20.79,22.34,2026-08-05,0,2.1003,1.7025,0.0033783783783782,2026-07-08
prebreak,002727,2026-07-09,S,S,A,C,S,S,A,10.05,10.54,9.99,0.55,,1,10.54,11.53,2026-07-16,0,1.7843,1,10.54,11.3,2026-07-23,0,1.3664,1,10.54,11.31,2026-08-06,0,1.3846,1.9251,-0.0614425645592164,2026-07-09
prebreak,002946,2026-07-09,S,S,A,C,S,S,A,14.03,16.71,15.83,0.88,,0,0.0,0.0,,0,0.0,0,0.0,0.0,,0,0.0,0,16.71,16.8,2026-08-06,0,0.0878,2.3612,0.1893238434163702,2026-07-09
prebreak,002603,2026-07-10,S,S,A,C,S,S,A,15.51,15.47,14.75,0.72,,1,15.47,16.5,2026-07-17,0,1.4133,1,15.47,16.4,2026-07-24,0,1.2745,1,15.47,16.99,2026-08-07,0,2.0935,3.5575,0.0166324746199855,2026-07-10
prebreak,600285,2026-07-10,S,S,A,C,S,S,A,21.72,21.04,20.05,0.99,,1,21.04,22.4,2026-07-17,0,1.3567,1,21.04,21.91,2026-07-24,0,0.8621,1,21.04,22.24,2026-08-07,0,1.1952,2.5992,0.0100816130580894,2026-07-10
prebreak,600739,2026-07-10,S,S,A,C,S,S,A,9.9606,10.2,9.68,0.52,,1,10.2,10.3946,2026-07-17,0,0.359,1,10.2,10.3946,2026-07-17,0,0.359,1,10.2,10.3946,2026-07-17,0,0.359,2.3905,-0.0035911483047192,2026-07-10
prebreak,603658,2026-07-10,S,S,A,C,S,S,A,30.78,31.42,29.98,1.44,,1,31.42,32.23,2026-07-17,0,0.5456,1,31.42,31.46,2026-07-24,0,0.0112,1,31.42,32.43,2026-08-07,0,0.6844,1.8585,-0.0208787784356497,2026-07-10
prebreak,603883,2026-07-14,S,S,A,C,S,S,A,11.94,11.77,11.21,0.56,,1,11.77,12.3,2026-07-21,0,0.9299,1,11.77,12.32,2026-07-28,0,0.9656,1,11.77,14.01,2026-08-11,0,3.9815,2.4812,0.0085757326450635,2026-07-14
prebreak,002007,2026-07-15,S,S,A,C,S,S,A,13.32,13.05,12.4,0.65,,1,13.05,13.19,2026-07-22,0,0.2,1,13.05,13.26,2026-07-29,0,0.3076,1,13.05,13.37,2026-08-11,0,0.4767,1.8146,0.0171473109898674,2026-07-15
prebreak,000429,2026-07-29,S,S,A,C,S,S,A,14.1001,13.46,12.74,0.72,,1,13.46,13.6205,2026-08-05,0,0.2085,1,13.46,13.29,2026-08-11,0,-0.2502,1,13.46,13.29,2026-08-11,0,-0.2502,1.5044,0.0161249282899118,2026-07-29
prebreak,603170,2026-07-30,S,S,A,C,S,S,A,13.33,12.09,11.49,0.6,,1,12.09,13.01,2026-08-06,0,1.5171,1,12.09,13.25,2026-08-11,0,1.9168,1,12.09,13.25,2026-08-11,0,1.9168,2.4562,0.0228426395939085,2026-07-30
prebreak,000028,2026-08-04,S,S,A,C,S,S,A,20.83,21.35,20.25,1.1,,1,21.35,20.65,2026-08-11,0,-0.6507,1,21.35,20.65,2026-08-11,0,-0.6507,1,21.35,20.65,2026-08-11,0,-0.6507,2.7825,0.0279248916706789,2026-08-04
prebreak,600196,2026-08-10,S,S,A,C,S,S,A,24.12,23.81,22.59,1.22,,1,23.81,24.33,2026-08-11,0,0.4111,1,23.81,24.33,2026-08-11,0,0.4111,1,23.81,24.33,2026-08-11,0,0.4111,1.605,0.0073505978176908,2026-08-10
prebreak,000513,2026-08-11,S,S,A,C,S,S,A,30.75,31.33,29.85,1.48,,1,30.75,30.75,2026-08-11,0,0.0,1,30.75,30.75,2026-08-11,0,0.0,0,30.75,30.75,2026-08-11,0,0.0,,,2026-08-11
prebreak,000550,2026-08-11,S,S,A,C,S,S,A,16.39,17.23,16.52,0.71,,1,16.39,16.39,2026-08-11,0,0.0,1,16.39,16.39,2026-08-11,0,0.0,0,16.39,16.39,2026-08-11,0,0.0,,,2026-08-11
prebreak,002287,2026-08-11,S,S,A,C,S,S,A,20.68,21.22,20.22,1.0,,1,20.68,20.68,2026-08-11,0,0.0,1,20.68,20.68,2026-08-11,0,0.0,0,20.68,20.68,2026-08-11,0,0.0,,,2026-08-11
prebreak,600211,2026-08-11,S,S,A,C,S,S,A,39.25,39.68,37.72,1.96,,1,39.25,39.25,2026-08-11,0,0.0,1,39.25,39.25,2026-08-11,0,0.0,0,39.25,39.25,2026-08-11,0,0.0,,,2026-08-11
prebreak,601136,2026-08-11,S,S,A,C,S,S,A,14.49,15.02,14.45,0.57,,1,14.49,14.49,2026-08-11,0,0.0,1,14.49,14.49,2026-08-11,0,0.0,0,14.49,14.49,2026-08-11,0,0.0,,,2026-08-11
