mode,code,date,grade,PT,TY,DN,DL,LK,SF,close,trigger,stop,risk,prbook_warn,triggered_5d,entry_5d,exit_5d,exit_date_5d,stopped_5d,r_5d,triggered_10d,entry_10d,exit_10d,exit_date_10d,stopped_10d,r_10d,triggered_20d,entry_20d,exit_20d,exit_date_20d,stopped_20d,r_20d,vol_ratio,mom20
prebreak,600727,2000-05-17,S,S,A,C,S,S,A,13.8919,13.21,12.57,0.64,,0,0.0,0.0,,0,0.0,0,0.0,0.0,,0,0.0,0,,,,0,,0.7617,0.0550098077364797
prebreak,000682,2000-12-01,S,S,A,C,S,S,A,15.7715,14.17,13.57,0.6,,0,0.0,0.0,,0,0.0,0,0.0,0.0,,0,0.0,0,,,,0,,0.3287,0.0055490828101807
prebreak,600076,2001-01-16,S,S,A,C,S,S,A,11.3986,11.85,11.24,0.61,,0,0.0,0.0,,0,0.0,0,0.0,0.0,,0,0.0,0,,,,0,,0.0878,0.6038117687985285
prebreak,600207,2001-03-28,S,S,A,C,S,S,A,16.8095,16.86,16.12,0.74,,1,16.86,16.4525,2001-04-04,0,-0.5676,1,16.86,16.12,2001-04-06,1,-1.0167,1,16.86,16.12,2001-04-06,1,-1.0167,3.4654,-0.0182231440224542
prebreak,600062,2009-09-01,S,S,A,C,S,S,A,10.8453,11.2,10.62,0.58,,0,0.0,0.0,,0,0.0,0,0.0,0.0,,0,0.0,0,,,,0,,1.0592,-0.0073791463026814
prebreak,600486,2009-11-19,S,S,A,C,S,S,A,10.7133,10.12,9.6,0.52,,0,0.0,0.0,,0,0.0,0,0.0,0.0,,0,0.0,0,,,,0,,1.1181,0.0284337903475795
prebreak,600600,2009-12-10,S,S,A,C,S,S,A,27.737,28.67,27.18,1.49,,0,0.0,0.0,,0,0.0,0,0.0,0.0,,0,0.0,1,28.67,28.67,2010-01-22,1,-0.0146,1.7593,-0.007078433691557
prebreak,000869,2010-02-26,S,S,A,C,S,S,A,40.7983,41.52,39.91,1.61,,0,0.0,0.0,,0,0.0,0,0.0,0.0,,0,0.0,0,,,,0,,2.0433,0.0604693549439698
prebreak,600875,2010-04-20,S,S,A,C,S,S,A,19.6364,18.27,17.48,0.79,,1,18.27,20.9683,2010-04-27,0,3.3959,1,18.27,20.5366,2010-05-05,0,2.8497,1,18.27,18.27,2010-05-12,1,-0.0176,1.7382,0.0196700414158388
prebreak,601628,2010-04-20,S,S,A,C,S,S,A,20.7466,21.97,21.01,0.96,,0,0.0,0.0,,0,0.0,0,0.0,0.0,,0,0.0,0,,,,0,,1.8185,0.672530520321698
prebreak,601628,2010-05-19,S,S,A,C,S,S,A,18.5667,20.19,19.32,0.87,,0,0.0,0.0,,0,0.0,0,0.0,0.0,,0,0.0,0,,,,0,,3.0604,0.1695518619118956
prebreak,600150,2010-05-21,S,S,A,C,S,S,A,28.8019,30.23,29.03,1.2,,0,0.0,0.0,,0,0.0,0,0.0,0.0,,0,0.0,0,,,,0,,3.7557,0.0880116232262424
prebreak,600685,2010-05-24,S,S,A,C,S,S,A,15.156,16.8,16.23,0.57,,0,0.0,0.0,,0,0.0,0,0.0,0.0,,0,0.0,0,,,,0,,1.8994,0.1500772970988368
prebreak,601628,2010-05-26,S,S,A,C,S,S,A,18.1458,20.19,19.32,0.87,,0,0.0,0.0,,0,0.0,0,0.0,0.0,,0,0.0,0,,,,0,,3.0604,0.1695518619118956
prebreak,601628,2010-06-02,S,S,A,C,S,S,A,18.1533,18.83,17.93,0.9,,0,0.0,0.0,,0,0.0,1,18.83,18.9876,2010-06-22,0,0.1592,1,18.83,17.93,2010-07-12,1,-1.0153,2.1475,0.0166507981121724
prebreak,600150,2010-06-04,S,S,A,C,S,S,A,28.7255,29.28,27.88,1.4,,0,0.0,0.0,,0,0.0,0,0.0,0.0,,0,0.0,0,,,,0,,3.2853,0.0442274168516043
prebreak,600150,2010-06-11,S,S,A,C,S,S,A,28.2894,28.83,27.74,1.09,,0,0.0,0.0,,0,0.0,0,0.0,0.0,,0,0.0,0,,,,0,,4.3485,0.0593462103721091
prebreak,600054,2010-08-05,S,S,A,C,S,S,A,11.486,11.51,11.01,0.5,,1,11.51,12.1582,2010-08-12,0,1.2781,1,11.51,12.2277,2010-08-19,0,1.4171,1,11.51,12.0365,2010-09-16,0,1.0349,2.9138,0.0497604771816231
prebreak,600600,2010-08-09,S,S,A,C,S,S,A,28.1021,28.01,26.57,1.44,,0,0.0,0.0,,0,0.0,0,0.0,0.0,,0,0.0,0,,,,0,,1.1065,0.1172732640505727
prebreak,600150,2010-09-02,S,S,A,C,S,S,A,27.7664,27.82,26.41,1.41,,0,0.0,0.0,,0,0.0,0,0.0,0.0,,0,0.0,0,,,,0,,0.8104,0.0419529400086262
prebreak,601088,2010-09-08,S,S,A,C,S,S,A,9.2076,9.39,8.89,0.5,,0,0.0,0.0,,0,0.0,0,0.0,0.0,,0,0.0,1,9.39,10.3742,2010-11-12,0,1.9529,4.7321,0.032166494136091
prebreak,601628,2010-11-19,S,S,A,C,S,S,A,17.9743,20.53,19.48,1.05,,0,0.0,0.0,,0,0.0,0,0.0,0.0,,0,0.0,0,,,,0,,1.7222,0.5738010919407586
prebreak,002028,2011-02-15,S,S,A,C,S,S,A,12.0084,11.85,11.32,0.53,,0,0.0,0.0,,0,0.0,0,0.0,0.0,,0,0.0,0,,,,0,,1.3154,-0.1044542202575037
prebreak,002028,2011-03-01,S,S,A,C,S,S,A,12.0441,12.18,11.64,0.54,,1,12.18,12.1613,2011-03-04,0,-0.0517,1,12.18,12.1613,2011-03-04,0,-0.0517,1,12.18,12.1613,2011-03-04,0,-0.0517,1.5883,0.0639904904438011
prebreak,000668,2011-03-07,S,S,A,C,S,S,A,12.4006,11.93,11.36,0.57,,0,0.0,0.0,,0,0.0,0,0.0,0.0,,0,0.0,0,,,,0,,1.4747,0.0532829199785056
prebreak,002028,2011-03-08,S,S,A,C,S,S,A,12.2174,12.51,11.86,0.65,,0,0.0,0.0,,0,0.0,0,0.0,0.0,,0,0.0,0,,,,0,,1.9364,0.1342795491573749
prebreak,600600,2011-04-07,S,S,A,C,S,S,A,25.273,25.39,24.34,1.05,,0,0.0,0.0,,0,0.0,0,0.0,0.0,,0,0.0,0,,,,0,,1.3289,-0.0321885279800006
prebreak,600600,2011-04-14,S,S,A,C,S,S,A,26.0138,26.21,25.05,1.16,,0,0.0,0.0,,0,0.0,1,26.21,25.9823,2011-04-28,0,-0.2134,1,26.21,26.21,2011-06-17,1,-0.0172,1.7587,0.0143024261735706
prebreak,600561,2011-04-18,S,S,A,C,S,S,A,11.4396,11.9,11.34,0.56,,0,0.0,0.0,,0,0.0,0,0.0,0.0,,0,0.0,0,,,,0,,4.5458,0.1438282046152066
prebreak,600138,2011-04-29,S,S,A,C,S,S,A,8.8979,9.95,9.43,0.52,,0,0.0,0.0,,0,0.0,0,0.0,0.0,,0,0.0,0,,,,0,,2.1196,0.176308671974696
prebreak,600138,2011-05-09,S,S,A,C,S,S,A,8.783,9.95,9.43,0.52,,0,0.0,0.0,,0,0.0,0,0.0,0.0,,0,0.0,0,,,,0,,2.1196,0.176308671974696
prebreak,600600,2011-06-21,S,S,A,C,S,S,A,26.3527,28.08,26.59,1.49,,0,0.0,0.0,,0,0.0,0,0.0,0.0,,0,0.0,0,,,,0,,1.2571,0.0059824555250518
prebreak,600600,2011-07-05,S,S,A,C,S,S,A,27.8106,27.44,26.28,1.16,,0,0.0,0.0,,0,0.0,0,0.0,0.0,,0,0.0,0,,,,0,,0.8588,-0.0051492705640058
prebreak,600859,2011-07-13,S,S,A,C,S,S,A,25.162,23.72,22.73,0.99,,0,0.0,0.0,,0,0.0,0,0.0,0.0,,0,0.0,0,,,,0,,0.4959,0.0301852749684008
prebreak,000568,2011-07-14,S,S,A,C,S,S,A,30.0422,29.06,27.79,1.27,,0,0.0,0.0,,0,0.0,0,0.0,0.0,,0,0.0,0,,,,0,,1.0326,0.0684626604548293
prebreak,000878,2011-07-26,S,S,A,C,S,S,A,19.4744,20.6,19.67,0.93,,0,0.0,0.0,,0,0.0,0,0.0,0.0,,0,0.0,0,,,,0,,2.8678,0.2873238463772005
prebreak,000655,2011-08-01,S,S,A,C,S,S,A,17.2348,17.45,16.56,0.89,,0,0.0,0.0,,0,0.0,0,0.0,0.0,,0,0.0,0,,,,0,,0.8741,0.0192857186988857
prebreak,000878,2011-09-07,S,S,A,C,S,S,A,17.0945,18.07,17.31,0.76,,0,0.0,0.0,,0,0.0,0,0.0,0.0,,0,0.0,0,,,,0,,10.2302,0.2184762313549471
prebreak,002128,2011-09-07,S,S,A,C,S,S,A,11.0331,12.09,11.49,0.6,,0,0.0,0.0,,0,0.0,0,0.0,0.0,,0,0.0,0,,,,0,,2.0349,0.4080742229724179
prebreak,000568,2011-09-16,S,S,A,C,S,S,A,26.8882,28.8,27.42,1.38,,0,0.0,0.0,,0,0.0,0,0.0,0.0,,0,0.0,0,,,,0,,1.878,0.1658625881595372
prebreak,000858,2011-09-16,S,S,A,C,S,S,A,25.7978,27.01,25.7,1.31,,0,0.0,0.0,,0,0.0,0,0.0,0.0,,0,0.0,0,,,,0,,3.4859,0.21358495682784
prebreak,601601,2011-09-20,S,S,A,C,S,S,A,12.9118,13.18,12.62,0.56,,1,13.18,12.62,2011-09-23,1,-1.0173,1,13.18,12.62,2011-09-23,1,-1.0173,1,13.18,12.62,2011-09-23,1,-1.0173,1.9099,0.0217704902156434
prebreak,601601,2011-09-27,S,S,A,C,S,S,A,11.9249,13.18,12.62,0.56,,0,0.0,0.0,,0,0.0,0,0.0,0.0,,0,0.0,1,13.18,12.62,2011-11-02,1,-1.0173,2.0362,0.1052467000263643
prebreak,000568,2011-09-30,S,S,A,C,S,S,A,24.7856,25.47,24.16,1.31,,0,0.0,0.0,,0,0.0,0,0.0,0.0,,0,0.0,0,,,,0,,0.8945,-0.0789358158371609
prebreak,600009,2011-10-11,S,S,A,C,S,S,A,9.8022,10.11,9.61,0.5,,1,10.11,10.3435,2011-10-18,0,0.4514,1,10.11,10.688,2011-10-25,0,1.14,1,10.11,10.11,2011-12-09,1,-0.0154,1.7837,-0.0519004463130772
prebreak,601001,2011-10-12,S,S,A,C,S,S,A,12.3816,12.89,12.31,0.58,,0,0.0,0.0,,0,0.0,0,0.0,0.0,,0,0.0,0,,,,0,,0.919,0.1352087354310041
prebreak,600009,2011-10-25,S,S,A,C,S,S,A,10.688,10.62,10.07,0.55,,0,0.0,0.0,,0,0.0,0,0.0,0.0,,0,0.0,0,,,,0,,1.3935,0.0259148132979112
prebreak,601001,2011-10-26,S,S,A,C,S,S,A,11.8739,12.51,11.88,0.63,,0,0.0,0.0,,0,0.0,1,12.51,12.4988,2011-11-09,0,-0.0328,1,12.51,12.2645,2011-11-10,0,-0.4046,1.5332,0.0285370794194583
prebreak,600844,2011-10-27,S,S,A,C,S,S,A,20.05,19.91,18.96,0.95,,0,0.0,0.0,,0,0.0,0,0.0,0.0,,0,0.0,0,,,,0,,1.1559,-0.024975514201763
prebreak,600009,2011-11-01,S,S,A,C,S,S,A,10.5568,10.62,10.07,0.55,,0,0.0,0.0,,0,0.0,0,0.0,0.0,,0,0.0,0,,,,0,,1.0223,0.0762298373914913
prebreak,600844,2011-11-03,S,S,A,C,S,S,A,22.7,19.91,18.96,0.95,,0,0.0,0.0,,0,0.0,0,0.0,0.0,,0,0.0,0,,,,0,,1.2656,0.0035282258064517
prebreak,600123,2011-11-14,S,S,A,C,S,S,A,10.9938,11.02,10.46,0.56,,0,0.0,0.0,,0,0.0,0,0.0,0.0,,0,0.0,0,,,,0,,0.8954,0.1091416307617922
prebreak,600779,2011-11-17,S,S,A,C,S,S,A,18.6711,19.51,18.61,0.9,,0,0.0,0.0,,0,0.0,1,19.51,18.61,2011-11-30,1,-1.0158,1,19.51,18.61,2011-11-30,1,-1.0158,1.5596,0.0472761289148062
prebreak,601788,2011-11-17,S,S,A,C,S,S,A,10.0336,10.5,10.0,0.5,,0,0.0,0.0,,0,0.0,0,0.0,0.0,,0,0.0,0,,,,0,,3.3781,0.1609451634007928
prebreak,000858,2011-11-21,S,S,A,C,S,S,A,24.2519,25.19,24.18,1.01,,1,25.19,26.0622,2011-11-28,0,0.844,1,25.19,24.6519,2011-12-05,0,-0.5513,1,25.19,24.18,2011-12-06,1,-1.0183,1.6502,-0.0001724440553754
prebreak,601088,2011-11-24,S,S,A,C,S,S,A,10.0642,11.02,10.48,0.54,,0,0.0,0.0,,0,0.0,0,0.0,0.0,,0,0.0,0,,,,0,,1.7846,0.0272369287366556
prebreak,601788,2011-11-24,S,S,A,C,S,S,A,9.5514,10.5,10.0,0.5,,0,0.0,0.0,,0,0.0,0,0.0,0.0,,0,0.0,0,,,,0,,3.3781,0.1609451634007928
prebreak,601601,2011-11-29,S,S,A,C,S,S,A,11.9566,12.21,11.64,0.57,,1,12.21,12.0704,2011-12-05,0,-0.261,1,12.21,12.0704,2011-12-05,0,-0.261,1,12.21,12.0704,2011-12-05,0,-0.261,3.1441,-0.0934428788939714
prebreak,002299,2011-12-01,S,S,A,C,S,S,A,12.6233,12.76,12.09,0.67,,0,0.0,0.0,,0,0.0,0,0.0,0.0,,0,0.0,0,,,,0,,1.0488,0.1549440806140554
prebreak,601601,2011-12-06,S,S,A,C,S,S,A,12.2476,12.21,11.64,0.57,,0,0.0,0.0,,0,0.0,0,0.0,0.0,,0,0.0,0,,,,0,,1.0475,-0.0934428788939714
prebreak,600875,2011-12-07,S,S,A,C,S,S,A,20.2386,21.57,20.45,1.12,,0,0.0,0.0,,0,0.0,0,0.0,0.0,,0,0.0,0,,,,0,,3.2202,0.1612796930168831
prebreak,601628,2011-12-07,S,S,A,C,S,S,A,14.2327,14.25,13.51,0.74,,0,0.0,0.0,,0,0.0,0,0.0,0.0,,0,0.0,0,,,,0,,0.8586,0.023376714902652
prebreak,000858,2011-12-19,S,S,A,C,S,S,A,23.3841,23.97,22.74,1.23,,0,0.0,0.0,,0,0.0,0,0.0,0.0,,0,0.0,0,,,,0,,1.8774,0.1110676392219716
prebreak,000858,2011-12-26,S,S,A,C,S,S,A,22.4417,23.86,22.71,1.15,,0,0.0,0.0,,0,0.0,0,0.0,0.0,,0,0.0,0,,,,0,,1.8774,0.1059688724170315
prebreak,000538,2011-12-29,S,S,A,C,S,S,A,18.3381,20.08,19.05,1.03,,0,0.0,0.0,,0,0.0,0,0.0,0.0,,0,0.0,0,,,,0,,1.0183,0.1310516047030647
prebreak,002038,2011-12-30,S,S,A,C,S,S,A,10.706,11.49,10.92,0.57,,0,0.0,0.0,,0,0.0,0,0.0,0.0,,0,0.0,0,,,,0,,0.6904,0.0635163808628029
prebreak,600600,2012-01-06,S,S,A,C,S,S,A,24.4774,28.64,27.25,1.39,,0,0.0,0.0,,0,0.0,0,0.0,0.0,,0,0.0,0,,,,0,,0.9462,0.0834799524351455
prebreak,002038,2012-01-10,S,S,A,C,S,S,A,9.5588,11.49,10.92,0.57,,0,0.0,0.0,,0,0.0,0,0.0,0.0,,0,0.0,0,,,,0,,0.6904,0.0635163808628029
prebreak,600535,2012-01-11,S,S,A,C,S,S,A,10.9516,11.9,11.4,0.5,,0,0.0,0.0,,0,0.0,0,0.0,0.0,,0,0.0,0,,,,0,,0.4952,0.1550102262253874
prebreak,000568,2012-01-31,S,S,A,C,S,S,A,23.6451,26.11,25.05,1.06,,0,0.0,0.0,,0,0.0,0,0.0,0.0,,0,0.0,0,,,,0,,1.1577,0.1147617242249847
prebreak,601601,2012-02-09,S,S,A,C,S,S,A,13.4496,12.36,11.81,0.55,,0,0.0,0.0,,0,0.0,0,0.0,0.0,,0,0.0,0,,,,0,,1.013,0.0160015200245196
prebreak,000869,2012-02-13,S,S,A,C,S,S,A,58.3105,58.65,55.9,2.75,,0,0.0,0.0,,0,0.0,0,0.0,0.0,,0,0.0,0,,,,0,,0.8166,-0.0725636474232493
prebreak,000858,2012-02-15,S,S,A,C,S,S,A,22.6247,22.82,21.86,0.96,,0,0.0,0.0,,0,0.0,0,0.0,0.0,,0,0.0,0,,,,0,,1.4382,0.101374279245469
prebreak,600600,2012-02-17,S,S,A,C,S,S,A,26.4888,25.77,24.42,1.35,,0,0.0,0.0,,0,0.0,0,0.0,0.0,,0,0.0,0,,,,0,,1.131,0.0521282876686186
prebreak,601601,2012-02-23,S,S,A,C,S,S,A,13.6077,13.73,13.09,0.64,,0,0.0,0.0,,0,0.0,0,0.0,0.0,,0,0.0,0,,,,0,,1.0666,-0.0062593066932727
prebreak,601628,2012-03-09,S,S,A,C,S,S,A,13.9877,15.43,14.76,0.67,,0,0.0,0.0,,0,0.0,0,0.0,0.0,,0,0.0,0,,,,0,,2.2239,0.171972712313988
prebreak,000858,2012-03-21,S,S,A,C,S,S,A,24.4146,24.22,22.93,1.29,,0,0.0,0.0,,0,0.0,0,0.0,0.0,,0,0.0,0,,,,0,,0.5275,0.0669924081508757
prebreak,601601,2012-03-22,S,S,A,C,S,S,A,12.45,12.99,12.35,0.64,,0,0.0,0.0,,0,0.0,0,0.0,0.0,,0,0.0,0,,,,0,,1.2283,0.0021260781509531
prebreak,000423,2012-03-27,S,S,A,C,S,S,A,30.8863,32.05,30.4,1.65,,0,0.0,0.0,,0,0.0,0,0.0,0.0,,0,0.0,0,,,,0,,1.1826,0.1328075797165455
prebreak,600508,2012-03-30,S,S,A,C,S,S,A,10.3829,11.88,11.27,0.61,,0,0.0,0.0,,0,0.0,0,0.0,0.0,,0,0.0,1,11.88,11.27,2012-05-15,1,-1.0142,2.674,0.052994941655341
prebreak,000538,2012-04-05,S,S,A,C,S,S,A,17.2378,18.17,17.4,0.77,,0,0.0,0.0,,0,0.0,0,0.0,0.0,,0,0.0,1,18.17,17.6427,2012-05-09,0,-0.7023,1.9309,0.0669253754020895
prebreak,000423,2012-04-06,S,S,A,C,S,S,A,29.9742,30.3,28.89,1.41,,0,0.0,0.0,,0,0.0,0,0.0,0.0,,0,0.0,0,,,,0,,0.6298,-0.0376994278502225
prebreak,000869,2012-04-12,S,S,A,C,S,S,A,55.5958,62.79,60.03,2.76,,0,0.0,0.0,,0,0.0,0,0.0,0.0,,0,0.0,0,,,,0,,,
prebreak,000878,2012-04-12,S,S,A,C,S,S,A,14.7323,14.77,14.18,0.59,,0,0.0,0.0,,0,0.0,0,0.0,0.0,,0,0.0,0,,,,0,,0.9949,-0.0940938689477381
prebreak,600875,2012-04-12,S,S,A,C,S,S,A,18.0274,18.25,17.38,0.87,,0,0.0,0.0,,0,0.0,0,0.0,0.0,,0,0.0,0,,,,0,,1.1241,-0.0738068767783582
prebreak,000858,2012-04-16,S,S,A,C,S,S,A,23.2756,23.88,22.74,1.14,,0,0.0,0.0,,0,0.0,0,0.0,0.0,,0,0.0,0,,,,0,,1.2608,-0.0147852250657958
prebreak,000878,2012-04-19,S,S,A,C,S,S,A,15.0342,15.18,14.6,0.58,,0,0.0,0.0,,0,0.0,0,0.0,0.0,,0,0.0,0,,,,0,,1.2197,-0.0170134624187925
prebreak,600875,2012-04-19,S,S,A,C,S,S,A,18.3233,18.47,17.67,0.8,,0,0.0,0.0,,0,0.0,0,0.0,0.0,,0,0.0,0,,,,0,,1.183,-0.0066986808809947
prebreak,601001,2012-04-19,S,S,A,C,S,S,A,10.3193,10.54,10.02,0.52,,1,10.54,10.5771,2012-04-26,0,0.0559,1,10.54,11.0146,2012-05-07,0,0.8967,1,10.54,10.02,2012-05-18,1,-1.0148,2.4275,-0.0093625110369702
prebreak,002299,2012-04-20,S,S,A,C,S,S,A,11.0102,11.2,10.7,0.5,,1,11.2,10.8131,2012-04-27,0,-0.7904,1,11.2,11.033,2012-05-02,0,-0.3508,1,11.2,11.033,2012-05-02,0,-0.3508,1.8765,0.0067285081732322
prebreak,000858,2012-04-24,S,S,A,C,S,S,A,23.3027,23.67,22.58,1.09,,0,0.0,0.0,,0,0.0,0,0.0,0.0,,0,0.0,0,,,,0,,1.2608,-0.0234491740915989
prebreak,600508,2012-04-26,S,S,A,C,S,S,A,11.3971,11.24,10.71,0.53,,1,11.24,11.8415,2012-05-08,0,1.1181,1,11.24,11.3448,2012-05-15,0,0.1816,1,11.24,11.24,2012-05-15,1,-0.0161,2.674,-0.0037320585685156
prebreak,600875,2012-04-26,S,S,A,C,S,S,A,18.3726,18.5,17.56,0.94,,1,18.5,18.5041,2012-05-07,0,-0.0106,1,18.5,18.1013,2012-05-14,0,-0.4388,1,18.5,17.56,2012-05-21,1,-1.0143,1.545,0.0323380910569834
prebreak,000858,2012-05-03,S,S,A,C,S,S,A,24.557,23.67,22.58,1.09,,1,23.67,24.1299,2012-05-10,0,0.4051,1,23.67,23.5563,2012-05-17,0,-0.1208,1,23.67,22.58,2012-05-24,1,-1.0159,1.775,0.0322794803733097
prebreak,000858,2012-05-10,S,S,A,C,S,S,A,24.1299,23.67,22.58,1.09,,0,0.0,0.0,,0,0.0,0,0.0,0.0,,0,0.0,0,,,,0,,0.8857,0.0211082780411038
prebreak,600875,2012-05-14,S,S,A,C,S,S,A,18.1013,18.67,17.72,0.95,,0,0.0,0.0,,0,0.0,1,18.67,18.3233,2012-05-29,0,-0.3797,1,18.67,18.2822,2012-05-31,0,-0.4229,2.6911,0.016186703159172
prebreak,000858,2012-05-17,S,S,A,C,S,S,A,23.5563,24.53,23.46,1.07,,0,0.0,0.0,,0,0.0,0,0.0,0.0,,0,0.0,0,,,,0,,4.7237,0.0957227240162366
prebreak,601318,2012-05-17,S,S,A,C,S,S,A,13.6655,13.63,12.93,0.7,,0,0.0,0.0,,0,0.0,0,0.0,0.0,,0,0.0,0,,,,0,,1.0779,0.0222351758524899
prebreak,000423,2012-05-22,S,S,A,C,S,S,A,28.5555,28.83,27.86,0.97,,0,0.0,0.0,,0,0.0,0,0.0,0.0,,0,0.0,0,,,,0,,1.2831,-0.0304469432292647
prebreak,000538,2012-05-22,S,S,A,C,S,S,A,18.1928,18.37,17.64,0.73,,0,0.0,0.0,,0,0.0,1,18.37,18.4904,2012-06-05,0,0.1457,1,18.37,21.7789,2012-07-11,0,4.6477,2.4208,0.0085884770865842
prebreak,000869,2012-05-22,S,S,A,C,S,S,A,58.2926,58.53,56.34,2.19,,0,0.0,0.0,,0,0.0,0,0.0,0.0,,0,0.0,0,,,,0,,,
prebreak,600875,2012-05-22,S,S,A,C,S,S,A,18.0274,18.29,17.47,0.82,,1,18.29,18.3233,2012-05-29,0,0.0236,1,18.29,17.5506,2012-06-05,0,-0.9181,1,18.29,17.47,2012-06-07,1,-1.0163,2.6911,-0.0044962613400507
prebreak,000869,2012-05-29,S,S,A,C,S,S,A,56.8666,58.59,56.34,2.25,,0,0.0,0.0,,0,0.0,0,0.0,0.0,,0,0.0,0,,,,0,,,
prebreak,601088,2012-05-29,S,S,A,C,S,S,A,10.4116,10.48,9.98,0.5,,0,0.0,0.0,,0,0.0,0,0.0,0.0,,0,0.0,0,,,,0,,2.5279,0.2773130745149927
prebreak,601318,2012-05-31,S,S,A,C,S,S,A,13.5011,13.78,13.18,0.6,,0,0.0,0.0,,0,0.0,1,13.78,14.5454,2012-06-14,0,1.2574,1,13.78,13.78,2012-08-13,1,-0.0175,2.5024,0.0374975728183228
prebreak,601088,2012-06-05,S,S,A,C,S,S,A,9.908,10.48,9.98,0.5,,0,0.0,0.0,,0,0.0,0,0.0,0.0,,0,0.0,0,,,,0,,2.5279,0.2773130745149927
prebreak,000063,2012-06-08,S,S,A,C,S,S,A,10.4266,11.38,10.79,0.59,,0,0.0,0.0,,0,0.0,0,0.0,0.0,,0,0.0,0,,,,0,,2.8266,0.2209697681615909
prebreak,601628,2012-06-11,S,S,A,C,S,S,A,13.4623,13.62,13.11,0.51,,1,13.62,14.3598,2012-06-18,0,1.4294,1,13.62,14.0633,2012-06-26,0,0.8484,1,13.62,16.0266,2012-07-19,1,4.6955,2.9763,-0.0344706987080093
prebreak,601601,2012-06-15,S,S,A,C,S,S,A,14.0126,13.1,12.5,0.6,,0,0.0,0.0,,0,0.0,0,0.0,0.0,,0,0.0,0,,,,0,,0.721,-0.0186046146645776
prebreak,601628,2012-06-18,S,S,A,C,S,S,A,14.3598,13.62,13.11,0.51,,0,0.0,0.0,,0,0.0,0,0.0,0.0,,0,0.0,0,,,,0,,0.5191,-0.0306694022462298
prebreak,000581,2012-07-02,S,S,A,C,S,S,A,10.1977,12.23,11.73,0.5,,0,0.0,0.0,,0,0.0,0,0.0,0.0,,0,0.0,0,,,,0,,1.022,0.1860733110298909
prebreak,600893,2012-07-02,S,S,A,C,S,S,A,12.261,13.42,12.85,0.57,,0,0.0,0.0,,0,0.0,0,0.0,0.0,,0,0.0,0,,,,0,,3.166,0.3561260656217642
prebreak,601601,2012-07-02,S,S,A,C,S,S,A,14.4809,14.37,13.79,0.58,,0,0.0,0.0,,0,0.0,0,0.0,0.0,,0,0.0,0,,,,0,,1.3662,0.1189634512894273
prebreak,601808,2012-07-03,S,S,A,C,S,S,A,14.4447,14.47,13.74,0.73,,0,0.0,0.0,,0,0.0,0,0.0,0.0,,0,0.0,0,,,,0,,1.186,0.0377112398217294
prebreak,601601,2012-08-06,S,S,A,C,S,S,A,14.1272,14.31,13.69,0.62,,0,0.0,0.0,,0,0.0,0,0.0,0.0,,0,0.0,0,,,,0,,1.8648,0.2871175638098713
prebreak,000422,2012-09-03,S,S,A,C,S,S,A,10.9051,11.82,11.22,0.6,,0,0.0,0.0,,0,0.0,1,11.82,11.6101,2012-09-14,0,-0.3646,1,11.82,11.6101,2012-09-14,0,-0.3646,2.5211,0.0261733810914051
prebreak,601888,2012-09-03,S,S,A,C,S,S,A,11.8161,12.57,11.92,0.65,,1,12.57,12.5403,2012-09-10,0,-0.0603,1,12.57,12.5576,2012-09-11,0,-0.0338,1,12.57,12.5576,2012-09-11,0,-0.0338,2.1833,-0.0135718896960275
prebreak,000538,2012-09-05,S,S,A,C,S,S,A,20.3321,20.67,19.63,1.04,,1,20.67,21.5187,2012-09-12,0,0.8004,1,20.67,21.366,2012-09-19,0,0.6537,1,20.67,21.47,2012-10-30,1,0.7536,1.9491,-0.0457487245404092
prebreak,601888,2012-09-10,S,S,A,C,S,S,A,12.5403,12.57,11.92,0.65,,0,0.0,0.0,,0,0.0,0,0.0,0.0,,0,0.0,0,,,,0,,0.8471,-0.0152375906590535
prebreak,000538,2012-09-12,S,S,A,C,S,S,A,21.5187,20.67,19.63,1.04,,0,0.0,0.0,,0,0.0,0,0.0,0.0,,0,0.0,0,,,,0,,0.4599,-0.0543824265564722
prebreak,002140,2012-09-12,S,S,A,C,S,S,A,18.0868,17.76,16.92,0.84,,0,0.0,0.0,,0,0.0,0,0.0,0.0,,0,0.0,0,,,,0,,0.5919,0.0268275090049343
prebreak,600547,2012-09-14,S,S,A,C,S,S,A,19.023,17.05,16.24,0.81,,1,17.05,19.977,2012-09-21,0,3.5953,1,17.05,20.001,2012-09-28,0,3.6249,1,17.05,17.2,2012-11-16,1,0.1691,1.7393,0.0167112302553658
prebreak,000538,2012-09-19,S,S,A,C,S,S,A,21.366,21.63,20.83,0.8,,0,0.0,0.0,,0,0.0,0,0.0,0.0,,0,0.0,0,,,,0,,0.8084,0.0564440761319724
prebreak,002313,2012-09-21,S,S,A,C,S,S,A,16.8256,17.65,16.81,0.84,,0,0.0,0.0,,0,0.0,0,0.0,0.0,,0,0.0,0,,,,0,,1.8164,0.3427630215238435
prebreak,601888,2012-09-24,S,S,A,C,S,S,A,11.8592,12.87,12.3,0.57,,0,0.0,0.0,,0,0.0,0,0.0,0.0,,0,0.0,1,12.87,12.87,2012-11-14,1,-0.0172,3.7078,0.0298285401279139
prebreak,600141,2012-09-27,S,S,A,C,S,S,A,12.4754,12.96,12.3,0.66,,0,0.0,0.0,,0,0.0,0,0.0,0.0,,0,0.0,0,,,,0,,1.2227,0.0512789599182714
prebreak,601318,2012-10-08,S,S,A,C,S,S,A,13.4837,13.15,12.62,0.53,,0,0.0,0.0,,0,0.0,0,0.0,0.0,,0,0.0,0,,,,0,,1.1313,0.0290109303696064
prebreak,601888,2012-10-08,S,S,A,C,S,S,A,12.4455,12.47,11.84,0.63,,0,0.0,0.0,,0,0.0,0,0.0,0.0,,0,0.0,0,,,,0,,1.0367,0.0368044251377954
prebreak,000538,2012-10-10,S,S,A,C,S,S,A,22.0947,21.62,20.64,0.98,,0,0.0,0.0,,0,0.0,0,0.0,0.0,,0,0.0,0,,,,0,,0.6176,0.0579277333968188
prebreak,000538,2012-10-17,S,S,A,C,S,S,A,22.1467,22.4,21.54,0.86,,0,0.0,0.0,,0,0.0,0,0.0,0.0,,0,0.0,0,,,,0,,1.0289,0.0545575868037742
prebreak,000568,2012-10-18,S,S,A,C,S,S,A,26.5707,26.08,24.92,1.16,,1,26.08,25.5586,2012-10-25,0,-0.4663,1,26.08,26.1764,2012-11-01,0,0.0659,1,26.08,24.92,2012-11-06,1,-1.0165,1.7482,0.0429269905773621
prebreak,000858,2012-10-19,S,S,A,C,S,S,A,24.1615,24.7,23.46,1.24,,0,0.0,0.0,,0,0.0,0,0.0,0.0,,0,0.0,0,,,,0,,1.4448,0.1950009082607431
prebreak,600489,2012-10-22,S,S,A,C,S,S,A,13.1481,13.58,12.95,0.63,,0,0.0,0.0,,0,0.0,0,0.0,0.0,,0,0.0,0,,,,0,,2.0423,0.319500895595963
prebreak,600535,2012-10-22,S,S,A,C,S,S,A,14.6037,15.12,14.52,0.6,,0,0.0,0.0,,0,0.0,0,0.0,0.0,,0,0.0,0,,,,0,,1.4201,0.0932790217034016
prebreak,601888,2012-10-22,S,S,A,C,S,S,A,13.1051,12.44,11.83,0.61,,0,0.0,0.0,,0,0.0,0,0.0,0.0,,0,0.0,0,,,,0,,0.4211,0.038777970394968
prebreak,000422,2012-10-29,S,S,A,C,S,S,A,10.8043,11.57,10.99,0.58,,0,0.0,0.0,,0,0.0,0,0.0,0.0,,0,0.0,0,,,,0,,1.1129,0.1272277088371562
prebreak,601888,2012-10-29,S,S,A,C,S,S,A,12.9111,12.44,11.83,0.61,,0,0.0,0.0,,0,0.0,0,0.0,0.0,,0,0.0,0,,,,0,,0.551,0.0196908840131524
prebreak,002353,2012-10-30,S,S,A,C,S,S,A,20.8141,21.03,20.13,0.9,,0,0.0,0.0,,0,0.0,0,0.0,0.0,,0,0.0,0,,,,0,,0.6404,0.0426560205006292
prebreak,601628,2012-10-30,S,S,A,C,S,S,A,14.1034,14.53,13.9,0.63,,0,0.0,0.0,,0,0.0,0,0.0,0.0,,0,0.0,0,,,,0,,1.2879,-0.0411222907389129
prebreak,000422,2012-11-05,S,S,A,C,S,S,A,9.8612,11.57,10.99,0.58,,0,0.0,0.0,,0,0.0,0,0.0,0.0,,0,0.0,0,,,,0,,1.1129,0.1272277088371562
prebreak,000858,2012-11-16,S,S,A,C,S,S,A,21.2591,22.69,21.88,0.81,,0,0.0,0.0,,0,0.0,0,0.0,0.0,,0,0.0,0,,,,0,,1.535,0.2129659197103808
prebreak,600141,2012-12-06,S,S,A,C,S,S,A,10.1652,10.83,10.29,0.54,,1,10.83,10.5181,2012-12-13,0,-0.5924,1,10.83,11.4807,2012-12-20,0,1.1891,1,10.83,11.3652,2013-01-14,0,0.9753,2.4711,-0.0182680709027066
prebreak,600547,2012-12-07,S,S,A,C,S,S,A,17.4457,18.24,17.39,0.85,,0,0.0,0.0,,0,0.0,0,0.0,0.0,,0,0.0,0,,,,0,,1.4215,0.0321968885013568
prebreak,601318,2012-12-10,S,S,A,C,S,S,A,13.0088,12.13,11.54,0.59,,0,0.0,0.0,,0,0.0,0,0.0,0.0,,0,0.0,0,,,,0,,1.0827,-0.007755457704603
prebreak,601888,2012-12-10,S,S,A,C,S,S,A,10.9108,11.53,10.94,0.59,,0,0.0,0.0,,0,0.0,0,0.0,0.0,,0,0.0,0,,,,0,,1.3701,0.0017345152239591
prebreak,600547,2012-12-14,S,S,A,C,S,S,A,17.7046,17.97,17.02,0.95,,0,0.0,0.0,,0,0.0,0,0.0,0.0,,0,0.0,0,,,,0,,1.2585,0.0283562382132085
prebreak,002353,2012-12-18,S,S,A,C,S,S,A,20.3968,21.65,20.63,1.02,,1,21.65,21.6998,2012-12-25,0,0.0326,1,21.65,21.7368,2013-01-04,0,0.069,1,21.65,29.7676,2013-02-07,0,7.9373,1.7575,0.1064619644098816
prebreak,600547,2012-12-21,S,S,A,C,S,S,A,17.206,17.97,17.02,0.95,,1,17.97,18.0977,2012-12-28,0,0.12,1,17.97,17.5848,2013-01-09,0,-0.4196,1,17.97,17.02,2013-02-21,1,-1.0137,1.7751,0.0188525382677753
prebreak,600547,2012-12-28,S,S,A,C,S,S,A,18.0977,17.61,16.92,0.69,,0,0.0,0.0,,0,0.0,0,0.0,0.0,,0,0.0,0,,,,0,,1.0,0.033267556863199
prebreak,002393,2013-01-04,S,S,A,C,S,S,A,15.1429,14.63,13.88,0.75,,0,0.0,0.0,,0,0.0,0,0.0,0.0,,0,0.0,0,,,,0,,1.2239,0.0270181968492595
prebreak,600150,2013-01-08,S,S,A,C,S,S,A,22.204,20.26,19.25,1.01,,0,0.0,0.0,,0,0.0,0,0.0,0.0,,0,0.0,0,,,,0,,0.8719,0.0403460329227303
prebreak,600547,2013-01-09,S,S,A,C,S,S,A,17.5848,17.61,16.92,0.69,,0,0.0,0.0,,0,0.0,0,0.0,0.0,,0,0.0,0,,,,0,,0.958,0.0044479531442909
prebreak,600547,2013-01-16,S,S,A,C,S,S,A,18.5484,18.06,17.17,0.89,,0,0.0,0.0,,0,0.0,0,0.0,0.0,,0,0.0,0,,,,0,,1.0223,0.0192455544363538
prebreak,600547,2013-01-23,S,S,A,C,S,S,A,18.0114,18.74,17.77,0.97,,0,0.0,0.0,,0,0.0,0,0.0,0.0,,0,0.0,0,,,,0,,1.7663,0.2102927008750434
prebreak,600362,2013-02-07,S,S,A,C,S,S,A,20.2983,19.26,18.27,0.99,,0,0.0,0.0,,0,0.0,0,0.0,0.0,,0,0.0,0,,,,0,,0.8908,0.0494521920072037
prebreak,601808,2013-03-08,S,S,A,C,S,S,A,14.0856,14.4,13.8,0.6,,0,0.0,0.0,,0,0.0,0,0.0,0.0,,0,0.0,0,,,,0,,1.347,0.0027030373789154
prebreak,600600,2013-04-17,S,S,A,C,S,S,A,30.1035,30.28,28.78,1.5,,0,0.0,0.0,,0,0.0,0,0.0,0.0,,0,0.0,0,,,,0,,0.7344,0.0769145372547737
prebreak,600600,2013-04-24,S,S,A,C,S,S,A,30.4625,31.12,29.73,1.39,,0,0.0,0.0,,0,0.0,0,0.0,0.0,,0,0.0,0,,,,0,,1.4849,0.0133590463704484
prebreak,601808,2013-05-03,S,S,A,C,S,S,A,12.9752,13.16,12.58,0.58,,0,0.0,0.0,,0,0.0,0,0.0,0.0,,0,0.0,0,,,,0,,0.9337,-0.0539389175803977
prebreak,600600,2013-05-06,S,S,A,C,S,S,A,29.8563,31.12,29.85,1.27,,0,0.0,0.0,,0,0.0,0,0.0,0.0,,0,0.0,0,,,,0,,1.4849,0.0133590463704484
prebreak,002393,2013-05-10,S,S,A,C,S,S,A,16.8956,17.36,16.49,0.87,,1,17.36,18.1686,2013-05-17,0,0.9137,1,17.36,17.9263,2013-05-24,0,0.6354,1,17.36,16.49,2013-06-13,1,-1.0145,2.1532,0.0670860027842423
prebreak,002393,2013-05-17,S,S,A,C,S,S,A,18.1686,17.36,16.49,0.87,,1,17.36,17.9073,2013-05-22,0,0.6136,1,17.36,17.9073,2013-05-22,0,0.6136,1,17.36,17.9073,2013-05-22,0,0.6136,1.6454,0.0670860027842423
prebreak,002051,2013-05-21,S,S,A,C,S,S,A,14.4142,12.62,12.0,0.62,,0,0.0,0.0,,0,0.0,0,0.0,0.0,,0,0.0,0,,,,0,,0.589,-0.0272294545116592
prebreak,601808,2013-06-26,S,S,A,C,S,S,A,12.2045,13.36,12.75,0.61,,0,0.0,0.0,,0,0.0,0,0.0,0.0,,0,0.0,0,,,,0,,2.5089,0.0977446805335398
prebreak,601808,2013-07-10,S,S,A,C,S,S,A,12.0256,13.36,12.75,0.61,,0,0.0,0.0,,0,0.0,0,0.0,0.0,,0,0.0,1,13.36,16.8716,2013-10-09,1,5.7365,2.5089,0.0977446805335398
prebreak,000998,2013-07-16,S,S,A,C,S,S,A,10.0448,9.66,9.14,0.52,,0,0.0,0.0,,0,0.0,0,0.0,0.0,,0,0.0,0,,,,0,,0.7986,0.0443368747882637
prebreak,000998,2013-07-23,S,S,A,C,S,S,A,9.9455,9.66,9.14,0.52,,0,0.0,0.0,,0,0.0,0,0.0,0.0,,0,0.0,0,,,,0,,1.1204,0.0507340378803817
prebreak,000998,2013-09-10,S,S,A,C,S,S,A,11.1556,11.32,10.78,0.54,,0,0.0,0.0,,0,0.0,0,0.0,0.0,,0,0.0,0,,,,0,,1.1886,0.000325176288686
prebreak,600436,2013-10-09,S,S,A,C,S,S,A,29.382,30.43,29.01,1.42,,0,0.0,0.0,,0,0.0,0,0.0,0.0,,0,0.0,0,,,,0,,2.0695,0.2021257480958109
prebreak,002422,2013-10-28,S,S,A,C,S,S,A,12.9915,13.41,12.75,0.66,,0,0.0,0.0,,0,0.0,0,0.0,0.0,,0,0.0,0,,,,0,,1.56,0.1047528478656325
prebreak,600216,2013-10-30,S,S,A,C,S,S,A,8.5391,10.18,9.66,0.52,,0,0.0,0.0,,0,0.0,0,0.0,0.0,,0,0.0,0,,,,0,,2.9008,0.1796975399511613
prebreak,002393,2013-11-01,S,S,A,C,S,S,A,15.6892,17.83,16.9,0.93,,0,0.0,0.0,,0,0.0,0,0.0,0.0,,0,0.0,1,17.83,19.4655,2013-12-30,0,1.7429,4.4908,0.1364503573720004
prebreak,000550,2013-11-05,S,S,A,C,S,S,A,11.3566,10.27,9.76,0.51,,0,0.0,0.0,,0,0.0,0,0.0,0.0,,0,0.0,0,,,,0,,0.9167,0.0322360259585694
prebreak,601336,2013-11-19,S,S,A,C,S,S,A,17.9996,16.72,16.09,0.63,,0,0.0,0.0,,0,0.0,0,0.0,0.0,,0,0.0,0,,,,0,,1.4267,0.0052174241733067
prebreak,601336,2013-11-26,S,S,A,C,S,S,A,17.3275,16.72,16.09,0.63,,0,0.0,0.0,,0,0.0,0,0.0,0.0,,0,0.0,0,,,,0,,1.3961,0.0043254832467998
prebreak,000568,2013-12-03,S,S,A,C,S,S,A,14.5548,15.12,14.4,0.72,,0,0.0,0.0,,0,0.0,0,0.0,0.0,,0,0.0,0,,,,0,,1.3228,0.0278034904335791
prebreak,601336,2013-12-03,S,S,A,C,S,S,A,18.2803,18.06,17.11,0.95,,1,18.06,17.8224,2013-12-06,0,-0.2644,1,18.06,17.8224,2013-12-06,0,-0.2644,1,18.06,17.8224,2013-12-06,0,-0.2644,1.5791,0.0974751124402841
prebreak,000568,2013-12-17,S,S,A,C,S,S,A,14.3205,15.33,14.6,0.73,,0,0.0,0.0,,0,0.0,0,0.0,0.0,,0,0.0,0,,,,0,,3.0738,0.2136468278774976
prebreak,000999,2013-12-18,S,S,A,C,S,S,A,11.2105,11.9,11.32,0.58,,0,0.0,0.0,,0,0.0,0,0.0,0.0,,0,0.0,0,,,,0,,1.3389,0.0628327699347079
prebreak,000999,2013-12-25,S,S,A,C,S,S,A,11.3037,11.9,11.32,0.58,,0,0.0,0.0,,0,0.0,0,0.0,0.0,,0,0.0,0,,,,0,,1.3389,0.0628327699347079
prebreak,000999,2014-01-02,S,S,A,C,S,S,A,11.7792,11.72,11.13,0.59,,0,0.0,0.0,,0,0.0,0,0.0,0.0,,0,0.0,0,,,,0,,0.8154,0.0321464086617659
prebreak,002304,2014-01-08,S,S,A,C,S,S,A,18.5405,18.42,17.74,0.68,,0,0.0,0.0,,0,0.0,0,0.0,0.0,,0,0.0,0,,,,0,,1.1086,-0.1048953455237809
prebreak,601336,2014-01-08,S,S,A,C,S,S,A,16.1974,17.11,16.4,0.71,,0,0.0,0.0,,0,0.0,0,0.0,0.0,,0,0.0,0,,,,0,,2.9277,0.1316816863331065
prebreak,002304,2014-01-15,S,S,A,C,S,S,A,19.0801,18.42,17.74,0.68,,0,0.0,0.0,,0,0.0,0,0.0,0.0,,0,0.0,0,,,,0,,0.8787,-0.0454451986846613
prebreak,000568,2014-01-22,S,S,A,C,S,S,A,12.9218,13.31,12.61,0.7,,0,0.0,0.0,,0,0.0,0,0.0,0.0,,0,0.0,0,,,,0,,3.7459,0.136166969548428
prebreak,002353,2014-01-24,S,S,A,C,S,S,A,49.8385,45.87,44.27,1.6,,0,0.0,0.0,,0,0.0,0,0.0,0.0,,0,0.0,0,,,,0,,0.8484,0.0068186785115331
prebreak,000568,2014-01-29,S,S,A,C,S,S,A,11.9988,13.31,12.61,0.7,,0,0.0,0.0,,0,0.0,0,0.0,0.0,,0,0.0,0,,,,0,,3.7459,0.136166969548428
prebreak,002353,2014-02-07,S,S,A,C,S,S,A,47.9225,50.26,47.68,2.58,,0,0.0,0.0,,0,0.0,0,0.0,0.0,,0,0.0,0,,,,0,,1.1048,0.2718618382053157
prebreak,000568,2014-02-12,S,S,A,C,S,S,A,11.7006,13.31,12.61,0.7,,0,0.0,0.0,,0,0.0,0,0.0,0.0,,0,0.0,0,,,,0,,3.7459,0.136166969548428
prebreak,002353,2014-02-14,S,S,A,C,S,S,A,46.4176,50.26,47.68,2.58,,0,0.0,0.0,,0,0.0,0,0.0,0.0,,0,0.0,0,,,,0,,1.1048,0.2718618382053157
prebreak,600062,2014-02-14,S,S,A,C,S,S,A,11.487,11.73,11.22,0.51,,1,11.73,11.5752,2014-02-21,0,-0.3208,1,11.73,11.22,2014-02-25,1,-1.0169,1,11.73,11.22,2014-02-25,1,-1.0169,1.9734,0.0255835997559732
prebreak,600600,2014-02-18,S,S,A,C,S,S,A,32.6463,35.66,34.15,1.51,,0,0.0,0.0,,0,0.0,0,0.0,0.0,,0,0.0,0,,,,0,,2.1225,0.1201775310546358
prebreak,000568,2014-02-19,S,S,A,C,S,S,A,12.5313,13.31,12.61,0.7,,0,0.0,0.0,,0,0.0,0,0.0,0.0,,0,0.0,1,13.31,12.61,2014-03-28,1,-1.0138,3.7459,0.136166969548428
prebreak,601336,2014-02-19,S,S,A,C,S,S,A,16.5741,16.76,16.02,0.74,,1,16.76,16.02,2014-02-24,1,-1.0166,1,16.76,16.02,2014-02-24,1,-1.0166,1,16.76,16.02,2014-02-24,1,-1.0166,1.6534,0.0277016794527538
prebreak,300204,2014-02-24,S,S,A,C,S,S,A,13.0704,12.42,11.82,0.6,,0,0.0,0.0,,0,0.0,0,0.0,0.0,,0,0.0,0,,,,0,,1.3068,0.0190189055749399
prebreak,601336,2014-02-26,S,S,A,C,S,S,A,15.8355,16.91,16.03,0.88,,0,0.0,0.0,,0,0.0,0,0.0,0.0,,0,0.0,0,,,,0,,2.9277,0.1184533790702999
prebreak,000423,2014-02-27,S,S,A,C,S,S,A,26.6074,28.48,27.38,1.1,,0,0.0,0.0,,0,0.0,0,0.0,0.0,,0,0.0,0,,,,0,,1.9311,0.110286407800493
prebreak,002393,2014-03-03,S,S,A,C,S,S,A,17.9813,19.24,18.26,0.98,,0,0.0,0.0,,0,0.0,0,0.0,0.0,,0,0.0,0,,,,0,,1.7256,0.1539271495579397
prebreak,601336,2014-03-05,S,S,A,C,S,S,A,15.6361,16.09,15.5,0.59,,0,0.0,0.0,,0,0.0,0,0.0,0.0,,0,0.0,0,,,,0,,3.105,0.0875950337455551
prebreak,000423,2014-03-06,S,S,A,C,S,S,A,26.7408,27.46,26.27,1.19,,0,0.0,0.0,,0,0.0,0,0.0,0.0,,0,0.0,0,,,,0,,1.0352,0.042500957247884
prebreak,000423,2014-03-13,S,S,A,C,S,S,A,27.8974,27.77,26.28,1.49,,0,0.0,0.0,,0,0.0,0,0.0,0.0,,0,0.0,0,,,,0,,0.9251,-0.014257639115315
prebreak,002275,2014-03-21,S,S,A,C,S,S,A,10.8236,9.9,9.37,0.53,,1,9.9,11.2651,2014-03-26,0,2.5599,1,9.9,11.2651,2014-03-26,0,2.5599,1,9.9,11.2651,2014-03-26,0,2.5599,2.9712,-0.0446440972760698
prebreak,600309,2014-03-21,S,S,A,C,S,S,A,10.2445,10.72,10.19,0.53,,0,0.0,0.0,,0,0.0,1,10.72,10.7885,2014-04-04,0,0.1138,1,10.72,10.19,2014-04-18,1,-1.0147,1.8257,0.0270236104064458
prebreak,000869,2014-03-25,S,S,A,C,S,S,A,21.3403,21.65,20.55,1.1,,0,0.0,0.0,,0,0.0,0,0.0,0.0,,0,0.0,0,,,,0,,1.1831,0.0879880055692381
prebreak,600805,2014-04-02,S,S,A,C,S,S,A,9.5343,10.35,9.83,0.52,,0,0.0,0.0,,0,0.0,0,0.0,0.0,,0,0.0,0,,,,0,,1.6229,0.1369191216413625
prebreak,000423,2014-04-03,S,S,A,C,S,S,A,25.3174,28.08,26.93,1.15,,0,0.0,0.0,,0,0.0,0,0.0,0.0,,0,0.0,0,,,,0,,0.8598,0.0950089741607032
prebreak,000423,2014-04-11,S,S,A,C,S,S,A,26.6519,26.12,24.9,1.22,,0,0.0,0.0,,0,0.0,0,0.0,0.0,,0,0.0,0,,,,0,,0.5954,-0.0462217412778852
prebreak,000869,2014-04-16,S,S,A,C,S,S,A,21.7636,22.41,21.36,1.05,,0,0.0,0.0,,0,0.0,0,0.0,0.0,,0,0.0,0,,,,0,,1.7845,0.1444430451291793
prebreak,601336,2014-04-17,S,S,A,C,S,S,A,15.2668,15.41,14.7,0.71,,0,0.0,0.0,,0,0.0,0,0.0,0.0,,0,0.0,0,,,,0,,0.6188,0.0810292640956815
prebreak,601336,2014-05-05,S,S,A,C,S,S,A,14.7129,15.17,14.49,0.68,,0,0.0,0.0,,0,0.0,0,0.0,0.0,,0,0.0,0,,,,0,,1.2194,0.0415276195457947
prebreak,600600,2014-05-09,S,S,A,C,S,S,A,31.8894,32.64,31.51,1.13,,0,0.0,0.0,,0,0.0,0,0.0,0.0,,0,0.0,0,,,,0,,0.798,-0.0303317543136384
prebreak,600600,2014-05-16,S,S,A,C,S,S,A,32.7913,33.29,31.81,1.48,,1,33.29,34.7723,2014-05-23,0,0.9838,1,33.29,34.2247,2014-05-30,0,0.6141,1,33.29,33.29,2014-06-04,1,-0.0171,1.9918,0.0219851248924303
prebreak,600600,2014-05-23,S,S,A,C,S,S,A,34.7723,33.29,31.81,1.48,,0,0.0,0.0,,0,0.0,0,0.0,0.0,,0,0.0,0,,,,0,,1.0711,0.0431314232121828
prebreak,600600,2014-05-30,S,S,A,C,S,S,A,34.2247,35.38,33.7,1.68,,0,0.0,0.0,,0,0.0,0,0.0,0.0,,0,0.0,0,,,,0,,2.1225,0.1113819699583011
prebreak,000917,2014-06-03,S,S,A,C,S,S,A,13.9795,14.22,13.7,0.52,,1,14.22,13.902,2014-06-09,0,-0.632,1,14.22,13.902,2014-06-09,0,-0.632,1,14.22,13.902,2014-06-09,0,-0.632,2.0338,0.0745451995255899
prebreak,600009,2014-06-05,S,S,A,C,S,S,A,11.4626,11.93,11.38,0.55,,0,0.0,0.0,,0,0.0,0,0.0,0.0,,0,0.0,0,,,,0,,2.5472,0.0538000941784466
prebreak,600600,2014-06-09,S,S,A,C,S,S,A,33.5322,34.59,32.79,1.8,,0,0.0,0.0,,0,0.0,0,0.0,0.0,,0,0.0,0,,,,0,,1.2971,0.1089664204613423
prebreak,000917,2014-06-10,S,S,A,C,S,S,A,14.1926,14.45,13.74,0.71,,1,14.45,14.2895,2014-06-17,0,-0.2414,1,14.45,14.0182,2014-06-24,0,-0.6232,1,14.45,15.97,2014-09-16,1,2.124,1.7085,0.0839898219975425
prebreak,600332,2014-06-23,S,S,A,C,S,S,A,19.2419,19.85,19.03,0.82,,0,0.0,0.0,,0,0.0,0,0.0,0.0,,0,0.0,0,,,,0,,1.4515,0.0432388559317689
prebreak,000917,2014-06-24,S,S,A,C,S,S,A,14.0182,14.74,14.08,0.66,,1,14.74,14.6867,2014-07-01,0,-0.0977,1,14.74,16.537,2014-07-08,0,2.7041,1,14.74,15.97,2014-09-16,1,1.8455,2.421,0.0662260811541837
prebreak,600332,2014-06-30,S,S,A,C,S,S,A,19.7823,20.19,19.19,1.0,,0,0.0,0.0,,0,0.0,0,0.0,0.0,,0,0.0,0,,,,0,,0.9177,0.0072531305972873
prebreak,000917,2014-07-01,S,S,A,C,S,S,A,14.6867,14.44,13.73,0.71,,0,0.0,0.0,,0,0.0,0,0.0,0.0,,0,0.0,0,,,,0,,0.8343,0.0350956713182839
prebreak,601336,2014-07-01,S,S,A,C,S,S,A,15.5696,15.75,15.06,0.69,,0,0.0,0.0,,0,0.0,0,0.0,0.0,,0,0.0,0,,,,0,,1.0169,0.0432581536930067
prebreak,002025,2014-07-02,S,S,A,C,S,S,A,11.239,10.25,9.75,0.5,,0,0.0,0.0,,0,0.0,0,0.0,0.0,,0,0.0,0,,,,0,,1.3381,0.0023192917520029
prebreak,601336,2014-07-08,S,S,A,C,S,S,A,16.3673,15.88,15.13,0.75,,0,0.0,0.0,,0,0.0,0,0.0,0.0,,0,0.0,0,,,,0,,1.455,0.0252840202084088
prebreak,600332,2014-07-14,S,S,A,C,S,S,A,18.5504,20.39,19.46,0.93,,0,0.0,0.0,,0,0.0,0,0.0,0.0,,0,0.0,1,20.39,20.39,2014-08-21,1,-0.0167,3.2083,0.0084340654801409
prebreak,601336,2014-07-15,S,S,A,C,S,S,A,16.0413,15.88,15.13,0.75,,0,0.0,0.0,,0,0.0,0,0.0,0.0,,0,0.0,0,,,,0,,0.5747,0.0223588161564589
prebreak,002646,2014-07-18,S,S,A,C,S,S,A,15.087,14.71,14.12,0.59,,0,0.0,0.0,,0,0.0,0,0.0,0.0,,0,0.0,0,,,,0,,0.8158,0.0910200355425336
prebreak,000858,2014-07-23,S,S,A,C,S,S,A,14.4316,13.45,12.78,0.67,,0,0.0,0.0,,0,0.0,0,0.0,0.0,,0,0.0,0,,,,0,,0.9332,0.0649743952685595
prebreak,002646,2014-07-25,S,S,A,C,S,S,A,15.4504,14.71,14.12,0.59,,0,0.0,0.0,,0,0.0,0,0.0,0.0,,0,0.0,0,,,,0,,1.4415,0.0388990009201015
prebreak,600535,2014-07-25,S,S,A,C,S,S,A,21.7159,22.03,21.09,0.94,,1,22.03,22.625,2014-08-01,0,0.6147,1,22.03,22.1929,2014-08-08,0,0.1554,1,22.03,24.5497,2014-10-08,0,2.661,1.6115,0.0126315290308556
prebreak,000752,2014-08-11,S,S,A,C,S,S,A,11.229,10.4,9.86,0.54,,0,0.0,0.0,,0,0.0,0,0.0,0.0,,0,0.0,0,,,,0,,1.1646,0.027824897462449
prebreak,000669,2014-08-19,S,S,A,C,S,S,A,14.6193,14.28,13.55,0.73,,0,0.0,0.0,,0,0.0,0,0.0,0.0,,0,0.0,0,,,,0,,0.8888,0.1084460806209564
prebreak,600138,2014-09-02,S,S,A,C,S,S,A,14.4916,13.76,13.1,0.66,,1,13.76,15.1121,2014-09-05,0,2.0316,1,13.76,15.1121,2014-09-05,0,2.0316,1,13.76,15.1121,2014-09-05,0,2.0316,2.345,0.0263105503481051
prebreak,002513,2014-09-09,S,S,A,C,S,S,A,11.1227,10.82,10.25,0.57,,0,0.0,0.0,,0,0.0,0,0.0,0.0,,0,0.0,0,,,,0,,1.0452,0.0251985923183395
prebreak,601601,2014-09-12,S,S,A,C,S,S,A,13.2462,13.38,12.75,0.63,,0,0.0,0.0,,0,0.0,0,0.0,0.0,,0,0.0,0,,,,0,,3.0496,0.0315566451526019
prebreak,600058,2014-09-18,S,S,A,C,S,S,A,12.0634,12.28,11.69,0.59,,0,0.0,0.0,,0,0.0,1,12.28,12.322,2014-10-09,0,0.0553,1,12.28,11.69,2014-10-22,1,-1.0152,1.8164,0.071855982825737
prebreak,600315,2014-09-18,S,S,A,C,S,S,A,31.4898,32.41,30.82,1.59,,0,0.0,0.0,,0,0.0,1,32.41,32.8049,2014-10-09,0,0.2327,1,32.41,32.1829,2014-10-10,0,-0.1582,1.6825,0.062189491867012
prebreak,601601,2014-09-19,S,S,A,C,S,S,A,13.132,13.24,12.74,0.5,,0,0.0,0.0,,0,0.0,0,0.0,0.0,,0,0.0,0,,,,0,,1.3322,0.0292961025483482
prebreak,601888,2014-09-19,S,S,A,C,S,S,A,17.3368,17.41,16.55,0.86,,0,0.0,0.0,,0,0.0,0,0.0,0.0,,0,0.0,0,,,,0,,1.1412,0.0546884857379443
prebreak,002513,2014-09-23,S,S,A,C,S,S,A,12.3297,11.29,10.72,0.57,,0,0.0,0.0,,0,0.0,0,0.0,0.0,,0,0.0,0,,,,0,,0.8419,0.093503053880892
prebreak,600058,2014-09-25,S,S,A,C,S,S,A,12.0535,12.11,11.52,0.59,,0,0.0,0.0,,0,0.0,0,0.0,0.0,,0,0.0,0,,,,0,,1.2895,0.0709624086992934
prebreak,601888,2014-09-26,S,S,A,C,S,S,A,16.9176,17.41,16.55,0.86,,1,17.41,16.55,2014-09-30,1,-1.0148,1,17.41,16.55,2014-09-30,1,-1.0148,1,17.41,16.55,2014-09-30,1,-1.0148,2.3897,0.0527186833366195
prebreak,000969,2014-10-08,S,S,A,C,S,S,A,9.8683,10.0,9.48,0.52,,1,10.0,9.622,2014-10-13,0,-0.741,1,10.0,9.622,2014-10-13,0,-0.741,1,10.0,9.622,2014-10-13,0,-0.741,1.5353,0.0241600817344995
prebreak,601336,2014-10-08,S,S,A,C,S,S,A,18.1905,18.36,17.68,0.68,,0,0.0,0.0,,0,0.0,0,0.0,0.0,,0,0.0,0,,,,0,,0.9991,-0.0105052560144452
prebreak,600594,2014-10-14,S,S,A,C,S,S,A,16.3916,16.58,15.88,0.7,,1,16.58,16.6708,2014-10-21,0,0.1117,1,16.58,15.88,2014-10-28,1,-1.0174,1,16.58,15.88,2014-10-28,1,-1.0174,1.5364,-0.0015887064110622
prebreak,002051,2014-10-24,S,S,A,C,S,S,A,10.733,11.35,10.78,0.57,,1,11.35,11.4525,2014-10-31,0,0.1646,1,11.35,14.0827,2014-11-07,0,4.7761,1,11.35,14.0,2014-11-12,1,4.6311,2.0338,0.0494092019363523
prebreak,600648,2014-10-24,S,S,A,C,S,S,A,20.9791,21.44,20.64,0.8,,1,21.44,21.7709,2014-10-31,0,0.393,1,21.44,21.4617,2014-11-07,0,0.0068,1,21.44,24.47,2014-11-27,1,3.7647,2.362,-0.0414295163458723
prebreak,002574,2014-10-29,S,S,A,C,S,S,A,10.4064,10.46,9.93,0.53,,0,0.0,0.0,,0,0.0,0,0.0,0.0,,0,0.0,0,,,,0,,0.9298,-0.0440668249426402
prebreak,600486,2014-10-29,S,S,A,C,S,S,A,13.7869,13.36,12.73,0.63,,1,13.36,13.4459,2014-11-05,0,0.1201,1,13.36,13.4123,2014-11-12,0,0.0669,1,13.36,15.576,2014-11-27,0,3.4991,1.7867,-0.0030702191974566
prebreak,000423,2014-10-30,S,S,A,C,S,S,A,25.8476,26.09,24.82,1.27,,0,0.0,0.0,,0,0.0,0,0.0,0.0,,0,0.0,0,,,,0,,0.7008,-0.0080264162153208
prebreak,600315,2014-10-30,S,S,A,C,S,S,A,32.5916,32.19,30.83,1.36,,0,0.0,0.0,,0,0.0,0,0.0,0.0,,0,0.0,0,,,,0,,1.1278,0.0386464974119031
prebreak,002051,2014-10-31,S,S,A,C,S,S,A,11.4525,11.04,10.54,0.5,,1,11.04,14.0827,2014-11-07,0,6.0648,1,11.04,14.4247,2014-11-14,0,6.7484,1,11.04,13.89,2014-11-20,1,5.6796,4.1907,-0.025481593474488
prebreak,600648,2014-10-31,S,S,A,C,S,S,A,21.7709,21.44,20.52,0.92,,0,0.0,0.0,,0,0.0,0,0.0,0.0,,0,0.0,0,,,,0,,1.0979,-0.0522933151606191
prebreak,600378,2014-11-03,S,S,A,C,S,S,A,13.9375,13.4,12.71,0.69,,0,0.0,0.0,,0,0.0,0,0.0,0.0,,0,0.0,0,,,,0,,0.6171,0.0447379282800888
prebreak,000538,2014-11-04,S,S,A,C,S,S,A,27.7337,29.03,27.65,1.38,,0,0.0,0.0,,0,0.0,1,29.03,28.2231,2014-11-18,0,-0.6003,1,29.03,28.2231,2014-11-18,0,-0.6003,2.0109,-0.020190849974186
prebreak,000576,2014-11-04,S,S,A,C,S,S,A,13.1093,13.57,12.92,0.65,,0,0.0,0.0,,0,0.0,0,0.0,0.0,,0,0.0,0,,,,0,,2.0081,0.0614011721506371
prebreak,002653,2014-11-04,S,S,A,C,S,S,A,18.1671,18.76,17.79,0.97,,0,0.0,0.0,,0,0.0,0,0.0,0.0,,0,0.0,0,,,,0,,1.5681,0.2728391788619202
prebreak,000917,2014-11-05,S,S,A,C,S,S,A,17.247,18.1,17.17,0.93,,0,0.0,0.0,,0,0.0,0,0.0,0.0,,0,0.0,1,18.1,17.17,2014-12-09,1,-1.0142,3.385,0.0705583941524392
prebreak,002428,2014-11-05,S,S,A,C,S,S,A,13.5918,14.06,13.48,0.58,,0,0.0,0.0,,0,0.0,0,0.0,0.0,,0,0.0,1,14.06,15.1704,2015-01-07,0,1.8948,2.2648,0.0552602431280013
prebreak,300070,2014-11-05,S,S,A,C,S,S,A,10.7885,11.16,10.6,0.56,,0,0.0,0.0,,0,0.0,0,0.0,0.0,,0,0.0,0,,,,0,,1.3603,-0.0644306789808908
prebreak,600654,2014-11-05,S,S,A,C,S,S,A,10.2994,10.5,10.0,0.5,,1,10.5,10.9332,2014-11-12,0,0.85,1,10.5,11.161,2014-11-25,0,1.3052,1,10.5,10.5,2014-12-08,1,-0.016,3.3318,0.0194743216137049
prebreak,600706,2014-11-05,S,S,A,C,S,S,A,12.267,11.62,11.03,0.59,,0,0.0,0.0,,0,0.0,0,0.0,0.0,,0,0.0,0,,,,0,,0.784,-0.0196471815376297
prebreak,002241,2014-11-06,S,S,A,C,S,S,A,12.7239,12.86,12.26,0.6,,0,0.0,0.0,,0,0.0,0,0.0,0.0,,0,0.0,0,,,,0,,1.4508,0.0107001618497866
prebreak,600111,2014-11-06,S,S,A,C,S,S,A,13.6889,13.69,12.98,0.71,,0,0.0,0.0,,0,0.0,0,0.0,0.0,,0,0.0,0,,,,0,,0.8714,-0.0248841708933524
prebreak,600292,2014-11-06,S,S,A,C,S,S,A,17.0662,15.94,15.28,0.66,,1,15.94,17.7538,2014-11-13,0,2.7281,1,15.94,16.357,2014-11-20,0,0.613,1,15.94,15.94,2014-12-09,1,-0.0184,4.2857,-0.0667840258839257
prebreak,600315,2014-11-06,S,S,A,C,S,S,A,31.9252,32.79,31.52,1.27,,0,0.0,0.0,,0,0.0,0,0.0,0.0,,0,0.0,0,,,,0,,1.45,-0.0605077583859943
prebreak,600436,2014-11-06,S,S,A,C,S,S,A,20.4976,22.17,21.11,1.06,,0,0.0,0.0,,0,0.0,1,22.17,21.4908,2014-11-18,0,-0.6563,1,22.17,21.4908,2014-11-18,0,-0.6563,2.4397,-0.0422373363553416
prebreak,002106,2014-11-10,S,S,A,C,S,S,A,12.0363,11.46,10.86,0.6,,0,0.0,0.0,,0,0.0,0,0.0,0.0,,0,0.0,0,,,,0,,1.4306,0.0013139583099053
prebreak,600378,2014-11-10,S,S,A,C,S,S,A,13.9831,13.4,12.71,0.69,,0,0.0,0.0,,0,0.0,0,0.0,0.0,,0,0.0,0,,,,0,,1.1106,0.0144765538057691
prebreak,000701,2014-11-12,S,S,A,C,S,S,A,11.7466,12.33,11.81,0.52,,0,0.0,0.0,,0,0.0,1,12.33,12.2475,2014-11-26,0,-0.1766,1,12.33,11.81,2014-12-05,1,-1.0174,1.5431,0.082243538904837
prebreak,000917,2014-11-12,S,S,A,C,S,S,A,16.7711,17.81,17.08,0.73,,0,0.0,0.0,,0,0.0,1,17.81,17.8199,2014-11-26,0,-0.005,1,17.81,17.81,2014-12-05,1,-0.0185,3.385,0.053405801096958
prebreak,002428,2014-11-12,S,S,A,C,S,S,A,13.423,13.72,13.01,0.71,,1,13.72,13.6414,2014-11-19,0,-0.1253,1,13.72,14.4059,2014-11-26,0,0.9508,1,13.72,15.1704,2015-01-07,0,2.0268,1.9465,-0.0143269795977746
prebreak,300070,2014-11-12,S,S,A,C,S,S,A,10.7235,11.16,10.6,0.56,,1,11.16,11.2285,2014-11-19,0,0.107,1,11.16,11.1022,2014-11-20,0,-0.1183,1,11.16,11.1022,2014-11-20,0,-0.1183,1.9155,-0.016485117013627
prebreak,600706,2014-11-12,S,S,A,C,S,S,A,12.3416,11.62,11.03,0.59,,1,11.62,12.4161,2014-11-19,0,1.3335,1,11.62,13.8159,2014-11-26,0,3.7046,1,11.62,13.7579,2014-12-11,1,3.6064,1.5686,-0.020331785461137
prebreak,000605,2014-11-13,S,S,A,C,S,S,A,12.5651,12.38,11.75,0.63,,0,0.0,0.0,,0,0.0,0,0.0,0.0,,0,0.0,0,,,,0,,1.3337,0.0296374201644595
prebreak,002241,2014-11-13,S,S,A,C,S,S,A,11.7472,12.86,12.22,0.64,,0,0.0,0.0,,0,0.0,0,0.0,0.0,,0,0.0,0,,,,0,,1.4508,0.0107001618497866
prebreak,600111,2014-11-13,S,S,A,C,S,S,A,14.5046,13.99,13.44,0.55,,1,13.99,13.9438,2014-11-18,0,-0.1033,1,13.99,13.9438,2014-11-18,0,-0.1033,1,13.99,13.9438,2014-11-18,0,-0.1033,1.8638,0.0010282601021847
prebreak,600292,2014-11-13,S,S,A,C,S,S,A,17.7538,15.94,15.28,0.66,,0,0.0,0.0,,0,0.0,0,0.0,0.0,,0,0.0,0,,,,0,,0.9743,0.0047398261468682
prebreak,600436,2014-11-13,S,S,A,C,S,S,A,21.2056,22.17,21.11,1.06,,1,22.17,21.4908,2014-11-18,0,-0.6563,1,22.17,21.4908,2014-11-18,0,-0.6563,1,22.17,21.4908,2014-11-18,0,-0.6563,2.4397,-0.0422373363553416
prebreak,600309,2014-11-14,S,S,A,C,S,S,A,11.1859,11.74,11.16,0.58,,0,0.0,0.0,,0,0.0,0,0.0,0.0,,0,0.0,1,11.74,15.0976,2015-01-06,0,5.7699,3.0938,0.0213053201006068
prebreak,600362,2014-11-14,S,S,A,C,S,S,A,11.6716,11.7,11.1,0.6,,0,0.0,0.0,,0,0.0,0,0.0,0.0,,0,0.0,0,,,,0,,0.973,0.0517472454025711
prebreak,600597,2014-11-14,S,S,A,C,S,S,A,14.1931,13.76,13.04,0.72,,1,13.76,13.2769,2014-11-19,0,-0.6851,1,13.76,13.2769,2014-11-19,0,-0.6851,1,13.76,13.2769,2014-11-19,0,-0.6851,1.5439,-0.0251732336939802
prebreak,600648,2014-11-14,S,S,A,C,S,S,A,24.7798,22.06,21.12,0.94,,1,22.06,23.7089,2014-11-19,0,1.7353,1,22.06,23.7089,2014-11-19,0,1.7353,1,22.06,23.7089,2014-11-19,0,1.7353,4.2335,0.042157871623417
prebreak,000049,2014-11-17,S,S,A,C,S,S,A,20.2255,20.42,19.6,0.82,,0,0.0,0.0,,0,0.0,0,0.0,0.0,,0,0.0,1,20.42,19.9439,2014-12-08,0,-0.5992,2.2164,0.0104459871703956
prebreak,002106,2014-11-17,S,S,A,C,S,S,A,11.2362,11.46,10.86,0.6,,0,0.0,0.0,,0,0.0,0,0.0,0.0,,0,0.0,0,,,,0,,0.6097,0.031894415924695
prebreak,002646,2014-11-17,S,S,A,C,S,S,A,16.9507,17.1,16.19,0.91,,0,0.0,0.0,,0,0.0,0,0.0,0.0,,0,0.0,0,,,,0,,0.4624,0.1168695551364309
prebreak,300080,2014-11-17,S,S,A,C,S,S,A,9.5043,10.3,9.75,0.55,,0,0.0,0.0,,0,0.0,0,0.0,0.0,,0,0.0,0,,,,0,,2.0565,0.1900856720770192
prebreak,600535,2014-11-17,S,S,A,C,S,S,A,23.2029,23.45,22.34,1.11,,0,0.0,0.0,,0,0.0,0,0.0,0.0,,0,0.0,0,,,,0,,1.4369,0.0537143302310918
prebreak,600729,2014-11-17,S,S,A,C,S,S,A,12.7187,13.07,12.4,0.67,,0,0.0,0.0,,0,0.0,1,13.07,13.2118,2014-12-01,0,0.1966,1,13.07,14.0217,2014-12-24,0,1.4047,2.0207,-0.0049827269731408
prebreak,002653,2014-11-18,S,S,A,C,S,S,A,17.3057,18.76,17.79,0.97,,0,0.0,0.0,,0,0.0,0,0.0,0.0,,0,0.0,0,,,,0,,1.5681,0.2728391788619202
prebreak,600332,2014-11-18,S,S,A,C,S,S,A,20.6575,21.29,20.54,0.75,,0,0.0,0.0,,0,0.0,0,0.0,0.0,,0,0.0,0,,,,0,,1.1716,-0.0360185540173609
prebreak,002428,2014-11-19,S,S,A,C,S,S,A,13.6414,13.72,13.01,0.71,,0,0.0,0.0,,0,0.0,0,0.0,0.0,,0,0.0,0,,,,0,,1.1358,0.0469042231847878
prebreak,300070,2014-11-19,S,S,A,C,S,S,A,11.2285,11.16,10.6,0.56,,0,0.0,0.0,,0,0.0,0,0.0,0.0,,0,0.0,0,,,,0,,0.6845,0.0359038149636301
prebreak,600706,2014-11-19,S,S,A,C,S,S,A,12.4161,11.62,11.03,0.59,,0,0.0,0.0,,0,0.0,0,0.0,0.0,,0,0.0,0,,,,0,,0.606,0.0399443166935891
prebreak,600805,2014-11-19,S,S,A,C,S,S,A,10.3054,10.48,9.93,0.55,,0,0.0,0.0,,0,0.0,0,0.0,0.0,,0,0.0,0,,,,0,,1.2807,0.0369416602253545
prebreak,000823,2014-11-20,S,S,A,C,S,S,A,10.0658,10.3,9.8,0.5,,0,0.0,0.0,,0,0.0,0,0.0,0.0,,0,0.0,0,,,,0,,1.1459,-0.0539130363831515
prebreak,000858,2014-11-20,S,S,A,C,S,S,A,12.9647,13.34,12.64,0.7,,0,0.0,0.0,,0,0.0,0,0.0,0.0,,0,0.0,0,,,,0,,1.3986,0.0360519747719072
prebreak,600292,2014-11-20,S,S,A,C,S,S,A,16.357,15.94,15.28,0.66,,0,0.0,0.0,,0,0.0,0,0.0,0.0,,0,0.0,0,,,,0,,0.6311,0.0573162260748612
prebreak,600436,2014-11-20,S,S,A,C,S,S,A,21.3089,22.17,21.11,1.06,,0,0.0,0.0,,0,0.0,0,0.0,0.0,,0,0.0,0,,,,0,,1.0741,0.0257385396813127
prebreak,000826,2014-11-21,S,S,A,C,S,S,A,16.7623,17.04,16.35,0.69,,1,17.04,17.2064,2014-11-27,0,0.2222,1,17.04,17.2064,2014-11-27,0,0.2222,1,17.04,17.2064,2014-11-27,0,0.2222,1.5123,0.0669079130058014
prebreak,600648,2014-11-21,S,S,A,C,S,S,A,23.8598,22.06,21.12,0.94,,0,0.0,0.0,,0,0.0,0,0.0,0.0,,0,0.0,0,,,,0,,1.3933,0.0719447217467688
prebreak,601601,2014-11-21,S,S,A,C,S,S,A,14.1737,13.52,13.01,0.51,,1,13.52,16.21,2014-11-28,0,5.251,1,13.52,17.9305,2014-12-05,0,8.6224,1,13.52,15.7,2014-12-02,1,4.2517,3.4058,0.0740714949340655
prebreak,600535,2014-11-24,S,S,A,C,S,S,A,22.3724,23.19,22.21,0.98,,1,23.19,23.2815,2014-12-01,0,0.0753,1,23.19,23.158,2014-12-03,0,-0.0506,1,23.19,23.158,2014-12-03,0,-0.0506,2.2927,0.0126675719810518
prebreak,601318,2014-11-24,S,S,A,C,S,S,A,15.3693,14.64,14.03,0.61,,0,0.0,0.0,,0,0.0,0,0.0,0.0,,0,0.0,0,,,,0,,1.0572,0.088861156847688
prebreak,000869,2014-11-25,S,S,A,C,S,S,A,24.8228,24.93,23.77,1.16,,0,0.0,0.0,,0,0.0,0,0.0,0.0,,0,0.0,0,,,,0,,1.1581,0.0049909455131971
prebreak,300257,2014-11-25,S,S,A,C,S,S,A,16.9947,16.36,15.65,0.71,,1,16.36,16.6997,2014-12-02,0,0.4607,1,16.36,16.2456,2014-12-09,0,-0.1785,1,16.36,16.36,2014-12-03,1,-0.0175,1.8813,-0.0072633004792239
prebreak,000568,2014-11-26,S,S,A,C,S,S,A,13.4724,13.3,12.67,0.63,,0,0.0,0.0,,0,0.0,0,0.0,0.0,,0,0.0,0,,,,0,,1.363,0.0612113978390285
prebreak,000669,2014-11-26,S,S,A,C,S,S,A,16.7968,15.31,14.65,0.66,,0,0.0,0.0,,0,0.0,0,0.0,0.0,,0,0.0,0,,,,0,,0.9562,-0.0150222869027244
prebreak,002428,2014-11-26,S,S,A,C,S,S,A,14.4059,14.08,13.39,0.69,,1,14.08,15.9547,2014-12-03,0,2.6998,1,14.08,15.1207,2014-12-10,0,1.4919,1,14.08,14.08,2014-12-24,1,-0.0155,1.5835,0.0344082403739682
prebreak,300070,2014-11-26,S,S,A,C,S,S,A,11.7564,11.16,10.6,0.56,,0,0.0,0.0,,0,0.0,0,0.0,0.0,,0,0.0,0,,,,0,,1.4588,0.0142924697279491
prebreak,600805,2014-11-26,S,S,A,C,S,S,A,10.4757,10.56,10.02,0.54,,1,10.56,10.9583,2014-12-03,0,0.7223,1,10.56,11.4599,2014-12-10,0,1.6505,1,10.56,10.56,2014-12-30,1,-0.0149,1.8485,0.0361258478238928
prebreak,600292,2014-11-27,S,S,A,C,S,S,A,17.4498,15.94,15.28,0.66,,1,15.94,16.8564,2014-12-04,0,1.3692,1,15.94,17.6091,2014-12-11,0,2.5089,1,15.94,15.94,2014-12-09,1,-0.0184,1.5836,0.030598829627485
prebreak,600859,2014-11-27,S,S,A,C,S,S,A,12.1349,12.14,11.52,0.62,,0,0.0,0.0,,0,0.0,0,0.0,0.0,,0,0.0,0,,,,0,,1.3184,-0.022188947507607
prebreak,600362,2014-11-28,S,S,A,C,S,S,A,12.4965,11.81,11.29,0.52,,0,0.0,0.0,,0,0.0,0,0.0,0.0,,0,0.0,0,,,,0,,1.4602,0.0402500047158791
prebreak,601601,2014-11-28,S,S,A,C,S,S,A,16.21,13.52,13.01,0.51,,1,13.52,17.9305,2014-12-05,0,8.6224,1,13.52,16.4923,2014-12-12,0,5.8041,1,13.52,17.23,2014-12-09,1,7.2498,1.7004,0.0222235315099108
prebreak,002106,2014-12-01,S,S,A,C,S,S,A,11.2275,11.76,11.16,0.6,,1,11.76,12.4973,2014-12-08,0,1.2131,1,11.76,12.6277,2014-12-15,0,1.4304,1,11.76,11.76,2014-12-19,1,-0.0149,2.0228,0.0228628571283544
prebreak,002186,2014-12-01,S,S,A,C,S,S,A,18.5371,19.41,18.43,0.98,,0,0.0,0.0,,0,0.0,0,0.0,0.0,,0,0.0,0,,,,0,,1.1429,0.089414915934181
prebreak,600729,2014-12-01,S,S,A,C,S,S,A,13.2118,12.94,12.42,0.52,,0,0.0,0.0,,0,0.0,0,0.0,0.0,,0,0.0,0,,,,0,,1.3784,-0.0086783113746472
prebreak,000869,2014-12-02,S,S,A,C,S,S,A,25.5879,25.16,24.04,1.12,,1,25.16,26.7687,2014-12-09,0,1.4184,1,25.16,28.1907,2014-12-16,0,2.6872,1,25.16,31.2676,2015-01-05,1,5.4327,2.2842,-0.0106128180472201
prebreak,002344,2014-12-02,S,S,A,C,S,S,A,13.0758,12.96,12.31,0.65,,0,0.0,0.0,,0,0.0,0,0.0,0.0,,0,0.0,0,,,,0,,1.2059,0.0570753823604581
prebreak,300257,2014-12-02,S,S,A,C,S,S,A,16.6997,16.36,15.65,0.71,,0,0.0,0.0,,0,0.0,0,0.0,0.0,,0,0.0,0,,,,0,,1.4489,0.0403194945856302
prebreak,000669,2014-12-03,S,S,A,C,S,S,A,16.7898,15.31,14.65,0.66,,0,0.0,0.0,,0,0.0,0,0.0,0.0,,0,0.0,0,,,,0,,1.2379,0.0076730521087335
prebreak,002304,2014-12-03,S,S,A,C,S,S,A,33.4318,31.24,29.8,1.44,,1,31.24,35.3875,2014-12-10,0,2.8619,1,31.24,33.837,2014-12-17,0,1.7858,1,31.24,43.4954,2015-01-05,0,8.4888,1.8922,0.061486679921836
prebreak,300171,2014-12-03,S,S,A,C,S,S,A,11.542,12.08,11.53,0.55,,0,0.0,0.0,,0,0.0,0,0.0,0.0,,0,0.0,0,,,,0,,2.7014,0.0307526665632991
prebreak,600805,2014-12-03,S,S,A,C,S,S,A,10.9583,10.89,10.33,0.56,,1,10.89,11.4599,2014-12-10,0,1.0022,1,10.89,11.4883,2014-12-17,0,1.0529,1,10.89,10.89,2014-12-19,1,-0.0148,1.6578,0.0499814312702147
prebreak,600831,2014-12-03,S,S,A,C,S,S,A,9.6705,9.59,9.09,0.5,,1,9.59,9.09,2014-12-05,1,-1.0139,1,9.59,9.09,2014-12-05,1,-1.0139,1,9.59,9.09,2014-12-05,1,-1.0139,1.7518,0.0311764398507092
prebreak,601799,2014-12-03,S,S,A,C,S,S,A,18.2992,18.78,17.79,0.99,,0,0.0,0.0,,0,0.0,0,0.0,0.0,,0,0.0,0,,,,0,,3.5562,0.146059988834166
prebreak,600292,2014-12-04,S,S,A,C,S,S,A,16.8564,17.1,16.22,0.88,,0,0.0,0.0,,0,0.0,0,0.0,0.0,,0,0.0,0,,,,0,,1.1102,-0.0453882906498281
prebreak,002106,2014-12-08,S,S,A,C,S,S,A,12.4973,11.76,11.16,0.6,,1,11.76,12.6277,2014-12-15,0,1.4304,1,11.76,11.3058,2014-12-22,0,-0.7714,1,11.76,11.76,2014-12-19,1,-0.0149,2.6826,0.0377779716989137
prebreak,002186,2014-12-08,S,S,A,C,S,S,A,18.35,19.44,18.41,1.03,,0,0.0,0.0,,0,0.0,0,0.0,0.0,,0,0.0,0,,,,0,,1.1429,0.091098710240107
prebreak,600329,2014-12-08,S,S,A,C,S,S,A,10.999,11.54,10.96,0.58,,1,11.54,11.581,2014-12-15,0,0.0555,1,11.54,11.3409,2014-12-17,0,-0.3581,1,11.54,11.3409,2014-12-17,0,-0.3581,1.5856,0.0314469916520094
prebreak,000669,2014-12-10,S,S,A,C,S,S,A,16.8458,15.31,14.65,0.66,,0,0.0,0.0,,0,0.0,0,0.0,0.0,,0,0.0,0,,,,0,,1.2561,0.0422547774432562
prebreak,000701,2014-12-10,S,S,A,C,S,S,A,12.385,12.67,12.1,0.57,,1,12.67,13.2002,2014-12-17,0,0.9126,1,12.67,12.1,2014-12-22,1,-1.0163,1,12.67,12.67,2014-12-19,1,-0.0169,2.5517,0.074121777404486
prebreak,002683,2014-12-10,S,S,A,C,S,S,A,9.0864,10.89,10.36,0.53,,0,0.0,0.0,,0,0.0,0,0.0,0.0,,0,0.0,0,,,,0,,3.003,0.1298182948216391
prebreak,300171,2014-12-10,S,S,A,C,S,S,A,11.1334,12.08,11.53,0.55,,0,0.0,0.0,,0,0.0,0,0.0,0.0,,0,0.0,0,,,,0,,2.7014,0.0307526665632991
prebreak,600969,2014-12-10,S,S,A,C,S,S,A,11.29,10.81,10.29,0.52,,0,0.0,0.0,,0,0.0,0,0.0,0.0,,0,0.0,0,,,,0,,0.9286,0.0877246989212807
prebreak,601799,2014-12-10,S,S,A,C,S,S,A,16.8777,18.72,17.79,0.93,,0,0.0,0.0,,0,0.0,0,0.0,0.0,,0,0.0,0,,,,0,,3.5562,0.1423984553235135
prebreak,002422,2014-12-12,S,S,A,C,S,S,A,13.0388,13.31,12.8,0.51,,0,0.0,0.0,,0,0.0,0,0.0,0.0,,0,0.0,0,,,,0,,1.1032,0.0072800491786453
prebreak,601888,2014-12-12,S,S,A,C,S,S,A,18.3914,17.95,17.06,0.89,,0,0.0,0.0,,0,0.0,0,0.0,0.0,,0,0.0,0,,,,0,,0.4674,0.0465574030308606
prebreak,002186,2014-12-15,S,S,A,C,S,S,A,18.4716,18.65,17.85,0.8,,0,0.0,0.0,,0,0.0,0,0.0,0.0,,0,0.0,0,,,,0,,1.4234,0.0445654801731909
prebreak,603001,2014-12-15,S,S,A,C,S,S,A,12.654,12.02,11.51,0.51,,0,0.0,0.0,,0,0.0,0,0.0,0.0,,0,0.0,0,,,,0,,0.6115,0.0673352941641376
prebreak,000915,2014-12-16,S,S,A,C,S,S,A,17.0897,17.19,16.37,0.82,,0,0.0,0.0,,0,0.0,0,0.0,0.0,,0,0.0,0,,,,0,,2.8948,0.1561718293161582
prebreak,002140,2014-12-16,S,S,A,C,S,S,A,13.28,14.14,13.44,0.7,,0,0.0,0.0,,0,0.0,0,0.0,0.0,,0,0.0,0,,,,0,,2.1157,0.1051736194914583
prebreak,002653,2014-12-16,S,S,A,C,S,S,A,16.4185,17.4,16.51,0.89,,0,0.0,0.0,,0,0.0,0,0.0,0.0,,0,0.0,1,17.4,16.51,2015-01-15,1,-1.0142,2.5703,0.0592275437248293
prebreak,600697,2014-12-16,S,S,A,C,S,S,A,18.3729,17.5,16.63,0.87,,0,0.0,0.0,,0,0.0,0,0.0,0.0,,0,0.0,0,,,,0,,1.2375,0.0427247664648533
prebreak,000823,2014-12-18,S,S,A,C,S,S,A,10.728,10.87,10.3,0.57,,0,0.0,0.0,,0,0.0,0,0.0,0.0,,0,0.0,0,,,,0,,2.2064,0.036263051889213
prebreak,002422,2014-12-19,S,S,A,C,S,S,A,11.6095,13.31,12.8,0.51,,0,0.0,0.0,,0,0.0,0,0.0,0.0,,0,0.0,0,,,,0,,1.1032,0.0072800491786453
prebreak,600835,2014-12-19,S,S,A,C,S,S,A,14.105,13.74,13.08,0.66,,0,0.0,0.0,,0,0.0,0,0.0,0.0,,0,0.0,0,,,,0,,0.7277,0.0109336843933978
prebreak,601888,2014-12-19,S,S,A,C,S,S,A,19.0974,17.95,17.06,0.89,,0,0.0,0.0,,0,0.0,0,0.0,0.0,,0,0.0,0,,,,0,,1.0588,0.0169921563952386
prebreak,000701,2014-12-24,S,S,A,C,S,S,A,11.9234,12.67,12.1,0.57,,0,0.0,0.0,,0,0.0,0,0.0,0.0,,0,0.0,0,,,,0,,2.7634,0.0626196496398581
prebreak,300171,2014-12-24,S,S,A,C,S,S,A,10.5872,12.08,11.53,0.55,,0,0.0,0.0,,0,0.0,0,0.0,0.0,,0,0.0,0,,,,0,,2.7014,0.0307526665632991
prebreak,600638,2014-12-25,S,S,A,C,S,S,A,10.6668,10.81,10.26,0.55,,0,0.0,0.0,,0,0.0,0,0.0,0.0,,0,0.0,0,,,,0,,0.538,0.0100206177996888
prebreak,002362,2014-12-26,S,S,A,C,S,S,A,17.01,19.61,18.66,0.95,,0,0.0,0.0,,0,0.0,0,0.0,0.0,,0,0.0,0,,,,0,,2.1299,0.1434402332361517
prebreak,002422,2014-12-26,S,S,A,C,S,S,A,12.0637,12.23,11.61,0.62,,0,0.0,0.0,,0,0.0,0,0.0,0.0,,0,0.0,0,,,,0,,0.7377,-0.0764913175713272
prebreak,000701,2014-12-31,S,S,A,C,S,S,A,11.7466,12.1,11.59,0.51,,0,0.0,0.0,,0,0.0,0,0.0,0.0,,0,0.0,0,,,,0,,1.2993,0.0240936124185544
prebreak,002038,2015-01-05,S,S,A,C,S,S,A,15.9656,16.01,15.25,0.76,,1,16.01,16.0688,2015-01-08,0,0.0613,1,16.01,16.0688,2015-01-08,0,0.0613,1,16.01,16.0688,2015-01-08,0,0.0613,1.559,-0.0392417838596915
prebreak,000581,2015-01-06,S,S,A,C,S,S,A,16.7984,16.68,15.87,0.81,,0,0.0,0.0,,0,0.0,0,0.0,0.0,,0,0.0,0,,,,0,,0.778,0.0295149412593282
prebreak,000919,2015-01-06,S,S,A,C,S,S,A,11.5277,12.21,11.61,0.6,,0,0.0,0.0,,0,0.0,0,0.0,0.0,,0,0.0,0,,,,0,,3.4681,0.0254213964743037
prebreak,002275,2015-01-06,S,S,A,C,S,S,A,12.7268,12.36,11.77,0.59,,0,0.0,0.0,,0,0.0,0,0.0,0.0,,0,0.0,0,,,,0,,0.9135,-0.0454932900171954
prebreak,002294,2015-01-06,S,S,A,C,S,S,A,18.9387,18.28,17.55,0.73,,0,0.0,0.0,,0,0.0,0,0.0,0.0,,0,0.0,0,,,,0,,0.7778,0.0029169736743774
prebreak,002422,2015-01-06,S,S,A,C,S,S,A,12.9304,12.31,11.74,0.57,,0,0.0,0.0,,0,0.0,0,0.0,0.0,,0,0.0,0,,,,0,,0.6735,-0.0689855973334147
prebreak,000929,2015-01-07,S,S,A,C,S,S,A,10.5987,10.67,10.12,0.55,,1,10.67,10.2703,2015-01-12,0,-0.741,1,10.67,10.2703,2015-01-12,0,-0.741,1,10.67,10.2703,2015-01-12,0,-0.741,3.9316,0.0818984761129153
prebreak,002186,2015-01-07,S,S,A,C,S,S,A,17.9385,18.36,17.57,0.79,,0,0.0,0.0,,0,0.0,0,0.0,0.0,,0,0.0,1,18.36,18.4248,2015-01-28,0,0.0643,1.8983,0.0370144899667157
prebreak,002393,2015-01-07,S,S,A,C,S,S,A,16.3358,16.58,16.01,0.57,,0,0.0,0.0,,0,0.0,0,0.0,0.0,,0,0.0,0,,,,0,,0.9306,-0.0596688171228612
prebreak,600132,2015-01-07,S,S,A,C,S,S,A,12.3712,12.41,11.76,0.65,,0,0.0,0.0,,0,0.0,0,0.0,0.0,,0,0.0,0,,,,0,,0.7852,0.0116359475341929
prebreak,000581,2015-01-13,S,S,A,C,S,S,A,18.3542,16.68,15.87,0.81,,0,0.0,0.0,,0,0.0,0,0.0,0.0,,0,0.0,0,,,,0,,0.7847,-0.031003606086191
prebreak,002294,2015-01-13,S,S,A,C,S,S,A,19.2063,18.28,17.55,0.73,,0,0.0,0.0,,0,0.0,0,0.0,0.0,,0,0.0,0,,,,0,,0.9848,-0.0527131671992403
prebreak,000929,2015-01-14,S,S,A,C,S,S,A,10.0116,10.67,10.12,0.55,,0,0.0,0.0,,0,0.0,1,10.67,11.6437,2015-01-28,0,1.7545,1,10.67,14.7785,2015-04-07,1,7.4506,1.7262,0.0732346244523514
prebreak,600132,2015-01-14,S,S,A,C,S,S,A,12.1559,12.52,11.99,0.53,,0,0.0,0.0,,0,0.0,0,0.0,0.0,,0,0.0,0,,,,0,,1.8102,0.0156872989607408
prebreak,601808,2015-01-14,S,S,A,C,S,S,A,16.8326,16.59,15.78,0.81,,0,0.0,0.0,,0,0.0,0,0.0,0.0,,0,0.0,0,,,,0,,0.5209,0.0075503509081855
prebreak,000553,2015-01-15,S,S,A,C,S,S,A,13.0688,13.43,12.8,0.63,,0,0.0,0.0,,0,0.0,0,0.0,0.0,,0,0.0,0,,,,0,,1.3774,0.0566881783699628
prebreak,000915,2015-01-15,S,S,A,C,S,S,A,14.9287,15.22,14.58,0.64,,0,0.0,0.0,,0,0.0,0,0.0,0.0,,0,0.0,0,,,,0,,1.1884,-0.0551521177890693
prebreak,600594,2015-01-15,S,S,A,C,S,S,A,15.369,14.46,13.72,0.74,,0,0.0,0.0,,0,0.0,0,0.0,0.0,,0,0.0,0,,,,0,,0.8295,-0.010453702948909
prebreak,600138,2015-01-16,S,S,A,C,S,S,A,16.1847,15.83,15.12,0.71,,1,15.83,16.7428,2015-01-23,0,1.2678,1,15.83,16.2982,2015-01-30,0,0.642,1,15.83,15.83,2015-02-06,1,-0.0169,1.5484,-0.0038658566635511
prebreak,002041,2015-01-20,S,S,A,C,S,S,A,13.3441,13.11,12.51,0.6,,0,0.0,0.0,,0,0.0,0,0.0,0.0,,0,0.0,0,,,,0,,1.2641,-0.0365735960424949
prebreak,600597,2015-01-20,S,S,A,C,S,S,A,15.0661,14.79,14.11,0.68,,0,0.0,0.0,,0,0.0,0,0.0,0.0,,0,0.0,0,,,,0,,0.6581,0.0251963079173151
prebreak,000049,2015-01-21,S,S,A,C,S,S,A,19.4304,18.12,17.2,0.92,,1,18.12,20.7721,2015-01-28,0,2.8659,1,18.12,19.5408,2015-02-04,0,1.5284,1,18.12,22.6053,2015-03-05,0,4.8572,1.5328,0.0620333753688862
prebreak,000513,2015-01-21,S,S,A,C,S,S,A,12.5781,13.05,12.37,0.68,,0,0.0,0.0,,0,0.0,0,0.0,0.0,,0,0.0,0,,,,0,,2.3364,0.0458490329390035
prebreak,600389,2015-01-21,S,S,A,C,S,S,A,10.4677,10.1,9.59,0.51,,0,0.0,0.0,,0,0.0,0,0.0,0.0,,0,0.0,0,,,,0,,1.0931,0.0030320120569551
prebreak,000553,2015-01-22,S,S,A,C,S,S,A,13.5737,13.31,12.71,0.6,,0,0.0,0.0,,0,0.0,0,0.0,0.0,,0,0.0,0,,,,0,,0.8582,0.0124413489950301
prebreak,000915,2015-01-22,S,S,A,C,S,S,A,15.6398,15.22,14.44,0.78,,0,0.0,0.0,,0,0.0,0,0.0,0.0,,0,0.0,0,,,,0,,1.0357,-0.0240913708659105
prebreak,600138,2015-01-23,S,S,A,C,S,S,A,16.7428,15.83,15.12,0.71,,0,0.0,0.0,,0,0.0,0,0.0,0.0,,0,0.0,0,,,,0,,1.0914,0.0136313511842727
prebreak,002038,2015-01-26,S,S,A,C,S,S,A,16.902,16.57,15.84,0.73,,0,0.0,0.0,,0,0.0,0,0.0,0.0,,0,0.0,0,,,,0,,1.0164,0.0532982978650422
prebreak,600097,2015-01-26,S,S,A,C,S,S,A,13.4397,12.05,11.48,0.57,,1,12.05,13.1364,2015-01-29,0,1.8888,1,12.05,13.1364,2015-01-29,0,1.8888,1,12.05,13.1364,2015-01-29,0,1.8888,6.2261,-0.0074092764167353
prebreak,600315,2015-01-26,S,S,A,C,S,S,A,35.0707,31.15,29.79,1.36,,0,0.0,0.0,,0,0.0,0,0.0,0.0,,0,0.0,0,,,,0,,0.878,0.0235775114418739
prebreak,000581,2015-01-27,S,S,A,C,S,S,A,18.1144,16.68,15.87,0.81,,0,0.0,0.0,,0,0.0,0,0.0,0.0,,0,0.0,0,,,,0,,0.8322,0.0362486872414025
prebreak,002008,2015-01-27,S,S,A,C,S,S,A,15.805,16.34,15.51,0.83,,0,0.0,0.0,,0,0.0,1,16.34,15.51,2015-02-06,1,-1.0143,1,16.34,15.51,2015-02-06,1,-1.0143,1.9781,0.1073739823720003
prebreak,002422,2015-01-27,S,S,A,C,S,S,A,13.7389,12.31,11.74,0.57,,1,12.31,14.0847,2015-02-03,0,3.0952,1,12.31,13.2305,2015-02-10,0,1.5974,1,12.31,17.5642,2015-04-13,1,9.1957,1.5517,0.0071969654487129
prebreak,000553,2015-01-29,S,S,A,C,S,S,A,13.4086,14.06,13.34,0.72,,1,14.06,13.34,2015-02-05,1,-1.0142,1,14.06,13.34,2015-02-05,1,-1.0142,1,14.06,13.34,2015-02-05,1,-1.0142,2.0636,0.0380579426222851
prebreak,002041,2015-02-03,S,S,A,C,S,S,A,12.9137,13.8,13.1,0.7,,0,0.0,0.0,,0,0.0,0,0.0,0.0,,0,0.0,0,,,,0,,3.4173,0.0835942250711665
prebreak,600983,2015-02-03,S,S,A,C,S,S,A,10.375,10.73,10.22,0.51,,0,0.0,0.0,,0,0.0,0,0.0,0.0,,0,0.0,1,10.73,10.22,2015-03-09,1,-1.0154,2.7553,0.016500681295976
prebreak,000423,2015-02-09,S,S,A,C,S,S,A,27.7975,29.52,28.05,1.47,,0,0.0,0.0,,0,0.0,0,0.0,0.0,,0,0.0,1,29.52,28.7952,2015-03-06,0,-0.508,2.7081,-0.0101610387921244
prebreak,002038,2015-02-09,S,S,A,C,S,S,A,15.8744,16.81,16.2,0.61,,0,0.0,0.0,,0,0.0,1,16.81,16.8266,2015-02-27,0,0.0062,1,16.81,16.8266,2015-02-27,0,0.0062,1.9763,0.0058921444505846
prebreak,600436,2015-02-09,S,S,A,C,S,S,A,25.3135,22.3,21.4,0.9,,0,0.0,0.0,,0,0.0,0,0.0,0.0,,0,0.0,0,,,,0,,0.4828,0.0079082808178303
prebreak,000581,2015-02-10,S,S,A,C,S,S,A,16.5644,17.28,16.54,0.74,,0,0.0,0.0,,0,0.0,0,0.0,0.0,,0,0.0,0,,,,0,,0.897,-0.055820532982195
prebreak,000919,2015-02-10,S,S,A,C,S,S,A,11.0491,11.99,11.39,0.6,,0,0.0,0.0,,0,0.0,1,11.99,11.9073,2015-03-03,0,-0.1529,1,11.99,14.38,2015-04-09,1,3.9656,2.4401,0.0083428999334407
prebreak,600847,2015-02-10,S,S,A,C,S,S,A,15.72,16.2,15.41,0.79,,1,16.2,17.89,2015-02-17,0,2.1223,1,16.2,17.68,2015-03-03,0,1.8567,1,16.2,20.89,2015-03-18,1,5.9174,2.1566,0.0749834107498339
prebreak,600983,2015-02-10,S,S,A,C,S,S,A,9.7227,10.73,10.22,0.51,,0,0.0,0.0,,0,0.0,0,0.0,0.0,,0,0.0,1,10.73,10.22,2015-03-09,1,-1.0154,2.7553,0.016500681295976
prebreak,000513,2015-02-11,S,S,A,C,S,S,A,12.1071,12.72,12.13,0.59,,0,0.0,0.0,,0,0.0,1,12.72,12.6382,2015-03-03,0,-0.1549,1,12.72,12.6382,2015-03-03,0,-0.1549,2.0811,0.0247513089164923
prebreak,000553,2015-02-12,S,S,A,C,S,S,A,13.3406,13.49,12.84,0.65,,0,0.0,0.0,,0,0.0,0,0.0,0.0,,0,0.0,0,,,,0,,0.7287,0.0156319042103705
prebreak,000999,2015-02-12,S,S,A,C,S,S,A,11.3561,11.48,10.93,0.55,,0,0.0,0.0,,0,0.0,0,0.0,0.0,,0,0.0,0,,,,0,,0.995,0.0009103391156897
prebreak,002140,2015-02-12,S,S,A,C,S,S,A,13.7802,13.92,13.4,0.52,,0,0.0,0.0,,0,0.0,0,0.0,0.0,,0,0.0,0,,,,0,,0.8064,0.0047767971673671
prebreak,000917,2015-02-13,S,S,A,C,S,S,A,17.2858,17.09,16.22,0.87,,1,17.09,19.7718,2015-02-27,0,3.0657,1,17.09,19.6165,2015-03-06,0,2.8872,1,17.09,20.02,2015-03-13,1,3.3508,4.3396,0.0796550380134049
prebreak,000963,2015-02-13,S,S,A,C,S,S,A,12.1864,12.93,12.31,0.62,,0,0.0,0.0,,0,0.0,1,12.93,12.6138,2015-03-06,0,-0.5255,1,12.93,12.6138,2015-03-06,0,-0.5255,1.9058,0.0078929141422885
prebreak,002574,2015-02-13,S,S,A,C,S,S,A,10.6508,10.76,10.19,0.57,,0,0.0,0.0,,0,0.0,0,0.0,0.0,,0,0.0,0,,,,0,,0.4964,0.0598327740289648
prebreak,600062,2015-02-13,S,S,A,C,S,S,A,13.6701,12.79,12.2,0.59,,1,12.79,13.8276,2015-02-27,0,1.7411,1,12.79,14.3508,2015-03-06,0,2.6273,1,12.79,16.38,2015-05-13,1,6.0644,1.6584,0.098332183066935
prebreak,600557,2015-02-13,S,S,A,C,S,S,A,18.6373,19.5,18.71,0.79,,0,0.0,0.0,,0,0.0,1,19.5,19.6409,2015-03-06,0,0.1595,1,19.5,22.16,2015-04-15,1,3.3462,2.6055,-0.0091534018028618
prebreak,600315,2015-02-16,S,S,A,C,S,S,A,33.8711,34.26,32.64,1.62,,0,0.0,0.0,,0,0.0,0,0.0,0.0,,0,0.0,0,,,,0,,0.7733,0.0624870634260679
prebreak,000919,2015-02-17,S,S,A,C,S,S,A,11.668,11.99,11.39,0.6,,1,11.99,11.9073,2015-03-03,0,-0.1529,1,11.99,13.3596,2015-03-10,0,2.2661,1,11.99,14.38,2015-04-09,1,3.9656,2.4401,0.0083428999334407
prebreak,002294,2015-02-17,S,S,A,C,S,S,A,18.7822,19.04,18.25,0.79,,0,0.0,0.0,,0,0.0,0,0.0,0.0,,0,0.0,0,,,,0,,1.1704,-0.0484341146396822
prebreak,600847,2015-02-17,S,S,A,C,S,S,A,17.89,16.2,15.41,0.79,,0,0.0,0.0,,0,0.0,0,0.0,0.0,,0,0.0,0,,,,0,,0.5442,0.0358056265984654
prebreak,600563,2015-02-25,S,S,A,C,S,S,A,25.7649,24.82,23.6,1.22,,0,0.0,0.0,,0,0.0,0,0.0,0.0,,0,0.0,0,,,,0,,0.9813,-0.0343086155052095
prebreak,000028,2015-02-26,S,S,A,C,S,S,A,30.3272,30.5,28.92,1.58,,1,30.5,30.6197,2015-03-05,0,0.0611,1,30.5,30.4705,2015-03-12,0,-0.0334,1,30.5,37.8448,2015-04-02,0,4.631,1.9242,0.0319083936665469
prebreak,000999,2015-02-26,S,S,A,C,S,S,A,11.4223,11.77,11.27,0.5,,1,11.77,11.3939,2015-03-05,0,-0.7696,1,11.77,11.27,2015-03-06,1,-1.0173,1,11.77,11.27,2015-03-06,1,-1.0173,2.2244,0.0429611411885584
prebreak,002140,2015-02-26,S,S,A,C,S,S,A,14.1923,14.26,13.75,0.51,,0,0.0,0.0,,0,0.0,0,0.0,0.0,,0,0.0,0,,,,0,,1.2211,0.0105355701312479
prebreak,600054,2015-02-26,S,S,A,C,S,S,A,9.6365,9.97,9.46,0.51,,1,9.97,10.0017,2015-03-05,0,0.0473,1,9.97,9.984,2015-03-06,0,0.0126,1,9.97,9.984,2015-03-06,0,0.0126,2.0996,0.0196499140315118
prebreak,600196,2015-02-26,S,S,A,C,S,S,A,19.6603,19.22,18.35,0.87,,0,0.0,0.0,,0,0.0,0,0.0,0.0,,0,0.0,0,,,,0,,0.7828,-0.0008084615761771
prebreak,000917,2015-02-27,S,S,A,C,S,S,A,19.7718,17.09,16.22,0.87,,0,0.0,0.0,,0,0.0,0,0.0,0.0,,0,0.0,0,,,,0,,1.2528,-0.0057414056712709
prebreak,000963,2015-02-27,S,S,A,C,S,S,A,12.4667,12.57,11.96,0.61,,1,12.57,12.6138,2015-03-06,0,0.0562,1,12.57,12.6138,2015-03-06,0,0.0562,1,12.57,12.6138,2015-03-06,0,0.0562,1.9058,-0.0201690695461278
prebreak,600557,2015-02-27,S,S,A,C,S,S,A,19.0842,19.25,18.5,0.75,,1,19.25,19.6409,2015-03-06,0,0.5014,1,19.25,20.0487,2015-03-13,0,1.0447,1,19.25,21.68,2015-04-09,1,3.2185,1.6725,-0.0245768668767208
prebreak,000028,2015-03-05,S,S,A,C,S,S,A,30.6197,30.4,29.2,1.2,,0,0.0,0.0,,0,0.0,0,0.0,0.0,,0,0.0,0,,,,0,,0.9755,0.0377495277040622
prebreak,600557,2015-03-06,S,S,A,C,S,S,A,19.6409,19.38,18.5,0.88,,0,0.0,0.0,,0,0.0,0,0.0,0.0,,0,0.0,0,,,,0,,1.1899,0.0154972031557625
prebreak,002457,2015-03-09,S,S,A,C,S,S,A,9.9403,10.04,9.52,0.52,,0,0.0,0.0,,0,0.0,0,0.0,0.0,,0,0.0,0,,,,0,,1.0832,0.0527216325695434
prebreak,600315,2015-03-09,S,S,A,C,S,S,A,34.7241,34.33,32.68,1.65,,1,34.33,36.208,2015-03-12,0,1.1216,1,34.33,36.208,2015-03-12,0,1.1216,1,34.33,36.208,2015-03-12,0,1.1216,2.9664,0.0175516591388011
prebreak,000919,2015-03-10,S,S,A,C,S,S,A,13.3596,11.84,11.3,0.54,,0,0.0,0.0,,0,0.0,0,0.0,0.0,,0,0.0,0,,,,0,,1.1338,0.0226972160002902
prebreak,600835,2015-03-10,S,S,A,C,S,S,A,18.1449,18.1,17.22,0.88,,0,0.0,0.0,,0,0.0,0,0.0,0.0,,0,0.0,0,,,,0,,0.5719,0.0631013917689831
prebreak,002186,2015-03-11,S,S,A,C,S,S,A,18.8738,19.47,18.62,0.85,,1,19.47,20.0616,2015-03-18,0,0.6781,1,19.47,22.1191,2015-03-25,0,3.0973,1,19.47,24.1019,2015-04-14,0,5.4285,1.5963,0.0819909933265039
prebreak,000553,2015-03-12,S,S,A,C,S,S,A,14.0688,14.07,13.4,0.67,,0,0.0,0.0,,0,0.0,0,0.0,0.0,,0,0.0,0,,,,0,,0.8353,0.0846712324378782
prebreak,002140,2015-03-12,S,S,A,C,S,S,A,14.7146,14.86,14.11,0.75,,1,14.86,15.5019,2015-03-19,0,0.8402,1,14.86,16.2965,2015-03-26,0,1.899,1,14.86,18.7612,2015-04-23,1,5.1832,1.5669,0.097694956300093
prebreak,000963,2015-03-13,S,S,A,C,S,S,A,13.5038,13.02,12.36,0.66,,1,13.02,14.8119,2015-03-20,0,2.6983,1,13.02,14.4685,2015-03-27,0,2.1784,1,13.02,15.9565,2015-04-14,0,4.4315,2.0363,0.0974359102330468
prebreak,600785,2015-03-13,S,S,A,C,S,S,A,11.3666,10.57,10.07,0.5,,0,0.0,0.0,,0,0.0,0,0.0,0.0,,0,0.0,0,,,,0,,1.4143,0.0903983515149313
prebreak,002186,2015-03-18,S,S,A,C,S,S,A,20.0616,19.67,18.69,0.98,,0,0.0,0.0,,0,0.0,0,0.0,0.0,,0,0.0,0,,,,0,,1.4965,0.061117486803963
prebreak,000028,2015-03-19,S,S,A,C,S,S,A,32.8768,31.5,30.11,1.39,,0,0.0,0.0,,0,0.0,0,0.0,0.0,,0,0.0,0,,,,0,,0.8752,0.0715864728787678
prebreak,000553,2015-03-19,S,S,A,C,S,S,A,15.098,14.07,13.4,0.67,,0,0.0,0.0,,0,0.0,0,0.0,0.0,,0,0.0,0,,,,0,,0.9996,0.0462965823371879
prebreak,000869,2015-03-19,S,S,A,C,S,S,A,30.0868,29.83,28.63,1.2,,1,29.83,32.5399,2015-03-26,0,2.238,1,29.83,33.1886,2015-04-02,0,2.7782,1,29.83,36.22,2015-04-15,1,5.3028,1.6292,0.0553468364624454
prebreak,002200,2015-03-19,S,S,A,C,S,S,A,19.63,19.23,18.41,0.82,,0,0.0,0.0,,0,0.0,0,0.0,0.0,,0,0.0,0,,,,0,,1.1755,0.0821609454136185
prebreak,002566,2015-03-20,S,S,A,C,S,S,A,14.455,13.95,13.3,0.65,,1,13.95,14.9279,2015-03-27,0,1.4872,1,13.95,15.9014,2015-04-03,0,2.984,1,13.95,16.11,2015-05-05,1,3.3047,1.6382,0.0800667570186282
prebreak,600859,2015-03-23,S,S,A,C,S,S,A,15.2531,14.39,13.68,0.71,,1,14.39,15.8908,2015-03-30,0,2.0971,1,14.39,18.3395,2015-04-07,0,5.5437,1,14.39,17.72,2015-04-15,1,4.6718,1.7592,0.0674757494683864
prebreak,000028,2015-03-26,S,S,A,C,S,S,A,34.7637,31.5,30.11,1.39,,0,0.0,0.0,,0,0.0,0,0.0,0.0,,0,0.0,0,,,,0,,0.59,0.0467103583297965
prebreak,000869,2015-03-26,S,S,A,C,S,S,A,32.5399,30.83,29.79,1.04,,1,30.83,33.1886,2015-04-02,0,2.2439,1,30.83,38.0949,2015-04-10,0,6.9586,1,30.83,36.58,2015-04-15,1,5.5028,1.735,0.0714959893025635
prebreak,000823,2015-03-30,S,S,A,C,S,S,A,12.6264,11.18,10.6,0.58,,1,11.18,13.3946,2015-04-07,0,3.8012,1,11.18,13.1827,2015-04-14,0,3.436,1,11.18,12.1,2015-05-06,1,1.5706,1.5795,0.0516524230107116
prebreak,002041,2015-03-31,S,S,A,C,S,S,A,16.1354,13.5,12.91,0.59,,1,13.5,17.3682,2015-04-08,0,6.5348,1,13.5,16.2439,2015-04-15,0,4.6304,1,13.5,17.26,2015-04-08,1,6.3515,1.5361,0.0023673770440362
prebreak,000538,2015-04-02,S,S,A,C,S,S,A,35.8538,36.45,34.64,1.81,,1,36.45,35.7328,2015-04-09,0,-0.4113,1,36.45,35.7328,2015-04-09,0,-0.4113,1,36.45,35.7328,2015-04-09,0,-0.4113,1.5912,0.1108717553686402
prebreak,002200,2015-04-02,S,S,A,C,S,S,A,21.68,20.34,19.26,1.08,,0,0.0,0.0,,0,0.0,0,0.0,0.0,,0,0.0,0,,,,0,,1.4618,0.092960773777539
prebreak,600182,2015-04-02,S,S,A,C,S,S,A,16.3121,14.48,13.79,0.69,,0,0.0,0.0,,0,0.0,0,0.0,0.0,,0,0.0,0,,,,0,,1.4756,0.0763302554559326
prebreak,000538,2015-04-10,S,S,A,C,S,S,A,36.3906,36.45,34.75,1.7,,0,0.0,0.0,,0,0.0,0,0.0,0.0,,0,0.0,0,,,,0,,1.349,0.1016836956773454
prebreak,000538,2015-04-17,S,S,A,C,S,S,A,37.6799,36.45,34.75,1.7,,0,0.0,0.0,,0,0.0,0,0.0,0.0,,0,0.0,0,,,,0,,1.0724,0.0598753473180524
prebreak,000553,2015-04-17,S,S,A,C,S,S,A,15.3213,16.24,15.52,0.72,,0,0.0,0.0,,0,0.0,0,0.0,0.0,,0,0.0,0,,,,0,,3.4696,0.0401847040809175
prebreak,600535,2015-04-30,S,S,A,C,S,S,A,26.8952,28.51,27.17,1.34,,0,0.0,0.0,,0,0.0,0,0.0,0.0,,0,0.0,1,28.51,28.51,2015-06-23,1,-0.0162,1.7376,0.0356247540819649
prebreak,000553,2015-05-04,S,S,A,C,S,S,A,15.0943,15.98,15.23,0.75,,0,0.0,0.0,,0,0.0,0,0.0,0.0,,0,0.0,1,15.98,15.98,2015-05-29,1,-0.0162,2.4131,0.0241684213505033
prebreak,000553,2015-05-18,S,S,A,C,S,S,A,14.4983,14.78,14.12,0.66,,0,0.0,0.0,,0,0.0,0,0.0,0.0,,0,0.0,0,,,,0,,1.4564,-0.0401978161159194
prebreak,000553,2015-05-25,S,S,A,C,S,S,A,18.162,14.78,14.12,0.66,,1,14.78,16.7649,2015-05-28,0,2.9885,1,14.78,16.7649,2015-05-28,0,2.9885,1,14.78,16.7649,2015-05-28,0,2.9885,2.6356,-0.0521101200474425
prebreak,002304,2016-06-08,S,S,A,C,S,S,A,52.0107,48.94,46.99,1.95,,0,0.0,0.0,,0,0.0,0,0.0,0.0,,0,0.0,0,,,,0,,0.68,-0.008728358213221
prebreak,601877,2016-08-29,S,S,A,C,S,S,A,16.6409,17.02,16.36,0.66,,1,17.02,19.0432,2016-09-13,0,3.0439,1,17.02,19.0029,2016-09-22,0,2.9829,1,17.02,18.4954,2016-12-09,0,2.2145,2.5242,0.0164628313425416
prebreak,600059,2016-09-06,S,S,A,C,S,S,A,9.5918,9.97,9.47,0.5,,0,0.0,0.0,,0,0.0,0,0.0,0.0,,0,0.0,0,,,,0,,9.9002,0.0543529596436378
prebreak,002734,2016-09-21,S,S,A,C,S,S,A,11.8171,12.0,11.5,0.5,,0,0.0,0.0,,0,0.0,0,0.0,0.0,,0,0.0,0,,,,0,,0.7119,0.0318832589893187
prebreak,600566,2016-09-28,S,S,A,C,S,S,A,20.1432,20.29,19.44,0.85,,1,20.29,21.6508,2016-10-12,0,1.5818,1,20.29,22.2902,2016-10-19,0,2.3335,1,20.29,21.13,2016-11-11,1,0.9695,2.6135,0.0237030320961328
prebreak,002415,2016-09-29,S,S,A,C,S,S,A,12.9149,13.2,12.6,0.6,,0,0.0,0.0,,0,0.0,0,0.0,0.0,,0,0.0,0,,,,0,,0.9585,-0.0129698616150615
prebreak,600566,2016-10-12,S,S,A,C,S,S,A,21.6508,20.29,19.45,0.84,,0,0.0,0.0,,0,0.0,0,0.0,0.0,,0,0.0,0,,,,0,,1.0107,0.0126991701454859
prebreak,002051,2016-10-13,S,S,A,C,S,S,A,15.4716,15.0,14.36,0.64,,0,0.0,0.0,,0,0.0,0,0.0,0.0,,0,0.0,0,,,,0,,1.2176,-0.0403502626249545
prebreak,002415,2016-10-13,S,S,A,C,S,S,A,13.4054,13.29,12.6,0.69,,0,0.0,0.0,,0,0.0,0,0.0,0.0,,0,0.0,0,,,,0,,0.9882,-0.0148815010135148
prebreak,002649,2016-10-14,S,S,A,C,S,S,A,11.8249,11.96,11.41,0.55,,0,0.0,0.0,,0,0.0,0,0.0,0.0,,0,0.0,1,11.96,14.02,2016-11-11,1,3.7266,2.7914,0.0519509535850195
prebreak,002317,2016-10-18,S,S,A,C,S,S,A,11.9913,12.06,11.54,0.52,,0,0.0,0.0,,0,0.0,0,0.0,0.0,,0,0.0,0,,,,0,,1.1591,0.3579950659759818
prebreak,002415,2016-10-20,S,S,A,C,S,S,A,13.4481,13.61,13.08,0.53,,0,0.0,0.0,,0,0.0,0,0.0,0.0,,0,0.0,0,,,,0,,1.3848,0.0275206259458984
prebreak,000026,2016-10-25,S,S,A,C,S,S,A,11.488,10.58,10.02,0.56,,0,0.0,0.0,,0,0.0,0,0.0,0.0,,0,0.0,0,,,,0,,1.0539,-0.0219866172244046
prebreak,000423,2016-10-26,S,S,A,C,S,S,A,46.0157,46.57,44.31,2.26,,0,0.0,0.0,,0,0.0,0,0.0,0.0,,0,0.0,1,46.57,44.8941,2016-11-21,0,-0.7567,3.8797,0.0277016581824094
prebreak,300195,2016-10-27,S,S,A,C,S,S,A,16.9374,17.58,16.67,0.91,,0,0.0,0.0,,0,0.0,0,0.0,0.0,,0,0.0,0,,,,0,,,
prebreak,300118,2016-11-01,S,S,A,C,S,S,A,15.283,15.59,15.09,0.5,,0,0.0,0.0,,0,0.0,0,0.0,0.0,,0,0.0,0,,,,0,,4.6899,0.3570029931100142
prebreak,000590,2016-11-03,S,S,A,C,S,S,A,21.5,21.31,20.54,0.77,,0,0.0,0.0,,0,0.0,0,0.0,0.0,,0,0.0,0,,,,0,,0.9077,0.0289715113471751
prebreak,002008,2016-11-04,S,S,A,C,S,S,A,21.9167,21.64,20.68,0.96,,0,0.0,0.0,,0,0.0,0,0.0,0.0,,0,0.0,0,,,,0,,0.5511,0.0687517729764188
prebreak,002649,2016-11-04,S,S,A,C,S,S,A,11.9534,11.41,10.88,0.53,,0,0.0,0.0,,0,0.0,0,0.0,0.0,,0,0.0,0,,,,0,,1.4028,-0.0307817972395179
prebreak,000590,2016-11-10,S,S,A,C,S,S,A,22.47,21.31,20.54,0.77,,0,0.0,0.0,,0,0.0,0,0.0,0.0,,0,0.0,0,,,,0,,1.2964,0.0147619047619047
prebreak,000423,2016-11-16,S,S,A,C,S,S,A,45.3303,46.25,44.66,1.59,,1,46.25,44.8941,2016-11-21,0,-0.8743,1,46.25,44.8941,2016-11-21,0,-0.8743,1,46.25,44.8941,2016-11-21,0,-0.8743,3.8797,0.0206399332389184
prebreak,002773,2016-11-16,S,S,A,C,S,S,A,40.3024,39.43,37.79,1.64,,0,0.0,0.0,,0,0.0,0,0.0,0.0,,0,0.0,0,,,,0,,0.9776,-0.0056794726415708
prebreak,603589,2016-11-17,S,S,A,C,S,S,A,26.2889,27.35,26.08,1.27,,0,0.0,0.0,,0,0.0,0,0.0,0.0,,0,0.0,0,,,,0,,4.067,0.0838460709314188
prebreak,600529,2016-11-18,S,S,A,C,S,S,A,9.6952,9.69,9.18,0.51,,0,0.0,0.0,,0,0.0,0,0.0,0.0,,0,0.0,0,,,,0,,0.7836,0.0278867915559812
prebreak,002394,2016-11-30,S,S,A,C,S,S,A,12.3444,12.39,11.86,0.53,,0,0.0,0.0,,0,0.0,0,0.0,0.0,,0,0.0,0,,,,0,,1.752,0.1149500907441016
prebreak,600323,2016-12-01,S,S,A,C,S,S,A,12.5464,13.03,12.43,0.6,,0,0.0,0.0,,0,0.0,0,0.0,0.0,,0,0.0,0,,,,0,,1.0067,0.0350705047248598
prebreak,603030,2016-12-01,S,S,A,C,S,S,A,10.3725,11.02,10.45,0.57,,0,0.0,0.0,,0,0.0,0,0.0,0.0,,0,0.0,0,,,,0,,,
prebreak,603168,2016-12-05,S,S,A,C,S,S,A,22.8965,24.17,23.27,0.9,,0,0.0,0.0,,0,0.0,0,0.0,0.0,,0,0.0,0,,,,0,,,
prebreak,002763,2016-12-06,S,S,A,C,S,S,A,11.7923,12.75,12.25,0.5,,0,0.0,0.0,,0,0.0,0,0.0,0.0,,0,0.0,0,,,,0,,,
prebreak,300291,2016-12-06,S,S,A,C,S,S,A,22.0684,23.4,22.44,0.96,,0,0.0,0.0,,0,0.0,0,0.0,0.0,,0,0.0,0,,,,0,,,
prebreak,002394,2016-12-07,S,S,A,C,S,S,A,12.0443,12.39,11.86,0.53,,0,0.0,0.0,,0,0.0,0,0.0,0.0,,0,0.0,0,,,,0,,1.752,0.1149500907441016
prebreak,600660,2016-12-07,S,S,A,C,S,S,A,13.4418,13.55,12.99,0.56,,0,0.0,0.0,,0,0.0,0,0.0,0.0,,0,0.0,0,,,,0,,0.7688,0.0380657006420313
prebreak,000663,2016-12-09,S,S,A,C,S,S,A,15.26,14.6,13.89,0.71,,0,0.0,0.0,,0,0.0,0,0.0,0.0,,0,0.0,0,,,,0,,0.7498,0.0174216027874565
prebreak,600201,2016-12-09,S,S,A,C,S,S,A,16.9458,15.93,15.12,0.81,,0,0.0,0.0,,0,0.0,0,0.0,0.0,,0,0.0,0,,,,0,,0.8405,0.0108588054121554
prebreak,600830,2016-12-09,S,S,A,C,S,S,A,11.4485,11.52,10.92,0.6,,0,0.0,0.0,,0,0.0,0,0.0,0.0,,0,0.0,1,11.52,10.92,2017-01-16,1,-1.014,2.0296,0.0062496774905909
prebreak,603116,2016-12-09,S,S,A,C,S,S,A,11.6499,11.68,11.11,0.57,,0,0.0,0.0,,0,0.0,0,0.0,0.0,,0,0.0,0,,,,0,,1.1029,-0.0540683480473908
prebreak,000410,2016-12-13,S,S,A,C,S,S,A,13.62,14.96,14.38,0.58,,0,0.0,0.0,,0,0.0,0,0.0,0.0,,0,0.0,0,,,,0,,,
prebreak,002202,2016-12-13,S,S,A,C,S,S,A,10.3575,10.7,10.17,0.53,,0,0.0,0.0,,0,0.0,0,0.0,0.0,,0,0.0,0,,,,0,,3.5029,0.1718081929196266
prebreak,600156,2016-12-13,S,S,A,C,S,S,A,11.8535,11.92,11.33,0.59,,1,11.92,11.6639,2016-12-16,0,-0.4491,1,11.92,11.6639,2016-12-16,0,-0.4491,1,11.92,11.6639,2016-12-16,0,-0.4491,2.0169,-0.0110392737646068
prebreak,600501,2016-12-14,S,S,A,C,S,S,A,17.844,18.93,18.05,0.88,,0,0.0,0.0,,0,0.0,0,0.0,0.0,,0,0.0,1,18.93,18.93,2017-01-16,1,-0.0163,2.1172,0.0372077400993666
prebreak,300231,2016-12-15,S,S,A,C,S,S,A,13.3014,15.13,14.35,0.78,,0,0.0,0.0,,0,0.0,0,0.0,0.0,,0,0.0,0,,,,0,,2.3533,0.3483585293872042
prebreak,600030,2016-12-15,S,S,A,C,S,S,A,12.3238,12.97,12.38,0.59,,0,0.0,0.0,,0,0.0,0,0.0,0.0,,0,0.0,0,,,,0,,2.0022,0.046593269820506
prebreak,603099,2016-12-15,S,S,A,C,S,S,A,20.9737,20.8,19.87,0.93,,1,20.8,20.1453,2016-12-22,0,-0.7206,1,20.8,19.87,2016-12-26,1,-1.0164,1,20.8,19.87,2016-12-26,1,-1.0164,2.7141,0.0290164936100012
prebreak,002321,2016-12-16,S,S,A,C,S,S,A,10.2052,10.77,10.21,0.56,,1,10.77,10.7309,2016-12-23,0,-0.0844,1,10.77,10.7309,2016-12-23,0,-0.0844,1,10.77,10.7309,2016-12-23,0,-0.0844,7.061,-0.0082692395212305
prebreak,600201,2016-12-16,S,S,A,C,S,S,A,16.2825,16.43,15.64,0.79,,0,0.0,0.0,,0,0.0,0,0.0,0.0,,0,0.0,0,,,,0,,2.1995,0.0651712815348717
prebreak,603116,2016-12-16,S,S,A,C,S,S,A,11.2735,11.68,11.11,0.57,,0,0.0,0.0,,0,0.0,0,0.0,0.0,,0,0.0,0,,,,0,,,
prebreak,300188,2016-12-20,S,S,A,C,S,S,A,12.397,14.93,14.19,0.74,,0,0.0,0.0,,0,0.0,0,0.0,0.0,,0,0.0,0,,,,0,,2.2046,0.2273028429491874
prebreak,600156,2016-12-20,S,S,A,C,S,S,A,11.8435,12.06,11.53,0.53,,0,0.0,0.0,,0,0.0,0,0.0,0.0,,0,0.0,0,,,,0,,1.4167,0.0428782160727687
prebreak,600774,2016-12-20,S,S,A,C,S,S,A,16.0507,16.12,15.27,0.85,,0,0.0,0.0,,0,0.0,0,0.0,0.0,,0,0.0,0,,,,0,,0.7549,-0.0711280504041418
prebreak,002625,2016-12-21,S,S,A,C,S,S,A,22.6675,24.31,23.35,0.96,,0,0.0,0.0,,0,0.0,0,0.0,0.0,,0,0.0,0,,,,0,,12.2851,0.152022942216047
prebreak,300115,2016-12-21,S,S,A,C,S,S,A,19.8448,20.81,19.92,0.89,,0,0.0,0.0,,0,0.0,0,0.0,0.0,,0,0.0,0,,,,0,,1.3923,0.0486394551917832
prebreak,600615,2016-12-21,S,S,A,C,S,S,A,17.9424,17.44,16.54,0.9,,1,17.44,17.3679,2016-12-26,0,-0.0948,1,17.44,17.3679,2016-12-26,0,-0.0948,1,17.44,17.3679,2016-12-26,0,-0.0948,1.5847,-0.0239234544760431
prebreak,002187,2016-12-22,S,S,A,C,S,S,A,12.0398,11.95,11.37,0.58,,0,0.0,0.0,,0,0.0,0,0.0,0.0,,0,0.0,0,,,,0,,0.9086,0.0094128407385745
prebreak,002453,2016-12-22,S,S,A,C,S,S,A,10.06,10.09,9.56,0.53,,0,0.0,0.0,,0,0.0,0,0.0,0.0,,0,0.0,0,,,,0,,0.6559,-0.0136852394916912
prebreak,000550,2016-12-27,S,S,A,C,S,S,A,16.9424,17.45,16.58,0.87,,0,0.0,0.0,,0,0.0,0,0.0,0.0,,0,0.0,0,,,,0,,0.9283,-0.0999154879131345
prebreak,002117,2016-12-27,S,S,A,C,S,S,A,15.4635,15.58,14.76,0.82,,0,0.0,0.0,,0,0.0,0,0.0,0.0,,0,0.0,0,,,,0,,2.3684,0.1297787891829824
prebreak,002304,2016-12-27,S,S,A,C,S,S,A,50.2437,53.02,50.56,2.46,,0,0.0,0.0,,0,0.0,0,0.0,0.0,,0,0.0,0,,,,0,,4.1069,0.022521355083803
prebreak,002598,2016-12-27,S,S,A,C,S,S,A,12.0274,12.24,11.63,0.61,,1,12.24,12.2109,2017-01-04,0,-0.063,1,12.24,12.106,2017-01-11,0,-0.2347,1,12.24,11.63,2017-01-13,1,-1.0146,1.5238,0.0664664786651345
prebreak,600774,2016-12-27,S,S,A,C,S,S,A,16.6159,16.12,15.27,0.85,,1,16.12,17.1961,2017-01-04,0,1.2508,1,16.12,16.7741,2017-01-11,0,0.7547,1,16.12,16.12,2017-01-13,1,-0.0144,1.6545,0.0334261352266962
prebreak,600865,2016-12-27,S,S,A,C,S,S,A,12.4197,11.46,10.96,0.5,,0,0.0,0.0,,0,0.0,0,0.0,0.0,,0,0.0,0,,,,0,,0.6495,0.0157076652343488
prebreak,601798,2016-12-27,S,S,A,C,S,S,A,13.53,13.3,12.7,0.6,,0,0.0,0.0,,0,0.0,0,0.0,0.0,,0,0.0,0,,,,0,,0.7763,-0.0162721893491123
prebreak,600501,2016-12-28,S,S,A,C,S,S,A,18.3601,18.59,17.88,0.71,,1,18.59,20.9107,2017-01-05,0,3.2466,1,18.59,20.871,2017-01-12,0,3.1907,1,18.59,21.09,2017-01-10,1,3.499,2.1172,0.0185785466691614
prebreak,600615,2016-12-28,S,S,A,C,S,S,A,17.651,18.42,17.46,0.96,,0,0.0,0.0,,0,0.0,0,0.0,0.0,,0,0.0,0,,,,0,,1.0759,0.0416030131964708
prebreak,000403,2016-12-29,S,S,A,C,S,S,A,13.4812,14.42,13.76,0.66,,0,0.0,0.0,,0,0.0,0,0.0,0.0,,0,0.0,0,,,,0,,2.2818,0.1970297889916359
prebreak,002187,2016-12-29,S,S,A,C,S,S,A,11.914,11.95,11.37,0.58,,0,0.0,0.0,,0,0.0,0,0.0,0.0,,0,0.0,0,,,,0,,0.866,0.0144419438596916
prebreak,000828,2016-12-30,S,S,A,C,S,S,A,9.065,9.63,9.13,0.5,,0,0.0,0.0,,0,0.0,0,0.0,0.0,,0,0.0,0,,,,0,,1.9293,0.0539503795074911
prebreak,002008,2016-12-30,S,S,A,C,S,S,A,20.9525,21.18,20.25,0.93,,0,0.0,0.0,,0,0.0,0,0.0,0.0,,0,0.0,0,,,,0,,1.0035,-0.0080169678868003
prebreak,600201,2016-12-30,S,S,A,C,S,S,A,15.7539,15.98,15.24,0.74,,0,0.0,0.0,,0,0.0,0,0.0,0.0,,0,0.0,0,,,,0,,1.1742,-0.0164702516970822
prebreak,600444,2016-12-30,S,S,A,C,S,S,A,20.6705,21.03,20.01,1.02,,0,0.0,0.0,,0,0.0,0,0.0,0.0,,0,0.0,0,,,,0,,1.4376,0.0578437209539639
prebreak,600703,2016-12-30,S,S,A,C,S,S,A,12.5886,11.85,11.28,0.57,,1,11.85,12.9646,2017-01-09,0,1.9384,1,11.85,13.1808,2017-01-16,0,2.3176,1,11.85,14.356,2017-02-20,0,4.378,2.2511,-0.0036029130951571
prebreak,600605,2017-01-03,S,S,A,C,S,S,A,16.0024,16.09,15.23,0.86,,0,0.0,0.0,,0,0.0,0,0.0,0.0,,0,0.0,0,,,,0,,1.4952,0.0228610863266103
prebreak,000400,2017-01-04,S,S,A,C,S,S,A,17.3487,16.97,16.22,0.75,,0,0.0,0.0,,0,0.0,0,0.0,0.0,,0,0.0,0,,,,0,,1.0581,0.049557128951746
prebreak,000726,2017-01-04,S,S,A,C,S,S,A,9.8119,9.74,9.23,0.51,,0,0.0,0.0,,0,0.0,0,0.0,0.0,,0,0.0,0,,,,0,,1.0182,0.0169840614181371
prebreak,002024,2017-01-04,S,S,A,C,S,S,A,11.4465,11.64,11.05,0.59,,0,0.0,0.0,,0,0.0,0,0.0,0.0,,0,0.0,0,,,,0,,5.7451,0.0747576575199397
prebreak,002117,2017-01-04,S,S,A,C,S,S,A,14.722,15.58,14.76,0.82,,0,0.0,0.0,,0,0.0,0,0.0,0.0,,0,0.0,0,,,,0,,2.3684,0.1297787891829824
prebreak,002179,2017-01-04,S,S,A,C,S,S,A,11.5415,10.92,10.4,0.52,,1,10.92,11.5893,2017-01-11,0,1.2703,1,10.92,11.3922,2017-01-18,0,0.8915,1,10.92,10.92,2017-01-16,1,-0.016,2.0637,-0.0476889017972724
prebreak,300188,2017-01-04,S,S,A,C,S,S,A,12.8851,13.11,12.61,0.5,,0,0.0,0.0,,0,0.0,0,0.0,0.0,,0,0.0,0,,,,0,,2.8305,0.1006447840402811
prebreak,002566,2017-01-05,S,S,A,C,S,S,A,12.219,12.24,11.61,0.63,,0,0.0,0.0,,0,0.0,0,0.0,0.0,,0,0.0,0,,,,0,,0.8604,-0.0242508808816694
prebreak,600501,2017-01-05,S,S,A,C,S,S,A,20.9107,18.59,17.88,0.71,,1,18.59,20.871,2017-01-12,0,3.1907,1,18.59,19.4022,2017-01-19,0,1.1233,1,18.59,18.59,2017-01-16,1,-0.0199,2.8559,0.0570913923953657
prebreak,600615,2017-01-05,S,S,A,C,S,S,A,18.2255,18.42,17.46,0.96,,0,0.0,0.0,,0,0.0,0,0.0,0.0,,0,0.0,0,,,,0,,1.0759,0.0416030131964708
prebreak,000063,2017-01-09,S,S,A,C,S,S,A,13.7223,14.86,14.2,0.66,,0,0.0,0.0,,0,0.0,0,0.0,0.0,,0,0.0,0,,,,0,,10.9041,0.0872449120788647
prebreak,002008,2017-01-09,S,S,A,C,S,S,A,20.387,21.3,20.25,1.05,,0,0.0,0.0,,0,0.0,0,0.0,0.0,,0,0.0,1,21.3,23.7895,2017-03-07,0,2.354,2.3295,0.0229209594515249
prebreak,600444,2017-01-09,S,S,A,C,S,S,A,21.3139,21.03,20.01,1.02,,0,0.0,0.0,,0,0.0,0,0.0,0.0,,0,0.0,0,,,,0,,0.7297,0.0844151509115753
prebreak,600513,2017-01-09,S,S,A,C,S,S,A,11.8201,12.16,11.59,0.57,,0,0.0,0.0,,0,0.0,0,0.0,0.0,,0,0.0,0,,,,0,,3.0548,0.885902060444248
prebreak,600703,2017-01-09,S,S,A,C,S,S,A,12.9646,11.85,11.28,0.57,,0,0.0,0.0,,0,0.0,0,0.0,0.0,,0,0.0,0,,,,0,,0.5165,0.0197753357076264
prebreak,000998,2017-01-17,S,S,A,C,S,S,A,19.0841,21.16,20.24,0.92,,0,0.0,0.0,,0,0.0,0,0.0,0.0,,0,0.0,0,,,,0,,3.7123,0.1076618641472479
prebreak,600469,2017-01-17,S,S,A,C,S,S,A,9.9515,10.77,10.23,0.54,,0,0.0,0.0,,0,0.0,0,0.0,0.0,,0,0.0,0,,,,0,,,
prebreak,600605,2017-01-17,S,S,A,C,S,S,A,14.5959,16.47,15.7,0.77,,0,0.0,0.0,,0,0.0,0,0.0,0.0,,0,0.0,0,,,,0,,2.3879,0.7388989673320419
prebreak,002117,2017-01-18,S,S,A,C,S,S,A,12.8293,14.81,14.13,0.68,,0,0.0,0.0,,0,0.0,0,0.0,0.0,,0,0.0,0,,,,0,,2.8616,0.0819798276174774
prebreak,600718,2017-01-18,S,S,A,C,S,S,A,17.4461,19.12,18.16,0.96,,0,0.0,0.0,,0,0.0,0,0.0,0.0,,0,0.0,0,,,,0,,2.2723,0.0518311663658759
prebreak,600959,2017-01-18,S,S,A,C,S,S,A,9.9601,10.09,9.56,0.53,,0,0.0,0.0,,0,0.0,0,0.0,0.0,,0,0.0,0,,,,0,,0.5232,-0.0345939710100502
prebreak,601336,2017-01-18,S,S,A,C,S,S,A,34.4382,34.66,32.9,1.76,,0,0.0,0.0,,0,0.0,0,0.0,0.0,,0,0.0,0,,,,0,,0.639,0.0419700711455801
prebreak,000733,2017-01-20,S,S,A,C,S,S,A,16.5463,18.19,17.3,0.89,,0,0.0,0.0,,0,0.0,0,0.0,0.0,,0,0.0,0,,,,0,,3.6985,0.0621570758251712
prebreak,002453,2017-01-20,S,S,A,C,S,S,A,10.75,10.65,10.12,0.53,,0,0.0,0.0,,0,0.0,0,0.0,0.0,,0,0.0,0,,,,0,,0.8258,0.086734693877551
prebreak,000063,2017-01-23,S,S,A,C,S,S,A,13.6676,13.78,13.25,0.53,,0,0.0,0.0,,0,0.0,0,0.0,0.0,,0,0.0,0,,,,0,,0.9568,-0.0548277524655093
prebreak,300257,2017-01-24,S,S,A,C,S,S,A,18.2328,16.72,15.87,0.85,,0,0.0,0.0,,0,0.0,0,0.0,0.0,,0,0.0,0,,,,0,,1.3401,0.084374383042469
prebreak,600605,2017-01-24,S,S,A,C,S,S,A,15.3058,16.47,15.7,0.77,,0,0.0,0.0,,0,0.0,0,0.0,0.0,,0,0.0,0,,,,0,,2.3879,0.7388989673320419
prebreak,002739,2017-01-25,S,S,A,C,S,S,A,37.1992,37.99,36.08,1.91,,0,0.0,0.0,,0,0.0,0,0.0,0.0,,0,0.0,0,,,,0,,1.2616,0.0612855694938196
prebreak,000561,2017-01-26,S,S,A,C,S,S,A,13.0239,12.66,12.08,0.58,,0,0.0,0.0,,0,0.0,0,0.0,0.0,,0,0.0,0,,,,0,,0.7154,0.0424085306394788
prebreak,002453,2017-02-03,S,S,A,C,S,S,A,10.13,10.9,10.38,0.52,,1,10.9,10.94,2017-02-10,0,0.0609,1,10.9,10.95,2017-02-17,0,0.0802,1,10.9,10.38,2017-02-27,1,-1.0153,3.1816,0.0665362035225047
prebreak,300182,2017-02-03,S,S,A,C,S,S,A,9.8572,10.03,9.51,0.52,,0,0.0,0.0,,0,0.0,0,0.0,0.0,,0,0.0,0,,,,0,,0.7518,-0.0150352359062037
prebreak,000400,2017-02-08,S,S,A,C,S,S,A,16.6112,16.98,16.2,0.78,,1,16.98,17.0537,2017-02-15,0,0.0778,1,16.98,16.2,2017-02-17,1,-1.0159,1,16.98,16.2,2017-02-17,1,-1.0159,1.5542,-0.026937129130972
prebreak,000661,2017-02-08,S,S,A,C,S,S,A,51.116,51.39,49.67,1.72,,0,0.0,0.0,,0,0.0,0,0.0,0.0,,0,0.0,0,,,,0,,1.2264,0.0191856561193044
prebreak,600081,2017-02-08,S,S,A,C,S,S,A,13.9126,13.78,13.24,0.54,,0,0.0,0.0,,0,0.0,0,0.0,0.0,,0,0.0,0,,,,0,,0.7757,-0.0019589547676091
prebreak,300084,2017-02-09,S,S,A,C,S,S,A,12.015,12.27,11.68,0.59,,0,0.0,0.0,,0,0.0,0,0.0,0.0,,0,0.0,1,12.27,12.5012,2017-03-29,0,0.3758,1.6518,0.069809501474424
prebreak,600615,2017-02-09,S,S,A,C,S,S,A,16.5686,16.18,15.54,0.64,,0,0.0,0.0,,0,0.0,0,0.0,0.0,,0,0.0,0,,,,0,,0.6899,-0.115866302687713
prebreak,002188,2017-02-10,S,S,A,C,S,S,A,28.39,28.86,27.55,1.31,,0,0.0,0.0,,0,0.0,0,0.0,0.0,,0,0.0,1,28.86,28.19,2017-03-02,0,-0.5279,1.8301,0.0396253602305474
prebreak,002453,2017-02-10,S,S,A,C,S,S,A,10.94,10.9,10.38,0.52,,0,0.0,0.0,,0,0.0,0,0.0,0.0,,0,0.0,0,,,,0,,0.7929,0.0273327049952876
prebreak,000568,2017-02-13,S,S,A,C,S,S,A,28.931,27.37,26.22,1.15,,0,0.0,0.0,,0,0.0,0,0.0,0.0,,0,0.0,0,,,,0,,1.3752,-0.0071494406414114
prebreak,000333,2017-02-14,S,S,A,C,S,S,A,21.556,21.77,20.71,1.06,,0,0.0,0.0,,0,0.0,0,0.0,0.0,,0,0.0,0,,,,0,,1.059,0.0837288320116049
prebreak,002462,2017-02-14,S,S,A,C,S,S,A,31.8329,33.04,31.54,1.5,,0,0.0,0.0,,0,0.0,0,0.0,0.0,,0,0.0,0,,,,0,,2.4403,0.0708848135606932
prebreak,300243,2017-02-14,S,S,A,C,S,S,A,13.8034,13.01,12.41,0.6,,0,0.0,0.0,,0,0.0,0,0.0,0.0,,0,0.0,0,,,,0,,0.3963,-0.1594549013991161
prebreak,600526,2017-02-14,S,S,A,C,S,S,A,12.1232,12.06,11.48,0.58,,0,0.0,0.0,,0,0.0,0,0.0,0.0,,0,0.0,0,,,,0,,1.3186,-0.0091532675087661
prebreak,600967,2017-02-14,S,S,A,C,S,S,A,12.8807,13.12,12.42,0.7,,0,0.0,0.0,,0,0.0,0,0.0,0.0,,0,0.0,0,,,,0,,2.3108,0.0363476169983276
prebreak,000568,2017-02-20,S,S,A,C,S,S,A,31.017,27.37,26.22,1.15,,0,0.0,0.0,,0,0.0,0,0.0,0.0,,0,0.0,0,,,,0,,0.7518,0.0183386632704807
prebreak,002462,2017-02-21,S,S,A,C,S,S,A,31.1427,32.78,31.19,1.59,,0,0.0,0.0,,0,0.0,1,32.78,32.5315,2017-03-07,0,-0.1718,1,32.78,32.5315,2017-03-07,0,-0.1718,2.5469,0.0105488644168698
prebreak,300243,2017-02-21,S,S,A,C,S,S,A,13.5243,13.01,12.41,0.6,,0,0.0,0.0,,0,0.0,0,0.0,0.0,,0,0.0,0,,,,0,,1.1461,0.0159825168029177
prebreak,600526,2017-02-21,S,S,A,C,S,S,A,12.4415,12.54,11.9,0.64,,1,12.54,12.3257,2017-02-28,0,-0.3495,1,12.54,12.3257,2017-03-01,0,-0.3495,1,12.54,12.3257,2017-03-01,0,-0.3495,2.3456,0.0754488618463629
prebreak,600967,2017-02-21,S,S,A,C,S,S,A,12.5538,12.88,12.35,0.53,,0,0.0,0.0,,0,0.0,0,0.0,0.0,,0,0.0,0,,,,0,,0.7758,0.0089411248229185
prebreak,000400,2017-02-22,S,S,A,C,S,S,A,16.3807,17.24,16.49,0.75,,0,0.0,0.0,,0,0.0,0,0.0,0.0,,0,0.0,0,,,,0,,4.6134,0.0471517829067529
prebreak,600081,2017-02-22,S,S,A,C,S,S,A,14.1062,14.14,13.59,0.55,,0,0.0,0.0,,0,0.0,0,0.0,0.0,,0,0.0,0,,,,0,,1.4287,0.046798659983569
prebreak,002773,2017-02-23,S,S,A,C,S,S,A,33.4935,34.83,33.53,1.3,,0,0.0,0.0,,0,0.0,0,0.0,0.0,,0,0.0,0,,,,0,,1.945,0.0918958370582838
prebreak,300124,2017-02-23,S,S,A,C,S,S,A,13.6587,13.48,12.86,0.62,,0,0.0,0.0,,0,0.0,0,0.0,0.0,,0,0.0,0,,,,0,,0.9071,0.0815642789791197
prebreak,002167,2017-02-24,S,S,A,C,S,S,A,13.52,12.69,12.03,0.66,,0,0.0,0.0,,0,0.0,0,0.0,0.0,,0,0.0,0,,,,0,,1.1042,0.0127693535514765
prebreak,601238,2017-02-24,S,S,A,C,S,S,A,15.3279,15.47,14.66,0.81,,1,15.47,15.4673,2017-03-03,0,-0.0178,1,15.47,15.9037,2017-03-10,0,0.5206,1,15.47,15.48,2017-04-14,1,-0.0022,2.0002,0.081085967367438
prebreak,000400,2017-03-01,S,S,A,C,S,S,A,16.4453,16.83,16.25,0.58,,0,0.0,0.0,,0,0.0,0,0.0,0.0,,0,0.0,1,16.83,16.6296,2017-03-29,0,-0.3673,4.6134,0.0222485212482976
prebreak,600081,2017-03-01,S,S,A,C,S,S,A,13.9654,14.26,13.68,0.58,,0,0.0,0.0,,0,0.0,0,0.0,0.0,,0,0.0,0,,,,0,,5.3602,0.7014823010333098
prebreak,603355,2017-03-01,S,S,A,C,S,S,A,25.8238,25.92,24.79,1.13,,0,0.0,0.0,,0,0.0,0,0.0,0.0,,0,0.0,0,,,,0,,0.756,0.0600441544350023
prebreak,000977,2017-03-06,S,S,A,C,S,S,A,17.3676,17.72,16.99,0.73,,0,0.0,0.0,,0,0.0,0,0.0,0.0,,0,0.0,0,,,,0,,4.7473,0.2100424107612144
prebreak,600571,2017-03-06,S,S,A,C,S,S,A,17.092,17.31,16.52,0.79,,0,0.0,0.0,,0,0.0,0,0.0,0.0,,0,0.0,0,,,,0,,0.9518,0.0345661887674511
prebreak,600775,2017-03-06,S,S,A,C,S,S,A,14.6705,14.97,14.45,0.52,,0,0.0,0.0,,0,0.0,0,0.0,0.0,,0,0.0,0,,,,0,,1.4896,-0.001909284211202
prebreak,000333,2017-03-07,S,S,A,C,S,S,A,23.1855,22.8,21.83,0.97,,0,0.0,0.0,,0,0.0,0,0.0,0.0,,0,0.0,0,,,,0,,1.1049,0.086381810780294
prebreak,600668,2017-03-07,S,S,A,C,S,S,A,12.5133,12.3,11.76,0.54,,0,0.0,0.0,,0,0.0,0,0.0,0.0,,0,0.0,0,,,,0,,0.4314,0.0269603405419514
prebreak,000400,2017-03-08,S,S,A,C,S,S,A,16.4084,16.68,16.06,0.62,,0,0.0,0.0,,0,0.0,0,0.0,0.0,,0,0.0,1,16.68,16.6296,2017-03-29,0,-0.1016,4.6134,0.013137571861058
prebreak,002594,2017-03-08,S,S,A,C,S,S,A,16.2117,16.48,15.81,0.67,,0,0.0,0.0,,0,0.0,0,0.0,0.0,,0,0.0,0,,,,0,,5.134,0.0297119722820935
prebreak,601238,2017-03-10,S,S,A,C,S,S,A,15.9037,16.07,15.39,0.68,,0,0.0,0.0,,0,0.0,0,0.0,0.0,,0,0.0,0,,,,0,,0.8619,0.0831045165716892
prebreak,000917,2017-03-13,S,S,A,C,S,S,A,13.9993,14.27,13.66,0.61,,0,0.0,0.0,,0,0.0,0,0.0,0.0,,0,0.0,0,,,,0,,2.2725,0.5365339272337319
prebreak,000977,2017-03-13,S,S,A,C,S,S,A,17.2196,17.71,17.0,0.71,,0,0.0,0.0,,0,0.0,0,0.0,0.0,,0,0.0,0,,,,0,,4.7473,0.2093595425835841
prebreak,002009,2017-03-13,S,S,A,C,S,S,A,14.4439,14.65,14.1,0.55,,1,14.65,14.4439,2017-03-20,0,-0.3947,1,14.65,14.4536,2017-03-21,0,-0.3771,1,14.65,14.4536,2017-03-21,0,-0.3771,1.8349,0.0658777968695405
prebreak,600129,2017-03-13,S,S,A,C,S,S,A,17.2187,17.81,17.02,0.79,,0,0.0,0.0,,0,0.0,1,17.81,17.6713,2017-03-27,0,-0.1926,1,17.81,17.02,2017-03-30,1,-1.0165,2.3313,0.021768412413581
prebreak,600571,2017-03-13,S,S,A,C,S,S,A,16.9547,17.38,16.62,0.76,,0,0.0,0.0,,0,0.0,0,0.0,0.0,,0,0.0,0,,,,0,,15.5419,0.8153162435985359
prebreak,002023,2017-03-14,S,S,A,C,S,S,A,13.9556,14.45,13.82,0.63,,0,0.0,0.0,,0,0.0,0,0.0,0.0,,0,0.0,1,14.45,14.0146,2017-04-13,0,-0.7081,7.3349,0.0383493947013089
prebreak,000400,2017-03-15,S,S,A,C,S,S,A,15.8645,16.4,15.82,0.58,,0,0.0,0.0,,0,0.0,1,16.4,16.6296,2017-03-29,0,0.3742,1,16.4,16.4,2017-04-24,1,-0.0215,4.6134,-0.0038695336617895
prebreak,002353,2017-03-16,S,S,A,C,S,S,A,20.5537,20.7,19.63,1.07,,0,0.0,0.0,,0,0.0,0,0.0,0.0,,0,0.0,0,,,,0,,0.5186,0.0802943949897241
prebreak,600521,2017-03-16,S,S,A,C,S,S,A,15.3164,15.69,15.17,0.52,,0,0.0,0.0,,0,0.0,0,0.0,0.0,,0,0.0,0,,,,0,,1.1618,0.0673378270617308
prebreak,002079,2017-03-20,S,S,A,C,S,S,A,9.3588,9.41,8.91,0.5,,0,0.0,0.0,,0,0.0,0,0.0,0.0,,0,0.0,0,,,,0,,2.4064,0.2130198968716696
prebreak,000501,2017-03-21,S,S,A,C,S,S,A,14.9405,15.84,15.07,0.77,,0,0.0,0.0,,0,0.0,0,0.0,0.0,,0,0.0,0,,,,0,,2.2531,0.1921427464325293
prebreak,002023,2017-03-21,S,S,A,C,S,S,A,13.5429,14.0,13.45,0.55,,0,0.0,0.0,,0,0.0,0,0.0,0.0,,0,0.0,1,14.0,13.45,2017-04-18,1,-1.0187,3.2348,-0.0045319579281917
prebreak,603989,2017-03-22,S,S,A,C,S,S,A,24.101,24.73,23.43,1.3,,1,24.73,24.6531,2017-03-29,0,-0.0735,1,24.73,25.0523,2017-04-07,0,0.2333,1,24.73,23.43,2017-04-11,1,-1.0138,3.1151,0.0430850826288609
prebreak,002123,2017-03-23,S,S,A,C,S,S,A,15.042,15.58,14.79,0.79,,0,0.0,0.0,,0,0.0,0,0.0,0.0,,0,0.0,0,,,,0,,2.2908,0.4205926828370017
prebreak,000901,2017-03-27,S,S,A,C,S,S,A,19.2922,20.5,19.68,0.82,,0,0.0,0.0,,0,0.0,0,0.0,0.0,,0,0.0,0,,,,0,,4.292,0.608764009626739
prebreak,002456,2017-03-27,S,S,A,C,S,S,A,15.0334,14.72,14.07,0.65,,0,0.0,0.0,,0,0.0,0,0.0,0.0,,0,0.0,0,,,,0,,0.8066,0.1072900895727351
prebreak,002700,2017-03-27,S,S,A,C,S,S,A,12.6794,12.75,12.08,0.67,,1,12.75,12.8393,2017-04-05,0,0.1188,1,12.75,12.2656,2017-04-12,0,-0.737,1,12.75,12.08,2017-04-13,1,-1.0138,5.9858,0.0161185164293886
prebreak,600830,2017-03-27,S,S,A,C,S,S,A,11.3996,11.96,11.36,0.6,,0,0.0,0.0,,0,0.0,0,0.0,0.0,,0,0.0,0,,,,0,,3.0848,0.563079882005765
prebreak,000501,2017-03-28,S,S,A,C,S,S,A,14.8683,15.28,14.62,0.66,,0,0.0,0.0,,0,0.0,0,0.0,0.0,,0,0.0,0,,,,0,,2.1449,0.0989818209262074
prebreak,600967,2017-03-28,S,S,A,C,S,S,A,13.3048,13.06,12.46,0.6,,0,0.0,0.0,,0,0.0,0,0.0,0.0,,0,0.0,0,,,,0,,0.8778,0.0237497110188589
prebreak,002373,2017-03-31,S,S,A,C,S,S,A,12.7911,13.87,13.24,0.63,,1,13.87,14.5822,2017-04-11,0,1.113,1,13.87,13.6672,2017-04-18,0,-0.3385,1,13.87,13.87,2017-04-12,1,-0.0167,6.4222,-0.0227454726232347
prebreak,002581,2017-03-31,S,S,A,C,S,S,A,23.68,25.52,24.18,1.34,,1,25.52,25.4,2017-04-11,0,-0.104,1,25.52,25.25,2017-04-12,0,-0.2158,1,25.52,25.25,2017-04-12,0,-0.2158,2.2643,0.0868824531516183
prebreak,300285,2017-03-31,S,S,A,C,S,S,A,12.8167,12.93,12.32,0.61,,0,0.0,0.0,,0,0.0,0,0.0,0.0,,0,0.0,0,,,,0,,1.2435,0.0686395131250514
prebreak,600038,2017-03-31,S,S,A,C,S,S,A,46.9221,48.05,45.62,2.43,,0,0.0,0.0,,0,0.0,0,0.0,0.0,,0,0.0,0,,,,0,,1.3608,-0.0400847866452225
prebreak,002573,2017-04-05,S,S,A,C,S,S,A,17.5401,17.33,16.65,0.68,,1,17.33,18.5107,2017-04-12,0,1.7158,1,17.33,20.0583,2017-04-19,0,3.9904,1,17.33,20.33,2017-04-17,1,4.3896,1.6579,-0.0260587047273938
prebreak,002700,2017-04-05,S,S,A,C,S,S,A,12.8393,12.75,12.08,0.67,,0,0.0,0.0,,0,0.0,0,0.0,0.0,,0,0.0,0,,,,0,,0.7943,0.033157089113418
prebreak,600967,2017-04-06,S,S,A,C,S,S,A,13.7995,13.06,12.46,0.6,,1,13.06,14.6653,2017-04-13,0,2.6572,1,13.06,14.3914,2017-04-20,0,2.2011,1,13.06,13.06,2017-04-24,1,-0.0165,1.6756,0.035220296016269
prebreak,603011,2017-04-06,S,S,A,C,S,S,A,11.3327,10.97,10.42,0.55,,0,0.0,0.0,,0,0.0,0,0.0,0.0,,0,0.0,0,,,,0,,0.8555,0.030025991097883
prebreak,603306,2017-04-06,S,S,A,C,S,S,A,23.9626,24.5,23.39,1.11,,0,0.0,0.0,,0,0.0,0,0.0,0.0,,0,0.0,0,,,,0,,2.5976,0.119385639410293
prebreak,000028,2017-04-07,S,S,A,C,S,S,A,45.9588,45.56,43.64,1.92,,0,0.0,0.0,,0,0.0,0,0.0,0.0,,0,0.0,0,,,,0,,0.9214,0.0577810407593351
prebreak,000762,2017-04-07,S,S,A,C,S,S,A,17.9724,17.33,16.46,0.87,,0,0.0,0.0,,0,0.0,0,0.0,0.0,,0,0.0,0,,,,0,,1.2254,0.0045019626035771
prebreak,600150,2017-04-07,S,S,A,C,S,S,A,28.3083,27.59,26.25,1.34,,1,27.59,30.0963,2017-04-14,0,1.8535,1,27.59,27.2838,2017-04-21,0,-0.244,1,27.59,27.59,2017-04-19,1,-0.0156,2.5286,0.0184378243709122
prebreak,603001,2017-04-07,S,S,A,C,S,S,A,16.1521,16.46,15.68,0.78,,0,0.0,0.0,,0,0.0,0,0.0,0.0,,0,0.0,0,,,,0,,,
prebreak,603989,2017-04-07,S,S,A,C,S,S,A,25.0523,25.45,24.15,1.3,,0,0.0,0.0,,0,0.0,0,0.0,0.0,,0,0.0,1,25.45,25.4447,2017-05-04,0,-0.0189,2.7721,0.049599384937591
prebreak,002581,2017-04-11,S,S,A,C,S,S,A,25.4,25.52,24.18,1.34,,0,0.0,0.0,,0,0.0,0,0.0,0.0,,0,0.0,0,,,,0,,0.7483,0.0878090366581414
prebreak,300285,2017-04-11,S,S,A,C,S,S,A,13.3994,12.93,12.32,0.61,,0,0.0,0.0,,0,0.0,0,0.0,0.0,,0,0.0,0,,,,0,,1.2825,0.0156913279928494
prebreak,600038,2017-04-11,S,S,A,C,S,S,A,50.3005,47.92,45.42,2.5,,0,0.0,0.0,,0,0.0,0,0.0,0.0,,0,0.0,0,,,,0,,1.484,-0.030688116395903
prebreak,002296,2017-04-13,S,S,A,C,S,S,A,14.9194,15.15,14.53,0.62,,0,0.0,0.0,,0,0.0,0,0.0,0.0,,0,0.0,0,,,,0,,1.2212,0.0399970354093723
prebreak,600600,2017-04-13,S,S,A,C,S,S,A,27.4217,27.53,26.25,1.28,,0,0.0,0.0,,0,0.0,0,0.0,0.0,,0,0.0,0,,,,0,,0.8589,0.0125811294299436
prebreak,603011,2017-04-13,S,S,A,C,S,S,A,10.7175,10.97,10.42,0.55,,0,0.0,0.0,,0,0.0,0,0.0,0.0,,0,0.0,0,,,,0,,2.9471,0.0499252972736472
prebreak,603118,2017-04-13,S,S,A,C,S,S,A,13.8211,14.92,14.22,0.7,,0,0.0,0.0,,0,0.0,0,0.0,0.0,,0,0.0,0,,,,0,,1.0024,0.4221540587025483
prebreak,603306,2017-04-13,S,S,A,C,S,S,A,23.2497,24.4,23.28,1.12,,0,0.0,0.0,,0,0.0,0,0.0,0.0,,0,0.0,0,,,,0,,2.5976,0.1148167184331079
prebreak,000802,2017-04-19,S,S,A,C,S,S,A,16.0028,18.17,17.42,0.75,,0,0.0,0.0,,0,0.0,0,0.0,0.0,,0,0.0,0,,,,0,,10.1608,0.2630522109987787
prebreak,000917,2017-04-19,S,S,A,C,S,S,A,12.8684,14.13,13.5,0.63,,0,0.0,0.0,,0,0.0,0,0.0,0.0,,0,0.0,0,,,,0,,2.2725,0.5214593126708222
prebreak,002009,2017-04-19,S,S,A,C,S,S,A,12.3749,13.8,13.14,0.66,,0,0.0,0.0,,0,0.0,0,0.0,0.0,,0,0.0,0,,,,0,,2.0224,0.1181299507340727
prebreak,002176,2017-04-19,S,S,A,C,S,S,A,9.7273,11.5,10.94,0.56,,0,0.0,0.0,,0,0.0,0,0.0,0.0,,0,0.0,0,,,,0,,1.4402,0.280090497772081
prebreak,002210,2017-04-19,S,S,A,C,S,S,A,12.0084,12.66,12.01,0.65,,0,0.0,0.0,,0,0.0,0,0.0,0.0,,0,0.0,0,,,,0,,1.585,0.1059267456136567
prebreak,002544,2017-04-19,S,S,A,C,S,S,A,22.0946,26.32,24.93,1.39,,0,0.0,0.0,,0,0.0,0,0.0,0.0,,0,0.0,0,,,,0,,1.4011,0.6495402671376322
prebreak,002603,2017-04-19,S,S,A,C,S,S,A,10.5267,11.23,10.72,0.51,,0,0.0,0.0,,0,0.0,0,0.0,0.0,,0,0.0,0,,,,0,,3.509,0.6058080262706518
prebreak,002705,2017-04-19,S,S,A,C,S,S,A,11.4607,11.52,11.01,0.51,,0,0.0,0.0,,0,0.0,0,0.0,0.0,,0,0.0,0,,,,0,,1.167,-0.0205618462435215
prebreak,300166,2017-04-19,S,S,A,C,S,S,A,11.8214,12.74,12.11,0.63,,0,0.0,0.0,,0,0.0,0,0.0,0.0,,0,0.0,0,,,,0,,2.0724,0.0363404359566945
prebreak,600775,2017-04-19,S,S,A,C,S,S,A,14.2941,15.14,14.4,0.74,,0,0.0,0.0,,0,0.0,0,0.0,0.0,,0,0.0,0,,,,0,,2.4603,0.3327730210501676
prebreak,603968,2017-04-19,S,S,A,C,S,S,A,18.8255,19.19,18.42,0.77,,1,19.19,19.1725,2017-04-24,0,-0.0416,1,19.19,19.1725,2017-04-24,0,-0.0416,1,19.19,19.1725,2017-04-24,0,-0.0416,2.3755,-0.0263243008336322
prebreak,000988,2017-04-20,S,S,A,C,S,S,A,14.3743,15.27,14.56,0.71,,0,0.0,0.0,,0,0.0,0,0.0,0.0,,0,0.0,0,,,,0,,2.0625,0.0414270187185685
prebreak,002275,2017-04-20,S,S,A,C,S,S,A,14.5238,13.7,13.14,0.56,,1,13.7,13.14,2017-04-27,1,-1.018,1,13.7,13.14,2017-04-27,1,-1.018,1,13.7,13.14,2017-04-27,1,-1.018,5.1626,0.0004185919336325
prebreak,002276,2017-04-20,S,S,A,C,S,S,A,13.1804,13.47,12.82,0.65,,0,0.0,0.0,,0,0.0,0,0.0,0.0,,0,0.0,0,,,,0,,4.2124,0.366169323675614
prebreak,600562,2017-04-20,S,S,A,C,S,S,A,21.6906,24.13,22.99,1.14,,0,0.0,0.0,,0,0.0,0,0.0,0.0,,0,0.0,0,,,,0,,3.7944,0.3168446899454391
prebreak,603306,2017-04-20,S,S,A,C,S,S,A,23.781,24.4,23.28,1.12,,0,0.0,0.0,,0,0.0,0,0.0,0.0,,0,0.0,0,,,,0,,2.5976,0.1148167184331079
prebreak,000544,2017-04-21,S,S,A,C,S,S,A,9.3992,10.3,9.8,0.5,,0,0.0,0.0,,0,0.0,0,0.0,0.0,,0,0.0,0,,,,0,,2.8497,0.0617479955294646
prebreak,000762,2017-04-21,S,S,A,C,S,S,A,15.5397,17.33,16.46,0.87,,0,0.0,0.0,,0,0.0,0,0.0,0.0,,0,0.0,0,,,,0,,1.8099,0.2041798375227466
prebreak,002106,2017-04-21,S,S,A,C,S,S,A,9.761,11.44,10.86,0.58,,0,0.0,0.0,,0,0.0,0,0.0,0.0,,0,0.0,0,,,,0,,1.2689,0.2144572897569374
prebreak,002189,2017-04-21,S,S,A,C,S,S,A,18.7254,22.63,21.57,1.06,,0,0.0,0.0,,0,0.0,0,0.0,0.0,,0,0.0,0,,,,0,,2.0025,1.0610152672933286
prebreak,002382,2017-04-21,S,S,A,C,S,S,A,11.8449,11.58,10.99,0.59,,0,0.0,0.0,,0,0.0,0,0.0,0.0,,0,0.0,0,,,,0,,0.7771,-0.0017523514217073
prebreak,600557,2017-04-21,S,S,A,C,S,S,A,16.5476,16.72,16.08,0.64,,0,0.0,0.0,,0,0.0,0,0.0,0.0,,0,0.0,0,,,,0,,2.8111,0.1462561806880773
prebreak,000014,2017-04-25,S,S,A,C,S,S,A,13.4323,15.04,14.31,0.73,,0,0.0,0.0,,0,0.0,0,0.0,0.0,,0,0.0,0,,,,0,,3.1146,0.3330743960492199
prebreak,000403,2017-04-25,S,S,A,C,S,S,A,13.1349,13.38,12.7,0.68,,0,0.0,0.0,,0,0.0,0,0.0,0.0,,0,0.0,0,,,,0,,1.5567,0.2223948105435544
prebreak,002048,2017-04-25,S,S,A,C,S,S,A,17.4085,16.83,16.05,0.78,,1,16.83,16.05,2017-04-27,1,-1.0158,1,16.83,16.05,2017-04-27,1,-1.0158,1,16.83,16.05,2017-04-27,1,-1.0158,2.0972,0.000996863474038
prebreak,002111,2017-04-25,S,S,A,C,S,S,A,11.6541,12.91,12.23,0.68,,0,0.0,0.0,,0,0.0,0,0.0,0.0,,0,0.0,0,,,,0,,2.2807,0.1678434302649072
prebreak,002423,2017-04-25,S,S,A,C,S,S,A,11.9274,12.79,12.23,0.56,,0,0.0,0.0,,0,0.0,0,0.0,0.0,,0,0.0,0,,,,0,,2.0363,0.1375477326428655
prebreak,002424,2017-04-25,S,S,A,C,S,S,A,15.8732,16.56,15.75,0.81,,0,0.0,0.0,,0,0.0,0,0.0,0.0,,0,0.0,1,16.56,17.8826,2017-06-23,1,1.6163,5.0193,0.0090421130606137
prebreak,600038,2017-04-25,S,S,A,C,S,S,A,43.844,47.92,45.42,2.5,,0,0.0,0.0,,0,0.0,0,0.0,0.0,,0,0.0,0,,,,0,,3.0079,0.1807701290807433
prebreak,600343,2017-04-25,S,S,A,C,S,S,A,19.6801,21.92,21.11,0.81,,0,0.0,0.0,,0,0.0,0,0.0,0.0,,0,0.0,0,,,,0,,5.7122,0.4178525226390686
prebreak,600372,2017-04-25,S,S,A,C,S,S,A,17.8652,18.75,17.94,0.81,,0,0.0,0.0,,0,0.0,0,0.0,0.0,,0,0.0,0,,,,0,,1.5906,0.1692636832224729
prebreak,600783,2017-04-25,S,S,A,C,S,S,A,18.6086,21.4,20.32,1.08,,0,0.0,0.0,,0,0.0,0,0.0,0.0,,0,0.0,0,,,,0,,4.6981,1.5866159654356164
prebreak,000777,2017-04-26,S,S,A,C,S,S,A,20.1609,23.44,22.32,1.12,,0,0.0,0.0,,0,0.0,0,0.0,0.0,,0,0.0,0,,,,0,,3.5731,0.3179488503866396
prebreak,000917,2017-04-26,S,S,A,C,S,S,A,12.03,14.13,13.5,0.63,,0,0.0,0.0,,0,0.0,0,0.0,0.0,,0,0.0,0,,,,0,,2.2725,0.5214593126708222
prebreak,002156,2017-04-26,S,S,A,C,S,S,A,10.164,11.14,10.64,0.5,,0,0.0,0.0,,0,0.0,0,0.0,0.0,,0,0.0,0,,,,0,,6.5187,0.1783936555381335
prebreak,002210,2017-04-26,S,S,A,C,S,S,A,10.3471,12.66,12.01,0.65,,0,0.0,0.0,,0,0.0,0,0.0,0.0,,0,0.0,0,,,,0,,1.585,0.1059267456136567
prebreak,002603,2017-04-26,S,S,A,C,S,S,A,10.2418,11.23,10.72,0.51,,0,0.0,0.0,,0,0.0,0,0.0,0.0,,0,0.0,0,,,,0,,3.509,0.6058080262706518
prebreak,300166,2017-04-26,S,S,A,C,S,S,A,11.362,12.74,12.11,0.63,,0,0.0,0.0,,0,0.0,0,0.0,0.0,,0,0.0,0,,,,0,,2.0724,0.0363404359566945
prebreak,600129,2017-04-26,S,S,A,C,S,S,A,15.6779,16.16,15.38,0.78,,0,0.0,0.0,,0,0.0,0,0.0,0.0,,0,0.0,0,,,,0,,1.3756,0.1668197675865115
prebreak,600775,2017-04-26,S,S,A,C,S,S,A,12.7498,15.14,14.4,0.74,,0,0.0,0.0,,0,0.0,0,0.0,0.0,,0,0.0,0,,,,0,,2.4603,0.3327730210501676
prebreak,600897,2017-04-26,S,S,A,C,S,S,A,13.1801,13.92,13.28,0.64,,0,0.0,0.0,,0,0.0,0,0.0,0.0,,0,0.0,0,,,,0,,1.8637,0.0977819767105951
prebreak,603000,2017-04-26,S,S,A,C,S,S,A,13.6975,15.09,14.44,0.65,,0,0.0,0.0,,0,0.0,0,0.0,0.0,,0,0.0,0,,,,0,,0.3112,0.951139499285404
prebreak,603968,2017-04-26,S,S,A,C,S,S,A,18.8728,19.19,18.42,0.77,,0,0.0,0.0,,0,0.0,0,0.0,0.0,,0,0.0,0,,,,0,,1.4828,-0.0348212724249296
prebreak,000988,2017-04-27,S,S,A,C,S,S,A,14.0734,14.48,13.73,0.75,,1,14.48,14.1317,2017-05-05,0,-0.4788,1,14.48,14.1317,2017-05-05,0,-0.4788,1,14.48,14.1317,2017-05-05,0,-0.4788,1.7236,0.0026138366475221
prebreak,002275,2017-04-27,S,S,A,C,S,S,A,13.3006,13.7,13.14,0.56,,0,0.0,0.0,,0,0.0,0,0.0,0.0,,0,0.0,0,,,,0,,1.7623,0.2074652903780249
prebreak,002276,2017-04-27,S,S,A,C,S,S,A,11.3848,13.36,12.82,0.54,,0,0.0,0.0,,0,0.0,0,0.0,0.0,,0,0.0,0,,,,0,,3.3274,0.2324273628538908
prebreak,002518,2017-04-27,S,S,A,C,S,S,A,11.6209,13.77,13.18,0.59,,0,0.0,0.0,,0,0.0,0,0.0,0.0,,0,0.0,0,,,,0,,4.1824,0.1115571433477939
prebreak,600060,2017-04-27,S,S,A,C,S,S,A,13.677,14.67,13.91,0.76,,0,0.0,0.0,,0,0.0,0,0.0,0.0,,0,0.0,0,,,,0,,1.4291,0.4408672424130682
prebreak,600312,2017-04-27,S,S,A,C,S,S,A,13.1869,14.93,14.35,0.58,,0,0.0,0.0,,0,0.0,0,0.0,0.0,,0,0.0,0,,,,0,,1.5479,0.0983395575379102
prebreak,600526,2017-04-27,S,S,A,C,S,S,A,11.5831,12.05,11.52,0.53,,0,0.0,0.0,,0,0.0,0,0.0,0.0,,0,0.0,0,,,,0,,,
prebreak,600562,2017-04-27,S,S,A,C,S,S,A,21.33,24.13,22.99,1.14,,0,0.0,0.0,,0,0.0,0,0.0,0.0,,0,0.0,0,,,,0,,3.7944,0.3168446899454391
prebreak,600600,2017-04-27,S,S,A,C,S,S,A,26.8958,28.11,26.85,1.26,,0,0.0,0.0,,0,0.0,0,0.0,0.0,,0,0.0,1,28.11,27.6888,2017-05-31,0,-0.351,3.1977,0.0282315322436204
prebreak,600756,2017-04-27,S,S,A,C,S,S,A,19.2226,20.14,19.26,0.88,,0,0.0,0.0,,0,0.0,0,0.0,0.0,,0,0.0,1,20.14,20.14,2017-06-01,1,-0.0174,10.5241,0.016713732116151
prebreak,603306,2017-04-27,S,S,A,C,S,S,A,24.0029,24.32,23.02,1.3,,0,0.0,0.0,,0,0.0,0,0.0,0.0,,0,0.0,0,,,,0,,2.5976,0.1111615816513602
prebreak,000026,2017-04-28,S,S,A,C,S,S,A,10.2738,11.74,11.14,0.6,,0,0.0,0.0,,0,0.0,0,0.0,0.0,,0,0.0,0,,,,0,,3.7059,0.5780057662394738
prebreak,000400,2017-04-28,S,S,A,C,S,S,A,16.5928,17.44,16.57,0.87,,0,0.0,0.0,,0,0.0,0,0.0,0.0,,0,0.0,0,,,,0,,1.2258,0.4045256858971069
prebreak,002382,2017-04-28,S,S,A,C,S,S,A,12.1546,11.58,10.99,0.59,,0,0.0,0.0,,0,0.0,0,0.0,0.0,,0,0.0,0,,,,0,,0.8454,0.0737593160933589
prebreak,600138,2017-04-28,S,S,A,C,S,S,A,19.489,20.81,19.78,1.03,,0,0.0,0.0,,0,0.0,0,0.0,0.0,,0,0.0,0,,,,0,,5.0473,0.0621217994080611
prebreak,600557,2017-04-28,S,S,A,C,S,S,A,15.9031,16.53,15.73,0.8,,0,0.0,0.0,,0,0.0,0,0.0,0.0,,0,0.0,0,,,,0,,2.8111,0.1332305422711674
prebreak,600706,2017-04-28,S,S,A,C,S,S,A,16.4002,16.21,15.41,0.8,,1,16.21,15.8949,2017-05-08,0,-0.409,1,16.21,15.41,2017-05-09,1,-1.0148,1,16.21,15.41,2017-05-09,1,-1.0148,3.588,-0.047207164016035
prebreak,002268,2017-05-02,S,S,A,C,S,S,A,19.0353,19.55,18.65,0.9,,0,0.0,0.0,,0,0.0,1,19.55,19.409,2017-05-16,0,-0.1731,1,19.55,19.0475,2017-05-17,0,-0.5744,13.2867,-0.0312651921114971
prebreak,002643,2017-05-02,S,S,A,C,S,S,A,12.6146,11.97,11.44,0.53,,0,0.0,0.0,,0,0.0,0,0.0,0.0,,0,0.0,0,,,,0,,0.9253,0.0024557171241428
prebreak,300001,2017-05-02,S,S,A,C,S,S,A,16.1158,16.52,15.77,0.75,,1,16.52,15.9117,2017-05-08,0,-0.8273,1,16.52,15.9117,2017-05-08,0,-0.8273,1,16.52,15.9117,2017-05-08,0,-0.8273,1.5089,0.0116555579087218
prebreak,600391,2017-05-02,S,S,A,C,S,S,A,32.9647,36.7,35.27,1.43,,0,0.0,0.0,,0,0.0,0,0.0,0.0,,0,0.0,0,,,,0,,2.8623,0.3704256908140404
prebreak,600612,2017-05-02,S,S,A,C,S,S,A,31.6722,30.37,28.75,1.62,,0,0.0,0.0,,0,0.0,0,0.0,0.0,,0,0.0,0,,,,0,,0.5337,0.0336397952007943
prebreak,600765,2017-05-02,S,S,A,C,S,S,A,11.347,10.73,10.18,0.55,,0,0.0,0.0,,0,0.0,0,0.0,0.0,,0,0.0,0,,,,0,,0.9954,0.0301833732984746
prebreak,002048,2017-05-03,S,S,A,C,S,S,A,16.3268,17.44,16.59,0.85,,0,0.0,0.0,,0,0.0,0,0.0,0.0,,0,0.0,0,,,,0,,2.0555,0.2322848546336655
prebreak,002223,2017-05-03,S,S,A,C,S,S,A,19.4801,19.47,18.43,1.04,,0,0.0,0.0,,0,0.0,0,0.0,0.0,,0,0.0,0,,,,0,,0.6815,0.0387999632991757
prebreak,600038,2017-05-03,S,S,A,C,S,S,A,44.698,44.83,42.5,2.33,,0,0.0,0.0,,0,0.0,0,0.0,0.0,,0,0.0,0,,,,0,,1.3167,0.0763586009834207
prebreak,600372,2017-05-03,S,S,A,C,S,S,A,17.5154,18.33,17.54,0.79,,0,0.0,0.0,,0,0.0,0,0.0,0.0,,0,0.0,0,,,,0,,0.9458,0.1803539154051014
prebreak,600697,2017-05-03,S,S,A,C,S,S,A,24.0636,24.62,23.46,1.16,,0,0.0,0.0,,0,0.0,0,0.0,0.0,,0,0.0,0,,,,0,,,
prebreak,600754,2017-05-03,S,S,A,C,S,S,A,21.7108,24.4,23.34,1.06,,0,0.0,0.0,,0,0.0,0,0.0,0.0,,0,0.0,0,,,,0,,2.9816,0.1387656084980126
prebreak,000901,2017-05-04,S,S,A,C,S,S,A,17.3448,17.91,17.02,0.89,,0,0.0,0.0,,0,0.0,0,0.0,0.0,,0,0.0,0,,,,0,,1.0032,0.4569315229359107
prebreak,002210,2017-05-04,S,S,A,C,S,S,A,10.4928,12.66,12.01,0.65,,0,0.0,0.0,,0,0.0,0,0.0,0.0,,0,0.0,0,,,,0,,1.585,0.1059267456136567
prebreak,002544,2017-05-04,S,S,A,C,S,S,A,23.0225,26.32,24.93,1.39,,0,0.0,0.0,,0,0.0,0,0.0,0.0,,0,0.0,0,,,,0,,1.4011,0.6495402671376322
prebreak,002603,2017-05-04,S,S,A,C,S,S,A,10.2418,10.58,10.05,0.53,,0,0.0,0.0,,0,0.0,0,0.0,0.0,,0,0.0,0,,,,0,,2.3627,0.0664620718488371
prebreak,600292,2017-05-04,S,S,A,C,S,S,A,12.1502,11.86,11.25,0.61,,1,11.86,11.25,2017-05-08,1,-1.0141,1,11.86,11.25,2017-05-08,1,-1.0141,1,11.86,11.25,2017-05-08,1,-1.0141,2.9961,0.0548336139520833
prebreak,600897,2017-05-04,S,S,A,C,S,S,A,13.2845,13.48,12.94,0.54,,0,0.0,0.0,,0,0.0,0,0.0,0.0,,0,0.0,1,13.48,13.79,2017-07-14,1,0.5547,1.5094,0.0122084119978309
prebreak,601689,2017-05-04,S,S,A,C,S,S,A,13.8693,15.26,14.51,0.75,,0,0.0,0.0,,0,0.0,0,0.0,0.0,,0,0.0,0,,,,0,,3.138,0.1224165506034289
prebreak,603000,2017-05-04,S,S,A,C,S,S,A,13.4556,14.03,13.35,0.68,,0,0.0,0.0,,0,0.0,0,0.0,0.0,,0,0.0,0,,,,0,,2.4913,0.113538255889124
prebreak,603968,2017-05-04,S,S,A,C,S,S,A,19.0227,19.19,18.42,0.77,,0,0.0,0.0,,0,0.0,0,0.0,0.0,,0,0.0,0,,,,0,,2.388,0.0597628803325436
prebreak,000669,2017-05-09,S,S,A,C,S,S,A,10.8668,11.93,11.34,0.59,,0,0.0,0.0,,0,0.0,1,11.93,11.34,2017-05-19,1,-1.0147,1,11.93,11.34,2017-05-19,1,-1.0147,1.6559,0.038133849708414
prebreak,000826,2017-05-09,S,S,A,C,S,S,A,23.4848,26.22,25.1,1.12,,0,0.0,0.0,,0,0.0,0,0.0,0.0,,0,0.0,0,,,,0,,2.4443,0.0742883394476363
prebreak,002643,2017-05-09,S,S,A,C,S,S,A,13.2298,12.88,12.31,0.57,,1,12.88,13.7181,2017-05-16,0,1.4522,1,12.88,13.0814,2017-05-23,0,0.336,1,12.88,12.88,2017-06-01,1,-0.0172,2.3154,0.0654060440387993
prebreak,300124,2017-05-09,S,S,A,C,S,S,A,13.8766,15.0,14.31,0.69,,0,0.0,0.0,,0,0.0,0,0.0,0.0,,0,0.0,0,,,,0,,1.4376,0.0618991652992586
prebreak,300244,2017-05-09,S,S,A,C,S,S,A,26.1098,25.88,24.62,1.26,,0,0.0,0.0,,0,0.0,0,0.0,0.0,,0,0.0,0,,,,0,,1.0099,-0.026765216775599
prebreak,300267,2017-05-09,S,S,A,C,S,S,A,11.1082,12.98,12.38,0.6,,0,0.0,0.0,,0,0.0,0,0.0,0.0,,0,0.0,0,,,,0,,,
prebreak,000733,2017-05-11,S,S,A,C,S,S,A,14.7805,15.06,14.41,0.65,,0,0.0,0.0,,0,0.0,0,0.0,0.0,,0,0.0,0,,,,0,,0.8684,0.011876962915764
prebreak,002074,2017-05-11,S,S,A,C,S,S,A,23.7582,27.0,25.74,1.26,,0,0.0,0.0,,0,0.0,0,0.0,0.0,,0,0.0,0,,,,0,,1.4798,0.1663358633840164
prebreak,002142,2017-05-11,S,S,A,C,S,S,A,10.1557,10.41,9.89,0.52,,0,0.0,0.0,,0,0.0,0,0.0,0.0,,0,0.0,0,,,,0,,1.2081,0.0162278586792308
prebreak,002176,2017-05-11,S,S,A,C,S,S,A,9.0097,11.5,10.94,0.56,,0,0.0,0.0,,0,0.0,0,0.0,0.0,,0,0.0,0,,,,0,,1.4402,0.280090497772081
prebreak,002603,2017-05-11,S,S,A,C,S,S,A,10.0479,10.46,9.95,0.51,,0,0.0,0.0,,0,0.0,0,0.0,0.0,,0,0.0,0,,,,0,,2.1073,0.0428986679255207
prebreak,002690,2017-05-11,S,S,A,C,S,S,A,11.8327,11.97,11.35,0.62,,0,0.0,0.0,,0,0.0,0,0.0,0.0,,0,0.0,0,,,,0,,1.4295,0.0308456964820058
prebreak,600292,2017-05-11,S,S,A,C,S,S,A,10.0313,11.86,11.25,0.61,,0,0.0,0.0,,0,0.0,1,11.86,11.25,2017-05-23,1,-1.0141,1,11.86,11.25,2017-05-23,1,-1.0141,3.8337,0.0795777560691171
prebreak,601689,2017-05-11,S,S,A,C,S,S,A,13.6574,15.26,14.51,0.75,,0,0.0,0.0,,0,0.0,0,0.0,0.0,,0,0.0,0,,,,0,,3.138,0.1224165506034289
prebreak,603000,2017-05-11,S,S,A,C,S,S,A,12.5995,14.03,13.35,0.68,,0,0.0,0.0,,0,0.0,0,0.0,0.0,,0,0.0,0,,,,0,,2.4913,0.113538255889124
prebreak,603968,2017-05-11,S,S,A,C,S,S,A,18.0684,19.19,18.42,0.77,,0,0.0,0.0,,0,0.0,0,0.0,0.0,,0,0.0,0,,,,0,,2.388,0.0597628803325436
prebreak,000988,2017-05-12,S,S,A,C,S,S,A,12.8918,14.58,13.89,0.69,,0,0.0,0.0,,0,0.0,0,0.0,0.0,,0,0.0,0,,,,0,,2.4067,0.0938052734910546
prebreak,600004,2017-05-12,S,S,A,C,S,S,A,10.0425,10.41,9.9,0.51,,1,10.41,10.3355,2017-05-18,0,-0.1615,1,10.41,10.3355,2017-05-18,0,-0.1615,1,10.41,10.3355,2017-05-18,0,-0.1615,2.0213,0.0677516956246102
prebreak,600312,2017-05-12,S,S,A,C,S,S,A,12.1539,13.09,12.49,0.6,,0,0.0,0.0,,0,0.0,0,0.0,0.0,,0,0.0,0,,,,0,,1.9269,0.0839494795731961
prebreak,000400,2017-05-15,S,S,A,C,S,S,A,15.0902,17.44,16.57,0.87,,0,0.0,0.0,,0,0.0,0,0.0,0.0,,0,0.0,0,,,,0,,1.2258,0.4045256858971069
prebreak,002019,2017-05-15,S,S,A,C,S,S,A,14.0714,14.22,13.49,0.73,,0,0.0,0.0,,0,0.0,0,0.0,0.0,,0,0.0,0,,,,0,,0.8303,-0.0509733185135774
prebreak,000581,2017-05-16,S,S,A,C,S,S,A,13.6473,13.7,13.04,0.66,,0,0.0,0.0,,0,0.0,0,0.0,0.0,,0,0.0,0,,,,0,,0.558,-0.0500856639834035
prebreak,000669,2017-05-16,S,S,A,C,S,S,A,11.3923,11.93,11.34,0.59,,1,11.93,11.34,2017-05-19,1,-1.0147,1,11.93,11.34,2017-05-19,1,-1.0147,1,11.93,11.34,2017-05-19,1,-1.0147,1.6559,0.038133849708414
prebreak,000826,2017-05-16,S,S,A,C,S,S,A,23.2263,26.22,25.1,1.12,,0,0.0,0.0,,0,0.0,0,0.0,0.0,,0,0.0,0,,,,0,,2.4443,0.0742883394476363
prebreak,002643,2017-05-16,S,S,A,C,S,S,A,13.7181,12.88,12.31,0.57,,1,12.88,13.0814,2017-05-23,0,0.336,1,12.88,12.31,2017-06-01,1,-1.0165,1,12.88,12.88,2017-06-01,1,-0.0172,8.1863,0.090661498989675
prebreak,300124,2017-05-16,S,S,A,C,S,S,A,14.4618,15.0,14.31,0.69,,0,0.0,0.0,,0,0.0,0,0.0,0.0,,0,0.0,0,,,,0,,1.4376,0.0618991652992586
prebreak,300244,2017-05-16,S,S,A,C,S,S,A,26.6268,25.88,24.62,1.26,,0,0.0,0.0,,0,0.0,0,0.0,0.0,,0,0.0,0,,,,0,,0.7656,0.03170365598535
prebreak,600566,2017-05-16,S,S,A,C,S,S,A,22.662,22.73,21.58,1.15,,1,22.73,22.5726,2017-05-19,0,-0.1518,1,22.73,22.5726,2017-05-19,0,-0.1518,1,22.73,22.5726,2017-05-19,0,-0.1518,1.5083,0.0243720737367068
prebreak,002151,2017-05-17,S,S,A,C,S,S,A,27.913,31.06,29.56,1.5,,0,0.0,0.0,,0,0.0,0,0.0,0.0,,0,0.0,0,,,,0,,3.2426,0.0798970893118766
prebreak,002223,2017-05-17,S,S,A,C,S,S,A,18.8114,19.85,18.87,0.98,,0,0.0,0.0,,0,0.0,0,0.0,0.0,,0,0.0,1,19.85,20.1292,2017-06-09,0,0.2693,4.5234,0.0548921859284909
prebreak,002232,2017-05-17,S,S,A,C,S,S,A,13.6077,12.1,11.59,0.51,,1,12.1,13.5883,2017-05-24,0,2.8983,1,12.1,13.6756,2017-06-02,0,3.0694,1,12.1,12.1,2017-06-09,1,-0.018,3.4693,-0.0145716885461494
prebreak,002727,2017-05-17,S,S,A,C,S,S,A,15.2761,15.55,14.89,0.66,,0,0.0,0.0,,0,0.0,0,0.0,0.0,,0,0.0,0,,,,0,,1.1916,0.0314599312218544
prebreak,300463,2017-05-17,S,S,A,C,S,S,A,23.4441,21.64,20.51,1.13,,0,0.0,0.0,,0,0.0,0,0.0,0.0,,0,0.0,0,,,,0,,0.4596,0.0247265237715001
prebreak,600038,2017-05-17,S,S,A,C,S,S,A,42.8211,44.83,42.5,2.33,,0,0.0,0.0,,0,0.0,0,0.0,0.0,,0,0.0,0,,,,0,,1.3167,0.0763586009834207
prebreak,600584,2017-05-17,S,S,A,C,S,S,A,16.7835,17.71,16.98,0.73,,0,0.0,0.0,,0,0.0,0,0.0,0.0,,0,0.0,0,,,,0,,0.1301,0.1331099197785199
prebreak,603369,2017-05-19,S,S,A,C,S,S,A,10.4845,10.89,10.35,0.54,,0,0.0,0.0,,0,0.0,0,0.0,0.0,,0,0.0,1,10.89,12.148,2017-07-21,0,2.3129,2.471,0.0403703446272976
prebreak,002151,2017-05-24,S,S,A,C,S,S,A,26.8982,31.06,29.56,1.5,,0,0.0,0.0,,0,0.0,0,0.0,0.0,,0,0.0,0,,,,0,,3.2426,0.0798970893118766
prebreak,002232,2017-05-24,S,S,A,C,S,S,A,13.5883,12.1,11.59,0.51,,1,12.1,13.6756,2017-06-02,0,3.0694,1,12.1,12.987,2017-06-09,0,1.72,1,12.1,12.1,2017-06-09,1,-0.018,3.281,-0.0268703258185843
prebreak,002449,2017-05-24,S,S,A,C,S,S,A,10.4917,10.6,10.06,0.54,,0,0.0,0.0,,0,0.0,0,0.0,0.0,,0,0.0,0,,,,0,,0.78,0.0397867676410506
prebreak,600323,2017-05-24,S,S,A,C,S,S,A,11.6545,12.06,11.47,0.59,,0,0.0,0.0,,0,0.0,0,0.0,0.0,,0,0.0,0,,,,0,,1.4418,-0.0163403270671612
prebreak,600584,2017-05-24,S,S,A,C,S,S,A,15.2444,17.23,16.36,0.87,,0,0.0,0.0,,0,0.0,0,0.0,0.0,,0,0.0,0,,,,0,,1.4498,0.1565087580377131
prebreak,002142,2017-05-25,S,S,A,C,S,S,A,10.7017,10.49,9.95,0.54,,1,10.49,10.4434,2017-06-05,0,-0.1011,1,10.49,10.6958,2017-06-12,0,0.3661,1,10.49,11.5352,2017-06-28,0,1.9197,1.7061,0.0287538367638537
prebreak,002456,2017-05-25,S,S,A,C,S,S,A,15.6371,15.58,14.98,0.6,,0,0.0,0.0,,0,0.0,0,0.0,0.0,,0,0.0,0,,,,0,,1.0264,0.0135981369067226
prebreak,600332,2017-05-25,S,S,A,C,S,S,A,23.2022,23.05,21.89,1.16,,0,0.0,0.0,,0,0.0,0,0.0,0.0,,0,0.0,0,,,,0,,1.0976,0.0091131222109297
prebreak,601566,2017-05-25,S,S,A,C,S,S,A,11.1166,11.51,10.97,0.54,,0,0.0,0.0,,0,0.0,0,0.0,0.0,,0,0.0,0,,,,0,,1.975,0.2187348815585044
prebreak,600668,2017-05-26,S,S,A,C,S,S,A,11.5663,11.98,11.43,0.55,,0,0.0,0.0,,0,0.0,0,0.0,0.0,,0,0.0,0,,,,0,,1.6038,0.0685822346650117
prebreak,000400,2017-05-31,S,S,A,C,S,S,A,14.8874,15.39,14.64,0.75,,0,0.0,0.0,,0,0.0,0,0.0,0.0,,0,0.0,0,,,,0,,1.3003,0.0069500392856467
prebreak,002019,2017-05-31,S,S,A,C,S,S,A,13.4115,13.78,13.12,0.66,,1,13.78,13.8018,2017-06-07,0,0.0172,1,13.78,13.9784,2017-06-14,0,0.2846,1,13.78,14.2201,2017-07-17,0,0.6505,1.7279,-0.0245720190029826
prebreak,600109,2017-05-31,S,S,A,C,S,S,A,11.078,11.19,10.65,0.54,,0,0.0,0.0,,0,0.0,0,0.0,0.0,,0,0.0,0,,,,0,,1.3041,0.0387708640382604
prebreak,600750,2017-05-31,S,S,A,C,S,S,A,10.8402,11.1,10.57,0.53,,0,0.0,0.0,,0,0.0,0,0.0,0.0,,0,0.0,0,,,,0,,1.205,-0.0332412720550872
prebreak,600323,2017-06-02,S,S,A,C,S,S,A,12.1341,12.17,11.61,0.56,,0,0.0,0.0,,0,0.0,0,0.0,0.0,,0,0.0,0,,,,0,,1.4998,0.038983029413903
prebreak,002142,2017-06-05,S,S,A,C,S,S,A,10.4434,10.49,9.95,0.54,,0,0.0,0.0,,0,0.0,0,0.0,0.0,,0,0.0,0,,,,0,,0.7833,0.0745312173534662
prebreak,600332,2017-06-05,S,S,A,C,S,S,A,22.6207,23.37,22.31,1.06,,1,23.37,23.9393,2017-06-12,0,0.52,1,23.37,23.2841,2017-06-19,0,-0.0977,1,23.37,22.31,2017-07-17,1,-1.0161,2.0225,0.097495637488197
prebreak,000333,2017-06-06,S,S,A,C,S,S,A,27.4686,26.67,25.34,1.33,,0,0.0,0.0,,0,0.0,0,0.0,0.0,,0,0.0,0,,,,0,,1.2853,0.0642077118958135
prebreak,000988,2017-06-06,S,S,A,C,S,S,A,13.1837,14.58,13.89,0.69,,0,0.0,0.0,,0,0.0,0,0.0,0.0,,0,0.0,0,,,,0,,2.4067,0.0938052734910546
prebreak,000997,2017-06-06,S,S,A,C,S,S,A,16.8921,18.13,17.2,0.93,,0,0.0,0.0,,0,0.0,0,0.0,0.0,,0,0.0,0,,,,0,,1.0607,0.047509589087626
prebreak,600668,2017-06-06,S,S,A,C,S,S,A,11.3922,11.75,11.18,0.57,,0,0.0,0.0,,0,0.0,0,0.0,0.0,,0,0.0,0,,,,0,,1.424,0.0152753799591458
prebreak,000661,2017-06-07,S,S,A,C,S,S,A,53.7592,54.01,51.22,2.79,,0,0.0,0.0,,0,0.0,0,0.0,0.0,,0,0.0,0,,,,0,,0.9215,0.0734771641927192
prebreak,002019,2017-06-07,S,S,A,C,S,S,A,13.8018,13.78,13.18,0.6,,0,0.0,0.0,,0,0.0,0,0.0,0.0,,0,0.0,0,,,,0,,1.0453,-0.016809992629001
prebreak,002219,2017-06-07,S,S,A,C,S,S,A,12.13,12.24,11.6,0.64,,0,0.0,0.0,,0,0.0,0,0.0,0.0,,0,0.0,0,,,,0,,5.415,0.0174563591022445
prebreak,600037,2017-06-07,S,S,A,C,S,S,A,12.7243,12.79,12.24,0.55,,0,0.0,0.0,,0,0.0,0,0.0,0.0,,0,0.0,0,,,,0,,0.993,0.0295203038637259
prebreak,600138,2017-06-07,S,S,A,C,S,S,A,19.5368,19.08,18.14,0.94,,0,0.0,0.0,,0,0.0,0,0.0,0.0,,0,0.0,0,,,,0,,0.8268,0.0102290661342177
prebreak,000423,2017-06-08,S,S,A,C,S,S,A,53.8901,52.98,50.25,2.73,,0,0.0,0.0,,0,0.0,0,0.0,0.0,,0,0.0,0,,,,0,,1.1982,0.0831456164962016
prebreak,000581,2017-06-08,S,S,A,C,S,S,A,13.8532,13.6,12.94,0.66,,0,0.0,0.0,,0,0.0,0,0.0,0.0,,0,0.0,0,,,,0,,0.9565,0.0322518012735093
prebreak,002597,2017-06-08,S,S,A,C,S,S,A,16.3879,16.19,15.42,0.77,,1,16.19,17.1105,2017-06-15,0,1.1787,1,16.19,17.4178,2017-06-22,0,1.5776,1,16.19,19.8183,2017-10-26,1,4.6931,1.6509,0.0296752598689213
prebreak,300124,2017-06-08,S,S,A,C,S,S,A,14.7699,14.59,13.85,0.74,,0,0.0,0.0,,0,0.0,0,0.0,0.0,,0,0.0,0,,,,0,,0.942,0.0716007900159738
prebreak,600498,2017-06-08,S,S,A,C,S,S,A,21.173,20.63,19.56,1.07,,1,20.63,21.9998,2017-06-15,0,1.2647,1,20.63,21.9355,2017-06-22,0,1.2046,1,20.63,21.5,2017-07-17,1,0.7979,1.8633,0.0208553541213616
prebreak,600729,2017-06-08,S,S,A,C,S,S,A,15.5265,15.74,14.99,0.75,,1,15.74,15.4786,2017-06-15,0,-0.3643,1,15.74,15.4786,2017-06-15,0,-0.3643,1,15.74,15.4786,2017-06-15,0,-0.3643,1.7415,0.0220245961013012
prebreak,002044,2017-06-09,S,S,A,C,S,S,A,10.9031,10.26,9.71,0.55,,0,0.0,0.0,,0,0.0,0,0.0,0.0,,0,0.0,0,,,,0,,0.962,0.0344087351338779
prebreak,603589,2017-06-09,S,S,A,C,S,S,A,28.3982,28.17,27.09,1.08,,1,28.17,28.3129,2017-06-14,0,0.1124,1,28.17,28.3129,2017-06-14,0,0.1124,1,28.17,28.3129,2017-06-14,0,0.1124,2.1461,0.0898816958575705
prebreak,000988,2017-06-13,S,S,A,C,S,S,A,13.495,13.69,13.09,0.6,,0,0.0,0.0,,0,0.0,0,0.0,0.0,,0,0.0,0,,,,0,,1.3174,0.0338282110158036
prebreak,000998,2017-06-13,S,S,A,C,S,S,A,20.8417,21.14,20.13,1.01,,0,0.0,0.0,,0,0.0,0,0.0,0.0,,0,0.0,1,21.14,21.14,2017-07-17,1,-0.0159,4.1978,0.0506239070939642
prebreak,600335,2017-06-13,S,S,A,C,S,S,A,9.7998,10.61,10.07,0.54,,1,10.61,10.3603,2017-06-20,0,-0.477,1,10.61,10.703,2017-06-27,0,0.1572,1,10.61,10.07,2017-07-12,1,-1.0143,1.6698,0.0807385217517604
prebreak,000400,2017-06-14,S,S,A,C,S,S,A,15.3667,15.39,14.64,0.75,,0,0.0,0.0,,0,0.0,0,0.0,0.0,,0,0.0,0,,,,0,,0.7909,-0.0056443328555078
prebreak,002024,2017-06-14,S,S,A,C,S,S,A,10.8499,10.36,9.81,0.55,,0,0.0,0.0,,0,0.0,0,0.0,0.0,,0,0.0,0,,,,0,,1.0969,0.0249438815902729
prebreak,002179,2017-06-14,S,S,A,C,S,S,A,11.8102,11.48,10.94,0.54,,0,0.0,0.0,,0,0.0,0,0.0,0.0,,0,0.0,0,,,,0,,1.0412,0.026160265009014
prebreak,002376,2017-06-14,S,S,A,C,S,S,A,10.5665,10.77,10.24,0.53,,0,0.0,0.0,,0,0.0,0,0.0,0.0,,0,0.0,0,,,,0,,0.8027,0.0304267555567161
prebreak,600037,2017-06-14,S,S,A,C,S,S,A,12.8678,13.05,12.55,0.5,,0,0.0,0.0,,0,0.0,0,0.0,0.0,,0,0.0,0,,,,0,,0.7591,0.0136036079320986
prebreak,603355,2017-06-14,S,S,A,C,S,S,A,29.8259,31.55,30.09,1.46,,0,0.0,0.0,,0,0.0,0,0.0,0.0,,0,0.0,0,,,,0,,1.1171,0.0919539936606259
prebreak,000423,2017-06-15,S,S,A,C,S,S,A,53.9602,52.98,50.25,2.73,,0,0.0,0.0,,0,0.0,0,0.0,0.0,,0,0.0,0,,,,0,,0.7278,0.026275569039853
prebreak,000581,2017-06-15,S,S,A,C,S,S,A,13.9501,14.34,13.73,0.61,,1,14.34,14.4526,2017-06-22,0,0.1667,1,14.34,15.8573,2017-06-29,0,2.468,1,14.34,16.063,2017-07-19,0,2.8049,2.1669,0.0964808022416388
prebreak,002262,2017-06-15,S,S,A,C,S,S,A,12.9493,12.44,11.88,0.56,,0,0.0,0.0,,0,0.0,0,0.0,0.0,,0,0.0,0,,,,0,,0.8218,0.0309981593109225
prebreak,002570,2017-06-15,S,S,A,C,S,S,A,13.66,14.21,13.54,0.67,,0,0.0,0.0,,0,0.0,0,0.0,0.0,,0,0.0,0,,,,0,,,
prebreak,300476,2017-06-15,S,S,A,C,S,S,A,10.9044,11.6,11.03,0.57,,0,0.0,0.0,,0,0.0,0,0.0,0.0,,0,0.0,0,,,,0,,1.3935,-0.0098294209132223
prebreak,600066,2017-06-15,S,S,A,C,S,S,A,12.8323,12.28,11.71,0.57,,0,0.0,0.0,,0,0.0,0,0.0,0.0,,0,0.0,0,,,,0,,0.7798,0.0735822763260727
prebreak,600729,2017-06-15,S,S,A,C,S,S,A,15.4786,15.98,15.22,0.76,,0,0.0,0.0,,0,0.0,1,15.98,16.2325,2017-06-29,0,0.316,1,15.98,15.99,2017-07-12,1,-0.0028,1.8335,0.101816626713296
prebreak,002048,2017-06-16,S,S,A,C,S,S,A,15.1771,15.66,14.93,0.73,,0,0.0,0.0,,0,0.0,0,0.0,0.0,,0,0.0,0,,,,0,,1.2264,0.006599574364045
prebreak,300285,2017-06-16,S,S,A,C,S,S,A,12.2637,12.15,11.59,0.56,,0,0.0,0.0,,0,0.0,0,0.0,0.0,,0,0.0,0,,,,0,,0.5894,-0.0257320607713943
prebreak,600062,2017-06-16,S,S,A,C,S,S,A,15.1049,14.85,14.14,0.71,,0,0.0,0.0,,0,0.0,0,0.0,0.0,,0,0.0,0,,,,0,,0.6584,0.0243315029473218
prebreak,600420,2017-06-16,S,S,A,C,S,S,A,13.7298,14.16,13.55,0.61,,0,0.0,0.0,,0,0.0,0,0.0,0.0,,0,0.0,1,14.16,13.55,2017-07-14,1,-1.017,1.7512,-0.0143319288320684
prebreak,600584,2017-06-16,S,S,A,C,S,S,A,15.7271,15.61,14.84,0.77,,0,0.0,0.0,,0,0.0,0,0.0,0.0,,0,0.0,0,,,,0,,0.6646,-0.0567806162642616
prebreak,002138,2017-06-19,S,S,A,C,S,S,A,16.1784,16.16,15.32,0.84,,0,0.0,0.0,,0,0.0,0,0.0,0.0,,0,0.0,0,,,,0,,0.807,-0.0271827516303356
prebreak,002142,2017-06-19,S,S,A,C,S,S,A,10.3964,10.79,10.28,0.51,,1,10.79,10.8073,2017-06-26,0,0.0179,1,10.79,11.3591,2017-07-03,0,1.0992,1,10.79,13.4465,2017-10-27,1,5.1895,1.8338,0.0082554407280031
prebreak,002690,2017-06-19,S,S,A,C,S,S,A,11.6377,11.8,11.23,0.57,,0,0.0,0.0,,0,0.0,0,0.0,0.0,,0,0.0,0,,,,0,,3.4213,0.0938216797886162
prebreak,600085,2017-06-19,S,S,A,C,S,S,A,28.7273,29.67,28.51,1.16,,1,29.67,30.7456,2017-06-26,0,0.9072,1,29.67,30.1689,2017-07-03,0,0.4104,1,29.67,29.67,2017-07-06,1,-0.0194,1.8956,0.0632111019699921
prebreak,600332,2017-06-19,S,S,A,C,S,S,A,23.2841,24.2,22.95,1.25,,0,0.0,0.0,,0,0.0,0,0.0,0.0,,0,0.0,0,,,,0,,2.7429,0.0567723709291982
prebreak,600637,2017-06-19,S,S,A,C,S,S,A,12.9418,12.36,11.86,0.5,,0,0.0,0.0,,0,0.0,0,0.0,0.0,,0,0.0,0,,,,0,,0.9253,-0.0280599565288427
prebreak,000997,2017-06-20,S,S,A,C,S,S,A,17.706,17.88,16.96,0.92,,0,0.0,0.0,,0,0.0,0,0.0,0.0,,0,0.0,0,,,,0,,0.8415,-0.0028501853713147
prebreak,002583,2017-06-20,S,S,A,C,S,S,A,14.8976,15.14,14.63,0.51,,1,15.14,15.482,2017-06-27,0,0.6476,1,15.14,16.1357,2017-07-04,0,1.9286,1,15.14,15.14,2017-06-29,1,-0.0226,2.0241,0.0317225993260543
prebreak,000400,2017-06-21,S,S,A,C,S,S,A,15.4958,15.79,15.06,0.73,,1,15.79,16.4084,2017-06-28,0,0.8301,1,15.79,16.731,2017-07-05,0,1.2718,1,15.79,15.79,2017-07-17,1,-0.0164,2.9979,0.0502241447479436
prebreak,000661,2017-06-21,S,S,A,C,S,S,A,57.8992,58.01,55.07,2.94,,0,0.0,0.0,,0,0.0,0,0.0,0.0,,0,0.0,0,,,,0,,1.1934,0.0837015442669975
prebreak,002589,2017-06-21,S,S,A,C,S,S,A,14.6946,15.08,14.55,0.53,,0,0.0,0.0,,0,0.0,0,0.0,0.0,,0,0.0,0,,,,0,,0.7468,0.0154669770591553
prebreak,600315,2017-06-21,S,S,A,C,S,S,A,28.5305,27.18,26.14,1.04,,1,27.18,29.334,2017-06-28,0,2.05,1,27.18,29.2312,2017-07-05,0,1.9512,1,27.18,33.0826,2017-10-13,0,5.6521,3.3019,0.005883399347178
prebreak,002048,2017-06-23,S,S,A,C,S,S,A,15.0673,15.84,15.02,0.82,,0,0.0,0.0,,0,0.0,0,0.0,0.0,,0,0.0,0,,,,0,,2.0454,0.0731745847329321
prebreak,002410,2017-06-23,S,S,A,C,S,S,A,11.94,12.07,11.48,0.59,,0,0.0,0.0,,0,0.0,0,0.0,0.0,,0,0.0,0,,,,0,,1.0852,0.0303505115109143
prebreak,600056,2017-06-23,S,S,A,C,S,S,A,15.244,15.61,14.98,0.63,,1,15.61,15.4875,2017-06-28,0,-0.2131,1,15.61,15.4875,2017-06-28,0,-0.2131,1,15.61,15.4875,2017-06-28,0,-0.2131,1.6018,0.0362897500432106
prebreak,000756,2017-06-26,S,S,A,C,S,S,A,10.3013,9.93,9.41,0.52,,1,9.93,10.5351,2017-07-03,0,1.1485,1,9.93,10.3632,2017-07-10,0,0.8181,1,9.93,9.93,2017-07-12,1,-0.0145,2.6902,0.0471382606408985
prebreak,002690,2017-06-26,S,S,A,C,S,S,A,11.4134,11.8,11.24,0.56,,0,0.0,0.0,,0,0.0,0,0.0,0.0,,0,0.0,0,,,,0,,3.4213,0.0938216797886162
prebreak,300033,2017-06-26,S,S,A,C,S,S,A,39.2101,41.01,39.29,1.72,,0,0.0,0.0,,0,0.0,0,0.0,0.0,,0,0.0,0,,,,0,,1.8555,0.229411291800631
prebreak,600332,2017-06-26,S,S,A,C,S,S,A,23.6526,23.78,22.51,1.27,,0,0.0,0.0,,0,0.0,0,0.0,0.0,,0,0.0,0,,,,0,,1.0886,0.0535376857715232
prebreak,600637,2017-06-26,S,S,A,C,S,S,A,13.0661,13.14,12.63,0.51,,0,0.0,0.0,,0,0.0,0,0.0,0.0,,0,0.0,0,,,,0,,1.4559,0.0533825291777156
prebreak,000869,2017-06-27,S,S,A,C,S,S,A,31.5906,30.87,29.48,1.39,,0,0.0,0.0,,0,0.0,0,0.0,0.0,,0,0.0,0,,,,0,,0.9375,0.0797620685492237
prebreak,000997,2017-06-27,S,S,A,C,S,S,A,18.009,18.09,17.38,0.71,,0,0.0,0.0,,0,0.0,0,0.0,0.0,,0,0.0,0,,,,0,,1.319,0.0499255096420798
prebreak,000998,2017-06-27,S,S,A,C,S,S,A,20.2174,20.86,19.97,0.89,,1,20.86,22.0999,2017-07-04,0,1.3745,1,20.86,21.9078,2017-07-11,0,1.1588,1,20.86,20.86,2017-07-17,1,-0.0178,4.1978,0.0367083586556333
prebreak,002583,2017-06-27,S,S,A,C,S,S,A,15.482,15.4,14.63,0.77,,0,0.0,0.0,,0,0.0,0,0.0,0.0,,0,0.0,0,,,,0,,0.9194,0.0626955520359537
prebreak,600511,2017-06-27,S,S,A,C,S,S,A,30.034,29.67,28.32,1.35,,0,0.0,0.0,,0,0.0,0,0.0,0.0,,0,0.0,0,,,,0,,0.6264,0.0302533369172621
prebreak,000423,2017-06-29,S,S,A,C,S,S,A,56.1566,56.03,53.16,2.87,,0,0.0,0.0,,0,0.0,0,0.0,0.0,,0,0.0,0,,,,0,,0.6936,0.0947720256907809
prebreak,002262,2017-06-29,S,S,A,C,S,S,A,13.778,13.31,12.66,0.65,,0,0.0,0.0,,0,0.0,0,0.0,0.0,,0,0.0,0,,,,0,,1.3045,0.0891280104602001
prebreak,002570,2017-06-29,S,S,A,C,S,S,A,13.59,13.65,13.1,0.55,,0,0.0,0.0,,0,0.0,0,0.0,0.0,,0,0.0,0,,,,0,,0.4957,0.0103626943005181
prebreak,600566,2017-06-29,S,S,A,C,S,S,A,25.5764,25.74,24.54,1.2,,0,0.0,0.0,,0,0.0,0,0.0,0.0,,0,0.0,0,,,,0,,0.6258,0.0584524965401023
prebreak,002223,2017-06-30,S,S,A,C,S,S,A,20.5457,20.36,19.52,0.84,,0,0.0,0.0,,0,0.0,0,0.0,0.0,,0,0.0,0,,,,0,,1.116,0.0808842553333784
prebreak,600056,2017-06-30,S,S,A,C,S,S,A,15.798,15.94,15.12,0.82,,0,0.0,0.0,,0,0.0,0,0.0,0.0,,0,0.0,0,,,,0,,1.0873,0.0958960446727301
prebreak,603589,2017-06-30,S,S,A,C,S,S,A,30.081,28.61,27.12,1.49,,0,0.0,0.0,,0,0.0,0,0.0,0.0,,0,0.0,0,,,,0,,0.6392,0.0436533348648591
prebreak,002142,2017-07-03,S,S,A,C,S,S,A,11.3591,10.74,10.22,0.52,,0,0.0,0.0,,0,0.0,0,0.0,0.0,,0,0.0,0,,,,0,,0.9456,0.0186705416383226
prebreak,300033,2017-07-03,S,S,A,C,S,S,A,40.2701,40.13,38.01,2.12,,0,0.0,0.0,,0,0.0,0,0.0,0.0,,0,0.0,0,,,,0,,0.8239,-0.0026937132694991
prebreak,600332,2017-07-03,S,S,A,C,S,S,A,23.9802,24.12,22.91,1.21,,0,0.0,0.0,,0,0.0,0,0.0,0.0,,0,0.0,0,,,,0,,2.7429,0.0532789085459612
prebreak,000998,2017-07-04,S,S,A,C,S,S,A,22.0999,20.86,19.97,0.89,,0,0.0,0.0,,0,0.0,0,0.0,0.0,,0,0.0,0,,,,0,,1.2206,0.016808994093423
prebreak,000999,2017-07-04,S,S,A,C,S,S,A,14.5966,15.41,14.87,0.54,,0,0.0,0.0,,0,0.0,0,0.0,0.0,,0,0.0,0,,,,0,,2.0107,0.1754433663702015
prebreak,002583,2017-07-04,S,S,A,C,S,S,A,16.1357,15.4,14.63,0.77,,1,15.4,15.8782,2017-07-11,0,0.6054,1,15.4,15.8287,2017-07-18,0,0.5412,1,15.4,15.4,2017-07-17,1,-0.0152,1.9429,0.0483638520759275
prebreak,600004,2017-07-04,S,S,A,C,S,S,A,11.9045,11.48,10.98,0.5,,0,0.0,0.0,,0,0.0,0,0.0,0.0,,0,0.0,0,,,,0,,0.5423,0.0406583946853884
prebreak,603883,2017-07-05,S,S,A,C,S,S,A,17.5349,18.13,17.18,0.95,,0,0.0,0.0,,0,0.0,0,0.0,0.0,,0,0.0,0,,,,0,,4.1523,0.0711343936899602
prebreak,000423,2017-07-06,S,S,A,C,S,S,A,53.415,56.96,54.38,2.58,,0,0.0,0.0,,0,0.0,0,0.0,0.0,,0,0.0,0,,,,0,,1.3189,0.0682575502147553
prebreak,300244,2017-07-06,S,S,A,C,S,S,A,26.21,28.2,26.87,1.33,,0,0.0,0.0,,0,0.0,0,0.0,0.0,,0,0.0,0,,,,0,,1.5392,0.288115616206734
prebreak,600566,2017-07-06,S,S,A,C,S,S,A,25.4389,26.38,25.18,1.2,,0,0.0,0.0,,0,0.0,0,0.0,0.0,,0,0.0,0,,,,0,,2.0826,0.0906268416362383
prebreak,002223,2017-07-07,S,S,A,C,S,S,A,19.8949,20.78,19.7,1.08,,0,0.0,0.0,,0,0.0,0,0.0,0.0,,0,0.0,0,,,,0,,1.8803,0.0976200649282603
prebreak,002142,2017-07-10,S,S,A,C,S,S,A,11.318,10.74,10.22,0.52,,1,10.74,12.747,2017-07-17,0,3.8415,1,10.74,12.4983,2017-07-24,0,3.3635,1,10.74,13.4465,2017-10-27,1,5.1859,1.7044,0.0019344429257541
prebreak,002311,2017-07-10,S,S,A,C,S,S,A,15.6913,16.01,15.29,0.72,,0,0.0,0.0,,0,0.0,0,0.0,0.0,,0,0.0,0,,,,0,,1.051,0.0831825117514641
prebreak,300033,2017-07-10,S,S,A,C,S,S,A,38.5943,40.58,38.49,2.09,,0,0.0,0.0,,0,0.0,0,0.0,0.0,,0,0.0,0,,,,0,,1.2511,0.220003016452754
prebreak,600332,2017-07-10,S,S,A,C,S,S,A,23.063,24.09,22.94,1.15,,0,0.0,0.0,,0,0.0,0,0.0,0.0,,0,0.0,0,,,,0,,2.7429,0.0519688601522472
prebreak,601689,2017-07-10,S,S,A,C,S,S,A,14.0281,15.13,14.4,0.73,,0,0.0,0.0,,0,0.0,0,0.0,0.0,,0,0.0,0,,,,0,,2.258,0.4534847191982512
prebreak,300357,2017-07-12,S,S,A,C,S,S,A,11.4766,12.23,11.65,0.58,,0,0.0,0.0,,0,0.0,0,0.0,0.0,,0,0.0,0,,,,0,,3.1064,0.1046270181166566
prebreak,603355,2017-07-12,S,S,A,C,S,S,A,30.3167,32.31,30.76,1.55,,0,0.0,0.0,,0,0.0,0,0.0,0.0,,0,0.0,0,,,,0,,1.1759,0.5293597167533817
prebreak,603989,2017-07-12,S,S,A,C,S,S,A,26.3165,27.93,26.63,1.3,,0,0.0,0.0,,0,0.0,0,0.0,0.0,,0,0.0,0,,,,0,,2.7375,0.139350493186084
prebreak,000423,2017-07-13,S,S,A,C,S,S,A,52.1843,54.12,51.55,2.57,,0,0.0,0.0,,0,0.0,0,0.0,0.0,,0,0.0,0,,,,0,,2.0593,0.0782236075613664
prebreak,002262,2017-07-13,S,S,A,C,S,S,A,13.3044,13.84,13.18,0.66,,0,0.0,0.0,,0,0.0,0,0.0,0.0,,0,0.0,0,,,,0,,1.2265,0.0965444665675876
prebreak,300115,2017-07-13,S,S,A,C,S,S,A,25.5663,23.61,22.59,1.02,,0,0.0,0.0,,0,0.0,0,0.0,0.0,,0,0.0,0,,,,0,,0.6382,0.0393652279895027
prebreak,300244,2017-07-13,S,S,A,C,S,S,A,26.2889,26.35,25.03,1.32,,0,0.0,0.0,,0,0.0,0,0.0,0.0,,0,0.0,0,,,,0,,5.0874,0.1088441002309574
prebreak,600566,2017-07-13,S,S,A,C,S,S,A,25.1365,25.76,24.83,0.93,,0,0.0,0.0,,0,0.0,0,0.0,0.0,,0,0.0,0,,,,0,,2.0826,0.0649942168517627
prebreak,002223,2017-07-14,S,S,A,C,S,S,A,19.1141,19.91,19.06,0.85,,0,0.0,0.0,,0,0.0,0,0.0,0.0,,0,0.0,0,,,,0,,6.847,0.0768347223447145
prebreak,000999,2017-07-18,S,S,A,C,S,S,A,13.7433,14.57,14.01,0.56,,0,0.0,0.0,,0,0.0,0,0.0,0.0,,0,0.0,0,,,,0,,2.0503,0.0673288979283788
prebreak,002322,2017-07-18,S,S,A,C,S,S,A,14.5692,17.22,16.33,0.89,,0,0.0,0.0,,0,0.0,0,0.0,0.0,,0,0.0,0,,,,0,,,
prebreak,000400,2017-07-19,S,S,A,C,S,S,A,15.7948,16.95,16.3,0.65,,0,0.0,0.0,,0,0.0,0,0.0,0.0,,0,0.0,0,,,,0,,3.8765,0.1029087513244992
prebreak,002376,2017-07-19,S,S,A,C,S,S,A,10.0932,11.33,10.76,0.57,,0,0.0,0.0,,0,0.0,0,0.0,0.0,,0,0.0,0,,,,0,,2.7165,0.2375910684568658
prebreak,600315,2017-07-19,S,S,A,C,S,S,A,28.5488,29.42,27.98,1.44,,0,0.0,0.0,,0,0.0,0,0.0,0.0,,0,0.0,0,,,,0,,0.7513,0.0064595664235007
prebreak,601969,2017-07-19,S,S,A,C,S,S,A,11.2795,10.43,9.9,0.53,,1,10.43,11.194,2017-07-26,0,1.4257,1,10.43,11.8492,2017-08-02,0,2.661,1,10.43,11.4504,2017-09-07,0,1.9091,3.357,0.054248958201605
prebreak,603989,2017-07-19,S,S,A,C,S,S,A,25.371,27.93,26.63,1.3,,0,0.0,0.0,,0,0.0,0,0.0,0.0,,0,0.0,0,,,,0,,2.7375,0.139350493186084
prebreak,000423,2017-07-20,S,S,A,C,S,S,A,53.0598,53.41,50.92,2.49,,0,0.0,0.0,,0,0.0,0,0.0,0.0,,0,0.0,0,,,,0,,1.7347,0.0669316046920585
prebreak,000792,2017-07-20,S,S,A,C,S,S,A,10.6,10.75,10.23,0.52,,0,0.0,0.0,,0,0.0,0,0.0,0.0,,0,0.0,0,,,,0,,0.662,-0.0009293680297397
prebreak,300244,2017-07-20,S,S,A,C,S,S,A,23.7635,26.35,25.03,1.32,,0,0.0,0.0,,0,0.0,0,0.0,0.0,,0,0.0,0,,,,0,,5.0874,0.1088441002309574
prebreak,002727,2017-07-21,S,S,A,C,S,S,A,15.7641,16.81,16.03,0.78,,0,0.0,0.0,,0,0.0,0,0.0,0.0,,0,0.0,0,,,,0,,1.623,0.0376631525036665
prebreak,300463,2017-07-21,S,S,A,C,S,S,A,20.2445,23.65,22.59,1.06,,0,0.0,0.0,,0,0.0,0,0.0,0.0,,0,0.0,1,23.65,22.59,2017-08-22,1,-1.0163,2.1984,0.1682210322940831
prebreak,601238,2017-07-21,S,S,A,C,S,S,A,16.21,16.26,15.55,0.71,,0,0.0,0.0,,0,0.0,0,0.0,0.0,,0,0.0,0,,,,0,,0.7104,-0.0437711680642628
prebreak,002733,2017-07-24,S,S,A,C,S,S,A,16.4402,16.6,15.8,0.8,,0,0.0,0.0,,0,0.0,0,0.0,0.0,,0,0.0,0,,,,0,,5.8567,0.039363301784856
prebreak,300199,2017-07-24,S,S,A,C,S,S,A,14.6382,15.04,14.28,0.76,,0,0.0,0.0,,0,0.0,0,0.0,0.0,,0,0.0,0,,,,0,,1.1118,-0.0201211160885489
prebreak,600872,2017-07-24,S,S,A,C,S,S,A,16.7362,16.7,15.93,0.77,,0,0.0,0.0,,0,0.0,0,0.0,0.0,,0,0.0,0,,,,0,,0.9246,0.0220264397946692
prebreak,000997,2017-07-25,S,S,A,C,S,S,A,18.605,19.04,18.2,0.84,,0,0.0,0.0,,0,0.0,0,0.0,0.0,,0,0.0,0,,,,0,,1.4394,-0.0169537355161669
prebreak,000999,2017-07-25,S,S,A,C,S,S,A,13.7967,14.27,13.65,0.62,,0,0.0,0.0,,0,0.0,0,0.0,0.0,,0,0.0,1,14.27,13.65,2017-09-07,1,-1.0169,2.1586,0.0062904793454834
prebreak,002322,2017-07-25,S,S,A,C,S,S,A,15.0019,15.11,14.34,0.77,,0,0.0,0.0,,0,0.0,0,0.0,0.0,,0,0.0,0,,,,0,,0.927,-0.0973607140861348
prebreak,000513,2017-07-26,S,S,A,C,S,S,A,21.0998,22.03,20.95,1.08,,0,0.0,0.0,,0,0.0,0,0.0,0.0,,0,0.0,1,22.03,20.95,2017-09-05,1,-1.0149,1.5288,0.0214858124678007
prebreak,600315,2017-07-26,S,S,A,C,S,S,A,28.9227,29.13,27.81,1.32,,0,0.0,0.0,,0,0.0,0,0.0,0.0,,0,0.0,0,,,,0,,0.7065,-0.0160478788164794
prebreak,603989,2017-07-26,S,S,A,C,S,S,A,24.718,25.99,24.73,1.26,,0,0.0,0.0,,0,0.0,0,0.0,0.0,,0,0.0,0,,,,0,,1.6113,0.0602119340460554
prebreak,000792,2017-07-27,S,S,A,C,S,S,A,10.92,10.75,10.23,0.52,,1,10.75,12.45,2017-08-03,0,3.2515,1,10.75,11.36,2017-08-10,0,1.1566,1,10.75,12.8,2017-09-08,0,3.9241,1.7391,0.028708133971292
prebreak,300244,2017-07-27,S,S,A,C,S,S,A,24.3861,26.35,25.03,1.32,,0,0.0,0.0,,0,0.0,0,0.0,0.0,,0,0.0,0,,,,0,,5.0874,0.1088441002309574
prebreak,002048,2017-07-28,S,S,A,C,S,S,A,14.9209,15.68,14.97,0.71,,0,0.0,0.0,,0,0.0,0,0.0,0.0,,0,0.0,0,,,,0,,2.0454,0.0623344374123975
prebreak,300024,2017-07-31,S,S,A,C,S,S,A,19.8947,19.98,19.04,0.94,,0,0.0,0.0,,0,0.0,0,0.0,0.0,,0,0.0,0,,,,0,,1.0591,0.0124052551793836
prebreak,300050,2017-07-31,S,S,A,C,S,S,A,10.3374,10.36,9.84,0.52,,1,10.36,10.0782,2017-08-03,0,-0.5567,1,10.36,10.0782,2017-08-03,0,-0.5567,1,10.36,10.0782,2017-08-03,0,-0.5567,1.6185,-0.0035780068551155
prebreak,300199,2017-07-31,S,S,A,C,S,S,A,15.0527,14.93,14.18,0.75,,0,0.0,0.0,,0,0.0,0,0.0,0.0,,0,0.0,0,,,,0,,0.7819,-0.0260350954774887
prebreak,600872,2017-07-31,S,S,A,C,S,S,A,17.1783,16.7,15.93,0.77,,1,16.7,17.494,2017-08-07,0,1.0141,1,16.7,19.6684,2017-08-14,0,3.8361,1,16.7,20.5616,2017-09-18,1,4.9954,1.7688,0.0443439264419214
prebreak,600993,2017-07-31,S,S,A,C,S,S,A,17.9885,18.27,17.55,0.72,,0,0.0,0.0,,0,0.0,0,0.0,0.0,,0,0.0,0,,,,0,,3.1296,0.029584644631446
prebreak,000701,2017-08-01,S,S,A,C,S,S,A,13.321,13.59,13.06,0.53,,0,0.0,0.0,,0,0.0,0,0.0,0.0,,0,0.0,0,,,,0,,1.3031,0.0180672608212357
prebreak,000915,2017-08-01,S,S,A,C,S,S,A,22.3297,27.47,26.18,1.29,,0,0.0,0.0,,0,0.0,0,0.0,0.0,,0,0.0,0,,,,0,,1.4198,0.0629860114208493
prebreak,000997,2017-08-01,S,S,A,C,S,S,A,19.4297,19.04,18.14,0.9,,0,0.0,0.0,,0,0.0,0,0.0,0.0,,0,0.0,0,,,,0,,1.0976,-0.0143099535408629
prebreak,300244,2017-08-03,S,S,A,C,S,S,A,22.7989,26.35,25.03,1.32,,0,0.0,0.0,,0,0.0,0,0.0,0.0,,0,0.0,0,,,,0,,5.0874,0.1088441002309574
prebreak,300476,2017-08-03,S,S,A,C,S,S,A,12.6526,12.4,11.81,0.59,,1,12.4,12.3384,2017-08-08,0,-0.1203,1,12.4,12.3384,2017-08-08,0,-0.1203,1,12.4,12.3384,2017-08-08,0,-0.1203,2.4631,0.0356137835350669
prebreak,603188,2017-08-03,S,S,A,C,S,S,A,19.0791,18.66,17.72,0.94,,1,18.66,18.6215,2017-08-08,0,-0.056,1,18.66,18.6215,2017-08-08,0,-0.056,1,18.66,18.6215,2017-08-08,0,-0.056,2.5014,0.0604143673674484
prebreak,002048,2017-08-04,S,S,A,C,S,S,A,14.2404,15.02,14.31,0.71,,0,0.0,0.0,,0,0.0,0,0.0,0.0,,0,0.0,1,15.02,19.1213,2017-09-29,1,5.7568,3.4681,0.0066391267952636
prebreak,002223,2017-08-04,S,S,A,C,S,S,A,16.6413,16.9,16.26,0.64,,0,0.0,0.0,,0,0.0,0,0.0,0.0,,0,0.0,0,,,,0,,0.4709,-0.1366063507626003
prebreak,300463,2017-08-04,S,S,A,C,S,S,A,20.8286,20.93,19.87,1.06,,0,0.0,0.0,,0,0.0,0,0.0,0.0,,0,0.0,0,,,,0,,1.4239,-0.0816544971137487
prebreak,600990,2017-08-04,S,S,A,C,S,S,A,34.4005,34.65,33.2,1.45,,0,0.0,0.0,,0,0.0,1,34.65,34.2336,2017-08-18,0,-0.3051,1,34.65,34.2509,2017-08-21,0,-0.2932,2.0509,0.0444677308398695
prebreak,002311,2017-08-07,S,S,A,C,S,S,A,16.2681,16.85,15.98,0.87,,0,0.0,0.0,,0,0.0,0,0.0,0.0,,0,0.0,0,,,,0,,0.9092,0.0514999141197545
prebreak,600872,2017-08-07,S,S,A,C,S,S,A,17.494,16.7,15.93,0.77,,0,0.0,0.0,,0,0.0,0,0.0,0.0,,0,0.0,0,,,,0,,0.7595,0.0391076616296777
prebreak,000997,2017-08-08,S,S,A,C,S,S,A,20.4021,20.13,19.07,1.06,,0,0.0,0.0,,0,0.0,0,0.0,0.0,,0,0.0,0,,,,0,,1.3222,0.0402536413903433
prebreak,002038,2017-08-08,S,S,A,C,S,S,A,15.6402,16.26,15.55,0.71,,0,0.0,0.0,,0,0.0,0,0.0,0.0,,0,0.0,1,16.26,18.0174,2017-10-19,0,2.4563,4.9531,0.0396297711939874
prebreak,300003,2017-08-08,S,S,A,C,S,S,A,18.3062,19.49,18.52,0.97,,1,19.49,19.2953,2017-08-14,0,-0.2159,1,19.49,19.2953,2017-08-14,0,-0.2159,1,19.49,19.2953,2017-08-14,0,-0.2159,1.6269,0.0161378283895157
prebreak,603919,2017-08-08,S,S,A,C,S,S,A,13.9537,13.05,12.41,0.64,,1,13.05,14.7748,2017-08-15,0,2.6779,1,13.05,13.8392,2017-08-22,0,1.2169,1,13.05,14.371,2017-09-18,0,2.0472,1.824,0.0373197985597493
prebreak,000400,2017-08-09,S,S,A,C,S,S,A,15.285,16.25,15.44,0.81,,0,0.0,0.0,,0,0.0,0,0.0,0.0,,0,0.0,1,16.25,16.0266,2017-09-05,0,-0.2909,2.414,0.0689660778674841
prebreak,000513,2017-08-09,S,S,A,C,S,S,A,21.0738,21.68,20.55,1.13,,0,0.0,0.0,,0,0.0,0,0.0,0.0,,0,0.0,0,,,,0,,1.0279,0.0164627751315298
prebreak,600315,2017-08-09,S,S,A,C,S,S,A,28.8012,29.28,28.04,1.24,,0,0.0,0.0,,0,0.0,1,29.28,29.2218,2017-08-22,0,-0.0648,1,29.28,29.2218,2017-08-22,0,-0.0648,1.7895,0.0303363783136259
prebreak,600366,2017-08-09,S,S,A,C,S,S,A,10.6128,9.74,9.22,0.52,,0,0.0,0.0,,0,0.0,0,0.0,0.0,,0,0.0,0,,,,0,,1.3808,0.0278342364424446
prebreak,603989,2017-08-09,S,S,A,C,S,S,A,24.6228,25.15,24.17,0.98,,0,0.0,0.0,,0,0.0,0,0.0,0.0,,0,0.0,0,,,,0,,1.3136,-0.0087108587949903
prebreak,000860,2017-08-14,S,S,A,C,S,S,A,16.0101,15.49,14.84,0.65,,1,15.49,15.7621,2017-08-17,0,0.4002,1,15.49,15.7621,2017-08-17,0,0.4002,1,15.49,15.7621,2017-08-17,0,0.4002,1.9069,0.0711016316435462
prebreak,002311,2017-08-14,S,S,A,C,S,S,A,16.5385,16.9,16.09,0.81,,0,0.0,0.0,,0,0.0,0,0.0,0.0,,0,0.0,0,,,,0,,1.0277,0.0081260878546698
prebreak,002646,2017-08-14,S,S,A,C,S,S,A,17.8064,17.49,16.74,0.75,,0,0.0,0.0,,0,0.0,0,0.0,0.0,,0,0.0,0,,,,0,,1.4466,0.0927367671100451
prebreak,601689,2017-08-14,S,S,A,C,S,S,A,12.8543,14.08,13.43,0.65,,0,0.0,0.0,,0,0.0,0,0.0,0.0,,0,0.0,0,,,,0,,2.4423,0.3399342275860679
prebreak,000869,2017-08-15,S,S,A,C,S,S,A,31.9845,30.9,29.28,1.62,,0,0.0,0.0,,0,0.0,0,0.0,0.0,,0,0.0,0,,,,0,,1.0938,0.0431320024584069
prebreak,002038,2017-08-15,S,S,A,C,S,S,A,15.9555,16.15,15.43,0.72,,0,0.0,0.0,,0,0.0,0,0.0,0.0,,0,0.0,0,,,,0,,0.7248,-0.005576308632613
prebreak,000661,2017-08-16,S,S,A,C,S,S,A,59.3373,58.01,55.54,2.47,,0,0.0,0.0,,0,0.0,0,0.0,0.0,,0,0.0,0,,,,0,,0.7706,0.0538499992245842
prebreak,600315,2017-08-16,S,S,A,C,S,S,A,28.3618,28.85,27.75,1.1,,1,28.85,29.2218,2017-08-22,0,0.3179,1,28.85,29.2218,2017-08-22,0,0.3179,1,28.85,29.2218,2017-08-22,0,0.3179,1.7895,0.0152050722113423
prebreak,603989,2017-08-16,S,S,A,C,S,S,A,24.8677,24.99,24.06,0.93,,0,0.0,0.0,,0,0.0,0,0.0,0.0,,0,0.0,0,,,,0,,1.1709,-0.0285601322535417
prebreak,002262,2017-08-17,S,S,A,C,S,S,A,12.7763,13.25,12.56,0.69,,0,0.0,0.0,,0,0.0,0,0.0,0.0,,0,0.0,0,,,,0,,1.2396,0.0636118535286558
prebreak,002326,2017-08-17,S,S,A,C,S,S,A,12.3814,12.46,11.82,0.64,,0,0.0,0.0,,0,0.0,0,0.0,0.0,,0,0.0,1,12.46,12.46,2017-10-17,1,-0.0148,2.573,0.0468357850255041
prebreak,002491,2017-08-17,S,S,A,C,S,S,A,12.638,12.43,11.88,0.55,,0,0.0,0.0,,0,0.0,0,0.0,0.0,,0,0.0,0,,,,0,,1.3242,-0.0179963333572844
prebreak,300476,2017-08-17,S,S,A,C,S,S,A,13.6407,12.4,11.81,0.59,,0,0.0,0.0,,0,0.0,0,0.0,0.0,,0,0.0,0,,,,0,,0.5796,0.0282165422241023
prebreak,600566,2017-08-17,S,S,A,C,S,S,A,24.5316,25.4,24.14,1.26,,0,0.0,0.0,,0,0.0,0,0.0,0.0,,0,0.0,0,,,,0,,1.6384,0.0549071524227497
prebreak,002048,2017-08-18,S,S,A,C,S,S,A,14.4087,14.48,13.89,0.59,,0,0.0,0.0,,0,0.0,0,0.0,0.0,,0,0.0,0,,,,0,,0.5013,-0.0361693951926849
prebreak,000756,2017-08-21,S,S,A,C,S,S,A,10.9959,10.68,10.17,0.51,,1,10.68,10.7277,2017-08-24,0,0.0775,1,10.68,10.7277,2017-08-24,0,0.0775,1,10.68,10.7277,2017-08-24,0,0.0775,2.2487,0.0800190417768726
prebreak,002311,2017-08-21,S,S,A,C,S,S,A,16.5294,16.94,16.12,0.82,,1,16.94,16.8179,2017-08-28,0,-0.1646,1,16.94,16.8539,2017-08-29,0,-0.1206,1,16.94,16.8539,2017-08-29,0,-0.1206,2.0579,0.0338573510965325
prebreak,601688,2017-08-21,S,S,A,C,S,S,A,15.956,16.3,15.66,0.64,,0,0.0,0.0,,0,0.0,0,0.0,0.0,,0,0.0,0,,,,0,,1.4588,0.0390303594567824
prebreak,002673,2017-08-23,S,S,A,C,S,S,A,14.3489,13.55,13.02,0.53,,1,13.55,14.5475,2017-08-30,0,1.8614,1,13.55,14.3128,2017-09-06,0,1.419,1,13.55,13.55,2017-10-19,1,-0.0194,1.9684,-0.013488022031972
prebreak,601969,2017-08-23,S,S,A,C,S,S,A,10.6813,11.12,10.53,0.59,,0,0.0,0.0,,0,0.0,0,0.0,0.0,,0,0.0,0,,,,0,,1.134,-0.050120966436707
prebreak,603939,2017-08-23,S,S,A,C,S,S,A,10.3458,9.77,9.26,0.51,,0,0.0,0.0,,0,0.0,0,0.0,0.0,,0,0.0,0,,,,0,,0.9613,0.0222140687465413
prebreak,603989,2017-08-23,S,S,A,C,S,S,A,23.5617,25.47,24.16,1.31,,0,0.0,0.0,,0,0.0,0,0.0,0.0,,0,0.0,0,,,,0,,1.2118,0.0518411040589457
prebreak,300054,2017-08-25,S,S,A,C,S,S,A,9.5953,10.42,9.92,0.5,,0,0.0,0.0,,0,0.0,0,0.0,0.0,,0,0.0,1,10.42,9.92,2017-09-25,1,-1.0152,2.0941,0.0870643374191835
prebreak,600038,2017-08-25,S,S,A,C,S,S,A,42.6968,43.93,41.96,1.97,,0,0.0,0.0,,0,0.0,0,0.0,0.0,,0,0.0,0,,,,0,,3.4398,0.0837143002123834
prebreak,000756,2017-08-28,S,S,A,C,S,S,A,11.0096,10.68,10.17,0.51,,0,0.0,0.0,,0,0.0,0,0.0,0.0,,0,0.0,0,,,,0,,0.7363,0.0733015771079081
prebreak,002311,2017-08-28,S,S,A,C,S,S,A,16.8179,16.97,16.13,0.84,,0,0.0,0.0,,0,0.0,0,0.0,0.0,,0,0.0,0,,,,0,,1.1086,0.0244185364289191
prebreak,300050,2017-08-28,S,S,A,C,S,S,A,10.5168,10.49,9.94,0.55,,0,0.0,0.0,,0,0.0,0,0.0,0.0,,0,0.0,0,,,,0,,1.0569,0.0337025032558448
prebreak,601688,2017-08-28,S,S,A,C,S,S,A,18.6385,16.3,15.66,0.64,,1,16.3,19.072,2017-09-04,0,4.3092,1,16.3,18.1069,2017-09-11,0,2.8022,1,16.3,16.3,2017-10-30,1,-0.0194,2.1722,0.013776149331097
prebreak,603288,2017-08-28,S,S,A,C,S,S,A,17.3124,18.08,17.18,0.9,,0,0.0,0.0,,0,0.0,0,0.0,0.0,,0,0.0,1,18.08,22.7663,2017-11-06,1,5.1885,2.8089,0.0191017610235066
prebreak,000333,2017-08-29,S,S,A,C,S,S,A,30.1431,29.5,27.99,1.51,,0,0.0,0.0,,0,0.0,0,0.0,0.0,,0,0.0,0,,,,0,,0.5428,0.0002521632881073
prebreak,000701,2017-08-29,S,S,A,C,S,S,A,14.1952,13.92,13.24,0.68,,1,13.92,13.3707,2017-09-01,0,-0.8229,1,13.92,13.3707,2017-09-01,0,-0.8229,1,13.92,13.3707,2017-09-01,0,-0.8229,2.2997,0.0441872140029653
prebreak,000869,2017-08-29,S,S,A,C,S,S,A,30.4241,31.25,30.08,1.17,,0,0.0,0.0,,0,0.0,0,0.0,0.0,,0,0.0,0,,,,0,,1.0263,0.0552545306404321
prebreak,300003,2017-08-29,S,S,A,C,S,S,A,19.6838,19.63,18.78,0.85,,0,0.0,0.0,,0,0.0,0,0.0,0.0,,0,0.0,0,,,,0,,0.9304,0.0450893231284355
prebreak,600668,2017-08-29,S,S,A,C,S,S,A,13.2769,13.53,12.98,0.55,,0,0.0,0.0,,0,0.0,0,0.0,0.0,,0,0.0,1,13.53,13.1639,2017-09-18,0,-0.6839,2.7655,0.0383965382193756
prebreak,000028,2017-08-30,S,S,A,C,S,S,A,42.2575,47.09,45.36,1.73,,0,0.0,0.0,,0,0.0,0,0.0,0.0,,0,0.0,0,,,,0,,,
prebreak,002304,2017-08-30,S,S,A,C,S,S,A,68.5277,67.17,64.59,2.58,,0,0.0,0.0,,0,0.0,0,0.0,0.0,,0,0.0,0,,,,0,,1.3004,0.0342272953652516
prebreak,002673,2017-08-30,S,S,A,C,S,S,A,14.5475,13.55,13.02,0.53,,0,0.0,0.0,,0,0.0,0,0.0,0.0,,0,0.0,0,,,,0,,0.8474,-0.0199273952563063
prebreak,002326,2017-08-31,S,S,A,C,S,S,A,12.0564,12.12,11.57,0.55,,0,0.0,0.0,,0,0.0,0,0.0,0.0,,0,0.0,0,,,,0,,1.0548,-0.0238068484386024
prebreak,002491,2017-08-31,S,S,A,C,S,S,A,12.6973,12.94,12.25,0.69,,1,12.94,13.083,2017-09-07,0,0.1929,1,12.94,13.1522,2017-09-14,0,0.2931,1,12.94,14.3191,2017-10-09,0,1.9832,1.6247,0.0629875397326
prebreak,300476,2017-08-31,S,S,A,C,S,S,A,13.4734,12.56,11.95,0.61,,0,0.0,0.0,,0,0.0,0,0.0,0.0,,0,0.0,0,,,,0,,0.6868,0.039736396318083
prebreak,002410,2017-09-01,S,S,A,C,S,S,A,12.9085,12.13,11.51,0.62,,1,12.13,13.3595,2017-09-08,0,1.967,1,12.13,13.9167,2017-09-15,0,2.8651,1,12.13,14.5734,2017-11-09,0,3.9237,3.8267,0.0718899381573476
prebreak,300307,2017-09-01,S,S,A,C,S,S,A,10.1261,10.13,9.61,0.52,,1,10.13,9.9387,2017-09-08,0,-0.3824,1,10.13,9.9574,2017-09-15,0,-0.3464,1,10.13,9.61,2017-09-25,1,-1.0142,2.384,0.0814205068141942
prebreak,600584,2017-09-01,S,S,A,C,S,S,A,16.4583,15.22,14.42,0.8,,1,15.22,16.9653,2017-09-08,0,2.1658,1,15.22,16.5461,2017-09-15,0,1.6421,1,15.22,25.0482,2017-11-13,1,12.2631,2.2678,0.0156119158767935
prebreak,002138,2017-09-04,S,S,A,C,S,S,A,18.7333,18.09,17.34,0.75,,0,0.0,0.0,,0,0.0,0,0.0,0.0,,0,0.0,0,,,,0,,0.514,0.0713265933346694
prebreak,002311,2017-09-04,S,S,A,C,S,S,A,16.6827,17.17,16.55,0.62,,1,17.17,16.7818,2017-09-07,0,-0.6468,1,17.17,16.7818,2017-09-07,0,-0.6468,1,17.17,16.7818,2017-09-07,0,-0.6468,1.7908,0.0286565736368267
prebreak,000869,2017-09-05,S,S,A,C,S,S,A,31.0276,31.42,30.35,1.07,,0,0.0,0.0,,0,0.0,0,0.0,0.0,,0,0.0,0,,,,0,,0.7995,0.0298158296160624
prebreak,002537,2017-09-05,S,S,A,C,S,S,A,11.623,12.12,11.48,0.64,,0,0.0,0.0,,0,0.0,0,0.0,0.0,,0,0.0,0,,,,0,,4.346,0.0737795549539876
prebreak,300003,2017-09-05,S,S,A,C,S,S,A,20.77,19.63,18.78,0.85,,0,0.0,0.0,,0,0.0,0,0.0,0.0,,0,0.0,0,,,,0,,0.8789,0.0510189079405116
prebreak,002117,2017-09-06,S,S,A,C,S,S,A,11.1704,11.1,10.55,0.55,,0,0.0,0.0,,0,0.0,0,0.0,0.0,,0,0.0,0,,,,0,,1.0535,0.0343944722028517
prebreak,002673,2017-09-06,S,S,A,C,S,S,A,14.3128,14.8,14.13,0.67,,0,0.0,0.0,,0,0.0,0,0.0,0.0,,0,0.0,0,,,,0,,,
prebreak,600276,2017-09-06,S,S,A,C,S,S,A,24.8873,24.2,23.11,1.09,,0,0.0,0.0,,0,0.0,0,0.0,0.0,,0,0.0,0,,,,0,,0.936,0.0642761693760898
prebreak,600643,2017-09-06,S,S,A,C,S,S,A,12.3888,12.42,11.87,0.55,,0,0.0,0.0,,0,0.0,0,0.0,0.0,,0,0.0,0,,,,0,,1.0806,0.0038960520653179
prebreak,600859,2017-09-06,S,S,A,C,S,S,A,15.0024,15.08,14.38,0.7,,0,0.0,0.0,,0,0.0,0,0.0,0.0,,0,0.0,0,,,,0,,0.8582,0.0627954293878636
prebreak,603989,2017-09-06,S,S,A,C,S,S,A,25.0241,24.65,23.35,1.3,,0,0.0,0.0,,0,0.0,0,0.0,0.0,,0,0.0,0,,,,0,,0.5788,0.0194091087066796
prebreak,002126,2017-09-07,S,S,A,C,S,S,A,9.8761,10.04,9.52,0.52,,1,10.04,9.9237,2017-09-14,0,-0.2382,1,10.04,9.638,2017-09-21,0,-0.7873,1,10.04,9.52,2017-09-25,1,-1.014,2.071,0.0195461940201393
prebreak,002221,2017-09-07,S,S,A,C,S,S,A,11.2411,11.1,10.55,0.55,,0,0.0,0.0,,0,0.0,0,0.0,0.0,,0,0.0,0,,,,0,,1.0214,0.0343918526871183
prebreak,300001,2017-09-07,S,S,A,C,S,S,A,15.6304,16.0,15.35,0.65,,1,16.0,16.9735,2017-09-14,0,1.478,1,16.0,17.2362,2017-09-21,0,1.882,1,16.0,16.0,2017-10-12,1,-0.0187,4.267,0.0444591190287095
prebreak,002410,2017-09-08,S,S,A,C,S,S,A,13.3595,12.13,11.51,0.62,,0,0.0,0.0,,0,0.0,0,0.0,0.0,,0,0.0,0,,,,0,,0.6945,0.0485345381286899
prebreak,300054,2017-09-08,S,S,A,C,S,S,A,9.9405,10.01,9.48,0.53,,0,0.0,0.0,,0,0.0,0,0.0,0.0,,0,0.0,0,,,,0,,0.8725,-0.0305147854051354
prebreak,300307,2017-09-08,S,S,A,C,S,S,A,9.9387,10.13,9.61,0.52,,0,0.0,0.0,,0,0.0,0,0.0,0.0,,0,0.0,0,,,,0,,1.5479,0.4267128984694517
prebreak,600056,2017-09-08,S,S,A,C,S,S,A,14.3613,14.73,14.2,0.53,,0,0.0,0.0,,0,0.0,0,0.0,0.0,,0,0.0,0,,,,0,,1.3299,-0.0235808442856796
prebreak,600062,2017-09-08,S,S,A,C,S,S,A,14.6738,14.99,14.46,0.53,,0,0.0,0.0,,0,0.0,0,0.0,0.0,,0,0.0,1,14.99,14.99,2017-11-01,1,-0.0215,3.8035,0.0253749792990412
prebreak,600486,2017-09-08,S,S,A,C,S,S,A,27.2987,28.88,27.63,1.25,,0,0.0,0.0,,0,0.0,0,0.0,0.0,,0,0.0,0,,,,0,,1.2964,0.0350176920501164
prebreak,600584,2017-09-08,S,S,A,C,S,S,A,16.9653,15.22,14.42,0.8,,0,0.0,0.0,,0,0.0,0,0.0,0.0,,0,0.0,0,,,,0,,0.7946,0.0276468167890926
prebreak,000963,2017-09-11,S,S,A,C,S,S,A,22.8613,23.76,22.59,1.17,,0,0.0,0.0,,0,0.0,1,23.76,23.7728,2017-09-25,0,-0.0045,1,23.76,23.7434,2017-09-27,0,-0.0296,1.9033,0.0226490115206108
prebreak,002311,2017-09-11,S,S,A,C,S,S,A,17.4487,17.36,16.6,0.76,,0,0.0,0.0,,0,0.0,0,0.0,0.0,,0,0.0,0,,,,0,,1.2873,0.0565842806217771
prebreak,300050,2017-09-11,S,S,A,C,S,S,A,10.6963,11.06,10.5,0.56,,0,0.0,0.0,,0,0.0,1,11.06,10.8558,2017-09-25,0,-0.3795,1,11.06,10.5,2017-09-26,1,-1.0144,4.0619,0.0586726708422613
prebreak,000869,2017-09-12,S,S,A,C,S,S,A,30.4069,31.6,30.12,1.48,,0,0.0,0.0,,0,0.0,1,31.6,32.0363,2017-09-26,0,0.2784,1,31.6,33.49,2017-11-07,1,1.26,5.0742,0.0218558865493962
prebreak,300003,2017-09-12,S,S,A,C,S,S,A,18.9509,20.92,20.01,0.91,,0,0.0,0.0,,0,0.0,0,0.0,0.0,,0,0.0,0,,,,0,,0.8777,0.0967522404519323
prebreak,300207,2017-09-12,S,S,A,C,S,S,A,12.1877,11.78,11.24,0.54,,0,0.0,0.0,,0,0.0,0,0.0,0.0,,0,0.0,0,,,,0,,1.3993,0.0306705168812397
prebreak,601628,2017-09-12,S,S,A,C,S,S,A,24.0729,25.25,24.35,0.9,,0,0.0,0.0,,0,0.0,0,0.0,0.0,,0,0.0,0,,,,0,,1.7895,0.0560685802792104
prebreak,002117,2017-09-13,S,S,A,C,S,S,A,10.6717,11.26,10.73,0.53,,1,11.26,10.9482,2017-09-19,0,-0.6041,1,11.26,10.9482,2017-09-19,0,-0.6041,1,11.26,10.9482,2017-09-19,0,-0.6041,2.7235,0.0022589152745247
prebreak,300357,2017-09-13,S,S,A,C,S,S,A,12.0185,12.37,11.83,0.54,,0,0.0,0.0,,0,0.0,0,0.0,0.0,,0,0.0,0,,,,0,,1.4824,0.0113467109399436
prebreak,600875,2017-09-13,S,S,A,C,S,S,A,9.4002,9.67,9.16,0.51,,0,0.0,0.0,,0,0.0,0,0.0,0.0,,0,0.0,0,,,,0,,4.4356,0.0760930608640424
prebreak,603788,2017-09-13,S,S,A,C,S,S,A,19.0903,20.4,19.38,1.02,,0,0.0,0.0,,0,0.0,0,0.0,0.0,,0,0.0,0,,,,0,,1.012,-0.0016926942342191
prebreak,603989,2017-09-13,S,S,A,C,S,S,A,25.6091,25.75,24.49,1.26,,0,0.0,0.0,,0,0.0,0,0.0,0.0,,0,0.0,0,,,,0,,0.5567,0.0443363958581
prebreak,300335,2017-09-15,S,S,A,C,S,S,A,16.2415,16.23,15.39,0.84,,0,0.0,0.0,,0,0.0,0,0.0,0.0,,0,0.0,0,,,,0,,1.0901,0.0479490269546032
prebreak,600062,2017-09-15,S,S,A,C,S,S,A,14.5848,14.72,14.16,0.56,,0,0.0,0.0,,0,0.0,0,0.0,0.0,,0,0.0,1,14.72,14.72,2017-11-01,1,-0.02,3.8519,-0.0033543563914497
prebreak,600372,2017-09-15,S,S,A,C,S,S,A,15.7376,16.42,15.68,0.74,,0,0.0,0.0,,0,0.0,0,0.0,0.0,,0,0.0,0,,,,0,,2.4909,0.25095908514476
prebreak,002311,2017-09-18,S,S,A,C,S,S,A,17.3316,17.65,16.82,0.83,,0,0.0,0.0,,0,0.0,0,0.0,0.0,,0,0.0,1,17.65,20.0264,2017-11-20,0,2.8452,1.5478,0.0183721606766102
prebreak,300347,2017-09-18,S,S,A,C,S,S,A,17.9732,17.34,16.47,0.87,,1,17.34,18.4685,2017-09-25,0,1.2812,1,17.34,18.9258,2017-10-09,0,1.8065,1,17.34,20.47,2017-11-21,1,3.5803,1.8693,0.0140460175290488
prebreak,600897,2017-09-18,S,S,A,C,S,S,A,14.3513,14.76,14.17,0.59,,0,0.0,0.0,,0,0.0,0,0.0,0.0,,0,0.0,0,,,,0,,3.2454,0.045938196482465
prebreak,002583,2017-09-19,S,S,A,C,S,S,A,15.6702,16.26,15.46,0.8,,0,0.0,0.0,,0,0.0,0,0.0,0.0,,0,0.0,0,,,,0,,1.1563,0.0856784518716522
prebreak,300207,2017-09-19,S,S,A,C,S,S,A,11.6354,11.78,11.24,0.54,,0,0.0,0.0,,0,0.0,0,0.0,0.0,,0,0.0,0,,,,0,,0.5747,0.0460920208744755
prebreak,300339,2017-09-19,S,S,A,C,S,S,A,11.8245,12.84,12.19,0.65,,0,0.0,0.0,,0,0.0,0,0.0,0.0,,0,0.0,0,,,,0,,2.5828,0.1534454352221494
prebreak,601069,2017-09-19,S,S,A,C,S,S,A,21.6357,21.3,20.27,1.03,,0,0.0,0.0,,0,0.0,0,0.0,0.0,,0,0.0,0,,,,0,,0.8037,0.0435472544640915
prebreak,002759,2017-09-20,S,S,A,C,S,S,A,26.4857,26.75,25.45,1.3,,0,0.0,0.0,,0,0.0,0,0.0,0.0,,0,0.0,0,,,,0,,0.4459,0.0478560767294971
prebreak,000938,2017-09-22,S,S,A,C,S,S,A,20.9037,21.01,20.05,0.96,,0,0.0,0.0,,0,0.0,0,0.0,0.0,,0,0.0,0,,,,0,,1.1737,0.0241117785414859
prebreak,300335,2017-09-22,S,S,A,C,S,S,A,15.8851,16.54,15.73,0.81,,0,0.0,0.0,,0,0.0,1,16.54,17.0618,2017-10-13,0,0.6283,1,16.54,19.2246,2017-11-09,0,3.2967,1.7147,0.0283498998964415
prebreak,000988,2017-09-26,S,S,A,C,S,S,A,15.9858,16.91,16.09,0.82,,1,16.91,17.4842,2017-10-10,0,0.6841,1,16.91,16.8323,2017-10-17,0,-0.1104,1,16.91,16.92,2017-11-24,1,-0.0035,1.7466,0.0616906293918673
prebreak,002583,2017-09-26,S,S,A,C,S,S,A,15.9673,16.08,15.4,0.68,,0,0.0,0.0,,0,0.0,0,0.0,0.0,,0,0.0,0,,,,0,,1.1563,0.0736598712236262
prebreak,300207,2017-09-26,S,S,A,C,S,S,A,11.5043,11.96,11.36,0.6,,0,0.0,0.0,,0,0.0,0,0.0,0.0,,0,0.0,0,,,,0,,2.9585,0.0328843720224769
prebreak,300339,2017-09-26,S,S,A,C,S,S,A,11.498,12.13,11.54,0.59,,0,0.0,0.0,,0,0.0,0,0.0,0.0,,0,0.0,0,,,,0,,0.9361,-0.0113930276856433
prebreak,601069,2017-09-26,S,S,A,C,S,S,A,20.9308,21.57,20.55,1.02,,0,0.0,0.0,,0,0.0,0,0.0,0.0,,0,0.0,0,,,,0,,2.0352,0.4552772869456905
prebreak,000938,2017-09-29,S,S,A,C,S,S,A,21.7122,21.01,20.05,0.96,,1,21.01,22.0793,2017-10-13,0,1.0965,1,21.01,21.3874,2017-10-20,0,0.3762,1,21.01,21.01,2017-10-20,1,-0.0166,2.0906,-0.0081477424825708
prebreak,300335,2017-09-29,S,S,A,C,S,S,A,15.7774,15.96,15.42,0.54,,0,0.0,0.0,,0,0.0,0,0.0,0.0,,0,0.0,0,,,,0,,0.9696,-0.0092420480542264
prebreak,600486,2017-09-29,S,S,A,C,S,S,A,27.0487,27.48,26.31,1.17,,1,27.48,29.639,2017-10-13,0,1.8263,1,27.48,29.1668,2017-10-20,0,1.423,1,27.48,31.32,2017-11-16,1,3.2621,2.1788,-0.0372014590002049
prebreak,002311,2017-10-09,S,S,A,C,S,S,A,16.7998,17.07,16.34,0.73,,0,0.0,0.0,,0,0.0,0,0.0,0.0,,0,0.0,0,,,,0,,1.0893,-0.0057865500441585
prebreak,002664,2017-10-09,S,S,A,C,S,S,A,28.9017,28.06,26.99,1.07,,0,0.0,0.0,,0,0.0,0,0.0,0.0,,0,0.0,0,,,,0,,1.1178,0.0673948310337568
prebreak,601888,2017-10-09,S,S,A,C,S,S,A,31.7958,31.69,30.14,1.55,,0,0.0,0.0,,0,0.0,0,0.0,0.0,,0,0.0,0,,,,0,,1.0039,0.0732683485916414
prebreak,603898,2017-10-09,S,S,A,C,S,S,A,25.4142,25.64,24.44,1.2,,0,0.0,0.0,,0,0.0,0,0.0,0.0,,0,0.0,0,,,,0,,1.0105,0.0253652151202647
prebreak,000988,2017-10-10,S,S,A,C,S,S,A,17.4842,16.91,16.09,0.82,,0,0.0,0.0,,0,0.0,0,0.0,0.0,,0,0.0,0,,,,0,,1.1525,0.0345164049490991
prebreak,002583,2017-10-10,S,S,A,C,S,S,A,17.2154,16.08,15.4,0.68,,0,0.0,0.0,,0,0.0,0,0.0,0.0,,0,0.0,0,,,,0,,0.9518,0.0406241828782838
prebreak,601069,2017-10-10,S,S,A,C,S,S,A,20.7057,20.83,20.09,0.74,,0,0.0,0.0,,0,0.0,0,0.0,0.0,,0,0.0,0,,,,0,,2.3119,0.5318227157027615
prebreak,002179,2017-10-11,S,S,A,C,S,S,A,14.644,13.84,13.17,0.67,,1,13.84,14.7452,2017-10-18,0,1.3345,1,13.84,15.0955,2017-10-25,0,1.857,1,13.84,14.8892,2017-11-13,0,1.5493,1.8063,0.0581735027439267
prebreak,002427,2017-10-11,S,S,A,C,S,S,A,25.4693,24.67,23.39,1.28,,0,0.0,0.0,,0,0.0,0,0.0,0.0,,0,0.0,0,,,,0,,1.3643,0.0291329633901107
prebreak,600161,2017-10-11,S,S,A,C,S,S,A,12.1523,11.99,11.45,0.54,,1,11.99,12.2235,2017-10-16,0,0.4152,1,11.99,12.2235,2017-10-16,0,0.4152,1,11.99,12.2235,2017-10-16,0,0.4152,1.6382,0.0151706140613345
prebreak,600486,2017-10-13,S,S,A,C,S,S,A,29.639,27.48,26.31,1.17,,0,0.0,0.0,,0,0.0,0,0.0,0.0,,0,0.0,0,,,,0,,1.2536,0.0112706372371984
prebreak,000988,2017-10-17,S,S,A,C,S,S,A,16.8323,17.64,16.81,0.83,,0,0.0,0.0,,0,0.0,0,0.0,0.0,,0,0.0,1,17.64,17.3674,2017-11-03,0,-0.3444,1.6403,0.071522458766811
prebreak,002583,2017-10-17,S,S,A,C,S,S,A,17.6512,17.44,16.79,0.65,,0,0.0,0.0,,0,0.0,0,0.0,0.0,,0,0.0,0,,,,0,,0.6451,0.0762065957293203
prebreak,300207,2017-10-17,S,S,A,C,S,S,A,11.0082,11.85,11.33,0.52,,0,0.0,0.0,,0,0.0,0,0.0,0.0,,0,0.0,1,11.85,11.33,2017-11-08,1,-1.0167,2.9585,0.0233845993700962
prebreak,000538,2017-10-20,S,S,A,C,S,S,A,53.5427,50.67,48.7,1.97,,0,0.0,0.0,,0,0.0,0,0.0,0.0,,0,0.0,0,,,,0,,1.4056,0.0641305546791477
prebreak,600486,2017-10-20,S,S,A,C,S,S,A,29.1668,27.48,26.31,1.17,,0,0.0,0.0,,0,0.0,0,0.0,0.0,,0,0.0,0,,,,0,,0.6,0.0259533325146894
prebreak,600585,2017-10-20,S,S,A,C,S,S,A,17.5607,16.75,15.99,0.76,,0,0.0,0.0,,0,0.0,0,0.0,0.0,,0,0.0,0,,,,0,,0.874,0.0329256434030704
prebreak,600754,2017-10-20,S,S,A,C,S,S,A,25.6791,28.36,27.01,1.35,,0,0.0,0.0,,0,0.0,0,0.0,0.0,,0,0.0,1,28.36,27.01,2017-11-30,1,-1.0153,2.0663,0.0750382803915183
prebreak,601877,2017-10-20,S,S,A,C,S,S,A,18.8106,16.9,16.04,0.86,,1,16.9,20.398,2017-10-27,0,4.0499,1,16.9,19.9316,2017-11-03,0,3.5079,1,16.9,22.53,2017-11-17,1,6.5275,1.6887,0.0134866149834871
prebreak,600132,2017-10-23,S,S,A,C,S,S,A,16.5408,17.13,16.25,0.88,,0,0.0,0.0,,0,0.0,1,17.13,16.25,2017-11-06,1,-1.0142,1,17.13,16.25,2017-11-06,1,-1.0142,1.5263,0.0028433178052573
prebreak,601689,2017-10-23,S,S,A,C,S,S,A,13.0176,13.09,12.42,0.67,,0,0.0,0.0,,0,0.0,0,0.0,0.0,,0,0.0,0,,,,0,,0.8185,0.0353954374698013
prebreak,002589,2017-10-25,S,S,A,C,S,S,A,14.4124,14.32,13.67,0.65,,1,14.32,14.7238,2017-10-30,0,0.6041,1,14.32,14.7238,2017-10-30,0,0.6041,1,14.32,14.7238,2017-10-30,0,0.6041,3.0814,-0.0077505570591674
prebreak,002733,2017-10-25,S,S,A,C,S,S,A,17.997,17.65,16.83,0.82,,0,0.0,0.0,,0,0.0,0,0.0,0.0,,0,0.0,0,,,,0,,0.4239,-0.0388172663006227
prebreak,600699,2017-10-26,S,S,A,C,S,S,A,26.1661,25.88,24.64,1.24,,1,25.88,26.119,2017-11-02,0,0.1767,1,25.88,28.0437,2017-11-09,0,1.728,1,25.88,25.88,2017-11-20,1,-0.0159,1.665,0.1211345014259452
prebreak,000988,2017-10-31,S,S,A,C,S,S,A,17.5134,17.05,16.17,0.88,,1,17.05,17.8636,2017-11-07,0,0.9093,1,17.05,19.0506,2017-11-14,0,2.2573,1,17.05,17.05,2017-11-24,1,-0.0147,1.6403,0.0356835556674677
prebreak,002275,2017-10-31,S,S,A,C,S,S,A,12.8069,13.38,12.78,0.6,,0,0.0,0.0,,0,0.0,0,0.0,0.0,,0,0.0,0,,,,0,,1.7623,0.1792617215516769
prebreak,002444,2017-10-31,S,S,A,C,S,S,A,14.6678,14.93,14.23,0.7,,0,0.0,0.0,,0,0.0,0,0.0,0.0,,0,0.0,0,,,,0,,1.3383,0.0725169407074433
prebreak,300183,2017-10-31,S,S,A,C,S,S,A,17.4088,19.02,18.06,0.96,,0,0.0,0.0,,0,0.0,0,0.0,0.0,,0,0.0,0,,,,0,,3.7416,0.0807417032085611
prebreak,002589,2017-11-01,S,S,A,C,S,S,A,13.5463,14.32,13.67,0.65,,0,0.0,0.0,,0,0.0,0,0.0,0.0,,0,0.0,0,,,,0,,2.6263,0.1669357049018673
prebreak,002626,2017-11-03,S,S,A,C,S,S,A,13.0053,12.47,11.86,0.61,,0,0.0,0.0,,0,0.0,0,0.0,0.0,,0,0.0,0,,,,0,,0.8849,0.0040544707642908
prebreak,300463,2017-11-03,S,S,A,C,S,S,A,23.1013,24.28,23.04,1.24,,0,0.0,0.0,,0,0.0,0,0.0,0.0,,0,0.0,0,,,,0,,1.066,0.0023125806509232
prebreak,600323,2017-11-03,S,S,A,C,S,S,A,13.4556,12.77,12.23,0.54,,0,0.0,0.0,,0,0.0,0,0.0,0.0,,0,0.0,0,,,,0,,1.1957,0.0078450703453805
prebreak,600585,2017-11-03,S,S,A,C,S,S,A,16.8248,16.75,15.99,0.76,,0,0.0,0.0,,0,0.0,0,0.0,0.0,,0,0.0,0,,,,0,,1.03,0.0120500240941967
prebreak,600754,2017-11-03,S,S,A,C,S,S,A,26.4506,26.62,25.36,1.26,,0,0.0,0.0,,0,0.0,0,0.0,0.0,,0,0.0,0,,,,0,,1.2097,-0.0116136703222007
prebreak,600132,2017-11-06,S,S,A,C,S,S,A,16.6191,16.51,15.74,0.77,,0,0.0,0.0,,0,0.0,0,0.0,0.0,,0,0.0,0,,,,0,,0.7287,-0.0559715153730782
prebreak,000988,2017-11-07,S,S,A,C,S,S,A,17.8636,18.1,17.17,0.93,,1,18.1,19.0506,2017-11-14,0,1.0068,1,18.1,18.5933,2017-11-21,0,0.5154,1,18.1,18.1,2017-11-17,1,-0.0148,1.8535,0.0612060440678094
prebreak,000999,2017-11-07,S,S,A,C,S,S,A,13.646,13.89,13.26,0.63,,0,0.0,0.0,,0,0.0,0,0.0,0.0,,0,0.0,0,,,,0,,1.4763,0.0697053737239865
prebreak,002035,2017-11-07,S,S,A,C,S,S,A,15.1342,15.73,14.98,0.75,,1,15.73,15.674,2017-11-14,0,-0.0906,1,15.73,15.3522,2017-11-15,0,-0.5194,1,15.73,15.3522,2017-11-15,0,-0.5194,1.5503,0.0751319016944487
prebreak,300146,2017-11-07,S,S,A,C,S,S,A,10.5699,10.62,10.07,0.55,,1,10.62,11.3568,2017-11-14,0,1.3241,1,10.62,11.7812,2017-11-21,0,2.0952,1,10.62,10.62,2017-11-29,1,-0.0147,1.8565,-0.0025372622619229
prebreak,300144,2017-11-08,S,S,A,C,S,S,A,10.1235,9.98,9.47,0.51,,0,0.0,0.0,,0,0.0,0,0.0,0.0,,0,0.0,0,,,,0,,1.1536,0.0371719561117067
prebreak,002468,2017-11-09,S,S,A,C,S,S,A,25.0863,26.12,24.78,1.34,,0,0.0,0.0,,0,0.0,0,0.0,0.0,,0,0.0,0,,,,0,,2.1991,0.0896007281244199
prebreak,002597,2017-11-09,S,S,A,C,S,S,A,19.8515,18.77,17.87,0.9,,1,18.77,21.4297,2017-11-16,0,2.9375,1,18.77,20.4994,2017-11-23,0,1.9045,1,18.77,23.6723,2018-01-22,1,5.4277,1.5002,-0.0114649106084634
prebreak,002424,2017-11-10,S,S,A,C,S,S,A,17.2192,17.81,17.0,0.81,,0,0.0,0.0,,0,0.0,0,0.0,0.0,,0,0.0,0,,,,0,,0.5921,0.0495465142591271
prebreak,002626,2017-11-10,S,S,A,C,S,S,A,13.0454,12.47,11.86,0.61,,1,12.47,14.4655,2017-11-17,0,3.2537,1,12.47,15.5887,2017-11-24,0,5.0939,1,12.47,15.5,2017-11-24,1,4.9485,2.8791,0.0431384702973975
prebreak,300463,2017-11-10,S,S,A,C,S,S,A,24.0141,24.28,23.04,1.24,,1,24.28,24.0779,2017-11-15,0,-0.1777,1,24.28,24.0779,2017-11-15,0,-0.1777,1,24.28,24.0779,2017-11-15,0,-0.1777,1.6176,0.0286688279379543
prebreak,600323,2017-11-10,S,S,A,C,S,S,A,13.4982,13.94,13.29,0.65,,0,0.0,0.0,,0,0.0,0,0.0,0.0,,0,0.0,0,,,,0,,1.3618,0.1039016707608988
prebreak,600585,2017-11-10,S,S,A,C,S,S,A,16.7245,17.36,16.5,0.86,,1,17.36,18.9589,2017-11-17,0,1.8427,1,17.36,19.2599,2017-11-24,0,2.1925,1,17.36,21.3806,2018-01-02,0,4.6568,2.1583,0.0622166811496258
prebreak,600597,2017-11-10,S,S,A,C,S,S,A,14.0496,13.08,12.48,0.6,,1,13.08,13.682,2017-11-17,0,0.9861,1,13.08,13.1619,2017-11-24,0,0.1199,1,13.08,13.08,2017-11-20,1,-0.0166,1.7646,0.0375975138630415
prebreak,600754,2017-11-10,S,S,A,C,S,S,A,29.2649,26.62,25.36,1.26,,1,26.62,28.9054,2017-11-17,0,1.7966,1,26.62,28.0813,2017-11-24,0,1.143,1,26.62,26.62,2017-11-30,1,-0.0161,1.7665,0.0452057847745952
prebreak,600867,2017-11-10,S,S,A,C,S,S,A,15.4705,14.78,14.08,0.7,,0,0.0,0.0,,0,0.0,0,0.0,0.0,,0,0.0,0,,,,0,,1.4939,-0.0035395646457089
prebreak,000963,2017-11-13,S,S,A,C,S,S,A,26.5466,26.79,25.48,1.31,,0,0.0,0.0,,0,0.0,0,0.0,0.0,,0,0.0,0,,,,0,,1.1883,-0.0137705727416782
prebreak,002690,2017-11-13,S,S,A,C,S,S,A,11.3603,11.09,10.52,0.57,,0,0.0,0.0,,0,0.0,0,0.0,0.0,,0,0.0,0,,,,0,,1.2181,0.0218579496939343
prebreak,002007,2017-11-16,S,S,A,C,S,S,A,13.2786,13.17,12.49,0.68,,0,0.0,0.0,,0,0.0,0,0.0,0.0,,0,0.0,0,,,,0,,1.1962,0.0474798396337314
prebreak,002468,2017-11-16,S,S,A,C,S,S,A,23.0893,26.12,24.78,1.34,,0,0.0,0.0,,0,0.0,0,0.0,0.0,,0,0.0,0,,,,0,,2.1991,0.0896007281244199
prebreak,603188,2017-11-16,S,S,A,C,S,S,A,17.0398,17.79,16.96,0.83,,0,0.0,0.0,,0,0.0,0,0.0,0.0,,0,0.0,0,,,,0,,,
prebreak,603313,2017-11-16,S,S,A,C,S,S,A,17.054,16.84,15.98,0.86,,1,16.84,17.0426,2017-11-23,0,0.2206,1,16.84,17.3446,2017-11-30,0,0.5715,1,16.84,15.98,2017-12-06,1,-1.0143,2.3326,0.0366317279687991
prebreak,000776,2017-11-20,S,S,A,C,S,S,A,13.9221,14.87,14.11,0.76,,0,0.0,0.0,,0,0.0,0,0.0,0.0,,0,0.0,0,,,,0,,4.7201,0.0987994625979669
prebreak,000963,2017-11-20,S,S,A,C,S,S,A,25.9585,26.79,25.48,1.31,,0,0.0,0.0,,0,0.0,0,0.0,0.0,,0,0.0,0,,,,0,,1.1883,-0.0137705727416782
prebreak,002138,2017-11-20,S,S,A,C,S,S,A,17.2428,18.2,17.28,0.92,,0,0.0,0.0,,0,0.0,0,0.0,0.0,,0,0.0,0,,,,0,,1.7842,0.1581441768679365
prebreak,002311,2017-11-20,S,S,A,C,S,S,A,20.0264,17.96,17.05,0.91,,1,17.96,17.8543,2017-11-27,0,-0.1311,1,17.96,18.5123,2017-12-04,0,0.5915,1,17.96,17.96,2017-11-27,1,-0.015,1.5742,-0.0026400115962719
prebreak,002321,2017-11-20,S,S,A,C,S,S,A,12.7045,13.18,12.51,0.67,,0,0.0,0.0,,0,0.0,1,13.18,13.8351,2017-12-14,0,0.9622,1,13.18,13.18,2017-12-22,1,-0.015,6.2413,0.0022223558475267
prebreak,300024,2017-11-20,S,S,A,C,S,S,A,19.6554,21.37,20.59,0.78,,0,0.0,0.0,,0,0.0,0,0.0,0.0,,0,0.0,0,,,,0,,2.8251,0.1374395494220335
prebreak,000049,2017-11-21,S,S,A,C,S,S,A,28.2679,29.03,27.69,1.34,,0,0.0,0.0,,0,0.0,0,0.0,0.0,,0,0.0,0,,,,0,,1.0351,0.0107546040900146
prebreak,000915,2017-11-21,S,S,A,C,S,S,A,23.3775,25.7,24.38,1.32,,0,0.0,0.0,,0,0.0,0,0.0,0.0,,0,0.0,0,,,,0,,0.7624,0.3129738300117637
prebreak,300183,2017-11-21,S,S,A,C,S,S,A,16.5393,18.57,17.77,0.8,,1,18.57,17.77,2017-11-24,1,-1.017,1,18.57,17.77,2017-11-24,1,-1.017,1,18.57,17.77,2017-11-24,1,-1.017,5.5357,0.0199997010671335
prebreak,603919,2017-11-21,S,S,A,C,S,S,A,13.8392,14.0,13.32,0.68,,0,0.0,0.0,,0,0.0,0,0.0,0.0,,0,0.0,0,,,,0,,2.9281,0.3251118818494201
prebreak,002356,2017-11-22,S,S,A,C,S,S,A,15.443,15.91,15.37,0.54,,0,0.0,0.0,,0,0.0,0,0.0,0.0,,0,0.0,0,,,,0,,0.6413,-0.0059081058129374
prebreak,002589,2017-11-22,S,S,A,C,S,S,A,13.0597,14.28,13.69,0.59,,0,0.0,0.0,,0,0.0,0,0.0,0.0,,0,0.0,0,,,,0,,2.6263,0.1636761079608006
prebreak,603939,2017-11-22,S,S,A,C,S,S,A,12.5566,11.7,11.18,0.52,,0,0.0,0.0,,0,0.0,0,0.0,0.0,,0,0.0,0,,,,0,,0.7197,0.0210675286571888
prebreak,002223,2017-11-24,S,S,A,C,S,S,A,18.0989,19.82,18.81,1.01,,0,0.0,0.0,,0,0.0,0,0.0,0.0,,0,0.0,0,,,,0,,3.3505,0.0280656203033984
prebreak,002424,2017-11-24,S,S,A,C,S,S,A,15.854,16.09,15.36,0.73,,0,0.0,0.0,,0,0.0,0,0.0,0.0,,0,0.0,0,,,,0,,,
prebreak,002821,2017-11-24,S,S,A,C,S,S,A,38.7536,43.83,42.17,1.66,,0,0.0,0.0,,0,0.0,0,0.0,0.0,,0,0.0,0,,,,0,,1.5632,0.2386038660857452
prebreak,300463,2017-11-24,S,S,A,C,S,S,A,21.504,24.65,23.54,1.11,,0,0.0,0.0,,0,0.0,0,0.0,0.0,,0,0.0,0,,,,0,,2.1347,0.1072878662768941
prebreak,600062,2017-11-24,S,S,A,C,S,S,A,16.2951,15.74,14.99,0.75,,0,0.0,0.0,,0,0.0,0,0.0,0.0,,0,0.0,0,,,,0,,0.7625,0.0095922496288936
prebreak,600323,2017-11-24,S,S,A,C,S,S,A,12.9607,13.35,12.73,0.62,,0,0.0,0.0,,0,0.0,0,0.0,0.0,,0,0.0,1,13.35,13.1569,2017-12-25,0,-0.3275,2.6236,0.0382390171021049
prebreak,600754,2017-11-24,S,S,A,C,S,S,A,28.0813,26.62,25.36,1.26,,0,0.0,0.0,,0,0.0,0,0.0,0.0,,0,0.0,0,,,,0,,0.5397,0.0391248476284051
prebreak,000049,2017-11-28,S,S,A,C,S,S,A,24.9834,29.16,27.85,1.31,,0,0.0,0.0,,0,0.0,0,0.0,0.0,,0,0.0,0,,,,0,,1.4352,0.118815388754228
prebreak,002153,2017-11-28,S,S,A,C,S,S,A,11.6703,9.46,8.96,0.5,,0,0.0,0.0,,0,0.0,0,0.0,0.0,,0,0.0,0,,,,0,,0.9914,0.0225856435322091
prebreak,000028,2017-11-29,S,S,A,C,S,S,A,35.8298,38.04,36.38,1.66,,0,0.0,0.0,,0,0.0,0,0.0,0.0,,0,0.0,0,,,,0,,0.914,0.0826788721180509
prebreak,002589,2017-11-29,S,S,A,C,S,S,A,12.8456,14.28,13.69,0.59,,0,0.0,0.0,,0,0.0,0,0.0,0.0,,0,0.0,0,,,,0,,2.6263,0.1636761079608006
prebreak,300144,2017-11-29,S,S,A,C,S,S,A,9.3266,10.78,10.26,0.52,,0,0.0,0.0,,0,0.0,0,0.0,0.0,,0,0.0,0,,,,0,,3.5755,0.0508055817946426
prebreak,000423,2017-11-30,S,S,A,C,S,S,A,47.4854,50.71,48.74,1.97,,0,0.0,0.0,,0,0.0,0,0.0,0.0,,0,0.0,0,,,,0,,1.7711,0.0537149953568385
prebreak,600771,2017-11-30,S,S,A,C,S,S,A,28.5643,28.82,27.8,1.02,,0,0.0,0.0,,0,0.0,0,0.0,0.0,,0,0.0,0,,,,0,,1.2311,-0.0039990125894839
prebreak,603900,2017-11-30,S,S,A,C,S,S,A,21.9541,22.44,21.27,1.17,,1,22.44,23.5093,2017-12-07,0,0.8988,1,22.44,24.4192,2017-12-14,0,1.676,1,22.44,26.9257,2018-01-08,0,3.8169,1.9112,0.017911654964287
prebreak,600062,2017-12-01,S,S,A,C,S,S,A,15.522,15.74,14.99,0.75,,0,0.0,0.0,,0,0.0,0,0.0,0.0,,0,0.0,0,,,,0,,0.3905,0.0368908233006977
prebreak,002589,2017-12-06,S,S,A,C,S,S,A,12.3007,14.28,13.69,0.59,,0,0.0,0.0,,0,0.0,0,0.0,0.0,,0,0.0,0,,,,0,,2.6263,0.1636761079608006
prebreak,600262,2017-12-06,S,S,A,C,S,S,A,14.9722,14.88,14.2,0.68,,0,0.0,0.0,,0,0.0,0,0.0,0.0,,0,0.0,0,,,,0,,1.0245,0.0796327847236486
prebreak,600850,2017-12-06,S,S,A,C,S,S,A,11.423,12.14,11.52,0.62,,0,0.0,0.0,,0,0.0,0,0.0,0.0,,0,0.0,0,,,,0,,4.9263,0.1840413746144362
prebreak,603883,2017-12-06,S,S,A,C,S,S,A,21.2437,21.64,20.57,1.07,,1,21.64,20.57,2017-12-12,1,-1.0147,1,21.64,20.57,2017-12-12,1,-1.0147,1,21.64,20.57,2017-12-12,1,-1.0147,1.5348,6.0118576823420256e-06
prebreak,002310,2017-12-07,S,S,A,C,S,S,A,20.2561,20.83,19.89,0.94,,0,0.0,0.0,,0,0.0,0,0.0,0.0,,0,0.0,0,,,,0,,0.9753,0.0368437566484722
prebreak,300270,2017-12-08,S,S,A,C,S,S,A,13.252,12.16,11.57,0.59,,1,12.16,12.9024,2017-12-13,0,1.2419,1,12.16,12.9024,2017-12-13,0,1.2419,1,12.16,12.9024,2017-12-13,0,1.2419,3.3968,0.0147120181611615
prebreak,600729,2017-12-08,S,S,A,C,S,S,A,14.4769,16.08,15.43,0.65,,0,0.0,0.0,,0,0.0,0,0.0,0.0,,0,0.0,0,,,,0,,3.3385,0.0575902183847671
prebreak,600990,2017-12-08,S,S,A,C,S,S,A,36.2995,38.57,36.56,2.01,,0,0.0,0.0,,0,0.0,0,0.0,0.0,,0,0.0,0,,,,0,,,
prebreak,002311,2017-12-11,S,S,A,C,S,S,A,19.2964,18.94,18.08,0.86,,0,0.0,0.0,,0,0.0,0,0.0,0.0,,0,0.0,0,,,,0,,0.7981,-0.008745420526419
prebreak,300024,2017-12-11,S,S,A,C,S,S,A,18.9673,19.22,18.31,0.91,,1,19.22,19.3363,2017-12-18,0,0.1117,1,19.22,18.708,2017-12-25,0,-0.5783,1,19.22,18.31,2018-01-15,1,-1.0154,2.2413,-0.0055010893246186
prebreak,300055,2017-12-11,S,S,A,C,S,S,A,20.5855,20.13,19.26,0.87,,1,20.13,21.1418,2017-12-18,0,1.1447,1,20.13,21.8641,2017-12-25,0,1.9744,1,20.13,20.13,2018-01-10,1,-0.0176,1.5379,0.0199490112637314
prebreak,300065,2017-12-11,S,S,A,C,S,S,A,12.5987,12.0,11.43,0.57,,0,0.0,0.0,,0,0.0,0,0.0,0.0,,0,0.0,0,,,,0,,1.4546,-0.0583986934891367
prebreak,600435,2017-12-11,S,S,A,C,S,S,A,13.0681,12.43,11.93,0.5,,1,12.43,12.7938,2017-12-18,0,0.7083,1,12.43,11.93,2017-12-25,1,-1.0183,1,12.43,11.93,2017-12-25,1,-1.0183,1.593,-0.0851750985834596
prebreak,000910,2017-12-13,S,S,A,C,S,S,A,19.5325,18.9,18.05,0.85,,0,0.0,0.0,,0,0.0,0,0.0,0.0,,0,0.0,0,,,,0,,0.9278,-0.0757006249962038
prebreak,002589,2017-12-13,S,S,A,C,S,S,A,13.1473,14.28,13.69,0.59,,0,0.0,0.0,,0,0.0,0,0.0,0.0,,0,0.0,0,,,,0,,2.6263,0.1636761079608006
prebreak,002221,2017-12-14,S,S,A,C,S,S,A,11.51,11.43,10.85,0.58,,0,0.0,0.0,,0,0.0,0,0.0,0.0,,0,0.0,0,,,,0,,0.9721,0.0716275283806757
prebreak,300036,2017-12-14,S,S,A,C,S,S,A,15.5989,15.6,15.0,0.6,,0,0.0,0.0,,0,0.0,0,0.0,0.0,,0,0.0,0,,,,0,,1.1205,0.0133478521184891
prebreak,600521,2017-12-14,S,S,A,C,S,S,A,20.6356,17.31,16.51,0.8,,1,17.31,21.4766,2017-12-21,0,5.1885,1,17.31,20.4731,2017-12-28,0,3.9349,1,17.31,20.07,2017-12-28,1,3.4314,1.6424,-0.0210177594730619
prebreak,001979,2017-12-15,S,S,A,C,S,S,A,13.8188,14.31,13.75,0.56,,0,0.0,0.0,,0,0.0,0,0.0,0.0,,0,0.0,0,,,,0,,1.4687,-0.0206576239589524
prebreak,600062,2017-12-15,S,S,A,C,S,S,A,15.8709,16.41,15.78,0.63,,1,16.41,16.5892,2017-12-22,0,0.2645,1,16.41,16.9313,2017-12-29,0,0.8071,1,16.41,16.42,2018-01-15,1,-0.0039,1.9661,0.0108726533465139
prebreak,600729,2017-12-15,S,S,A,C,S,S,A,15.186,15.19,14.54,0.65,,0,0.0,0.0,,0,0.0,0,0.0,0.0,,0,0.0,0,,,,0,,1.0991,-0.0104944660722398
prebreak,600990,2017-12-15,S,S,A,C,S,S,A,36.7023,36.87,35.5,1.37,,0,0.0,0.0,,0,0.0,0,0.0,0.0,,0,0.0,0,,,,0,,0.7043,-0.0225567740787171
prebreak,603858,2017-12-15,S,S,A,C,S,S,A,22.8409,23.67,22.61,1.06,,0,0.0,0.0,,0,0.0,0,0.0,0.0,,0,0.0,0,,,,0,,4.1695,0.0538243137034299
prebreak,002311,2017-12-18,S,S,A,C,S,S,A,19.1612,19.87,19.11,0.76,,1,19.87,20.8285,2017-12-25,0,1.2406,1,19.87,20.5852,2018-01-02,0,0.9206,1,19.87,19.87,2018-01-08,1,-0.0199,1.6105,-0.0010663869358533
prebreak,300055,2017-12-18,S,S,A,C,S,S,A,21.1418,22.05,20.95,1.1,,0,0.0,0.0,,0,0.0,0,0.0,0.0,,0,0.0,0,,,,0,,1.3872,0.0701291595650206
prebreak,000998,2017-12-19,S,S,A,C,S,S,A,25.1482,25.9,24.6,1.3,,0,0.0,0.0,,0,0.0,0,0.0,0.0,,0,0.0,0,,,,0,,1.2621,0.0740645953044238
prebreak,300349,2017-12-19,S,S,A,C,S,S,A,15.5023,15.16,14.66,0.5,,0,0.0,0.0,,0,0.0,0,0.0,0.0,,0,0.0,0,,,,0,,1.4561,0.0452253188135278
prebreak,300036,2017-12-21,S,S,A,C,S,S,A,15.2583,15.91,15.35,0.56,,0,0.0,0.0,,0,0.0,0,0.0,0.0,,0,0.0,0,,,,0,,2.3927,0.1554580214568528
prebreak,300124,2017-12-21,S,S,A,C,S,S,A,17.6558,17.9,16.99,0.91,,0,0.0,0.0,,0,0.0,0,0.0,0.0,,0,0.0,0,,,,0,,1.2458,0.0607720792971044
prebreak,002410,2017-12-22,S,S,A,C,S,S,A,13.3927,13.4,12.69,0.71,,1,13.4,13.1672,2017-12-27,0,-0.3421,1,13.4,13.1672,2017-12-27,0,-0.3421,1,13.4,13.1672,2017-12-27,0,-0.3421,1.5841,0.0146165884258318
prebreak,300270,2017-12-22,S,S,A,C,S,S,A,13.1022,13.18,12.52,0.66,,0,0.0,0.0,,0,0.0,0,0.0,0.0,,0,0.0,0,,,,0,,0.7291,0.0782624160994023
prebreak,300463,2017-12-22,S,S,A,C,S,S,A,21.504,22.25,21.33,0.92,,1,22.25,21.7687,2017-12-28,0,-0.5412,1,22.25,21.7687,2017-12-28,0,-0.5412,1,22.25,21.7687,2017-12-28,0,-0.5412,1.7653,0.0277103924615431
prebreak,600062,2017-12-22,S,S,A,C,S,S,A,16.5892,16.41,15.78,0.63,,0,0.0,0.0,,0,0.0,0,0.0,0.0,,0,0.0,0,,,,0,,1.0401,-0.0004996640036342
prebreak,600729,2017-12-22,S,S,A,C,S,S,A,14.9293,15.42,14.76,0.66,,0,0.0,0.0,,0,0.0,0,0.0,0.0,,0,0.0,0,,,,0,,0.97,0.0687583898187917
prebreak,002025,2017-12-26,S,S,A,C,S,S,A,21.1498,20.65,19.81,0.84,,0,0.0,0.0,,0,0.0,0,0.0,0.0,,0,0.0,0,,,,0,,1.1049,0.068851577913674
prebreak,300349,2017-12-26,S,S,A,C,S,S,A,17.3243,15.16,14.66,0.5,,1,15.16,18.0584,2018-01-03,0,5.7702,1,15.16,18.3539,2018-01-10,0,6.3607,1,15.16,17.71,2018-01-17,1,5.0737,3.3489,0.06227416341149
prebreak,300357,2017-12-27,S,S,A,C,S,S,A,14.1658,14.4,13.75,0.65,,0,0.0,0.0,,0,0.0,0,0.0,0.0,,0,0.0,0,,,,0,,1.0817,0.0697771506327753
prebreak,600875,2017-12-27,S,S,A,C,S,S,A,9.4692,9.51,9.01,0.5,,1,9.51,9.6244,2018-01-04,0,0.2142,1,9.51,9.6244,2018-01-11,0,0.2142,1,9.51,9.01,2018-02-09,1,-1.0138,1.5177,0.0492255958709104
prebreak,002614,2017-12-28,S,S,A,C,S,S,A,14.945,15.39,14.63,0.76,,1,15.39,15.5559,2018-01-05,0,0.2027,1,15.39,16.1749,2018-01-12,0,1.0167,1,15.39,15.39,2018-01-30,1,-0.0154,2.5167,0.0922734829783116
prebreak,300463,2017-12-29,S,S,A,C,S,S,A,21.8783,22.25,21.27,0.98,,0,0.0,0.0,,0,0.0,0,0.0,0.0,,0,0.0,0,,,,0,,2.0759,0.0902187168688641
prebreak,600062,2017-12-29,S,S,A,C,S,S,A,16.9313,16.7,15.98,0.72,,0,0.0,0.0,,0,0.0,0,0.0,0.0,,0,0.0,0,,,,0,,1.4986,0.0702291875345291
prebreak,600436,2017-12-29,S,S,A,C,S,S,A,59.1317,60.77,57.9,2.87,,1,60.77,64.6332,2018-01-08,0,1.3291,1,60.77,68.2447,2018-01-15,0,2.5867,1,60.77,77.442,2018-03-08,1,5.7893,1.7457,0.0290081616591482
prebreak,600729,2017-12-29,S,S,A,C,S,S,A,15.3205,15.42,14.76,0.66,,0,0.0,0.0,,0,0.0,0,0.0,0.0,,0,0.0,0,,,,0,,0.97,0.0687583898187917
prebreak,002241,2018-01-02,S,S,A,C,S,S,A,16.122,16.58,15.73,0.85,,0,0.0,0.0,,0,0.0,0,0.0,0.0,,0,0.0,0,,,,0,,1.2751,-0.0180793811295203
prebreak,002617,2018-01-02,S,S,A,C,S,S,A,10.8223,11.0,10.49,0.51,,0,0.0,0.0,,0,0.0,0,0.0,0.0,,0,0.0,1,11.0,11.0353,2018-01-29,0,0.0528,3.0466,0.0361744720696852
prebreak,002690,2018-01-02,S,S,A,C,S,S,A,11.3308,11.58,11.01,0.57,,0,0.0,0.0,,0,0.0,0,0.0,0.0,,0,0.0,0,,,,0,,1.4297,-0.0261900225020573
prebreak,300055,2018-01-02,S,S,A,C,S,S,A,21.3468,22.27,21.12,1.15,,0,0.0,0.0,,0,0.0,0,0.0,0.0,,0,0.0,0,,,,0,,,
prebreak,300199,2018-01-02,S,S,A,C,S,S,A,16.405,16.46,15.85,0.61,,0,0.0,0.0,,0,0.0,0,0.0,0.0,,0,0.0,0,,,,0,,1.2063,0.0835430404076791
prebreak,002508,2018-01-03,S,S,A,C,S,S,A,38.003,38.43,36.52,1.91,,1,38.43,39.5446,2018-01-10,0,0.5679,1,38.43,39.8054,2018-01-17,0,0.7043,1,38.43,38.43,2018-02-06,1,-0.0153,1.6832,0.0533265924131849
prebreak,002672,2018-01-03,S,S,A,C,S,S,A,15.772,15.88,15.05,0.83,,1,15.88,15.6781,2018-01-08,0,-0.2576,1,15.88,15.6781,2018-01-08,0,-0.2576,1,15.88,15.6781,2018-01-08,0,-0.2576,1.6849,0.0585127134262737
prebreak,600562,2018-01-03,S,S,A,C,S,S,A,17.7637,19.01,18.23,0.78,,0,0.0,0.0,,0,0.0,0,0.0,0.0,,0,0.0,0,,,,0,,2.4742,0.2532065556332681
prebreak,300357,2018-01-04,S,S,A,C,S,S,A,14.4077,14.69,13.97,0.72,,0,0.0,0.0,,0,0.0,0,0.0,0.0,,0,0.0,1,14.69,13.97,2018-01-30,1,-1.0149,1.6098,0.0274922121418814
prebreak,600827,2018-01-04,S,S,A,C,S,S,A,12.098,12.14,11.5,0.64,,0,0.0,0.0,,0,0.0,0,0.0,0.0,,0,0.0,0,,,,0,,1.0491,0.083246162109315
prebreak,002262,2018-01-05,S,S,A,C,S,S,A,13.5959,13.29,12.7,0.59,,1,13.29,13.9237,2018-01-12,0,1.0562,1,13.29,13.7962,2018-01-19,0,0.8403,1,13.29,13.29,2018-01-29,1,-0.0171,1.5308,0.0106741910670309
prebreak,002677,2018-01-08,S,S,A,C,S,S,A,12.3898,12.47,11.86,0.61,,0,0.0,0.0,,0,0.0,0,0.0,0.0,,0,0.0,0,,,,0,,1.6205,0.0994971883650264
prebreak,600038,2018-01-08,S,S,A,C,S,S,A,43.7062,45.31,43.28,2.03,,0,0.0,0.0,,0,0.0,0,0.0,0.0,,0,0.0,0,,,,0,,1.5278,0.2010514520756952
prebreak,600062,2018-01-08,S,S,A,C,S,S,A,16.7192,16.7,15.98,0.72,,1,16.7,17.1091,2018-01-11,0,0.5503,1,16.7,17.1091,2018-01-11,0,0.5503,1,16.7,17.1091,2018-01-11,0,0.5503,2.2443,0.0326534588689766
prebreak,600436,2018-01-08,S,S,A,C,S,S,A,64.6332,60.77,57.9,2.87,,1,60.77,68.2447,2018-01-15,0,2.5867,1,60.77,71.744,2018-01-22,0,3.8052,1,60.77,77.442,2018-03-08,1,5.7893,2.5097,0.0121707209587882
prebreak,603885,2018-01-08,S,S,A,C,S,S,A,14.626,12.98,12.32,0.66,,0,0.0,0.0,,0,0.0,0,0.0,0.0,,0,0.0,0,,,,0,,0.7923,0.0103793164802441
prebreak,000042,2018-01-09,S,S,A,C,S,S,A,18.2027,16.05,15.26,0.79,,1,16.05,16.5037,2018-01-19,0,0.5585,1,16.05,16.2937,2018-01-26,0,0.2928,1,16.05,16.05,2018-01-22,1,-0.0154,2.3737,0.0883311551037819
prebreak,002241,2018-01-09,S,S,A,C,S,S,A,15.7683,16.58,15.73,0.85,,0,0.0,0.0,,0,0.0,0,0.0,0.0,,0,0.0,0,,,,0,,1.1544,0.2789039305894412
prebreak,002617,2018-01-09,S,S,A,C,S,S,A,10.6426,10.99,10.46,0.53,,0,0.0,0.0,,0,0.0,0,0.0,0.0,,0,0.0,1,10.99,10.46,2018-02-01,1,-1.0151,2.2589,0.0198862445748282
prebreak,002690,2018-01-09,S,S,A,C,S,S,A,10.9118,11.6,11.1,0.5,,0,0.0,0.0,,0,0.0,0,0.0,0.0,,0,0.0,0,,,,0,,1.6331,0.0296574635571758
prebreak,300055,2018-01-09,S,S,A,C,S,S,A,20.6733,22.27,21.12,1.15,,0,0.0,0.0,,0,0.0,0,0.0,0.0,,0,0.0,0,,,,0,,,
prebreak,300199,2018-01-09,S,S,A,C,S,S,A,16.5333,16.63,15.85,0.78,,0,0.0,0.0,,0,0.0,0,0.0,0.0,,0,0.0,0,,,,0,,1.0662,0.0649782199150665
prebreak,300357,2018-01-11,S,S,A,C,S,S,A,14.0143,14.69,14.06,0.63,,0,0.0,0.0,,0,0.0,0,0.0,0.0,,0,0.0,1,14.69,14.06,2018-01-30,1,-1.0171,1.6098,0.0274922121418814
prebreak,600518,2018-01-11,S,S,A,C,S,S,A,13.7509,13.83,13.19,0.64,,0,0.0,0.0,,0,0.0,0,0.0,0.0,,0,0.0,0,,,,0,,0.8407,0.0295113276863649
prebreak,002262,2018-01-12,S,S,A,C,S,S,A,13.9237,14.17,13.45,0.72,,1,14.17,13.7962,2018-01-19,0,-0.5338,1,14.17,13.7962,2018-01-19,0,-0.5338,1,14.17,13.7962,2018-01-19,0,-0.5338,2.1171,0.0820924130179463
prebreak,002614,2018-01-12,S,S,A,C,S,S,A,16.1749,16.07,15.36,0.71,,0,0.0,0.0,,0,0.0,0,0.0,0.0,,0,0.0,0,,,,0,,0.8632,0.0523336998961521
prebreak,300124,2018-01-12,S,S,A,C,S,S,A,17.0194,18.44,17.46,0.98,,0,0.0,0.0,,0,0.0,0,0.0,0.0,,0,0.0,0,,,,0,,1.2793,0.0997542879229045
prebreak,600660,2018-01-12,S,S,A,C,S,S,A,22.2762,22.96,21.8,1.16,,0,0.0,0.0,,0,0.0,0,0.0,0.0,,0,0.0,0,,,,0,,0.9844,0.2373178612281634
prebreak,000733,2018-01-16,S,S,A,C,S,S,A,13.0391,14.03,13.5,0.53,,0,0.0,0.0,,0,0.0,0,0.0,0.0,,0,0.0,0,,,,0,,2.6322,0.1398690802040334
prebreak,002051,2018-01-16,S,S,A,C,S,S,A,15.8032,16.85,16.16,0.69,,0,0.0,0.0,,0,0.0,0,0.0,0.0,,0,0.0,0,,,,0,,,
prebreak,002690,2018-01-16,S,S,A,C,S,S,A,10.3039,11.6,11.1,0.5,,0,0.0,0.0,,0,0.0,0,0.0,0.0,,0,0.0,0,,,,0,,1.6331,0.0296574635571758
prebreak,000895,2018-01-17,S,S,A,C,S,S,A,18.2886,17.93,17.11,0.82,,0,0.0,0.0,,0,0.0,0,0.0,0.0,,0,0.0,0,,,,0,,0.9896,0.0456088083701315
prebreak,002508,2018-01-17,S,S,A,C,S,S,A,39.8054,38.47,36.74,1.73,,0,0.0,0.0,,0,0.0,0,0.0,0.0,,0,0.0,0,,,,0,,0.5649,0.026374049172039
prebreak,300003,2018-01-17,S,S,A,C,S,S,A,22.9954,22.61,21.6,1.01,,0,0.0,0.0,,0,0.0,0,0.0,0.0,,0,0.0,0,,,,0,,0.8056,0.0467541969308633
prebreak,600201,2018-01-18,S,S,A,C,S,S,A,21.3479,22.38,21.26,1.12,,0,0.0,0.0,,0,0.0,0,0.0,0.0,,0,0.0,0,,,,0,,0.9826,0.0195813444429806
prebreak,600518,2018-01-18,S,S,A,C,S,S,A,13.502,13.99,13.37,0.62,,0,0.0,0.0,,0,0.0,0,0.0,0.0,,0,0.0,0,,,,0,,2.5242,0.0804563494135843
prebreak,603989,2018-01-18,S,S,A,C,S,S,A,25.7111,26.91,25.59,1.32,,0,0.0,0.0,,0,0.0,0,0.0,0.0,,0,0.0,0,,,,0,,3.2098,0.0868847753703494
prebreak,002614,2018-01-19,S,S,A,C,S,S,A,16.4599,16.07,15.36,0.71,,0,0.0,0.0,,0,0.0,0,0.0,0.0,,0,0.0,0,,,,0,,0.6175,0.0412272756228417
prebreak,600660,2018-01-19,S,S,A,C,S,S,A,21.5334,22.96,21.8,1.16,,0,0.0,0.0,,0,0.0,0,0.0,0.0,,0,0.0,0,,,,0,,0.9844,0.2373178612281634
prebreak,601198,2018-01-19,S,S,A,C,S,S,A,13.5388,13.25,12.7,0.55,,1,13.25,13.8034,2018-01-26,0,0.9873,1,13.25,12.7,2018-02-01,1,-1.0177,1,13.25,13.25,2018-01-31,1,-0.0183,5.2706,0.0109363955152328
prebreak,000553,2018-01-22,S,S,A,C,S,S,A,17.5288,16.58,15.75,0.83,,0,0.0,0.0,,0,0.0,0,0.0,0.0,,0,0.0,0,,,,0,,1.0817,0.1015674746506012
prebreak,000711,2018-01-22,S,S,A,C,S,S,A,11.3,10.63,10.07,0.56,,1,10.63,11.5417,2018-01-29,0,1.6125,1,10.63,10.5917,2018-02-05,0,-0.0828,1,10.63,10.63,2018-02-01,1,-0.0144,1.5202,0.0370731707317071
prebreak,002032,2018-01-22,S,S,A,C,S,S,A,31.7331,28.97,27.45,1.52,,1,28.97,32.0081,2018-01-25,0,1.983,1,28.97,32.0081,2018-01-25,0,1.983,1,28.97,32.0081,2018-01-25,0,1.983,2.0051,-0.0470484469384762
prebreak,002572,2018-01-22,S,S,A,C,S,S,A,26.2148,27.88,26.71,1.17,,0,0.0,0.0,,0,0.0,0,0.0,0.0,,0,0.0,0,,,,0,,0.8082,0.3748964762601876
prebreak,002727,2018-01-22,S,S,A,C,S,S,A,18.7357,17.89,17.18,0.71,,1,17.89,18.9274,2018-01-29,0,1.4411,1,17.89,18.788,2018-02-05,0,1.2449,1,17.89,17.89,2018-02-01,1,-0.0191,1.6867,0.0681322521535054
prebreak,600009,2018-01-22,S,S,A,C,S,S,A,42.2236,41.78,40.09,1.69,,1,41.78,42.9475,2018-01-29,0,0.6716,1,41.78,45.6928,2018-02-05,0,2.295,1,41.78,41.78,2018-02-09,1,-0.0188,2.2641,0.0026675072665958
prebreak,600038,2018-01-22,S,S,A,C,S,S,A,39.3007,44.75,42.49,2.26,,0,0.0,0.0,,0,0.0,0,0.0,0.0,,0,0.0,0,,,,0,,1.1459,0.2055001188708984
prebreak,600062,2018-01-22,S,S,A,C,S,S,A,16.5619,16.7,15.98,0.72,,0,0.0,0.0,,0,0.0,0,0.0,0.0,,0,0.0,0,,,,0,,0.9481,0.0278706428489519
prebreak,600315,2018-01-22,S,S,A,C,S,S,A,32.7647,32.49,30.77,1.72,,0,0.0,0.0,,0,0.0,0,0.0,0.0,,0,0.0,0,,,,0,,0.7835,0.0144809535834686
prebreak,600597,2018-01-22,S,S,A,C,S,S,A,14.1571,14.0,13.26,0.74,,0,0.0,0.0,,0,0.0,0,0.0,0.0,,0,0.0,0,,,,0,,1.1123,0.0550494598148663
prebreak,603885,2018-01-22,S,S,A,C,S,S,A,14.4397,14.26,13.54,0.72,,0,0.0,0.0,,0,0.0,0,0.0,0.0,,0,0.0,0,,,,0,,0.6231,0.0520358830714138
prebreak,300055,2018-01-23,S,S,A,C,S,S,A,18.7114,19.03,18.05,0.98,,0,0.0,0.0,,0,0.0,0,0.0,0.0,,0,0.0,0,,,,0,,1.0614,-0.105669314097055
prebreak,603108,2018-01-23,S,S,A,C,S,S,A,12.4749,12.49,11.91,0.58,,1,12.49,13.4323,2018-01-30,0,1.6073,1,12.49,11.91,2018-02-06,1,-1.0157,1,12.49,12.49,2018-02-06,1,-0.0164,3.7494,0.0529255435158275
prebreak,603658,2018-01-23,S,S,A,C,S,S,A,31.9973,34.06,32.41,1.65,,0,0.0,0.0,,0,0.0,0,0.0,0.0,,0,0.0,0,,,,0,,4.7298,0.1014964375003164
prebreak,000895,2018-01-24,S,S,A,C,S,S,A,18.1111,18.89,18.0,0.89,,0,0.0,0.0,,0,0.0,0,0.0,0.0,,0,0.0,0,,,,0,,2.9293,0.153662607023908
prebreak,002672,2018-01-24,S,S,A,C,S,S,A,14.8801,15.1,14.44,0.66,,0,0.0,0.0,,0,0.0,0,0.0,0.0,,0,0.0,0,,,,0,,3.2688,0.0823818304355894
prebreak,600201,2018-01-25,S,S,A,C,S,S,A,22.0777,22.38,21.26,1.12,,0,0.0,0.0,,0,0.0,0,0.0,0.0,,0,0.0,0,,,,0,,1.0465,0.140865385876646
prebreak,601336,2018-01-25,S,S,A,C,S,S,A,44.8765,49.45,47.19,2.26,,0,0.0,0.0,,0,0.0,0,0.0,0.0,,0,0.0,0,,,,0,,0.9058,0.1666609267072656
prebreak,603393,2018-01-25,S,S,A,C,S,S,A,13.0235,13.43,12.81,0.62,,0,0.0,0.0,,0,0.0,0,0.0,0.0,,0,0.0,1,13.43,13.43,2018-06-15,1,-0.0165,10.8705,0.0380702740926943
prebreak,603989,2018-01-25,S,S,A,C,S,S,A,25.3982,26.1,24.84,1.26,,0,0.0,0.0,,0,0.0,0,0.0,0.0,,0,0.0,0,,,,0,,1.6904,0.1106152867309175
prebreak,600660,2018-01-26,S,S,A,C,S,S,A,21.0862,22.23,21.22,1.01,,0,0.0,0.0,,0,0.0,0,0.0,0.0,,0,0.0,0,,,,0,,1.6172,0.2622053126656003
prebreak,002311,2018-01-30,S,S,A,C,S,S,A,20.5491,20.46,19.38,1.08,,0,0.0,0.0,,0,0.0,0,0.0,0.0,,0,0.0,0,,,,0,,1.1442,-0.004338130671593
prebreak,002690,2018-01-30,S,S,A,C,S,S,A,10.7111,10.78,10.24,0.54,,0,0.0,0.0,,0,0.0,0,0.0,0.0,,0,0.0,0,,,,0,,1.0677,0.045602389105086
prebreak,002695,2018-01-30,S,S,A,C,S,S,A,15.3885,16.07,15.35,0.72,,0,0.0,0.0,,0,0.0,0,0.0,0.0,,0,0.0,1,16.07,15.35,2018-03-07,1,-1.0163,2.8744,0.0442859347111577
prebreak,600563,2018-01-30,S,S,A,C,S,S,A,36.3964,39.89,37.88,2.01,,0,0.0,0.0,,0,0.0,0,0.0,0.0,,0,0.0,0,,,,0,,1.2088,0.0138882019646691
prebreak,603108,2018-01-30,S,S,A,C,S,S,A,13.4323,12.49,11.91,0.58,,1,12.49,11.91,2018-02-06,1,-1.0157,1,12.49,11.91,2018-02-06,1,-1.0157,1,12.49,11.91,2018-02-06,1,-1.0157,2.5243,0.0160239473645718
prebreak,300498,2018-02-02,S,S,A,C,S,S,A,17.0224,19.16,18.39,0.77,,0,0.0,0.0,,0,0.0,0,0.0,0.0,,0,0.0,0,,,,0,,1.0576,0.0909294209291424
prebreak,600633,2018-02-02,S,S,A,C,S,S,A,12.3659,13.6,12.9,0.7,,0,0.0,0.0,,0,0.0,0,0.0,0.0,,0,0.0,0,,,,0,,1.3363,0.4604094159627208
prebreak,600660,2018-02-02,S,S,A,C,S,S,A,20.4344,22.23,21.22,1.01,,0,0.0,0.0,,0,0.0,0,0.0,0.0,,0,0.0,0,,,,0,,1.6172,0.2622053126656003
prebreak,000553,2018-02-05,S,S,A,C,S,S,A,14.7085,16.58,15.75,0.83,,0,0.0,0.0,,0,0.0,0,0.0,0.0,,0,0.0,0,,,,0,,1.9892,0.1409091701738367
prebreak,000989,2018-02-05,S,S,A,C,S,S,A,13.7649,13.9,13.23,0.67,,0,0.0,0.0,,0,0.0,0,0.0,0.0,,0,0.0,0,,,,0,,1.3312,0.0842879455336669
prebreak,002572,2018-02-05,S,S,A,C,S,S,A,25.6824,27.68,26.26,1.42,,0,0.0,0.0,,0,0.0,0,0.0,0.0,,0,0.0,0,,,,0,,0.8082,0.3650335173200143
prebreak,002727,2018-02-05,S,S,A,C,S,S,A,18.788,19.03,18.23,0.8,,0,0.0,0.0,,0,0.0,0,0.0,0.0,,0,0.0,0,,,,0,,1.084,0.0704754022348141
prebreak,600315,2018-02-05,S,S,A,C,S,S,A,30.8484,32.96,31.34,1.62,,0,0.0,0.0,,0,0.0,0,0.0,0.0,,0,0.0,0,,,,0,,1.3213,0.0684514879203923
prebreak,600597,2018-02-05,S,S,A,C,S,S,A,12.4626,14.0,13.26,0.74,,0,0.0,0.0,,0,0.0,0,0.0,0.0,,0,0.0,0,,,,0,,2.1148,0.2060725265637808
prebreak,000895,2018-02-07,S,S,A,C,S,S,A,16.3621,18.09,17.17,0.92,,0,0.0,0.0,,0,0.0,0,0.0,0.0,,0,0.0,0,,,,0,,0.6742,0.023177778323165
prebreak,002508,2018-02-07,S,S,A,C,S,S,A,36.285,41.8,39.8,2.0,,0,0.0,0.0,,0,0.0,0,0.0,0.0,,0,0.0,0,,,,0,,,
prebreak,600511,2018-02-07,S,S,A,C,S,S,A,22.7046,23.9,22.94,0.96,,0,0.0,0.0,,0,0.0,0,0.0,0.0,,0,0.0,0,,,,0,,1.2953,0.0603401817615498
prebreak,601628,2018-02-07,S,S,A,C,S,S,A,26.1378,26.29,25.16,1.13,,0,0.0,0.0,,0,0.0,0,0.0,0.0,,0,0.0,0,,,,0,,1.6898,0.3478489557227682
prebreak,000402,2018-02-08,S,S,A,C,S,S,A,9.1183,10.2,9.7,0.5,,0,0.0,0.0,,0,0.0,0,0.0,0.0,,0,0.0,0,,,,0,,,
prebreak,002136,2018-02-08,S,S,A,C,S,S,A,14.2461,13.5,12.85,0.65,,1,13.5,14.9686,2018-02-22,0,2.2422,1,13.5,14.9038,2018-03-01,0,2.1425,1,13.5,13.5,2018-03-23,1,-0.0158,2.4285,0.005137716176482
prebreak,600276,2018-02-08,S,S,A,C,S,S,A,29.8812,33.36,31.77,1.59,,0,0.0,0.0,,0,0.0,0,0.0,0.0,,0,0.0,0,,,,0,,1.3997,0.0394143876115546
prebreak,002572,2018-02-12,S,S,A,C,S,S,A,25.2068,27.68,26.26,1.42,,0,0.0,0.0,,0,0.0,0,0.0,0.0,,0,0.0,0,,,,0,,0.8082,0.3650335173200143
prebreak,002727,2018-02-12,S,S,A,C,S,S,A,18.91,19.03,18.23,0.8,,1,19.03,20.2084,2018-02-26,0,1.454,1,19.03,21.3413,2018-03-05,0,2.8692,1,19.03,22.05,2018-03-26,1,3.7545,1.7029,0.0816096188999606
prebreak,000776,2018-02-13,S,S,A,C,S,S,A,12.8738,15.2,14.43,0.77,,0,0.0,0.0,,0,0.0,0,0.0,0.0,,0,0.0,0,,,,0,,2.0455,0.4627725911118372
prebreak,000895,2018-02-14,S,S,A,C,S,S,A,16.9831,18.09,17.17,0.92,,0,0.0,0.0,,0,0.0,0,0.0,0.0,,0,0.0,0,,,,0,,0.6742,0.023177778323165
prebreak,600511,2018-02-14,S,S,A,C,S,S,A,23.7423,22.58,21.45,1.13,,0,0.0,0.0,,0,0.0,0,0.0,0.0,,0,0.0,0,,,,0,,0.8202,0.0162583058507488
prebreak,601628,2018-02-14,S,S,A,C,S,S,A,22.5673,27.36,26.3,1.06,,0,0.0,0.0,,0,0.0,0,0.0,0.0,,0,0.0,0,,,,0,,2.5803,0.4039654162234467
prebreak,002136,2018-02-22,S,S,A,C,S,S,A,14.9686,13.5,12.85,0.65,,0,0.0,0.0,,0,0.0,0,0.0,0.0,,0,0.0,0,,,,0,,1.2861,0.0380695786722928
prebreak,300070,2018-02-22,S,S,A,C,S,S,A,14.7297,16.36,15.66,0.7,,0,0.0,0.0,,0,0.0,0,0.0,0.0,,0,0.0,0,,,,0,,1.2451,0.1393504028742291
prebreak,600138,2018-02-22,S,S,A,C,S,S,A,22.1572,22.99,22.11,0.88,,0,0.0,0.0,,0,0.0,0,0.0,0.0,,0,0.0,0,,,,0,,1.9328,0.0885444094333713
prebreak,002491,2018-02-23,S,S,A,C,S,S,A,12.0348,12.13,11.5,0.63,,1,12.13,13.528,2018-03-02,0,2.203,1,12.13,14.0324,2018-03-09,0,3.0031,1,12.13,13.8148,2018-03-26,0,2.658,1.6838,0.0196406095087744
prebreak,300036,2018-02-23,S,S,A,C,S,S,A,13.5164,13.76,13.11,0.65,,0,0.0,0.0,,0,0.0,0,0.0,0.0,,0,0.0,0,,,,0,,1.1104,-0.0193961237851651
prebreak,600660,2018-02-23,S,S,A,C,S,S,A,20.4268,20.66,19.89,0.77,,0,0.0,0.0,,0,0.0,0,0.0,0.0,,0,0.0,0,,,,0,,0.7247,-0.0594315579066289
prebreak,002572,2018-02-26,S,S,A,C,S,S,A,27.3293,27.68,26.26,1.42,,0,0.0,0.0,,0,0.0,0,0.0,0.0,,0,0.0,0,,,,0,,0.8082,0.3650335173200143
prebreak,000860,2018-02-27,S,S,A,C,S,S,A,14.597,15.57,14.92,0.65,,0,0.0,0.0,,0,0.0,0,0.0,0.0,,0,0.0,0,,,,0,,4.5962,0.0650091468456666
prebreak,002737,2018-02-27,S,S,A,C,S,S,A,12.8388,11.0,10.46,0.54,,1,11.0,13.0564,2018-03-06,0,3.7903,1,11.0,13.3267,2018-03-13,0,4.2905,1,11.0,13.08,2018-03-23,1,3.8339,1.8419,-0.0502772904087146
prebreak,000895,2018-02-28,S,S,A,C,S,S,A,17.1796,18.09,17.17,0.92,,0,0.0,0.0,,0,0.0,0,0.0,0.0,,0,0.0,0,,,,0,,0.6742,0.023177778323165
prebreak,300408,2018-02-28,S,S,A,C,S,S,A,21.2523,20.44,19.42,1.02,,0,0.0,0.0,,0,0.0,0,0.0,0.0,,0,0.0,0,,,,0,,0.965,0.0836986186298647
prebreak,601628,2018-02-28,S,S,A,C,S,S,A,23.1093,24.08,22.95,1.13,,0,0.0,0.0,,0,0.0,0,0.0,0.0,,0,0.0,0,,,,0,,4.2757,0.2367639738117537
prebreak,002136,2018-03-01,S,S,A,C,S,S,A,14.9038,13.5,12.85,0.65,,0,0.0,0.0,,0,0.0,0,0.0,0.0,,0,0.0,0,,,,0,,0.9895,0.0263730200393654
prebreak,002262,2018-03-02,S,S,A,C,S,S,A,12.4484,12.58,11.91,0.67,,0,0.0,0.0,,0,0.0,0,0.0,0.0,,0,0.0,0,,,,0,,0.8665,-0.0359760167169973
prebreak,600660,2018-03-02,S,S,A,C,S,S,A,19.7067,20.66,19.89,0.77,,0,0.0,0.0,,0,0.0,0,0.0,0.0,,0,0.0,0,,,,0,,1.9945,0.0885652337007147
prebreak,000538,2018-03-05,S,S,A,C,S,S,A,52.2581,52.58,49.87,2.71,,0,0.0,0.0,,0,0.0,0,0.0,0.0,,0,0.0,0,,,,0,,1.1764,-0.0241780716725221
prebreak,002572,2018-03-05,S,S,A,C,S,S,A,25.4411,27.68,26.26,1.42,,0,0.0,0.0,,0,0.0,0,0.0,0.0,,0,0.0,0,,,,0,,0.8082,0.3650335173200143
prebreak,600062,2018-03-05,S,S,A,C,S,S,A,14.8448,15.5,14.74,0.76,,0,0.0,0.0,,0,0.0,0,0.0,0.0,,0,0.0,0,,,,0,,1.3328,-0.0317189201116472
prebreak,600597,2018-03-05,S,S,A,C,S,S,A,11.4853,12.1,11.56,0.54,,1,12.1,12.2833,2018-03-12,0,0.3221,1,12.1,12.4178,2018-03-19,0,0.571,1,12.1,11.56,2018-03-23,1,-1.0164,1.5831,-0.0374044361949955
prebreak,600118,2018-03-06,S,S,A,C,S,S,A,21.2218,21.48,20.34,1.14,,1,21.48,21.3095,2018-03-13,0,-0.1638,1,21.48,20.9487,2018-03-14,0,-0.4801,1,21.48,20.9487,2018-03-14,0,-0.4801,1.6341,-0.002952326858563
prebreak,600528,2018-03-06,S,S,A,C,S,S,A,10.7214,11.49,10.9,0.59,,0,0.0,0.0,,0,0.0,0,0.0,0.0,,0,0.0,0,,,,0,,2.6618,0.0569553940882063
prebreak,002262,2018-03-09,S,S,A,C,S,S,A,12.8764,12.55,11.91,0.64,,0,0.0,0.0,,0,0.0,0,0.0,0.0,,0,0.0,0,,,,0,,0.9474,-0.0042254473704125
prebreak,603188,2018-03-09,S,S,A,C,S,S,A,14.1849,14.43,13.86,0.57,,0,0.0,0.0,,0,0.0,0,0.0,0.0,,0,0.0,0,,,,0,,1.0261,0.0266347633651242
prebreak,000752,2018-03-12,S,S,A,C,S,S,A,14.3436,13.67,12.97,0.7,,0,0.0,0.0,,0,0.0,0,0.0,0.0,,0,0.0,0,,,,0,,1.0233,0.074223314212233
prebreak,600062,2018-03-12,S,S,A,C,S,S,A,16.254,15.5,14.74,0.76,,0,0.0,0.0,,0,0.0,0,0.0,0.0,,0,0.0,0,,,,0,,1.4887,0.0137707950508927
prebreak,002136,2018-03-15,S,S,A,C,S,S,A,14.8575,14.64,13.86,0.78,,0,0.0,0.0,,0,0.0,0,0.0,0.0,,0,0.0,0,,,,0,,0.6288,0.0391342654196489
prebreak,002543,2018-03-15,S,S,A,C,S,S,A,10.1419,10.15,9.63,0.52,,0,0.0,0.0,,0,0.0,0,0.0,0.0,,0,0.0,0,,,,0,,0.7758,0.0564981362270067
prebreak,000553,2018-03-19,S,S,A,C,S,S,A,14.0133,14.49,13.91,0.58,,0,0.0,0.0,,0,0.0,0,0.0,0.0,,0,0.0,1,14.49,13.91,2018-04-23,1,-1.0184,3.0841,0.0024955962760517
prebreak,300463,2018-03-19,S,S,A,C,S,S,A,21.2393,21.37,20.3,1.07,,1,21.37,21.4493,2018-03-22,0,0.0589,1,21.37,21.4493,2018-03-22,0,0.0589,1,21.37,21.4493,2018-03-22,0,0.0589,2.0612,0.0690938344494247
prebreak,600729,2018-03-19,S,S,A,C,S,S,A,16.6288,16.26,15.5,0.76,,1,16.26,18.9275,2018-04-11,0,3.4914,1,16.26,18.5485,2018-04-18,0,2.993,1,16.26,21.57,2018-06-11,1,6.9662,1.5549,0.0882445627065833
prebreak,002672,2018-03-21,S,S,A,C,S,S,A,14.0634,14.4,13.72,0.68,,0,0.0,0.0,,0,0.0,0,0.0,0.0,,0,0.0,0,,,,0,,1.3575,-0.000744683202411
prebreak,600511,2018-03-21,S,S,A,C,S,S,A,25.134,24.83,23.73,1.1,,0,0.0,0.0,,0,0.0,0,0.0,0.0,,0,0.0,0,,,,0,,0.8926,0.0393243601450692
prebreak,002094,2018-03-22,S,S,A,C,S,S,A,12.516,12.8,12.27,0.53,,0,0.0,0.0,,0,0.0,0,0.0,0.0,,0,0.0,0,,,,0,,1.2885,0.0080776393003316
prebreak,002223,2018-03-26,S,S,A,C,S,S,A,20.1292,20.17,19.2,0.97,,1,20.17,20.9361,2018-04-02,0,0.7735,1,20.17,20.4416,2018-04-11,0,0.264,1,20.17,20.17,2018-04-09,1,-0.0158,2.3363,0.0519009929568932
prebreak,002602,2018-03-26,S,S,A,C,S,S,A,10.2548,10.9,10.38,0.52,,1,10.9,11.0068,2018-04-02,0,0.1893,1,10.9,10.8621,2018-04-11,0,-0.0887,1,10.9,10.9,2018-04-18,1,-0.0159,1.7978,-0.0021245165343686
prebreak,600062,2018-03-26,S,S,A,C,S,S,A,16.4114,16.52,15.67,0.85,,1,16.52,16.042,2018-03-29,0,-0.5768,1,16.52,16.042,2018-03-29,0,-0.5768,1,16.52,16.042,2018-03-29,0,-0.5768,1.5757,0.0723270511954412
prebreak,002242,2018-03-27,S,S,A,C,S,S,A,12.5784,13.16,12.53,0.63,,1,13.16,13.0912,2018-04-03,0,-0.125,1,13.16,12.53,2018-04-12,1,-1.0152,1,13.16,12.53,2018-04-12,1,-1.0152,2.5238,0.0282728490416763
prebreak,002311,2018-03-27,S,S,A,C,S,S,A,22.2616,21.04,20.18,0.86,,0,0.0,0.0,,0,0.0,0,0.0,0.0,,0,0.0,0,,,,0,,1.3365,0.0445020603507879
prebreak,300024,2018-03-27,S,S,A,C,S,S,A,18.6681,19.57,18.53,1.04,,1,19.57,21.6997,2018-04-03,0,2.0322,1,19.57,20.5928,2018-04-12,0,0.9685,1,19.57,19.57,2018-04-20,1,-0.0143,2.2427,0.0539399092970522
prebreak,603368,2018-03-27,S,S,A,C,S,S,A,19.2206,19.4,18.42,0.98,,0,0.0,0.0,,0,0.0,0,0.0,0.0,,0,0.0,0,,,,0,,1.495,0.0653726125767424
prebreak,600511,2018-03-28,S,S,A,C,S,S,A,24.4423,24.83,23.73,1.1,,0,0.0,0.0,,0,0.0,0,0.0,0.0,,0,0.0,0,,,,0,,1.1423,0.0162049102732879
prebreak,002094,2018-03-29,S,S,A,C,S,S,A,12.1357,12.8,12.27,0.53,,0,0.0,0.0,,0,0.0,0,0.0,0.0,,0,0.0,0,,,,0,,1.2885,0.0080776393003316
prebreak,002007,2018-03-30,S,S,A,C,S,S,A,13.1778,12.59,11.94,0.65,,0,0.0,0.0,,0,0.0,0,0.0,0.0,,0,0.0,0,,,,0,,1.0621,0.0352689505429764
prebreak,002223,2018-04-02,S,S,A,C,S,S,A,20.9361,20.17,19.2,0.97,,0,0.0,0.0,,0,0.0,0,0.0,0.0,,0,0.0,0,,,,0,,0.8131,0.0250005266467081
prebreak,002602,2018-04-02,S,S,A,C,S,S,A,11.0068,10.9,10.38,0.52,,0,0.0,0.0,,0,0.0,0,0.0,0.0,,0,0.0,0,,,,0,,1.2385,-0.0151629592625779
prebreak,600009,2018-04-02,S,S,A,C,S,S,A,46.351,47.91,45.79,2.12,,0,0.0,0.0,,0,0.0,0,0.0,0.0,,0,0.0,0,,,,0,,1.3249,0.0694279324044753
prebreak,601966,2018-04-02,S,S,A,C,S,S,A,15.1083,15.58,15.03,0.55,,0,0.0,0.0,,0,0.0,0,0.0,0.0,,0,0.0,0,,,,0,,1.8493,0.0569575673184707
prebreak,000999,2018-04-04,S,S,A,C,S,S,A,13.1259,13.51,12.95,0.56,,0,0.0,0.0,,0,0.0,0,0.0,0.0,,0,0.0,1,13.51,13.51,2018-05-30,1,-0.0183,2.3114,0.029265473401022
prebreak,600482,2018-04-04,S,S,A,C,S,S,A,24.373,23.67,22.68,0.99,,1,23.67,24.0204,2018-04-13,0,0.3356,1,23.67,24.5635,2018-04-20,0,0.8838,1,23.67,22.68,2018-05-02,1,-1.0175,1.9894,-0.0106636773099162
prebreak,300439,2018-04-09,S,S,A,C,S,S,A,19.2651,17.93,17.07,0.86,,1,17.93,20.3246,2018-04-12,0,2.7668,1,17.93,20.3246,2018-04-12,0,2.7668,1,17.93,20.3246,2018-04-12,0,2.7668,3.8332,0.0149049503143765
prebreak,600138,2018-04-09,S,S,A,C,S,S,A,23.2137,22.99,21.86,1.13,,0,0.0,0.0,,0,0.0,0,0.0,0.0,,0,0.0,0,,,,0,,1.1469,0.0638707361528816
prebreak,002007,2018-04-10,S,S,A,C,S,S,A,13.3224,13.52,12.81,0.71,,0,0.0,0.0,,0,0.0,0,0.0,0.0,,0,0.0,0,,,,0,,1.05,0.0832461470243288
prebreak,300583,2018-04-10,S,S,A,C,S,S,A,26.2153,23.83,22.7,1.13,,1,23.83,26.269,2018-04-17,0,2.141,1,23.83,24.3952,2018-04-24,0,0.4838,1,23.83,23.83,2018-04-23,1,-0.016,2.3532,-0.0016787574337743
prebreak,300294,2018-04-11,S,S,A,C,S,S,A,33.1241,33.29,31.65,1.64,,0,0.0,0.0,,0,0.0,0,0.0,0.0,,0,0.0,0,,,,0,,1.0559,0.0341875890067846
prebreak,000623,2018-04-12,S,S,A,C,S,S,A,17.1136,17.47,16.75,0.72,,0,0.0,0.0,,0,0.0,0,0.0,0.0,,0,0.0,0,,,,0,,5.7803,0.4531708759408874
prebreak,000999,2018-04-13,S,S,A,C,S,S,A,12.7613,13.39,12.73,0.66,,0,0.0,0.0,,0,0.0,0,0.0,0.0,,0,0.0,1,13.39,13.39,2018-05-30,1,-0.0154,2.3114,0.0201232190110796
prebreak,600482,2018-04-13,S,S,A,C,S,S,A,24.0204,23.67,22.68,0.99,,0,0.0,0.0,,0,0.0,0,0.0,0.0,,0,0.0,0,,,,0,,0.9541,0.0160423338547239
prebreak,000028,2018-04-16,S,S,A,C,S,S,A,34.3739,36.43,34.5,1.93,,0,0.0,0.0,,0,0.0,0,0.0,0.0,,0,0.0,0,,,,0,,1.1863,0.2360369476789126
prebreak,600138,2018-04-16,S,S,A,C,S,S,A,21.9459,22.99,21.86,1.13,,0,0.0,0.0,,0,0.0,0,0.0,0.0,,0,0.0,0,,,,0,,,
prebreak,000538,2018-04-18,S,S,A,C,S,S,A,50.396,54.08,51.29,2.79,,0,0.0,0.0,,0,0.0,0,0.0,0.0,,0,0.0,0,,,,0,,1.3621,0.0464270626611451
prebreak,601966,2018-04-18,S,S,A,C,S,S,A,14.5039,15.53,14.9,0.63,,0,0.0,0.0,,0,0.0,0,0.0,0.0,,0,0.0,0,,,,0,,1.8493,0.0535655340472305
prebreak,000623,2018-04-19,S,S,A,C,S,S,A,16.7346,17.33,16.47,0.86,,0,0.0,0.0,,0,0.0,0,0.0,0.0,,0,0.0,0,,,,0,,5.7803,0.441525545509764
prebreak,002690,2018-04-19,S,S,A,C,S,S,A,12.039,11.63,11.08,0.55,,0,0.0,0.0,,0,0.0,0,0.0,0.0,,0,0.0,0,,,,0,,0.6877,0.0521620864063478
prebreak,600872,2018-04-19,S,S,A,C,S,S,A,21.4638,23.15,22.01,1.14,,0,0.0,0.0,,0,0.0,0,0.0,0.0,,0,0.0,0,,,,0,,1.422,0.0384034102219277
prebreak,000028,2018-04-23,S,S,A,C,S,S,A,32.4105,35.11,33.83,1.28,,0,0.0,0.0,,0,0.0,0,0.0,0.0,,0,0.0,0,,,,0,,2.2024,0.1497267513577709
prebreak,600276,2018-04-23,S,S,A,C,S,S,A,36.4447,36.3,34.45,1.85,,0,0.0,0.0,,0,0.0,0,0.0,0.0,,0,0.0,0,,,,0,,0.7343,-0.0078536324600231
prebreak,000423,2018-04-24,S,S,A,C,S,S,A,47.3433,47.93,46.1,1.83,,0,0.0,0.0,,0,0.0,0,0.0,0.0,,0,0.0,0,,,,0,,2.4017,0.1640091015870999
prebreak,000895,2018-04-27,S,S,A,C,S,S,A,16.5393,16.85,15.97,0.88,,0,0.0,0.0,,0,0.0,0,0.0,0.0,,0,0.0,0,,,,0,,1.1661,0.0386678181496915
prebreak,000999,2018-04-27,S,S,A,C,S,S,A,12.5425,12.68,12.16,0.52,,1,12.68,13.5731,2018-05-08,0,1.6979,1,12.68,13.8454,2018-05-15,0,2.2211,1,12.68,13.8065,2018-06-01,0,2.1464,1.775,-0.0375331448521829
prebreak,600060,2018-04-27,S,S,A,C,S,S,A,10.8113,12.37,11.86,0.51,,0,0.0,0.0,,0,0.0,0,0.0,0.0,,0,0.0,0,,,,0,,2.1841,0.2278781477002396
prebreak,600482,2018-04-27,S,S,A,C,S,S,A,23.2486,24.83,23.58,1.25,,0,0.0,0.0,,0,0.0,0,0.0,0.0,,0,0.0,0,,,,0,,3.0885,0.1352275861983807
prebreak,600138,2018-05-02,S,S,A,C,S,S,A,20.0443,20.46,19.4,1.06,,0,0.0,0.0,,0,0.0,0,0.0,0.0,,0,0.0,0,,,,0,,1.0204,-0.0861061271524818
prebreak,000423,2018-05-03,S,S,A,C,S,S,A,41.1767,47.46,45.75,1.71,,0,0.0,0.0,,0,0.0,0,0.0,0.0,,0,0.0,1,47.46,47.1933,2018-06-04,0,-0.177,2.4017,0.1525948667081944
prebreak,002007,2018-05-03,S,S,A,C,S,S,A,12.7965,13.52,12.81,0.71,,0,0.0,0.0,,0,0.0,0,0.0,0.0,,0,0.0,0,,,,0,,1.1676,0.0049136894870647
prebreak,603816,2018-05-04,S,S,A,C,S,S,A,28.7483,26.04,25.05,0.99,,0,0.0,0.0,,0,0.0,0,0.0,0.0,,0,0.0,0,,,,0,,1.4359,-0.0051803395520468
prebreak,002242,2018-05-07,S,S,A,C,S,S,A,12.7396,12.78,12.18,0.6,,1,12.78,12.7615,2018-05-10,0,-0.047,1,12.78,12.7615,2018-05-10,0,-0.047,1,12.78,12.7615,2018-05-10,0,-0.047,1.8279,-0.003130773435309
prebreak,002690,2018-05-07,S,S,A,C,S,S,A,12.753,11.63,11.08,0.55,,1,11.63,12.4521,2018-05-14,0,1.4777,1,11.63,12.577,2018-05-21,0,1.7047,1,11.63,13.544,2018-06-22,0,3.4617,1.5397,0.0432501788454682
prebreak,600872,2018-05-07,S,S,A,C,S,S,A,22.9615,22.14,21.09,1.05,,0,0.0,0.0,,0,0.0,0,0.0,0.0,,0,0.0,0,,,,0,,0.8927,-0.0470102294077607
prebreak,601788,2018-05-07,S,S,A,C,S,S,A,11.7531,11.78,11.16,0.62,,0,0.0,0.0,,0,0.0,0,0.0,0.0,,0,0.0,0,,,,0,,0.9822,0.0557219490114921
prebreak,000895,2018-05-08,S,S,A,C,S,S,A,16.8633,16.85,15.97,0.88,,0,0.0,0.0,,0,0.0,0,0.0,0.0,,0,0.0,0,,,,0,,0.8883,0.0476712428933061
prebreak,000999,2018-05-08,S,S,A,C,S,S,A,13.5731,12.68,12.16,0.52,,0,0.0,0.0,,0,0.0,0,0.0,0.0,,0,0.0,0,,,,0,,1.3163,-0.0452836100107671
prebreak,002672,2018-05-08,S,S,A,C,S,S,A,14.514,13.88,13.15,0.73,,1,13.88,14.4577,2018-05-11,0,0.7764,1,13.88,14.4577,2018-05-11,0,0.7764,1,13.88,14.4577,2018-05-11,0,0.7764,1.6798,-0.0070734493402511
prebreak,600060,2018-05-08,S,S,A,C,S,S,A,11.1506,12.37,11.86,0.51,,0,0.0,0.0,,0,0.0,0,0.0,0.0,,0,0.0,0,,,,0,,2.1841,0.2278781477002396
prebreak,600482,2018-05-08,S,S,A,C,S,S,A,23.1819,23.33,22.45,0.88,,0,0.0,0.0,,0,0.0,0,0.0,0.0,,0,0.0,0,,,,0,,2.2409,0.1040994174933764
prebreak,300144,2018-05-09,S,S,A,C,S,S,A,10.5752,10.65,10.1,0.55,,0,0.0,0.0,,0,0.0,0,0.0,0.0,,0,0.0,0,,,,0,,1.0736,0.0381335293240208
prebreak,600138,2018-05-09,S,S,A,C,S,S,A,20.6589,20.46,19.38,1.08,,0,0.0,0.0,,0,0.0,0,0.0,0.0,,0,0.0,0,,,,0,,0.6482,-0.1204431801785447
prebreak,000423,2018-05-10,S,S,A,C,S,S,A,44.256,47.46,45.75,1.71,,0,0.0,0.0,,0,0.0,0,0.0,0.0,,0,0.0,1,47.46,47.1933,2018-06-04,0,-0.177,2.4017,0.1525948667081944
prebreak,000999,2018-05-15,S,S,A,C,S,S,A,13.8454,13.96,13.34,0.62,,1,13.96,14.103,2018-05-22,0,0.2134,1,13.96,13.5488,2018-05-29,0,-0.6799,1,13.96,13.34,2018-05-30,1,-1.0165,1.8942,0.1074362143775269
prebreak,002672,2018-05-15,S,S,A,C,S,S,A,15.0867,13.88,13.15,0.73,,1,13.88,15.4622,2018-05-22,0,2.1516,1,13.88,14.8989,2018-05-29,0,1.3804,1,13.88,15.021,2018-06-19,0,1.5475,1.5297,0.0023509382592312
prebreak,600060,2018-05-15,S,S,A,C,S,S,A,11.4334,11.61,11.02,0.59,,0,0.0,0.0,,0,0.0,0,0.0,0.0,,0,0.0,0,,,,0,,0.595,-0.0363176903481121
prebreak,600138,2018-05-16,S,S,A,C,S,S,A,21.1296,21.48,20.42,1.06,,0,0.0,0.0,,0,0.0,0,0.0,0.0,,0,0.0,1,21.48,21.5137,2018-06-04,0,0.0164,2.4787,0.0814741729914692
prebreak,000423,2018-05-17,S,S,A,C,S,S,A,44.5719,45.77,43.35,2.42,,0,0.0,0.0,,0,0.0,0,0.0,0.0,,0,0.0,0,,,,0,,1.4033,-0.0077465451662871
prebreak,002310,2018-05-17,S,S,A,C,S,S,A,18.9063,19.27,18.54,0.73,,0,0.0,0.0,,0,0.0,0,0.0,0.0,,0,0.0,0,,,,0,,,
prebreak,002719,2018-05-18,S,S,A,C,S,S,A,18.929,18.77,17.85,0.92,,0,0.0,0.0,,0,0.0,0,0.0,0.0,,0,0.0,0,,,,0,,0.8327,-0.0551897539429144
prebreak,600060,2018-05-22,S,S,A,C,S,S,A,11.8213,11.74,11.2,0.54,,0,0.0,0.0,,0,0.0,0,0.0,0.0,,0,0.0,0,,,,0,,0.3796,-0.0274838775064699
prebreak,000423,2018-05-24,S,S,A,C,S,S,A,44.8403,45.07,43.16,1.91,,0,0.0,0.0,,0,0.0,0,0.0,0.0,,0,0.0,0,,,,0,,1.4291,-0.043229956758627
prebreak,600066,2018-05-24,S,S,A,C,S,S,A,13.1099,13.46,12.83,0.63,,0,0.0,0.0,,0,0.0,1,13.46,13.3997,2018-06-06,0,-0.112,1,13.46,13.3997,2018-06-06,0,-0.112,1.9509,0.067494696064678
prebreak,002142,2018-05-28,S,S,A,C,S,S,A,13.4388,14.32,13.62,0.7,,0,0.0,0.0,,0,0.0,0,0.0,0.0,,0,0.0,0,,,,0,,2.2054,0.0863955465523145
prebreak,600036,2018-05-28,S,S,A,C,S,S,A,20.0078,21.57,20.46,1.11,,0,0.0,0.0,,0,0.0,0,0.0,0.0,,0,0.0,0,,,,0,,2.3815,0.0854941711490684
prebreak,000423,2018-05-31,S,S,A,C,S,S,A,47.3907,45.07,43.16,1.91,,0,0.0,0.0,,0,0.0,0,0.0,0.0,,0,0.0,0,,,,0,,1.1326,0.0841576596349535
prebreak,600066,2018-05-31,S,S,A,C,S,S,A,13.2669,13.33,12.78,0.55,,1,13.33,13.4057,2018-06-07,0,0.1191,1,13.33,12.953,2018-06-14,0,-0.7034,1,13.33,12.78,2018-06-19,1,-1.0178,1.5292,0.064830551885388
prebreak,002142,2018-06-04,S,S,A,C,S,S,A,13.5476,13.78,13.18,0.6,,0,0.0,0.0,,0,0.0,0,0.0,0.0,,0,0.0,0,,,,0,,1.2333,-0.0150532698640389
prebreak,002186,2018-06-04,S,S,A,C,S,S,A,15.6076,15.29,14.67,0.62,,1,15.29,15.7425,2018-06-07,0,0.7107,1,15.29,15.7425,2018-06-07,0,0.7107,1,15.29,15.7425,2018-06-07,0,0.7107,1.8335,0.0601400122908541
prebreak,600036,2018-06-04,S,S,A,C,S,S,A,20.3204,20.38,19.61,0.77,,0,0.0,0.0,,0,0.0,0,0.0,0.0,,0,0.0,0,,,,0,,0.943,-0.0115989910314401
prebreak,002275,2018-06-05,S,S,A,C,S,S,A,12.079,12.14,11.63,0.51,,0,0.0,0.0,,0,0.0,0,0.0,0.0,,0,0.0,0,,,,0,,12.8425,0.188487619014388
prebreak,002672,2018-06-05,S,S,A,C,S,S,A,15.7157,15.71,14.94,0.77,,0,0.0,0.0,,0,0.0,0,0.0,0.0,,0,0.0,0,,,,0,,0.5541,0.0678974365505717
prebreak,000826,2018-06-06,S,S,A,C,S,S,A,19.6064,20.43,19.56,0.87,,0,0.0,0.0,,0,0.0,0,0.0,0.0,,0,0.0,0,,,,0,,,
prebreak,600557,2018-06-06,S,S,A,C,S,S,A,12.7572,13.78,13.08,0.7,,0,0.0,0.0,,0,0.0,0,0.0,0.0,,0,0.0,0,,,,0,,3.0076,0.1653385544827661
prebreak,600993,2018-06-11,S,S,A,C,S,S,A,16.3626,17.31,16.43,0.88,,0,0.0,0.0,,0,0.0,0,0.0,0.0,,0,0.0,0,,,,0,,2.0827,0.1425496166215978
prebreak,000999,2018-06-12,S,S,A,C,S,S,A,14.5648,14.4,13.87,0.53,,0,0.0,0.0,,0,0.0,0,0.0,0.0,,0,0.0,0,,,,0,,0.814,0.0210584013586203
prebreak,603919,2018-06-12,S,S,A,C,S,S,A,12.7492,11.87,11.25,0.62,,0,0.0,0.0,,0,0.0,0,0.0,0.0,,0,0.0,0,,,,0,,1.3011,0.0175684028821632
prebreak,600129,2018-06-14,S,S,A,C,S,S,A,16.0121,15.56,14.83,0.73,,0,0.0,0.0,,0,0.0,0,0.0,0.0,,0,0.0,0,,,,0,,0.58,0.0082851129374008
prebreak,000999,2018-06-20,S,S,A,C,S,S,A,13.7919,14.7,14.03,0.67,,0,0.0,0.0,,0,0.0,0,0.0,0.0,,0,0.0,0,,,,0,,1.6217,0.1397593091366784
prebreak,002672,2018-06-20,S,S,A,C,S,S,A,15.9222,16.0,15.21,0.79,,0,0.0,0.0,,0,0.0,0,0.0,0.0,,0,0.0,0,,,,0,,0.808,0.0404673119551615
prebreak,600977,2018-06-22,S,S,A,C,S,S,A,14.6644,16.46,15.67,0.79,,0,0.0,0.0,,0,0.0,0,0.0,0.0,,0,0.0,0,,,,0,,1.5721,0.094242051046941
prebreak,002415,2018-06-25,S,S,A,C,S,S,A,30.3477,32.6,31.17,1.43,,0,0.0,0.0,,0,0.0,0,0.0,0.0,,0,0.0,0,,,,0,,1.212,0.0545425985076426
prebreak,002242,2018-06-26,S,S,A,C,S,S,A,13.3619,13.25,12.65,0.6,,0,0.0,0.0,,0,0.0,0,0.0,0.0,,0,0.0,0,,,,0,,1.3291,0.0712986862703268
prebreak,000999,2018-06-27,S,S,A,C,S,S,A,13.5596,14.7,14.03,0.67,,0,0.0,0.0,,0,0.0,0,0.0,0.0,,0,0.0,0,,,,0,,1.6217,0.1397593091366784
prebreak,600977,2018-06-29,S,S,A,C,S,S,A,14.8029,14.84,14.09,0.75,,0,0.0,0.0,,0,0.0,0,0.0,0.0,,0,0.0,0,,,,0,,0.5654,-0.0858305230728354
prebreak,601788,2018-07-03,S,S,A,C,S,S,A,9.8604,9.93,9.41,0.52,,0,0.0,0.0,,0,0.0,0,0.0,0.0,,0,0.0,0,,,,0,,0.7036,-0.0984227431538838
prebreak,300124,2018-07-06,S,S,A,C,S,S,A,19.4157,21.45,20.37,1.08,,0,0.0,0.0,,0,0.0,0,0.0,0.0,,0,0.0,0,,,,0,,2.4012,0.2864714560963917
prebreak,600977,2018-07-06,S,S,A,C,S,S,A,14.203,14.84,14.09,0.75,,0,0.0,0.0,,0,0.0,0,0.0,0.0,,0,0.0,0,,,,0,,1.713,0.1010684538023274
prebreak,002415,2018-07-09,S,S,A,C,S,S,A,28.7124,31.35,29.73,1.62,,0,0.0,0.0,,0,0.0,0,0.0,0.0,,0,0.0,0,,,,0,,1.2601,0.0831708953198324
prebreak,002424,2018-07-09,S,S,A,C,S,S,A,10.7186,11.17,10.6,0.57,,1,11.17,11.0281,2018-07-16,0,-0.2637,1,11.17,10.9314,2018-07-17,0,-0.4333,1,11.17,10.9314,2018-07-17,0,-0.4333,2.093,-0.1042146307314257
prebreak,300294,2018-07-09,S,S,A,C,S,S,A,31.2078,30.74,29.3,1.44,,0,0.0,0.0,,0,0.0,0,0.0,0.0,,0,0.0,0,,,,0,,0.5371,-0.0436284410483073
prebreak,000623,2018-07-10,S,S,A,C,S,S,A,14.7164,15.69,15.01,0.68,,0,0.0,0.0,,0,0.0,0,0.0,0.0,,0,0.0,0,,,,0,,6.9481,0.2334273558939676
prebreak,600977,2018-07-13,S,S,A,C,S,S,A,14.3968,14.5,13.84,0.66,,0,0.0,0.0,,0,0.0,0,0.0,0.0,,0,0.0,0,,,,0,,1.2615,-0.0017899700247882
prebreak,002415,2018-07-16,S,S,A,C,S,S,A,30.1587,31.35,29.73,1.62,,0,0.0,0.0,,0,0.0,0,0.0,0.0,,0,0.0,0,,,,0,,1.2601,0.0831708953198324
prebreak,600062,2018-07-16,S,S,A,C,S,S,A,16.8355,17.69,16.81,0.88,,0,0.0,0.0,,0,0.0,0,0.0,0.0,,0,0.0,0,,,,0,,2.1532,0.7189216646993475
prebreak,000423,2018-07-20,S,S,A,C,S,S,A,42.132,43.06,41.05,2.01,,0,0.0,0.0,,0,0.0,0,0.0,0.0,,0,0.0,0,,,,0,,2.0209,0.1152806922769664
prebreak,601607,2018-07-20,S,S,A,C,S,S,A,20.4539,20.75,19.79,0.96,,0,0.0,0.0,,0,0.0,0,0.0,0.0,,0,0.0,0,,,,0,,4.4052,0.2684296842281215
prebreak,002415,2018-07-23,S,S,A,C,S,S,A,30.1915,30.56,29.01,1.55,,0,0.0,0.0,,0,0.0,0,0.0,0.0,,0,0.0,0,,,,0,,0.8019,0.0393627655585417
prebreak,002358,2018-07-24,S,S,A,C,S,S,A,14.0746,14.25,13.6,0.65,,0,0.0,0.0,,0,0.0,0,0.0,0.0,,0,0.0,0,,,,0,,0.8317,0.0075701149159965
prebreak,600511,2018-07-25,S,S,A,C,S,S,A,23.5788,23.28,22.12,1.16,,0,0.0,0.0,,0,0.0,0,0.0,0.0,,0,0.0,0,,,,0,,1.0698,0.0444042772018224
prebreak,002242,2018-08-07,S,S,A,C,S,S,A,12.6204,13.88,13.16,0.72,,0,0.0,0.0,,0,0.0,0,0.0,0.0,,0,0.0,0,,,,0,,2.9401,0.1264129635502222
prebreak,600104,2018-08-09,S,S,A,C,S,S,A,23.2218,25.58,24.41,1.17,,0,0.0,0.0,,0,0.0,0,0.0,0.0,,0,0.0,0,,,,0,,2.6473,0.1546675242294133
prebreak,600323,2018-08-27,S,S,A,C,S,S,A,12.4621,12.54,11.91,0.63,,0,0.0,0.0,,0,0.0,0,0.0,0.0,,0,0.0,0,,,,0,,2.5686,0.0269164508923154
prebreak,601966,2018-08-27,S,S,A,C,S,S,A,14.8114,13.86,13.28,0.58,,0,0.0,0.0,,0,0.0,0,0.0,0.0,,0,0.0,0,,,,0,,1.1399,-0.0101364283455757
prebreak,600036,2018-09-26,S,S,A,C,S,S,A,21.8439,20.59,19.54,1.05,,0,0.0,0.0,,0,0.0,0,0.0,0.0,,0,0.0,0,,,,0,,1.1132,-0.0020136882413549
prebreak,601688,2018-10-10,S,S,A,C,S,S,A,12.333,12.79,12.15,0.64,,0,0.0,0.0,,0,0.0,1,12.79,13.1345,2018-10-24,0,0.5227,1,12.79,14.4329,2018-12-06,0,2.5502,2.5176,0.0763101288947993
prebreak,601688,2018-10-24,S,S,A,C,S,S,A,13.1345,11.78,11.27,0.51,,1,11.78,12.8155,2018-10-29,0,2.0116,1,11.78,12.8155,2018-10-29,0,2.0116,1,11.78,12.8155,2018-10-29,0,2.0116,1.5113,-0.0378207490505008
prebreak,601628,2018-10-25,S,S,A,C,S,S,A,20.4236,18.83,18.17,0.66,,1,18.83,19.129,2018-11-01,0,0.4311,1,18.83,19.4614,2018-11-08,0,0.9344,1,18.83,18.83,2018-11-23,1,-0.0217,1.501,0.0111839368502453
prebreak,000028,2018-10-26,S,S,A,C,S,S,A,26.4305,27.8,26.55,1.25,,1,27.8,28.7211,2018-11-02,0,0.7195,1,27.8,27.591,2018-11-09,0,-0.184,1,27.8,26.55,2018-11-26,1,-1.0163,1.951,0.0365654156367269
prebreak,600362,2018-10-26,S,S,A,C,S,S,A,11.2324,12.5,11.91,0.59,,0,0.0,0.0,,0,0.0,0,0.0,0.0,,0,0.0,0,,,,0,,2.5735,0.0921694799207666
prebreak,600030,2018-10-30,S,S,A,C,S,S,A,13.8414,12.29,11.78,0.51,,0,0.0,0.0,,0,0.0,0,0.0,0.0,,0,0.0,0,,,,0,,1.1838,-0.0724036003202526
prebreak,000651,2018-11-01,S,S,A,C,S,S,A,24.8707,26.03,24.69,1.34,,0,0.0,0.0,,0,0.0,0,0.0,0.0,,0,0.0,0,,,,0,,1.4715,0.0075586114242753
prebreak,300203,2018-11-01,S,S,A,C,S,S,A,22.6046,24.1,22.9,1.2,,0,0.0,0.0,,0,0.0,0,0.0,0.0,,0,0.0,0,,,,0,,1.2896,0.048288904595489
prebreak,600036,2018-11-07,S,S,A,C,S,S,A,21.2126,21.88,21.02,0.86,,0,0.0,0.0,,0,0.0,0,0.0,0.0,,0,0.0,0,,,,0,,1.1722,0.1380717505541533
prebreak,000651,2018-11-08,S,S,A,C,S,S,A,25.1856,26.09,25.01,1.08,,0,0.0,0.0,,0,0.0,0,0.0,0.0,,0,0.0,0,,,,0,,1.1429,0.1378144307844022
prebreak,600362,2018-11-09,S,S,A,C,S,S,A,11.309,11.81,11.29,0.52,,0,0.0,0.0,,0,0.0,0,0.0,0.0,,0,0.0,0,,,,0,,1.4713,0.061882876531135
prebreak,002352,2018-11-12,S,S,A,C,S,S,A,33.7412,35.54,33.88,1.66,,0,0.0,0.0,,0,0.0,0,0.0,0.0,,0,0.0,0,,,,0,,1.6231,0.1569305436696593
prebreak,601601,2018-11-13,S,S,A,C,S,S,A,24.2577,25.75,24.44,1.31,,0,0.0,0.0,,0,0.0,0,0.0,0.0,,0,0.0,0,,,,0,,3.3931,0.156701272740243
prebreak,002142,2018-11-14,S,S,A,C,S,S,A,13.4201,13.63,12.96,0.67,,0,0.0,0.0,,0,0.0,0,0.0,0.0,,0,0.0,0,,,,0,,1.0566,0.0126330741415912
prebreak,000651,2018-11-15,S,S,A,C,S,S,A,24.7615,25.56,24.26,1.3,,0,0.0,0.0,,0,0.0,0,0.0,0.0,,0,0.0,0,,,,0,,1.385,0.0956615686517465
prebreak,601628,2018-11-15,S,S,A,C,S,S,A,19.8463,19.89,18.85,1.04,,0,0.0,0.0,,0,0.0,0,0.0,0.0,,0,0.0,0,,,,0,,1.125,0.0445563114429421
prebreak,600362,2018-11-16,S,S,A,C,S,S,A,11.6493,11.75,11.22,0.53,,0,0.0,0.0,,0,0.0,0,0.0,0.0,,0,0.0,0,,,,0,,1.0551,0.0351048526715329
prebreak,601336,2018-11-16,S,S,A,C,S,S,A,35.8922,36.44,34.61,1.83,,0,0.0,0.0,,0,0.0,0,0.0,0.0,,0,0.0,0,,,,0,,3.5888,0.1536744857460883
prebreak,000651,2018-11-22,S,S,A,C,S,S,A,24.3952,25.11,24.05,1.06,,0,0.0,0.0,,0,0.0,0,0.0,0.0,,0,0.0,0,,,,0,,1.3391,0.0542982894919441
prebreak,601628,2018-11-22,S,S,A,C,S,S,A,19.1553,20.04,19.04,1.0,,0,0.0,0.0,,0,0.0,0,0.0,0.0,,0,0.0,0,,,,0,,1.8711,0.1364823434601156
prebreak,601088,2018-11-28,S,S,A,C,S,S,A,10.9416,11.7,11.14,0.56,,0,0.0,0.0,,0,0.0,0,0.0,0.0,,0,0.0,0,,,,0,,1.1435,0.1101440261173971
prebreak,600362,2018-11-30,S,S,A,C,S,S,A,11.3005,11.61,11.04,0.57,,0,0.0,0.0,,0,0.0,0,0.0,0.0,,0,0.0,0,,,,0,,1.1595,-0.003376601593646
prebreak,000651,2018-12-13,S,S,A,C,S,S,A,24.2924,23.81,22.86,0.95,,0,0.0,0.0,,0,0.0,0,0.0,0.0,,0,0.0,0,,,,0,,1.2188,-0.0399213302050545
prebreak,000999,2018-12-20,S,S,A,C,S,S,A,11.0345,12.27,11.77,0.5,,0,0.0,0.0,,0,0.0,0,0.0,0.0,,0,0.0,0,,,,0,,0.7959,0.0367531548807573
prebreak,300498,2018-12-24,S,S,A,C,S,S,A,18.4963,18.39,17.41,0.98,,0,0.0,0.0,,0,0.0,0,0.0,0.0,,0,0.0,0,,,,0,,0.9532,0.0725627930698218
prebreak,600036,2018-12-26,S,S,A,C,S,S,A,17.8266,20.89,19.94,0.95,,0,0.0,0.0,,0,0.0,0,0.0,0.0,,0,0.0,0,,,,0,,1.2811,0.1718422890013642
prebreak,600900,2019-01-03,S,S,A,C,S,S,A,11.8083,12.06,11.45,0.61,,0,0.0,0.0,,0,0.0,0,0.0,0.0,,0,0.0,0,,,,0,,0.6189,0.0475518046501863
prebreak,000999,2019-01-07,S,S,A,C,S,S,A,11.7807,12.41,11.85,0.56,,0,0.0,0.0,,0,0.0,0,0.0,0.0,,0,0.0,0,,,,0,,1.8861,0.0942723163003849
prebreak,600660,2019-01-09,S,S,A,C,S,S,A,17.8445,18.11,17.38,0.73,,0,0.0,0.0,,0,0.0,0,0.0,0.0,,0,0.0,0,,,,0,,1.0776,0.0194157656110511
prebreak,600036,2019-01-11,S,S,A,C,S,S,A,18.9816,18.44,17.46,0.98,,0,0.0,0.0,,0,0.0,0,0.0,0.0,,0,0.0,0,,,,0,,0.5172,-0.1059121619110432
prebreak,002373,2019-01-18,S,S,A,C,S,S,A,11.7073,11.87,11.25,0.62,,1,11.87,12.0992,2019-01-25,0,0.3548,1,11.87,12.5008,2019-02-01,0,1.0023,1,11.87,13.9,2019-02-27,1,3.2576,2.0221,0.0122037941726609
prebreak,002396,2019-01-18,S,S,A,C,S,S,A,12.7375,12.97,12.46,0.51,,0,0.0,0.0,,0,0.0,0,0.0,0.0,,0,0.0,0,,,,0,,1.1581,0.0205779621211728
prebreak,600036,2019-01-18,S,S,A,C,S,S,A,19.4407,19.6,18.77,0.83,,0,0.0,0.0,,0,0.0,0,0.0,0.0,,0,0.0,0,,,,0,,0.7816,0.0544980429568209
prebreak,000999,2019-01-21,S,S,A,C,S,S,A,11.3409,11.52,11.02,0.5,,0,0.0,0.0,,0,0.0,0,0.0,0.0,,0,0.0,1,11.52,13.53,2019-03-12,0,3.9999,1.5336,0.003551327882791
prebreak,600118,2019-02-01,S,S,A,C,S,S,A,17.8124,18.04,17.21,0.83,,0,0.0,0.0,,0,0.0,0,0.0,0.0,,0,0.0,0,,,,0,,0.924,-0.0253311656678933
prebreak,600150,2019-02-12,S,S,A,C,S,S,A,12.9702,13.08,12.4,0.68,,0,0.0,0.0,,0,0.0,0,0.0,0.0,,0,0.0,0,,,,0,,1.0046,-0.0121452451568295
prebreak,002151,2019-02-13,S,S,A,C,S,S,A,21.8948,21.84,20.77,1.07,,0,0.0,0.0,,0,0.0,0,0.0,0.0,,0,0.0,0,,,,0,,1.4954,0.0121375517786472
prebreak,300498,2019-02-13,S,S,A,C,S,S,A,21.6073,20.01,19.32,0.69,,0,0.0,0.0,,0,0.0,0,0.0,0.0,,0,0.0,0,,,,0,,0.7709,0.0154600939227922
prebreak,300457,2019-02-14,S,S,A,C,S,S,A,18.4792,18.06,17.17,0.89,,0,0.0,0.0,,0,0.0,0,0.0,0.0,,0,0.0,0,,,,0,,1.4262,0.024111733089035
prebreak,000776,2019-02-15,S,S,A,C,S,S,A,11.2674,11.42,10.87,0.55,,1,11.42,13.3309,2019-02-22,0,3.4564,1,11.42,13.8386,2019-03-01,0,4.3789,1,11.42,13.83,2019-02-27,1,4.3633,2.1125,0.0446713549645636
prebreak,600999,2019-02-18,S,S,A,C,S,S,A,10.971,10.24,9.73,0.51,,1,10.24,13.3047,2019-02-25,0,5.9902,1,10.24,12.4693,2019-03-04,0,4.3531,1,10.24,12.52,2019-02-27,1,4.4525,2.1297,0.0415165899397909
prebreak,600150,2019-02-19,S,S,A,C,S,S,A,13.0765,13.08,12.4,0.68,,1,13.08,13.9174,2019-02-26,0,1.216,1,13.08,16.1209,2019-03-05,0,4.4545,1,13.08,21.5816,2019-04-08,1,12.4798,2.036,-0.0462572134354168
prebreak,002151,2019-02-20,S,S,A,C,S,S,A,24.2902,21.84,20.77,1.07,,1,21.84,24.9237,2019-02-27,0,2.8646,1,21.84,25.765,2019-03-06,0,3.6504,1,21.84,25.54,2019-03-14,1,3.4403,3.578,0.0262604013383493
prebreak,300498,2019-02-20,S,S,A,C,S,S,A,23.3184,20.01,19.32,0.69,,1,20.01,22.8234,2019-02-25,0,4.0528,1,20.01,22.8234,2019-02-25,0,4.0528,1,20.01,22.8234,2019-02-25,0,4.0528,1.9688,0.0235397040733535
prebreak,600104,2019-02-26,S,S,A,C,S,S,A,22.022,21.09,20.02,1.07,,0,0.0,0.0,,0,0.0,0,0.0,0.0,,0,0.0,0,,,,0,,0.8697,0.0769166685022455
prebreak,600893,2019-02-28,S,S,A,C,S,S,A,24.5219,22.08,21.24,0.84,,0,0.0,0.0,,0,0.0,0,0.0,0.0,,0,0.0,0,,,,0,,1.0852,0.0055996712926427
prebreak,300176,2019-03-05,S,S,A,C,S,S,A,42.4431,35.48,33.81,1.67,,1,35.48,39.7675,2019-03-08,0,2.5496,1,35.48,39.7675,2019-03-08,0,2.5496,1,35.48,39.7675,2019-03-08,0,2.5496,4.9988,0.0622840811351728
prebreak,600893,2019-03-07,S,S,A,C,S,S,A,25.0854,22.08,21.24,0.84,,0,0.0,0.0,,0,0.0,0,0.0,0.0,,0,0.0,0,,,,0,,1.2865,0.0186711148011533
prebreak,600332,2019-03-20,S,S,A,C,S,S,A,32.6992,31.51,30.12,1.39,,0,0.0,0.0,,0,0.0,0,0.0,0.0,,0,0.0,0,,,,0,,0.8019,0.0608884198610211
prebreak,300457,2019-03-21,S,S,A,C,S,S,A,17.2738,19.02,18.17,0.85,,0,0.0,0.0,,0,0.0,0,0.0,0.0,,0,0.0,0,,,,0,,1.2269,0.2162133833301627
prebreak,600897,2019-03-22,S,S,A,C,S,S,A,14.4605,14.32,13.68,0.64,,0,0.0,0.0,,0,0.0,0,0.0,0.0,,0,0.0,0,,,,0,,0.9035,0.0301202950526482
prebreak,600332,2019-03-27,S,S,A,C,S,S,A,32.24,31.51,30.12,1.39,,0,0.0,0.0,,0,0.0,0,0.0,0.0,,0,0.0,0,,,,0,,0.5367,0.002811615584813
prebreak,000623,2019-03-29,S,S,A,C,S,S,A,15.2698,15.89,15.11,0.78,,0,0.0,0.0,,0,0.0,0,0.0,0.0,,0,0.0,0,,,,0,,1.4501,-0.0016015395972024
prebreak,600897,2019-03-29,S,S,A,C,S,S,A,14.4424,14.5,13.9,0.6,,1,14.5,14.4244,2019-04-03,0,-0.1443,1,14.5,14.4244,2019-04-03,0,-0.1443,1,14.5,14.4244,2019-04-03,0,-0.1443,1.5902,0.0457827034692404
prebreak,600362,2019-04-02,S,S,A,C,S,S,A,14.083,13.42,12.81,0.61,,0,0.0,0.0,,0,0.0,0,0.0,0.0,,0,0.0,0,,,,0,,0.9523,-0.045348673335504
prebreak,600332,2019-04-03,S,S,A,C,S,S,A,32.8662,32.8,31.39,1.41,,0,0.0,0.0,,0,0.0,0,0.0,0.0,,0,0.0,0,,,,0,,0.7832,0.0511287545672336
prebreak,600893,2019-04-04,S,S,A,C,S,S,A,26.3582,25.99,24.63,1.36,,0,0.0,0.0,,0,0.0,0,0.0,0.0,,0,0.0,0,,,,0,,1.0135,0.0739079187354272
prebreak,601800,2019-04-04,S,S,A,C,S,S,A,11.0442,10.21,9.68,0.53,,1,10.21,11.464,2019-04-12,0,2.3499,1,10.21,11.4236,2019-04-19,0,2.2738,1,10.21,10.21,2019-04-26,1,-0.0146,2.1796,0.0469135194829226
prebreak,600897,2019-04-08,S,S,A,C,S,S,A,14.4665,14.67,13.9,0.77,,0,0.0,0.0,,0,0.0,0,0.0,0.0,,0,0.0,0,,,,0,,0.9536,0.056668926429265
prebreak,000408,2019-04-10,S,S,A,C,S,S,A,10.1204,10.42,9.88,0.54,,0,0.0,0.0,,0,0.0,0,0.0,0.0,,0,0.0,0,,,,0,,1.4007,0.2621252284915589
prebreak,600104,2019-04-10,S,S,A,C,S,S,A,22.6257,20.24,19.32,0.92,,0,0.0,0.0,,0,0.0,0,0.0,0.0,,0,0.0,0,,,,0,,1.1,0.0230001541075579
prebreak,600697,2019-04-12,S,S,A,C,S,S,A,18.3316,19.05,18.12,0.93,,0,0.0,0.0,,0,0.0,0,0.0,0.0,,0,0.0,0,,,,0,,,
prebreak,603808,2019-04-16,S,S,A,C,S,S,A,15.1233,15.31,14.54,0.77,,0,0.0,0.0,,0,0.0,0,0.0,0.0,,0,0.0,0,,,,0,,0.553,0.0289795250673825
prebreak,600104,2019-04-17,S,S,A,C,S,S,A,23.3921,20.24,19.32,0.92,,0,0.0,0.0,,0,0.0,0,0.0,0.0,,0,0.0,0,,,,0,,0.6673,-0.0087989409026087
prebreak,600104,2019-04-24,S,S,A,C,S,S,A,21.9988,20.24,19.32,0.92,,0,0.0,0.0,,0,0.0,0,0.0,0.0,,0,0.0,0,,,,0,,0.7074,0.0298497022051664
prebreak,600660,2019-05-07,S,S,A,C,S,S,A,18.8213,20.32,19.38,0.94,,0,0.0,0.0,,0,0.0,0,0.0,0.0,,0,0.0,0,,,,0,,1.9499,0.1208370339396411
prebreak,000688,2019-05-08,S,S,A,C,S,S,A,12.0898,12.57,12.04,0.53,,0,0.0,0.0,,0,0.0,0,0.0,0.0,,0,0.0,0,,,,0,,1.1686,0.2659259147482531
prebreak,600835,2019-05-08,S,S,A,C,S,S,A,12.9315,15.44,14.74,0.7,,0,0.0,0.0,,0,0.0,0,0.0,0.0,,0,0.0,0,,,,0,,3.9347,0.0774551071676117
prebreak,000895,2019-05-24,S,S,A,C,S,S,A,17.4188,17.86,17.11,0.75,,0,0.0,0.0,,0,0.0,0,0.0,0.0,,0,0.0,0,,,,0,,0.8408,-0.0493874067460099
prebreak,600104,2019-05-27,S,S,A,C,S,S,A,18.3607,20.32,19.44,0.88,,0,0.0,0.0,,0,0.0,0,0.0,0.0,,0,0.0,0,,,,0,,1.9403,0.0758702974961531
prebreak,000895,2019-05-31,S,S,A,C,S,S,A,17.6014,18.1,17.28,0.82,,0,0.0,0.0,,0,0.0,0,0.0,0.0,,0,0.0,1,18.1,17.28,2019-07-10,1,-1.0161,1.8821,0.0283298884470175
prebreak,600104,2019-06-11,S,S,A,C,S,S,A,19.0031,19.31,18.34,0.97,,0,0.0,0.0,,0,0.0,0,0.0,0.0,,0,0.0,0,,,,0,,1.2952,0.0186371925257085
prebreak,600388,2019-06-20,S,S,A,C,S,S,A,10.5468,10.48,9.95,0.53,,1,10.48,10.5037,2019-06-25,0,0.0297,1,10.48,10.5037,2019-06-25,0,0.0297,1,10.48,10.5037,2019-06-25,0,0.0297,2.0467,0.0342232225930705
prebreak,600388,2019-06-27,S,S,A,C,S,S,A,10.9432,10.48,9.95,0.53,,1,10.48,10.6129,2019-07-04,0,0.2356,1,10.48,9.95,2019-07-10,1,-1.0144,1,10.48,9.95,2019-07-10,1,-1.0144,1.7719,-0.0079555385241019
prebreak,603368,2019-07-05,S,S,A,C,S,S,A,19.4746,19.17,18.35,0.82,,0,0.0,0.0,,0,0.0,0,0.0,0.0,,0,0.0,0,,,,0,,0.7498,0.0363278423121025
prebreak,300457,2019-07-25,S,S,A,C,S,S,A,15.5613,16.24,15.56,0.68,,0,0.0,0.0,,0,0.0,0,0.0,0.0,,0,0.0,0,,,,0,,2.7356,0.0427528431393111
prebreak,600885,2019-07-26,S,S,A,C,S,S,A,11.4581,11.98,11.42,0.56,,1,11.98,12.1769,2019-08-02,0,0.3351,1,11.98,11.9263,2019-08-09,0,-0.1122,1,11.98,11.42,2019-08-26,1,-1.0156,1.5089,0.0438251849990631
prebreak,600104,2019-07-30,S,S,A,C,S,S,A,20.2747,19.84,18.96,0.88,,0,0.0,0.0,,0,0.0,0,0.0,0.0,,0,0.0,0,,,,0,,0.7703,-0.0436146515147606
prebreak,600566,2019-08-07,S,S,A,C,S,S,A,20.2618,23.73,22.68,1.05,,0,0.0,0.0,,0,0.0,0,0.0,0.0,,0,0.0,0,,,,0,,1.8468,0.6347727760420365
prebreak,600566,2019-08-14,S,S,A,C,S,S,A,20.4508,20.59,19.65,0.94,,0,0.0,0.0,,0,0.0,0,0.0,0.0,,0,0.0,0,,,,0,,0.9865,-0.104282527047342
prebreak,600315,2019-08-15,S,S,A,C,S,S,A,32.9211,29.87,28.44,1.43,,1,29.87,33.2429,2019-08-22,0,2.3413,1,29.87,32.5614,2019-08-29,0,1.865,1,29.87,32.9684,2019-09-26,0,2.1495,3.9022,0.0351765549578282
prebreak,600563,2019-08-16,S,S,A,C,S,S,A,36.6056,39.59,37.94,1.65,,0,0.0,0.0,,0,0.0,0,0.0,0.0,,0,0.0,0,,,,0,,1.2666,0.1653349755669613
prebreak,300073,2019-08-19,S,S,A,C,S,S,A,22.3085,23.34,22.19,1.15,,0,0.0,0.0,,0,0.0,0,0.0,0.0,,0,0.0,0,,,,0,,1.4815,0.1124267653146655
prebreak,600104,2019-08-20,S,S,A,C,S,S,A,19.7536,20.4,19.48,0.92,,1,20.4,20.3236,2019-08-27,0,-0.0999,1,20.4,20.0386,2019-09-03,0,-0.4095,1,20.4,19.48,2019-09-25,1,-1.0162,2.8445,0.0061803268895221
prebreak,600566,2019-08-21,S,S,A,C,S,S,A,20.3054,20.59,19.65,0.94,,0,0.0,0.0,,0,0.0,0,0.0,0.0,,0,0.0,0,,,,0,,1.0787,-0.0988694761611777
prebreak,600315,2019-08-22,S,S,A,C,S,S,A,33.2429,29.87,28.44,1.43,,0,0.0,0.0,,0,0.0,0,0.0,0.0,,0,0.0,0,,,,0,,1.0235,0.0311499362675544
prebreak,600885,2019-08-23,S,S,A,C,S,S,A,11.6142,12.02,11.47,0.55,,0,0.0,0.0,,0,0.0,0,0.0,0.0,,0,0.0,1,12.02,12.03,2019-10-30,1,0.0016,1.8126,0.0208121957745026
prebreak,600104,2019-08-27,S,S,A,C,S,S,A,20.3236,20.16,19.45,0.71,,1,20.16,20.0386,2019-09-03,0,-0.1925,1,20.16,20.7632,2019-09-10,0,0.8275,1,20.16,20.16,2019-09-17,1,-0.0216,1.7154,-0.0032552942492541
prebreak,600566,2019-08-28,S,S,A,C,S,S,A,21.7153,20.59,19.65,0.94,,0,0.0,0.0,,0,0.0,0,0.0,0.0,,0,0.0,0,,,,0,,0.961,-0.0257378380504617
prebreak,300073,2019-09-02,S,S,A,C,S,S,A,22.7351,22.71,21.58,1.13,,0,0.0,0.0,,0,0.0,0,0.0,0.0,,0,0.0,0,,,,0,,1.4815,0.0823998217778945
prebreak,600566,2019-09-04,S,S,A,C,S,S,A,21.57,21.95,20.9,1.05,,0,0.0,0.0,,0,0.0,0,0.0,0.0,,0,0.0,0,,,,0,,0.8425,0.0872168501232397
prebreak,600048,2019-09-12,S,S,A,C,S,S,A,11.2629,10.87,10.3,0.57,,0,0.0,0.0,,0,0.0,0,0.0,0.0,,0,0.0,0,,,,0,,1.1447,0.0201618684769571
prebreak,600104,2019-09-18,S,S,A,C,S,S,A,20.1688,20.82,19.98,0.84,,0,0.0,0.0,,0,0.0,0,0.0,0.0,,0,0.0,0,,,,0,,2.3842,0.2659156943597782
prebreak,603866,2019-09-19,S,S,A,C,S,S,A,16.4019,16.66,15.9,0.76,,0,0.0,0.0,,0,0.0,0,0.0,0.0,,0,0.0,0,,,,0,,1.314,0.0489744352606646
prebreak,600048,2019-09-20,S,S,A,C,S,S,A,11.2168,11.58,11.02,0.56,,0,0.0,0.0,,0,0.0,1,11.58,12.0861,2019-10-11,0,0.8875,1,11.58,11.58,2019-10-28,1,-0.0157,1.7589,0.1166266352000566
prebreak,001979,2019-09-27,S,S,A,C,S,S,A,15.1557,15.86,15.05,0.81,,0,0.0,0.0,,0,0.0,0,0.0,0.0,,0,0.0,0,,,,0,,1.2699,0.0144339111833651
prebreak,600048,2019-09-27,S,S,A,C,S,S,A,10.9552,11.42,10.85,0.57,,1,11.42,12.0861,2019-10-11,0,1.1527,1,11.42,11.7861,2019-10-18,0,0.6266,1,11.42,11.42,2019-10-28,1,-0.0152,1.7589,0.1011982879088642
prebreak,000997,2019-10-08,S,S,A,C,S,S,A,14.3087,16.24,15.41,0.83,,0,0.0,0.0,,0,0.0,0,0.0,0.0,,0,0.0,0,,,,0,,4.3045,0.1728326087313814
prebreak,300146,2019-10-08,S,S,A,C,S,S,A,13.6526,15.65,14.85,0.8,,0,0.0,0.0,,0,0.0,0,0.0,0.0,,0,0.0,0,,,,0,,0.8337,0.132956375658177
prebreak,600597,2019-10-11,S,S,A,C,S,S,A,9.6901,9.86,9.36,0.5,,0,0.0,0.0,,0,0.0,0,0.0,0.0,,0,0.0,0,,,,0,,0.7704,-0.0688770725069705
prebreak,000997,2019-10-22,S,S,A,C,S,S,A,14.0067,14.95,14.24,0.71,,1,14.95,14.4153,2019-10-29,0,-0.7687,1,14.95,14.24,2019-10-30,1,-1.0154,1,14.95,14.24,2019-10-30,1,-1.0154,5.5343,-0.0425448388880688
prebreak,002223,2019-10-25,S,S,A,C,S,S,A,19.0345,19.7,18.95,0.75,,0,0.0,0.0,,0,0.0,1,19.7,19.6067,2019-11-08,0,-0.1443,1,19.7,18.95,2019-11-11,1,-1.0193,1.7871,0.0287794145212885
prebreak,600563,2019-10-28,S,S,A,C,S,S,A,39.4345,40.62,38.83,1.79,,0,0.0,0.0,,0,0.0,0,0.0,0.0,,0,0.0,0,,,,0,,1.1251,0.1024101229633689
prebreak,002223,2019-11-01,S,S,A,C,S,S,A,19.1049,19.47,18.48,0.99,,0,0.0,0.0,,0,0.0,0,0.0,0.0,,0,0.0,0,,,,0,,1.2297,0.0238291751641903
prebreak,002301,2019-11-01,S,S,A,C,S,S,A,12.1952,11.26,10.76,0.5,,0,0.0,0.0,,0,0.0,0,0.0,0.0,,0,0.0,0,,,,0,,1.4295,0.0180104365544557
prebreak,002410,2019-11-01,S,S,A,C,S,S,A,21.8238,23.87,22.63,1.24,,0,0.0,0.0,,0,0.0,0,0.0,0.0,,0,0.0,0,,,,0,,0.9011,0.0279456587954893
prebreak,300001,2019-11-07,S,S,A,C,S,S,A,16.7863,16.53,15.83,0.7,,0,0.0,0.0,,0,0.0,0,0.0,0.0,,0,0.0,0,,,,0,,1.2696,0.0173190566586474
prebreak,600612,2019-11-07,S,S,A,C,S,S,A,40.8172,42.44,40.3,2.14,,0,0.0,0.0,,0,0.0,0,0.0,0.0,,0,0.0,0,,,,0,,1.9371,0.1179806772969378
prebreak,603678,2019-11-07,S,S,A,C,S,S,A,20.2681,22.27,21.25,1.02,,0,0.0,0.0,,0,0.0,0,0.0,0.0,,0,0.0,0,,,,0,,1.5735,0.148395774602666
prebreak,002223,2019-11-08,S,S,A,C,S,S,A,19.6067,19.65,18.67,0.98,,0,0.0,0.0,,0,0.0,0,0.0,0.0,,0,0.0,0,,,,0,,4.2099,0.1697673222651015
prebreak,603678,2019-11-14,S,S,A,C,S,S,A,19.1828,20.75,19.67,1.08,,0,0.0,0.0,,0,0.0,0,0.0,0.0,,0,0.0,1,20.75,20.2015,2019-12-04,0,-0.5222,4.0214,-0.006554891673748
prebreak,000999,2019-11-19,S,S,A,C,S,S,A,14.5932,15.26,14.46,0.8,,0,0.0,0.0,,0,0.0,0,0.0,0.0,,0,0.0,0,,,,0,,1.2185,0.0474898240479488
prebreak,002352,2019-11-21,S,S,A,C,S,S,A,35.1387,36.48,34.89,1.59,,0,0.0,0.0,,0,0.0,0,0.0,0.0,,0,0.0,0,,,,0,,2.4125,0.0628239360352866
prebreak,603180,2019-11-25,S,S,A,C,S,S,A,26.5629,28.38,27.27,1.11,,0,0.0,0.0,,0,0.0,0,0.0,0.0,,0,0.0,1,28.38,28.38,2020-01-22,1,-0.0194,1.9104,0.0094369851335314
prebreak,002179,2019-11-27,S,S,A,C,S,S,A,19.6292,19.92,19.02,0.9,,0,0.0,0.0,,0,0.0,0,0.0,0.0,,0,0.0,0,,,,0,,0.8002,0.0059438846631429
prebreak,002352,2019-11-28,S,S,A,C,S,S,A,34.0791,35.52,33.89,1.63,,0,0.0,0.0,,0,0.0,0,0.0,0.0,,0,0.0,0,,,,0,,2.1226,0.0216462658191434
prebreak,600612,2019-11-28,S,S,A,C,S,S,A,38.4105,39.7,37.85,1.85,,0,0.0,0.0,,0,0.0,0,0.0,0.0,,0,0.0,0,,,,0,,1.2817,-0.0275624643398694
prebreak,002223,2019-11-29,S,S,A,C,S,S,A,17.1944,18.56,17.74,0.82,,0,0.0,0.0,,0,0.0,0,0.0,0.0,,0,0.0,0,,,,0,,1.6942,0.0888998040177921
prebreak,600754,2019-11-29,S,S,A,C,S,S,A,21.9887,22.23,21.08,1.15,,1,22.23,23.258,2019-12-06,0,0.8787,1,22.23,24.1072,2019-12-13,0,1.6166,1,22.23,25.4039,2020-01-20,0,2.7435,2.3367,0.0584451498662739
prebreak,601601,2019-11-29,S,S,A,C,S,S,A,26.0967,27.01,25.86,1.15,,0,0.0,0.0,,0,0.0,0,0.0,0.0,,0,0.0,0,,,,0,,1.3616,0.0119515955623841
prebreak,300001,2019-12-05,S,S,A,C,S,S,A,15.7989,15.86,15.03,0.83,,1,15.86,17.8031,2019-12-12,0,2.325,1,15.86,17.5489,2019-12-19,0,2.019,1,15.86,18.8883,2020-01-06,0,3.6317,2.6655,-0.0446096665247459
prebreak,300036,2019-12-05,S,S,A,C,S,S,A,18.6948,18.78,17.85,0.93,,0,0.0,0.0,,0,0.0,0,0.0,0.0,,0,0.0,0,,,,0,,1.1785,0.0344535384391446
prebreak,600612,2019-12-05,S,S,A,C,S,S,A,39.4936,39.7,38.04,1.66,,0,0.0,0.0,,0,0.0,0,0.0,0.0,,0,0.0,0,,,,0,,2.518,0.0233115423851124
prebreak,002223,2019-12-06,S,S,A,C,S,S,A,17.1328,17.24,16.54,0.7,,0,0.0,0.0,,0,0.0,0,0.0,0.0,,0,0.0,0,,,,0,,0.9679,-0.0849627186701277
prebreak,600754,2019-12-06,S,S,A,C,S,S,A,23.258,22.23,21.08,1.15,,0,0.0,0.0,,0,0.0,0,0.0,0.0,,0,0.0,0,,,,0,,0.5846,0.0421334951594307
prebreak,300316,2019-12-10,S,S,A,C,S,S,A,13.567,13.42,12.7,0.72,,1,13.42,14.1146,2019-12-17,0,0.95,1,13.42,14.2374,2019-12-24,0,1.1204,1,13.42,20.0626,2020-01-22,1,9.2059,1.5366,-0.0523830991272205
prebreak,600309,2019-12-11,S,S,A,C,S,S,A,44.2172,43.83,41.55,2.28,,0,0.0,0.0,,0,0.0,0,0.0,0.0,,0,0.0,0,,,,0,,0.9023,0.0828186266205028
prebreak,300001,2019-12-12,S,S,A,C,S,S,A,17.8031,15.86,15.03,0.83,,1,15.86,17.5489,2019-12-19,0,2.019,1,15.86,17.5978,2019-12-26,0,2.0778,1,15.86,21.0098,2020-01-13,1,6.1861,1.8898,0.0575311513956851
prebreak,300036,2019-12-12,S,S,A,C,S,S,A,19.687,18.78,17.85,0.93,,0,0.0,0.0,,0,0.0,0,0.0,0.0,,0,0.0,0,,,,0,,1.3814,0.0361355767130293
prebreak,600612,2019-12-12,S,S,A,C,S,S,A,38.0335,39.55,37.53,2.02,,0,0.0,0.0,,0,0.0,0,0.0,0.0,,0,0.0,1,39.55,39.55,2020-02-03,1,-0.0149,1.8029,0.0014293376457785
prebreak,300607,2019-12-13,S,S,A,C,S,S,A,14.1641,13.76,13.22,0.54,,1,13.76,16.1382,2019-12-20,0,4.382,1,13.76,16.8245,2019-12-27,0,5.652,1,13.76,16.2,2020-01-20,1,4.4963,3.5131,0.0232456332604309
prebreak,600372,2019-12-13,S,S,A,C,S,S,A,12.9872,13.34,12.73,0.61,,1,13.34,13.5797,2019-12-20,0,0.3761,1,13.34,13.5033,2019-12-27,0,0.2509,1,13.34,13.35,2020-02-03,1,-0.0002,1.9337,0.0487716023988824
prebreak,002032,2019-12-16,S,S,A,C,S,S,A,55.5645,56.53,54.2,2.33,,0,0.0,0.0,,0,0.0,0,0.0,0.0,,0,0.0,0,,,,0,,1.493,0.0713622112934169
prebreak,300288,2019-12-16,S,S,A,C,S,S,A,12.2569,11.87,11.31,0.56,,0,0.0,0.0,,0,0.0,0,0.0,0.0,,0,0.0,0,,,,0,,1.4385,-0.0252821067935464
prebreak,000333,2019-12-17,S,S,A,C,S,S,A,44.4125,44.84,43.03,1.81,,0,0.0,0.0,,0,0.0,0,0.0,0.0,,0,0.0,0,,,,0,,1.1243,0.03347519538956
prebreak,603708,2019-12-17,S,S,A,C,S,S,A,21.7254,21.44,20.3,1.14,,0,0.0,0.0,,0,0.0,0,0.0,0.0,,0,0.0,0,,,,0,,0.7901,-0.0127316108346973
prebreak,603833,2019-12-17,S,S,A,C,S,S,A,60.7613,58.92,56.14,2.78,,1,58.92,63.9501,2019-12-24,0,1.7921,1,58.92,67.7118,2019-12-31,0,3.1444,1,58.92,65.3969,2020-01-23,0,2.3122,2.7452,-0.0038309917217509
prebreak,002601,2019-12-18,S,S,A,C,S,S,A,10.2189,9.96,9.46,0.5,,0,0.0,0.0,,0,0.0,0,0.0,0.0,,0,0.0,0,,,,0,,1.3593,0.0134464864185823
prebreak,300688,2019-12-19,S,S,A,C,S,S,A,15.0212,14.04,13.45,0.59,,0,0.0,0.0,,0,0.0,0,0.0,0.0,,0,0.0,0,,,,0,,1.1846,-0.0138286807177433
prebreak,601163,2019-12-24,S,S,A,C,S,S,A,12.017,12.33,11.82,0.51,,1,12.33,12.516,2019-12-31,0,0.3461,1,12.33,12.5651,2020-01-08,0,0.4423,1,12.33,12.33,2020-01-23,1,-0.0184,1.779,0.0820270007041508
prebreak,603833,2019-12-24,S,S,A,C,S,S,A,63.9501,58.92,56.14,2.78,,0,0.0,0.0,,0,0.0,0,0.0,0.0,,0,0.0,0,,,,0,,0.4816,-0.0014861450957525
prebreak,603313,2019-12-26,S,S,A,C,S,S,A,16.041,15.29,14.53,0.76,,0,0.0,0.0,,0,0.0,0,0.0,0.0,,0,0.0,0,,,,0,,1.1063,0.1151907080951997
prebreak,002142,2019-12-30,S,S,A,C,S,S,A,22.5697,23.2,22.17,1.03,,1,23.2,23.8339,2020-01-07,0,0.5979,1,23.2,23.0883,2020-01-14,0,-0.1255,1,23.2,22.17,2020-01-22,1,-1.0165,1.8692,0.0758278156191523
prebreak,300024,2019-12-30,S,S,A,C,S,S,A,14.01,14.35,13.77,0.58,,1,14.35,14.74,2020-01-07,0,0.6532,1,14.35,14.64,2020-01-14,0,0.4809,1,14.35,14.36,2020-02-03,1,-0.0016,1.8975,0.0749063670411984
prebreak,603708,2019-12-31,S,S,A,C,S,S,A,21.6099,21.7,20.74,0.96,,0,0.0,0.0,,0,0.0,0,0.0,0.0,,0,0.0,0,,,,0,,0.7739,0.0321550440456428
prebreak,002281,2020-01-02,S,S,A,C,S,S,A,29.1459,28.81,27.56,1.25,,0,0.0,0.0,,0,0.0,0,0.0,0.0,,0,0.0,0,,,,0,,1.0729,0.0211670846677844
prebreak,300596,2020-01-03,S,S,A,C,S,S,A,33.7316,33.27,31.71,1.56,,1,33.27,36.5904,2020-01-10,0,2.1109,1,33.27,35.8099,2020-01-17,0,1.6109,1,33.27,33.27,2020-02-03,1,-0.0162,5.2332,0.0598895732553346
prebreak,600372,2020-01-06,S,S,A,C,S,S,A,15.0036,13.98,13.31,0.67,,0,0.0,0.0,,0,0.0,0,0.0,0.0,,0,0.0,0,,,,0,,1.1423,0.0670207423118265
prebreak,002142,2020-01-07,S,S,A,C,S,S,A,23.8339,23.16,22.17,0.99,,0,0.0,0.0,,0,0.0,0,0.0,0.0,,0,0.0,0,,,,0,,0.7383,0.0687516804560679
prebreak,002558,2020-01-07,S,S,A,C,S,S,A,18.1192,16.78,16.01,0.77,,1,16.78,17.6842,2020-01-14,0,1.1569,1,16.78,16.4514,2020-01-21,0,-0.443,1,16.78,16.78,2020-01-20,1,-0.0166,1.6022,0.0435452969828356
prebreak,300024,2020-01-07,S,S,A,C,S,S,A,14.74,14.39,13.77,0.62,,0,0.0,0.0,,0,0.0,0,0.0,0.0,,0,0.0,0,,,,0,,1.4635,0.0337643678160919
prebreak,002281,2020-01-09,S,S,A,C,S,S,A,30.4541,29.96,28.51,1.45,,0,0.0,0.0,,0,0.0,0,0.0,0.0,,0,0.0,0,,,,0,,1.1978,0.0554513311020312
prebreak,300625,2020-01-10,S,S,A,C,S,S,A,13.7966,12.99,12.29,0.7,,1,12.99,13.575,2020-01-17,0,0.8211,1,12.99,12.29,2020-02-03,1,-1.0135,1,12.99,12.99,2020-01-23,1,-0.0141,4.6264,0.0999791317554714
prebreak,603899,2020-01-10,S,S,A,C,S,S,A,43.2551,41.87,39.84,2.03,,0,0.0,0.0,,0,0.0,0,0.0,0.0,,0,0.0,0,,,,0,,0.6364,-0.0380246594167611
prebreak,002223,2020-01-13,S,S,A,C,S,S,A,18.2773,18.55,17.82,0.73,,1,18.55,18.8496,2020-01-20,0,0.3908,1,18.55,25.2325,2020-02-04,0,9.1291,1,18.55,24.79,2020-02-10,1,8.5232,1.6942,0.0883131123130414
prebreak,002253,2020-01-13,S,S,A,C,S,S,A,15.2265,14.73,13.95,0.78,,0,0.0,0.0,,0,0.0,0,0.0,0.0,,0,0.0,0,,,,0,,1.0968,0.0334415860174546
prebreak,300718,2020-01-13,S,S,A,C,S,S,A,13.334,12.83,12.24,0.59,,1,12.83,14.4749,2020-01-20,0,2.7697,1,12.83,14.4398,2020-02-04,0,2.7102,1,12.83,14.88,2020-01-23,1,3.4559,2.9625,0.0786311542926578
prebreak,002142,2020-01-14,S,S,A,C,S,S,A,23.0883,24.01,22.98,1.03,,0,0.0,0.0,,0,0.0,0,0.0,0.0,,0,0.0,0,,,,0,,2.3505,0.0864423358192527
prebreak,002558,2020-01-14,S,S,A,C,S,S,A,17.6842,16.78,16.01,0.77,,1,16.78,17.2128,2020-01-17,0,0.5452,1,16.78,17.2128,2020-01-17,0,0.5452,1,16.78,17.2128,2020-01-17,0,0.5452,1.5306,0.0301888463258486
prebreak,300024,2020-01-14,S,S,A,C,S,S,A,14.64,14.94,14.25,0.69,,1,14.94,15.2,2020-01-21,0,0.3601,1,14.94,14.25,2020-02-03,1,-1.0158,1,14.94,14.25,2020-02-03,1,-1.0158,2.6518,0.0709677419354839
prebreak,600118,2020-01-14,S,S,A,C,S,S,A,22.0064,21.03,20.22,0.81,,0,0.0,0.0,,0,0.0,0,0.0,0.0,,0,0.0,0,,,,0,,0.6948,0.0037257207788017
prebreak,002153,2020-01-15,S,S,A,C,S,S,A,15.7604,15.81,15.12,0.69,,0,0.0,0.0,,0,0.0,0,0.0,0.0,,0,0.0,0,,,,0,,0.7713,0.0531363482363449
prebreak,300423,2020-01-15,S,S,A,C,S,S,A,13.3793,13.67,13.08,0.59,,1,13.67,13.9653,2020-01-22,0,0.4826,1,13.67,13.08,2020-02-03,1,-1.017,1,13.67,13.08,2020-02-03,1,-1.017,1.5646,0.109161566201883
prebreak,300642,2020-01-15,S,S,A,C,S,S,A,23.6989,22.26,21.31,0.95,,0,0.0,0.0,,0,0.0,0,0.0,0.0,,0,0.0,0,,,,0,,0.8958,0.048482387252803
prebreak,603578,2020-01-15,S,S,A,C,S,S,A,11.9141,10.73,10.22,0.51,,1,10.73,11.7382,2020-01-20,0,1.9596,1,10.73,11.7382,2020-01-20,0,1.9596,1,10.73,11.7382,2020-01-20,0,1.9596,2.7174,0.0308718362987128
prebreak,300625,2020-01-17,S,S,A,C,S,S,A,13.575,12.99,12.29,0.7,,0,0.0,0.0,,0,0.0,0,0.0,0.0,,0,0.0,0,,,,0,,1.0905,0.039429821750583
prebreak,600498,2020-01-17,S,S,A,C,S,S,A,26.1592,26.91,25.98,0.93,,0,0.0,0.0,,0,0.0,0,0.0,0.0,,0,0.0,1,26.91,26.91,2020-02-28,1,-0.022,3.6855,0.028700757766304
prebreak,603899,2020-01-17,S,S,A,C,S,S,A,43.7601,44.44,42.83,1.61,,0,0.0,0.0,,0,0.0,0,0.0,0.0,,0,0.0,0,,,,0,,0.9488,0.0985983946860724
prebreak,001979,2020-01-20,S,S,A,C,S,S,A,14.8845,15.9,15.29,0.61,,0,0.0,0.0,,0,0.0,0,0.0,0.0,,0,0.0,0,,,,0,,3.4527,0.2434841359131323
prebreak,603578,2020-01-22,S,S,A,C,S,S,A,11.3812,10.73,10.22,0.51,,0,0.0,0.0,,0,0.0,0,0.0,0.0,,0,0.0,0,,,,0,,0.6138,0.0293370395201044
prebreak,001979,2020-02-04,S,S,A,C,S,S,A,13.0658,15.9,15.29,0.61,,0,0.0,0.0,,0,0.0,0,0.0,0.0,,0,0.0,0,,,,0,,3.4527,0.2434841359131323
prebreak,002851,2020-02-04,S,S,A,C,S,S,A,20.5908,22.08,21.03,1.05,,0,0.0,0.0,,0,0.0,0,0.0,0.0,,0,0.0,0,,,,0,,1.4151,0.0753650870638995
prebreak,300233,2020-02-04,S,S,A,C,S,S,A,17.2964,18.51,17.77,0.74,,1,18.51,17.9751,2020-02-11,0,-0.7414,1,18.51,18.397,2020-02-18,0,-0.1717,1,18.51,17.77,2020-02-28,1,-1.0184,2.4482,0.0167890220236195
prebreak,600315,2020-02-04,S,S,A,C,S,S,A,24.7334,30.27,28.98,1.29,,0,0.0,0.0,,0,0.0,0,0.0,0.0,,0,0.0,0,,,,0,,4.2132,0.2526140636878444
prebreak,000776,2020-02-05,S,S,A,C,S,S,A,11.3919,13.04,12.48,0.56,,0,0.0,0.0,,0,0.0,0,0.0,0.0,,0,0.0,1,13.04,12.8876,2020-02-24,0,-0.2897,2.3329,0.02638633568883
prebreak,002142,2020-02-05,S,S,A,C,S,S,A,21.0461,23.23,22.09,1.14,,0,0.0,0.0,,0,0.0,0,0.0,0.0,,0,0.0,0,,,,0,,2.0976,0.0515332667754377
prebreak,002302,2020-02-05,S,S,A,C,S,S,A,8.6141,10.98,10.44,0.54,,0,0.0,0.0,,0,0.0,0,0.0,0.0,,0,0.0,1,10.98,10.9643,2020-03-05,0,-0.0445,2.5756,0.2828191514359111
prebreak,603288,2020-02-05,S,S,A,C,S,S,A,45.2434,47.93,45.81,2.12,,0,0.0,0.0,,0,0.0,0,0.0,0.0,,0,0.0,0,,,,0,,1.825,0.0754082274059773
prebreak,603368,2020-02-05,S,S,A,C,S,S,A,21.6289,19.72,18.95,0.77,,1,19.72,20.7959,2020-02-10,0,1.3769,1,19.72,20.7959,2020-02-10,0,1.3769,1,19.72,20.7959,2020-02-10,0,1.3769,3.7784,0.0204267819359358
prebreak,002038,2020-02-06,S,S,A,C,S,S,A,14.2848,12.84,12.19,0.65,,1,12.84,13.325,2020-02-11,0,0.7307,1,12.84,13.325,2020-02-11,0,0.7307,1,12.84,13.325,2020-02-11,0,0.7307,1.9712,0.034495900391241
prebreak,601163,2020-02-06,S,S,A,C,S,S,A,11.5343,13.41,12.76,0.65,,0,0.0,0.0,,0,0.0,0,0.0,0.0,,0,0.0,0,,,,0,,2.2758,0.055275908692689
prebreak,603708,2020-02-06,S,S,A,C,S,S,A,21.2903,22.3,21.27,1.03,,1,22.3,22.4534,2020-02-13,0,0.1324,1,22.3,22.116,2020-02-20,0,-0.195,1,22.3,21.27,2020-02-24,1,-1.0158,2.0128,0.034056459066841
prebreak,603919,2020-02-06,S,S,A,C,S,S,A,9.721,12.4,11.86,0.54,,0,0.0,0.0,,0,0.0,0,0.0,0.0,,0,0.0,0,,,,0,,2.9717,0.1759808989708657
prebreak,300520,2020-02-07,S,S,A,C,S,S,A,22.2779,18.85,17.95,0.9,,1,18.85,23.4959,2020-02-14,0,5.143,1,18.85,24.0853,2020-02-21,0,5.7974,1,18.85,23.02,2020-02-25,1,4.6145,1.8201,0.0278642405549385
prebreak,600104,2020-02-07,S,S,A,C,S,S,A,17.3027,20.71,19.86,0.85,,0,0.0,0.0,,0,0.0,0,0.0,0.0,,0,0.0,0,,,,0,,2.3842,0.2592273789717103
prebreak,002468,2020-02-10,S,S,A,C,S,S,A,18.8723,19.71,18.66,1.05,,1,19.71,20.3601,2020-02-17,0,0.6045,1,19.71,19.5966,2020-02-24,0,-0.1222,1,19.71,18.66,2020-02-28,1,-1.0136,4.4413,0.0363270185432775
prebreak,002926,2020-02-10,S,S,A,C,S,S,A,9.7406,10.35,9.8,0.55,,0,0.0,0.0,,0,0.0,1,10.35,11.607,2020-02-24,0,2.2698,1,10.35,10.35,2020-02-28,1,-0.0143,3.531,0.0292028480296309
prebreak,300683,2020-02-10,S,S,A,C,S,S,A,30.2816,31.06,30.0,1.06,,0,0.0,0.0,,0,0.0,0,0.0,0.0,,0,0.0,0,,,,0,,0.789,0.0200301282309509
prebreak,601211,2020-02-10,S,S,A,C,S,S,A,13.5854,15.44,14.85,0.59,,0,0.0,0.0,,0,0.0,0,0.0,0.0,,0,0.0,1,15.44,14.85,2020-03-09,1,-1.0193,1.6372,0.1460372208147944
prebreak,603508,2020-02-10,S,S,A,C,S,S,A,20.9707,23.48,22.52,0.96,,0,0.0,0.0,,0,0.0,1,23.48,23.8438,2020-02-24,0,0.3601,1,23.48,22.52,2020-02-25,1,-1.018,1.8863,0.0320536547243917
prebreak,002253,2020-02-11,S,S,A,C,S,S,A,13.2212,15.35,14.81,0.54,,0,0.0,0.0,,0,0.0,1,15.35,15.3543,2020-02-25,0,-0.0137,1,15.35,14.81,2020-02-26,1,-1.021,2.7062,0.0120305970103247
prebreak,002851,2020-02-11,S,S,A,C,S,S,A,22.0373,22.08,21.03,1.05,,0,0.0,0.0,,0,0.0,0,0.0,0.0,,0,0.0,0,,,,0,,0.9754,0.031472634530679
prebreak,300233,2020-02-11,S,S,A,C,S,S,A,17.9751,18.51,17.77,0.74,,0,0.0,0.0,,0,0.0,0,0.0,0.0,,0,0.0,0,,,,0,,0.6785,0.0147441974443864
prebreak,600315,2020-02-11,S,S,A,C,S,S,A,26.4088,30.27,28.98,1.29,,0,0.0,0.0,,0,0.0,0,0.0,0.0,,0,0.0,0,,,,0,,4.2132,0.2526140636878444
prebreak,603858,2020-02-11,S,S,A,C,S,S,A,17.0995,18.31,17.42,0.89,,0,0.0,0.0,,0,0.0,1,18.31,19.2183,2020-02-25,0,1.0043,1,18.31,17.42,2020-03-12,1,-1.015,2.2738,0.0435183346943162
prebreak,002142,2020-02-12,S,S,A,C,S,S,A,21.192,23.23,22.09,1.14,,0,0.0,0.0,,0,0.0,0,0.0,0.0,,0,0.0,0,,,,0,,2.0976,0.0515332667754377
prebreak,002558,2020-02-12,S,S,A,C,S,S,A,16.7687,18.37,17.41,0.96,,0,0.0,0.0,,0,0.0,1,18.37,17.41,2020-02-26,1,-1.0139,1,18.37,17.41,2020-02-26,1,-1.0139,2.2872,0.0672278642761448
prebreak,603288,2020-02-12,S,S,A,C,S,S,A,46.5833,47.93,45.81,2.12,,0,0.0,0.0,,0,0.0,0,0.0,0.0,,0,0.0,0,,,,0,,1.825,0.0754082274059773
prebreak,603368,2020-02-12,S,S,A,C,S,S,A,20.4455,19.72,18.95,0.77,,0,0.0,0.0,,0,0.0,0,0.0,0.0,,0,0.0,0,,,,0,,0.7365,0.0370742279252231
prebreak,002262,2020-02-17,S,S,A,C,S,S,A,10.5991,11.22,10.69,0.53,,0,0.0,0.0,,0,0.0,0,0.0,0.0,,0,0.0,1,11.22,10.69,2020-03-12,1,-1.0155,2.8917,0.0308877433591114
prebreak,002926,2020-02-17,S,S,A,C,S,S,A,9.9635,10.35,9.8,0.55,,1,10.35,11.607,2020-02-24,0,2.2698,1,10.35,10.9199,2020-03-02,0,1.0212,1,10.35,10.35,2020-02-28,1,-0.0143,3.531,0.0292028480296309
prebreak,600111,2020-02-17,S,S,A,C,S,S,A,9.7016,10.75,10.2,0.55,,0,0.0,0.0,,0,0.0,0,0.0,0.0,,0,0.0,0,,,,0,,3.2591,0.1399533535472077
prebreak,600660,2020-02-17,S,S,A,C,S,S,A,20.7567,20.96,20.26,0.7,,0,0.0,0.0,,0,0.0,0,0.0,0.0,,0,0.0,0,,,,0,,2.2319,0.208690759935626
prebreak,601211,2020-02-17,S,S,A,C,S,S,A,14.311,13.86,13.31,0.55,,0,0.0,0.0,,0,0.0,0,0.0,0.0,,0,0.0,0,,,,0,,0.8596,-0.099025008000677
prebreak,601233,2020-02-17,S,S,A,C,S,S,A,13.2626,13.34,12.78,0.56,,0,0.0,0.0,,0,0.0,0,0.0,0.0,,0,0.0,0,,,,0,,1.0645,-0.0266301015054034
prebreak,603508,2020-02-17,S,S,A,C,S,S,A,21.4352,21.5,20.52,0.98,,1,21.5,23.8438,2020-02-24,0,2.3734,1,21.5,24.5035,2020-03-02,0,3.0462,1,21.5,21.5,2020-03-13,1,-0.0167,1.577,-0.0776088755769599
prebreak,001979,2020-02-18,S,S,A,C,S,S,A,14.3102,15.9,15.29,0.61,,0,0.0,0.0,,0,0.0,0,0.0,0.0,,0,0.0,0,,,,0,,3.4527,0.2434841359131323
prebreak,002232,2020-02-18,S,S,A,C,S,S,A,9.0288,10.21,9.7,0.51,,1,10.21,10.6731,2020-02-25,0,0.8923,1,10.21,10.2399,2020-03-03,0,0.0433,1,10.21,10.21,2020-02-28,1,-0.0152,4.48,0.0474402125996025
prebreak,002727,2020-02-18,S,S,A,C,S,S,A,20.5657,21.24,20.13,1.11,,0,0.0,0.0,,0,0.0,0,0.0,0.0,,0,0.0,0,,,,0,,1.9985,0.0794991976203816
prebreak,600315,2020-02-18,S,S,A,C,S,S,A,26.6928,26.88,25.7,1.18,,0,0.0,0.0,,0,0.0,0,0.0,0.0,,0,0.0,0,,,,0,,11.7031,0.1019719072073417
prebreak,600323,2020-02-18,S,S,A,C,S,S,A,17.2694,17.45,16.64,0.81,,0,0.0,0.0,,0,0.0,0,0.0,0.0,,0,0.0,0,,,,0,,1.1273,-0.0006819824256297
prebreak,600329,2020-02-18,S,S,A,C,S,S,A,10.5536,11.13,10.59,0.54,,0,0.0,0.0,,0,0.0,0,0.0,0.0,,0,0.0,0,,,,0,,3.6331,0.0773010729919383
prebreak,603260,2020-02-18,S,S,A,C,S,S,A,27.1699,29.15,27.74,1.41,,0,0.0,0.0,,0,0.0,0,0.0,0.0,,0,0.0,1,29.15,27.74,2020-03-09,1,-1.0151,2.8467,0.2212112260796941
prebreak,000776,2020-02-19,S,S,A,C,S,S,A,12.5137,13.04,12.48,0.56,,1,13.04,12.8876,2020-02-24,0,-0.2897,1,13.04,12.8876,2020-02-24,0,-0.2897,1,13.04,12.8876,2020-02-24,0,-0.2897,2.3329,0.02638633568883
prebreak,000777,2020-02-19,S,S,A,C,S,S,A,11.377,10.89,10.36,0.53,,0,0.0,0.0,,0,0.0,0,0.0,0.0,,0,0.0,0,,,,0,,1.115,-0.0858710442583587
prebreak,002142,2020-02-19,S,S,A,C,S,S,A,21.2811,21.86,20.84,1.02,,0,0.0,0.0,,0,0.0,0,0.0,0.0,,0,0.0,0,,,,0,,0.9491,0.0133086849326673
prebreak,002302,2020-02-19,S,S,A,C,S,S,A,9.62,10.98,10.44,0.54,,0,0.0,0.0,,0,0.0,1,10.98,10.9643,2020-03-04,0,-0.0445,1,10.98,10.9643,2020-03-05,0,-0.0445,2.5756,0.2828191514359111
prebreak,002558,2020-02-19,S,S,A,C,S,S,A,16.3155,16.79,16.12,0.67,,1,16.79,17.385,2020-02-26,0,0.8685,1,16.79,17.5029,2020-03-04,0,1.0443,1,16.79,16.79,2020-03-09,1,-0.019,2.5869,-0.0352330185528916
prebreak,603288,2020-02-19,S,S,A,C,S,S,A,45.1738,46.8,44.66,2.14,,0,0.0,0.0,,0,0.0,0,0.0,0.0,,0,0.0,1,46.8,44.66,2020-03-09,1,-1.016,1.8295,0.0221194133793378
prebreak,603368,2020-02-19,S,S,A,C,S,S,A,19.825,20.53,19.7,0.83,,0,0.0,0.0,,0,0.0,0,0.0,0.0,,0,0.0,0,,,,0,,4.8966,0.1150435774271787
prebreak,002025,2020-02-20,S,S,A,C,S,S,A,26.1819,26.38,25.05,1.33,,1,26.38,25.8426,2020-02-27,0,-0.4189,1,26.38,25.05,2020-02-28,1,-1.0144,1,26.38,25.05,2020-02-28,1,-1.0144,2.0219,0.01735971335306
prebreak,002038,2020-02-20,S,S,A,C,S,S,A,12.9523,12.84,12.19,0.65,,0,0.0,0.0,,0,0.0,0,0.0,0.0,,0,0.0,0,,,,0,,0.6157,0.0486670771089292
prebreak,300423,2020-02-20,S,S,A,C,S,S,A,13.3598,13.68,12.96,0.72,,1,13.68,12.96,2020-02-25,1,-1.0138,1,13.68,12.96,2020-02-25,1,-1.0138,1,13.68,12.96,2020-02-25,1,-1.0138,1.6993,0.0345538130138614
prebreak,300619,2020-02-20,S,S,A,C,S,S,A,11.3692,11.08,10.58,0.5,,0,0.0,0.0,,0,0.0,0,0.0,0.0,,0,0.0,0,,,,0,,1.2545,0.0133863514673855
prebreak,600549,2020-02-20,S,S,A,C,S,S,A,11.85,11.95,11.45,0.5,,0,0.0,0.0,,0,0.0,0,0.0,0.0,,0,0.0,0,,,,0,,1.2127,0.013844849166182
prebreak,600690,2020-02-20,S,S,A,C,S,S,A,16.143,16.19,15.37,0.82,,0,0.0,0.0,,0,0.0,0,0.0,0.0,,0,0.0,0,,,,0,,0.9671,-0.0304490148626054
prebreak,600999,2020-02-20,S,S,A,C,S,S,A,13.5568,12.72,12.08,0.64,,1,12.72,13.1779,2020-02-25,0,0.6999,1,12.72,13.1779,2020-02-25,0,0.6999,1,12.72,13.1779,2020-02-25,0,0.6999,1.7038,-0.0423951090469966
prebreak,601163,2020-02-20,S,S,A,C,S,S,A,12.0988,11.97,11.37,0.6,,0,0.0,0.0,,0,0.0,0,0.0,0.0,,0,0.0,0,,,,0,,1.2441,-0.0837470787221602
prebreak,601628,2020-02-20,S,S,A,C,S,S,A,28.1486,27.9,26.67,1.23,,0,0.0,0.0,,0,0.0,0,0.0,0.0,,0,0.0,0,,,,0,,1.3644,-0.0652269001903258
prebreak,600104,2020-02-21,S,S,A,C,S,S,A,19.4197,17.87,17.04,0.83,,0,0.0,0.0,,0,0.0,0,0.0,0.0,,0,0.0,0,,,,0,,0.9409,-0.112905557417252
prebreak,600976,2020-02-21,S,S,A,C,S,S,A,15.8426,16.37,15.7,0.67,,0,0.0,0.0,,0,0.0,0,0.0,0.0,,0,0.0,0,,,,0,,2.0051,0.1898086165370904
prebreak,601869,2020-02-21,S,S,A,C,S,S,A,30.6932,33.45,31.75,1.7,,1,33.45,31.75,2020-02-28,1,-1.0143,1,33.45,31.75,2020-02-28,1,-1.0143,1,33.45,31.75,2020-02-28,1,-1.0143,3.298,0.0402956379530341
prebreak,300625,2020-02-24,S,S,A,C,S,S,A,13.2922,12.25,11.67,0.58,,0,0.0,0.0,,0,0.0,0,0.0,0.0,,0,0.0,0,,,,0,,1.3182,-0.1256659286619404
prebreak,600111,2020-02-24,S,S,A,C,S,S,A,9.7307,10.75,10.2,0.55,,0,0.0,0.0,,0,0.0,0,0.0,0.0,,0,0.0,0,,,,0,,3.2591,0.1399533535472077
prebreak,600271,2020-02-24,S,S,A,C,S,S,A,23.2172,22.52,21.43,1.09,,1,22.52,23.0473,2020-03-02,0,0.4678,1,22.52,21.43,2020-03-09,1,-1.0151,1,22.52,21.43,2020-03-09,1,-1.0151,1.9717,-0.0292413898272754
prebreak,600298,2020-02-24,S,S,A,C,S,S,A,26.9205,25.69,24.4,1.29,,1,25.69,26.9479,2020-03-02,0,0.9594,1,25.69,28.582,2020-03-09,0,2.2253,1,25.69,28.07,2020-03-18,1,1.8287,4.1236,-0.0505398168533719
prebreak,600498,2020-02-24,S,S,A,C,S,S,A,27.6295,23.96,22.84,1.12,,1,23.96,31.4865,2020-03-02,0,6.6996,1,23.96,32.9377,2020-03-09,0,7.9945,1,23.96,30.74,2020-03-04,1,6.0335,5.6205,-0.1036972948497508
prebreak,600648,2020-02-24,S,S,A,C,S,S,A,12.4848,12.8,12.2,0.6,,0,0.0,0.0,,0,0.0,0,0.0,0.0,,0,0.0,0,,,,0,,5.3482,0.1535855411226561
prebreak,600660,2020-02-24,S,S,A,C,S,S,A,20.6582,20.9,20.16,0.74,,0,0.0,0.0,,0,0.0,0,0.0,0.0,,0,0.0,0,,,,0,,2.2319,0.2052307673022224
prebreak,603367,2020-02-24,S,S,A,C,S,S,A,14.9062,15.09,14.37,0.72,,0,0.0,0.0,,0,0.0,0,0.0,0.0,,0,0.0,0,,,,0,,0.7239,-0.051813919602845
prebreak,603508,2020-02-24,S,S,A,C,S,S,A,23.8438,21.5,20.52,0.98,,1,21.5,24.5035,2020-03-02,0,3.0462,1,21.5,22.2316,2020-03-09,0,0.7293,1,21.5,21.5,2020-03-13,1,-0.0167,1.8774,-0.0956326101921228
prebreak,603638,2020-02-24,S,S,A,C,S,S,A,14.8446,15.06,14.26,0.8,,0,0.0,0.0,,0,0.0,0,0.0,0.0,,0,0.0,0,,,,0,,1.4616,0.050217749505768
prebreak,603899,2020-02-24,S,S,A,C,S,S,A,41.0958,42.22,40.56,1.66,,0,0.0,0.0,,0,0.0,0,0.0,0.0,,0,0.0,0,,,,0,,1.1056,0.053239235786922
prebreak,002727,2020-02-25,S,S,A,C,S,S,A,20.014,20.79,19.77,1.02,,0,0.0,0.0,,0,0.0,0,0.0,0.0,,0,0.0,1,20.79,24.4724,2020-04-24,0,3.5924,3.2902,0.038775236624623
prebreak,002832,2020-02-25,S,S,A,C,S,S,A,11.4692,13.61,13.03,0.58,,0,0.0,0.0,,0,0.0,0,0.0,0.0,,0,0.0,0,,,,0,,1.2214,0.2029465506328776
prebreak,300149,2020-02-25,S,S,A,C,S,S,A,14.9325,14.0,13.35,0.65,,0,0.0,0.0,,0,0.0,0,0.0,0.0,,0,0.0,0,,,,0,,1.0901,0.0125319953353446
prebreak,600048,2020-02-25,S,S,A,C,S,S,A,11.7399,12.41,11.77,0.64,,1,12.41,12.7785,2020-03-03,0,0.5607,1,12.41,12.6093,2020-03-10,0,0.2964,1,12.41,12.41,2020-03-09,1,-0.0147,2.2549,0.0440772037347332
prebreak,600329,2020-02-25,S,S,A,C,S,S,A,10.6839,10.71,10.17,0.54,,0,0.0,0.0,,0,0.0,0,0.0,0.0,,0,0.0,0,,,,0,,2.0222,0.0968616771726216
prebreak,601966,2020-02-25,S,S,A,C,S,S,A,21.4633,22.19,21.38,0.81,,0,0.0,0.0,,0,0.0,0,0.0,0.0,,0,0.0,0,,,,0,,3.2814,0.2273885578670451
prebreak,603589,2020-02-25,S,S,A,C,S,S,A,37.2459,38.3,36.28,2.02,,0,0.0,0.0,,0,0.0,0,0.0,0.0,,0,0.0,0,,,,0,,0.4609,-0.1255429219011625
prebreak,603698,2020-02-25,S,S,A,C,S,S,A,11.2937,11.3,10.72,0.58,,0,0.0,0.0,,0,0.0,0,0.0,0.0,,0,0.0,0,,,,0,,1.1242,-0.0810115593179346
prebreak,603858,2020-02-25,S,S,A,C,S,S,A,19.2183,17.72,16.99,0.73,,0,0.0,0.0,,0,0.0,0,0.0,0.0,,0,0.0,0,,,,0,,1.1769,-0.0219398674405603
prebreak,000623,2020-02-26,S,S,A,C,S,S,A,14.396,14.53,13.8,0.73,,0,0.0,0.0,,0,0.0,0,0.0,0.0,,0,0.0,0,,,,0,,1.3625,0.0045675034722383
prebreak,000777,2020-02-26,S,S,A,C,S,S,A,11.6027,10.89,10.36,0.53,,0,0.0,0.0,,0,0.0,0,0.0,0.0,,0,0.0,0,,,,0,,1.026,-0.0793311709660894
prebreak,002393,2020-02-26,S,S,A,C,S,S,A,14.4214,14.45,13.76,0.69,,0,0.0,0.0,,0,0.0,0,0.0,0.0,,0,0.0,0,,,,0,,0.6134,-0.0109242081078333
prebreak,002558,2020-02-26,S,S,A,C,S,S,A,17.385,16.79,16.1,0.69,,0,0.0,0.0,,0,0.0,0,0.0,0.0,,0,0.0,0,,,,0,,0.9608,0.0166589486160528
prebreak,300142,2020-02-26,S,S,A,C,S,S,A,29.1189,30.02,28.58,1.44,,0,0.0,0.0,,0,0.0,1,30.02,31.1848,2020-03-11,0,0.7925,1,30.02,28.58,2020-03-17,1,-1.0152,1.6512,0.0662455750620094
prebreak,600085,2020-02-26,S,S,A,C,S,S,A,24.6905,25.61,24.62,0.99,,0,0.0,0.0,,0,0.0,0,0.0,0.0,,0,0.0,0,,,,0,,2.2201,0.041864817774232
prebreak,603368,2020-02-26,S,S,A,C,S,S,A,19.4114,20.2,19.26,0.94,,0,0.0,0.0,,0,0.0,0,0.0,0.0,,0,0.0,0,,,,0,,4.8966,0.0971203245995619
prebreak,002462,2020-02-27,S,S,A,C,S,S,A,13.7284,13.98,13.45,0.53,,1,13.98,14.0155,2020-03-05,0,0.0469,1,13.98,13.45,2020-03-10,1,-1.0194,1,13.98,13.45,2020-03-10,1,-1.0194,1.6331,-0.0031527436360477
prebreak,300423,2020-02-27,S,S,A,C,S,S,A,12.9399,13.78,13.06,0.72,,1,13.78,14.4927,2020-03-05,0,0.9746,1,13.78,13.4282,2020-03-12,0,-0.5029,1,13.78,13.06,2020-03-13,1,-1.0139,2.5262,0.1556310610652627
prebreak,600196,2020-02-27,S,S,A,C,S,S,A,25.8796,24.91,23.89,1.02,,0,0.0,0.0,,0,0.0,0,0.0,0.0,,0,0.0,0,,,,0,,0.9517,0.0312865209817649
prebreak,600690,2020-02-27,S,S,A,C,S,S,A,15.2115,16.19,15.37,0.82,,0,0.0,0.0,,0,0.0,0,0.0,0.0,,0,0.0,0,,,,0,,1.2049,0.1615589362099747
prebreak,600999,2020-02-27,S,S,A,C,S,S,A,13.1288,12.72,12.08,0.64,,0,0.0,0.0,,0,0.0,0,0.0,0.0,,0,0.0,0,,,,0,,1.0502,-0.0332021020938477
prebreak,603919,2020-02-27,S,S,A,C,S,S,A,10.6482,10.36,9.85,0.51,,0,0.0,0.0,,0,0.0,0,0.0,0.0,,0,0.0,0,,,,0,,0.8958,-0.0996091856571211
prebreak,603332,2020-03-02,S,S,A,C,S,S,A,13.2216,12.27,11.67,0.6,,1,12.27,12.534,2020-03-09,0,0.4241,1,12.27,11.67,2020-03-13,1,-1.0149,1,12.27,12.27,2020-03-10,1,-0.0155,1.7782,0.081494538706069
prebreak,002727,2020-03-03,S,S,A,C,S,S,A,19.6224,20.79,19.77,1.02,,0,0.0,0.0,,0,0.0,0,0.0,0.0,,0,0.0,1,20.79,24.4724,2020-04-24,0,3.5924,3.2902,0.038775236624623
prebreak,600887,2020-03-03,S,S,A,C,S,S,A,23.3833,23.64,22.59,1.05,,0,0.0,0.0,,0,0.0,0,0.0,0.0,,0,0.0,0,,,,0,,0.9936,0.0195150579719578
prebreak,000623,2020-03-04,S,S,A,C,S,S,A,14.5913,14.53,13.8,0.73,,1,14.53,14.1329,2020-03-09,0,-0.5588,1,14.53,14.1329,2020-03-09,0,-0.5588,1,14.53,14.1329,2020-03-09,0,-0.5588,1.6446,0.0225705053265794
prebreak,000777,2020-03-04,S,S,A,C,S,S,A,11.8848,10.89,10.36,0.53,,1,10.89,11.4429,2020-03-11,0,1.0268,1,10.89,10.36,2020-03-16,1,-1.015,1,10.89,10.89,2020-03-13,1,-0.0156,1.7159,0.0453081109428332
prebreak,002558,2020-03-04,S,S,A,C,S,S,A,17.5029,16.79,16.1,0.69,,0,0.0,0.0,,0,0.0,0,0.0,0.0,,0,0.0,0,,,,0,,0.7413,0.0188958219903456
prebreak,600085,2020-03-04,S,S,A,C,S,S,A,24.2158,24.99,23.81,1.18,,0,0.0,0.0,,0,0.0,0,0.0,0.0,,0,0.0,0,,,,0,,6.4963,0.0611693505914221
prebreak,603790,2020-03-04,S,S,A,C,S,S,A,13.3922,13.84,13.23,0.61,,0,0.0,0.0,,0,0.0,0,0.0,0.0,,0,0.0,1,13.84,13.23,2020-04-03,1,-1.0166,5.3447,0.0334347796195679
prebreak,000999,2020-03-05,S,S,A,C,S,S,A,16.703,16.97,16.11,0.86,,0,0.0,0.0,,0,0.0,0,0.0,0.0,,0,0.0,0,,,,0,,0.7767,-0.0511979700862574
prebreak,002038,2020-03-05,S,S,A,C,S,S,A,12.533,12.65,12.01,0.64,,0,0.0,0.0,,0,0.0,0,0.0,0.0,,0,0.0,0,,,,0,,0.6731,-0.0802450304343885
prebreak,002462,2020-03-05,S,S,A,C,S,S,A,14.0155,13.82,13.2,0.62,,0,0.0,0.0,,0,0.0,0,0.0,0.0,,0,0.0,0,,,,0,,1.2935,-0.018822279347488
prebreak,600196,2020-03-05,S,S,A,C,S,S,A,26.4609,24.91,23.89,1.02,,0,0.0,0.0,,0,0.0,0,0.0,0.0,,0,0.0,0,,,,0,,0.8384,-0.0224807704814408
prebreak,600690,2020-03-05,S,S,A,C,S,S,A,15.8011,16.19,15.37,0.82,,0,0.0,0.0,,0,0.0,0,0.0,0.0,,0,0.0,0,,,,0,,1.2049,0.1615589362099747
prebreak,600999,2020-03-05,S,S,A,C,S,S,A,13.4656,12.72,12.08,0.64,,0,0.0,0.0,,0,0.0,0,0.0,0.0,,0,0.0,0,,,,0,,0.8093,0.0358548906137345
prebreak,002727,2020-03-10,S,S,A,C,S,S,A,19.4444,20.18,19.27,0.91,,0,0.0,0.0,,0,0.0,1,20.18,20.9395,2020-03-24,0,0.8172,1,20.18,24.4724,2020-04-24,0,4.6971,8.0396,-0.0049763787467029
prebreak,300491,2020-03-10,S,S,A,C,S,S,A,13.995,12.12,11.52,0.6,,1,12.12,14.7692,2020-03-17,0,4.3972,1,12.12,14.5046,2020-03-24,0,3.9565,1,12.12,14.76,2020-03-19,1,4.3819,2.7031,0.0178476447292548
prebreak,600887,2020-03-10,S,S,A,C,S,S,A,23.4147,23.85,22.59,1.26,,0,0.0,0.0,,0,0.0,0,0.0,0.0,,0,0.0,0,,,,0,,0.729,0.0405236243670483
prebreak,601966,2020-03-10,S,S,A,C,S,S,A,19.6702,22.19,21.38,0.81,,0,0.0,0.0,,0,0.0,0,0.0,0.0,,0,0.0,0,,,,0,,3.2814,0.2273885578670451
prebreak,603858,2020-03-10,S,S,A,C,S,S,A,18.0927,17.72,16.99,0.73,,0,0.0,0.0,,0,0.0,0,0.0,0.0,,0,0.0,0,,,,0,,0.6987,0.0303049230859544
prebreak,002727,2020-03-17,S,S,A,C,S,S,A,16.9972,20.18,19.27,0.91,,1,20.18,20.9395,2020-03-24,0,0.8172,1,20.18,23.0129,2020-03-31,0,3.0943,1,20.18,24.4724,2020-04-24,0,4.6971,8.0396,-0.0049763787467029
prebreak,600887,2020-03-17,S,S,A,C,S,S,A,21.7618,23.85,22.59,1.26,,0,0.0,0.0,,0,0.0,0,0.0,0.0,,0,0.0,0,,,,0,,0.729,0.0405236243670483
prebreak,603858,2020-03-17,S,S,A,C,S,S,A,16.3215,17.72,16.99,0.73,,0,0.0,0.0,,0,0.0,0,0.0,0.0,,0,0.0,1,17.72,17.73,2020-04-30,1,-0.0048,2.0534,0.0856864250368223
prebreak,000333,2020-03-19,S,S,A,C,S,S,A,36.8965,41.99,40.0,1.99,,0,0.0,0.0,,0,0.0,0,0.0,0.0,,0,0.0,0,,,,0,,1.5,0.1294485675291903
prebreak,601336,2020-03-20,S,S,A,C,S,S,A,30.7617,35.29,33.93,1.36,,0,0.0,0.0,,0,0.0,0,0.0,0.0,,0,0.0,0,,,,0,,2.2329,0.1379819061263743
prebreak,600887,2020-03-24,S,S,A,C,S,S,A,22.2083,23.85,22.59,1.26,,0,0.0,0.0,,0,0.0,0,0.0,0.0,,0,0.0,0,,,,0,,0.729,0.0405236243670483
prebreak,600900,2020-03-24,S,S,A,C,S,S,A,13.3255,14.04,13.33,0.71,,0,0.0,0.0,,0,0.0,0,0.0,0.0,,0,0.0,0,,,,0,,1.3126,0.053619202341169
prebreak,000623,2020-03-25,S,S,A,C,S,S,A,13.3605,13.49,12.9,0.59,,0,0.0,0.0,,0,0.0,0,0.0,0.0,,0,0.0,0,,,,0,,0.9721,-0.077620220992283
prebreak,600887,2020-03-31,S,S,A,C,S,S,A,23.3912,22.95,21.82,1.13,,0,0.0,0.0,,0,0.0,0,0.0,0.0,,0,0.0,0,,,,0,,0.9387,-0.0350189029147265
prebreak,000538,2020-04-01,S,S,A,C,S,S,A,47.2934,46.6,44.27,2.33,,0,0.0,0.0,,0,0.0,0,0.0,0.0,,0,0.0,0,,,,0,,0.6812,0.0106924353069259
prebreak,000623,2020-04-01,S,S,A,C,S,S,A,13.2162,13.96,13.29,0.67,,0,0.0,0.0,,0,0.0,0,0.0,0.0,,0,0.0,0,,,,0,,3.4997,0.062423242733872
prebreak,000768,2020-04-01,S,S,A,C,S,S,A,15.0451,17.09,16.21,0.88,,0,0.0,0.0,,0,0.0,0,0.0,0.0,,0,0.0,0,,,,0,,1.4508,0.1359160419012903
prebreak,300741,2020-04-02,S,S,A,C,S,S,A,23.11,23.74,22.52,1.22,,0,0.0,0.0,,0,0.0,0,0.0,0.0,,0,0.0,0,,,,0,,1.3121,-0.0057797705581643
prebreak,600271,2020-04-07,S,S,A,C,S,S,A,18.4039,18.54,17.76,0.78,,0,0.0,0.0,,0,0.0,0,0.0,0.0,,0,0.0,0,,,,0,,0.9899,-0.1402973429514348
prebreak,600660,2020-04-07,S,S,A,C,S,S,A,15.6168,15.93,15.15,0.78,,0,0.0,0.0,,0,0.0,0,0.0,0.0,,0,0.0,0,,,,0,,1.4443,0.0047345568535217
prebreak,601211,2020-04-07,S,S,A,C,S,S,A,13.4564,13.55,13.04,0.51,,0,0.0,0.0,,0,0.0,0,0.0,0.0,,0,0.0,0,,,,0,,0.6192,-0.0558365817827027
prebreak,600887,2020-04-08,S,S,A,C,S,S,A,23.446,22.95,21.82,1.13,,0,0.0,0.0,,0,0.0,0,0.0,0.0,,0,0.0,0,,,,0,,0.729,0.001258581938103
prebreak,603856,2020-04-08,S,S,A,C,S,S,A,9.769,10.18,9.67,0.51,,0,0.0,0.0,,0,0.0,1,10.18,10.8272,2020-04-22,0,1.2531,1,10.18,10.18,2020-04-28,1,-0.0152,3.094,0.0848027145842831
prebreak,000623,2020-04-09,S,S,A,C,S,S,A,13.5387,13.72,13.14,0.58,,0,0.0,0.0,,0,0.0,0,0.0,0.0,,0,0.0,0,,,,0,,1.2044,0.0523155717506633
prebreak,603222,2020-04-13,S,S,A,C,S,S,A,33.0073,38.32,36.85,1.47,,0,0.0,0.0,,0,0.0,0,0.0,0.0,,0,0.0,0,,,,0,,3.0169,0.1238328874184633
prebreak,000623,2020-04-16,S,S,A,C,S,S,A,13.6745,13.74,13.23,0.51,,0,0.0,0.0,,0,0.0,0,0.0,0.0,,0,0.0,0,,,,0,,1.2044,0.0538495594645855
prebreak,601211,2020-04-21,S,S,A,C,S,S,A,13.4564,13.76,13.24,0.52,,0,0.0,0.0,,0,0.0,0,0.0,0.0,,0,0.0,0,,,,0,,2.6307,0.0870428359091177
prebreak,600835,2020-04-22,S,S,A,C,S,S,A,12.5916,12.1,11.5,0.6,,0,0.0,0.0,,0,0.0,0,0.0,0.0,,0,0.0,0,,,,0,,1.333,0.0054382862332913
prebreak,000623,2020-04-23,S,S,A,C,S,S,A,13.5812,13.82,13.31,0.51,,0,0.0,0.0,,0,0.0,0,0.0,0.0,,0,0.0,0,,,,0,,2.9702,0.0782369164582394
prebreak,603868,2020-04-30,S,S,A,C,S,S,A,29.7147,32.13,30.56,1.57,,0,0.0,0.0,,0,0.0,0,0.0,0.0,,0,0.0,1,32.13,37.36,2020-06-12,1,3.3136,3.9415,0.04007255878457
prebreak,300741,2020-05-06,S,S,A,C,S,S,A,24.2001,25.08,24.01,1.07,,0,0.0,0.0,,0,0.0,0,0.0,0.0,,0,0.0,0,,,,0,,0.9327,0.0125095076193026
prebreak,600668,2020-05-06,S,S,A,C,S,S,A,11.4595,11.04,10.54,0.5,,0,0.0,0.0,,0,0.0,0,0.0,0.0,,0,0.0,0,,,,0,,1.2928,0.078750020592017
prebreak,600835,2020-05-11,S,S,A,C,S,S,A,12.6591,12.77,12.17,0.6,,0,0.0,0.0,,0,0.0,0,0.0,0.0,,0,0.0,1,12.77,12.7097,2020-06-02,0,-0.1166,2.9162,0.0421106994669056
prebreak,600835,2020-05-18,S,S,A,C,S,S,A,11.8489,12.77,12.17,0.6,,0,0.0,0.0,,0,0.0,1,12.77,12.7266,2020-06-01,0,-0.0885,1,12.77,12.7097,2020-06-02,0,-0.1166,2.9162,0.0421106994669056
prebreak,600323,2020-05-25,S,S,A,C,S,S,A,18.4942,19.29,18.42,0.87,,0,0.0,0.0,,0,0.0,0,0.0,0.0,,0,0.0,0,,,,0,,0.8226,0.0910250887113153
prebreak,002025,2020-05-27,S,S,A,C,S,S,A,26.5405,27.14,25.93,1.21,,1,27.14,26.6181,2020-06-03,0,-0.4481,1,27.14,26.6181,2020-06-03,0,-0.4481,1,27.14,26.6181,2020-06-03,0,-0.4481,1.5862,0.0776909296527668
prebreak,603515,2020-05-27,S,S,A,C,S,S,A,20.0931,19.7,18.95,0.75,,1,19.7,20.1478,2020-06-03,0,0.5767,1,19.7,21.1094,2020-06-10,0,1.8581,1,19.7,23.6311,2020-07-14,0,5.2183,2.217,0.0595990947476037
prebreak,600323,2020-06-01,S,S,A,C,S,S,A,19.7802,19.29,18.42,0.87,,0,0.0,0.0,,0,0.0,0,0.0,0.0,,0,0.0,0,,,,0,,0.6193,0.0425350847685903
prebreak,600535,2020-06-02,S,S,A,C,S,S,A,12.3442,12.52,12.02,0.5,,1,12.52,12.2104,2020-06-05,0,-0.6378,1,12.52,12.2104,2020-06-05,0,-0.6378,1,12.52,12.2104,2020-06-05,0,-0.6378,2.5251,0.0403059308453923
prebreak,603515,2020-06-03,S,S,A,C,S,S,A,20.1478,19.7,18.95,0.75,,0,0.0,0.0,,0,0.0,0,0.0,0.0,,0,0.0,0,,,,0,,0.6695,0.0795743990187665
prebreak,603351,2020-06-04,S,S,A,C,S,S,A,23.4926,21.56,20.47,1.09,,1,21.56,21.0274,2020-06-09,0,-0.5034,1,21.56,21.0274,2020-06-09,0,-0.5034,1,21.56,21.0274,2020-06-09,0,-0.5034,4.5606,0.0315392327356702
prebreak,300531,2020-06-05,S,S,A,C,S,S,A,17.3227,17.08,16.29,0.79,,1,17.08,16.7061,2020-06-10,0,-0.4894,1,17.08,16.7061,2020-06-10,0,-0.4894,1,17.08,16.7061,2020-06-10,0,-0.4894,1.7409,0.0272897737091
prebreak,601966,2020-06-08,S,S,A,C,S,S,A,17.8861,17.84,16.92,0.92,,0,0.0,0.0,,0,0.0,0,0.0,0.0,,0,0.0,0,,,,0,,0.723,-0.1130514618514623
prebreak,002032,2020-06-09,S,S,A,C,S,S,A,50.6555,51.17,48.59,2.58,,0,0.0,0.0,,0,0.0,0,0.0,0.0,,0,0.0,0,,,,0,,0.7928,0.0024493089790598
prebreak,600535,2020-06-09,S,S,A,C,S,S,A,12.4444,12.52,12.02,0.5,,1,12.52,12.5672,2020-06-16,0,0.0753,1,12.52,12.798,2020-06-23,0,0.5367,1,12.52,15.14,2020-07-16,1,5.2177,2.2822,0.0395839975137857
prebreak,600848,2020-06-09,S,S,A,C,S,S,A,15.9896,15.3,14.51,0.79,,0,0.0,0.0,,0,0.0,0,0.0,0.0,,0,0.0,0,,,,0,,0.7267,0.0327994022066784
prebreak,603515,2020-06-10,S,S,A,C,S,S,A,21.1094,19.7,18.95,0.75,,0,0.0,0.0,,0,0.0,0,0.0,0.0,,0,0.0,0,,,,0,,1.3126,0.0201322458744135
prebreak,600482,2020-06-11,S,S,A,C,S,S,A,15.3202,15.86,15.21,0.65,,0,0.0,0.0,,0,0.0,0,0.0,0.0,,0,0.0,1,15.86,17.98,2020-07-10,1,3.2409,2.9364,0.0036710756026674
prebreak,603351,2020-06-11,S,S,A,C,S,S,A,21.3013,21.56,20.47,1.09,,0,0.0,0.0,,0,0.0,0,0.0,0.0,,0,0.0,0,,,,0,,1.3108,0.0134529946768222
prebreak,300531,2020-06-12,S,S,A,C,S,S,A,17.3619,17.08,16.29,0.79,,1,17.08,18.4091,2020-06-19,0,1.6649,1,17.08,20.3566,2020-06-30,0,4.1286,1,17.08,20.91,2020-07-15,1,4.8286,1.8232,0.0165390667749352
prebreak,300549,2020-06-15,S,S,A,C,S,S,A,10.6711,11.21,10.71,0.5,,0,0.0,0.0,,0,0.0,0,0.0,0.0,,0,0.0,0,,,,0,,1.2766,0.0151480949432796
prebreak,601601,2020-06-15,S,S,A,C,S,S,A,21.7503,22.38,21.29,1.09,,0,0.0,0.0,,0,0.0,0,0.0,0.0,,0,0.0,0,,,,0,,1.1737,0.0684658230609331
prebreak,601966,2020-06-15,S,S,A,C,S,S,A,18.079,17.84,16.92,0.92,,0,0.0,0.0,,0,0.0,0,0.0,0.0,,0,0.0,0,,,,0,,0.8372,-0.0081003508419424
prebreak,601088,2020-06-16,S,S,A,C,S,S,A,9.6743,10.38,9.88,0.5,,0,0.0,0.0,,0,0.0,0,0.0,0.0,,0,0.0,1,10.38,10.38,2020-07-16,1,-0.0158,2.9861,0.0220272226870299
prebreak,603515,2020-06-17,S,S,A,C,S,S,A,21.4534,20.38,19.68,0.7,,0,0.0,0.0,,0,0.0,0,0.0,0.0,,0,0.0,0,,,,0,,0.7942,0.106879823082409
prebreak,601966,2020-06-22,S,S,A,C,S,S,A,18.9673,17.84,16.92,0.92,,0,0.0,0.0,,0,0.0,0,0.0,0.0,,0,0.0,0,,,,0,,0.68,0.0297504982895464
prebreak,601601,2020-07-01,S,S,A,C,S,S,A,22.4568,22.5,21.36,1.14,,1,22.5,26.8068,2020-07-08,0,3.7605,1,22.5,24.727,2020-07-15,0,1.9373,1,22.5,26.7592,2020-08-17,0,3.7188,2.8571,0.0020229645524367
prebreak,002032,2020-07-02,S,S,A,C,S,S,A,56.8382,51.32,49.05,2.27,,1,51.32,58.3744,2020-07-09,0,3.0885,1,51.32,58.0746,2020-07-16,0,2.9566,1,51.32,59.8,2020-07-16,1,3.7161,2.2095,0.0495077114271167
prebreak,601336,2020-07-06,S,S,A,C,S,S,A,43.3297,35.76,34.07,1.69,,1,35.76,43.5869,2020-07-13,0,4.6123,1,35.76,45.0439,2020-07-20,0,5.4739,1,35.76,43.52,2020-07-10,1,4.5727,3.8168,0.0131321068701335
prebreak,603351,2020-07-06,S,S,A,C,S,S,A,23.1,21.88,21.08,0.8,,1,21.88,23.8852,2020-07-13,0,2.4841,1,21.88,25.063,2020-07-20,0,3.9555,1,21.88,24.64,2020-07-17,1,3.427,1.7644,0.0342606484010823
prebreak,601601,2020-07-08,S,S,A,C,S,S,A,26.8068,22.5,21.36,1.14,,1,22.5,24.727,2020-07-15,0,1.9373,1,22.5,24.5048,2020-07-22,0,1.7425,1,22.5,26.7592,2020-08-17,0,3.7188,1.646,-0.0251034412228354
prebreak,601966,2020-07-08,S,S,A,C,S,S,A,19.8,19.56,18.65,0.91,,0,0.0,0.0,,0,0.0,0,0.0,0.0,,0,0.0,0,,,,0,,1.3195,0.084255533207318
prebreak,600036,2020-07-09,S,S,A,C,S,S,A,29.4,25.69,24.34,1.35,,1,25.69,27.038,2020-07-16,0,0.9834,1,25.69,27.038,2020-07-23,0,0.9834,1,25.69,27.42,2020-09-30,1,1.2662,1.714,-0.0131942880721021
prebreak,000651,2020-07-13,S,S,A,C,S,S,A,40.6462,39.93,38.21,1.72,,0,0.0,0.0,,0,0.0,0,0.0,0.0,,0,0.0,0,,,,0,,1.2134,-0.0087827884374263
prebreak,300584,2020-07-13,S,S,A,C,S,S,A,26.3318,24.95,24.1,0.85,,0,0.0,0.0,,0,0.0,0,0.0,0.0,,0,0.0,0,,,,0,,1.1978,0.0479171510654765
prebreak,600299,2020-07-13,S,S,A,C,S,S,A,12.3896,11.42,10.86,0.56,,0,0.0,0.0,,0,0.0,0,0.0,0.0,,0,0.0,0,,,,0,,1.4609,0.0536367756833475
prebreak,000651,2020-07-20,S,S,A,C,S,S,A,40.2906,39.93,38.21,1.72,,0,0.0,0.0,,0,0.0,0,0.0,0.0,,0,0.0,0,,,,0,,0.7341,-0.0074351103795574
prebreak,300584,2020-07-20,S,S,A,C,S,S,A,24.8358,24.95,24.1,0.85,,0,0.0,0.0,,0,0.0,0,0.0,0.0,,0,0.0,0,,,,0,,0.8923,0.0125707392239822
prebreak,600299,2020-07-20,S,S,A,C,S,S,A,11.9426,11.42,10.86,0.56,,0,0.0,0.0,,0,0.0,0,0.0,0.0,,0,0.0,0,,,,0,,0.9911,0.0448418109447552
prebreak,600036,2020-07-23,S,S,A,C,S,S,A,27.038,25.69,24.34,1.35,,0,0.0,0.0,,0,0.0,0,0.0,0.0,,0,0.0,0,,,,0,,1.0243,0.0287231227000566
prebreak,601318,2020-07-23,S,S,A,C,S,S,A,59.6124,55.57,53.31,2.26,,0,0.0,0.0,,0,0.0,0,0.0,0.0,,0,0.0,0,,,,0,,0.8665,0.019138317938306
prebreak,601336,2020-07-27,S,S,A,C,S,S,A,40.2208,35.76,34.07,1.69,,0,0.0,0.0,,0,0.0,0,0.0,0.0,,0,0.0,0,,,,0,,0.3704,0.0364698383292017
prebreak,000001,2020-07-28,S,S,A,C,S,S,A,10.6606,10.53,9.99,0.54,,0,0.0,0.0,,0,0.0,0,0.0,0.0,,0,0.0,0,,,,0,,0.6841,0.0043157523493149
prebreak,600036,2020-07-30,S,S,A,C,S,S,A,26.2481,26.9,25.78,1.12,,1,26.9,28.1165,2020-08-06,0,1.0672,1,26.9,28.3519,2020-08-13,0,1.2773,1,26.9,27.42,2020-09-30,1,0.4457,1.859,-0.1106608100390182
prebreak,002462,2020-07-31,S,S,A,C,S,S,A,14.2529,13.22,12.59,0.63,,1,13.22,14.3514,2020-08-07,0,1.7788,1,13.22,14.0916,2020-08-14,0,1.3667,1,13.22,13.22,2020-09-11,1,-0.0159,3.2996,0.0255078161023216
prebreak,600663,2020-08-03,S,S,A,C,S,S,A,10.9032,10.94,10.39,0.55,,0,0.0,0.0,,0,0.0,0,0.0,0.0,,0,0.0,0,,,,0,,0.9078,-0.0629765157672685
prebreak,600663,2020-08-10,S,S,A,C,S,S,A,10.8174,11.23,10.67,0.56,,0,0.0,0.0,,0,0.0,0,0.0,0.0,,0,0.0,0,,,,0,,4.0292,0.2032119585874146
prebreak,600668,2020-09-04,S,S,A,C,S,S,A,12.0908,12.64,12.03,0.61,,0,0.0,0.0,,0,0.0,0,0.0,0.0,,0,0.0,0,,,,0,,0.5128,0.2846077972909533
prebreak,300780,2020-09-17,S,S,A,C,S,S,A,19.9534,18.75,17.8,0.95,,0,0.0,0.0,,0,0.0,0,0.0,0.0,,0,0.0,0,,,,0,,0.6704,0.0049515613838451
prebreak,600977,2020-09-29,S,S,A,C,S,S,A,13.6248,14.57,13.91,0.66,,0,0.0,0.0,,0,0.0,0,0.0,0.0,,0,0.0,0,,,,0,,1.4183,-0.0045988845684949
prebreak,603657,2020-09-29,S,S,A,C,S,S,A,16.9523,17.33,16.5,0.83,,1,17.33,18.8647,2020-10-14,0,1.832,1,17.33,19.7838,2020-10-21,0,2.9387,1,17.33,17.33,2020-12-17,1,-0.0159,2.8969,-0.0302918658224184
prebreak,300349,2020-10-12,S,S,A,C,S,S,A,13.4027,13.17,12.58,0.59,,0,0.0,0.0,,0,0.0,0,0.0,0.0,,0,0.0,0,,,,0,,0.5005,-0.0821629241523177
prebreak,601163,2020-10-12,S,S,A,C,S,S,A,12.8583,12.57,11.91,0.66,,0,0.0,0.0,,0,0.0,0,0.0,0.0,,0,0.0,0,,,,0,,0.9196,-0.0472299828570683
prebreak,001979,2020-10-16,S,S,A,C,S,S,A,12.8323,13.11,12.49,0.62,,0,0.0,0.0,,0,0.0,0,0.0,0.0,,0,0.0,0,,,,0,,1.9487,0.1763507152868646
prebreak,300349,2020-10-19,S,S,A,C,S,S,A,13.8844,13.71,12.99,0.72,,1,13.71,13.7382,2020-10-22,0,0.0246,1,13.71,13.7382,2020-10-22,0,0.0246,1,13.71,13.7382,2020-10-22,0,0.0246,6.0018,-0.0168261740778874
prebreak,300349,2020-10-26,S,S,A,C,S,S,A,13.5145,13.71,12.99,0.72,,0,0.0,0.0,,0,0.0,0,0.0,0.0,,0,0.0,0,,,,0,,1.2062,0.0505766458930418
prebreak,002422,2020-10-28,S,S,A,C,S,S,A,21.0067,20.64,19.58,1.06,,1,20.64,21.1216,2020-11-04,0,0.4393,1,20.64,20.4942,2020-11-11,0,-0.1523,1,20.64,19.58,2020-11-24,1,-1.0142,2.3188,0.0075508683549745
prebreak,300583,2020-10-28,S,S,A,C,S,S,A,18.8104,18.7,17.87,0.83,,1,18.7,17.87,2020-10-30,1,-1.0165,1,18.7,17.87,2020-10-30,1,-1.0165,1,18.7,17.87,2020-10-30,1,-1.0165,2.44,0.032112656318632
prebreak,600977,2020-10-28,S,S,A,C,S,S,A,12.5238,14.14,13.47,0.67,,0,0.0,0.0,,0,0.0,0,0.0,0.0,,0,0.0,0,,,,0,,1.5373,0.1167779113472338
prebreak,603228,2020-10-28,S,S,A,C,S,S,A,30.3019,32.54,30.93,1.61,,0,0.0,0.0,,0,0.0,0,0.0,0.0,,0,0.0,0,,,,0,,2.1907,0.2095674753774097
prebreak,600487,2020-10-29,S,S,A,C,S,S,A,14.1158,14.77,14.12,0.65,,1,14.77,14.7871,2020-11-05,0,0.009,1,14.77,14.4131,2020-11-12,0,-0.5661,1,14.77,14.12,2020-11-27,1,-1.0166,1.7305,0.0681144710458387
prebreak,300349,2020-11-02,S,S,A,C,S,S,A,12.9381,13.71,12.99,0.72,,0,0.0,0.0,,0,0.0,0,0.0,0.0,,0,0.0,0,,,,0,,1.4516,0.0732153345587505
prebreak,600406,2020-11-02,S,S,A,C,S,S,A,11.3395,10.72,10.19,0.53,,0,0.0,0.0,,0,0.0,0,0.0,0.0,,0,0.0,0,,,,0,,1.2752,0.0493499535138637
prebreak,300422,2020-11-03,S,S,A,C,S,S,A,11.1643,12.11,11.61,0.5,,0,0.0,0.0,,0,0.0,1,12.11,11.9099,2020-11-17,0,-0.4184,1,12.11,11.8602,2020-11-19,0,-0.5178,1.5212,0.0042307666164644
prebreak,002422,2020-11-04,S,S,A,C,S,S,A,21.1216,21.53,20.45,1.08,,0,0.0,0.0,,0,0.0,0,0.0,0.0,,0,0.0,0,,,,0,,1.477,0.0964042126652842
prebreak,300583,2020-11-04,S,S,A,C,S,S,A,18.1784,18.7,17.87,0.83,,0,0.0,0.0,,0,0.0,0,0.0,0.0,,0,0.0,0,,,,0,,8.7632,0.186513494670627
prebreak,300771,2020-11-05,S,S,A,C,S,S,A,20.5971,21.01,19.91,1.1,,1,21.01,20.6573,2020-11-12,0,-0.3349,1,21.01,20.6573,2020-11-12,0,-0.3349,1,21.01,20.6573,2020-11-12,0,-0.3349,2.3071,-0.0599832425047268
prebreak,600487,2020-11-05,S,S,A,C,S,S,A,14.7871,14.56,13.87,0.69,,0,0.0,0.0,,0,0.0,0,0.0,0.0,,0,0.0,0,,,,0,,1.0547,0.0307686283195618
prebreak,601601,2020-11-05,S,S,A,C,S,S,A,25.624,26.69,25.49,1.2,,0,0.0,0.0,,0,0.0,0,0.0,0.0,,0,0.0,0,,,,0,,1.0321,0.0247745810389805
prebreak,300349,2020-11-09,S,S,A,C,S,S,A,13.6005,13.71,12.99,0.72,,0,0.0,0.0,,0,0.0,0,0.0,0.0,,0,0.0,0,,,,0,,4.5855,0.2660606402072345
prebreak,002253,2020-11-12,S,S,A,C,S,S,A,15.5789,16.15,15.46,0.69,,0,0.0,0.0,,0,0.0,0,0.0,0.0,,0,0.0,0,,,,0,,0.6243,0.0366580252422421
prebreak,600487,2020-11-12,S,S,A,C,S,S,A,14.4131,15.11,14.34,0.77,,0,0.0,0.0,,0,0.0,0,0.0,0.0,,0,0.0,0,,,,0,,2.6585,0.177040283530167
prebreak,300166,2020-11-13,S,S,A,C,S,S,A,12.27,12.83,12.17,0.66,,0,0.0,0.0,,0,0.0,1,12.83,12.82,2020-11-25,0,-0.0299,1,12.83,12.82,2020-11-25,0,-0.0299,1.8487,-0.0213577421815407
prebreak,600848,2020-11-13,S,S,A,C,S,S,A,16.2715,17.86,17.02,0.84,,0,0.0,0.0,,0,0.0,0,0.0,0.0,,0,0.0,0,,,,0,,1.8484,0.1137941094977681
prebreak,601318,2020-11-13,S,S,A,C,S,S,A,61.2366,61.01,58.58,2.43,,0,0.0,0.0,,0,0.0,0,0.0,0.0,,0,0.0,0,,,,0,,1.1026,-0.0220800946299656
prebreak,000915,2020-11-16,S,S,A,C,S,S,A,20.8791,21.87,20.75,1.12,,0,0.0,0.0,,0,0.0,0,0.0,0.0,,0,0.0,0,,,,0,,2.4119,0.3547358880323563
prebreak,600903,2020-11-16,S,S,A,C,S,S,A,11.6812,11.48,10.92,0.56,,0,0.0,0.0,,0,0.0,0,0.0,0.0,,0,0.0,0,,,,0,,0.916,-0.0245402042124116
prebreak,601163,2020-11-16,S,S,A,C,S,S,A,15.3027,13.42,12.89,0.53,,0,0.0,0.0,,0,0.0,0,0.0,0.0,,0,0.0,0,,,,0,,0.8525,0.0133396917073054
prebreak,002422,2020-11-18,S,S,A,C,S,S,A,20.2821,20.77,19.99,0.78,,0,0.0,0.0,,0,0.0,0,0.0,0.0,,0,0.0,0,,,,0,,3.6393,0.1239660259507495
prebreak,600167,2020-11-18,S,S,A,C,S,S,A,11.0577,11.44,10.92,0.52,,0,0.0,0.0,,0,0.0,0,0.0,0.0,,0,0.0,0,,,,0,,,
prebreak,300616,2020-11-20,S,S,A,C,S,S,A,53.0311,52.73,50.1,2.63,,0,0.0,0.0,,0,0.0,0,0.0,0.0,,0,0.0,0,,,,0,,1.1193,0.0208586155961829
prebreak,000915,2020-11-23,S,S,A,C,S,S,A,20.5413,20.98,19.94,1.04,,0,0.0,0.0,,0,0.0,0,0.0,0.0,,0,0.0,0,,,,0,,12.2185,0.325486067839692
prebreak,002462,2020-11-23,S,S,A,C,S,S,A,14.3783,14.17,13.51,0.66,,0,0.0,0.0,,0,0.0,0,0.0,0.0,,0,0.0,0,,,,0,,1.2402,0.0365341860723
prebreak,300616,2020-11-27,S,S,A,C,S,S,A,58.1624,52.73,50.1,2.63,,1,52.73,61.2343,2020-12-04,0,3.2163,1,52.73,60.1621,2020-12-11,0,2.8089,1,52.73,76.5854,2021-01-04,1,9.0495,1.9446,-0.0109159143385745
prebreak,600167,2020-12-02,S,S,A,C,S,S,A,10.6124,11.33,10.75,0.58,,0,0.0,0.0,,0,0.0,0,0.0,0.0,,0,0.0,0,,,,0,,,
prebreak,300616,2020-12-04,S,S,A,C,S,S,A,61.2343,52.73,50.1,2.63,,0,0.0,0.0,,0,0.0,0,0.0,0.0,,0,0.0,0,,,,0,,0.8627,-0.0164108259255826
prebreak,002233,2020-12-07,S,S,A,C,S,S,A,9.9102,10.38,9.87,0.51,,0,0.0,0.0,,0,0.0,0,0.0,0.0,,0,0.0,0,,,,0,,5.8799,0.2907833827121957
prebreak,600585,2020-12-10,S,S,A,C,S,S,A,39.624,42.39,40.44,1.95,,0,0.0,0.0,,0,0.0,0,0.0,0.0,,0,0.0,1,42.39,40.44,2021-01-07,1,-1.0159,4.8583,0.0591969228356976
prebreak,600585,2020-12-17,S,S,A,C,S,S,A,39.6165,40.03,38.55,1.48,,0,0.0,0.0,,0,0.0,0,0.0,0.0,,0,0.0,0,,,,0,,0.9055,-0.0488937888391569
prebreak,002484,2020-12-18,S,S,A,C,S,S,A,10.4236,11.28,10.76,0.52,,0,0.0,0.0,,0,0.0,0,0.0,0.0,,0,0.0,0,,,,0,,1.3184,0.1896186231074443
prebreak,601088,2020-12-25,S,S,A,C,S,S,A,12.1969,12.63,12.08,0.55,,0,0.0,0.0,,0,0.0,0,0.0,0.0,,0,0.0,0,,,,0,,1.049,0.0029260195667868
prebreak,603358,2021-01-12,S,S,A,C,S,S,A,9.2016,12.02,11.48,0.54,,0,0.0,0.0,,0,0.0,0,0.0,0.0,,0,0.0,0,,,,0,,0.3952,0.2675828136327212
prebreak,002886,2021-01-14,S,S,A,C,S,S,A,14.8188,14.59,13.92,0.67,,1,14.59,14.6853,2021-01-21,0,0.1256,1,14.59,13.92,2021-01-25,1,-1.0159,1,14.59,13.92,2021-01-25,1,-1.0159,2.0066,0.0155897872807708
prebreak,002223,2021-01-15,S,S,A,C,S,S,A,26.6454,26.68,25.4,1.28,,0,0.0,0.0,,0,0.0,0,0.0,0.0,,0,0.0,0,,,,0,,0.9504,0.076163268287221
prebreak,600487,2021-01-15,S,S,A,C,S,S,A,13.5021,13.71,13.13,0.58,,0,0.0,0.0,,0,0.0,0,0.0,0.0,,0,0.0,0,,,,0,,2.6505,0.1027544819411407
prebreak,002138,2021-01-18,S,S,A,C,S,S,A,24.6236,23.67,22.8,0.87,,0,0.0,0.0,,0,0.0,0,0.0,0.0,,0,0.0,0,,,,0,,1.3219,0.020400285605993
prebreak,002268,2021-01-21,S,S,A,C,S,S,A,16.7106,17.23,16.59,0.64,,1,17.23,18.0119,2021-01-27,0,1.2006,1,17.23,18.0119,2021-01-27,0,1.2006,1,17.23,18.0119,2021-01-27,0,1.2006,2.9832,0.0656619064563939
prebreak,000988,2021-01-26,S,S,A,C,S,S,A,22.9099,23.85,22.62,1.23,,0,0.0,0.0,,0,0.0,0,0.0,0.0,,0,0.0,0,,,,0,,1.3735,0.1894613161067406
prebreak,000651,2021-01-27,S,S,A,C,S,S,A,41.2456,44.06,41.75,2.31,,0,0.0,0.0,,0,0.0,0,0.0,0.0,,0,0.0,0,,,,0,,0.9897,0.0495108128993788
prebreak,300422,2021-02-01,S,S,A,C,S,S,A,8.9473,10.21,9.71,0.5,,0,0.0,0.0,,0,0.0,0,0.0,0.0,,0,0.0,0,,,,0,,2.7488,0.0948965420248582
prebreak,601088,2021-02-01,S,S,A,C,S,S,A,11.213,12.07,11.44,0.63,,0,0.0,0.0,,0,0.0,1,12.07,12.4743,2021-02-22,0,0.6268,1,12.07,11.9724,2021-02-24,0,-0.1694,2.4098,-0.0339438287426694
prebreak,601318,2021-02-01,S,S,A,C,S,S,A,60.421,65.23,62.81,2.42,,0,0.0,0.0,,0,0.0,0,0.0,0.0,,0,0.0,0,,,,0,,1.0657,0.0044509381059421
prebreak,000988,2021-02-02,S,S,A,C,S,S,A,22.5183,22.74,21.7,1.04,,0,0.0,0.0,,0,0.0,0,0.0,0.0,,0,0.0,0,,,,0,,4.5192,0.1475505976974709
prebreak,600048,2021-02-05,S,S,A,C,S,S,A,11.1695,11.56,11.01,0.55,,0,0.0,0.0,,0,0.0,0,0.0,0.0,,0,0.0,0,,,,0,,0.9708,-0.0801107729082902
prebreak,601318,2021-02-08,S,S,A,C,S,S,A,59.8874,65.23,62.81,2.42,,0,0.0,0.0,,0,0.0,0,0.0,0.0,,0,0.0,0,,,,0,,1.0657,0.0044509381059421
prebreak,002734,2021-02-18,S,S,A,C,S,S,A,12.3531,10.96,10.41,0.55,,1,10.96,11.6508,2021-02-25,0,1.2401,1,10.96,11.6085,2021-03-04,0,1.1632,1,10.96,10.96,2021-03-10,1,-0.0151,1.501,0.0497187481154139
prebreak,000935,2021-02-19,S,S,A,C,S,S,A,13.2352,12.57,11.95,0.62,,1,12.57,13.1403,2021-02-26,0,0.9038,1,12.57,13.4629,2021-03-05,0,1.4238,1,12.57,12.57,2021-03-09,1,-0.0154,2.9292,0.0067568079703594
prebreak,600585,2021-02-19,S,S,A,C,S,S,A,40.9345,38.57,36.78,1.79,,1,38.57,39.946,2021-02-26,0,0.7519,1,38.57,38.3509,2021-03-05,0,-0.1387,1,38.57,38.57,2021-03-05,1,-0.0164,1.8723,-0.0666432212251545
prebreak,000997,2021-02-23,S,S,A,C,S,S,A,13.3942,13.79,13.18,0.61,,1,13.79,13.8147,2021-03-02,0,0.0233,1,13.79,13.7789,2021-03-04,0,-0.0353,1,13.79,13.7789,2021-03-04,0,-0.0353,2.2883,0.1064164478999181
prebreak,000999,2021-03-02,S,S,A,C,S,S,A,13.1946,13.69,13.08,0.61,,0,0.0,0.0,,0,0.0,0,0.0,0.0,,0,0.0,0,,,,0,,1.7086,0.0280474401239774
prebreak,000651,2021-03-03,S,S,A,C,S,S,A,41.794,41.99,39.81,2.18,,0,0.0,0.0,,0,0.0,1,41.99,43.1825,2021-03-17,0,0.532,1,41.99,39.81,2021-05-13,1,-1.014,1.7538,-0.0001273632693766
prebreak,000581,2021-03-11,S,S,A,C,S,S,A,17.6233,17.77,16.84,0.93,,0,0.0,0.0,,0,0.0,0,0.0,0.0,,0,0.0,1,17.77,17.78,2021-06-09,1,-0.0038,2.8681,0.0236797417526721
prebreak,002222,2021-03-11,S,S,A,C,S,S,A,12.2728,11.47,10.92,0.55,,1,11.47,11.9341,2021-03-18,0,0.8274,1,11.47,12.8026,2021-03-25,0,2.4056,1,11.47,13.75,2021-04-13,1,4.127,2.0044,0.1413733110398178
prebreak,000776,2021-03-15,S,S,A,C,S,S,A,13.181,13.57,13.06,0.51,,0,0.0,0.0,,0,0.0,0,0.0,0.0,,0,0.0,0,,,,0,,1.231,-0.0191515353984379
prebreak,603458,2021-03-16,S,S,A,C,S,S,A,11.347,11.47,10.97,0.5,,0,0.0,0.0,,0,0.0,0,0.0,0.0,,0,0.0,0,,,,0,,1.3929,0.0797798537880007
prebreak,000581,2021-03-18,S,S,A,C,S,S,A,17.3002,17.62,16.86,0.76,,0,0.0,0.0,,0,0.0,0,0.0,0.0,,0,0.0,0,,,,0,,0.8358,-0.0043355184982742
prebreak,600566,2021-03-18,S,S,A,C,S,S,A,15.9368,16.14,15.35,0.79,,0,0.0,0.0,,0,0.0,0,0.0,0.0,,0,0.0,0,,,,0,,0.7576,0.1865344921114675
prebreak,600030,2021-03-22,S,S,A,C,S,S,A,19.9332,20.15,19.08,1.07,,0,0.0,0.0,,0,0.0,0,0.0,0.0,,0,0.0,0,,,,0,,0.8302,-0.1096755215507194
prebreak,601318,2021-03-22,S,S,A,C,S,S,A,60.8402,66.14,63.23,2.91,,0,0.0,0.0,,0,0.0,0,0.0,0.0,,0,0.0,0,,,,0,,1.4724,0.1323204744880697
prebreak,600566,2021-03-25,S,S,A,C,S,S,A,15.4448,16.07,15.35,0.72,,0,0.0,0.0,,0,0.0,0,0.0,0.0,,0,0.0,0,,,,0,,0.7576,0.1813884317367586
prebreak,002380,2021-03-29,S,S,A,C,S,S,A,15.3567,13.95,13.26,0.69,,0,0.0,0.0,,0,0.0,0,0.0,0.0,,0,0.0,0,,,,0,,1.2823,0.0343487120576002
prebreak,600030,2021-03-29,S,S,A,C,S,S,A,20.024,20.3,19.52,0.78,,0,0.0,0.0,,0,0.0,0,0.0,0.0,,0,0.0,0,,,,0,,4.8388,0.0523932150745942
prebreak,000002,2021-03-31,S,S,A,C,S,S,A,25.3802,26.86,25.6,1.26,,0,0.0,0.0,,0,0.0,0,0.0,0.0,,0,0.0,0,,,,0,,,
prebreak,000935,2021-04-02,S,S,A,C,S,S,A,13.3775,13.77,13.21,0.56,,0,0.0,0.0,,0,0.0,0,0.0,0.0,,0,0.0,0,,,,0,,6.1998,0.119886799319455
prebreak,002380,2021-04-06,S,S,A,C,S,S,A,14.194,13.95,13.26,0.69,,0,0.0,0.0,,0,0.0,0,0.0,0.0,,0,0.0,0,,,,0,,0.4498,0.0306466765813742
prebreak,002741,2021-04-08,S,S,A,C,S,S,A,13.9735,14.43,13.93,0.5,,0,0.0,0.0,,0,0.0,0,0.0,0.0,,0,0.0,0,,,,0,,1.2067,0.0203311752794905
prebreak,002463,2021-04-28,S,S,A,C,S,S,A,12.72,14.15,13.53,0.62,,0,0.0,0.0,,0,0.0,0,0.0,0.0,,0,0.0,0,,,,0,,2.076,0.4704857489551464
prebreak,603739,2021-04-29,S,S,A,C,S,S,A,16.5801,16.21,15.58,0.63,,0,0.0,0.0,,0,0.0,0,0.0,0.0,,0,0.0,0,,,,0,,0.6385,0.0395859282368478
prebreak,300036,2021-04-30,S,S,A,C,S,S,A,15.6132,16.44,15.85,0.59,,0,0.0,0.0,,0,0.0,0,0.0,0.0,,0,0.0,1,16.44,19.11,2021-06-03,1,4.5014,3.04,-0.0358060814697347
prebreak,601138,2021-04-30,S,S,A,C,S,S,A,11.7012,12.46,11.94,0.52,,0,0.0,0.0,,0,0.0,0,0.0,0.0,,0,0.0,0,,,,0,,3.3142,0.3735832953601774
prebreak,002801,2021-05-06,S,S,A,C,S,S,A,21.6043,23.12,22.05,1.07,,0,0.0,0.0,,0,0.0,0,0.0,0.0,,0,0.0,0,,,,0,,1.4659,0.0110162954967021
prebreak,600783,2021-05-06,S,S,A,C,S,S,A,10.8697,12.46,11.86,0.6,,0,0.0,0.0,,0,0.0,0,0.0,0.0,,0,0.0,0,,,,0,,3.9091,0.235001483332335
prebreak,002463,2021-05-10,S,S,A,C,S,S,A,12.2014,14.15,13.53,0.62,,0,0.0,0.0,,0,0.0,0,0.0,0.0,,0,0.0,0,,,,0,,2.076,0.4704857489551464
prebreak,002801,2021-05-13,S,S,A,C,S,S,A,22.507,23.12,22.05,1.07,,0,0.0,0.0,,0,0.0,0,0.0,0.0,,0,0.0,0,,,,0,,1.4659,0.0110162954967021
prebreak,000997,2021-05-17,S,S,A,C,S,S,A,13.6984,13.05,12.42,0.63,,0,0.0,0.0,,0,0.0,0,0.0,0.0,,0,0.0,0,,,,0,,1.0156,0.0410650095376734
prebreak,000063,2021-05-20,S,S,A,C,S,S,A,26.6639,27.09,25.71,1.38,,1,27.09,27.993,2021-05-27,0,0.639,1,27.09,30.0461,2021-06-03,0,2.1259,1,27.09,29.982,2021-06-22,0,2.0794,1.5594,0.0443421167736217
prebreak,002801,2021-05-20,S,S,A,C,S,S,A,22.495,22.76,21.9,0.86,,0,0.0,0.0,,0,0.0,0,0.0,0.0,,0,0.0,0,,,,0,,1.2396,-0.0140665945085126
prebreak,600895,2021-05-21,S,S,A,C,S,S,A,17.4423,17.1,16.28,0.82,,0,0.0,0.0,,0,0.0,0,0.0,0.0,,0,0.0,0,,,,0,,0.734,0.0203546999354644
prebreak,603368,2021-05-21,S,S,A,C,S,S,A,16.5835,17.52,16.74,0.78,,0,0.0,0.0,,0,0.0,0,0.0,0.0,,0,0.0,0,,,,0,,1.9495,0.0571917383489486
prebreak,000997,2021-05-24,S,S,A,C,S,S,A,13.6089,13.05,12.42,0.63,,0,0.0,0.0,,0,0.0,0,0.0,0.0,,0,0.0,0,,,,0,,0.7971,0.032954729718329
prebreak,600566,2021-05-26,S,S,A,C,S,S,A,14.8779,15.17,14.44,0.73,,0,0.0,0.0,,0,0.0,0,0.0,0.0,,0,0.0,0,,,,0,,0.5172,0.0887618370309197
prebreak,000063,2021-05-27,S,S,A,C,S,S,A,27.993,27.41,25.96,1.45,,1,27.41,30.0461,2021-06-03,0,1.8025,1,27.41,30.3486,2021-06-10,0,2.011,1,27.41,28.79,2021-07-05,1,0.9368,2.6886,0.0265704862796016
prebreak,002801,2021-05-27,S,S,A,C,S,S,A,23.4639,23.04,22.05,0.99,,0,0.0,0.0,,0,0.0,0,0.0,0.0,,0,0.0,0,,,,0,,1.0122,0.0269764707660635
prebreak,603858,2021-05-27,S,S,A,C,S,S,A,20.2813,20.23,19.23,1.0,,0,0.0,0.0,,0,0.0,0,0.0,0.0,,0,0.0,0,,,,0,,0.8366,0.0266131129721514
prebreak,601088,2021-05-28,S,S,A,C,S,S,A,13.1611,13.33,12.66,0.67,,0,0.0,0.0,,0,0.0,0,0.0,0.0,,0,0.0,0,,,,0,,0.8885,0.0507974874714232
prebreak,603368,2021-05-28,S,S,A,C,S,S,A,16.9119,17.24,16.54,0.7,,0,0.0,0.0,,0,0.0,0,0.0,0.0,,0,0.0,0,,,,0,,0.9555,-0.0566187937836247
prebreak,600612,2021-06-02,S,S,A,C,S,S,A,48.972,49.57,47.08,2.49,,0,0.0,0.0,,0,0.0,0,0.0,0.0,,0,0.0,0,,,,0,,2.9222,0.106335722910003
prebreak,603590,2021-06-02,S,S,A,C,S,S,A,35.5822,35.41,33.94,1.47,,1,35.41,37.2312,2021-06-09,0,1.2198,1,35.41,34.621,2021-06-17,0,-0.5547,1,35.41,35.41,2021-06-11,1,-0.0183,2.0146,0.0451521541408215
prebreak,603866,2021-06-02,S,S,A,C,S,S,A,17.513,17.9,17.04,0.86,,0,0.0,0.0,,0,0.0,0,0.0,0.0,,0,0.0,0,,,,0,,,
prebreak,000063,2021-06-03,S,S,A,C,S,S,A,30.0461,27.41,25.96,1.45,,0,0.0,0.0,,0,0.0,0,0.0,0.0,,0,0.0,0,,,,0,,1.483,0.0626865055197156
prebreak,002930,2021-06-03,S,S,A,C,S,S,A,14.4175,14.32,13.68,0.64,,1,14.32,14.4448,2021-06-08,0,0.1779,1,14.32,14.4448,2021-06-08,0,0.1779,1,14.32,14.4448,2021-06-08,0,0.1779,2.6491,-0.0447765695378374
prebreak,603858,2021-06-03,S,S,A,C,S,S,A,20.0719,20.23,19.23,1.0,,0,0.0,0.0,,0,0.0,0,0.0,0.0,,0,0.0,0,,,,0,,0.7919,0.086238417894187
prebreak,002737,2021-06-04,S,S,A,C,S,S,A,12.7381,12.75,12.14,0.61,,0,0.0,0.0,,0,0.0,0,0.0,0.0,,0,0.0,0,,,,0,,1.0873,-0.0073360938548812
prebreak,300723,2021-06-08,S,S,A,C,S,S,A,16.9156,18.03,17.11,0.92,,0,0.0,0.0,,0,0.0,0,0.0,0.0,,0,0.0,1,18.03,21.14,2021-07-02,1,3.3634,3.0733,0.0343320717320436
prebreak,600612,2021-06-09,S,S,A,C,S,S,A,48.5959,49.06,46.78,2.28,,0,0.0,0.0,,0,0.0,0,0.0,0.0,,0,0.0,0,,,,0,,1.157,0.0909127911708949
prebreak,603590,2021-06-09,S,S,A,C,S,S,A,37.2312,35.41,33.94,1.47,,0,0.0,0.0,,0,0.0,0,0.0,0.0,,0,0.0,0,,,,0,,0.9755,0.0524000886355566
prebreak,603866,2021-06-09,S,S,A,C,S,S,A,16.7052,17.55,16.73,0.82,,0,0.0,0.0,,0,0.0,0,0.0,0.0,,0,0.0,0,,,,0,,,
prebreak,002930,2021-06-10,S,S,A,C,S,S,A,14.4721,14.32,13.68,0.64,,0,0.0,0.0,,0,0.0,0,0.0,0.0,,0,0.0,0,,,,0,,0.6406,-0.0246291770839209
prebreak,600739,2021-06-11,S,S,A,C,S,S,A,18.7322,19.23,18.52,0.71,,0,0.0,0.0,,0,0.0,0,0.0,0.0,,0,0.0,0,,,,0,,1.4045,-0.078986246979862
prebreak,603043,2021-06-11,S,S,A,C,S,S,A,23.0107,24.18,23.13,1.05,,0,0.0,0.0,,0,0.0,0,0.0,0.0,,0,0.0,0,,,,0,,6.3093,0.2009311118523844
prebreak,002151,2021-06-17,S,S,A,C,S,S,A,43.5115,43.61,41.5,2.11,,1,43.61,43.4123,2021-06-24,0,-0.1094,1,43.61,41.5,2021-07-01,1,-1.0151,1,43.61,41.5,2021-07-01,1,-1.0151,1.8445,0.0769415744890162
prebreak,002661,2021-06-17,S,S,A,C,S,S,A,12.1592,13.29,12.64,0.65,,0,0.0,0.0,,0,0.0,0,0.0,0.0,,0,0.0,0,,,,0,,,
prebreak,603866,2021-06-17,S,S,A,C,S,S,A,16.5855,17.55,16.73,0.82,,0,0.0,0.0,,0,0.0,0,0.0,0.0,,0,0.0,0,,,,0,,,
prebreak,002373,2021-06-21,S,S,A,C,S,S,A,17.2331,15.63,14.89,0.74,,0,0.0,0.0,,0,0.0,0,0.0,0.0,,0,0.0,0,,,,0,,0.6715,0.0400666383037457
prebreak,600547,2021-06-23,S,S,A,C,S,S,A,18.7313,19.12,18.34,0.78,,0,0.0,0.0,,0,0.0,0,0.0,0.0,,0,0.0,0,,,,0,,2.9713,0.0826831764399387
prebreak,603866,2021-06-24,S,S,A,C,S,S,A,16.1317,17.55,16.73,0.82,,0,0.0,0.0,,0,0.0,0,0.0,0.0,,0,0.0,0,,,,0,,,
prebreak,001872,2021-06-28,S,S,A,C,S,S,A,14.19,13.72,13.03,0.69,,0,0.0,0.0,,0,0.0,0,0.0,0.0,,0,0.0,0,,,,0,,1.0534,0.0572092991696993
prebreak,603239,2021-06-28,S,S,A,C,S,S,A,14.529,14.18,13.43,0.75,,0,0.0,0.0,,0,0.0,0,0.0,0.0,,0,0.0,0,,,,0,,0.8848,0.006251449822493
prebreak,002741,2021-06-30,S,S,A,C,S,S,A,15.8718,15.99,15.16,0.83,,0,0.0,0.0,,0,0.0,0,0.0,0.0,,0,0.0,0,,,,0,,0.9342,0.079796512957216
prebreak,000063,2021-07-02,S,S,A,C,S,S,A,29.102,30.79,29.2,1.59,,0,0.0,0.0,,0,0.0,1,30.79,32.8784,2021-07-16,0,1.2979,1,30.79,32.5393,2021-08-13,0,1.0848,1.7948,0.0351784229427705
prebreak,002558,2021-07-05,S,S,A,C,S,S,A,12.2048,12.67,12.06,0.61,,0,0.0,0.0,,0,0.0,0,0.0,0.0,,0,0.0,0,,,,0,,2.6753,0.2946019629904399
prebreak,002741,2021-07-07,S,S,A,C,S,S,A,17.6011,15.99,15.16,0.83,,1,15.99,19.3999,2021-07-14,0,4.0911,1,15.99,20.1751,2021-07-21,0,5.0245,1,15.99,18.76,2021-07-15,1,3.3206,3.612,0.0241227271204658
prebreak,603043,2021-07-19,S,S,A,C,S,S,A,22.383,23.12,21.93,1.19,,0,0.0,0.0,,0,0.0,0,0.0,0.0,,0,0.0,0,,,,0,,3.8389,0.1430794880518842
prebreak,300625,2021-07-29,S,S,A,C,S,S,A,12.4128,13.5,12.94,0.56,,1,13.5,13.4662,2021-08-05,0,-0.0786,1,13.5,13.3029,2021-08-06,0,-0.3701,1,13.5,13.3029,2021-08-06,0,-0.3701,2.1169,0.0242493659765206
prebreak,002801,2021-07-30,S,S,A,C,S,S,A,23.5898,24.69,23.53,1.16,,0,0.0,0.0,,0,0.0,0,0.0,0.0,,0,0.0,0,,,,0,,3.908,0.2986738168093765
prebreak,300348,2021-07-30,S,S,A,C,S,S,A,14.6409,16.54,15.84,0.7,,1,16.54,16.3692,2021-08-06,0,-0.2618,1,16.54,16.3692,2021-08-06,0,-0.2618,1,16.54,16.3692,2021-08-06,0,-0.2618,3.7808,-0.0198971491437859
prebreak,603131,2021-07-30,S,S,A,C,S,S,A,17.1249,16.84,16.1,0.74,,1,16.84,19.8394,2021-08-06,0,4.0334,1,16.84,22.3043,2021-08-13,0,7.3623,1,16.84,22.82,2021-08-27,1,8.0587,2.2445,-0.0229025091325216
prebreak,603043,2021-08-02,S,S,A,C,S,S,A,19.7487,22.57,21.71,0.86,,0,0.0,0.0,,0,0.0,0,0.0,0.0,,0,0.0,0,,,,0,,2.4848,0.0915558444023003
prebreak,000999,2021-08-03,S,S,A,C,S,S,A,12.6508,12.72,12.07,0.65,,0,0.0,0.0,,0,0.0,0,0.0,0.0,,0,0.0,0,,,,0,,0.5113,-0.0352240296916978
prebreak,000401,2021-08-04,S,S,A,C,S,S,A,10.8677,11.06,10.55,0.51,,1,11.06,11.0333,2021-08-11,0,-0.0687,1,11.06,11.0333,2021-08-11,0,-0.0687,1,11.06,11.0333,2021-08-11,0,-0.0687,2.3517,0.055790027577391
prebreak,300625,2021-08-05,S,S,A,C,S,S,A,13.4662,13.5,12.94,0.56,,0,0.0,0.0,,0,0.0,0,0.0,0.0,,0,0.0,0,,,,0,,0.8898,0.029992820365174
prebreak,300348,2021-08-06,S,S,A,C,S,S,A,16.3692,16.54,15.84,0.7,,1,16.54,16.9552,2021-08-13,0,0.5749,1,16.54,15.84,2021-08-18,1,-1.0173,1,16.54,16.54,2021-08-16,1,-0.018,1.7686,-0.0262019043247324
prebreak,600585,2021-08-06,S,S,A,C,S,S,A,30.8115,31.04,29.46,1.58,,1,31.04,32.2701,2021-08-13,0,0.7631,1,31.04,33.0543,2021-08-20,0,1.2591,1,31.04,31.04,2021-08-26,1,-0.0149,2.2111,0.0097299459947435
prebreak,605222,2021-08-09,S,S,A,C,S,S,A,20.8466,20.73,19.78,0.95,,0,0.0,0.0,,0,0.0,0,0.0,0.0,,0,0.0,0,,,,0,,1.3329,0.0307383918913326
prebreak,300348,2021-08-13,S,S,A,C,S,S,A,16.9552,16.54,15.84,0.7,,0,0.0,0.0,,0,0.0,0,0.0,0.0,,0,0.0,0,,,,0,,0.5534,0.0141259096252783
prebreak,000021,2021-08-19,S,S,A,C,S,S,A,16.2062,16.6,15.93,0.67,,0,0.0,0.0,,0,0.0,0,0.0,0.0,,0,0.0,0,,,,0,,0.5818,0.0224884535891742
prebreak,000555,2021-08-20,S,S,A,C,S,S,A,12.8254,13.25,12.64,0.61,,0,0.0,0.0,,0,0.0,0,0.0,0.0,,0,0.0,0,,,,0,,1.3589,0.029131532735027
prebreak,000021,2021-08-26,S,S,A,C,S,S,A,15.9291,16.65,15.82,0.83,,0,0.0,0.0,,0,0.0,0,0.0,0.0,,0,0.0,0,,,,0,,1.3619,0.303557454578693
prebreak,600371,2021-08-31,S,S,A,C,S,S,A,10.1763,10.94,10.43,0.51,,0,0.0,0.0,,0,0.0,1,10.94,10.43,2021-09-10,1,-1.0157,1,10.94,10.43,2021-09-10,1,-1.0157,1.6417,-0.0295527367457592
prebreak,002281,2021-09-01,S,S,A,C,S,S,A,23.0463,27.16,25.76,1.4,,0,0.0,0.0,,0,0.0,0,0.0,0.0,,0,0.0,0,,,,0,,1.6837,0.187268939350752
prebreak,600547,2021-09-01,S,S,A,C,S,S,A,17.6889,17.78,17.01,0.77,,0,0.0,0.0,,0,0.0,0,0.0,0.0,,0,0.0,0,,,,0,,1.1358,0.0665801224886217
prebreak,000581,2021-09-02,S,S,A,C,S,S,A,17.9655,17.78,16.99,0.79,,0,0.0,0.0,,0,0.0,0,0.0,0.0,,0,0.0,0,,,,0,,0.7715,0.0697772681034083
prebreak,600036,2021-09-06,S,S,A,C,S,S,A,39.8775,40.4,38.47,1.93,,0,0.0,0.0,,0,0.0,0,0.0,0.0,,0,0.0,0,,,,0,,1.17,0.0330781107980857
prebreak,603109,2021-09-06,S,S,A,C,S,S,A,16.3932,15.57,14.8,0.77,,0,0.0,0.0,,0,0.0,0,0.0,0.0,,0,0.0,0,,,,0,,1.2822,0.0368793168637022
prebreak,688550,2021-09-09,S,S,A,C,S,S,A,37.5117,32.28,30.7,1.58,,1,32.28,37.183,2021-09-14,0,3.0857,1,32.28,37.183,2021-09-14,0,3.0857,1,32.28,37.183,2021-09-14,0,3.0857,6.4227,-0.1125051548623454
prebreak,600990,2021-09-10,S,S,A,C,S,S,A,23.7571,24.24,23.29,0.95,,0,0.0,0.0,,0,0.0,0,0.0,0.0,,0,0.0,1,24.24,23.29,2021-10-12,1,-1.0188,1.7895,0.0205783767515148
prebreak,000777,2021-09-13,S,S,A,C,S,S,A,12.6754,11.04,10.49,0.55,,1,11.04,13.2386,2021-09-22,0,3.9796,1,11.04,12.8568,2021-09-29,0,3.2859,1,11.04,11.04,2021-10-12,1,-0.0153,1.5733,0.0476961778267068
prebreak,300174,2021-09-13,S,S,A,C,S,S,A,16.0743,16.59,15.96,0.63,,0,0.0,0.0,,0,0.0,0,0.0,0.0,,0,0.0,0,,,,0,,4.5836,0.0684154414506206
prebreak,600036,2021-09-13,S,S,A,C,S,S,A,41.996,40.4,38.47,1.93,,0,0.0,0.0,,0,0.0,0,0.0,0.0,,0,0.0,0,,,,0,,0.9208,0.0453617884557011
prebreak,002946,2021-09-17,S,S,A,C,S,S,A,13.2513,14.25,13.58,0.67,,1,14.25,14.2084,2021-09-28,0,-0.0781,1,14.25,15.1098,2021-10-12,0,1.2664,1,14.25,14.25,2021-10-18,1,-0.0162,2.581,0.0791496809388958
prebreak,600835,2021-09-17,S,S,A,C,S,S,A,13.5012,14.47,13.94,0.53,,0,0.0,0.0,,0,0.0,0,0.0,0.0,,0,0.0,0,,,,0,,7.0123,0.1815603601734048
prebreak,600990,2021-09-17,S,S,A,C,S,S,A,21.8149,24.15,22.99,1.16,,0,0.0,0.0,,0,0.0,1,24.15,22.99,2021-10-12,1,-1.0152,1,24.15,22.99,2021-10-12,1,-1.0152,1.7895,0.0167891006002096
prebreak,000777,2021-09-22,S,S,A,C,S,S,A,13.2386,11.16,10.58,0.58,,1,11.16,12.8568,2021-09-29,0,2.909,1,11.16,10.9765,2021-10-13,0,-0.3309,1,11.16,11.16,2021-10-12,1,-0.0146,1.5532,0.0193800649124715
prebreak,002373,2021-09-22,S,S,A,C,S,S,A,14.9182,15.65,14.86,0.79,,0,0.0,0.0,,0,0.0,0,0.0,0.0,,0,0.0,0,,,,0,,2.8332,0.0660176798802638
prebreak,601108,2021-09-22,S,S,A,C,S,S,A,9.6079,9.51,9.01,0.5,,0,0.0,0.0,,0,0.0,0,0.0,0.0,,0,0.0,0,,,,0,,0.4596,0.0319049686493004
prebreak,605222,2021-09-22,S,S,A,C,S,S,A,22.181,22.24,21.09,1.15,,0,0.0,0.0,,0,0.0,0,0.0,0.0,,0,0.0,0,,,,0,,0.6752,-0.0029896339277505
prebreak,000553,2021-09-28,S,S,A,C,S,S,A,9.9021,9.81,9.31,0.5,,0,0.0,0.0,,0,0.0,0,0.0,0.0,,0,0.0,0,,,,0,,1.2007,0.0354979696724138
prebreak,600835,2021-09-28,S,S,A,C,S,S,A,13.3422,13.85,13.13,0.72,,0,0.0,0.0,,0,0.0,0,0.0,0.0,,0,0.0,0,,,,0,,1.432,0.0795276457763234
prebreak,600990,2021-09-28,S,S,A,C,S,S,A,23.3417,24.15,22.99,1.16,,1,24.15,22.99,2021-10-12,1,-1.0152,1,24.15,22.99,2021-10-12,1,-1.0152,1,24.15,22.99,2021-10-12,1,-1.0152,1.7895,0.0167891006002096
prebreak,000997,2021-09-30,S,S,A,C,S,S,A,14.0529,15.72,14.96,0.76,,0,0.0,0.0,,0,0.0,0,0.0,0.0,,0,0.0,0,,,,0,,7.8414,0.1401436186005176
prebreak,600562,2021-10-08,S,S,A,C,S,S,A,13.2296,13.46,12.78,0.68,,0,0.0,0.0,,0,0.0,0,0.0,0.0,,0,0.0,0,,,,0,,0.8322,-0.0289259684382102
prebreak,002262,2021-10-11,S,S,A,C,S,S,A,14.1284,13.27,12.71,0.56,,0,0.0,0.0,,0,0.0,0,0.0,0.0,,0,0.0,0,,,,0,,0.9684,0.0498197559794897
prebreak,600566,2021-10-11,S,S,A,C,S,S,A,13.5082,13.63,12.97,0.66,,0,0.0,0.0,,0,0.0,0,0.0,0.0,,0,0.0,0,,,,0,,1.3489,0.0066719885696464
prebreak,600036,2021-10-13,S,S,A,C,S,S,A,41.3028,39.44,37.39,2.05,,0,0.0,0.0,,0,0.0,0,0.0,0.0,,0,0.0,0,,,,0,,0.4248,-0.0411233243035001
prebreak,000997,2021-10-14,S,S,A,C,S,S,A,13.7146,14.47,13.88,0.59,,0,0.0,0.0,,0,0.0,0,0.0,0.0,,0,0.0,0,,,,0,,3.4118,0.0600273825355233
prebreak,600332,2021-10-18,S,S,A,C,S,S,A,26.1753,27.07,26.05,1.02,,0,0.0,0.0,,0,0.0,0,0.0,0.0,,0,0.0,0,,,,0,,3.2548,0.06512305178063
prebreak,600566,2021-10-18,S,S,A,C,S,S,A,13.3744,13.63,12.97,0.66,,0,0.0,0.0,,0,0.0,1,13.63,13.949,2021-11-01,0,0.4673,1,13.63,16.64,2021-11-16,1,4.542,3.7077,0.0424297533653172
prebreak,601200,2021-10-18,S,S,A,C,S,S,A,9.3906,9.75,9.25,0.5,,0,0.0,0.0,,0,0.0,0,0.0,0.0,,0,0.0,0,,,,0,,0.9888,0.0862451503745622
prebreak,600184,2021-10-19,S,S,A,C,S,S,A,11.2329,11.96,11.37,0.59,,0,0.0,0.0,,0,0.0,0,0.0,0.0,,0,0.0,1,11.96,11.8433,2021-11-11,0,-0.2131,2.3616,0.1343160557104696
prebreak,600345,2021-10-19,S,S,A,C,S,S,A,16.683,17.39,16.54,0.85,,0,0.0,0.0,,0,0.0,0,0.0,0.0,,0,0.0,0,,,,0,,0.5162,0.1578210856745459
prebreak,600900,2021-10-19,S,S,A,C,S,S,A,18.0342,18.15,17.32,0.83,,0,0.0,0.0,,0,0.0,0,0.0,0.0,,0,0.0,0,,,,0,,6.503,0.0031254345619167
prebreak,600990,2021-10-19,S,S,A,C,S,S,A,26.6704,24.15,22.99,1.16,,1,24.15,25.4244,2021-10-22,0,1.0821,1,24.15,25.4244,2021-10-22,0,1.0821,1,24.15,25.4244,2021-10-22,0,1.0821,2.3366,0.0213171074806657
prebreak,600036,2021-10-20,S,S,A,C,S,S,A,40.8121,41.86,40.07,1.79,,0,0.0,0.0,,0,0.0,0,0.0,0.0,,0,0.0,0,,,,0,,0.9351,0.0315814324799867
prebreak,000997,2021-10-21,S,S,A,C,S,S,A,13.9706,14.21,13.57,0.64,,0,0.0,0.0,,0,0.0,0,0.0,0.0,,0,0.0,0,,,,0,,1.2953,0.0079014381471693
prebreak,000977,2021-10-22,S,S,A,C,S,S,A,30.0198,30.35,29.04,1.31,,1,30.35,30.6007,2021-10-29,0,0.1736,1,30.35,31.3194,2021-11-05,0,0.7219,1,30.35,34.6572,2021-12-09,0,3.2682,1.7826,0.045992030852429
prebreak,600566,2021-10-25,S,S,A,C,S,S,A,12.5478,13.63,12.97,0.66,,1,13.63,13.949,2021-11-01,0,0.4673,1,13.63,14.0356,2021-11-08,0,0.5985,1,13.63,16.64,2021-11-16,1,4.542,3.7077,0.0424297533653172
prebreak,002755,2021-10-26,S,S,A,C,S,S,A,13.2478,12.22,11.66,0.56,,0,0.0,0.0,,0,0.0,0,0.0,0.0,,0,0.0,0,,,,0,,3.4103,0.0823904367177923
prebreak,600184,2021-10-26,S,S,A,C,S,S,A,11.3905,11.55,10.96,0.59,,1,11.55,10.96,2021-10-28,1,-1.0142,1,11.55,10.96,2021-10-28,1,-1.0142,1,11.55,10.96,2021-10-28,1,-1.0142,1.7874,0.0309369195606101
prebreak,603108,2021-10-26,S,S,A,C,S,S,A,10.7017,10.96,10.43,0.53,,0,0.0,0.0,,0,0.0,0,0.0,0.0,,0,0.0,1,10.96,12.81,2021-12-07,1,3.4727,3.9945,0.0374507995521427
prebreak,000026,2021-10-29,S,S,A,C,S,S,A,9.5084,10.59,10.07,0.52,,0,0.0,0.0,,0,0.0,0,0.0,0.0,,0,0.0,1,10.59,10.07,2021-12-06,1,-1.0148,1.9046,0.0288817287308775
prebreak,000977,2021-10-29,S,S,A,C,S,S,A,30.6007,30.96,29.36,1.6,,1,30.96,31.3194,2021-11-05,0,0.2098,1,30.96,30.837,2021-11-12,0,-0.0915,1,30.96,34.6572,2021-12-09,0,2.2946,1.6459,0.1029442245703373
prebreak,600566,2021-11-01,S,S,A,C,S,S,A,13.949,12.81,12.18,0.63,,1,12.81,14.0356,2021-11-08,0,1.9287,1,12.81,16.4129,2021-11-15,0,5.6998,1,12.81,16.34,2021-11-16,1,5.5842,5.4792,-0.0489142045984987
prebreak,002142,2021-11-03,S,S,A,C,S,S,A,32.0291,32.84,31.13,1.71,,0,0.0,0.0,,0,0.0,0,0.0,0.0,,0,0.0,0,,,,0,,0.7579,0.0460426405409153
prebreak,002695,2021-11-03,S,S,A,C,S,S,A,13.677,13.56,13.05,0.51,,1,13.56,13.8771,2021-11-08,0,0.6013,1,13.56,13.8771,2021-11-08,0,0.6013,1,13.56,13.8771,2021-11-08,0,0.6013,2.5368,-0.0154154710407534
prebreak,600036,2021-11-03,S,S,A,C,S,S,A,40.2669,42.14,40.07,2.07,,0,0.0,0.0,,0,0.0,0,0.0,0.0,,0,0.0,0,,,,0,,1.2931,0.0221971204660664
prebreak,605222,2021-11-03,S,S,A,C,S,S,A,22.0069,21.07,19.98,1.09,,1,21.07,24.4049,2021-11-10,0,3.0429,1,21.07,27.6344,2021-11-17,0,6.0039,1,21.07,25.27,2021-12-02,1,3.8361,3.9088,0.0386555285849337
prebreak,000333,2021-11-04,S,S,A,C,S,S,A,56.2737,57.58,54.8,2.78,,0,0.0,0.0,,0,0.0,0,0.0,0.0,,0,0.0,0,,,,0,,0.7935,0.0191777561220567
prebreak,000977,2021-11-05,S,S,A,C,S,S,A,31.3194,30.96,29.36,1.6,,0,0.0,0.0,,0,0.0,0,0.0,0.0,,0,0.0,0,,,,0,,1.4253,0.0699196952194733
prebreak,600104,2021-11-05,S,S,A,C,S,S,A,20.1135,18.45,17.54,0.91,,1,18.45,18.9543,2021-11-10,0,0.5384,1,18.45,18.9543,2021-11-10,0,0.5384,1,18.45,18.9543,2021-11-10,0,0.5384,3.4699,0.0551685093105123
prebreak,600566,2021-11-08,S,S,A,C,S,S,A,14.0356,12.81,12.18,0.63,,0,0.0,0.0,,0,0.0,0,0.0,0.0,,0,0.0,0,,,,0,,0.906,-0.0405024788136977
prebreak,000555,2021-11-09,S,S,A,C,S,S,A,11.3795,11.44,10.91,0.53,,0,0.0,0.0,,0,0.0,0,0.0,0.0,,0,0.0,0,,,,0,,0.9738,-0.070705739016359
prebreak,000333,2021-11-11,S,S,A,C,S,S,A,57.3241,57.25,54.29,2.96,,0,0.0,0.0,,0,0.0,0,0.0,0.0,,0,0.0,0,,,,0,,0.7935,0.0133366887458796
prebreak,600511,2021-11-11,S,S,A,C,S,S,A,27.1297,27.32,26.16,1.16,,1,27.32,27.1561,2021-11-18,0,-0.1591,1,27.32,27.0945,2021-11-25,0,-0.2121,1,27.32,27.33,2021-12-28,1,-0.0093,1.8237,0.0628434334757093
prebreak,002262,2021-11-15,S,S,A,C,S,S,A,14.5656,13.99,13.32,0.67,,0,0.0,0.0,,0,0.0,0,0.0,0.0,,0,0.0,0,,,,0,,0.7743,0.0204306766562138
prebreak,300168,2021-11-15,S,S,A,C,S,S,A,11.62,11.62,11.09,0.53,,0,0.0,0.0,,0,0.0,0,0.0,0.0,,0,0.0,0,,,,0,,0.971,-0.0621468926553673
prebreak,000002,2021-11-19,S,S,A,C,S,S,A,17.8022,16.49,15.64,0.85,,0,0.0,0.0,,0,0.0,0,0.0,0.0,,0,0.0,0,,,,0,,0.6934,-0.104750574544839
prebreak,000581,2021-11-22,S,S,A,C,S,S,A,17.2225,15.39,14.85,0.54,,0,0.0,0.0,,0,0.0,0,0.0,0.0,,0,0.0,0,,,,0,,0.5743,-0.0011668751252805
prebreak,300168,2021-11-22,S,S,A,C,S,S,A,11.95,11.79,11.29,0.5,,0,0.0,0.0,,0,0.0,0,0.0,0.0,,0,0.0,0,,,,0,,1.1621,0.0051150895140663
prebreak,603568,2021-11-22,S,S,A,C,S,S,A,17.3631,17.63,16.74,0.89,,1,17.63,21.2749,2021-11-29,0,4.0777,1,17.63,19.8072,2021-12-06,0,2.4297,1,17.63,20.74,2022-01-05,1,3.4771,4.1058,0.0579171770486337
prebreak,000977,2021-11-26,S,S,A,C,S,S,A,32.1859,31.41,29.97,1.44,,0,0.0,0.0,,0,0.0,0,0.0,0.0,,0,0.0,0,,,,0,,0.6315,0.0394913126986871
prebreak,300168,2021-11-29,S,S,A,C,S,S,A,11.52,11.79,11.29,0.5,,1,11.79,11.88,2021-12-06,0,0.162,1,11.79,12.14,2021-12-13,0,0.6816,1,11.79,11.96,2022-01-10,1,0.3219,1.6968,0.0592991913746629
prebreak,600598,2021-11-29,S,S,A,C,S,S,A,11.9982,12.35,11.81,0.54,,0,0.0,0.0,,0,0.0,0,0.0,0.0,,0,0.0,0,,,,0,,1.3538,-0.0480422389117356
prebreak,603896,2021-11-29,S,S,A,C,S,S,A,32.6814,32.77,31.21,1.56,,0,0.0,0.0,,0,0.0,0,0.0,0.0,,0,0.0,0,,,,0,,1.0844,0.0391313298519617
prebreak,002698,2021-11-30,S,S,A,C,S,S,A,12.0897,11.71,11.17,0.54,,0,0.0,0.0,,0,0.0,0,0.0,0.0,,0,0.0,0,,,,0,,1.1303,0.0284009701497296
prebreak,002739,2021-12-01,S,S,A,C,S,S,A,14.13,14.76,14.13,0.63,,0,0.0,0.0,,0,0.0,0,0.0,0.0,,0,0.0,0,,,,0,,1.3093,0.0307262569832402
prebreak,002698,2021-12-07,S,S,A,C,S,S,A,11.341,12.31,11.73,0.58,,0,0.0,0.0,,0,0.0,0,0.0,0.0,,0,0.0,0,,,,0,,10.5805,0.1230908638979197
prebreak,300383,2021-12-09,S,S,A,C,S,S,A,14.0863,14.32,13.77,0.55,,0,0.0,0.0,,0,0.0,0,0.0,0.0,,0,0.0,0,,,,0,,0.9311,0.0237215613791967
prebreak,600967,2021-12-09,S,S,A,C,S,S,A,10.0301,9.56,9.06,0.5,,0,0.0,0.0,,0,0.0,0,0.0,0.0,,0,0.0,0,,,,0,,1.0677,-0.0364579418201111
prebreak,603139,2021-12-09,S,S,A,C,S,S,A,20.9221,20.15,19.14,1.01,,1,20.15,20.3642,2021-12-16,0,0.1968,1,20.15,20.5734,2021-12-23,0,0.4038,1,20.15,21.4701,2022-01-10,0,1.291,1.7668,0.0914743726791158
prebreak,000977,2021-12-10,S,S,A,C,S,S,A,34.0566,33.3,31.54,1.76,,0,0.0,0.0,,0,0.0,0,0.0,0.0,,0,0.0,0,,,,0,,0.8343,0.1052807932175403
prebreak,600104,2021-12-10,S,S,A,C,S,S,A,19.3171,18.7,17.73,0.97,,0,0.0,0.0,,0,0.0,0,0.0,0.0,,0,0.0,0,,,,0,,0.8707,-0.0003475956846061
prebreak,002262,2021-12-13,S,S,A,C,S,S,A,13.8308,14.18,13.5,0.68,,0,0.0,0.0,,0,0.0,1,14.18,14.4633,2021-12-27,0,0.4005,1,14.18,14.18,2022-01-20,1,-0.0158,2.4802,-0.0132411680739104
prebreak,603568,2021-12-13,S,S,A,C,S,S,A,21.4997,17.63,16.74,0.89,,1,17.63,22.3815,2021-12-20,0,5.3204,1,17.63,21.3163,2021-12-27,0,4.1242,1,17.63,20.71,2022-01-05,1,3.4434,1.9695,0.0272740588168802
prebreak,002415,2021-12-16,S,S,A,C,S,S,A,45.6746,42.63,41.03,1.6,,0,0.0,0.0,,0,0.0,0,0.0,0.0,,0,0.0,0,,,,0,,0.5627,-0.0344923944760833
prebreak,300383,2021-12-16,S,S,A,C,S,S,A,14.3906,14.5,13.77,0.73,,0,0.0,0.0,,0,0.0,0,0.0,0.0,,0,0.0,0,,,,0,,1.2647,0.0082867829426684
prebreak,300868,2021-12-16,S,S,A,C,S,S,A,26.9433,25.98,24.62,1.36,,0,0.0,0.0,,0,0.0,0,0.0,0.0,,0,0.0,0,,,,0,,1.3169,0.0254374039352724
prebreak,002595,2021-12-17,S,S,A,C,S,S,A,16.8439,18.22,17.33,0.89,,0,0.0,0.0,,0,0.0,0,0.0,0.0,,0,0.0,0,,,,0,,4.2939,0.2333132597520888
prebreak,300285,2021-12-20,S,S,A,C,S,S,A,40.559,42.52,40.74,1.78,,0,0.0,0.0,,0,0.0,0,0.0,0.0,,0,0.0,0,,,,0,,1.6274,0.2964870087278186
prebreak,002925,2021-12-22,S,S,A,C,S,S,A,28.2491,28.56,27.25,1.31,,0,0.0,0.0,,0,0.0,0,0.0,0.0,,0,0.0,0,,,,0,,0.8495,-0.0165768458569394
prebreak,600729,2021-12-22,S,S,A,C,S,S,A,19.0052,17.29,16.46,0.83,,0,0.0,0.0,,0,0.0,0,0.0,0.0,,0,0.0,0,,,,0,,0.3189,0.0079558193121165
prebreak,002415,2021-12-23,S,S,A,C,S,S,A,44.3278,46.11,44.02,2.09,,0,0.0,0.0,,0,0.0,0,0.0,0.0,,0,0.0,0,,,,0,,0.9689,0.0840449563447549
prebreak,300383,2021-12-23,S,S,A,C,S,S,A,14.2238,14.5,13.77,0.73,,1,14.5,14.4201,2021-12-30,0,-0.1245,1,14.5,14.4201,2021-12-30,0,-0.1245,1,14.5,14.4201,2021-12-30,0,-0.1245,2.2023,0.0014509403464468
prebreak,300873,2021-12-23,S,S,A,C,S,S,A,20.7284,21.76,20.87,0.89,,0,0.0,0.0,,0,0.0,1,21.76,21.9947,2022-01-07,0,0.2449,1,21.76,20.87,2022-01-20,1,-1.018,2.2178,0.0604926398711476
prebreak,300838,2021-12-27,S,S,A,C,S,S,A,17.4093,16.92,16.15,0.77,,1,16.92,17.3811,2021-12-30,0,0.5818,1,16.92,17.3811,2021-12-30,0,0.5818,1,16.92,17.3811,2021-12-30,0,0.5818,3.7302,0.0391159467749731
prebreak,600446,2021-12-27,S,S,A,C,S,S,A,13.5706,14.11,13.49,0.62,,0,0.0,0.0,,0,0.0,0,0.0,0.0,,0,0.0,0,,,,0,,1.0825,0.0329750670375765
prebreak,002925,2021-12-29,S,S,A,C,S,S,A,28.8966,28.68,27.25,1.43,,0,0.0,0.0,,0,0.0,0,0.0,0.0,,0,0.0,0,,,,0,,0.689,0.0226535914174581
prebreak,600729,2021-12-29,S,S,A,C,S,S,A,18.8157,19.74,18.81,0.93,,0,0.0,0.0,,0,0.0,0,0.0,0.0,,0,0.0,0,,,,0,,0.9677,-0.024218474550421
prebreak,300383,2021-12-30,S,S,A,C,S,S,A,14.4201,14.46,13.76,0.7,,0,0.0,0.0,,0,0.0,0,0.0,0.0,,0,0.0,0,,,,0,,1.297,0.0138095441620995
prebreak,300873,2021-12-30,S,S,A,C,S,S,A,19.9021,21.76,20.87,0.89,,1,21.76,21.9947,2022-01-07,0,0.2449,1,21.76,21.7891,2022-01-14,0,0.0141,1,21.76,20.87,2022-01-20,1,-1.018,2.2178,0.0604926398711476
prebreak,000021,2022-01-04,S,S,A,C,S,S,A,15.4131,15.6,14.99,0.61,,0,0.0,0.0,,0,0.0,0,0.0,0.0,,0,0.0,0,,,,0,,3.5925,0.2401556109639901
prebreak,300838,2022-01-04,S,S,A,C,S,S,A,18.3009,16.92,16.15,0.77,,0,0.0,0.0,,0,0.0,0,0.0,0.0,,0,0.0,0,,,,0,,1.3552,0.0648943695537969
prebreak,600271,2022-01-04,S,S,A,C,S,S,A,13.2165,12.81,12.19,0.62,,1,12.81,12.897,2022-01-07,0,0.1245,1,12.81,12.897,2022-01-07,0,0.1245,1,12.81,12.897,2022-01-07,0,0.1245,1.6095,0.0384739900516459
prebreak,000623,2022-01-06,S,S,A,C,S,S,A,15.8762,16.25,15.41,0.84,,0,0.0,0.0,,0,0.0,1,16.25,15.41,2022-01-19,1,-1.0141,1,16.25,15.41,2022-01-19,1,-1.0141,1.6793,0.0637384774351754
prebreak,600729,2022-01-06,S,S,A,C,S,S,A,20.8423,19.74,18.81,0.93,,0,0.0,0.0,,0,0.0,0,0.0,0.0,,0,0.0,0,,,,0,,0.7369,-0.0752070583597739
prebreak,600201,2022-01-10,S,S,A,C,S,S,A,16.4014,14.9,14.2,0.7,,0,0.0,0.0,,0,0.0,0,0.0,0.0,,0,0.0,0,,,,0,,1.1434,0.0078860060210232
prebreak,000021,2022-01-11,S,S,A,C,S,S,A,14.4671,15.6,14.92,0.68,,0,0.0,0.0,,0,0.0,0,0.0,0.0,,0,0.0,0,,,,0,,3.5925,0.2401556109639901
prebreak,600446,2022-01-11,S,S,A,C,S,S,A,14.0651,14.22,13.49,0.73,,0,0.0,0.0,,0,0.0,0,0.0,0.0,,0,0.0,0,,,,0,,0.976,0.0387714628134365
prebreak,300383,2022-01-14,S,S,A,C,S,S,A,14.479,14.46,13.76,0.7,,1,14.46,15.5293,2022-01-21,0,1.511,1,14.46,13.76,2022-01-27,1,-1.0151,1,14.46,14.46,2022-01-26,1,-0.0157,3.474,0.0395661733715813
prebreak,002236,2022-01-17,S,S,A,C,S,S,A,17.9675,20.95,19.96,0.99,,0,0.0,0.0,,0,0.0,0,0.0,0.0,,0,0.0,0,,,,0,,1.1315,0.687850223914219
prebreak,603322,2022-01-17,S,S,A,C,S,S,A,13.54,12.93,12.33,0.6,,0,0.0,0.0,,0,0.0,0,0.0,0.0,,0,0.0,0,,,,0,,1.4463,0.02375296912114
prebreak,605177,2022-01-17,S,S,A,C,S,S,A,31.1361,27.04,25.83,1.21,,1,27.04,25.83,2022-01-24,1,-1.0164,1,27.04,25.83,2022-01-24,1,-1.0164,1,27.04,25.83,2022-01-24,1,-1.0164,4.3502,0.0822062461247683
prebreak,002315,2022-01-19,S,S,A,C,S,S,A,11.2757,11.3,10.73,0.57,,0,0.0,0.0,,0,0.0,0,0.0,0.0,,0,0.0,1,11.3,11.1423,2022-02-23,0,-0.2916,1.5963,0.0038497291455974
prebreak,000895,2022-01-21,S,S,A,C,S,S,A,23.9734,24.78,23.66,1.12,,0,0.0,0.0,,0,0.0,0,0.0,0.0,,0,0.0,0,,,,0,,1.4498,0.2082925562893849
prebreak,601952,2022-01-21,S,S,A,C,S,S,A,9.9378,11.06,10.5,0.56,,0,0.0,0.0,,0,0.0,0,0.0,0.0,,0,0.0,0,,,,0,,3.0042,0.1742844961334715
prebreak,603322,2022-01-24,S,S,A,C,S,S,A,12.72,12.93,12.33,0.6,,0,0.0,0.0,,0,0.0,0,0.0,0.0,,0,0.0,0,,,,0,,3.1671,0.5597104945717732
prebreak,605177,2022-01-24,S,S,A,C,S,S,A,24.8703,27.04,25.83,1.21,,0,0.0,0.0,,0,0.0,0,0.0,0.0,,0,0.0,0,,,,0,,2.4798,0.1797437040802301
prebreak,002315,2022-01-26,S,S,A,C,S,S,A,10.5638,11.3,10.73,0.57,,0,0.0,0.0,,0,0.0,0,0.0,0.0,,0,0.0,1,11.3,11.1423,2022-02-23,0,-0.2916,1.5963,0.0038497291455974
prebreak,600887,2022-01-26,S,S,A,C,S,S,A,31.9514,33.2,31.6,1.6,,0,0.0,0.0,,0,0.0,0,0.0,0.0,,0,0.0,0,,,,0,,0.9993,0.0145484796946062
prebreak,601952,2022-01-28,S,S,A,C,S,S,A,9.3393,11.06,10.5,0.56,,0,0.0,0.0,,0,0.0,0,0.0,0.0,,0,0.0,1,11.06,11.06,2022-03-09,1,-0.015,3.0042,0.1742844961334715
prebreak,000581,2022-02-08,S,S,A,C,S,S,A,16.7532,18.43,17.5,0.93,,0,0.0,0.0,,0,0.0,0,0.0,0.0,,0,0.0,0,,,,0,,12.4229,0.1833834002162775
prebreak,002262,2022-02-08,S,S,A,C,S,S,A,13.3379,15.24,14.51,0.73,,0,0.0,0.0,,0,0.0,0,0.0,0.0,,0,0.0,0,,,,0,,1.4456,0.1979315789257045
prebreak,600271,2022-02-08,S,S,A,C,S,S,A,13.0906,13.89,13.16,0.73,,0,0.0,0.0,,0,0.0,0,0.0,0.0,,0,0.0,0,,,,0,,1.4689,0.0769956339006054
prebreak,600977,2022-02-08,S,S,A,C,S,S,A,11.6096,12.76,12.14,0.62,,0,0.0,0.0,,0,0.0,0,0.0,0.0,,0,0.0,0,,,,0,,2.9019,0.1766711247413344
prebreak,603095,2022-02-08,S,S,A,C,S,S,A,11.8589,11.27,10.72,0.55,,0,0.0,0.0,,0,0.0,0,0.0,0.0,,0,0.0,0,,,,0,,1.4089,0.0326575073275847
prebreak,603955,2022-02-08,S,S,A,C,S,S,A,13.9101,13.93,13.27,0.66,,1,13.93,15.8473,2022-02-15,0,2.8872,1,13.93,15.5178,2022-02-22,0,2.3882,1,13.93,15.8873,2022-03-09,0,2.9477,1.7519,0.0402631222402514
prebreak,688588,2022-02-08,S,S,A,C,S,S,A,13.3996,14.02,13.38,0.64,,0,0.0,0.0,,0,0.0,0,0.0,0.0,,0,0.0,0,,,,0,,1.2672,0.0233604694708453
prebreak,002315,2022-02-09,S,S,A,C,S,S,A,10.9007,11.3,10.73,0.57,,0,0.0,0.0,,0,0.0,1,11.3,11.1423,2022-02-23,0,-0.2916,1,11.3,11.1423,2022-02-23,0,-0.2916,1.5963,0.0038497291455974
prebreak,600776,2022-02-09,S,S,A,C,S,S,A,10.6773,11.62,11.1,0.52,,0,0.0,0.0,,0,0.0,0,0.0,0.0,,0,0.0,0,,,,0,,3.206,0.3637940016851733
prebreak,000885,2022-02-10,S,S,A,C,S,S,A,10.609,10.32,9.78,0.54,,0,0.0,0.0,,0,0.0,0,0.0,0.0,,0,0.0,0,,,,0,,1.3291,0.0266104729738383
prebreak,600118,2022-02-10,S,S,A,C,S,S,A,24.9054,25.12,23.94,1.18,,0,0.0,0.0,,0,0.0,0,0.0,0.0,,0,0.0,0,,,,0,,0.8143,-0.0392135085156089
prebreak,600535,2022-02-10,S,S,A,C,S,S,A,13.0065,12.22,11.67,0.55,,0,0.0,0.0,,0,0.0,0,0.0,0.0,,0,0.0,0,,,,0,,0.7314,-0.1219589888269877
prebreak,000028,2022-02-14,S,S,A,C,S,S,A,21.3249,21.9,21.09,0.81,,0,0.0,0.0,,0,0.0,0,0.0,0.0,,0,0.0,1,21.9,21.09,2022-03-08,1,-1.0199,2.3291,0.0491399242279433
prebreak,000581,2022-02-15,S,S,A,C,S,S,A,17.3868,17.65,16.88,0.77,,0,0.0,0.0,,0,0.0,0,0.0,0.0,,0,0.0,0,,,,0,,12.4229,0.1332998922309982
prebreak,002262,2022-02-15,S,S,A,C,S,S,A,13.0681,13.48,12.85,0.63,,0,0.0,0.0,,0,0.0,0,0.0,0.0,,0,0.0,0,,,,0,,1.1825,0.0853920430171693
prebreak,603955,2022-02-15,S,S,A,C,S,S,A,15.8473,13.93,13.27,0.66,,0,0.0,0.0,,0,0.0,0,0.0,0.0,,0,0.0,0,,,,0,,1.0378,0.0242238229986617
prebreak,002315,2022-02-16,S,S,A,C,S,S,A,10.9325,11.23,10.65,0.58,,1,11.23,11.1423,2022-02-23,0,-0.1659,1,11.23,11.1423,2022-02-23,0,-0.1659,1,11.23,11.1423,2022-02-23,0,-0.1659,1.5963,-0.0023688089995521
prebreak,002373,2022-02-17,S,S,A,C,S,S,A,13.5333,14.21,13.53,0.68,,1,14.21,13.7707,2022-02-24,0,-0.6615,1,14.21,13.6124,2022-03-03,0,-0.8942,1,14.21,13.53,2022-03-04,1,-1.0153,1.5348,-0.0908805327395054
prebreak,002022,2022-02-21,S,S,A,C,S,S,A,12.8003,12.85,12.21,0.64,,0,0.0,0.0,,0,0.0,0,0.0,0.0,,0,0.0,0,,,,0,,1.2183,-0.0814133846257239
prebreak,000062,2022-02-25,S,S,A,C,S,S,A,13.3578,13.76,13.04,0.72,,0,0.0,0.0,,0,0.0,0,0.0,0.0,,0,0.0,0,,,,0,,3.9808,0.7172483322673042
prebreak,300244,2022-02-25,S,S,A,C,S,S,A,26.9195,27.0,25.64,1.36,,0,0.0,0.0,,0,0.0,0,0.0,0.0,,0,0.0,0,,,,0,,0.9977,-0.0274040628128995
prebreak,300349,2022-02-25,S,S,A,C,S,S,A,11.4235,11.35,10.81,0.54,,0,0.0,0.0,,0,0.0,0,0.0,0.0,,0,0.0,0,,,,0,,1.0728,0.0519134575312791
prebreak,600621,2022-02-28,S,S,A,C,S,S,A,11.7569,12.39,11.85,0.54,,0,0.0,0.0,,0,0.0,0,0.0,0.0,,0,0.0,1,12.39,11.85,2022-03-24,1,-1.0168,4.8026,0.0152166024789079
prebreak,605100,2022-02-28,S,S,A,C,S,S,A,12.7695,11.56,10.95,0.61,,1,11.56,12.5716,2022-03-03,0,1.643,1,11.56,12.5716,2022-03-03,0,1.643,1,11.56,12.5716,2022-03-03,0,1.643,2.7972,0.0690019688920138
prebreak,002030,2022-03-01,S,S,A,C,S,S,A,14.8926,15.04,14.4,0.64,,0,0.0,0.0,,0,0.0,0,0.0,0.0,,0,0.0,0,,,,0,,1.0285,0.0540290296784182
prebreak,002262,2022-03-01,S,S,A,C,S,S,A,12.2775,13.18,12.65,0.53,,0,0.0,0.0,,0,0.0,0,0.0,0.0,,0,0.0,0,,,,0,,1.8435,0.0701954519946952
prebreak,002977,2022-03-01,S,S,A,C,S,S,A,41.5253,41.69,39.89,1.8,,1,41.69,40.8784,2022-03-04,0,-0.4682,1,41.69,40.8784,2022-03-04,0,-0.4682,1,41.69,40.8784,2022-03-04,0,-0.4682,1.5976,-0.0141597667027907
prebreak,688588,2022-03-01,S,S,A,C,S,S,A,13.6818,13.68,13.01,0.67,,0,0.0,0.0,,0,0.0,0,0.0,0.0,,0,0.0,0,,,,0,,0.3914,-0.0360442339929691
prebreak,600776,2022-03-02,S,S,A,C,S,S,A,10.7261,10.97,10.47,0.5,,0,0.0,0.0,,0,0.0,0,0.0,0.0,,0,0.0,1,10.97,10.47,2022-03-25,1,-1.016,5.7474,0.0340319907527539
prebreak,002373,2022-03-03,S,S,A,C,S,S,A,13.6124,14.15,13.55,0.6,,0,0.0,0.0,,0,0.0,0,0.0,0.0,,0,0.0,0,,,,0,,3.1451,0.2897598707486932
prebreak,002867,2022-03-10,S,S,A,C,S,S,A,12.8049,15.19,14.42,0.77,,0,0.0,0.0,,0,0.0,0,0.0,0.0,,0,0.0,0,,,,0,,1.9665,0.1697903033366847
prebreak,300349,2022-03-11,S,S,A,C,S,S,A,10.5757,11.35,10.81,0.54,,0,0.0,0.0,,0,0.0,0,0.0,0.0,,0,0.0,0,,,,0,,5.2427,0.0542819288149571
prebreak,300349,2022-03-18,S,S,A,C,S,S,A,9.9688,11.35,10.81,0.54,,0,0.0,0.0,,0,0.0,0,0.0,0.0,,0,0.0,0,,,,0,,5.2427,0.0542819288149571
prebreak,600216,2022-03-22,S,S,A,C,S,S,A,13.7925,14.09,13.45,0.64,,0,0.0,0.0,,0,0.0,0,0.0,0.0,,0,0.0,0,,,,0,,1.0543,0.033779468334496
prebreak,600697,2022-03-23,S,S,A,C,S,S,A,11.3544,11.63,11.02,0.61,,0,0.0,0.0,,0,0.0,0,0.0,0.0,,0,0.0,0,,,,0,,0.4528,-0.2336400742167436
prebreak,000333,2022-03-25,S,S,A,C,S,S,A,44.6323,47.48,45.35,2.13,,0,0.0,0.0,,0,0.0,0,0.0,0.0,,0,0.0,0,,,,0,,1.3603,0.0986706734338322
prebreak,600030,2022-03-25,S,S,A,C,S,S,A,18.1275,18.83,18.05,0.78,,0,0.0,0.0,,0,0.0,0,0.0,0.0,,0,0.0,0,,,,0,,1.2568,-0.0824200092704762
prebreak,002313,2022-03-30,S,S,A,C,S,S,A,12.63,12.41,11.79,0.62,,0,0.0,0.0,,0,0.0,0,0.0,0.0,,0,0.0,0,,,,0,,1.3415,0.0273178807947021
prebreak,600036,2022-03-31,S,S,A,C,S,S,A,36.4505,36.13,34.39,1.74,,0,0.0,0.0,,0,0.0,0,0.0,0.0,,0,0.0,0,,,,0,,0.6292,-0.047464837911033
prebreak,600729,2022-03-31,S,S,A,C,S,S,A,19.0417,19.31,18.48,0.83,,1,19.31,18.8813,2022-04-11,0,-0.5339,1,19.31,18.48,2022-04-12,1,-1.0171,1,19.31,18.48,2022-04-12,1,-1.0171,1.7593,0.0137043134921035
prebreak,600030,2022-04-01,S,S,A,C,S,S,A,18.7949,18.68,17.81,0.87,,0,0.0,0.0,,0,0.0,0,0.0,0.0,,0,0.0,0,,,,0,,0.5982,-0.034460045918421
prebreak,600900,2022-04-08,S,S,A,C,S,S,A,19.6337,19.29,18.29,1.0,,0,0.0,0.0,,0,0.0,0,0.0,0.0,,0,0.0,0,,,,0,,1.0079,0.0036941829659937
prebreak,601601,2022-04-08,S,S,A,C,S,S,A,19.4227,19.5,18.66,0.84,,0,0.0,0.0,,0,0.0,0,0.0,0.0,,0,0.0,0,,,,0,,4.9177,0.1128410371381485
prebreak,000997,2022-04-12,S,S,A,C,S,S,A,13.7237,15.45,14.73,0.72,,0,0.0,0.0,,0,0.0,0,0.0,0.0,,0,0.0,0,,,,0,,1.3605,0.1392276411345403
prebreak,600030,2022-04-12,S,S,A,C,S,S,A,18.7771,19.08,18.11,0.97,,0,0.0,0.0,,0,0.0,0,0.0,0.0,,0,0.0,0,,,,0,,4.4599,0.109747475519581
prebreak,600271,2022-04-14,S,S,A,C,S,S,A,11.0767,12.31,11.79,0.52,,0,0.0,0.0,,0,0.0,0,0.0,0.0,,0,0.0,0,,,,0,,5.1114,0.1970886563795495
prebreak,600036,2022-04-18,S,S,A,C,S,S,A,33.7946,36.68,35.06,1.62,,0,0.0,0.0,,0,0.0,0,0.0,0.0,,0,0.0,0,,,,0,,3.6882,0.2545999302999302
prebreak,600419,2022-04-18,S,S,A,C,S,S,A,13.2784,13.33,12.79,0.54,,1,13.33,12.79,2022-04-22,1,-1.0181,1,13.33,12.79,2022-04-22,1,-1.0181,1,13.33,12.79,2022-04-22,1,-1.0181,1.7024,0.0661949420124339
prebreak,600848,2022-04-18,S,S,A,C,S,S,A,12.303,12.69,12.02,0.67,,0,0.0,0.0,,0,0.0,0,0.0,0.0,,0,0.0,1,12.69,12.02,2022-05-17,1,-1.0138,2.2697,0.0021938243844794
prebreak,601318,2022-04-18,S,S,A,C,S,S,A,37.1014,38.67,36.9,1.77,,0,0.0,0.0,,0,0.0,0,0.0,0.0,,0,0.0,0,,,,0,,0.6937,0.1083064503088861
prebreak,600030,2022-04-19,S,S,A,C,S,S,A,17.994,19.08,18.11,0.97,,0,0.0,0.0,,0,0.0,0,0.0,0.0,,0,0.0,0,,,,0,,4.4599,0.109747475519581
prebreak,601628,2022-04-19,S,S,A,C,S,S,A,23.7502,25.04,24.11,0.93,,0,0.0,0.0,,0,0.0,0,0.0,0.0,,0,0.0,0,,,,0,,5.9832,0.0878427158483308
prebreak,002956,2022-04-27,S,S,A,C,S,S,A,8.6972,10.73,10.18,0.55,,0,0.0,0.0,,0,0.0,0,0.0,0.0,,0,0.0,0,,,,0,,3.2824,0.2048917797151497
prebreak,600900,2022-04-29,S,S,A,C,S,S,A,19.2275,20.12,19.15,0.97,,0,0.0,0.0,,0,0.0,0,0.0,0.0,,0,0.0,0,,,,0,,1.1349,0.0252116708270226
prebreak,600419,2022-05-05,S,S,A,C,S,S,A,11.9563,13.33,12.79,0.54,,0,0.0,0.0,,0,0.0,0,0.0,0.0,,0,0.0,0,,,,0,,4.0779,0.082789415818075
prebreak,600900,2022-05-11,S,S,A,C,S,S,A,19.0836,19.72,18.67,1.05,,0,0.0,0.0,,0,0.0,0,0.0,0.0,,0,0.0,0,,,,0,,1.1349,0.0048297290610779
prebreak,300628,2022-05-17,S,S,A,C,S,S,A,43.0194,45.19,43.61,1.58,,0,0.0,0.0,,0,0.0,0,0.0,0.0,,0,0.0,0,,,,0,,1.3424,-0.0271303980318015
prebreak,600900,2022-05-18,S,S,A,C,S,S,A,19.2782,19.7,18.67,1.03,,0,0.0,0.0,,0,0.0,0,0.0,0.0,,0,0.0,0,,,,0,,1.0022,0.0143079980587705
prebreak,600900,2022-05-25,S,S,A,C,S,S,A,19.6421,20.17,19.16,1.01,,0,0.0,0.0,,0,0.0,0,0.0,0.0,,0,0.0,0,,,,0,,1.2471,0.0398665270581453
prebreak,000651,2022-05-30,S,S,A,C,S,S,A,24.3807,24.96,23.96,1.0,,0,0.0,0.0,,0,0.0,0,0.0,0.0,,0,0.0,1,24.96,24.96,2022-08-02,1,-0.019,2.3732,-0.0228839753949887
prebreak,600900,2022-06-01,S,S,A,C,S,S,A,20.5053,20.63,19.6,1.03,,0,0.0,0.0,,0,0.0,0,0.0,0.0,,0,0.0,0,,,,0,,2.3216,0.0191177514280012
prebreak,000869,2022-06-06,S,S,A,C,S,S,A,26.0427,25.65,24.31,1.34,,0,0.0,0.0,,0,0.0,0,0.0,0.0,,0,0.0,0,,,,0,,0.7701,0.0399045880587425
prebreak,600674,2022-06-06,S,S,A,C,S,S,A,10.2673,10.61,10.11,0.5,,1,10.61,10.3548,2022-06-13,0,-0.5262,1,10.61,10.4772,2022-06-14,0,-0.2815,1,10.61,10.4772,2022-06-14,0,-0.2815,1.8632,0.0929559036716012
prebreak,600674,2022-06-13,S,S,A,C,S,S,A,10.3548,10.65,10.11,0.54,,0,0.0,0.0,,0,0.0,0,0.0,0.0,,0,0.0,1,10.65,11.63,2022-09-15,1,1.7987,1.5958,0.0417063985872743
prebreak,600176,2022-06-16,S,S,A,C,S,S,A,14.9857,15.23,14.57,0.66,,0,0.0,0.0,,0,0.0,0,0.0,0.0,,0,0.0,0,,,,0,,1.4309,0.0405332500403321
prebreak,000869,2022-06-20,S,S,A,C,S,S,A,26.9606,26.95,25.54,1.41,,0,0.0,0.0,,0,0.0,0,0.0,0.0,,0,0.0,0,,,,0,,0.8595,0.0793533823195165
prebreak,600176,2022-06-23,S,S,A,C,S,S,A,15.2765,15.52,14.75,0.77,,0,0.0,0.0,,0,0.0,0,0.0,0.0,,0,0.0,0,,,,0,,1.1385,0.0808831613716636
prebreak,603223,2022-06-28,S,S,A,C,S,S,A,15.7852,16.54,15.7,0.84,,0,0.0,0.0,,0,0.0,0,0.0,0.0,,0,0.0,0,,,,0,,2.9552,0.0459788475898135
prebreak,600887,2022-07-07,S,S,A,C,S,S,A,30.8741,33.07,31.95,1.12,,0,0.0,0.0,,0,0.0,0,0.0,0.0,,0,0.0,0,,,,0,,,
prebreak,000830,2022-07-08,S,S,A,C,S,S,A,13.9213,14.23,13.58,0.65,,0,0.0,0.0,,0,0.0,0,0.0,0.0,,0,0.0,0,,,,0,,1.925,0.1674225933594746
prebreak,002311,2022-07-08,S,S,A,C,S,S,A,57.6462,57.76,55.22,2.54,,1,57.76,56.7217,2022-07-13,0,-0.4258,1,57.76,56.7217,2022-07-13,0,-0.4258,1,57.76,56.7217,2022-07-13,0,-0.4258,2.0831,0.0394962760073667
prebreak,300628,2022-07-13,S,S,A,C,S,S,A,45.3987,47.37,45.01,2.36,,0,0.0,0.0,,0,0.0,0,0.0,0.0,,0,0.0,0,,,,0,,5.1059,0.1542288248012473
prebreak,600887,2022-07-14,S,S,A,C,S,S,A,30.4273,31.15,29.96,1.19,,0,0.0,0.0,,0,0.0,0,0.0,0.0,,0,0.0,0,,,,0,,0.8203,-0.0514200379020085
prebreak,000333,2022-07-18,S,S,A,C,S,S,A,45.4192,49.93,47.68,2.25,,0,0.0,0.0,,0,0.0,0,0.0,0.0,,0,0.0,0,,,,0,,1.3022,0.1047102192742228
prebreak,002142,2022-07-18,S,S,A,C,S,S,A,28.9485,30.46,28.9,1.56,,0,0.0,0.0,,0,0.0,0,0.0,0.0,,0,0.0,0,,,,0,,1.3184,0.080686618857362
prebreak,300146,2022-07-18,S,S,A,C,S,S,A,16.7685,19.14,18.25,0.89,,0,0.0,0.0,,0,0.0,0,0.0,0.0,,0,0.0,0,,,,0,,1.3694,0.2152934221366174
prebreak,000651,2022-07-19,S,S,A,C,S,S,A,26.0959,26.15,24.95,1.2,,0,0.0,0.0,,0,0.0,0,0.0,0.0,,0,0.0,0,,,,0,,0.3683,0.0632215076981528
prebreak,600498,2022-07-20,S,S,A,C,S,S,A,14.1971,13.83,13.28,0.55,,0,0.0,0.0,,0,0.0,0,0.0,0.0,,0,0.0,0,,,,0,,0.9536,0.0024938776988316
prebreak,000830,2022-07-22,S,S,A,C,S,S,A,12.4614,13.29,12.62,0.67,,0,0.0,0.0,,0,0.0,0,0.0,0.0,,0,0.0,0,,,,0,,2.1574,0.1950187186993515
prebreak,002078,2022-07-22,S,S,A,C,S,S,A,10.8899,11.31,10.81,0.5,,0,0.0,0.0,,0,0.0,0,0.0,0.0,,0,0.0,0,,,,0,,1.3901,0.0509929020165287
prebreak,002142,2022-07-25,S,S,A,C,S,S,A,28.4252,29.32,27.82,1.5,,0,0.0,0.0,,0,0.0,0,0.0,0.0,,0,0.0,0,,,,0,,0.7335,0.2798625391569225
prebreak,300628,2022-07-27,S,S,A,C,S,S,A,45.665,46.76,45.01,1.75,,0,0.0,0.0,,0,0.0,0,0.0,0.0,,0,0.0,0,,,,0,,0.6595,0.0144317181375239
prebreak,603768,2022-07-27,S,S,A,C,S,S,A,17.2197,16.15,15.3,0.85,,1,16.15,18.6137,2022-08-03,0,2.8822,1,16.15,23.6599,2022-08-10,0,8.8151,1,16.15,24.14,2022-08-22,1,9.3796,3.4196,0.0345222938710645
prebreak,600419,2022-08-05,S,S,A,C,S,S,A,11.3947,12.41,11.91,0.5,,0,0.0,0.0,,0,0.0,0,0.0,0.0,,0,0.0,1,12.41,14.03,2022-10-13,1,3.2191,4.8954,0.0362803943025877
prebreak,600271,2022-08-10,S,S,A,C,S,S,A,10.6962,10.81,10.31,0.5,,0,0.0,0.0,,0,0.0,0,0.0,0.0,,0,0.0,0,,,,0,,1.3713,0.0442326539648991
prebreak,600674,2022-08-15,S,S,A,C,S,S,A,11.4355,11.77,11.25,0.52,,0,0.0,0.0,,0,0.0,0,0.0,0.0,,0,0.0,0,,,,0,,1.1377,-0.0169327009541165
prebreak,605296,2022-09-01,S,S,A,C,S,S,A,28.3381,26.5,25.45,1.05,,0,0.0,0.0,,0,0.0,0,0.0,0.0,,0,0.0,0,,,,0,,1.4208,0.0654772043517086
prebreak,300596,2022-09-06,S,S,A,C,S,S,A,54.9997,47.1,44.76,2.34,,0,0.0,0.0,,0,0.0,0,0.0,0.0,,0,0.0,0,,,,0,,0.9759,0.0252531512604208
prebreak,300628,2022-09-07,S,S,A,C,S,S,A,43.7219,44.76,42.88,1.88,,0,0.0,0.0,,0,0.0,0,0.0,0.0,,0,0.0,0,,,,0,,3.5679,0.2406864612267838
prebreak,603599,2022-09-07,S,S,A,C,S,S,A,17.2925,16.83,16.07,0.76,,0,0.0,0.0,,0,0.0,0,0.0,0.0,,0,0.0,0,,,,0,,0.5659,0.0225371857925913
prebreak,300628,2022-09-22,S,S,A,C,S,S,A,38.4254,44.37,42.8,1.57,,0,0.0,0.0,,0,0.0,0,0.0,0.0,,0,0.0,0,,,,0,,3.5679,0.2298761904520196
prebreak,300628,2022-09-29,S,S,A,C,S,S,A,38.2802,44.37,42.8,1.57,,0,0.0,0.0,,0,0.0,0,0.0,0.0,,0,0.0,0,,,,0,,3.5679,0.2298761904520196
prebreak,300628,2022-10-13,S,S,A,C,S,S,A,38.9097,39.42,37.4,2.02,,0,0.0,0.0,,0,0.0,0,0.0,0.0,,0,0.0,0,,,,0,,1.4264,-0.0992660181261902
prebreak,600176,2022-10-14,S,S,A,C,S,S,A,12.1049,12.49,11.9,0.59,,0,0.0,0.0,,0,0.0,0,0.0,0.0,,0,0.0,0,,,,0,,1.7578,0.0333677855951421
prebreak,600323,2022-10-14,S,S,A,C,S,S,A,17.6288,18.22,17.29,0.93,,0,0.0,0.0,,0,0.0,0,0.0,0.0,,0,0.0,0,,,,0,,1.1299,0.140332344709976
prebreak,002916,2022-10-20,S,S,A,C,S,S,A,56.3945,57.77,55.15,2.62,,0,0.0,0.0,,0,0.0,0,0.0,0.0,,0,0.0,1,57.77,57.0208,2022-11-08,0,-0.3025,1.5557,0.037401447468814
prebreak,600332,2022-10-20,S,S,A,C,S,S,A,24.1879,23.72,22.57,1.15,,0,0.0,0.0,,0,0.0,0,0.0,0.0,,0,0.0,0,,,,0,,1.0869,-0.0057567408100995
prebreak,603369,2022-10-25,S,S,A,C,S,S,A,35.4469,40.71,39.12,1.59,,0,0.0,0.0,,0,0.0,0,0.0,0.0,,0,0.0,0,,,,0,,2.1051,0.0789499048404418
prebreak,600332,2022-10-27,S,S,A,C,S,S,A,25.0279,24.99,23.84,1.15,,1,24.99,24.733,2022-11-03,0,-0.2398,1,24.99,24.9743,2022-11-04,0,-0.0302,1,24.99,24.9743,2022-11-04,0,-0.0302,2.5235,0.0856994787777936
prebreak,600926,2022-10-27,S,S,A,C,S,S,A,10.5911,12.25,11.69,0.56,,0,0.0,0.0,,0,0.0,0,0.0,0.0,,0,0.0,0,,,,0,,0.8753,0.2218896226438964
prebreak,600977,2022-10-27,S,S,A,C,S,S,A,10.5876,10.4,9.9,0.5,,0,0.0,0.0,,0,0.0,0,0.0,0.0,,0,0.0,0,,,,0,,1.0263,0.0086004625207027
prebreak,603043,2022-10-31,S,S,A,C,S,S,A,18.3351,20.15,19.45,0.7,,1,20.15,20.6742,2022-11-07,0,0.7265,1,20.15,20.9441,2022-11-14,0,1.1118,1,20.15,20.15,2022-11-22,1,-0.0219,1.7797,0.0222439633065709
prebreak,600674,2022-11-01,S,S,A,C,S,S,A,9.9756,10.36,9.82,0.54,,0,0.0,0.0,,0,0.0,0,0.0,0.0,,0,0.0,0,,,,0,,0.9631,-0.0592050350768579
prebreak,000651,2022-11-02,S,S,A,C,S,S,A,24.1276,25.26,24.12,1.14,,0,0.0,0.0,,0,0.0,1,25.26,25.9076,2022-11-16,0,0.5509,1,25.26,30.2351,2023-02-23,0,4.3445,1.5706,-0.0448638291991959
prebreak,600332,2022-11-03,S,S,A,C,S,S,A,24.733,24.99,23.84,1.15,,0,0.0,0.0,,0,0.0,0,0.0,0.0,,0,0.0,0,,,,0,,1.2245,0.0773350760137121
prebreak,600346,2022-11-03,S,S,A,C,S,S,A,14.0395,15.38,14.65,0.73,,0,0.0,0.0,,0,0.0,0,0.0,0.0,,0,0.0,0,,,,0,,0.9618,0.0142126801045361
prebreak,600926,2022-11-03,S,S,A,C,S,S,A,10.2753,12.25,11.69,0.56,,0,0.0,0.0,,0,0.0,0,0.0,0.0,,0,0.0,0,,,,0,,0.8753,0.2218896226438964
prebreak,600977,2022-11-03,S,S,A,C,S,S,A,10.8442,10.4,9.9,0.5,,1,10.4,10.9626,2022-11-10,0,1.1086,1,10.4,11.9592,2022-11-17,0,3.1005,1,10.4,13.755,2022-12-02,1,6.69,1.8006,0.0614174051703266
prebreak,600323,2022-11-04,S,S,A,C,S,S,A,17.1958,17.99,17.16,0.83,,0,0.0,0.0,,0,0.0,0,0.0,0.0,,0,0.0,0,,,,0,,2.3756,0.1304053754327867
prebreak,600585,2022-11-04,S,S,A,C,S,S,A,21.5356,24.29,23.09,1.2,,0,0.0,0.0,,0,0.0,1,24.29,23.7814,2022-11-17,0,-0.439,1,24.29,23.7814,2022-11-17,0,-0.439,2.2908,0.0213874621936243
prebreak,603043,2022-11-07,S,S,A,C,S,S,A,20.6742,20.15,19.45,0.7,,0,0.0,0.0,,0,0.0,0,0.0,0.0,,0,0.0,0,,,,0,,1.0329,0.0835687100167859
prebreak,603369,2022-11-08,S,S,A,C,S,S,A,37.7311,40.71,39.12,1.59,,0,0.0,0.0,,0,0.0,0,0.0,0.0,,0,0.0,1,40.71,49.4956,2023-01-06,1,5.5026,2.1051,0.0789499048404418
prebreak,300884,2022-11-10,S,S,A,C,S,S,A,10.0834,10.36,9.86,0.5,,0,0.0,0.0,,0,0.0,0,0.0,0.0,,0,0.0,0,,,,0,,0.8971,-0.1316944503509209
prebreak,600332,2022-11-10,S,S,A,C,S,S,A,25.9571,25.63,24.49,1.14,,1,25.63,26.5111,2022-11-17,0,0.7554,1,25.63,25.832,2022-11-24,0,0.16,1,25.63,25.63,2022-11-23,1,-0.0171,2.0435,0.0619724587859404
prebreak,002372,2022-11-14,S,S,A,C,S,S,A,17.5515,16.04,15.25,0.79,,0,0.0,0.0,,0,0.0,0,0.0,0.0,,0,0.0,0,,,,0,,0.8701,-0.0230913653995412
prebreak,000895,2022-11-15,S,S,A,C,S,S,A,20.4607,20.37,19.43,0.94,,0,0.0,0.0,,0,0.0,0,0.0,0.0,,0,0.0,0,,,,0,,0.7192,0.0190949082384486
prebreak,002332,2022-11-17,S,S,A,C,S,S,A,9.6684,9.89,9.38,0.51,,0,0.0,0.0,,0,0.0,0,0.0,0.0,,0,0.0,0,,,,0,,0.8125,0.03343350051518
prebreak,600332,2022-11-17,S,S,A,C,S,S,A,26.5111,25.63,24.49,1.14,,0,0.0,0.0,,0,0.0,0,0.0,0.0,,0,0.0,0,,,,0,,1.3537,0.0561073678869019
prebreak,601688,2022-11-21,S,S,A,C,S,S,A,11.6216,11.68,11.17,0.51,,0,0.0,0.0,,0,0.0,0,0.0,0.0,,0,0.0,0,,,,0,,0.9707,0.0634553205214603
prebreak,002916,2022-12-01,S,S,A,C,S,S,A,55.9672,57.49,54.62,2.87,,0,0.0,0.0,,0,0.0,0,0.0,0.0,,0,0.0,0,,,,0,,2.0272,0.074453026998617
prebreak,300676,2022-12-01,S,S,A,C,S,S,A,57.6999,58.44,56.32,2.12,,0,0.0,0.0,,0,0.0,0,0.0,0.0,,0,0.0,0,,,,0,,1.0384,0.0129989678518542
prebreak,601601,2022-12-02,S,S,A,C,S,S,A,20.6921,20.19,19.21,0.98,,1,20.19,21.9328,2022-12-09,0,1.7616,1,20.19,21.4382,2022-12-16,0,1.2572,1,20.19,23.47,2023-03-08,1,3.3292,1.5496,0.0788719608073773
prebreak,600426,2022-12-05,S,S,A,C,S,S,A,22.7489,21.38,20.31,1.07,,0,0.0,0.0,,0,0.0,0,0.0,0.0,,0,0.0,0,,,,0,,0.7096,0.0834133278193325
prebreak,000028,2022-12-07,S,S,A,C,S,S,A,24.7899,22.47,21.45,1.02,,1,22.47,23.8377,2022-12-14,0,1.3233,1,22.47,21.9527,2022-12-21,0,-0.5236,1,22.47,22.47,2022-12-20,1,-0.0167,2.7264,0.0709662940372901
prebreak,300138,2022-12-08,S,S,A,C,S,S,A,16.2365,15.5,14.72,0.78,,0,0.0,0.0,,0,0.0,0,0.0,0.0,,0,0.0,0,,,,0,,0.9756,0.0309173127061577
prebreak,688981,2022-12-09,S,S,A,C,S,S,A,42.16,42.4,40.71,1.69,,1,42.4,43.0,2022-12-16,0,0.3357,1,42.4,41.06,2022-12-23,0,-0.8115,1,42.4,40.71,2022-12-29,1,-1.0184,2.4285,-0.0018832391713746
prebreak,605003,2022-12-14,S,S,A,C,S,S,A,18.5114,18.08,17.36,0.72,,0,0.0,0.0,,0,0.0,0,0.0,0.0,,0,0.0,0,,,,0,,0.941,0.0307038224645257
prebreak,000895,2022-12-20,S,S,A,C,S,S,A,20.1594,21.23,20.39,0.84,,0,0.0,0.0,,0,0.0,0,0.0,0.0,,0,0.0,0,,,,0,,1.2192,0.0141799768345558
prebreak,600597,2022-12-23,S,S,A,C,S,S,A,10.3458,10.4,9.86,0.54,,0,0.0,0.0,,0,0.0,0,0.0,0.0,,0,0.0,0,,,,0,,1.0408,0.0901758800514191
prebreak,002365,2022-12-26,S,S,A,C,S,S,A,10.3292,11.45,10.93,0.52,,0,0.0,0.0,,0,0.0,0,0.0,0.0,,0,0.0,1,11.45,10.93,2023-03-14,1,-1.0161,2.1277,0.0156557404861561
prebreak,603213,2022-12-26,S,S,A,C,S,S,A,12.4585,12.55,11.94,0.61,,1,12.55,12.0456,2022-12-29,0,-0.842,1,12.55,12.0456,2022-12-29,0,-0.842,1,12.55,12.0456,2022-12-29,0,-0.842,2.2798,0.047338627922419
prebreak,000998,2022-12-27,S,S,A,C,S,S,A,15.8228,16.38,15.69,0.69,,0,0.0,0.0,,0,0.0,0,0.0,0.0,,0,0.0,1,16.38,16.38,2023-03-08,1,-0.018,2.5617,0.0057604184027366
prebreak,300244,2022-12-27,S,S,A,C,S,S,A,21.9975,22.54,21.38,1.16,,0,0.0,0.0,,0,0.0,0,0.0,0.0,,0,0.0,0,,,,0,,0.7464,-0.0711185102014653
prebreak,300294,2022-12-29,S,S,A,C,S,S,A,34.8111,33.02,31.56,1.46,,0,0.0,0.0,,0,0.0,0,0.0,0.0,,0,0.0,0,,,,0,,1.4797,0.0367107266511741
prebreak,605567,2022-12-30,S,S,A,C,S,S,A,14.9174,15.2,14.43,0.77,,0,0.0,0.0,,0,0.0,0,0.0,0.0,,0,0.0,0,,,,0,,4.774,0.0343597995700954
prebreak,603213,2023-01-03,S,S,A,C,S,S,A,12.1174,12.55,11.94,0.61,,1,12.55,14.2177,2023-01-10,0,2.7166,1,12.55,13.7869,2023-01-17,0,2.0108,1,12.55,14.65,2023-01-10,1,3.4248,2.8251,0.0349349136020944
prebreak,600406,2023-01-04,S,S,A,C,S,S,A,18.4353,19.48,18.52,0.96,,1,19.48,19.7783,2023-01-11,0,0.2951,1,19.48,20.6253,2023-01-18,0,1.1768,1,19.48,19.48,2023-02-10,1,-0.0154,2.3133,-0.0329904255459219
prebreak,002190,2023-01-05,S,S,A,C,S,S,A,26.2776,26.35,25.38,0.97,,0,0.0,0.0,,0,0.0,0,0.0,0.0,,0,0.0,0,,,,0,,1.0729,-0.0616743865239173
prebreak,300406,2023-01-05,S,S,A,C,S,S,A,14.6537,14.83,14.05,0.78,,0,0.0,0.0,,0,0.0,0,0.0,0.0,,0,0.0,0,,,,0,,0.5795,-0.0495628338723352
prebreak,300773,2023-01-05,S,S,A,C,S,S,A,11.1058,9.95,9.45,0.5,,0,0.0,0.0,,0,0.0,0,0.0,0.0,,0,0.0,0,,,,0,,0.9642,0.0227355842922123
prebreak,300294,2023-01-06,S,S,A,C,S,S,A,34.7918,33.02,31.56,1.46,,0,0.0,0.0,,0,0.0,0,0.0,0.0,,0,0.0,0,,,,0,,0.7269,0.015496895055999
prebreak,300999,2023-01-06,S,S,A,C,S,S,A,43.1064,43.69,41.62,2.07,,0,0.0,0.0,,0,0.0,0,0.0,0.0,,0,0.0,0,,,,0,,1.2018,-0.0001340106347275
prebreak,600183,2023-01-06,S,S,A,C,S,S,A,13.8503,13.72,13.14,0.58,,0,0.0,0.0,,0,0.0,0,0.0,0.0,,0,0.0,0,,,,0,,1.1078,0.0113297934853728
prebreak,600391,2023-01-06,S,S,A,C,S,S,A,18.29,17.96,17.07,0.89,,0,0.0,0.0,,0,0.0,0,0.0,0.0,,0,0.0,0,,,,0,,1.1849,-0.0297136682874122
prebreak,000555,2023-01-09,S,S,A,C,S,S,A,11.262,10.64,10.1,0.54,,0,0.0,0.0,,0,0.0,0,0.0,0.0,,0,0.0,0,,,,0,,0.6901,-0.0251153812361099
prebreak,002048,2023-01-09,S,S,A,C,S,S,A,13.2822,12.98,12.44,0.54,,0,0.0,0.0,,0,0.0,0,0.0,0.0,,0,0.0,0,,,,0,,1.0937,-0.0306760696998718
prebreak,002230,2023-01-09,S,S,A,C,S,S,A,33.7559,34.29,32.49,1.8,,1,34.29,34.8864,2023-01-16,0,0.3166,1,34.29,41.3222,2023-01-30,0,3.8898,1,34.29,50.5148,2023-02-20,0,8.9936,3.4543,0.0200184659611137
prebreak,600801,2023-01-09,S,S,A,C,S,S,A,13.3131,13.43,12.75,0.68,,0,0.0,0.0,,0,0.0,0,0.0,0.0,,0,0.0,0,,,,0,,0.5123,0.0055144921605174
prebreak,605567,2023-01-09,S,S,A,C,S,S,A,14.5404,15.2,14.43,0.77,,0,0.0,0.0,,0,0.0,0,0.0,0.0,,0,0.0,0,,,,0,,4.774,0.0343597995700954
prebreak,300442,2023-01-10,S,S,A,C,S,S,A,25.7439,22.75,21.7,1.05,,1,22.75,24.646,2023-01-13,0,1.7881,1,22.75,24.646,2023-01-13,0,1.7881,1,22.75,24.646,2023-01-13,0,1.7881,4.3613,-0.0029042664110044
prebreak,601838,2023-01-10,S,S,A,C,S,S,A,11.9208,12.58,11.98,0.6,,0,0.0,0.0,,0,0.0,0,0.0,0.0,,0,0.0,0,,,,0,,1.3182,0.0399848647432588
prebreak,603213,2023-01-10,S,S,A,C,S,S,A,14.2177,12.55,11.94,0.61,,1,12.55,13.3112,2023-01-13,0,1.2314,1,12.55,13.3112,2023-01-13,0,1.2314,1,12.55,13.3112,2023-01-13,0,1.2314,1.5869,0.0220738803190274
prebreak,300773,2023-01-12,S,S,A,C,S,S,A,10.7326,9.95,9.45,0.5,,0,0.0,0.0,,0,0.0,0,0.0,0.0,,0,0.0,0,,,,0,,0.5652,0.0120263111582623
prebreak,600391,2023-01-13,S,S,A,C,S,S,A,18.1,17.96,17.07,0.89,,1,17.96,20.6,2023-01-20,0,2.9491,1,17.96,20.93,2023-02-03,0,3.3196,1,17.96,21.95,2023-03-01,0,4.465,4.8349,-0.0088300220750552
prebreak,603599,2023-01-13,S,S,A,C,S,S,A,18.9788,19.21,18.47,0.74,,1,19.21,19.7329,2023-01-20,0,0.6865,1,19.21,19.8451,2023-02-03,0,0.838,1,19.21,19.21,2023-03-27,1,-0.0197,1.5513,-0.0209348057138701
prebreak,000501,2023-01-18,S,S,A,C,S,S,A,10.1079,10.58,10.04,0.54,,0,0.0,0.0,,0,0.0,0,0.0,0.0,,0,0.0,0,,,,0,,4.7194,0.0574503098222305
prebreak,600406,2023-01-18,S,S,A,C,S,S,A,20.6253,19.48,18.52,0.96,,0,0.0,0.0,,0,0.0,0,0.0,0.0,,0,0.0,0,,,,0,,1.0067,0.0432796389696632
prebreak,600391,2023-01-20,S,S,A,C,S,S,A,20.6,17.96,17.07,0.89,,1,17.96,20.93,2023-02-03,0,3.3196,1,17.96,20.92,2023-02-10,0,3.3084,1,17.96,21.95,2023-03-01,0,4.465,2.713,0.050906963136337
prebreak,600612,2023-01-20,S,S,A,C,S,S,A,43.0588,37.62,35.62,2.0,,0,0.0,0.0,,0,0.0,0,0.0,0.0,,0,0.0,0,,,,0,,0.9954,0.0406597241999251
prebreak,603599,2023-01-20,S,S,A,C,S,S,A,19.7329,19.89,18.86,1.03,,0,0.0,0.0,,0,0.0,0,0.0,0.0,,0,0.0,0,,,,0,,1.458,0.0817620401940608
prebreak,300124,2023-01-30,S,S,A,C,S,S,A,70.4916,68.91,65.91,3.0,,0,0.0,0.0,,0,0.0,0,0.0,0.0,,0,0.0,0,,,,0,,0.7698,0.033505020482647
prebreak,000501,2023-02-01,S,S,A,C,S,S,A,10.2572,10.44,9.91,0.53,,0,0.0,0.0,,0,0.0,0,0.0,0.0,,0,0.0,1,10.44,10.46,2023-04-14,1,0.0227,4.7194,0.043457583605301
prebreak,600406,2023-02-01,S,S,A,C,S,S,A,20.2209,20.8,19.84,0.96,,0,0.0,0.0,,0,0.0,0,0.0,0.0,,0,0.0,0,,,,0,,2.8818,0.0731869099019857
prebreak,300127,2023-02-02,S,S,A,C,S,S,A,15.9857,15.48,14.65,0.83,,0,0.0,0.0,,0,0.0,0,0.0,0.0,,0,0.0,0,,,,0,,1.1516,0.0878372520510408
prebreak,600768,2023-02-02,S,S,A,C,S,S,A,11.5154,9.31,8.81,0.5,,1,9.31,11.4565,2023-02-09,0,4.2762,1,9.31,10.8974,2023-02-16,0,3.1587,1,9.31,10.9955,2023-03-16,0,3.3548,3.3009,0.0350704560527745
prebreak,300770,2023-02-03,S,S,A,C,S,S,A,31.9431,31.27,29.66,1.61,,0,0.0,0.0,,0,0.0,0,0.0,0.0,,0,0.0,0,,,,0,,1.3599,0.0368931213445196
prebreak,300970,2023-02-03,S,S,A,C,S,S,A,14.579,13.07,12.5,0.57,,1,13.07,14.6969,2023-02-08,0,2.835,1,13.07,14.6969,2023-02-08,0,2.835,1,13.07,14.6969,2023-02-08,0,2.835,2.0552,-0.0037829840982752
prebreak,300972,2023-02-03,S,S,A,C,S,S,A,12.7405,11.82,11.28,0.54,,0,0.0,0.0,,0,0.0,0,0.0,0.0,,0,0.0,0,,,,0,,1.2475,-0.0090647186248999
prebreak,600391,2023-02-03,S,S,A,C,S,S,A,20.93,17.96,17.07,0.89,,0,0.0,0.0,,0,0.0,0,0.0,0.0,,0,0.0,0,,,,0,,0.9755,0.0106921778277997
prebreak,600573,2023-02-03,S,S,A,C,S,S,A,10.8227,10.16,9.66,0.5,,0,0.0,0.0,,0,0.0,0,0.0,0.0,,0,0.0,0,,,,0,,1.1736,-0.0475362019481836
prebreak,603599,2023-02-03,S,S,A,C,S,S,A,19.8451,20.11,19.34,0.77,,0,0.0,0.0,,0,0.0,1,20.11,19.6706,2023-02-17,0,-0.5901,1,20.11,19.34,2023-03-27,1,-1.0192,1.6843,0.0564817721023678
prebreak,002258,2023-02-07,S,S,A,C,S,S,A,17.287,17.69,16.99,0.7,,1,17.69,17.5722,2023-02-14,0,-0.1874,1,17.69,17.4618,2023-02-15,0,-0.345,1,17.69,17.4618,2023-02-15,0,-0.345,1.6759,0.0173574034395866
prebreak,600645,2023-02-07,S,S,A,C,S,S,A,18.54,18.59,17.86,0.73,,0,0.0,0.0,,0,0.0,0,0.0,0.0,,0,0.0,0,,,,0,,0.6543,0.0764331210191082
prebreak,601066,2023-02-07,S,S,A,C,S,S,A,25.6609,24.27,23.13,1.14,,0,0.0,0.0,,0,0.0,0,0.0,0.0,,0,0.0,0,,,,0,,0.5158,0.0549281248413191
prebreak,002961,2023-02-10,S,S,A,C,S,S,A,15.0436,13.47,12.8,0.67,,0,0.0,0.0,,0,0.0,0,0.0,0.0,,0,0.0,0,,,,0,,0.3576,0.0280501446307923
prebreak,300770,2023-02-10,S,S,A,C,S,S,A,33.7449,31.27,29.66,1.61,,0,0.0,0.0,,0,0.0,0,0.0,0.0,,0,0.0,0,,,,0,,1.075,0.0519772346399407
prebreak,600660,2023-02-10,S,S,A,C,S,S,A,33.6562,34.69,33.51,1.18,,0,0.0,0.0,,0,0.0,0,0.0,0.0,,0,0.0,0,,,,0,,1.2342,0.0653338012766602
prebreak,600690,2023-02-10,S,S,A,C,S,S,A,23.5874,23.94,22.76,1.18,,0,0.0,0.0,,0,0.0,0,0.0,0.0,,0,0.0,0,,,,0,,0.8528,0.0387737521337023
prebreak,002637,2023-02-13,S,S,A,C,S,S,A,12.3176,12.28,11.7,0.58,,0,0.0,0.0,,0,0.0,0,0.0,0.0,,0,0.0,0,,,,0,,0.9752,0.0448103577705378
prebreak,600801,2023-02-13,S,S,A,C,S,S,A,14.5336,14.19,13.65,0.54,,0,0.0,0.0,,0,0.0,0,0.0,0.0,,0,0.0,0,,,,0,,1.2476,0.0728457594409541
prebreak,300770,2023-02-17,S,S,A,C,S,S,A,32.1754,31.27,29.66,1.61,,0,0.0,0.0,,0,0.0,0,0.0,0.0,,0,0.0,0,,,,0,,0.8878,0.017441244133262
prebreak,600690,2023-02-17,S,S,A,C,S,S,A,23.389,24.26,23.28,0.98,,1,24.26,23.93,2023-02-24,0,-0.3553,1,24.26,23.28,2023-03-01,1,-1.0182,1,24.26,23.28,2023-03-01,1,-1.0182,1.9965,-0.0115371619164276
prebreak,000063,2023-02-20,S,S,A,C,S,S,A,27.6117,25.72,24.7,1.02,,1,25.72,29.2178,2023-02-27,0,3.4079,1,25.72,30.5905,2023-03-06,0,4.7528,1,25.72,29.43,2023-03-03,1,3.6158,2.5741,0.0382250959755638
prebreak,002827,2023-02-20,S,S,A,C,S,S,A,10.9106,10.62,10.11,0.51,,1,10.62,10.2523,2023-02-23,0,-0.7363,1,10.62,10.2523,2023-02-23,0,-0.7363,1,10.62,10.2523,2023-02-23,0,-0.7363,1.6719,0.0417668424700732
prebreak,600801,2023-02-20,S,S,A,C,S,S,A,15.5377,14.19,13.65,0.54,,1,14.19,15.1482,2023-02-27,0,1.7533,1,14.19,14.7673,2023-03-06,0,1.0484,1,14.19,14.19,2023-03-10,1,-0.02,2.1016,0.0576182712424373
prebreak,000532,2023-02-21,S,S,A,C,S,S,A,11.9593,12.11,11.49,0.62,,0,0.0,0.0,,0,0.0,0,0.0,0.0,,0,0.0,0,,,,0,,0.5167,-0.0413971923588589
prebreak,300136,2023-02-21,S,S,A,C,S,S,A,18.5792,18.32,17.47,0.85,,0,0.0,0.0,,0,0.0,0,0.0,0.0,,0,0.0,0,,,,0,,0.7976,0.0728834300839615
prebreak,300575,2023-02-22,S,S,A,C,S,S,A,12.7813,13.3,12.78,0.52,,0,0.0,0.0,,0,0.0,0,0.0,0.0,,0,0.0,0,,,,0,,,
prebreak,002179,2023-02-23,S,S,A,C,S,S,A,40.6491,41.34,39.17,2.17,,1,41.34,41.2791,2023-02-28,0,-0.0425,1,41.34,41.2791,2023-02-28,0,-0.0425,1,41.34,41.2791,2023-02-28,0,-0.0425,1.988,-0.0061971667647869
prebreak,600690,2023-02-24,S,S,A,C,S,S,A,23.93,24.26,23.28,0.98,,0,0.0,0.0,,0,0.0,0,0.0,0.0,,0,0.0,0,,,,0,,1.3314,0.0667789300044856
prebreak,002982,2023-02-28,S,S,A,C,S,S,A,23.3302,22.68,21.65,1.03,,0,0.0,0.0,,0,0.0,0,0.0,0.0,,0,0.0,0,,,,0,,0.5274,0.0107141186077019
prebreak,600993,2023-02-28,S,S,A,C,S,S,A,25.7163,22.69,21.68,1.01,,1,22.69,24.5982,2023-03-07,0,1.871,1,22.69,25.282,2023-03-14,0,2.5476,1,22.69,25.9658,2023-04-06,0,3.2242,2.0002,0.0235501127149555
prebreak,002152,2023-03-01,S,S,A,C,S,S,A,10.2669,10.18,9.65,0.53,,0,0.0,0.0,,0,0.0,0,0.0,0.0,,0,0.0,0,,,,0,,1.4436,0.048921741719198
prebreak,300244,2023-03-01,S,S,A,C,S,S,A,23.563,24.49,23.22,1.27,,0,0.0,0.0,,0,0.0,0,0.0,0.0,,0,0.0,1,24.49,24.49,2023-04-06,1,-0.0147,5.8222,0.0242601671950455
prebreak,002179,2023-03-02,S,S,A,C,S,S,A,41.424,42.5,40.7,1.8,,1,42.5,42.0613,2023-03-08,0,-0.2615,1,42.5,42.0613,2023-03-08,0,-0.2615,1,42.5,42.0613,2023-03-08,0,-0.2615,2.0956,0.0125226398124032
prebreak,300124,2023-03-06,S,S,A,C,S,S,A,71.5429,72.79,69.86,2.93,,0,0.0,0.0,,0,0.0,0,0.0,0.0,,0,0.0,0,,,,0,,3.42,0.2672637642672899
prebreak,600258,2023-03-06,S,S,A,C,S,S,A,23.2947,23.46,22.31,1.15,,0,0.0,0.0,,0,0.0,0,0.0,0.0,,0,0.0,0,,,,0,,1.7106,0.0439190454683628
prebreak,002152,2023-03-08,S,S,A,C,S,S,A,10.1564,10.18,9.65,0.53,,0,0.0,0.0,,0,0.0,0,0.0,0.0,,0,0.0,0,,,,0,,0.719,0.005972261848985
prebreak,300244,2023-03-08,S,S,A,C,S,S,A,23.0649,23.84,22.68,1.16,,0,0.0,0.0,,0,0.0,0,0.0,0.0,,0,0.0,1,23.84,25.1819,2023-04-21,0,1.1405,5.8222,-0.0029251781980446
prebreak,603888,2023-03-08,S,S,A,C,S,S,A,14.748,13.6,12.87,0.73,,0,0.0,0.0,,0,0.0,0,0.0,0.0,,0,0.0,0,,,,0,,1.0303,0.0490061521069762
prebreak,300470,2023-03-13,S,S,A,C,S,S,A,39.8729,40.56,38.5,2.06,,0,0.0,0.0,,0,0.0,0,0.0,0.0,,0,0.0,0,,,,0,,1.4545,0.042620920448716
prebreak,600258,2023-03-13,S,S,A,C,S,S,A,22.1683,23.46,22.41,1.05,,0,0.0,0.0,,0,0.0,0,0.0,0.0,,0,0.0,1,23.46,23.1747,2023-04-11,0,-0.2885,1.7106,0.0439190454683628
prebreak,300244,2023-03-15,S,S,A,C,S,S,A,22.6824,23.35,22.26,1.09,,1,23.35,23.6876,2023-03-22,0,0.2932,1,23.35,25.9736,2023-03-29,0,2.3892,1,23.35,26.2404,2023-04-19,0,2.6338,1.7732,-0.0179384923144668
prebreak,600030,2023-03-15,S,S,A,C,S,S,A,18.3348,18.8,17.97,0.83,,0,0.0,0.0,,0,0.0,0,0.0,0.0,,0,0.0,0,,,,0,,0.7134,-0.0015205499361466
prebreak,600060,2023-03-15,S,S,A,C,S,S,A,14.3764,13.99,13.28,0.71,,0,0.0,0.0,,0,0.0,0,0.0,0.0,,0,0.0,0,,,,0,,1.4389,0.075322120818545
prebreak,601111,2023-03-15,S,S,A,C,S,S,A,10.88,11.57,11.02,0.55,,0,0.0,0.0,,0,0.0,0,0.0,0.0,,0,0.0,0,,,,0,,,
prebreak,300294,2023-03-17,S,S,A,C,S,S,A,34.7726,34.55,32.86,1.69,,1,34.55,34.059,2023-03-22,0,-0.3059,1,34.55,34.059,2023-03-22,0,-0.3059,1,34.55,34.059,2023-03-22,0,-0.3059,1.7813,0.0266247300494359
prebreak,002677,2023-03-20,S,S,A,C,S,S,A,9.9434,10.4,9.87,0.53,,0,0.0,0.0,,0,0.0,0,0.0,0.0,,0,0.0,0,,,,0,,0.8726,-0.090199670710554
prebreak,300888,2023-03-20,S,S,A,C,S,S,A,42.1946,43.73,41.66,2.07,,0,0.0,0.0,,0,0.0,0,0.0,0.0,,0,0.0,0,,,,0,,0.7165,-0.0245943708242779
prebreak,600161,2023-03-20,S,S,A,C,S,S,A,19.7442,19.21,18.44,0.77,,0,0.0,0.0,,0,0.0,0,0.0,0.0,,0,0.0,0,,,,0,,1.4047,0.0298029628763925
prebreak,300244,2023-03-22,S,S,A,C,S,S,A,23.6876,23.11,22.19,0.92,,1,23.11,25.9736,2023-03-29,0,3.0916,1,23.11,24.9862,2023-04-06,0,2.019,1,23.11,25.1819,2023-04-21,0,2.2316,5.8222,-0.0334564122548998
prebreak,600060,2023-03-22,S,S,A,C,S,S,A,15.0982,13.99,13.28,0.71,,0,0.0,0.0,,0,0.0,0,0.0,0.0,,0,0.0,0,,,,0,,0.8333,-0.0204346023349716
prebreak,601111,2023-03-22,S,S,A,C,S,S,A,10.56,11.57,11.02,0.55,,0,0.0,0.0,,0,0.0,0,0.0,0.0,,0,0.0,0,,,,0,,,
prebreak,002179,2023-03-23,S,S,A,C,S,S,A,39.4324,42.5,40.84,1.66,,0,0.0,0.0,,0,0.0,0,0.0,0.0,,0,0.0,0,,,,0,,1.9481,0.05160299904629
prebreak,002007,2023-03-24,S,S,A,C,S,S,A,19.766,20.32,19.31,1.01,,0,0.0,0.0,,0,0.0,1,20.32,22.0099,2023-04-10,0,1.6569,1,20.32,20.32,2023-05-05,1,-0.0153,3.4145,0.0247820838527983
prebreak,300294,2023-03-24,S,S,A,C,S,S,A,33.7311,34.55,32.86,1.69,,0,0.0,0.0,,0,0.0,1,34.55,35.679,2023-04-10,0,0.6521,1,34.55,34.55,2023-06-26,1,-0.0155,2.8092,0.0528710866507586
prebreak,600161,2023-03-27,S,S,A,C,S,S,A,19.7523,20.42,19.41,1.01,,0,0.0,0.0,,0,0.0,0,0.0,0.0,,0,0.0,0,,,,0,,0.8854,0.0828620482963848
prebreak,002318,2023-03-29,S,S,A,C,S,S,A,13.4189,15.24,14.56,0.68,,0,0.0,0.0,,0,0.0,0,0.0,0.0,,0,0.0,0,,,,0,,1.0375,0.0398075566703444
prebreak,300146,2023-03-29,S,S,A,C,S,S,A,18.4409,18.19,17.3,0.89,,0,0.0,0.0,,0,0.0,0,0.0,0.0,,0,0.0,0,,,,0,,0.7176,-0.0995292910731429
prebreak,603102,2023-03-30,S,S,A,C,S,S,A,42.5603,39.38,37.29,2.09,,0,0.0,0.0,,0,0.0,0,0.0,0.0,,0,0.0,0,,,,0,,1.1045,-0.0689183855583835
prebreak,002007,2023-03-31,S,S,A,C,S,S,A,19.5157,20.32,19.31,1.01,,1,20.32,22.0099,2023-04-10,0,1.6569,1,20.32,22.0815,2023-04-17,0,1.7276,1,20.32,20.32,2023-05-05,1,-0.0153,3.4145,0.0247820838527983
prebreak,002163,2023-03-31,S,S,A,C,S,S,A,12.21,12.12,11.6,0.52,,1,12.12,12.09,2023-04-10,0,-0.0754,1,12.12,11.71,2023-04-17,0,-0.8057,1,12.12,11.6,2023-04-18,1,-1.0171,2.1967,0.0167785234899329
prebreak,300294,2023-03-31,S,S,A,C,S,S,A,33.6829,34.55,32.86,1.69,,1,34.55,35.679,2023-04-10,0,0.6521,1,34.55,36.9808,2023-04-17,0,1.4219,1,34.55,34.55,2023-06-26,1,-0.0155,2.8092,0.0528710866507586
prebreak,600332,2023-03-31,S,S,A,C,S,S,A,29.5581,28.5,27.3,1.2,,0,0.0,0.0,,0,0.0,0,0.0,0.0,,0,0.0,0,,,,0,,0.9923,-0.0478852683288179
prebreak,600288,2023-04-03,S,S,A,C,S,S,A,13.7743,13.85,13.19,0.66,,0,0.0,0.0,,0,0.0,0,0.0,0.0,,0,0.0,0,,,,0,,1.2809,0.0033142732595385
prebreak,002318,2023-04-06,S,S,A,C,S,S,A,14.2378,13.88,13.13,0.75,,0,0.0,0.0,,0,0.0,0,0.0,0.0,,0,0.0,0,,,,0,,0.9893,-0.0666846363296602
prebreak,300947,2023-04-06,S,S,A,C,S,S,A,14.36,13.71,13.05,0.66,,1,13.71,17.76,2023-04-13,0,6.1167,1,13.71,15.97,2023-04-20,0,3.4063,1,13.71,16.83,2023-04-14,1,4.7085,2.8896,-0.0432658757850662
prebreak,603708,2023-04-06,S,S,A,C,S,S,A,12.3397,11.55,10.97,0.58,,0,0.0,0.0,,0,0.0,0,0.0,0.0,,0,0.0,0,,,,0,,1.129,0.001093724106508
prebreak,600827,2023-04-07,S,S,A,C,S,S,A,12.1565,12.54,12.01,0.53,,0,0.0,0.0,,0,0.0,0,0.0,0.0,,0,0.0,0,,,,0,,1.4867,0.1172256691260762
prebreak,000547,2023-04-11,S,S,A,C,S,S,A,11.3894,11.77,11.16,0.61,,0,0.0,0.0,,0,0.0,0,0.0,0.0,,0,0.0,0,,,,0,,1.8916,0.5051150895140664
prebreak,002078,2023-04-12,S,S,A,C,S,S,A,11.0278,11.53,10.95,0.58,,0,0.0,0.0,,0,0.0,0,0.0,0.0,,0,0.0,0,,,,0,,1.3829,0.0860197051088413
prebreak,002311,2023-04-12,S,S,A,C,S,S,A,51.0626,54.43,51.73,2.7,,0,0.0,0.0,,0,0.0,0,0.0,0.0,,0,0.0,0,,,,0,,1.8249,0.0944480715054421
prebreak,600009,2023-04-12,S,S,A,C,S,S,A,53.8104,55.64,53.55,2.09,,0,0.0,0.0,,0,0.0,0,0.0,0.0,,0,0.0,0,,,,0,,,
prebreak,600426,2023-04-12,S,S,A,C,S,S,A,23.0287,24.37,23.1,1.27,,0,0.0,0.0,,0,0.0,0,0.0,0.0,,0,0.0,0,,,,0,,1.4088,0.0246278858176702
prebreak,605179,2023-04-12,S,S,A,C,S,S,A,10.5285,11.95,11.4,0.55,,0,0.0,0.0,,0,0.0,0,0.0,0.0,,0,0.0,0,,,,0,,3.9702,0.1297181428794651
prebreak,002760,2023-04-13,S,S,A,C,S,S,A,21.9597,21.82,20.79,1.03,,0,0.0,0.0,,0,0.0,0,0.0,0.0,,0,0.0,0,,,,0,,0.5591,0.0048974895216162
prebreak,603708,2023-04-13,S,S,A,C,S,S,A,11.7126,11.55,10.97,0.58,,0,0.0,0.0,,0,0.0,0,0.0,0.0,,0,0.0,0,,,,0,,1.0722,0.0256906215047023
prebreak,600827,2023-04-14,S,S,A,C,S,S,A,11.6624,12.19,11.63,0.56,,0,0.0,0.0,,0,0.0,0,0.0,0.0,,0,0.0,0,,,,0,,1.3056,0.0665545953830502
prebreak,002163,2023-04-17,S,S,A,C,S,S,A,11.71,12.16,11.6,0.56,,0,0.0,0.0,,0,0.0,0,0.0,0.0,,0,0.0,0,,,,0,,5.0604,0.3556298773690076
prebreak,300294,2023-04-17,S,S,A,C,S,S,A,36.9808,36.32,34.5,1.82,,0,0.0,0.0,,0,0.0,0,0.0,0.0,,0,0.0,0,,,,0,,0.6094,0.0866917709761927
prebreak,300887,2023-04-17,S,S,A,C,S,S,A,19.5247,18.79,18.06,0.73,,0,0.0,0.0,,0,0.0,0,0.0,0.0,,0,0.0,0,,,,0,,1.2338,0.0631581398595619
prebreak,300891,2023-04-18,S,S,A,C,S,S,A,11.0986,11.14,10.63,0.51,,0,0.0,0.0,,0,0.0,0,0.0,0.0,,0,0.0,0,,,,0,,0.6368,-0.0641353465044194
prebreak,002078,2023-04-19,S,S,A,C,S,S,A,10.7429,11.53,10.95,0.58,,0,0.0,0.0,,0,0.0,0,0.0,0.0,,0,0.0,0,,,,0,,1.3829,0.0860197051088413
prebreak,601066,2023-04-19,S,S,A,C,S,S,A,25.18,26.24,25.08,1.16,,0,0.0,0.0,,0,0.0,0,0.0,0.0,,0,0.0,1,26.24,26.161,2023-05-11,0,-0.0852,5.4017,0.0322406019373771
prebreak,605077,2023-04-19,S,S,A,C,S,S,A,19.5416,20.21,19.24,0.97,,0,0.0,0.0,,0,0.0,0,0.0,0.0,,0,0.0,0,,,,0,,,
prebreak,002318,2023-04-20,S,S,A,C,S,S,A,14.4667,13.88,13.13,0.75,,0,0.0,0.0,,0,0.0,0,0.0,0.0,,0,0.0,0,,,,0,,0.6752,-0.0022976903549343
prebreak,300739,2023-04-20,S,S,A,C,S,S,A,15.0018,15.12,14.47,0.65,,0,0.0,0.0,,0,0.0,0,0.0,0.0,,0,0.0,0,,,,0,,4.2659,0.1280345480448141
prebreak,300138,2023-04-24,S,S,A,C,S,S,A,17.1468,17.54,16.67,0.87,,0,0.0,0.0,,0,0.0,0,0.0,0.0,,0,0.0,0,,,,0,,0.9575,0.0129496649397793
prebreak,600031,2023-04-24,S,S,A,C,S,S,A,14.9499,16.33,15.67,0.66,,0,0.0,0.0,,0,0.0,0,0.0,0.0,,0,0.0,0,,,,0,,2.5758,0.1033460295425476
prebreak,688181,2023-04-24,S,S,A,C,S,S,A,28.7011,32.87,31.2,1.67,,0,0.0,0.0,,0,0.0,0,0.0,0.0,,0,0.0,0,,,,0,,2.2819,0.4877508487089081
prebreak,002078,2023-04-26,S,S,A,C,S,S,A,10.3293,11.09,10.53,0.56,,0,0.0,0.0,,0,0.0,0,0.0,0.0,,0,0.0,0,,,,0,,1.6721,0.1288803514872911
prebreak,002925,2023-04-26,S,S,A,C,S,S,A,15.6334,19.09,18.18,0.91,,0,0.0,0.0,,0,0.0,0,0.0,0.0,,0,0.0,0,,,,0,,5.3636,0.2288246867087471
prebreak,003017,2023-04-26,S,S,A,C,S,S,A,16.619,17.88,17.04,0.84,,0,0.0,0.0,,0,0.0,0,0.0,0.0,,0,0.0,0,,,,0,,1.1941,0.0237900845817515
prebreak,300627,2023-04-26,S,S,A,C,S,S,A,19.176,20.06,19.07,0.99,,0,0.0,0.0,,0,0.0,0,0.0,0.0,,0,0.0,0,,,,0,,0.726,0.0328879434580455
prebreak,300739,2023-04-27,S,S,A,C,S,S,A,12.4023,15.12,14.47,0.65,,0,0.0,0.0,,0,0.0,0,0.0,0.0,,0,0.0,0,,,,0,,4.2659,0.1280345480448141
prebreak,002635,2023-04-28,S,S,A,C,S,S,A,12.3277,14.17,13.45,0.72,,0,0.0,0.0,,0,0.0,0,0.0,0.0,,0,0.0,0,,,,0,,1.7156,0.0682758552723343
prebreak,600621,2023-04-28,S,S,A,C,S,S,A,10.682,11.78,11.24,0.54,,0,0.0,0.0,,0,0.0,0,0.0,0.0,,0,0.0,0,,,,0,,5.2242,0.1262310884969464
prebreak,002402,2023-05-04,S,S,A,C,S,S,A,15.2759,17.15,16.24,0.91,,0,0.0,0.0,,0,0.0,0,0.0,0.0,,0,0.0,0,,,,0,,12.9156,0.6577671489706696
prebreak,300138,2023-05-04,S,S,A,C,S,S,A,17.4565,17.81,16.87,0.94,,0,0.0,0.0,,0,0.0,0,0.0,0.0,,0,0.0,0,,,,0,,,
prebreak,002078,2023-05-08,S,S,A,C,S,S,A,10.2466,10.63,10.13,0.5,,0,0.0,0.0,,0,0.0,0,0.0,0.0,,0,0.0,0,,,,0,,0.4735,-0.0664103437415869
prebreak,601995,2023-05-08,S,S,A,C,S,S,A,41.5838,40.98,39.14,1.84,,1,40.98,44.1264,2023-05-11,0,1.692,1,40.98,44.1264,2023-05-11,0,1.692,1,40.98,44.1264,2023-05-11,0,1.692,5.1438,0.0725821467517378
prebreak,002635,2023-05-10,S,S,A,C,S,S,A,12.5256,12.51,11.92,0.59,,0,0.0,0.0,,0,0.0,0,0.0,0.0,,0,0.0,0,,,,0,,0.4828,-0.1067684031813017
prebreak,300119,2023-05-10,S,S,A,C,S,S,A,18.6023,20.03,18.98,1.05,,0,0.0,0.0,,0,0.0,0,0.0,0.0,,0,0.0,0,,,,0,,0.9464,0.1281311505145279
prebreak,300998,2023-05-10,S,S,A,C,S,S,A,32.6673,31.67,30.14,1.53,,0,0.0,0.0,,0,0.0,0,0.0,0.0,,0,0.0,0,,,,0,,0.764,0.0330415597091697
prebreak,600097,2023-05-10,S,S,A,C,S,S,A,9.3197,10.64,10.13,0.51,,0,0.0,0.0,,0,0.0,0,0.0,0.0,,0,0.0,0,,,,0,,10.2507,0.1215851464743424
prebreak,600262,2023-05-10,S,S,A,C,S,S,A,13.3472,12.21,11.65,0.56,,0,0.0,0.0,,0,0.0,0,0.0,0.0,,0,0.0,0,,,,0,,1.0356,0.0199947937886968
prebreak,600621,2023-05-10,S,S,A,C,S,S,A,10.9999,11.78,11.24,0.54,,0,0.0,0.0,,0,0.0,0,0.0,0.0,,0,0.0,0,,,,0,,5.2242,0.1262310884969464
prebreak,600720,2023-05-10,S,S,A,C,S,S,A,11.3874,10.33,9.82,0.51,,0,0.0,0.0,,0,0.0,0,0.0,0.0,,0,0.0,0,,,,0,,0.9356,0.0405508201047266
prebreak,300627,2023-05-15,S,S,A,C,S,S,A,19.4894,19.58,18.58,1.0,,0,0.0,0.0,,0,0.0,0,0.0,0.0,,0,0.0,0,,,,0,,0.6106,0.0471040404237603
prebreak,601995,2023-05-15,S,S,A,C,S,S,A,43.1152,40.98,39.14,1.84,,0,0.0,0.0,,0,0.0,0,0.0,0.0,,0,0.0,0,,,,0,,1.1965,0.043361588392343
prebreak,000338,2023-05-17,S,S,A,C,S,S,A,10.7773,11.16,10.63,0.53,,0,0.0,0.0,,0,0.0,0,0.0,0.0,,0,0.0,0,,,,0,,2.9886,0.0847779488990636
prebreak,002179,2023-05-17,S,S,A,C,S,S,A,41.2986,41.21,39.21,2.0,,0,0.0,0.0,,0,0.0,0,0.0,0.0,,0,0.0,0,,,,0,,1.3068,0.0066252467330591
prebreak,600362,2023-05-17,S,S,A,C,S,S,A,17.2256,19.57,18.62,0.95,,0,0.0,0.0,,0,0.0,0,0.0,0.0,,0,0.0,0,,,,0,,2.3755,0.1607435057588766
prebreak,002402,2023-05-18,S,S,A,C,S,S,A,15.0808,15.26,14.45,0.81,,0,0.0,0.0,,0,0.0,0,0.0,0.0,,0,0.0,0,,,,0,,0.7425,-0.0678731682662836
prebreak,601878,2023-05-19,S,S,A,C,S,S,A,9.8479,10.18,9.65,0.53,,0,0.0,0.0,,0,0.0,0,0.0,0.0,,0,0.0,0,,,,0,,6.4863,0.0881313289156473
prebreak,002008,2023-05-22,S,S,A,C,S,S,A,23.9753,24.3,23.01,1.29,,0,0.0,0.0,,0,0.0,0,0.0,0.0,,0,0.0,0,,,,0,,0.7704,-0.0062819465338616
prebreak,002428,2023-05-22,S,S,A,C,S,S,A,10.4106,10.6,10.1,0.5,,0,0.0,0.0,,0,0.0,0,0.0,0.0,,0,0.0,0,,,,0,,1.198,0.0028376209418117
prebreak,301083,2023-05-22,S,S,A,C,S,S,A,14.3379,11.99,11.44,0.55,,1,11.99,24.6144,2023-05-29,0,22.9224,1,11.99,21.0546,2023-06-05,0,16.4541,1,11.99,23.35,2023-05-29,1,20.625,9.2257,-0.0376315279671407
prebreak,601995,2023-05-22,S,S,A,C,S,S,A,41.466,44.45,42.25,2.2,,0,0.0,0.0,,0,0.0,0,0.0,0.0,,0,0.0,0,,,,0,,5.1204,0.2391807652762025
prebreak,603160,2023-05-22,S,S,A,C,S,S,A,49.3333,50.12,48.25,1.87,,0,0.0,0.0,,0,0.0,0,0.0,0.0,,0,0.0,0,,,,0,,1.0496,0.0051236723522238
prebreak,603187,2023-05-22,S,S,A,C,S,S,A,17.3237,17.32,16.44,0.88,,0,0.0,0.0,,0,0.0,0,0.0,0.0,,0,0.0,0,,,,0,,0.4914,0.0034030664175128
prebreak,000338,2023-05-24,S,S,A,C,S,S,A,10.2791,10.94,10.41,0.53,,0,0.0,0.0,,0,0.0,0,0.0,0.0,,0,0.0,0,,,,0,,1.0388,0.0827111382133518
prebreak,000550,2023-05-24,S,S,A,C,S,S,A,11.5177,12.04,11.49,0.55,,0,0.0,0.0,,0,0.0,0,0.0,0.0,,0,0.0,1,12.04,13.9168,2023-07-17,0,3.3937,2.3603,-0.0502811308886348
prebreak,600362,2023-05-24,S,S,A,C,S,S,A,16.5797,17.59,16.75,0.84,,0,0.0,0.0,,0,0.0,0,0.0,0.0,,0,0.0,0,,,,0,,2.0418,0.0379116988532099
prebreak,600720,2023-05-24,S,S,A,C,S,S,A,10.0643,10.45,9.93,0.52,,0,0.0,0.0,,0,0.0,0,0.0,0.0,,0,0.0,0,,,,0,,0.5095,0.0440024853722067
prebreak,688303,2023-05-24,S,S,A,C,S,S,A,39.8856,40.28,38.32,1.96,,1,40.28,42.0418,2023-05-31,0,0.8827,1,40.28,41.6775,2023-06-07,0,0.6969,1,40.28,40.28,2023-06-20,1,-0.0156,3.4364,-0.0118208989087091
prebreak,002402,2023-05-25,S,S,A,C,S,S,A,15.3247,15.56,15.0,0.56,,0,0.0,0.0,,0,0.0,0,0.0,0.0,,0,0.0,0,,,,0,,0.8285,0.0839385437251372
prebreak,600699,2023-05-25,S,S,A,C,S,S,A,14.9035,14.81,14.12,0.69,,1,14.81,14.9709,2023-06-01,0,0.2167,1,14.81,14.9901,2023-06-08,0,0.2446,1,14.81,14.81,2023-06-08,1,-0.0163,1.6034,0.1162971552284608
prebreak,601211,2023-05-25,S,S,A,C,S,S,A,13.0094,13.82,13.15,0.67,,0,0.0,0.0,,0,0.0,0,0.0,0.0,,0,0.0,0,,,,0,,4.8601,0.0845928310761314
prebreak,300470,2023-05-26,S,S,A,C,S,S,A,42.5408,42.98,41.21,1.77,,0,0.0,0.0,,0,0.0,0,0.0,0.0,,0,0.0,0,,,,0,,0.7528,0.066036488367877
prebreak,300777,2023-05-26,S,S,A,C,S,S,A,46.9203,48.47,46.57,1.9,,0,0.0,0.0,,0,0.0,0,0.0,0.0,,0,0.0,0,,,,0,,0.9015,0.3352533008510374
prebreak,601696,2023-05-26,S,S,A,C,S,S,A,10.7521,11.17,10.6,0.57,,0,0.0,0.0,,0,0.0,0,0.0,0.0,,0,0.0,0,,,,0,,5.5271,0.0583581709937581
prebreak,603070,2023-05-26,S,S,A,C,S,S,A,17.2979,15.81,15.26,0.55,,0,0.0,0.0,,0,0.0,0,0.0,0.0,,0,0.0,0,,,,0,,1.2986,0.0257812650289153
prebreak,002008,2023-05-29,S,S,A,C,S,S,A,24.0045,24.37,23.46,0.91,,0,0.0,0.0,,0,0.0,0,0.0,0.0,,0,0.0,0,,,,0,,0.9784,0.0097512846908236
prebreak,002428,2023-05-29,S,S,A,C,S,S,A,10.2711,10.57,10.07,0.5,,0,0.0,0.0,,0,0.0,0,0.0,0.0,,0,0.0,0,,,,0,,1.198,-5.987400990559166e-07
prebreak,600893,2023-05-29,S,S,A,C,S,S,A,39.7974,42.47,40.51,1.96,,0,0.0,0.0,,0,0.0,0,0.0,0.0,,0,0.0,0,,,,0,,2.3283,0.0819198646445915
prebreak,601995,2023-05-29,S,S,A,C,S,S,A,39.8659,41.46,39.59,1.87,,0,0.0,0.0,,0,0.0,0,0.0,0.0,,0,0.0,0,,,,0,,3.236,0.1777427890527645
prebreak,603160,2023-05-29,S,S,A,C,S,S,A,49.0087,49.72,48.0,1.72,,0,0.0,0.0,,0,0.0,0,0.0,0.0,,0,0.0,0,,,,0,,1.0496,-0.0028980648572909
prebreak,001289,2023-05-30,S,S,A,C,S,S,A,19.7599,18.2,17.32,0.88,,0,0.0,0.0,,0,0.0,0,0.0,0.0,,0,0.0,0,,,,0,,1.1079,0.0543863371364037
prebreak,002318,2023-05-30,S,S,A,C,S,S,A,14.6566,15.09,14.55,0.54,,0,0.0,0.0,,0,0.0,0,0.0,0.0,,0,0.0,0,,,,0,,0.9487,0.0979856620770334
prebreak,002407,2023-05-30,S,S,A,C,S,S,A,19.4031,20.44,19.49,0.95,,0,0.0,0.0,,0,0.0,0,0.0,0.0,,0,0.0,0,,,,0,,1.9617,0.5451538527226667
prebreak,688303,2023-05-31,S,S,A,C,S,S,A,42.0418,40.28,38.32,1.96,,0,0.0,0.0,,0,0.0,0,0.0,0.0,,0,0.0,0,,,,0,,1.4025,0.0116373586839624
prebreak,002773,2023-06-01,S,S,A,C,S,S,A,19.3885,16.39,15.53,0.86,,0,0.0,0.0,,0,0.0,0,0.0,0.0,,0,0.0,0,,,,0,,0.6033,-0.0323738026711825
prebreak,300424,2023-06-01,S,S,A,C,S,S,A,14.778,14.09,13.4,0.69,,0,0.0,0.0,,0,0.0,0,0.0,0.0,,0,0.0,0,,,,0,,1.3936,0.0633731979545171
prebreak,300900,2023-06-01,S,S,A,C,S,S,A,20.0852,20.92,19.8,1.12,,0,0.0,0.0,,0,0.0,0,0.0,0.0,,0,0.0,0,,,,0,,0.8918,0.066881774600471
prebreak,600089,2023-06-01,S,S,A,C,S,S,A,15.5532,16.03,15.45,0.58,,0,0.0,0.0,,0,0.0,0,0.0,0.0,,0,0.0,0,,,,0,,1.4191,-0.0221861915612867
prebreak,600699,2023-06-01,S,S,A,C,S,S,A,14.9709,14.81,14.12,0.69,,0,0.0,0.0,,0,0.0,0,0.0,0.0,,0,0.0,0,,,,0,,1.2264,0.030828331758905
prebreak,600803,2023-06-02,S,S,A,C,S,S,A,15.8326,16.51,15.84,0.67,,0,0.0,0.0,,0,0.0,0,0.0,0.0,,0,0.0,0,,,,0,,0.6097,0.066017038658364
prebreak,603070,2023-06-02,S,S,A,C,S,S,A,16.8884,15.81,15.26,0.55,,0,0.0,0.0,,0,0.0,0,0.0,0.0,,0,0.0,0,,,,0,,0.8525,0.0023962331089706
prebreak,002428,2023-06-05,S,S,A,C,S,S,A,10.301,10.57,10.07,0.5,,0,0.0,0.0,,0,0.0,0,0.0,0.0,,0,0.0,0,,,,0,,1.198,-5.987400990559166e-07
prebreak,002460,2023-06-05,S,S,A,C,S,S,A,61.3493,59.89,57.04,2.85,,0,0.0,0.0,,0,0.0,0,0.0,0.0,,0,0.0,0,,,,0,,0.6127,0.0040080783223017
prebreak,600893,2023-06-05,S,S,A,C,S,S,A,39.4222,42.47,40.51,1.96,,0,0.0,0.0,,0,0.0,0,0.0,0.0,,0,0.0,1,42.47,40.51,2023-07-20,1,-1.0158,2.3283,0.0819198646445915
prebreak,601995,2023-06-05,S,S,A,C,S,S,A,39.4732,40.97,39.3,1.67,,0,0.0,0.0,,0,0.0,0,0.0,0.0,,0,0.0,0,,,,0,,3.236,0.1638234941507901
prebreak,603160,2023-06-05,S,S,A,C,S,S,A,49.717,51.06,48.7,2.36,,0,0.0,0.0,,0,0.0,1,51.06,49.6874,2023-06-15,0,-0.5977,1,51.06,49.6874,2023-06-15,0,-0.5977,2.7396,0.0490153662194317
prebreak,688396,2023-06-05,S,S,A,C,S,S,A,54.7917,58.0,55.17,2.83,,0,0.0,0.0,,0,0.0,0,0.0,0.0,,0,0.0,0,,,,0,,1.6213,0.0594285011316855
prebreak,688586,2023-06-05,S,S,A,C,S,S,A,12.8174,13.34,12.73,0.61,,0,0.0,0.0,,0,0.0,1,13.34,13.3735,2023-06-19,0,0.0382,1,13.34,12.73,2023-07-17,1,-1.016,5.6144,0.0305729938079188
prebreak,000338,2023-06-07,S,S,A,C,S,S,A,10.0868,10.6,10.06,0.54,,0,0.0,0.0,,0,0.0,0,0.0,0.0,,0,0.0,0,,,,0,,1.0412,-0.0164512171224352
prebreak,300424,2023-06-08,S,S,A,C,S,S,A,13.7296,14.09,13.4,0.69,,0,0.0,0.0,,0,0.0,0,0.0,0.0,,0,0.0,0,,,,0,,1.0053,-0.0097570289925302
prebreak,300900,2023-06-08,S,S,A,C,S,S,A,19.2101,20.92,19.8,1.12,,0,0.0,0.0,,0,0.0,0,0.0,0.0,,0,0.0,0,,,,0,,0.8918,0.066881774600471
prebreak,600089,2023-06-08,S,S,A,C,S,S,A,15.2892,15.9,15.14,0.76,,1,15.9,15.7199,2023-06-13,0,-0.2527,1,15.9,15.7199,2023-06-13,0,-0.2527,1,15.9,15.7199,2023-06-13,0,-0.2527,2.2924,-0.0043818626326648
prebreak,600699,2023-06-08,S,S,A,C,S,S,A,14.9901,14.81,14.12,0.69,,1,14.81,16.8868,2023-06-15,0,2.9916,1,14.81,16.6268,2023-06-26,0,2.6151,1,14.81,19.1974,2023-07-14,0,6.3382,1.7643,0.0407911030638585
prebreak,002294,2023-06-09,S,S,A,C,S,S,A,31.8872,34.22,32.6,1.62,,0,0.0,0.0,,0,0.0,0,0.0,0.0,,0,0.0,0,,,,0,,2.6703,0.1682685281799769
prebreak,600803,2023-06-09,S,S,A,C,S,S,A,15.7998,16.51,15.84,0.67,,0,0.0,0.0,,0,0.0,0,0.0,0.0,,0,0.0,0,,,,0,,0.6097,0.066017038658364
prebreak,600893,2023-06-12,S,S,A,C,S,S,A,38.9185,39.89,38.46,1.43,,1,39.89,39.7444,2023-06-19,0,-0.123,1,39.89,40.9734,2023-06-28,0,0.7359,1,39.89,39.89,2023-07-21,1,-0.0212,1.988,-0.0393880102388886
prebreak,601995,2023-06-12,S,S,A,C,S,S,A,38.2461,39.72,38.01,1.71,,0,0.0,0.0,,0,0.0,0,0.0,0.0,,0,0.0,0,,,,0,,3.148,0.1183355191807513
prebreak,000062,2023-06-13,S,S,A,C,S,S,A,10.9893,11.52,10.99,0.53,,0,0.0,0.0,,0,0.0,0,0.0,0.0,,0,0.0,0,,,,0,,6.2455,0.032338013111461
prebreak,001289,2023-06-13,S,S,A,C,S,S,A,19.7791,18.2,17.32,0.88,,0,0.0,0.0,,0,0.0,0,0.0,0.0,,0,0.0,0,,,,0,,0.3059,0.0112013648175191
prebreak,603712,2023-06-13,S,S,A,C,S,S,A,27.278,30.3,28.99,1.31,,0,0.0,0.0,,0,0.0,0,0.0,0.0,,0,0.0,0,,,,0,,1.102,-0.0241985498525457
prebreak,000338,2023-06-14,S,S,A,C,S,S,A,10.5413,10.54,10.03,0.51,,0,0.0,0.0,,0,0.0,0,0.0,0.0,,0,0.0,0,,,,0,,0.9553,-0.0164345668152363
prebreak,002557,2023-06-15,S,S,A,C,S,S,A,37.3434,36.35,34.74,1.61,,0,0.0,0.0,,0,0.0,0,0.0,0.0,,0,0.0,0,,,,0,,1.441,-0.0024896789074964
prebreak,002773,2023-06-15,S,S,A,C,S,S,A,17.8258,16.44,15.83,0.61,,0,0.0,0.0,,0,0.0,0,0.0,0.0,,0,0.0,0,,,,0,,0.4887,0.0091367975560634
prebreak,300424,2023-06-15,S,S,A,C,S,S,A,13.9792,14.11,13.55,0.56,,0,0.0,0.0,,0,0.0,0,0.0,0.0,,0,0.0,0,,,,0,,1.0053,-0.0083514321564658
prebreak,301022,2023-06-15,S,S,A,C,S,S,A,25.7771,23.72,22.53,1.19,,1,23.72,26.4332,2023-06-26,0,2.2634,1,23.72,24.2433,2023-07-03,0,0.4243,1,23.72,23.72,2023-06-28,1,-0.0151,2.0076,0.0579457663599922
prebreak,600089,2023-06-15,S,S,A,C,S,S,A,15.6157,15.9,15.14,0.76,,0,0.0,0.0,,0,0.0,0,0.0,0.0,,0,0.0,1,15.9,15.14,2023-07-20,1,-1.0153,2.8858,0.005679304836337
prebreak,002465,2023-06-16,S,S,A,C,S,S,A,9.7757,9.91,9.4,0.51,,1,9.91,9.9224,2023-06-27,0,0.0095,1,9.91,10.0103,2023-07-04,0,0.1819,1,9.91,9.92,2023-07-12,1,0.0048,1.5536,0.0526845323633564
prebreak,002831,2023-06-16,S,S,A,C,S,S,A,15.9175,15.6,14.96,0.64,,1,15.6,15.5479,2023-06-27,0,-0.0999,1,15.6,16.1979,2023-07-04,0,0.915,1,15.6,16.06,2023-08-07,1,0.6998,1.5827,-0.0213412636016739
prebreak,600776,2023-06-16,S,S,A,C,S,S,A,11.5909,11.3,10.76,0.54,,0,0.0,0.0,,0,0.0,0,0.0,0.0,,0,0.0,0,,,,0,,1.4582,0.1186351149977116
prebreak,600803,2023-06-16,S,S,A,C,S,S,A,15.1918,15.99,15.18,0.81,,0,0.0,0.0,,0,0.0,0,0.0,0.0,,0,0.0,0,,,,0,,1.2991,-0.0389369864950521
prebreak,300627,2023-06-19,S,S,A,C,S,S,A,21.6983,19.96,19.02,0.94,,1,19.96,21.4369,2023-06-26,0,1.5541,1,19.96,21.4369,2023-06-26,0,1.5541,1,19.96,21.4369,2023-06-26,0,1.5541,2.2264,0.0119410465145917
prebreak,600893,2023-06-19,S,S,A,C,S,S,A,39.7444,39.89,38.46,1.43,,1,39.89,40.0417,2023-06-26,0,0.0848,1,39.89,40.0417,2023-06-26,0,0.0848,1,39.89,40.0417,2023-06-26,0,0.0848,1.9614,-0.0171840834682547
prebreak,603279,2023-06-19,S,S,A,C,S,S,A,25.4609,23.26,22.19,1.07,,0,0.0,0.0,,0,0.0,0,0.0,0.0,,0,0.0,0,,,,0,,1.3735,-0.0237186215393567
prebreak,688396,2023-06-19,S,S,A,C,S,S,A,53.5825,54.78,52.76,2.02,,0,0.0,0.0,,0,0.0,0,0.0,0.0,,0,0.0,0,,,,0,,1.0688,0.0181892712770401
prebreak,001207,2023-06-20,S,S,A,C,S,S,A,11.0019,10.87,10.32,0.55,,0,0.0,0.0,,0,0.0,0,0.0,0.0,,0,0.0,0,,,,0,,0.8755,0.0299225118732362
prebreak,002053,2023-06-20,S,S,A,C,S,S,A,10.281,10.78,10.22,0.56,,0,0.0,0.0,,0,0.0,1,10.78,10.7173,2023-07-05,0,-0.1265,1,10.78,10.7173,2023-07-05,0,-0.1265,1.6774,0.0672858161733478
prebreak,002831,2023-06-27,S,S,A,C,S,S,A,15.5479,16.0,15.38,0.62,,0,0.0,0.0,,0,0.0,0,0.0,0.0,,0,0.0,0,,,,0,,1.3628,0.0758734011774302
prebreak,300457,2023-06-27,S,S,A,C,S,S,A,16.6361,16.72,16.04,0.68,,0,0.0,0.0,,0,0.0,0,0.0,0.0,,0,0.0,0,,,,0,,0.8551,-0.0296529430690782
prebreak,600184,2023-06-27,S,S,A,C,S,S,A,12.8259,13.15,12.61,0.54,,0,0.0,0.0,,0,0.0,0,0.0,0.0,,0,0.0,0,,,,0,,1.0626,0.0595565570552107
prebreak,600585,2023-06-27,S,S,A,C,S,S,A,21.5954,22.46,21.45,1.01,,0,0.0,0.0,,0,0.0,0,0.0,0.0,,0,0.0,0,,,,0,,3.4204,0.0681439187412085
prebreak,600803,2023-06-27,S,S,A,C,S,S,A,16.1038,15.99,15.18,0.81,,0,0.0,0.0,,0,0.0,0,0.0,0.0,,0,0.0,0,,,,0,,0.9711,-0.0327273348173363
prebreak,000155,2023-06-28,S,S,A,C,S,S,A,13.8579,14.01,13.35,0.66,,0,0.0,0.0,,0,0.0,0,0.0,0.0,,0,0.0,0,,,,0,,1.227,0.0311812330971057
prebreak,002039,2023-06-28,S,S,A,C,S,S,A,13.6543,13.78,13.1,0.68,,0,0.0,0.0,,0,0.0,0,0.0,0.0,,0,0.0,0,,,,0,,3.3728,0.0184753755370079
prebreak,002438,2023-06-28,S,S,A,C,S,S,A,10.9507,10.85,10.35,0.5,,0,0.0,0.0,,0,0.0,0,0.0,0.0,,0,0.0,0,,,,0,,1.0334,-0.0251849272869996
prebreak,002984,2023-06-28,S,S,A,C,S,S,A,21.5659,21.42,20.51,0.91,,0,0.0,0.0,,0,0.0,0,0.0,0.0,,0,0.0,0,,,,0,,1.0407,0.069739568935353
prebreak,300627,2023-06-28,S,S,A,C,S,S,A,21.3132,19.96,19.02,0.94,,1,19.96,22.8193,2023-07-05,0,3.0238,1,19.96,22.4686,2023-07-12,0,2.6509,1,19.96,21.1137,2023-09-11,0,1.2104,1.7888,0.0201219407394899
prebreak,301160,2023-06-28,S,S,A,C,S,S,A,15.8973,15.8,14.97,0.83,,1,15.8,16.2004,2023-07-05,0,0.4677,1,15.8,16.1416,2023-07-12,0,0.3969,1,15.8,16.6709,2023-08-01,1,1.0342,3.1623,0.0007133149761182
prebreak,600285,2023-06-28,S,S,A,C,S,S,A,14.0401,14.24,13.51,0.73,,0,0.0,0.0,,0,0.0,0,0.0,0.0,,0,0.0,0,,,,0,,0.9513,-0.0249311020499926
prebreak,600862,2023-06-28,S,S,A,C,S,S,A,23.1342,23.3,22.36,0.94,,0,0.0,0.0,,0,0.0,0,0.0,0.0,,0,0.0,0,,,,0,,1.2903,0.0168731811262985
prebreak,600885,2023-06-28,S,S,A,C,S,S,A,21.737,22.17,21.25,0.92,,0,0.0,0.0,,0,0.0,0,0.0,0.0,,0,0.0,0,,,,0,,1.0122,0.0942127699511197
prebreak,600893,2023-06-28,S,S,A,C,S,S,A,40.9734,41.43,39.52,1.91,,1,41.43,42.1825,2023-07-05,0,0.3773,1,41.43,41.1518,2023-07-12,0,-0.1621,1,41.43,39.52,2023-07-28,1,-1.0159,2.3283,0.0554259475447476
prebreak,600993,2023-06-28,S,S,A,C,S,S,A,25.2265,25.78,24.52,1.26,,0,0.0,0.0,,0,0.0,0,0.0,0.0,,0,0.0,0,,,,0,,0.8177,-0.0985801399633904
prebreak,603266,2023-06-28,S,S,A,C,S,S,A,13.2149,13.34,12.82,0.52,,0,0.0,0.0,,0,0.0,0,0.0,0.0,,0,0.0,0,,,,0,,1.4668,0.0371035531894805
prebreak,688396,2023-06-28,S,S,A,C,S,S,A,51.8117,54.78,52.08,2.7,,0,0.0,0.0,,0,0.0,0,0.0,0.0,,0,0.0,0,,,,0,,1.0688,0.0181892712770401
prebreak,002891,2023-06-29,S,S,A,C,S,S,A,23.6111,23.26,22.26,1.0,,0,0.0,0.0,,0,0.0,0,0.0,0.0,,0,0.0,0,,,,0,,0.6293,0.0512356184714402
prebreak,600406,2023-06-29,S,S,A,C,S,S,A,21.6273,21.76,20.71,1.05,,0,0.0,0.0,,0,0.0,0,0.0,0.0,,0,0.0,0,,,,0,,0.8628,0.0392511946527862
prebreak,603013,2023-06-29,S,S,A,C,S,S,A,14.4643,14.45,13.73,0.72,,0,0.0,0.0,,0,0.0,0,0.0,0.0,,0,0.0,0,,,,0,,0.5965,0.0215471707733492
prebreak,002635,2023-06-30,S,S,A,C,S,S,A,13.1974,13.29,12.77,0.52,,0,0.0,0.0,,0,0.0,0,0.0,0.0,,0,0.0,0,,,,0,,1.12,0.0079357364245364
prebreak,600938,2023-06-30,S,S,A,C,S,S,A,15.3248,15.64,14.93,0.71,,0,0.0,0.0,,0,0.0,0,0.0,0.0,,0,0.0,0,,,,0,,1.2092,0.0436028731231594
prebreak,688778,2023-06-30,S,S,A,C,S,S,A,39.8216,41.84,39.77,2.07,,0,0.0,0.0,,0,0.0,0,0.0,0.0,,0,0.0,0,,,,0,,5.7406,0.4497906670832423
prebreak,002074,2023-07-03,S,S,A,C,S,S,A,27.6533,27.61,26.32,1.29,,0,0.0,0.0,,0,0.0,0,0.0,0.0,,0,0.0,0,,,,0,,0.7421,0.0285661755396886
prebreak,002773,2023-07-03,S,S,A,C,S,S,A,17.6674,17.59,16.7,0.89,,0,0.0,0.0,,0,0.0,0,0.0,0.0,,0,0.0,0,,,,0,,0.6865,-0.0809278046358694
prebreak,300424,2023-07-03,S,S,A,C,S,S,A,14.5783,14.37,13.72,0.65,,0,0.0,0.0,,0,0.0,0,0.0,0.0,,0,0.0,0,,,,0,,0.6341,-0.0033671117970001
prebreak,301022,2023-07-03,S,S,A,C,S,S,A,24.2433,23.72,22.53,1.19,,0,0.0,0.0,,0,0.0,0,0.0,0.0,,0,0.0,0,,,,0,,1.1521,0.0330927993079539
prebreak,600765,2023-07-03,S,S,A,C,S,S,A,26.4309,24.6,23.31,1.29,,0,0.0,0.0,,0,0.0,0,0.0,0.0,,0,0.0,0,,,,0,,1.0489,-0.0282427841036083
prebreak,601607,2023-07-03,S,S,A,C,S,S,A,20.069,21.56,20.57,0.99,,0,0.0,0.0,,0,0.0,0,0.0,0.0,,0,0.0,0,,,,0,,3.9685,0.2150068224856225
prebreak,603619,2023-07-03,S,S,A,C,S,S,A,15.95,15.79,15.01,0.78,,0,0.0,0.0,,0,0.0,0,0.0,0.0,,0,0.0,0,,,,0,,1.2268,0.0398072741366479
prebreak,002801,2023-07-04,S,S,A,C,S,S,A,26.0898,23.01,22.05,0.96,,0,0.0,0.0,,0,0.0,0,0.0,0.0,,0,0.0,0,,,,0,,0.947,-0.0206532570154477
prebreak,300457,2023-07-04,S,S,A,C,S,S,A,17.3285,16.72,16.04,0.68,,0,0.0,0.0,,0,0.0,0,0.0,0.0,,0,0.0,0,,,,0,,0.6779,-0.0280026929722569
prebreak,300855,2023-07-04,S,S,A,C,S,S,A,36.4916,34.17,32.4,1.77,,0,0.0,0.0,,0,0.0,0,0.0,0.0,,0,0.0,0,,,,0,,1.1023,0.0019063328636692
prebreak,600585,2023-07-04,S,S,A,C,S,S,A,21.2314,21.75,20.97,0.78,,0,0.0,0.0,,0,0.0,0,0.0,0.0,,0,0.0,1,21.75,22.42,2023-10-10,1,0.8372,3.75,0.0071575416026004
prebreak,000893,2023-07-06,S,S,A,C,S,S,A,24.3925,23.18,22.14,1.04,,0,0.0,0.0,,0,0.0,0,0.0,0.0,,0,0.0,0,,,,0,,0.9288,-0.0019501901666376
prebreak,002318,2023-07-06,S,S,A,C,S,S,A,15.6783,15.67,14.9,0.77,,0,0.0,0.0,,0,0.0,0,0.0,0.0,,0,0.0,0,,,,0,,0.6185,0.0811513408058866
prebreak,002891,2023-07-06,S,S,A,C,S,S,A,24.1061,23.26,22.26,1.0,,0,0.0,0.0,,0,0.0,0,0.0,0.0,,0,0.0,0,,,,0,,0.4524,0.0260347646039742
prebreak,600406,2023-07-06,S,S,A,C,S,S,A,21.7759,21.95,20.85,1.1,,0,0.0,0.0,,0,0.0,0,0.0,0.0,,0,0.0,0,,,,0,,1.1043,0.0879747648479394
prebreak,002635,2023-07-07,S,S,A,C,S,S,A,13.0444,13.47,12.94,0.53,,0,0.0,0.0,,0,0.0,0,0.0,0.0,,0,0.0,0,,,,0,,1.001,0.0501106124178529
prebreak,002815,2023-07-07,S,S,A,C,S,S,A,12.0463,12.11,11.55,0.56,,0,0.0,0.0,,0,0.0,0,0.0,0.0,,0,0.0,0,,,,0,,0.8781,0.0592199389450844
prebreak,003037,2023-07-07,S,S,A,C,S,S,A,12.2333,12.57,11.97,0.6,,1,12.57,12.4289,2023-07-12,0,-0.2509,1,12.57,12.4289,2023-07-12,0,-0.2509,1,12.57,12.4289,2023-07-12,0,-0.2509,1.5954,-0.0073909081889524
prebreak,301107,2023-07-07,S,S,A,C,S,S,A,16.6934,14.69,14.14,0.55,,1,14.69,18.2278,2023-07-14,0,6.408,1,14.69,15.5292,2023-07-21,0,1.5045,1,14.69,17.55,2023-07-17,1,5.1764,2.4506,0.0559256213702765
prebreak,600827,2023-07-07,S,S,A,C,S,S,A,12.026,13.01,12.38,0.63,,0,0.0,0.0,,0,0.0,0,0.0,0.0,,0,0.0,1,13.01,12.38,2023-08-14,1,-1.0151,2.8909,0.1102272296014803
prebreak,600938,2023-07-07,S,S,A,C,S,S,A,16.1537,15.64,14.93,0.71,,0,0.0,0.0,,0,0.0,0,0.0,0.0,,0,0.0,0,,,,0,,0.6138,0.0033989642833633
prebreak,603191,2023-07-07,S,S,A,C,S,S,A,18.61,18.22,17.24,0.98,,0,0.0,0.0,,0,0.0,0,0.0,0.0,,0,0.0,0,,,,0,,0.6256,0.0365046066026875
prebreak,688778,2023-07-07,S,S,A,C,S,S,A,38.1724,40.04,38.05,1.99,,0,0.0,0.0,,0,0.0,0,0.0,0.0,,0,0.0,0,,,,0,,5.7406,0.3874191756695273
prebreak,000009,2023-07-10,S,S,A,C,S,S,A,11.7102,11.98,11.37,0.61,,0,0.0,0.0,,0,0.0,0,0.0,0.0,,0,0.0,0,,,,0,,4.3238,0.0294604655470418
prebreak,002074,2023-07-10,S,S,A,C,S,S,A,27.2384,27.61,26.32,1.29,,0,0.0,0.0,,0,0.0,0,0.0,0.0,,0,0.0,0,,,,0,,1.2015,0.0470641809446736
prebreak,002773,2023-07-10,S,S,A,C,S,S,A,17.5929,17.59,16.7,0.89,,0,0.0,0.0,,0,0.0,0,0.0,0.0,,0,0.0,0,,,,0,,0.5203,-0.0373666165591618
prebreak,300683,2023-07-10,S,S,A,C,S,S,A,39.7759,37.76,35.96,1.8,,0,0.0,0.0,,0,0.0,0,0.0,0.0,,0,0.0,0,,,,0,,1.2449,0.0550616163911354
prebreak,600980,2023-07-10,S,S,A,C,S,S,A,15.4203,15.25,14.53,0.72,,0,0.0,0.0,,0,0.0,0,0.0,0.0,,0,0.0,0,,,,0,,0.8528,0.0588327702738162
prebreak,601607,2023-07-10,S,S,A,C,S,S,A,19.4339,20.13,19.08,1.05,,0,0.0,0.0,,0,0.0,0,0.0,0.0,,0,0.0,0,,,,0,,5.3433,0.1295613070774599
prebreak,000408,2023-07-11,S,S,A,C,S,S,A,20.6289,21.05,20.1,0.95,,0,0.0,0.0,,0,0.0,1,21.05,20.3689,2023-07-24,0,-0.7334,1,21.05,20.3689,2023-07-24,0,-0.7334,2.1227,0.0289103700515303
prebreak,300416,2023-07-11,S,S,A,C,S,S,A,20.3571,21.35,20.3,1.05,,0,0.0,0.0,,0,0.0,0,0.0,0.0,,0,0.0,0,,,,0,,2.4963,0.2367703343450224
prebreak,300772,2023-07-11,S,S,A,C,S,S,A,12.9865,13.24,12.6,0.64,,0,0.0,0.0,,0,0.0,0,0.0,0.0,,0,0.0,0,,,,0,,1.2329,0.070332749965335
prebreak,000893,2023-07-13,S,S,A,C,S,S,A,24.6918,25.09,24.0,1.09,,0,0.0,0.0,,0,0.0,0,0.0,0.0,,0,0.0,0,,,,0,,1.3413,0.0943907094149087
prebreak,002318,2023-07-13,S,S,A,C,S,S,A,15.5246,15.67,14.9,0.77,,0,0.0,0.0,,0,0.0,0,0.0,0.0,,0,0.0,0,,,,0,,0.7361,0.0580498164296925
prebreak,300629,2023-07-13,S,S,A,C,S,S,A,19.8431,21.22,20.18,1.04,,0,0.0,0.0,,0,0.0,1,21.22,20.7302,2023-07-27,0,-0.4861,1,21.22,20.5035,2023-07-31,0,-0.704,2.2684,0.0207137213484418
prebreak,002635,2023-07-14,S,S,A,C,S,S,A,13.4652,13.57,12.84,0.73,,0,0.0,0.0,,0,0.0,0,0.0,0.0,,0,0.0,0,,,,0,,1.8062,0.0342267342430429
prebreak,002815,2023-07-14,S,S,A,C,S,S,A,12.2571,12.38,11.78,0.6,,0,0.0,0.0,,0,0.0,0,0.0,0.0,,0,0.0,0,,,,0,,0.9022,0.0460107190871263
prebreak,600827,2023-07-14,S,S,A,C,S,S,A,11.8582,12.2,11.63,0.57,,0,0.0,0.0,,0,0.0,0,0.0,0.0,,0,0.0,0,,,,0,,0.717,-0.0461599029659547
prebreak,002402,2023-07-17,S,S,A,C,S,S,A,16.3587,17.1,16.25,0.85,,0,0.0,0.0,,0,0.0,0,0.0,0.0,,0,0.0,0,,,,0,,12.9156,0.652934008594662
prebreak,300046,2023-07-17,S,S,A,C,S,S,A,17.9609,18.14,17.32,0.82,,0,0.0,0.0,,0,0.0,0,0.0,0.0,,0,0.0,0,,,,0,,1.0715,0.0547971951086625
prebreak,300138,2023-07-17,S,S,A,C,S,S,A,15.8059,16.23,15.57,0.66,,0,0.0,0.0,,0,0.0,0,0.0,0.0,,0,0.0,0,,,,0,,0.5505,-0.0212539557308948
prebreak,300568,2023-07-17,S,S,A,C,S,S,A,16.2587,17.09,16.26,0.83,,0,0.0,0.0,,0,0.0,0,0.0,0.0,,0,0.0,0,,,,0,,3.116,0.2732921683031044
prebreak,605099,2023-07-17,S,S,A,C,S,S,A,22.7797,21.67,20.65,1.02,,0,0.0,0.0,,0,0.0,0,0.0,0.0,,0,0.0,0,,,,0,,0.8989,0.0462437919713323
prebreak,002683,2023-07-18,S,S,A,C,S,S,A,25.7917,26.66,25.47,1.19,,0,0.0,0.0,,0,0.0,0,0.0,0.0,,0,0.0,0,,,,0,,1.5759,0.3282183345664882
prebreak,300416,2023-07-18,S,S,A,C,S,S,A,18.91,21.35,20.3,1.05,,0,0.0,0.0,,0,0.0,0,0.0,0.0,,0,0.0,0,,,,0,,2.4963,0.2367703343450224
prebreak,300855,2023-07-18,S,S,A,C,S,S,A,33.5032,35.49,33.72,1.77,,0,0.0,0.0,,0,0.0,0,0.0,0.0,,0,0.0,0,,,,0,,1.4056,0.298364800672636
prebreak,000963,2023-07-19,S,S,A,C,S,S,A,40.6411,42.49,40.41,2.08,,0,0.0,0.0,,0,0.0,0,0.0,0.0,,0,0.0,0,,,,0,,0.9408,0.0823647323127916
prebreak,002984,2023-07-19,S,S,A,C,S,S,A,22.168,21.42,20.51,0.91,,0,0.0,0.0,,0,0.0,0,0.0,0.0,,0,0.0,0,,,,0,,1.1788,0.0263951779736288
prebreak,300523,2023-07-19,S,S,A,C,S,S,A,22.84,24.55,23.3,1.25,,0,0.0,0.0,,0,0.0,0,0.0,0.0,,0,0.0,0,,,,0,,5.8541,0.089658233466489
prebreak,600199,2023-07-19,S,S,A,C,S,S,A,24.99,25.89,24.76,1.13,,1,25.89,26.64,2023-07-26,0,0.6459,1,25.89,27.59,2023-08-02,0,1.4861,1,25.89,25.89,2023-08-14,1,-0.0174,2.6716,0.0532953620829943
prebreak,601688,2023-07-19,S,S,A,C,S,S,A,13.3913,13.45,12.9,0.55,,0,0.0,0.0,,0,0.0,0,0.0,0.0,,0,0.0,0,,,,0,,1.2691,0.0442163288168695
prebreak,603206,2023-07-19,S,S,A,C,S,S,A,17.3919,17.14,16.28,0.86,,0,0.0,0.0,,0,0.0,0,0.0,0.0,,0,0.0,0,,,,0,,1.1099,-0.0105753231133307
prebreak,002635,2023-07-21,S,S,A,C,S,S,A,12.8627,13.66,12.96,0.7,,0,0.0,0.0,,0,0.0,0,0.0,0.0,,0,0.0,0,,,,0,,1.9283,0.038059599682882
prebreak,002815,2023-07-21,S,S,A,C,S,S,A,11.5288,12.47,11.96,0.51,,0,0.0,0.0,,0,0.0,0,0.0,0.0,,0,0.0,0,,,,0,,1.4052,0.1825419723607053
prebreak,600206,2023-07-21,S,S,A,C,S,S,A,12.7298,13.26,12.58,0.68,,0,0.0,0.0,,0,0.0,0,0.0,0.0,,0,0.0,0,,,,0,,5.5826,0.1007360863102948
prebreak,600827,2023-07-21,S,S,A,C,S,S,A,12.0446,12.16,11.53,0.63,,0,0.0,0.0,,0,0.0,0,0.0,0.0,,0,0.0,0,,,,0,,0.717,-0.0492872475463941
prebreak,300390,2023-07-24,S,S,A,C,S,S,A,28.9218,32.64,31.31,1.33,,0,0.0,0.0,,0,0.0,0,0.0,0.0,,0,0.0,0,,,,0,,2.4517,0.4284463894967176
prebreak,300400,2023-07-24,S,S,A,C,S,S,A,14.5373,15.05,14.47,0.58,,0,0.0,0.0,,0,0.0,0,0.0,0.0,,0,0.0,0,,,,0,,5.1897,0.072752370772509
prebreak,600096,2023-07-24,S,S,A,C,S,S,A,15.429,15.27,14.62,0.65,,0,0.0,0.0,,0,0.0,0,0.0,0.0,,0,0.0,0,,,,0,,1.3603,0.0395255478711928
prebreak,601966,2023-07-24,S,S,A,C,S,S,A,22.3525,21.66,20.57,1.09,,1,21.66,21.8892,2023-07-27,0,0.195,1,21.66,21.8892,2023-07-27,0,0.195,1,21.66,21.8892,2023-07-27,0,0.195,1.649,0.0300188808199626
prebreak,002273,2023-07-25,S,S,A,C,S,S,A,11.3434,11.63,11.1,0.53,,0,0.0,0.0,,0,0.0,0,0.0,0.0,,0,0.0,0,,,,0,,3.7424,0.1328416296592163
prebreak,002683,2023-07-25,S,S,A,C,S,S,A,24.9311,26.41,25.32,1.09,,0,0.0,0.0,,0,0.0,0,0.0,0.0,,0,0.0,0,,,,0,,1.5759,0.3157631738897581
prebreak,300384,2023-07-25,S,S,A,C,S,S,A,15.7451,16.04,15.26,0.78,,1,16.04,16.0035,2023-08-01,0,-0.0624,1,16.04,15.902,2023-08-02,0,-0.1924,1,16.04,15.902,2023-08-02,0,-0.1924,3.046,0.0438860031738035
prebreak,300855,2023-07-25,S,S,A,C,S,S,A,34.2988,35.49,33.72,1.77,,0,0.0,0.0,,0,0.0,0,0.0,0.0,,0,0.0,0,,,,0,,1.4056,0.298364800672636
prebreak,600161,2023-07-25,S,S,A,C,S,S,A,20.7613,20.96,19.93,1.03,,0,0.0,0.0,,0,0.0,0,0.0,0.0,,0,0.0,0,,,,0,,0.5814,-0.027019526908979
prebreak,600438,2023-07-25,S,S,A,C,S,S,A,32.8457,33.22,31.64,1.58,,0,0.0,0.0,,0,0.0,0,0.0,0.0,,0,0.0,0,,,,0,,0.7907,0.0072812334698799
prebreak,603078,2023-07-25,S,S,A,C,S,S,A,16.0927,16.66,15.96,0.7,,0,0.0,0.0,,0,0.0,0,0.0,0.0,,0,0.0,0,,,,0,,2.8212,0.0448470559490883
prebreak,605167,2023-07-25,S,S,A,C,S,S,A,9.7574,9.6,9.09,0.51,,0,0.0,0.0,,0,0.0,0,0.0,0.0,,0,0.0,0,,,,0,,0.5477,0.0515050386375235
prebreak,000963,2023-07-26,S,S,A,C,S,S,A,41.7375,41.69,39.81,1.88,,0,0.0,0.0,,0,0.0,0,0.0,0.0,,0,0.0,0,,,,0,,0.4258,0.0432203916999067
prebreak,002984,2023-07-26,S,S,A,C,S,S,A,23.2503,21.72,20.84,0.88,,0,0.0,0.0,,0,0.0,0,0.0,0.0,,0,0.0,0,,,,0,,0.9284,0.0248250465636961
prebreak,600199,2023-07-26,S,S,A,C,S,S,A,26.64,25.84,24.76,1.08,,0,0.0,0.0,,0,0.0,0,0.0,0.0,,0,0.0,0,,,,0,,0.9226,0.0838926174496643
prebreak,600862,2023-07-26,S,S,A,C,S,S,A,23.7479,23.87,22.74,1.13,,0,0.0,0.0,,0,0.0,0,0.0,0.0,,0,0.0,0,,,,0,,0.9832,0.0281561950748707
prebreak,000651,2023-07-28,S,S,A,C,S,S,A,32.5712,31.79,30.55,1.24,,0,0.0,0.0,,0,0.0,0,0.0,0.0,,0,0.0,0,,,,0,,1.2866,0.0125521140927213
prebreak,002815,2023-07-28,S,S,A,C,S,S,A,11.5575,12.02,11.42,0.6,,0,0.0,0.0,,0,0.0,0,0.0,0.0,,0,0.0,0,,,,0,,1.3632,0.283097536358158
prebreak,600827,2023-07-28,S,S,A,C,S,S,A,12.4268,12.34,11.8,0.54,,0,0.0,0.0,,0,0.0,0,0.0,0.0,,0,0.0,0,,,,0,,1.445,-0.0245496523168896
prebreak,301029,2023-07-31,S,S,A,C,S,S,A,37.4691,37.81,35.99,1.82,,1,37.81,37.061,2023-08-04,0,-0.4271,1,37.81,37.061,2023-08-04,0,-0.4271,1,37.81,37.061,2023-08-04,0,-0.4271,2.0756,-0.0852085772218336
prebreak,002273,2023-08-01,S,S,A,C,S,S,A,10.943,11.63,11.1,0.53,,0,0.0,0.0,,0,0.0,0,0.0,0.0,,0,0.0,0,,,,0,,3.7424,0.1328416296592163
prebreak,002683,2023-08-01,S,S,A,C,S,S,A,25.0995,25.62,24.46,1.16,,0,0.0,0.0,,0,0.0,0,0.0,0.0,,0,0.0,0,,,,0,,3.8704,0.354763561638002
prebreak,300384,2023-08-01,S,S,A,C,S,S,A,16.0035,16.04,15.26,0.78,,1,16.04,16.0774,2023-08-08,0,0.0322,1,16.04,15.26,2023-08-14,1,-1.015,1,16.04,15.26,2023-08-14,1,-1.015,1.5599,0.0475899156628885
prebreak,300855,2023-08-01,S,S,A,C,S,S,A,31.9217,35.49,33.72,1.77,,0,0.0,0.0,,0,0.0,0,0.0,0.0,,0,0.0,0,,,,0,,1.4056,0.298364800672636
prebreak,600161,2023-08-01,S,S,A,C,S,S,A,20.476,21.13,20.25,0.88,,0,0.0,0.0,,0,0.0,0,0.0,0.0,,0,0.0,0,,,,0,,1.7852,0.0486359767440811
prebreak,000025,2023-08-02,S,S,A,C,S,S,A,16.9834,17.16,16.44,0.72,,0,0.0,0.0,,0,0.0,0,0.0,0.0,,0,0.0,0,,,,0,,0.8843,-0.0030337472031043
prebreak,000963,2023-08-02,S,S,A,C,S,S,A,38.5133,42.68,40.39,2.29,,0,0.0,0.0,,0,0.0,0,0.0,0.0,,0,0.0,0,,,,0,,1.5857,0.1902613279081624
prebreak,600009,2023-08-02,S,S,A,C,S,S,A,45.5348,43.95,41.98,1.97,,0,0.0,0.0,,0,0.0,0,0.0,0.0,,0,0.0,0,,,,0,,0.9247,-0.0177029943979962
prebreak,600862,2023-08-02,S,S,A,C,S,S,A,23.429,24.15,23.06,1.09,2023-08-25（报告期 2023-06-30 00:00:00）,0,0.0,0.0,,0,0.0,0,0.0,0.0,,0,0.0,1,24.15,23.06,2023-08-28,1,-1.0162,1.8592,0.0476312206626148
prebreak,600872,2023-08-02,S,S,A,C,S,S,A,32.6523,34.23,32.51,1.72,,0,0.0,0.0,,0,0.0,0,0.0,0.0,,0,0.0,0,,,,0,,,
prebreak,601318,2023-08-02,S,S,A,C,S,S,A,44.2116,41.61,39.91,1.7,,0,0.0,0.0,,0,0.0,0,0.0,0.0,,0,0.0,0,,,,0,,1.1684,0.0229345836013181
prebreak,688799,2023-08-02,S,S,A,C,S,S,A,28.9688,29.45,27.95,1.5,,0,0.0,0.0,,0,0.0,0,0.0,0.0,,0,0.0,0,,,,0,,2.7561,0.0944208711068483
prebreak,002508,2023-08-03,S,S,A,C,S,S,A,24.7146,22.37,21.29,1.08,,0,0.0,0.0,,0,0.0,0,0.0,0.0,,0,0.0,0,,,,0,,0.7462,0.0409018105722693
prebreak,300207,2023-08-03,S,S,A,C,S,S,A,16.089,15.85,15.15,0.7,,0,0.0,0.0,,0,0.0,0,0.0,0.0,,0,0.0,0,,,,0,,1.117,0.0071857839461995
prebreak,300244,2023-08-03,S,S,A,C,S,S,A,21.0506,22.17,21.3,0.87,,0,0.0,0.0,,0,0.0,0,0.0,0.0,,0,0.0,0,,,,0,,3.9308,0.0590397101699564
prebreak,300316,2023-08-03,S,S,A,C,S,S,A,59.159,60.59,58.11,2.48,,0,0.0,0.0,,0,0.0,0,0.0,0.0,,0,0.0,0,,,,0,,2.3662,0.5734341104711476
prebreak,300872,2023-08-03,S,S,A,C,S,S,A,15.0706,15.15,14.35,0.8,,1,15.15,15.8747,2023-08-10,0,0.891,1,15.15,14.6933,2023-08-17,0,-0.5849,1,15.15,15.15,2023-08-14,1,-0.0144,3.9083,0.0193717259410952
prebreak,600004,2023-08-03,S,S,A,C,S,S,A,13.2504,13.31,12.74,0.57,,0,0.0,0.0,,0,0.0,0,0.0,0.0,,0,0.0,0,,,,0,,0.8455,-0.0558114235152343
prebreak,603087,2023-08-03,S,S,A,C,S,S,A,41.0518,37.27,35.63,1.64,,0,0.0,0.0,,0,0.0,0,0.0,0.0,,0,0.0,0,,,,0,,0.9192,0.038364914982311
prebreak,300206,2023-08-04,S,S,A,C,S,S,A,12.1129,13.83,13.22,0.61,,0,0.0,0.0,,0,0.0,0,0.0,0.0,,0,0.0,0,,,,0,,6.9776,0.3438344715577108
prebreak,600547,2023-08-04,S,S,A,C,S,S,A,23.8172,24.49,23.47,1.02,,0,0.0,0.0,,0,0.0,0,0.0,0.0,,0,0.0,0,,,,0,,1.419,0.0091671222654423
prebreak,603607,2023-08-04,S,S,A,C,S,S,A,13.5831,13.61,13.05,0.56,,0,0.0,0.0,,0,0.0,0,0.0,0.0,,0,0.0,0,,,,0,,1.333,0.0151068064161463
prebreak,002465,2023-08-08,S,S,A,C,S,S,A,10.245,10.34,9.83,0.51,2023-08-25（报告期 2023-06-30 00:00:00）,0,0.0,0.0,,0,0.0,0,0.0,0.0,,0,0.0,1,10.34,10.157,2023-09-01,0,-0.374,8.4003,0.0189997079928929
prebreak,002568,2023-08-08,S,S,A,C,S,S,A,35.1475,35.43,33.94,1.49,,0,0.0,0.0,,0,0.0,0,0.0,0.0,,0,0.0,0,,,,0,,,
prebreak,300463,2023-08-08,S,S,A,C,S,S,A,14.5289,15.15,14.43,0.72,,0,0.0,0.0,,0,0.0,0,0.0,0.0,,0,0.0,0,,,,0,,1.4377,0.0873872296089648
prebreak,300855,2023-08-08,S,S,A,C,S,S,A,32.0575,35.49,33.72,1.77,,0,0.0,0.0,,0,0.0,0,0.0,0.0,,0,0.0,0,,,,0,,1.4056,0.298364800672636
prebreak,600161,2023-08-08,S,S,A,C,S,S,A,19.9462,21.05,20.04,1.01,,0,0.0,0.0,,0,0.0,0,0.0,0.0,,0,0.0,0,,,,0,,1.7852,0.0446657506134837
prebreak,300244,2023-08-10,S,S,A,C,S,S,A,20.5935,21.36,20.3,1.06,,0,0.0,0.0,,0,0.0,0,0.0,0.0,,0,0.0,0,,,,0,,1.3723,0.0560611822160834
prebreak,300619,2023-08-10,S,S,A,C,S,S,A,32.0422,29.96,28.51,1.45,,1,29.96,28.51,2023-08-15,1,-1.0151,1,29.96,28.51,2023-08-15,1,-1.0151,1,29.96,28.51,2023-08-15,1,-1.0151,1.6274,-0.0084124782613584
prebreak,300872,2023-08-10,S,S,A,C,S,S,A,15.8747,15.15,14.35,0.8,,0,0.0,0.0,,0,0.0,0,0.0,0.0,,0,0.0,0,,,,0,,1.4729,-0.0006552234880029
prebreak,603087,2023-08-10,S,S,A,C,S,S,A,39.9592,40.66,38.54,2.12,,0,0.0,0.0,,0,0.0,0,0.0,0.0,,0,0.0,0,,,,0,,0.9789,0.0325127082638374
prebreak,000722,2023-08-17,S,S,A,C,S,S,A,11.379,12.08,11.54,0.54,,0,0.0,0.0,,0,0.0,0,0.0,0.0,,0,0.0,0,,,,0,,3.339,0.3164325376548551
prebreak,000998,2023-08-17,S,S,A,C,S,S,A,15.4679,16.4,15.78,0.62,,0,0.0,0.0,,0,0.0,0,0.0,0.0,,0,0.0,0,,,,0,,5.2424,0.1441161791773804
prebreak,002352,2023-08-17,S,S,A,C,S,S,A,42.963,45.32,43.03,2.29,,0,0.0,0.0,,0,0.0,0,0.0,0.0,,0,0.0,0,,,,0,,6.9242,0.3288462948643857
prebreak,300619,2023-08-17,S,S,A,C,S,S,A,28.4539,29.96,28.51,1.45,,0,0.0,0.0,,0,0.0,0,0.0,0.0,,0,0.0,0,,,,0,,2.8062,0.4254070799136837
prebreak,300685,2023-08-17,S,S,A,C,S,S,A,22.8092,24.19,23.13,1.06,,0,0.0,0.0,,0,0.0,0,0.0,0.0,,0,0.0,0,,,,0,,4.4114,0.331852346086487
prebreak,300872,2023-08-17,S,S,A,C,S,S,A,14.6933,15.15,14.35,0.8,,0,0.0,0.0,,0,0.0,1,15.15,14.35,2023-08-29,1,-1.0138,1,15.15,14.35,2023-08-29,1,-1.0138,1.9368,0.0241607206267244
prebreak,600316,2023-08-17,S,S,A,C,S,S,A,22.1869,22.45,21.43,1.02,,1,22.45,21.43,2023-08-21,1,-1.0161,1,22.45,21.43,2023-08-21,1,-1.0161,1,22.45,21.43,2023-08-21,1,-1.0161,1.8048,0.0173496237791384
prebreak,600406,2023-08-17,S,S,A,C,S,S,A,21.5252,22.96,21.87,1.09,,0,0.0,0.0,,0,0.0,0,0.0,0.0,,0,0.0,0,,,,0,,1.5916,0.1801960428046736
prebreak,000408,2023-08-22,S,S,A,C,S,S,A,20.9247,21.67,20.65,1.02,,0,0.0,0.0,,0,0.0,1,21.67,22.5629,2023-09-05,0,0.8587,1,21.67,20.65,2023-10-11,1,-1.0155,3.0252,-0.0081534971096617
prebreak,300012,2023-08-22,S,S,A,C,S,S,A,18.6463,19.99,19.27,0.72,,1,19.99,19.27,2023-08-29,1,-1.0205,1,19.99,19.27,2023-08-29,1,-1.0205,1,19.99,19.27,2023-08-29,1,-1.0205,2.045,0.0251251911762446
prebreak,300416,2023-08-22,S,S,A,C,S,S,A,16.1614,16.93,16.1,0.83,,0,0.0,0.0,,0,0.0,0,0.0,0.0,,0,0.0,0,,,,0,,1.322,-0.0027812904158701
prebreak,300463,2023-08-22,S,S,A,C,S,S,A,14.0009,14.97,14.24,0.73,,0,0.0,0.0,,0,0.0,0,0.0,0.0,,0,0.0,0,,,,0,,1.1429,0.0537622730631668
prebreak,300855,2023-08-22,S,S,A,C,S,S,A,31.9799,33.38,31.76,1.62,,0,0.0,0.0,,0,0.0,0,0.0,0.0,,0,0.0,0,,,,0,,1.182,0.0208605838485094
prebreak,600055,2023-08-22,S,S,A,C,S,S,A,17.3711,18.76,17.89,0.87,2023-08-29（报告期 2023-06-30 00:00:00）,1,18.76,18.758,2023-08-29,0,-0.0187,1,18.76,18.4531,2023-08-31,0,-0.3689,1,18.76,18.4531,2023-08-31,0,-0.3689,2.9472,-0.0525572053107351
prebreak,600585,2023-08-22,S,S,A,C,S,S,A,23.1583,23.39,22.26,1.13,,0,0.0,0.0,,0,0.0,0,0.0,0.0,,0,0.0,0,,,,0,,0.8804,0.0170262820244493
prebreak,603393,2023-08-22,S,S,A,C,S,S,A,24.4254,26.96,25.62,1.34,2023-08-30（报告期 2023-06-30 00:00:00）,0,0.0,0.0,,0,0.0,0,0.0,0.0,,0,0.0,1,26.96,26.96,2023-10-23,1,-0.0153,3.1071,0.1086473553789626
prebreak,300408,2023-08-24,S,S,A,C,S,S,A,29.1317,31.69,30.12,1.57,2023-08-30（报告期 2023-06-30 00:00:00）,1,31.69,31.2536,2023-08-31,0,-0.2931,1,31.69,31.0784,2023-09-04,0,-0.4047,1,31.69,31.0784,2023-09-04,0,-0.4047,1.6987,0.0017964974804061
prebreak,300685,2023-08-24,S,S,A,C,S,S,A,21.0223,24.19,23.13,1.06,,0,0.0,0.0,,0,0.0,0,0.0,0.0,,0,0.0,0,,,,0,,4.4114,0.331852346086487
prebreak,300869,2023-08-24,S,S,A,C,S,S,A,20.3414,22.65,21.57,1.08,,0,0.0,0.0,,0,0.0,0,0.0,0.0,,0,0.0,0,,,,0,,5.3465,0.0999437882779679
prebreak,600196,2023-08-24,S,S,A,C,S,S,A,26.7249,28.63,27.55,1.08,,0,0.0,0.0,,0,0.0,0,0.0,0.0,,0,0.0,0,,,,0,,6.5232,0.3076029153733775
prebreak,600316,2023-08-24,S,S,A,C,S,S,A,20.6998,22.45,21.43,1.02,,0,0.0,0.0,,0,0.0,0,0.0,0.0,,0,0.0,0,,,,0,,8.682,0.0824639163501803
prebreak,600406,2023-08-24,S,S,A,C,S,S,A,21.0795,21.76,20.86,0.9,,0,0.0,0.0,,0,0.0,0,0.0,0.0,,0,0.0,0,,,,0,,1.3541,-0.036478038132944
prebreak,603087,2023-08-24,S,S,A,C,S,S,A,39.6742,40.93,38.91,2.02,,0,0.0,0.0,,0,0.0,0,0.0,0.0,,0,0.0,0,,,,0,,1.2675,-0.0451718375331239
prebreak,002402,2023-08-28,S,S,A,C,S,S,A,13.6664,16.1,15.41,0.69,,0,0.0,0.0,,0,0.0,0,0.0,0.0,,0,0.0,0,,,,0,,0.4096,0.5503481898430145
prebreak,301126,2023-08-28,S,S,A,C,S,S,A,12.2955,13.64,12.95,0.69,,0,0.0,0.0,,0,0.0,0,0.0,0.0,,0,0.0,0,,,,0,,4.5419,0.0698546346475832
prebreak,600031,2023-08-28,S,S,A,C,S,S,A,14.7045,15.27,14.53,0.74,2023-08-31（报告期 2023-06-30 00:00:00）,1,15.27,16.1211,2023-09-04,0,1.1337,1,15.27,15.8472,2023-09-06,0,0.7638,1,15.27,15.8472,2023-09-06,0,0.7638,3.4165,-0.0702238926448458
prebreak,600089,2023-08-28,S,S,A,C,S,S,A,14.0577,14.35,13.65,0.7,,0,0.0,0.0,,0,0.0,0,0.0,0.0,,0,0.0,0,,,,0,,1.1741,0.0404756249556728
prebreak,000408,2023-08-29,S,S,A,C,S,S,A,21.021,21.3,20.31,0.99,,1,21.3,22.5629,2023-09-05,0,1.2585,1,21.3,21.9963,2023-09-12,0,0.6865,1,21.3,20.31,2023-10-18,1,-1.0157,3.0252,-0.0250885781465526
prebreak,300015,2023-08-29,S,S,A,C,S,S,A,17.6384,17.8,16.89,0.91,,0,0.0,0.0,,0,0.0,0,0.0,0.0,,0,0.0,0,,,,0,,0.7568,-0.045259228964577
prebreak,300482,2023-08-29,S,S,A,C,S,S,A,23.5151,25.79,24.49,1.3,,0,0.0,0.0,,0,0.0,0,0.0,0.0,,0,0.0,0,,,,0,,1.7452,0.0469658584315186
prebreak,300813,2023-08-29,S,S,A,C,S,S,A,26.7777,27.83,26.74,1.09,,0,0.0,0.0,,0,0.0,0,0.0,0.0,,0,0.0,0,,,,0,,2.9031,0.1377397625324896
prebreak,300855,2023-08-29,S,S,A,C,S,S,A,32.8628,33.38,31.76,1.62,,0,0.0,0.0,,0,0.0,0,0.0,0.0,,0,0.0,0,,,,0,,1.182,0.0208605838485094
prebreak,600048,2023-08-29,S,S,A,C,S,S,A,13.4139,13.25,12.61,0.64,,0,0.0,0.0,,0,0.0,0,0.0,0.0,,0,0.0,0,,,,0,,1.4929,0.0100710805454184
prebreak,603393,2023-08-29,S,S,A,C,S,S,A,25.1676,26.96,25.62,1.34,2023-08-30（报告期 2023-06-30 00:00:00）,0,0.0,0.0,,0,0.0,1,26.96,28.3025,2023-09-12,0,0.986,1,26.96,26.96,2023-10-23,1,-0.0153,3.1071,0.1086473553789626
prebreak,603858,2023-08-29,S,S,A,C,S,S,A,16.9329,18.58,17.8,0.78,,0,0.0,0.0,,0,0.0,0,0.0,0.0,,0,0.0,0,,,,0,,6.4471,0.2858778381093589
prebreak,000768,2023-08-30,S,S,A,C,S,S,A,23.417,24.98,23.79,1.19,,0,0.0,0.0,,0,0.0,0,0.0,0.0,,0,0.0,0,,,,0,,1.9441,0.0938631496281219
prebreak,002205,2023-08-30,S,S,A,C,S,S,A,10.34,10.95,10.41,0.54,,0,0.0,0.0,,0,0.0,0,0.0,0.0,,0,0.0,0,,,,0,,1.9231,0.0631067961165046
prebreak,002657,2023-08-30,S,S,A,C,S,S,A,15.72,17.41,16.51,0.9,,0,0.0,0.0,,0,0.0,0,0.0,0.0,,0,0.0,0,,,,0,,7.8706,0.1181759794476557
prebreak,002867,2023-08-30,S,S,A,C,S,S,A,13.6795,13.77,13.15,0.62,,0,0.0,0.0,,0,0.0,0,0.0,0.0,,0,0.0,0,,,,0,,1.1716,0.0336055168093449
prebreak,002925,2023-08-30,S,S,A,C,S,S,A,16.642,16.86,16.28,0.58,,0,0.0,0.0,,0,0.0,0,0.0,0.0,,0,0.0,0,,,,0,,0.6913,-0.0554255202646409
prebreak,300702,2023-08-30,S,S,A,C,S,S,A,20.7195,23.35,22.31,1.04,,0,0.0,0.0,,0,0.0,0,0.0,0.0,,0,0.0,0,,,,0,,3.3148,0.1506629817211628
prebreak,301160,2023-08-30,S,S,A,C,S,S,A,16.1597,16.29,15.57,0.72,,0,0.0,0.0,,0,0.0,0,0.0,0.0,,0,0.0,0,,,,0,,0.5928,0.0244099150900078
prebreak,600862,2023-08-30,S,S,A,C,S,S,A,23.6899,23.91,22.71,1.2,,1,23.91,24.4632,2023-09-06,0,0.4455,1,23.91,23.8446,2023-09-13,0,-0.0696,1,23.91,23.92,2023-10-12,1,-0.0068,1.636,0.0023377833236499
prebreak,600927,2023-08-30,S,S,A,C,S,S,A,16.41,17.88,17.04,0.84,,0,0.0,0.0,,0,0.0,0,0.0,0.0,,0,0.0,0,,,,0,,4.4704,0.224931493412344
prebreak,603195,2023-08-30,S,S,A,C,S,S,A,46.7006,46.03,44.02,2.01,,1,46.03,47.1396,2023-09-06,0,0.5343,1,46.03,46.0266,2023-09-13,0,-0.0191,1,46.03,44.02,2023-10-20,1,-1.0168,3.5574,0.0217290745047404
prebreak,603511,2023-08-30,S,S,A,C,S,S,A,15.9507,15.31,14.55,0.76,,0,0.0,0.0,,0,0.0,0,0.0,0.0,,0,0.0,0,,,,0,,1.3736,0.0118356065377129
prebreak,603610,2023-08-30,S,S,A,C,S,S,A,10.9706,10.58,10.08,0.5,,0,0.0,0.0,,0,0.0,0,0.0,0.0,,0,0.0,0,,,,0,,0.7115,-0.0070236046160212
prebreak,688187,2023-08-30,S,S,A,C,S,S,A,41.6322,42.55,40.35,2.2,,0,0.0,0.0,,0,0.0,0,0.0,0.0,,0,0.0,0,,,,0,,2.7064,0.2710788616247801
prebreak,688799,2023-08-30,S,S,A,C,S,S,A,28.6525,27.24,26.11,1.13,,0,0.0,0.0,,0,0.0,0,0.0,0.0,,0,0.0,0,,,,0,,0.8436,-0.0616399658257145
prebreak,001202,2023-08-31,S,S,A,C,S,S,A,12.3759,11.75,11.23,0.52,,0,0.0,0.0,,0,0.0,0,0.0,0.0,,0,0.0,0,,,,0,,0.7542,0.0138666726744316
prebreak,001206,2023-08-31,S,S,A,C,S,S,A,13.5382,13.35,12.83,0.52,,0,0.0,0.0,,0,0.0,0,0.0,0.0,,0,0.0,0,,,,0,,0.8797,-0.000966457255381
prebreak,300408,2023-08-31,S,S,A,C,S,S,A,31.2536,31.69,30.12,1.57,,0,0.0,0.0,,0,0.0,0,0.0,0.0,,0,0.0,0,,,,0,,1.9669,0.0222413239595979
prebreak,300685,2023-08-31,S,S,A,C,S,S,A,22.8092,24.19,23.13,1.06,,0,0.0,0.0,,0,0.0,0,0.0,0.0,,0,0.0,0,,,,0,,4.4114,0.331852346086487
prebreak,300809,2023-08-31,S,S,A,C,S,S,A,20.5381,21.11,20.18,0.93,,0,0.0,0.0,,0,0.0,1,21.11,20.7257,2023-09-14,0,-0.4302,1,21.11,20.18,2023-09-18,1,-1.0166,3.0943,0.0505727447927724
prebreak,300869,2023-08-31,S,S,A,C,S,S,A,20.6787,22.65,21.57,1.08,,0,0.0,0.0,,0,0.0,0,0.0,0.0,,0,0.0,0,,,,0,,5.3465,0.0999437882779679
prebreak,300872,2023-08-31,S,S,A,C,S,S,A,15.0408,16.18,15.44,0.74,,0,0.0,0.0,,0,0.0,0,0.0,0.0,,0,0.0,0,,,,0,,6.3581,0.4573977521457906
prebreak,600196,2023-08-31,S,S,A,C,S,S,A,26.8209,27.68,26.26,1.42,,0,0.0,0.0,,0,0.0,0,0.0,0.0,,0,0.0,0,,,,0,,1.2078,0.0290824712176158
prebreak,600316,2023-08-31,S,S,A,C,S,S,A,21.2787,22.45,21.43,1.02,,0,0.0,0.0,,0,0.0,0,0.0,0.0,,0,0.0,0,,,,0,,8.682,0.0824639163501803
prebreak,603013,2023-08-31,S,S,A,C,S,S,A,14.2868,13.76,13.14,0.62,,0,0.0,0.0,,0,0.0,0,0.0,0.0,,0,0.0,0,,,,0,,0.906,-0.0149678759629914
prebreak,603369,2023-08-31,S,S,A,C,S,S,A,54.7992,55.92,53.52,2.4,,0,0.0,0.0,,0,0.0,0,0.0,0.0,,0,0.0,0,,,,0,,1.1841,-0.0020392401595765
prebreak,000513,2023-09-01,S,S,A,C,S,S,A,30.634,31.32,29.74,1.58,,0,0.0,0.0,,0,0.0,0,0.0,0.0,,0,0.0,0,,,,0,,1.2271,0.0247877870080901
prebreak,002028,2023-09-01,S,S,A,C,S,S,A,50.8727,49.45,47.15,2.3,,0,0.0,0.0,,0,0.0,0,0.0,0.0,,0,0.0,0,,,,0,,0.8831,0.0048635798863476
prebreak,002080,2023-09-01,S,S,A,C,S,S,A,21.1364,21.96,20.86,1.1,,0,0.0,0.0,,0,0.0,0,0.0,0.0,,0,0.0,0,,,,0,,2.101,0.2612951390316635
prebreak,002635,2023-09-01,S,S,A,C,S,S,A,12.5949,12.25,11.73,0.52,,1,12.25,12.9775,2023-09-08,0,1.3802,1,12.25,12.6332,2023-09-15,0,0.7185,1,12.25,12.25,2023-09-21,1,-0.0179,2.8668,-0.0758065589879837
prebreak,300997,2023-09-01,S,S,A,C,S,S,A,13.6213,12.67,12.06,0.61,,1,12.67,13.0549,2023-09-06,0,0.6148,1,12.67,13.0549,2023-09-06,0,0.6148,1,12.67,13.0549,2023-09-06,0,0.6148,1.9814,-0.0467151438040839
prebreak,301167,2023-09-01,S,S,A,C,S,S,A,17.9539,18.41,17.48,0.93,,0,0.0,0.0,,0,0.0,0,0.0,0.0,,0,0.0,0,,,,0,,3.7643,0.0842593790819568
prebreak,600201,2023-09-01,S,S,A,C,S,S,A,9.2636,9.53,9.03,0.5,,0,0.0,0.0,,0,0.0,0,0.0,0.0,,0,0.0,0,,,,0,,3.1172,0.1279245418366996
prebreak,600827,2023-09-01,S,S,A,C,S,S,A,11.1988,12.89,12.23,0.66,,0,0.0,0.0,,0,0.0,0,0.0,0.0,,0,0.0,0,,,,0,,,
prebreak,603080,2023-09-01,S,S,A,C,S,S,A,15.1966,13.45,12.8,0.65,,1,13.45,14.4725,2023-09-06,0,1.5563,1,13.45,14.4725,2023-09-06,0,1.5563,1,13.45,14.4725,2023-09-06,0,1.5563,6.4338,0.0429592157039186
prebreak,603607,2023-09-01,S,S,A,C,S,S,A,14.2396,13.72,13.05,0.67,,0,0.0,0.0,,0,0.0,0,0.0,0.0,,0,0.0,0,,,,0,,0.68,0.0297024530806793
prebreak,000009,2023-09-04,S,S,A,C,S,S,A,10.7946,10.9,10.37,0.53,,0,0.0,0.0,,0,0.0,0,0.0,0.0,,0,0.0,0,,,,0,,2.719,0.0482671145123725
prebreak,002402,2023-09-04,S,S,A,C,S,S,A,14.6907,14.4,13.9,0.5,,0,0.0,0.0,,0,0.0,0,0.0,0.0,,0,0.0,0,,,,0,,0.8899,-0.1107204336828738
prebreak,300400,2023-09-04,S,S,A,C,S,S,A,15.1376,14.27,13.54,0.73,,1,14.27,15.6179,2023-09-11,0,1.8304,1,14.27,15.4055,2023-09-18,0,1.5396,1,14.27,14.27,2023-10-27,1,-0.0149,8.403,0.0225399054408581
prebreak,300497,2023-09-04,S,S,A,C,S,S,A,11.79,13.38,12.74,0.64,,0,0.0,0.0,,0,0.0,0,0.0,0.0,,0,0.0,0,,,,0,,1.4998,0.4591057797164668
prebreak,300531,2023-09-04,S,S,A,C,S,S,A,13.8946,14.15,13.41,0.74,,1,14.15,14.2402,2023-09-11,0,0.1073,1,14.15,13.41,2023-09-14,1,-1.0139,1,14.15,13.41,2023-09-14,1,-1.0139,2.7876,0.0227451767283197
prebreak,300677,2023-09-04,S,S,A,C,S,S,A,21.5992,22.02,20.95,1.07,,0,0.0,0.0,,0,0.0,0,0.0,0.0,,0,0.0,0,,,,0,,1.111,0.0918404446311487
prebreak,300747,2023-09-04,S,S,A,C,S,S,A,26.0615,26.68,25.29,1.39,,1,26.68,25.4782,2023-09-07,0,-0.8786,1,26.68,25.4782,2023-09-07,0,-0.8786,1,26.68,25.4782,2023-09-07,0,-0.8786,1.8366,-0.0471204348461222
prebreak,300906,2023-09-04,S,S,A,C,S,S,A,25.121,23.31,22.19,1.12,,0,0.0,0.0,,0,0.0,0,0.0,0.0,,0,0.0,0,,,,0,,0.4084,0.0310111082188542
prebreak,600031,2023-09-04,S,S,A,C,S,S,A,16.1211,15.21,14.44,0.77,,0,0.0,0.0,,0,0.0,0,0.0,0.0,,0,0.0,0,,,,0,,1.2855,-0.0548547622834276
prebreak,600111,2023-09-04,S,S,A,C,S,S,A,22.7909,22.81,21.65,1.16,,0,0.0,0.0,,0,0.0,0,0.0,0.0,,0,0.0,0,,,,0,,1.2633,-0.0770743179170496
prebreak,600216,2023-09-04,S,S,A,C,S,S,A,10.3731,10.36,9.84,0.52,,0,0.0,0.0,,0,0.0,0,0.0,0.0,,0,0.0,0,,,,0,,0.69,0.0042027417928578
prebreak,601021,2023-09-04,S,S,A,C,S,S,A,53.4815,55.73,53.02,2.71,,0,0.0,0.0,,0,0.0,0,0.0,0.0,,0,0.0,0,,,,0,,1.3077,0.0409285782984962
prebreak,000408,2023-09-05,S,S,A,C,S,S,A,22.5629,21.59,20.54,1.05,,0,0.0,0.0,,0,0.0,0,0.0,0.0,,0,0.0,0,,,,0,,0.8214,-0.0089685131884809
prebreak,002294,2023-09-05,S,S,A,C,S,S,A,25.7808,26.72,25.64,1.08,,0,0.0,0.0,,0,0.0,1,26.72,27.5364,2023-09-19,0,0.7366,1,26.72,26.88,2023-10-23,1,0.1293,4.7745,0.0059043240158618
prebreak,003040,2023-09-05,S,S,A,C,S,S,A,16.6357,17.13,16.38,0.75,,0,0.0,0.0,,0,0.0,0,0.0,0.0,,0,0.0,0,,,,0,,6.2492,0.0315416173155937
prebreak,300832,2023-09-05,S,S,A,C,S,S,A,57.2731,52.2,49.51,2.69,,0,0.0,0.0,,0,0.0,0,0.0,0.0,,0,0.0,0,,,,0,,1.0287,0.0012165257075764
prebreak,600048,2023-09-05,S,S,A,C,S,S,A,12.7756,13.25,12.61,0.64,,0,0.0,0.0,,0,0.0,0,0.0,0.0,,0,0.0,0,,,,0,,,
prebreak,600161,2023-09-05,S,S,A,C,S,S,A,20.15,20.58,19.9,0.68,,0,0.0,0.0,,0,0.0,1,20.58,20.3782,2023-09-19,0,-0.3195,1,20.58,20.3782,2023-09-19,0,-0.3195,2.1082,0.0441497689916721
prebreak,603393,2023-09-05,S,S,A,C,S,S,A,26.2907,26.8,25.39,1.41,,0,0.0,0.0,,0,0.0,0,0.0,0.0,,0,0.0,0,,,,0,,1.0239,0.0994186442989635
prebreak,002032,2023-09-06,S,S,A,C,S,S,A,41.0245,41.92,40.51,1.41,,1,41.92,40.51,2023-09-12,1,-1.022,1,41.92,40.51,2023-09-12,1,-1.022,1,41.92,40.51,2023-09-12,1,-1.022,1.8353,-0.0150933678291023
prebreak,002925,2023-09-06,S,S,A,C,S,S,A,17.3385,17.42,16.53,0.89,,0,0.0,0.0,,0,0.0,0,0.0,0.0,,0,0.0,0,,,,0,,1.1222,0.02110643978606
prebreak,300961,2023-09-06,S,S,A,C,S,S,A,11.03,11.26,10.73,0.53,,0,0.0,0.0,,0,0.0,0,0.0,0.0,,0,0.0,0,,,,0,,1.8228,0.0622641509433963
prebreak,600036,2023-09-06,S,S,A,C,S,S,A,28.6117,27.37,26.37,1.0,,0,0.0,0.0,,0,0.0,0,0.0,0.0,,0,0.0,0,,,,0,,0.5459,-0.0652547029540093
prebreak,600760,2023-09-06,S,S,A,C,S,S,A,44.2971,44.08,42.22,1.86,,0,0.0,0.0,,0,0.0,0,0.0,0.0,,0,0.0,0,,,,0,,1.1464,0.0541805184474406
prebreak,600862,2023-09-06,S,S,A,C,S,S,A,24.4632,24.31,23.17,1.14,,0,0.0,0.0,,0,0.0,0,0.0,0.0,,0,0.0,0,,,,0,,0.9899,0.0510465256882777
prebreak,600927,2023-09-06,S,S,A,C,S,S,A,15.9833,16.52,15.82,0.7,,0,0.0,0.0,,0,0.0,0,0.0,0.0,,0,0.0,0,,,,0,,3.1522,0.0772785854544477
prebreak,002028,2023-09-08,S,S,A,C,S,S,A,49.3975,51.53,49.31,2.22,,0,0.0,0.0,,0,0.0,0,0.0,0.0,,0,0.0,0,,,,0,,1.7169,0.0598387433238261
prebreak,002635,2023-09-08,S,S,A,C,S,S,A,12.9775,12.25,11.73,0.52,,0,0.0,0.0,,0,0.0,0,0.0,0.0,,0,0.0,0,,,,0,,1.1524,-0.0199448284294915
prebreak,301116,2023-09-08,S,S,A,C,S,S,A,15.001,15.38,14.61,0.77,,0,0.0,0.0,,0,0.0,0,0.0,0.0,,0,0.0,0,,,,0,,5.7619,0.1897454350059944
prebreak,301258,2023-09-08,S,S,A,C,S,S,A,37.036,37.72,36.49,1.23,,0,0.0,0.0,,0,0.0,0,0.0,0.0,,0,0.0,0,,,,0,,0.4639,-0.0915859223789733
prebreak,600138,2023-09-08,S,S,A,C,S,S,A,12.3662,12.7,12.1,0.6,,0,0.0,0.0,,0,0.0,0,0.0,0.0,,0,0.0,0,,,,0,,,
prebreak,600562,2023-09-08,S,S,A,C,S,S,A,15.3006,15.41,14.77,0.64,,0,0.0,0.0,,0,0.0,0,0.0,0.0,,0,0.0,0,,,,0,,5.1772,0.1999110108678332
prebreak,600827,2023-09-08,S,S,A,C,S,S,A,10.8039,12.89,12.23,0.66,,0,0.0,0.0,,0,0.0,0,0.0,0.0,,0,0.0,0,,,,0,,,
prebreak,000423,2023-09-11,S,S,A,C,S,S,A,42.6035,45.89,43.54,2.35,,0,0.0,0.0,,0,0.0,0,0.0,0.0,,0,0.0,0,,,,0,,4.209,0.0193622213320729
prebreak,002980,2023-09-11,S,S,A,C,S,S,A,20.9455,21.33,20.4,0.93,,0,0.0,0.0,,0,0.0,0,0.0,0.0,,0,0.0,0,,,,0,,7.1549,0.1881137234442564
prebreak,300424,2023-09-11,S,S,A,C,S,S,A,13.3396,13.03,12.43,0.6,,0,0.0,0.0,,0,0.0,0,0.0,0.0,,0,0.0,0,,,,0,,0.6837,0.001551122757712
prebreak,300497,2023-09-11,S,S,A,C,S,S,A,11.55,13.33,12.73,0.6,,0,0.0,0.0,,0,0.0,0,0.0,0.0,,0,0.0,0,,,,0,,1.4998,0.4536532170119955
prebreak,300747,2023-09-11,S,S,A,C,S,S,A,26.1505,26.68,25.29,1.39,,0,0.0,0.0,,0,0.0,0,0.0,0.0,,0,0.0,0,,,,0,,2.1121,0.4013683265266718
prebreak,600031,2023-09-11,S,S,A,C,S,S,A,15.7717,16.17,15.54,0.63,,0,0.0,0.0,,0,0.0,0,0.0,0.0,,0,0.0,0,,,,0,,1.4194,0.1353966412561174
prebreak,600111,2023-09-11,S,S,A,C,S,S,A,22.2255,22.99,21.88,1.11,,0,0.0,0.0,,0,0.0,0,0.0,0.0,,0,0.0,0,,,,0,,1.7132,0.2313070255255251
prebreak,600343,2023-09-11,S,S,A,C,S,S,A,10.21,10.26,9.75,0.51,,0,0.0,0.0,,0,0.0,0,0.0,0.0,,0,0.0,0,,,,0,,0.6799,0.0416243654822334
prebreak,600741,2023-09-11,S,S,A,C,S,S,A,16.5774,16.68,16.06,0.62,,0,0.0,0.0,,0,0.0,0,0.0,0.0,,0,0.0,0,,,,0,,0.6958,0.0514055684134142
prebreak,688166,2023-09-11,S,S,A,C,S,S,A,19.1505,20.03,19.04,0.99,,1,20.03,20.5738,2023-09-18,0,0.5336,1,20.03,26.1577,2023-09-25,0,6.1703,1,20.03,37.07,2023-11-01,1,17.1859,2.14,0.0524922904027331
prebreak,000408,2023-09-12,S,S,A,C,S,S,A,21.9963,22.83,21.68,1.15,,0,0.0,0.0,,0,0.0,0,0.0,0.0,,0,0.0,0,,,,0,,2.4951,0.1253442660147394
prebreak,000995,2023-09-12,S,S,A,C,S,S,A,17.66,17.42,16.78,0.64,,0,0.0,0.0,,0,0.0,0,0.0,0.0,,0,0.0,0,,,,0,,0.8416,0.0187134502923975
prebreak,002223,2023-09-12,S,S,A,C,S,S,A,31.5157,31.28,29.8,1.48,,0,0.0,0.0,,0,0.0,0,0.0,0.0,,0,0.0,0,,,,0,,0.8133,-0.0232920289753085
prebreak,002294,2023-09-12,S,S,A,C,S,S,A,25.6949,26.72,25.64,1.08,,1,26.72,27.5364,2023-09-19,0,0.7366,1,26.72,27.7558,2023-09-26,0,0.9397,1,26.72,26.88,2023-10-23,1,0.1293,4.7745,0.0059043240158618
prebreak,300122,2023-09-12,S,S,A,C,S,S,A,44.1304,44.22,41.94,2.28,,0,0.0,0.0,,0,0.0,0,0.0,0.0,,0,0.0,0,,,,0,,1.0361,0.0287607490098424
prebreak,300832,2023-09-12,S,S,A,C,S,S,A,58.9382,52.2,49.51,2.69,,0,0.0,0.0,,0,0.0,0,0.0,0.0,,0,0.0,0,,,,0,,0.6866,-0.0123278772745837
prebreak,600048,2023-09-12,S,S,A,C,S,S,A,12.5813,13.21,12.52,0.69,,0,0.0,0.0,,0,0.0,0,0.0,0.0,,0,0.0,0,,,,0,,,
prebreak,600161,2023-09-12,S,S,A,C,S,S,A,20.3293,20.58,19.63,0.95,,1,20.58,20.3782,2023-09-19,0,-0.2287,1,20.58,20.3782,2023-09-19,0,-0.2287,1,20.58,20.3782,2023-09-19,0,-0.2287,2.1082,0.0441497689916721
prebreak,600233,2023-09-12,S,S,A,C,S,S,A,13.8916,14.78,14.03,0.75,,0,0.0,0.0,,0,0.0,0,0.0,0.0,,0,0.0,0,,,,0,,0.8927,0.2415593814521721
prebreak,600438,2023-09-12,S,S,A,C,S,S,A,30.297,31.04,29.58,1.46,,0,0.0,0.0,,0,0.0,0,0.0,0.0,,0,0.0,1,31.04,30.5557,2023-10-09,0,-0.3476,2.5332,-0.0026038841118241
prebreak,600585,2023-09-12,S,S,A,C,S,S,A,22.7676,23.53,22.64,0.89,,0,0.0,0.0,,0,0.0,0,0.0,0.0,,0,0.0,0,,,,0,,1.1213,0.0318786484747224
prebreak,600990,2023-09-12,S,S,A,C,S,S,A,22.7,22.49,21.35,1.14,,0,0.0,0.0,,0,0.0,0,0.0,0.0,,0,0.0,0,,,,0,,1.2033,0.0181077410593026
prebreak,603393,2023-09-12,S,S,A,C,S,S,A,28.3025,26.87,25.86,1.01,,1,26.87,29.162,2023-09-19,0,2.2476,1,26.87,28.2146,2023-09-26,0,1.3103,1,26.87,26.87,2023-10-23,1,-0.0202,2.0352,0.1138933155310535
prebreak,002028,2023-09-15,S,S,A,C,S,S,A,48.4141,50.89,48.76,2.13,,0,0.0,0.0,,0,0.0,1,50.89,48.9648,2023-10-09,0,-0.9214,1,50.89,48.76,2023-10-10,1,-1.0175,1.9041,0.0110910833249482
prebreak,603080,2023-09-15,S,S,A,C,S,S,A,14.2617,13.47,12.81,0.66,,0,0.0,0.0,,0,0.0,0,0.0,0.0,,0,0.0,0,,,,0,,0.5959,0.0114423185048866
prebreak,300400,2023-09-18,S,S,A,C,S,S,A,15.4055,14.27,13.54,0.73,,0,0.0,0.0,,0,0.0,0,0.0,0.0,,0,0.0,0,,,,0,,0.4124,0.0232170841861831
prebreak,300747,2023-09-18,S,S,A,C,S,S,A,25.2706,26.36,25.14,1.22,,0,0.0,0.0,,0,0.0,0,0.0,0.0,,0,0.0,0,,,,0,,2.6497,0.0886845457784992
prebreak,301130,2023-09-18,S,S,A,C,S,S,A,30.5012,30.02,28.57,1.45,,0,0.0,0.0,,0,0.0,0,0.0,0.0,,0,0.0,0,,,,0,,1.4661,0.0975577008199821
prebreak,600741,2023-09-18,S,S,A,C,S,S,A,16.1995,16.78,16.06,0.72,,0,0.0,0.0,,0,0.0,0,0.0,0.0,,0,0.0,0,,,,0,,3.2157,0.2619132139500402
prebreak,000400,2023-09-22,S,S,A,C,S,S,A,18.0485,18.36,17.58,0.78,,1,18.36,18.5937,2023-10-09,0,0.2815,1,18.36,17.58,2023-10-13,1,-1.0173,1,18.36,17.58,2023-10-13,1,-1.0173,2.9652,-0.0064351680936864
prebreak,002028,2023-09-22,S,S,A,C,S,S,A,48.6796,49.57,47.81,1.76,,1,49.57,48.9648,2023-10-09,0,-0.3651,1,49.57,47.81,2023-10-10,1,-1.0208,1,49.57,47.81,2023-10-10,1,-1.0208,2.1767,-0.0172471070429387
prebreak,002128,2023-09-22,S,S,A,C,S,S,A,12.2345,12.65,12.13,0.52,,0,0.0,0.0,,0,0.0,0,0.0,0.0,,0,0.0,0,,,,0,,2.8472,0.0476729100012245
prebreak,600362,2023-09-22,S,S,A,C,S,S,A,18.1858,18.71,17.96,0.75,,0,0.0,0.0,,0,0.0,0,0.0,0.0,,0,0.0,0,,,,0,,1.634,0.1571324079242044
prebreak,300747,2023-09-25,S,S,A,C,S,S,A,24.5587,26.36,25.14,1.22,,0,0.0,0.0,,0,0.0,0,0.0,0.0,,0,0.0,0,,,,0,,2.6497,0.0886845457784992
prebreak,600741,2023-09-25,S,S,A,C,S,S,A,16.3541,16.5,15.75,0.75,,0,0.0,0.0,,0,0.0,0,0.0,0.0,,0,0.0,0,,,,0,,3.2157,0.2408562592476557
prebreak,600161,2023-09-26,S,S,A,C,S,S,A,20.5086,20.82,20.0,0.82,,1,20.82,21.0629,2023-10-11,0,0.2768,1,20.82,22.2041,2023-10-18,0,1.6676,1,20.82,24.57,2023-12-15,1,4.551,1.7852,0.0332513504880158
prebreak,002056,2023-09-27,S,S,A,C,S,S,A,14.614,14.75,14.06,0.69,,0,0.0,0.0,,0,0.0,0,0.0,0.0,,0,0.0,0,,,,0,,1.1202,-0.0036072717408556
prebreak,002393,2023-09-27,S,S,A,C,S,S,A,13.6314,13.74,13.08,0.66,,0,0.0,0.0,,0,0.0,0,0.0,0.0,,0,0.0,0,,,,0,,0.6603,-0.0312020855674244
prebreak,600862,2023-09-27,S,S,A,C,S,S,A,23.8736,24.41,23.15,1.26,,1,24.41,23.7769,2023-10-12,0,-0.5169,1,24.41,23.7769,2023-10-12,0,-0.5169,1,24.41,23.7769,2023-10-12,0,-0.5169,2.0383,0.0354655627939191
prebreak,600885,2023-09-27,S,S,A,C,S,S,A,22.7297,22.96,22.15,0.81,,0,0.0,0.0,,0,0.0,0,0.0,0.0,,0,0.0,0,,,,0,,1.2995,-0.0450932055142374
prebreak,000062,2023-09-28,S,S,A,C,S,S,A,10.5743,10.81,10.24,0.57,,0,0.0,0.0,,0,0.0,0,0.0,0.0,,0,0.0,0,,,,0,,0.7777,-0.0137801242610038
prebreak,000738,2023-09-28,S,S,A,C,S,S,A,21.007,21.29,20.39,0.9,,0,0.0,0.0,,0,0.0,0,0.0,0.0,,0,0.0,0,,,,0,,2.9612,0.074904517082696
prebreak,300244,2023-09-28,S,S,A,C,S,S,A,21.0595,21.78,20.7,1.08,,0,0.0,0.0,,0,0.0,0,0.0,0.0,,0,0.0,0,,,,0,,1.9175,0.0399645926052769
prebreak,300685,2023-09-28,S,S,A,C,S,S,A,23.7457,23.46,22.43,1.03,,0,0.0,0.0,,0,0.0,0,0.0,0.0,,0,0.0,0,,,,0,,1.3087,0.0208327854007714
prebreak,002635,2023-10-09,S,S,A,C,S,S,A,13.2644,12.82,12.22,0.6,,1,12.82,13.6565,2023-10-16,0,1.377,1,12.82,12.7958,2023-10-23,0,-0.0566,1,12.82,12.82,2023-10-23,1,-0.0162,1.8062,-0.0229339179811488
prebreak,301093,2023-10-09,S,S,A,C,S,S,A,19.6197,19.28,18.35,0.93,,0,0.0,0.0,,0,0.0,0,0.0,0.0,,0,0.0,0,,,,0,,1.1399,0.0921877823131289
prebreak,600362,2023-10-09,S,S,A,C,S,S,A,17.3571,18.37,17.62,0.75,,0,0.0,0.0,,0,0.0,0,0.0,0.0,,0,0.0,0,,,,0,,1.634,0.136104881537554
prebreak,002557,2023-10-10,S,S,A,C,S,S,A,28.4493,30.14,28.83,1.31,,0,0.0,0.0,,0,0.0,0,0.0,0.0,,0,0.0,1,30.14,31.27,2023-12-07,1,0.8446,2.5821,0.017924207042036
prebreak,600546,2023-10-10,S,S,A,C,S,S,A,16.0869,16.67,16.05,0.62,,0,0.0,0.0,,0,0.0,0,0.0,0.0,,0,0.0,0,,,,0,,2.0603,0.1000159715844044
prebreak,603556,2023-10-10,S,S,A,C,S,S,A,23.3333,23.78,22.58,1.2,,0,0.0,0.0,,0,0.0,0,0.0,0.0,,0,0.0,0,,,,0,,1.7994,0.1431127763610382
prebreak,000923,2023-10-11,S,S,A,C,S,S,A,14.13,15.66,14.97,0.69,,0,0.0,0.0,,0,0.0,0,0.0,0.0,,0,0.0,0,,,,0,,1.6362,0.1118007600637482
prebreak,300015,2023-10-11,S,S,A,C,S,S,A,18.031,17.7,16.87,0.83,,0,0.0,0.0,,0,0.0,0,0.0,0.0,,0,0.0,0,,,,0,,1.3937,-0.0178336166000299
prebreak,300888,2023-10-11,S,S,A,C,S,S,A,38.7075,40.55,38.52,2.03,,0,0.0,0.0,,0,0.0,0,0.0,0.0,,0,0.0,0,,,,0,,1.5769,0.2966638294089376
prebreak,600161,2023-10-11,S,S,A,C,S,S,A,21.0629,21.38,20.62,0.76,,1,21.38,22.2041,2023-10-18,0,1.0623,1,21.38,21.6335,2023-10-25,0,0.312,1,21.38,24.77,2023-12-15,1,4.4363,4.446,0.0842902568707049
prebreak,600803,2023-10-11,S,S,A,C,S,S,A,14.5972,14.64,13.86,0.78,,0,0.0,0.0,,0,0.0,0,0.0,0.0,,0,0.0,0,,,,0,,0.4881,0.0011963859534116
prebreak,600884,2023-10-11,S,S,A,C,S,S,A,13.5002,13.75,13.06,0.69,,0,0.0,0.0,,0,0.0,0,0.0,0.0,,0,0.0,0,,,,0,,1.3162,-0.0280488855080159
prebreak,002056,2023-10-12,S,S,A,C,S,S,A,15.1011,15.16,14.57,0.59,,0,0.0,0.0,,0,0.0,0,0.0,0.0,,0,0.0,0,,,,0,,3.252,0.2595689092280653
prebreak,002873,2023-10-12,S,S,A,C,S,S,A,11.9733,11.9,11.29,0.61,,0,0.0,0.0,,0,0.0,0,0.0,0.0,,0,0.0,0,,,,0,,1.1681,0.0679792023066387
prebreak,600862,2023-10-12,S,S,A,C,S,S,A,23.7769,24.34,23.15,1.19,,0,0.0,0.0,,0,0.0,0,0.0,0.0,,0,0.0,0,,,,0,,1.2915,-0.0062122385648205
prebreak,688002,2023-10-12,S,S,A,C,S,S,A,46.5177,48.13,45.62,2.51,,0,0.0,0.0,,0,0.0,0,0.0,0.0,,0,0.0,0,,,,0,,1.4026,0.0188256299730225
prebreak,002635,2023-10-16,S,S,A,C,S,S,A,13.6565,14.03,13.31,0.72,,0,0.0,0.0,,0,0.0,0,0.0,0.0,,0,0.0,1,14.03,13.31,2023-12-06,1,-1.0142,1.7156,0.0577212596662561
prebreak,301093,2023-10-16,S,S,A,C,S,S,A,19.8592,19.28,18.35,0.93,,0,0.0,0.0,,0,0.0,0,0.0,0.0,,0,0.0,0,,,,0,,1.1937,0.0388366740526719
prebreak,603353,2023-10-16,S,S,A,C,S,S,A,21.5886,19.32,18.59,0.73,,1,19.32,24.9773,2023-10-23,0,7.7248,1,19.32,25.8343,2023-10-30,0,8.8979,1,19.32,26.15,2023-10-23,1,9.3302,6.0356,0.013626944491808
prebreak,605319,2023-10-16,S,S,A,C,S,S,A,11.72,11.31,10.74,0.57,,1,11.31,11.9948,2023-10-23,0,1.1855,1,11.31,13.4221,2023-10-30,0,3.688,1,11.31,13.33,2023-10-26,1,3.5265,2.9695,-0.0001124202783684
prebreak,301166,2023-10-17,S,S,A,C,S,S,A,41.1129,39.44,37.96,1.48,,1,39.44,37.96,2023-10-19,1,-1.0196,1,39.44,37.96,2023-10-19,1,-1.0196,1,39.44,37.96,2023-10-19,1,-1.0196,1.525,0.0255994701455519
prebreak,603556,2023-10-17,S,S,A,C,S,S,A,21.6647,23.78,22.58,1.2,,0,0.0,0.0,,0,0.0,0,0.0,0.0,,0,0.0,0,,,,0,,1.7994,0.1431127763610382
prebreak,688180,2023-10-17,S,S,A,C,S,S,A,40.54,39.4,37.52,1.88,,0,0.0,0.0,,0,0.0,0,0.0,0.0,,0,0.0,0,,,,0,,0.7175,0.0406761753829898
prebreak,300294,2023-10-24,S,S,A,C,S,S,A,27.6171,30.82,29.31,1.51,,0,0.0,0.0,,0,0.0,0,0.0,0.0,,0,0.0,0,,,,0,,1.471,0.0818004451258709
prebreak,300529,2023-10-24,S,S,A,C,S,S,A,18.9162,21.13,20.09,1.04,,1,21.13,21.852,2023-10-31,0,0.6783,1,21.13,21.4365,2023-11-01,0,0.2791,1,21.13,21.4365,2023-11-01,0,0.2791,5.2854,-0.0053032359246449
prebreak,300531,2023-10-24,S,S,A,C,S,S,A,13.9242,14.68,14.13,0.55,,0,0.0,0.0,,0,0.0,0,0.0,0.0,,0,0.0,0,,,,0,,1.1086,0.0188726375495487
prebreak,301166,2023-10-24,S,S,A,C,S,S,A,37.2511,39.44,37.96,1.48,,0,0.0,0.0,,0,0.0,0,0.0,0.0,,0,0.0,0,,,,0,,1.2264,0.0379840675208944
prebreak,002826,2023-10-25,S,S,A,C,S,S,A,10.8799,11.81,11.21,0.6,,0,0.0,0.0,,0,0.0,0,0.0,0.0,,0,0.0,0,,,,0,,0.9302,0.0953791935609356
prebreak,600438,2023-10-25,S,S,A,C,S,S,A,27.7483,30.91,29.75,1.16,,0,0.0,0.0,,0,0.0,0,0.0,0.0,,0,0.0,0,,,,0,,2.6793,0.7002200220022003
prebreak,600585,2023-10-25,S,S,A,C,S,S,A,22.1371,22.9,21.86,1.04,,0,0.0,0.0,,0,0.0,0,0.0,0.0,,0,0.0,0,,,,0,,0.9068,0.125181511563766
prebreak,600990,2023-10-25,S,S,A,C,S,S,A,20.51,21.91,20.79,1.12,,0,0.0,0.0,,0,0.0,0,0.0,0.0,,0,0.0,0,,,,0,,1.2138,0.0101429230059935
prebreak,002705,2023-10-26,S,S,A,C,S,S,A,14.4441,15.53,14.81,0.72,,0,0.0,0.0,,0,0.0,0,0.0,0.0,,0,0.0,0,,,,0,,1.1751,-0.0062291178717961
prebreak,603668,2023-10-26,S,S,A,C,S,S,A,14.2454,14.76,14.17,0.59,,1,14.76,15.3691,2023-11-02,0,1.0127,1,14.76,15.3963,2023-11-09,0,1.0588,1,14.76,15.68,2023-12-21,1,1.5393,6.6068,0.0205172522099934
prebreak,688068,2023-10-26,S,S,A,C,S,S,A,38.4708,38.73,37.02,1.71,,0,0.0,0.0,,0,0.0,0,0.0,0.0,,0,0.0,0,,,,0,,1.1645,0.0353094537789124
prebreak,000887,2023-10-27,S,S,A,C,S,S,A,11.9554,12.3,11.69,0.61,,1,12.3,12.2453,2023-11-02,0,-0.1049,1,12.3,12.2453,2023-11-02,0,-0.1049,1,12.3,12.2453,2023-11-02,0,-0.1049,2.7808,0.0605499732868628
prebreak,001207,2023-10-27,S,S,A,C,S,S,A,11.3179,11.04,10.54,0.5,,0,0.0,0.0,,0,0.0,0,0.0,0.0,,0,0.0,0,,,,0,,1.1614,0.024930231437217
prebreak,002142,2023-10-27,S,S,A,C,S,S,A,22.0779,22.45,21.46,0.99,,1,22.45,22.4943,2023-11-02,0,0.0275,1,22.45,22.4943,2023-11-02,0,0.0275,1,22.45,22.4943,2023-11-02,0,0.0275,1.6659,-0.0981450004480147
prebreak,002847,2023-10-27,S,S,A,C,S,S,A,52.517,48.08,45.73,2.35,,1,48.08,51.8488,2023-11-03,0,1.5872,1,48.08,55.2428,2023-11-10,0,3.0305,1,48.08,51.05,2023-12-06,1,1.2475,1.763,-0.0393471690217633
prebreak,600406,2023-10-27,S,S,A,C,S,S,A,20.9309,21.03,20.08,0.95,,0,0.0,0.0,,0,0.0,0,0.0,0.0,,0,0.0,0,,,,0,,0.7105,-0.0058501515694376
prebreak,002019,2023-10-30,S,S,A,C,S,S,A,13.4449,13.57,12.87,0.7,,1,13.57,13.3962,2023-11-02,0,-0.2628,1,13.57,13.3962,2023-11-02,0,-0.2628,1,13.57,13.3962,2023-11-02,0,-0.2628,1.8126,0.0256346910805902
prebreak,002179,2023-10-30,S,S,A,C,S,S,A,38.3134,37.81,36.16,1.65,,0,0.0,0.0,,0,0.0,0,0.0,0.0,,0,0.0,0,,,,0,,1.0223,-0.0386641298261604
prebreak,300652,2023-10-30,S,S,A,C,S,S,A,18.3641,17.44,16.64,0.8,,1,17.44,18.7912,2023-11-06,0,1.6713,1,17.44,19.4355,2023-11-13,0,2.4762,1,17.44,20.55,2023-11-22,1,3.8685,2.6508,0.0173363429936479
prebreak,603035,2023-10-30,S,S,A,C,S,S,A,18.1802,18.6,17.61,0.99,,0,0.0,0.0,,0,0.0,0,0.0,0.0,,0,0.0,0,,,,0,,1.04,0.0588952958698258
prebreak,603319,2023-10-30,S,S,A,C,S,S,A,11.6588,12.11,11.6,0.51,,1,12.11,11.8869,2023-11-02,0,-0.4553,1,12.11,11.8869,2023-11-02,0,-0.4553,1,12.11,11.8869,2023-11-02,0,-0.4553,2.1757,0.0473923645619394
prebreak,605177,2023-10-30,S,S,A,C,S,S,A,30.0613,28.77,27.44,1.33,,0,0.0,0.0,,0,0.0,0,0.0,0.0,,0,0.0,0,,,,0,,0.6656,0.0274019047430078
prebreak,002074,2023-10-31,S,S,A,C,S,S,A,22.4862,23.45,22.23,1.22,,1,23.45,23.2964,2023-11-07,0,-0.1405,1,23.45,23.2865,2023-11-08,0,-0.1485,1,23.45,23.2865,2023-11-08,0,-0.1485,1.634,0.0310815077919783
prebreak,300294,2023-10-31,S,S,A,C,S,S,A,29.7109,30.82,29.31,1.51,,0,0.0,0.0,,0,0.0,0,0.0,0.0,,0,0.0,0,,,,0,,1.471,0.0818004451258709
prebreak,301166,2023-10-31,S,S,A,C,S,S,A,40.6541,38.02,36.01,2.01,,0,0.0,0.0,,0,0.0,0,0.0,0.0,,0,0.0,0,,,,0,,0.7014,-0.0068827939948349
prebreak,603926,2023-10-31,S,S,A,C,S,S,A,10.0129,10.43,9.91,0.52,,1,10.43,11.003,2023-11-07,0,1.086,1,10.43,11.2552,2023-11-14,0,1.5707,1,10.43,12.23,2023-11-22,1,3.4441,1.5542,0.0339354010691488
prebreak,002826,2023-11-01,S,S,A,C,S,S,A,11.6465,11.81,11.21,0.6,,0,0.0,0.0,,0,0.0,0,0.0,0.0,,0,0.0,0,,,,0,,0.8536,0.0430824438683561
prebreak,002946,2023-11-01,S,S,A,C,S,S,A,12.2691,13.0,12.35,0.65,,0,0.0,0.0,,0,0.0,0,0.0,0.0,,0,0.0,0,,,,0,,0.9137,0.1623338885480569
prebreak,300463,2023-11-01,S,S,A,C,S,S,A,15.1742,15.13,14.36,0.77,,0,0.0,0.0,,0,0.0,0,0.0,0.0,,0,0.0,0,,,,0,,0.7214,0.0227899684440757
prebreak,300636,2023-11-01,S,S,A,C,S,S,A,11.3086,11.57,11.03,0.54,,0,0.0,0.0,,0,0.0,0,0.0,0.0,,0,0.0,0,,,,0,,0.9671,0.0240042190617271
prebreak,301276,2023-11-01,S,S,A,C,S,S,A,19.8332,22.31,21.23,1.08,,0,0.0,0.0,,0,0.0,0,0.0,0.0,,0,0.0,0,,,,0,,3.0588,0.2429246558184212
prebreak,600585,2023-11-01,S,S,A,C,S,S,A,21.1337,22.9,21.86,1.04,,0,0.0,0.0,,0,0.0,0,0.0,0.0,,0,0.0,0,,,,0,,0.9068,0.125181511563766
prebreak,600886,2023-11-01,S,S,A,C,S,S,A,11.1501,11.03,10.47,0.56,,0,0.0,0.0,,0,0.0,0,0.0,0.0,,0,0.0,0,,,,0,,0.6182,0.018321893756042
prebreak,603301,2023-11-01,S,S,A,C,S,S,A,24.3174,25.25,24.14,1.11,,0,0.0,0.0,,0,0.0,0,0.0,0.0,,0,0.0,0,,,,0,,1.3433,0.0680971580401781
prebreak,603520,2023-11-01,S,S,A,C,S,S,A,14.9885,15.03,14.27,0.76,,0,0.0,0.0,,0,0.0,0,0.0,0.0,,0,0.0,0,,,,0,,0.6503,0.0066186395509917
prebreak,000887,2023-11-03,S,S,A,C,S,S,A,12.4096,12.3,11.69,0.61,,0,0.0,0.0,,0,0.0,0,0.0,0.0,,0,0.0,0,,,,0,,1.0687,0.0140716876049684
prebreak,000915,2023-11-03,S,S,A,C,S,S,A,25.9687,26.4,25.19,1.21,,0,0.0,0.0,,0,0.0,0,0.0,0.0,,0,0.0,0,,,,0,,1.2285,0.0191101972880689
prebreak,002142,2023-11-03,S,S,A,C,S,S,A,22.6844,22.83,21.65,1.18,,0,0.0,0.0,,0,0.0,0,0.0,0.0,,0,0.0,0,,,,0,,0.594,-0.051492782684977
prebreak,002847,2023-11-03,S,S,A,C,S,S,A,51.8488,53.05,50.33,2.72,,1,53.05,55.2428,2023-11-10,0,0.7908,1,53.05,52.173,2023-11-17,0,-0.337,1,53.05,53.06,2023-12-01,1,-0.0111,1.5385,0.100543369506213
prebreak,300146,2023-11-03,S,S,A,C,S,S,A,16.0106,16.42,15.75,0.67,,0,0.0,0.0,,0,0.0,0,0.0,0.0,,0,0.0,0,,,,0,,6.0183,0.5649991250046784
prebreak,600406,2023-11-03,S,S,A,C,S,S,A,20.968,21.34,20.58,0.76,,0,0.0,0.0,,0,0.0,0,0.0,0.0,,0,0.0,0,,,,0,,1.2195,0.0309809586430647
prebreak,603238,2023-11-03,S,S,A,C,S,S,A,13.1117,12.14,11.51,0.63,,1,12.14,13.065,2023-11-10,0,1.4527,1,12.14,13.1772,2023-11-17,0,1.6306,1,12.14,12.51,2023-12-27,1,0.5723,1.7997,0.0204401922175656
prebreak,688299,2023-11-03,S,S,A,C,S,S,A,14.2026,15.13,14.36,0.77,,0,0.0,0.0,,0,0.0,0,0.0,0.0,,0,0.0,0,,,,0,,0.8336,0.0419140345395356
prebreak,002019,2023-11-06,S,S,A,C,S,S,A,13.6394,13.57,12.87,0.7,,0,0.0,0.0,,0,0.0,0,0.0,0.0,,0,0.0,0,,,,0,,1.4913,0.0363025110472532
prebreak,002028,2023-11-06,S,S,A,C,S,S,A,47.7945,49.55,47.5,2.05,,0,0.0,0.0,,0,0.0,0,0.0,0.0,,0,0.0,0,,,,0,,1.6909,0.0442499237870506
prebreak,002389,2023-11-06,S,S,A,C,S,S,A,19.8611,20.02,19.36,0.66,,1,20.02,20.0295,2023-11-13,0,-0.0087,1,20.02,20.3861,2023-11-20,0,0.5313,1,20.02,19.36,2023-11-24,1,-1.0224,1.7097,-0.0212862746660308
prebreak,002635,2023-11-06,S,S,A,C,S,S,A,14.2303,13.93,13.2,0.73,,0,0.0,0.0,,0,0.0,0,0.0,0.0,,0,0.0,0,,,,0,,1.1233,0.0374663807052839
prebreak,002923,2023-11-06,S,S,A,C,S,S,A,13.1779,12.24,11.62,0.62,,0,0.0,0.0,,0,0.0,0,0.0,0.0,,0,0.0,0,,,,0,,0.9375,-0.0207306780691791
prebreak,600523,2023-11-06,S,S,A,C,S,S,A,13.0091,13.11,12.48,0.63,,0,0.0,0.0,,0,0.0,0,0.0,0.0,,0,0.0,0,,,,0,,1.3634,0.0284346955417182
prebreak,603035,2023-11-06,S,S,A,C,S,S,A,18.8973,18.66,17.83,0.83,,0,0.0,0.0,,0,0.0,0,0.0,0.0,,0,0.0,0,,,,0,,0.9923,0.0072995024428919
prebreak,605177,2023-11-06,S,S,A,C,S,S,A,28.5346,30.58,29.19,1.39,,0,0.0,0.0,,0,0.0,0,0.0,0.0,,0,0.0,0,,,,0,,,
prebreak,002046,2023-11-07,S,S,A,C,S,S,A,10.2742,10.99,10.46,0.53,,1,10.99,10.9894,2023-11-10,0,-0.0168,1,10.99,10.9894,2023-11-10,0,-0.0168,1,10.99,10.9894,2023-11-10,0,-0.0168,4.3005,0.0346310389382362
prebreak,300485,2023-11-07,S,S,A,C,S,S,A,11.3255,11.58,11.07,0.51,,0,0.0,0.0,,0,0.0,0,0.0,0.0,,0,0.0,0,,,,0,,0.9601,-0.0105121601004664
prebreak,301166,2023-11-07,S,S,A,C,S,S,A,40.96,38.02,36.01,2.01,,0,0.0,0.0,,0,0.0,0,0.0,0.0,,0,0.0,0,,,,0,,0.4999,-0.1115848983581225
prebreak,603706,2023-11-07,S,S,A,C,S,S,A,14.6654,13.98,13.37,0.61,,1,13.98,16.3749,2023-11-14,0,3.9061,1,13.98,15.3509,2023-11-21,0,2.2286,1,13.98,16.5,2023-11-14,1,4.1111,3.4143,0.0393679102925368
prebreak,002946,2023-11-08,S,S,A,C,S,S,A,12.2879,12.59,11.98,0.61,,0,0.0,0.0,,0,0.0,0,0.0,0.0,,0,0.0,0,,,,0,,4.0838,0.4625018662758451
prebreak,003026,2023-11-08,S,S,A,C,S,S,A,20.8807,21.15,20.24,0.91,,0,0.0,0.0,,0,0.0,0,0.0,0.0,,0,0.0,0,,,,0,,0.8457,0.0607207170572206
prebreak,300196,2023-11-10,S,S,A,C,S,S,A,11.4498,12.05,11.44,0.61,,0,0.0,0.0,,0,0.0,0,0.0,0.0,,0,0.0,0,,,,0,,5.6774,0.3142798824240316
prebreak,600549,2023-11-10,S,S,A,C,S,S,A,16.4123,16.77,16.17,0.6,,1,16.77,16.6396,2023-11-17,0,-0.2385,1,16.77,16.6396,2023-11-17,0,-0.2385,1,16.77,16.6396,2023-11-17,0,-0.2385,1.6878,0.0477933633001195
prebreak,600756,2023-11-10,S,S,A,C,S,S,A,14.5137,14.4,13.64,0.76,,0,0.0,0.0,,0,0.0,0,0.0,0.0,,0,0.0,0,,,,0,,1.0854,-0.0232613636579258
prebreak,603238,2023-11-10,S,S,A,C,S,S,A,13.065,12.14,11.51,0.63,,0,0.0,0.0,,0,0.0,0,0.0,0.0,,0,0.0,0,,,,0,,0.7007,0.0188395017199696
prebreak,603369,2023-11-10,S,S,A,C,S,S,A,50.3622,51.67,50.11,1.56,,0,0.0,0.0,,0,0.0,0,0.0,0.0,,0,0.0,0,,,,0,,1.0964,0.1327617680842101
prebreak,002019,2023-11-13,S,S,A,C,S,S,A,13.4546,13.57,12.87,0.7,,0,0.0,0.0,,0,0.0,0,0.0,0.0,,0,0.0,0,,,,0,,0.5358,0.0286601621457247
prebreak,002028,2023-11-13,S,S,A,C,S,S,A,47.0078,48.68,46.78,1.9,,0,0.0,0.0,,0,0.0,0,0.0,0.0,,0,0.0,0,,,,0,,1.4021,0.0083600904741829
prebreak,002635,2023-11-13,S,S,A,C,S,S,A,14.039,14.38,13.73,0.65,,0,0.0,0.0,,0,0.0,0,0.0,0.0,,0,0.0,0,,,,0,,1.0799,0.0493073603776506
prebreak,300663,2023-11-13,S,S,A,C,S,S,A,16.42,15.44,14.82,0.62,,0,0.0,0.0,,0,0.0,0,0.0,0.0,,0,0.0,0,,,,0,,0.9013,-0.125212464589235
prebreak,600104,2023-11-13,S,S,A,C,S,S,A,13.6271,14.4,13.73,0.67,,0,0.0,0.0,,0,0.0,1,14.4,14.618,2023-11-27,0,0.3088,1,14.4,14.2027,2023-11-29,0,-0.3106,4.5511,0.0310148393320441
prebreak,600938,2023-11-13,S,S,A,C,S,S,A,17.3011,17.34,16.62,0.72,,0,0.0,0.0,,0,0.0,0,0.0,0.0,,0,0.0,0,,,,0,,0.8817,-0.0629252966983737
prebreak,002643,2023-11-14,S,S,A,C,S,S,A,16.1831,16.61,16.01,0.6,,0,0.0,0.0,,0,0.0,0,0.0,0.0,,0,0.0,0,,,,0,,1.5732,0.1545927151240178
prebreak,600521,2023-11-14,S,S,A,C,S,S,A,15.1823,15.73,15.08,0.65,,0,0.0,0.0,,0,0.0,0,0.0,0.0,,0,0.0,0,,,,0,,0.9442,0.2549994845050312
prebreak,002048,2023-11-15,S,S,A,C,S,S,A,12.6171,12.66,12.16,0.5,,0,0.0,0.0,,0,0.0,0,0.0,0.0,,0,0.0,0,,,,0,,0.5808,-0.0038819755494028
prebreak,600803,2023-11-15,S,S,A,C,S,S,A,13.9475,14.24,13.73,0.51,,0,0.0,0.0,,0,0.0,0,0.0,0.0,,0,0.0,0,,,,0,,1.2157,0.0528178175504014
prebreak,300663,2023-11-20,S,S,A,C,S,S,A,16.27,16.68,15.98,0.7,,0,0.0,0.0,,0,0.0,0,0.0,0.0,,0,0.0,0,,,,0,,1.904,0.7688229056203606
prebreak,301093,2023-11-20,S,S,A,C,S,S,A,19.6711,20.57,19.59,0.98,,0,0.0,0.0,,0,0.0,0,0.0,0.0,,0,0.0,0,,,,0,,1.8948,0.1263397918319742
prebreak,002977,2023-11-21,S,S,A,C,S,S,A,37.2883,37.69,35.79,1.9,,0,0.0,0.0,,0,0.0,0,0.0,0.0,,0,0.0,0,,,,0,,1.073,0.0360778694216219
prebreak,300699,2023-11-21,S,S,A,C,S,S,A,24.8783,25.56,24.66,0.9,,0,0.0,0.0,,0,0.0,0,0.0,0.0,,0,0.0,0,,,,0,,2.1949,0.0622306634990739
prebreak,601233,2023-11-21,S,S,A,C,S,S,A,13.6174,13.93,13.41,0.52,,0,0.0,0.0,,0,0.0,0,0.0,0.0,,0,0.0,1,13.93,13.94,2024-01-11,1,-0.0011,3.6578,0.0356598594673089
prebreak,600285,2023-11-23,S,S,A,C,S,S,A,15.1283,14.6,13.9,0.7,,0,0.0,0.0,,0,0.0,0,0.0,0.0,,0,0.0,0,,,,0,,0.6326,-0.0194356755514256
prebreak,601038,2023-11-23,S,S,A,C,S,S,A,11.9431,11.3,10.77,0.53,,1,11.3,13.0305,2023-11-30,0,3.2468,1,11.3,12.768,2023-12-07,0,2.7519,1,11.3,12.51,2023-12-21,1,2.2654,1.7,0.0103972462326524
prebreak,603979,2023-11-23,S,S,A,C,S,S,A,34.6412,35.39,33.79,1.6,,0,0.0,0.0,,0,0.0,0,0.0,0.0,,0,0.0,1,35.39,35.1681,2023-12-19,0,-0.1554,2.1984,0.0216163411502354
prebreak,605179,2023-11-23,S,S,A,C,S,S,A,13.8174,12.22,11.66,0.56,,1,12.22,13.9952,2023-11-30,0,3.1514,1,12.22,17.4421,2023-12-07,0,9.3027,1,12.22,16.68,2023-12-11,1,7.9427,7.4511,0.0388458600671106
prebreak,300919,2023-11-27,S,S,A,C,S,S,A,34.1916,36.36,34.73,1.63,,0,0.0,0.0,,0,0.0,0,0.0,0.0,,0,0.0,0,,,,0,,2.1206,0.2980529209553879
prebreak,600523,2023-11-27,S,S,A,C,S,S,A,13.8227,13.93,13.3,0.63,,1,13.93,15.4985,2023-12-04,0,2.4713,1,13.93,14.8979,2023-12-11,0,1.5187,1,13.93,16.62,2023-12-01,1,4.2503,5.2989,0.1045110102574877
prebreak,002402,2023-11-28,S,S,A,C,S,S,A,13.6274,13.91,13.27,0.64,,0,0.0,0.0,,0,0.0,1,13.91,13.8322,2023-12-12,0,-0.138,1,13.91,13.6859,2023-12-14,0,-0.3664,2.5235,-0.0076742270740431
prebreak,300699,2023-11-28,S,S,A,C,S,S,A,24.0341,24.98,23.77,1.21,,0,0.0,0.0,,0,0.0,0,0.0,0.0,,0,0.0,1,24.98,24.5368,2023-12-26,0,-0.3817,2.9824,0.0385361938101174
prebreak,301187,2023-11-28,S,S,A,C,S,S,A,12.6287,12.78,12.25,0.53,,0,0.0,0.0,,0,0.0,0,0.0,0.0,,0,0.0,0,,,,0,,0.7797,0.0715121992962781
prebreak,002197,2023-11-30,S,S,A,C,S,S,A,10.74,11.28,10.7,0.58,,0,0.0,0.0,,0,0.0,0,0.0,0.0,,0,0.0,0,,,,0,,0.7908,0.042513863216266
prebreak,601038,2023-11-30,S,S,A,C,S,S,A,13.0305,11.3,10.77,0.53,,1,11.3,12.6555,2023-12-05,0,2.5397,1,11.3,12.6555,2023-12-05,0,2.5397,1,11.3,12.6555,2023-12-05,0,2.5397,2.1557,0.0146497598952477
prebreak,605179,2023-11-30,S,S,A,C,S,S,A,13.9952,12.22,11.66,0.56,,1,12.22,17.4421,2023-12-07,0,9.3027,1,12.22,15.4372,2023-12-14,0,5.7247,1,12.22,16.68,2023-12-11,1,7.9427,2.2788,0.0250749124605873
prebreak,300428,2023-12-01,S,S,A,C,S,S,A,20.4902,21.53,20.44,1.09,,0,0.0,0.0,,0,0.0,0,0.0,0.0,,0,0.0,0,,,,0,,5.6568,0.1986046028608343
prebreak,300481,2023-12-01,S,S,A,C,S,S,A,15.911,17.01,16.24,0.77,,0,0.0,0.0,,0,0.0,0,0.0,0.0,,0,0.0,0,,,,0,,2.8289,0.2943013525958486
prebreak,300739,2023-12-01,S,S,A,C,S,S,A,14.8015,15.03,14.32,0.71,,0,0.0,0.0,,0,0.0,0,0.0,0.0,,0,0.0,0,,,,0,,7.1194,0.2559148404584799
prebreak,600380,2023-12-01,S,S,A,C,S,S,A,11.9418,12.08,11.53,0.55,,0,0.0,0.0,,0,0.0,1,12.08,11.8662,2023-12-15,0,-0.4053,1,12.08,11.7527,2023-12-18,0,-0.6114,1.737,0.0620258887125582
prebreak,600522,2023-12-01,S,S,A,C,S,S,A,12.3605,13.48,12.79,0.69,,0,0.0,0.0,,0,0.0,0,0.0,0.0,,0,0.0,0,,,,0,,2.4285,0.1973968077208687
prebreak,600756,2023-12-01,S,S,A,C,S,S,A,14.7529,14.91,14.23,0.68,,0,0.0,0.0,,0,0.0,0,0.0,0.0,,0,0.0,0,,,,0,,1.0061,0.0416150653515463
prebreak,002635,2023-12-04,S,S,A,C,S,S,A,13.7138,14.41,13.74,0.67,,0,0.0,0.0,,0,0.0,0,0.0,0.0,,0,0.0,1,14.41,14.0581,2023-12-22,0,-0.5412,8.6981,0.0566580813571087
prebreak,300694,2023-12-04,S,S,A,C,S,S,A,12.6426,12.76,12.09,0.67,,0,0.0,0.0,,0,0.0,0,0.0,0.0,,0,0.0,0,,,,0,,3.2909,0.460967312945898
prebreak,300919,2023-12-04,S,S,A,C,S,S,A,32.7461,35.19,33.64,1.55,,0,0.0,0.0,,0,0.0,0,0.0,0.0,,0,0.0,0,,,,0,,2.9408,0.2460677582652188
prebreak,301096,2023-12-04,S,S,A,C,S,S,A,62.2467,67.75,65.17,2.58,,0,0.0,0.0,,0,0.0,0,0.0,0.0,,0,0.0,0,,,,0,,3.9118,0.100195734769964
prebreak,603690,2023-12-04,S,S,A,C,S,S,A,26.101,27.63,26.21,1.42,,0,0.0,0.0,,0,0.0,0,0.0,0.0,,0,0.0,0,,,,0,,2.9409,0.0865562929948153
prebreak,300727,2023-12-06,S,S,A,C,S,S,A,21.5091,21.27,20.19,1.08,,0,0.0,0.0,,0,0.0,0,0.0,0.0,,0,0.0,0,,,,0,,0.5719,-0.022713611326442
prebreak,603819,2023-12-06,S,S,A,C,S,S,A,14.1681,13.44,12.89,0.55,,0,0.0,0.0,,0,0.0,0,0.0,0.0,,0,0.0,0,,,,0,,1.0749,0.0182548881566535
prebreak,002032,2023-12-07,S,S,A,C,S,S,A,45.4492,46.96,44.72,2.24,,0,0.0,0.0,,0,0.0,0,0.0,0.0,,0,0.0,0,,,,0,,1.4882,0.0310983080175373
prebreak,002197,2023-12-07,S,S,A,C,S,S,A,10.94,11.1,10.58,0.52,,0,0.0,0.0,,0,0.0,0,0.0,0.0,,0,0.0,0,,,,0,,0.7065,0.0287303058387395
prebreak,300393,2023-12-07,S,S,A,C,S,S,A,9.9144,10.34,9.84,0.5,,0,0.0,0.0,,0,0.0,0,0.0,0.0,,0,0.0,0,,,,0,,2.0906,0.0945938440485849
prebreak,301050,2023-12-07,S,S,A,C,S,S,A,41.0157,45.62,43.43,2.19,,0,0.0,0.0,,0,0.0,0,0.0,0.0,,0,0.0,0,,,,0,,6.9133,0.4443579818393761
prebreak,000049,2023-12-11,S,S,A,C,S,S,A,25.5738,29.79,28.65,1.14,,0,0.0,0.0,,0,0.0,0,0.0,0.0,,0,0.0,0,,,,0,,3.5936,0.0996054093806628
prebreak,002389,2023-12-11,S,S,A,C,S,S,A,19.0884,19.2,18.48,0.72,,0,0.0,0.0,,0,0.0,0,0.0,0.0,,0,0.0,0,,,,0,,0.5475,-0.0572646764217978
prebreak,002635,2023-12-11,S,S,A,C,S,S,A,13.819,13.88,13.18,0.7,,0,0.0,0.0,,0,0.0,0,0.0,0.0,,0,0.0,0,,,,0,,0.7554,-0.0119982953119269
prebreak,300919,2023-12-11,S,S,A,C,S,S,A,32.4152,33.43,31.71,1.72,,0,0.0,0.0,,0,0.0,0,0.0,0.0,,0,0.0,0,,,,0,,1.337,0.1230417082911317
prebreak,301096,2023-12-11,S,S,A,C,S,S,A,61.8188,62.73,60.04,2.69,,0,0.0,0.0,,0,0.0,0,0.0,0.0,,0,0.0,0,,,,0,,0.8475,-0.0873656854886771
prebreak,603035,2023-12-11,S,S,A,C,S,S,A,17.7238,18.85,18.0,0.85,,0,0.0,0.0,,0,0.0,0,0.0,0.0,,0,0.0,0,,,,0,,3.6333,0.2868950167011277
prebreak,603690,2023-12-11,S,S,A,C,S,S,A,26.0615,26.14,25.23,0.91,,0,0.0,0.0,,0,0.0,0,0.0,0.0,,0,0.0,1,26.14,25.23,2024-01-03,1,-1.0212,1.7937,0.0014939147139994
prebreak,002074,2023-12-12,S,S,A,C,S,S,A,21.8638,22.32,21.22,1.1,,0,0.0,0.0,,0,0.0,0,0.0,0.0,,0,0.0,0,,,,0,,3.7727,0.2215951286105708
prebreak,002402,2023-12-12,S,S,A,C,S,S,A,13.8322,13.49,12.78,0.71,,0,0.0,0.0,,0,0.0,0,0.0,0.0,,0,0.0,0,,,,0,,1.293,-0.0442873646449581
prebreak,002935,2023-12-12,S,S,A,C,S,S,A,15.5638,15.83,15.01,0.82,,0,0.0,0.0,,0,0.0,0,0.0,0.0,,0,0.0,1,15.83,15.01,2024-01-18,1,-1.014,3.6633,-0.0172522186526701
prebreak,300589,2023-12-12,S,S,A,C,S,S,A,13.7543,14.05,13.46,0.59,,0,0.0,0.0,,0,0.0,0,0.0,0.0,,0,0.0,1,14.05,13.46,2024-01-08,1,-1.0175,2.5221,0.0312149275829669
prebreak,300656,2023-12-12,S,S,A,C,S,S,A,26.9175,27.11,25.81,1.3,,0,0.0,0.0,,0,0.0,0,0.0,0.0,,0,0.0,0,,,,0,,9.7791,0.4083381874516467
prebreak,300666,2023-12-12,S,S,A,C,S,S,A,59.433,59.8,57.09,2.71,,0,0.0,0.0,,0,0.0,0,0.0,0.0,,0,0.0,0,,,,0,,0.9132,-0.0480413864629832
prebreak,300747,2023-12-12,S,S,A,C,S,S,A,24.3709,24.64,23.57,1.07,,0,0.0,0.0,,0,0.0,0,0.0,0.0,,0,0.0,0,,,,0,,2.1121,0.2942172250980956
prebreak,300911,2023-12-12,S,S,A,C,S,S,A,21.5174,21.88,20.96,0.92,,0,0.0,0.0,,0,0.0,0,0.0,0.0,,0,0.0,0,,,,0,,4.0555,0.0438038588389577
prebreak,600764,2023-12-12,S,S,A,C,S,S,A,23.6844,23.08,22.11,0.97,,0,0.0,0.0,,0,0.0,0,0.0,0.0,,0,0.0,0,,,,0,,1.2121,0.0271204990972457
prebreak,000155,2023-12-14,S,S,A,C,S,S,A,11.996,12.49,11.93,0.56,,0,0.0,0.0,,0,0.0,0,0.0,0.0,,0,0.0,0,,,,0,,1.4921,-0.0023661036883926
prebreak,002430,2023-12-14,S,S,A,C,S,S,A,28.0939,30.36,28.93,1.43,,0,0.0,0.0,,0,0.0,0,0.0,0.0,,0,0.0,0,,,,0,,2.2553,0.0711906643076287
prebreak,002805,2023-12-14,S,S,A,C,S,S,A,14.01,16.32,15.49,0.83,,0,0.0,0.0,,0,0.0,1,16.32,16.05,2023-12-28,0,-0.34,1,16.32,15.67,2024-01-02,0,-0.7976,2.8469,0.0414805360561583
prebreak,300393,2023-12-14,S,S,A,C,S,S,A,9.4757,10.34,9.84,0.5,,0,0.0,0.0,,0,0.0,0,0.0,0.0,,0,0.0,0,,,,0,,2.0906,0.0945938440485849
prebreak,301050,2023-12-14,S,S,A,C,S,S,A,40.5485,42.05,39.95,2.1,,0,0.0,0.0,,0,0.0,0,0.0,0.0,,0,0.0,0,,,,0,,6.9133,0.3313295295121825
prebreak,603995,2023-12-14,S,S,A,C,S,S,A,18.2647,19.33,18.5,0.83,,0,0.0,0.0,,0,0.0,0,0.0,0.0,,0,0.0,0,,,,0,,4.0695,0.2783903360174804
prebreak,000887,2023-12-15,S,S,A,C,S,S,A,12.052,12.72,12.14,0.58,,0,0.0,0.0,,0,0.0,0,0.0,0.0,,0,0.0,0,,,,0,,1.0701,0.1605966929245834
prebreak,002023,2023-12-15,S,S,A,C,S,S,A,9.3514,9.6,9.1,0.5,,0,0.0,0.0,,0,0.0,0,0.0,0.0,,0,0.0,0,,,,0,,3.3436,0.595024140478686
prebreak,002352,2023-12-15,S,S,A,C,S,S,A,37.0272,38.8,36.86,1.94,,0,0.0,0.0,,0,0.0,0,0.0,0.0,,0,0.0,0,,,,0,,3.4813,0.2444878133804593
prebreak,002859,2023-12-15,S,S,A,C,S,S,A,23.9332,24.62,23.44,1.18,,0,0.0,0.0,,0,0.0,0,0.0,0.0,,0,0.0,0,,,,0,,5.6642,0.2377481453126622
prebreak,300073,2023-12-15,S,S,A,C,S,S,A,35.6634,37.23,35.42,1.81,,0,0.0,0.0,,0,0.0,1,37.23,37.0806,2023-12-29,0,-0.0981,1,37.23,36.6438,2024-01-02,0,-0.3393,1.9069,-0.0633972598085255
prebreak,300077,2023-12-15,S,S,A,C,S,S,A,11.81,11.99,11.38,0.61,,0,0.0,0.0,,0,0.0,0,0.0,0.0,,0,0.0,0,,,,0,,9.356,0.4189349112426037
prebreak,300139,2023-12-15,S,S,A,C,S,S,A,10.3222,10.61,10.08,0.53,,0,0.0,0.0,,0,0.0,0,0.0,0.0,,0,0.0,0,,,,0,,5.404,0.2313156923751969
prebreak,300183,2023-12-15,S,S,A,C,S,S,A,15.2753,15.96,15.2,0.76,,0,0.0,0.0,,0,0.0,0,0.0,0.0,,0,0.0,0,,,,0,,2.6604,0.3009890875542982
prebreak,300618,2023-12-15,S,S,A,C,S,S,A,27.1493,29.52,28.02,1.5,,0,0.0,0.0,,0,0.0,0,0.0,0.0,,0,0.0,0,,,,0,,8.7451,0.3041198655538619
prebreak,300671,2023-12-15,S,S,A,C,S,S,A,32.52,33.89,32.32,1.57,,0,0.0,0.0,,0,0.0,0,0.0,0.0,,0,0.0,0,,,,0,,1.9432,0.2030528931487396
prebreak,300869,2023-12-15,S,S,A,C,S,S,A,19.9367,20.88,19.86,1.02,,0,0.0,0.0,,0,0.0,0,0.0,0.0,,0,0.0,0,,,,0,,4.9421,0.4330816746739876
prebreak,600380,2023-12-15,S,S,A,C,S,S,A,11.8662,12.07,11.48,0.59,,0,0.0,0.0,,0,0.0,0,0.0,0.0,,0,0.0,0,,,,0,,1.2262,0.0294834790604956
prebreak,600456,2023-12-15,S,S,A,C,S,S,A,30.0408,31.89,30.38,1.51,,0,0.0,0.0,,0,0.0,0,0.0,0.0,,0,0.0,0,,,,0,,3.2838,0.2223343915844593
prebreak,600522,2023-12-15,S,S,A,C,S,S,A,11.7564,12.51,11.93,0.58,,0,0.0,0.0,,0,0.0,0,0.0,0.0,,0,0.0,0,,,,0,,1.8284,0.1364013011808946
prebreak,000519,2023-12-19,S,S,A,C,S,S,A,13.7597,14.68,13.95,0.73,,0,0.0,0.0,,0,0.0,0,0.0,0.0,,0,0.0,0,,,,0,,8.9789,0.1280569057976013
prebreak,002074,2023-12-19,S,S,A,C,S,S,A,19.878,22.32,21.22,1.1,,0,0.0,0.0,,0,0.0,0,0.0,0.0,,0,0.0,0,,,,0,,3.7727,0.2215951286105708
prebreak,002402,2023-12-19,S,S,A,C,S,S,A,13.6371,14.12,13.47,0.65,,0,0.0,0.0,,0,0.0,0,0.0,0.0,,0,0.0,0,,,,0,,1.2335,0.0899850239928665
prebreak,300236,2023-12-19,S,S,A,C,S,S,A,34.5756,36.4,34.73,1.67,,0,0.0,0.0,,0,0.0,0,0.0,0.0,,0,0.0,0,,,,0,,7.9118,0.2408818080328405
prebreak,300656,2023-12-19,S,S,A,C,S,S,A,24.092,27.11,25.81,1.3,,0,0.0,0.0,,0,0.0,0,0.0,0.0,,0,0.0,0,,,,0,,9.7791,0.4083381874516467
prebreak,300666,2023-12-19,S,S,A,C,S,S,A,56.4836,59.8,57.09,2.71,,0,0.0,0.0,,0,0.0,0,0.0,0.0,,0,0.0,0,,,,0,,3.9774,0.2226422457367898
prebreak,600741,2023-12-19,S,S,A,C,S,S,A,13.9834,14.55,13.84,0.71,,0,0.0,0.0,,0,0.0,0,0.0,0.0,,0,0.0,0,,,,0,,1.4731,0.0354301718053491
prebreak,601021,2023-12-19,S,S,A,C,S,S,A,47.5582,50.03,47.64,2.39,,0,0.0,0.0,,0,0.0,0,0.0,0.0,,0,0.0,1,50.03,49.2942,2024-01-11,0,-0.3236,1.9018,0.0125761045317527
prebreak,688589,2023-12-19,S,S,A,C,S,S,A,26.5365,27.28,26.01,1.27,,0,0.0,0.0,,0,0.0,1,27.28,26.5567,2024-01-03,0,-0.5855,1,27.28,26.3408,2024-01-04,0,-0.7554,1.5212,0.0075311251511682
prebreak,000155,2023-12-21,S,S,A,C,S,S,A,12.6554,12.51,11.89,0.62,,1,12.51,12.4711,2023-12-26,0,-0.078,1,12.51,12.4711,2023-12-26,0,-0.078,1,12.51,12.4711,2023-12-26,0,-0.078,1.5786,0.0453871333909881
prebreak,002396,2023-12-21,S,S,A,C,S,S,A,13.1826,14.15,13.52,0.63,,0,0.0,0.0,,0,0.0,0,0.0,0.0,,0,0.0,0,,,,0,,3.0526,0.2063417221620422
prebreak,002438,2023-12-21,S,S,A,C,S,S,A,11.3349,10.27,9.74,0.53,,0,0.0,0.0,,0,0.0,0,0.0,0.0,,0,0.0,0,,,,0,,1.4731,0.0191972778573608
prebreak,300142,2023-12-21,S,S,A,C,S,S,A,21.8335,22.66,21.8,0.86,,0,0.0,0.0,,0,0.0,0,0.0,0.0,,0,0.0,0,,,,0,,1.1005,-0.0531936482564553
prebreak,300393,2023-12-21,S,S,A,C,S,S,A,9.2515,10.34,9.84,0.5,,0,0.0,0.0,,0,0.0,0,0.0,0.0,,0,0.0,1,10.34,9.84,2024-01-22,1,-1.0151,2.0906,0.0945938440485849
prebreak,300402,2023-12-21,S,S,A,C,S,S,A,18.0204,17.4,16.6,0.8,,1,17.4,19.1671,2023-12-28,0,2.1909,1,17.4,21.8558,2024-01-05,0,5.5497,1,17.4,21.24,2024-01-03,1,4.7804,1.583,0.0263771618782662
prebreak,300590,2023-12-21,S,S,A,C,S,S,A,11.0442,11.7,11.1,0.6,,0,0.0,0.0,,0,0.0,0,0.0,0.0,,0,0.0,0,,,,0,,5.4579,0.2921677365997779
prebreak,301050,2023-12-21,S,S,A,C,S,S,A,38.7285,42.05,39.95,2.1,,0,0.0,0.0,,0,0.0,0,0.0,0.0,,0,0.0,0,,,,0,,6.9133,0.3313295295121825
prebreak,600171,2023-12-21,S,S,A,C,S,S,A,14.0502,15.13,14.41,0.72,,0,0.0,0.0,,0,0.0,0,0.0,0.0,,0,0.0,0,,,,0,,8.5502,0.2158295730066393
prebreak,688187,2023-12-21,S,S,A,C,S,S,A,32.2685,36.73,34.9,1.83,,0,0.0,0.0,,0,0.0,0,0.0,0.0,,0,0.0,0,,,,0,,1.5,0.1679557122887265
prebreak,000668,2023-12-25,S,S,A,C,S,S,A,12.2028,12.82,12.19,0.63,,0,0.0,0.0,,0,0.0,0,0.0,0.0,,0,0.0,0,,,,0,,0.7569,0.0804730764197854
prebreak,002389,2023-12-25,S,S,A,C,S,S,A,18.078,19.28,18.48,0.8,,0,0.0,0.0,,0,0.0,0,0.0,0.0,,0,0.0,0,,,,0,,1.7989,0.4982358446885704
prebreak,002733,2023-12-25,S,S,A,C,S,S,A,14.3609,14.33,13.61,0.72,,1,14.33,14.7419,2024-01-02,0,0.5566,1,14.33,14.3414,2024-01-09,0,0.0007,1,14.33,13.61,2024-01-22,1,-1.0145,1.6637,-0.0201494447996876
prebreak,301318,2023-12-25,S,S,A,C,S,S,A,24.2659,24.18,22.93,1.25,,0,0.0,0.0,,0,0.0,0,0.0,0.0,,0,0.0,0,,,,0,,0.8801,0.0223688198536957
prebreak,600138,2023-12-25,S,S,A,C,S,S,A,10.1125,10.54,10.03,0.51,,0,0.0,0.0,,0,0.0,0,0.0,0.0,,0,0.0,0,,,,0,,0.9926,-0.0095468952898805
prebreak,600718,2023-12-25,S,S,A,C,S,S,A,8.8519,9.69,9.17,0.52,,0,0.0,0.0,,0,0.0,0,0.0,0.0,,0,0.0,0,,,,0,,3.1709,0.2836750692764644
prebreak,600996,2023-12-25,S,S,A,C,S,S,A,8.84,10.57,10.03,0.54,,0,0.0,0.0,,0,0.0,0,0.0,0.0,,0,0.0,0,,,,0,,1.3806,0.2464622641509433
prebreak,002780,2023-12-27,S,S,A,C,S,S,A,12.8536,13.83,13.22,0.61,,1,13.83,14.3781,2024-01-04,0,0.8807,1,13.83,14.3881,2024-01-11,0,0.897,1,13.83,13.83,2024-01-12,1,-0.0172,2.1491,0.0205829263113188
prebreak,003042,2023-12-27,S,S,A,C,S,S,A,17.59,19.61,18.64,0.97,,1,19.61,19.7,2024-01-04,0,0.0774,1,19.61,18.64,2024-01-08,1,-1.0147,1,19.61,18.64,2024-01-08,1,-1.0147,1.733,0.0245559038662486
prebreak,300433,2023-12-27,S,S,A,C,S,S,A,12.0074,12.28,11.76,0.52,,1,12.28,12.2552,2024-01-03,0,-0.0657,1,12.28,12.2552,2024-01-03,0,-0.0657,1,12.28,12.2552,2024-01-03,0,-0.0657,1.7755,-0.0155795458648393
prebreak,600038,2023-12-27,S,S,A,C,S,S,A,37.235,37.11,35.64,1.47,,0,0.0,0.0,,0,0.0,0,0.0,0.0,,0,0.0,0,,,,0,,1.0695,0.0107601210857763
prebreak,600055,2023-12-27,S,S,A,C,S,S,A,15.9546,16.6,15.77,0.83,,0,0.0,0.0,,0,0.0,0,0.0,0.0,,0,0.0,0,,,,0,,1.3436,-0.058778721955391
prebreak,600258,2023-12-27,S,S,A,C,S,S,A,13.8402,14.89,14.16,0.73,,0,0.0,0.0,,0,0.0,0,0.0,0.0,,0,0.0,0,,,,0,,5.4356,0.3466850908396872
prebreak,601137,2023-12-27,S,S,A,C,S,S,A,13.7864,13.88,13.14,0.74,,1,13.88,14.2676,2024-01-04,0,0.5092,1,13.88,14.881,2024-01-11,0,1.3376,1,13.88,13.88,2024-01-08,1,-0.0143,1.7115,-0.0829658533951535
prebreak,603100,2023-12-27,S,S,A,C,S,S,A,18.9815,19.11,18.11,1.0,,0,0.0,0.0,,0,0.0,0,0.0,0.0,,0,0.0,0,,,,0,,1.2993,-0.084071941715442
prebreak,605567,2023-12-27,S,S,A,C,S,S,A,12.2358,12.09,11.51,0.58,,0,0.0,0.0,,0,0.0,0,0.0,0.0,,0,0.0,0,,,,0,,0.5431,-0.0904419092577163
prebreak,688981,2023-12-27,S,S,A,C,S,S,A,51.91,55.35,52.74,2.61,,0,0.0,0.0,,0,0.0,0,0.0,0.0,,0,0.0,0,,,,0,,6.855,0.1711807024968261
prebreak,000532,2023-12-28,S,S,A,C,S,S,A,11.9756,11.47,10.9,0.57,,1,11.47,12.5155,2024-01-05,0,1.8178,1,11.47,12.7511,2024-01-12,0,2.2308,1,11.47,13.99,2024-01-18,1,4.403,2.3156,0.0064525270242292
prebreak,001318,2023-12-28,S,S,A,C,S,S,A,14.0908,13.21,12.57,0.64,,0,0.0,0.0,,0,0.0,0,0.0,0.0,,0,0.0,0,,,,0,,0.8415,0.0185960447989519
prebreak,002008,2023-12-28,S,S,A,C,S,S,A,19.9307,20.07,19.13,0.94,,0,0.0,0.0,,0,0.0,0,0.0,0.0,,0,0.0,0,,,,0,,1.3137,-0.0618232736333852
prebreak,002396,2023-12-28,S,S,A,C,S,S,A,13.1234,13.24,12.63,0.61,,0,0.0,0.0,,0,0.0,0,0.0,0.0,,0,0.0,0,,,,0,,1.0667,-0.0550700692493957
prebreak,002438,2023-12-28,S,S,A,C,S,S,A,11.1428,10.27,9.74,0.53,,1,10.27,11.0852,2024-01-05,0,1.5224,1,10.27,11.2389,2024-01-12,0,1.8122,1,10.27,10.27,2024-01-18,1,-0.0147,1.8179,0.016290821741798
prebreak,002646,2023-12-28,S,S,A,C,S,S,A,13.2713,13.43,12.73,0.7,,0,0.0,0.0,,0,0.0,0,0.0,0.0,,0,0.0,0,,,,0,,,
prebreak,002805,2023-12-28,S,S,A,C,S,S,A,16.05,16.32,15.49,0.83,,0,0.0,0.0,,0,0.0,0,0.0,0.0,,0,0.0,0,,,,0,,3.1798,0.3399014778325124
prebreak,300393,2023-12-28,S,S,A,C,S,S,A,10.1581,10.34,9.84,0.5,,0,0.0,0.0,,0,0.0,0,0.0,0.0,,0,0.0,1,10.34,9.84,2024-01-22,1,-1.0151,2.0906,0.0945938440485849
prebreak,300590,2023-12-28,S,S,A,C,S,S,A,11.2749,11.7,11.1,0.6,,0,0.0,0.0,,0,0.0,0,0.0,0.0,,0,0.0,0,,,,0,,5.4579,0.2921677365997779
prebreak,600171,2023-12-28,S,S,A,C,S,S,A,13.7743,15.13,14.41,0.72,,0,0.0,0.0,,0,0.0,0,0.0,0.0,,0,0.0,0,,,,0,,8.5502,0.2158295730066393
prebreak,603529,2023-12-28,S,S,A,C,S,S,A,22.8033,23.03,21.83,1.2,,1,23.03,22.7119,2024-01-05,0,-0.2795,1,23.03,23.2696,2024-01-12,0,0.185,1,23.03,24.7691,2024-01-30,1,1.4338,1.6169,-0.1177609939345223
prebreak,688187,2023-12-28,S,S,A,C,S,S,A,34.1544,33.04,31.5,1.54,,0,0.0,0.0,,0,0.0,0,0.0,0.0,,0,0.0,0,,,,0,,0.988,-0.0703591776584616
prebreak,000887,2023-12-29,S,S,A,C,S,S,A,11.9554,12.05,11.53,0.52,,0,0.0,0.0,,0,0.0,0,0.0,0.0,,0,0.0,0,,,,0,,0.9522,-0.0379684448880836
prebreak,000921,2023-12-29,S,S,A,C,S,S,A,17.7929,18.01,17.14,0.87,,0,0.0,0.0,,0,0.0,0,0.0,0.0,,0,0.0,0,,,,0,,1.0936,-0.0523664807587738
prebreak,002859,2023-12-29,S,S,A,C,S,S,A,24.2738,24.18,22.92,1.26,,0,0.0,0.0,,0,0.0,0,0.0,0.0,,0,0.0,0,,,,0,,0.8811,-0.0195803518870838
prebreak,300073,2023-12-29,S,S,A,C,S,S,A,37.0806,37.23,35.42,1.81,,0,0.0,0.0,,0,0.0,1,37.23,37.0418,2024-01-15,0,-0.1195,1,37.23,35.42,2024-01-18,1,-1.015,1.9786,0.0419419236848921
prebreak,300077,2023-12-29,S,S,A,C,S,S,A,11.29,11.99,11.38,0.61,,0,0.0,0.0,,0,0.0,0,0.0,0.0,,0,0.0,0,,,,0,,9.356,0.4189349112426037
prebreak,300257,2023-12-29,S,S,A,C,S,S,A,15.3627,15.61,14.86,0.75,,1,15.61,15.4504,2024-01-04,0,-0.2285,1,15.61,15.4504,2024-01-04,0,-0.2285,1,15.61,15.4504,2024-01-04,0,-0.2285,1.8873,0.0418817901560688
prebreak,300408,2023-12-29,S,S,A,C,S,S,A,28.6645,28.57,27.36,1.21,,0,0.0,0.0,,0,0.0,0,0.0,0.0,,0,0.0,0,,,,0,,0.965,0.00454792180904
prebreak,300618,2023-12-29,S,S,A,C,S,S,A,27.9394,26.86,25.51,1.35,,0,0.0,0.0,,0,0.0,0,0.0,0.0,,0,0.0,0,,,,0,,0.7348,-0.0517068094453577
prebreak,600406,2023-12-29,S,S,A,C,S,S,A,20.7266,20.79,19.71,1.08,,0,0.0,0.0,,0,0.0,0,0.0,0.0,,0,0.0,0,,,,0,,1.0565,0.0364945810378696
prebreak,600456,2023-12-29,S,S,A,C,S,S,A,30.2917,31.89,30.38,1.51,,0,0.0,0.0,,0,0.0,0,0.0,0.0,,0,0.0,0,,,,0,,3.2838,0.2223343915844593
prebreak,603612,2023-12-29,S,S,A,C,S,S,A,15.1773,14.31,13.7,0.61,,0,0.0,0.0,,0,0.0,0,0.0,0.0,,0,0.0,0,,,,0,,0.997,-0.0816118258957174
prebreak,000792,2024-01-02,S,S,A,C,S,S,A,15.74,15.62,14.8,0.82,,0,0.0,0.0,,0,0.0,0,0.0,0.0,,0,0.0,0,,,,0,,0.651,-0.0006397952655151
prebreak,002389,2024-01-02,S,S,A,C,S,S,A,18.6625,18.46,17.54,0.92,,0,0.0,0.0,,0,0.0,0,0.0,0.0,,0,0.0,0,,,,0,,1.162,-0.0145108899995201
prebreak,002733,2024-01-02,S,S,A,C,S,S,A,14.7419,14.33,13.61,0.72,,0,0.0,0.0,,0,0.0,0,0.0,0.0,,0,0.0,0,,,,0,,0.7404,0.0046823843389505
prebreak,003002,2024-01-02,S,S,A,C,S,S,A,14.4696,13.61,12.92,0.69,,1,13.61,14.18,2024-01-05,0,0.8106,1,13.61,14.18,2024-01-05,0,0.8106,1,13.61,14.18,2024-01-05,0,0.8106,3.7617,-0.0160848135260648
prebreak,600138,2024-01-02,S,S,A,C,S,S,A,10.4946,10.44,9.92,0.52,,0,0.0,0.0,,0,0.0,0,0.0,0.0,,0,0.0,0,,,,0,,1.3518,-0.0042739870624961
prebreak,600372,2024-01-02,S,S,A,C,S,S,A,12.7904,12.86,12.26,0.6,,0,0.0,0.0,,0,0.0,0,0.0,0.0,,0,0.0,0,,,,0,,2.0418,0.1279951591260226
prebreak,600547,2024-01-02,S,S,A,C,S,S,A,22.4317,22.83,21.8,1.03,,0,0.0,0.0,,0,0.0,0,0.0,0.0,,0,0.0,0,,,,0,,1.6335,0.1336359871840509
prebreak,600996,2024-01-02,S,S,A,C,S,S,A,8.9,10.57,10.03,0.54,,0,0.0,0.0,,0,0.0,0,0.0,0.0,,0,0.0,0,,,,0,,1.3806,0.2464622641509433
prebreak,601126,2024-01-02,S,S,A,C,S,S,A,12.9314,12.6,12.05,0.55,,0,0.0,0.0,,0,0.0,0,0.0,0.0,,0,0.0,0,,,,0,,1.0525,0.0204270072140881
prebreak,603035,2024-01-02,S,S,A,C,S,S,A,17.0998,16.75,16.08,0.67,,0,0.0,0.0,,0,0.0,0,0.0,0.0,,0,0.0,0,,,,0,,0.7905,-0.0642858625038955
prebreak,603319,2024-01-02,S,S,A,C,S,S,A,12.1771,12.17,11.54,0.63,,0,0.0,0.0,,0,0.0,0,0.0,0.0,,0,0.0,0,,,,0,,0.6047,-0.0334965535758222
prebreak,688526,2024-01-02,S,S,A,C,S,S,A,18.5063,16.89,16.28,0.61,,0,0.0,0.0,,0,0.0,0,0.0,0.0,,0,0.0,0,,,,0,,0.9227,-0.012657293128961
prebreak,002074,2024-01-03,S,S,A,C,S,S,A,20.7474,20.57,19.58,0.99,,0,0.0,0.0,,0,0.0,0,0.0,0.0,,0,0.0,0,,,,0,,0.5085,-0.0738241448759596
prebreak,002985,2024-01-03,S,S,A,C,S,S,A,33.4074,36.61,34.81,1.8,,0,0.0,0.0,,0,0.0,0,0.0,0.0,,0,0.0,0,,,,0,,1.617,0.2844816237280478
prebreak,300001,2024-01-03,S,S,A,C,S,S,A,20.6916,19.0,18.16,0.84,,0,0.0,0.0,,0,0.0,0,0.0,0.0,,0,0.0,0,,,,0,,0.9495,0.0310079492192132
prebreak,300589,2024-01-03,S,S,A,C,S,S,A,14.1031,13.83,13.15,0.68,,0,0.0,0.0,,0,0.0,0,0.0,0.0,,0,0.0,0,,,,0,,1.2717,0.0225480241930893
prebreak,300747,2024-01-03,S,S,A,C,S,S,A,22.8088,23.43,22.19,1.24,,0,0.0,0.0,,0,0.0,0,0.0,0.0,,0,0.0,0,,,,0,,2.2911,0.4453474086975419
prebreak,300856,2024-01-03,S,S,A,C,S,S,A,21.2339,21.03,20.06,0.97,,1,21.03,22.1783,2024-01-10,0,1.1666,1,21.03,22.5043,2024-01-17,0,1.5025,1,21.03,21.03,2024-01-22,1,-0.0165,3.5252,-0.0250351765099363
prebreak,300911,2024-01-03,S,S,A,C,S,S,A,20.2434,21.62,20.66,0.96,,0,0.0,0.0,,0,0.0,1,21.62,20.6082,2024-01-17,0,-1.0704,1,21.62,20.66,2024-01-18,1,-1.0165,4.0555,0.0314003394926083
prebreak,300976,2024-01-03,S,S,A,C,S,S,A,25.4685,25.6,24.38,1.22,,0,0.0,0.0,,0,0.0,0,0.0,0.0,,0,0.0,0,,,,0,,1.3465,0.0335032538914579
prebreak,600096,2024-01-03,S,S,A,C,S,S,A,13.9842,13.59,12.9,0.69,,1,13.59,13.8208,2024-01-08,0,0.3193,1,13.59,13.8208,2024-01-08,0,0.3193,1,13.59,13.8208,2024-01-08,0,0.3193,2.3175,0.0007401478903372
prebreak,600271,2024-01-03,S,S,A,C,S,S,A,10.3383,10.63,10.09,0.54,,0,0.0,0.0,,0,0.0,0,0.0,0.0,,0,0.0,0,,,,0,,4.2803,0.3564797531341774
prebreak,600573,2024-01-03,S,S,A,C,S,S,A,10.282,10.54,10.04,0.5,,0,0.0,0.0,,0,0.0,0,0.0,0.0,,0,0.0,0,,,,0,,6.3055,0.1357612662683212
prebreak,600764,2024-01-03,S,S,A,C,S,S,A,26.0529,23.83,22.68,1.15,,0,0.0,0.0,,0,0.0,0,0.0,0.0,,0,0.0,0,,,,0,,1.4651,0.0508062349573574
prebreak,601966,2024-01-03,S,S,A,C,S,S,A,18.0787,18.04,17.09,0.95,,0,0.0,0.0,,0,0.0,0,0.0,0.0,,0,0.0,0,,,,0,,0.8565,0.0191830799176493
prebreak,605378,2024-01-03,S,S,A,C,S,S,A,12.7009,11.93,11.33,0.6,,1,11.93,14.0472,2024-01-10,0,3.5113,1,11.93,11.6852,2024-01-17,0,-0.4228,1,11.93,14.17,2024-01-10,1,3.7159,2.8427,0.0109983635344932
prebreak,688589,2024-01-03,S,S,A,C,S,S,A,26.5567,27.28,26.01,1.27,,0,0.0,0.0,,0,0.0,0,0.0,0.0,,0,0.0,0,,,,0,,6.8661,0.6849283751643329
prebreak,002048,2024-01-04,S,S,A,C,S,S,A,11.9069,12.19,11.56,0.63,,0,0.0,0.0,,0,0.0,0,0.0,0.0,,0,0.0,0,,,,0,,0.9675,0.1004923012732101
prebreak,002832,2024-01-04,S,S,A,C,S,S,A,28.367,28.91,27.6,1.31,,0,0.0,0.0,,0,0.0,0,0.0,0.0,,0,0.0,0,,,,0,,2.1419,0.0790324546114795
prebreak,300433,2024-01-04,S,S,A,C,S,S,A,12.0455,12.28,11.76,0.52,,0,0.0,0.0,,0,0.0,0,0.0,0.0,,0,0.0,0,,,,0,,2.415,0.2319372604808078
prebreak,300783,2024-01-04,S,S,A,C,S,S,A,16.9908,17.32,16.71,0.61,,1,17.32,18.7465,2024-01-11,0,2.3154,1,17.32,18.4344,2024-01-12,0,1.8041,1,17.32,18.4344,2024-01-12,0,1.8041,7.5063,-0.0544463484041098
prebreak,301238,2024-01-04,S,S,A,C,S,S,A,16.6572,16.81,15.93,0.88,,1,16.81,18.5877,2024-01-11,0,2.0044,1,16.81,16.8609,2024-01-18,0,0.0433,1,16.81,16.81,2024-01-18,1,-0.0145,9.4459,-0.0030195497487993
prebreak,600012,2024-01-04,S,S,A,C,S,S,A,10.465,10.09,9.56,0.53,,0,0.0,0.0,,0,0.0,0,0.0,0.0,,0,0.0,0,,,,0,,0.6943,0.038329959592529
prebreak,600038,2024-01-04,S,S,A,C,S,S,A,37.3134,38.47,37.14,1.33,,0,0.0,0.0,,0,0.0,0,0.0,0.0,,0,0.0,0,,,,0,,2.839,0.2306578957527525
prebreak,600258,2024-01-04,S,S,A,C,S,S,A,14.3295,14.89,14.16,0.73,,0,0.0,0.0,,0,0.0,0,0.0,0.0,,0,0.0,0,,,,0,,5.4356,0.3466850908396872
prebreak,600486,2024-01-04,S,S,A,C,S,S,A,60.1366,61.99,59.31,2.68,,0,0.0,0.0,,0,0.0,0,0.0,0.0,,0,0.0,0,,,,0,,0.9667,0.26674669176321
prebreak,600884,2024-01-04,S,S,A,C,S,S,A,12.8634,12.48,11.82,0.66,,0,0.0,0.0,,0,0.0,0,0.0,0.0,,0,0.0,0,,,,0,,0.6478,-0.0429261570442575
prebreak,600887,2024-01-04,S,S,A,C,S,S,A,22.6845,23.57,22.49,1.08,,0,0.0,0.0,,0,0.0,0,0.0,0.0,,0,0.0,1,23.57,23.4095,2024-01-24,0,-0.1651,1.7175,0.0378378249905635
prebreak,601137,2024-01-04,S,S,A,C,S,S,A,14.2676,13.88,13.14,0.74,,0,0.0,0.0,,0,0.0,0,0.0,0.0,,0,0.0,0,,,,0,,0.8627,-0.0348275779828256
prebreak,601168,2024-01-04,S,S,A,C,S,S,A,13.4684,11.94,11.38,0.56,,0,0.0,0.0,,0,0.0,0,0.0,0.0,,0,0.0,0,,,,0,,1.2003,0.0302006334947542
prebreak,603209,2024-01-04,S,S,A,C,S,S,A,17.6521,16.03,15.28,0.75,,1,16.03,16.6036,2024-01-11,0,0.748,1,16.03,15.28,2024-01-16,1,-1.0156,1,16.03,15.28,2024-01-16,1,-1.0156,1.9248,0.0068740320669822
prebreak,688106,2024-01-04,S,S,A,C,S,S,A,22.0339,22.6,21.43,1.17,,0,0.0,0.0,,0,0.0,0,0.0,0.0,,0,0.0,0,,,,0,,7.1044,0.3716791784818622
prebreak,688981,2024-01-04,S,S,A,C,S,S,A,51.88,53.61,51.32,2.29,,0,0.0,0.0,,0,0.0,0,0.0,0.0,,0,0.0,0,,,,0,,6.855,0.1343630977570884
prebreak,000049,2024-01-09,S,S,A,C,S,S,A,23.9485,25.18,23.99,1.19,,0,0.0,0.0,,0,0.0,0,0.0,0.0,,0,0.0,0,,,,0,,3.6689,0.2348811938073782
prebreak,000792,2024-01-09,S,S,A,C,S,S,A,15.1,16.07,15.27,0.8,,0,0.0,0.0,,0,0.0,0,0.0,0.0,,0,0.0,0,,,,0,,2.1296,0.0909708078750848
prebreak,002179,2024-01-09,S,S,A,C,S,S,A,32.6282,37.62,35.82,1.8,,0,0.0,0.0,,0,0.0,0,0.0,0.0,,0,0.0,0,,,,0,,1.282,0.1004063783768904
prebreak,002389,2024-01-09,S,S,A,C,S,S,A,16.9488,18.46,17.54,0.92,,0,0.0,0.0,,0,0.0,0,0.0,0.0,,0,0.0,0,,,,0,,3.8962,0.3659024056115296
prebreak,002507,2024-01-09,S,S,A,C,S,S,A,12.1342,13.18,12.53,0.65,,0,0.0,0.0,,0,0.0,0,0.0,0.0,,0,0.0,0,,,,0,,2.5253,0.0551507755104505
prebreak,003002,2024-01-09,S,S,A,C,S,S,A,13.9387,13.61,12.92,0.69,,0,0.0,0.0,,0,0.0,0,0.0,0.0,,0,0.0,0,,,,0,,0.8158,0.0042382209523852
prebreak,300775,2024-01-09,S,S,A,C,S,S,A,26.4755,27.64,26.19,1.45,,0,0.0,0.0,,0,0.0,0,0.0,0.0,,0,0.0,0,,,,0,,4.0121,0.2471343968268904
prebreak,301032,2024-01-09,S,S,A,C,S,S,A,9.6998,10.1,9.58,0.52,,0,0.0,0.0,,0,0.0,0,0.0,0.0,,0,0.0,0,,,,0,,5.7019,0.5780414820504649
prebreak,301318,2024-01-09,S,S,A,C,S,S,A,24.5845,26.51,25.14,1.37,,0,0.0,0.0,,0,0.0,0,0.0,0.0,,0,0.0,0,,,,0,,6.9631,0.1156422423048704
prebreak,600138,2024-01-09,S,S,A,C,S,S,A,10.7592,10.93,10.37,0.56,,1,10.93,10.8082,2024-01-16,0,-0.2322,1,10.93,10.37,2024-01-18,1,-1.0142,1,10.93,10.37,2024-01-18,1,-1.0142,2.1253,0.064343987992582
prebreak,600372,2024-01-09,S,S,A,C,S,S,A,11.8908,13.02,12.52,0.5,,0,0.0,0.0,,0,0.0,0,0.0,0.0,,0,0.0,0,,,,0,,5.7965,0.1704279110105842
prebreak,600562,2024-01-09,S,S,A,C,S,S,A,12.5072,13.52,12.92,0.6,,0,0.0,0.0,,0,0.0,0,0.0,0.0,,0,0.0,0,,,,0,,1.9276,0.1423156995351211
prebreak,601126,2024-01-09,S,S,A,C,S,S,A,13.1138,13.25,12.68,0.57,,0,0.0,0.0,,0,0.0,0,0.0,0.0,,0,0.0,0,,,,0,,1.2296,0.0490499526058303
prebreak,601231,2024-01-09,S,S,A,C,S,S,A,13.3667,14.09,13.41,0.68,,0,0.0,0.0,,0,0.0,0,0.0,0.0,,0,0.0,0,,,,0,,2.4538,0.0444127101897569
prebreak,603035,2024-01-09,S,S,A,C,S,S,A,15.7586,16.75,16.08,0.67,,0,0.0,0.0,,0,0.0,0,0.0,0.0,,0,0.0,0,,,,0,,2.2815,0.1373999947294153
prebreak,603261,2024-01-09,S,S,A,C,S,S,A,36.8,33.86,32.34,1.52,,0,0.0,0.0,,0,0.0,0,0.0,0.0,,0,0.0,0,,,,0,,1.28,-0.0041176470588235
prebreak,603439,2024-01-09,S,S,A,C,S,S,A,17.878,18.08,17.14,0.94,,0,0.0,0.0,,0,0.0,0,0.0,0.0,,0,0.0,0,,,,0,,1.254,-0.032042707937793
prebreak,688297,2024-01-09,S,S,A,C,S,S,A,34.7771,42.2,40.07,2.13,,0,0.0,0.0,,0,0.0,0,0.0,0.0,,0,0.0,0,,,,0,,8.9428,0.3775651828406317
prebreak,002831,2024-01-11,S,S,A,C,S,S,A,17.1798,17.19,16.33,0.86,,0,0.0,0.0,,0,0.0,0,0.0,0.0,,0,0.0,0,,,,0,,0.6326,0.0058876450619373
prebreak,300401,2024-01-11,S,S,A,C,S,S,A,10.857,11.66,11.1,0.56,,0,0.0,0.0,,0,0.0,0,0.0,0.0,,0,0.0,0,,,,0,,1.9025,0.226436157854837
prebreak,300433,2024-01-11,S,S,A,C,S,S,A,11.6834,12.28,11.76,0.52,,0,0.0,0.0,,0,0.0,0,0.0,0.0,,0,0.0,0,,,,0,,2.415,0.2319372604808078
prebreak,300783,2024-01-11,S,S,A,C,S,S,A,18.7465,17.32,16.71,0.61,,1,17.32,18.7757,2024-01-18,0,2.3634,1,17.32,16.71,2024-01-22,1,-1.0209,1,17.32,17.32,2024-01-22,1,-0.0216,4.733,-0.0349186099472382
prebreak,301238,2024-01-11,S,S,A,C,S,S,A,18.5877,16.81,15.93,0.88,,1,16.81,16.8609,2024-01-18,0,0.0433,1,16.81,15.93,2024-01-22,1,-1.0139,1,16.81,15.93,2024-01-22,1,-1.0139,2.1384,0.0050765791975559
prebreak,600012,2024-01-11,S,S,A,C,S,S,A,10.1536,10.61,10.06,0.55,,0,0.0,0.0,,0,0.0,0,0.0,0.0,,0,0.0,0,,,,0,,1.2753,0.0878566904641251
prebreak,600038,2024-01-11,S,S,A,C,S,S,A,37.284,38.47,36.51,1.96,,0,0.0,0.0,,0,0.0,0,0.0,0.0,,0,0.0,0,,,,0,,2.839,0.2306578957527525
prebreak,600258,2024-01-11,S,S,A,C,S,S,A,14.1449,14.57,13.83,0.74,,1,14.57,13.83,2024-01-18,1,-1.0143,1,14.57,13.83,2024-01-18,1,-1.0143,1,14.57,13.83,2024-01-18,1,-1.0143,2.2088,-0.0062699090503522
prebreak,600884,2024-01-11,S,S,A,C,S,S,A,12.5695,12.48,11.82,0.66,,0,0.0,0.0,,0,0.0,0,0.0,0.0,,0,0.0,0,,,,0,,0.6008,0.0199081545028769
prebreak,601878,2024-01-11,S,S,A,C,S,S,A,9.4999,9.87,9.37,0.5,,0,0.0,0.0,,0,0.0,0,0.0,0.0,,0,0.0,0,,,,0,,1.7807,0.0702433264277855
prebreak,603209,2024-01-11,S,S,A,C,S,S,A,16.6036,16.03,15.28,0.75,,1,16.03,15.28,2024-01-16,1,-1.0156,1,16.03,15.28,2024-01-16,1,-1.0156,1,16.03,15.28,2024-01-16,1,-1.0156,1.6317,0.0254624757359109
prebreak,688106,2024-01-11,S,S,A,C,S,S,A,20.7124,22.6,21.43,1.17,,0,0.0,0.0,,0,0.0,0,0.0,0.0,,0,0.0,0,,,,0,,7.1044,0.3716791784818622
prebreak,688375,2024-01-11,S,S,A,C,S,S,A,47.1735,54.56,51.95,2.61,,0,0.0,0.0,,0,0.0,0,0.0,0.0,,0,0.0,0,,,,0,,5.3123,0.4221297011585205
prebreak,688981,2024-01-11,S,S,A,C,S,S,A,47.6,53.61,51.32,2.29,,0,0.0,0.0,,0,0.0,0,0.0,0.0,,0,0.0,0,,,,0,,6.855,0.1343630977570884
prebreak,000738,2024-01-15,S,S,A,C,S,S,A,16.9661,18.03,17.25,0.78,,0,0.0,0.0,,0,0.0,0,0.0,0.0,,0,0.0,0,,,,0,,0.9994,0.2147252969248685
prebreak,000960,2024-01-15,S,S,A,C,S,S,A,13.2809,13.61,13.11,0.5,,0,0.0,0.0,,0,0.0,0,0.0,0.0,,0,0.0,0,,,,0,,1.4319,0.1314977246943809
prebreak,002847,2024-01-15,S,S,A,C,S,S,A,46.9531,47.73,45.63,2.1,,0,0.0,0.0,,0,0.0,0,0.0,0.0,,0,0.0,0,,,,0,,1.0712,0.0291634560115652
prebreak,300073,2024-01-15,S,S,A,C,S,S,A,37.0418,37.23,35.43,1.8,,0,0.0,0.0,,0,0.0,0,0.0,0.0,,0,0.0,0,,,,0,,1.0527,0.0653856169678024
prebreak,300408,2024-01-15,S,S,A,C,S,S,A,25.0632,28.57,27.36,1.21,,0,0.0,0.0,,0,0.0,0,0.0,0.0,,0,0.0,0,,,,0,,1.2416,0.0486920427031136
prebreak,600406,2024-01-15,S,S,A,C,S,S,A,19.6215,21.03,19.97,1.06,,0,0.0,0.0,,0,0.0,0,0.0,0.0,,0,0.0,0,,,,0,,1.2825,0.0733049074525218
prebreak,603612,2024-01-15,S,S,A,C,S,S,A,14.0432,14.31,13.7,0.61,,0,0.0,0.0,,0,0.0,0,0.0,0.0,,0,0.0,0,,,,0,,2.7652,0.2563232165236071
prebreak,002389,2024-01-23,S,S,A,C,S,S,A,15.0865,18.46,17.54,0.92,,0,0.0,0.0,,0,0.0,0,0.0,0.0,,0,0.0,0,,,,0,,3.8962,0.3659024056115296
prebreak,002507,2024-01-23,S,S,A,C,S,S,A,11.7773,13.18,12.53,0.65,,0,0.0,0.0,,0,0.0,0,0.0,0.0,,0,0.0,1,13.18,12.53,2024-02-20,1,-1.0148,2.5253,0.0551507755104505
prebreak,003036,2024-01-23,S,S,A,C,S,S,A,10.4334,12.09,11.48,0.61,,0,0.0,0.0,,0,0.0,0,0.0,0.0,,0,0.0,0,,,,0,,0.5356,0.3764398112793659
prebreak,600138,2024-01-23,S,S,A,C,S,S,A,9.9655,10.93,10.37,0.56,,1,10.93,11.014,2024-01-29,0,0.135,1,10.93,11.014,2024-01-29,0,0.135,1,10.93,11.014,2024-01-29,0,0.135,3.5002,0.0787548350253637
prebreak,600188,2024-01-23,S,S,A,C,S,S,A,13.7986,14.64,13.98,0.66,,0,0.0,0.0,,0,0.0,0,0.0,0.0,,0,0.0,0,,,,0,,1.0433,0.0796123208667762
prebreak,603439,2024-01-23,S,S,A,C,S,S,A,15.791,18.08,17.14,0.94,,0,0.0,0.0,,0,0.0,0,0.0,0.0,,0,0.0,0,,,,0,,,
prebreak,605003,2024-01-23,S,S,A,C,S,S,A,17.1883,19.4,18.49,0.91,,0,0.0,0.0,,0,0.0,0,0.0,0.0,,0,0.0,0,,,,0,,5.7472,0.290507972720156
prebreak,002126,2024-01-24,S,S,A,C,S,S,A,15.3619,17.92,17.04,0.88,,0,0.0,0.0,,0,0.0,0,0.0,0.0,,0,0.0,1,17.92,17.04,2024-02-28,1,-1.0148,1.9973,0.1394077902359134
prebreak,002182,2024-01-24,S,S,A,C,S,S,A,11.473,13.22,12.52,0.7,,0,0.0,0.0,,0,0.0,0,0.0,0.0,,0,0.0,0,,,,0,,2.3475,0.1040375175505086
prebreak,002597,2024-01-24,S,S,A,C,S,S,A,17.4777,20.16,19.26,0.9,,0,0.0,0.0,,0,0.0,0,0.0,0.0,,0,0.0,0,,,,0,,6.1817,0.1635879180907471
prebreak,300911,2024-01-24,S,S,A,C,S,S,A,17.3194,19.88,18.99,0.89,,0,0.0,0.0,,0,0.0,0,0.0,0.0,,0,0.0,0,,,,0,,0.9985,0.1898705948183259
prebreak,600183,2024-01-24,S,S,A,C,S,S,A,14.9473,16.16,15.43,0.73,,0,0.0,0.0,,0,0.0,0,0.0,0.0,,0,0.0,0,,,,0,,1.0915,0.070985458847772
prebreak,600933,2024-01-24,S,S,A,C,S,S,A,18.101,19.23,18.26,0.97,,0,0.0,0.0,,0,0.0,0,0.0,0.0,,0,0.0,0,,,,0,,1.4086,0.0294067514920655
prebreak,600977,2024-01-24,S,S,A,C,S,S,A,11.2487,12.28,11.69,0.59,,1,12.28,11.69,2024-01-29,1,-1.0152,1,12.28,11.69,2024-01-29,1,-1.0152,1,12.28,11.69,2024-01-29,1,-1.0152,3.2281,0.0700911349413957
prebreak,603508,2024-01-24,S,S,A,C,S,S,A,11.7862,12.81,12.17,0.64,,0,0.0,0.0,,0,0.0,0,0.0,0.0,,0,0.0,0,,,,0,,2.5938,0.0692340359947625
prebreak,002832,2024-01-25,S,S,A,C,S,S,A,26.926,27.64,26.54,1.1,,0,0.0,0.0,,0,0.0,1,27.64,29.1053,2024-02-08,0,1.3121,1,27.64,26.54,2024-02-27,1,-1.0185,1.8352,0.0336903113055502
prebreak,300124,2024-01-25,S,S,A,C,S,S,A,54.6004,53.91,51.05,2.86,,0,0.0,0.0,,0,0.0,0,0.0,0.0,,0,0.0,0,,,,0,,1.2451,-0.1221055589440467
prebreak,300401,2024-01-25,S,S,A,C,S,S,A,10.1626,11.66,11.1,0.56,,0,0.0,0.0,,0,0.0,0,0.0,0.0,,0,0.0,0,,,,0,,1.9025,0.226436157854837
prebreak,300433,2024-01-25,S,S,A,C,S,S,A,11.3975,11.74,11.21,0.53,,0,0.0,0.0,,0,0.0,0,0.0,0.0,,0,0.0,0,,,,0,,1.1375,0.030051231861004
prebreak,301238,2024-01-25,S,S,A,C,S,S,A,15.755,17.12,16.5,0.62,,0,0.0,0.0,,0,0.0,0,0.0,0.0,,0,0.0,0,,,,0,,1.9302,0.1326741992863822
prebreak,600038,2024-01-25,S,S,A,C,S,S,A,34.9194,38.47,36.51,1.96,,0,0.0,0.0,,0,0.0,0,0.0,0.0,,0,0.0,0,,,,0,,2.839,0.2306578957527525
prebreak,600486,2024-01-25,S,S,A,C,S,S,A,52.5645,58.61,55.9,2.71,,0,0.0,0.0,,0,0.0,0,0.0,0.0,,0,0.0,0,,,,0,,2.6422,0.1695371535720282
prebreak,600876,2024-01-25,S,S,A,C,S,S,A,13.35,14.12,13.62,0.5,,0,0.0,0.0,,0,0.0,0,0.0,0.0,,0,0.0,0,,,,0,,,
prebreak,601137,2024-01-25,S,S,A,C,S,S,A,14.0695,15.08,14.29,0.79,,0,0.0,0.0,,0,0.0,0,0.0,0.0,,0,0.0,0,,,,0,,1.2938,0.1390533762052159
prebreak,603079,2024-01-25,S,S,A,C,S,S,A,13.1945,14.06,13.33,0.73,,0,0.0,0.0,,0,0.0,0,0.0,0.0,,0,0.0,0,,,,0,,0.2408,0.4987760418725735
prebreak,000048,2024-01-26,S,S,A,C,S,S,A,16.4291,16.0,15.17,0.83,,0,0.0,0.0,,0,0.0,0,0.0,0.0,,0,0.0,0,,,,0,,0.7905,-0.0585784165781558
prebreak,000768,2024-01-26,S,S,A,C,S,S,A,20.2291,22.31,21.42,0.89,,0,0.0,0.0,,0,0.0,0,0.0,0.0,,0,0.0,0,,,,0,,1.6109,0.1640089406453311
prebreak,002186,2024-01-26,S,S,A,C,S,S,A,12.64,12.15,11.56,0.59,,0,0.0,0.0,,0,0.0,0,0.0,0.0,,0,0.0,0,,,,0,,0.7695,0.042024013722127
prebreak,002205,2024-01-26,S,S,A,C,S,S,A,10.14,10.96,10.46,0.5,,0,0.0,0.0,,0,0.0,0,0.0,0.0,,0,0.0,0,,,,0,,4.5577,0.1823085221143474
prebreak,002311,2024-01-26,S,S,A,C,S,S,A,36.8147,40.12,38.21,1.91,,0,0.0,0.0,,0,0.0,0,0.0,0.0,,0,0.0,0,,,,0,,1.2862,0.0103516264686198
prebreak,002899,2024-01-26,S,S,A,C,S,S,A,15.1806,16.63,15.85,0.78,,0,0.0,0.0,,0,0.0,0,0.0,0.0,,0,0.0,0,,,,0,,3.1257,0.4509770893114866
prebreak,300961,2024-01-26,S,S,A,C,S,S,A,11.32,11.81,11.22,0.59,,0,0.0,0.0,,0,0.0,0,0.0,0.0,,0,0.0,0,,,,0,,2.1729,0.6968390804597702
prebreak,301062,2024-01-26,S,S,A,C,S,S,A,9.8409,10.34,9.84,0.5,,0,0.0,0.0,,0,0.0,0,0.0,0.0,,0,0.0,0,,,,0,,1.1868,0.0623129256490089
prebreak,000338,2024-02-06,S,S,A,C,S,S,A,13.8656,13.77,13.1,0.67,,1,13.77,14.5679,2024-02-21,0,1.1745,1,13.77,14.3788,2024-02-28,0,0.8925,1,13.77,15.92,2024-04-23,1,3.1913,1.7288,0.0900778641518691
prebreak,000050,2024-02-07,S,S,A,C,S,S,A,8.76,9.69,9.19,0.5,,0,0.0,0.0,,0,0.0,0,0.0,0.0,,0,0.0,0,,,,0,,1.2666,0.2834437086092716
prebreak,000423,2024-02-07,S,S,A,C,S,S,A,52.9856,44.84,42.83,2.01,,1,44.84,49.2487,2024-02-22,0,2.1751,1,44.84,51.1965,2024-02-29,0,3.1435,1,44.84,59.72,2024-05-31,1,7.3814,1.707,0.0372607804513254
prebreak,002643,2024-02-07,S,S,A,C,S,S,A,13.5433,13.97,13.26,0.71,,1,13.97,13.5337,2024-02-20,0,-0.629,1,13.97,13.5337,2024-02-20,0,-0.629,1,13.97,13.5337,2024-02-20,0,-0.629,1.8517,-0.0378036040925979
prebreak,600031,2024-02-07,S,S,A,C,S,S,A,12.9951,12.54,11.94,0.6,,1,12.54,13.2406,2024-02-20,0,1.1511,1,12.54,13.2406,2024-02-20,0,1.1511,1,12.54,13.2406,2024-02-20,0,1.1511,1.8502,-0.0157067346857
prebreak,600089,2024-02-07,S,S,A,C,S,S,A,13.7918,13.84,13.15,0.69,,0,0.0,0.0,,0,0.0,0,0.0,0.0,,0,0.0,0,,,,0,,1.3183,0.0341218699554242
prebreak,600096,2024-02-07,S,S,A,C,S,S,A,14.87,14.12,13.38,0.74,,1,14.12,15.5322,2024-02-22,0,1.8927,1,14.12,15.687,2024-02-29,0,2.1018,1,14.12,18.0177,2024-04-15,1,5.2494,2.0456,0.0319259018368154
prebreak,600346,2024-02-07,S,S,A,C,S,S,A,11.1767,11.41,10.81,0.6,,0,0.0,0.0,,0,0.0,0,0.0,0.0,,0,0.0,0,,,,0,,0.8844,0.0084936581239687
prebreak,600612,2024-02-07,S,S,A,C,S,S,A,61.6494,61.86,58.88,2.98,,1,61.86,61.569,2024-02-22,0,-0.1134,1,61.86,61.569,2024-02-29,0,-0.1134,1,61.86,76.4206,2024-03-29,0,4.8672,2.0347,0.0430269722618055
prebreak,600660,2024-02-07,S,S,A,C,S,S,A,37.7127,36.05,34.59,1.46,,0,0.0,0.0,,0,0.0,0,0.0,0.0,,0,0.0,0,,,,0,,1.0776,0.0133257213455
prebreak,601882,2024-02-07,S,S,A,C,S,S,A,23.7477,24.28,23.22,1.06,,1,24.28,23.22,2024-02-20,1,-1.0168,1,24.28,23.22,2024-02-20,1,-1.0168,1,24.28,23.22,2024-02-20,1,-1.0168,1.9267,0.0138320282484862
prebreak,000408,2024-02-08,S,S,A,C,S,S,A,24.2442,25.67,24.34,1.33,,0,0.0,0.0,,0,0.0,0,0.0,0.0,,0,0.0,0,,,,0,,1.3837,0.0519568376242272
prebreak,300433,2024-02-08,S,S,A,C,S,S,A,10.9019,11.74,11.21,0.53,,0,0.0,0.0,,0,0.0,0,0.0,0.0,,0,0.0,0,,,,0,,1.1375,0.030051231861004
prebreak,600845,2024-02-08,S,S,A,C,S,S,A,33.5291,34.67,33.05,1.62,,0,0.0,0.0,,0,0.0,0,0.0,0.0,,0,0.0,0,,,,0,,1.4217,0.0100899681749022
prebreak,601877,2024-02-08,S,S,A,C,S,S,A,18.1245,19.88,18.91,0.97,,0,0.0,0.0,,0,0.0,0,0.0,0.0,,0,0.0,0,,,,0,,1.1783,0.1912043097904296
prebreak,000768,2024-02-19,S,S,A,C,S,S,A,19.9733,19.45,18.49,0.96,,0,0.0,0.0,,0,0.0,0,0.0,0.0,,0,0.0,0,,,,0,,0.6616,0.0274489113552722
prebreak,002311,2024-02-19,S,S,A,C,S,S,A,39.8786,40.12,38.21,1.91,,0,0.0,0.0,,0,0.0,0,0.0,0.0,,0,0.0,0,,,,0,,0.9362,0.0374454048478367
prebreak,002984,2024-02-19,S,S,A,C,S,S,A,20.6121,20.94,19.88,1.06,,0,0.0,0.0,,0,0.0,0,0.0,0.0,,0,0.0,0,,,,0,,1.3816,0.0089546053168123
prebreak,600285,2024-02-19,S,S,A,C,S,S,A,16.6588,15.73,14.89,0.84,,0,0.0,0.0,,0,0.0,0,0.0,0.0,,0,0.0,0,,,,0,,1.2685,0.0148502648276152
prebreak,600893,2024-02-19,S,S,A,C,S,S,A,32.4199,33.62,31.98,1.64,,0,0.0,0.0,,0,0.0,0,0.0,0.0,,0,0.0,0,,,,0,,0.7606,0.0643500243717283
prebreak,600897,2024-02-19,S,S,A,C,S,S,A,12.121,12.23,11.61,0.62,,0,0.0,0.0,,0,0.0,0,0.0,0.0,,0,0.0,0,,,,0,,0.844,0.0152517560576534
prebreak,601717,2024-02-19,S,S,A,C,S,S,A,11.3264,11.4,10.85,0.55,,0,0.0,0.0,,0,0.0,0,0.0,0.0,,0,0.0,0,,,,0,,1.2065,0.021355939699835
prebreak,603195,2024-02-19,S,S,A,C,S,S,A,44.3815,42.38,40.27,2.11,,0,0.0,0.0,,0,0.0,0,0.0,0.0,,0,0.0,0,,,,0,,0.837,0.063020010097506
prebreak,002318,2024-02-20,S,S,A,C,S,S,A,19.1503,18.39,17.54,0.85,,0,0.0,0.0,,0,0.0,0,0.0,0.0,,0,0.0,0,,,,0,,0.9065,0.026711131993397
prebreak,000338,2024-02-21,S,S,A,C,S,S,A,14.5679,13.77,13.1,0.67,,0,0.0,0.0,,0,0.0,0,0.0,0.0,,0,0.0,0,,,,0,,0.8324,0.0389804642697502
prebreak,000792,2024-02-21,S,S,A,C,S,S,A,15.32,15.69,14.9,0.79,,0,0.0,0.0,,0,0.0,0,0.0,0.0,,0,0.0,0,,,,0,,1.107,0.0473965287049398
prebreak,002001,2024-02-21,S,S,A,C,S,S,A,15.8108,15.8,15.21,0.59,,0,0.0,0.0,,0,0.0,0,0.0,0.0,,0,0.0,0,,,,0,,1.0047,0.0364609079518705
prebreak,002507,2024-02-21,S,S,A,C,S,S,A,12.7382,12.92,12.33,0.59,,1,12.92,12.5552,2024-02-28,0,-0.6346,1,12.92,12.8114,2024-03-01,0,-0.2006,1,12.92,12.8114,2024-03-01,0,-0.2006,1.5466,0.0970229932538413
prebreak,301216,2024-02-21,S,S,A,C,S,S,A,11.5605,13.75,13.1,0.65,,0,0.0,0.0,,0,0.0,0,0.0,0.0,,0,0.0,0,,,,0,,1.5526,0.3256369423413299
prebreak,600547,2024-02-21,S,S,A,C,S,S,A,21.1925,20.8,19.72,1.08,,0,0.0,0.0,,0,0.0,0,0.0,0.0,,0,0.0,0,,,,0,,0.727,0.0103184529584197
prebreak,603886,2024-02-21,S,S,A,C,S,S,A,14.2481,16.23,15.4,0.83,,0,0.0,0.0,,0,0.0,0,0.0,0.0,,0,0.0,0,,,,0,,,
prebreak,300433,2024-02-23,S,S,A,C,S,S,A,11.2545,11.33,10.77,0.56,,0,0.0,0.0,,0,0.0,0,0.0,0.0,,0,0.0,0,,,,0,,0.7512,0.0092680565155527
prebreak,600233,2024-02-23,S,S,A,C,S,S,A,12.2512,11.45,10.91,0.54,,0,0.0,0.0,,0,0.0,0,0.0,0.0,,0,0.0,0,,,,0,,1.0152,0.0162435490570949
prebreak,600884,2024-02-23,S,S,A,C,S,S,A,11.0804,11.41,10.89,0.52,,1,11.41,10.89,2024-02-29,1,-1.016,1,11.41,10.89,2024-02-29,1,-1.016,1,11.41,10.89,2024-02-29,1,-1.016,1.6117,0.0252180179522731
prebreak,601877,2024-02-23,S,S,A,C,S,S,A,18.3838,18.49,17.74,0.75,,0,0.0,0.0,,0,0.0,0,0.0,0.0,,0,0.0,0,,,,0,,0.8451,-0.032251858854993
prebreak,000623,2024-02-26,S,S,A,C,S,S,A,13.6295,13.91,13.41,0.5,,0,0.0,0.0,,0,0.0,0,0.0,0.0,,0,0.0,0,,,,0,,4.3355,0.1534139593916519
prebreak,000776,2024-02-26,S,S,A,C,S,S,A,12.9381,13.19,12.68,0.51,,1,13.19,13.0946,2024-03-01,0,-0.2065,1,13.19,13.0946,2024-03-01,0,-0.2065,1,13.19,13.0946,2024-03-01,0,-0.2065,1.6818,0.0610050017267773
prebreak,601318,2024-02-26,S,S,A,C,S,S,A,37.6966,36.05,34.16,1.89,,0,0.0,0.0,,0,0.0,0,0.0,0.0,,0,0.0,0,,,,0,,0.6023,0.0403718113620055
prebreak,601808,2024-02-26,S,S,A,C,S,S,A,13.8934,14.36,13.65,0.71,,0,0.0,0.0,,0,0.0,0,0.0,0.0,,0,0.0,1,14.36,17.32,2024-04-08,1,4.151,1.885,0.0671118569343935
prebreak,603071,2024-02-26,S,S,A,C,S,S,A,12.4397,12.47,11.96,0.51,,0,0.0,0.0,,0,0.0,0,0.0,0.0,,0,0.0,0,,,,0,,0.6968,0.0285270334404685
prebreak,000960,2024-02-27,S,S,A,C,S,S,A,13.1661,12.8,12.22,0.58,,0,0.0,0.0,,0,0.0,0,0.0,0.0,,0,0.0,0,,,,0,,1.1706,0.0442347591370713
prebreak,600549,2024-02-27,S,S,A,C,S,S,A,15.541,15.68,15.04,0.64,,0,0.0,0.0,,0,0.0,0,0.0,0.0,,0,0.0,0,,,,0,,1.3091,0.0315738084720536
prebreak,600031,2024-02-29,S,S,A,C,S,S,A,13.1651,13.54,12.89,0.65,,0,0.0,0.0,,0,0.0,0,0.0,0.0,,0,0.0,0,,,,0,,1.3639,0.0969378030618919
prebreak,600298,2024-02-29,S,S,A,C,S,S,A,32.1275,32.56,31.35,1.21,,0,0.0,0.0,,0,0.0,0,0.0,0.0,,0,0.0,0,,,,0,,1.7998,0.1022190414328561
prebreak,600346,2024-02-29,S,S,A,C,S,S,A,11.6432,11.86,11.34,0.52,,0,0.0,0.0,,0,0.0,0,0.0,0.0,,0,0.0,0,,,,0,,0.9721,0.1026421602871243
prebreak,601089,2024-02-29,S,S,A,C,S,S,A,13.5723,13.51,12.83,0.68,,0,0.0,0.0,,0,0.0,0,0.0,0.0,,0,0.0,0,,,,0,,0.8482,-0.0456085381967419
prebreak,300433,2024-03-01,S,S,A,C,S,S,A,11.893,11.33,10.77,0.56,,0,0.0,0.0,,0,0.0,0,0.0,0.0,,0,0.0,0,,,,0,,1.0597,0.0058525977794594
prebreak,301219,2024-03-01,S,S,A,C,S,S,A,25.046,25.2,23.92,1.28,,0,0.0,0.0,,0,0.0,0,0.0,0.0,,0,0.0,0,,,,0,,0.7487,0.0296847086055453
prebreak,600038,2024-03-01,S,S,A,C,S,S,A,35.9595,36.16,34.61,1.55,,0,0.0,0.0,,0,0.0,0,0.0,0.0,,0,0.0,0,,,,0,,1.4387,0.0422624535851863
prebreak,601877,2024-03-01,S,S,A,C,S,S,A,19.2914,18.49,17.74,0.75,,0,0.0,0.0,,0,0.0,0,0.0,0.0,,0,0.0,0,,,,0,,1.4174,-0.0155500911330627
prebreak,603393,2024-03-01,S,S,A,C,S,S,A,27.5115,28.96,27.6,1.36,,0,0.0,0.0,,0,0.0,0,0.0,0.0,,0,0.0,0,,,,0,,0.8067,0.0560253379402315
prebreak,603856,2024-03-01,S,S,A,C,S,S,A,10.4197,10.45,9.9,0.55,,0,0.0,0.0,,0,0.0,0,0.0,0.0,,0,0.0,1,10.45,10.061,2024-03-22,0,-0.7212,1.5268,0.0534828651691801
prebreak,000768,2024-03-04,S,S,A,C,S,S,A,20.9474,20.77,19.86,0.91,,1,20.77,21.4984,2024-03-11,0,0.7826,1,20.77,22.1871,2024-03-18,0,1.5389,1,20.77,20.77,2024-03-27,1,-0.0173,1.5635,0.0398870191889138
prebreak,000776,2024-03-04,S,S,A,C,S,S,A,12.9933,13.32,12.78,0.54,,0,0.0,0.0,,0,0.0,0,0.0,0.0,,0,0.0,0,,,,0,,5.9053,0.2247944208964081
prebreak,000878,2024-03-04,S,S,A,C,S,S,A,10.5358,10.74,10.19,0.55,2024-03-29（报告期 2023-12-31 00:00:00）,1,10.74,11.2823,2024-03-11,0,0.9706,1,10.74,12.5013,2024-03-18,0,3.1855,1,10.74,12.6997,2024-04-16,0,3.546,2.3656,0.1253516110597305
prebreak,001308,2024-03-04,S,S,A,C,S,S,A,26.1561,26.47,25.34,1.13,,0,0.0,0.0,,0,0.0,0,0.0,0.0,,0,0.0,0,,,,0,,0.9296,-0.0024731093908746
prebreak,001872,2024-03-04,S,S,A,C,S,S,A,15.4339,16.02,15.25,0.77,,0,0.0,0.0,,0,0.0,0,0.0,0.0,,0,0.0,0,,,,0,,1.1273,0.0404132148868312
prebreak,600529,2024-03-04,S,S,A,C,S,S,A,25.0854,24.89,23.84,1.05,,0,0.0,0.0,,0,0.0,0,0.0,0.0,,0,0.0,0,,,,0,,1.0921,0.0693343608215495
prebreak,600893,2024-03-04,S,S,A,C,S,S,A,34.5905,34.94,33.14,1.8,,1,34.94,34.6004,2024-03-07,0,-0.2033,1,34.94,34.6004,2024-03-07,0,-0.2033,1,34.94,34.6004,2024-03-07,0,-0.2033,2.1453,0.0676149840945465
prebreak,600927,2024-03-04,S,S,A,C,S,S,A,14.0559,14.57,13.81,0.76,,0,0.0,0.0,,0,0.0,0,0.0,0.0,,0,0.0,0,,,,0,,3.2347,0.303006364286726
prebreak,600993,2024-03-04,S,S,A,C,S,S,A,22.3853,22.41,21.22,1.19,,0,0.0,0.0,,0,0.0,1,22.41,21.6922,2024-03-14,0,-0.6171,1,22.41,21.6922,2024-03-14,0,-0.6171,1.8414,0.1175320438953446
prebreak,601318,2024-03-04,S,S,A,C,S,S,A,37.1613,38.07,36.97,1.1,,0,0.0,0.0,,0,0.0,0,0.0,0.0,,0,0.0,0,,,,0,,1.0523,0.0707327468093974
prebreak,601808,2024-03-04,S,S,A,C,S,S,A,13.9029,14.04,13.46,0.58,,1,14.04,13.7416,2024-03-11,0,-0.5326,1,14.04,13.7416,2024-03-11,0,-0.5326,1,14.04,13.7416,2024-03-11,0,-0.5326,1.5145,-0.0374462801324569
prebreak,605098,2024-03-04,S,S,A,C,S,S,A,35.7597,37.64,35.77,1.87,,1,37.64,37.8861,2024-03-11,0,0.1163,1,37.64,40.7938,2024-03-18,0,1.6702,1,37.64,37.64,2024-03-22,1,-0.0153,1.6981,0.1343552738535223
prebreak,000338,2024-03-06,S,S,A,C,S,S,A,14.793,13.77,13.1,0.67,,0,0.0,0.0,,0,0.0,0,0.0,0.0,,0,0.0,0,,,,0,,0.6907,0.035463265677097
prebreak,301216,2024-03-06,S,S,A,C,S,S,A,12.5868,11.87,11.32,0.55,,1,11.87,12.7321,2024-03-13,0,1.55,1,11.87,12.6546,2024-03-20,0,1.4093,1,11.87,11.87,2024-03-29,1,-0.0164,3.1685,0.0496253410612004
prebreak,600547,2024-03-06,S,S,A,C,S,S,A,24.0416,21.76,20.89,0.87,2024-03-29（报告期 2023-12-31 00:00:00）,1,21.76,23.8757,2024-03-13,0,2.4113,1,21.76,24.5685,2024-03-20,0,3.2071,1,21.76,31.0082,2024-04-08,1,10.6044,1.8338,0.0841815312103069
prebreak,600988,2024-03-06,S,S,A,C,S,S,A,13.9912,13.14,12.44,0.7,2024-03-30（报告期 2023-12-31 00:00:00）,1,13.14,13.8438,2024-03-13,0,0.9905,1,13.14,14.2172,2024-03-20,0,1.5236,1,13.14,18.668,2024-04-08,1,7.8779,1.7717,0.1144730887407006
prebreak,601126,2024-03-06,S,S,A,C,S,S,A,15.0927,13.44,12.76,0.68,,0,0.0,0.0,,0,0.0,0,0.0,0.0,,0,0.0,0,,,,0,,1.4333,0.0804755955173999
prebreak,000581,2024-03-07,S,S,A,C,S,S,A,14.4828,15.01,14.36,0.65,,0,0.0,0.0,,0,0.0,0,0.0,0.0,,0,0.0,0,,,,0,,2.0525,0.036403175631303
prebreak,002832,2024-03-08,S,S,A,C,S,S,A,27.3974,27.8,26.59,1.21,,0,0.0,0.0,,0,0.0,0,0.0,0.0,,0,0.0,0,,,,0,,0.8243,0.0870470207866185
prebreak,600161,2024-03-08,S,S,A,C,S,S,A,22.253,23.17,22.09,1.08,,0,0.0,0.0,,0,0.0,0,0.0,0.0,,0,0.0,0,,,,0,,0.637,0.1064598321836189
prebreak,601318,2024-03-11,S,S,A,C,S,S,A,37.881,38.22,36.84,1.38,,0,0.0,0.0,,0,0.0,0,0.0,0.0,,0,0.0,0,,,,0,,1.127,0.0704593748729986
prebreak,601808,2024-03-11,S,S,A,C,S,S,A,13.7416,14.27,13.55,0.72,2024-03-27（报告期 2023-12-31 00:00:00）,1,14.27,14.8899,2024-03-18,0,0.8453,1,14.27,15.241,2024-03-25,0,1.3327,1,14.27,17.29,2024-04-08,1,4.1767,1.885,0.060423829975891
prebreak,001289,2024-03-12,S,S,A,C,S,S,A,18.7139,19.09,18.18,0.91,,0,0.0,0.0,,0,0.0,0,0.0,0.0,,0,0.0,0,,,,0,,1.3577,0.2121898856261139
prebreak,600750,2024-03-13,S,S,A,C,S,S,A,19.5461,20.93,20.03,0.9,2024-03-23（报告期 2023-12-31 00:00:00）,0,0.0,0.0,,0,0.0,1,20.93,20.9982,2024-03-27,0,0.058,1,20.93,22.93,2024-05-30,1,2.2031,1.9385,0.0594887908903696
prebreak,000423,2024-03-14,S,S,A,C,S,S,A,52.5185,54.21,51.79,2.42,,0,0.0,0.0,,0,0.0,0,0.0,0.0,,0,0.0,0,,,,0,,0.4724,0.0260099792685044
prebreak,600298,2024-03-14,S,S,A,C,S,S,A,29.9335,32.56,31.23,1.33,,0,0.0,0.0,,0,0.0,0,0.0,0.0,,0,0.0,0,,,,0,,1.7998,0.1022190414328561
prebreak,600660,2024-03-14,S,S,A,C,S,S,A,40.0686,41.44,39.74,1.7,,0,0.0,0.0,,0,0.0,0,0.0,0.0,,0,0.0,0,,,,0,,1.0259,0.0152546079078841
prebreak,002223,2024-03-15,S,S,A,C,S,S,A,32.295,33.98,32.26,1.72,,0,0.0,0.0,,0,0.0,0,0.0,0.0,,0,0.0,0,,,,0,,1.1451,0.0524777062287462
prebreak,002832,2024-03-15,S,S,A,C,S,S,A,27.8511,28.01,26.59,1.42,,0,0.0,0.0,,0,0.0,0,0.0,0.0,,0,0.0,0,,,,0,,1.7225,0.0861911918916522
prebreak,300888,2024-03-15,S,S,A,C,S,S,A,34.3354,34.68,32.92,1.76,,0,0.0,0.0,,0,0.0,0,0.0,0.0,,0,0.0,0,,,,0,,1.3851,0.0483859591186566
prebreak,001872,2024-03-18,S,S,A,C,S,S,A,15.705,16.02,15.25,0.77,,0,0.0,0.0,,0,0.0,0,0.0,0.0,,0,0.0,0,,,,0,,0.7277,0.0367626422030176
prebreak,600529,2024-03-18,S,S,A,C,S,S,A,27.9539,26.1,24.74,1.36,,1,26.1,26.8009,2024-03-25,0,0.5004,1,26.1,28.5445,2024-04-01,0,1.7817,1,26.1,26.1072,2024-04-23,0,-0.0093,1.6046,0.0622795759213039
prebreak,600993,2024-03-18,S,S,A,C,S,S,A,21.7765,22.41,21.22,1.19,2024-04-13（报告期 2023-12-31 00:00:00）,0,0.0,0.0,,0,0.0,0,0.0,0.0,,0,0.0,1,22.41,26.76,2024-05-22,1,3.6388,3.4576,0.0384705321093461
prebreak,601808,2024-03-18,S,S,A,C,S,S,A,14.8899,14.27,13.55,0.72,,0,0.0,0.0,,0,0.0,0,0.0,0.0,,0,0.0,0,,,,0,,1.0312,0.0327479333144322
prebreak,001289,2024-03-19,S,S,A,C,S,S,A,18.2709,18.82,18.17,0.65,,0,0.0,0.0,,0,0.0,0,0.0,0.0,,0,0.0,0,,,,0,,5.5807,0.3791770675721058
prebreak,600406,2024-03-19,S,S,A,C,S,S,A,22.5931,23.18,22.02,1.16,,0,0.0,0.0,,0,0.0,0,0.0,0.0,,0,0.0,0,,,,0,,1.3777,0.017197234875806
prebreak,601163,2024-03-19,S,S,A,C,S,S,A,14.4991,14.78,14.17,0.61,,0,0.0,0.0,,0,0.0,0,0.0,0.0,,0,0.0,0,,,,0,,1.3201,0.0174952611742769
prebreak,600309,2024-03-20,S,S,A,C,S,S,A,73.6523,75.11,72.34,2.77,,0,0.0,0.0,,0,0.0,0,0.0,0.0,,0,0.0,0,,,,0,,1.2635,0.0141920168856877
prebreak,688399,2024-03-20,S,S,A,C,S,S,A,28.742,25.14,24.1,1.04,,0,0.0,0.0,,0,0.0,0,0.0,0.0,,0,0.0,0,,,,0,,1.2577,0.0707006012466349
prebreak,300498,2024-03-21,S,S,A,C,S,S,A,18.3148,18.63,17.67,0.96,,0,0.0,0.0,,0,0.0,0,0.0,0.0,,0,0.0,0,,,,0,,1.1126,0.015640728520863
prebreak,002984,2024-04-01,S,S,A,C,S,S,A,21.7418,21.23,20.13,1.1,,0,0.0,0.0,,0,0.0,0,0.0,0.0,,0,0.0,0,,,,0,,0.8568,-0.0030679105084026
prebreak,600426,2024-04-01,S,S,A,C,S,S,A,19.3188,18.2,17.29,0.91,,0,0.0,0.0,,0,0.0,0,0.0,0.0,,0,0.0,0,,,,0,,0.9,-0.0600107936926342
prebreak,002884,2024-04-02,S,S,A,C,S,S,A,16.5981,16.07,15.24,0.83,,0,0.0,0.0,,0,0.0,0,0.0,0.0,,0,0.0,0,,,,0,,1.3485,0.0117446650032004
prebreak,600258,2024-04-09,S,S,A,C,S,S,A,13.7848,14.22,13.68,0.54,,1,14.22,13.68,2024-04-16,1,-1.0194,1,14.22,13.68,2024-04-16,1,-1.0194,1,14.22,13.68,2024-04-16,1,-1.0194,2.2712,0.0119156929917709
prebreak,600803,2024-04-09,S,S,A,C,S,S,A,15.9641,16.54,15.73,0.81,,1,16.54,16.2341,2024-04-16,0,-0.3929,1,16.54,16.2594,2024-04-17,0,-0.3617,1,16.54,16.2594,2024-04-17,0,-0.3617,1.9444,0.0295449683015309
prebreak,600009,2024-04-17,S,S,A,C,S,S,A,35.6061,35.86,34.17,1.69,,0,0.0,0.0,,0,0.0,0,0.0,0.0,,0,0.0,0,,,,0,,1.1494,-0.0007374561519937
prebreak,600426,2024-04-17,S,S,A,C,S,S,A,20.2165,18.2,17.29,0.91,,0,0.0,0.0,,0,0.0,0,0.0,0.0,,0,0.0,0,,,,0,,0.9982,0.015308854248661
prebreak,601688,2024-04-17,S,S,A,C,S,S,A,12.631,12.75,12.08,0.67,,0,0.0,0.0,,0,0.0,0,0.0,0.0,,0,0.0,0,,,,0,,1.4644,-0.0497100098275476
prebreak,002216,2024-04-22,S,S,A,C,S,S,A,11.4563,11.23,10.68,0.55,,0,0.0,0.0,,0,0.0,0,0.0,0.0,,0,0.0,0,,,,0,,0.8447,0.0299399840047214
prebreak,300498,2024-04-22,S,S,A,C,S,S,A,17.9564,18.42,17.52,0.9,,0,0.0,0.0,,0,0.0,0,0.0,0.0,,0,0.0,0,,,,0,,1.1469,0.0411268598531415
prebreak,600258,2024-04-23,S,S,A,C,S,S,A,13.6371,13.88,13.29,0.59,,0,0.0,0.0,,0,0.0,0,0.0,0.0,,0,0.0,0,,,,0,,0.5311,0.0303708445325845
prebreak,600803,2024-04-23,S,S,A,C,S,S,A,15.5085,16.64,15.77,0.87,,0,0.0,0.0,,0,0.0,0,0.0,0.0,,0,0.0,0,,,,0,,2.2202,0.0591327677105837
prebreak,600009,2024-04-24,S,S,A,C,S,S,A,35.2677,36.08,34.84,1.24,,0,0.0,0.0,,0,0.0,0,0.0,0.0,,0,0.0,0,,,,0,,1.4437,0.0659865109412438
prebreak,600426,2024-04-24,S,S,A,C,S,S,A,20.353,18.2,17.29,0.91,,0,0.0,0.0,,0,0.0,0,0.0,0.0,,0,0.0,0,,,,0,,0.907,0.0185735129439943
prebreak,601808,2024-04-24,S,S,A,C,S,S,A,17.6135,15.47,14.7,0.77,,0,0.0,0.0,,0,0.0,0,0.0,0.0,,0,0.0,0,,,,0,,0.3497,0.0099933626195167
prebreak,001289,2024-04-25,S,S,A,C,S,S,A,17.3751,17.65,16.98,0.67,,0,0.0,0.0,,0,0.0,0,0.0,0.0,,0,0.0,0,,,,0,,1.0081,-0.0216028374758273
prebreak,002352,2024-04-25,S,S,A,C,S,S,A,33.3162,33.28,31.66,1.62,,0,0.0,0.0,,0,0.0,0,0.0,0.0,,0,0.0,0,,,,0,,1.2575,-0.0090479184114321
prebreak,002216,2024-04-29,S,S,A,C,S,S,A,11.0908,11.55,10.97,0.58,,0,0.0,0.0,,0,0.0,0,0.0,0.0,,0,0.0,0,,,,0,,0.7653,0.0397347547811979
prebreak,601607,2024-04-29,S,S,A,C,S,S,A,16.8795,17.01,16.31,0.7,,0,0.0,0.0,,0,0.0,0,0.0,0.0,,0,0.0,0,,,,0,,0.6978,0.0749908115985265
prebreak,001965,2024-04-30,S,S,A,C,S,S,A,9.8773,10.82,10.29,0.53,,0,0.0,0.0,,0,0.0,0,0.0,0.0,,0,0.0,0,,,,0,,1.6842,0.0536023756617831
prebreak,600803,2024-04-30,S,S,A,C,S,S,A,15.2385,16.64,15.77,0.87,,0,0.0,0.0,,0,0.0,0,0.0,0.0,,0,0.0,0,,,,0,,2.2202,0.0591327677105837
prebreak,600009,2024-05-06,S,S,A,C,S,S,A,36.2152,36.67,34.92,1.75,,0,0.0,0.0,,0,0.0,0,0.0,0.0,,0,0.0,0,,,,0,,7.1982,0.1577521033073723
prebreak,600426,2024-05-06,S,S,A,C,S,S,A,22.2705,21.1,20.05,1.05,,0,0.0,0.0,,0,0.0,0,0.0,0.0,,0,0.0,0,,,,0,,0.8122,0.1128839908907404
prebreak,601066,2024-05-06,S,S,A,C,S,S,A,22.0901,21.27,20.52,0.75,,0,0.0,0.0,,0,0.0,0,0.0,0.0,,0,0.0,0,,,,0,,1.1845,-0.0078813206512237
prebreak,001289,2024-05-07,S,S,A,C,S,S,A,17.7604,17.78,16.83,0.95,,0,0.0,0.0,,0,0.0,0,0.0,0.0,,0,0.0,0,,,,0,,1.1969,0.008211541009967
prebreak,002216,2024-05-09,S,S,A,C,S,S,A,11.6435,11.55,10.97,0.58,,0,0.0,0.0,,0,0.0,0,0.0,0.0,,0,0.0,0,,,,0,,0.6283,0.0380685131869973
prebreak,600741,2024-05-09,S,S,A,C,S,S,A,14.1981,14.62,13.94,0.68,,0,0.0,0.0,,0,0.0,0,0.0,0.0,,0,0.0,0,,,,0,,1.2446,0.1915679114085486
prebreak,603156,2024-05-09,S,S,A,C,S,S,A,23.0265,23.16,22.04,1.12,,0,0.0,0.0,,0,0.0,0,0.0,0.0,,0,0.0,0,,,,0,,0.7271,0.0723245072629548
prebreak,001289,2024-05-14,S,S,A,C,S,S,A,17.7219,18.12,17.41,0.71,,0,0.0,0.0,,0,0.0,1,18.12,18.2998,2024-05-28,0,0.2336,1,18.12,17.9916,2024-05-30,0,-0.2002,2.5102,0.0428693706647769
prebreak,002415,2024-05-14,S,S,A,C,S,S,A,30.7652,30.96,29.92,1.04,,0,0.0,0.0,,0,0.0,0,0.0,0.0,,0,0.0,0,,,,0,,0.6026,0.091276600667906
prebreak,002007,2024-05-16,S,S,A,C,S,S,A,17.7627,18.42,17.7,0.72,,0,0.0,0.0,,0,0.0,0,0.0,0.0,,0,0.0,0,,,,0,,,
prebreak,600685,2024-05-16,S,S,A,C,S,S,A,26.9917,25.82,24.45,1.37,,0,0.0,0.0,,0,0.0,0,0.0,0.0,,0,0.0,0,,,,0,,0.9618,0.0293337323598987
prebreak,603885,2024-05-17,S,S,A,C,S,S,A,11.9885,12.04,11.46,0.58,,0,0.0,0.0,,0,0.0,0,0.0,0.0,,0,0.0,0,,,,0,,1.4807,0.0497164820094131
prebreak,002690,2024-05-20,S,S,A,C,S,S,A,16.2071,16.68,15.81,0.87,,0,0.0,0.0,,0,0.0,0,0.0,0.0,,0,0.0,0,,,,0,,1.0667,0.0637093552557945
prebreak,600036,2024-05-20,S,S,A,C,S,S,A,31.2019,31.32,29.69,1.63,,0,0.0,0.0,,0,0.0,0,0.0,0.0,,0,0.0,0,,,,0,,0.5851,0.0852222589421198
prebreak,600118,2024-05-20,S,S,A,C,S,S,A,24.7511,25.19,24.24,0.95,,0,0.0,0.0,,0,0.0,1,25.19,24.771,2024-06-03,0,-0.4609,1,25.19,24.5216,2024-06-04,0,-0.7232,2.1444,0.0251707124448028
prebreak,600893,2024-05-20,S,S,A,C,S,S,A,36.771,33.19,31.56,1.63,,0,0.0,0.0,,0,0.0,0,0.0,0.0,,0,0.0,0,,,,0,,0.5709,0.0275233995626886
prebreak,688006,2024-05-20,S,S,A,C,S,S,A,19.9447,21.52,20.47,1.05,,0,0.0,0.0,,0,0.0,0,0.0,0.0,,0,0.0,0,,,,0,,5.2595,0.3925556289058358
prebreak,000338,2024-05-22,S,S,A,C,S,S,A,14.892,16.52,15.68,0.84,,0,0.0,0.0,,0,0.0,0,0.0,0.0,,0,0.0,0,,,,0,,1.751,0.1870600387394076
prebreak,000651,2024-05-22,S,S,A,C,S,S,A,35.8336,36.92,35.63,1.29,,0,0.0,0.0,,0,0.0,0,0.0,0.0,,0,0.0,0,,,,0,,1.4609,0.0415972648572124
prebreak,000792,2024-05-22,S,S,A,C,S,S,A,17.93,18.33,17.55,0.78,,0,0.0,0.0,,0,0.0,0,0.0,0.0,,0,0.0,0,,,,0,,2.9262,0.3130372492836675
prebreak,600372,2024-05-22,S,S,A,C,S,S,A,11.9299,12.35,11.81,0.54,,0,0.0,0.0,,0,0.0,0,0.0,0.0,,0,0.0,0,,,,0,,1.1987,0.018514797579975
prebreak,000885,2024-05-27,S,S,A,C,S,S,A,11.5609,11.96,11.41,0.55,,0,0.0,0.0,,0,0.0,0,0.0,0.0,,0,0.0,0,,,,0,,4.8636,0.1464682526431637
prebreak,000963,2024-05-27,S,S,A,C,S,S,A,29.6678,31.44,30.18,1.26,,0,0.0,0.0,,0,0.0,0,0.0,0.0,,0,0.0,0,,,,0,,2.7253,0.1315629715688056
prebreak,002493,2024-05-27,S,S,A,C,S,S,A,10.1855,10.55,10.02,0.53,,0,0.0,0.0,,0,0.0,0,0.0,0.0,,0,0.0,0,,,,0,,5.4758,0.2222335339734884
prebreak,002690,2024-05-27,S,S,A,C,S,S,A,15.8379,16.68,16.0,0.68,,0,0.0,0.0,,0,0.0,0,0.0,0.0,,0,0.0,0,,,,0,,1.0667,0.0637093552557945
prebreak,600118,2024-05-27,S,S,A,C,S,S,A,23.963,25.02,23.73,1.29,,1,25.02,24.771,2024-06-03,0,-0.2076,1,25.02,24.5216,2024-06-04,0,-0.4008,1,25.02,24.5216,2024-06-04,0,-0.4008,2.1444,0.0182521328054372
prebreak,600893,2024-05-27,S,S,A,C,S,S,A,34.9275,36.06,34.29,1.77,,1,36.06,36.7511,2024-06-03,0,0.3747,1,36.06,37.7423,2024-06-11,0,0.9344,1,36.06,38.8262,2024-07-18,0,1.5464,1.7168,0.017981775376509
prebreak,601088,2024-05-27,S,S,A,C,S,S,A,35.9511,35.27,33.66,1.61,,0,0.0,0.0,,0,0.0,0,0.0,0.0,,0,0.0,0,,,,0,,0.9366,0.0311378747859774
prebreak,603288,2024-05-27,S,S,A,C,S,S,A,33.5768,36.2,34.45,1.75,,0,0.0,0.0,,0,0.0,0,0.0,0.0,,0,0.0,0,,,,0,,2.2532,0.1053835527167743
prebreak,688006,2024-05-27,S,S,A,C,S,S,A,19.2786,20.39,19.61,0.78,,0,0.0,0.0,,0,0.0,0,0.0,0.0,,0,0.0,0,,,,0,,5.2595,0.3194335164214683
prebreak,600072,2024-05-29,S,S,A,C,S,S,A,15.2707,16.05,15.27,0.78,,0,0.0,0.0,,0,0.0,0,0.0,0.0,,0,0.0,0,,,,0,,,
prebreak,600372,2024-05-29,S,S,A,C,S,S,A,11.4801,12.35,11.73,0.62,,0,0.0,0.0,,0,0.0,0,0.0,0.0,,0,0.0,0,,,,0,,1.1987,0.018514797579975
prebreak,002007,2024-05-30,S,S,A,C,S,S,A,16.9652,17.18,16.33,0.85,,0,0.0,0.0,,0,0.0,0,0.0,0.0,,0,0.0,0,,,,0,,5.4476,0.2361930175130346
prebreak,600298,2024-05-30,S,S,A,C,S,S,A,29.7149,30.18,29.1,1.08,,0,0.0,0.0,,0,0.0,0,0.0,0.0,,0,0.0,0,,,,0,,0.9057,0.0282214727584015
prebreak,600685,2024-05-30,S,S,A,C,S,S,A,26.794,27.28,25.9,1.38,,1,27.28,27.2783,2024-06-06,0,-0.0162,1,27.28,27.5649,2024-06-14,0,0.1913,1,27.28,25.9,2024-06-25,1,-1.0144,1.6465,0.0677643178748075
prebreak,600779,2024-05-30,S,S,A,C,S,S,A,42.7399,44.69,42.64,2.05,,0,0.0,0.0,,0,0.0,0,0.0,0.0,,0,0.0,0,,,,0,,4.3432,0.3882161080999917
prebreak,600161,2024-05-31,S,S,A,C,S,S,A,23.1008,23.57,22.67,0.9,,1,23.57,25.4239,2024-06-07,0,2.0387,1,23.57,25.2364,2024-06-17,0,1.8305,1,23.57,23.57,2024-06-27,1,-0.0199,4.2009,-0.0227890152572143
prebreak,002158,2024-06-04,S,S,A,C,S,S,A,17.5933,18.26,17.42,0.84,,0,0.0,0.0,,0,0.0,0,0.0,0.0,,0,0.0,0,,,,0,,3.7759,0.1113894243713575
prebreak,600406,2024-06-04,S,S,A,C,S,S,A,22.3609,21.61,20.53,1.08,,0,0.0,0.0,,0,0.0,0,0.0,0.0,,0,0.0,0,,,,0,,1.1169,0.014000979938471
prebreak,601100,2024-06-04,S,S,A,C,S,S,A,48.8388,49.91,47.82,2.09,,0,0.0,0.0,,0,0.0,0,0.0,0.0,,0,0.0,0,,,,0,,1.4223,-0.0446561726526353
prebreak,600161,2024-06-07,S,S,A,C,S,S,A,25.4239,23.57,22.67,0.9,,0,0.0,0.0,,0,0.0,0,0.0,0.0,,0,0.0,0,,,,0,,1.218,-0.0425273828298334
prebreak,601088,2024-06-11,S,S,A,C,S,S,A,37.1837,37.62,36.05,1.57,,0,0.0,0.0,,0,0.0,0,0.0,0.0,,0,0.0,0,,,,0,,1.1099,0.0913747977336423
prebreak,002158,2024-06-12,S,S,A,C,S,S,A,17.1542,18.26,17.42,0.84,,0,0.0,0.0,,0,0.0,0,0.0,0.0,,0,0.0,0,,,,0,,3.7759,0.1113894243713575
prebreak,002352,2024-06-12,S,S,A,C,S,S,A,34.9961,35.91,34.41,1.5,,0,0.0,0.0,,0,0.0,0,0.0,0.0,,0,0.0,0,,,,0,,1.4456,0.1093933898754659
prebreak,002891,2024-06-12,S,S,A,C,S,S,A,21.3502,22.38,21.58,0.8,,0,0.0,0.0,,0,0.0,0,0.0,0.0,,0,0.0,0,,,,0,,2.2372,0.1034818461443913
prebreak,601100,2024-06-12,S,S,A,C,S,S,A,50.0767,49.91,47.82,2.09,,0,0.0,0.0,,0,0.0,0,0.0,0.0,,0,0.0,0,,,,0,,0.5233,-0.031750965228806
prebreak,000338,2024-06-13,S,S,A,C,S,S,A,13.9737,14.58,13.84,0.74,,0,0.0,0.0,,0,0.0,0,0.0,0.0,,0,0.0,0,,,,0,,1.3948,0.0058029368392875
prebreak,600372,2024-06-13,S,S,A,C,S,S,A,12.0864,12.17,11.6,0.57,,0,0.0,0.0,,0,0.0,0,0.0,0.0,,0,0.0,0,,,,0,,1.3789,0.0243216945615627
prebreak,600298,2024-06-14,S,S,A,C,S,S,A,28.7939,29.52,28.06,1.46,,0,0.0,0.0,,0,0.0,0,0.0,0.0,,0,0.0,0,,,,0,,2.7914,0.0082433764272107
prebreak,603885,2024-06-17,S,S,A,C,S,S,A,11.6976,12.01,11.45,0.56,,0,0.0,0.0,,0,0.0,0,0.0,0.0,,0,0.0,0,,,,0,,2.5722,0.1061767669230984
prebreak,600298,2024-06-21,S,S,A,C,S,S,A,27.7178,28.74,27.55,1.19,,0,0.0,0.0,,0,0.0,0,0.0,0.0,,0,0.0,0,,,,0,,1.1052,-0.00287909377345
prebreak,002508,2024-06-26,S,S,A,C,S,S,A,20.6101,21.77,20.91,0.86,,0,0.0,0.0,,0,0.0,0,0.0,0.0,,0,0.0,0,,,,0,,3.785,0.3082336716688711
prebreak,600089,2024-06-28,S,S,A,C,S,S,A,13.1744,13.44,12.81,0.63,,0,0.0,0.0,,0,0.0,0,0.0,0.0,,0,0.0,0,,,,0,,6.6223,0.1271821148305716
prebreak,601066,2024-07-02,S,S,A,C,S,S,A,18.4748,21.05,20.12,0.93,,0,0.0,0.0,,0,0.0,0,0.0,0.0,,0,0.0,0,,,,0,,3.5454,0.125775122221998
prebreak,601607,2024-07-05,S,S,A,C,S,S,A,17.9917,18.31,17.38,0.93,,0,0.0,0.0,,0,0.0,1,18.31,18.861,2024-07-19,0,0.5771,1,18.31,18.32,2024-08-23,1,-0.0042,1.6304,0.0166325867809602
prebreak,601066,2024-07-09,S,S,A,C,S,S,A,17.814,21.05,20.12,0.93,,0,0.0,0.0,,0,0.0,0,0.0,0.0,,0,0.0,0,,,,0,,3.5454,0.125775122221998
prebreak,000513,2024-07-11,S,S,A,C,S,S,A,33.1484,34.59,32.95,1.64,,0,0.0,0.0,,0,0.0,1,34.59,33.7518,2024-07-24,0,-0.5268,1,34.59,33.7518,2024-07-24,0,-0.5268,2.4209,0.0168469447456911
prebreak,600089,2024-07-12,S,S,A,C,S,S,A,12.6368,12.99,12.37,0.62,,1,12.99,13.0706,2024-07-19,0,0.114,1,12.99,12.9453,2024-07-26,0,-0.088,1,12.99,12.37,2024-08-20,1,-1.0153,2.1162,-0.0293899500924161
prebreak,600741,2024-07-12,S,S,A,C,S,S,A,13.8292,13.85,13.16,0.69,,0,0.0,0.0,,0,0.0,0,0.0,0.0,,0,0.0,0,,,,0,,1.0792,0.0009107527871605
prebreak,601607,2024-07-12,S,S,A,C,S,S,A,17.8516,18.15,17.33,0.82,,1,18.15,18.861,2024-07-19,0,0.8497,1,18.15,18.7274,2024-07-26,0,0.6869,1,18.15,18.16,2024-08-23,1,-0.0046,1.6304,0.0077488503590621
prebreak,601066,2024-07-16,S,S,A,C,S,S,A,18.1347,18.6,17.67,0.93,,0,0.0,0.0,,0,0.0,0,0.0,0.0,,0,0.0,0,,,,0,,1.4984,-0.0772037162920405
prebreak,300498,2024-07-19,S,S,A,C,S,S,A,19.6192,19.2,18.39,0.81,,0,0.0,0.0,,0,0.0,0,0.0,0.0,,0,0.0,0,,,,0,,0.9292,0.0298791702687613
prebreak,600741,2024-07-19,S,S,A,C,S,S,A,14.0906,14.37,13.76,0.61,,0,0.0,0.0,,0,0.0,0,0.0,0.0,,0,0.0,0,,,,0,,0.9937,0.132901684518899
prebreak,601607,2024-07-19,S,S,A,C,S,S,A,18.861,18.6,17.61,0.99,,0,0.0,0.0,,0,0.0,0,0.0,0.0,,0,0.0,0,,,,0,,1.0012,0.0463086802739056
prebreak,600585,2024-07-22,S,S,A,C,S,S,A,22.5759,23.49,22.51,0.98,,0,0.0,0.0,,0,0.0,0,0.0,0.0,,0,0.0,0,,,,0,,4.8917,0.2303561989242086
prebreak,000513,2024-07-25,S,S,A,C,S,S,A,33.5847,33.86,32.29,1.57,,0,0.0,0.0,,0,0.0,0,0.0,0.0,,0,0.0,0,,,,0,,0.6895,0.0167874552438453
prebreak,002001,2024-07-25,S,S,A,C,S,S,A,18.8179,19.4,18.44,0.96,,0,0.0,0.0,,0,0.0,0,0.0,0.0,,0,0.0,0,,,,0,,1.3696,0.0486622085788839
prebreak,600346,2024-07-26,S,S,A,C,S,S,A,12.9347,14.04,13.4,0.64,,0,0.0,0.0,,0,0.0,0,0.0,0.0,,0,0.0,0,,,,0,,4.3938,0.1098837374815162
prebreak,600741,2024-07-26,S,S,A,C,S,S,A,13.8562,14.26,13.7,0.56,,0,0.0,0.0,,0,0.0,0,0.0,0.0,,0,0.0,0,,,,0,,1.0772,0.1046025956020637
prebreak,601021,2024-07-26,S,S,A,C,S,S,A,51.612,53.31,50.79,2.52,,0,0.0,0.0,,0,0.0,1,53.31,53.2526,2024-08-07,0,-0.0388,1,53.31,53.2526,2024-08-07,0,-0.0388,3.7158,0.0495810999665156
prebreak,601607,2024-07-26,S,S,A,C,S,S,A,18.7274,18.99,18.19,0.8,,0,0.0,0.0,,0,0.0,0,0.0,0.0,,0,0.0,0,,,,0,,0.6205,0.0048087157247953
prebreak,002223,2024-07-29,S,S,A,C,S,S,A,35.0886,35.04,33.66,1.38,,0,0.0,0.0,,0,0.0,0,0.0,0.0,,0,0.0,0,,,,0,,0.7492,-0.0016550735743581
prebreak,601601,2024-07-29,S,S,A,C,S,S,A,26.7054,28.0,26.65,1.35,,0,0.0,0.0,,0,0.0,0,0.0,0.0,,0,0.0,0,,,,0,,0.9252,0.0854709690282053
prebreak,002352,2024-07-31,S,S,A,C,S,S,A,32.8851,34.44,32.78,1.66,,0,0.0,0.0,,0,0.0,0,0.0,0.0,,0,0.0,0,,,,0,,3.0923,0.0667624840316354
prebreak,600030,2024-07-31,S,S,A,C,S,S,A,18.4908,18.29,17.46,0.83,,0,0.0,0.0,,0,0.0,0,0.0,0.0,,0,0.0,0,,,,0,,1.0806,0.0856431808995252
prebreak,000513,2024-08-01,S,S,A,C,S,S,A,33.5104,34.28,32.72,1.56,,0,0.0,0.0,,0,0.0,0,0.0,0.0,,0,0.0,0,,,,0,,1.0276,0.0283779831281512
prebreak,002001,2024-08-01,S,S,A,C,S,S,A,20.0999,19.4,18.44,0.96,,1,19.4,19.1267,2024-08-06,0,-0.2999,1,19.4,19.1267,2024-08-06,0,-0.2999,1,19.4,19.1267,2024-08-06,0,-0.2999,1.5705,0.0786707525288519
prebreak,688303,2024-08-01,S,S,A,C,S,S,A,19.78,18.94,18.03,0.91,,0,0.0,0.0,,0,0.0,0,0.0,0.0,,0,0.0,0,,,,0,,0.7071,-0.0135416666666665
prebreak,600009,2024-08-06,S,S,A,C,S,S,A,33.6912,34.39,32.76,1.63,,0,0.0,0.0,,0,0.0,0,0.0,0.0,,0,0.0,0,,,,0,,2.9887,0.0917865542382545
prebreak,600461,2024-08-06,S,S,A,C,S,S,A,10.3359,10.5,10.0,0.5,,0,0.0,0.0,,0,0.0,0,0.0,0.0,,0,0.0,0,,,,0,,1.013,0.0158746785216732
prebreak,002001,2024-08-08,S,S,A,C,S,S,A,21.1479,19.4,18.44,0.96,,1,19.4,18.9021,2024-08-13,0,-0.5336,1,19.4,18.9021,2024-08-13,0,-0.5336,1,19.4,18.9021,2024-08-13,0,-0.5336,3.1336,0.0157791211957145
prebreak,600009,2024-08-13,S,S,A,C,S,S,A,32.8279,33.76,32.35,1.41,,0,0.0,0.0,,0,0.0,0,0.0,0.0,,0,0.0,0,,,,0,,2.9887,0.0717858118954193
prebreak,601231,2024-08-15,S,S,A,C,S,S,A,14.7484,15.09,14.36,0.73,,0,0.0,0.0,,0,0.0,0,0.0,0.0,,0,0.0,0,,,,0,,0.5727,-0.010115708282157
prebreak,600741,2024-08-16,S,S,A,C,S,S,A,12.7203,13.64,12.94,0.7,,0,0.0,0.0,,0,0.0,0,0.0,0.0,,0,0.0,0,,,,0,,1.2713,0.0080062616761991
prebreak,601021,2024-08-16,S,S,A,C,S,S,A,48.8281,54.36,51.87,2.49,,0,0.0,0.0,,0,0.0,0,0.0,0.0,,0,0.0,0,,,,0,,1.8967,0.1670876834437065
prebreak,600585,2024-08-19,S,S,A,C,S,S,A,20.8756,21.64,20.63,1.01,,0,0.0,0.0,,0,0.0,0,0.0,0.0,,0,0.0,0,,,,0,,1.5648,0.1428611248131148
prebreak,600886,2024-08-19,S,S,A,C,S,S,A,15.6003,16.01,15.21,0.8,,0,0.0,0.0,,0,0.0,0,0.0,0.0,,0,0.0,0,,,,0,,3.1308,0.0939794545288665
prebreak,000895,2024-08-21,S,S,A,C,S,S,A,20.4783,20.76,19.92,0.84,,0,0.0,0.0,,0,0.0,0,0.0,0.0,,0,0.0,0,,,,0,,0.691,-0.0100493851269631
prebreak,600674,2024-08-21,S,S,A,C,S,S,A,17.0629,17.9,17.02,0.88,,0,0.0,0.0,,0,0.0,0,0.0,0.0,,0,0.0,0,,,,0,,3.259,0.083267466454127
prebreak,300498,2024-08-23,S,S,A,C,S,S,A,16.5294,19.18,18.38,0.8,,0,0.0,0.0,,0,0.0,0,0.0,0.0,,0,0.0,0,,,,0,,3.4627,0.1981421837835435
prebreak,600741,2024-08-23,S,S,A,C,S,S,A,12.2515,13.64,12.94,0.7,,0,0.0,0.0,,0,0.0,0,0.0,0.0,,0,0.0,0,,,,0,,1.2713,0.0080062616761991
prebreak,600585,2024-08-26,S,S,A,C,S,S,A,19.8221,21.42,20.44,0.98,,0,0.0,0.0,,0,0.0,0,0.0,0.0,,0,0.0,0,,,,0,,1.5648,0.1312423887937579
prebreak,000951,2024-08-28,S,S,A,C,S,S,A,12.7456,14.14,13.42,0.72,,0,0.0,0.0,,0,0.0,0,0.0,0.0,,0,0.0,1,14.14,16.3665,2024-11-21,0,3.0755,1.591,0.0820966920662302
prebreak,600104,2024-08-29,S,S,A,C,S,S,A,12.1787,12.73,12.11,0.62,2024-08-30（报告期 2024-06-30 00:00:00）,0,0.0,0.0,,0,0.0,0,0.0,0.0,,0,0.0,1,12.73,12.73,2024-10-16,1,-0.0156,1.9306,0.0280680364227299
prebreak,600741,2024-08-30,S,S,A,C,S,S,A,13.2973,12.46,11.85,0.61,,0,0.0,0.0,,0,0.0,0,0.0,0.0,,0,0.0,0,,,,0,,1.3274,-0.0883074773893402
prebreak,600760,2024-09-03,S,S,A,C,S,S,A,40.5948,39.66,37.69,1.97,,0,0.0,0.0,,0,0.0,0,0.0,0.0,,0,0.0,0,,,,0,,0.4576,-0.0601304850204598
prebreak,600104,2024-09-05,S,S,A,C,S,S,A,11.7905,12.73,12.11,0.62,,0,0.0,0.0,,0,0.0,0,0.0,0.0,,0,0.0,1,12.73,12.73,2024-10-16,1,-0.0156,1.9306,0.0280680364227299
prebreak,601336,2024-09-05,S,S,A,C,S,S,A,30.3831,28.19,26.86,1.33,,0,0.0,0.0,,0,0.0,0,0.0,0.0,,0,0.0,0,,,,0,,1.3216,0.0597233357319684
prebreak,001872,2024-09-10,S,S,A,C,S,S,A,18.7673,20.13,19.25,0.88,,0,0.0,0.0,,0,0.0,0,0.0,0.0,,0,0.0,1,20.13,20.3561,2024-10-09,0,0.2394,2.5391,0.0795551388640791
prebreak,600803,2024-09-18,S,S,A,C,S,S,A,15.9527,16.22,15.44,0.78,,1,16.22,16.3066,2024-09-25,0,0.0951,1,16.22,17.2002,2024-10-09,0,1.2401,1,16.22,16.22,2024-10-31,1,-0.0158,1.655,0.0067072754131694
prebreak,688981,2024-09-18,S,S,A,C,S,S,A,43.17,48.58,46.45,2.13,,0,0.0,0.0,,0,0.0,1,48.58,83.89,2024-10-09,0,16.5497,1,48.58,72.78,2024-10-10,1,11.337,2.0049,0.025760135135135
prebreak,001872,2024-09-19,S,S,A,C,S,S,A,17.6153,20.13,19.25,0.88,,0,0.0,0.0,,0,0.0,1,20.13,20.3561,2024-10-09,0,0.2394,1,20.13,20.3561,2024-10-09,0,0.2394,2.5391,0.0795551388640791
prebreak,002032,2024-09-19,S,S,A,C,S,S,A,47.4346,48.09,45.57,2.52,,0,0.0,0.0,,0,0.0,0,0.0,0.0,,0,0.0,0,,,,0,,0.7369,0.0574586883439582
prebreak,600363,2024-09-20,S,S,A,C,S,S,A,22.6788,25.88,24.68,1.2,,1,25.88,26.675,2024-09-27,0,0.6457,1,25.88,29.6223,2024-10-08,0,3.1002,1,25.88,29.6223,2024-10-08,0,3.1002,1.6107,0.06865550918278
prebreak,600674,2024-09-20,S,S,A,C,S,S,A,16.2594,16.77,16.01,0.76,,0,0.0,0.0,,0,0.0,0,0.0,0.0,,0,0.0,0,,,,0,,1.1993,-0.0384745369203303
prebreak,300498,2024-09-24,S,S,A,C,S,S,A,15.5627,16.07,15.31,0.76,,1,16.07,20.3774,2024-10-08,0,5.648,1,16.07,17.1644,2024-10-15,0,1.423,1,16.07,20.28,2024-10-09,1,5.5199,1.6135,0.0165043374566835
prebreak,300699,2024-09-24,S,S,A,C,S,S,A,25.6581,26.24,24.91,1.33,,1,26.24,35.8807,2024-10-08,0,7.2291,1,26.24,31.0161,2024-10-15,0,3.5738,1,26.24,33.89,2024-10-09,1,5.7333,2.3876,0.0395268894647888
prebreak,600111,2024-09-24,S,S,A,C,S,S,A,16.9485,16.73,15.87,0.86,,1,16.73,22.276,2024-10-08,0,6.43,1,16.73,19.2787,2024-10-15,0,2.9469,1,16.73,20.48,2024-10-09,1,4.3429,2.441,0.010865977332106
prebreak,600699,2024-09-24,S,S,A,C,S,S,A,14.1882,13.89,13.28,0.61,,1,13.89,18.0853,2024-10-08,0,6.8559,1,13.89,15.7843,2024-10-15,0,3.0861,1,13.89,16.89,2024-10-09,1,4.8976,2.2371,0.0190699683267738
prebreak,601021,2024-09-24,S,S,A,C,S,S,A,49.0696,48.45,46.0,2.45,,0,0.0,0.0,,0,0.0,0,0.0,0.0,,0,0.0,0,,,,0,,1.4169,0.0213511708688798
prebreak,601607,2024-09-24,S,S,A,C,S,S,A,18.4064,18.65,17.85,0.8,,0,0.0,0.0,,0,0.0,0,0.0,0.0,,0,0.0,0,,,,0,,0.9681,0.042050836095919
prebreak,001965,2024-09-25,S,S,A,C,S,S,A,11.1371,12.15,11.52,0.63,,1,12.15,11.52,2024-10-09,1,-1.014,1,12.15,11.52,2024-10-09,1,-1.014,1,12.15,11.52,2024-10-09,1,-1.014,4.8515,0.0846085639417544
prebreak,600803,2024-09-25,S,S,A,C,S,S,A,16.3066,16.12,15.47,0.65,,1,16.12,17.2002,2024-10-09,0,1.642,1,16.12,17.0852,2024-10-16,0,1.4651,1,16.12,18.62,2024-10-09,1,3.8249,3.0603,0.0287474682969901
prebreak,688981,2024-09-25,S,S,A,C,S,S,A,44.9,44.23,42.32,1.91,,1,44.23,83.89,2024-10-09,0,20.7337,1,44.23,74.09,2024-10-16,0,15.6061,1,44.23,71.21,2024-10-10,1,14.0992,1.8374,-0.0532962328767123
prebreak,001872,2024-09-26,S,S,A,C,S,S,A,19.2319,20.13,19.25,0.88,,1,20.13,20.3561,2024-10-09,0,0.2394,1,20.13,20.3561,2024-10-09,0,0.2394,1,20.13,20.3561,2024-10-09,0,0.2394,2.5391,0.0795551388640791
prebreak,002396,2024-09-26,S,S,A,C,S,S,A,11.0441,10.6,10.1,0.5,,1,10.6,12.3926,2024-10-10,0,3.5669,1,10.6,11.7146,2024-10-17,0,2.2117,1,10.6,12.65,2024-10-09,1,4.0813,2.709,0.0218201113655063
prebreak,002690,2024-09-26,S,S,A,C,S,S,A,12.7091,11.86,11.33,0.53,,1,11.86,14.7488,2024-10-10,0,5.4301,1,11.86,13.4567,2024-10-17,0,2.9937,1,11.86,14.65,2024-10-11,1,5.2438,2.3976,0.0182294304515497
prebreak,600132,2024-09-26,S,S,A,C,S,S,A,56.5038,49.47,47.44,2.03,,1,49.47,59.8867,2024-10-10,0,5.1096,1,49.47,53.5872,2024-10-17,0,2.0084,1,49.47,62.87,2024-10-09,1,6.5783,2.8075,0.0094571543801711
prebreak,601066,2024-09-26,S,S,A,C,S,S,A,21.8589,19.71,18.87,0.84,,1,19.71,26.3587,2024-10-10,0,7.8923,1,19.71,25.1574,2024-10-17,0,6.4631,1,19.71,26.85,2024-10-10,1,8.4768,3.1974,0.0733276069216688
prebreak,601166,2024-09-26,S,S,A,C,S,S,A,16.658,15.04,14.29,0.75,,0,0.0,0.0,,0,0.0,0,0.0,0.0,,0,0.0,0,,,,0,,1.392,-0.0320791739203639
prebreak,601318,2024-09-26,S,S,A,C,S,S,A,45.8692,40.47,38.58,1.89,,1,40.47,53.2199,2024-10-10,0,6.7255,1,40.47,51.8553,2024-10-17,0,6.0039,1,40.47,51.13,2024-10-09,1,5.6204,2.3732,0.0299864337768591
prebreak,603927,2024-09-26,S,S,A,C,S,S,A,16.8598,15.81,15.02,0.79,,1,15.81,20.8965,2024-10-10,0,6.4193,1,15.81,20.9639,2024-10-17,0,6.5046,1,15.81,20.85,2024-10-10,1,6.3605,1.8009,0.0831923137994758
prebreak,001289,2024-09-27,S,S,A,C,S,S,A,15.2076,13.71,13.04,0.67,,1,13.71,15.4126,2024-10-09,0,2.524,1,13.71,15.4126,2024-10-09,0,2.524,1,13.71,15.4126,2024-10-09,0,2.524,3.0767,-0.0667273593940787
prebreak,002142,2024-09-27,S,S,A,C,S,S,A,21.8772,18.0,17.05,0.95,,1,18.0,23.4319,2024-10-09,0,5.6998,1,18.0,23.4319,2024-10-09,0,5.6998,1,18.0,23.4319,2024-10-09,0,5.6998,2.3803,-0.0394841907900282
prebreak,002158,2024-09-27,S,S,A,C,S,S,A,17.5354,16.53,15.81,0.72,,1,16.53,19.0411,2024-10-09,0,3.468,1,16.53,19.0411,2024-10-09,0,3.468,1,16.53,19.0411,2024-10-09,0,3.468,3.7759,0.0060934931466889
prebreak,002462,2024-09-27,S,S,A,C,S,S,A,11.6712,10.93,10.37,0.56,,1,10.93,12.1056,2024-10-09,0,2.0832,1,10.93,12.1056,2024-10-09,0,2.0832,1,10.93,12.1056,2024-10-09,0,2.0832,3.101,0.0127531886593537
prebreak,300685,2024-09-27,S,S,A,C,S,S,A,19.5598,18.8,17.83,0.97,,1,18.8,23.6163,2024-10-09,0,4.9474,1,18.8,23.6163,2024-10-09,0,4.9474,1,18.8,23.6163,2024-10-09,0,4.9474,3.5937,0.0518298742460672
prebreak,300869,2024-09-27,S,S,A,C,S,S,A,14.1927,12.67,12.16,0.51,,1,12.67,16.3551,2024-10-09,0,7.2022,1,12.67,16.3551,2024-10-09,0,7.2022,1,12.67,16.3551,2024-10-09,0,7.2022,6.0538,-0.005344775669979
prebreak,600363,2024-09-27,S,S,A,C,S,S,A,26.675,25.88,24.68,1.2,,1,25.88,28.0937,2024-10-09,0,1.8272,1,25.88,28.0937,2024-10-09,0,1.8272,1,25.88,28.0937,2024-10-09,0,1.8272,5.0863,0.044945927494578
prebreak,600456,2024-09-27,S,S,A,C,S,S,A,27.7041,26.21,24.89,1.32,,1,26.21,30.7769,2024-10-09,0,3.4425,1,26.21,30.7769,2024-10-09,0,3.4425,1,26.21,30.7769,2024-10-09,0,3.4425,3.6145,0.0145156506212271
prebreak,002287,2024-09-30,S,S,A,C,S,S,A,21.7098,17.94,17.21,0.73,,1,17.94,21.4829,2024-10-14,0,4.8316,1,17.94,22.7878,2024-10-21,0,6.6179,1,17.94,21.33,2024-10-14,1,4.6222,4.6778,-0.0354304652412788
prebreak,002507,2024-09-30,S,S,A,C,S,S,A,14.6453,11.68,11.12,0.56,,1,11.68,13.3249,2024-10-14,0,2.9197,1,11.68,13.0908,2024-10-21,0,2.5019,1,11.68,13.97,2024-11-18,1,4.0709,4.1118,0.0526024531422002
prebreak,603035,2024-09-30,S,S,A,C,S,S,A,14.4476,12.3,11.66,0.64,,1,12.3,13.487,2024-10-14,0,1.8389,1,12.3,13.4198,2024-10-21,0,1.7339,1,12.3,14.6686,2024-11-05,1,3.684,4.1481,0.0227085136564548
prebreak,600332,2024-10-08,S,S,A,C,S,S,A,29.3391,23.7,22.71,0.99,,1,23.7,26.3696,2024-10-15,0,2.6766,1,23.7,26.9691,2024-10-22,0,3.2818,1,23.7,26.91,2024-11-22,1,3.2222,2.0524,-0.0527823664915578
prebreak,600459,2024-10-08,S,S,A,C,S,S,A,14.9118,12.04,11.42,0.62,,1,12.04,13.3124,2024-10-15,0,2.0361,1,12.04,13.8097,2024-10-22,0,2.8379,1,12.04,12.84,2025-04-07,1,1.2748,2.8352,0.021968016400967
prebreak,600598,2024-10-08,S,S,A,C,S,S,A,14.305,12.36,11.79,0.57,,1,12.36,13.3117,2024-10-15,0,1.6521,1,12.36,13.4138,2024-10-22,0,1.8312,1,12.36,14.6856,2024-11-08,0,4.0609,2.1491,0.0281676952104121
prebreak,600685,2024-10-08,S,S,A,C,S,S,A,27.6844,25.24,24.18,1.06,,1,25.24,25.3115,2024-10-15,0,0.0493,1,25.24,24.18,2024-10-18,1,-1.0175,1,25.24,24.18,2024-10-18,1,-1.0175,1.94,0.0807658259037407
prebreak,600699,2024-10-08,S,S,A,C,S,S,A,18.0853,13.89,13.28,0.61,,1,13.89,15.7843,2024-10-15,0,3.0861,1,13.89,16.362,2024-10-22,0,4.0325,1,13.89,17.5076,2024-11-07,1,5.9094,2.5884,0.0227436163740946
prebreak,601021,2024-10-08,S,S,A,C,S,S,A,60.062,48.45,46.0,2.45,,1,48.45,50.7986,2024-10-15,0,0.943,1,48.45,52.3151,2024-10-22,0,1.5616,1,48.45,52.97,2025-01-10,1,1.8287,1.8656,0.0215591853639649
prebreak,601607,2024-10-08,S,S,A,C,S,S,A,20.9839,18.65,17.85,0.8,,1,18.65,19.4125,2024-10-15,0,0.9348,1,18.65,19.8916,2024-10-22,0,1.5333,1,18.65,18.65,2024-10-31,1,-0.0177,2.5688,0.0476352457212994
prebreak,601965,2024-10-08,S,S,A,C,S,S,A,18.8559,16.23,15.52,0.71,,1,16.23,17.2678,2024-10-15,0,1.4434,1,16.23,17.2104,2024-10-22,0,1.3626,1,16.23,18.6071,2024-11-08,0,3.3286,2.3322,0.0498250976062499
prebreak,002039,2024-10-10,S,S,A,C,S,S,A,14.9573,15.68,14.91,0.77,,0,0.0,0.0,,0,0.0,0,0.0,0.0,,0,0.0,0,,,,0,,1.023,0.0349458664649802
prebreak,002732,2024-10-10,S,S,A,C,S,S,A,15.2594,13.75,13.14,0.61,,0,0.0,0.0,,0,0.0,0,0.0,0.0,,0,0.0,0,,,,0,,1.3701,0.0212316318007872
prebreak,600009,2024-10-10,S,S,A,C,S,S,A,34.9343,30.48,28.88,1.6,,0,0.0,0.0,,0,0.0,0,0.0,0.0,,0,0.0,0,,,,0,,0.9858,-0.028154758909156
prebreak,603035,2024-10-14,S,S,A,C,S,S,A,13.487,12.3,11.66,0.64,,0,0.0,0.0,,0,0.0,0,0.0,0.0,,0,0.0,0,,,,0,,1.1209,-0.0035555960327772
prebreak,603075,2024-10-14,S,S,A,C,S,S,A,17.4373,16.25,15.45,0.8,,0,0.0,0.0,,0,0.0,0,0.0,0.0,,0,0.0,0,,,,0,,0.6702,0.0113371084850528
prebreak,001965,2024-10-16,S,S,A,C,S,S,A,11.1743,11.88,11.29,0.59,,0,0.0,0.0,,0,0.0,0,0.0,0.0,,0,0.0,0,,,,0,,0.6259,0.0766015230162708
prebreak,002039,2024-10-17,S,S,A,C,S,S,A,15.3171,15.8,15.05,0.75,,0,0.0,0.0,,0,0.0,0,0.0,0.0,,0,0.0,0,,,,0,,7.9579,0.1219965939585925
prebreak,600009,2024-10-17,S,S,A,C,S,S,A,33.0173,30.48,28.88,1.6,,0,0.0,0.0,,0,0.0,0,0.0,0.0,,0,0.0,0,,,,0,,1.0529,0.0061860699363074
prebreak,000895,2024-10-18,S,S,A,C,S,S,A,22.8724,23.37,22.44,0.93,,0,0.0,0.0,,0,0.0,1,23.37,22.8908,2024-11-01,0,-0.534,1,23.37,22.8908,2024-11-01,0,-0.534,1.9563,0.0637397563665798
prebreak,000951,2024-10-18,S,S,A,C,S,S,A,14.7856,13.01,12.39,0.62,,0,0.0,0.0,,0,0.0,0,0.0,0.0,,0,0.0,0,,,,0,,0.9382,0.0334107756892758
prebreak,600674,2024-10-18,S,S,A,C,S,S,A,16.6092,16.83,16.01,0.82,,0,0.0,0.0,,0,0.0,0,0.0,0.0,,0,0.0,0,,,,0,,3.8494,0.0454266467921982
prebreak,601952,2024-10-18,S,S,A,C,S,S,A,9.4909,9.79,9.29,0.5,,0,0.0,0.0,,0,0.0,0,0.0,0.0,,0,0.0,0,,,,0,,1.4553,0.1114612347462991
prebreak,600598,2024-10-22,S,S,A,C,S,S,A,13.4138,12.36,11.79,0.57,,0,0.0,0.0,,0,0.0,0,0.0,0.0,,0,0.0,0,,,,0,,0.806,0.0353632700602519
prebreak,601021,2024-10-22,S,S,A,C,S,S,A,52.3151,48.45,46.0,2.45,,0,0.0,0.0,,0,0.0,0,0.0,0.0,,0,0.0,0,,,,0,,0.6798,0.0393401575087171
prebreak,601965,2024-10-22,S,S,A,C,S,S,A,17.2104,16.23,15.52,0.71,,0,0.0,0.0,,0,0.0,0,0.0,0.0,,0,0.0,0,,,,0,,1.4052,0.017706873264367
prebreak,001965,2024-10-23,S,S,A,C,S,S,A,11.7604,11.4,10.81,0.59,,0,0.0,0.0,,0,0.0,0,0.0,0.0,,0,0.0,0,,,,0,,0.3762,0.0535335608730749
prebreak,600055,2024-10-23,S,S,A,C,S,S,A,13.9046,12.23,11.7,0.53,,0,0.0,0.0,,0,0.0,0,0.0,0.0,,0,0.0,0,,,,0,,0.5987,0.0117163822604602
prebreak,600803,2024-10-23,S,S,A,C,S,S,A,17.156,17.32,16.55,0.77,,0,0.0,0.0,,0,0.0,0,0.0,0.0,,0,0.0,1,17.32,16.55,2024-11-25,1,-1.0165,1.5255,0.0106029697650544
prebreak,001219,2024-10-24,S,S,A,C,S,S,A,11.7151,11.5,10.99,0.51,,0,0.0,0.0,,0,0.0,0,0.0,0.0,,0,0.0,0,,,,0,,0.8411,0.1203048283827998
prebreak,000895,2024-10-25,S,S,A,C,S,S,A,22.6237,23.4,22.44,0.96,,1,23.4,22.8908,2024-11-01,0,-0.5486,1,23.4,22.8908,2024-11-01,0,-0.5486,1,23.4,22.8908,2024-11-01,0,-0.5486,1.9563,0.0651052759511323
prebreak,002011,2024-10-25,S,S,A,C,S,S,A,10.9638,11.07,10.52,0.55,,0,0.0,0.0,,0,0.0,0,0.0,0.0,,0,0.0,0,,,,0,,1.2106,0.1347479636406563
prebreak,600674,2024-10-25,S,S,A,C,S,S,A,15.9569,16.67,15.82,0.85,,0,0.0,0.0,,0,0.0,0,0.0,0.0,,0,0.0,0,,,,0,,3.8494,0.0354879502095037
prebreak,601952,2024-10-25,S,S,A,C,S,S,A,9.8133,9.73,9.22,0.51,,0,0.0,0.0,,0,0.0,0,0.0,0.0,,0,0.0,0,,,,0,,1.2438,0.1082281970276126
prebreak,001965,2024-10-30,S,S,A,C,S,S,A,11.0905,11.55,10.98,0.57,,0,0.0,0.0,,0,0.0,0,0.0,0.0,,0,0.0,0,,,,0,,0.8179,0.045814125723238
prebreak,600803,2024-10-30,S,S,A,C,S,S,A,16.3685,17.32,16.48,0.84,,0,0.0,0.0,,0,0.0,1,17.32,16.9879,2024-11-13,0,-0.4108,1,17.32,16.48,2024-11-25,1,-1.015,1.5255,0.0106029697650544
prebreak,001219,2024-10-31,S,S,A,C,S,S,A,12.5356,12.12,11.5,0.62,,1,12.12,14.5485,2024-11-07,0,3.8997,1,12.12,13.5087,2024-11-14,0,2.2235,1,12.12,14.24,2024-11-08,1,3.4023,3.4584,0.0534306513461315
prebreak,001872,2024-10-31,S,S,A,C,S,S,A,18.9625,20.13,19.14,0.99,,0,0.0,0.0,,0,0.0,0,0.0,0.0,,0,0.0,1,20.13,19.14,2024-11-19,1,-1.0148,4.2002,-0.0169386734572564
prebreak,002186,2024-10-31,S,S,A,C,S,S,A,10.13,10.1,9.56,0.54,,0,0.0,0.0,,0,0.0,0,0.0,0.0,,0,0.0,0,,,,0,,1.1654,0.0380267214799587
prebreak,603043,2024-10-31,S,S,A,C,S,S,A,15.008,15.07,14.42,0.65,,0,0.0,0.0,,0,0.0,0,0.0,0.0,,0,0.0,0,,,,0,,0.8256,0.0091738244283776
prebreak,000719,2024-11-04,S,S,A,C,S,S,A,9.7178,10.56,10.01,0.55,,0,0.0,0.0,,0,0.0,0,0.0,0.0,,0,0.0,1,10.56,10.01,2024-11-22,1,-1.014,2.1234,0.0179202889482661
prebreak,002034,2024-11-04,S,S,A,C,S,S,A,14.6146,15.04,14.28,0.76,,0,0.0,0.0,,0,0.0,0,0.0,0.0,,0,0.0,0,,,,0,,0.9814,0.0564857952368362
prebreak,600182,2024-11-04,S,S,A,C,S,S,A,13.0889,12.97,12.42,0.55,,0,0.0,0.0,,0,0.0,0,0.0,0.0,,0,0.0,0,,,,0,,1.2384,-0.0186196554047698
prebreak,600089,2024-11-05,S,S,A,C,S,S,A,13.7068,13.99,13.32,0.67,,0,0.0,0.0,,0,0.0,0,0.0,0.0,,0,0.0,0,,,,0,,1.3088,0.0727152085904441
prebreak,600977,2024-11-05,S,S,A,C,S,S,A,11.6326,11.65,11.11,0.54,,0,0.0,0.0,,0,0.0,0,0.0,0.0,,0,0.0,0,,,,0,,1.2706,0.0452343595304027
prebreak,600980,2024-11-05,S,S,A,C,S,S,A,16.6097,14.97,14.21,0.76,,1,14.97,16.3928,2024-11-12,0,1.856,1,14.97,15.5549,2024-11-19,0,0.7542,1,14.97,14.98,2024-12-23,1,-0.0018,2.214,0.0165064057938908
prebreak,605378,2024-11-05,S,S,A,C,S,S,A,11.8783,12.11,11.48,0.63,,0,0.0,0.0,,0,0.0,0,0.0,0.0,,0,0.0,0,,,,0,,1.4562,0.0955672457677905
prebreak,001965,2024-11-06,S,S,A,C,S,S,A,10.9045,11.29,10.72,0.57,,0,0.0,0.0,,0,0.0,0,0.0,0.0,,0,0.0,0,,,,0,,0.8885,0.0111973763395401
prebreak,600056,2024-11-06,S,S,A,C,S,S,A,11.4766,11.45,10.94,0.51,,0,0.0,0.0,,0,0.0,0,0.0,0.0,,0,0.0,0,,,,0,,1.2714,0.0097736394933773
prebreak,605368,2024-11-06,S,S,A,C,S,S,A,10.7043,12.13,11.55,0.58,,0,0.0,0.0,,0,0.0,0,0.0,0.0,,0,0.0,0,,,,0,,,
prebreak,002432,2024-11-08,S,S,A,C,S,S,A,45.3887,43.19,41.3,1.89,,0,0.0,0.0,,0,0.0,0,0.0,0.0,,0,0.0,0,,,,0,,1.1874,0.0245189161732644
prebreak,002462,2024-11-08,S,S,A,C,S,S,A,13.0634,12.71,12.11,0.6,,0,0.0,0.0,,0,0.0,0,0.0,0.0,,0,0.0,0,,,,0,,0.9903,0.043119370166968
prebreak,600406,2024-11-08,S,S,A,C,S,S,A,26.064,25.84,24.55,1.29,,0,0.0,0.0,,0,0.0,0,0.0,0.0,,0,0.0,0,,,,0,,0.9534,0.0120553841437585
prebreak,603230,2024-11-08,S,S,A,C,S,S,A,11.649,11.19,10.61,0.58,,0,0.0,0.0,,0,0.0,0,0.0,0.0,,0,0.0,0,,,,0,,0.9757,0.031005423685724
prebreak,000719,2024-11-11,S,S,A,C,S,S,A,10.0954,10.56,10.01,0.55,,0,0.0,0.0,,0,0.0,1,10.56,10.01,2024-11-22,1,-1.014,1,10.56,10.01,2024-11-22,1,-1.014,2.1234,0.0179202889482661
prebreak,002003,2024-11-11,S,S,A,C,S,S,A,11.7993,12.27,11.66,0.61,,0,0.0,0.0,,0,0.0,0,0.0,0.0,,0,0.0,0,,,,0,,1.1863,0.00289712570874
prebreak,002034,2024-11-11,S,S,A,C,S,S,A,14.9933,15.22,14.44,0.78,,1,15.22,14.7894,2024-11-14,0,-0.5666,1,15.22,14.7894,2024-11-14,0,-0.5666,1,15.22,14.7894,2024-11-14,0,-0.5666,1.5895,0.0618864795927127
prebreak,600138,2024-11-11,S,S,A,C,S,S,A,10.463,10.3,9.8,0.5,,0,0.0,0.0,,0,0.0,0,0.0,0.0,,0,0.0,0,,,,0,,1.3309,0.0692293387319349
prebreak,601811,2024-11-11,S,S,A,C,S,S,A,13.3367,13.4,12.85,0.55,,0,0.0,0.0,,0,0.0,0,0.0,0.0,,0,0.0,0,,,,0,,1.0784,-0.0057728184905012
prebreak,001965,2024-11-13,S,S,A,C,S,S,A,10.7463,11.25,10.68,0.57,,0,0.0,0.0,,0,0.0,0,0.0,0.0,,0,0.0,0,,,,0,,0.8885,0.0076147461310742
prebreak,603856,2024-11-13,S,S,A,C,S,S,A,11.6078,11.33,10.77,0.56,,0,0.0,0.0,,0,0.0,0,0.0,0.0,,0,0.0,0,,,,0,,0.5819,0.0147442528477139
prebreak,600388,2024-12-26,S,S,A,C,S,S,A,12.1085,12.68,12.07,0.61,,0,0.0,0.0,,0,0.0,0,0.0,0.0,,0,0.0,0,,,,0,,1.6592,0.0708788579575314
prebreak,002275,2024-12-27,S,S,A,C,S,S,A,14.9677,14.51,13.75,0.76,,1,14.51,15.3254,2025-01-06,0,1.0577,1,14.51,13.75,2025-01-08,1,-1.0139,1,14.51,14.51,2025-01-07,1,-0.0145,3.3053,0.0275852469244912
prebreak,600955,2024-12-27,S,S,A,C,S,S,A,15.5242,15.9,15.09,0.81,,0,0.0,0.0,,0,0.0,0,0.0,0.0,,0,0.0,0,,,,0,,4.046,0.1115881757895922
prebreak,600573,2025-01-08,S,S,A,C,S,S,A,10.5384,11.32,10.73,0.59,,0,0.0,0.0,,0,0.0,0,0.0,0.0,,0,0.0,0,,,,0,,1.5787,0.0691758990593893
prebreak,002020,2025-01-09,S,S,A,C,S,S,A,11.4524,12.57,12.03,0.54,,0,0.0,0.0,,0,0.0,0,0.0,0.0,,0,0.0,0,,,,0,,2.0798,0.0823758148941522
prebreak,600886,2025-01-09,S,S,A,C,S,S,A,14.4471,15.73,14.98,0.75,,0,0.0,0.0,,0,0.0,0,0.0,0.0,,0,0.0,0,,,,0,,,
prebreak,002275,2025-01-13,S,S,A,C,S,S,A,12.3978,14.51,13.75,0.76,,0,0.0,0.0,,0,0.0,0,0.0,0.0,,0,0.0,0,,,,0,,6.9967,0.1210020875539905
prebreak,600456,2025-01-13,S,S,A,C,S,S,A,26.5787,29.34,28.0,1.34,,0,0.0,0.0,,0,0.0,1,29.34,28.3304,2025-01-24,0,-0.7696,1,29.34,28.3304,2025-01-24,0,-0.7696,1.8339,0.0197845691595974
prebreak,600660,2025-01-15,S,S,A,C,S,S,A,56.7672,57.88,55.53,2.35,,0,0.0,0.0,,0,0.0,0,0.0,0.0,,0,0.0,0,,,,0,,1.8201,0.1038107260828031
prebreak,002020,2025-01-16,S,S,A,C,S,S,A,11.831,12.57,12.03,0.54,,0,0.0,0.0,,0,0.0,0,0.0,0.0,,0,0.0,0,,,,0,,2.0798,0.0823758148941522
prebreak,600886,2025-01-16,S,S,A,C,S,S,A,14.0346,14.88,14.19,0.69,,0,0.0,0.0,,0,0.0,0,0.0,0.0,,0,0.0,0,,,,0,,1.4131,0.0702432985609153
prebreak,605507,2025-01-16,S,S,A,C,S,S,A,13.083,14.45,13.88,0.57,,0,0.0,0.0,,0,0.0,0,0.0,0.0,,0,0.0,0,,,,0,,3.8834,0.077261390871073
prebreak,002275,2025-01-20,S,S,A,C,S,S,A,12.9249,12.85,12.21,0.64,,0,0.0,0.0,,0,0.0,0,0.0,0.0,,0,0.0,0,,,,0,,0.3611,-0.0789215295482584
prebreak,600456,2025-01-20,S,S,A,C,S,S,A,28.0173,27.33,25.93,1.4,,1,27.33,28.4968,2025-01-27,0,0.818,1,27.33,29.4069,2025-02-11,0,1.4677,1,27.33,27.33,2025-02-27,1,-0.0148,2.0268,-0.0474860983370453
prebreak,600299,2025-01-21,S,S,A,C,S,S,A,11.2965,11.12,10.58,0.54,,0,0.0,0.0,,0,0.0,0,0.0,0.0,,0,0.0,0,,,,0,,0.6186,0.0032360179383823
prebreak,002020,2025-01-23,S,S,A,C,S,S,A,11.3105,12.57,12.03,0.54,,0,0.0,0.0,,0,0.0,0,0.0,0.0,,0,0.0,0,,,,0,,2.0798,0.0823758148941522
prebreak,600886,2025-01-23,S,S,A,C,S,S,A,13.594,14.03,13.45,0.58,,0,0.0,0.0,,0,0.0,0,0.0,0.0,,0,0.0,0,,,,0,,0.811,0.0523950861025428
prebreak,605507,2025-01-23,S,S,A,C,S,S,A,13.6363,13.52,12.88,0.64,,0,0.0,0.0,,0,0.0,0,0.0,0.0,,0,0.0,0,,,,0,,0.7668,-0.0310624536988449
prebreak,000887,2025-01-27,S,S,A,C,S,S,A,13.8222,13.79,13.08,0.71,,0,0.0,0.0,,0,0.0,0,0.0,0.0,,0,0.0,0,,,,0,,1.2403,0.03366804004026
prebreak,600456,2025-01-27,S,S,A,C,S,S,A,28.4968,27.33,25.93,1.4,,0,0.0,0.0,,0,0.0,0,0.0,0.0,,0,0.0,0,,,,0,,1.0684,-0.0425880151951378
prebreak,603299,2025-01-27,S,S,A,C,S,S,A,10.2383,10.83,10.27,0.56,,0,0.0,0.0,,0,0.0,0,0.0,0.0,,0,0.0,0,,,,0,,1.0079,0.1513819233878031
prebreak,600299,2025-02-05,S,S,A,C,S,S,A,11.0552,11.54,10.96,0.58,,0,0.0,0.0,,0,0.0,0,0.0,0.0,,0,0.0,0,,,,0,,1.9897,0.2258603949440287
prebreak,601811,2025-02-05,S,S,A,C,S,S,A,13.4482,13.83,13.2,0.63,,1,13.83,13.9961,2025-02-12,0,0.2468,1,13.83,13.6339,2025-02-19,0,-0.3277,1,13.83,13.2,2025-02-25,1,-1.0161,1.618,-0.0349229627114586
prebreak,603355,2025-02-05,S,S,A,C,S,S,A,22.36,23.37,22.26,1.11,,0,0.0,0.0,,0,0.0,0,0.0,0.0,,0,0.0,0,,,,0,,1.2843,0.0317880794701987
prebreak,000581,2025-02-06,S,S,A,C,S,S,A,16.4808,16.88,16.1,0.78,,0,0.0,0.0,,0,0.0,0,0.0,0.0,,0,0.0,0,,,,0,,1.3262,0.05455247075247
prebreak,600741,2025-02-06,S,S,A,C,S,S,A,15.1904,15.26,14.57,0.69,,1,15.26,15.6863,2025-02-13,0,0.6006,1,15.26,15.6232,2025-02-20,0,0.5092,1,15.26,15.26,2025-04-07,1,-0.0168,3.4119,-0.0147171442736141
prebreak,601965,2025-02-06,S,S,A,C,S,S,A,17.0524,16.75,15.86,0.89,,1,16.75,17.2352,2025-02-13,0,0.5305,1,16.75,17.7934,2025-02-20,0,1.1573,1,16.75,17.48,2025-04-07,1,0.8054,3.3156,0.0239022293567241
prebreak,002705,2025-02-10,S,S,A,C,S,S,A,14.1739,14.8,14.19,0.61,,0,0.0,0.0,,0,0.0,0,0.0,0.0,,0,0.0,1,14.8,14.8,2025-04-03,1,-0.0184,2.3509,0.0299061914203053
prebreak,600885,2025-02-10,S,S,A,C,S,S,A,23.0961,22.33,21.24,1.09,,0,0.0,0.0,,0,0.0,0,0.0,0.0,,0,0.0,0,,,,0,,0.7848,0.0350656958782447
prebreak,002003,2025-02-12,S,S,A,C,S,S,A,12.9384,13.24,12.6,0.64,,0,0.0,0.0,,0,0.0,0,0.0,0.0,,0,0.0,0,,,,0,,,
prebreak,600299,2025-02-12,S,S,A,C,S,S,A,11.0359,11.54,10.96,0.58,,0,0.0,0.0,,0,0.0,0,0.0,0.0,,0,0.0,0,,,,0,,1.9897,0.2258603949440287
prebreak,002020,2025-02-14,S,S,A,C,S,S,A,11.5376,11.9,11.32,0.58,,1,11.9,11.9825,2025-02-21,0,0.1265,1,11.9,11.8121,2025-02-25,0,-0.167,1,11.9,11.8121,2025-02-25,0,-0.167,2.2328,0.0058293706293706
prebreak,600038,2025-02-14,S,S,A,C,S,S,A,37.5347,36.99,35.23,1.76,,1,36.99,36.687,2025-02-19,0,-0.188,1,36.99,36.687,2025-02-19,0,-0.188,1,36.99,36.687,2025-02-19,0,-0.188,1.5548,0.0214317356776982
prebreak,600378,2025-02-14,S,S,A,C,S,S,A,27.6822,28.17,27.01,1.16,,0,0.0,0.0,,0,0.0,0,0.0,0.0,,0,0.0,0,,,,0,,2.5853,0.1296893313375116
prebreak,002984,2025-02-17,S,S,A,C,S,S,A,23.6605,24.77,23.5,1.27,,0,0.0,0.0,,0,0.0,0,0.0,0.0,,0,0.0,0,,,,0,,,
prebreak,603288,2025-02-17,S,S,A,C,S,S,A,38.9453,39.75,38.14,1.61,,0,0.0,0.0,,0,0.0,0,0.0,0.0,,0,0.0,0,,,,0,,1.4722,-0.0077362403031899
prebreak,603606,2025-02-17,S,S,A,C,S,S,A,40.3192,44.81,42.67,2.14,,0,0.0,0.0,,0,0.0,0,0.0,0.0,,0,0.0,0,,,,0,,5.0138,0.1089588954953793
prebreak,002179,2025-02-19,S,S,A,C,S,S,A,34.8823,37.42,35.58,1.84,2025-03-15（报告期 2024-12-31 00:00:00）,1,37.42,37.5202,2025-02-26,0,0.039,1,37.42,37.9068,2025-03-05,0,0.2489,1,37.42,37.42,2025-04-07,1,-0.0155,2.4167,0.0418685171818085
prebreak,603355,2025-02-19,S,S,A,C,S,S,A,24.32,24.51,23.45,1.06,,1,24.51,25.75,2025-02-26,0,1.1515,1,24.51,25.06,2025-03-05,0,0.501,1,24.51,30.01,2025-03-24,0,5.1678,2.3594,0.0519313304721029
prebreak,601225,2025-04-22,S,S,A,C,S,S,A,18.3263,18.66,18.0,0.66,,0,0.0,0.0,,0,0.0,0,0.0,0.0,,0,0.0,0,,,,0,,0.7608,0.016703447096698
prebreak,601225,2025-04-29,S,S,A,C,S,S,A,17.6938,18.75,18.02,0.73,,0,0.0,0.0,,0,0.0,0,0.0,0.0,,0,0.0,1,18.75,18.02,2025-06-09,1,-1.0189,2.1696,0.0226141670523161
prebreak,000429,2025-05-07,S,S,A,C,S,S,A,12.807,13.12,12.52,0.6,,1,13.12,13.0655,2025-05-13,0,-0.1074,1,13.12,13.0655,2025-05-13,0,-0.1074,1,13.12,13.0655,2025-05-13,0,-0.1074,1.521,0.0379129218454983
prebreak,002831,2025-05-08,S,S,A,C,S,S,A,14.3613,14.51,13.75,0.76,,1,14.51,15.0928,2025-05-15,0,0.7518,1,14.51,15.8377,2025-05-22,0,1.7313,1,14.51,15.74,2025-06-18,1,1.6029,1.9565,0.0703767932664105
prebreak,600886,2025-05-08,S,S,A,C,S,S,A,14.2034,14.4,13.85,0.55,,0,0.0,0.0,,0,0.0,0,0.0,0.0,,0,0.0,0,,,,0,,1.0603,0.0448787437563118
prebreak,600031,2025-05-14,S,S,A,C,S,S,A,18.7542,19.38,18.47,0.91,,0,0.0,0.0,,0,0.0,0,0.0,0.0,,0,0.0,0,,,,0,,7.9714,0.1018164397825465
prebreak,000768,2025-05-16,S,S,A,C,S,S,A,24.3566,23.33,22.41,0.92,,0,0.0,0.0,,0,0.0,0,0.0,0.0,,0,0.0,0,,,,0,,1.4469,0.0090197236867912
prebreak,002039,2025-05-16,S,S,A,C,S,S,A,15.57,16.03,15.41,0.62,,0,0.0,0.0,,0,0.0,0,0.0,0.0,,0,0.0,0,,,,0,,2.4091,0.0353649823832069
prebreak,002984,2025-05-16,S,S,A,C,S,S,A,18.248,18.45,17.48,0.97,,0,0.0,0.0,,0,0.0,0,0.0,0.0,,0,0.0,0,,,,0,,0.7311,-0.046503695853455
prebreak,000738,2025-05-19,S,S,A,C,S,S,A,19.234,19.55,18.62,0.93,,0,0.0,0.0,,0,0.0,1,19.55,19.3919,2025-06-03,0,-0.1858,1,19.55,19.234,2025-06-04,0,-0.3555,3.0909,0.1160663222460107
prebreak,600031,2025-05-21,S,S,A,C,S,S,A,18.2082,18.81,18.01,0.8,,0,0.0,0.0,,0,0.0,0,0.0,0.0,,0,0.0,0,,,,0,,1.4965,0.0814259174336295
prebreak,601033,2025-05-28,S,S,A,C,S,S,A,15.5545,15.65,14.82,0.83,,1,15.65,15.8425,2025-06-04,0,0.2175,1,15.65,15.8425,2025-06-04,0,0.2175,1,15.65,15.8425,2025-06-04,0,0.2175,2.7518,0.1160495563482841
prebreak,603156,2025-05-28,S,S,A,C,S,S,A,22.4972,22.73,21.74,0.99,,0,0.0,0.0,,0,0.0,0,0.0,0.0,,0,0.0,0,,,,0,,2.4575,0.1158261340327844
prebreak,002128,2025-06-03,S,S,A,C,S,S,A,17.7821,17.77,16.89,0.88,,0,0.0,0.0,,0,0.0,0,0.0,0.0,,0,0.0,0,,,,0,,0.4387,0.0683725288421535
prebreak,601033,2025-06-05,S,S,A,C,S,S,A,15.6409,15.65,14.82,0.83,,0,0.0,0.0,,0,0.0,0,0.0,0.0,,0,0.0,0,,,,0,,1.0182,0.0917284627819081
prebreak,002603,2025-06-09,S,S,A,C,S,S,A,14.0411,14.25,13.72,0.53,,0,0.0,0.0,,0,0.0,0,0.0,0.0,,0,0.0,1,14.25,16.02,2025-09-11,1,3.3171,7.0562,0.0316617426292615
prebreak,601033,2025-06-12,S,S,A,C,S,S,A,15.6505,15.84,15.05,0.79,,0,0.0,0.0,,0,0.0,0,0.0,0.0,,0,0.0,0,,,,0,,0.8232,0.0253195354304909
prebreak,603199,2025-06-16,S,S,A,C,S,S,A,35.0251,37.64,36.03,1.61,,0,0.0,0.0,,0,0.0,0,0.0,0.0,,0,0.0,0,,,,0,,1.4873,0.0791784647544244
prebreak,002020,2025-06-20,S,S,A,C,S,S,A,12.6583,13.83,13.24,0.59,,0,0.0,0.0,,0,0.0,1,13.83,14.5153,2025-07-04,0,1.1429,1,13.83,17.6069,2025-08-04,0,6.3798,5.8706,0.067953667953668
prebreak,000729,2025-06-26,S,S,A,C,S,S,A,12.1701,13.92,13.2,0.72,,0,0.0,0.0,,0,0.0,0,0.0,0.0,,0,0.0,0,,,,0,,4.1077,0.0840075030458293
prebreak,600573,2025-06-26,S,S,A,C,S,S,A,11.8754,12.11,11.58,0.53,,0,0.0,0.0,,0,0.0,0,0.0,0.0,,0,0.0,0,,,,0,,0.4143,0.0072473258572525
prebreak,601033,2025-06-26,S,S,A,C,S,S,A,15.5641,15.84,15.21,0.63,,0,0.0,0.0,,0,0.0,0,0.0,0.0,,0,0.0,0,,,,0,,6.822,0.0698697357377819
prebreak,603288,2025-06-30,S,S,A,C,S,S,A,37.4837,38.13,37.08,1.05,,0,0.0,0.0,,0,0.0,0,0.0,0.0,,0,0.0,1,38.13,37.08,2025-07-31,1,-1.027,1.6592,0.0030643095780213
prebreak,603606,2025-06-30,S,S,A,C,S,S,A,42.6682,41.91,39.77,2.14,,0,0.0,0.0,,0,0.0,0,0.0,0.0,,0,0.0,0,,,,0,,0.867,0.0641352644055048
prebreak,000513,2025-07-02,S,S,A,C,S,S,A,34.4611,35.21,33.55,1.66,,0,0.0,0.0,,0,0.0,0,0.0,0.0,,0,0.0,0,,,,0,,0.6869,0.0016086856305876
prebreak,000729,2025-07-03,S,S,A,C,S,S,A,12.3238,12.61,12.01,0.6,,0,0.0,0.0,,0,0.0,0,0.0,0.0,,0,0.0,0,,,,0,,1.4545,-0.0339962191832204
prebreak,300628,2025-07-03,S,S,A,C,S,S,A,33.8578,33.57,32.01,1.56,,0,0.0,0.0,,0,0.0,0,0.0,0.0,,0,0.0,0,,,,0,,1.2024,0.0291563910829548
prebreak,600111,2025-07-03,S,S,A,C,S,S,A,24.562,25.04,24.19,0.85,,1,25.04,26.9355,2025-07-10,0,2.2062,1,25.04,29.9172,2025-07-17,0,5.7119,1,25.04,29.37,2025-07-15,1,5.0685,5.528,-0.0088428560750494
prebreak,601033,2025-07-03,S,S,A,C,S,S,A,15.228,15.69,15.1,0.59,,0,0.0,0.0,,0,0.0,0,0.0,0.0,,0,0.0,0,,,,0,,6.822,0.0597383935432953
prebreak,603392,2025-07-03,S,S,A,C,S,S,A,61.64,62.22,59.63,2.59,,0,0.0,0.0,,0,0.0,0,0.0,0.0,,0,0.0,0,,,,0,,2.6172,0.0536833192209991
prebreak,688016,2025-07-07,S,S,A,C,S,S,A,90.0075,86.99,85.07,1.92,,0,0.0,0.0,,0,0.0,0,0.0,0.0,,0,0.0,0,,,,0,,0.6511,-0.0108539934680981
prebreak,000831,2025-07-08,S,S,A,C,S,S,A,35.6206,36.08,34.59,1.49,,1,36.08,37.7494,2025-07-15,0,1.1013,1,36.08,40.4479,2025-07-22,0,2.9113,1,36.08,41.13,2025-08-01,1,3.3687,2.6617,-0.0179630469110001
prebreak,000933,2025-07-08,S,S,A,C,S,S,A,16.5523,17.1,16.38,0.72,,0,0.0,0.0,,0,0.0,1,17.1,18.8682,2025-07-22,0,2.4363,1,17.1,17.1,2025-08-05,1,-0.0181,2.4315,0.0887772947648279
prebreak,605111,2025-07-08,S,S,A,C,S,S,A,30.81,31.41,30.15,1.26,,0,0.0,0.0,,0,0.0,0,0.0,0.0,,0,0.0,0,,,,0,,1.187,0.0773502662037786
prebreak,605116,2025-07-08,S,S,A,C,S,S,A,20.9822,20.97,20.11,0.86,,0,0.0,0.0,,0,0.0,0,0.0,0.0,,0,0.0,0,,,,0,,0.86,-0.0167909045023338
prebreak,300628,2025-07-10,S,S,A,C,S,S,A,33.2669,33.95,32.57,1.38,,0,0.0,0.0,,0,0.0,0,0.0,0.0,,0,0.0,0,,,,0,,1.2685,0.035662542956774
prebreak,603392,2025-07-10,S,S,A,C,S,S,A,59.92,61.87,59.39,2.48,,0,0.0,0.0,,0,0.0,1,61.87,60.76,2025-07-24,0,-0.4663,1,61.87,59.39,2025-07-28,1,-1.0183,1.9921,0.0149278215223096
prebreak,603233,2025-07-11,S,S,A,C,S,S,A,16.1549,16.63,15.77,0.86,,0,0.0,0.0,,0,0.0,0,0.0,0.0,,0,0.0,0,,,,0,,0.8874,0.1177734288007232
prebreak,002179,2025-07-16,S,S,A,C,S,S,A,38.0131,38.96,37.61,1.35,,0,0.0,0.0,,0,0.0,0,0.0,0.0,,0,0.0,0,,,,0,,1.2337,0.0079055747899934
prebreak,300628,2025-07-17,S,S,A,C,S,S,A,32.3998,33.47,31.99,1.48,,0,0.0,0.0,,0,0.0,1,33.47,31.99,2025-07-31,1,-1.0166,1,33.47,31.99,2025-07-31,1,-1.0166,1.8861,0.0104454621372176
prebreak,300408,2025-07-22,S,S,A,C,S,S,A,33.2656,33.08,31.4,1.68,,0,0.0,0.0,,0,0.0,0,0.0,0.0,,0,0.0,0,,,,0,,1.0048,0.023496320627663
prebreak,002311,2025-07-28,S,S,A,C,S,S,A,53.5892,55.64,53.37,2.27,2025-07-29（报告期 2025-06-30 00:00:00）,1,55.64,55.0651,2025-08-01,0,-0.2717,1,55.64,55.0651,2025-08-01,0,-0.2717,1,55.64,55.0651,2025-08-01,0,-0.2717,2.0413,-0.0427317595197686
prebreak,603733,2025-07-28,S,S,A,C,S,S,A,20.7076,20.84,19.73,1.11,,0,0.0,0.0,,0,0.0,0,0.0,0.0,,0,0.0,0,,,,0,,0.8054,0.0629208477699878
prebreak,000738,2025-07-29,S,S,A,C,S,S,A,21.6767,21.27,20.32,0.95,,1,21.27,20.8104,2025-08-01,0,-0.5005,1,21.27,20.8104,2025-08-01,0,-0.5005,1,21.27,20.8104,2025-08-01,0,-0.5005,1.6906,0.0507419392341306
prebreak,002318,2025-07-29,S,S,A,C,S,S,A,22.0009,22.98,22.2,0.78,,0,0.0,0.0,,0,0.0,0,0.0,0.0,,0,0.0,0,,,,0,,1.8649,0.069717781710304
prebreak,000400,2025-07-30,S,S,A,C,S,S,A,22.4022,23.34,22.23,1.11,2025-08-21（报告期 2025-06-30 00:00:00）,0,0.0,0.0,,0,0.0,0,0.0,0.0,,0,0.0,1,23.34,23.2166,2025-08-25,0,-0.127,2.5212,0.0095804790728211
prebreak,600989,2025-08-01,S,S,A,C,S,S,A,15.1293,15.99,15.33,0.66,2025-08-08（报告期 2025-06-30 00:00:00）,0,0.0,0.0,,0,0.0,0,0.0,0.0,,0,0.0,1,15.99,18.222,2025-10-27,0,3.3612,2.0318,0.0240479170939735
prebreak,603233,2025-08-01,S,S,A,C,S,S,A,16.5735,17.01,16.17,0.84,,0,0.0,0.0,,0,0.0,0,0.0,0.0,,0,0.0,0,,,,0,,1.009,0.0346503226573864
prebreak,002311,2025-08-04,S,S,A,C,S,S,A,55.3078,55.64,53.37,2.27,,0,0.0,0.0,,0,0.0,0,0.0,0.0,,0,0.0,0,,,,0,,0.943,-0.0264682827871789
prebreak,002812,2025-08-04,S,S,A,C,S,S,A,29.52,30.41,28.89,1.52,,1,30.41,30.39,2025-08-07,0,-0.0284,1,30.41,30.39,2025-08-07,0,-0.0284,1,30.41,30.39,2025-08-07,0,-0.0284,2.3508,0.0364689843217451
prebreak,603733,2025-08-04,S,S,A,C,S,S,A,21.4587,21.49,20.55,0.94,,0,0.0,0.0,,0,0.0,0,0.0,0.0,,0,0.0,0,,,,0,,1.2571,0.0803327274400989
prebreak,000738,2025-08-05,S,S,A,C,S,S,A,21.2386,21.27,20.32,0.95,,0,0.0,0.0,,0,0.0,0,0.0,0.0,,0,0.0,0,,,,0,,1.2948,0.0723686558549132
prebreak,002318,2025-08-05,S,S,A,C,S,S,A,21.2518,22.98,22.2,0.78,,0,0.0,0.0,,0,0.0,0,0.0,0.0,,0,0.0,0,,,,0,,1.8649,0.069717781710304
prebreak,600309,2025-08-06,S,S,A,C,S,S,A,60.0959,55.72,53.51,2.21,,0,0.0,0.0,,0,0.0,0,0.0,0.0,,0,0.0,0,,,,0,,0.4719,0.003944074833631
prebreak,002180,2025-08-07,S,S,A,C,S,S,A,24.03,24.32,23.17,1.15,2025-08-23（报告期 2025-06-30 00:00:00）,0,0.0,0.0,,0,0.0,1,24.32,24.71,2025-08-21,0,0.3228,1,24.32,24.32,2025-09-02,1,-0.0161,1.7832,-0.0341540905480539
prebreak,600096,2025-08-07,S,S,A,C,S,S,A,23.4066,23.83,22.94,0.89,,0,0.0,0.0,,0,0.0,0,0.0,0.0,,0,0.0,0,,,,0,,0.877,0.0961294982765377
prebreak,601567,2025-08-08,S,S,A,C,S,S,A,22.9064,22.45,21.68,0.77,,0,0.0,0.0,,0,0.0,0,0.0,0.0,,0,0.0,0,,,,0,,1.0253,-0.0064582840431414
prebreak,603233,2025-08-08,S,S,A,C,S,S,A,16.7353,16.97,16.33,0.64,,0,0.0,0.0,,0,0.0,0,0.0,0.0,,0,0.0,0,,,,0,,1.9129,0.023921621226955
prebreak,002812,2025-08-11,S,S,A,C,S,S,A,31.72,30.41,28.89,1.52,,0,0.0,0.0,,0,0.0,0,0.0,0.0,,0,0.0,0,,,,0,,0.9175,0.078751330258957
prebreak,600587,2025-08-11,S,S,A,C,S,S,A,17.7136,16.31,15.63,0.68,,0,0.0,0.0,,0,0.0,0,0.0,0.0,,0,0.0,0,,,,0,,1.1855,0.101754812243664
prebreak,603733,2025-08-11,S,S,A,C,S,S,A,24.6287,21.49,20.55,0.94,,1,21.49,24.3166,2025-08-14,0,2.9878,1,21.49,24.3166,2025-08-14,0,2.9878,1,21.49,24.3166,2025-08-14,0,2.9878,2.3119,0.0726431397317473
prebreak,301071,2025-08-12,S,S,A,C,S,S,A,30.3233,30.99,29.77,1.22,,0,0.0,0.0,,0,0.0,1,30.99,31.3675,2025-08-26,0,0.2899,1,30.99,29.77,2025-08-28,1,-1.0187,3.1932,0.0223233325900251
prebreak,601677,2025-08-18,S,S,A,C,S,S,A,13.4799,12.94,12.36,0.58,,0,0.0,0.0,,0,0.0,0,0.0,0.0,,0,0.0,0,,,,0,,1.243,0.0184593536407666
prebreak,601899,2025-08-18,S,S,A,C,S,S,A,20.3383,20.28,19.3,0.98,,1,20.28,20.1428,2025-08-21,0,-0.1557,1,20.28,20.1428,2025-08-21,0,-0.1557,1,20.28,20.1428,2025-08-21,0,-0.1557,1.5015,0.0242141621676512
prebreak,002142,2025-08-19,S,S,A,C,S,S,A,26.7042,27.56,26.51,1.05,,1,27.56,27.2621,2025-08-26,0,-0.3035,1,27.56,26.9158,2025-08-27,0,-0.6331,1,27.56,26.9158,2025-08-27,0,-0.6331,1.7114,-0.0238610497777989
prebreak,601628,2025-08-19,S,S,A,C,S,S,A,40.9512,40.77,39.3,1.47,,0,0.0,0.0,,0,0.0,0,0.0,0.0,,0,0.0,0,,,,0,,0.6989,0.0154631213609754
prebreak,603833,2025-08-19,S,S,A,C,S,S,A,49.7426,51.36,49.44,1.92,,1,51.36,52.5426,2025-08-26,0,0.5952,1,51.36,51.4339,2025-08-27,0,0.0181,1,51.36,51.4339,2025-08-27,0,0.0181,1.5865,-0.0266848348569607
prebreak,600547,2025-08-20,S,S,A,C,S,S,A,30.3023,31.6,30.05,1.55,,0,0.0,0.0,,0,0.0,0,0.0,0.0,,0,0.0,0,,,,0,,1.168,0.0696801218097997
prebreak,300346,2025-08-21,S,S,A,C,S,S,A,33.9467,32.81,31.21,1.6,2025-08-27（报告期 2025-06-30 00:00:00）,1,32.81,36.5793,2025-08-28,0,2.3387,1,32.81,33.1252,2025-09-04,0,0.1813,1,32.81,32.81,2025-09-04,1,-0.0156,1.9184,0.0184784133352091
prebreak,601001,2025-08-22,S,S,A,C,S,S,A,13.6235,14.15,13.63,0.52,,0,0.0,0.0,,0,0.0,0,0.0,0.0,,0,0.0,0,,,,0,,2.0005,0.0476054784327755
prebreak,601601,2025-08-22,S,S,A,C,S,S,A,39.2687,37.05,35.38,1.67,,0,0.0,0.0,,0,0.0,0,0.0,0.0,,0,0.0,0,,,,0,,1.0667,-0.0131840519296989
prebreak,000963,2025-08-25,S,S,A,C,S,S,A,44.837,43.09,40.8,2.29,,0,0.0,0.0,,0,0.0,0,0.0,0.0,,0,0.0,0,,,,0,,0.8195,-0.0144143571366623
prebreak,601899,2025-08-25,S,S,A,C,S,S,A,21.717,20.28,19.3,0.98,,0,0.0,0.0,,0,0.0,0,0.0,0.0,,0,0.0,0,,,,0,,1.1181,0.0587206117353209
prebreak,601628,2025-08-26,S,S,A,C,S,S,A,41.7727,42.29,40.29,2.0,2025-08-28（报告期 2025-06-30 00:00:00）,1,42.29,40.29,2025-09-01,1,-1.0154,1,42.29,40.29,2025-09-01,1,-1.0154,1,42.29,40.29,2025-09-01,1,-1.0154,1.9057,0.0613369058646937
prebreak,603833,2025-08-26,S,S,A,C,S,S,A,52.5426,51.36,49.28,2.08,,0,0.0,0.0,,0,0.0,0,0.0,0.0,,0,0.0,0,,,,0,,0.8996,0.0152559374894702
prebreak,300346,2025-08-28,S,S,A,C,S,S,A,36.5793,32.81,31.21,1.6,,0,0.0,0.0,,0,0.0,0,0.0,0.0,,0,0.0,0,,,,0,,1.2219,0.0628878600211944
prebreak,601001,2025-08-29,S,S,A,C,S,S,A,12.8564,14.15,13.63,0.52,,0,0.0,0.0,,0,0.0,0,0.0,0.0,,0,0.0,1,14.15,13.9537,2025-09-25,0,-0.398,2.0005,0.0476054784327755
prebreak,688596,2025-08-29,S,S,A,C,S,S,A,41.035,35.66,33.84,1.82,2025-08-30（报告期 2025-06-30 00:00:00）,1,35.66,35.8969,2025-09-05,0,0.1152,1,35.66,35.9169,2025-09-12,0,0.1262,1,35.66,48.6274,2025-10-13,0,7.1056,2.8088,0.0256110845422179
prebreak,000963,2025-09-01,S,S,A,C,S,S,A,44.1378,45.35,43.81,1.54,,0,0.0,0.0,,0,0.0,0,0.0,0.0,,0,0.0,0,,,,0,,,
prebreak,601088,2025-09-01,S,S,A,C,S,S,A,36.1429,37.44,35.65,1.79,,0,0.0,0.0,,0,0.0,0,0.0,0.0,,0,0.0,0,,,,0,,1.3665,0.0391785726650022
prebreak,300346,2025-09-04,S,S,A,C,S,S,A,33.1252,32.81,31.21,1.6,,0,0.0,0.0,,0,0.0,0,0.0,0.0,,0,0.0,0,,,,0,,0.6712,0.035336425798284
prebreak,600771,2025-09-04,S,S,A,C,S,S,A,19.68,20.46,19.44,1.02,,0,0.0,0.0,,0,0.0,0,0.0,0.0,,0,0.0,0,,,,0,,,
prebreak,603505,2025-09-04,S,S,A,C,S,S,A,16.4627,17.16,16.35,0.81,,0,0.0,0.0,,0,0.0,0,0.0,0.0,,0,0.0,0,,,,0,,1.1402,0.0862506062632684
prebreak,000685,2025-09-08,S,S,A,C,S,S,A,9.6074,10.09,9.59,0.5,,0,0.0,0.0,,0,0.0,1,10.09,9.955,2025-09-22,0,-0.2852,1,10.09,12.77,2025-10-14,1,5.3413,4.2459,0.0106244106165491
prebreak,000963,2025-09-08,S,S,A,C,S,S,A,42.5063,45.35,43.81,1.54,,0,0.0,0.0,,0,0.0,0,0.0,0.0,,0,0.0,0,,,,0,,,
prebreak,603639,2025-09-10,S,S,A,C,S,S,A,14.4253,14.94,14.25,0.69,,0,0.0,0.0,,0,0.0,0,0.0,0.0,,0,0.0,0,,,,0,,,
prebreak,300346,2025-09-11,S,S,A,C,S,S,A,34.1898,34.46,32.76,1.7,,0,0.0,0.0,,0,0.0,0,0.0,0.0,,0,0.0,0,,,,0,,0.7528,-0.0057497189127928
prebreak,600685,2025-09-11,S,S,A,C,S,S,A,26.627,27.02,25.9,1.12,,0,0.0,0.0,,0,0.0,0,0.0,0.0,,0,0.0,0,,,,0,,0.7533,-0.0591743199233173
prebreak,600771,2025-09-11,S,S,A,C,S,S,A,20.1,20.46,19.49,0.97,,0,0.0,0.0,,0,0.0,0,0.0,0.0,,0,0.0,0,,,,0,,,
prebreak,603505,2025-09-11,S,S,A,C,S,S,A,17.3663,17.16,16.35,0.81,,1,17.16,17.267,2025-09-16,0,0.1159,1,17.16,17.267,2025-09-16,0,0.1159,1,17.16,17.267,2025-09-16,0,0.1159,2.0555,0.0330093930453436
prebreak,603599,2025-09-11,S,S,A,C,S,S,A,11.8155,12.12,11.55,0.57,,0,0.0,0.0,,0,0.0,0,0.0,0.0,,0,0.0,0,,,,0,,2.1994,0.0215455384047711
prebreak,688548,2025-09-11,S,S,A,C,S,S,A,10.9419,11.33,10.76,0.57,,0,0.0,0.0,,0,0.0,0,0.0,0.0,,0,0.0,0,,,,0,,1.1299,0.0008646041108608
prebreak,300015,2025-09-12,S,S,A,C,S,S,A,12.6599,13.24,12.66,0.58,,0,0.0,0.0,,0,0.0,0,0.0,0.0,,0,0.0,0,,,,0,,,
prebreak,601567,2025-09-12,S,S,A,C,S,S,A,22.072,22.91,21.69,1.22,,0,0.0,0.0,,0,0.0,1,22.91,23.8378,2025-09-26,0,0.7457,1,22.91,22.91,2025-10-22,1,-0.0143,3.8461,0.0048389862972908
prebreak,688596,2025-09-12,S,S,A,C,S,S,A,35.9169,36.35,34.54,1.81,,0,0.0,0.0,,0,0.0,0,0.0,0.0,,0,0.0,0,,,,0,,0.5617,-0.0648320452125637
prebreak,603391,2025-09-15,S,S,A,C,S,S,A,46.8333,42.87,40.67,2.2,,1,42.87,50.5937,2025-09-22,0,3.4937,1,42.87,51.8829,2025-09-29,0,4.0794,1,42.87,49.63,2025-10-17,1,3.056,2.0436,0.0837573959271622
prebreak,688575,2025-09-15,S,S,A,C,S,S,A,14.9468,15.38,14.84,0.54,,0,0.0,0.0,,0,0.0,0,0.0,0.0,,0,0.0,0,,,,0,,1.9755,0.0659851491988625
prebreak,300848,2025-09-16,S,S,A,C,S,S,A,16.8689,17.17,16.33,0.84,,0,0.0,0.0,,0,0.0,0,0.0,0.0,,0,0.0,0,,,,0,,21.0614,0.0736887351838324
prebreak,002895,2025-09-17,S,S,A,C,S,S,A,25.2544,26.47,25.11,1.36,,0,0.0,0.0,,0,0.0,1,26.47,29.8156,2025-10-09,0,2.4437,1,26.47,35.8209,2025-11-06,0,6.8565,1.6821,0.033534882250531
prebreak,600479,2025-09-17,S,S,A,C,S,S,A,10.338,10.81,10.29,0.52,,0,0.0,0.0,,0,0.0,0,0.0,0.0,,0,0.0,0,,,,0,,4.1077,0.0839329946082172
prebreak,600877,2025-09-17,S,S,A,C,S,S,A,14.15,14.52,13.92,0.6,,0,0.0,0.0,,0,0.0,0,0.0,0.0,,0,0.0,0,,,,0,,0.9649,0.0305180979418027
prebreak,002223,2025-09-19,S,S,A,C,S,S,A,37.5569,38.3,36.62,1.68,,0,0.0,0.0,,0,0.0,0,0.0,0.0,,0,0.0,0,,,,0,,1.6238,0.0817171907362077
prebreak,300015,2025-09-19,S,S,A,C,S,S,A,12.2572,12.81,12.18,0.63,,0,0.0,0.0,,0,0.0,0,0.0,0.0,,0,0.0,0,,,,0,,,
prebreak,600323,2025-09-19,S,S,A,C,S,S,A,25.3497,26.68,25.59,1.09,,0,0.0,0.0,,0,0.0,0,0.0,0.0,,0,0.0,0,,,,0,,0.6295,0.0687502480433372
prebreak,601567,2025-09-19,S,S,A,C,S,S,A,22.2661,22.64,21.63,1.01,,1,22.64,23.8378,2025-09-26,0,1.1681,1,22.64,25.2349,2025-10-13,0,2.5505,1,22.64,22.64,2025-10-23,1,-0.017,3.8461,-0.0070032889667975
prebreak,603698,2025-09-19,S,S,A,C,S,S,A,19.2886,17.14,16.52,0.62,,0,0.0,0.0,,0,0.0,0,0.0,0.0,,0,0.0,0,,,,0,,0.6545,-0.0915557602743195
prebreak,688596,2025-09-19,S,S,A,C,S,S,A,36.7749,36.35,34.54,1.81,,0,0.0,0.0,,0,0.0,0,0.0,0.0,,0,0.0,0,,,,0,,0.657,-0.0636303387684779
prebreak,000708,2025-09-22,S,S,A,C,S,S,A,12.1356,12.74,12.13,0.61,,0,0.0,0.0,,0,0.0,0,0.0,0.0,,0,0.0,0,,,,0,,1.4771,0.0208669857180416
prebreak,000885,2025-09-22,S,S,A,C,S,S,A,13.9319,14.83,14.12,0.71,,1,14.83,15.454,2025-09-29,0,0.8624,1,14.83,14.6008,2025-10-09,0,-0.3385,1,14.83,14.6008,2025-10-09,0,-0.3385,2.8877,0.0204391317069159
prebreak,001201,2025-09-22,S,S,A,C,S,S,A,16.49,16.47,15.68,0.79,,0,0.0,0.0,,0,0.0,0,0.0,0.0,,0,0.0,0,,,,0,,0.5573,-0.0018181818181819
prebreak,002078,2025-09-22,S,S,A,C,S,S,A,14.075,15.26,14.59,0.67,,0,0.0,0.0,,0,0.0,0,0.0,0.0,,0,0.0,0,,,,0,,1.5297,0.078947702434718
prebreak,600153,2025-09-22,S,S,A,C,S,S,A,9.8674,10.24,9.72,0.52,,0,0.0,0.0,,0,0.0,0,0.0,0.0,,0,0.0,0,,,,0,,,
prebreak,603658,2025-09-22,S,S,A,C,S,S,A,38.3022,39.94,38.17,1.77,,0,0.0,0.0,,0,0.0,0,0.0,0.0,,0,0.0,0,,,,0,,,
prebreak,688575,2025-09-22,S,S,A,C,S,S,A,14.4878,15.07,14.4,0.67,,0,0.0,0.0,,0,0.0,0,0.0,0.0,,0,0.0,1,15.07,15.07,2025-11-21,1,-0.0171,3.2615,0.0401829906342015
prebreak,000400,2025-09-24,S,S,A,C,S,S,A,23.982,23.8,22.61,1.19,,1,23.8,26.3469,2025-10-09,0,2.1237,1,23.8,26.5529,2025-10-16,0,2.2967,1,23.8,27.91,2025-11-12,1,3.4364,1.8374,0.0347483170390094
prebreak,002001,2025-09-24,S,S,A,C,S,S,A,22.8067,23.71,22.71,1.0,,1,23.71,24.1972,2025-10-09,0,0.4688,1,23.71,23.4923,2025-10-13,0,-0.2356,1,23.71,23.4923,2025-10-13,0,-0.2356,2.2205,0.0151081535544792
prebreak,600479,2025-09-24,S,S,A,C,S,S,A,10.0306,10.81,10.29,0.52,,0,0.0,0.0,,0,0.0,0,0.0,0.0,,0,0.0,0,,,,0,,4.1077,0.0839329946082172
prebreak,300015,2025-09-26,S,S,A,C,S,S,A,12.1296,12.32,11.81,0.51,,0,0.0,0.0,,0,0.0,0,0.0,0.0,,0,0.0,0,,,,0,,1.4016,-0.009170974245601
prebreak,600323,2025-09-26,S,S,A,C,S,S,A,26.3533,26.68,25.59,1.09,,0,0.0,0.0,,0,0.0,0,0.0,0.0,,0,0.0,0,,,,0,,1.1143,0.0528777196070502
prebreak,601877,2025-09-26,S,S,A,C,S,S,A,28.4684,28.05,26.56,1.49,,0,0.0,0.0,,0,0.0,0,0.0,0.0,,0,0.0,0,,,,0,,1.0,0.0273277926468518
prebreak,603885,2025-09-26,S,S,A,C,S,S,A,13.3472,13.43,12.91,0.52,,0,0.0,0.0,,0,0.0,0,0.0,0.0,,0,0.0,0,,,,0,,0.6252,0.103577101661779
prebreak,000155,2025-09-29,S,S,A,C,S,S,A,10.2252,10.33,9.83,0.5,,0,0.0,0.0,,0,0.0,0,0.0,0.0,,0,0.0,0,,,,0,,0.8918,0.0423490547216969
prebreak,000708,2025-09-29,S,S,A,C,S,S,A,12.8331,12.44,11.83,0.61,,0,0.0,0.0,,0,0.0,0,0.0,0.0,,0,0.0,0,,,,0,,1.0229,0.0006587376240088
prebreak,000885,2025-09-29,S,S,A,C,S,S,A,15.454,14.24,13.64,0.6,,1,14.24,14.8723,2025-10-14,0,1.0351,1,14.24,14.8917,2025-10-21,0,1.0674,1,14.24,14.24,2025-11-04,1,-0.018,4.8026,-0.0175365942205997
prebreak,002978,2025-09-29,S,S,A,C,S,S,A,31.2788,31.62,30.04,1.58,,0,0.0,0.0,,0,0.0,0,0.0,0.0,,0,0.0,0,,,,0,,1.0803,-0.0167413232399461
prebreak,600153,2025-09-29,S,S,A,C,S,S,A,9.4041,10.0,9.5,0.5,,0,0.0,0.0,,0,0.0,0,0.0,0.0,,0,0.0,0,,,,0,,1.4969,0.0468597336892882
prebreak,002128,2025-09-30,S,S,A,C,S,S,A,21.6261,22.08,21.05,1.03,,0,0.0,0.0,,0,0.0,0,0.0,0.0,,0,0.0,0,,,,0,,1.3394,0.0921181777746431
prebreak,600763,2025-09-30,S,S,A,C,S,S,A,44.04,44.69,43.06,1.63,,0,0.0,0.0,,0,0.0,0,0.0,0.0,,0,0.0,0,,,,0,,0.7797,-0.0099689853788215
prebreak,000792,2025-10-09,S,S,A,C,S,S,A,22.41,20.77,19.88,0.89,,0,0.0,0.0,,0,0.0,0,0.0,0.0,,0,0.0,0,,,,0,,1.3699,0.0857292211186617
prebreak,000818,2025-10-09,S,S,A,C,S,S,A,23.78,24.25,23.26,0.99,,0,0.0,0.0,,0,0.0,0,0.0,0.0,,0,0.0,0,,,,0,,2.8404,0.1575178997613364
prebreak,603439,2025-10-09,S,S,A,C,S,S,A,12.4615,13.15,12.64,0.51,,0,0.0,0.0,,0,0.0,0,0.0,0.0,,0,0.0,0,,,,0,,3.8849,0.0611798250484292
prebreak,000902,2025-10-10,S,S,A,C,S,S,A,14.3724,14.81,14.06,0.75,,0,0.0,0.0,,0,0.0,0,0.0,0.0,,0,0.0,1,14.81,14.81,2025-11-24,1,-0.015,3.201,0.0520800610687346
prebreak,300770,2025-10-10,S,S,A,C,S,S,A,44.5582,45.01,42.78,2.23,,0,0.0,0.0,,0,0.0,1,45.01,45.8835,2025-10-24,0,0.3761,1,45.01,42.78,2025-11-14,1,-1.0147,1.6794,0.0521553014442615
prebreak,603505,2025-10-10,S,S,A,C,S,S,A,18.955,17.28,16.47,0.81,,0,0.0,0.0,,0,0.0,0,0.0,0.0,,0,0.0,0,,,,0,,1.1013,0.0024828352991357
prebreak,603899,2025-10-10,S,S,A,C,S,S,A,26.0623,26.68,25.74,0.94,,0,0.0,0.0,,0,0.0,0,0.0,0.0,,0,0.0,0,,,,0,,1.0453,-0.055631034139544
prebreak,688139,2025-10-10,S,S,A,C,S,S,A,32.7251,32.84,31.25,1.59,,0,0.0,0.0,,0,0.0,0,0.0,0.0,,0,0.0,0,,,,0,,0.9623,-0.0075718148946278
prebreak,600323,2025-10-13,S,S,A,C,S,S,A,27.299,26.83,25.93,0.9,,0,0.0,0.0,,0,0.0,0,0.0,0.0,,0,0.0,0,,,,0,,0.9551,0.0559823165324679
prebreak,603100,2025-10-13,S,S,A,C,S,S,A,23.439,23.96,23.01,0.95,,0,0.0,0.0,,0,0.0,0,0.0,0.0,,0,0.0,0,,,,0,,4.9865,0.0899825401037766
prebreak,603260,2025-10-13,S,S,A,C,S,S,A,48.9,50.18,47.8,2.38,,0,0.0,0.0,,0,0.0,0,0.0,0.0,,0,0.0,0,,,,0,,0.9916,-0.1074350764852365
prebreak,688334,2025-10-13,S,S,A,C,S,S,A,20.98,19.73,18.69,1.04,,1,19.73,20.5048,2025-10-20,0,0.7301,1,19.73,20.6434,2025-10-27,0,0.8633,1,19.73,20.8117,2025-11-11,0,1.0251,2.598,0.0332724487357829
prebreak,000623,2025-10-14,S,S,A,C,S,S,A,19.9929,18.84,17.89,0.95,,0,0.0,0.0,,0,0.0,0,0.0,0.0,,0,0.0,0,,,,0,,1.4558,0.0128880248206526
prebreak,000708,2025-10-14,S,S,A,C,S,S,A,13.2823,12.44,11.83,0.61,,0,0.0,0.0,,0,0.0,0,0.0,0.0,,0,0.0,0,,,,0,,1.2257,0.005294994323425
prebreak,000885,2025-10-14,S,S,A,C,S,S,A,14.8723,14.24,13.64,0.6,,0,0.0,0.0,,0,0.0,0,0.0,0.0,,0,0.0,0,,,,0,,0.8667,-0.0279399128787536
prebreak,002039,2025-10-14,S,S,A,C,S,S,A,17.6261,17.06,16.37,0.69,,0,0.0,0.0,,0,0.0,0,0.0,0.0,,0,0.0,0,,,,0,,1.1928,0.0502356861832742
prebreak,002690,2025-10-14,S,S,A,C,S,S,A,19.1325,20.23,19.31,0.92,,0,0.0,0.0,,0,0.0,1,20.23,19.469,2025-10-28,0,-0.8434,1,20.23,19.31,2025-10-29,1,-1.0161,1.6972,0.0150274300357855
prebreak,000821,2025-10-15,S,S,A,C,S,S,A,12.6379,12.9,12.33,0.57,,0,0.0,0.0,,0,0.0,0,0.0,0.0,,0,0.0,1,12.9,12.9,2025-11-21,1,-0.0172,3.7669,0.0215430585085991
prebreak,000951,2025-10-15,S,S,A,C,S,S,A,17.4961,17.1,16.26,0.84,,0,0.0,0.0,,0,0.0,0,0.0,0.0,,0,0.0,0,,,,0,,1.2287,0.0156994397129555
prebreak,600763,2025-10-15,S,S,A,C,S,S,A,43.83,45.3,43.11,2.19,,0,0.0,0.0,,0,0.0,0,0.0,0.0,,0,0.0,0,,,,0,,1.6758,0.0798569725864122
prebreak,600066,2025-10-20,S,S,A,C,S,S,A,27.4277,27.97,26.82,1.15,,0,0.0,0.0,,0,0.0,0,0.0,0.0,,0,0.0,0,,,,0,,0.5428,0.0390595977285994
prebreak,600323,2025-10-20,S,S,A,C,S,S,A,27.3569,27.77,26.6,1.17,,0,0.0,0.0,,0,0.0,0,0.0,0.0,,0,0.0,0,,,,0,,1.3284,0.0549171329224351
prebreak,601900,2025-10-20,S,S,A,C,S,S,A,13.0358,12.75,12.19,0.56,,0,0.0,0.0,,0,0.0,0,0.0,0.0,,0,0.0,0,,,,0,,1.125,0.019857371214303
prebreak,603100,2025-10-20,S,S,A,C,S,S,A,22.1971,23.96,23.01,0.95,,0,0.0,0.0,,0,0.0,0,0.0,0.0,,0,0.0,1,23.96,23.96,2025-11-27,1,-0.0192,4.9865,0.0899825401037766
prebreak,603260,2025-10-20,S,S,A,C,S,S,A,48.49,50.18,47.8,2.38,,0,0.0,0.0,,0,0.0,1,50.18,49.6,2025-11-03,0,-0.2596,1,50.18,48.26,2025-11-04,0,-0.8222,1.5911,0.0354931902600081
prebreak,605507,2025-10-20,S,S,A,C,S,S,A,15.3578,15.91,15.26,0.65,,0,0.0,0.0,,0,0.0,0,0.0,0.0,,0,0.0,0,,,,0,,1.1587,0.0161930568507733
prebreak,000885,2025-10-21,S,S,A,C,S,S,A,14.8917,15.18,14.44,0.74,,0,0.0,0.0,,0,0.0,0,0.0,0.0,,0,0.0,0,,,,0,,0.9829,0.0680347606179336
prebreak,600587,2025-10-21,S,S,A,C,S,S,A,16.0731,16.57,15.79,0.78,,0,0.0,0.0,,0,0.0,0,0.0,0.0,,0,0.0,0,,,,0,,2.372,0.137553583336897
prebreak,600985,2025-10-21,S,S,A,C,S,S,A,13.4009,12.62,12.11,0.51,,0,0.0,0.0,,0,0.0,0,0.0,0.0,,0,0.0,0,,,,0,,0.6055,0.0637427627851705
prebreak,603071,2025-10-21,S,S,A,C,S,S,A,14.0035,14.3,13.57,0.73,,0,0.0,0.0,,0,0.0,0,0.0,0.0,,0,0.0,0,,,,0,,2.7655,0.0879588319795425
prebreak,603279,2025-10-21,S,S,A,C,S,S,A,14.8412,15.31,14.69,0.62,,0,0.0,0.0,,0,0.0,0,0.0,0.0,,0,0.0,1,15.31,15.31,2025-12-08,1,-0.0188,1.9312,-0.0059792304883976
prebreak,603368,2025-10-21,S,S,A,C,S,S,A,18.0048,18.46,17.63,0.83,,0,0.0,0.0,,0,0.0,0,0.0,0.0,,0,0.0,0,,,,0,,1.339,0.002320313694859
prebreak,600763,2025-10-22,S,S,A,C,S,S,A,42.2,45.3,43.07,2.23,,0,0.0,0.0,,0,0.0,0,0.0,0.0,,0,0.0,1,45.3,44.14,2025-11-18,0,-0.5353,1.6758,0.0798569725864122
prebreak,603165,2025-10-22,S,S,A,C,S,S,A,12.1276,12.16,11.57,0.59,,0,0.0,0.0,,0,0.0,0,0.0,0.0,,0,0.0,0,,,,0,,0.4267,-0.0535654383156255
prebreak,000792,2025-10-23,S,S,A,C,S,S,A,22.88,20.28,19.21,1.07,,0,0.0,0.0,,0,0.0,0,0.0,0.0,,0,0.0,0,,,,0,,1.0239,0.0346938775510203
prebreak,002791,2025-10-23,S,S,A,C,S,S,A,22.08,22.71,21.59,1.12,,0,0.0,0.0,,0,0.0,1,22.71,22.66,2025-11-04,0,-0.06,1,22.71,22.66,2025-11-04,0,-0.06,2.7096,0.0327421555252389
prebreak,600109,2025-10-23,S,S,A,C,S,S,A,10.0373,10.44,9.89,0.55,,0,0.0,0.0,,0,0.0,0,0.0,0.0,,0,0.0,0,,,,0,,,
prebreak,600188,2025-10-23,S,S,A,C,S,S,A,14.6552,13.68,13.02,0.66,,0,0.0,0.0,,0,0.0,0,0.0,0.0,,0,0.0,0,,,,0,,1.1755,0.0612027050358114
prebreak,603320,2025-10-23,S,S,A,C,S,S,A,21.0535,19.26,18.35,0.91,,1,19.26,20.5371,2025-10-28,0,1.3864,1,19.26,20.5371,2025-10-28,0,1.3864,1,19.26,20.5371,2025-10-28,0,1.3864,1.7729,-0.0317511859666947
prebreak,603439,2025-10-23,S,S,A,C,S,S,A,12.3919,12.76,12.18,0.58,,0,0.0,0.0,,0,0.0,0,0.0,0.0,,0,0.0,1,12.76,12.4715,2025-11-18,0,-0.5138,3.8849,0.0297075716819736
prebreak,600546,2025-10-24,S,S,A,C,S,S,A,10.7489,9.91,9.41,0.5,,0,0.0,0.0,,0,0.0,0,0.0,0.0,,0,0.0,0,,,,0,,0.9225,0.0046144357377027
prebreak,688139,2025-10-24,S,S,A,C,S,S,A,33.5153,34.39,32.92,1.47,,1,34.39,34.4142,2025-10-31,0,-0.0013,1,34.39,34.2166,2025-11-07,0,-0.1356,1,34.39,32.92,2025-11-20,1,-1.0171,1.8398,0.0595107441689843
prebreak,601878,2025-10-27,S,S,A,C,S,S,A,11.5209,11.61,11.07,0.54,,0,0.0,0.0,,0,0.0,0,0.0,0.0,,0,0.0,0,,,,0,,1.3497,0.0479694540482091
prebreak,601900,2025-10-27,S,S,A,C,S,S,A,13.503,12.75,12.19,0.56,,1,12.75,14.1419,2025-11-03,0,2.4667,1,12.75,14.1896,2025-11-10,0,2.5518,1,12.75,12.75,2025-12-11,1,-0.0173,1.7052,0.0486533440485894
prebreak,603100,2025-10-27,S,S,A,C,S,S,A,23.3119,23.96,23.01,0.95,,0,0.0,0.0,,0,0.0,0,0.0,0.0,,0,0.0,1,23.96,23.96,2025-11-27,1,-0.0192,4.9865,0.0899825401037766
prebreak,603939,2025-10-27,S,S,A,C,S,S,A,24.8132,25.27,24.17,1.1,,0,0.0,0.0,,0,0.0,0,0.0,0.0,,0,0.0,0,,,,0,,2.3389,0.1836065573770491
prebreak,605507,2025-10-27,S,S,A,C,S,S,A,15.7607,15.99,15.31,0.68,,0,0.0,0.0,,0,0.0,1,15.99,16.1844,2025-11-10,0,0.2678,1,15.99,16.0,2025-12-18,1,-0.0032,1.5948,-0.0183298803433258
prebreak,688334,2025-10-27,S,S,A,C,S,S,A,20.6434,19.73,18.69,1.04,,0,0.0,0.0,,0,0.0,0,0.0,0.0,,0,0.0,0,,,,0,,0.6754,0.0616645960003181
prebreak,000885,2025-10-28,S,S,A,C,S,S,A,14.4263,15.3,14.56,0.74,,0,0.0,0.0,,0,0.0,0,0.0,0.0,,0,0.0,0,,,,0,,,
prebreak,600426,2025-10-28,S,S,A,C,S,S,A,18.4496,19.02,18.06,0.96,,0,0.0,0.0,,0,0.0,0,0.0,0.0,,0,0.0,0,,,,0,,0.8895,0.0070485427318225
prebreak,600739,2025-10-28,S,S,A,C,S,S,A,12.0711,12.32,11.8,0.52,,0,0.0,0.0,,0,0.0,0,0.0,0.0,,0,0.0,0,,,,0,,1.2352,0.0640875689694626
prebreak,600985,2025-10-28,S,S,A,C,S,S,A,13.2433,13.61,13.08,0.53,,0,0.0,0.0,,0,0.0,0,0.0,0.0,,0,0.0,0,,,,0,,0.9945,0.1129870061471709
prebreak,000951,2025-10-29,S,S,A,C,S,S,A,16.4337,17.11,16.28,0.83,,1,17.11,17.5344,2025-11-05,0,0.4953,1,17.11,17.3334,2025-11-12,0,0.2533,1,17.11,16.28,2025-11-21,1,-1.015,2.4145,0.0423674161705818
prebreak,600639,2025-10-29,S,S,A,C,S,S,A,10.7283,11.15,10.6,0.55,,0,0.0,0.0,,0,0.0,0,0.0,0.0,,0,0.0,0,,,,0,,,
prebreak,688139,2025-10-31,S,S,A,C,S,S,A,34.4142,34.34,32.82,1.52,,0,0.0,0.0,,0,0.0,0,0.0,0.0,,0,0.0,0,,,,0,,1.167,0.0786504617044978
prebreak,002416,2025-11-03,S,S,A,C,S,S,A,11.9462,12.27,11.71,0.56,,0,0.0,0.0,,0,0.0,0,0.0,0.0,,0,0.0,0,,,,0,,2.1779,0.0798868890188841
prebreak,600483,2025-11-03,S,S,A,C,S,S,A,9.9776,10.05,9.51,0.54,,0,0.0,0.0,,0,0.0,0,0.0,0.0,,0,0.0,0,,,,0,,1.4841,0.0521558974824929
prebreak,603281,2025-11-03,S,S,A,C,S,S,A,18.018,18.15,17.46,0.69,,0,0.0,0.0,,0,0.0,0,0.0,0.0,,0,0.0,0,,,,0,,1.1954,0.0537622271451923
prebreak,603393,2025-11-03,S,S,A,C,S,S,A,28.83,30.32,29.15,1.17,,0,0.0,0.0,,0,0.0,0,0.0,0.0,,0,0.0,0,,,,0,,0.8395,0.0154052243804421
prebreak,688334,2025-11-03,S,S,A,C,S,S,A,20.5246,19.73,18.69,1.04,,0,0.0,0.0,,0,0.0,0,0.0,0.0,,0,0.0,0,,,,0,,1.0918,0.0261299931475782
prebreak,600426,2025-11-04,S,S,A,C,S,S,A,18.8271,19.02,18.06,0.96,,0,0.0,0.0,,0,0.0,0,0.0,0.0,,0,0.0,0,,,,0,,0.6093,-0.0519892523325007
prebreak,601456,2025-11-04,S,S,A,C,S,S,A,10.7074,11.39,10.86,0.53,,0,0.0,0.0,,0,0.0,0,0.0,0.0,,0,0.0,0,,,,0,,,
prebreak,601788,2025-11-04,S,S,A,C,S,S,A,18.4038,19.17,18.25,0.92,,0,0.0,0.0,,0,0.0,0,0.0,0.0,,0,0.0,0,,,,0,,,
prebreak,601838,2025-11-04,S,S,A,C,S,S,A,16.1759,17.78,16.9,0.88,,0,0.0,0.0,,0,0.0,0,0.0,0.0,,0,0.0,0,,,,0,,1.2666,0.094014521199375
prebreak,601995,2025-11-04,S,S,A,C,S,S,A,36.2583,39.02,37.27,1.75,,0,0.0,0.0,,0,0.0,0,0.0,0.0,,0,0.0,0,,,,0,,,
prebreak,001289,2025-11-05,S,S,A,C,S,S,A,17.1594,17.62,16.97,0.65,,0,0.0,0.0,,0,0.0,0,0.0,0.0,,0,0.0,0,,,,0,,1.3648,-0.0195253513020375
prebreak,600639,2025-11-05,S,S,A,C,S,S,A,10.7571,11.16,10.6,0.56,,0,0.0,0.0,,0,0.0,0,0.0,0.0,,0,0.0,0,,,,0,,,
prebreak,002601,2025-11-06,S,S,A,C,S,S,A,17.799,18.73,17.85,0.88,,0,0.0,0.0,,0,0.0,0,0.0,0.0,,0,0.0,0,,,,0,,1.307,-0.0725603318819366
prebreak,688558,2025-11-06,S,S,A,C,S,S,A,28.7267,31.58,30.33,1.25,,0,0.0,0.0,,0,0.0,0,0.0,0.0,,0,0.0,0,,,,0,,3.7582,0.119946495003506
prebreak,600298,2025-11-07,S,S,A,C,S,S,A,37.7991,40.73,39.2,1.53,,0,0.0,0.0,,0,0.0,0,0.0,0.0,,0,0.0,0,,,,0,,0.7725,0.0168946226721993
prebreak,000739,2025-11-10,S,S,A,C,S,S,A,15.2348,15.31,14.7,0.61,,0,0.0,0.0,,0,0.0,0,0.0,0.0,,0,0.0,0,,,,0,,0.7673,-0.0296497176989815
prebreak,002572,2025-11-10,S,S,A,C,S,S,A,12.4504,12.51,11.86,0.65,,1,12.51,12.6361,2025-11-13,0,0.1793,1,12.51,12.6361,2025-11-13,0,0.1793,1,12.51,12.6361,2025-11-13,0,0.1793,1.7952,0.0526688945086704
prebreak,003031,2025-11-10,S,S,A,C,S,S,A,53.7849,56.1,53.4,2.7,,0,0.0,0.0,,0,0.0,0,0.0,0.0,,0,0.0,1,56.1,69.8,2025-12-15,1,5.0551,2.148,0.0430434464259854
prebreak,300012,2025-11-10,S,S,A,C,S,S,A,13.9734,14.51,13.83,0.68,,0,0.0,0.0,,0,0.0,0,0.0,0.0,,0,0.0,0,,,,0,,1.994,0.0893981081858725
prebreak,600483,2025-11-10,S,S,A,C,S,S,A,10.1615,10.05,9.51,0.54,,0,0.0,0.0,,0,0.0,0,0.0,0.0,,0,0.0,0,,,,0,,0.5471,0.0521558974824929
prebreak,603885,2025-11-10,S,S,A,C,S,S,A,13.779,13.22,12.58,0.64,,0,0.0,0.0,,0,0.0,0,0.0,0.0,,0,0.0,0,,,,0,,1.2781,0.0235850142765037
prebreak,600426,2025-11-11,S,S,A,C,S,S,A,21.6135,19.02,18.06,0.96,,1,19.02,21.0121,2025-11-18,0,2.0587,1,19.02,20.8522,2025-11-25,0,1.8923,1,19.02,25.3363,2026-01-06,1,6.5603,1.5189,-0.0184215565979705
prebreak,603565,2025-11-11,S,S,A,C,S,S,A,10.964,11.4,10.83,0.57,,0,0.0,0.0,,0,0.0,0,0.0,0.0,,0,0.0,0,,,,0,,0.9908,0.0416203456022188
prebreak,603379,2025-11-12,S,S,A,C,S,S,A,55.5514,56.96,54.44,2.52,,1,56.96,54.44,2025-11-17,1,-1.0165,1,56.96,54.44,2025-11-17,1,-1.0165,1,56.96,54.44,2025-11-17,1,-1.0165,1.5377,0.0627991383691142
prebreak,002601,2025-11-13,S,S,A,C,S,S,A,19.3601,19.64,18.63,1.01,,0,0.0,0.0,,0,0.0,0,0.0,0.0,,0,0.0,0,,,,0,,2.3591,0.0822720134342978
prebreak,603218,2025-11-13,S,S,A,C,S,S,A,13.6081,14.29,13.67,0.62,,0,0.0,0.0,,0,0.0,0,0.0,0.0,,0,0.0,0,,,,0,,1.5912,0.0901415255612105
prebreak,600298,2025-11-14,S,S,A,C,S,S,A,39.9352,40.73,39.2,1.53,,0,0.0,0.0,,0,0.0,0,0.0,0.0,,0,0.0,0,,,,0,,0.9663,0.0254632514629933
prebreak,601198,2025-11-14,S,S,A,C,S,S,A,12.8555,12.82,12.23,0.59,,0,0.0,0.0,,0,0.0,0,0.0,0.0,,0,0.0,0,,,,0,,0.6669,0.0816612720751461
prebreak,000739,2025-11-17,S,S,A,C,S,S,A,15.2743,15.7,15.09,0.61,,1,15.7,15.6297,2025-11-24,0,-0.1347,1,15.7,15.9753,2025-12-01,0,0.4314,1,15.7,17.5649,2026-01-13,0,3.0357,2.1705,0.0365837912407946
prebreak,603182,2025-11-17,S,S,A,C,S,S,A,15.8303,15.32,14.55,0.77,,0,0.0,0.0,,0,0.0,0,0.0,0.0,,0,0.0,0,,,,0,,1.1552,0.0790157946646405
prebreak,688334,2025-11-17,S,S,A,C,S,S,A,19.9107,21.31,20.26,1.05,,0,0.0,0.0,,0,0.0,0,0.0,0.0,,0,0.0,0,,,,0,,9.8176,0.1328029492629243
prebreak,000739,2025-11-24,S,S,A,C,S,S,A,15.6297,15.81,15.01,0.8,,0,0.0,0.0,,0,0.0,0,0.0,0.0,,0,0.0,0,,,,0,,1.3688,0.0364145635363315
prebreak,300286,2025-11-24,S,S,A,C,S,S,A,22.2627,25.79,24.7,1.09,,0,0.0,0.0,,0,0.0,0,0.0,0.0,,0,0.0,0,,,,0,,2.5583,0.1538389281706513
prebreak,301179,2025-11-24,S,S,A,C,S,S,A,15.3888,17.55,16.65,0.9,,0,0.0,0.0,,0,0.0,0,0.0,0.0,,0,0.0,0,,,,0,,5.1454,0.109717227724424
prebreak,600131,2025-11-24,S,S,A,C,S,S,A,16.8129,18.96,18.05,0.91,,0,0.0,0.0,,0,0.0,0,0.0,0.0,,0,0.0,0,,,,0,,5.8036,0.182407291274719
prebreak,688100,2025-11-24,S,S,A,C,S,S,A,34.5129,35.47,34.0,1.47,,0,0.0,0.0,,0,0.0,0,0.0,0.0,,0,0.0,0,,,,0,,0.7873,-0.0546054114100716
prebreak,000623,2025-11-25,S,S,A,C,S,S,A,18.7434,21.27,20.49,0.78,,0,0.0,0.0,,0,0.0,0,0.0,0.0,,0,0.0,0,,,,0,,,
prebreak,002078,2025-11-25,S,S,A,C,S,S,A,14.1434,14.72,14.07,0.65,,1,14.72,14.6908,2025-12-02,0,-0.0622,1,14.72,14.4171,2025-12-09,0,-0.4829,1,14.72,15.4406,2026-02-02,0,1.0906,1.5503,0.067321328962157
prebreak,002840,2025-11-25,S,S,A,C,S,S,A,9.88,11.57,11.01,0.56,,0,0.0,0.0,,0,0.0,0,0.0,0.0,,0,0.0,0,,,,0,,2.5004,0.2127882599580715
prebreak,002978,2025-11-25,S,S,A,C,S,S,A,30.4882,33.47,32.05,1.42,,0,0.0,0.0,,0,0.0,0,0.0,0.0,,0,0.0,0,,,,0,,3.9209,0.0893274832967578
prebreak,300707,2025-11-25,S,S,A,C,S,S,A,14.5308,16.17,15.46,0.71,,0,0.0,0.0,,0,0.0,0,0.0,0.0,,0,0.0,0,,,,0,,1.2217,0.0440918265863841
prebreak,601688,2025-11-25,S,S,A,C,S,S,A,20.7973,22.88,21.79,1.09,,0,0.0,0.0,,0,0.0,1,22.88,22.2374,2025-12-09,0,-0.6051,1,22.88,22.1381,2025-12-10,0,-0.6962,2.2326,0.0152930403299653
prebreak,605555,2025-11-25,S,S,A,C,S,S,A,16.7169,17.17,16.34,0.83,,0,0.0,0.0,,0,0.0,0,0.0,0.0,,0,0.0,0,,,,0,,0.4423,-0.1093900921721636
prebreak,300327,2025-11-26,S,S,A,C,S,S,A,27.7185,26.93,25.75,1.18,,0,0.0,0.0,,0,0.0,0,0.0,0.0,,0,0.0,0,,,,0,,1.2166,-0.0149859062409851
prebreak,600873,2025-11-26,S,S,A,C,S,S,A,9.6574,10.73,10.2,0.53,,0,0.0,0.0,,0,0.0,0,0.0,0.0,,0,0.0,0,,,,0,,1.2404,0.0500242078781343
prebreak,603085,2025-11-26,S,S,A,C,S,S,A,10.37,10.99,10.48,0.51,,0,0.0,0.0,,0,0.0,0,0.0,0.0,,0,0.0,1,10.99,10.48,2025-12-17,1,-1.0157,5.9565,0.0271028037383178
prebreak,603888,2025-11-26,S,S,A,C,S,S,A,18.648,18.47,17.54,0.93,,0,0.0,0.0,,0,0.0,0,0.0,0.0,,0,0.0,0,,,,0,,0.8558,0.0482121767230794
prebreak,003005,2025-11-27,S,S,A,C,S,S,A,21.2168,21.94,20.81,1.13,,1,21.94,21.8142,2025-12-02,0,-0.126,1,21.94,21.8142,2025-12-02,0,-0.126,1,21.94,21.8142,2025-12-02,0,-0.126,1.7973,0.0183155640657162
prebreak,301587,2025-11-27,S,S,A,C,S,S,A,23.37,25.09,24.07,1.02,,0,0.0,0.0,,0,0.0,0,0.0,0.0,,0,0.0,0,,,,0,,1.3553,0.0511017120848347
prebreak,600877,2025-11-27,S,S,A,C,S,S,A,15.83,13.78,13.19,0.59,,1,13.78,15.25,2025-12-02,0,2.4722,1,13.78,15.25,2025-12-02,0,2.4722,1,13.78,15.25,2025-12-02,0,2.4722,2.1641,0.0314371257485028
prebreak,603375,2025-11-27,S,S,A,C,S,S,A,39.7886,42.49,40.35,2.14,,0,0.0,0.0,,0,0.0,0,0.0,0.0,,0,0.0,0,,,,0,,5.8027,0.1248848511371709
prebreak,603886,2025-11-27,S,S,A,C,S,S,A,11.9767,12.5,11.96,0.54,,0,0.0,0.0,,0,0.0,0,0.0,0.0,,0,0.0,0,,,,0,,1.1347,0.0511816731912424
prebreak,001368,2025-11-28,S,S,A,C,S,S,A,25.8323,26.38,25.18,1.2,,1,26.38,26.8917,2025-12-05,0,0.4094,1,26.38,25.18,2025-12-11,1,-1.0161,1,26.38,26.38,2025-12-11,1,-0.0167,1.6835,0.0652867969095991
prebreak,002151,2025-11-28,S,S,A,C,S,S,A,30.77,30.92,29.6,1.32,,0,0.0,0.0,,0,0.0,0,0.0,0.0,,0,0.0,0,,,,0,,1.3481,0.0042221500487171
prebreak,300424,2025-11-28,S,S,A,C,S,S,A,17.01,17.35,16.44,0.91,,0,0.0,0.0,,0,0.0,0,0.0,0.0,,0,0.0,0,,,,0,,0.8218,-0.1398116013882002
prebreak,600031,2025-11-28,S,S,A,C,S,S,A,20.127,20.88,19.87,1.01,,0,0.0,0.0,,0,0.0,0,0.0,0.0,,0,0.0,0,,,,0,,1.4281,-0.0474363121885675
prebreak,600298,2025-11-28,S,S,A,C,S,S,A,40.3585,40.66,38.84,1.82,,0,0.0,0.0,,0,0.0,0,0.0,0.0,,0,0.0,0,,,,0,,0.9739,0.0830186019865961
prebreak,300075,2025-12-02,S,S,A,C,S,S,A,15.98,16.47,15.72,0.75,,0,0.0,0.0,,0,0.0,0,0.0,0.0,,0,0.0,0,,,,0,,4.2627,0.0878467635402904
prebreak,300705,2025-12-02,S,S,A,C,S,S,A,15.4135,15.95,15.33,0.62,,0,0.0,0.0,,0,0.0,0,0.0,0.0,,0,0.0,0,,,,0,,,
prebreak,301566,2025-12-02,S,S,A,C,S,S,A,18.6927,17.66,16.77,0.89,,0,0.0,0.0,,0,0.0,0,0.0,0.0,,0,0.0,0,,,,0,,0.8226,-0.0388071383412638
prebreak,301571,2025-12-02,S,S,A,C,S,S,A,49.7093,46.21,43.94,2.27,,0,0.0,0.0,,0,0.0,0,0.0,0.0,,0,0.0,0,,,,0,,1.1325,0.0081506739582184
prebreak,603180,2025-12-02,S,S,A,C,S,S,A,20.9914,20.78,19.81,0.97,,0,0.0,0.0,,0,0.0,0,0.0,0.0,,0,0.0,0,,,,0,,0.6684,0.0649904827762561
prebreak,688153,2025-12-02,S,S,A,C,S,S,A,38.4161,34.93,33.21,1.72,,1,34.93,38.1967,2025-12-09,0,1.8826,1,34.93,36.093,2025-12-16,0,0.6603,1,34.93,45.3455,2026-01-12,1,6.0363,1.8117,-0.0208609849619177
prebreak,001368,2025-12-05,S,S,A,C,S,S,A,26.8917,26.38,25.18,1.2,,1,26.38,25.18,2025-12-11,1,-1.0161,1,26.38,25.18,2025-12-11,1,-1.0161,1,26.38,25.18,2025-12-11,1,-1.0161,1.993,0.039981133534735
prebreak,002151,2025-12-05,S,S,A,C,S,S,A,31.4,31.55,30.26,1.29,,1,31.55,31.64,2025-12-12,0,0.0511,1,31.55,33.12,2025-12-19,0,1.1977,1,31.55,57.7,2026-01-07,1,20.24,2.2296,0.0320575727837748
prebreak,300498,2025-12-05,S,S,A,C,S,S,A,16.8919,17.85,17.16,0.69,,0,0.0,0.0,,0,0.0,0,0.0,0.0,,0,0.0,0,,,,0,,,
prebreak,300525,2025-12-05,S,S,A,C,S,S,A,14.1212,13.58,13.03,0.55,,1,13.58,13.6644,2025-12-12,0,0.1347,1,13.58,13.4956,2025-12-19,0,-0.1721,1,13.58,13.59,2025-12-31,1,-0.0006,1.7436,0.0077350802332347
prebreak,300979,2025-12-05,S,S,A,C,S,S,A,57.1367,59.01,56.37,2.64,,0,0.0,0.0,,0,0.0,0,0.0,0.0,,0,0.0,0,,,,0,,1.4822,0.0091311940274596
prebreak,301522,2025-12-05,S,S,A,C,S,S,A,32.1843,31.89,30.49,1.4,,1,31.89,34.1691,2025-12-12,0,1.6096,1,31.89,34.7675,2025-12-19,0,2.0367,1,31.89,37.65,2026-01-06,1,4.0944,1.7444,-0.0916227621784155
prebreak,600031,2025-12-05,S,S,A,C,S,S,A,21.0977,20.83,19.72,1.11,,0,0.0,0.0,,0,0.0,0,0.0,0.0,,0,0.0,0,,,,0,,1.111,-0.0047442062122917
prebreak,600771,2025-12-05,S,S,A,C,S,S,A,19.04,19.64,18.73,0.91,,0,0.0,0.0,,0,0.0,0,0.0,0.0,,0,0.0,0,,,,0,,,
prebreak,603004,2025-12-05,S,S,A,C,S,S,A,23.3307,24.37,23.17,1.2,,0,0.0,0.0,,0,0.0,0,0.0,0.0,,0,0.0,0,,,,0,,1.8983,0.0888754751486846
prebreak,603383,2025-12-05,S,S,A,C,S,S,A,37.8761,38.3,36.47,1.83,,1,38.3,37.8573,2025-12-10,0,-0.2577,1,38.3,37.8573,2025-12-10,0,-0.2577,1,38.3,37.8573,2025-12-10,0,-0.2577,3.8033,0.0209348913007749
prebreak,603882,2025-12-05,S,S,A,C,S,S,A,27.9341,30.36,28.91,1.45,,0,0.0,0.0,,0,0.0,0,0.0,0.0,,0,0.0,0,,,,0,,6.8408,0.0902590871844966
prebreak,300161,2025-12-08,S,S,A,C,S,S,A,28.9398,29.0,27.62,1.38,,0,0.0,0.0,,0,0.0,0,0.0,0.0,,0,0.0,0,,,,0,,0.8065,-0.030394693823131
prebreak,300286,2025-12-08,S,S,A,C,S,S,A,22.7459,22.93,21.97,0.96,,0,0.0,0.0,,0,0.0,0,0.0,0.0,,0,0.0,0,,,,0,,1.356,-0.0782096245486153
prebreak,300597,2025-12-08,S,S,A,C,S,S,A,9.73,9.85,9.34,0.51,,0,0.0,0.0,,0,0.0,0,0.0,0.0,,0,0.0,1,9.85,9.34,2025-12-30,1,-1.014,3.8791,0.0165118679050568
prebreak,601900,2025-12-08,S,S,A,C,S,S,A,12.826,13.65,13.01,0.64,,0,0.0,0.0,,0,0.0,0,0.0,0.0,,0,0.0,0,,,,0,,3.163,0.0690155449039016
prebreak,300183,2025-12-10,S,S,A,C,S,S,A,14.9542,15.9,15.17,0.73,,0,0.0,0.0,,0,0.0,0,0.0,0.0,,0,0.0,0,,,,0,,2.8362,0.0675304474945999
prebreak,300244,2025-12-10,S,S,A,C,S,S,A,15.0793,15.34,14.54,0.8,,0,0.0,0.0,,0,0.0,1,15.34,15.472,2025-12-22,0,0.1503,1,15.34,15.472,2025-12-22,0,0.1503,3.3102,-0.0060060364896323
prebreak,600955,2025-12-10,S,S,A,C,S,S,A,14.8023,15.48,14.69,0.79,,0,0.0,0.0,,0,0.0,0,0.0,0.0,,0,0.0,1,15.48,19.25,2026-03-12,1,4.7543,1.7254,0.0230524034170598
prebreak,001368,2025-12-12,S,S,A,C,S,S,A,24.8314,26.38,25.18,1.2,,0,0.0,0.0,,0,0.0,0,0.0,0.0,,0,0.0,0,,,,0,,1.7218,0.1030214950221086
prebreak,002271,2025-12-12,S,S,A,C,S,S,A,13.19,13.23,12.58,0.65,,0,0.0,0.0,,0,0.0,0,0.0,0.0,,0,0.0,0,,,,0,,1.2956,0.0216216216216216
prebreak,002906,2025-12-12,S,S,A,C,S,S,A,29.1279,29.58,28.49,1.09,,0,0.0,0.0,,0,0.0,0,0.0,0.0,,0,0.0,0,,,,0,,1.4278,0.0234734944366543
prebreak,002972,2025-12-12,S,S,A,C,S,S,A,11.4003,12.28,11.65,0.63,,0,0.0,0.0,,0,0.0,1,12.28,12.0627,2025-12-26,0,-0.3595,1,12.28,11.65,2026-01-08,1,-1.0142,1.5719,0.0272752032994825
prebreak,003008,2025-12-12,S,S,A,C,S,S,A,20.9793,22.98,21.8,1.18,,0,0.0,0.0,,0,0.0,0,0.0,0.0,,0,0.0,0,,,,0,,1.7912,0.0714667291471415
prebreak,300320,2025-12-12,S,S,A,C,S,S,A,9.4684,9.97,9.47,0.5,,0,0.0,0.0,,0,0.0,0,0.0,0.0,,0,0.0,0,,,,0,,1.3008,0.0908651400935998
prebreak,301522,2025-12-12,S,S,A,C,S,S,A,34.1691,31.89,30.49,1.4,,1,31.89,33.7801,2025-12-17,0,1.3319,1,31.89,33.7801,2025-12-17,0,1.3319,1,31.89,33.7801,2025-12-17,0,1.3319,2.7295,-0.0520344271770004
prebreak,600771,2025-12-12,S,S,A,C,S,S,A,18.35,19.33,18.41,0.92,,0,0.0,0.0,,0,0.0,0,0.0,0.0,,0,0.0,0,,,,0,,,
prebreak,603004,2025-12-12,S,S,A,C,S,S,A,22.3809,24.37,23.17,1.2,,0,0.0,0.0,,0,0.0,0,0.0,0.0,,0,0.0,1,24.37,24.0134,2026-01-15,0,-0.3124,1.8983,0.0888754751486846
prebreak,603383,2025-12-12,S,S,A,C,S,S,A,36.4432,38.3,36.47,1.83,,0,0.0,0.0,,0,0.0,0,0.0,0.0,,0,0.0,1,38.3,36.47,2026-01-27,1,-1.0153,3.6602,0.0557883979906588
prebreak,603867,2025-12-12,S,S,A,C,S,S,A,25.0965,27.98,26.6,1.38,,0,0.0,0.0,,0,0.0,0,0.0,0.0,,0,0.0,0,,,,0,,2.9701,0.145627331277919
prebreak,688276,2025-12-12,S,S,A,C,S,S,A,19.85,21.49,20.47,1.02,,0,0.0,0.0,,0,0.0,0,0.0,0.0,,0,0.0,0,,,,0,,3.4747,0.1163636363636362
prebreak,002119,2025-12-15,S,S,A,C,S,S,A,16.1411,16.66,16.07,0.59,,0,0.0,0.0,,0,0.0,0,0.0,0.0,,0,0.0,0,,,,0,,1.0942,0.0450738824024563
prebreak,300161,2025-12-15,S,S,A,C,S,S,A,28.0004,29.0,27.62,1.38,,0,0.0,0.0,,0,0.0,0,0.0,0.0,,0,0.0,1,29.0,30.57,2026-03-03,1,1.121,1.7234,0.0211219850061112
prebreak,300286,2025-12-15,S,S,A,C,S,S,A,22.5487,23.01,22.11,0.9,,0,0.0,0.0,,0,0.0,0,0.0,0.0,,0,0.0,0,,,,0,,1.2896,0.0146917929471745
prebreak,300597,2025-12-15,S,S,A,C,S,S,A,9.02,9.85,9.34,0.51,,0,0.0,0.0,,0,0.0,1,9.85,9.54,2025-12-29,0,-0.6221,1,9.85,9.34,2025-12-30,1,-1.014,3.8791,0.0165118679050568
prebreak,301314,2025-12-15,S,S,A,C,S,S,A,42.2834,46.36,44.2,2.16,,0,0.0,0.0,,0,0.0,0,0.0,0.0,,0,0.0,0,,,,0,,1.6971,0.1214856684406673
prebreak,603112,2025-12-15,S,S,A,C,S,S,A,18.029,18.48,17.61,0.87,,0,0.0,0.0,,0,0.0,0,0.0,0.0,,0,0.0,1,18.48,18.48,2026-01-21,1,-0.0161,3.6963,0.0051357297424647
prebreak,603939,2025-12-15,S,S,A,C,S,S,A,21.0432,23.01,21.9,1.11,,0,0.0,0.0,,0,0.0,0,0.0,0.0,,0,0.0,0,,,,0,,3.1073,0.0556394893013088
prebreak,688601,2025-12-15,S,S,A,C,S,S,A,42.7644,40.96,39.22,1.74,,0,0.0,0.0,,0,0.0,0,0.0,0.0,,0,0.0,0,,,,0,,0.5003,0.0227428785451218
prebreak,000997,2025-12-17,S,S,A,C,S,S,A,25.5405,26.0,24.81,1.19,,0,0.0,0.0,,0,0.0,0,0.0,0.0,,0,0.0,0,,,,0,,0.9732,0.0152480165957253
prebreak,300183,2025-12-17,S,S,A,C,S,S,A,14.5243,15.9,15.17,0.73,,0,0.0,0.0,,0,0.0,0,0.0,0.0,,0,0.0,1,15.9,15.9,2026-01-27,1,-0.0166,2.8362,0.0675304474945999
prebreak,300244,2025-12-17,S,S,A,C,S,S,A,14.8633,15.34,14.6,0.74,,1,15.34,15.472,2025-12-22,0,0.1625,1,15.34,15.472,2025-12-22,0,0.1625,1,15.34,15.472,2025-12-22,0,0.1625,3.3102,-0.0060060364896323
prebreak,600955,2025-12-17,S,S,A,C,S,S,A,14.7624,15.48,14.69,0.79,,0,0.0,0.0,,0,0.0,1,15.48,16.1479,2025-12-31,0,0.83,1,15.48,19.25,2026-03-12,1,4.7543,1.7254,0.0230524034170598
prebreak,002601,2025-12-18,S,S,A,C,S,S,A,18.12,18.19,17.37,0.82,,0,0.0,0.0,,0,0.0,0,0.0,0.0,,0,0.0,0,,,,0,,1.1528,0.0441344155406633
prebreak,300504,2025-12-18,S,S,A,C,S,S,A,14.91,14.76,14.0,0.76,,0,0.0,0.0,,0,0.0,0,0.0,0.0,,0,0.0,0,,,,0,,1.2302,0.0852941176470587
prebreak,600372,2025-12-18,S,S,A,C,S,S,A,12.8451,12.95,12.36,0.59,,1,12.95,12.7854,2025-12-23,0,-0.2956,1,12.95,12.7854,2025-12-23,0,-0.2956,1,12.95,12.7854,2025-12-23,0,-0.2956,1.7844,0.0821024123154678
prebreak,603777,2025-12-18,S,S,A,C,S,S,A,14.84,13.9,13.2,0.7,,1,13.9,14.28,2025-12-23,0,0.5274,1,13.9,14.28,2025-12-23,0,0.5274,1,13.9,14.28,2025-12-23,0,0.5274,6.7866,0.0700538876058507
prebreak,603886,2025-12-18,S,S,A,C,S,S,A,12.8017,12.29,11.78,0.51,,1,12.29,13.1241,2025-12-23,0,1.6162,1,12.29,13.1241,2025-12-23,0,1.6162,1,12.29,13.1241,2025-12-23,0,1.6162,1.9131,0.0302355831767595
prebreak,002271,2025-12-19,S,S,A,C,S,S,A,13.55,13.36,12.71,0.65,,0,0.0,0.0,,0,0.0,0,0.0,0.0,,0,0.0,0,,,,0,,0.6562,0.0182926829268292
prebreak,300320,2025-12-19,S,S,A,C,S,S,A,9.289,9.89,9.38,0.51,,0,0.0,0.0,,0,0.0,0,0.0,0.0,,0,0.0,1,9.89,9.89,2026-02-02,1,-0.0147,1.5906,0.0762436733168125
prebreak,301278,2025-12-19,S,S,A,C,S,S,A,37.3394,35.39,33.69,1.7,,1,35.39,33.69,2025-12-24,1,-1.0152,1,35.39,33.69,2025-12-24,1,-1.0152,1,35.39,33.69,2025-12-24,1,-1.0152,3.5486,0.0227408421447596
prebreak,301335,2025-12-19,S,S,A,C,S,S,A,30.9453,29.07,27.79,1.28,,1,29.07,29.741,2025-12-24,0,0.5066,1,29.07,29.741,2025-12-24,0,0.5066,1,29.07,29.741,2025-12-24,0,0.5066,2.4383,0.0287391556298342
prebreak,601021,2025-12-19,S,S,A,C,S,S,A,55.1609,53.45,51.32,2.13,,0,0.0,0.0,,0,0.0,0,0.0,0.0,,0,0.0,0,,,,0,,1.1573,-0.0179907652740889
prebreak,603383,2025-12-19,S,S,A,C,S,S,A,35.6477,36.69,34.92,1.77,,0,0.0,0.0,,0,0.0,1,36.69,37.7885,2026-01-06,0,0.6045,1,36.69,36.69,2026-01-26,1,-0.0158,2.0248,-0.0313153729034005
prebreak,603867,2025-12-19,S,S,A,C,S,S,A,24.6015,27.98,26.6,1.38,,0,0.0,0.0,,0,0.0,0,0.0,0.0,,0,0.0,1,27.98,36.1152,2026-02-26,1,5.8759,2.9701,0.145627331277919
prebreak,000682,2025-12-22,S,S,A,C,S,S,A,11.621,12.01,11.5,0.51,,0,0.0,0.0,,0,0.0,1,12.01,12.1588,2026-01-07,0,0.2737,1,12.01,13.86,2026-01-22,1,3.6073,1.6709,0.0533266132740792
prebreak,000786,2025-12-22,S,S,A,C,S,S,A,24.1381,24.7,23.66,1.04,,0,0.0,0.0,,0,0.0,1,24.7,24.5347,2026-01-07,0,-0.1768,1,24.7,28.5884,2026-02-04,0,3.7184,2.2212,0.0175692569485315
prebreak,000801,2025-12-22,S,S,A,C,S,S,A,17.3388,16.65,16.05,0.6,,0,0.0,0.0,,0,0.0,0,0.0,0.0,,0,0.0,0,,,,0,,0.8745,0.0699114264216123
prebreak,003039,2025-12-22,S,S,A,C,S,S,A,14.3623,14.49,13.89,0.6,,0,0.0,0.0,,0,0.0,0,0.0,0.0,,0,0.0,0,,,,0,,1.064,0.0625987781132444
prebreak,300052,2025-12-22,S,S,A,C,S,S,A,11.77,12.52,11.96,0.56,,0,0.0,0.0,,0,0.0,0,0.0,0.0,,0,0.0,0,,,,0,,1.2093,0.0304526748971192
prebreak,300161,2025-12-22,S,S,A,C,S,S,A,28.1303,28.32,27.34,0.98,,0,0.0,0.0,,0,0.0,0,0.0,0.0,,0,0.0,0,,,,0,,0.8077,-0.009097513179524
prebreak,300174,2025-12-22,S,S,A,C,S,S,A,15.287,15.49,14.84,0.65,,0,0.0,0.0,,0,0.0,0,0.0,0.0,,0,0.0,0,,,,0,,1.4344,-0.0110613214238388
prebreak,300597,2025-12-22,S,S,A,C,S,S,A,9.08,9.85,9.34,0.51,,1,9.85,9.54,2025-12-29,0,-0.6221,1,9.85,9.34,2025-12-30,1,-1.014,1,9.85,9.34,2025-12-30,1,-1.014,3.8791,0.0165118679050568
prebreak,301339,2025-12-22,S,S,A,C,S,S,A,14.3822,14.4,13.65,0.75,,0,0.0,0.0,,0,0.0,0,0.0,0.0,,0,0.0,0,,,,0,,0.7993,-0.0404693415468103
prebreak,600258,2025-12-22,S,S,A,C,S,S,A,16.2983,15.28,14.5,0.78,,0,0.0,0.0,,0,0.0,0,0.0,0.0,,0,0.0,0,,,,0,,1.248,0.0143450005724554
prebreak,603112,2025-12-22,S,S,A,C,S,S,A,17.1473,17.66,16.91,0.75,,0,0.0,0.0,,0,0.0,0,0.0,0.0,,0,0.0,0,,,,0,,0.9855,0.0804569594759141
prebreak,603885,2025-12-22,S,S,A,C,S,S,A,13.6514,13.59,12.99,0.6,,0,0.0,0.0,,0,0.0,0,0.0,0.0,,0,0.0,0,,,,0,,0.9288,0.1086778513720065
prebreak,603939,2025-12-22,S,S,A,C,S,S,A,21.6014,23.01,21.9,1.11,,0,0.0,0.0,,0,0.0,0,0.0,0.0,,0,0.0,0,,,,0,,3.1073,0.0556394893013088
prebreak,000997,2025-12-24,S,S,A,C,S,S,A,25.6687,26.17,25.24,0.93,,1,26.17,27.9269,2025-12-31,0,1.8665,1,26.17,27.6606,2026-01-09,0,1.5804,1,26.17,26.86,2026-02-02,1,0.7201,1.9779,0.0350383778864669
prebreak,002860,2025-12-24,S,S,A,C,S,S,A,13.5826,13.61,13.08,0.53,,0,0.0,0.0,,0,0.0,0,0.0,0.0,,0,0.0,0,,,,0,,0.3989,-0.1093201608827592
prebreak,300244,2025-12-24,S,S,A,C,S,S,A,15.2854,15.34,14.6,0.74,,0,0.0,0.0,,0,0.0,0,0.0,0.0,,0,0.0,0,,,,0,,0.8792,-0.0085288638081866
prebreak,300928,2025-12-24,S,S,A,C,S,S,A,30.7,31.72,30.03,1.69,,0,0.0,0.0,,0,0.0,0,0.0,0.0,,0,0.0,0,,,,0,,1.0541,0.0034799114204364
prebreak,603172,2025-12-24,S,S,A,C,S,S,A,18.2029,18.84,17.93,0.91,,0,0.0,0.0,,0,0.0,0,0.0,0.0,,0,0.0,0,,,,0,,0.9592,0.1032370866878793
prebreak,001373,2025-12-25,S,S,A,C,S,S,A,31.14,33.28,31.66,1.62,,1,33.28,33.81,2026-01-05,0,0.3113,1,33.28,37.95,2026-01-12,0,2.8653,1,33.28,41.74,2026-01-28,1,5.2033,2.0043,0.032578343158548
prebreak,002559,2025-12-25,S,S,A,C,S,S,A,10.0417,10.1,9.6,0.5,,0,0.0,0.0,,0,0.0,0,0.0,0.0,,0,0.0,0,,,,0,,0.7215,-0.0059914483877618
prebreak,002601,2025-12-25,S,S,A,C,S,S,A,19.06,18.19,17.37,0.82,,1,18.19,19.68,2026-01-05,0,1.7991,1,18.19,19.97,2026-01-12,0,2.1525,1,18.19,20.35,2026-02-02,0,2.6156,1.5324,-0.0036364400723082
prebreak,002635,2025-12-25,S,S,A,C,S,S,A,13.7941,14.2,13.52,0.68,,0,0.0,0.0,,0,0.0,1,14.2,14.349,2026-01-12,0,0.2031,1,14.2,13.9526,2026-01-14,0,-0.3794,2.5079,0.0521028561520731
prebreak,002995,2025-12-25,S,S,A,C,S,S,A,16.41,16.83,16.04,0.79,,1,16.83,17.38,2026-01-05,0,0.6796,1,16.83,19.83,2026-01-12,0,3.7789,1,16.83,30.74,2026-02-11,1,17.5803,1.843,-0.0243478260869566
prebreak,300479,2025-12-25,S,S,A,C,S,S,A,18.87,19.21,18.18,1.03,,1,19.21,19.26,2026-01-05,0,0.0343,1,19.21,20.33,2026-01-12,0,1.0725,1,19.21,22.78,2026-01-16,1,3.4497,1.5798,-0.0025960539979231
prebreak,300504,2025-12-25,S,S,A,C,S,S,A,15.15,14.76,14.0,0.76,,0,0.0,0.0,,0,0.0,0,0.0,0.0,,0,0.0,0,,,,0,,0.9151,0.0271398747390396
prebreak,301587,2025-12-25,S,S,A,C,S,S,A,23.59,23.77,22.66,1.11,,1,23.77,23.55,2025-12-30,0,-0.2143,1,23.77,23.55,2025-12-30,0,-0.2143,1,23.77,23.55,2025-12-30,0,-0.2143,1.7256,0.011059123777116
prebreak,600372,2025-12-25,S,S,A,C,S,S,A,13.2832,12.95,12.36,0.59,,0,0.0,0.0,,0,0.0,0,0.0,0.0,,0,0.0,0,,,,0,,1.3952,0.0749598221351677
prebreak,601058,2025-12-25,S,S,A,C,S,S,A,15.9836,15.89,15.22,0.67,,0,0.0,0.0,,0,0.0,0,0.0,0.0,,0,0.0,0,,,,0,,1.1365,0.0109730743573148
prebreak,603777,2025-12-25,S,S,A,C,S,S,A,14.21,13.9,13.2,0.7,,1,13.9,13.51,2025-12-30,0,-0.5719,1,13.9,13.51,2025-12-30,0,-0.5719,1,13.9,13.51,2025-12-30,0,-0.5719,1.5568,0.0220588235294119
prebreak,603886,2025-12-25,S,S,A,C,S,S,A,13.1716,12.29,11.78,0.51,,0,0.0,0.0,,0,0.0,0,0.0,0.0,,0,0.0,0,,,,0,,0.5532,0.0085886098337459
prebreak,300817,2025-12-26,S,S,A,C,S,S,A,20.0854,19.49,18.6,0.89,,1,19.49,20.8006,2026-01-06,0,1.455,1,19.49,22.837,2026-01-13,0,3.7416,1,19.49,19.49,2026-03-03,1,-0.0166,1.6194,0.0224387667660581
prebreak,300838,2025-12-26,S,S,A,C,S,S,A,15.69,15.3,14.64,0.66,,0,0.0,0.0,,0,0.0,0,0.0,0.0,,0,0.0,0,,,,0,,1.3768,0.0059171597633136
prebreak,301335,2025-12-26,S,S,A,C,S,S,A,29.094,29.07,27.79,1.28,,0,0.0,0.0,,0,0.0,0,0.0,0.0,,0,0.0,0,,,,0,,0.6718,-0.0232138920290635
prebreak,601021,2025-12-26,S,S,A,C,S,S,A,55.8134,56.32,54.27,2.05,,0,0.0,0.0,,0,0.0,0,0.0,0.0,,0,0.0,0,,,,0,,1.423,0.025240124529148
prebreak,603198,2025-12-26,S,S,A,C,S,S,A,38.1295,39.08,37.61,1.47,,0,0.0,0.0,,0,0.0,0,0.0,0.0,,0,0.0,0,,,,0,,4.4992,0.0198136219619318
prebreak,603638,2025-12-26,S,S,A,C,S,S,A,18.9183,19.2,18.21,0.99,,0,0.0,0.0,,0,0.0,0,0.0,0.0,,0,0.0,0,,,,0,,0.8677,-0.0241446581779279
prebreak,000801,2025-12-29,S,S,A,C,S,S,A,17.0793,16.65,16.05,0.6,,0,0.0,0.0,,0,0.0,0,0.0,0.0,,0,0.0,0,,,,0,,0.5878,0.0042094604402731
prebreak,001319,2025-12-29,S,S,A,C,S,S,A,26.4713,26.01,24.84,1.17,,1,26.01,26.8357,2026-01-05,0,0.6884,1,26.01,26.8357,2026-01-05,0,0.6884,1,26.01,26.8357,2026-01-05,0,0.6884,3.2583,0.0162203134353362
prebreak,002698,2025-12-29,S,S,A,C,S,S,A,15.8824,16.68,16.08,0.6,,1,16.68,16.2745,2026-01-05,0,-0.6965,1,16.68,16.2745,2026-01-05,0,-0.6965,1,16.68,16.2745,2026-01-05,0,-0.6965,3.3747,0.0666833855799373
prebreak,003039,2025-12-29,S,S,A,C,S,S,A,14.3918,14.49,13.89,0.6,,1,14.49,16.3538,2026-01-07,0,3.0861,1,14.49,17.0602,2026-01-14,0,4.2626,1,14.49,16.76,2026-01-07,1,3.7626,2.3411,0.0438249481112436
prebreak,300052,2025-12-29,S,S,A,C,S,S,A,12.17,12.52,11.96,0.56,,0,0.0,0.0,,0,0.0,0,0.0,0.0,,0,0.0,0,,,,0,,1.2093,0.0304526748971192
prebreak,300161,2025-12-29,S,S,A,C,S,S,A,28.7699,28.98,27.87,1.11,,1,28.98,30.1489,2026-01-07,0,1.0326,1,28.98,31.5579,2026-01-14,0,2.3011,1,28.98,30.57,2026-03-03,1,1.4117,1.7234,0.0204177629474864
prebreak,300174,2025-12-29,S,S,A,C,S,S,A,15.6732,15.93,15.17,0.76,,0,0.0,0.0,,0,0.0,1,15.93,16.1484,2026-01-14,0,0.2713,1,15.93,15.93,2026-02-02,1,-0.0159,1.7826,0.0221990480743925
prebreak,000301,2025-12-30,S,S,A,C,S,S,A,11.37,10.62,10.06,0.56,,0,0.0,0.0,,0,0.0,0,0.0,0.0,,0,0.0,0,,,,0,,1.4881,0.1028037383177569
prebreak,002978,2025-12-30,S,S,A,C,S,S,A,32.277,32.64,31.07,1.57,,0,0.0,0.0,,0,0.0,0,0.0,0.0,,0,0.0,0,,,,0,,0.8358,0.0643680880487238
prebreak,300075,2025-12-30,S,S,A,C,S,S,A,15.28,15.27,14.46,0.81,,1,15.27,15.5,2026-01-08,0,0.2694,1,15.27,17.19,2026-01-15,0,2.3545,1,15.27,15.27,2026-01-27,1,-0.0143,1.5232,-0.0173745173745173
prebreak,300673,2025-12-30,S,S,A,C,S,S,A,17.5953,18.01,17.22,0.79,,0,0.0,0.0,,0,0.0,0,0.0,0.0,,0,0.0,0,,,,0,,0.9764,0.0333949152015848
prebreak,603043,2025-12-30,S,S,A,C,S,S,A,16.9237,17.68,16.77,0.91,,0,0.0,0.0,,0,0.0,0,0.0,0.0,,0,0.0,0,,,,0,,1.1655,0.0173954380972511
prebreak,603206,2025-12-30,S,S,A,C,S,S,A,16.8378,17.45,16.59,0.86,,0,0.0,0.0,,0,0.0,0,0.0,0.0,,0,0.0,0,,,,0,,1.4287,0.035748679416409
prebreak,688001,2025-12-30,S,S,A,C,S,S,A,30.4257,28.39,26.98,1.41,,0,0.0,0.0,,0,0.0,0,0.0,0.0,,0,0.0,0,,,,0,,1.2546,0.0523212712927165
prebreak,000997,2025-12-31,S,S,A,C,S,S,A,27.9269,26.17,25.24,0.93,,1,26.17,27.6606,2026-01-09,0,1.5804,1,26.17,28.6763,2026-01-16,0,2.6719,1,26.17,29.36,2026-01-16,1,3.4066,1.94,0.0640891743788696
prebreak,002655,2025-12-31,S,S,A,C,S,S,A,12.9109,13.17,12.56,0.61,,0,0.0,0.0,,0,0.0,0,0.0,0.0,,0,0.0,0,,,,0,,1.4065,0.0361075259092273
prebreak,002675,2025-12-31,S,S,A,C,S,S,A,13.6576,13.89,13.2,0.69,,0,0.0,0.0,,0,0.0,0,0.0,0.0,,0,0.0,0,,,,0,,1.2836,-0.0615339878503532
prebreak,300244,2025-12-31,S,S,A,C,S,S,A,15.5603,15.78,15.04,0.74,,1,15.78,21.323,2026-01-09,0,7.4697,1,15.78,24.8081,2026-01-16,0,12.1763,1,15.78,26.6,2026-01-16,1,14.5962,2.7299,0.0687351459936624
prebreak,601058,2026-01-05,S,S,A,C,S,S,A,16.3088,16.63,15.83,0.8,,0,0.0,0.0,,0,0.0,0,0.0,0.0,,0,0.0,0,,,,0,,1.3539,-0.0142543526696895
prebreak,603897,2026-01-05,S,S,A,C,S,S,A,26.0869,26.88,25.85,1.03,,1,26.88,26.6419,2026-01-12,0,-0.2509,1,26.88,25.85,2026-01-14,1,-1.0192,1,26.88,25.85,2026-01-14,1,-1.0192,1.574,0.1166880381022166
prebreak,002271,2026-01-06,S,S,A,C,S,S,A,14.24,14.01,13.26,0.75,,0,0.0,0.0,,0,0.0,0,0.0,0.0,,0,0.0,0,,,,0,,0.9536,0.0621683093252465
prebreak,300298,2026-01-06,S,S,A,C,S,S,A,17.72,17.86,17.04,0.82,,0,0.0,0.0,,0,0.0,0,0.0,0.0,,0,0.0,0,,,,0,,1.4634,0.0450555880631948
prebreak,300341,2026-01-06,S,S,A,C,S,S,A,16.9842,17.19,16.35,0.84,,1,17.19,18.1085,2026-01-13,0,1.0773,1,17.19,18.2677,2026-01-20,0,1.2667,1,17.19,17.19,2026-01-29,1,-0.0156,2.5063,-0.0110579175539661
prebreak,300817,2026-01-06,S,S,A,C,S,S,A,20.8006,19.49,18.6,0.89,,0,0.0,0.0,,0,0.0,0,0.0,0.0,,0,0.0,0,,,,0,,0.7709,0.0036112498332816
prebreak,600298,2026-01-06,S,S,A,C,S,S,A,43.469,44.18,41.99,2.19,,0,0.0,0.0,,0,0.0,0,0.0,0.0,,0,0.0,0,,,,0,,1.1464,0.0917607209193436
prebreak,601021,2026-01-06,S,S,A,C,S,S,A,58.0084,56.32,54.27,2.05,,0,0.0,0.0,,0,0.0,0,0.0,0.0,,0,0.0,0,,,,0,,1.1582,0.0467170400374765
prebreak,001319,2026-01-07,S,S,A,C,S,S,A,26.5796,27.32,26.11,1.21,,0,0.0,0.0,,0,0.0,1,27.32,30.2332,2026-01-21,0,2.389,1,27.32,28.37,2026-03-02,1,0.8501,2.5083,0.1078989981270375
prebreak,002889,2026-01-07,S,S,A,C,S,S,A,15.8082,15.97,15.19,0.78,,0,0.0,0.0,,0,0.0,0,0.0,0.0,,0,0.0,0,,,,0,,,
prebreak,003039,2026-01-07,S,S,A,C,S,S,A,16.3538,14.49,13.89,0.6,,1,14.49,17.0602,2026-01-14,0,4.2626,1,14.49,17.4918,2026-01-21,0,4.9816,1,14.49,16.71,2026-01-15,1,3.6793,1.8935,0.0257029872065346
prebreak,300161,2026-01-07,S,S,A,C,S,S,A,30.1489,29.4,28.12,1.28,,1,29.4,31.5579,2026-01-14,0,1.6674,1,29.4,32.6372,2026-01-21,0,2.51,1,29.4,30.62,2026-03-03,1,0.9351,5.6866,0.0169570215000374
prebreak,600761,2026-01-07,S,S,A,C,S,S,A,21.5143,19.61,18.7,0.91,,0,0.0,0.0,,0,0.0,0,0.0,0.0,,0,0.0,0,,,,0,,0.8225,0.0126128440493511
prebreak,603939,2026-01-07,S,S,A,C,S,S,A,21.7189,21.95,20.96,0.99,,1,21.95,22.326,2026-01-14,0,0.3627,1,21.95,21.6993,2026-01-21,0,-0.2699,1,21.95,22.14,2026-04-09,1,0.1749,1.5804,0.0043024069888666
prebreak,300075,2026-01-08,S,S,A,C,S,S,A,15.5,15.66,15.07,0.59,,1,15.66,17.19,2026-01-15,0,2.5714,1,15.66,16.08,2026-01-22,0,0.6912,1,15.66,15.66,2026-01-26,1,-0.0202,2.1754,0.0142487046632124
prebreak,002322,2026-01-09,S,S,A,C,S,S,A,12.295,12.04,11.5,0.54,,1,12.04,12.7622,2026-01-16,0,1.3197,1,12.04,13.249,2026-01-23,0,2.2205,1,12.04,14.03,2026-03-13,1,3.6659,1.907,0.0402096283161592
prebreak,301376,2026-01-09,S,S,A,C,S,S,A,18.3978,18.52,17.67,0.85,,1,18.52,19.0605,2026-01-16,0,0.619,1,18.52,19.4958,2026-01-23,0,1.1307,1,18.52,18.52,2026-03-02,1,-0.0166,1.5669,-0.0161052820012358
prebreak,600060,2026-01-09,S,S,A,C,S,S,A,23.4345,24.15,22.92,1.23,,1,24.15,22.92,2026-01-14,1,-1.0143,1,24.15,22.92,2026-01-14,1,-1.0143,1,24.15,22.92,2026-01-14,1,-1.0143,3.41,0.0101625251056423
prebreak,603230,2026-01-09,S,S,A,C,S,S,A,12.7228,12.99,12.31,0.68,,0,0.0,0.0,,0,0.0,0,0.0,0.0,,0,0.0,0,,,,0,,1.3919,0.0202135639810905
prebreak,603700,2026-01-09,S,S,A,C,S,S,A,13.3673,13.32,12.64,0.68,,0,0.0,0.0,,0,0.0,0,0.0,0.0,,0,0.0,0,,,,0,,1.1615,0.0884913365712654
prebreak,688777,2026-01-09,S,S,A,C,S,S,A,53.4898,50.49,48.06,2.43,,1,50.49,64.1399,2026-01-16,0,5.5979,1,50.49,74.5906,2026-01-23,0,9.8959,1,50.49,64.63,2026-01-16,1,5.7995,4.8781,-0.0101315943177416
prebreak,600000,2026-01-12,S,S,A,C,S,S,A,11.134,11.51,10.92,0.59,,0,0.0,0.0,,0,0.0,0,0.0,0.0,,0,0.0,0,,,,0,,,
prebreak,600071,2026-01-12,S,S,A,C,S,S,A,22.78,21.85,20.85,1.0,,1,21.85,21.5,2026-01-15,0,-0.3664,1,21.85,21.5,2026-01-15,0,-0.3664,1,21.85,21.5,2026-01-15,0,-0.3664,2.064,0.0459550023934898
prebreak,601058,2026-01-12,S,S,A,C,S,S,A,15.8062,16.66,15.85,0.81,,0,0.0,0.0,,0,0.0,0,0.0,0.0,,0,0.0,0,,,,0,,0.5858,0.0372030181799958
prebreak,603777,2026-01-12,S,S,A,C,S,S,A,14.09,13.91,13.28,0.63,,0,0.0,0.0,,0,0.0,0,0.0,0.0,,0,0.0,0,,,,0,,0.7526,0.0691775557263643
prebreak,002223,2026-01-14,S,S,A,C,S,S,A,44.4173,38.62,37.07,1.55,,1,38.62,40.2104,2026-01-21,0,1.0065,1,38.62,40.6017,2026-01-28,0,1.2588,1,38.62,38.62,2026-01-30,1,-0.0189,2.0367,0.1026375636525438
prebreak,002889,2026-01-14,S,S,A,C,S,S,A,15.3694,15.87,15.24,0.63,,0,0.0,0.0,,0,0.0,0,0.0,0.0,,0,0.0,0,,,,0,,,
prebreak,300832,2026-01-14,S,S,A,C,S,S,A,57.4676,57.82,55.65,2.17,,0,0.0,0.0,,0,0.0,0,0.0,0.0,,0,0.0,0,,,,0,,,
prebreak,601900,2026-01-14,S,S,A,C,S,S,A,15.7631,13.26,12.58,0.68,,1,13.26,14.7427,2026-01-21,0,2.1643,1,13.26,14.6378,2026-01-28,0,2.0101,1,13.26,13.71,2026-03-03,1,0.6465,2.9676,0.0032570953884771
prebreak,603170,2026-01-14,S,S,A,C,S,S,A,14.8973,14.43,13.8,0.63,,0,0.0,0.0,,0,0.0,0,0.0,0.0,,0,0.0,0,,,,0,,1.3455,0.020143179826187
prebreak,300075,2026-01-15,S,S,A,C,S,S,A,17.19,15.66,15.07,0.59,,1,15.66,16.04,2026-01-20,0,0.6235,1,15.66,16.04,2026-01-20,0,0.6235,1,15.66,16.04,2026-01-20,0,0.6235,1.6832,0.0602572782667569
prebreak,300306,2026-01-15,S,S,A,C,S,S,A,14.1931,13.68,13.03,0.65,,0,0.0,0.0,,0,0.0,0,0.0,0.0,,0,0.0,0,,,,0,,0.6302,-0.0129931866264029
prebreak,301078,2026-01-15,S,S,A,C,S,S,A,11.4431,10.96,10.39,0.57,,0,0.0,0.0,,0,0.0,0,0.0,0.0,,0,0.0,0,,,,0,,0.7829,0.0400088272310168
prebreak,000948,2026-01-16,S,S,A,C,S,S,A,18.1638,17.28,16.64,0.64,,0,0.0,0.0,,0,0.0,0,0.0,0.0,,0,0.0,0,,,,0,,0.7249,0.0166626880950693
prebreak,000997,2026-01-16,S,S,A,C,S,S,A,28.6763,28.04,26.87,1.17,,0,0.0,0.0,,0,0.0,0,0.0,0.0,,0,0.0,0,,,,0,,0.8079,0.1051188187799148
prebreak,300146,2026-01-16,S,S,A,C,S,S,A,11.7163,12.18,11.65,0.53,,0,0.0,0.0,,0,0.0,0,0.0,0.0,,0,0.0,0,,,,0,,1.4466,0.0261279100396936
prebreak,301376,2026-01-16,S,S,A,C,S,S,A,19.0605,18.52,17.67,0.85,,0,0.0,0.0,,0,0.0,0,0.0,0.0,,0,0.0,0,,,,0,,1.1776,-0.0318760866847733
prebreak,600060,2026-01-16,S,S,A,C,S,S,A,22.5858,24.15,22.92,1.23,,1,24.15,23.8685,2026-01-23,0,-0.2437,1,24.15,23.8685,2026-01-23,0,-0.2437,1,24.15,23.8685,2026-01-23,0,-0.2437,1.7722,0.0258881195153164
prebreak,603826,2026-01-16,S,S,A,C,S,S,A,13.3673,13.86,13.27,0.59,,0,0.0,0.0,,0,0.0,0,0.0,0.0,,0,0.0,1,13.86,20.7002,2026-04-02,0,11.5685,2.4777,0.0452192729808391
prebreak,300479,2026-01-19,S,S,A,C,S,S,A,21.35,19.57,18.86,0.71,,1,19.57,20.76,2026-01-22,0,1.6541,1,19.57,20.76,2026-01-22,0,1.6541,1,19.57,20.76,2026-01-22,0,1.6541,2.1083,0.0521505376344084
prebreak,600000,2026-01-19,S,S,A,C,S,S,A,10.6183,11.27,10.69,0.58,,0,0.0,0.0,,0,0.0,0,0.0,0.0,,0,0.0,0,,,,0,,,
prebreak,600071,2026-01-19,S,S,A,C,S,S,A,21.63,21.85,20.85,1.0,,0,0.0,0.0,,0,0.0,0,0.0,0.0,,0,0.0,0,,,,0,,1.1565,0.0504807692307691
prebreak,600938,2026-01-19,S,S,A,C,S,S,A,28.9329,28.61,27.19,1.42,,0,0.0,0.0,,0,0.0,0,0.0,0.0,,0,0.0,0,,,,0,,0.5523,0.0471933170038099
prebreak,603777,2026-01-19,S,S,A,C,S,S,A,13.42,14.21,13.54,0.67,,0,0.0,0.0,,0,0.0,0,0.0,0.0,,0,0.0,0,,,,0,,1.7091,0.111024237685692
prebreak,000729,2026-01-20,S,S,A,C,S,S,A,12.3005,12.0,11.48,0.52,,0,0.0,0.0,,0,0.0,0,0.0,0.0,,0,0.0,0,,,,0,,1.4963,0.0156468563498539
prebreak,002597,2026-01-20,S,S,A,C,S,S,A,22.3409,21.4,20.57,0.83,,0,0.0,0.0,,0,0.0,0,0.0,0.0,,0,0.0,0,,,,0,,1.0629,0.0399750008392381
prebreak,002955,2026-01-20,S,S,A,C,S,S,A,27.99,30.73,29.14,1.59,,0,0.0,0.0,,0,0.0,0,0.0,0.0,,0,0.0,0,,,,0,,2.3107,0.2476654486398701
prebreak,300298,2026-01-20,S,S,A,C,S,S,A,18.57,17.86,17.04,0.82,,0,0.0,0.0,,0,0.0,0,0.0,0.0,,0,0.0,0,,,,0,,0.7213,0.0258472142446868
prebreak,300341,2026-01-20,S,S,A,C,S,S,A,18.2677,17.19,16.35,0.84,,0,0.0,0.0,,0,0.0,0,0.0,0.0,,0,0.0,0,,,,0,,0.9084,0.0204854211655174
prebreak,688253,2026-01-20,S,S,A,C,S,S,A,34.5687,31.18,29.72,1.46,,0,0.0,0.0,,0,0.0,0,0.0,0.0,,0,0.0,0,,,,0,,0.8977,0.0072361746580984
prebreak,002223,2026-01-21,S,S,A,C,S,S,A,40.2104,38.62,37.07,1.55,,0,0.0,0.0,,0,0.0,0,0.0,0.0,,0,0.0,0,,,,0,,0.4699,0.0726745863793767
prebreak,002831,2026-01-21,S,S,A,C,S,S,A,18.9448,19.76,18.82,0.94,,1,19.76,19.9309,2026-01-28,0,0.1657,1,19.76,20.9869,2026-02-04,0,1.2884,1,19.76,23.8192,2026-03-11,0,4.2996,1.7503,-0.0082265595981675
prebreak,300832,2026-01-21,S,S,A,C,S,S,A,55.3814,57.7,55.13,2.57,,0,0.0,0.0,,0,0.0,0,0.0,0.0,,0,0.0,0,,,,0,,,
prebreak,600989,2026-01-21,S,S,A,C,S,S,A,21.3477,18.72,17.82,0.9,,0,0.0,0.0,,0,0.0,0,0.0,0.0,,0,0.0,0,,,,0,,1.3105,0.0363037268774792
prebreak,601900,2026-01-21,S,S,A,C,S,S,A,14.7427,13.26,12.58,0.68,,0,0.0,0.0,,0,0.0,0,0.0,0.0,,0,0.0,0,,,,0,,1.0203,0.0231893555617583
prebreak,603390,2026-01-21,S,S,A,C,S,S,A,13.4673,13.72,13.04,0.68,,0,0.0,0.0,,0,0.0,0,0.0,0.0,,0,0.0,0,,,,0,,0.7904,0.0693454974861182
prebreak,603602,2026-01-21,S,S,A,C,S,S,A,16.28,15.02,14.48,0.54,,0,0.0,0.0,,0,0.0,0,0.0,0.0,,0,0.0,0,,,,0,,0.8591,0.0584918957011979
prebreak,605296,2026-01-21,S,S,A,C,S,S,A,28.4,29.1,28.03,1.07,,0,0.0,0.0,,0,0.0,1,29.1,28.03,2026-02-02,1,-1.02,1,29.1,28.03,2026-02-02,1,-1.02,2.3034,-0.0075034106412005
prebreak,300075,2026-01-22,S,S,A,C,S,S,A,16.08,15.66,15.07,0.59,,0,0.0,0.0,,0,0.0,0,0.0,0.0,,0,0.0,0,,,,0,,0.7378,0.0653061224489797
prebreak,300306,2026-01-22,S,S,A,C,S,S,A,14.6143,13.68,13.03,0.65,,0,0.0,0.0,,0,0.0,0,0.0,0.0,,0,0.0,0,,,,0,,0.6666,-0.0087901767752731
prebreak,000948,2026-01-23,S,S,A,C,S,S,A,17.8247,18.33,17.43,0.9,,0,0.0,0.0,,0,0.0,0,0.0,0.0,,0,0.0,0,,,,0,,,
prebreak,002139,2026-01-23,S,S,A,C,S,S,A,14.3184,14.59,14.01,0.58,,0,0.0,0.0,,0,0.0,0,0.0,0.0,,0,0.0,0,,,,0,,,
prebreak,300565,2026-01-23,S,S,A,C,S,S,A,13.14,13.12,12.43,0.69,,0,0.0,0.0,,0,0.0,0,0.0,0.0,,0,0.0,0,,,,0,,0.8455,0.0194250194250193
prebreak,300968,2026-01-23,S,S,A,C,S,S,A,15.3,15.41,14.67,0.74,,0,0.0,0.0,,0,0.0,0,0.0,0.0,,0,0.0,0,,,,0,,,
prebreak,301223,2026-01-23,S,S,A,C,S,S,A,19.7834,18.8,18.1,0.7,,0,0.0,0.0,,0,0.0,0,0.0,0.0,,0,0.0,0,,,,0,,1.2027,0.0248749889974899
prebreak,301376,2026-01-23,S,S,A,C,S,S,A,19.4958,19.8,18.76,1.04,,0,0.0,0.0,,0,0.0,0,0.0,0.0,,0,0.0,0,,,,0,,0.9196,0.0873211525031187
prebreak,600060,2026-01-23,S,S,A,C,S,S,A,23.8685,23.53,22.42,1.11,,0,0.0,0.0,,0,0.0,0,0.0,0.0,,0,0.0,0,,,,0,,0.9009,0.0032496140284299
prebreak,600859,2026-01-23,S,S,A,C,S,S,A,15.9,16.3,15.45,0.85,,0,0.0,0.0,,0,0.0,0,0.0,0.0,,0,0.0,0,,,,0,,,
prebreak,603826,2026-01-23,S,S,A,C,S,S,A,13.4284,13.86,13.27,0.59,,0,0.0,0.0,,0,0.0,1,13.86,14.895,2026-02-06,0,1.7353,1,13.86,20.7002,2026-04-02,0,11.5685,2.4777,0.0452192729808391
prebreak,300479,2026-01-26,S,S,A,C,S,S,A,20.71,19.57,18.86,0.71,,0,0.0,0.0,,0,0.0,0,0.0,0.0,,0,0.0,0,,,,0,,0.8307,0.0404040404040404
prebreak,600000,2026-01-26,S,S,A,C,S,S,A,9.8831,11.27,10.69,0.58,,0,0.0,0.0,,0,0.0,0,0.0,0.0,,0,0.0,0,,,,0,,,
prebreak,600071,2026-01-26,S,S,A,C,S,S,A,21.8,22.48,21.39,1.09,,1,22.48,21.74,2026-01-29,0,-0.6941,1,22.48,21.74,2026-01-29,0,-0.6941,1,22.48,21.74,2026-01-29,0,-0.6941,1.7931,0.0792126740278444
prebreak,600938,2026-01-26,S,S,A,C,S,S,A,32.9244,30.13,28.56,1.57,,0,0.0,0.0,,0,0.0,0,0.0,0.0,,0,0.0,0,,,,0,,1.2959,0.0825720575310424
prebreak,603777,2026-01-26,S,S,A,C,S,S,A,13.38,13.61,12.95,0.66,,0,0.0,0.0,,0,0.0,0,0.0,0.0,,0,0.0,0,,,,0,,1.0353,-0.0354358610914244
prebreak,000729,2026-01-27,S,S,A,C,S,S,A,11.8678,12.0,11.48,0.52,,0,0.0,0.0,,0,0.0,0,0.0,0.0,,0,0.0,0,,,,0,,1.4685,0.0916305278652254
prebreak,300341,2026-01-27,S,S,A,C,S,S,A,17.8697,17.19,16.35,0.84,,0,0.0,0.0,,0,0.0,0,0.0,0.0,,0,0.0,0,,,,0,,0.6442,0.0395197461090379
prebreak,300529,2026-01-27,S,S,A,C,S,S,A,20.1082,20.15,19.32,0.83,,0,0.0,0.0,,0,0.0,0,0.0,0.0,,0,0.0,0,,,,0,,0.8309,0.0163146709333563
prebreak,600129,2026-01-27,S,S,A,C,S,S,A,18.03,18.88,17.92,0.96,,0,0.0,0.0,,0,0.0,1,18.88,17.95,2026-02-10,0,-0.9831,1,18.88,17.95,2026-02-10,0,-0.9831,2.4704,0.0128755364806865
prebreak,603600,2026-01-27,S,S,A,C,S,S,A,11.5262,11.93,11.42,0.51,,0,0.0,0.0,,0,0.0,0,0.0,0.0,,0,0.0,0,,,,0,,1.3476,0.2058411906152575
prebreak,002416,2026-01-28,S,S,A,C,S,S,A,12.7311,12.16,11.55,0.61,,0,0.0,0.0,,0,0.0,0,0.0,0.0,,0,0.0,0,,,,0,,0.8166,0.0203487766974961
prebreak,002831,2026-01-28,S,S,A,C,S,S,A,19.9309,19.59,18.69,0.9,,0,0.0,0.0,,0,0.0,0,0.0,0.0,,0,0.0,0,,,,0,,1.2383,-0.0177932881091785
prebreak,300597,2026-01-28,S,S,A,C,S,S,A,9.82,10.29,9.79,0.5,,0,0.0,0.0,,0,0.0,0,0.0,0.0,,0,0.0,0,,,,0,,0.6721,0.0147928994082839
prebreak,603602,2026-01-28,S,S,A,C,S,S,A,15.39,15.02,14.48,0.54,,0,0.0,0.0,,0,0.0,0,0.0,0.0,,0,0.0,0,,,,0,,0.6319,0.0525578135949544
prebreak,605296,2026-01-28,S,S,A,C,S,S,A,27.54,28.8,27.44,1.36,,1,28.8,28.09,2026-02-03,0,-0.5378,1,28.8,28.09,2026-02-03,0,-0.5378,1,28.8,28.09,2026-02-03,0,-0.5378,2.3034,-0.0177353342428376
prebreak,688298,2026-01-28,S,S,A,C,S,S,A,25.81,25.45,24.45,1.0,,0,0.0,0.0,,0,0.0,0,0.0,0.0,,0,0.0,0,,,,0,,1.2754,0.0774767146486028
prebreak,300075,2026-01-29,S,S,A,C,S,S,A,15.35,15.66,15.07,0.59,,0,0.0,0.0,,0,0.0,0,0.0,0.0,,0,0.0,0,,,,0,,,
prebreak,603206,2026-01-29,S,S,A,C,S,S,A,16.9473,18.07,17.26,0.81,,0,0.0,0.0,,0,0.0,0,0.0,0.0,,0,0.0,0,,,,0,,5.6407,0.1140541904655341
prebreak,605555,2026-01-29,S,S,A,C,S,S,A,17.8163,19.06,18.08,0.98,,0,0.0,0.0,,0,0.0,1,19.06,18.2875,2026-02-12,0,-0.8026,1,19.06,18.2875,2026-02-12,0,-0.8026,2.7624,0.0355720843965667
prebreak,688522,2026-01-29,S,S,A,C,S,S,A,29.2421,29.28,27.88,1.4,,0,0.0,0.0,,0,0.0,0,0.0,0.0,,0,0.0,0,,,,0,,0.5097,0.0286307511873704
prebreak,000099,2026-01-30,S,S,A,C,S,S,A,19.7051,21.52,20.68,0.84,,0,0.0,0.0,,0,0.0,0,0.0,0.0,,0,0.0,1,21.52,21.1268,2026-03-10,0,-0.4873,2.6793,0.0833583540310836
prebreak,000948,2026-01-30,S,S,A,C,S,S,A,16.8472,18.33,17.43,0.9,,0,0.0,0.0,,0,0.0,0,0.0,0.0,,0,0.0,0,,,,0,,,
prebreak,002152,2026-01-30,S,S,A,C,S,S,A,12.6541,13.62,12.9,0.72,,0,0.0,0.0,,0,0.0,0,0.0,0.0,,0,0.0,0,,,,0,,,
prebreak,002439,2026-01-30,S,S,A,C,S,S,A,14.19,15.23,14.47,0.76,,0,0.0,0.0,,0,0.0,0,0.0,0.0,,0,0.0,0,,,,0,,1.2136,0.0072751322751323
prebreak,002845,2026-01-30,S,S,A,C,S,S,A,14.5488,14.87,14.26,0.61,,0,0.0,0.0,,0,0.0,0,0.0,0.0,,0,0.0,0,,,,0,,0.7987,0.0048561364068608
prebreak,300251,2026-01-30,S,S,A,C,S,S,A,19.332,17.4,16.62,0.78,,1,17.4,20.2215,2026-02-06,0,3.5981,1,17.4,26.9028,2026-02-13,0,12.1584,1,17.4,25.16,2026-02-12,1,9.9255,2.4225,0.0580041273584905
prebreak,300417,2026-01-30,S,S,A,C,S,S,A,13.1504,13.99,13.26,0.73,,1,13.99,13.7274,2026-02-04,0,-0.3741,1,13.99,13.7274,2026-02-04,0,-0.3741,1,13.99,13.7274,2026-02-04,0,-0.3741,2.1262,-0.0025516905848281
prebreak,300565,2026-01-30,S,S,A,C,S,S,A,12.56,13.12,12.43,0.69,,0,0.0,0.0,,0,0.0,0,0.0,0.0,,0,0.0,0,,,,0,,0.8118,0.0007627765064834
prebreak,300968,2026-01-30,S,S,A,C,S,S,A,14.15,15.41,14.67,0.74,,0,0.0,0.0,,0,0.0,0,0.0,0.0,,0,0.0,0,,,,0,,,
prebreak,600060,2026-01-30,S,S,A,C,S,S,A,23.9746,24.32,23.05,1.27,,1,24.32,23.4152,2026-02-06,0,-0.7265,1,24.32,23.4924,2026-02-09,0,-0.6658,1,24.32,23.4924,2026-02-09,0,-0.6658,2.4326,0.0564812562456769
prebreak,600178,2026-01-30,S,S,A,C,S,S,A,12.2944,13.28,12.69,0.59,,0,0.0,0.0,,0,0.0,0,0.0,0.0,,0,0.0,0,,,,0,,,
prebreak,600859,2026-01-30,S,S,A,C,S,S,A,14.5,16.3,15.45,0.85,,0,0.0,0.0,,0,0.0,0,0.0,0.0,,0,0.0,0,,,,0,,,
prebreak,688475,2026-01-30,S,S,A,C,S,S,A,30.182,32.08,30.5,1.58,,0,0.0,0.0,,0,0.0,0,0.0,0.0,,0,0.0,0,,,,0,,,
prebreak,002045,2026-02-03,S,S,A,C,S,S,A,13.7479,15.18,14.51,0.67,,0,0.0,0.0,,0,0.0,0,0.0,0.0,,0,0.0,0,,,,0,,,
prebreak,002085,2026-02-03,S,S,A,C,S,S,A,15.8691,16.93,16.03,0.9,,0,0.0,0.0,,0,0.0,0,0.0,0.0,,0,0.0,0,,,,0,,,
prebreak,002605,2026-02-03,S,S,A,C,S,S,A,25.1412,23.67,22.45,1.22,,0,0.0,0.0,,0,0.0,0,0.0,0.0,,0,0.0,0,,,,0,,0.4468,0.0226772771093752
prebreak,300341,2026-02-03,S,S,A,C,S,S,A,17.0837,18.61,17.67,0.94,,0,0.0,0.0,,0,0.0,0,0.0,0.0,,0,0.0,0,,,,0,,,
prebreak,300525,2026-02-03,S,S,A,C,S,S,A,13.3268,14.41,13.73,0.68,,0,0.0,0.0,,0,0.0,0,0.0,0.0,,0,0.0,0,,,,0,,,
prebreak,300529,2026-02-03,S,S,A,C,S,S,A,19.9042,20.18,19.32,0.86,,0,0.0,0.0,,0,0.0,0,0.0,0.0,,0,0.0,0,,,,0,,0.8309,0.0178277945129097
prebreak,300541,2026-02-03,S,S,A,C,S,S,A,16.3001,15.65,15.09,0.56,,0,0.0,0.0,,0,0.0,0,0.0,0.0,,0,0.0,0,,,,0,,1.0862,0.0524119692817137
prebreak,300628,2026-02-03,S,S,A,C,S,S,A,37.2066,36.33,34.51,1.82,,0,0.0,0.0,,0,0.0,0,0.0,0.0,,0,0.0,0,,,,0,,1.0577,0.0433215502661998
prebreak,300691,2026-02-03,S,S,A,C,S,S,A,17.29,18.23,17.36,0.87,,0,0.0,0.0,,0,0.0,0,0.0,0.0,,0,0.0,0,,,,0,,1.4281,0.0178671133445003
prebreak,301297,2026-02-03,S,S,A,C,S,S,A,39.9006,40.24,38.2,2.04,,0,0.0,0.0,,0,0.0,0,0.0,0.0,,0,0.0,0,,,,0,,0.816,0.0262118012812464
prebreak,600088,2026-02-03,S,S,A,C,S,S,A,18.1442,17.52,16.78,0.74,,0,0.0,0.0,,0,0.0,0,0.0,0.0,,0,0.0,0,,,,0,,0.7436,0.0749873744562588
prebreak,600129,2026-02-03,S,S,A,C,S,S,A,17.81,18.22,17.38,0.84,,0,0.0,0.0,,0,0.0,0,0.0,0.0,,0,0.0,0,,,,0,,0.9135,-0.0151351351351352
prebreak,600926,2026-02-03,S,S,A,C,S,S,A,15.5751,16.05,15.29,0.76,,0,0.0,0.0,,0,0.0,0,0.0,0.0,,0,0.0,0,,,,0,,0.9616,0.0363825721698229
prebreak,688050,2026-02-03,S,S,A,C,S,S,A,59.3916,61.11,58.85,2.26,,0,0.0,0.0,,0,0.0,0,0.0,0.0,,0,0.0,1,61.11,59.213,2026-03-02,0,-0.8594,2.3619,-0.0126189874835287
prebreak,000786,2026-02-04,S,S,A,C,S,S,A,28.5884,25.18,24.28,0.9,,0,0.0,0.0,,0,0.0,0,0.0,0.0,,0,0.0,0,,,,0,,0.8322,0.0064562259867009
prebreak,000829,2026-02-04,S,S,A,C,S,S,A,10.35,10.6,10.08,0.52,,0,0.0,0.0,,0,0.0,0,0.0,0.0,,0,0.0,0,,,,0,,0.4895,-0.1092436974789916
prebreak,002416,2026-02-04,S,S,A,C,S,S,A,12.4057,12.57,12.0,0.57,,1,12.57,12.98,2026-02-11,0,0.7021,1,12.57,13.6788,2026-02-26,0,1.9273,1,12.57,12.57,2026-03-09,1,-0.0168,1.503,-0.0539148272052291
prebreak,002831,2026-02-04,S,S,A,C,S,S,A,20.9869,19.59,18.69,0.9,,0,0.0,0.0,,0,0.0,0,0.0,0.0,,0,0.0,0,,,,0,,0.9897,0.022355307413366
prebreak,300597,2026-02-04,S,S,A,C,S,S,A,9.96,10.05,9.54,0.51,,0,0.0,0.0,,0,0.0,0,0.0,0.0,,0,0.0,0,,,,0,,0.5168,0.062367864693446
prebreak,300783,2026-02-04,S,S,A,C,S,S,A,23.9379,24.49,23.29,1.2,,0,0.0,0.0,,0,0.0,0,0.0,0.0,,0,0.0,0,,,,0,,1.1356,0.0403286463886705
prebreak,600038,2026-02-04,S,S,A,C,S,S,A,37.5754,38.47,36.85,1.62,,0,0.0,0.0,,0,0.0,0,0.0,0.0,,0,0.0,0,,,,0,,1.3333,0.0284193954115192
prebreak,603281,2026-02-04,S,S,A,C,S,S,A,22.169,21.69,20.71,0.98,,0,0.0,0.0,,0,0.0,0,0.0,0.0,,0,0.0,0,,,,0,,0.5464,0.0798275656679969
prebreak,603602,2026-02-04,S,S,A,C,S,S,A,14.07,15.02,14.48,0.54,,0,0.0,0.0,,0,0.0,0,0.0,0.0,,0,0.0,0,,,,0,,0.8918,0.0134952766531712
prebreak,605089,2026-02-04,S,S,A,C,S,S,A,28.6577,26.48,25.2,1.28,,0,0.0,0.0,,0,0.0,0,0.0,0.0,,0,0.0,0,,,,0,,0.5616,0.0408065785525189
prebreak,000532,2026-02-05,S,S,A,C,S,S,A,15.8763,16.05,15.38,0.67,,0,0.0,0.0,,0,0.0,0,0.0,0.0,,0,0.0,0,,,,0,,0.5479,-0.0676310380668808
prebreak,002299,2026-02-05,S,S,A,C,S,S,A,17.0338,16.98,16.13,0.85,,1,16.98,17.9828,2026-02-12,0,1.1639,1,16.98,19.0802,2026-02-27,0,2.4541,1,16.98,16.98,2026-03-23,1,-0.0152,2.1335,0.0346760313141969
prebreak,002649,2026-02-05,S,S,A,C,S,S,A,13.2428,14.36,13.7,0.66,,0,0.0,0.0,,0,0.0,0,0.0,0.0,,0,0.0,0,,,,0,,,
prebreak,002867,2026-02-05,S,S,A,C,S,S,A,12.118,12.12,11.55,0.57,,0,0.0,0.0,,0,0.0,0,0.0,0.0,,0,0.0,0,,,,0,,0.624,0.0486167748670602
prebreak,300075,2026-02-05,S,S,A,C,S,S,A,14.82,15.25,14.5,0.75,,0,0.0,0.0,,0,0.0,0,0.0,0.0,,0,0.0,0,,,,0,,0.5929,-0.0829825616355982
prebreak,300590,2026-02-05,S,S,A,C,S,S,A,12.2826,12.61,12.08,0.53,,0,0.0,0.0,,0,0.0,0,0.0,0.0,,0,0.0,0,,,,0,,0.502,-0.0789845490741782
prebreak,301101,2026-02-05,S,S,A,C,S,S,A,39.7032,44.98,42.73,2.25,,0,0.0,0.0,,0,0.0,0,0.0,0.0,,0,0.0,0,,,,0,,,
prebreak,301301,2026-02-05,S,S,A,C,S,S,A,10.7066,11.31,10.73,0.58,,0,0.0,0.0,,0,0.0,0,0.0,0.0,,0,0.0,0,,,,0,,1.118,-0.0315975518691112
prebreak,600171,2026-02-05,S,S,A,C,S,S,A,31.0635,33.27,31.77,1.5,,0,0.0,0.0,,0,0.0,0,0.0,0.0,,0,0.0,0,,,,0,,,
prebreak,600739,2026-02-05,S,S,A,C,S,S,A,11.8837,12.47,11.94,0.53,,0,0.0,0.0,,0,0.0,0,0.0,0.0,,0,0.0,0,,,,0,,,
prebreak,601088,2026-02-05,S,S,A,C,S,S,A,40.8344,40.37,38.8,1.57,,0,0.0,0.0,,0,0.0,0,0.0,0.0,,0,0.0,0,,,,0,,0.6512,-0.0251136421440285
prebreak,601225,2026-02-05,S,S,A,C,S,S,A,21.1033,21.32,20.34,0.98,,0,0.0,0.0,,0,0.0,0,0.0,0.0,,0,0.0,0,,,,0,,0.7085,-0.0147772962712218
prebreak,603042,2026-02-05,S,S,A,C,S,S,A,14.3593,14.17,13.44,0.73,,1,14.17,14.759,2026-02-12,0,0.7916,1,14.17,15.005,2026-02-27,0,1.1284,1,14.17,14.17,2026-03-09,1,-0.0148,1.7207,0.0350220223823587
prebreak,603317,2026-02-05,S,S,A,C,S,S,A,14.0201,12.62,12.05,0.57,,1,12.62,13.4017,2026-02-10,0,1.3537,1,12.62,13.4017,2026-02-10,0,1.3537,1,12.62,13.4017,2026-02-10,0,1.3537,4.1011,0.011694686210959
prebreak,603927,2026-02-05,S,S,A,C,S,S,A,18.8195,20.44,19.47,0.97,,0,0.0,0.0,,0,0.0,0,0.0,0.0,,0,0.0,0,,,,0,,,
prebreak,603985,2026-02-05,S,S,A,C,S,S,A,15.143,17.11,16.26,0.85,,1,17.11,17.5471,2026-02-12,0,0.4986,1,17.11,17.986,2026-02-27,0,1.0146,1,17.11,17.11,2026-03-03,1,-0.0153,2.3996,0.0869360454126766
prebreak,605098,2026-02-05,S,S,A,C,S,S,A,45.275,42.69,40.71,1.98,,0,0.0,0.0,,0,0.0,0,0.0,0.0,,0,0.0,0,,,,0,,1.0207,0.0031820680532275
prebreak,002415,2026-02-06,S,S,A,C,S,S,A,31.9066,31.79,30.42,1.37,,0,0.0,0.0,,0,0.0,0,0.0,0.0,,0,0.0,0,,,,0,,0.6425,0.0278347855296696
prebreak,002845,2026-02-06,S,S,A,C,S,S,A,14.509,14.84,14.17,0.67,,0,0.0,0.0,,0,0.0,0,0.0,0.0,,0,0.0,0,,,,0,,0.7987,0.0028288543562753
prebreak,300146,2026-02-06,S,S,A,C,S,S,A,11.8123,12.01,11.41,0.6,,0,0.0,0.0,,0,0.0,0,0.0,0.0,,0,0.0,0,,,,0,,0.69,0.0134444798253194
prebreak,300251,2026-02-06,S,S,A,C,S,S,A,20.2215,17.4,16.62,0.78,,1,17.4,26.9028,2026-02-13,0,12.1584,1,17.4,18.4821,2026-03-02,0,1.3694,1,17.4,25.16,2026-02-12,1,9.9255,1.7004,-0.0585460599334073
prebreak,300565,2026-02-06,S,S,A,C,S,S,A,12.45,12.8,12.26,0.54,,0,0.0,0.0,,0,0.0,0,0.0,0.0,,0,0.0,0,,,,0,,1.065,-0.0532544378698224
prebreak,300566,2026-02-06,S,S,A,C,S,S,A,20.0404,20.04,19.22,0.82,,0,0.0,0.0,,0,0.0,0,0.0,0.0,,0,0.0,0,,,,0,,1.0445,0.0406985690106169
prebreak,300968,2026-02-06,S,S,A,C,S,S,A,13.71,14.18,13.55,0.63,,0,0.0,0.0,,0,0.0,0,0.0,0.0,,0,0.0,0,,,,0,,0.7538,-0.0627891606080635
prebreak,600060,2026-02-06,S,S,A,C,S,S,A,23.4152,24.32,23.05,1.27,,0,0.0,0.0,,0,0.0,0,0.0,0.0,,0,0.0,0,,,,0,,1.4886,0.0926433096440344
prebreak,603082,2026-02-06,S,S,A,C,S,S,A,37.0281,37.94,36.41,1.53,,1,37.94,38.1926,2026-02-13,0,0.1461,1,37.94,38.1926,2026-02-13,0,0.1461,1,37.94,38.1926,2026-02-13,0,0.1461,2.8549,0.0334420468403118
prebreak,603826,2026-02-06,S,S,A,C,S,S,A,14.895,13.86,13.27,0.59,,1,13.86,14.0548,2026-02-13,0,0.3121,1,13.86,15.804,2026-03-02,0,3.275,1,13.86,20.7002,2026-04-02,0,11.5685,2.4878,0.0211033527826318
prebreak,002933,2026-02-09,S,S,A,C,S,S,A,35.8649,36.5,34.82,1.68,,1,36.5,37.104,2026-02-24,0,0.3428,1,36.5,36.8941,2026-02-25,0,0.2179,1,36.5,36.8941,2026-02-25,0,0.2179,2.2562,0.0245606480134201
prebreak,600188,2026-02-09,S,S,A,C,S,S,A,15.6604,14.23,13.51,0.72,,0,0.0,0.0,,0,0.0,0,0.0,0.0,,0,0.0,0,,,,0,,0.9343,0.0305919829820155
prebreak,600520,2026-02-09,S,S,A,C,S,S,A,28.36,28.01,26.6,1.41,,0,0.0,0.0,,0,0.0,0,0.0,0.0,,0,0.0,0,,,,0,,0.4009,0.0852382797365363
prebreak,603029,2026-02-09,S,S,A,C,S,S,A,20.2265,20.32,19.29,1.03,,0,0.0,0.0,,0,0.0,0,0.0,0.0,,0,0.0,0,,,,0,,0.6726,0.060580708850765
prebreak,603125,2026-02-09,S,S,A,C,S,S,A,17.9314,19.1,18.1,1.0,,1,19.1,20.2677,2026-02-24,0,1.1525,1,19.1,18.3009,2026-03-03,0,-0.8132,1,19.1,19.1,2026-03-03,1,-0.0145,3.0465,0.0436668856078987
prebreak,603218,2026-02-09,S,S,A,C,S,S,A,13.339,13.39,12.83,0.56,,0,0.0,0.0,,0,0.0,0,0.0,0.0,,0,0.0,0,,,,0,,0.5983,0.0313124309955163
prebreak,603777,2026-02-09,S,S,A,C,S,S,A,13.55,14.0,13.27,0.73,,0,0.0,0.0,,0,0.0,0,0.0,0.0,,0,0.0,0,,,,0,,2.0219,0.0711553175210404
prebreak,603897,2026-02-09,S,S,A,C,S,S,A,26.0966,26.28,25.02,1.26,,0,0.0,0.0,,0,0.0,0,0.0,0.0,,0,0.0,0,,,,0,,0.399,0.0191977264028795
prebreak,000050,2026-02-10,S,S,A,C,S,S,A,9.7,10.67,10.12,0.55,,0,0.0,0.0,,0,0.0,0,0.0,0.0,,0,0.0,0,,,,0,,2.6229,0.2902055622732769
prebreak,000729,2026-02-10,S,S,A,C,S,S,A,12.6249,12.34,11.73,0.61,,0,0.0,0.0,,0,0.0,0,0.0,0.0,,0,0.0,0,,,,0,,0.5798,0.0528709282782433
prebreak,300691,2026-02-10,S,S,A,C,S,S,A,17.59,17.76,16.95,0.81,,1,17.76,17.9,2026-02-25,0,0.1561,1,17.76,17.9,2026-02-25,0,0.1561,1,17.76,17.9,2026-02-25,0,0.1561,1.6818,-0.0155210643015519
prebreak,301559,2026-02-10,S,S,A,C,S,S,A,17.5993,18.17,17.23,0.94,,0,0.0,0.0,,0,0.0,0,0.0,0.0,,0,0.0,0,,,,0,,1.3942,-0.0213883999476097
prebreak,600129,2026-02-10,S,S,A,C,S,S,A,17.95,18.42,17.46,0.96,,0,0.0,0.0,,0,0.0,0,0.0,0.0,,0,0.0,0,,,,0,,3.411,0.3654558932542624
prebreak,600546,2026-02-10,S,S,A,C,S,S,A,10.9141,10.4,9.86,0.54,,0,0.0,0.0,,0,0.0,0,0.0,0.0,,0,0.0,0,,,,0,,0.7485,0.0409551708221456
prebreak,600694,2026-02-10,S,S,A,C,S,S,A,15.5721,16.0,15.3,0.7,,0,0.0,0.0,,0,0.0,0,0.0,0.0,,0,0.0,0,,,,0,,1.7396,0.1211627643511543
prebreak,600926,2026-02-10,S,S,A,C,S,S,A,16.1257,16.05,15.46,0.59,,0,0.0,0.0,,0,0.0,0,0.0,0.0,,0,0.0,0,,,,0,,0.3965,0.0450080353184834
prebreak,603004,2026-02-10,S,S,A,C,S,S,A,24.617,24.4,23.12,1.28,,0,0.0,0.0,,0,0.0,0,0.0,0.0,,0,0.0,0,,,,0,,1.2827,0.024114774114774
prebreak,605258,2026-02-10,S,S,A,C,S,S,A,33.4113,33.91,32.22,1.69,,0,0.0,0.0,,0,0.0,0,0.0,0.0,,0,0.0,0,,,,0,,0.911,0.0212578999283137
prebreak,000786,2026-02-11,S,S,A,C,S,S,A,27.8435,25.18,24.28,0.9,,0,0.0,0.0,,0,0.0,0,0.0,0.0,,0,0.0,0,,,,0,,0.6095,0.0174729477723256
prebreak,001319,2026-02-11,S,S,A,C,S,S,A,30.0855,27.27,26.05,1.22,,0,0.0,0.0,,0,0.0,0,0.0,0.0,,0,0.0,0,,,,0,,0.846,0.0221860084089646
prebreak,002568,2026-02-11,S,S,A,C,S,S,A,20.4295,22.14,21.15,0.99,,0,0.0,0.0,,0,0.0,0,0.0,0.0,,0,0.0,0,,,,0,,,
prebreak,002727,2026-02-11,S,S,A,C,S,S,A,13.6258,14.06,13.43,0.63,,0,0.0,0.0,,0,0.0,0,0.0,0.0,,0,0.0,0,,,,0,,,
prebreak,002831,2026-02-11,S,S,A,C,S,S,A,21.889,19.59,18.69,0.9,,0,0.0,0.0,,0,0.0,0,0.0,0.0,,0,0.0,0,,,,0,,1.4075,0.0061973930720626
prebreak,300100,2026-02-11,S,S,A,C,S,S,A,35.2013,35.99,34.34,1.65,,1,35.99,36.2876,2026-02-26,0,0.1637,1,35.99,34.34,2026-03-03,1,-1.0159,1,35.99,34.34,2026-03-03,1,-1.0159,2.6989,-0.0972154300168631
prebreak,300783,2026-02-11,S,S,A,C,S,S,A,23.1632,24.73,23.44,1.29,,0,0.0,0.0,,0,0.0,0,0.0,0.0,,0,0.0,0,,,,0,,,
prebreak,300898,2026-02-11,S,S,A,C,S,S,A,27.5497,28.89,27.51,1.38,,0,0.0,0.0,,0,0.0,0,0.0,0.0,,0,0.0,0,,,,0,,,
prebreak,600038,2026-02-11,S,S,A,C,S,S,A,37.2781,38.07,36.33,1.74,,0,0.0,0.0,,0,0.0,0,0.0,0.0,,0,0.0,0,,,,0,,1.246,0.0147684614897409
prebreak,600323,2026-02-11,S,S,A,C,S,S,A,28.3863,29.19,27.93,1.26,,0,0.0,0.0,,0,0.0,0,0.0,0.0,,0,0.0,0,,,,0,,0.9366,0.03648941726814
prebreak,603233,2026-02-11,S,S,A,C,S,S,A,18.7932,19.64,18.67,0.97,,0,0.0,0.0,,0,0.0,0,0.0,0.0,,0,0.0,0,,,,0,,2.6821,0.2148497670816671
prebreak,603281,2026-02-11,S,S,A,C,S,S,A,22.8376,21.69,20.71,0.98,,0,0.0,0.0,,0,0.0,0,0.0,0.0,,0,0.0,0,,,,0,,1.0119,0.0391133464753097
prebreak,000708,2026-02-12,S,S,A,C,S,S,A,15.4152,15.85,15.08,0.77,,0,0.0,0.0,,0,0.0,0,0.0,0.0,,0,0.0,0,,,,0,,0.9473,0.0110390307707053
prebreak,002867,2026-02-12,S,S,A,C,S,S,A,11.9092,12.4,11.87,0.53,,0,0.0,0.0,,0,0.0,0,0.0,0.0,,0,0.0,0,,,,0,,3.3279,0.0719621446305462
prebreak,002984,2026-02-12,S,S,A,C,S,S,A,20.9114,21.61,20.64,0.97,,0,0.0,0.0,,0,0.0,0,0.0,0.0,,0,0.0,0,,,,0,,,
prebreak,002991,2026-02-12,S,S,A,C,S,S,A,56.8218,59.98,57.49,2.49,,0,0.0,0.0,,0,0.0,0,0.0,0.0,,0,0.0,0,,,,0,,,
prebreak,600862,2026-02-12,S,S,A,C,S,S,A,25.8766,26.16,24.81,1.35,,0,0.0,0.0,,0,0.0,0,0.0,0.0,,0,0.0,0,,,,0,,1.4029,0.0650608177655749
prebreak,601088,2026-02-12,S,S,A,C,S,S,A,41.5173,42.09,39.96,2.13,,0,0.0,0.0,,0,0.0,1,42.09,44.7071,2026-03-06,0,1.2129,1,42.09,45.22,2026-04-01,1,1.4535,2.1933,0.0786781277877139
prebreak,601225,2026-02-12,S,S,A,C,S,S,A,22.3965,21.32,20.34,0.98,,0,0.0,0.0,,0,0.0,0,0.0,0.0,,0,0.0,0,,,,0,,0.5987,0.0139490149081138
prebreak,603288,2026-02-12,S,S,A,C,S,S,A,35.1308,35.37,33.71,1.66,,0,0.0,0.0,,0,0.0,0,0.0,0.0,,0,0.0,0,,,,0,,0.8325,-0.0104994471613446
prebreak,603317,2026-02-12,S,S,A,C,S,S,A,12.9959,13.09,12.49,0.6,,0,0.0,0.0,,0,0.0,0,0.0,0.0,,0,0.0,0,,,,0,,0.6402,0.0675651319761732
prebreak,688522,2026-02-12,S,S,A,C,S,S,A,29.7482,30.0,28.74,1.26,,0,0.0,0.0,,0,0.0,0,0.0,0.0,,0,0.0,0,,,,0,,1.0386,-0.0167471202573995
prebreak,002791,2026-02-24,S,S,A,C,S,S,A,24.08,22.29,21.44,0.85,,1,22.29,24.71,2026-02-27,0,2.8253,1,22.29,24.71,2026-02-27,0,2.8253,1,22.29,24.71,2026-02-27,0,2.8253,1.5318,0.0099682827367466
prebreak,002933,2026-02-24,S,S,A,C,S,S,A,37.104,36.54,35.12,1.42,,0,0.0,0.0,,0,0.0,0,0.0,0.0,,0,0.0,0,,,,0,,0.9741,0.023386933734615
prebreak,301036,2026-02-24,S,S,A,C,S,S,A,33.5886,33.2,31.81,1.39,,0,0.0,0.0,,0,0.0,0,0.0,0.0,,0,0.0,0,,,,0,,0.7837,-0.0042487527279427
prebreak,600523,2026-02-24,S,S,A,C,S,S,A,15.4066,15.6,14.81,0.79,,0,0.0,0.0,,0,0.0,0,0.0,0.0,,0,0.0,0,,,,0,,1.3353,0.0158117305779768
prebreak,603125,2026-02-24,S,S,A,C,S,S,A,20.2677,19.1,18.1,1.0,,0,0.0,0.0,,0,0.0,0,0.0,0.0,,0,0.0,0,,,,0,,1.0908,0.0121912176292477
prebreak,603258,2026-02-24,S,S,A,C,S,S,A,19.14,19.29,18.37,0.92,,0,0.0,0.0,,0,0.0,0,0.0,0.0,,0,0.0,0,,,,0,,1.062,-0.0203148806500762
prebreak,603777,2026-02-24,S,S,A,C,S,S,A,12.96,13.57,12.9,0.67,,0,0.0,0.0,,0,0.0,0,0.0,0.0,,0,0.0,1,13.57,12.9,2026-03-13,1,-1.0148,2.275,-0.0094890510948904
prebreak,603887,2026-02-24,S,S,A,C,S,S,A,15.86,14.7,13.97,0.73,,0,0.0,0.0,,0,0.0,0,0.0,0.0,,0,0.0,0,,,,0,,0.7619,0.0366713681241184
prebreak,000795,2026-02-25,S,S,A,C,S,S,A,10.7182,10.35,9.85,0.5,,0,0.0,0.0,,0,0.0,0,0.0,0.0,,0,0.0,0,,,,0,,1.031,-0.0031718360330257
prebreak,001269,2026-02-25,S,S,A,C,S,S,A,24.96,24.6,23.48,1.12,,0,0.0,0.0,,0,0.0,0,0.0,0.0,,0,0.0,0,,,,0,,0.7377,0.0366624525916561
prebreak,001323,2026-02-25,S,S,A,C,S,S,A,25.7316,25.97,24.95,1.02,,0,0.0,0.0,,0,0.0,0,0.0,0.0,,0,0.0,0,,,,0,,0.6083,0.020624395929274
prebreak,002085,2026-02-25,S,S,A,C,S,S,A,15.9089,15.89,15.31,0.58,,1,15.89,16.0284,2026-03-04,0,0.2177,1,15.89,16.4867,2026-03-11,0,1.0073,1,15.89,15.89,2026-03-13,1,-0.0208,1.8394,-0.0297432174345289
prebreak,600088,2026-02-25,S,S,A,C,S,S,A,16.8468,17.52,16.78,0.74,,0,0.0,0.0,,0,0.0,0,0.0,0.0,,0,0.0,0,,,,0,,4.7677,0.18772285689247
prebreak,600251,2026-02-25,S,S,A,C,S,S,A,11.1346,10.18,9.68,0.5,,0,0.0,0.0,,0,0.0,0,0.0,0.0,,0,0.0,0,,,,0,,1.2507,0.0057840092911363
prebreak,600546,2026-02-25,S,S,A,C,S,S,A,11.264,11.09,10.57,0.52,,0,0.0,0.0,,0,0.0,0,0.0,0.0,,0,0.0,0,,,,0,,0.4993,0.0888349827566505
prebreak,603004,2026-02-25,S,S,A,C,S,S,A,25.1513,25.45,24.29,1.16,,0,0.0,0.0,,0,0.0,0,0.0,0.0,,0,0.0,0,,,,0,,1.1732,0.0203055021579416
prebreak,603899,2026-02-25,S,S,A,C,S,S,A,25.7946,26.81,25.48,1.33,,0,0.0,0.0,,0,0.0,0,0.0,0.0,,0,0.0,0,,,,0,,,
prebreak,000096,2026-02-26,S,S,A,C,S,S,A,10.6775,11.17,10.64,0.53,,1,11.17,11.7275,2026-03-05,0,1.0351,1,11.17,11.0737,2026-03-12,0,-0.1976,1,11.17,11.17,2026-03-10,1,-0.016,3.7099,0.006892651494379
prebreak,000739,2026-02-26,S,S,A,C,S,S,A,17.9302,18.65,17.73,0.92,,0,0.0,0.0,,0,0.0,0,0.0,0.0,,0,0.0,0,,,,0,,1.2393,0.0564317438972847
prebreak,000786,2026-02-26,S,S,A,C,S,S,A,27.3307,28.21,26.81,1.4,,0,0.0,0.0,,0,0.0,0,0.0,0.0,,0,0.0,0,,,,0,,1.4055,0.062254116869713
prebreak,002395,2026-02-26,S,S,A,C,S,S,A,19.4889,19.9,18.92,0.98,,0,0.0,0.0,,0,0.0,0,0.0,0.0,,0,0.0,0,,,,0,,1.6998,0.0934363261002149
prebreak,002568,2026-02-26,S,S,A,C,S,S,A,19.1607,22.14,21.15,0.99,,0,0.0,0.0,,0,0.0,0,0.0,0.0,,0,0.0,0,,,,0,,,
prebreak,002572,2026-02-26,S,S,A,C,S,S,A,13.0911,14.03,13.32,0.71,,0,0.0,0.0,,0,0.0,0,0.0,0.0,,0,0.0,0,,,,0,,,
prebreak,300783,2026-02-26,S,S,A,C,S,S,A,21.1468,24.73,23.44,1.29,,0,0.0,0.0,,0,0.0,0,0.0,0.0,,0,0.0,0,,,,0,,,
prebreak,301039,2026-02-26,S,S,A,C,S,S,A,9.6655,9.93,9.42,0.51,,0,0.0,0.0,,0,0.0,0,0.0,0.0,,0,0.0,0,,,,0,,,
prebreak,600038,2026-02-26,S,S,A,C,S,S,A,38.6756,38.49,36.73,1.76,,0,0.0,0.0,,0,0.0,0,0.0,0.0,,0,0.0,0,,,,0,,0.9533,0.0034296141757865
prebreak,600066,2026-02-26,S,S,A,C,S,S,A,27.9934,30.87,29.39,1.48,,0,0.0,0.0,,0,0.0,0,0.0,0.0,,0,0.0,1,30.87,30.8314,2026-03-26,0,-0.0419,1.7393,0.0161672591840191
prebreak,600323,2026-02-26,S,S,A,C,S,S,A,27.0624,28.78,27.3,1.48,,0,0.0,0.0,,0,0.0,0,0.0,0.0,,0,0.0,0,,,,0,,1.2252,0.000828143977098
prebreak,000708,2026-02-27,S,S,A,C,S,S,A,17.4802,15.85,15.08,0.77,,0,0.0,0.0,,0,0.0,0,0.0,0.0,,0,0.0,0,,,,0,,1.4987,0.0160659495066692
prebreak,002984,2026-02-27,S,S,A,C,S,S,A,20.5926,21.24,20.28,0.96,,0,0.0,0.0,,0,0.0,0,0.0,0.0,,0,0.0,0,,,,0,,,
prebreak,601088,2026-02-27,S,S,A,C,S,S,A,41.2246,41.83,40.02,1.81,,1,41.83,44.7071,2026-03-06,0,1.571,1,41.83,47.7214,2026-03-13,0,3.2353,1,41.83,45.22,2026-04-01,1,1.8542,2.1933,0.07201487491946
prebreak,601225,2026-02-27,S,S,A,C,S,S,A,22.7031,22.85,21.71,1.14,,1,22.85,23.9005,2026-03-06,0,0.9057,1,22.85,25.1362,2026-03-13,0,1.989,1,22.85,23.82,2026-04-08,1,0.8351,1.8197,0.114122587078105
prebreak,603043,2026-02-27,S,S,A,C,S,S,A,17.254,17.69,17.01,0.68,,0,0.0,0.0,,0,0.0,0,0.0,0.0,,0,0.0,0,,,,0,,,
prebreak,603477,2026-02-27,S,S,A,C,S,S,A,17.7186,17.77,17.05,0.72,,0,0.0,0.0,,0,0.0,0,0.0,0.0,,0,0.0,0,,,,0,,0.9452,0.0166557966973333
prebreak,605555,2026-02-27,S,S,A,C,S,S,A,17.3255,17.93,17.04,0.89,,0,0.0,0.0,,0,0.0,0,0.0,0.0,,0,0.0,0,,,,0,,,
prebreak,000581,2026-03-04,S,S,A,C,S,S,A,22.7391,20.72,19.83,0.89,,0,0.0,0.0,,0,0.0,0,0.0,0.0,,0,0.0,0,,,,0,,0.9339,-0.0001654600259091
prebreak,000590,2026-03-04,S,S,A,C,S,S,A,11.4,12.73,12.07,0.66,,0,0.0,0.0,,0,0.0,0,0.0,0.0,,0,0.0,0,,,,0,,,
prebreak,000795,2026-03-04,S,S,A,C,S,S,A,10.1167,10.35,9.85,0.5,,0,0.0,0.0,,0,0.0,0,0.0,0.0,,0,0.0,0,,,,0,,,
prebreak,300541,2026-03-04,S,S,A,C,S,S,A,14.7912,16.68,15.8,0.88,,0,0.0,0.0,,0,0.0,0,0.0,0.0,,0,0.0,0,,,,0,,,
prebreak,301559,2026-03-04,S,S,A,C,S,S,A,17.4116,18.32,17.46,0.86,,1,18.32,18.5079,2026-03-11,0,0.2021,1,18.32,17.46,2026-03-17,1,-1.0156,1,18.32,17.46,2026-03-17,1,-1.0156,2.6969,0.0784755501774072
prebreak,600150,2026-03-04,S,S,A,C,S,S,A,38.1248,35.11,33.37,1.74,,0,0.0,0.0,,0,0.0,0,0.0,0.0,,0,0.0,0,,,,0,,1.0014,0.023660610048575
prebreak,600298,2026-03-04,S,S,A,C,S,S,A,41.5594,43.82,41.81,2.01,,0,0.0,0.0,,0,0.0,0,0.0,0.0,,0,0.0,0,,,,0,,0.9294,0.169781099839829
prebreak,600779,2026-03-04,S,S,A,C,S,S,A,35.1746,38.91,37.59,1.32,,0,0.0,0.0,,0,0.0,0,0.0,0.0,,0,0.0,0,,,,0,,,
prebreak,601963,2026-03-04,S,S,A,C,S,S,A,10.184,10.42,9.91,0.51,,0,0.0,0.0,,0,0.0,0,0.0,0.0,,0,0.0,0,,,,0,,1.4593,0.0420825924683869
prebreak,603997,2026-03-04,S,S,A,C,S,S,A,13.0874,14.68,13.96,0.72,,0,0.0,0.0,,0,0.0,0,0.0,0.0,,0,0.0,0,,,,0,,1.9261,0.2157052621975623
prebreak,000096,2026-03-05,S,S,A,C,S,S,A,11.7275,11.17,10.64,0.53,,0,0.0,0.0,,0,0.0,0,0.0,0.0,,0,0.0,0,,,,0,,1.3699,-0.0369600600566144
prebreak,000786,2026-03-05,S,S,A,C,S,S,A,27.1759,28.21,26.81,1.4,,0,0.0,0.0,,0,0.0,0,0.0,0.0,,0,0.0,0,,,,0,,,
prebreak,001319,2026-03-05,S,S,A,C,S,S,A,26.1956,30.53,29.08,1.45,,0,0.0,0.0,,0,0.0,0,0.0,0.0,,0,0.0,0,,,,0,,,
prebreak,002568,2026-03-05,S,S,A,C,S,S,A,18.5607,18.98,18.12,0.86,,0,0.0,0.0,,0,0.0,0,0.0,0.0,,0,0.0,0,,,,0,,1.106,-0.0541013071895424
prebreak,002572,2026-03-05,S,S,A,C,S,S,A,11.9491,14.03,13.32,0.71,,0,0.0,0.0,,0,0.0,0,0.0,0.0,,0,0.0,0,,,,0,,,
prebreak,002588,2026-03-05,S,S,A,C,S,S,A,10.2565,10.75,10.21,0.54,,1,10.75,10.4698,2026-03-10,0,-0.5338,1,10.75,10.4698,2026-03-10,0,-0.5338,1,10.75,10.4698,2026-03-10,0,-0.5338,1.8978,-0.0054639364142654
prebreak,300015,2026-03-05,S,S,A,C,S,S,A,10.067,10.52,10.0,0.52,,0,0.0,0.0,,0,0.0,0,0.0,0.0,,0,0.0,0,,,,0,,5.5096,0.1293067499720011
prebreak,600038,2026-03-05,S,S,A,C,S,S,A,36.723,39.03,37.56,1.47,,0,0.0,0.0,,0,0.0,0,0.0,0.0,,0,0.0,0,,,,0,,,
prebreak,600066,2026-03-05,S,S,A,C,S,S,A,29.304,30.87,29.39,1.48,,0,0.0,0.0,,0,0.0,0,0.0,0.0,,0,0.0,1,30.87,30.8314,2026-03-26,0,-0.0419,1.7393,0.0161672591840191
prebreak,600323,2026-03-05,S,S,A,C,S,S,A,27.5296,28.78,27.3,1.48,,0,0.0,0.0,,0,0.0,0,0.0,0.0,,0,0.0,0,,,,0,,1.2252,0.000828143977098
prebreak,000065,2026-03-06,S,S,A,C,S,S,A,13.3025,12.23,11.6,0.63,,0,0.0,0.0,,0,0.0,0,0.0,0.0,,0,0.0,0,,,,0,,1.3865,-0.0201556356258544
prebreak,000957,2026-03-06,S,S,A,C,S,S,A,11.1598,12.26,11.71,0.55,,0,0.0,0.0,,0,0.0,0,0.0,0.0,,0,0.0,0,,,,0,,2.1914,0.0937113835262541
prebreak,002867,2026-03-06,S,S,A,C,S,S,A,11.3493,11.78,11.23,0.55,,0,0.0,0.0,,0,0.0,0,0.0,0.0,,0,0.0,0,,,,0,,0.8582,-0.0391751071289442
prebreak,002991,2026-03-06,S,S,A,C,S,S,A,52.8993,57.43,54.98,2.45,,0,0.0,0.0,,0,0.0,0,0.0,0.0,,0,0.0,0,,,,0,,,
prebreak,601088,2026-03-06,S,S,A,C,S,S,A,44.7071,41.83,40.02,1.81,2026-03-28（报告期 2025-12-31 00:00:00）,1,41.83,47.7214,2026-03-13,0,3.2353,1,41.83,48.336,2026-03-20,0,3.5746,1,41.83,43.54,2026-05-14,1,0.9266,2.209,0.022670999207689
prebreak,601225,2026-03-06,S,S,A,C,S,S,A,23.9005,22.85,21.71,1.14,,1,22.85,25.1362,2026-03-13,0,1.989,1,22.85,26.0175,2026-03-20,0,2.7616,1,22.85,23.2,2026-05-07,1,0.2916,2.1117,0.070617800239777
prebreak,603043,2026-03-06,S,S,A,C,S,S,A,16.7197,17.49,16.74,0.75,,0,0.0,0.0,,0,0.0,0,0.0,0.0,,0,0.0,0,,,,0,,,
prebreak,603199,2026-03-06,S,S,A,C,S,S,A,40.4534,39.87,38.42,1.45,,0,0.0,0.0,,0,0.0,0,0.0,0.0,,0,0.0,0,,,,0,,0.7582,-0.0498023809177349
prebreak,603310,2026-03-06,S,S,A,C,S,S,A,17.3646,17.61,16.76,0.85,,0,0.0,0.0,,0,0.0,0,0.0,0.0,,0,0.0,0,,,,0,,6.6285,0.1038708470133191
prebreak,605555,2026-03-06,S,S,A,C,S,S,A,15.9905,17.93,17.04,0.89,,0,0.0,0.0,,0,0.0,0,0.0,0.0,,0,0.0,0,,,,0,,,
prebreak,000712,2026-03-10,S,S,A,C,S,S,A,11.29,13.38,12.69,0.69,,0,0.0,0.0,,0,0.0,0,0.0,0.0,,0,0.0,0,,,,0,,,
prebreak,001914,2026-03-10,S,S,A,C,S,S,A,10.2934,11.62,11.05,0.57,,0,0.0,0.0,,0,0.0,0,0.0,0.0,,0,0.0,0,,,,0,,,
prebreak,603338,2026-03-10,S,S,A,C,S,S,A,52.0469,57.13,54.47,2.66,,0,0.0,0.0,,0,0.0,0,0.0,0.0,,0,0.0,0,,,,0,,3.8986,0.2120135377750944
prebreak,603527,2026-03-10,S,S,A,C,S,S,A,10.8755,10.97,10.44,0.53,,1,10.97,12.6434,2026-03-17,0,3.1396,1,10.97,10.44,2026-03-20,1,-1.0151,1,10.97,10.97,2026-03-20,1,-0.0157,1.5892,0.0322557931122777
prebreak,603777,2026-03-10,S,S,A,C,S,S,A,13.13,13.33,12.69,0.64,,1,13.33,13.47,2026-03-17,0,0.2028,1,13.33,12.69,2026-03-23,1,-1.0152,1,13.33,12.69,2026-03-23,1,-1.0152,2.275,-0.0270072992700729
prebreak,603970,2026-03-10,S,S,A,C,S,S,A,13.2515,13.71,13.0,0.71,,0,0.0,0.0,,0,0.0,0,0.0,0.0,,0,0.0,0,,,,0,,,
prebreak,000795,2026-03-11,S,S,A,C,S,S,A,9.9096,10.35,9.85,0.5,,0,0.0,0.0,,0,0.0,0,0.0,0.0,,0,0.0,0,,,,0,,,
prebreak,300498,2026-03-11,S,S,A,C,S,S,A,16.8723,16.13,15.34,0.79,,1,16.13,17.0494,2026-03-18,0,1.1475,1,16.13,16.5771,2026-03-25,0,0.5501,1,16.13,16.13,2026-04-01,1,-0.0155,1.6203,0.0234403497685504
prebreak,600298,2026-03-11,S,S,A,C,S,S,A,41.648,43.82,41.81,2.01,,0,0.0,0.0,,0,0.0,0,0.0,0.0,,0,0.0,0,,,,0,,0.9294,0.169781099839829
prebreak,601882,2026-03-11,S,S,A,C,S,S,A,21.9166,21.35,20.31,1.04,,1,21.35,20.9808,2026-03-18,0,-0.3704,1,21.35,20.31,2026-03-20,1,-1.015,1,21.35,20.31,2026-03-20,1,-1.015,1.6646,0.0799599980191037
prebreak,603997,2026-03-11,S,S,A,C,S,S,A,12.9981,14.68,13.96,0.72,,0,0.0,0.0,,0,0.0,0,0.0,0.0,,0,0.0,0,,,,0,,1.9261,0.2157052621975623
prebreak,002847,2026-03-16,S,S,A,C,S,S,A,60.5697,62.38,59.59,2.79,,0,0.0,0.0,,0,0.0,0,0.0,0.0,,0,0.0,0,,,,0,,,
prebreak,300928,2026-03-16,S,S,A,C,S,S,A,32.78,34.57,33.17,1.4,,0,0.0,0.0,,0,0.0,0,0.0,0.0,,0,0.0,0,,,,0,,4.2482,0.1953665283540802
prebreak,600449,2026-03-16,S,S,A,C,S,S,A,13.1256,13.72,13.19,0.53,,1,13.72,13.3924,2026-03-19,0,-0.6373,1,13.72,13.3924,2026-03-19,0,-0.6373,1,13.72,13.3924,2026-03-19,0,-0.6373,1.9308,0.0351537484816855
prebreak,000795,2026-03-18,S,S,A,C,S,S,A,9.4166,10.35,9.85,0.5,,0,0.0,0.0,,0,0.0,0,0.0,0.0,,0,0.0,0,,,,0,,,
prebreak,001269,2026-03-18,S,S,A,C,S,S,A,24.58,26.23,25.13,1.1,,0,0.0,0.0,,0,0.0,0,0.0,0.0,,0,0.0,0,,,,0,,3.296,0.2257009345794394
prebreak,300138,2026-03-18,S,S,A,C,S,S,A,13.6085,13.79,13.06,0.73,,0,0.0,0.0,,0,0.0,0,0.0,0.0,,0,0.0,0,,,,0,,,
prebreak,300541,2026-03-18,S,S,A,C,S,S,A,15.7442,16.68,15.8,0.88,,0,0.0,0.0,,0,0.0,0,0.0,0.0,,0,0.0,0,,,,0,,,
prebreak,600298,2026-03-18,S,S,A,C,S,S,A,40.7128,42.87,40.65,2.22,,0,0.0,0.0,,0,0.0,0,0.0,0.0,,0,0.0,0,,,,0,,1.7203,0.11640625
prebreak,601882,2026-03-18,S,S,A,C,S,S,A,20.9808,21.35,20.31,1.04,,0,0.0,0.0,,0,0.0,0,0.0,0.0,,0,0.0,0,,,,0,,4.2891,0.1786186601546171
prebreak,601963,2026-03-18,S,S,A,C,S,S,A,10.9816,11.06,10.56,0.5,,0,0.0,0.0,,0,0.0,0,0.0,0.0,,0,0.0,0,,,,0,,1.5219,0.0479798340603385
prebreak,603766,2026-03-18,S,S,A,C,S,S,A,14.8396,15.03,14.37,0.66,,0,0.0,0.0,,0,0.0,0,0.0,0.0,,0,0.0,0,,,,0,,1.0259,0.0128325264199071
prebreak,002559,2026-03-24,S,S,A,C,S,S,A,9.4557,10.73,10.21,0.52,2026-04-21（报告期 2025-12-31 00:00:00）,0,0.0,0.0,,0,0.0,0,0.0,0.0,,0,0.0,1,10.73,10.6277,2026-04-21,0,-0.2123,2.3094,0.0407507897185848
prebreak,002635,2026-03-24,S,S,A,C,S,S,A,13.1995,15.09,14.32,0.77,2026-03-28（报告期 2025-12-31 00:00:00）,0,0.0,0.0,,0,0.0,0,0.0,0.0,,0,0.0,1,15.09,18.44,2026-05-18,0,4.333,2.4996,-0.0014579487742335
prebreak,002933,2026-03-24,S,S,A,C,S,S,A,31.8577,38.43,36.58,1.85,,0,0.0,0.0,,0,0.0,0,0.0,0.0,,0,0.0,0,,,,0,,,
prebreak,300119,2026-03-24,S,S,A,C,S,S,A,17.2327,19.58,18.69,0.89,,0,0.0,0.0,,0,0.0,0,0.0,0.0,,0,0.0,0,,,,0,,,
prebreak,300998,2026-03-24,S,S,A,C,S,S,A,22.0186,24.71,23.43,1.28,2026-04-04（报告期 2025-12-31 00:00:00）,0,0.0,0.0,,0,0.0,0,0.0,0.0,,0,0.0,1,24.71,25.8423,2026-05-21,0,0.8694,2.8502,0.0205063568239238
prebreak,301429,2026-03-24,S,S,A,C,S,S,A,19.0933,21.77,20.89,0.88,,0,0.0,0.0,,0,0.0,0,0.0,0.0,,0,0.0,0,,,,0,,2.6672,0.1407813024954689
prebreak,601083,2026-03-24,S,S,A,C,S,S,A,11.2127,11.84,11.24,0.6,,0,0.0,0.0,,0,0.0,0,0.0,0.0,,0,0.0,0,,,,0,,1.1671,-0.0037478361162045
prebreak,603029,2026-03-24,S,S,A,C,S,S,A,18.0823,20.4,19.63,0.77,,0,0.0,0.0,,0,0.0,0,0.0,0.0,,0,0.0,0,,,,0,,,
prebreak,603395,2026-03-24,S,S,A,C,S,S,A,29.2953,31.74,30.57,1.17,,0,0.0,0.0,,0,0.0,0,0.0,0.0,,0,0.0,0,,,,0,,,
prebreak,603527,2026-03-24,S,S,A,C,S,S,A,10.3392,10.97,10.44,0.53,,0,0.0,0.0,,0,0.0,0,0.0,0.0,,0,0.0,0,,,,0,,1.4394,-0.0234184804331237
prebreak,603777,2026-03-24,S,S,A,C,S,S,A,13.06,13.33,12.69,0.64,,1,13.33,13.11,2026-03-31,0,-0.3594,1,13.33,12.69,2026-04-03,1,-1.0152,1,13.33,12.69,2026-04-03,1,-1.0152,2.0219,0.0198928844682477
prebreak,000590,2026-03-25,S,S,A,C,S,S,A,11.99,12.47,11.83,0.64,,0,0.0,0.0,,0,0.0,0,0.0,0.0,,0,0.0,0,,,,0,,,
prebreak,001387,2026-03-25,S,S,A,C,S,S,A,12.9553,14.11,13.42,0.69,,0,0.0,0.0,,0,0.0,0,0.0,0.0,,0,0.0,0,,,,0,,1.6801,0.0941150223701505
prebreak,003008,2026-03-25,S,S,A,C,S,S,A,22.0224,24.41,23.2,1.21,,0,0.0,0.0,,0,0.0,0,0.0,0.0,,0,0.0,0,,,,0,,,
prebreak,300138,2026-03-25,S,S,A,C,S,S,A,12.7719,13.79,13.06,0.73,,0,0.0,0.0,,0,0.0,0,0.0,0.0,,0,0.0,0,,,,0,,,
prebreak,600128,2026-03-25,S,S,A,C,S,S,A,10.5566,11.4,10.83,0.57,,0,0.0,0.0,,0,0.0,0,0.0,0.0,,0,0.0,0,,,,0,,,
prebreak,600298,2026-03-25,S,S,A,C,S,S,A,39.3347,42.87,40.65,2.22,,0,0.0,0.0,,0,0.0,0,0.0,0.0,,0,0.0,0,,,,0,,1.7203,0.11640625
prebreak,601021,2026-03-25,S,S,A,C,S,S,A,45.3824,49.13,47.09,2.04,,0,0.0,0.0,,0,0.0,0,0.0,0.0,,0,0.0,0,,,,0,,1.7037,0.0628949277598533
prebreak,603577,2026-03-25,S,S,A,C,S,S,A,11.2452,12.2,11.57,0.63,,0,0.0,0.0,,0,0.0,0,0.0,0.0,,0,0.0,0,,,,0,,,
prebreak,603801,2026-03-25,S,S,A,C,S,S,A,8.6781,9.3,8.8,0.5,,0,0.0,0.0,,0,0.0,0,0.0,0.0,,0,0.0,0,,,,0,,,
prebreak,000025,2026-03-27,S,S,A,C,S,S,A,15.8549,17.14,16.28,0.86,,0,0.0,0.0,,0,0.0,0,0.0,0.0,,0,0.0,0,,,,0,,,
prebreak,000885,2026-03-27,S,S,A,C,S,S,A,13.3889,14.26,13.57,0.69,,0,0.0,0.0,,0,0.0,0,0.0,0.0,,0,0.0,0,,,,0,,,
prebreak,000957,2026-03-27,S,S,A,C,S,S,A,11.0603,11.6,11.04,0.56,,1,11.6,11.1996,2026-04-02,0,-0.7303,1,11.6,11.1996,2026-04-02,0,-0.7303,1,11.6,11.1996,2026-04-02,0,-0.7303,2.7563,0.0544816837062136
prebreak,000963,2026-03-27,S,S,A,C,S,S,A,34.7424,35.74,33.99,1.75,,1,35.74,35.5356,2026-04-03,0,-0.1323,1,35.74,34.2039,2026-04-13,0,-0.8928,1,35.74,33.99,2026-04-14,1,-1.0149,1.9161,0.0824067472112932
prebreak,002078,2026-03-27,S,S,A,C,S,S,A,14.7714,16.7,15.91,0.79,,0,0.0,0.0,,0,0.0,0,0.0,0.0,,0,0.0,0,,,,0,,,
prebreak,002705,2026-03-27,S,S,A,C,S,S,A,14.5061,13.61,12.96,0.65,,1,13.61,14.0967,2026-04-03,0,0.7324,1,13.61,14.7304,2026-04-13,0,1.7066,1,13.61,16.75,2026-04-17,1,4.8118,3.3276,0.0007722721058271
prebreak,002840,2026-03-27,S,S,A,C,S,S,A,11.36,10.4,9.88,0.52,2026-04-27（报告期 2025-12-31 00:00:00）,1,10.4,11.76,2026-04-03,0,2.5985,1,10.4,12.76,2026-04-13,0,4.5204,1,10.4,12.59,2026-04-23,1,4.1937,1.5461,0.0547667342799189
prebreak,002883,2026-03-27,S,S,A,C,S,S,A,9.67,10.51,9.99,0.52,,0,0.0,0.0,,0,0.0,0,0.0,0.0,,0,0.0,0,,,,0,,,
prebreak,002962,2026-03-27,S,S,A,C,S,S,A,13.6232,15.89,15.14,0.75,,0,0.0,0.0,,0,0.0,1,15.89,16.4991,2026-04-13,0,0.7955,1,15.89,16.2901,2026-04-14,0,0.5171,6.6685,0.0216181802215449
prebreak,003017,2026-03-27,S,S,A,C,S,S,A,25.3235,28.07,26.63,1.44,,0,0.0,0.0,,0,0.0,0,0.0,0.0,,0,0.0,0,,,,0,,3.0858,0.1037904625377745
prebreak,301006,2026-03-27,S,S,A,C,S,S,A,16.4975,19.1,18.22,0.88,,0,0.0,0.0,,0,0.0,0,0.0,0.0,,0,0.0,0,,,,0,,,
prebreak,301298,2026-03-27,S,S,A,C,S,S,A,15.3584,16.87,16.01,0.86,,0,0.0,0.0,,0,0.0,0,0.0,0.0,,0,0.0,0,,,,0,,,
prebreak,301508,2026-03-27,S,S,A,C,S,S,A,29.115,32.73,31.31,1.42,,0,0.0,0.0,,0,0.0,0,0.0,0.0,,0,0.0,0,,,,0,,,
prebreak,600218,2026-03-27,S,S,A,C,S,S,A,9.444,11.07,10.49,0.58,,0,0.0,0.0,,0,0.0,0,0.0,0.0,,0,0.0,0,,,,0,,,
prebreak,600329,2026-03-27,S,S,A,C,S,S,A,41.4576,40.11,38.87,1.24,,0,0.0,0.0,,0,0.0,0,0.0,0.0,,0,0.0,0,,,,0,,0.933,0.008980453288707
prebreak,603053,2026-03-27,S,S,A,C,S,S,A,9.9714,10.08,9.56,0.52,,0,0.0,0.0,,0,0.0,0,0.0,0.0,,0,0.0,0,,,,0,,0.5875,0.0128589856745195
prebreak,603081,2026-03-27,S,S,A,C,S,S,A,11.6926,12.5,11.93,0.57,,0,0.0,0.0,,0,0.0,0,0.0,0.0,,0,0.0,0,,,,0,,1.0865,0.0280050212634694
prebreak,603787,2026-03-27,S,S,A,C,S,S,A,14.849,13.92,13.3,0.62,,1,13.92,14.3834,2026-04-03,0,0.7299,1,13.92,13.3,2026-04-07,1,-1.0164,1,13.92,13.92,2026-04-07,1,-0.0171,2.9274,0.0463286472221691
prebreak,603995,2026-03-27,S,S,A,C,S,S,A,17.0176,18.99,18.06,0.93,2026-04-10（报告期 2025-12-31 00:00:00）,0,0.0,0.0,,0,0.0,0,0.0,0.0,,0,0.0,1,18.99,18.06,2026-05-19,1,-1.0149,2.8591,0.1159057556462042
prebreak,605005,2026-03-27,S,S,A,C,S,S,A,20.195,19.86,19.08,0.78,,0,0.0,0.0,,0,0.0,0,0.0,0.0,,0,0.0,0,,,,0,,0.8938,0.0271071284860866
prebreak,002352,2026-03-30,S,S,A,C,S,S,A,36.3176,36.75,34.85,1.9,2026-03-31（报告期 2025-12-31 00:00:00）,1,36.75,37.3352,2026-04-07,0,0.2931,1,36.75,36.7325,2026-04-14,0,-0.0239,1,36.75,36.76,2026-05-11,1,-0.0094,2.4495,0.0045277588338443
prebreak,002845,2026-03-30,S,S,A,C,S,S,A,13.4719,16.03,15.22,0.81,,0,0.0,0.0,,0,0.0,0,0.0,0.0,,0,0.0,0,,,,0,,2.4544,0.1564997507432441
prebreak,002884,2026-03-30,S,S,A,C,S,S,A,17.4643,17.15,16.41,0.74,,0,0.0,0.0,,0,0.0,0,0.0,0.0,,0,0.0,0,,,,0,,0.7604,0.0195593424254121
prebreak,300566,2026-03-30,S,S,A,C,S,S,A,17.5689,20.8,19.82,0.98,,0,0.0,0.0,,0,0.0,0,0.0,0.0,,0,0.0,0,,,,0,,4.5913,0.1099165190994182
prebreak,300685,2026-03-30,S,S,A,C,S,S,A,22.2402,19.88,18.97,0.91,,0,0.0,0.0,,0,0.0,0,0.0,0.0,,0,0.0,0,,,,0,,0.9334,0.0270571224213607
prebreak,300741,2026-03-30,S,S,A,C,S,S,A,15.9995,17.86,17.09,0.77,,0,0.0,0.0,,0,0.0,0,0.0,0.0,,0,0.0,1,17.86,17.09,2026-04-16,1,-1.017,4.7511,0.0274672857247799
prebreak,301131,2026-03-30,S,S,A,C,S,S,A,42.0372,45.25,43.24,2.01,,0,0.0,0.0,,0,0.0,0,0.0,0.0,,0,0.0,0,,,,0,,,
prebreak,301277,2026-03-30,S,S,A,C,S,S,A,11.6444,12.42,11.89,0.53,,0,0.0,0.0,,0,0.0,0,0.0,0.0,,0,0.0,0,,,,0,,3.604,0.3633369923161362
prebreak,600449,2026-03-30,S,S,A,C,S,S,A,12.7797,13.94,13.36,0.58,,0,0.0,0.0,,0,0.0,0,0.0,0.0,,0,0.0,0,,,,0,,1.3823,0.1220365952643229
prebreak,603819,2026-03-30,S,S,A,C,S,S,A,12.8554,13.03,12.48,0.55,,1,13.03,13.1045,2026-04-07,0,0.1174,1,13.03,13.8818,2026-04-14,0,1.5297,1,13.03,14.2704,2026-04-29,0,2.2359,1.629,0.085983642544192
prebreak,603860,2026-03-30,S,S,A,C,S,S,A,31.4855,33.41,32.14,1.27,,0,0.0,0.0,,0,0.0,0,0.0,0.0,,0,0.0,0,,,,0,,,
prebreak,688475,2026-03-30,S,S,A,C,S,S,A,26.0873,26.54,25.17,1.37,,0,0.0,0.0,,0,0.0,0,0.0,0.0,,0,0.0,0,,,,0,,0.7406,-0.0055907632280727
prebreak,300138,2026-04-01,S,S,A,C,S,S,A,11.7992,12.91,12.27,0.64,,0,0.0,0.0,,0,0.0,0,0.0,0.0,,0,0.0,0,,,,0,,,
prebreak,300541,2026-04-01,S,S,A,C,S,S,A,13.7588,13.88,13.17,0.71,,0,0.0,0.0,,0,0.0,0,0.0,0.0,,0,0.0,0,,,,0,,1.2218,-0.1358399221151019
prebreak,300628,2026-04-01,S,S,A,C,S,S,A,31.77,33.9,32.15,1.75,,0,0.0,0.0,,0,0.0,1,33.9,34.0779,2026-04-15,0,0.0869,1,33.9,34.0779,2026-04-15,0,0.0869,2.1356,0.0264837881296946
prebreak,300999,2026-04-01,S,S,A,C,S,S,A,28.5962,29.15,27.9,1.25,,0,0.0,0.0,,0,0.0,0,0.0,0.0,,0,0.0,0,,,,0,,,
prebreak,301297,2026-04-01,S,S,A,C,S,S,A,33.934,35.94,34.48,1.46,2026-04-24（报告期 2025-12-31 00:00:00）,0,0.0,0.0,,0,0.0,0,0.0,0.0,,0,0.0,1,35.94,40.67,2026-04-23,1,3.219,5.9595,0.0279821137567333
prebreak,600099,2026-04-01,S,S,A,C,S,S,A,11.2474,11.59,10.99,0.6,,0,0.0,0.0,,0,0.0,0,0.0,0.0,,0,0.0,0,,,,0,,0.824,0.0322859474823438
prebreak,001289,2026-04-07,S,S,A,C,S,S,A,15.3001,18.57,17.69,0.88,,0,0.0,0.0,,0,0.0,0,0.0,0.0,,0,0.0,0,,,,0,,1.6167,0.1353645985002651
prebreak,002352,2026-04-07,S,S,A,C,S,S,A,37.3352,38.27,36.82,1.45,,0,0.0,0.0,,0,0.0,0,0.0,0.0,,0,0.0,0,,,,0,,,
prebreak,002847,2026-04-07,S,S,A,C,S,S,A,57.8494,59.89,57.0,2.89,,0,0.0,0.0,,0,0.0,0,0.0,0.0,,0,0.0,0,,,,0,,1.7807,0.0265916880561294
prebreak,002884,2026-04-07,S,S,A,C,S,S,A,16.8967,17.76,17.0,0.76,,0,0.0,0.0,,0,0.0,0,0.0,0.0,,0,0.0,0,,,,0,,1.4275,0.017481992379787
prebreak,301109,2026-04-07,S,S,A,C,S,S,A,14.5337,16.76,16.0,0.76,,0,0.0,0.0,,0,0.0,0,0.0,0.0,,0,0.0,0,,,,0,,,
prebreak,301277,2026-04-07,S,S,A,C,S,S,A,12.0179,12.42,11.89,0.53,,0,0.0,0.0,,0,0.0,0,0.0,0.0,,0,0.0,0,,,,0,,3.604,0.3633369923161362
prebreak,600449,2026-04-07,S,S,A,C,S,S,A,12.157,12.99,12.46,0.53,,0,0.0,0.0,,0,0.0,0,0.0,0.0,,0,0.0,1,12.99,12.99,2026-06-05,1,-0.0186,1.7686,0.0514258825372644
prebreak,600873,2026-04-07,S,S,A,C,S,S,A,10.7231,11.25,10.75,0.5,,0,0.0,0.0,,0,0.0,0,0.0,0.0,,0,0.0,0,,,,0,,,
prebreak,603309,2026-04-07,S,S,A,C,S,S,A,13.9812,15.52,14.73,0.79,,0,0.0,0.0,,0,0.0,0,0.0,0.0,,0,0.0,0,,,,0,,,
prebreak,603819,2026-04-07,S,S,A,C,S,S,A,13.1045,13.03,12.48,0.55,2026-04-29（报告期 2025-12-31 00:00:00）,1,13.03,13.8818,2026-04-14,0,1.5297,1,13.03,14.4199,2026-04-21,0,2.5076,1,13.03,13.8918,2026-05-26,0,1.5479,1.6001,0.0088922111290177
prebreak,603860,2026-04-07,S,S,A,C,S,S,A,30.8996,33.41,32.14,1.27,,0,0.0,0.0,,0,0.0,0,0.0,0.0,,0,0.0,0,,,,0,,,
prebreak,001239,2026-04-08,S,S,A,C,S,S,A,15.37,16.63,15.77,0.86,,0,0.0,0.0,,0,0.0,0,0.0,0.0,,0,0.0,0,,,,0,,,
prebreak,002635,2026-04-08,S,S,A,C,S,S,A,14.1904,15.16,14.41,0.75,,1,15.16,15.7066,2026-04-15,0,0.713,1,15.16,17.2525,2026-04-22,0,2.7729,1,15.16,18.44,2026-05-18,0,4.3552,2.4996,0.0031741217085896
prebreak,002833,2026-04-08,S,S,A,C,S,S,A,17.5528,17.65,16.73,0.92,,1,17.65,17.3589,2026-04-14,0,-0.3308,1,17.65,17.3589,2026-04-14,0,-0.3308,1,17.65,17.3589,2026-04-14,0,-0.3308,1.8945,-0.0188406540777228
prebreak,002933,2026-04-08,S,S,A,C,S,S,A,33.0668,33.65,31.93,1.72,,0,0.0,0.0,,0,0.0,0,0.0,0.0,,0,0.0,0,,,,0,,,
prebreak,300119,2026-04-08,S,S,A,C,S,S,A,18.2199,19.58,18.69,0.89,,0,0.0,0.0,,0,0.0,0,0.0,0.0,,0,0.0,0,,,,0,,,
prebreak,300962,2026-04-08,S,S,A,C,S,S,A,16.7046,16.75,15.86,0.89,,0,0.0,0.0,,0,0.0,0,0.0,0.0,,0,0.0,0,,,,0,,,
prebreak,300966,2026-04-08,S,S,A,C,S,S,A,21.4968,21.6,20.54,1.06,,0,0.0,0.0,,0,0.0,0,0.0,0.0,,0,0.0,0,,,,0,,0.9068,0.0132738324482277
prebreak,301587,2026-04-08,S,S,A,C,S,S,A,25.75,25.44,24.27,1.17,,0,0.0,0.0,,0,0.0,0,0.0,0.0,,0,0.0,0,,,,0,,0.7164,0.0119331742243438
prebreak,600071,2026-04-08,S,S,A,C,S,S,A,20.3,19.11,18.12,0.99,,1,19.11,20.29,2026-04-13,0,1.1765,1,19.11,20.29,2026-04-13,0,1.1765,1,19.11,20.29,2026-04-13,0,1.1765,2.7783,-0.0682593856655291
prebreak,600276,2026-04-08,S,S,A,C,S,S,A,57.2165,56.63,54.19,2.44,,0,0.0,0.0,,0,0.0,0,0.0,0.0,,0,0.0,0,,,,0,,0.9273,0.0184693329239273
prebreak,600992,2026-04-08,S,S,A,C,S,S,A,12.26,13.77,13.17,0.6,,0,0.0,0.0,,0,0.0,0,0.0,0.0,,0,0.0,0,,,,0,,,
prebreak,601083,2026-04-08,S,S,A,C,S,S,A,12.4901,11.84,11.24,0.6,,0,0.0,0.0,,0,0.0,0,0.0,0.0,,0,0.0,0,,,,0,,0.9147,0.0401435726002055
prebreak,603395,2026-04-08,S,S,A,C,S,S,A,28.6372,30.45,28.98,1.47,,0,0.0,0.0,,0,0.0,0,0.0,0.0,,0,0.0,0,,,,0,,,
prebreak,000151,2026-04-10,S,S,A,C,S,S,A,11.91,12.05,11.47,0.58,,0,0.0,0.0,,0,0.0,0,0.0,0.0,,0,0.0,0,,,,0,,0.9879,0.021186440677966
prebreak,000935,2026-04-10,S,S,A,C,S,S,A,26.47,28.79,27.58,1.21,,0,0.0,0.0,,0,0.0,0,0.0,0.0,,0,0.0,0,,,,0,,1.0195,0.2168216398985629
prebreak,002626,2026-04-10,S,S,A,C,S,S,A,17.659,17.52,16.68,0.84,,0,0.0,0.0,,0,0.0,0,0.0,0.0,,0,0.0,0,,,,0,,0.5876,-0.049233705720541
prebreak,002832,2026-04-10,S,S,A,C,S,S,A,16.8283,17.1,16.25,0.85,2026-04-29（报告期 2025-12-31 00:00:00）,1,17.1,17.2053,2026-04-17,0,0.1085,1,17.1,17.4372,2026-04-24,0,0.3812,1,17.1,19.83,2026-06-04,1,3.1945,1.6947,0.0517901968555951
prebreak,300052,2026-04-10,S,S,A,C,S,S,A,12.6,13.34,12.76,0.58,,1,13.34,13.56,2026-04-20,0,0.3616,1,13.34,12.76,2026-04-22,1,-1.0169,1,13.34,12.76,2026-04-22,1,-1.0169,7.3538,0.0183206106870228
prebreak,300470,2026-04-10,S,S,A,C,S,S,A,38.3068,36.18,34.47,1.71,,0,0.0,0.0,,0,0.0,0,0.0,0.0,,0,0.0,0,,,,0,,0.9706,-0.0407403096263532
prebreak,300847,2026-04-10,S,S,A,C,S,S,A,15.6703,15.8,14.99,0.81,,0,0.0,0.0,,0,0.0,0,0.0,0.0,,0,0.0,0,,,,0,,1.1914,-0.0061981271646293
prebreak,300898,2026-04-10,S,S,A,C,S,S,A,22.6857,23.05,21.9,1.15,2026-04-17（报告期 2025-12-31 00:00:00）,1,23.05,23.6585,2026-04-17,0,0.5136,1,23.05,23.1429,2026-04-24,0,0.0655,1,23.05,23.05,2026-05-15,1,-0.0152,2.3139,-0.0312978413889118
prebreak,600007,2026-04-10,S,S,A,C,S,S,A,20.1835,20.54,19.78,0.76,,0,0.0,0.0,,0,0.0,0,0.0,0.0,,0,0.0,0,,,,0,,0.9089,0.0857089134335389
prebreak,600038,2026-04-10,S,S,A,C,S,S,A,33.3728,33.87,32.82,1.05,,0,0.0,0.0,,0,0.0,0,0.0,0.0,,0,0.0,0,,,,0,,0.7788,-0.0303181539380178
prebreak,600323,2026-04-10,S,S,A,C,S,S,A,28.5128,29.63,28.17,1.46,2026-04-24（报告期 2025-12-31 00:00:00）,0,0.0,0.0,,0,0.0,1,29.63,30.4987,2026-04-28,0,0.5792,1,29.63,29.63,2026-05-11,1,-0.0154,3.0961,0.0374107712084947
prebreak,600566,2026-04-10,S,S,A,C,S,S,A,23.4731,25.74,24.44,1.3,,0,0.0,0.0,,0,0.0,0,0.0,0.0,,0,0.0,0,,,,0,,1.4087,0.0469962436863597
prebreak,600793,2026-04-10,S,S,A,C,S,S,A,18.59,18.79,17.94,0.85,,0,0.0,0.0,,0,0.0,0,0.0,0.0,,0,0.0,0,,,,0,,1.0419,-0.0141657922350472
prebreak,603209,2026-04-10,S,S,A,C,S,S,A,14.7034,14.98,14.21,0.77,,1,14.98,14.21,2026-04-14,1,-1.0142,1,14.98,14.21,2026-04-14,1,-1.0142,1,14.98,14.21,2026-04-14,1,-1.0142,1.8424,-0.0110002184014218
prebreak,000025,2026-04-13,S,S,A,C,S,S,A,16.1228,16.17,15.43,0.74,,0,0.0,0.0,,0,0.0,0,0.0,0.0,,0,0.0,0,,,,0,,0.7068,-0.047481189573179
prebreak,000957,2026-04-13,S,S,A,C,S,S,A,11.8163,11.6,11.04,0.56,2026-04-25（报告期 2025-12-31 00:00:00）,1,11.6,12.0052,2026-04-20,0,0.7075,1,11.6,12.3932,2026-04-27,0,1.3997,1,11.6,11.6,2026-05-13,1,-0.0157,2.1914,0.034832956680632
prebreak,001201,2026-04-13,S,S,A,C,S,S,A,12.92,13.71,13.1,0.61,,1,13.71,13.22,2026-04-17,0,-0.8199,1,13.71,13.22,2026-04-17,0,-0.8199,1,13.71,13.22,2026-04-17,0,-0.8199,1.6758,-0.0804828973843058
prebreak,002039,2026-04-13,S,S,A,C,S,S,A,20.3755,18.67,17.73,0.94,,0,0.0,0.0,,0,0.0,0,0.0,0.0,,0,0.0,0,,,,0,,0.8245,0.0145749116621505
prebreak,002078,2026-04-13,S,S,A,C,S,S,A,14.2892,15.3,14.63,0.67,,0,0.0,0.0,,0,0.0,0,0.0,0.0,,0,0.0,0,,,,0,,,
prebreak,002311,2026-04-13,S,S,A,C,S,S,A,46.8356,51.58,49.1,2.48,,0,0.0,0.0,,0,0.0,0,0.0,0.0,,0,0.0,0,,,,0,,,
prebreak,002714,2026-04-13,S,S,A,C,S,S,A,43.6828,51.01,48.36,2.65,,0,0.0,0.0,,0,0.0,0,0.0,0.0,,0,0.0,0,,,,0,,,
prebreak,002823,2026-04-13,S,S,A,C,S,S,A,15.5296,14.83,14.27,0.56,,0,0.0,0.0,,0,0.0,0,0.0,0.0,,0,0.0,0,,,,0,,0.8726,-0.0686875408561302
prebreak,002962,2026-04-13,S,S,A,C,S,S,A,16.4991,13.88,13.23,0.65,2026-04-29（报告期 2025-12-31 00:00:00）,1,13.88,17.9918,2026-04-20,0,6.3056,1,13.88,16.8872,2026-04-27,0,4.6073,1,13.88,17.22,2026-04-23,1,5.119,3.3724,-0.1018648283524611
prebreak,603348,2026-04-13,S,S,A,C,S,S,A,20.54,19.76,18.97,0.79,,0,0.0,0.0,,0,0.0,0,0.0,0.0,,0,0.0,0,,,,0,,0.8002,-0.0134797803295056
prebreak,603529,2026-04-13,S,S,A,C,S,S,A,28.8174,28.8,27.49,1.31,,0,0.0,0.0,,0,0.0,0,0.0,0.0,,0,0.0,0,,,,0,,0.5475,0.0261080054477815
prebreak,603566,2026-04-13,S,S,A,C,S,S,A,12.1415,12.39,11.78,0.61,,0,0.0,0.0,,0,0.0,0,0.0,0.0,,0,0.0,0,,,,0,,0.9112,-0.0474648031014077
prebreak,603995,2026-04-13,S,S,A,C,S,S,A,17.7088,17.41,16.62,0.79,,1,17.41,17.8451,2026-04-20,0,0.5336,1,17.41,19.0036,2026-04-27,0,1.9992,1,17.41,17.41,2026-05-25,1,-0.0167,1.8659,-0.0296745617966924
prebreak,605005,2026-04-13,S,S,A,C,S,S,A,20.59,20.58,19.74,0.84,,1,20.58,21.0937,2026-04-20,0,0.5925,1,20.58,19.74,2026-04-24,1,-1.018,1,20.58,19.74,2026-04-24,1,-1.018,1.5531,0.0583975868384194
prebreak,000099,2026-04-14,S,S,A,C,S,S,A,17.8062,17.4,16.7,0.7,,0,0.0,0.0,,0,0.0,0,0.0,0.0,,0,0.0,0,,,,0,,1.1553,-0.1102454001819657
prebreak,002845,2026-04-14,S,S,A,C,S,S,A,13.8907,14.09,13.44,0.65,,0,0.0,0.0,,0,0.0,0,0.0,0.0,,0,0.0,0,,,,0,,1.0833,-0.0573810168192181
prebreak,002884,2026-04-14,S,S,A,C,S,S,A,17.3697,17.68,16.73,0.95,,1,17.68,17.9563,2026-04-21,0,0.2765,1,17.68,17.3224,2026-04-28,0,-0.3903,1,17.68,17.69,2026-05-12,1,-0.0036,1.7,0.0004272888643639
prebreak,300566,2026-04-14,S,S,A,C,S,S,A,18.3729,18.56,17.69,0.87,,0,0.0,0.0,,0,0.0,0,0.0,0.0,,0,0.0,0,,,,0,,1.1512,-0.0660086182474242
prebreak,300741,2026-04-14,S,S,A,C,S,S,A,16.2483,17.86,17.09,0.77,,1,17.86,17.09,2026-04-16,1,-1.017,1,17.86,17.09,2026-04-16,1,-1.017,1,17.86,17.09,2026-04-16,1,-1.017,4.7511,0.0274672857247799
prebreak,600449,2026-04-14,S,S,A,C,S,S,A,12.6215,12.93,12.26,0.67,,0,0.0,0.0,,0,0.0,0,0.0,0.0,,0,0.0,0,,,,0,,1.0043,-0.0430052926589451
prebreak,600873,2026-04-14,S,S,A,C,S,S,A,10.333,10.9,10.4,0.5,,0,0.0,0.0,,0,0.0,0,0.0,0.0,,0,0.0,0,,,,0,,,
prebreak,603082,2026-04-14,S,S,A,C,S,S,A,36.7912,35.77,34.13,1.64,,0,0.0,0.0,,0,0.0,0,0.0,0.0,,0,0.0,0,,,,0,,1.1215,-0.0156106722042178
prebreak,603309,2026-04-14,S,S,A,C,S,S,A,13.5711,15.52,14.73,0.79,,0,0.0,0.0,,0,0.0,0,0.0,0.0,,0,0.0,0,,,,0,,,
prebreak,000550,2026-04-15,S,S,A,C,S,S,A,17.8753,18.43,17.51,0.92,,1,18.43,18.6286,2026-04-22,0,0.2005,1,18.43,18.4741,2026-04-29,0,0.0326,1,18.43,17.51,2026-05-18,1,-1.0146,1.7407,0.0667616868104392
prebreak,001239,2026-04-15,S,S,A,C,S,S,A,15.45,16.73,15.97,0.76,,0,0.0,0.0,,0,0.0,0,0.0,0.0,,0,0.0,0,,,,0,,,
prebreak,002236,2026-04-15,S,S,A,C,S,S,A,18.4747,16.85,16.17,0.68,2026-04-18（报告期 2025-12-31 00:00:00）,1,16.85,18.4257,2026-04-20,0,2.2969,1,16.85,18.4257,2026-04-20,0,2.2969,1,16.85,18.4257,2026-04-20,0,2.2969,2.8475,-0.0433015887563191
prebreak,002933,2026-04-15,S,S,A,C,S,S,A,32.877,33.56,32.16,1.4,,0,0.0,0.0,,0,0.0,0,0.0,0.0,,0,0.0,0,,,,0,,,
prebreak,300119,2026-04-15,S,S,A,C,S,S,A,18.6012,19.58,18.69,0.89,,0,0.0,0.0,,0,0.0,0,0.0,0.0,,0,0.0,0,,,,0,,,
prebreak,300439,2026-04-15,S,S,A,C,S,S,A,9.9619,10.55,10.03,0.52,2026-04-29（报告期 2025-12-31 00:00:00）,0,0.0,0.0,,0,0.0,0,0.0,0.0,,0,0.0,1,10.55,10.201,2026-05-13,0,-0.6862,1.627,0.064357372976942
prebreak,300504,2026-04-15,S,S,A,C,S,S,A,15.61,15.37,14.6,0.77,,0,0.0,0.0,,0,0.0,0,0.0,0.0,,0,0.0,0,,,,0,,0.6194,-0.0953502060035315
prebreak,301587,2026-04-15,S,S,A,C,S,S,A,26.98,25.44,24.27,1.17,,0,0.0,0.0,,0,0.0,0,0.0,0.0,,0,0.0,0,,,,0,,1.0869,0.013949780789159
prebreak,600992,2026-04-15,S,S,A,C,S,S,A,11.93,12.34,11.83,0.51,,0,0.0,0.0,,0,0.0,1,12.34,12.03,2026-04-29,0,-0.6258,1,12.34,12.03,2026-04-29,0,-0.6258,3.4264,0.0139687756778965
prebreak,601156,2026-04-15,S,S,A,C,S,S,A,16.629,17.1,16.35,0.75,,0,0.0,0.0,,0,0.0,0,0.0,0.0,,0,0.0,0,,,,0,,2.0686,0.0626445405851077
prebreak,603218,2026-04-15,S,S,A,C,S,S,A,13.5505,13.74,13.16,0.58,,0,0.0,0.0,,0,0.0,0,0.0,0.0,,0,0.0,0,,,,0,,0.6745,-0.0550412967950794
prebreak,603258,2026-04-15,S,S,A,C,S,S,A,18.01,18.43,17.57,0.86,,0,0.0,0.0,,0,0.0,0,0.0,0.0,,0,0.0,0,,,,0,,,
prebreak,002262,2026-04-16,S,S,A,C,S,S,A,22.4773,22.61,21.51,1.1,,0,0.0,0.0,,0,0.0,0,0.0,0.0,,0,0.0,0,,,,0,,1.3667,0.1293706293706293
prebreak,301552,2026-04-16,S,S,A,C,S,S,A,31.7555,28.65,27.15,1.5,,1,28.65,32.7093,2026-04-21,0,2.69,1,28.65,32.7093,2026-04-21,0,2.69,1,28.65,32.7093,2026-04-21,0,2.69,2.1584,-0.0338072425211579
prebreak,600031,2026-04-16,S,S,A,C,S,S,A,20.1963,20.98,19.98,1.0,,0,0.0,0.0,,0,0.0,0,0.0,0.0,,0,0.0,1,20.98,19.98,2026-05-18,1,-1.0153,2.8867,0.0153975737455636
prebreak,600764,2026-04-16,S,S,A,C,S,S,A,24.28,24.6,23.75,0.85,,1,24.6,24.42,2026-04-22,0,-0.2336,1,24.6,24.42,2026-04-22,0,-0.2336,1,24.6,24.42,2026-04-22,0,-0.2336,1.6201,-0.0261282660332541
prebreak,601633,2026-04-16,S,S,A,C,S,S,A,20.4597,21.1,20.2,0.9,,0,0.0,0.0,,0,0.0,0,0.0,0.0,,0,0.0,0,,,,0,,,
prebreak,603766,2026-04-16,S,S,A,C,S,S,A,15.2156,14.99,14.26,0.73,,0,0.0,0.0,,0,0.0,0,0.0,0.0,,0,0.0,0,,,,0,,0.5457,0.0482811127496394
prebreak,000829,2026-04-17,S,S,A,C,S,S,A,10.97,10.94,10.37,0.57,2026-04-29（报告期 2025-12-31 00:00:00）,1,10.94,11.9,2026-04-24,0,1.6686,1,10.94,11.79,2026-05-06,0,1.4757,1,10.94,10.94,2026-05-12,1,-0.0146,3.0405,0.0458891013384319
prebreak,000913,2026-04-17,S,S,A,C,S,S,A,14.7243,14.3,13.67,0.63,,0,0.0,0.0,,0,0.0,0,0.0,0.0,,0,0.0,0,,,,0,,0.8494,0.0083139269033074
prebreak,002626,2026-04-17,S,S,A,C,S,S,A,17.5034,18.0,17.31,0.69,,0,0.0,0.0,,0,0.0,0,0.0,0.0,,0,0.0,0,,,,0,,,
prebreak,300181,2026-04-17,S,S,A,C,S,S,A,15.1868,15.73,14.95,0.78,2026-04-27（报告期 2025-12-31 00:00:00）,1,15.73,16.1817,2026-04-24,0,0.5634,1,15.73,14.95,2026-04-28,1,-1.0147,1,15.73,14.95,2026-04-28,1,-1.0147,2.2376,0.0554277377442746
prebreak,300470,2026-04-17,S,S,A,C,S,S,A,36.1033,36.18,34.47,1.71,,0,0.0,0.0,,0,0.0,0,0.0,0.0,,0,0.0,0,,,,0,,0.7537,0.0034929475832365
prebreak,300888,2026-04-17,S,S,A,C,S,S,A,33.1327,33.15,31.91,1.24,,0,0.0,0.0,,0,0.0,0,0.0,0.0,,0,0.0,0,,,,0,,1.473,0.0047243272002803
prebreak,600038,2026-04-17,S,S,A,C,S,S,A,33.7594,34.31,32.99,1.32,,0,0.0,0.0,,0,0.0,0,0.0,0.0,,0,0.0,0,,,,0,,,
prebreak,600056,2026-04-17,S,S,A,C,S,S,A,10.6092,10.2,9.69,0.51,,0,0.0,0.0,,0,0.0,0,0.0,0.0,,0,0.0,0,,,,0,,0.5892,0.0065825496380551
prebreak,600566,2026-04-17,S,S,A,C,S,S,A,23.2582,25.52,24.45,1.07,,0,0.0,0.0,,0,0.0,0,0.0,0.0,,0,0.0,0,,,,0,,1.4087,0.0380475578428867
prebreak,600754,2026-04-17,S,S,A,C,S,S,A,26.4217,27.12,25.82,1.3,,0,0.0,0.0,,0,0.0,0,0.0,0.0,,0,0.0,0,,,,0,,,
prebreak,603519,2026-04-17,S,S,A,C,S,S,A,13.1751,13.53,12.82,0.71,2026-04-18（报告期 2025-12-31 00:00:00）,0,0.0,0.0,,0,0.0,1,13.53,13.6519,2026-05-06,0,0.1572,1,13.53,12.82,2026-05-14,1,-1.0139,1.8448,0.0577180799220273
prebreak,603858,2026-04-17,S,S,A,C,S,S,A,16.4982,16.9,16.05,0.85,,0,0.0,0.0,,0,0.0,0,0.0,0.0,,0,0.0,0,,,,0,,,
prebreak,001201,2026-04-20,S,S,A,C,S,S,A,13.24,13.71,13.1,0.61,,0,0.0,0.0,,0,0.0,0,0.0,0.0,,0,0.0,0,,,,0,,,
prebreak,002039,2026-04-20,S,S,A,C,S,S,A,20.5817,20.75,19.91,0.84,,0,0.0,0.0,,0,0.0,0,0.0,0.0,,0,0.0,0,,,,0,,1.1529,0.1410022641582788
prebreak,002078,2026-04-20,S,S,A,C,S,S,A,13.8758,15.3,14.63,0.67,,0,0.0,0.0,,0,0.0,0,0.0,0.0,,0,0.0,0,,,,0,,,
prebreak,002714,2026-04-20,S,S,A,C,S,S,A,44.8201,46.25,44.61,1.64,,0,0.0,0.0,,0,0.0,0,0.0,0.0,,0,0.0,0,,,,0,,,
prebreak,002823,2026-04-20,S,S,A,C,S,S,A,15.6971,16.04,15.35,0.69,,0,0.0,0.0,,0,0.0,1,16.04,16.0026,2026-05-06,0,-0.0718,1,16.04,16.0026,2026-05-06,0,-0.0718,1.8143,0.1134035706535885
prebreak,300052,2026-04-20,S,S,A,C,S,S,A,13.56,12.85,12.3,0.55,,1,12.85,12.3,2026-04-24,1,-1.0171,1,12.85,12.3,2026-04-24,1,-1.0171,1,12.85,12.3,2026-04-24,1,-1.0171,2.0486,0.0046911649726348
prebreak,300705,2026-04-20,S,S,A,C,S,S,A,13.3925,13.9,13.29,0.61,,0,0.0,0.0,,0,0.0,0,0.0,0.0,,0,0.0,0,,,,0,,,
prebreak,301301,2026-04-20,S,S,A,C,S,S,A,10.0583,10.52,10.02,0.5,,0,0.0,0.0,,0,0.0,0,0.0,0.0,,0,0.0,0,,,,0,,1.4152,-0.0411786517737187
prebreak,600285,2026-04-20,S,S,A,C,S,S,A,20.102,20.65,19.91,0.74,2026-04-28（报告期 2025-12-31 00:00:00）,0,0.0,0.0,,0,0.0,1,20.65,21.242,2026-04-30,0,0.7783,1,20.65,21.242,2026-04-30,0,0.7783,3.9396,-0.0381928272007452
prebreak,603529,2026-04-20,S,S,A,C,S,S,A,28.3205,29.09,27.8,1.29,,0,0.0,0.0,,0,0.0,0,0.0,0.0,,0,0.0,0,,,,0,,,
prebreak,603565,2026-04-20,S,S,A,C,S,S,A,11.5113,11.42,10.9,0.52,,0,0.0,0.0,,0,0.0,0,0.0,0.0,,0,0.0,0,,,,0,,1.0643,0.0942523218009248
prebreak,603995,2026-04-20,S,S,A,C,S,S,A,17.8451,17.41,16.62,0.79,,0,0.0,0.0,,0,0.0,0,0.0,0.0,,0,0.0,0,,,,0,,0.6095,0.0951070316036106
prebreak,688575,2026-04-20,S,S,A,C,S,S,A,14.4679,15.02,14.29,0.73,,0,0.0,0.0,,0,0.0,0,0.0,0.0,,0,0.0,0,,,,0,,,
prebreak,000099,2026-04-21,S,S,A,C,S,S,A,18.1144,17.4,16.7,0.7,,0,0.0,0.0,,0,0.0,0,0.0,0.0,,0,0.0,0,,,,0,,0.9362,0.0058317803690079
prebreak,300928,2026-04-21,S,S,A,C,S,S,A,30.03,29.72,28.57,1.15,,0,0.0,0.0,,0,0.0,0,0.0,0.0,,0,0.0,0,,,,0,,0.6765,-0.0033534540576795
prebreak,600380,2026-04-21,S,S,A,C,S,S,A,10.7054,11.17,10.66,0.51,,0,0.0,0.0,,0,0.0,0,0.0,0.0,,0,0.0,0,,,,0,,,
prebreak,600449,2026-04-21,S,S,A,C,S,S,A,12.5227,12.99,12.38,0.61,,0,0.0,0.0,,0,0.0,1,12.99,13.2343,2026-05-08,0,0.3841,1,12.99,12.99,2026-06-05,1,-0.0162,1.7686,0.0514258825372644
prebreak,600674,2026-04-21,S,S,A,C,S,S,A,14.7044,14.38,13.78,0.6,,0,0.0,0.0,,0,0.0,0,0.0,0.0,,0,0.0,0,,,,0,,0.9561,-0.0379149488791359
prebreak,603136,2026-04-21,S,S,A,C,S,S,A,10.6617,11.36,10.79,0.57,,1,11.36,10.79,2026-04-28,1,-1.0145,1,11.36,10.79,2026-04-28,1,-1.0145,1,11.36,10.79,2026-04-28,1,-1.0145,3.0554,0.0081020693299
prebreak,603299,2026-04-21,S,S,A,C,S,S,A,11.0144,11.1,10.59,0.51,,0,0.0,0.0,,0,0.0,0,0.0,0.0,,0,0.0,0,,,,0,,0.7256,0.0380890611908455
prebreak,002236,2026-04-22,S,S,A,C,S,S,A,18.2592,16.85,16.17,0.68,,0,0.0,0.0,,0,0.0,0,0.0,0.0,,0,0.0,0,,,,0,,0.9932,0.0160329258216997
prebreak,300119,2026-04-22,S,S,A,C,S,S,A,17.9854,18.63,17.83,0.8,,0,0.0,0.0,,0,0.0,0,0.0,0.0,,0,0.0,0,,,,0,,1.3486,0.2152641878669274
prebreak,300411,2026-04-22,S,S,A,C,S,S,A,10.76,11.09,10.57,0.52,,0,0.0,0.0,,0,0.0,0,0.0,0.0,,0,0.0,0,,,,0,,5.1034,0.0663461538461538
prebreak,600976,2026-04-22,S,S,A,C,S,S,A,31.9781,33.8,32.09,1.71,,0,0.0,0.0,,0,0.0,0,0.0,0.0,,0,0.0,0,,,,0,,,
prebreak,601156,2026-04-22,S,S,A,C,S,S,A,16.5235,16.77,16.17,0.6,,0,0.0,0.0,,0,0.0,0,0.0,0.0,,0,0.0,0,,,,0,,1.7693,0.1429454241003467
prebreak,603062,2026-04-22,S,S,A,C,S,S,A,48.5059,50.22,48.02,2.2,,1,50.22,53.2633,2026-04-29,0,1.3651,1,50.22,54.7347,2026-05-11,0,2.0335,1,50.22,50.22,2026-04-28,1,-0.0173,1.9634,0.0219051696216461
prebreak,603218,2026-04-22,S,S,A,C,S,S,A,14.1655,13.96,13.23,0.73,,0,0.0,0.0,,0,0.0,0,0.0,0.0,,0,0.0,0,,,,0,,0.8692,-0.0315901819229175
prebreak,000913,2026-04-24,S,S,A,C,S,S,A,13.0121,14.3,13.67,0.63,,0,0.0,0.0,,0,0.0,0,0.0,0.0,,0,0.0,0,,,,0,,,
prebreak,002626,2026-04-24,S,S,A,C,S,S,A,15.6072,18.0,17.18,0.82,,0,0.0,0.0,,0,0.0,0,0.0,0.0,,0,0.0,0,,,,0,,,
prebreak,300181,2026-04-24,S,S,A,C,S,S,A,16.1817,15.68,15.04,0.64,,0,0.0,0.0,,0,0.0,0,0.0,0.0,,0,0.0,0,,,,0,,,
prebreak,300470,2026-04-24,S,S,A,C,S,S,A,33.2111,36.18,34.47,1.71,,0,0.0,0.0,,0,0.0,0,0.0,0.0,,0,0.0,0,,,,0,,,
prebreak,300888,2026-04-24,S,S,A,C,S,S,A,30.8361,33.15,31.91,1.24,,0,0.0,0.0,,0,0.0,0,0.0,0.0,,0,0.0,0,,,,0,,,
prebreak,600056,2026-04-24,S,S,A,C,S,S,A,10.3415,10.82,10.3,0.52,,0,0.0,0.0,,0,0.0,0,0.0,0.0,,0,0.0,0,,,,0,,,
prebreak,600258,2026-04-24,S,S,A,C,S,S,A,14.5817,14.9,14.2,0.7,,1,14.9,14.437,2026-05-06,0,-0.6771,1,14.9,14.437,2026-05-06,0,-0.6771,1,14.9,14.437,2026-05-06,0,-0.6771,2.6403,0.0313779050218447
prebreak,600845,2026-04-24,S,S,A,C,S,S,A,22.8364,22.98,21.85,1.13,,0,0.0,0.0,,0,0.0,0,0.0,0.0,,0,0.0,0,,,,0,,0.7962,0.0500002887323765
prebreak,600886,2026-04-24,S,S,A,C,S,S,A,12.9135,13.3,12.76,0.54,2026-04-30（报告期 2025-12-31 00:00:00）,1,13.3,13.1936,2026-05-06,0,-0.2157,1,13.3,13.1453,2026-05-07,0,-0.3051,1,13.3,13.1453,2026-05-07,0,-0.3051,2.6461,-0.01711603548472
prebreak,603939,2026-04-24,S,S,A,C,S,S,A,23.5892,24.29,23.16,1.13,,0,0.0,0.0,,0,0.0,0,0.0,0.0,,0,0.0,0,,,,0,,2.3389,0.1377049180327867
prebreak,605296,2026-04-24,S,S,A,C,S,S,A,29.37,31.06,29.46,1.6,,0,0.0,0.0,,0,0.0,0,0.0,0.0,,0,0.0,0,,,,0,,1.4854,0.0747404844290657
prebreak,002039,2026-04-27,S,S,A,C,S,S,A,20.1006,20.75,19.91,0.84,,0,0.0,0.0,,0,0.0,0,0.0,0.0,,0,0.0,0,,,,0,,0.8783,0.1496932498482768
prebreak,002078,2026-04-27,S,S,A,C,S,S,A,14.1809,14.55,13.8,0.75,,1,14.55,14.4466,2026-05-07,0,-0.1525,1,14.55,13.8,2026-05-13,1,-1.0141,1,14.55,13.8,2026-05-13,1,-1.0141,2.0964,-0.0030305770188141
prebreak,002714,2026-04-27,S,S,A,C,S,S,A,41.7938,46.25,43.86,2.39,,0,0.0,0.0,,0,0.0,0,0.0,0.0,,0,0.0,0,,,,0,,,
prebreak,601009,2026-04-27,S,S,A,C,S,S,A,11.4304,11.38,10.83,0.55,,0,0.0,0.0,,0,0.0,0,0.0,0.0,,0,0.0,0,,,,0,,0.8029,0.0264237871006713
prebreak,603187,2026-04-27,S,S,A,C,S,S,A,14.3799,15.02,14.27,0.75,,0,0.0,0.0,,0,0.0,0,0.0,0.0,,0,0.0,0,,,,0,,,
prebreak,603565,2026-04-27,S,S,A,C,S,S,A,10.2702,11.42,10.9,0.52,,0,0.0,0.0,,0,0.0,0,0.0,0.0,,0,0.0,0,,,,0,,,
prebreak,605005,2026-04-27,S,S,A,C,S,S,A,19.9086,21.25,20.22,1.03,,0,0.0,0.0,,0,0.0,0,0.0,0.0,,0,0.0,0,,,,0,,,
prebreak,000099,2026-04-28,S,S,A,C,S,S,A,17.5775,18.09,17.44,0.65,,0,0.0,0.0,,0,0.0,0,0.0,0.0,,0,0.0,0,,,,0,,0.9186,0.1067820502965541
prebreak,300417,2026-04-28,S,S,A,C,S,S,A,13.4091,12.84,12.23,0.61,,0,0.0,0.0,,0,0.0,0,0.0,0.0,,0,0.0,0,,,,0,,1.2993,0.0384502418964951
prebreak,300519,2026-04-28,S,S,A,C,S,S,A,15.7314,15.2,14.49,0.71,,0,0.0,0.0,,0,0.0,0,0.0,0.0,,0,0.0,0,,,,0,,0.9241,0.0089094354995837
prebreak,300800,2026-04-28,S,S,A,C,S,S,A,12.276,12.02,11.52,0.5,,0,0.0,0.0,,0,0.0,0,0.0,0.0,,0,0.0,0,,,,0,,1.3215,0.042292726292318
prebreak,600323,2026-04-28,S,S,A,C,S,S,A,30.4987,28.75,27.51,1.24,,1,28.75,31.112,2026-05-06,0,1.886,1,28.75,31.112,2026-05-06,0,1.886,1,28.75,31.112,2026-05-06,0,1.886,2.2494,-0.0503650914508894
prebreak,600449,2026-04-28,S,S,A,C,S,S,A,12.6907,12.83,12.3,0.53,,1,12.83,13.2343,2026-05-08,0,0.744,1,12.83,14.6477,2026-05-15,0,3.409,1,12.83,12.83,2026-06-05,1,-0.0184,1.7686,0.0384752942996997
prebreak,600639,2026-04-28,S,S,A,C,S,S,A,10.5939,11.09,10.58,0.51,,0,0.0,0.0,,0,0.0,0,0.0,0.0,,0,0.0,0,,,,0,,,
prebreak,600674,2026-04-28,S,S,A,C,S,S,A,14.8885,14.94,14.32,0.62,,0,0.0,0.0,,0,0.0,0,0.0,0.0,,0,0.0,0,,,,0,,0.8451,0.0351299013113262
prebreak,603136,2026-04-28,S,S,A,C,S,S,A,10.554,11.36,10.79,0.57,,0,0.0,0.0,,0,0.0,0,0.0,0.0,,0,0.0,0,,,,0,,,
prebreak,605122,2026-04-28,S,S,A,C,S,S,A,13.84,13.17,12.57,0.6,,0,0.0,0.0,,0,0.0,0,0.0,0.0,,0,0.0,0,,,,0,,1.4741,-0.0045351473922903
prebreak,000049,2026-04-29,S,S,A,C,S,S,A,29.4706,27.82,26.75,1.07,,0,0.0,0.0,,0,0.0,0,0.0,0.0,,0,0.0,0,,,,0,,1.0577,0.0691381187340605
prebreak,000550,2026-04-29,S,S,A,C,S,S,A,18.4741,18.89,18.05,0.84,,0,0.0,0.0,,0,0.0,0,0.0,0.0,,0,0.0,0,,,,0,,,
prebreak,000719,2026-04-29,S,S,A,C,S,S,A,12.8995,13.78,13.11,0.67,,0,0.0,0.0,,0,0.0,0,0.0,0.0,,0,0.0,0,,,,0,,,
prebreak,300119,2026-04-29,S,S,A,C,S,S,A,17.7312,18.34,17.46,0.88,,0,0.0,0.0,,0,0.0,0,0.0,0.0,,0,0.0,0,,,,0,,1.6704,0.160759493670886
prebreak,301318,2026-04-29,S,S,A,C,S,S,A,24.549,27.07,25.94,1.13,,0,0.0,0.0,,0,0.0,0,0.0,0.0,,0,0.0,0,,,,0,,,
prebreak,600750,2026-04-29,S,S,A,C,S,S,A,23.1119,26.75,25.43,1.32,,0,0.0,0.0,,0,0.0,0,0.0,0.0,,0,0.0,0,,,,0,,,
prebreak,003008,2026-04-30,S,S,A,C,S,S,A,22.9095,23.22,22.18,1.04,,0,0.0,0.0,,0,0.0,0,0.0,0.0,,0,0.0,0,,,,0,,1.1464,0.0557825180960736
prebreak,300498,2026-04-30,S,S,A,C,S,S,A,16.1738,17.04,16.17,0.87,,0,0.0,0.0,,0,0.0,0,0.0,0.0,,0,0.0,0,,,,0,,,
prebreak,300583,2026-04-30,S,S,A,C,S,S,A,15.1134,14.43,13.7,0.73,,1,14.43,15.4133,2026-05-12,0,1.3311,1,14.43,14.8735,2026-05-19,0,0.5922,1,14.43,14.43,2026-05-21,1,-0.015,2.1356,-0.0098588040366361
prebreak,300886,2026-04-30,S,S,A,C,S,S,A,29.8793,29.98,28.6,1.38,,0,0.0,0.0,,0,0.0,0,0.0,0.0,,0,0.0,0,,,,0,,1.4376,0.0728659320554077
prebreak,601633,2026-04-30,S,S,A,C,S,S,A,19.4338,19.97,19.27,0.7,,0,0.0,0.0,,0,0.0,0,0.0,0.0,,0,0.0,0,,,,0,,,
prebreak,603768,2026-04-30,S,S,A,C,S,S,A,11.87,11.22,10.72,0.5,,1,11.22,12.03,2026-05-12,0,1.6019,1,11.22,11.91,2026-05-19,0,1.3621,1,11.22,11.22,2026-05-25,1,-0.0171,1.5624,0.0237226277372262
prebreak,688139,2026-04-30,S,S,A,C,S,S,A,31.0162,33.95,32.25,1.7,,0,0.0,0.0,,0,0.0,1,33.95,33.0708,2026-05-19,0,-0.532,1,33.95,33.0708,2026-05-19,0,-0.532,1.677,0.0336865784665383
prebreak,001256,2026-05-06,S,S,A,C,S,S,A,25.0196,24.27,23.08,1.19,,0,0.0,0.0,,0,0.0,0,0.0,0.0,,0,0.0,0,,,,0,,0.9404,0.1819709597024565
prebreak,002626,2026-05-06,S,S,A,C,S,S,A,14.839,18.0,17.18,0.82,,0,0.0,0.0,,0,0.0,0,0.0,0.0,,0,0.0,0,,,,0,,,
prebreak,002946,2026-05-06,S,S,A,C,S,S,A,19.0042,18.24,17.41,0.83,,1,18.24,18.2519,2026-05-11,0,-0.0024,1,18.24,18.2519,2026-05-11,0,-0.0024,1,18.24,18.2519,2026-05-11,0,-0.0024,1.5562,0.0487557217054539
prebreak,300181,2026-05-06,S,S,A,C,S,S,A,14.8454,15.45,14.71,0.74,,0,0.0,0.0,,0,0.0,0,0.0,0.0,,0,0.0,0,,,,0,,,
prebreak,600258,2026-05-06,S,S,A,C,S,S,A,14.437,15.06,14.33,0.73,,0,0.0,0.0,,0,0.0,0,0.0,0.0,,0,0.0,0,,,,0,,,
prebreak,600845,2026-05-06,S,S,A,C,S,S,A,23.7673,23.09,22.14,0.95,,0,0.0,0.0,,0,0.0,0,0.0,0.0,,0,0.0,0,,,,0,,1.0752,0.0367311442876183
prebreak,600876,2026-05-06,S,S,A,C,S,S,A,9.41,10.01,9.48,0.53,,0,0.0,0.0,,0,0.0,1,10.01,9.48,2026-05-15,1,-1.0137,1,10.01,9.48,2026-05-15,1,-1.0137,2.0364,0.0100908173562057
prebreak,603939,2026-05-06,S,S,A,C,S,S,A,22.4141,23.32,22.33,0.99,,1,23.32,22.9135,2026-05-13,0,-0.4282,1,23.32,22.9135,2026-05-13,0,-0.4282,1,23.32,22.9135,2026-05-13,0,-0.4282,2.8606,0.0160032752911165
prebreak,605296,2026-05-06,S,S,A,C,S,S,A,30.17,31.06,29.46,1.6,,0,0.0,0.0,,0,0.0,0,0.0,0.0,,0,0.0,0,,,,0,,1.4854,0.0747404844290657
prebreak,002714,2026-05-07,S,S,A,C,S,S,A,43.5839,46.25,43.86,2.39,,0,0.0,0.0,,0,0.0,0,0.0,0.0,,0,0.0,0,,,,0,,,
prebreak,300052,2026-05-07,S,S,A,C,S,S,A,14.27,12.85,12.3,0.55,,1,12.85,14.82,2026-05-12,0,3.5618,1,12.85,14.82,2026-05-12,0,3.5618,1,12.85,14.82,2026-05-12,0,3.5618,4.1092,0.0954816709292412
prebreak,601009,2026-05-07,S,S,A,C,S,S,A,11.1655,11.62,11.06,0.56,,0,0.0,0.0,,0,0.0,0,0.0,0.0,,0,0.0,0,,,,0,,1.4924,0.0766544319303466
prebreak,603565,2026-05-07,S,S,A,C,S,S,A,10.9738,11.42,10.9,0.52,,0,0.0,0.0,,0,0.0,0,0.0,0.0,,0,0.0,0,,,,0,,,
prebreak,688391,2026-05-07,S,S,A,C,S,S,A,32.1296,31.18,29.73,1.45,,1,31.18,33.0017,2026-05-14,0,1.2392,1,31.18,32.1098,2026-05-21,0,0.6245,1,31.18,31.18,2026-05-29,1,-0.0163,1.8832,0.0931838734215217
prebreak,002736,2026-05-08,S,S,A,C,S,S,A,10.3811,10.78,10.25,0.53,,0,0.0,0.0,,0,0.0,0,0.0,0.0,,0,0.0,0,,,,0,,,
prebreak,300566,2026-05-08,S,S,A,C,S,S,A,20.3382,19.08,18.12,0.96,,1,19.08,19.9809,2026-05-15,0,0.9227,1,19.08,22.919,2026-05-22,0,3.9813,1,19.08,23.19,2026-05-29,1,4.2634,1.8822,0.0486845640862789
prebreak,300800,2026-05-08,S,S,A,C,S,S,A,12.7718,12.02,11.52,0.5,,0,0.0,0.0,,0,0.0,0,0.0,0.0,,0,0.0,0,,,,0,,1.0166,0.0101553672316383
prebreak,300928,2026-05-08,S,S,A,C,S,S,A,36.02,30.52,29.05,1.47,,1,30.52,35.84,2026-05-15,0,3.601,1,30.52,35.5,2026-05-22,0,3.3698,1,30.52,30.52,2026-06-10,1,-0.0158,5.1505,0.0321271559012512
prebreak,603136,2026-05-08,S,S,A,C,S,S,A,10.3386,11.36,10.79,0.57,,0,0.0,0.0,,0,0.0,0,0.0,0.0,,0,0.0,0,,,,0,,,
prebreak,603515,2026-05-08,S,S,A,C,S,S,A,19.7709,19.03,18.07,0.96,,0,0.0,0.0,,0,0.0,0,0.0,0.0,,0,0.0,0,,,,0,,1.3549,0.0231469552132561
prebreak,000550,2026-05-11,S,S,A,C,S,S,A,18.2713,18.88,17.9,0.98,,0,0.0,0.0,,0,0.0,0,0.0,0.0,,0,0.0,0,,,,0,,,
prebreak,000719,2026-05-11,S,S,A,C,S,S,A,13.1822,13.2,12.49,0.71,,0,0.0,0.0,,0,0.0,0,0.0,0.0,,0,0.0,0,,,,0,,0.7363,0.0218025993158492
prebreak,000739,2026-05-13,S,S,A,C,S,S,A,18.03,17.99,17.03,0.96,,0,0.0,0.0,,0,0.0,0,0.0,0.0,,0,0.0,0,,,,0,,1.4897,0.0417691073109363
prebreak,600258,2026-05-13,S,S,A,C,S,S,A,13.7523,15.06,14.33,0.73,,0,0.0,0.0,,0,0.0,0,0.0,0.0,,0,0.0,0,,,,0,,,
prebreak,600817,2026-05-13,S,S,A,C,S,S,A,10.6586,12.43,11.81,0.62,,0,0.0,0.0,,0,0.0,0,0.0,0.0,,0,0.0,0,,,,0,,,
prebreak,600845,2026-05-13,S,S,A,C,S,S,A,23.9455,23.09,22.14,0.95,,0,0.0,0.0,,0,0.0,0,0.0,0.0,,0,0.0,0,,,,0,,1.0924,0.0390411512936066
prebreak,603939,2026-05-13,S,S,A,C,S,S,A,22.9135,23.32,22.33,0.99,,0,0.0,0.0,,0,0.0,0,0.0,0.0,,0,0.0,0,,,,0,,0.7878,0.060334673767755
prebreak,605296,2026-05-13,S,S,A,C,S,S,A,28.7,31.06,29.46,1.6,,1,31.06,29.46,2026-05-18,1,-1.0141,1,31.06,29.46,2026-05-18,1,-1.0141,1,31.06,29.46,2026-05-18,1,-1.0141,2.0806,0.0618803418803417
prebreak,002576,2026-05-15,S,S,A,C,S,S,A,18.8571,19.54,18.62,0.92,,1,19.54,19.5536,2026-05-22,0,-0.0013,1,19.54,18.62,2026-05-28,1,-1.0155,1,19.54,18.62,2026-05-28,1,-1.0155,2.4781,0.0506321812001182
prebreak,300685,2026-05-15,S,S,A,C,S,S,A,19.63,20.4,19.39,1.01,,0,0.0,0.0,,0,0.0,1,20.4,20.41,2026-05-29,0,-0.0055,1,20.4,19.39,2026-06-05,1,-1.0147,3.2263,-0.0612842306007976
prebreak,600323,2026-05-15,S,S,A,C,S,S,A,29.6518,28.75,27.51,1.24,,0,0.0,0.0,,0,0.0,0,0.0,0.0,,0,0.0,0,,,,0,,0.7623,0.0272572402044293
prebreak,000049,2026-05-18,S,S,A,C,S,S,A,26.8834,27.82,26.75,1.07,,0,0.0,0.0,,0,0.0,0,0.0,0.0,,0,0.0,0,,,,0,,,
prebreak,000550,2026-05-18,S,S,A,C,S,S,A,17.4697,18.87,17.9,0.97,,0,0.0,0.0,,0,0.0,0,0.0,0.0,,0,0.0,0,,,,0,,,
prebreak,300357,2026-05-18,S,S,A,C,S,S,A,23.3577,25.95,24.62,1.33,,0,0.0,0.0,,0,0.0,0,0.0,0.0,,0,0.0,0,,,,0,,2.2271,0.2479330688215375
prebreak,688105,2026-05-18,S,S,A,C,S,S,A,15.6189,15.79,14.97,0.82,,0,0.0,0.0,,0,0.0,0,0.0,0.0,,0,0.0,0,,,,0,,1.1299,0.0898429257204891
prebreak,300729,2026-05-19,S,S,A,C,S,S,A,12.2312,12.55,12.03,0.52,,0,0.0,0.0,,0,0.0,0,0.0,0.0,,0,0.0,0,,,,0,,,
prebreak,688267,2026-05-19,S,S,A,C,S,S,A,26.2183,24.66,23.43,1.23,,0,0.0,0.0,,0,0.0,0,0.0,0.0,,0,0.0,0,,,,0,,0.6911,0.0353159408364205
prebreak,600258,2026-05-20,S,S,A,C,S,S,A,12.9808,15.06,14.33,0.73,,0,0.0,0.0,,0,0.0,0,0.0,0.0,,0,0.0,0,,,,0,,,
prebreak,600845,2026-05-20,S,S,A,C,S,S,A,23.91,23.09,22.14,0.95,,1,23.09,22.14,2026-05-25,1,-1.0178,1,23.09,22.14,2026-05-25,1,-1.0178,1,23.09,22.14,2026-05-25,1,-1.0178,1.6185,0.0217389761186912
prebreak,603939,2026-05-20,S,S,A,C,S,S,A,21.3664,23.41,22.31,1.1,,0,0.0,0.0,,0,0.0,0,0.0,0.0,,0,0.0,0,,,,0,,1.3678,0.1309178743961352
prebreak,605296,2026-05-20,S,S,A,C,S,S,A,28.91,31.06,29.46,1.6,,0,0.0,0.0,,0,0.0,0,0.0,0.0,,0,0.0,0,,,,0,,1.3539,0.1854961832061068
prebreak,002576,2026-05-22,S,S,A,C,S,S,A,19.5536,19.3,18.3,1.0,,1,19.3,18.3,2026-05-28,1,-1.014,1,19.3,18.3,2026-05-28,1,-1.014,1,19.3,18.3,2026-05-28,1,-1.014,1.8912,0.0449963616464323
prebreak,300685,2026-05-22,S,S,A,C,S,S,A,18.96,19.84,18.88,0.96,,1,19.84,20.41,2026-05-29,0,0.5777,1,19.84,18.88,2026-06-08,1,-1.0151,1,19.84,18.88,2026-06-08,1,-1.0151,3.2263,-0.0870528987803835
prebreak,603309,2026-05-22,S,S,A,C,S,S,A,13.5711,13.82,13.11,0.71,,0,0.0,0.0,,0,0.0,0,0.0,0.0,,0,0.0,0,,,,0,,,
prebreak,000550,2026-05-25,S,S,A,C,S,S,A,16.5523,18.87,17.9,0.97,,0,0.0,0.0,,0,0.0,0,0.0,0.0,,0,0.0,0,,,,0,,,
prebreak,001286,2026-05-25,S,S,A,C,S,S,A,11.2607,11.65,11.03,0.62,,1,11.65,13.2337,2026-06-01,0,2.5385,1,11.65,11.5398,2026-06-08,0,-0.1919,1,11.65,11.65,2026-06-08,1,-0.0143,1.7353,0.0627280000447982
prebreak,300357,2026-05-25,S,S,A,C,S,S,A,22.6523,24.38,23.13,1.25,,0,0.0,0.0,,0,0.0,0,0.0,0.0,,0,0.0,0,,,,0,,2.0208,0.0758000876808417
prebreak,600071,2026-05-25,S,S,A,C,S,S,A,18.9,20.6,19.57,1.03,,0,0.0,0.0,,0,0.0,0,0.0,0.0,,0,0.0,0,,,,0,,,
prebreak,001279,2026-05-28,S,S,A,C,S,S,A,30.5229,30.91,29.51,1.4,,0,0.0,0.0,,0,0.0,0,0.0,0.0,,0,0.0,0,,,,0,,,
prebreak,002612,2026-05-28,S,S,A,C,S,S,A,13.0,15.81,14.99,0.82,,0,0.0,0.0,,0,0.0,0,0.0,0.0,,0,0.0,0,,,,0,,1.6693,0.4385805277525023
prebreak,002823,2026-05-28,S,S,A,C,S,S,A,17.68,16.79,16.0,0.79,,1,16.79,20.85,2026-06-04,0,5.1199,1,16.79,17.28,2026-06-11,0,0.6037,1,16.79,19.71,2026-06-08,1,3.6777,2.3887,0.0791061919600233
prebreak,300673,2026-05-28,S,S,A,C,S,S,A,15.1646,16.24,15.39,0.85,,0,0.0,0.0,,0,0.0,0,0.0,0.0,,0,0.0,0,,,,0,,,
prebreak,600329,2026-05-28,S,S,A,C,S,S,A,36.598,38.28,36.58,1.7,,0,0.0,0.0,,0,0.0,0,0.0,0.0,,0,0.0,0,,,,0,,1.3583,0.0189510843471685
prebreak,601066,2026-05-28,S,S,A,C,S,S,A,23.1,23.04,21.86,1.18,,1,23.04,25.07,2026-06-04,0,1.7044,1,23.04,24.59,2026-06-11,0,1.2979,1,23.04,26.96,2026-07-16,1,3.3051,3.1426,0.0568807339449539
prebreak,603197,2026-05-28,S,S,A,C,S,S,A,32.696,35.57,33.76,1.81,,0,0.0,0.0,,0,0.0,0,0.0,0.0,,0,0.0,0,,,,0,,,
prebreak,001286,2026-06-01,S,S,A,C,S,S,A,13.2337,11.65,11.03,0.62,,1,11.65,12.1654,2026-06-04,0,0.8165,1,11.65,12.1654,2026-06-04,0,0.8165,1,11.65,12.1654,2026-06-04,0,0.8165,2.4112,0.0258027051279874
prebreak,600276,2026-06-01,S,S,A,C,S,S,A,49.17,54.97,52.37,2.6,,0,0.0,0.0,,0,0.0,0,0.0,0.0,,0,0.0,0,,,,0,,1.4437,0.1646186440677965
prebreak,603194,2026-06-01,S,S,A,C,S,S,A,34.3953,35.86,34.12,1.74,,0,0.0,0.0,,0,0.0,0,0.0,0.0,,0,0.0,0,,,,0,,0.9315,-0.0236480627373945
prebreak,603788,2026-06-01,S,S,A,C,S,S,A,15.6609,16.59,15.81,0.78,,0,0.0,0.0,,0,0.0,0,0.0,0.0,,0,0.0,0,,,,0,,,
prebreak,000739,2026-06-03,S,S,A,C,S,S,A,16.45,16.98,16.27,0.71,,0,0.0,0.0,,0,0.0,0,0.0,0.0,,0,0.0,0,,,,0,,1.316,-0.0156521739130434
prebreak,002946,2026-06-03,S,S,A,C,S,S,A,17.1282,17.88,17.06,0.82,,0,0.0,0.0,,0,0.0,0,0.0,0.0,,0,0.0,0,,,,0,,2.2744,0.2356599861782997
prebreak,301581,2026-06-03,S,S,A,C,S,S,A,50.7529,50.49,48.54,1.95,,0,0.0,0.0,,0,0.0,0,0.0,0.0,,0,0.0,0,,,,0,,1.2977,0.0134527013907661
prebreak,600012,2026-06-03,S,S,A,C,S,S,A,15.6209,15.69,14.92,0.77,,1,15.69,15.5823,2026-06-08,0,-0.1552,1,15.69,15.5823,2026-06-08,0,-0.1552,1,15.69,15.5823,2026-06-08,0,-0.1552,1.6891,0.0504346538054385
prebreak,600055,2026-06-03,S,S,A,C,S,S,A,12.66,14.59,13.89,0.7,,0,0.0,0.0,,0,0.0,0,0.0,0.0,,0,0.0,0,,,,0,,,
prebreak,600566,2026-06-03,S,S,A,C,S,S,A,25.7709,27.39,25.97,1.42,,0,0.0,0.0,,0,0.0,0,0.0,0.0,,0,0.0,0,,,,0,,1.9305,0.1230720689133129
prebreak,603858,2026-06-03,S,S,A,C,S,S,A,14.9956,15.22,14.53,0.69,,0,0.0,0.0,,0,0.0,1,15.22,15.2131,2026-06-17,0,-0.0268,1,15.22,14.53,2026-06-22,1,-1.0161,1.5082,-0.0117473209599968
prebreak,001218,2026-06-05,S,S,A,C,S,S,A,24.1922,28.03,26.66,1.37,,0,0.0,0.0,,0,0.0,0,0.0,0.0,,0,0.0,0,,,,0,,,
prebreak,002576,2026-06-05,S,S,A,C,S,S,A,16.1703,19.3,18.3,1.0,,0,0.0,0.0,,0,0.0,0,0.0,0.0,,0,0.0,0,,,,0,,,
prebreak,600323,2026-06-05,S,S,A,C,S,S,A,29.1164,30.38,28.87,1.51,,0,0.0,0.0,,0,0.0,0,0.0,0.0,,0,0.0,0,,,,0,,2.1692,0.1129841282956691
prebreak,000729,2026-06-09,S,S,A,C,S,S,A,10.9534,12.28,11.66,0.62,,0,0.0,0.0,,0,0.0,0,0.0,0.0,,0,0.0,0,,,,0,,1.6143,0.2149026574483457
prebreak,002007,2026-06-09,S,S,A,C,S,S,A,12.6986,13.4,12.76,0.64,,0,0.0,0.0,,0,0.0,0,0.0,0.0,,0,0.0,0,,,,0,,1.471,0.0395655546935609
prebreak,002249,2026-06-09,S,S,A,C,S,S,A,8.36,10.07,9.55,0.52,,0,0.0,0.0,,0,0.0,0,0.0,0.0,,0,0.0,0,,,,0,,,
prebreak,002955,2026-06-09,S,S,A,C,S,S,A,28.6,25.94,24.62,1.32,,1,25.94,32.79,2026-06-16,0,5.1712,1,25.94,33.9,2026-06-24,0,6.0116,1,25.94,31.8,2026-06-25,1,4.4217,2.6134,0.0468119451170299
prebreak,300298,2026-06-09,S,S,A,C,S,S,A,14.5,15.88,15.07,0.81,,0,0.0,0.0,,0,0.0,0,0.0,0.0,,0,0.0,0,,,,0,,1.8655,0.0966850828729282
prebreak,301303,2026-06-09,S,S,A,C,S,S,A,15.59,14.29,13.54,0.75,,1,14.29,16.23,2026-06-16,0,2.5706,1,14.29,17.46,2026-06-24,0,4.2095,1,14.29,17.28,2026-06-22,1,3.9697,2.1871,-0.0148687821657002
prebreak,600350,2026-06-09,S,S,A,C,S,S,A,11.1607,10.97,10.41,0.56,,0,0.0,0.0,,0,0.0,0,0.0,0.0,,0,0.0,0,,,,0,,1.056,0.0272248022565646
prebreak,600521,2026-06-09,S,S,A,C,S,S,A,14.6369,16.78,15.92,0.86,,0,0.0,0.0,,0,0.0,0,0.0,0.0,,0,0.0,1,16.78,16.35,2026-07-08,0,-0.5145,5.5946,0.1265501526896875
prebreak,600694,2026-06-09,S,S,A,C,S,S,A,14.14,15.23,14.55,0.68,,0,0.0,0.0,,0,0.0,0,0.0,0.0,,0,0.0,0,,,,0,,,
prebreak,601033,2026-06-09,S,S,A,C,S,S,A,13.99,14.7,14.07,0.63,,0,0.0,0.0,,0,0.0,0,0.0,0.0,,0,0.0,0,,,,0,,1.0375,0.0652173913043476
prebreak,600380,2026-06-12,S,S,A,C,S,S,A,9.8158,9.84,9.33,0.51,,0,0.0,0.0,,0,0.0,0,0.0,0.0,,0,0.0,0,,,,0,,1.0387,-0.018068535339334
prebreak,600449,2026-06-12,S,S,A,C,S,S,A,12.9,15.05,14.31,0.74,,0,0.0,0.0,,0,0.0,0,0.0,0.0,,0,0.0,0,,,,0,,3.5387,0.1767005473025802
prebreak,001239,2026-06-15,S,S,A,C,S,S,A,14.11,13.39,12.68,0.71,,1,13.39,14.7,2026-06-23,0,1.8296,1,13.39,13.22,2026-06-30,0,-0.2536,1,13.39,13.39,2026-06-29,1,-0.0143,3.1691,-0.1001344086021505
prebreak,603194,2026-06-15,S,S,A,C,S,S,A,37.95,36.36,34.51,1.85,,0,0.0,0.0,,0,0.0,0,0.0,0.0,,0,0.0,0,,,,0,,1.0225,0.0159450746949911
prebreak,603877,2026-06-15,S,S,A,C,S,S,A,13.26,13.7,13.11,0.59,,0,0.0,0.0,,0,0.0,0,0.0,0.0,,0,0.0,0,,,,0,,1.6165,0.1220311220311218
prebreak,603883,2026-06-15,S,S,A,C,S,S,A,11.8945,11.77,11.23,0.54,,0,0.0,0.0,,0,0.0,0,0.0,0.0,,0,0.0,0,,,,0,,0.976,-0.0613333329354743
prebreak,603886,2026-06-15,S,S,A,C,S,S,A,13.14,11.5,10.96,0.54,,0,0.0,0.0,,0,0.0,0,0.0,0.0,,0,0.0,0,,,,0,,1.285,0.0139860139860139
prebreak,000729,2026-06-16,S,S,A,C,S,S,A,10.7666,12.28,11.66,0.62,,0,0.0,0.0,,0,0.0,0,0.0,0.0,,0,0.0,0,,,,0,,1.6143,0.2149026574483457
prebreak,300298,2026-06-16,S,S,A,C,S,S,A,14.65,15.88,15.07,0.81,,0,0.0,0.0,,0,0.0,0,0.0,0.0,,0,0.0,0,,,,0,,1.8655,0.0966850828729282
prebreak,301303,2026-06-16,S,S,A,C,S,S,A,16.23,14.29,13.54,0.75,,1,14.29,17.57,2026-06-22,0,4.3561,1,14.29,17.57,2026-06-22,0,4.3561,1,14.29,17.57,2026-06-22,0,4.3561,2.9293,0.010390992650564
prebreak,600298,2026-06-16,S,S,A,C,S,S,A,34.73,35.65,33.84,1.81,,1,35.65,35.72,2026-06-24,0,0.0237,1,35.65,36.65,2026-07-01,0,0.5372,1,35.65,41.19,2026-07-30,0,3.0439,2.254,-9.13652279105337e-05
prebreak,600350,2026-06-16,S,S,A,C,S,S,A,10.6504,11.14,10.59,0.55,,0,0.0,0.0,,0,0.0,0,0.0,0.0,,0,0.0,0,,,,0,,0.7126,-0.0044353254513412
prebreak,600521,2026-06-16,S,S,A,C,S,S,A,14.2595,16.78,15.92,0.86,,0,0.0,0.0,,0,0.0,0,0.0,0.0,,0,0.0,1,16.78,16.35,2026-07-08,0,-0.5145,5.5946,0.1265501526896875
prebreak,600694,2026-06-16,S,S,A,C,S,S,A,14.6,15.23,14.55,0.68,,0,0.0,0.0,,0,0.0,0,0.0,0.0,,0,0.0,0,,,,0,,,
prebreak,002727,2026-06-17,S,S,A,C,S,S,A,10.76,11.26,10.7,0.56,,0,0.0,0.0,,0,0.0,0,0.0,0.0,,0,0.0,1,11.26,12.67,2026-08-11,0,2.501,1.7934,0.0464684014869889
prebreak,002946,2026-06-17,S,S,A,C,S,S,A,15.39,16.71,15.83,0.88,,0,0.0,0.0,,0,0.0,0,0.0,0.0,,0,0.0,0,,,,0,,2.3612,0.1893238434163702
prebreak,300181,2026-06-17,S,S,A,C,S,S,A,13.04,13.46,12.96,0.5,,1,13.46,12.96,2026-06-25,1,-1.0198,1,13.46,12.96,2026-06-25,1,-1.0198,1,13.46,12.96,2026-06-25,1,-1.0198,2.9417,-0.0157165528285371
prebreak,301339,2026-06-17,S,S,A,C,S,S,A,11.21,11.54,10.95,0.59,,0,0.0,0.0,,0,0.0,0,0.0,0.0,,0,0.0,0,,,,0,,1.8213,0.1117533718689787
prebreak,600007,2026-06-17,S,S,A,C,S,S,A,17.3609,20.75,19.75,1.0,,0,0.0,0.0,,0,0.0,0,0.0,0.0,,0,0.0,0,,,,0,,,
prebreak,600161,2026-06-17,S,S,A,C,S,S,A,12.2704,13.16,12.56,0.6,,0,0.0,0.0,,0,0.0,0,0.0,0.0,,0,0.0,0,,,,0,,,
prebreak,603858,2026-06-17,S,S,A,C,S,S,A,15.2131,15.22,14.6,0.62,,0,0.0,0.0,,0,0.0,0,0.0,0.0,,0,0.0,0,,,,0,,0.8921,0.0069965166411545
prebreak,603939,2026-06-17,S,S,A,C,S,S,A,19.3688,21.23,20.18,1.05,,0,0.0,0.0,,0,0.0,0,0.0,0.0,,0,0.0,0,,,,0,,1.4747,0.0368600239018499
prebreak,300595,2026-06-18,S,S,A,C,S,S,A,11.02,12.3,11.71,0.59,,0,0.0,0.0,,0,0.0,0,0.0,0.0,,0,0.0,0,,,,0,,,
prebreak,600329,2026-06-18,S,S,A,C,S,S,A,35.6374,36.64,34.71,1.93,,0,0.0,0.0,,0,0.0,0,0.0,0.0,,0,0.0,0,,,,0,,1.4691,-0.0103130032979706
prebreak,600587,2026-06-18,S,S,A,C,S,S,A,11.9387,12.8,12.23,0.57,,0,0.0,0.0,,0,0.0,0,0.0,0.0,,0,0.0,1,12.8,12.23,2026-07-27,1,-1.0164,2.3856,0.0589547779846824
prebreak,601788,2026-06-18,S,S,A,C,S,S,A,14.19,14.44,13.77,0.67,,1,14.44,14.68,2026-06-24,0,0.3416,1,14.44,14.68,2026-06-24,0,0.3416,1,14.44,14.68,2026-06-24,0,0.3416,2.0689,0.0083798882681562
prebreak,601995,2026-06-18,S,S,A,C,S,S,A,33.4,33.05,31.29,1.76,,1,33.05,34.99,2026-06-24,0,1.0873,1,33.05,34.99,2026-06-24,0,1.0873,1,33.05,34.99,2026-06-24,0,1.0873,2.5618,-0.0187054631828978
prebreak,603195,2026-06-18,S,S,A,C,S,S,A,39.35,40.82,38.9,1.92,,0,0.0,0.0,,0,0.0,0,0.0,0.0,,0,0.0,0,,,,0,,1.5037,0.0680272108843538
prebreak,603658,2026-06-18,S,S,A,C,S,S,A,30.49,32.41,30.81,1.6,,0,0.0,0.0,,0,0.0,0,0.0,0.0,,0,0.0,1,32.41,32.42,2026-08-05,1,-0.0091,1.8585,0.0099719538797131
prebreak,688128,2026-06-18,S,S,A,C,S,S,A,26.77,27.5,26.11,1.39,,0,0.0,0.0,,0,0.0,0,0.0,0.0,,0,0.0,0,,,,0,,,
prebreak,300146,2026-06-22,S,S,A,C,S,S,A,10.28,9.82,9.32,0.5,,1,9.82,9.73,2026-06-25,0,-0.1948,1,9.82,9.73,2026-06-25,0,-0.1948,1,9.82,9.73,2026-06-25,0,-0.1948,1.5956,0.0082135523613962
prebreak,001239,2026-06-23,S,S,A,C,S,S,A,14.7,13.39,12.68,0.71,,0,0.0,0.0,,0,0.0,0,0.0,0.0,,0,0.0,0,,,,0,,0.7837,-0.0537102473498233
prebreak,601136,2026-06-23,S,S,A,C,S,S,A,14.75,14.06,13.39,0.67,,0,0.0,0.0,,0,0.0,0,0.0,0.0,,0,0.0,0,,,,0,,1.2897,-0.0724388679996868
prebreak,603049,2026-06-23,S,S,A,C,S,S,A,44.29,45.78,43.72,2.06,,0,0.0,0.0,,0,0.0,1,45.78,48.79,2026-07-07,0,1.4434,1,45.78,48.43,2026-08-11,0,1.2687,1.544,0.0272621440199631
prebreak,603194,2026-06-23,S,S,A,C,S,S,A,36.54,37.97,36.14,1.83,,1,37.97,36.14,2026-06-30,1,-1.0151,1,37.97,36.14,2026-06-30,1,-1.0151,1,37.97,36.14,2026-06-30,1,-1.0151,1.6514,0.1464383761057019
prebreak,002576,2026-06-29,S,S,A,C,S,S,A,13.99,16.5,15.66,0.84,,0,0.0,0.0,,0,0.0,0,0.0,0.0,,0,0.0,0,,,,0,,,
prebreak,300146,2026-06-29,S,S,A,C,S,S,A,9.37,9.82,9.32,0.5,,0,0.0,0.0,,0,0.0,0,0.0,0.0,,0,0.0,1,9.82,10.06,2026-07-17,0,0.4648,2.4634,0.001019367991845
prebreak,601136,2026-06-30,S,S,A,C,S,S,A,13.8841,14.06,13.39,0.67,,1,14.06,14.1827,2026-07-07,0,0.167,1,14.06,13.9637,2026-07-14,0,-0.1596,1,14.06,14.07,2026-07-22,1,-0.001,2.0193,-0.0237210753030566
prebreak,002262,2026-07-01,S,S,A,C,S,S,A,19.57,19.66,18.67,0.99,,0,0.0,0.0,,0,0.0,0,0.0,0.0,,0,0.0,0,,,,0,,1.4626,-0.0130522088353414
prebreak,300298,2026-07-01,S,S,A,C,S,S,A,14.38,15.0,14.25,0.75,,0,0.0,0.0,,0,0.0,0,0.0,0.0,,0,0.0,0,,,,0,,1.2474,0.0026737967914438
prebreak,300999,2026-07-01,S,S,A,C,S,S,A,24.21,26.13,24.8,1.33,,0,0.0,0.0,,0,0.0,0,0.0,0.0,,0,0.0,1,26.13,26.28,2026-08-11,0,0.0978,1.6779,0.0617635107679805
prebreak,600298,2026-07-01,S,S,A,C,S,S,A,36.65,35.65,33.84,1.81,,0,0.0,0.0,,0,0.0,0,0.0,0.0,,0,0.0,0,,,,0,,1.1565,0.023070360210313
prebreak,600690,2026-07-01,S,S,A,C,S,S,A,20.3,21.3,20.28,1.02,,0,0.0,0.0,,0,0.0,0,0.0,0.0,,0,0.0,0,,,,0,,1.1163,0.0395314787701319
prebreak,601963,2026-07-01,S,S,A,C,S,S,A,9.8339,11.96,11.44,0.52,,0,0.0,0.0,,0,0.0,0,0.0,0.0,,0,0.0,0,,,,0,,,
prebreak,000623,2026-07-03,S,S,A,C,S,S,A,18.173,17.19,16.57,0.62,,0,0.0,0.0,,0,0.0,0,0.0,0.0,,0,0.0,0,,,,0,,1.1661,0.0300749335074614
prebreak,002603,2026-07-03,S,S,A,C,S,S,A,15.62,15.13,14.38,0.75,,0,0.0,0.0,,0,0.0,0,0.0,0.0,,0,0.0,0,,,,0,,1.3438,0.0143038102532593
prebreak,600197,2026-07-03,S,S,A,C,S,S,A,10.02,10.3,9.78,0.52,,0,0.0,0.0,,0,0.0,0,0.0,0.0,,0,0.0,0,,,,0,,1.4405,0.0
prebreak,600285,2026-07-03,S,S,A,C,S,S,A,20.73,21.04,20.05,0.99,,0,0.0,0.0,,0,0.0,0,0.0,0.0,,0,0.0,0,,,,0,,1.479,0.0178018575851393
prebreak,600329,2026-07-03,S,S,A,C,S,S,A,37.6434,36.64,34.71,1.93,,0,0.0,0.0,,0,0.0,0,0.0,0.0,,0,0.0,0,,,,0,,1.1962,-0.007535820399062
prebreak,601009,2026-07-03,S,S,A,C,S,S,A,10.43,11.67,11.13,0.54,,0,0.0,0.0,,0,0.0,0,0.0,0.0,,0,0.0,0,,,,0,,1.3195,0.1286266924564796
prebreak,601788,2026-07-03,S,S,A,C,S,S,A,14.94,14.44,13.77,0.67,,1,14.44,14.98,2026-07-10,0,0.7891,1,14.44,14.61,2026-07-17,0,0.2372,1,14.44,14.44,2026-07-24,1,-0.0164,1.6865,0.0441070137382502
prebreak,603368,2026-07-03,S,S,A,C,S,S,A,15.58,16.12,15.4,0.72,,0,0.0,0.0,,0,0.0,1,16.12,15.63,2026-07-17,0,-0.6971,1,16.12,15.71,2026-07-20,0,-0.5861,1.9332,0.0359897172236505
prebreak,603658,2026-07-03,S,S,A,C,S,S,A,31.02,32.25,30.74,1.51,,0,0.0,0.0,,0,0.0,1,32.25,32.23,2026-07-17,0,-0.0295,1,32.25,32.26,2026-08-06,1,-0.0096,1.8585,0.0049859769398565
prebreak,002576,2026-07-06,S,S,A,C,S,S,A,14.92,16.5,15.66,0.84,,0,0.0,0.0,,0,0.0,0,0.0,0.0,,0,0.0,0,,,,0,,,
prebreak,000429,2026-07-08,S,S,A,C,S,S,A,14.1193,13.46,12.74,0.72,,1,13.46,12.8819,2026-07-13,0,-0.8166,1,13.46,12.8819,2026-07-13,0,-0.8166,1,13.46,12.8819,2026-07-13,0,-0.8166,1.6175,0.0044871338356251
prebreak,002262,2026-07-08,S,S,A,C,S,S,A,19.62,19.66,18.67,0.99,,0,0.0,0.0,,0,0.0,0,0.0,0.0,,0,0.0,0,,,,0,,0.8004,0.0175983436853002
prebreak,300999,2026-07-08,S,S,A,C,S,S,A,24.27,24.93,23.89,1.04,,0,0.0,0.0,,0,0.0,0,0.0,0.0,,0,0.0,0,,,,0,,1.2739,-0.0099285146942017
prebreak,600690,2026-07-08,S,S,A,C,S,S,A,20.29,20.79,20.06,0.73,,1,20.79,21.02,2026-07-15,0,0.2932,1,20.79,21.92,2026-07-22,0,1.5253,1,20.79,22.0,2026-08-11,0,1.6348,1.7025,0.0033783783783782
prebreak,603855,2026-07-08,S,S,A,C,S,S,A,16.78,17.07,16.32,0.75,,0,0.0,0.0,,0,0.0,0,0.0,0.0,,0,0.0,0,,,,0,,,
prebreak,002232,2026-07-09,S,S,A,C,S,S,A,14.22,15.42,14.62,0.8,,0,0.0,0.0,,0,0.0,0,0.0,0.0,,0,0.0,0,,,,0,,,
prebreak,002727,2026-07-09,S,S,A,C,S,S,A,10.05,10.54,9.99,0.55,,1,10.54,11.53,2026-07-16,0,1.7843,1,10.54,11.3,2026-07-23,0,1.3664,1,10.54,12.67,2026-08-11,0,3.8557,1.9251,-0.0614425645592164
prebreak,002946,2026-07-09,S,S,A,C,S,S,A,14.03,16.71,15.83,0.88,,0,0.0,0.0,,0,0.0,0,0.0,0.0,,0,0.0,1,16.71,16.71,2026-08-06,1,-0.0144,2.3612,0.1893238434163702
prebreak,300181,2026-07-09,S,S,A,C,S,S,A,13.32,13.46,12.96,0.5,,0,0.0,0.0,,0,0.0,0,0.0,0.0,,0,0.0,0,,,,0,,0.9757,0.0290519877675841
prebreak,600886,2026-07-09,S,S,A,C,S,S,A,13.2612,13.34,12.79,0.55,,0,0.0,0.0,,0,0.0,0,0.0,0.0,,0,0.0,0,,,,0,,1.1881,-0.0155653249281079
prebreak,601881,2026-07-09,S,S,A,C,S,S,A,12.9621,12.05,11.52,0.53,,0,0.0,0.0,,0,0.0,0,0.0,0.0,,0,0.0,0,,,,0,,0.7287,0.0252424063015836
prebreak,603519,2026-07-09,S,S,A,C,S,S,A,14.55,11.84,11.3,0.54,,0,0.0,0.0,,0,0.0,0,0.0,0.0,,0,0.0,0,,,,0,,0.9899,0.0211469534050179
prebreak,603858,2026-07-09,S,S,A,C,S,S,A,15.4306,15.43,14.75,0.68,,0,0.0,0.0,,0,0.0,0,0.0,0.0,,0,0.0,0,,,,0,,1.4053,0.0779985220885999
prebreak,002603,2026-07-10,S,S,A,C,S,S,A,15.51,15.47,14.75,0.72,,1,15.47,16.5,2026-07-17,0,1.4133,1,15.47,16.4,2026-07-24,0,1.2745,1,15.47,16.87,2026-08-11,0,1.9269,3.5575,0.0166324746199855
prebreak,600285,2026-07-10,S,S,A,C,S,S,A,21.72,21.04,20.05,0.99,,1,21.04,22.4,2026-07-17,0,1.3567,1,21.04,21.91,2026-07-24,0,0.8621,1,21.04,22.55,2026-08-11,0,1.5081,2.5992,0.0100816130580894
prebreak,600329,2026-07-10,S,S,A,C,S,S,A,37.05,38.09,36.53,1.56,,0,0.0,0.0,,0,0.0,0,0.0,0.0,,0,0.0,0,,,,0,,1.4534,0.0559847386462808
prebreak,600739,2026-07-10,S,S,A,C,S,S,A,9.9606,10.2,9.68,0.52,,1,10.2,10.3946,2026-07-17,0,0.359,1,10.2,10.3946,2026-07-17,0,0.359,1,10.2,10.3946,2026-07-17,0,0.359,2.3905,-0.0035911483047192
prebreak,601838,2026-07-10,S,S,A,C,S,S,A,18.079,18.2,17.25,0.95,,0,0.0,0.0,,0,0.0,0,0.0,0.0,,0,0.0,0,,,,0,,1.2148,-0.0469773733385544
prebreak,603658,2026-07-10,S,S,A,C,S,S,A,30.78,31.42,29.98,1.44,,1,31.42,32.23,2026-07-17,0,0.5456,1,31.42,31.46,2026-07-24,0,0.0112,1,31.42,31.42,2026-07-24,1,-0.0166,1.8585,-0.0208787784356497
prebreak,600621,2026-07-14,S,S,A,C,S,S,A,13.7628,13.41,12.8,0.61,,0,0.0,0.0,,0,0.0,0,0.0,0.0,,0,0.0,0,,,,0,,1.4081,0.0466001103004365
prebreak,603049,2026-07-14,S,S,A,C,S,S,A,47.43,49.23,46.81,2.42,,0,0.0,0.0,,0,0.0,0,0.0,0.0,,0,0.0,0,,,,0,,1.3036,0.1115375931361479
prebreak,603194,2026-07-14,S,S,A,C,S,S,A,33.6,34.12,32.51,1.61,,0,0.0,0.0,,0,0.0,0,0.0,0.0,,0,0.0,0,,,,0,,0.6575,-0.0830421929588821
prebreak,603883,2026-07-14,S,S,A,C,S,S,A,11.94,11.77,11.21,0.56,,1,11.77,12.3,2026-07-21,0,0.9299,1,11.77,12.32,2026-07-28,0,0.9656,1,11.77,14.01,2026-08-11,0,3.9815,2.4812,0.0085757326450635
prebreak,000429,2026-07-15,S,S,A,C,S,S,A,13.3903,13.46,12.74,0.72,,0,0.0,0.0,,0,0.0,0,0.0,0.0,,0,0.0,0,,,,0,,1.0481,0.0487806621587207
prebreak,002007,2026-07-15,S,S,A,C,S,S,A,13.32,13.05,12.4,0.65,,1,13.05,13.19,2026-07-22,0,0.2,1,13.05,13.26,2026-07-29,0,0.3076,1,13.05,13.37,2026-08-11,0,0.4767,1.8146,0.0171473109898674
prebreak,300999,2026-07-15,S,S,A,C,S,S,A,25.29,24.82,23.72,1.1,,0,0.0,0.0,,0,0.0,0,0.0,0.0,,0,0.0,0,,,,0,,1.2715,0.0052652895909275
prebreak,600690,2026-07-15,S,S,A,C,S,S,A,21.02,20.49,19.62,0.87,,0,0.0,0.0,,0,0.0,0,0.0,0.0,,0,0.0,0,,,,0,,1.1163,0.0
prebreak,601033,2026-07-15,S,S,A,C,S,S,A,14.03,14.11,13.52,0.59,,0,0.0,0.0,,0,0.0,0,0.0,0.0,,0,0.0,0,,,,0,,0.846,0.0092989985693847
prebreak,301267,2026-07-16,S,S,A,C,S,S,A,16.91,15.28,14.47,0.81,,0,0.0,0.0,,0,0.0,0,0.0,0.0,,0,0.0,0,,,,0,,1.3859,-0.0448204666142577
prebreak,601881,2026-07-16,S,S,A,C,S,S,A,12.9,13.21,12.53,0.68,,0,0.0,0.0,,0,0.0,0,0.0,0.0,,0,0.0,0,,,,0,,,
prebreak,603858,2026-07-16,S,S,A,C,S,S,A,15.9841,15.43,14.75,0.68,,0,0.0,0.0,,0,0.0,0,0.0,0.0,,0,0.0,0,,,,0,,1.4522,0.0215588088902438
prebreak,002415,2026-07-20,S,S,A,C,S,S,A,34.28,32.97,31.3,1.67,,0,0.0,0.0,,0,0.0,0,0.0,0.0,,0,0.0,0,,,,0,,1.2911,0.049665711556829
prebreak,002736,2026-07-20,S,S,A,C,S,S,A,10.31,10.44,9.89,0.55,,0,0.0,0.0,,0,0.0,0,0.0,0.0,,0,0.0,0,,,,0,,0.9748,0.0126091173617846
prebreak,600030,2026-07-20,S,S,A,C,S,S,A,28.28,28.89,27.35,1.54,,0,0.0,0.0,,0,0.0,0,0.0,0.0,,0,0.0,0,,,,0,,,
prebreak,002236,2026-07-21,S,S,A,C,S,S,A,16.51,17.03,16.15,0.88,,0,0.0,0.0,,0,0.0,0,0.0,0.0,,0,0.0,0,,,,0,,1.2652,0.064375
prebreak,600479,2026-07-21,S,S,A,C,S,S,A,9.72,9.86,9.33,0.53,,0,0.0,0.0,,0,0.0,0,0.0,0.0,,0,0.0,0,,,,0,,0.6779,0.0154479917610708
prebreak,603194,2026-07-21,S,S,A,C,S,S,A,33.92,34.24,32.53,1.71,,0,0.0,0.0,,0,0.0,0,0.0,0.0,,0,0.0,0,,,,0,,0.9534,-0.0194730813287514
prebreak,600886,2026-07-23,S,S,A,C,S,S,A,14.6037,13.35,12.79,0.56,,0,0.0,0.0,,0,0.0,0,0.0,0.0,,0,0.0,0,,,,0,,1.315,0.0583439531668099
prebreak,601881,2026-07-23,S,S,A,C,S,S,A,12.86,13.05,12.54,0.51,,0,0.0,0.0,,0,0.0,0,0.0,0.0,,0,0.0,0,,,,0,,,
prebreak,603858,2026-07-23,S,S,A,C,S,S,A,15.6184,15.43,14.75,0.68,,0,0.0,0.0,,0,0.0,0,0.0,0.0,,0,0.0,0,,,,0,,0.6431,0.0862504244845461
prebreak,000999,2026-07-27,S,S,A,C,S,S,A,24.99,24.47,23.26,1.21,,0,0.0,0.0,,0,0.0,0,0.0,0.0,,0,0.0,0,,,,0,,0.5327,0.0880391285015562
prebreak,002736,2026-07-27,S,S,A,C,S,S,A,10.13,10.47,9.93,0.54,,0,0.0,0.0,,0,0.0,0,0.0,0.0,,0,0.0,0,,,,0,,,
prebreak,600030,2026-07-27,S,S,A,C,S,S,A,28.26,28.78,27.71,1.07,,0,0.0,0.0,,0,0.0,0,0.0,0.0,,0,0.0,0,,,,0,,1.0386,-0.0058721934369602
prebreak,600380,2026-07-27,S,S,A,C,S,S,A,10.17,10.72,10.22,0.5,,0,0.0,0.0,,0,0.0,0,0.0,0.0,,0,0.0,0,,,,0,,,
prebreak,601163,2026-07-27,S,S,A,C,S,S,A,12.62,12.89,12.33,0.56,,0,0.0,0.0,,0,0.0,0,0.0,0.0,,0,0.0,0,,,,0,,1.245,0.035216829233917
prebreak,600479,2026-07-28,S,S,A,C,S,S,A,9.57,9.86,9.33,0.53,,0,0.0,0.0,,0,0.0,0,0.0,0.0,,0,0.0,0,,,,0,,0.6779,0.0154479917610708
prebreak,601156,2026-07-28,S,S,A,C,S,S,A,17.03,16.48,15.68,0.8,,0,0.0,0.0,,0,0.0,0,0.0,0.0,,0,0.0,0,,,,0,,0.7579,-0.0083863278566442
prebreak,000429,2026-07-29,S,S,A,C,S,S,A,14.1001,13.46,12.74,0.72,,1,13.46,13.6205,2026-08-05,0,0.2085,1,13.46,13.29,2026-08-11,0,-0.2502,1,13.46,13.46,2026-08-10,1,-0.0142,1.5044,0.0161249282899118
prebreak,002007,2026-07-29,S,S,A,C,S,S,A,13.26,13.31,12.62,0.69,,0,0.0,0.0,,0,0.0,0,0.0,0.0,,0,0.0,0,,,,0,,1.0422,0.044740973312402
prebreak,300999,2026-07-29,S,S,A,C,S,S,A,26.27,26.45,25.45,1.0,,0,0.0,0.0,,0,0.0,0,0.0,0.0,,0,0.0,0,,,,0,,1.326,0.0997920997920998
prebreak,002727,2026-07-30,S,S,A,C,S,S,A,11.68,10.54,9.99,0.55,,0,0.0,0.0,,0,0.0,0,0.0,0.0,,0,0.0,0,,,,0,,0.9211,0.0173745173745174
prebreak,301267,2026-07-30,S,S,A,C,S,S,A,16.58,15.28,14.47,0.81,,0,0.0,0.0,,0,0.0,0,0.0,0.0,,0,0.0,0,,,,0,,0.88,0.0092470277410832
prebreak,600887,2026-07-30,S,S,A,C,S,S,A,27.69,25.42,24.33,1.09,,0,0.0,0.0,,0,0.0,0,0.0,0.0,,0,0.0,0,,,,0,,1.1213,0.0333333333333334
prebreak,601881,2026-07-30,S,S,A,C,S,S,A,12.57,12.86,12.26,0.6,,0,0.0,0.0,,0,0.0,0,0.0,0.0,,0,0.0,0,,,,0,,,
prebreak,603170,2026-07-30,S,S,A,C,S,S,A,13.33,12.09,11.49,0.6,,1,12.09,13.01,2026-08-06,0,1.5171,1,12.09,13.25,2026-08-11,0,1.9168,1,12.09,13.25,2026-08-11,0,1.9168,2.4562,0.0228426395939085
prebreak,603858,2026-07-30,S,S,A,C,S,S,A,15.4405,15.89,15.17,0.72,,0,0.0,0.0,,0,0.0,0,0.0,0.0,,0,0.0,0,,,,0,,1.2574,0.037751287082562
prebreak,000623,2026-07-31,S,S,A,C,S,S,A,18.37,18.49,17.57,0.92,,0,0.0,0.0,,0,0.0,0,0.0,0.0,,0,0.0,0,,,,0,,0.9504,0.0565714285714284
prebreak,002032,2026-07-31,S,S,A,C,S,S,A,43.59,43.99,42.12,1.87,,0,0.0,0.0,,0,0.0,0,0.0,0.0,,0,0.0,0,,,,0,,1.3423,0.0206496519721577
prebreak,002351,2026-07-31,S,S,A,C,S,S,A,10.4,10.21,9.69,0.52,,0,0.0,0.0,,0,0.0,0,0.0,0.0,,0,0.0,0,,,,0,,0.8904,0.0990312163616793
prebreak,002603,2026-07-31,S,S,A,C,S,S,A,16.89,17.01,16.18,0.83,,0,0.0,0.0,,0,0.0,0,0.0,0.0,,0,0.0,0,,,,0,,0.647,0.0765822784810126
prebreak,600009,2026-07-31,S,S,A,C,S,S,A,24.68,24.58,23.57,1.01,,0,0.0,0.0,,0,0.0,0,0.0,0.0,,0,0.0,0,,,,0,,1.2136,0.0572043010752687
prebreak,600285,2026-07-31,S,S,A,C,S,S,A,23.0,22.79,21.81,0.98,,0,0.0,0.0,,0,0.0,0,0.0,0.0,,0,0.0,0,,,,0,,0.8163,0.0694509619896761
prebreak,600587,2026-07-31,S,S,A,C,S,S,A,12.98,12.56,11.93,0.63,,0,0.0,0.0,,0,0.0,0,0.0,0.0,,0,0.0,0,,,,0,,0.6047,0.0120870265914585
prebreak,600861,2026-07-31,S,S,A,C,S,S,A,13.76,12.84,12.32,0.52,,0,0.0,0.0,,0,0.0,0,0.0,0.0,,0,0.0,0,,,,0,,1.1209,-0.0038789759503491
prebreak,600993,2026-07-31,S,S,A,C,S,S,A,24.2995,23.42,22.35,1.07,,0,0.0,0.0,,0,0.0,0,0.0,0.0,,0,0.0,0,,,,0,,0.6769,0.0412438583860661
prebreak,601788,2026-07-31,S,S,A,C,S,S,A,14.8,14.88,14.29,0.59,,0,0.0,0.0,,0,0.0,0,0.0,0.0,,0,0.0,0,,,,0,,0.6961,-0.0350194552529182
prebreak,603043,2026-07-31,S,S,A,C,S,S,A,14.17,13.63,12.94,0.69,,0,0.0,0.0,,0,0.0,0,0.0,0.0,,0,0.0,0,,,,0,,0.8466,0.003681885125184
prebreak,603288,2026-07-31,S,S,A,C,S,S,A,38.44,37.17,35.59,1.58,,0,0.0,0.0,,0,0.0,0,0.0,0.0,,0,0.0,0,,,,0,,0.9838,0.0817811408614668
prebreak,603368,2026-07-31,S,S,A,C,S,S,A,15.77,15.7,14.93,0.77,,0,0.0,0.0,,0,0.0,0,0.0,0.0,,0,0.0,0,,,,0,,0.6657,0.0051216389244559
prebreak,000028,2026-08-04,S,S,A,C,S,S,A,20.83,21.35,20.25,1.1,,1,21.35,20.65,2026-08-11,0,-0.6507,1,21.35,20.65,2026-08-11,0,-0.6507,1,21.35,20.65,2026-08-11,0,-0.6507,2.7825,0.0279248916706789
prebreak,000513,2026-08-04,S,S,A,C,S,S,A,30.82,31.46,30.31,1.15,,0,0.0,0.0,,0,0.0,0,0.0,0.0,,0,0.0,0,,,,0,,,
prebreak,002236,2026-08-04,S,S,A,C,S,S,A,17.13,16.82,16.08,0.74,,0,0.0,0.0,,0,0.0,0,0.0,0.0,,0,0.0,0,,,,0,,1.1492,-0.0082547169811321
prebreak,000429,2026-08-05,S,S,A,C,S,S,A,13.6205,13.45,12.78,0.67,,0,0.0,0.0,,0,0.0,0,0.0,0.0,,0,0.0,0,,,,0,,0.8838,0.0102492642451403
prebreak,002007,2026-08-05,S,S,A,C,S,S,A,13.3,13.81,13.19,0.62,,0,0.0,0.0,,0,0.0,0,0.0,0.0,,0,0.0,0,,,,0,,,
prebreak,000063,2026-08-06,S,S,A,C,S,S,A,34.7,35.05,33.31,1.74,,0,0.0,0.0,,0,0.0,0,0.0,0.0,,0,0.0,0,,,,0,,0.6694,-0.1246362122401626
prebreak,300470,2026-08-06,S,S,A,C,S,S,A,29.44,29.99,28.48,1.51,,0,0.0,0.0,,0,0.0,0,0.0,0.0,,0,0.0,0,,,,0,,,
prebreak,600315,2026-08-06,S,S,A,C,S,S,A,17.29,18.12,17.19,0.93,,0,0.0,0.0,,0,0.0,0,0.0,0.0,,0,0.0,0,,,,0,,1.2819,0.0343677505526178
prebreak,600887,2026-08-06,S,S,A,C,S,S,A,26.32,25.42,24.33,1.09,,0,0.0,0.0,,0,0.0,0,0.0,0.0,,0,0.0,0,,,,0,,0.6102,0.0217041800643087
prebreak,603858,2026-08-06,S,S,A,C,S,S,A,15.43,15.9,15.29,0.61,,0,0.0,0.0,,0,0.0,0,0.0,0.0,,0,0.0,0,,,,0,,1.2574,0.0384043715929978
prebreak,000885,2026-08-07,S,S,A,C,S,S,A,12.86,13.33,12.69,0.64,,0,0.0,0.0,,0,0.0,0,0.0,0.0,,0,0.0,0,,,,0,,,
prebreak,001308,2026-08-07,S,S,A,C,S,S,A,19.15,17.37,16.55,0.82,,0,0.0,0.0,,0,0.0,0,0.0,0.0,,0,0.0,0,,,,0,,0.6719,-0.0263452914798205
prebreak,600285,2026-08-07,S,S,A,C,S,S,A,22.24,22.79,21.81,0.98,,0,0.0,0.0,,0,0.0,0,0.0,0.0,,0,0.0,0,,,,0,,1.088,0.0039647577092511
prebreak,600587,2026-08-07,S,S,A,C,S,S,A,12.79,13.22,12.65,0.57,,0,0.0,0.0,,0,0.0,0,0.0,0.0,,0,0.0,0,,,,0,,,
prebreak,600900,2026-08-07,S,S,A,C,S,S,A,27.75,29.63,28.12,1.51,,0,0.0,0.0,,0,0.0,0,0.0,0.0,,0,0.0,0,,,,0,,,
prebreak,600993,2026-08-07,S,S,A,C,S,S,A,23.46,23.42,22.35,1.07,,0,0.0,0.0,,0,0.0,0,0.0,0.0,,0,0.0,0,,,,0,,0.8913,0.0014455887676538
prebreak,603368,2026-08-07,S,S,A,C,S,S,A,15.63,15.93,15.25,0.68,,0,0.0,0.0,,0,0.0,0,0.0,0.0,,0,0.0,0,,,,0,,1.3812,0.0159438775510203
prebreak,603658,2026-08-07,S,S,A,C,S,S,A,32.43,33.53,32.05,1.48,,0,0.0,0.0,,0,0.0,0,0.0,0.0,,0,0.0,0,,,,0,,,
prebreak,000895,2026-08-10,S,S,A,C,S,S,A,24.95,23.82,22.56,1.26,,0,0.0,0.0,,0,0.0,0,0.0,0.0,,0,0.0,0,,,,0,,0.7764,0.014480408858603
prebreak,600196,2026-08-10,S,S,A,C,S,S,A,24.12,23.81,22.59,1.22,,1,23.81,24.33,2026-08-11,0,0.4111,1,23.81,24.33,2026-08-11,0,0.4111,1,23.81,24.33,2026-08-11,0,0.4111,1.605,0.0073505978176908
prebreak,601939,2026-08-10,S,S,A,C,S,S,A,10.13,10.36,9.83,0.53,,0,0.0,0.0,,0,0.0,0,0.0,0.0,,0,0.0,0,,,,0,,,
prebreak,000513,2026-08-11,S,S,A,C,S,S,A,30.75,31.33,29.85,1.48,,1,30.75,30.75,2026-08-11,0,0.0,1,30.75,30.75,2026-08-11,0,0.0,0,,,,0,,,
prebreak,000550,2026-08-11,S,S,A,C,S,S,A,16.39,17.23,16.52,0.71,,1,16.39,16.39,2026-08-11,0,0.0,1,16.39,16.39,2026-08-11,0,0.0,0,,,,0,,,
prebreak,002287,2026-08-11,S,S,A,C,S,S,A,20.68,21.22,20.22,1.0,,1,20.68,20.68,2026-08-11,0,0.0,1,20.68,20.68,2026-08-11,0,0.0,0,,,,0,,,
prebreak,600211,2026-08-11,S,S,A,C,S,S,A,39.25,39.68,37.72,1.96,,1,39.25,39.25,2026-08-11,0,0.0,1,39.25,39.25,2026-08-11,0,0.0,0,,,,0,,,
prebreak,601136,2026-08-11,S,S,A,C,S,S,A,14.49,15.02,14.45,0.57,,1,14.49,14.49,2026-08-11,0,0.0,1,14.49,14.49,2026-08-11,0,0.0,0,,,,0,,,
