mode,code,date,grade,PT,TY,DN,DL,LK,SF,close,trigger,stop,risk,prbook_warn,triggered_5d,entry_5d,exit_5d,exit_date_5d,stopped_5d,r_5d,triggered_10d,entry_10d,exit_10d,exit_date_10d,stopped_10d,r_10d,triggered_20d,entry_20d,exit_20d,exit_date_20d,stopped_20d,r_20d
prebreak,600727,2000-05-17,S,S,A,C,S,S,A,13.8919,13.21,12.57,0.64,,0,0.0,0.0,,0,0.0,0,0.0,0.0,,0,0.0,0,0.0,0.0,,0,0.0
prebreak,000682,2000-12-01,S,S,A,C,S,S,A,15.7715,14.17,13.57,0.6,,0,0.0,0.0,,0,0.0,0,0.0,0.0,,0,0.0,0,0.0,0.0,,0,0.0
prebreak,600076,2001-01-16,S,S,A,C,S,S,A,11.3986,11.85,11.24,0.61,,0,0.0,0.0,,0,0.0,0,0.0,0.0,,0,0.0,0,0.0,0.0,,0,0.0
prebreak,600207,2001-03-28,S,S,A,C,S,S,A,16.8095,16.86,16.12,0.74,,1,16.86,16.4525,2001-04-04,0,-0.5676,1,16.86,16.12,2001-04-06,1,-1.0167,1,16.86,16.12,2001-04-06,1,-1.0167
prebreak,600062,2009-09-01,S,S,A,C,S,S,A,10.8453,11.2,10.62,0.58,,0,0.0,0.0,,0,0.0,0,0.0,0.0,,0,0.0,0,0.0,0.0,,0,0.0
prebreak,600486,2009-11-19,S,S,A,C,S,S,A,10.7133,10.12,9.6,0.52,,0,0.0,0.0,,0,0.0,0,0.0,0.0,,0,0.0,0,0.0,0.0,,0,0.0
prebreak,600600,2009-12-10,S,S,A,C,S,S,A,27.737,28.67,27.18,1.49,,0,0.0,0.0,,0,0.0,0,0.0,0.0,,0,0.0,1,28.67,28.67,2010-01-22,1,-0.0146
prebreak,000869,2010-02-26,S,S,A,C,S,S,A,40.7983,41.52,39.91,1.61,,0,0.0,0.0,,0,0.0,0,0.0,0.0,,0,0.0,0,0.0,0.0,,0,0.0
prebreak,600875,2010-04-20,S,S,A,C,S,S,A,19.6364,18.27,17.48,0.79,,1,18.27,20.9683,2010-04-27,0,3.3959,1,18.27,20.5366,2010-05-05,0,2.8497,1,18.27,18.27,2010-05-12,1,-0.0176
prebreak,601628,2010-04-20,S,S,A,C,S,S,A,20.7466,21.97,21.01,0.96,,0,0.0,0.0,,0,0.0,0,0.0,0.0,,0,0.0,0,0.0,0.0,,0,0.0
prebreak,601628,2010-05-19,S,S,A,C,S,S,A,18.5667,20.19,19.32,0.87,,0,0.0,0.0,,0,0.0,0,0.0,0.0,,0,0.0,0,0.0,0.0,,0,0.0
prebreak,600150,2010-05-21,S,S,A,C,S,S,A,28.8019,30.23,29.03,1.2,,0,0.0,0.0,,0,0.0,0,0.0,0.0,,0,0.0,0,0.0,0.0,,0,0.0
prebreak,600685,2010-05-24,S,S,A,C,S,S,A,15.156,16.8,16.23,0.57,,0,0.0,0.0,,0,0.0,0,0.0,0.0,,0,0.0,0,0.0,0.0,,0,0.0
prebreak,601628,2010-05-26,S,S,A,C,S,S,A,18.1458,20.19,19.32,0.87,,0,0.0,0.0,,0,0.0,0,0.0,0.0,,0,0.0,0,0.0,0.0,,0,0.0
prebreak,601628,2010-06-02,S,S,A,C,S,S,A,18.1533,18.83,17.93,0.9,,0,0.0,0.0,,0,0.0,1,18.83,18.9876,2010-06-22,0,0.1592,1,18.83,17.93,2010-07-12,1,-1.0153
prebreak,600150,2010-06-04,S,S,A,C,S,S,A,28.7255,29.28,27.88,1.4,,0,0.0,0.0,,0,0.0,0,0.0,0.0,,0,0.0,0,0.0,0.0,,0,0.0
prebreak,600150,2010-06-11,S,S,A,C,S,S,A,28.2894,28.83,27.74,1.09,,0,0.0,0.0,,0,0.0,0,0.0,0.0,,0,0.0,0,0.0,0.0,,0,0.0
prebreak,600054,2010-08-05,S,S,A,C,S,S,A,11.486,11.51,11.01,0.5,,1,11.51,12.1582,2010-08-12,0,1.2781,1,11.51,12.2277,2010-08-19,0,1.4171,1,11.51,12.0365,2010-09-16,0,1.0349
prebreak,600600,2010-08-09,S,S,A,C,S,S,A,28.1021,28.01,26.57,1.44,,0,0.0,0.0,,0,0.0,0,0.0,0.0,,0,0.0,0,0.0,0.0,,0,0.0
prebreak,600150,2010-09-02,S,S,A,C,S,S,A,27.7664,27.82,26.41,1.41,,0,0.0,0.0,,0,0.0,0,0.0,0.0,,0,0.0,0,0.0,0.0,,0,0.0
prebreak,601088,2010-09-08,S,S,A,C,S,S,A,9.2076,9.39,8.89,0.5,,0,0.0,0.0,,0,0.0,0,0.0,0.0,,0,0.0,1,9.39,10.3742,2010-11-12,0,1.9529
prebreak,601628,2010-11-19,S,S,A,C,S,S,A,17.9743,20.53,19.48,1.05,,0,0.0,0.0,,0,0.0,0,0.0,0.0,,0,0.0,0,0.0,0.0,,0,0.0
prebreak,002028,2011-02-15,S,S,A,C,S,S,A,12.0084,11.85,11.32,0.53,,0,0.0,0.0,,0,0.0,0,0.0,0.0,,0,0.0,0,0.0,0.0,,0,0.0
prebreak,002028,2011-03-01,S,S,A,C,S,S,A,12.0441,12.18,11.64,0.54,,1,12.18,12.1613,2011-03-04,0,-0.0517,1,12.18,12.1613,2011-03-04,0,-0.0517,1,12.18,12.1613,2011-03-04,0,-0.0517
prebreak,000668,2011-03-07,S,S,A,C,S,S,A,12.4006,11.93,11.36,0.57,,0,0.0,0.0,,0,0.0,0,0.0,0.0,,0,0.0,0,0.0,0.0,,0,0.0
prebreak,002028,2011-03-08,S,S,A,C,S,S,A,12.2174,12.51,11.86,0.65,,0,0.0,0.0,,0,0.0,0,0.0,0.0,,0,0.0,0,0.0,0.0,,0,0.0
prebreak,600600,2011-04-07,S,S,A,C,S,S,A,25.273,25.39,24.34,1.05,,0,0.0,0.0,,0,0.0,0,0.0,0.0,,0,0.0,0,0.0,0.0,,0,0.0
prebreak,600600,2011-04-14,S,S,A,C,S,S,A,26.0138,26.21,25.05,1.16,,0,0.0,0.0,,0,0.0,1,26.21,25.9823,2011-04-28,0,-0.2134,1,26.21,26.21,2011-06-17,1,-0.0172
prebreak,600561,2011-04-18,S,S,A,C,S,S,A,11.4396,11.9,11.34,0.56,,0,0.0,0.0,,0,0.0,0,0.0,0.0,,0,0.0,0,0.0,0.0,,0,0.0
prebreak,600138,2011-04-29,S,S,A,C,S,S,A,8.8979,9.95,9.43,0.52,,0,0.0,0.0,,0,0.0,0,0.0,0.0,,0,0.0,0,0.0,0.0,,0,0.0
prebreak,600138,2011-05-09,S,S,A,C,S,S,A,8.783,9.95,9.43,0.52,,0,0.0,0.0,,0,0.0,0,0.0,0.0,,0,0.0,0,0.0,0.0,,0,0.0
prebreak,600600,2011-06-21,S,S,A,C,S,S,A,26.3527,28.08,26.59,1.49,,0,0.0,0.0,,0,0.0,0,0.0,0.0,,0,0.0,0,0.0,0.0,,0,0.0
prebreak,600600,2011-07-05,S,S,A,C,S,S,A,27.8106,27.44,26.28,1.16,,0,0.0,0.0,,0,0.0,0,0.0,0.0,,0,0.0,0,0.0,0.0,,0,0.0
prebreak,600859,2011-07-13,S,S,A,C,S,S,A,25.162,23.72,22.73,0.99,,0,0.0,0.0,,0,0.0,0,0.0,0.0,,0,0.0,0,0.0,0.0,,0,0.0
prebreak,000568,2011-07-14,S,S,A,C,S,S,A,30.0422,29.06,27.79,1.27,,0,0.0,0.0,,0,0.0,0,0.0,0.0,,0,0.0,0,0.0,0.0,,0,0.0
prebreak,000878,2011-07-26,S,S,A,C,S,S,A,19.4744,20.6,19.67,0.93,,0,0.0,0.0,,0,0.0,0,0.0,0.0,,0,0.0,0,0.0,0.0,,0,0.0
prebreak,000655,2011-08-01,S,S,A,C,S,S,A,17.2348,17.45,16.56,0.89,,0,0.0,0.0,,0,0.0,0,0.0,0.0,,0,0.0,0,0.0,0.0,,0,0.0
prebreak,000878,2011-09-07,S,S,A,C,S,S,A,17.0945,18.07,17.31,0.76,,0,0.0,0.0,,0,0.0,0,0.0,0.0,,0,0.0,0,0.0,0.0,,0,0.0
prebreak,002128,2011-09-07,S,S,A,C,S,S,A,11.0331,12.09,11.49,0.6,,0,0.0,0.0,,0,0.0,0,0.0,0.0,,0,0.0,0,0.0,0.0,,0,0.0
prebreak,000568,2011-09-16,S,S,A,C,S,S,A,26.8882,28.8,27.42,1.38,,0,0.0,0.0,,0,0.0,0,0.0,0.0,,0,0.0,0,0.0,0.0,,0,0.0
prebreak,000858,2011-09-16,S,S,A,C,S,S,A,25.7978,27.01,25.7,1.31,,0,0.0,0.0,,0,0.0,0,0.0,0.0,,0,0.0,0,0.0,0.0,,0,0.0
prebreak,601601,2011-09-20,S,S,A,C,S,S,A,12.9118,13.18,12.62,0.56,,1,13.18,12.62,2011-09-23,1,-1.0173,1,13.18,12.62,2011-09-23,1,-1.0173,1,13.18,12.62,2011-09-23,1,-1.0173
prebreak,601601,2011-09-27,S,S,A,C,S,S,A,11.9249,13.18,12.62,0.56,,0,0.0,0.0,,0,0.0,0,0.0,0.0,,0,0.0,1,13.18,12.62,2011-11-02,1,-1.0173
prebreak,000568,2011-09-30,S,S,A,C,S,S,A,24.7856,25.47,24.16,1.31,,0,0.0,0.0,,0,0.0,0,0.0,0.0,,0,0.0,0,0.0,0.0,,0,0.0
prebreak,600009,2011-10-11,S,S,A,C,S,S,A,9.8022,10.11,9.61,0.5,,1,10.11,10.3435,2011-10-18,0,0.4514,1,10.11,10.688,2011-10-25,0,1.14,1,10.11,10.11,2011-12-09,1,-0.0154
prebreak,601001,2011-10-12,S,S,A,C,S,S,A,12.3816,12.89,12.31,0.58,,0,0.0,0.0,,0,0.0,0,0.0,0.0,,0,0.0,0,0.0,0.0,,0,0.0
prebreak,600009,2011-10-25,S,S,A,C,S,S,A,10.688,10.62,10.07,0.55,,0,0.0,0.0,,0,0.0,0,0.0,0.0,,0,0.0,0,0.0,0.0,,0,0.0
prebreak,601001,2011-10-26,S,S,A,C,S,S,A,11.8739,12.51,11.88,0.63,,0,0.0,0.0,,0,0.0,1,12.51,12.4988,2011-11-09,0,-0.0328,1,12.51,12.2645,2011-11-10,0,-0.4046
prebreak,600844,2011-10-27,S,S,A,C,S,S,A,20.05,19.91,18.96,0.95,,0,0.0,0.0,,0,0.0,0,0.0,0.0,,0,0.0,0,0.0,0.0,,0,0.0
prebreak,600009,2011-11-01,S,S,A,C,S,S,A,10.5568,10.62,10.07,0.55,,0,0.0,0.0,,0,0.0,0,0.0,0.0,,0,0.0,0,0.0,0.0,,0,0.0
prebreak,600844,2011-11-03,S,S,A,C,S,S,A,22.7,19.91,18.96,0.95,,0,0.0,0.0,,0,0.0,0,0.0,0.0,,0,0.0,0,0.0,0.0,,0,0.0
prebreak,600123,2011-11-14,S,S,A,C,S,S,A,10.9938,11.02,10.46,0.56,,0,0.0,0.0,,0,0.0,0,0.0,0.0,,0,0.0,0,0.0,0.0,,0,0.0
prebreak,600779,2011-11-17,S,S,A,C,S,S,A,18.6711,19.51,18.61,0.9,,0,0.0,0.0,,0,0.0,1,19.51,18.61,2011-11-30,1,-1.0158,1,19.51,18.61,2011-11-30,1,-1.0158
prebreak,601788,2011-11-17,S,S,A,C,S,S,A,10.0336,10.5,10.0,0.5,,0,0.0,0.0,,0,0.0,0,0.0,0.0,,0,0.0,0,0.0,0.0,,0,0.0
prebreak,000858,2011-11-21,S,S,A,C,S,S,A,24.2519,25.19,24.18,1.01,,1,25.19,26.0622,2011-11-28,0,0.844,1,25.19,24.6519,2011-12-05,0,-0.5513,1,25.19,24.18,2011-12-06,1,-1.0183
prebreak,601088,2011-11-24,S,S,A,C,S,S,A,10.0642,11.02,10.48,0.54,,0,0.0,0.0,,0,0.0,0,0.0,0.0,,0,0.0,0,0.0,0.0,,0,0.0
prebreak,601788,2011-11-24,S,S,A,C,S,S,A,9.5514,10.5,10.0,0.5,,0,0.0,0.0,,0,0.0,0,0.0,0.0,,0,0.0,0,0.0,0.0,,0,0.0
prebreak,601601,2011-11-29,S,S,A,C,S,S,A,11.9566,12.21,11.64,0.57,,1,12.21,12.0704,2011-12-05,0,-0.261,1,12.21,12.0704,2011-12-05,0,-0.261,1,12.21,12.0704,2011-12-05,0,-0.261
prebreak,002299,2011-12-01,S,S,A,C,S,S,A,12.6233,12.76,12.09,0.67,,0,0.0,0.0,,0,0.0,0,0.0,0.0,,0,0.0,0,0.0,0.0,,0,0.0
prebreak,601601,2011-12-06,S,S,A,C,S,S,A,12.2476,12.21,11.64,0.57,,0,0.0,0.0,,0,0.0,0,0.0,0.0,,0,0.0,0,0.0,0.0,,0,0.0
prebreak,600875,2011-12-07,S,S,A,C,S,S,A,20.2386,21.57,20.45,1.12,,0,0.0,0.0,,0,0.0,0,0.0,0.0,,0,0.0,0,0.0,0.0,,0,0.0
prebreak,601628,2011-12-07,S,S,A,C,S,S,A,14.2327,14.25,13.51,0.74,,0,0.0,0.0,,0,0.0,0,0.0,0.0,,0,0.0,0,0.0,0.0,,0,0.0
prebreak,000858,2011-12-19,S,S,A,C,S,S,A,23.3841,23.97,22.74,1.23,,0,0.0,0.0,,0,0.0,0,0.0,0.0,,0,0.0,0,0.0,0.0,,0,0.0
prebreak,000858,2011-12-26,S,S,A,C,S,S,A,22.4417,23.86,22.71,1.15,,0,0.0,0.0,,0,0.0,0,0.0,0.0,,0,0.0,0,0.0,0.0,,0,0.0
prebreak,000538,2011-12-29,S,S,A,C,S,S,A,18.3381,20.08,19.05,1.03,,0,0.0,0.0,,0,0.0,0,0.0,0.0,,0,0.0,0,0.0,0.0,,0,0.0
prebreak,002038,2011-12-30,S,S,A,C,S,S,A,10.706,11.49,10.92,0.57,,0,0.0,0.0,,0,0.0,0,0.0,0.0,,0,0.0,0,0.0,0.0,,0,0.0
prebreak,600600,2012-01-06,S,S,A,C,S,S,A,24.4774,28.64,27.25,1.39,,0,0.0,0.0,,0,0.0,0,0.0,0.0,,0,0.0,0,0.0,0.0,,0,0.0
prebreak,002038,2012-01-10,S,S,A,C,S,S,A,9.5588,11.49,10.92,0.57,,0,0.0,0.0,,0,0.0,0,0.0,0.0,,0,0.0,0,0.0,0.0,,0,0.0
prebreak,600535,2012-01-11,S,S,A,C,S,S,A,10.9516,11.9,11.4,0.5,,0,0.0,0.0,,0,0.0,0,0.0,0.0,,0,0.0,0,0.0,0.0,,0,0.0
prebreak,000568,2012-01-31,S,S,A,C,S,S,A,23.6451,26.11,25.05,1.06,,0,0.0,0.0,,0,0.0,0,0.0,0.0,,0,0.0,0,0.0,0.0,,0,0.0
prebreak,601601,2012-02-09,S,S,A,C,S,S,A,13.4496,12.36,11.81,0.55,,0,0.0,0.0,,0,0.0,0,0.0,0.0,,0,0.0,0,0.0,0.0,,0,0.0
prebreak,000869,2012-02-13,S,S,A,C,S,S,A,58.3105,58.65,55.9,2.75,,0,0.0,0.0,,0,0.0,0,0.0,0.0,,0,0.0,0,0.0,0.0,,0,0.0
prebreak,000858,2012-02-15,S,S,A,C,S,S,A,22.6247,22.82,21.86,0.96,,0,0.0,0.0,,0,0.0,0,0.0,0.0,,0,0.0,0,0.0,0.0,,0,0.0
prebreak,600600,2012-02-17,S,S,A,C,S,S,A,26.4888,25.77,24.42,1.35,,0,0.0,0.0,,0,0.0,0,0.0,0.0,,0,0.0,0,0.0,0.0,,0,0.0
prebreak,601601,2012-02-23,S,S,A,C,S,S,A,13.6077,13.73,13.09,0.64,,0,0.0,0.0,,0,0.0,0,0.0,0.0,,0,0.0,0,0.0,0.0,,0,0.0
prebreak,601628,2012-03-09,S,S,A,C,S,S,A,13.9877,15.43,14.76,0.67,,0,0.0,0.0,,0,0.0,0,0.0,0.0,,0,0.0,0,0.0,0.0,,0,0.0
prebreak,000858,2012-03-21,S,S,A,C,S,S,A,24.4146,24.22,22.93,1.29,,0,0.0,0.0,,0,0.0,0,0.0,0.0,,0,0.0,0,0.0,0.0,,0,0.0
prebreak,601601,2012-03-22,S,S,A,C,S,S,A,12.45,12.99,12.35,0.64,,0,0.0,0.0,,0,0.0,0,0.0,0.0,,0,0.0,0,0.0,0.0,,0,0.0
prebreak,000423,2012-03-27,S,S,A,C,S,S,A,30.8863,32.05,30.4,1.65,,0,0.0,0.0,,0,0.0,0,0.0,0.0,,0,0.0,0,0.0,0.0,,0,0.0
prebreak,600508,2012-03-30,S,S,A,C,S,S,A,10.3829,11.88,11.27,0.61,,0,0.0,0.0,,0,0.0,0,0.0,0.0,,0,0.0,1,11.88,11.27,2012-05-15,1,-1.0142
prebreak,000538,2012-04-05,S,S,A,C,S,S,A,17.2378,18.17,17.4,0.77,,0,0.0,0.0,,0,0.0,0,0.0,0.0,,0,0.0,1,18.17,17.6427,2012-05-09,0,-0.7023
prebreak,000423,2012-04-06,S,S,A,C,S,S,A,29.9742,30.3,28.89,1.41,,0,0.0,0.0,,0,0.0,0,0.0,0.0,,0,0.0,0,0.0,0.0,,0,0.0
prebreak,000869,2012-04-12,S,S,A,C,S,S,A,55.5958,62.79,60.03,2.76,,0,0.0,0.0,,0,0.0,0,0.0,0.0,,0,0.0,0,0.0,0.0,,0,0.0
prebreak,000878,2012-04-12,S,S,A,C,S,S,A,14.7323,14.77,14.18,0.59,,0,0.0,0.0,,0,0.0,0,0.0,0.0,,0,0.0,0,0.0,0.0,,0,0.0
prebreak,600875,2012-04-12,S,S,A,C,S,S,A,18.0274,18.25,17.38,0.87,,0,0.0,0.0,,0,0.0,0,0.0,0.0,,0,0.0,0,0.0,0.0,,0,0.0
prebreak,000858,2012-04-16,S,S,A,C,S,S,A,23.2756,23.88,22.74,1.14,,0,0.0,0.0,,0,0.0,0,0.0,0.0,,0,0.0,0,0.0,0.0,,0,0.0
prebreak,000878,2012-04-19,S,S,A,C,S,S,A,15.0342,15.18,14.6,0.58,,0,0.0,0.0,,0,0.0,0,0.0,0.0,,0,0.0,0,0.0,0.0,,0,0.0
prebreak,600875,2012-04-19,S,S,A,C,S,S,A,18.3233,18.47,17.67,0.8,,0,0.0,0.0,,0,0.0,0,0.0,0.0,,0,0.0,0,0.0,0.0,,0,0.0
prebreak,601001,2012-04-19,S,S,A,C,S,S,A,10.3193,10.54,10.02,0.52,,1,10.54,10.5771,2012-04-26,0,0.0559,1,10.54,11.0146,2012-05-07,0,0.8967,1,10.54,10.02,2012-05-18,1,-1.0148
prebreak,002299,2012-04-20,S,S,A,C,S,S,A,11.0102,11.2,10.7,0.5,,1,11.2,10.8131,2012-04-27,0,-0.7904,1,11.2,11.033,2012-05-02,0,-0.3508,1,11.2,11.033,2012-05-02,0,-0.3508
prebreak,000858,2012-04-24,S,S,A,C,S,S,A,23.3027,23.67,22.58,1.09,,0,0.0,0.0,,0,0.0,0,0.0,0.0,,0,0.0,0,0.0,0.0,,0,0.0
prebreak,600508,2012-04-26,S,S,A,C,S,S,A,11.3971,11.24,10.71,0.53,,1,11.24,11.8415,2012-05-08,0,1.1181,1,11.24,11.3448,2012-05-15,0,0.1816,1,11.24,11.24,2012-05-15,1,-0.0161
prebreak,600875,2012-04-26,S,S,A,C,S,S,A,18.3726,18.5,17.56,0.94,,1,18.5,18.5041,2012-05-07,0,-0.0106,1,18.5,18.1013,2012-05-14,0,-0.4388,1,18.5,17.56,2012-05-21,1,-1.0143
prebreak,000858,2012-05-03,S,S,A,C,S,S,A,24.557,23.67,22.58,1.09,,1,23.67,24.1299,2012-05-10,0,0.4051,1,23.67,23.5563,2012-05-17,0,-0.1208,1,23.67,22.58,2012-05-24,1,-1.0159
prebreak,000858,2012-05-10,S,S,A,C,S,S,A,24.1299,23.67,22.58,1.09,,0,0.0,0.0,,0,0.0,0,0.0,0.0,,0,0.0,0,0.0,0.0,,0,0.0
prebreak,600875,2012-05-14,S,S,A,C,S,S,A,18.1013,18.67,17.72,0.95,,0,0.0,0.0,,0,0.0,1,18.67,18.3233,2012-05-29,0,-0.3797,1,18.67,18.2822,2012-05-31,0,-0.4229
prebreak,000858,2012-05-17,S,S,A,C,S,S,A,23.5563,24.53,23.46,1.07,,0,0.0,0.0,,0,0.0,0,0.0,0.0,,0,0.0,0,0.0,0.0,,0,0.0
prebreak,601318,2012-05-17,S,S,A,C,S,S,A,13.6655,13.63,12.93,0.7,,0,0.0,0.0,,0,0.0,0,0.0,0.0,,0,0.0,0,0.0,0.0,,0,0.0
prebreak,000423,2012-05-22,S,S,A,C,S,S,A,28.5555,28.83,27.86,0.97,,0,0.0,0.0,,0,0.0,0,0.0,0.0,,0,0.0,0,0.0,0.0,,0,0.0
prebreak,000538,2012-05-22,S,S,A,C,S,S,A,18.1928,18.37,17.64,0.73,,0,0.0,0.0,,0,0.0,1,18.37,18.4904,2012-06-05,0,0.1457,1,18.37,21.7789,2012-07-11,0,4.6477
prebreak,000869,2012-05-22,S,S,A,C,S,S,A,58.2926,58.53,56.34,2.19,,0,0.0,0.0,,0,0.0,0,0.0,0.0,,0,0.0,0,0.0,0.0,,0,0.0
prebreak,600875,2012-05-22,S,S,A,C,S,S,A,18.0274,18.29,17.47,0.82,,1,18.29,18.3233,2012-05-29,0,0.0236,1,18.29,17.5506,2012-06-05,0,-0.9181,1,18.29,17.47,2012-06-07,1,-1.0163
prebreak,000869,2012-05-29,S,S,A,C,S,S,A,56.8666,58.59,56.34,2.25,,0,0.0,0.0,,0,0.0,0,0.0,0.0,,0,0.0,0,0.0,0.0,,0,0.0
prebreak,601088,2012-05-29,S,S,A,C,S,S,A,10.4116,10.48,9.98,0.5,,0,0.0,0.0,,0,0.0,0,0.0,0.0,,0,0.0,0,0.0,0.0,,0,0.0
prebreak,601318,2012-05-31,S,S,A,C,S,S,A,13.5011,13.78,13.18,0.6,,0,0.0,0.0,,0,0.0,1,13.78,14.5454,2012-06-14,0,1.2574,1,13.78,13.78,2012-08-13,1,-0.0175
prebreak,601088,2012-06-05,S,S,A,C,S,S,A,9.908,10.48,9.98,0.5,,0,0.0,0.0,,0,0.0,0,0.0,0.0,,0,0.0,0,0.0,0.0,,0,0.0
prebreak,000063,2012-06-08,S,S,A,C,S,S,A,10.4266,11.38,10.79,0.59,,0,0.0,0.0,,0,0.0,0,0.0,0.0,,0,0.0,0,0.0,0.0,,0,0.0
prebreak,601628,2012-06-11,S,S,A,C,S,S,A,13.4623,13.62,13.11,0.51,,1,13.62,14.3598,2012-06-18,0,1.4294,1,13.62,14.0633,2012-06-26,0,0.8484,1,13.62,16.0266,2012-07-19,1,4.6955
prebreak,601601,2012-06-15,S,S,A,C,S,S,A,14.0126,13.1,12.5,0.6,,0,0.0,0.0,,0,0.0,0,0.0,0.0,,0,0.0,0,0.0,0.0,,0,0.0
prebreak,601628,2012-06-18,S,S,A,C,S,S,A,14.3598,13.62,13.11,0.51,,0,0.0,0.0,,0,0.0,0,0.0,0.0,,0,0.0,0,0.0,0.0,,0,0.0
prebreak,000581,2012-07-02,S,S,A,C,S,S,A,10.1977,12.23,11.73,0.5,,0,0.0,0.0,,0,0.0,0,0.0,0.0,,0,0.0,0,0.0,0.0,,0,0.0
prebreak,600893,2012-07-02,S,S,A,C,S,S,A,12.261,13.42,12.85,0.57,,0,0.0,0.0,,0,0.0,0,0.0,0.0,,0,0.0,0,0.0,0.0,,0,0.0
prebreak,601601,2012-07-02,S,S,A,C,S,S,A,14.4809,14.37,13.79,0.58,,0,0.0,0.0,,0,0.0,0,0.0,0.0,,0,0.0,0,0.0,0.0,,0,0.0
prebreak,601808,2012-07-03,S,S,A,C,S,S,A,14.4447,14.47,13.74,0.73,,0,0.0,0.0,,0,0.0,0,0.0,0.0,,0,0.0,0,0.0,0.0,,0,0.0
prebreak,601601,2012-08-06,S,S,A,C,S,S,A,14.1272,14.31,13.69,0.62,,0,0.0,0.0,,0,0.0,0,0.0,0.0,,0,0.0,0,0.0,0.0,,0,0.0
prebreak,000422,2012-09-03,S,S,A,C,S,S,A,10.9051,11.82,11.22,0.6,,0,0.0,0.0,,0,0.0,1,11.82,11.6101,2012-09-14,0,-0.3646,1,11.82,11.6101,2012-09-14,0,-0.3646
prebreak,601888,2012-09-03,S,S,A,C,S,S,A,11.8161,12.57,11.92,0.65,,1,12.57,12.5403,2012-09-10,0,-0.0603,1,12.57,12.5576,2012-09-11,0,-0.0338,1,12.57,12.5576,2012-09-11,0,-0.0338
prebreak,000538,2012-09-05,S,S,A,C,S,S,A,20.3321,20.67,19.63,1.04,,1,20.67,21.5187,2012-09-12,0,0.8004,1,20.67,21.366,2012-09-19,0,0.6537,1,20.67,21.47,2012-10-30,1,0.7536
prebreak,601888,2012-09-10,S,S,A,C,S,S,A,12.5403,12.57,11.92,0.65,,0,0.0,0.0,,0,0.0,0,0.0,0.0,,0,0.0,0,0.0,0.0,,0,0.0
prebreak,000538,2012-09-12,S,S,A,C,S,S,A,21.5187,20.67,19.63,1.04,,0,0.0,0.0,,0,0.0,0,0.0,0.0,,0,0.0,0,0.0,0.0,,0,0.0
prebreak,002140,2012-09-12,S,S,A,C,S,S,A,18.0868,17.76,16.92,0.84,,0,0.0,0.0,,0,0.0,0,0.0,0.0,,0,0.0,0,0.0,0.0,,0,0.0
prebreak,600547,2012-09-14,S,S,A,C,S,S,A,19.023,17.05,16.24,0.81,,1,17.05,19.977,2012-09-21,0,3.5953,1,17.05,20.001,2012-09-28,0,3.6249,1,17.05,17.2,2012-11-16,1,0.1691
prebreak,000538,2012-09-19,S,S,A,C,S,S,A,21.366,21.63,20.83,0.8,,0,0.0,0.0,,0,0.0,0,0.0,0.0,,0,0.0,0,0.0,0.0,,0,0.0
prebreak,002313,2012-09-21,S,S,A,C,S,S,A,16.8256,17.65,16.81,0.84,,0,0.0,0.0,,0,0.0,0,0.0,0.0,,0,0.0,0,0.0,0.0,,0,0.0
prebreak,601888,2012-09-24,S,S,A,C,S,S,A,11.8592,12.87,12.3,0.57,,0,0.0,0.0,,0,0.0,0,0.0,0.0,,0,0.0,1,12.87,12.87,2012-11-14,1,-0.0172
prebreak,600141,2012-09-27,S,S,A,C,S,S,A,12.4754,12.96,12.3,0.66,,0,0.0,0.0,,0,0.0,0,0.0,0.0,,0,0.0,0,0.0,0.0,,0,0.0
prebreak,601318,2012-10-08,S,S,A,C,S,S,A,13.4837,13.15,12.62,0.53,,0,0.0,0.0,,0,0.0,0,0.0,0.0,,0,0.0,0,0.0,0.0,,0,0.0
prebreak,601888,2012-10-08,S,S,A,C,S,S,A,12.4455,12.47,11.84,0.63,,0,0.0,0.0,,0,0.0,0,0.0,0.0,,0,0.0,0,0.0,0.0,,0,0.0
prebreak,000538,2012-10-10,S,S,A,C,S,S,A,22.0947,21.62,20.64,0.98,,0,0.0,0.0,,0,0.0,0,0.0,0.0,,0,0.0,0,0.0,0.0,,0,0.0
prebreak,000538,2012-10-17,S,S,A,C,S,S,A,22.1467,22.4,21.54,0.86,,0,0.0,0.0,,0,0.0,0,0.0,0.0,,0,0.0,0,0.0,0.0,,0,0.0
prebreak,000568,2012-10-18,S,S,A,C,S,S,A,26.5707,26.08,24.92,1.16,,1,26.08,25.5586,2012-10-25,0,-0.4663,1,26.08,26.1764,2012-11-01,0,0.0659,1,26.08,24.92,2012-11-06,1,-1.0165
prebreak,000858,2012-10-19,S,S,A,C,S,S,A,24.1615,24.7,23.46,1.24,,0,0.0,0.0,,0,0.0,0,0.0,0.0,,0,0.0,0,0.0,0.0,,0,0.0
prebreak,600489,2012-10-22,S,S,A,C,S,S,A,13.1481,13.58,12.95,0.63,,0,0.0,0.0,,0,0.0,0,0.0,0.0,,0,0.0,0,0.0,0.0,,0,0.0
prebreak,600535,2012-10-22,S,S,A,C,S,S,A,14.6037,15.12,14.52,0.6,,0,0.0,0.0,,0,0.0,0,0.0,0.0,,0,0.0,0,0.0,0.0,,0,0.0
prebreak,601888,2012-10-22,S,S,A,C,S,S,A,13.1051,12.44,11.83,0.61,,0,0.0,0.0,,0,0.0,0,0.0,0.0,,0,0.0,0,0.0,0.0,,0,0.0
prebreak,000422,2012-10-29,S,S,A,C,S,S,A,10.8043,11.57,10.99,0.58,,0,0.0,0.0,,0,0.0,0,0.0,0.0,,0,0.0,0,0.0,0.0,,0,0.0
prebreak,601888,2012-10-29,S,S,A,C,S,S,A,12.9111,12.44,11.83,0.61,,0,0.0,0.0,,0,0.0,0,0.0,0.0,,0,0.0,0,0.0,0.0,,0,0.0
prebreak,002353,2012-10-30,S,S,A,C,S,S,A,20.8141,21.03,20.13,0.9,,0,0.0,0.0,,0,0.0,0,0.0,0.0,,0,0.0,0,0.0,0.0,,0,0.0
prebreak,601628,2012-10-30,S,S,A,C,S,S,A,14.1034,14.53,13.9,0.63,,0,0.0,0.0,,0,0.0,0,0.0,0.0,,0,0.0,0,0.0,0.0,,0,0.0
prebreak,000422,2012-11-05,S,S,A,C,S,S,A,9.8612,11.57,10.99,0.58,,0,0.0,0.0,,0,0.0,0,0.0,0.0,,0,0.0,0,0.0,0.0,,0,0.0
prebreak,000858,2012-11-16,S,S,A,C,S,S,A,21.2591,22.69,21.88,0.81,,0,0.0,0.0,,0,0.0,0,0.0,0.0,,0,0.0,0,0.0,0.0,,0,0.0
prebreak,600141,2012-12-06,S,S,A,C,S,S,A,10.1652,10.83,10.29,0.54,,1,10.83,10.5181,2012-12-13,0,-0.5924,1,10.83,11.4807,2012-12-20,0,1.1891,1,10.83,11.3652,2013-01-14,0,0.9753
prebreak,600547,2012-12-07,S,S,A,C,S,S,A,17.4457,18.24,17.39,0.85,,0,0.0,0.0,,0,0.0,0,0.0,0.0,,0,0.0,0,0.0,0.0,,0,0.0
prebreak,601318,2012-12-10,S,S,A,C,S,S,A,13.0088,12.13,11.54,0.59,,0,0.0,0.0,,0,0.0,0,0.0,0.0,,0,0.0,0,0.0,0.0,,0,0.0
prebreak,601888,2012-12-10,S,S,A,C,S,S,A,10.9108,11.53,10.94,0.59,,0,0.0,0.0,,0,0.0,0,0.0,0.0,,0,0.0,0,0.0,0.0,,0,0.0
prebreak,600547,2012-12-14,S,S,A,C,S,S,A,17.7046,17.97,17.02,0.95,,0,0.0,0.0,,0,0.0,0,0.0,0.0,,0,0.0,0,0.0,0.0,,0,0.0
prebreak,002353,2012-12-18,S,S,A,C,S,S,A,20.3968,21.65,20.63,1.02,,1,21.65,21.6998,2012-12-25,0,0.0326,1,21.65,21.7368,2013-01-04,0,0.069,1,21.65,29.7676,2013-02-07,0,7.9373
prebreak,600547,2012-12-21,S,S,A,C,S,S,A,17.206,17.97,17.02,0.95,,1,17.97,18.0977,2012-12-28,0,0.12,1,17.97,17.5848,2013-01-09,0,-0.4196,1,17.97,17.02,2013-02-21,1,-1.0137
prebreak,600547,2012-12-28,S,S,A,C,S,S,A,18.0977,17.61,16.92,0.69,,0,0.0,0.0,,0,0.0,0,0.0,0.0,,0,0.0,0,0.0,0.0,,0,0.0
prebreak,002393,2013-01-04,S,S,A,C,S,S,A,15.1429,14.63,13.88,0.75,,0,0.0,0.0,,0,0.0,0,0.0,0.0,,0,0.0,0,0.0,0.0,,0,0.0
prebreak,600150,2013-01-08,S,S,A,C,S,S,A,22.204,20.26,19.25,1.01,,0,0.0,0.0,,0,0.0,0,0.0,0.0,,0,0.0,0,0.0,0.0,,0,0.0
prebreak,600547,2013-01-09,S,S,A,C,S,S,A,17.5848,17.61,16.92,0.69,,0,0.0,0.0,,0,0.0,0,0.0,0.0,,0,0.0,0,0.0,0.0,,0,0.0
prebreak,600547,2013-01-16,S,S,A,C,S,S,A,18.5484,18.06,17.17,0.89,,0,0.0,0.0,,0,0.0,0,0.0,0.0,,0,0.0,0,0.0,0.0,,0,0.0
prebreak,600547,2013-01-23,S,S,A,C,S,S,A,18.0114,18.74,17.77,0.97,,0,0.0,0.0,,0,0.0,0,0.0,0.0,,0,0.0,0,0.0,0.0,,0,0.0
prebreak,600362,2013-02-07,S,S,A,C,S,S,A,20.2983,19.26,18.27,0.99,,0,0.0,0.0,,0,0.0,0,0.0,0.0,,0,0.0,0,0.0,0.0,,0,0.0
prebreak,601808,2013-03-08,S,S,A,C,S,S,A,14.0856,14.4,13.8,0.6,,0,0.0,0.0,,0,0.0,0,0.0,0.0,,0,0.0,0,0.0,0.0,,0,0.0
prebreak,600600,2013-04-17,S,S,A,C,S,S,A,30.1035,30.28,28.78,1.5,,0,0.0,0.0,,0,0.0,0,0.0,0.0,,0,0.0,0,0.0,0.0,,0,0.0
prebreak,600600,2013-04-24,S,S,A,C,S,S,A,30.4625,31.12,29.73,1.39,,0,0.0,0.0,,0,0.0,0,0.0,0.0,,0,0.0,0,0.0,0.0,,0,0.0
prebreak,601808,2013-05-03,S,S,A,C,S,S,A,12.9752,13.16,12.58,0.58,,0,0.0,0.0,,0,0.0,0,0.0,0.0,,0,0.0,0,0.0,0.0,,0,0.0
prebreak,600600,2013-05-06,S,S,A,C,S,S,A,29.8563,31.12,29.85,1.27,,0,0.0,0.0,,0,0.0,0,0.0,0.0,,0,0.0,0,0.0,0.0,,0,0.0
prebreak,002393,2013-05-10,S,S,A,C,S,S,A,16.8956,17.36,16.49,0.87,,1,17.36,18.1686,2013-05-17,0,0.9137,1,17.36,17.9263,2013-05-24,0,0.6354,1,17.36,16.49,2013-06-13,1,-1.0145
prebreak,002393,2013-05-17,S,S,A,C,S,S,A,18.1686,17.36,16.49,0.87,,1,17.36,17.9073,2013-05-22,0,0.6136,1,17.36,17.9073,2013-05-22,0,0.6136,1,17.36,17.9073,2013-05-22,0,0.6136
prebreak,002051,2013-05-21,S,S,A,C,S,S,A,14.4142,12.62,12.0,0.62,,0,0.0,0.0,,0,0.0,0,0.0,0.0,,0,0.0,0,0.0,0.0,,0,0.0
prebreak,601808,2013-06-26,S,S,A,C,S,S,A,12.2045,13.36,12.75,0.61,,0,0.0,0.0,,0,0.0,0,0.0,0.0,,0,0.0,0,0.0,0.0,,0,0.0
prebreak,601808,2013-07-10,S,S,A,C,S,S,A,12.0256,13.36,12.75,0.61,,0,0.0,0.0,,0,0.0,0,0.0,0.0,,0,0.0,1,13.36,16.8716,2013-10-09,1,5.7365
prebreak,000998,2013-07-16,S,S,A,C,S,S,A,10.0448,9.66,9.14,0.52,,0,0.0,0.0,,0,0.0,0,0.0,0.0,,0,0.0,0,0.0,0.0,,0,0.0
prebreak,000998,2013-07-23,S,S,A,C,S,S,A,9.9455,9.66,9.14,0.52,,0,0.0,0.0,,0,0.0,0,0.0,0.0,,0,0.0,0,0.0,0.0,,0,0.0
prebreak,000998,2013-09-10,S,S,A,C,S,S,A,11.1556,11.32,10.78,0.54,,0,0.0,0.0,,0,0.0,0,0.0,0.0,,0,0.0,0,0.0,0.0,,0,0.0
prebreak,600436,2013-10-09,S,S,A,C,S,S,A,29.382,30.43,29.01,1.42,,0,0.0,0.0,,0,0.0,0,0.0,0.0,,0,0.0,0,0.0,0.0,,0,0.0
prebreak,002422,2013-10-28,S,S,A,C,S,S,A,12.9915,13.41,12.75,0.66,,0,0.0,0.0,,0,0.0,0,0.0,0.0,,0,0.0,0,0.0,0.0,,0,0.0
prebreak,600216,2013-10-30,S,S,A,C,S,S,A,8.5391,10.18,9.66,0.52,,0,0.0,0.0,,0,0.0,0,0.0,0.0,,0,0.0,0,0.0,0.0,,0,0.0
prebreak,002393,2013-11-01,S,S,A,C,S,S,A,15.6892,17.83,16.9,0.93,,0,0.0,0.0,,0,0.0,0,0.0,0.0,,0,0.0,1,17.83,19.4655,2013-12-30,0,1.7429
prebreak,000550,2013-11-05,S,S,A,C,S,S,A,11.3566,10.27,9.76,0.51,,0,0.0,0.0,,0,0.0,0,0.0,0.0,,0,0.0,0,0.0,0.0,,0,0.0
prebreak,601336,2013-11-19,S,S,A,C,S,S,A,17.9996,16.72,16.09,0.63,,0,0.0,0.0,,0,0.0,0,0.0,0.0,,0,0.0,0,0.0,0.0,,0,0.0
prebreak,601336,2013-11-26,S,S,A,C,S,S,A,17.3275,16.72,16.09,0.63,,0,0.0,0.0,,0,0.0,0,0.0,0.0,,0,0.0,0,0.0,0.0,,0,0.0
prebreak,000568,2013-12-03,S,S,A,C,S,S,A,14.5548,15.12,14.4,0.72,,0,0.0,0.0,,0,0.0,0,0.0,0.0,,0,0.0,0,0.0,0.0,,0,0.0
prebreak,601336,2013-12-03,S,S,A,C,S,S,A,18.2803,18.06,17.11,0.95,,1,18.06,17.8224,2013-12-06,0,-0.2644,1,18.06,17.8224,2013-12-06,0,-0.2644,1,18.06,17.8224,2013-12-06,0,-0.2644
prebreak,000568,2013-12-17,S,S,A,C,S,S,A,14.3205,15.33,14.6,0.73,,0,0.0,0.0,,0,0.0,0,0.0,0.0,,0,0.0,0,0.0,0.0,,0,0.0
prebreak,000999,2013-12-18,S,S,A,C,S,S,A,11.2105,11.9,11.32,0.58,,0,0.0,0.0,,0,0.0,0,0.0,0.0,,0,0.0,0,0.0,0.0,,0,0.0
prebreak,000999,2013-12-25,S,S,A,C,S,S,A,11.3037,11.9,11.32,0.58,,0,0.0,0.0,,0,0.0,0,0.0,0.0,,0,0.0,0,0.0,0.0,,0,0.0
prebreak,000999,2014-01-02,S,S,A,C,S,S,A,11.7792,11.72,11.13,0.59,,0,0.0,0.0,,0,0.0,0,0.0,0.0,,0,0.0,0,0.0,0.0,,0,0.0
prebreak,002304,2014-01-08,S,S,A,C,S,S,A,18.5405,18.42,17.74,0.68,,0,0.0,0.0,,0,0.0,0,0.0,0.0,,0,0.0,0,0.0,0.0,,0,0.0
prebreak,601336,2014-01-08,S,S,A,C,S,S,A,16.1974,17.11,16.4,0.71,,0,0.0,0.0,,0,0.0,0,0.0,0.0,,0,0.0,0,0.0,0.0,,0,0.0
prebreak,002304,2014-01-15,S,S,A,C,S,S,A,19.0801,18.42,17.74,0.68,,0,0.0,0.0,,0,0.0,0,0.0,0.0,,0,0.0,0,0.0,0.0,,0,0.0
prebreak,000568,2014-01-22,S,S,A,C,S,S,A,12.9218,13.31,12.61,0.7,,0,0.0,0.0,,0,0.0,0,0.0,0.0,,0,0.0,0,0.0,0.0,,0,0.0
prebreak,002353,2014-01-24,S,S,A,C,S,S,A,49.8385,45.87,44.27,1.6,,0,0.0,0.0,,0,0.0,0,0.0,0.0,,0,0.0,0,0.0,0.0,,0,0.0
prebreak,000568,2014-01-29,S,S,A,C,S,S,A,11.9988,13.31,12.61,0.7,,0,0.0,0.0,,0,0.0,0,0.0,0.0,,0,0.0,0,0.0,0.0,,0,0.0
prebreak,002353,2014-02-07,S,S,A,C,S,S,A,47.9225,50.26,47.68,2.58,,0,0.0,0.0,,0,0.0,0,0.0,0.0,,0,0.0,0,0.0,0.0,,0,0.0
prebreak,000568,2014-02-12,S,S,A,C,S,S,A,11.7006,13.31,12.61,0.7,,0,0.0,0.0,,0,0.0,0,0.0,0.0,,0,0.0,0,0.0,0.0,,0,0.0
prebreak,002353,2014-02-14,S,S,A,C,S,S,A,46.4176,50.26,47.68,2.58,,0,0.0,0.0,,0,0.0,0,0.0,0.0,,0,0.0,0,0.0,0.0,,0,0.0
prebreak,600062,2014-02-14,S,S,A,C,S,S,A,11.487,11.73,11.22,0.51,,1,11.73,11.5752,2014-02-21,0,-0.3208,1,11.73,11.22,2014-02-25,1,-1.0169,1,11.73,11.22,2014-02-25,1,-1.0169
prebreak,600600,2014-02-18,S,S,A,C,S,S,A,32.6463,35.66,34.15,1.51,,0,0.0,0.0,,0,0.0,0,0.0,0.0,,0,0.0,0,0.0,0.0,,0,0.0
prebreak,000568,2014-02-19,S,S,A,C,S,S,A,12.5313,13.31,12.61,0.7,,0,0.0,0.0,,0,0.0,0,0.0,0.0,,0,0.0,1,13.31,12.61,2014-03-28,1,-1.0138
prebreak,601336,2014-02-19,S,S,A,C,S,S,A,16.5741,16.76,16.02,0.74,,1,16.76,16.02,2014-02-24,1,-1.0166,1,16.76,16.02,2014-02-24,1,-1.0166,1,16.76,16.02,2014-02-24,1,-1.0166
prebreak,300204,2014-02-24,S,S,A,C,S,S,A,13.0704,12.42,11.82,0.6,,0,0.0,0.0,,0,0.0,0,0.0,0.0,,0,0.0,0,0.0,0.0,,0,0.0
prebreak,601336,2014-02-26,S,S,A,C,S,S,A,15.8355,16.91,16.03,0.88,,0,0.0,0.0,,0,0.0,0,0.0,0.0,,0,0.0,0,0.0,0.0,,0,0.0
prebreak,000423,2014-02-27,S,S,A,C,S,S,A,26.6074,28.48,27.38,1.1,,0,0.0,0.0,,0,0.0,0,0.0,0.0,,0,0.0,0,0.0,0.0,,0,0.0
prebreak,002393,2014-03-03,S,S,A,C,S,S,A,17.9813,19.24,18.26,0.98,,0,0.0,0.0,,0,0.0,0,0.0,0.0,,0,0.0,0,0.0,0.0,,0,0.0
prebreak,601336,2014-03-05,S,S,A,C,S,S,A,15.6361,16.09,15.5,0.59,,0,0.0,0.0,,0,0.0,0,0.0,0.0,,0,0.0,0,0.0,0.0,,0,0.0
prebreak,000423,2014-03-06,S,S,A,C,S,S,A,26.7408,27.46,26.27,1.19,,0,0.0,0.0,,0,0.0,0,0.0,0.0,,0,0.0,0,0.0,0.0,,0,0.0
prebreak,000423,2014-03-13,S,S,A,C,S,S,A,27.8974,27.77,26.28,1.49,,0,0.0,0.0,,0,0.0,0,0.0,0.0,,0,0.0,0,0.0,0.0,,0,0.0
prebreak,002275,2014-03-21,S,S,A,C,S,S,A,10.8236,9.9,9.37,0.53,,1,9.9,11.2651,2014-03-26,0,2.5599,1,9.9,11.2651,2014-03-26,0,2.5599,1,9.9,11.2651,2014-03-26,0,2.5599
prebreak,600309,2014-03-21,S,S,A,C,S,S,A,10.2445,10.72,10.19,0.53,,0,0.0,0.0,,0,0.0,1,10.72,10.7885,2014-04-04,0,0.1138,1,10.72,10.19,2014-04-18,1,-1.0147
prebreak,000869,2014-03-25,S,S,A,C,S,S,A,21.3403,21.65,20.55,1.1,,0,0.0,0.0,,0,0.0,0,0.0,0.0,,0,0.0,0,0.0,0.0,,0,0.0
prebreak,600805,2014-04-02,S,S,A,C,S,S,A,9.5343,10.35,9.83,0.52,,0,0.0,0.0,,0,0.0,0,0.0,0.0,,0,0.0,0,0.0,0.0,,0,0.0
prebreak,000423,2014-04-03,S,S,A,C,S,S,A,25.3174,28.08,26.93,1.15,,0,0.0,0.0,,0,0.0,0,0.0,0.0,,0,0.0,0,0.0,0.0,,0,0.0
prebreak,000423,2014-04-11,S,S,A,C,S,S,A,26.6519,26.12,24.9,1.22,,0,0.0,0.0,,0,0.0,0,0.0,0.0,,0,0.0,0,0.0,0.0,,0,0.0
prebreak,000869,2014-04-16,S,S,A,C,S,S,A,21.7636,22.41,21.36,1.05,,0,0.0,0.0,,0,0.0,0,0.0,0.0,,0,0.0,0,0.0,0.0,,0,0.0
prebreak,601336,2014-04-17,S,S,A,C,S,S,A,15.2668,15.41,14.7,0.71,,0,0.0,0.0,,0,0.0,0,0.0,0.0,,0,0.0,0,0.0,0.0,,0,0.0
prebreak,601336,2014-05-05,S,S,A,C,S,S,A,14.7129,15.17,14.49,0.68,,0,0.0,0.0,,0,0.0,0,0.0,0.0,,0,0.0,0,0.0,0.0,,0,0.0
prebreak,600600,2014-05-09,S,S,A,C,S,S,A,31.8894,32.64,31.51,1.13,,0,0.0,0.0,,0,0.0,0,0.0,0.0,,0,0.0,0,0.0,0.0,,0,0.0
prebreak,600600,2014-05-16,S,S,A,C,S,S,A,32.7913,33.29,31.81,1.48,,1,33.29,34.7723,2014-05-23,0,0.9838,1,33.29,34.2247,2014-05-30,0,0.6141,1,33.29,33.29,2014-06-04,1,-0.0171
prebreak,600600,2014-05-23,S,S,A,C,S,S,A,34.7723,33.29,31.81,1.48,,0,0.0,0.0,,0,0.0,0,0.0,0.0,,0,0.0,0,0.0,0.0,,0,0.0
prebreak,600600,2014-05-30,S,S,A,C,S,S,A,34.2247,35.38,33.7,1.68,,0,0.0,0.0,,0,0.0,0,0.0,0.0,,0,0.0,0,0.0,0.0,,0,0.0
prebreak,000917,2014-06-03,S,S,A,C,S,S,A,13.9795,14.22,13.7,0.52,,1,14.22,13.902,2014-06-09,0,-0.632,1,14.22,13.902,2014-06-09,0,-0.632,1,14.22,13.902,2014-06-09,0,-0.632
prebreak,600009,2014-06-05,S,S,A,C,S,S,A,11.4626,11.93,11.38,0.55,,0,0.0,0.0,,0,0.0,0,0.0,0.0,,0,0.0,0,0.0,0.0,,0,0.0
prebreak,600600,2014-06-09,S,S,A,C,S,S,A,33.5322,34.59,32.79,1.8,,0,0.0,0.0,,0,0.0,0,0.0,0.0,,0,0.0,0,0.0,0.0,,0,0.0
prebreak,000917,2014-06-10,S,S,A,C,S,S,A,14.1926,14.45,13.74,0.71,,1,14.45,14.2895,2014-06-17,0,-0.2414,1,14.45,14.0182,2014-06-24,0,-0.6232,1,14.45,15.97,2014-09-16,1,2.124
prebreak,600332,2014-06-23,S,S,A,C,S,S,A,19.2419,19.85,19.03,0.82,,0,0.0,0.0,,0,0.0,0,0.0,0.0,,0,0.0,0,0.0,0.0,,0,0.0
prebreak,000917,2014-06-24,S,S,A,C,S,S,A,14.0182,14.74,14.08,0.66,,1,14.74,14.6867,2014-07-01,0,-0.0977,1,14.74,16.537,2014-07-08,0,2.7041,1,14.74,15.97,2014-09-16,1,1.8455
prebreak,600332,2014-06-30,S,S,A,C,S,S,A,19.7823,20.19,19.19,1.0,,0,0.0,0.0,,0,0.0,0,0.0,0.0,,0,0.0,0,0.0,0.0,,0,0.0
prebreak,000917,2014-07-01,S,S,A,C,S,S,A,14.6867,14.44,13.73,0.71,,0,0.0,0.0,,0,0.0,0,0.0,0.0,,0,0.0,0,0.0,0.0,,0,0.0
prebreak,601336,2014-07-01,S,S,A,C,S,S,A,15.5696,15.75,15.06,0.69,,0,0.0,0.0,,0,0.0,0,0.0,0.0,,0,0.0,0,0.0,0.0,,0,0.0
prebreak,002025,2014-07-02,S,S,A,C,S,S,A,11.239,10.25,9.75,0.5,,0,0.0,0.0,,0,0.0,0,0.0,0.0,,0,0.0,0,0.0,0.0,,0,0.0
prebreak,601336,2014-07-08,S,S,A,C,S,S,A,16.3673,15.88,15.13,0.75,,0,0.0,0.0,,0,0.0,0,0.0,0.0,,0,0.0,0,0.0,0.0,,0,0.0
prebreak,600332,2014-07-14,S,S,A,C,S,S,A,18.5504,20.39,19.46,0.93,,0,0.0,0.0,,0,0.0,0,0.0,0.0,,0,0.0,1,20.39,20.39,2014-08-21,1,-0.0167
prebreak,601336,2014-07-15,S,S,A,C,S,S,A,16.0413,15.88,15.13,0.75,,0,0.0,0.0,,0,0.0,0,0.0,0.0,,0,0.0,0,0.0,0.0,,0,0.0
prebreak,002646,2014-07-18,S,S,A,C,S,S,A,15.087,14.71,14.12,0.59,,0,0.0,0.0,,0,0.0,0,0.0,0.0,,0,0.0,0,0.0,0.0,,0,0.0
prebreak,000858,2014-07-23,S,S,A,C,S,S,A,14.4316,13.45,12.78,0.67,,0,0.0,0.0,,0,0.0,0,0.0,0.0,,0,0.0,0,0.0,0.0,,0,0.0
prebreak,002646,2014-07-25,S,S,A,C,S,S,A,15.4504,14.71,14.12,0.59,,0,0.0,0.0,,0,0.0,0,0.0,0.0,,0,0.0,0,0.0,0.0,,0,0.0
prebreak,600535,2014-07-25,S,S,A,C,S,S,A,21.7159,22.03,21.09,0.94,,1,22.03,22.625,2014-08-01,0,0.6147,1,22.03,22.1929,2014-08-08,0,0.1554,1,22.03,24.5497,2014-10-08,0,2.661
prebreak,000752,2014-08-11,S,S,A,C,S,S,A,11.229,10.4,9.86,0.54,,0,0.0,0.0,,0,0.0,0,0.0,0.0,,0,0.0,0,0.0,0.0,,0,0.0
prebreak,000669,2014-08-19,S,S,A,C,S,S,A,14.6193,14.28,13.55,0.73,,0,0.0,0.0,,0,0.0,0,0.0,0.0,,0,0.0,0,0.0,0.0,,0,0.0
prebreak,600138,2014-09-02,S,S,A,C,S,S,A,14.4916,13.76,13.1,0.66,,1,13.76,15.1121,2014-09-05,0,2.0316,1,13.76,15.1121,2014-09-05,0,2.0316,1,13.76,15.1121,2014-09-05,0,2.0316
prebreak,002513,2014-09-09,S,S,A,C,S,S,A,11.1227,10.82,10.25,0.57,,0,0.0,0.0,,0,0.0,0,0.0,0.0,,0,0.0,0,0.0,0.0,,0,0.0
prebreak,601601,2014-09-12,S,S,A,C,S,S,A,13.2462,13.38,12.75,0.63,,0,0.0,0.0,,0,0.0,0,0.0,0.0,,0,0.0,0,0.0,0.0,,0,0.0
prebreak,600058,2014-09-18,S,S,A,C,S,S,A,12.0634,12.28,11.69,0.59,,0,0.0,0.0,,0,0.0,1,12.28,12.322,2014-10-09,0,0.0553,1,12.28,11.69,2014-10-22,1,-1.0152
prebreak,600315,2014-09-18,S,S,A,C,S,S,A,31.4898,32.41,30.82,1.59,,0,0.0,0.0,,0,0.0,1,32.41,32.8049,2014-10-09,0,0.2327,1,32.41,32.1829,2014-10-10,0,-0.1582
prebreak,601601,2014-09-19,S,S,A,C,S,S,A,13.132,13.24,12.74,0.5,,0,0.0,0.0,,0,0.0,0,0.0,0.0,,0,0.0,0,0.0,0.0,,0,0.0
prebreak,601888,2014-09-19,S,S,A,C,S,S,A,17.3368,17.41,16.55,0.86,,0,0.0,0.0,,0,0.0,0,0.0,0.0,,0,0.0,0,0.0,0.0,,0,0.0
prebreak,002513,2014-09-23,S,S,A,C,S,S,A,12.3297,11.29,10.72,0.57,,0,0.0,0.0,,0,0.0,0,0.0,0.0,,0,0.0,0,0.0,0.0,,0,0.0
prebreak,600058,2014-09-25,S,S,A,C,S,S,A,12.0535,12.11,11.52,0.59,,0,0.0,0.0,,0,0.0,0,0.0,0.0,,0,0.0,0,0.0,0.0,,0,0.0
prebreak,601888,2014-09-26,S,S,A,C,S,S,A,16.9176,17.41,16.55,0.86,,1,17.41,16.55,2014-09-30,1,-1.0148,1,17.41,16.55,2014-09-30,1,-1.0148,1,17.41,16.55,2014-09-30,1,-1.0148
prebreak,000969,2014-10-08,S,S,A,C,S,S,A,9.8683,10.0,9.48,0.52,,1,10.0,9.622,2014-10-13,0,-0.741,1,10.0,9.622,2014-10-13,0,-0.741,1,10.0,9.622,2014-10-13,0,-0.741
prebreak,601336,2014-10-08,S,S,A,C,S,S,A,18.1905,18.36,17.68,0.68,,0,0.0,0.0,,0,0.0,0,0.0,0.0,,0,0.0,0,0.0,0.0,,0,0.0
prebreak,600594,2014-10-14,S,S,A,C,S,S,A,16.3916,16.58,15.88,0.7,,1,16.58,16.6708,2014-10-21,0,0.1117,1,16.58,15.88,2014-10-28,1,-1.0174,1,16.58,15.88,2014-10-28,1,-1.0174
prebreak,002051,2014-10-24,S,S,A,C,S,S,A,10.733,11.35,10.78,0.57,,1,11.35,11.4525,2014-10-31,0,0.1646,1,11.35,14.0827,2014-11-07,0,4.7761,1,11.35,14.0,2014-11-12,1,4.6311
prebreak,600648,2014-10-24,S,S,A,C,S,S,A,20.9791,21.44,20.64,0.8,,1,21.44,21.7709,2014-10-31,0,0.393,1,21.44,21.4617,2014-11-07,0,0.0068,1,21.44,24.47,2014-11-27,1,3.7647
prebreak,002574,2014-10-29,S,S,A,C,S,S,A,10.4064,10.46,9.93,0.53,,0,0.0,0.0,,0,0.0,0,0.0,0.0,,0,0.0,0,0.0,0.0,,0,0.0
prebreak,600486,2014-10-29,S,S,A,C,S,S,A,13.7869,13.36,12.73,0.63,,1,13.36,13.4459,2014-11-05,0,0.1201,1,13.36,13.4123,2014-11-12,0,0.0669,1,13.36,15.576,2014-11-27,0,3.4991
prebreak,000423,2014-10-30,S,S,A,C,S,S,A,25.8476,26.09,24.82,1.27,,0,0.0,0.0,,0,0.0,0,0.0,0.0,,0,0.0,0,0.0,0.0,,0,0.0
prebreak,600315,2014-10-30,S,S,A,C,S,S,A,32.5916,32.19,30.83,1.36,,0,0.0,0.0,,0,0.0,0,0.0,0.0,,0,0.0,0,0.0,0.0,,0,0.0
prebreak,002051,2014-10-31,S,S,A,C,S,S,A,11.4525,11.04,10.54,0.5,,1,11.04,14.0827,2014-11-07,0,6.0648,1,11.04,14.4247,2014-11-14,0,6.7484,1,11.04,13.89,2014-11-20,1,5.6796
prebreak,600648,2014-10-31,S,S,A,C,S,S,A,21.7709,21.44,20.52,0.92,,0,0.0,0.0,,0,0.0,0,0.0,0.0,,0,0.0,0,0.0,0.0,,0,0.0
prebreak,600378,2014-11-03,S,S,A,C,S,S,A,13.9375,13.4,12.71,0.69,,0,0.0,0.0,,0,0.0,0,0.0,0.0,,0,0.0,0,0.0,0.0,,0,0.0
prebreak,000538,2014-11-04,S,S,A,C,S,S,A,27.7337,29.03,27.65,1.38,,0,0.0,0.0,,0,0.0,1,29.03,28.2231,2014-11-18,0,-0.6003,1,29.03,28.2231,2014-11-18,0,-0.6003
prebreak,000576,2014-11-04,S,S,A,C,S,S,A,13.1093,13.57,12.92,0.65,,0,0.0,0.0,,0,0.0,0,0.0,0.0,,0,0.0,0,0.0,0.0,,0,0.0
prebreak,002653,2014-11-04,S,S,A,C,S,S,A,18.1671,18.76,17.79,0.97,,0,0.0,0.0,,0,0.0,0,0.0,0.0,,0,0.0,0,0.0,0.0,,0,0.0
prebreak,000917,2014-11-05,S,S,A,C,S,S,A,17.247,18.1,17.17,0.93,,0,0.0,0.0,,0,0.0,0,0.0,0.0,,0,0.0,1,18.1,17.17,2014-12-09,1,-1.0142
prebreak,002428,2014-11-05,S,S,A,C,S,S,A,13.5918,14.06,13.48,0.58,,0,0.0,0.0,,0,0.0,0,0.0,0.0,,0,0.0,1,14.06,15.1704,2015-01-07,0,1.8948
prebreak,300070,2014-11-05,S,S,A,C,S,S,A,10.7885,11.16,10.6,0.56,,0,0.0,0.0,,0,0.0,0,0.0,0.0,,0,0.0,0,0.0,0.0,,0,0.0
prebreak,600654,2014-11-05,S,S,A,C,S,S,A,10.2994,10.5,10.0,0.5,,1,10.5,10.9332,2014-11-12,0,0.85,1,10.5,11.161,2014-11-25,0,1.3052,1,10.5,10.5,2014-12-08,1,-0.016
prebreak,600706,2014-11-05,S,S,A,C,S,S,A,12.267,11.62,11.03,0.59,,0,0.0,0.0,,0,0.0,0,0.0,0.0,,0,0.0,0,0.0,0.0,,0,0.0
prebreak,002241,2014-11-06,S,S,A,C,S,S,A,12.7239,12.86,12.26,0.6,,0,0.0,0.0,,0,0.0,0,0.0,0.0,,0,0.0,0,0.0,0.0,,0,0.0
prebreak,600111,2014-11-06,S,S,A,C,S,S,A,13.6889,13.69,12.98,0.71,,0,0.0,0.0,,0,0.0,0,0.0,0.0,,0,0.0,0,0.0,0.0,,0,0.0
prebreak,600292,2014-11-06,S,S,A,C,S,S,A,17.0662,15.94,15.28,0.66,,1,15.94,17.7538,2014-11-13,0,2.7281,1,15.94,16.357,2014-11-20,0,0.613,1,15.94,15.94,2014-12-09,1,-0.0184
prebreak,600315,2014-11-06,S,S,A,C,S,S,A,31.9252,32.79,31.52,1.27,,0,0.0,0.0,,0,0.0,0,0.0,0.0,,0,0.0,0,0.0,0.0,,0,0.0
prebreak,600436,2014-11-06,S,S,A,C,S,S,A,20.4976,22.17,21.11,1.06,,0,0.0,0.0,,0,0.0,1,22.17,21.4908,2014-11-18,0,-0.6563,1,22.17,21.4908,2014-11-18,0,-0.6563
prebreak,002106,2014-11-10,S,S,A,C,S,S,A,12.0363,11.46,10.86,0.6,,0,0.0,0.0,,0,0.0,0,0.0,0.0,,0,0.0,0,0.0,0.0,,0,0.0
prebreak,600378,2014-11-10,S,S,A,C,S,S,A,13.9831,13.4,12.71,0.69,,0,0.0,0.0,,0,0.0,0,0.0,0.0,,0,0.0,0,0.0,0.0,,0,0.0
prebreak,000701,2014-11-12,S,S,A,C,S,S,A,11.7466,12.33,11.81,0.52,,0,0.0,0.0,,0,0.0,1,12.33,12.2475,2014-11-26,0,-0.1766,1,12.33,11.81,2014-12-05,1,-1.0174
prebreak,000917,2014-11-12,S,S,A,C,S,S,A,16.7711,17.81,17.08,0.73,,0,0.0,0.0,,0,0.0,1,17.81,17.8199,2014-11-26,0,-0.005,1,17.81,17.81,2014-12-05,1,-0.0185
prebreak,002428,2014-11-12,S,S,A,C,S,S,A,13.423,13.72,13.01,0.71,,1,13.72,13.6414,2014-11-19,0,-0.1253,1,13.72,14.4059,2014-11-26,0,0.9508,1,13.72,15.1704,2015-01-07,0,2.0268
prebreak,300070,2014-11-12,S,S,A,C,S,S,A,10.7235,11.16,10.6,0.56,,1,11.16,11.2285,2014-11-19,0,0.107,1,11.16,11.1022,2014-11-20,0,-0.1183,1,11.16,11.1022,2014-11-20,0,-0.1183
prebreak,600706,2014-11-12,S,S,A,C,S,S,A,12.3416,11.62,11.03,0.59,,1,11.62,12.4161,2014-11-19,0,1.3335,1,11.62,13.8159,2014-11-26,0,3.7046,1,11.62,13.7579,2014-12-11,1,3.6064
prebreak,000605,2014-11-13,S,S,A,C,S,S,A,12.5651,12.38,11.75,0.63,,0,0.0,0.0,,0,0.0,0,0.0,0.0,,0,0.0,0,0.0,0.0,,0,0.0
prebreak,002241,2014-11-13,S,S,A,C,S,S,A,11.7472,12.86,12.22,0.64,,0,0.0,0.0,,0,0.0,0,0.0,0.0,,0,0.0,0,0.0,0.0,,0,0.0
prebreak,600111,2014-11-13,S,S,A,C,S,S,A,14.5046,13.99,13.44,0.55,,1,13.99,13.9438,2014-11-18,0,-0.1033,1,13.99,13.9438,2014-11-18,0,-0.1033,1,13.99,13.9438,2014-11-18,0,-0.1033
prebreak,600292,2014-11-13,S,S,A,C,S,S,A,17.7538,15.94,15.28,0.66,,0,0.0,0.0,,0,0.0,0,0.0,0.0,,0,0.0,0,0.0,0.0,,0,0.0
prebreak,600436,2014-11-13,S,S,A,C,S,S,A,21.2056,22.17,21.11,1.06,,1,22.17,21.4908,2014-11-18,0,-0.6563,1,22.17,21.4908,2014-11-18,0,-0.6563,1,22.17,21.4908,2014-11-18,0,-0.6563
prebreak,600309,2014-11-14,S,S,A,C,S,S,A,11.1859,11.74,11.16,0.58,,0,0.0,0.0,,0,0.0,0,0.0,0.0,,0,0.0,1,11.74,15.0976,2015-01-06,0,5.7699
prebreak,600362,2014-11-14,S,S,A,C,S,S,A,11.6716,11.7,11.1,0.6,,0,0.0,0.0,,0,0.0,0,0.0,0.0,,0,0.0,0,0.0,0.0,,0,0.0
prebreak,600597,2014-11-14,S,S,A,C,S,S,A,14.1931,13.76,13.04,0.72,,1,13.76,13.2769,2014-11-19,0,-0.6851,1,13.76,13.2769,2014-11-19,0,-0.6851,1,13.76,13.2769,2014-11-19,0,-0.6851
prebreak,600648,2014-11-14,S,S,A,C,S,S,A,24.7798,22.06,21.12,0.94,,1,22.06,23.7089,2014-11-19,0,1.7353,1,22.06,23.7089,2014-11-19,0,1.7353,1,22.06,23.7089,2014-11-19,0,1.7353
prebreak,000049,2014-11-17,S,S,A,C,S,S,A,20.2255,20.42,19.6,0.82,,0,0.0,0.0,,0,0.0,0,0.0,0.0,,0,0.0,1,20.42,19.9439,2014-12-08,0,-0.5992
prebreak,002106,2014-11-17,S,S,A,C,S,S,A,11.2362,11.46,10.86,0.6,,0,0.0,0.0,,0,0.0,0,0.0,0.0,,0,0.0,0,0.0,0.0,,0,0.0
prebreak,002646,2014-11-17,S,S,A,C,S,S,A,16.9507,17.1,16.19,0.91,,0,0.0,0.0,,0,0.0,0,0.0,0.0,,0,0.0,0,0.0,0.0,,0,0.0
prebreak,300080,2014-11-17,S,S,A,C,S,S,A,9.5043,10.3,9.75,0.55,,0,0.0,0.0,,0,0.0,0,0.0,0.0,,0,0.0,0,0.0,0.0,,0,0.0
prebreak,600535,2014-11-17,S,S,A,C,S,S,A,23.2029,23.45,22.34,1.11,,0,0.0,0.0,,0,0.0,0,0.0,0.0,,0,0.0,0,0.0,0.0,,0,0.0
prebreak,600729,2014-11-17,S,S,A,C,S,S,A,12.7187,13.07,12.4,0.67,,0,0.0,0.0,,0,0.0,1,13.07,13.2118,2014-12-01,0,0.1966,1,13.07,14.0217,2014-12-24,0,1.4047
prebreak,002653,2014-11-18,S,S,A,C,S,S,A,17.3057,18.76,17.79,0.97,,0,0.0,0.0,,0,0.0,0,0.0,0.0,,0,0.0,0,0.0,0.0,,0,0.0
prebreak,600332,2014-11-18,S,S,A,C,S,S,A,20.6575,21.29,20.54,0.75,,0,0.0,0.0,,0,0.0,0,0.0,0.0,,0,0.0,0,0.0,0.0,,0,0.0
prebreak,002428,2014-11-19,S,S,A,C,S,S,A,13.6414,13.72,13.01,0.71,,0,0.0,0.0,,0,0.0,0,0.0,0.0,,0,0.0,0,0.0,0.0,,0,0.0
prebreak,300070,2014-11-19,S,S,A,C,S,S,A,11.2285,11.16,10.6,0.56,,0,0.0,0.0,,0,0.0,0,0.0,0.0,,0,0.0,0,0.0,0.0,,0,0.0
prebreak,600706,2014-11-19,S,S,A,C,S,S,A,12.4161,11.62,11.03,0.59,,0,0.0,0.0,,0,0.0,0,0.0,0.0,,0,0.0,0,0.0,0.0,,0,0.0
prebreak,600805,2014-11-19,S,S,A,C,S,S,A,10.3054,10.48,9.93,0.55,,0,0.0,0.0,,0,0.0,0,0.0,0.0,,0,0.0,0,0.0,0.0,,0,0.0
prebreak,000823,2014-11-20,S,S,A,C,S,S,A,10.0658,10.3,9.8,0.5,,0,0.0,0.0,,0,0.0,0,0.0,0.0,,0,0.0,0,0.0,0.0,,0,0.0
prebreak,000858,2014-11-20,S,S,A,C,S,S,A,12.9647,13.34,12.64,0.7,,0,0.0,0.0,,0,0.0,0,0.0,0.0,,0,0.0,0,0.0,0.0,,0,0.0
prebreak,600292,2014-11-20,S,S,A,C,S,S,A,16.357,15.94,15.28,0.66,,0,0.0,0.0,,0,0.0,0,0.0,0.0,,0,0.0,0,0.0,0.0,,0,0.0
prebreak,600436,2014-11-20,S,S,A,C,S,S,A,21.3089,22.17,21.11,1.06,,0,0.0,0.0,,0,0.0,0,0.0,0.0,,0,0.0,0,0.0,0.0,,0,0.0
prebreak,000826,2014-11-21,S,S,A,C,S,S,A,16.7623,17.04,16.35,0.69,,1,17.04,17.2064,2014-11-27,0,0.2222,1,17.04,17.2064,2014-11-27,0,0.2222,1,17.04,17.2064,2014-11-27,0,0.2222
prebreak,600648,2014-11-21,S,S,A,C,S,S,A,23.8598,22.06,21.12,0.94,,0,0.0,0.0,,0,0.0,0,0.0,0.0,,0,0.0,0,0.0,0.0,,0,0.0
prebreak,601601,2014-11-21,S,S,A,C,S,S,A,14.1737,13.52,13.01,0.51,,1,13.52,16.21,2014-11-28,0,5.251,1,13.52,17.9305,2014-12-05,0,8.6224,1,13.52,15.7,2014-12-02,1,4.2517
prebreak,600535,2014-11-24,S,S,A,C,S,S,A,22.3724,23.19,22.21,0.98,,1,23.19,23.2815,2014-12-01,0,0.0753,1,23.19,23.158,2014-12-03,0,-0.0506,1,23.19,23.158,2014-12-03,0,-0.0506
prebreak,601318,2014-11-24,S,S,A,C,S,S,A,15.3693,14.64,14.03,0.61,,0,0.0,0.0,,0,0.0,0,0.0,0.0,,0,0.0,0,0.0,0.0,,0,0.0
prebreak,000869,2014-11-25,S,S,A,C,S,S,A,24.8228,24.93,23.77,1.16,,0,0.0,0.0,,0,0.0,0,0.0,0.0,,0,0.0,0,0.0,0.0,,0,0.0
prebreak,300257,2014-11-25,S,S,A,C,S,S,A,16.9947,16.36,15.65,0.71,,1,16.36,16.6997,2014-12-02,0,0.4607,1,16.36,16.2456,2014-12-09,0,-0.1785,1,16.36,16.36,2014-12-03,1,-0.0175
prebreak,000568,2014-11-26,S,S,A,C,S,S,A,13.4724,13.3,12.67,0.63,,0,0.0,0.0,,0,0.0,0,0.0,0.0,,0,0.0,0,0.0,0.0,,0,0.0
prebreak,000669,2014-11-26,S,S,A,C,S,S,A,16.7968,15.31,14.65,0.66,,0,0.0,0.0,,0,0.0,0,0.0,0.0,,0,0.0,0,0.0,0.0,,0,0.0
prebreak,002428,2014-11-26,S,S,A,C,S,S,A,14.4059,14.08,13.39,0.69,,1,14.08,15.9547,2014-12-03,0,2.6998,1,14.08,15.1207,2014-12-10,0,1.4919,1,14.08,14.08,2014-12-24,1,-0.0155
prebreak,300070,2014-11-26,S,S,A,C,S,S,A,11.7564,11.16,10.6,0.56,,0,0.0,0.0,,0,0.0,0,0.0,0.0,,0,0.0,0,0.0,0.0,,0,0.0
prebreak,600805,2014-11-26,S,S,A,C,S,S,A,10.4757,10.56,10.02,0.54,,1,10.56,10.9583,2014-12-03,0,0.7223,1,10.56,11.4599,2014-12-10,0,1.6505,1,10.56,10.56,2014-12-30,1,-0.0149
prebreak,600292,2014-11-27,S,S,A,C,S,S,A,17.4498,15.94,15.28,0.66,,1,15.94,16.8564,2014-12-04,0,1.3692,1,15.94,17.6091,2014-12-11,0,2.5089,1,15.94,15.94,2014-12-09,1,-0.0184
prebreak,600859,2014-11-27,S,S,A,C,S,S,A,12.1349,12.14,11.52,0.62,,0,0.0,0.0,,0,0.0,0,0.0,0.0,,0,0.0,0,0.0,0.0,,0,0.0
prebreak,600362,2014-11-28,S,S,A,C,S,S,A,12.4965,11.81,11.29,0.52,,0,0.0,0.0,,0,0.0,0,0.0,0.0,,0,0.0,0,0.0,0.0,,0,0.0
prebreak,601601,2014-11-28,S,S,A,C,S,S,A,16.21,13.52,13.01,0.51,,1,13.52,17.9305,2014-12-05,0,8.6224,1,13.52,16.4923,2014-12-12,0,5.8041,1,13.52,17.23,2014-12-09,1,7.2498
prebreak,002106,2014-12-01,S,S,A,C,S,S,A,11.2275,11.76,11.16,0.6,,1,11.76,12.4973,2014-12-08,0,1.2131,1,11.76,12.6277,2014-12-15,0,1.4304,1,11.76,11.76,2014-12-19,1,-0.0149
prebreak,002186,2014-12-01,S,S,A,C,S,S,A,18.5371,19.41,18.43,0.98,,0,0.0,0.0,,0,0.0,0,0.0,0.0,,0,0.0,0,0.0,0.0,,0,0.0
prebreak,600729,2014-12-01,S,S,A,C,S,S,A,13.2118,12.94,12.42,0.52,,0,0.0,0.0,,0,0.0,0,0.0,0.0,,0,0.0,0,0.0,0.0,,0,0.0
prebreak,000869,2014-12-02,S,S,A,C,S,S,A,25.5879,25.16,24.04,1.12,,1,25.16,26.7687,2014-12-09,0,1.4184,1,25.16,28.1907,2014-12-16,0,2.6872,1,25.16,31.2676,2015-01-05,1,5.4327
prebreak,002344,2014-12-02,S,S,A,C,S,S,A,13.0758,12.96,12.31,0.65,,0,0.0,0.0,,0,0.0,0,0.0,0.0,,0,0.0,0,0.0,0.0,,0,0.0
prebreak,300257,2014-12-02,S,S,A,C,S,S,A,16.6997,16.36,15.65,0.71,,0,0.0,0.0,,0,0.0,0,0.0,0.0,,0,0.0,0,0.0,0.0,,0,0.0
prebreak,000669,2014-12-03,S,S,A,C,S,S,A,16.7898,15.31,14.65,0.66,,0,0.0,0.0,,0,0.0,0,0.0,0.0,,0,0.0,0,0.0,0.0,,0,0.0
prebreak,002304,2014-12-03,S,S,A,C,S,S,A,33.4318,31.24,29.8,1.44,,1,31.24,35.3875,2014-12-10,0,2.8619,1,31.24,33.837,2014-12-17,0,1.7858,1,31.24,43.4954,2015-01-05,0,8.4888
prebreak,300171,2014-12-03,S,S,A,C,S,S,A,11.542,12.08,11.53,0.55,,0,0.0,0.0,,0,0.0,0,0.0,0.0,,0,0.0,0,0.0,0.0,,0,0.0
prebreak,600805,2014-12-03,S,S,A,C,S,S,A,10.9583,10.89,10.33,0.56,,1,10.89,11.4599,2014-12-10,0,1.0022,1,10.89,11.4883,2014-12-17,0,1.0529,1,10.89,10.89,2014-12-19,1,-0.0148
prebreak,600831,2014-12-03,S,S,A,C,S,S,A,9.6705,9.59,9.09,0.5,,1,9.59,9.09,2014-12-05,1,-1.0139,1,9.59,9.09,2014-12-05,1,-1.0139,1,9.59,9.09,2014-12-05,1,-1.0139
prebreak,601799,2014-12-03,S,S,A,C,S,S,A,18.2992,18.78,17.79,0.99,,0,0.0,0.0,,0,0.0,0,0.0,0.0,,0,0.0,0,0.0,0.0,,0,0.0
prebreak,600292,2014-12-04,S,S,A,C,S,S,A,16.8564,17.1,16.22,0.88,,0,0.0,0.0,,0,0.0,0,0.0,0.0,,0,0.0,0,0.0,0.0,,0,0.0
prebreak,002106,2014-12-08,S,S,A,C,S,S,A,12.4973,11.76,11.16,0.6,,1,11.76,12.6277,2014-12-15,0,1.4304,1,11.76,11.3058,2014-12-22,0,-0.7714,1,11.76,11.76,2014-12-19,1,-0.0149
prebreak,002186,2014-12-08,S,S,A,C,S,S,A,18.35,19.44,18.41,1.03,,0,0.0,0.0,,0,0.0,0,0.0,0.0,,0,0.0,0,0.0,0.0,,0,0.0
prebreak,600329,2014-12-08,S,S,A,C,S,S,A,10.999,11.54,10.96,0.58,,1,11.54,11.581,2014-12-15,0,0.0555,1,11.54,11.3409,2014-12-17,0,-0.3581,1,11.54,11.3409,2014-12-17,0,-0.3581
prebreak,000669,2014-12-10,S,S,A,C,S,S,A,16.8458,15.31,14.65,0.66,,0,0.0,0.0,,0,0.0,0,0.0,0.0,,0,0.0,0,0.0,0.0,,0,0.0
prebreak,000701,2014-12-10,S,S,A,C,S,S,A,12.385,12.67,12.1,0.57,,1,12.67,13.2002,2014-12-17,0,0.9126,1,12.67,12.1,2014-12-22,1,-1.0163,1,12.67,12.67,2014-12-19,1,-0.0169
prebreak,002683,2014-12-10,S,S,A,C,S,S,A,9.0864,10.89,10.36,0.53,,0,0.0,0.0,,0,0.0,0,0.0,0.0,,0,0.0,0,0.0,0.0,,0,0.0
prebreak,300171,2014-12-10,S,S,A,C,S,S,A,11.1334,12.08,11.53,0.55,,0,0.0,0.0,,0,0.0,0,0.0,0.0,,0,0.0,0,0.0,0.0,,0,0.0
prebreak,600969,2014-12-10,S,S,A,C,S,S,A,11.29,10.81,10.29,0.52,,0,0.0,0.0,,0,0.0,0,0.0,0.0,,0,0.0,0,0.0,0.0,,0,0.0
prebreak,601799,2014-12-10,S,S,A,C,S,S,A,16.8777,18.72,17.79,0.93,,0,0.0,0.0,,0,0.0,0,0.0,0.0,,0,0.0,0,0.0,0.0,,0,0.0
prebreak,002422,2014-12-12,S,S,A,C,S,S,A,13.0388,13.31,12.8,0.51,,0,0.0,0.0,,0,0.0,0,0.0,0.0,,0,0.0,0,0.0,0.0,,0,0.0
prebreak,601888,2014-12-12,S,S,A,C,S,S,A,18.3914,17.95,17.06,0.89,,0,0.0,0.0,,0,0.0,0,0.0,0.0,,0,0.0,0,0.0,0.0,,0,0.0
prebreak,002186,2014-12-15,S,S,A,C,S,S,A,18.4716,18.65,17.85,0.8,,0,0.0,0.0,,0,0.0,0,0.0,0.0,,0,0.0,0,0.0,0.0,,0,0.0
prebreak,603001,2014-12-15,S,S,A,C,S,S,A,12.654,12.02,11.51,0.51,,0,0.0,0.0,,0,0.0,0,0.0,0.0,,0,0.0,0,0.0,0.0,,0,0.0
prebreak,000915,2014-12-16,S,S,A,C,S,S,A,17.0897,17.19,16.37,0.82,,0,0.0,0.0,,0,0.0,0,0.0,0.0,,0,0.0,0,0.0,0.0,,0,0.0
prebreak,002140,2014-12-16,S,S,A,C,S,S,A,13.28,14.14,13.44,0.7,,0,0.0,0.0,,0,0.0,0,0.0,0.0,,0,0.0,0,0.0,0.0,,0,0.0
prebreak,002653,2014-12-16,S,S,A,C,S,S,A,16.4185,17.4,16.51,0.89,,0,0.0,0.0,,0,0.0,0,0.0,0.0,,0,0.0,1,17.4,16.51,2015-01-15,1,-1.0142
prebreak,600697,2014-12-16,S,S,A,C,S,S,A,18.3729,17.5,16.63,0.87,,0,0.0,0.0,,0,0.0,0,0.0,0.0,,0,0.0,0,0.0,0.0,,0,0.0
prebreak,000823,2014-12-18,S,S,A,C,S,S,A,10.728,10.87,10.3,0.57,,0,0.0,0.0,,0,0.0,0,0.0,0.0,,0,0.0,0,0.0,0.0,,0,0.0
prebreak,002422,2014-12-19,S,S,A,C,S,S,A,11.6095,13.31,12.8,0.51,,0,0.0,0.0,,0,0.0,0,0.0,0.0,,0,0.0,0,0.0,0.0,,0,0.0
prebreak,600835,2014-12-19,S,S,A,C,S,S,A,14.105,13.74,13.08,0.66,,0,0.0,0.0,,0,0.0,0,0.0,0.0,,0,0.0,0,0.0,0.0,,0,0.0
prebreak,601888,2014-12-19,S,S,A,C,S,S,A,19.0974,17.95,17.06,0.89,,0,0.0,0.0,,0,0.0,0,0.0,0.0,,0,0.0,0,0.0,0.0,,0,0.0
prebreak,000701,2014-12-24,S,S,A,C,S,S,A,11.9234,12.67,12.1,0.57,,0,0.0,0.0,,0,0.0,0,0.0,0.0,,0,0.0,0,0.0,0.0,,0,0.0
prebreak,300171,2014-12-24,S,S,A,C,S,S,A,10.5872,12.08,11.53,0.55,,0,0.0,0.0,,0,0.0,0,0.0,0.0,,0,0.0,0,0.0,0.0,,0,0.0
prebreak,600638,2014-12-25,S,S,A,C,S,S,A,10.6668,10.81,10.26,0.55,,0,0.0,0.0,,0,0.0,0,0.0,0.0,,0,0.0,0,0.0,0.0,,0,0.0
prebreak,002362,2014-12-26,S,S,A,C,S,S,A,17.01,19.61,18.66,0.95,,0,0.0,0.0,,0,0.0,0,0.0,0.0,,0,0.0,0,0.0,0.0,,0,0.0
prebreak,002422,2014-12-26,S,S,A,C,S,S,A,12.0637,12.23,11.61,0.62,,0,0.0,0.0,,0,0.0,0,0.0,0.0,,0,0.0,0,0.0,0.0,,0,0.0
prebreak,000701,2014-12-31,S,S,A,C,S,S,A,11.7466,12.1,11.59,0.51,,0,0.0,0.0,,0,0.0,0,0.0,0.0,,0,0.0,0,0.0,0.0,,0,0.0
prebreak,002038,2015-01-05,S,S,A,C,S,S,A,15.9656,16.01,15.25,0.76,,1,16.01,16.0688,2015-01-08,0,0.0613,1,16.01,16.0688,2015-01-08,0,0.0613,1,16.01,16.0688,2015-01-08,0,0.0613
prebreak,000581,2015-01-06,S,S,A,C,S,S,A,16.7984,16.68,15.87,0.81,,0,0.0,0.0,,0,0.0,0,0.0,0.0,,0,0.0,0,0.0,0.0,,0,0.0
prebreak,000919,2015-01-06,S,S,A,C,S,S,A,11.5277,12.21,11.61,0.6,,0,0.0,0.0,,0,0.0,0,0.0,0.0,,0,0.0,0,0.0,0.0,,0,0.0
prebreak,002275,2015-01-06,S,S,A,C,S,S,A,12.7268,12.36,11.77,0.59,,0,0.0,0.0,,0,0.0,0,0.0,0.0,,0,0.0,0,0.0,0.0,,0,0.0
prebreak,002294,2015-01-06,S,S,A,C,S,S,A,18.9387,18.28,17.55,0.73,,0,0.0,0.0,,0,0.0,0,0.0,0.0,,0,0.0,0,0.0,0.0,,0,0.0
prebreak,002422,2015-01-06,S,S,A,C,S,S,A,12.9304,12.31,11.74,0.57,,0,0.0,0.0,,0,0.0,0,0.0,0.0,,0,0.0,0,0.0,0.0,,0,0.0
prebreak,000929,2015-01-07,S,S,A,C,S,S,A,10.5987,10.67,10.12,0.55,,1,10.67,10.2703,2015-01-12,0,-0.741,1,10.67,10.2703,2015-01-12,0,-0.741,1,10.67,10.2703,2015-01-12,0,-0.741
prebreak,002186,2015-01-07,S,S,A,C,S,S,A,17.9385,18.36,17.57,0.79,,0,0.0,0.0,,0,0.0,0,0.0,0.0,,0,0.0,1,18.36,18.4248,2015-01-28,0,0.0643
prebreak,002393,2015-01-07,S,S,A,C,S,S,A,16.3358,16.58,16.01,0.57,,0,0.0,0.0,,0,0.0,0,0.0,0.0,,0,0.0,0,0.0,0.0,,0,0.0
prebreak,600132,2015-01-07,S,S,A,C,S,S,A,12.3712,12.41,11.76,0.65,,0,0.0,0.0,,0,0.0,0,0.0,0.0,,0,0.0,0,0.0,0.0,,0,0.0
prebreak,000581,2015-01-13,S,S,A,C,S,S,A,18.3542,16.68,15.87,0.81,,0,0.0,0.0,,0,0.0,0,0.0,0.0,,0,0.0,0,0.0,0.0,,0,0.0
prebreak,002294,2015-01-13,S,S,A,C,S,S,A,19.2063,18.28,17.55,0.73,,0,0.0,0.0,,0,0.0,0,0.0,0.0,,0,0.0,0,0.0,0.0,,0,0.0
prebreak,000929,2015-01-14,S,S,A,C,S,S,A,10.0116,10.67,10.12,0.55,,0,0.0,0.0,,0,0.0,1,10.67,11.6437,2015-01-28,0,1.7545,1,10.67,14.7785,2015-04-07,1,7.4506
prebreak,600132,2015-01-14,S,S,A,C,S,S,A,12.1559,12.52,11.99,0.53,,0,0.0,0.0,,0,0.0,0,0.0,0.0,,0,0.0,0,0.0,0.0,,0,0.0
prebreak,601808,2015-01-14,S,S,A,C,S,S,A,16.8326,16.59,15.78,0.81,,0,0.0,0.0,,0,0.0,0,0.0,0.0,,0,0.0,0,0.0,0.0,,0,0.0
prebreak,000553,2015-01-15,S,S,A,C,S,S,A,13.0688,13.43,12.8,0.63,,0,0.0,0.0,,0,0.0,0,0.0,0.0,,0,0.0,0,0.0,0.0,,0,0.0
prebreak,000915,2015-01-15,S,S,A,C,S,S,A,14.9287,15.22,14.58,0.64,,0,0.0,0.0,,0,0.0,0,0.0,0.0,,0,0.0,0,0.0,0.0,,0,0.0
prebreak,600594,2015-01-15,S,S,A,C,S,S,A,15.369,14.46,13.72,0.74,,0,0.0,0.0,,0,0.0,0,0.0,0.0,,0,0.0,0,0.0,0.0,,0,0.0
prebreak,600138,2015-01-16,S,S,A,C,S,S,A,16.1847,15.83,15.12,0.71,,1,15.83,16.7428,2015-01-23,0,1.2678,1,15.83,16.2982,2015-01-30,0,0.642,1,15.83,15.83,2015-02-06,1,-0.0169
prebreak,002041,2015-01-20,S,S,A,C,S,S,A,13.3441,13.11,12.51,0.6,,0,0.0,0.0,,0,0.0,0,0.0,0.0,,0,0.0,0,0.0,0.0,,0,0.0
prebreak,600597,2015-01-20,S,S,A,C,S,S,A,15.0661,14.79,14.11,0.68,,0,0.0,0.0,,0,0.0,0,0.0,0.0,,0,0.0,0,0.0,0.0,,0,0.0
prebreak,000049,2015-01-21,S,S,A,C,S,S,A,19.4304,18.12,17.2,0.92,,1,18.12,20.7721,2015-01-28,0,2.8659,1,18.12,19.5408,2015-02-04,0,1.5284,1,18.12,22.6053,2015-03-05,0,4.8572
prebreak,000513,2015-01-21,S,S,A,C,S,S,A,12.5781,13.05,12.37,0.68,,0,0.0,0.0,,0,0.0,0,0.0,0.0,,0,0.0,0,0.0,0.0,,0,0.0
prebreak,600389,2015-01-21,S,S,A,C,S,S,A,10.4677,10.1,9.59,0.51,,0,0.0,0.0,,0,0.0,0,0.0,0.0,,0,0.0,0,0.0,0.0,,0,0.0
prebreak,000553,2015-01-22,S,S,A,C,S,S,A,13.5737,13.31,12.71,0.6,,0,0.0,0.0,,0,0.0,0,0.0,0.0,,0,0.0,0,0.0,0.0,,0,0.0
prebreak,000915,2015-01-22,S,S,A,C,S,S,A,15.6398,15.22,14.44,0.78,,0,0.0,0.0,,0,0.0,0,0.0,0.0,,0,0.0,0,0.0,0.0,,0,0.0
prebreak,600138,2015-01-23,S,S,A,C,S,S,A,16.7428,15.83,15.12,0.71,,0,0.0,0.0,,0,0.0,0,0.0,0.0,,0,0.0,0,0.0,0.0,,0,0.0
prebreak,002038,2015-01-26,S,S,A,C,S,S,A,16.902,16.57,15.84,0.73,,0,0.0,0.0,,0,0.0,0,0.0,0.0,,0,0.0,0,0.0,0.0,,0,0.0
prebreak,600097,2015-01-26,S,S,A,C,S,S,A,13.4397,12.05,11.48,0.57,,1,12.05,13.1364,2015-01-29,0,1.8888,1,12.05,13.1364,2015-01-29,0,1.8888,1,12.05,13.1364,2015-01-29,0,1.8888
prebreak,600315,2015-01-26,S,S,A,C,S,S,A,35.0707,31.15,29.79,1.36,,0,0.0,0.0,,0,0.0,0,0.0,0.0,,0,0.0,0,0.0,0.0,,0,0.0
prebreak,000581,2015-01-27,S,S,A,C,S,S,A,18.1144,16.68,15.87,0.81,,0,0.0,0.0,,0,0.0,0,0.0,0.0,,0,0.0,0,0.0,0.0,,0,0.0
prebreak,002008,2015-01-27,S,S,A,C,S,S,A,15.805,16.34,15.51,0.83,,0,0.0,0.0,,0,0.0,1,16.34,15.51,2015-02-06,1,-1.0143,1,16.34,15.51,2015-02-06,1,-1.0143
prebreak,002422,2015-01-27,S,S,A,C,S,S,A,13.7389,12.31,11.74,0.57,,1,12.31,14.0847,2015-02-03,0,3.0952,1,12.31,13.2305,2015-02-10,0,1.5974,1,12.31,17.5642,2015-04-13,1,9.1957
prebreak,000553,2015-01-29,S,S,A,C,S,S,A,13.4086,14.06,13.34,0.72,,1,14.06,13.34,2015-02-05,1,-1.0142,1,14.06,13.34,2015-02-05,1,-1.0142,1,14.06,13.34,2015-02-05,1,-1.0142
prebreak,002041,2015-02-03,S,S,A,C,S,S,A,12.9137,13.8,13.1,0.7,,0,0.0,0.0,,0,0.0,0,0.0,0.0,,0,0.0,0,0.0,0.0,,0,0.0
prebreak,600983,2015-02-03,S,S,A,C,S,S,A,10.375,10.73,10.22,0.51,,0,0.0,0.0,,0,0.0,0,0.0,0.0,,0,0.0,1,10.73,10.22,2015-03-09,1,-1.0154
prebreak,000423,2015-02-09,S,S,A,C,S,S,A,27.7975,29.52,28.05,1.47,,0,0.0,0.0,,0,0.0,0,0.0,0.0,,0,0.0,1,29.52,28.7952,2015-03-06,0,-0.508
prebreak,002038,2015-02-09,S,S,A,C,S,S,A,15.8744,16.81,16.2,0.61,,0,0.0,0.0,,0,0.0,1,16.81,16.8266,2015-02-27,0,0.0062,1,16.81,16.8266,2015-02-27,0,0.0062
prebreak,600436,2015-02-09,S,S,A,C,S,S,A,25.3135,22.3,21.4,0.9,,0,0.0,0.0,,0,0.0,0,0.0,0.0,,0,0.0,0,0.0,0.0,,0,0.0
prebreak,000581,2015-02-10,S,S,A,C,S,S,A,16.5644,17.28,16.54,0.74,,0,0.0,0.0,,0,0.0,0,0.0,0.0,,0,0.0,0,0.0,0.0,,0,0.0
prebreak,000919,2015-02-10,S,S,A,C,S,S,A,11.0491,11.99,11.39,0.6,,0,0.0,0.0,,0,0.0,1,11.99,11.9073,2015-03-03,0,-0.1529,1,11.99,14.38,2015-04-09,1,3.9656
prebreak,600847,2015-02-10,S,S,A,C,S,S,A,15.72,16.2,15.41,0.79,,1,16.2,17.89,2015-02-17,0,2.1223,1,16.2,17.68,2015-03-03,0,1.8567,1,16.2,20.89,2015-03-18,1,5.9174
prebreak,600983,2015-02-10,S,S,A,C,S,S,A,9.7227,10.73,10.22,0.51,,0,0.0,0.0,,0,0.0,0,0.0,0.0,,0,0.0,1,10.73,10.22,2015-03-09,1,-1.0154
prebreak,000513,2015-02-11,S,S,A,C,S,S,A,12.1071,12.72,12.13,0.59,,0,0.0,0.0,,0,0.0,1,12.72,12.6382,2015-03-03,0,-0.1549,1,12.72,12.6382,2015-03-03,0,-0.1549
prebreak,000553,2015-02-12,S,S,A,C,S,S,A,13.3406,13.49,12.84,0.65,,0,0.0,0.0,,0,0.0,0,0.0,0.0,,0,0.0,0,0.0,0.0,,0,0.0
prebreak,000999,2015-02-12,S,S,A,C,S,S,A,11.3561,11.48,10.93,0.55,,0,0.0,0.0,,0,0.0,0,0.0,0.0,,0,0.0,0,0.0,0.0,,0,0.0
prebreak,002140,2015-02-12,S,S,A,C,S,S,A,13.7802,13.92,13.4,0.52,,0,0.0,0.0,,0,0.0,0,0.0,0.0,,0,0.0,0,0.0,0.0,,0,0.0
prebreak,000917,2015-02-13,S,S,A,C,S,S,A,17.2858,17.09,16.22,0.87,,1,17.09,19.7718,2015-02-27,0,3.0657,1,17.09,19.6165,2015-03-06,0,2.8872,1,17.09,20.02,2015-03-13,1,3.3508
prebreak,000963,2015-02-13,S,S,A,C,S,S,A,12.1864,12.93,12.31,0.62,,0,0.0,0.0,,0,0.0,1,12.93,12.6138,2015-03-06,0,-0.5255,1,12.93,12.6138,2015-03-06,0,-0.5255
prebreak,002574,2015-02-13,S,S,A,C,S,S,A,10.6508,10.76,10.19,0.57,,0,0.0,0.0,,0,0.0,0,0.0,0.0,,0,0.0,0,0.0,0.0,,0,0.0
prebreak,600062,2015-02-13,S,S,A,C,S,S,A,13.6701,12.79,12.2,0.59,,1,12.79,13.8276,2015-02-27,0,1.7411,1,12.79,14.3508,2015-03-06,0,2.6273,1,12.79,16.38,2015-05-13,1,6.0644
prebreak,600557,2015-02-13,S,S,A,C,S,S,A,18.6373,19.5,18.71,0.79,,0,0.0,0.0,,0,0.0,1,19.5,19.6409,2015-03-06,0,0.1595,1,19.5,22.16,2015-04-15,1,3.3462
prebreak,600315,2015-02-16,S,S,A,C,S,S,A,33.8711,34.26,32.64,1.62,,0,0.0,0.0,,0,0.0,0,0.0,0.0,,0,0.0,0,0.0,0.0,,0,0.0
prebreak,000919,2015-02-17,S,S,A,C,S,S,A,11.668,11.99,11.39,0.6,,1,11.99,11.9073,2015-03-03,0,-0.1529,1,11.99,13.3596,2015-03-10,0,2.2661,1,11.99,14.38,2015-04-09,1,3.9656
prebreak,002294,2015-02-17,S,S,A,C,S,S,A,18.7822,19.04,18.25,0.79,,0,0.0,0.0,,0,0.0,0,0.0,0.0,,0,0.0,0,0.0,0.0,,0,0.0
prebreak,600847,2015-02-17,S,S,A,C,S,S,A,17.89,16.2,15.41,0.79,,0,0.0,0.0,,0,0.0,0,0.0,0.0,,0,0.0,0,0.0,0.0,,0,0.0
prebreak,600563,2015-02-25,S,S,A,C,S,S,A,25.7649,24.82,23.6,1.22,,0,0.0,0.0,,0,0.0,0,0.0,0.0,,0,0.0,0,0.0,0.0,,0,0.0
prebreak,000028,2015-02-26,S,S,A,C,S,S,A,30.3272,30.5,28.92,1.58,,1,30.5,30.6197,2015-03-05,0,0.0611,1,30.5,30.4705,2015-03-12,0,-0.0334,1,30.5,37.8448,2015-04-02,0,4.631
prebreak,000999,2015-02-26,S,S,A,C,S,S,A,11.4223,11.77,11.27,0.5,,1,11.77,11.3939,2015-03-05,0,-0.7696,1,11.77,11.27,2015-03-06,1,-1.0173,1,11.77,11.27,2015-03-06,1,-1.0173
prebreak,002140,2015-02-26,S,S,A,C,S,S,A,14.1923,14.26,13.75,0.51,,0,0.0,0.0,,0,0.0,0,0.0,0.0,,0,0.0,0,0.0,0.0,,0,0.0
prebreak,600054,2015-02-26,S,S,A,C,S,S,A,9.6365,9.97,9.46,0.51,,1,9.97,10.0017,2015-03-05,0,0.0473,1,9.97,9.984,2015-03-06,0,0.0126,1,9.97,9.984,2015-03-06,0,0.0126
prebreak,600196,2015-02-26,S,S,A,C,S,S,A,19.6603,19.22,18.35,0.87,,0,0.0,0.0,,0,0.0,0,0.0,0.0,,0,0.0,0,0.0,0.0,,0,0.0
prebreak,000917,2015-02-27,S,S,A,C,S,S,A,19.7718,17.09,16.22,0.87,,0,0.0,0.0,,0,0.0,0,0.0,0.0,,0,0.0,0,0.0,0.0,,0,0.0
prebreak,000963,2015-02-27,S,S,A,C,S,S,A,12.4667,12.57,11.96,0.61,,1,12.57,12.6138,2015-03-06,0,0.0562,1,12.57,12.6138,2015-03-06,0,0.0562,1,12.57,12.6138,2015-03-06,0,0.0562
prebreak,600557,2015-02-27,S,S,A,C,S,S,A,19.0842,19.25,18.5,0.75,,1,19.25,19.6409,2015-03-06,0,0.5014,1,19.25,20.0487,2015-03-13,0,1.0447,1,19.25,21.68,2015-04-09,1,3.2185
prebreak,000028,2015-03-05,S,S,A,C,S,S,A,30.6197,30.4,29.2,1.2,,0,0.0,0.0,,0,0.0,0,0.0,0.0,,0,0.0,0,0.0,0.0,,0,0.0
prebreak,600557,2015-03-06,S,S,A,C,S,S,A,19.6409,19.38,18.5,0.88,,0,0.0,0.0,,0,0.0,0,0.0,0.0,,0,0.0,0,0.0,0.0,,0,0.0
prebreak,002457,2015-03-09,S,S,A,C,S,S,A,9.9403,10.04,9.52,0.52,,0,0.0,0.0,,0,0.0,0,0.0,0.0,,0,0.0,0,0.0,0.0,,0,0.0
prebreak,600315,2015-03-09,S,S,A,C,S,S,A,34.7241,34.33,32.68,1.65,,1,34.33,36.208,2015-03-12,0,1.1216,1,34.33,36.208,2015-03-12,0,1.1216,1,34.33,36.208,2015-03-12,0,1.1216
prebreak,000919,2015-03-10,S,S,A,C,S,S,A,13.3596,11.84,11.3,0.54,,0,0.0,0.0,,0,0.0,0,0.0,0.0,,0,0.0,0,0.0,0.0,,0,0.0
prebreak,600835,2015-03-10,S,S,A,C,S,S,A,18.1449,18.1,17.22,0.88,,0,0.0,0.0,,0,0.0,0,0.0,0.0,,0,0.0,0,0.0,0.0,,0,0.0
prebreak,002186,2015-03-11,S,S,A,C,S,S,A,18.8738,19.47,18.62,0.85,,1,19.47,20.0616,2015-03-18,0,0.6781,1,19.47,22.1191,2015-03-25,0,3.0973,1,19.47,24.1019,2015-04-14,0,5.4285
prebreak,000553,2015-03-12,S,S,A,C,S,S,A,14.0688,14.07,13.4,0.67,,0,0.0,0.0,,0,0.0,0,0.0,0.0,,0,0.0,0,0.0,0.0,,0,0.0
prebreak,002140,2015-03-12,S,S,A,C,S,S,A,14.7146,14.86,14.11,0.75,,1,14.86,15.5019,2015-03-19,0,0.8402,1,14.86,16.2965,2015-03-26,0,1.899,1,14.86,18.7612,2015-04-23,1,5.1832
prebreak,000963,2015-03-13,S,S,A,C,S,S,A,13.5038,13.02,12.36,0.66,,1,13.02,14.8119,2015-03-20,0,2.6983,1,13.02,14.4685,2015-03-27,0,2.1784,1,13.02,15.9565,2015-04-14,0,4.4315
prebreak,600785,2015-03-13,S,S,A,C,S,S,A,11.3666,10.57,10.07,0.5,,0,0.0,0.0,,0,0.0,0,0.0,0.0,,0,0.0,0,0.0,0.0,,0,0.0
prebreak,002186,2015-03-18,S,S,A,C,S,S,A,20.0616,19.67,18.69,0.98,,0,0.0,0.0,,0,0.0,0,0.0,0.0,,0,0.0,0,0.0,0.0,,0,0.0
prebreak,000028,2015-03-19,S,S,A,C,S,S,A,32.8768,31.5,30.11,1.39,,0,0.0,0.0,,0,0.0,0,0.0,0.0,,0,0.0,0,0.0,0.0,,0,0.0
prebreak,000553,2015-03-19,S,S,A,C,S,S,A,15.098,14.07,13.4,0.67,,0,0.0,0.0,,0,0.0,0,0.0,0.0,,0,0.0,0,0.0,0.0,,0,0.0
prebreak,000869,2015-03-19,S,S,A,C,S,S,A,30.0868,29.83,28.63,1.2,,1,29.83,32.5399,2015-03-26,0,2.238,1,29.83,33.1886,2015-04-02,0,2.7782,1,29.83,36.22,2015-04-15,1,5.3028
prebreak,002200,2015-03-19,S,S,A,C,S,S,A,19.63,19.23,18.41,0.82,,0,0.0,0.0,,0,0.0,0,0.0,0.0,,0,0.0,0,0.0,0.0,,0,0.0
prebreak,002566,2015-03-20,S,S,A,C,S,S,A,14.455,13.95,13.3,0.65,,1,13.95,14.9279,2015-03-27,0,1.4872,1,13.95,15.9014,2015-04-03,0,2.984,1,13.95,16.11,2015-05-05,1,3.3047
prebreak,600859,2015-03-23,S,S,A,C,S,S,A,15.2531,14.39,13.68,0.71,,1,14.39,15.8908,2015-03-30,0,2.0971,1,14.39,18.3395,2015-04-07,0,5.5437,1,14.39,17.72,2015-04-15,1,4.6718
prebreak,000028,2015-03-26,S,S,A,C,S,S,A,34.7637,31.5,30.11,1.39,,0,0.0,0.0,,0,0.0,0,0.0,0.0,,0,0.0,0,0.0,0.0,,0,0.0
prebreak,000869,2015-03-26,S,S,A,C,S,S,A,32.5399,30.83,29.79,1.04,,1,30.83,33.1886,2015-04-02,0,2.2439,1,30.83,38.0949,2015-04-10,0,6.9586,1,30.83,36.58,2015-04-15,1,5.5028
prebreak,000823,2015-03-30,S,S,A,C,S,S,A,12.6264,11.18,10.6,0.58,,1,11.18,13.3946,2015-04-07,0,3.8012,1,11.18,13.1827,2015-04-14,0,3.436,1,11.18,12.1,2015-05-06,1,1.5706
prebreak,002041,2015-03-31,S,S,A,C,S,S,A,16.1354,13.5,12.91,0.59,,1,13.5,17.3682,2015-04-08,0,6.5348,1,13.5,16.2439,2015-04-15,0,4.6304,1,13.5,17.26,2015-04-08,1,6.3515
prebreak,000538,2015-04-02,S,S,A,C,S,S,A,35.8538,36.45,34.64,1.81,,1,36.45,35.7328,2015-04-09,0,-0.4113,1,36.45,35.7328,2015-04-09,0,-0.4113,1,36.45,35.7328,2015-04-09,0,-0.4113
prebreak,002200,2015-04-02,S,S,A,C,S,S,A,21.68,20.34,19.26,1.08,,0,0.0,0.0,,0,0.0,0,0.0,0.0,,0,0.0,0,0.0,0.0,,0,0.0
prebreak,600182,2015-04-02,S,S,A,C,S,S,A,16.3121,14.48,13.79,0.69,,0,0.0,0.0,,0,0.0,0,0.0,0.0,,0,0.0,0,0.0,0.0,,0,0.0
prebreak,000538,2015-04-10,S,S,A,C,S,S,A,36.3906,36.45,34.75,1.7,,0,0.0,0.0,,0,0.0,0,0.0,0.0,,0,0.0,0,0.0,0.0,,0,0.0
prebreak,000538,2015-04-17,S,S,A,C,S,S,A,37.6799,36.45,34.75,1.7,,0,0.0,0.0,,0,0.0,0,0.0,0.0,,0,0.0,0,0.0,0.0,,0,0.0
prebreak,000553,2015-04-17,S,S,A,C,S,S,A,15.3213,16.24,15.52,0.72,,0,0.0,0.0,,0,0.0,0,0.0,0.0,,0,0.0,0,0.0,0.0,,0,0.0
prebreak,600535,2015-04-30,S,S,A,C,S,S,A,26.8952,28.51,27.17,1.34,,0,0.0,0.0,,0,0.0,0,0.0,0.0,,0,0.0,1,28.51,28.51,2015-06-23,1,-0.0162
prebreak,000553,2015-05-04,S,S,A,C,S,S,A,15.0943,15.98,15.23,0.75,,0,0.0,0.0,,0,0.0,0,0.0,0.0,,0,0.0,1,15.98,15.98,2015-05-29,1,-0.0162
prebreak,000553,2015-05-18,S,S,A,C,S,S,A,14.4983,14.78,14.12,0.66,,0,0.0,0.0,,0,0.0,0,0.0,0.0,,0,0.0,0,0.0,0.0,,0,0.0
prebreak,000553,2015-05-25,S,S,A,C,S,S,A,18.162,14.78,14.12,0.66,,1,14.78,16.7649,2015-05-28,0,2.9885,1,14.78,16.7649,2015-05-28,0,2.9885,1,14.78,16.7649,2015-05-28,0,2.9885
prebreak,002304,2016-06-08,S,S,A,C,S,S,A,52.0107,48.94,46.99,1.95,,0,0.0,0.0,,0,0.0,0,0.0,0.0,,0,0.0,0,0.0,0.0,,0,0.0
prebreak,601877,2016-08-29,S,S,A,C,S,S,A,16.6409,17.02,16.36,0.66,,1,17.02,19.0432,2016-09-13,0,3.0439,1,17.02,19.0029,2016-09-22,0,2.9829,1,17.02,18.4954,2016-12-09,0,2.2145
prebreak,600059,2016-09-06,S,S,A,C,S,S,A,9.5918,9.97,9.47,0.5,,0,0.0,0.0,,0,0.0,0,0.0,0.0,,0,0.0,0,0.0,0.0,,0,0.0
prebreak,002734,2016-09-21,S,S,A,C,S,S,A,11.8171,12.0,11.5,0.5,,0,0.0,0.0,,0,0.0,0,0.0,0.0,,0,0.0,0,0.0,0.0,,0,0.0
prebreak,600566,2016-09-28,S,S,A,C,S,S,A,20.1432,20.29,19.44,0.85,,1,20.29,21.6508,2016-10-12,0,1.5818,1,20.29,22.2902,2016-10-19,0,2.3335,1,20.29,21.13,2016-11-11,1,0.9695
prebreak,002415,2016-09-29,S,S,A,C,S,S,A,12.9149,13.2,12.6,0.6,,0,0.0,0.0,,0,0.0,0,0.0,0.0,,0,0.0,0,0.0,0.0,,0,0.0
prebreak,600566,2016-10-12,S,S,A,C,S,S,A,21.6508,20.29,19.45,0.84,,0,0.0,0.0,,0,0.0,0,0.0,0.0,,0,0.0,0,0.0,0.0,,0,0.0
prebreak,002051,2016-10-13,S,S,A,C,S,S,A,15.4716,15.0,14.36,0.64,,0,0.0,0.0,,0,0.0,0,0.0,0.0,,0,0.0,0,0.0,0.0,,0,0.0
prebreak,002415,2016-10-13,S,S,A,C,S,S,A,13.4054,13.29,12.6,0.69,,0,0.0,0.0,,0,0.0,0,0.0,0.0,,0,0.0,0,0.0,0.0,,0,0.0
prebreak,002649,2016-10-14,S,S,A,C,S,S,A,11.8249,11.96,11.41,0.55,,0,0.0,0.0,,0,0.0,0,0.0,0.0,,0,0.0,1,11.96,14.02,2016-11-11,1,3.7266
prebreak,002317,2016-10-18,S,S,A,C,S,S,A,11.9913,12.06,11.54,0.52,,0,0.0,0.0,,0,0.0,0,0.0,0.0,,0,0.0,0,0.0,0.0,,0,0.0
prebreak,002415,2016-10-20,S,S,A,C,S,S,A,13.4481,13.61,13.08,0.53,,0,0.0,0.0,,0,0.0,0,0.0,0.0,,0,0.0,0,0.0,0.0,,0,0.0
prebreak,000026,2016-10-25,S,S,A,C,S,S,A,11.488,10.58,10.02,0.56,,0,0.0,0.0,,0,0.0,0,0.0,0.0,,0,0.0,0,0.0,0.0,,0,0.0
prebreak,000423,2016-10-26,S,S,A,C,S,S,A,46.0157,46.57,44.31,2.26,,0,0.0,0.0,,0,0.0,0,0.0,0.0,,0,0.0,1,46.57,44.8941,2016-11-21,0,-0.7567
prebreak,300195,2016-10-27,S,S,A,C,S,S,A,16.9374,17.58,16.67,0.91,,0,0.0,0.0,,0,0.0,0,0.0,0.0,,0,0.0,0,0.0,0.0,,0,0.0
prebreak,300118,2016-11-01,S,S,A,C,S,S,A,15.283,15.59,15.09,0.5,,0,0.0,0.0,,0,0.0,0,0.0,0.0,,0,0.0,0,0.0,0.0,,0,0.0
prebreak,000590,2016-11-03,S,S,A,C,S,S,A,21.5,21.31,20.54,0.77,,0,0.0,0.0,,0,0.0,0,0.0,0.0,,0,0.0,0,0.0,0.0,,0,0.0
prebreak,002008,2016-11-04,S,S,A,C,S,S,A,21.9167,21.64,20.68,0.96,,0,0.0,0.0,,0,0.0,0,0.0,0.0,,0,0.0,0,0.0,0.0,,0,0.0
prebreak,002649,2016-11-04,S,S,A,C,S,S,A,11.9534,11.41,10.88,0.53,,0,0.0,0.0,,0,0.0,0,0.0,0.0,,0,0.0,0,0.0,0.0,,0,0.0
prebreak,000590,2016-11-10,S,S,A,C,S,S,A,22.47,21.31,20.54,0.77,,0,0.0,0.0,,0,0.0,0,0.0,0.0,,0,0.0,0,0.0,0.0,,0,0.0
prebreak,000423,2016-11-16,S,S,A,C,S,S,A,45.3303,46.25,44.66,1.59,,1,46.25,44.8941,2016-11-21,0,-0.8743,1,46.25,44.8941,2016-11-21,0,-0.8743,1,46.25,44.8941,2016-11-21,0,-0.8743
prebreak,002773,2016-11-16,S,S,A,C,S,S,A,40.3024,39.43,37.79,1.64,,0,0.0,0.0,,0,0.0,0,0.0,0.0,,0,0.0,0,0.0,0.0,,0,0.0
prebreak,603589,2016-11-17,S,S,A,C,S,S,A,26.2889,27.35,26.08,1.27,,0,0.0,0.0,,0,0.0,0,0.0,0.0,,0,0.0,0,0.0,0.0,,0,0.0
prebreak,600529,2016-11-18,S,S,A,C,S,S,A,9.6952,9.69,9.18,0.51,,0,0.0,0.0,,0,0.0,0,0.0,0.0,,0,0.0,0,0.0,0.0,,0,0.0
prebreak,002394,2016-11-30,S,S,A,C,S,S,A,12.3444,12.39,11.86,0.53,,0,0.0,0.0,,0,0.0,0,0.0,0.0,,0,0.0,0,0.0,0.0,,0,0.0
prebreak,600323,2016-12-01,S,S,A,C,S,S,A,12.5464,13.03,12.43,0.6,,0,0.0,0.0,,0,0.0,0,0.0,0.0,,0,0.0,0,0.0,0.0,,0,0.0
prebreak,603030,2016-12-01,S,S,A,C,S,S,A,10.3725,11.02,10.45,0.57,,0,0.0,0.0,,0,0.0,0,0.0,0.0,,0,0.0,0,0.0,0.0,,0,0.0
prebreak,603168,2016-12-05,S,S,A,C,S,S,A,22.8965,24.17,23.27,0.9,,0,0.0,0.0,,0,0.0,0,0.0,0.0,,0,0.0,0,0.0,0.0,,0,0.0
prebreak,002763,2016-12-06,S,S,A,C,S,S,A,11.7923,12.75,12.25,0.5,,0,0.0,0.0,,0,0.0,0,0.0,0.0,,0,0.0,0,0.0,0.0,,0,0.0
prebreak,300291,2016-12-06,S,S,A,C,S,S,A,22.0684,23.4,22.44,0.96,,0,0.0,0.0,,0,0.0,0,0.0,0.0,,0,0.0,0,0.0,0.0,,0,0.0
prebreak,002394,2016-12-07,S,S,A,C,S,S,A,12.0443,12.39,11.86,0.53,,0,0.0,0.0,,0,0.0,0,0.0,0.0,,0,0.0,0,0.0,0.0,,0,0.0
prebreak,600660,2016-12-07,S,S,A,C,S,S,A,13.4418,13.55,12.99,0.56,,0,0.0,0.0,,0,0.0,0,0.0,0.0,,0,0.0,0,0.0,0.0,,0,0.0
prebreak,000663,2016-12-09,S,S,A,C,S,S,A,15.26,14.6,13.89,0.71,,0,0.0,0.0,,0,0.0,0,0.0,0.0,,0,0.0,0,0.0,0.0,,0,0.0
prebreak,600201,2016-12-09,S,S,A,C,S,S,A,16.9458,15.93,15.12,0.81,,0,0.0,0.0,,0,0.0,0,0.0,0.0,,0,0.0,0,0.0,0.0,,0,0.0
prebreak,600830,2016-12-09,S,S,A,C,S,S,A,11.4485,11.52,10.92,0.6,,0,0.0,0.0,,0,0.0,0,0.0,0.0,,0,0.0,1,11.52,10.92,2017-01-16,1,-1.014
prebreak,603116,2016-12-09,S,S,A,C,S,S,A,11.6499,11.68,11.11,0.57,,0,0.0,0.0,,0,0.0,0,0.0,0.0,,0,0.0,0,0.0,0.0,,0,0.0
prebreak,000410,2016-12-13,S,S,A,C,S,S,A,13.62,14.96,14.38,0.58,,0,0.0,0.0,,0,0.0,0,0.0,0.0,,0,0.0,0,0.0,0.0,,0,0.0
prebreak,002202,2016-12-13,S,S,A,C,S,S,A,10.3575,10.7,10.17,0.53,,0,0.0,0.0,,0,0.0,0,0.0,0.0,,0,0.0,0,0.0,0.0,,0,0.0
prebreak,600156,2016-12-13,S,S,A,C,S,S,A,11.8535,11.92,11.33,0.59,,1,11.92,11.6639,2016-12-16,0,-0.4491,1,11.92,11.6639,2016-12-16,0,-0.4491,1,11.92,11.6639,2016-12-16,0,-0.4491
prebreak,600501,2016-12-14,S,S,A,C,S,S,A,17.844,18.93,18.05,0.88,,0,0.0,0.0,,0,0.0,0,0.0,0.0,,0,0.0,1,18.93,18.93,2017-01-16,1,-0.0163
prebreak,300231,2016-12-15,S,S,A,C,S,S,A,13.3014,15.13,14.35,0.78,,0,0.0,0.0,,0,0.0,0,0.0,0.0,,0,0.0,0,0.0,0.0,,0,0.0
prebreak,600030,2016-12-15,S,S,A,C,S,S,A,12.3238,12.97,12.38,0.59,,0,0.0,0.0,,0,0.0,0,0.0,0.0,,0,0.0,0,0.0,0.0,,0,0.0
prebreak,603099,2016-12-15,S,S,A,C,S,S,A,20.9737,20.8,19.87,0.93,,1,20.8,20.1453,2016-12-22,0,-0.7206,1,20.8,19.87,2016-12-26,1,-1.0164,1,20.8,19.87,2016-12-26,1,-1.0164
prebreak,002321,2016-12-16,S,S,A,C,S,S,A,10.2052,10.77,10.21,0.56,,1,10.77,10.7309,2016-12-23,0,-0.0844,1,10.77,10.7309,2016-12-23,0,-0.0844,1,10.77,10.7309,2016-12-23,0,-0.0844
prebreak,600201,2016-12-16,S,S,A,C,S,S,A,16.2825,16.43,15.64,0.79,,0,0.0,0.0,,0,0.0,0,0.0,0.0,,0,0.0,0,0.0,0.0,,0,0.0
prebreak,603116,2016-12-16,S,S,A,C,S,S,A,11.2735,11.68,11.11,0.57,,0,0.0,0.0,,0,0.0,0,0.0,0.0,,0,0.0,0,0.0,0.0,,0,0.0
prebreak,300188,2016-12-20,S,S,A,C,S,S,A,12.397,14.93,14.19,0.74,,0,0.0,0.0,,0,0.0,0,0.0,0.0,,0,0.0,0,0.0,0.0,,0,0.0
prebreak,600156,2016-12-20,S,S,A,C,S,S,A,11.8435,12.06,11.53,0.53,,0,0.0,0.0,,0,0.0,0,0.0,0.0,,0,0.0,0,0.0,0.0,,0,0.0
prebreak,600774,2016-12-20,S,S,A,C,S,S,A,16.0507,16.12,15.27,0.85,,0,0.0,0.0,,0,0.0,0,0.0,0.0,,0,0.0,0,0.0,0.0,,0,0.0
prebreak,002625,2016-12-21,S,S,A,C,S,S,A,22.6675,24.31,23.35,0.96,,0,0.0,0.0,,0,0.0,0,0.0,0.0,,0,0.0,0,0.0,0.0,,0,0.0
prebreak,300115,2016-12-21,S,S,A,C,S,S,A,19.8448,20.81,19.92,0.89,,0,0.0,0.0,,0,0.0,0,0.0,0.0,,0,0.0,0,0.0,0.0,,0,0.0
prebreak,600615,2016-12-21,S,S,A,C,S,S,A,17.9424,17.44,16.54,0.9,,1,17.44,17.3679,2016-12-26,0,-0.0948,1,17.44,17.3679,2016-12-26,0,-0.0948,1,17.44,17.3679,2016-12-26,0,-0.0948
prebreak,002187,2016-12-22,S,S,A,C,S,S,A,12.0398,11.95,11.37,0.58,,0,0.0,0.0,,0,0.0,0,0.0,0.0,,0,0.0,0,0.0,0.0,,0,0.0
prebreak,002453,2016-12-22,S,S,A,C,S,S,A,10.06,10.09,9.56,0.53,,0,0.0,0.0,,0,0.0,0,0.0,0.0,,0,0.0,0,0.0,0.0,,0,0.0
prebreak,000550,2016-12-27,S,S,A,C,S,S,A,16.9424,17.45,16.58,0.87,,0,0.0,0.0,,0,0.0,0,0.0,0.0,,0,0.0,0,0.0,0.0,,0,0.0
prebreak,002117,2016-12-27,S,S,A,C,S,S,A,15.4635,15.58,14.76,0.82,,0,0.0,0.0,,0,0.0,0,0.0,0.0,,0,0.0,0,0.0,0.0,,0,0.0
prebreak,002304,2016-12-27,S,S,A,C,S,S,A,50.2437,53.02,50.56,2.46,,0,0.0,0.0,,0,0.0,0,0.0,0.0,,0,0.0,0,0.0,0.0,,0,0.0
prebreak,002598,2016-12-27,S,S,A,C,S,S,A,12.0274,12.24,11.63,0.61,,1,12.24,12.2109,2017-01-04,0,-0.063,1,12.24,12.106,2017-01-11,0,-0.2347,1,12.24,11.63,2017-01-13,1,-1.0146
prebreak,600774,2016-12-27,S,S,A,C,S,S,A,16.6159,16.12,15.27,0.85,,1,16.12,17.1961,2017-01-04,0,1.2508,1,16.12,16.7741,2017-01-11,0,0.7547,1,16.12,16.12,2017-01-13,1,-0.0144
prebreak,600865,2016-12-27,S,S,A,C,S,S,A,12.4197,11.46,10.96,0.5,,0,0.0,0.0,,0,0.0,0,0.0,0.0,,0,0.0,0,0.0,0.0,,0,0.0
prebreak,601798,2016-12-27,S,S,A,C,S,S,A,13.53,13.3,12.7,0.6,,0,0.0,0.0,,0,0.0,0,0.0,0.0,,0,0.0,0,0.0,0.0,,0,0.0
prebreak,600501,2016-12-28,S,S,A,C,S,S,A,18.3601,18.59,17.88,0.71,,1,18.59,20.9107,2017-01-05,0,3.2466,1,18.59,20.871,2017-01-12,0,3.1907,1,18.59,21.09,2017-01-10,1,3.499
prebreak,600615,2016-12-28,S,S,A,C,S,S,A,17.651,18.42,17.46,0.96,,0,0.0,0.0,,0,0.0,0,0.0,0.0,,0,0.0,0,0.0,0.0,,0,0.0
prebreak,000403,2016-12-29,S,S,A,C,S,S,A,13.4812,14.42,13.76,0.66,,0,0.0,0.0,,0,0.0,0,0.0,0.0,,0,0.0,0,0.0,0.0,,0,0.0
prebreak,002187,2016-12-29,S,S,A,C,S,S,A,11.914,11.95,11.37,0.58,,0,0.0,0.0,,0,0.0,0,0.0,0.0,,0,0.0,0,0.0,0.0,,0,0.0
prebreak,000828,2016-12-30,S,S,A,C,S,S,A,9.065,9.63,9.13,0.5,,0,0.0,0.0,,0,0.0,0,0.0,0.0,,0,0.0,0,0.0,0.0,,0,0.0
prebreak,002008,2016-12-30,S,S,A,C,S,S,A,20.9525,21.18,20.25,0.93,,0,0.0,0.0,,0,0.0,0,0.0,0.0,,0,0.0,0,0.0,0.0,,0,0.0
prebreak,600201,2016-12-30,S,S,A,C,S,S,A,15.7539,15.98,15.24,0.74,,0,0.0,0.0,,0,0.0,0,0.0,0.0,,0,0.0,0,0.0,0.0,,0,0.0
prebreak,600444,2016-12-30,S,S,A,C,S,S,A,20.6705,21.03,20.01,1.02,,0,0.0,0.0,,0,0.0,0,0.0,0.0,,0,0.0,0,0.0,0.0,,0,0.0
prebreak,600703,2016-12-30,S,S,A,C,S,S,A,12.5886,11.85,11.28,0.57,,1,11.85,12.9646,2017-01-09,0,1.9384,1,11.85,13.1808,2017-01-16,0,2.3176,1,11.85,14.356,2017-02-20,0,4.378
prebreak,600605,2017-01-03,S,S,A,C,S,S,A,16.0024,16.09,15.23,0.86,,0,0.0,0.0,,0,0.0,0,0.0,0.0,,0,0.0,0,0.0,0.0,,0,0.0
prebreak,000400,2017-01-04,S,S,A,C,S,S,A,17.3487,16.97,16.22,0.75,,0,0.0,0.0,,0,0.0,0,0.0,0.0,,0,0.0,0,0.0,0.0,,0,0.0
prebreak,000726,2017-01-04,S,S,A,C,S,S,A,9.8119,9.74,9.23,0.51,,0,0.0,0.0,,0,0.0,0,0.0,0.0,,0,0.0,0,0.0,0.0,,0,0.0
prebreak,002024,2017-01-04,S,S,A,C,S,S,A,11.4465,11.64,11.05,0.59,,0,0.0,0.0,,0,0.0,0,0.0,0.0,,0,0.0,0,0.0,0.0,,0,0.0
prebreak,002117,2017-01-04,S,S,A,C,S,S,A,14.722,15.58,14.76,0.82,,0,0.0,0.0,,0,0.0,0,0.0,0.0,,0,0.0,0,0.0,0.0,,0,0.0
prebreak,002179,2017-01-04,S,S,A,C,S,S,A,11.5415,10.92,10.4,0.52,,1,10.92,11.5893,2017-01-11,0,1.2703,1,10.92,11.3922,2017-01-18,0,0.8915,1,10.92,10.92,2017-01-16,1,-0.016
prebreak,300188,2017-01-04,S,S,A,C,S,S,A,12.8851,13.11,12.61,0.5,,0,0.0,0.0,,0,0.0,0,0.0,0.0,,0,0.0,0,0.0,0.0,,0,0.0
prebreak,002566,2017-01-05,S,S,A,C,S,S,A,12.219,12.24,11.61,0.63,,0,0.0,0.0,,0,0.0,0,0.0,0.0,,0,0.0,0,0.0,0.0,,0,0.0
prebreak,600501,2017-01-05,S,S,A,C,S,S,A,20.9107,18.59,17.88,0.71,,1,18.59,20.871,2017-01-12,0,3.1907,1,18.59,19.4022,2017-01-19,0,1.1233,1,18.59,18.59,2017-01-16,1,-0.0199
prebreak,600615,2017-01-05,S,S,A,C,S,S,A,18.2255,18.42,17.46,0.96,,0,0.0,0.0,,0,0.0,0,0.0,0.0,,0,0.0,0,0.0,0.0,,0,0.0
prebreak,000063,2017-01-09,S,S,A,C,S,S,A,13.7223,14.86,14.2,0.66,,0,0.0,0.0,,0,0.0,0,0.0,0.0,,0,0.0,0,0.0,0.0,,0,0.0
prebreak,002008,2017-01-09,S,S,A,C,S,S,A,20.387,21.3,20.25,1.05,,0,0.0,0.0,,0,0.0,0,0.0,0.0,,0,0.0,1,21.3,23.7895,2017-03-07,0,2.354
prebreak,600444,2017-01-09,S,S,A,C,S,S,A,21.3139,21.03,20.01,1.02,,0,0.0,0.0,,0,0.0,0,0.0,0.0,,0,0.0,0,0.0,0.0,,0,0.0
prebreak,600513,2017-01-09,S,S,A,C,S,S,A,11.8201,12.16,11.59,0.57,,0,0.0,0.0,,0,0.0,0,0.0,0.0,,0,0.0,0,0.0,0.0,,0,0.0
prebreak,600703,2017-01-09,S,S,A,C,S,S,A,12.9646,11.85,11.28,0.57,,0,0.0,0.0,,0,0.0,0,0.0,0.0,,0,0.0,0,0.0,0.0,,0,0.0
prebreak,000998,2017-01-17,S,S,A,C,S,S,A,19.0841,21.16,20.24,0.92,,0,0.0,0.0,,0,0.0,0,0.0,0.0,,0,0.0,0,0.0,0.0,,0,0.0
prebreak,600469,2017-01-17,S,S,A,C,S,S,A,9.9515,10.77,10.23,0.54,,0,0.0,0.0,,0,0.0,0,0.0,0.0,,0,0.0,0,0.0,0.0,,0,0.0
prebreak,600605,2017-01-17,S,S,A,C,S,S,A,14.5959,16.47,15.7,0.77,,0,0.0,0.0,,0,0.0,0,0.0,0.0,,0,0.0,0,0.0,0.0,,0,0.0
prebreak,002117,2017-01-18,S,S,A,C,S,S,A,12.8293,14.81,14.13,0.68,,0,0.0,0.0,,0,0.0,0,0.0,0.0,,0,0.0,0,0.0,0.0,,0,0.0
prebreak,600718,2017-01-18,S,S,A,C,S,S,A,17.4461,19.12,18.16,0.96,,0,0.0,0.0,,0,0.0,0,0.0,0.0,,0,0.0,0,0.0,0.0,,0,0.0
prebreak,600959,2017-01-18,S,S,A,C,S,S,A,9.9601,10.09,9.56,0.53,,0,0.0,0.0,,0,0.0,0,0.0,0.0,,0,0.0,0,0.0,0.0,,0,0.0
prebreak,601336,2017-01-18,S,S,A,C,S,S,A,34.4382,34.66,32.9,1.76,,0,0.0,0.0,,0,0.0,0,0.0,0.0,,0,0.0,0,0.0,0.0,,0,0.0
prebreak,000733,2017-01-20,S,S,A,C,S,S,A,16.5463,18.19,17.3,0.89,,0,0.0,0.0,,0,0.0,0,0.0,0.0,,0,0.0,0,0.0,0.0,,0,0.0
prebreak,002453,2017-01-20,S,S,A,C,S,S,A,10.75,10.65,10.12,0.53,,0,0.0,0.0,,0,0.0,0,0.0,0.0,,0,0.0,0,0.0,0.0,,0,0.0
prebreak,000063,2017-01-23,S,S,A,C,S,S,A,13.6676,13.78,13.25,0.53,,0,0.0,0.0,,0,0.0,0,0.0,0.0,,0,0.0,0,0.0,0.0,,0,0.0
prebreak,300257,2017-01-24,S,S,A,C,S,S,A,18.2328,16.72,15.87,0.85,,0,0.0,0.0,,0,0.0,0,0.0,0.0,,0,0.0,0,0.0,0.0,,0,0.0
prebreak,600605,2017-01-24,S,S,A,C,S,S,A,15.3058,16.47,15.7,0.77,,0,0.0,0.0,,0,0.0,0,0.0,0.0,,0,0.0,0,0.0,0.0,,0,0.0
prebreak,002739,2017-01-25,S,S,A,C,S,S,A,37.1992,37.99,36.08,1.91,,0,0.0,0.0,,0,0.0,0,0.0,0.0,,0,0.0,0,0.0,0.0,,0,0.0
prebreak,000561,2017-01-26,S,S,A,C,S,S,A,13.0239,12.66,12.08,0.58,,0,0.0,0.0,,0,0.0,0,0.0,0.0,,0,0.0,0,0.0,0.0,,0,0.0
prebreak,002453,2017-02-03,S,S,A,C,S,S,A,10.13,10.9,10.38,0.52,,1,10.9,10.94,2017-02-10,0,0.0609,1,10.9,10.95,2017-02-17,0,0.0802,1,10.9,10.38,2017-02-27,1,-1.0153
prebreak,300182,2017-02-03,S,S,A,C,S,S,A,9.8572,10.03,9.51,0.52,,0,0.0,0.0,,0,0.0,0,0.0,0.0,,0,0.0,0,0.0,0.0,,0,0.0
prebreak,000400,2017-02-08,S,S,A,C,S,S,A,16.6112,16.98,16.2,0.78,,1,16.98,17.0537,2017-02-15,0,0.0778,1,16.98,16.2,2017-02-17,1,-1.0159,1,16.98,16.2,2017-02-17,1,-1.0159
prebreak,000661,2017-02-08,S,S,A,C,S,S,A,51.116,51.39,49.67,1.72,,0,0.0,0.0,,0,0.0,0,0.0,0.0,,0,0.0,0,0.0,0.0,,0,0.0
prebreak,600081,2017-02-08,S,S,A,C,S,S,A,13.9126,13.78,13.24,0.54,,0,0.0,0.0,,0,0.0,0,0.0,0.0,,0,0.0,0,0.0,0.0,,0,0.0
prebreak,300084,2017-02-09,S,S,A,C,S,S,A,12.015,12.27,11.68,0.59,,0,0.0,0.0,,0,0.0,0,0.0,0.0,,0,0.0,1,12.27,12.5012,2017-03-29,0,0.3758
prebreak,600615,2017-02-09,S,S,A,C,S,S,A,16.5686,16.18,15.54,0.64,,0,0.0,0.0,,0,0.0,0,0.0,0.0,,0,0.0,0,0.0,0.0,,0,0.0
prebreak,002188,2017-02-10,S,S,A,C,S,S,A,28.39,28.86,27.55,1.31,,0,0.0,0.0,,0,0.0,0,0.0,0.0,,0,0.0,1,28.86,28.19,2017-03-02,0,-0.5279
prebreak,002453,2017-02-10,S,S,A,C,S,S,A,10.94,10.9,10.38,0.52,,0,0.0,0.0,,0,0.0,0,0.0,0.0,,0,0.0,0,0.0,0.0,,0,0.0
prebreak,000568,2017-02-13,S,S,A,C,S,S,A,28.931,27.37,26.22,1.15,,0,0.0,0.0,,0,0.0,0,0.0,0.0,,0,0.0,0,0.0,0.0,,0,0.0
prebreak,000333,2017-02-14,S,S,A,C,S,S,A,21.556,21.77,20.71,1.06,,0,0.0,0.0,,0,0.0,0,0.0,0.0,,0,0.0,0,0.0,0.0,,0,0.0
prebreak,002462,2017-02-14,S,S,A,C,S,S,A,31.8329,33.04,31.54,1.5,,0,0.0,0.0,,0,0.0,0,0.0,0.0,,0,0.0,0,0.0,0.0,,0,0.0
prebreak,300243,2017-02-14,S,S,A,C,S,S,A,13.8034,13.01,12.41,0.6,,0,0.0,0.0,,0,0.0,0,0.0,0.0,,0,0.0,0,0.0,0.0,,0,0.0
prebreak,600526,2017-02-14,S,S,A,C,S,S,A,12.1232,12.06,11.48,0.58,,0,0.0,0.0,,0,0.0,0,0.0,0.0,,0,0.0,0,0.0,0.0,,0,0.0
prebreak,600967,2017-02-14,S,S,A,C,S,S,A,12.8807,13.12,12.42,0.7,,0,0.0,0.0,,0,0.0,0,0.0,0.0,,0,0.0,0,0.0,0.0,,0,0.0
prebreak,000568,2017-02-20,S,S,A,C,S,S,A,31.017,27.37,26.22,1.15,,0,0.0,0.0,,0,0.0,0,0.0,0.0,,0,0.0,0,0.0,0.0,,0,0.0
prebreak,002462,2017-02-21,S,S,A,C,S,S,A,31.1427,32.78,31.19,1.59,,0,0.0,0.0,,0,0.0,1,32.78,32.5315,2017-03-07,0,-0.1718,1,32.78,32.5315,2017-03-07,0,-0.1718
prebreak,300243,2017-02-21,S,S,A,C,S,S,A,13.5243,13.01,12.41,0.6,,0,0.0,0.0,,0,0.0,0,0.0,0.0,,0,0.0,0,0.0,0.0,,0,0.0
prebreak,600526,2017-02-21,S,S,A,C,S,S,A,12.4415,12.54,11.9,0.64,,1,12.54,12.3257,2017-02-28,0,-0.3495,1,12.54,12.3257,2017-03-01,0,-0.3495,1,12.54,12.3257,2017-03-01,0,-0.3495
prebreak,600967,2017-02-21,S,S,A,C,S,S,A,12.5538,12.88,12.35,0.53,,0,0.0,0.0,,0,0.0,0,0.0,0.0,,0,0.0,0,0.0,0.0,,0,0.0
prebreak,000400,2017-02-22,S,S,A,C,S,S,A,16.3807,17.24,16.49,0.75,,0,0.0,0.0,,0,0.0,0,0.0,0.0,,0,0.0,0,0.0,0.0,,0,0.0
prebreak,600081,2017-02-22,S,S,A,C,S,S,A,14.1062,14.14,13.59,0.55,,0,0.0,0.0,,0,0.0,0,0.0,0.0,,0,0.0,0,0.0,0.0,,0,0.0
prebreak,002773,2017-02-23,S,S,A,C,S,S,A,33.4935,34.83,33.53,1.3,,0,0.0,0.0,,0,0.0,0,0.0,0.0,,0,0.0,0,0.0,0.0,,0,0.0
prebreak,300124,2017-02-23,S,S,A,C,S,S,A,13.6587,13.48,12.86,0.62,,0,0.0,0.0,,0,0.0,0,0.0,0.0,,0,0.0,0,0.0,0.0,,0,0.0
prebreak,002167,2017-02-24,S,S,A,C,S,S,A,13.52,12.69,12.03,0.66,,0,0.0,0.0,,0,0.0,0,0.0,0.0,,0,0.0,0,0.0,0.0,,0,0.0
prebreak,601238,2017-02-24,S,S,A,C,S,S,A,15.3279,15.47,14.66,0.81,,1,15.47,15.4673,2017-03-03,0,-0.0178,1,15.47,15.9037,2017-03-10,0,0.5206,1,15.47,15.48,2017-04-14,1,-0.0022
prebreak,000400,2017-03-01,S,S,A,C,S,S,A,16.4453,16.83,16.25,0.58,,0,0.0,0.0,,0,0.0,0,0.0,0.0,,0,0.0,1,16.83,16.6296,2017-03-29,0,-0.3673
prebreak,600081,2017-03-01,S,S,A,C,S,S,A,13.9654,14.26,13.68,0.58,,0,0.0,0.0,,0,0.0,0,0.0,0.0,,0,0.0,0,0.0,0.0,,0,0.0
prebreak,603355,2017-03-01,S,S,A,C,S,S,A,25.8238,25.92,24.79,1.13,,0,0.0,0.0,,0,0.0,0,0.0,0.0,,0,0.0,0,0.0,0.0,,0,0.0
prebreak,000977,2017-03-06,S,S,A,C,S,S,A,17.3676,17.72,16.99,0.73,,0,0.0,0.0,,0,0.0,0,0.0,0.0,,0,0.0,0,0.0,0.0,,0,0.0
prebreak,600571,2017-03-06,S,S,A,C,S,S,A,17.092,17.31,16.52,0.79,,0,0.0,0.0,,0,0.0,0,0.0,0.0,,0,0.0,0,0.0,0.0,,0,0.0
prebreak,600775,2017-03-06,S,S,A,C,S,S,A,14.6705,14.97,14.45,0.52,,0,0.0,0.0,,0,0.0,0,0.0,0.0,,0,0.0,0,0.0,0.0,,0,0.0
prebreak,000333,2017-03-07,S,S,A,C,S,S,A,23.1855,22.8,21.83,0.97,,0,0.0,0.0,,0,0.0,0,0.0,0.0,,0,0.0,0,0.0,0.0,,0,0.0
prebreak,600668,2017-03-07,S,S,A,C,S,S,A,12.5133,12.3,11.76,0.54,,0,0.0,0.0,,0,0.0,0,0.0,0.0,,0,0.0,0,0.0,0.0,,0,0.0
prebreak,000400,2017-03-08,S,S,A,C,S,S,A,16.4084,16.68,16.06,0.62,,0,0.0,0.0,,0,0.0,0,0.0,0.0,,0,0.0,1,16.68,16.6296,2017-03-29,0,-0.1016
prebreak,002594,2017-03-08,S,S,A,C,S,S,A,16.2117,16.48,15.81,0.67,,0,0.0,0.0,,0,0.0,0,0.0,0.0,,0,0.0,0,0.0,0.0,,0,0.0
prebreak,601238,2017-03-10,S,S,A,C,S,S,A,15.9037,16.07,15.39,0.68,,0,0.0,0.0,,0,0.0,0,0.0,0.0,,0,0.0,0,0.0,0.0,,0,0.0
prebreak,000917,2017-03-13,S,S,A,C,S,S,A,13.9993,14.27,13.66,0.61,,0,0.0,0.0,,0,0.0,0,0.0,0.0,,0,0.0,0,0.0,0.0,,0,0.0
prebreak,000977,2017-03-13,S,S,A,C,S,S,A,17.2196,17.71,17.0,0.71,,0,0.0,0.0,,0,0.0,0,0.0,0.0,,0,0.0,0,0.0,0.0,,0,0.0
prebreak,002009,2017-03-13,S,S,A,C,S,S,A,14.4439,14.65,14.1,0.55,,1,14.65,14.4439,2017-03-20,0,-0.3947,1,14.65,14.4536,2017-03-21,0,-0.3771,1,14.65,14.4536,2017-03-21,0,-0.3771
prebreak,600129,2017-03-13,S,S,A,C,S,S,A,17.2187,17.81,17.02,0.79,,0,0.0,0.0,,0,0.0,1,17.81,17.6713,2017-03-27,0,-0.1926,1,17.81,17.02,2017-03-30,1,-1.0165
prebreak,600571,2017-03-13,S,S,A,C,S,S,A,16.9547,17.38,16.62,0.76,,0,0.0,0.0,,0,0.0,0,0.0,0.0,,0,0.0,0,0.0,0.0,,0,0.0
prebreak,002023,2017-03-14,S,S,A,C,S,S,A,13.9556,14.45,13.82,0.63,,0,0.0,0.0,,0,0.0,0,0.0,0.0,,0,0.0,1,14.45,14.0146,2017-04-13,0,-0.7081
prebreak,000400,2017-03-15,S,S,A,C,S,S,A,15.8645,16.4,15.82,0.58,,0,0.0,0.0,,0,0.0,1,16.4,16.6296,2017-03-29,0,0.3742,1,16.4,16.4,2017-04-24,1,-0.0215
prebreak,002353,2017-03-16,S,S,A,C,S,S,A,20.5537,20.7,19.63,1.07,,0,0.0,0.0,,0,0.0,0,0.0,0.0,,0,0.0,0,0.0,0.0,,0,0.0
prebreak,600521,2017-03-16,S,S,A,C,S,S,A,15.3164,15.69,15.17,0.52,,0,0.0,0.0,,0,0.0,0,0.0,0.0,,0,0.0,0,0.0,0.0,,0,0.0
prebreak,002079,2017-03-20,S,S,A,C,S,S,A,9.3588,9.41,8.91,0.5,,0,0.0,0.0,,0,0.0,0,0.0,0.0,,0,0.0,0,0.0,0.0,,0,0.0
prebreak,000501,2017-03-21,S,S,A,C,S,S,A,14.9405,15.84,15.07,0.77,,0,0.0,0.0,,0,0.0,0,0.0,0.0,,0,0.0,0,0.0,0.0,,0,0.0
prebreak,002023,2017-03-21,S,S,A,C,S,S,A,13.5429,14.0,13.45,0.55,,0,0.0,0.0,,0,0.0,0,0.0,0.0,,0,0.0,1,14.0,13.45,2017-04-18,1,-1.0187
prebreak,603989,2017-03-22,S,S,A,C,S,S,A,24.101,24.73,23.43,1.3,,1,24.73,24.6531,2017-03-29,0,-0.0735,1,24.73,25.0523,2017-04-07,0,0.2333,1,24.73,23.43,2017-04-11,1,-1.0138
prebreak,002123,2017-03-23,S,S,A,C,S,S,A,15.042,15.58,14.79,0.79,,0,0.0,0.0,,0,0.0,0,0.0,0.0,,0,0.0,0,0.0,0.0,,0,0.0
prebreak,000901,2017-03-27,S,S,A,C,S,S,A,19.2922,20.5,19.68,0.82,,0,0.0,0.0,,0,0.0,0,0.0,0.0,,0,0.0,0,0.0,0.0,,0,0.0
prebreak,002456,2017-03-27,S,S,A,C,S,S,A,15.0334,14.72,14.07,0.65,,0,0.0,0.0,,0,0.0,0,0.0,0.0,,0,0.0,0,0.0,0.0,,0,0.0
prebreak,002700,2017-03-27,S,S,A,C,S,S,A,12.6794,12.75,12.08,0.67,,1,12.75,12.8393,2017-04-05,0,0.1188,1,12.75,12.2656,2017-04-12,0,-0.737,1,12.75,12.08,2017-04-13,1,-1.0138
prebreak,600830,2017-03-27,S,S,A,C,S,S,A,11.3996,11.96,11.36,0.6,,0,0.0,0.0,,0,0.0,0,0.0,0.0,,0,0.0,0,0.0,0.0,,0,0.0
prebreak,000501,2017-03-28,S,S,A,C,S,S,A,14.8683,15.28,14.62,0.66,,0,0.0,0.0,,0,0.0,0,0.0,0.0,,0,0.0,0,0.0,0.0,,0,0.0
prebreak,600967,2017-03-28,S,S,A,C,S,S,A,13.3048,13.06,12.46,0.6,,0,0.0,0.0,,0,0.0,0,0.0,0.0,,0,0.0,0,0.0,0.0,,0,0.0
prebreak,002373,2017-03-31,S,S,A,C,S,S,A,12.7911,13.87,13.24,0.63,,1,13.87,14.5822,2017-04-11,0,1.113,1,13.87,13.6672,2017-04-18,0,-0.3385,1,13.87,13.87,2017-04-12,1,-0.0167
prebreak,002581,2017-03-31,S,S,A,C,S,S,A,23.68,25.52,24.18,1.34,,1,25.52,25.4,2017-04-11,0,-0.104,1,25.52,25.25,2017-04-12,0,-0.2158,1,25.52,25.25,2017-04-12,0,-0.2158
prebreak,300285,2017-03-31,S,S,A,C,S,S,A,12.8167,12.93,12.32,0.61,,0,0.0,0.0,,0,0.0,0,0.0,0.0,,0,0.0,0,0.0,0.0,,0,0.0
prebreak,600038,2017-03-31,S,S,A,C,S,S,A,46.9221,48.05,45.62,2.43,,0,0.0,0.0,,0,0.0,0,0.0,0.0,,0,0.0,0,0.0,0.0,,0,0.0
prebreak,002573,2017-04-05,S,S,A,C,S,S,A,17.5401,17.33,16.65,0.68,,1,17.33,18.5107,2017-04-12,0,1.7158,1,17.33,20.0583,2017-04-19,0,3.9904,1,17.33,20.33,2017-04-17,1,4.3896
prebreak,002700,2017-04-05,S,S,A,C,S,S,A,12.8393,12.75,12.08,0.67,,0,0.0,0.0,,0,0.0,0,0.0,0.0,,0,0.0,0,0.0,0.0,,0,0.0
prebreak,600967,2017-04-06,S,S,A,C,S,S,A,13.7995,13.06,12.46,0.6,,1,13.06,14.6653,2017-04-13,0,2.6572,1,13.06,14.3914,2017-04-20,0,2.2011,1,13.06,13.06,2017-04-24,1,-0.0165
prebreak,603011,2017-04-06,S,S,A,C,S,S,A,11.3327,10.97,10.42,0.55,,0,0.0,0.0,,0,0.0,0,0.0,0.0,,0,0.0,0,0.0,0.0,,0,0.0
prebreak,603306,2017-04-06,S,S,A,C,S,S,A,23.9626,24.5,23.39,1.11,,0,0.0,0.0,,0,0.0,0,0.0,0.0,,0,0.0,0,0.0,0.0,,0,0.0
prebreak,000028,2017-04-07,S,S,A,C,S,S,A,45.9588,45.56,43.64,1.92,,0,0.0,0.0,,0,0.0,0,0.0,0.0,,0,0.0,0,0.0,0.0,,0,0.0
prebreak,000762,2017-04-07,S,S,A,C,S,S,A,17.9724,17.33,16.46,0.87,,0,0.0,0.0,,0,0.0,0,0.0,0.0,,0,0.0,0,0.0,0.0,,0,0.0
prebreak,600150,2017-04-07,S,S,A,C,S,S,A,28.3083,27.59,26.25,1.34,,1,27.59,30.0963,2017-04-14,0,1.8535,1,27.59,27.2838,2017-04-21,0,-0.244,1,27.59,27.59,2017-04-19,1,-0.0156
prebreak,603001,2017-04-07,S,S,A,C,S,S,A,16.1521,16.46,15.68,0.78,,0,0.0,0.0,,0,0.0,0,0.0,0.0,,0,0.0,0,0.0,0.0,,0,0.0
prebreak,603989,2017-04-07,S,S,A,C,S,S,A,25.0523,25.45,24.15,1.3,,0,0.0,0.0,,0,0.0,0,0.0,0.0,,0,0.0,1,25.45,25.4447,2017-05-04,0,-0.0189
prebreak,002581,2017-04-11,S,S,A,C,S,S,A,25.4,25.52,24.18,1.34,,0,0.0,0.0,,0,0.0,0,0.0,0.0,,0,0.0,0,0.0,0.0,,0,0.0
prebreak,300285,2017-04-11,S,S,A,C,S,S,A,13.3994,12.93,12.32,0.61,,0,0.0,0.0,,0,0.0,0,0.0,0.0,,0,0.0,0,0.0,0.0,,0,0.0
prebreak,600038,2017-04-11,S,S,A,C,S,S,A,50.3005,47.92,45.42,2.5,,0,0.0,0.0,,0,0.0,0,0.0,0.0,,0,0.0,0,0.0,0.0,,0,0.0
prebreak,002296,2017-04-13,S,S,A,C,S,S,A,14.9194,15.15,14.53,0.62,,0,0.0,0.0,,0,0.0,0,0.0,0.0,,0,0.0,0,0.0,0.0,,0,0.0
prebreak,600600,2017-04-13,S,S,A,C,S,S,A,27.4217,27.53,26.25,1.28,,0,0.0,0.0,,0,0.0,0,0.0,0.0,,0,0.0,0,0.0,0.0,,0,0.0
prebreak,603011,2017-04-13,S,S,A,C,S,S,A,10.7175,10.97,10.42,0.55,,0,0.0,0.0,,0,0.0,0,0.0,0.0,,0,0.0,0,0.0,0.0,,0,0.0
prebreak,603118,2017-04-13,S,S,A,C,S,S,A,13.8211,14.92,14.22,0.7,,0,0.0,0.0,,0,0.0,0,0.0,0.0,,0,0.0,0,0.0,0.0,,0,0.0
prebreak,603306,2017-04-13,S,S,A,C,S,S,A,23.2497,24.4,23.28,1.12,,0,0.0,0.0,,0,0.0,0,0.0,0.0,,0,0.0,0,0.0,0.0,,0,0.0
prebreak,000802,2017-04-19,S,S,A,C,S,S,A,16.0028,18.17,17.42,0.75,,0,0.0,0.0,,0,0.0,0,0.0,0.0,,0,0.0,0,0.0,0.0,,0,0.0
prebreak,000917,2017-04-19,S,S,A,C,S,S,A,12.8684,14.13,13.5,0.63,,0,0.0,0.0,,0,0.0,0,0.0,0.0,,0,0.0,0,0.0,0.0,,0,0.0
prebreak,002009,2017-04-19,S,S,A,C,S,S,A,12.3749,13.8,13.14,0.66,,0,0.0,0.0,,0,0.0,0,0.0,0.0,,0,0.0,0,0.0,0.0,,0,0.0
prebreak,002176,2017-04-19,S,S,A,C,S,S,A,9.7273,11.5,10.94,0.56,,0,0.0,0.0,,0,0.0,0,0.0,0.0,,0,0.0,0,0.0,0.0,,0,0.0
prebreak,002210,2017-04-19,S,S,A,C,S,S,A,12.0084,12.66,12.01,0.65,,0,0.0,0.0,,0,0.0,0,0.0,0.0,,0,0.0,0,0.0,0.0,,0,0.0
prebreak,002544,2017-04-19,S,S,A,C,S,S,A,22.0946,26.32,24.93,1.39,,0,0.0,0.0,,0,0.0,0,0.0,0.0,,0,0.0,0,0.0,0.0,,0,0.0
prebreak,002603,2017-04-19,S,S,A,C,S,S,A,10.5267,11.23,10.72,0.51,,0,0.0,0.0,,0,0.0,0,0.0,0.0,,0,0.0,0,0.0,0.0,,0,0.0
prebreak,002705,2017-04-19,S,S,A,C,S,S,A,11.4607,11.52,11.01,0.51,,0,0.0,0.0,,0,0.0,0,0.0,0.0,,0,0.0,0,0.0,0.0,,0,0.0
prebreak,300166,2017-04-19,S,S,A,C,S,S,A,11.8214,12.74,12.11,0.63,,0,0.0,0.0,,0,0.0,0,0.0,0.0,,0,0.0,0,0.0,0.0,,0,0.0
prebreak,600775,2017-04-19,S,S,A,C,S,S,A,14.2941,15.14,14.4,0.74,,0,0.0,0.0,,0,0.0,0,0.0,0.0,,0,0.0,0,0.0,0.0,,0,0.0
prebreak,603968,2017-04-19,S,S,A,C,S,S,A,18.8255,19.19,18.42,0.77,,1,19.19,19.1725,2017-04-24,0,-0.0416,1,19.19,19.1725,2017-04-24,0,-0.0416,1,19.19,19.1725,2017-04-24,0,-0.0416
prebreak,000988,2017-04-20,S,S,A,C,S,S,A,14.3743,15.27,14.56,0.71,,0,0.0,0.0,,0,0.0,0,0.0,0.0,,0,0.0,0,0.0,0.0,,0,0.0
prebreak,002275,2017-04-20,S,S,A,C,S,S,A,14.5238,13.7,13.14,0.56,,1,13.7,13.14,2017-04-27,1,-1.018,1,13.7,13.14,2017-04-27,1,-1.018,1,13.7,13.14,2017-04-27,1,-1.018
prebreak,002276,2017-04-20,S,S,A,C,S,S,A,13.1804,13.47,12.82,0.65,,0,0.0,0.0,,0,0.0,0,0.0,0.0,,0,0.0,0,0.0,0.0,,0,0.0
prebreak,600562,2017-04-20,S,S,A,C,S,S,A,21.6906,24.13,22.99,1.14,,0,0.0,0.0,,0,0.0,0,0.0,0.0,,0,0.0,0,0.0,0.0,,0,0.0
prebreak,603306,2017-04-20,S,S,A,C,S,S,A,23.781,24.4,23.28,1.12,,0,0.0,0.0,,0,0.0,0,0.0,0.0,,0,0.0,0,0.0,0.0,,0,0.0
prebreak,000544,2017-04-21,S,S,A,C,S,S,A,9.3992,10.3,9.8,0.5,,0,0.0,0.0,,0,0.0,0,0.0,0.0,,0,0.0,0,0.0,0.0,,0,0.0
prebreak,000762,2017-04-21,S,S,A,C,S,S,A,15.5397,17.33,16.46,0.87,,0,0.0,0.0,,0,0.0,0,0.0,0.0,,0,0.0,0,0.0,0.0,,0,0.0
prebreak,002106,2017-04-21,S,S,A,C,S,S,A,9.761,11.44,10.86,0.58,,0,0.0,0.0,,0,0.0,0,0.0,0.0,,0,0.0,0,0.0,0.0,,0,0.0
prebreak,002189,2017-04-21,S,S,A,C,S,S,A,18.7254,22.63,21.57,1.06,,0,0.0,0.0,,0,0.0,0,0.0,0.0,,0,0.0,0,0.0,0.0,,0,0.0
prebreak,002382,2017-04-21,S,S,A,C,S,S,A,11.8449,11.58,10.99,0.59,,0,0.0,0.0,,0,0.0,0,0.0,0.0,,0,0.0,0,0.0,0.0,,0,0.0
prebreak,600557,2017-04-21,S,S,A,C,S,S,A,16.5476,16.72,16.08,0.64,,0,0.0,0.0,,0,0.0,0,0.0,0.0,,0,0.0,0,0.0,0.0,,0,0.0
prebreak,000014,2017-04-25,S,S,A,C,S,S,A,13.4323,15.04,14.31,0.73,,0,0.0,0.0,,0,0.0,0,0.0,0.0,,0,0.0,0,0.0,0.0,,0,0.0
prebreak,000403,2017-04-25,S,S,A,C,S,S,A,13.1349,13.38,12.7,0.68,,0,0.0,0.0,,0,0.0,0,0.0,0.0,,0,0.0,0,0.0,0.0,,0,0.0
prebreak,002048,2017-04-25,S,S,A,C,S,S,A,17.4085,16.83,16.05,0.78,,1,16.83,16.05,2017-04-27,1,-1.0158,1,16.83,16.05,2017-04-27,1,-1.0158,1,16.83,16.05,2017-04-27,1,-1.0158
prebreak,002111,2017-04-25,S,S,A,C,S,S,A,11.6541,12.91,12.23,0.68,,0,0.0,0.0,,0,0.0,0,0.0,0.0,,0,0.0,0,0.0,0.0,,0,0.0
prebreak,002423,2017-04-25,S,S,A,C,S,S,A,11.9274,12.79,12.23,0.56,,0,0.0,0.0,,0,0.0,0,0.0,0.0,,0,0.0,0,0.0,0.0,,0,0.0
prebreak,002424,2017-04-25,S,S,A,C,S,S,A,15.8732,16.56,15.75,0.81,,0,0.0,0.0,,0,0.0,0,0.0,0.0,,0,0.0,1,16.56,17.8826,2017-06-23,1,1.6163
prebreak,600038,2017-04-25,S,S,A,C,S,S,A,43.844,47.92,45.42,2.5,,0,0.0,0.0,,0,0.0,0,0.0,0.0,,0,0.0,0,0.0,0.0,,0,0.0
prebreak,600343,2017-04-25,S,S,A,C,S,S,A,19.6801,21.92,21.11,0.81,,0,0.0,0.0,,0,0.0,0,0.0,0.0,,0,0.0,0,0.0,0.0,,0,0.0
prebreak,600372,2017-04-25,S,S,A,C,S,S,A,17.8652,18.75,17.94,0.81,,0,0.0,0.0,,0,0.0,0,0.0,0.0,,0,0.0,0,0.0,0.0,,0,0.0
prebreak,600783,2017-04-25,S,S,A,C,S,S,A,18.6086,21.4,20.32,1.08,,0,0.0,0.0,,0,0.0,0,0.0,0.0,,0,0.0,0,0.0,0.0,,0,0.0
prebreak,000777,2017-04-26,S,S,A,C,S,S,A,20.1609,23.44,22.32,1.12,,0,0.0,0.0,,0,0.0,0,0.0,0.0,,0,0.0,0,0.0,0.0,,0,0.0
prebreak,000917,2017-04-26,S,S,A,C,S,S,A,12.03,14.13,13.5,0.63,,0,0.0,0.0,,0,0.0,0,0.0,0.0,,0,0.0,0,0.0,0.0,,0,0.0
prebreak,002156,2017-04-26,S,S,A,C,S,S,A,10.164,11.14,10.64,0.5,,0,0.0,0.0,,0,0.0,0,0.0,0.0,,0,0.0,0,0.0,0.0,,0,0.0
prebreak,002210,2017-04-26,S,S,A,C,S,S,A,10.3471,12.66,12.01,0.65,,0,0.0,0.0,,0,0.0,0,0.0,0.0,,0,0.0,0,0.0,0.0,,0,0.0
prebreak,002603,2017-04-26,S,S,A,C,S,S,A,10.2418,11.23,10.72,0.51,,0,0.0,0.0,,0,0.0,0,0.0,0.0,,0,0.0,0,0.0,0.0,,0,0.0
prebreak,300166,2017-04-26,S,S,A,C,S,S,A,11.362,12.74,12.11,0.63,,0,0.0,0.0,,0,0.0,0,0.0,0.0,,0,0.0,0,0.0,0.0,,0,0.0
prebreak,600129,2017-04-26,S,S,A,C,S,S,A,15.6779,16.16,15.38,0.78,,0,0.0,0.0,,0,0.0,0,0.0,0.0,,0,0.0,0,0.0,0.0,,0,0.0
prebreak,600775,2017-04-26,S,S,A,C,S,S,A,12.7498,15.14,14.4,0.74,,0,0.0,0.0,,0,0.0,0,0.0,0.0,,0,0.0,0,0.0,0.0,,0,0.0
prebreak,600897,2017-04-26,S,S,A,C,S,S,A,13.1801,13.92,13.28,0.64,,0,0.0,0.0,,0,0.0,0,0.0,0.0,,0,0.0,0,0.0,0.0,,0,0.0
prebreak,603000,2017-04-26,S,S,A,C,S,S,A,13.6975,15.09,14.44,0.65,,0,0.0,0.0,,0,0.0,0,0.0,0.0,,0,0.0,0,0.0,0.0,,0,0.0
prebreak,603968,2017-04-26,S,S,A,C,S,S,A,18.8728,19.19,18.42,0.77,,0,0.0,0.0,,0,0.0,0,0.0,0.0,,0,0.0,0,0.0,0.0,,0,0.0
prebreak,000988,2017-04-27,S,S,A,C,S,S,A,14.0734,14.48,13.73,0.75,,1,14.48,14.1317,2017-05-05,0,-0.4788,1,14.48,14.1317,2017-05-05,0,-0.4788,1,14.48,14.1317,2017-05-05,0,-0.4788
prebreak,002275,2017-04-27,S,S,A,C,S,S,A,13.3006,13.7,13.14,0.56,,0,0.0,0.0,,0,0.0,0,0.0,0.0,,0,0.0,0,0.0,0.0,,0,0.0
prebreak,002276,2017-04-27,S,S,A,C,S,S,A,11.3848,13.36,12.82,0.54,,0,0.0,0.0,,0,0.0,0,0.0,0.0,,0,0.0,0,0.0,0.0,,0,0.0
prebreak,002518,2017-04-27,S,S,A,C,S,S,A,11.6209,13.77,13.18,0.59,,0,0.0,0.0,,0,0.0,0,0.0,0.0,,0,0.0,0,0.0,0.0,,0,0.0
prebreak,600060,2017-04-27,S,S,A,C,S,S,A,13.677,14.67,13.91,0.76,,0,0.0,0.0,,0,0.0,0,0.0,0.0,,0,0.0,0,0.0,0.0,,0,0.0
prebreak,600312,2017-04-27,S,S,A,C,S,S,A,13.1869,14.93,14.35,0.58,,0,0.0,0.0,,0,0.0,0,0.0,0.0,,0,0.0,0,0.0,0.0,,0,0.0
prebreak,600526,2017-04-27,S,S,A,C,S,S,A,11.5831,12.05,11.52,0.53,,0,0.0,0.0,,0,0.0,0,0.0,0.0,,0,0.0,0,0.0,0.0,,0,0.0
prebreak,600562,2017-04-27,S,S,A,C,S,S,A,21.33,24.13,22.99,1.14,,0,0.0,0.0,,0,0.0,0,0.0,0.0,,0,0.0,0,0.0,0.0,,0,0.0
prebreak,600600,2017-04-27,S,S,A,C,S,S,A,26.8958,28.11,26.85,1.26,,0,0.0,0.0,,0,0.0,0,0.0,0.0,,0,0.0,1,28.11,27.6888,2017-05-31,0,-0.351
prebreak,600756,2017-04-27,S,S,A,C,S,S,A,19.2226,20.14,19.26,0.88,,0,0.0,0.0,,0,0.0,0,0.0,0.0,,0,0.0,1,20.14,20.14,2017-06-01,1,-0.0174
prebreak,603306,2017-04-27,S,S,A,C,S,S,A,24.0029,24.32,23.02,1.3,,0,0.0,0.0,,0,0.0,0,0.0,0.0,,0,0.0,0,0.0,0.0,,0,0.0
prebreak,000026,2017-04-28,S,S,A,C,S,S,A,10.2738,11.74,11.14,0.6,,0,0.0,0.0,,0,0.0,0,0.0,0.0,,0,0.0,0,0.0,0.0,,0,0.0
prebreak,000400,2017-04-28,S,S,A,C,S,S,A,16.5928,17.44,16.57,0.87,,0,0.0,0.0,,0,0.0,0,0.0,0.0,,0,0.0,0,0.0,0.0,,0,0.0
prebreak,002382,2017-04-28,S,S,A,C,S,S,A,12.1546,11.58,10.99,0.59,,0,0.0,0.0,,0,0.0,0,0.0,0.0,,0,0.0,0,0.0,0.0,,0,0.0
prebreak,600138,2017-04-28,S,S,A,C,S,S,A,19.489,20.81,19.78,1.03,,0,0.0,0.0,,0,0.0,0,0.0,0.0,,0,0.0,0,0.0,0.0,,0,0.0
prebreak,600557,2017-04-28,S,S,A,C,S,S,A,15.9031,16.53,15.73,0.8,,0,0.0,0.0,,0,0.0,0,0.0,0.0,,0,0.0,0,0.0,0.0,,0,0.0
prebreak,600706,2017-04-28,S,S,A,C,S,S,A,16.4002,16.21,15.41,0.8,,1,16.21,15.8949,2017-05-08,0,-0.409,1,16.21,15.41,2017-05-09,1,-1.0148,1,16.21,15.41,2017-05-09,1,-1.0148
prebreak,002268,2017-05-02,S,S,A,C,S,S,A,19.0353,19.55,18.65,0.9,,0,0.0,0.0,,0,0.0,1,19.55,19.409,2017-05-16,0,-0.1731,1,19.55,19.0475,2017-05-17,0,-0.5744
prebreak,002643,2017-05-02,S,S,A,C,S,S,A,12.6146,11.97,11.44,0.53,,0,0.0,0.0,,0,0.0,0,0.0,0.0,,0,0.0,0,0.0,0.0,,0,0.0
prebreak,300001,2017-05-02,S,S,A,C,S,S,A,16.1158,16.52,15.77,0.75,,1,16.52,15.9117,2017-05-08,0,-0.8273,1,16.52,15.9117,2017-05-08,0,-0.8273,1,16.52,15.9117,2017-05-08,0,-0.8273
prebreak,600391,2017-05-02,S,S,A,C,S,S,A,32.9647,36.7,35.27,1.43,,0,0.0,0.0,,0,0.0,0,0.0,0.0,,0,0.0,0,0.0,0.0,,0,0.0
prebreak,600612,2017-05-02,S,S,A,C,S,S,A,31.6722,30.37,28.75,1.62,,0,0.0,0.0,,0,0.0,0,0.0,0.0,,0,0.0,0,0.0,0.0,,0,0.0
prebreak,600765,2017-05-02,S,S,A,C,S,S,A,11.347,10.73,10.18,0.55,,0,0.0,0.0,,0,0.0,0,0.0,0.0,,0,0.0,0,0.0,0.0,,0,0.0
prebreak,002048,2017-05-03,S,S,A,C,S,S,A,16.3268,17.44,16.59,0.85,,0,0.0,0.0,,0,0.0,0,0.0,0.0,,0,0.0,0,0.0,0.0,,0,0.0
prebreak,002223,2017-05-03,S,S,A,C,S,S,A,19.4801,19.47,18.43,1.04,,0,0.0,0.0,,0,0.0,0,0.0,0.0,,0,0.0,0,0.0,0.0,,0,0.0
prebreak,600038,2017-05-03,S,S,A,C,S,S,A,44.698,44.83,42.5,2.33,,0,0.0,0.0,,0,0.0,0,0.0,0.0,,0,0.0,0,0.0,0.0,,0,0.0
prebreak,600372,2017-05-03,S,S,A,C,S,S,A,17.5154,18.33,17.54,0.79,,0,0.0,0.0,,0,0.0,0,0.0,0.0,,0,0.0,0,0.0,0.0,,0,0.0
prebreak,600697,2017-05-03,S,S,A,C,S,S,A,24.0636,24.62,23.46,1.16,,0,0.0,0.0,,0,0.0,0,0.0,0.0,,0,0.0,0,0.0,0.0,,0,0.0
prebreak,600754,2017-05-03,S,S,A,C,S,S,A,21.7108,24.4,23.34,1.06,,0,0.0,0.0,,0,0.0,0,0.0,0.0,,0,0.0,0,0.0,0.0,,0,0.0
prebreak,000901,2017-05-04,S,S,A,C,S,S,A,17.3448,17.91,17.02,0.89,,0,0.0,0.0,,0,0.0,0,0.0,0.0,,0,0.0,0,0.0,0.0,,0,0.0
prebreak,002210,2017-05-04,S,S,A,C,S,S,A,10.4928,12.66,12.01,0.65,,0,0.0,0.0,,0,0.0,0,0.0,0.0,,0,0.0,0,0.0,0.0,,0,0.0
prebreak,002544,2017-05-04,S,S,A,C,S,S,A,23.0225,26.32,24.93,1.39,,0,0.0,0.0,,0,0.0,0,0.0,0.0,,0,0.0,0,0.0,0.0,,0,0.0
prebreak,002603,2017-05-04,S,S,A,C,S,S,A,10.2418,10.58,10.05,0.53,,0,0.0,0.0,,0,0.0,0,0.0,0.0,,0,0.0,0,0.0,0.0,,0,0.0
prebreak,600292,2017-05-04,S,S,A,C,S,S,A,12.1502,11.86,11.25,0.61,,1,11.86,11.25,2017-05-08,1,-1.0141,1,11.86,11.25,2017-05-08,1,-1.0141,1,11.86,11.25,2017-05-08,1,-1.0141
prebreak,600897,2017-05-04,S,S,A,C,S,S,A,13.2845,13.48,12.94,0.54,,0,0.0,0.0,,0,0.0,0,0.0,0.0,,0,0.0,1,13.48,13.79,2017-07-14,1,0.5547
prebreak,601689,2017-05-04,S,S,A,C,S,S,A,13.8693,15.26,14.51,0.75,,0,0.0,0.0,,0,0.0,0,0.0,0.0,,0,0.0,0,0.0,0.0,,0,0.0
prebreak,603000,2017-05-04,S,S,A,C,S,S,A,13.4556,14.03,13.35,0.68,,0,0.0,0.0,,0,0.0,0,0.0,0.0,,0,0.0,0,0.0,0.0,,0,0.0
prebreak,603968,2017-05-04,S,S,A,C,S,S,A,19.0227,19.19,18.42,0.77,,0,0.0,0.0,,0,0.0,0,0.0,0.0,,0,0.0,0,0.0,0.0,,0,0.0
prebreak,000669,2017-05-09,S,S,A,C,S,S,A,10.8668,11.93,11.34,0.59,,0,0.0,0.0,,0,0.0,1,11.93,11.34,2017-05-19,1,-1.0147,1,11.93,11.34,2017-05-19,1,-1.0147
prebreak,000826,2017-05-09,S,S,A,C,S,S,A,23.4848,26.22,25.1,1.12,,0,0.0,0.0,,0,0.0,0,0.0,0.0,,0,0.0,0,0.0,0.0,,0,0.0
prebreak,002643,2017-05-09,S,S,A,C,S,S,A,13.2298,12.88,12.31,0.57,,1,12.88,13.7181,2017-05-16,0,1.4522,1,12.88,13.0814,2017-05-23,0,0.336,1,12.88,12.88,2017-06-01,1,-0.0172
prebreak,300124,2017-05-09,S,S,A,C,S,S,A,13.8766,15.0,14.31,0.69,,0,0.0,0.0,,0,0.0,0,0.0,0.0,,0,0.0,0,0.0,0.0,,0,0.0
prebreak,300244,2017-05-09,S,S,A,C,S,S,A,26.1098,25.88,24.62,1.26,,0,0.0,0.0,,0,0.0,0,0.0,0.0,,0,0.0,0,0.0,0.0,,0,0.0
prebreak,300267,2017-05-09,S,S,A,C,S,S,A,11.1082,12.98,12.38,0.6,,0,0.0,0.0,,0,0.0,0,0.0,0.0,,0,0.0,0,0.0,0.0,,0,0.0
prebreak,000733,2017-05-11,S,S,A,C,S,S,A,14.7805,15.06,14.41,0.65,,0,0.0,0.0,,0,0.0,0,0.0,0.0,,0,0.0,0,0.0,0.0,,0,0.0
prebreak,002074,2017-05-11,S,S,A,C,S,S,A,23.7582,27.0,25.74,1.26,,0,0.0,0.0,,0,0.0,0,0.0,0.0,,0,0.0,0,0.0,0.0,,0,0.0
prebreak,002142,2017-05-11,S,S,A,C,S,S,A,10.1557,10.41,9.89,0.52,,0,0.0,0.0,,0,0.0,0,0.0,0.0,,0,0.0,0,0.0,0.0,,0,0.0
prebreak,002176,2017-05-11,S,S,A,C,S,S,A,9.0097,11.5,10.94,0.56,,0,0.0,0.0,,0,0.0,0,0.0,0.0,,0,0.0,0,0.0,0.0,,0,0.0
prebreak,002603,2017-05-11,S,S,A,C,S,S,A,10.0479,10.46,9.95,0.51,,0,0.0,0.0,,0,0.0,0,0.0,0.0,,0,0.0,0,0.0,0.0,,0,0.0
prebreak,002690,2017-05-11,S,S,A,C,S,S,A,11.8327,11.97,11.35,0.62,,0,0.0,0.0,,0,0.0,0,0.0,0.0,,0,0.0,0,0.0,0.0,,0,0.0
prebreak,600292,2017-05-11,S,S,A,C,S,S,A,10.0313,11.86,11.25,0.61,,0,0.0,0.0,,0,0.0,1,11.86,11.25,2017-05-23,1,-1.0141,1,11.86,11.25,2017-05-23,1,-1.0141
prebreak,601689,2017-05-11,S,S,A,C,S,S,A,13.6574,15.26,14.51,0.75,,0,0.0,0.0,,0,0.0,0,0.0,0.0,,0,0.0,0,0.0,0.0,,0,0.0
prebreak,603000,2017-05-11,S,S,A,C,S,S,A,12.5995,14.03,13.35,0.68,,0,0.0,0.0,,0,0.0,0,0.0,0.0,,0,0.0,0,0.0,0.0,,0,0.0
prebreak,603968,2017-05-11,S,S,A,C,S,S,A,18.0684,19.19,18.42,0.77,,0,0.0,0.0,,0,0.0,0,0.0,0.0,,0,0.0,0,0.0,0.0,,0,0.0
prebreak,000988,2017-05-12,S,S,A,C,S,S,A,12.8918,14.58,13.89,0.69,,0,0.0,0.0,,0,0.0,0,0.0,0.0,,0,0.0,0,0.0,0.0,,0,0.0
prebreak,600004,2017-05-12,S,S,A,C,S,S,A,10.0425,10.41,9.9,0.51,,1,10.41,10.3355,2017-05-18,0,-0.1615,1,10.41,10.3355,2017-05-18,0,-0.1615,1,10.41,10.3355,2017-05-18,0,-0.1615
prebreak,600312,2017-05-12,S,S,A,C,S,S,A,12.1539,13.09,12.49,0.6,,0,0.0,0.0,,0,0.0,0,0.0,0.0,,0,0.0,0,0.0,0.0,,0,0.0
prebreak,000400,2017-05-15,S,S,A,C,S,S,A,15.0902,17.44,16.57,0.87,,0,0.0,0.0,,0,0.0,0,0.0,0.0,,0,0.0,0,0.0,0.0,,0,0.0
prebreak,002019,2017-05-15,S,S,A,C,S,S,A,14.0714,14.22,13.49,0.73,,0,0.0,0.0,,0,0.0,0,0.0,0.0,,0,0.0,0,0.0,0.0,,0,0.0
prebreak,000581,2017-05-16,S,S,A,C,S,S,A,13.6473,13.7,13.04,0.66,,0,0.0,0.0,,0,0.0,0,0.0,0.0,,0,0.0,0,0.0,0.0,,0,0.0
prebreak,000669,2017-05-16,S,S,A,C,S,S,A,11.3923,11.93,11.34,0.59,,1,11.93,11.34,2017-05-19,1,-1.0147,1,11.93,11.34,2017-05-19,1,-1.0147,1,11.93,11.34,2017-05-19,1,-1.0147
prebreak,000826,2017-05-16,S,S,A,C,S,S,A,23.2263,26.22,25.1,1.12,,0,0.0,0.0,,0,0.0,0,0.0,0.0,,0,0.0,0,0.0,0.0,,0,0.0
prebreak,002643,2017-05-16,S,S,A,C,S,S,A,13.7181,12.88,12.31,0.57,,1,12.88,13.0814,2017-05-23,0,0.336,1,12.88,12.31,2017-06-01,1,-1.0165,1,12.88,12.88,2017-06-01,1,-0.0172
prebreak,300124,2017-05-16,S,S,A,C,S,S,A,14.4618,15.0,14.31,0.69,,0,0.0,0.0,,0,0.0,0,0.0,0.0,,0,0.0,0,0.0,0.0,,0,0.0
prebreak,300244,2017-05-16,S,S,A,C,S,S,A,26.6268,25.88,24.62,1.26,,0,0.0,0.0,,0,0.0,0,0.0,0.0,,0,0.0,0,0.0,0.0,,0,0.0
prebreak,600566,2017-05-16,S,S,A,C,S,S,A,22.662,22.73,21.58,1.15,,1,22.73,22.5726,2017-05-19,0,-0.1518,1,22.73,22.5726,2017-05-19,0,-0.1518,1,22.73,22.5726,2017-05-19,0,-0.1518
prebreak,002151,2017-05-17,S,S,A,C,S,S,A,27.913,31.06,29.56,1.5,,0,0.0,0.0,,0,0.0,0,0.0,0.0,,0,0.0,0,0.0,0.0,,0,0.0
prebreak,002223,2017-05-17,S,S,A,C,S,S,A,18.8114,19.85,18.87,0.98,,0,0.0,0.0,,0,0.0,0,0.0,0.0,,0,0.0,1,19.85,20.1292,2017-06-09,0,0.2693
prebreak,002232,2017-05-17,S,S,A,C,S,S,A,13.6077,12.1,11.59,0.51,,1,12.1,13.5883,2017-05-24,0,2.8983,1,12.1,13.6756,2017-06-02,0,3.0694,1,12.1,12.1,2017-06-09,1,-0.018
prebreak,002727,2017-05-17,S,S,A,C,S,S,A,15.2761,15.55,14.89,0.66,,0,0.0,0.0,,0,0.0,0,0.0,0.0,,0,0.0,0,0.0,0.0,,0,0.0
prebreak,300463,2017-05-17,S,S,A,C,S,S,A,23.4441,21.64,20.51,1.13,,0,0.0,0.0,,0,0.0,0,0.0,0.0,,0,0.0,0,0.0,0.0,,0,0.0
prebreak,600038,2017-05-17,S,S,A,C,S,S,A,42.8211,44.83,42.5,2.33,,0,0.0,0.0,,0,0.0,0,0.0,0.0,,0,0.0,0,0.0,0.0,,0,0.0
prebreak,600584,2017-05-17,S,S,A,C,S,S,A,16.7835,17.71,16.98,0.73,,0,0.0,0.0,,0,0.0,0,0.0,0.0,,0,0.0,0,0.0,0.0,,0,0.0
prebreak,603369,2017-05-19,S,S,A,C,S,S,A,10.4845,10.89,10.35,0.54,,0,0.0,0.0,,0,0.0,0,0.0,0.0,,0,0.0,1,10.89,12.148,2017-07-21,0,2.3129
prebreak,002151,2017-05-24,S,S,A,C,S,S,A,26.8982,31.06,29.56,1.5,,0,0.0,0.0,,0,0.0,0,0.0,0.0,,0,0.0,0,0.0,0.0,,0,0.0
prebreak,002232,2017-05-24,S,S,A,C,S,S,A,13.5883,12.1,11.59,0.51,,1,12.1,13.6756,2017-06-02,0,3.0694,1,12.1,12.987,2017-06-09,0,1.72,1,12.1,12.1,2017-06-09,1,-0.018
prebreak,002449,2017-05-24,S,S,A,C,S,S,A,10.4917,10.6,10.06,0.54,,0,0.0,0.0,,0,0.0,0,0.0,0.0,,0,0.0,0,0.0,0.0,,0,0.0
prebreak,600323,2017-05-24,S,S,A,C,S,S,A,11.6545,12.06,11.47,0.59,,0,0.0,0.0,,0,0.0,0,0.0,0.0,,0,0.0,0,0.0,0.0,,0,0.0
prebreak,600584,2017-05-24,S,S,A,C,S,S,A,15.2444,17.23,16.36,0.87,,0,0.0,0.0,,0,0.0,0,0.0,0.0,,0,0.0,0,0.0,0.0,,0,0.0
prebreak,002142,2017-05-25,S,S,A,C,S,S,A,10.7017,10.49,9.95,0.54,,1,10.49,10.4434,2017-06-05,0,-0.1011,1,10.49,10.6958,2017-06-12,0,0.3661,1,10.49,11.5352,2017-06-28,0,1.9197
prebreak,002456,2017-05-25,S,S,A,C,S,S,A,15.6371,15.58,14.98,0.6,,0,0.0,0.0,,0,0.0,0,0.0,0.0,,0,0.0,0,0.0,0.0,,0,0.0
prebreak,600332,2017-05-25,S,S,A,C,S,S,A,23.2022,23.05,21.89,1.16,,0,0.0,0.0,,0,0.0,0,0.0,0.0,,0,0.0,0,0.0,0.0,,0,0.0
prebreak,601566,2017-05-25,S,S,A,C,S,S,A,11.1166,11.51,10.97,0.54,,0,0.0,0.0,,0,0.0,0,0.0,0.0,,0,0.0,0,0.0,0.0,,0,0.0
prebreak,600668,2017-05-26,S,S,A,C,S,S,A,11.5663,11.98,11.43,0.55,,0,0.0,0.0,,0,0.0,0,0.0,0.0,,0,0.0,0,0.0,0.0,,0,0.0
prebreak,000400,2017-05-31,S,S,A,C,S,S,A,14.8874,15.39,14.64,0.75,,0,0.0,0.0,,0,0.0,0,0.0,0.0,,0,0.0,0,0.0,0.0,,0,0.0
prebreak,002019,2017-05-31,S,S,A,C,S,S,A,13.4115,13.78,13.12,0.66,,1,13.78,13.8018,2017-06-07,0,0.0172,1,13.78,13.9784,2017-06-14,0,0.2846,1,13.78,14.2201,2017-07-17,0,0.6505
prebreak,600109,2017-05-31,S,S,A,C,S,S,A,11.078,11.19,10.65,0.54,,0,0.0,0.0,,0,0.0,0,0.0,0.0,,0,0.0,0,0.0,0.0,,0,0.0
prebreak,600750,2017-05-31,S,S,A,C,S,S,A,10.8402,11.1,10.57,0.53,,0,0.0,0.0,,0,0.0,0,0.0,0.0,,0,0.0,0,0.0,0.0,,0,0.0
prebreak,600323,2017-06-02,S,S,A,C,S,S,A,12.1341,12.17,11.61,0.56,,0,0.0,0.0,,0,0.0,0,0.0,0.0,,0,0.0,0,0.0,0.0,,0,0.0
prebreak,002142,2017-06-05,S,S,A,C,S,S,A,10.4434,10.49,9.95,0.54,,0,0.0,0.0,,0,0.0,0,0.0,0.0,,0,0.0,0,0.0,0.0,,0,0.0
prebreak,600332,2017-06-05,S,S,A,C,S,S,A,22.6207,23.37,22.31,1.06,,1,23.37,23.9393,2017-06-12,0,0.52,1,23.37,23.2841,2017-06-19,0,-0.0977,1,23.37,22.31,2017-07-17,1,-1.0161
prebreak,000333,2017-06-06,S,S,A,C,S,S,A,27.4686,26.67,25.34,1.33,,0,0.0,0.0,,0,0.0,0,0.0,0.0,,0,0.0,0,0.0,0.0,,0,0.0
prebreak,000988,2017-06-06,S,S,A,C,S,S,A,13.1837,14.58,13.89,0.69,,0,0.0,0.0,,0,0.0,0,0.0,0.0,,0,0.0,0,0.0,0.0,,0,0.0
prebreak,000997,2017-06-06,S,S,A,C,S,S,A,16.8921,18.13,17.2,0.93,,0,0.0,0.0,,0,0.0,0,0.0,0.0,,0,0.0,0,0.0,0.0,,0,0.0
prebreak,600668,2017-06-06,S,S,A,C,S,S,A,11.3922,11.75,11.18,0.57,,0,0.0,0.0,,0,0.0,0,0.0,0.0,,0,0.0,0,0.0,0.0,,0,0.0
prebreak,000661,2017-06-07,S,S,A,C,S,S,A,53.7592,54.01,51.22,2.79,,0,0.0,0.0,,0,0.0,0,0.0,0.0,,0,0.0,0,0.0,0.0,,0,0.0
prebreak,002019,2017-06-07,S,S,A,C,S,S,A,13.8018,13.78,13.18,0.6,,0,0.0,0.0,,0,0.0,0,0.0,0.0,,0,0.0,0,0.0,0.0,,0,0.0
prebreak,002219,2017-06-07,S,S,A,C,S,S,A,12.13,12.24,11.6,0.64,,0,0.0,0.0,,0,0.0,0,0.0,0.0,,0,0.0,0,0.0,0.0,,0,0.0
prebreak,600037,2017-06-07,S,S,A,C,S,S,A,12.7243,12.79,12.24,0.55,,0,0.0,0.0,,0,0.0,0,0.0,0.0,,0,0.0,0,0.0,0.0,,0,0.0
prebreak,600138,2017-06-07,S,S,A,C,S,S,A,19.5368,19.08,18.14,0.94,,0,0.0,0.0,,0,0.0,0,0.0,0.0,,0,0.0,0,0.0,0.0,,0,0.0
prebreak,000423,2017-06-08,S,S,A,C,S,S,A,53.8901,52.98,50.25,2.73,,0,0.0,0.0,,0,0.0,0,0.0,0.0,,0,0.0,0,0.0,0.0,,0,0.0
prebreak,000581,2017-06-08,S,S,A,C,S,S,A,13.8532,13.6,12.94,0.66,,0,0.0,0.0,,0,0.0,0,0.0,0.0,,0,0.0,0,0.0,0.0,,0,0.0
prebreak,002597,2017-06-08,S,S,A,C,S,S,A,16.3879,16.19,15.42,0.77,,1,16.19,17.1105,2017-06-15,0,1.1787,1,16.19,17.4178,2017-06-22,0,1.5776,1,16.19,19.8183,2017-10-26,1,4.6931
prebreak,300124,2017-06-08,S,S,A,C,S,S,A,14.7699,14.59,13.85,0.74,,0,0.0,0.0,,0,0.0,0,0.0,0.0,,0,0.0,0,0.0,0.0,,0,0.0
prebreak,600498,2017-06-08,S,S,A,C,S,S,A,21.173,20.63,19.56,1.07,,1,20.63,21.9998,2017-06-15,0,1.2647,1,20.63,21.9355,2017-06-22,0,1.2046,1,20.63,21.5,2017-07-17,1,0.7979
prebreak,600729,2017-06-08,S,S,A,C,S,S,A,15.5265,15.74,14.99,0.75,,1,15.74,15.4786,2017-06-15,0,-0.3643,1,15.74,15.4786,2017-06-15,0,-0.3643,1,15.74,15.4786,2017-06-15,0,-0.3643
prebreak,002044,2017-06-09,S,S,A,C,S,S,A,10.9031,10.26,9.71,0.55,,0,0.0,0.0,,0,0.0,0,0.0,0.0,,0,0.0,0,0.0,0.0,,0,0.0
prebreak,603589,2017-06-09,S,S,A,C,S,S,A,28.3982,28.17,27.09,1.08,,1,28.17,28.3129,2017-06-14,0,0.1124,1,28.17,28.3129,2017-06-14,0,0.1124,1,28.17,28.3129,2017-06-14,0,0.1124
prebreak,000988,2017-06-13,S,S,A,C,S,S,A,13.495,13.69,13.09,0.6,,0,0.0,0.0,,0,0.0,0,0.0,0.0,,0,0.0,0,0.0,0.0,,0,0.0
prebreak,000998,2017-06-13,S,S,A,C,S,S,A,20.8417,21.14,20.13,1.01,,0,0.0,0.0,,0,0.0,0,0.0,0.0,,0,0.0,1,21.14,21.14,2017-07-17,1,-0.0159
prebreak,600335,2017-06-13,S,S,A,C,S,S,A,9.7998,10.61,10.07,0.54,,1,10.61,10.3603,2017-06-20,0,-0.477,1,10.61,10.703,2017-06-27,0,0.1572,1,10.61,10.07,2017-07-12,1,-1.0143
prebreak,000400,2017-06-14,S,S,A,C,S,S,A,15.3667,15.39,14.64,0.75,,0,0.0,0.0,,0,0.0,0,0.0,0.0,,0,0.0,0,0.0,0.0,,0,0.0
prebreak,002024,2017-06-14,S,S,A,C,S,S,A,10.8499,10.36,9.81,0.55,,0,0.0,0.0,,0,0.0,0,0.0,0.0,,0,0.0,0,0.0,0.0,,0,0.0
prebreak,002179,2017-06-14,S,S,A,C,S,S,A,11.8102,11.48,10.94,0.54,,0,0.0,0.0,,0,0.0,0,0.0,0.0,,0,0.0,0,0.0,0.0,,0,0.0
prebreak,002376,2017-06-14,S,S,A,C,S,S,A,10.5665,10.77,10.24,0.53,,0,0.0,0.0,,0,0.0,0,0.0,0.0,,0,0.0,0,0.0,0.0,,0,0.0
prebreak,600037,2017-06-14,S,S,A,C,S,S,A,12.8678,13.05,12.55,0.5,,0,0.0,0.0,,0,0.0,0,0.0,0.0,,0,0.0,0,0.0,0.0,,0,0.0
prebreak,603355,2017-06-14,S,S,A,C,S,S,A,29.8259,31.55,30.09,1.46,,0,0.0,0.0,,0,0.0,0,0.0,0.0,,0,0.0,0,0.0,0.0,,0,0.0
prebreak,000423,2017-06-15,S,S,A,C,S,S,A,53.9602,52.98,50.25,2.73,,0,0.0,0.0,,0,0.0,0,0.0,0.0,,0,0.0,0,0.0,0.0,,0,0.0
prebreak,000581,2017-06-15,S,S,A,C,S,S,A,13.9501,14.34,13.73,0.61,,1,14.34,14.4526,2017-06-22,0,0.1667,1,14.34,15.8573,2017-06-29,0,2.468,1,14.34,16.063,2017-07-19,0,2.8049
prebreak,002262,2017-06-15,S,S,A,C,S,S,A,12.9493,12.44,11.88,0.56,,0,0.0,0.0,,0,0.0,0,0.0,0.0,,0,0.0,0,0.0,0.0,,0,0.0
prebreak,002570,2017-06-15,S,S,A,C,S,S,A,13.66,14.21,13.54,0.67,,0,0.0,0.0,,0,0.0,0,0.0,0.0,,0,0.0,0,0.0,0.0,,0,0.0
prebreak,300476,2017-06-15,S,S,A,C,S,S,A,10.9044,11.6,11.03,0.57,,0,0.0,0.0,,0,0.0,0,0.0,0.0,,0,0.0,0,0.0,0.0,,0,0.0
prebreak,600066,2017-06-15,S,S,A,C,S,S,A,12.8323,12.28,11.71,0.57,,0,0.0,0.0,,0,0.0,0,0.0,0.0,,0,0.0,0,0.0,0.0,,0,0.0
prebreak,600729,2017-06-15,S,S,A,C,S,S,A,15.4786,15.98,15.22,0.76,,0,0.0,0.0,,0,0.0,1,15.98,16.2325,2017-06-29,0,0.316,1,15.98,15.99,2017-07-12,1,-0.0028
prebreak,002048,2017-06-16,S,S,A,C,S,S,A,15.1771,15.66,14.93,0.73,,0,0.0,0.0,,0,0.0,0,0.0,0.0,,0,0.0,0,0.0,0.0,,0,0.0
prebreak,300285,2017-06-16,S,S,A,C,S,S,A,12.2637,12.15,11.59,0.56,,0,0.0,0.0,,0,0.0,0,0.0,0.0,,0,0.0,0,0.0,0.0,,0,0.0
prebreak,600062,2017-06-16,S,S,A,C,S,S,A,15.1049,14.85,14.14,0.71,,0,0.0,0.0,,0,0.0,0,0.0,0.0,,0,0.0,0,0.0,0.0,,0,0.0
prebreak,600420,2017-06-16,S,S,A,C,S,S,A,13.7298,14.16,13.55,0.61,,0,0.0,0.0,,0,0.0,0,0.0,0.0,,0,0.0,1,14.16,13.55,2017-07-14,1,-1.017
prebreak,600584,2017-06-16,S,S,A,C,S,S,A,15.7271,15.61,14.84,0.77,,0,0.0,0.0,,0,0.0,0,0.0,0.0,,0,0.0,0,0.0,0.0,,0,0.0
prebreak,002138,2017-06-19,S,S,A,C,S,S,A,16.1784,16.16,15.32,0.84,,0,0.0,0.0,,0,0.0,0,0.0,0.0,,0,0.0,0,0.0,0.0,,0,0.0
prebreak,002142,2017-06-19,S,S,A,C,S,S,A,10.3964,10.79,10.28,0.51,,1,10.79,10.8073,2017-06-26,0,0.0179,1,10.79,11.3591,2017-07-03,0,1.0992,1,10.79,13.4465,2017-10-27,1,5.1895
prebreak,002690,2017-06-19,S,S,A,C,S,S,A,11.6377,11.8,11.23,0.57,,0,0.0,0.0,,0,0.0,0,0.0,0.0,,0,0.0,0,0.0,0.0,,0,0.0
prebreak,600085,2017-06-19,S,S,A,C,S,S,A,28.7273,29.67,28.51,1.16,,1,29.67,30.7456,2017-06-26,0,0.9072,1,29.67,30.1689,2017-07-03,0,0.4104,1,29.67,29.67,2017-07-06,1,-0.0194
prebreak,600332,2017-06-19,S,S,A,C,S,S,A,23.2841,24.2,22.95,1.25,,0,0.0,0.0,,0,0.0,0,0.0,0.0,,0,0.0,0,0.0,0.0,,0,0.0
prebreak,600637,2017-06-19,S,S,A,C,S,S,A,12.9418,12.36,11.86,0.5,,0,0.0,0.0,,0,0.0,0,0.0,0.0,,0,0.0,0,0.0,0.0,,0,0.0
prebreak,000997,2017-06-20,S,S,A,C,S,S,A,17.706,17.88,16.96,0.92,,0,0.0,0.0,,0,0.0,0,0.0,0.0,,0,0.0,0,0.0,0.0,,0,0.0
prebreak,002583,2017-06-20,S,S,A,C,S,S,A,14.8976,15.14,14.63,0.51,,1,15.14,15.482,2017-06-27,0,0.6476,1,15.14,16.1357,2017-07-04,0,1.9286,1,15.14,15.14,2017-06-29,1,-0.0226
prebreak,000400,2017-06-21,S,S,A,C,S,S,A,15.4958,15.79,15.06,0.73,,1,15.79,16.4084,2017-06-28,0,0.8301,1,15.79,16.731,2017-07-05,0,1.2718,1,15.79,15.79,2017-07-17,1,-0.0164
prebreak,000661,2017-06-21,S,S,A,C,S,S,A,57.8992,58.01,55.07,2.94,,0,0.0,0.0,,0,0.0,0,0.0,0.0,,0,0.0,0,0.0,0.0,,0,0.0
prebreak,002589,2017-06-21,S,S,A,C,S,S,A,14.6946,15.08,14.55,0.53,,0,0.0,0.0,,0,0.0,0,0.0,0.0,,0,0.0,0,0.0,0.0,,0,0.0
prebreak,600315,2017-06-21,S,S,A,C,S,S,A,28.5305,27.18,26.14,1.04,,1,27.18,29.334,2017-06-28,0,2.05,1,27.18,29.2312,2017-07-05,0,1.9512,1,27.18,33.0826,2017-10-13,0,5.6521
prebreak,002048,2017-06-23,S,S,A,C,S,S,A,15.0673,15.84,15.02,0.82,,0,0.0,0.0,,0,0.0,0,0.0,0.0,,0,0.0,0,0.0,0.0,,0,0.0
prebreak,002410,2017-06-23,S,S,A,C,S,S,A,11.94,12.07,11.48,0.59,,0,0.0,0.0,,0,0.0,0,0.0,0.0,,0,0.0,0,0.0,0.0,,0,0.0
prebreak,600056,2017-06-23,S,S,A,C,S,S,A,15.244,15.61,14.98,0.63,,1,15.61,15.4875,2017-06-28,0,-0.2131,1,15.61,15.4875,2017-06-28,0,-0.2131,1,15.61,15.4875,2017-06-28,0,-0.2131
prebreak,000756,2017-06-26,S,S,A,C,S,S,A,10.3013,9.93,9.41,0.52,,1,9.93,10.5351,2017-07-03,0,1.1485,1,9.93,10.3632,2017-07-10,0,0.8181,1,9.93,9.93,2017-07-12,1,-0.0145
prebreak,002690,2017-06-26,S,S,A,C,S,S,A,11.4134,11.8,11.24,0.56,,0,0.0,0.0,,0,0.0,0,0.0,0.0,,0,0.0,0,0.0,0.0,,0,0.0
prebreak,300033,2017-06-26,S,S,A,C,S,S,A,39.2101,41.01,39.29,1.72,,0,0.0,0.0,,0,0.0,0,0.0,0.0,,0,0.0,0,0.0,0.0,,0,0.0
prebreak,600332,2017-06-26,S,S,A,C,S,S,A,23.6526,23.78,22.51,1.27,,0,0.0,0.0,,0,0.0,0,0.0,0.0,,0,0.0,0,0.0,0.0,,0,0.0
prebreak,600637,2017-06-26,S,S,A,C,S,S,A,13.0661,13.14,12.63,0.51,,0,0.0,0.0,,0,0.0,0,0.0,0.0,,0,0.0,0,0.0,0.0,,0,0.0
prebreak,000869,2017-06-27,S,S,A,C,S,S,A,31.5906,30.87,29.48,1.39,,0,0.0,0.0,,0,0.0,0,0.0,0.0,,0,0.0,0,0.0,0.0,,0,0.0
prebreak,000997,2017-06-27,S,S,A,C,S,S,A,18.009,18.09,17.38,0.71,,0,0.0,0.0,,0,0.0,0,0.0,0.0,,0,0.0,0,0.0,0.0,,0,0.0
prebreak,000998,2017-06-27,S,S,A,C,S,S,A,20.2174,20.86,19.97,0.89,,1,20.86,22.0999,2017-07-04,0,1.3745,1,20.86,21.9078,2017-07-11,0,1.1588,1,20.86,20.86,2017-07-17,1,-0.0178
prebreak,002583,2017-06-27,S,S,A,C,S,S,A,15.482,15.4,14.63,0.77,,0,0.0,0.0,,0,0.0,0,0.0,0.0,,0,0.0,0,0.0,0.0,,0,0.0
prebreak,600511,2017-06-27,S,S,A,C,S,S,A,30.034,29.67,28.32,1.35,,0,0.0,0.0,,0,0.0,0,0.0,0.0,,0,0.0,0,0.0,0.0,,0,0.0
prebreak,000423,2017-06-29,S,S,A,C,S,S,A,56.1566,56.03,53.16,2.87,,0,0.0,0.0,,0,0.0,0,0.0,0.0,,0,0.0,0,0.0,0.0,,0,0.0
prebreak,002262,2017-06-29,S,S,A,C,S,S,A,13.778,13.31,12.66,0.65,,0,0.0,0.0,,0,0.0,0,0.0,0.0,,0,0.0,0,0.0,0.0,,0,0.0
prebreak,002570,2017-06-29,S,S,A,C,S,S,A,13.59,13.65,13.1,0.55,,0,0.0,0.0,,0,0.0,0,0.0,0.0,,0,0.0,0,0.0,0.0,,0,0.0
prebreak,600566,2017-06-29,S,S,A,C,S,S,A,25.5764,25.74,24.54,1.2,,0,0.0,0.0,,0,0.0,0,0.0,0.0,,0,0.0,0,0.0,0.0,,0,0.0
prebreak,002223,2017-06-30,S,S,A,C,S,S,A,20.5457,20.36,19.52,0.84,,0,0.0,0.0,,0,0.0,0,0.0,0.0,,0,0.0,0,0.0,0.0,,0,0.0
prebreak,600056,2017-06-30,S,S,A,C,S,S,A,15.798,15.94,15.12,0.82,,0,0.0,0.0,,0,0.0,0,0.0,0.0,,0,0.0,0,0.0,0.0,,0,0.0
prebreak,603589,2017-06-30,S,S,A,C,S,S,A,30.081,28.61,27.12,1.49,,0,0.0,0.0,,0,0.0,0,0.0,0.0,,0,0.0,0,0.0,0.0,,0,0.0
prebreak,002142,2017-07-03,S,S,A,C,S,S,A,11.3591,10.74,10.22,0.52,,0,0.0,0.0,,0,0.0,0,0.0,0.0,,0,0.0,0,0.0,0.0,,0,0.0
prebreak,300033,2017-07-03,S,S,A,C,S,S,A,40.2701,40.13,38.01,2.12,,0,0.0,0.0,,0,0.0,0,0.0,0.0,,0,0.0,0,0.0,0.0,,0,0.0
prebreak,600332,2017-07-03,S,S,A,C,S,S,A,23.9802,24.12,22.91,1.21,,0,0.0,0.0,,0,0.0,0,0.0,0.0,,0,0.0,0,0.0,0.0,,0,0.0
prebreak,000998,2017-07-04,S,S,A,C,S,S,A,22.0999,20.86,19.97,0.89,,0,0.0,0.0,,0,0.0,0,0.0,0.0,,0,0.0,0,0.0,0.0,,0,0.0
prebreak,000999,2017-07-04,S,S,A,C,S,S,A,14.5966,15.41,14.87,0.54,,0,0.0,0.0,,0,0.0,0,0.0,0.0,,0,0.0,0,0.0,0.0,,0,0.0
prebreak,002583,2017-07-04,S,S,A,C,S,S,A,16.1357,15.4,14.63,0.77,,1,15.4,15.8782,2017-07-11,0,0.6054,1,15.4,15.8287,2017-07-18,0,0.5412,1,15.4,15.4,2017-07-17,1,-0.0152
prebreak,600004,2017-07-04,S,S,A,C,S,S,A,11.9045,11.48,10.98,0.5,,0,0.0,0.0,,0,0.0,0,0.0,0.0,,0,0.0,0,0.0,0.0,,0,0.0
prebreak,603883,2017-07-05,S,S,A,C,S,S,A,17.5349,18.13,17.18,0.95,,0,0.0,0.0,,0,0.0,0,0.0,0.0,,0,0.0,0,0.0,0.0,,0,0.0
prebreak,000423,2017-07-06,S,S,A,C,S,S,A,53.415,56.96,54.38,2.58,,0,0.0,0.0,,0,0.0,0,0.0,0.0,,0,0.0,0,0.0,0.0,,0,0.0
prebreak,300244,2017-07-06,S,S,A,C,S,S,A,26.21,28.2,26.87,1.33,,0,0.0,0.0,,0,0.0,0,0.0,0.0,,0,0.0,0,0.0,0.0,,0,0.0
prebreak,600566,2017-07-06,S,S,A,C,S,S,A,25.4389,26.38,25.18,1.2,,0,0.0,0.0,,0,0.0,0,0.0,0.0,,0,0.0,0,0.0,0.0,,0,0.0
prebreak,002223,2017-07-07,S,S,A,C,S,S,A,19.8949,20.78,19.7,1.08,,0,0.0,0.0,,0,0.0,0,0.0,0.0,,0,0.0,0,0.0,0.0,,0,0.0
prebreak,002142,2017-07-10,S,S,A,C,S,S,A,11.318,10.74,10.22,0.52,,1,10.74,12.747,2017-07-17,0,3.8415,1,10.74,12.4983,2017-07-24,0,3.3635,1,10.74,13.4465,2017-10-27,1,5.1859
prebreak,002311,2017-07-10,S,S,A,C,S,S,A,15.6913,16.01,15.29,0.72,,0,0.0,0.0,,0,0.0,0,0.0,0.0,,0,0.0,0,0.0,0.0,,0,0.0
prebreak,300033,2017-07-10,S,S,A,C,S,S,A,38.5943,40.58,38.49,2.09,,0,0.0,0.0,,0,0.0,0,0.0,0.0,,0,0.0,0,0.0,0.0,,0,0.0
prebreak,600332,2017-07-10,S,S,A,C,S,S,A,23.063,24.09,22.94,1.15,,0,0.0,0.0,,0,0.0,0,0.0,0.0,,0,0.0,0,0.0,0.0,,0,0.0
prebreak,601689,2017-07-10,S,S,A,C,S,S,A,14.0281,15.13,14.4,0.73,,0,0.0,0.0,,0,0.0,0,0.0,0.0,,0,0.0,0,0.0,0.0,,0,0.0
prebreak,300357,2017-07-12,S,S,A,C,S,S,A,11.4766,12.23,11.65,0.58,,0,0.0,0.0,,0,0.0,0,0.0,0.0,,0,0.0,0,0.0,0.0,,0,0.0
prebreak,603355,2017-07-12,S,S,A,C,S,S,A,30.3167,32.31,30.76,1.55,,0,0.0,0.0,,0,0.0,0,0.0,0.0,,0,0.0,0,0.0,0.0,,0,0.0
prebreak,603989,2017-07-12,S,S,A,C,S,S,A,26.3165,27.93,26.63,1.3,,0,0.0,0.0,,0,0.0,0,0.0,0.0,,0,0.0,0,0.0,0.0,,0,0.0
prebreak,000423,2017-07-13,S,S,A,C,S,S,A,52.1843,54.12,51.55,2.57,,0,0.0,0.0,,0,0.0,0,0.0,0.0,,0,0.0,0,0.0,0.0,,0,0.0
prebreak,002262,2017-07-13,S,S,A,C,S,S,A,13.3044,13.84,13.18,0.66,,0,0.0,0.0,,0,0.0,0,0.0,0.0,,0,0.0,0,0.0,0.0,,0,0.0
prebreak,300115,2017-07-13,S,S,A,C,S,S,A,25.5663,23.61,22.59,1.02,,0,0.0,0.0,,0,0.0,0,0.0,0.0,,0,0.0,0,0.0,0.0,,0,0.0
prebreak,300244,2017-07-13,S,S,A,C,S,S,A,26.2889,26.35,25.03,1.32,,0,0.0,0.0,,0,0.0,0,0.0,0.0,,0,0.0,0,0.0,0.0,,0,0.0
prebreak,600566,2017-07-13,S,S,A,C,S,S,A,25.1365,25.76,24.83,0.93,,0,0.0,0.0,,0,0.0,0,0.0,0.0,,0,0.0,0,0.0,0.0,,0,0.0
prebreak,002223,2017-07-14,S,S,A,C,S,S,A,19.1141,19.91,19.06,0.85,,0,0.0,0.0,,0,0.0,0,0.0,0.0,,0,0.0,0,0.0,0.0,,0,0.0
prebreak,000999,2017-07-18,S,S,A,C,S,S,A,13.7433,14.57,14.01,0.56,,0,0.0,0.0,,0,0.0,0,0.0,0.0,,0,0.0,0,0.0,0.0,,0,0.0
prebreak,002322,2017-07-18,S,S,A,C,S,S,A,14.5692,17.22,16.33,0.89,,0,0.0,0.0,,0,0.0,0,0.0,0.0,,0,0.0,0,0.0,0.0,,0,0.0
prebreak,000400,2017-07-19,S,S,A,C,S,S,A,15.7948,16.95,16.3,0.65,,0,0.0,0.0,,0,0.0,0,0.0,0.0,,0,0.0,0,0.0,0.0,,0,0.0
prebreak,002376,2017-07-19,S,S,A,C,S,S,A,10.0932,11.33,10.76,0.57,,0,0.0,0.0,,0,0.0,0,0.0,0.0,,0,0.0,0,0.0,0.0,,0,0.0
prebreak,600315,2017-07-19,S,S,A,C,S,S,A,28.5488,29.42,27.98,1.44,,0,0.0,0.0,,0,0.0,0,0.0,0.0,,0,0.0,0,0.0,0.0,,0,0.0
prebreak,601969,2017-07-19,S,S,A,C,S,S,A,11.2795,10.43,9.9,0.53,,1,10.43,11.194,2017-07-26,0,1.4257,1,10.43,11.8492,2017-08-02,0,2.661,1,10.43,11.4504,2017-09-07,0,1.9091
prebreak,603989,2017-07-19,S,S,A,C,S,S,A,25.371,27.93,26.63,1.3,,0,0.0,0.0,,0,0.0,0,0.0,0.0,,0,0.0,0,0.0,0.0,,0,0.0
prebreak,000423,2017-07-20,S,S,A,C,S,S,A,53.0598,53.41,50.92,2.49,,0,0.0,0.0,,0,0.0,0,0.0,0.0,,0,0.0,0,0.0,0.0,,0,0.0
prebreak,000792,2017-07-20,S,S,A,C,S,S,A,10.6,10.75,10.23,0.52,,0,0.0,0.0,,0,0.0,0,0.0,0.0,,0,0.0,0,0.0,0.0,,0,0.0
prebreak,300244,2017-07-20,S,S,A,C,S,S,A,23.7635,26.35,25.03,1.32,,0,0.0,0.0,,0,0.0,0,0.0,0.0,,0,0.0,0,0.0,0.0,,0,0.0
prebreak,002727,2017-07-21,S,S,A,C,S,S,A,15.7641,16.81,16.03,0.78,,0,0.0,0.0,,0,0.0,0,0.0,0.0,,0,0.0,0,0.0,0.0,,0,0.0
prebreak,300463,2017-07-21,S,S,A,C,S,S,A,20.2445,23.65,22.59,1.06,,0,0.0,0.0,,0,0.0,0,0.0,0.0,,0,0.0,1,23.65,22.59,2017-08-22,1,-1.0163
prebreak,601238,2017-07-21,S,S,A,C,S,S,A,16.21,16.26,15.55,0.71,,0,0.0,0.0,,0,0.0,0,0.0,0.0,,0,0.0,0,0.0,0.0,,0,0.0
prebreak,002733,2017-07-24,S,S,A,C,S,S,A,16.4402,16.6,15.8,0.8,,0,0.0,0.0,,0,0.0,0,0.0,0.0,,0,0.0,0,0.0,0.0,,0,0.0
prebreak,300199,2017-07-24,S,S,A,C,S,S,A,14.6382,15.04,14.28,0.76,,0,0.0,0.0,,0,0.0,0,0.0,0.0,,0,0.0,0,0.0,0.0,,0,0.0
prebreak,600872,2017-07-24,S,S,A,C,S,S,A,16.7362,16.7,15.93,0.77,,0,0.0,0.0,,0,0.0,0,0.0,0.0,,0,0.0,0,0.0,0.0,,0,0.0
prebreak,000997,2017-07-25,S,S,A,C,S,S,A,18.605,19.04,18.2,0.84,,0,0.0,0.0,,0,0.0,0,0.0,0.0,,0,0.0,0,0.0,0.0,,0,0.0
prebreak,000999,2017-07-25,S,S,A,C,S,S,A,13.7967,14.27,13.65,0.62,,0,0.0,0.0,,0,0.0,0,0.0,0.0,,0,0.0,1,14.27,13.65,2017-09-07,1,-1.0169
prebreak,002322,2017-07-25,S,S,A,C,S,S,A,15.0019,15.11,14.34,0.77,,0,0.0,0.0,,0,0.0,0,0.0,0.0,,0,0.0,0,0.0,0.0,,0,0.0
prebreak,000513,2017-07-26,S,S,A,C,S,S,A,21.0998,22.03,20.95,1.08,,0,0.0,0.0,,0,0.0,0,0.0,0.0,,0,0.0,1,22.03,20.95,2017-09-05,1,-1.0149
prebreak,600315,2017-07-26,S,S,A,C,S,S,A,28.9227,29.13,27.81,1.32,,0,0.0,0.0,,0,0.0,0,0.0,0.0,,0,0.0,0,0.0,0.0,,0,0.0
prebreak,603989,2017-07-26,S,S,A,C,S,S,A,24.718,25.99,24.73,1.26,,0,0.0,0.0,,0,0.0,0,0.0,0.0,,0,0.0,0,0.0,0.0,,0,0.0
prebreak,000792,2017-07-27,S,S,A,C,S,S,A,10.92,10.75,10.23,0.52,,1,10.75,12.45,2017-08-03,0,3.2515,1,10.75,11.36,2017-08-10,0,1.1566,1,10.75,12.8,2017-09-08,0,3.9241
prebreak,300244,2017-07-27,S,S,A,C,S,S,A,24.3861,26.35,25.03,1.32,,0,0.0,0.0,,0,0.0,0,0.0,0.0,,0,0.0,0,0.0,0.0,,0,0.0
prebreak,002048,2017-07-28,S,S,A,C,S,S,A,14.9209,15.68,14.97,0.71,,0,0.0,0.0,,0,0.0,0,0.0,0.0,,0,0.0,0,0.0,0.0,,0,0.0
prebreak,300024,2017-07-31,S,S,A,C,S,S,A,19.8947,19.98,19.04,0.94,,0,0.0,0.0,,0,0.0,0,0.0,0.0,,0,0.0,0,0.0,0.0,,0,0.0
prebreak,300050,2017-07-31,S,S,A,C,S,S,A,10.3374,10.36,9.84,0.52,,1,10.36,10.0782,2017-08-03,0,-0.5567,1,10.36,10.0782,2017-08-03,0,-0.5567,1,10.36,10.0782,2017-08-03,0,-0.5567
prebreak,300199,2017-07-31,S,S,A,C,S,S,A,15.0527,14.93,14.18,0.75,,0,0.0,0.0,,0,0.0,0,0.0,0.0,,0,0.0,0,0.0,0.0,,0,0.0
prebreak,600872,2017-07-31,S,S,A,C,S,S,A,17.1783,16.7,15.93,0.77,,1,16.7,17.494,2017-08-07,0,1.0141,1,16.7,19.6684,2017-08-14,0,3.8361,1,16.7,20.5616,2017-09-18,1,4.9954
prebreak,600993,2017-07-31,S,S,A,C,S,S,A,17.9885,18.27,17.55,0.72,,0,0.0,0.0,,0,0.0,0,0.0,0.0,,0,0.0,0,0.0,0.0,,0,0.0
prebreak,000701,2017-08-01,S,S,A,C,S,S,A,13.321,13.59,13.06,0.53,,0,0.0,0.0,,0,0.0,0,0.0,0.0,,0,0.0,0,0.0,0.0,,0,0.0
prebreak,000915,2017-08-01,S,S,A,C,S,S,A,22.3297,27.47,26.18,1.29,,0,0.0,0.0,,0,0.0,0,0.0,0.0,,0,0.0,0,0.0,0.0,,0,0.0
prebreak,000997,2017-08-01,S,S,A,C,S,S,A,19.4297,19.04,18.14,0.9,,0,0.0,0.0,,0,0.0,0,0.0,0.0,,0,0.0,0,0.0,0.0,,0,0.0
prebreak,300244,2017-08-03,S,S,A,C,S,S,A,22.7989,26.35,25.03,1.32,,0,0.0,0.0,,0,0.0,0,0.0,0.0,,0,0.0,0,0.0,0.0,,0,0.0
prebreak,300476,2017-08-03,S,S,A,C,S,S,A,12.6526,12.4,11.81,0.59,,1,12.4,12.3384,2017-08-08,0,-0.1203,1,12.4,12.3384,2017-08-08,0,-0.1203,1,12.4,12.3384,2017-08-08,0,-0.1203
prebreak,603188,2017-08-03,S,S,A,C,S,S,A,19.0791,18.66,17.72,0.94,,1,18.66,18.6215,2017-08-08,0,-0.056,1,18.66,18.6215,2017-08-08,0,-0.056,1,18.66,18.6215,2017-08-08,0,-0.056
prebreak,002048,2017-08-04,S,S,A,C,S,S,A,14.2404,15.02,14.31,0.71,,0,0.0,0.0,,0,0.0,0,0.0,0.0,,0,0.0,1,15.02,19.1213,2017-09-29,1,5.7568
prebreak,002223,2017-08-04,S,S,A,C,S,S,A,16.6413,16.9,16.26,0.64,,0,0.0,0.0,,0,0.0,0,0.0,0.0,,0,0.0,0,0.0,0.0,,0,0.0
prebreak,300463,2017-08-04,S,S,A,C,S,S,A,20.8286,20.93,19.87,1.06,,0,0.0,0.0,,0,0.0,0,0.0,0.0,,0,0.0,0,0.0,0.0,,0,0.0
prebreak,600990,2017-08-04,S,S,A,C,S,S,A,34.4005,34.65,33.2,1.45,,0,0.0,0.0,,0,0.0,1,34.65,34.2336,2017-08-18,0,-0.3051,1,34.65,34.2509,2017-08-21,0,-0.2932
prebreak,002311,2017-08-07,S,S,A,C,S,S,A,16.2681,16.85,15.98,0.87,,0,0.0,0.0,,0,0.0,0,0.0,0.0,,0,0.0,0,0.0,0.0,,0,0.0
prebreak,600872,2017-08-07,S,S,A,C,S,S,A,17.494,16.7,15.93,0.77,,0,0.0,0.0,,0,0.0,0,0.0,0.0,,0,0.0,0,0.0,0.0,,0,0.0
prebreak,000997,2017-08-08,S,S,A,C,S,S,A,20.4021,20.13,19.07,1.06,,0,0.0,0.0,,0,0.0,0,0.0,0.0,,0,0.0,0,0.0,0.0,,0,0.0
prebreak,002038,2017-08-08,S,S,A,C,S,S,A,15.6402,16.26,15.55,0.71,,0,0.0,0.0,,0,0.0,0,0.0,0.0,,0,0.0,1,16.26,18.0174,2017-10-19,0,2.4563
prebreak,300003,2017-08-08,S,S,A,C,S,S,A,18.3062,19.49,18.52,0.97,,1,19.49,19.2953,2017-08-14,0,-0.2159,1,19.49,19.2953,2017-08-14,0,-0.2159,1,19.49,19.2953,2017-08-14,0,-0.2159
prebreak,603919,2017-08-08,S,S,A,C,S,S,A,13.9537,13.05,12.41,0.64,,1,13.05,14.7748,2017-08-15,0,2.6779,1,13.05,13.8392,2017-08-22,0,1.2169,1,13.05,14.371,2017-09-18,0,2.0472
prebreak,000400,2017-08-09,S,S,A,C,S,S,A,15.285,16.25,15.44,0.81,,0,0.0,0.0,,0,0.0,0,0.0,0.0,,0,0.0,1,16.25,16.0266,2017-09-05,0,-0.2909
prebreak,000513,2017-08-09,S,S,A,C,S,S,A,21.0738,21.68,20.55,1.13,,0,0.0,0.0,,0,0.0,0,0.0,0.0,,0,0.0,0,0.0,0.0,,0,0.0
prebreak,600315,2017-08-09,S,S,A,C,S,S,A,28.8012,29.28,28.04,1.24,,0,0.0,0.0,,0,0.0,1,29.28,29.2218,2017-08-22,0,-0.0648,1,29.28,29.2218,2017-08-22,0,-0.0648
prebreak,600366,2017-08-09,S,S,A,C,S,S,A,10.6128,9.74,9.22,0.52,,0,0.0,0.0,,0,0.0,0,0.0,0.0,,0,0.0,0,0.0,0.0,,0,0.0
prebreak,603989,2017-08-09,S,S,A,C,S,S,A,24.6228,25.15,24.17,0.98,,0,0.0,0.0,,0,0.0,0,0.0,0.0,,0,0.0,0,0.0,0.0,,0,0.0
prebreak,000860,2017-08-14,S,S,A,C,S,S,A,16.0101,15.49,14.84,0.65,,1,15.49,15.7621,2017-08-17,0,0.4002,1,15.49,15.7621,2017-08-17,0,0.4002,1,15.49,15.7621,2017-08-17,0,0.4002
prebreak,002311,2017-08-14,S,S,A,C,S,S,A,16.5385,16.9,16.09,0.81,,0,0.0,0.0,,0,0.0,0,0.0,0.0,,0,0.0,0,0.0,0.0,,0,0.0
prebreak,002646,2017-08-14,S,S,A,C,S,S,A,17.8064,17.49,16.74,0.75,,0,0.0,0.0,,0,0.0,0,0.0,0.0,,0,0.0,0,0.0,0.0,,0,0.0
prebreak,601689,2017-08-14,S,S,A,C,S,S,A,12.8543,14.08,13.43,0.65,,0,0.0,0.0,,0,0.0,0,0.0,0.0,,0,0.0,0,0.0,0.0,,0,0.0
prebreak,000869,2017-08-15,S,S,A,C,S,S,A,31.9845,30.9,29.28,1.62,,0,0.0,0.0,,0,0.0,0,0.0,0.0,,0,0.0,0,0.0,0.0,,0,0.0
prebreak,002038,2017-08-15,S,S,A,C,S,S,A,15.9555,16.15,15.43,0.72,,0,0.0,0.0,,0,0.0,0,0.0,0.0,,0,0.0,0,0.0,0.0,,0,0.0
prebreak,000661,2017-08-16,S,S,A,C,S,S,A,59.3373,58.01,55.54,2.47,,0,0.0,0.0,,0,0.0,0,0.0,0.0,,0,0.0,0,0.0,0.0,,0,0.0
prebreak,600315,2017-08-16,S,S,A,C,S,S,A,28.3618,28.85,27.75,1.1,,1,28.85,29.2218,2017-08-22,0,0.3179,1,28.85,29.2218,2017-08-22,0,0.3179,1,28.85,29.2218,2017-08-22,0,0.3179
prebreak,603989,2017-08-16,S,S,A,C,S,S,A,24.8677,24.99,24.06,0.93,,0,0.0,0.0,,0,0.0,0,0.0,0.0,,0,0.0,0,0.0,0.0,,0,0.0
prebreak,002262,2017-08-17,S,S,A,C,S,S,A,12.7763,13.25,12.56,0.69,,0,0.0,0.0,,0,0.0,0,0.0,0.0,,0,0.0,0,0.0,0.0,,0,0.0
prebreak,002326,2017-08-17,S,S,A,C,S,S,A,12.3814,12.46,11.82,0.64,,0,0.0,0.0,,0,0.0,0,0.0,0.0,,0,0.0,1,12.46,12.46,2017-10-17,1,-0.0148
prebreak,002491,2017-08-17,S,S,A,C,S,S,A,12.638,12.43,11.88,0.55,,0,0.0,0.0,,0,0.0,0,0.0,0.0,,0,0.0,0,0.0,0.0,,0,0.0
prebreak,300476,2017-08-17,S,S,A,C,S,S,A,13.6407,12.4,11.81,0.59,,0,0.0,0.0,,0,0.0,0,0.0,0.0,,0,0.0,0,0.0,0.0,,0,0.0
prebreak,600566,2017-08-17,S,S,A,C,S,S,A,24.5316,25.4,24.14,1.26,,0,0.0,0.0,,0,0.0,0,0.0,0.0,,0,0.0,0,0.0,0.0,,0,0.0
prebreak,002048,2017-08-18,S,S,A,C,S,S,A,14.4087,14.48,13.89,0.59,,0,0.0,0.0,,0,0.0,0,0.0,0.0,,0,0.0,0,0.0,0.0,,0,0.0
prebreak,000756,2017-08-21,S,S,A,C,S,S,A,10.9959,10.68,10.17,0.51,,1,10.68,10.7277,2017-08-24,0,0.0775,1,10.68,10.7277,2017-08-24,0,0.0775,1,10.68,10.7277,2017-08-24,0,0.0775
prebreak,002311,2017-08-21,S,S,A,C,S,S,A,16.5294,16.94,16.12,0.82,,1,16.94,16.8179,2017-08-28,0,-0.1646,1,16.94,16.8539,2017-08-29,0,-0.1206,1,16.94,16.8539,2017-08-29,0,-0.1206
prebreak,601688,2017-08-21,S,S,A,C,S,S,A,15.956,16.3,15.66,0.64,,0,0.0,0.0,,0,0.0,0,0.0,0.0,,0,0.0,0,0.0,0.0,,0,0.0
prebreak,002673,2017-08-23,S,S,A,C,S,S,A,14.3489,13.55,13.02,0.53,,1,13.55,14.5475,2017-08-30,0,1.8614,1,13.55,14.3128,2017-09-06,0,1.419,1,13.55,13.55,2017-10-19,1,-0.0194
prebreak,601969,2017-08-23,S,S,A,C,S,S,A,10.6813,11.12,10.53,0.59,,0,0.0,0.0,,0,0.0,0,0.0,0.0,,0,0.0,0,0.0,0.0,,0,0.0
prebreak,603939,2017-08-23,S,S,A,C,S,S,A,10.3458,9.77,9.26,0.51,,0,0.0,0.0,,0,0.0,0,0.0,0.0,,0,0.0,0,0.0,0.0,,0,0.0
prebreak,603989,2017-08-23,S,S,A,C,S,S,A,23.5617,25.47,24.16,1.31,,0,0.0,0.0,,0,0.0,0,0.0,0.0,,0,0.0,0,0.0,0.0,,0,0.0
prebreak,300054,2017-08-25,S,S,A,C,S,S,A,9.5953,10.42,9.92,0.5,,0,0.0,0.0,,0,0.0,0,0.0,0.0,,0,0.0,1,10.42,9.92,2017-09-25,1,-1.0152
prebreak,600038,2017-08-25,S,S,A,C,S,S,A,42.6968,43.93,41.96,1.97,,0,0.0,0.0,,0,0.0,0,0.0,0.0,,0,0.0,0,0.0,0.0,,0,0.0
prebreak,000756,2017-08-28,S,S,A,C,S,S,A,11.0096,10.68,10.17,0.51,,0,0.0,0.0,,0,0.0,0,0.0,0.0,,0,0.0,0,0.0,0.0,,0,0.0
prebreak,002311,2017-08-28,S,S,A,C,S,S,A,16.8179,16.97,16.13,0.84,,0,0.0,0.0,,0,0.0,0,0.0,0.0,,0,0.0,0,0.0,0.0,,0,0.0
prebreak,300050,2017-08-28,S,S,A,C,S,S,A,10.5168,10.49,9.94,0.55,,0,0.0,0.0,,0,0.0,0,0.0,0.0,,0,0.0,0,0.0,0.0,,0,0.0
prebreak,601688,2017-08-28,S,S,A,C,S,S,A,18.6385,16.3,15.66,0.64,,1,16.3,19.072,2017-09-04,0,4.3092,1,16.3,18.1069,2017-09-11,0,2.8022,1,16.3,16.3,2017-10-30,1,-0.0194
prebreak,603288,2017-08-28,S,S,A,C,S,S,A,17.3124,18.08,17.18,0.9,,0,0.0,0.0,,0,0.0,0,0.0,0.0,,0,0.0,1,18.08,22.7663,2017-11-06,1,5.1885
prebreak,000333,2017-08-29,S,S,A,C,S,S,A,30.1431,29.5,27.99,1.51,,0,0.0,0.0,,0,0.0,0,0.0,0.0,,0,0.0,0,0.0,0.0,,0,0.0
prebreak,000701,2017-08-29,S,S,A,C,S,S,A,14.1952,13.92,13.24,0.68,,1,13.92,13.3707,2017-09-01,0,-0.8229,1,13.92,13.3707,2017-09-01,0,-0.8229,1,13.92,13.3707,2017-09-01,0,-0.8229
prebreak,000869,2017-08-29,S,S,A,C,S,S,A,30.4241,31.25,30.08,1.17,,0,0.0,0.0,,0,0.0,0,0.0,0.0,,0,0.0,0,0.0,0.0,,0,0.0
prebreak,300003,2017-08-29,S,S,A,C,S,S,A,19.6838,19.63,18.78,0.85,,0,0.0,0.0,,0,0.0,0,0.0,0.0,,0,0.0,0,0.0,0.0,,0,0.0
prebreak,600668,2017-08-29,S,S,A,C,S,S,A,13.2769,13.53,12.98,0.55,,0,0.0,0.0,,0,0.0,0,0.0,0.0,,0,0.0,1,13.53,13.1639,2017-09-18,0,-0.6839
prebreak,000028,2017-08-30,S,S,A,C,S,S,A,42.2575,47.09,45.36,1.73,,0,0.0,0.0,,0,0.0,0,0.0,0.0,,0,0.0,0,0.0,0.0,,0,0.0
prebreak,002304,2017-08-30,S,S,A,C,S,S,A,68.5277,67.17,64.59,2.58,,0,0.0,0.0,,0,0.0,0,0.0,0.0,,0,0.0,0,0.0,0.0,,0,0.0
prebreak,002673,2017-08-30,S,S,A,C,S,S,A,14.5475,13.55,13.02,0.53,,0,0.0,0.0,,0,0.0,0,0.0,0.0,,0,0.0,0,0.0,0.0,,0,0.0
prebreak,002326,2017-08-31,S,S,A,C,S,S,A,12.0564,12.12,11.57,0.55,,0,0.0,0.0,,0,0.0,0,0.0,0.0,,0,0.0,0,0.0,0.0,,0,0.0
prebreak,002491,2017-08-31,S,S,A,C,S,S,A,12.6973,12.94,12.25,0.69,,1,12.94,13.083,2017-09-07,0,0.1929,1,12.94,13.1522,2017-09-14,0,0.2931,1,12.94,14.3191,2017-10-09,0,1.9832
prebreak,300476,2017-08-31,S,S,A,C,S,S,A,13.4734,12.56,11.95,0.61,,0,0.0,0.0,,0,0.0,0,0.0,0.0,,0,0.0,0,0.0,0.0,,0,0.0
prebreak,002410,2017-09-01,S,S,A,C,S,S,A,12.9085,12.13,11.51,0.62,,1,12.13,13.3595,2017-09-08,0,1.967,1,12.13,13.9167,2017-09-15,0,2.8651,1,12.13,14.5734,2017-11-09,0,3.9237
prebreak,300307,2017-09-01,S,S,A,C,S,S,A,10.1261,10.13,9.61,0.52,,1,10.13,9.9387,2017-09-08,0,-0.3824,1,10.13,9.9574,2017-09-15,0,-0.3464,1,10.13,9.61,2017-09-25,1,-1.0142
prebreak,600584,2017-09-01,S,S,A,C,S,S,A,16.4583,15.22,14.42,0.8,,1,15.22,16.9653,2017-09-08,0,2.1658,1,15.22,16.5461,2017-09-15,0,1.6421,1,15.22,25.0482,2017-11-13,1,12.2631
prebreak,002138,2017-09-04,S,S,A,C,S,S,A,18.7333,18.09,17.34,0.75,,0,0.0,0.0,,0,0.0,0,0.0,0.0,,0,0.0,0,0.0,0.0,,0,0.0
prebreak,002311,2017-09-04,S,S,A,C,S,S,A,16.6827,17.17,16.55,0.62,,1,17.17,16.7818,2017-09-07,0,-0.6468,1,17.17,16.7818,2017-09-07,0,-0.6468,1,17.17,16.7818,2017-09-07,0,-0.6468
prebreak,000869,2017-09-05,S,S,A,C,S,S,A,31.0276,31.42,30.35,1.07,,0,0.0,0.0,,0,0.0,0,0.0,0.0,,0,0.0,0,0.0,0.0,,0,0.0
prebreak,002537,2017-09-05,S,S,A,C,S,S,A,11.623,12.12,11.48,0.64,,0,0.0,0.0,,0,0.0,0,0.0,0.0,,0,0.0,0,0.0,0.0,,0,0.0
prebreak,300003,2017-09-05,S,S,A,C,S,S,A,20.77,19.63,18.78,0.85,,0,0.0,0.0,,0,0.0,0,0.0,0.0,,0,0.0,0,0.0,0.0,,0,0.0
prebreak,002117,2017-09-06,S,S,A,C,S,S,A,11.1704,11.1,10.55,0.55,,0,0.0,0.0,,0,0.0,0,0.0,0.0,,0,0.0,0,0.0,0.0,,0,0.0
prebreak,002673,2017-09-06,S,S,A,C,S,S,A,14.3128,14.8,14.13,0.67,,0,0.0,0.0,,0,0.0,0,0.0,0.0,,0,0.0,0,0.0,0.0,,0,0.0
prebreak,600276,2017-09-06,S,S,A,C,S,S,A,24.8873,24.2,23.11,1.09,,0,0.0,0.0,,0,0.0,0,0.0,0.0,,0,0.0,0,0.0,0.0,,0,0.0
prebreak,600643,2017-09-06,S,S,A,C,S,S,A,12.3888,12.42,11.87,0.55,,0,0.0,0.0,,0,0.0,0,0.0,0.0,,0,0.0,0,0.0,0.0,,0,0.0
prebreak,600859,2017-09-06,S,S,A,C,S,S,A,15.0024,15.08,14.38,0.7,,0,0.0,0.0,,0,0.0,0,0.0,0.0,,0,0.0,0,0.0,0.0,,0,0.0
prebreak,603989,2017-09-06,S,S,A,C,S,S,A,25.0241,24.65,23.35,1.3,,0,0.0,0.0,,0,0.0,0,0.0,0.0,,0,0.0,0,0.0,0.0,,0,0.0
prebreak,002126,2017-09-07,S,S,A,C,S,S,A,9.8761,10.04,9.52,0.52,,1,10.04,9.9237,2017-09-14,0,-0.2382,1,10.04,9.638,2017-09-21,0,-0.7873,1,10.04,9.52,2017-09-25,1,-1.014
prebreak,002221,2017-09-07,S,S,A,C,S,S,A,11.2411,11.1,10.55,0.55,,0,0.0,0.0,,0,0.0,0,0.0,0.0,,0,0.0,0,0.0,0.0,,0,0.0
prebreak,300001,2017-09-07,S,S,A,C,S,S,A,15.6304,16.0,15.35,0.65,,1,16.0,16.9735,2017-09-14,0,1.478,1,16.0,17.2362,2017-09-21,0,1.882,1,16.0,16.0,2017-10-12,1,-0.0187
prebreak,002410,2017-09-08,S,S,A,C,S,S,A,13.3595,12.13,11.51,0.62,,0,0.0,0.0,,0,0.0,0,0.0,0.0,,0,0.0,0,0.0,0.0,,0,0.0
prebreak,300054,2017-09-08,S,S,A,C,S,S,A,9.9405,10.01,9.48,0.53,,0,0.0,0.0,,0,0.0,0,0.0,0.0,,0,0.0,0,0.0,0.0,,0,0.0
prebreak,300307,2017-09-08,S,S,A,C,S,S,A,9.9387,10.13,9.61,0.52,,0,0.0,0.0,,0,0.0,0,0.0,0.0,,0,0.0,0,0.0,0.0,,0,0.0
prebreak,600056,2017-09-08,S,S,A,C,S,S,A,14.3613,14.73,14.2,0.53,,0,0.0,0.0,,0,0.0,0,0.0,0.0,,0,0.0,0,0.0,0.0,,0,0.0
prebreak,600062,2017-09-08,S,S,A,C,S,S,A,14.6738,14.99,14.46,0.53,,0,0.0,0.0,,0,0.0,0,0.0,0.0,,0,0.0,1,14.99,14.99,2017-11-01,1,-0.0215
prebreak,600486,2017-09-08,S,S,A,C,S,S,A,27.2987,28.88,27.63,1.25,,0,0.0,0.0,,0,0.0,0,0.0,0.0,,0,0.0,0,0.0,0.0,,0,0.0
prebreak,600584,2017-09-08,S,S,A,C,S,S,A,16.9653,15.22,14.42,0.8,,0,0.0,0.0,,0,0.0,0,0.0,0.0,,0,0.0,0,0.0,0.0,,0,0.0
prebreak,000963,2017-09-11,S,S,A,C,S,S,A,22.8613,23.76,22.59,1.17,,0,0.0,0.0,,0,0.0,1,23.76,23.7728,2017-09-25,0,-0.0045,1,23.76,23.7434,2017-09-27,0,-0.0296
prebreak,002311,2017-09-11,S,S,A,C,S,S,A,17.4487,17.36,16.6,0.76,,0,0.0,0.0,,0,0.0,0,0.0,0.0,,0,0.0,0,0.0,0.0,,0,0.0
prebreak,300050,2017-09-11,S,S,A,C,S,S,A,10.6963,11.06,10.5,0.56,,0,0.0,0.0,,0,0.0,1,11.06,10.8558,2017-09-25,0,-0.3795,1,11.06,10.5,2017-09-26,1,-1.0144
prebreak,000869,2017-09-12,S,S,A,C,S,S,A,30.4069,31.6,30.12,1.48,,0,0.0,0.0,,0,0.0,1,31.6,32.0363,2017-09-26,0,0.2784,1,31.6,33.49,2017-11-07,1,1.26
prebreak,300003,2017-09-12,S,S,A,C,S,S,A,18.9509,20.92,20.01,0.91,,0,0.0,0.0,,0,0.0,0,0.0,0.0,,0,0.0,0,0.0,0.0,,0,0.0
prebreak,300207,2017-09-12,S,S,A,C,S,S,A,12.1877,11.78,11.24,0.54,,0,0.0,0.0,,0,0.0,0,0.0,0.0,,0,0.0,0,0.0,0.0,,0,0.0
prebreak,601628,2017-09-12,S,S,A,C,S,S,A,24.0729,25.25,24.35,0.9,,0,0.0,0.0,,0,0.0,0,0.0,0.0,,0,0.0,0,0.0,0.0,,0,0.0
prebreak,002117,2017-09-13,S,S,A,C,S,S,A,10.6717,11.26,10.73,0.53,,1,11.26,10.9482,2017-09-19,0,-0.6041,1,11.26,10.9482,2017-09-19,0,-0.6041,1,11.26,10.9482,2017-09-19,0,-0.6041
prebreak,300357,2017-09-13,S,S,A,C,S,S,A,12.0185,12.37,11.83,0.54,,0,0.0,0.0,,0,0.0,0,0.0,0.0,,0,0.0,0,0.0,0.0,,0,0.0
prebreak,600875,2017-09-13,S,S,A,C,S,S,A,9.4002,9.67,9.16,0.51,,0,0.0,0.0,,0,0.0,0,0.0,0.0,,0,0.0,0,0.0,0.0,,0,0.0
prebreak,603788,2017-09-13,S,S,A,C,S,S,A,19.0903,20.4,19.38,1.02,,0,0.0,0.0,,0,0.0,0,0.0,0.0,,0,0.0,0,0.0,0.0,,0,0.0
prebreak,603989,2017-09-13,S,S,A,C,S,S,A,25.6091,25.75,24.49,1.26,,0,0.0,0.0,,0,0.0,0,0.0,0.0,,0,0.0,0,0.0,0.0,,0,0.0
prebreak,300335,2017-09-15,S,S,A,C,S,S,A,16.2415,16.23,15.39,0.84,,0,0.0,0.0,,0,0.0,0,0.0,0.0,,0,0.0,0,0.0,0.0,,0,0.0
prebreak,600062,2017-09-15,S,S,A,C,S,S,A,14.5848,14.72,14.16,0.56,,0,0.0,0.0,,0,0.0,0,0.0,0.0,,0,0.0,1,14.72,14.72,2017-11-01,1,-0.02
prebreak,600372,2017-09-15,S,S,A,C,S,S,A,15.7376,16.42,15.68,0.74,,0,0.0,0.0,,0,0.0,0,0.0,0.0,,0,0.0,0,0.0,0.0,,0,0.0
prebreak,002311,2017-09-18,S,S,A,C,S,S,A,17.3316,17.65,16.82,0.83,,0,0.0,0.0,,0,0.0,0,0.0,0.0,,0,0.0,1,17.65,20.0264,2017-11-20,0,2.8452
prebreak,300347,2017-09-18,S,S,A,C,S,S,A,17.9732,17.34,16.47,0.87,,1,17.34,18.4685,2017-09-25,0,1.2812,1,17.34,18.9258,2017-10-09,0,1.8065,1,17.34,20.47,2017-11-21,1,3.5803
prebreak,600897,2017-09-18,S,S,A,C,S,S,A,14.3513,14.76,14.17,0.59,,0,0.0,0.0,,0,0.0,0,0.0,0.0,,0,0.0,0,0.0,0.0,,0,0.0
prebreak,002583,2017-09-19,S,S,A,C,S,S,A,15.6702,16.26,15.46,0.8,,0,0.0,0.0,,0,0.0,0,0.0,0.0,,0,0.0,0,0.0,0.0,,0,0.0
prebreak,300207,2017-09-19,S,S,A,C,S,S,A,11.6354,11.78,11.24,0.54,,0,0.0,0.0,,0,0.0,0,0.0,0.0,,0,0.0,0,0.0,0.0,,0,0.0
prebreak,300339,2017-09-19,S,S,A,C,S,S,A,11.8245,12.84,12.19,0.65,,0,0.0,0.0,,0,0.0,0,0.0,0.0,,0,0.0,0,0.0,0.0,,0,0.0
prebreak,601069,2017-09-19,S,S,A,C,S,S,A,21.6357,21.3,20.27,1.03,,0,0.0,0.0,,0,0.0,0,0.0,0.0,,0,0.0,0,0.0,0.0,,0,0.0
prebreak,002759,2017-09-20,S,S,A,C,S,S,A,26.4857,26.75,25.45,1.3,,0,0.0,0.0,,0,0.0,0,0.0,0.0,,0,0.0,0,0.0,0.0,,0,0.0
prebreak,000938,2017-09-22,S,S,A,C,S,S,A,20.9037,21.01,20.05,0.96,,0,0.0,0.0,,0,0.0,0,0.0,0.0,,0,0.0,0,0.0,0.0,,0,0.0
prebreak,300335,2017-09-22,S,S,A,C,S,S,A,15.8851,16.54,15.73,0.81,,0,0.0,0.0,,0,0.0,1,16.54,17.0618,2017-10-13,0,0.6283,1,16.54,19.2246,2017-11-09,0,3.2967
prebreak,000988,2017-09-26,S,S,A,C,S,S,A,15.9858,16.91,16.09,0.82,,1,16.91,17.4842,2017-10-10,0,0.6841,1,16.91,16.8323,2017-10-17,0,-0.1104,1,16.91,16.92,2017-11-24,1,-0.0035
prebreak,002583,2017-09-26,S,S,A,C,S,S,A,15.9673,16.08,15.4,0.68,,0,0.0,0.0,,0,0.0,0,0.0,0.0,,0,0.0,0,0.0,0.0,,0,0.0
prebreak,300207,2017-09-26,S,S,A,C,S,S,A,11.5043,11.96,11.36,0.6,,0,0.0,0.0,,0,0.0,0,0.0,0.0,,0,0.0,0,0.0,0.0,,0,0.0
prebreak,300339,2017-09-26,S,S,A,C,S,S,A,11.498,12.13,11.54,0.59,,0,0.0,0.0,,0,0.0,0,0.0,0.0,,0,0.0,0,0.0,0.0,,0,0.0
prebreak,601069,2017-09-26,S,S,A,C,S,S,A,20.9308,21.57,20.55,1.02,,0,0.0,0.0,,0,0.0,0,0.0,0.0,,0,0.0,0,0.0,0.0,,0,0.0
prebreak,000938,2017-09-29,S,S,A,C,S,S,A,21.7122,21.01,20.05,0.96,,1,21.01,22.0793,2017-10-13,0,1.0965,1,21.01,21.3874,2017-10-20,0,0.3762,1,21.01,21.01,2017-10-20,1,-0.0166
prebreak,300335,2017-09-29,S,S,A,C,S,S,A,15.7774,15.96,15.42,0.54,,0,0.0,0.0,,0,0.0,0,0.0,0.0,,0,0.0,0,0.0,0.0,,0,0.0
prebreak,600486,2017-09-29,S,S,A,C,S,S,A,27.0487,27.48,26.31,1.17,,1,27.48,29.639,2017-10-13,0,1.8263,1,27.48,29.1668,2017-10-20,0,1.423,1,27.48,31.32,2017-11-16,1,3.2621
prebreak,002311,2017-10-09,S,S,A,C,S,S,A,16.7998,17.07,16.34,0.73,,0,0.0,0.0,,0,0.0,0,0.0,0.0,,0,0.0,0,0.0,0.0,,0,0.0
prebreak,002664,2017-10-09,S,S,A,C,S,S,A,28.9017,28.06,26.99,1.07,,0,0.0,0.0,,0,0.0,0,0.0,0.0,,0,0.0,0,0.0,0.0,,0,0.0
prebreak,601888,2017-10-09,S,S,A,C,S,S,A,31.7958,31.69,30.14,1.55,,0,0.0,0.0,,0,0.0,0,0.0,0.0,,0,0.0,0,0.0,0.0,,0,0.0
prebreak,603898,2017-10-09,S,S,A,C,S,S,A,25.4142,25.64,24.44,1.2,,0,0.0,0.0,,0,0.0,0,0.0,0.0,,0,0.0,0,0.0,0.0,,0,0.0
prebreak,000988,2017-10-10,S,S,A,C,S,S,A,17.4842,16.91,16.09,0.82,,0,0.0,0.0,,0,0.0,0,0.0,0.0,,0,0.0,0,0.0,0.0,,0,0.0
prebreak,002583,2017-10-10,S,S,A,C,S,S,A,17.2154,16.08,15.4,0.68,,0,0.0,0.0,,0,0.0,0,0.0,0.0,,0,0.0,0,0.0,0.0,,0,0.0
prebreak,601069,2017-10-10,S,S,A,C,S,S,A,20.7057,20.83,20.09,0.74,,0,0.0,0.0,,0,0.0,0,0.0,0.0,,0,0.0,0,0.0,0.0,,0,0.0
prebreak,002179,2017-10-11,S,S,A,C,S,S,A,14.644,13.84,13.17,0.67,,1,13.84,14.7452,2017-10-18,0,1.3345,1,13.84,15.0955,2017-10-25,0,1.857,1,13.84,14.8892,2017-11-13,0,1.5493
prebreak,002427,2017-10-11,S,S,A,C,S,S,A,25.4693,24.67,23.39,1.28,,0,0.0,0.0,,0,0.0,0,0.0,0.0,,0,0.0,0,0.0,0.0,,0,0.0
prebreak,600161,2017-10-11,S,S,A,C,S,S,A,12.1523,11.99,11.45,0.54,,1,11.99,12.2235,2017-10-16,0,0.4152,1,11.99,12.2235,2017-10-16,0,0.4152,1,11.99,12.2235,2017-10-16,0,0.4152
prebreak,600486,2017-10-13,S,S,A,C,S,S,A,29.639,27.48,26.31,1.17,,0,0.0,0.0,,0,0.0,0,0.0,0.0,,0,0.0,0,0.0,0.0,,0,0.0
prebreak,000988,2017-10-17,S,S,A,C,S,S,A,16.8323,17.64,16.81,0.83,,0,0.0,0.0,,0,0.0,0,0.0,0.0,,0,0.0,1,17.64,17.3674,2017-11-03,0,-0.3444
prebreak,002583,2017-10-17,S,S,A,C,S,S,A,17.6512,17.44,16.79,0.65,,0,0.0,0.0,,0,0.0,0,0.0,0.0,,0,0.0,0,0.0,0.0,,0,0.0
prebreak,300207,2017-10-17,S,S,A,C,S,S,A,11.0082,11.85,11.33,0.52,,0,0.0,0.0,,0,0.0,0,0.0,0.0,,0,0.0,1,11.85,11.33,2017-11-08,1,-1.0167
prebreak,000538,2017-10-20,S,S,A,C,S,S,A,53.5427,50.67,48.7,1.97,,0,0.0,0.0,,0,0.0,0,0.0,0.0,,0,0.0,0,0.0,0.0,,0,0.0
prebreak,600486,2017-10-20,S,S,A,C,S,S,A,29.1668,27.48,26.31,1.17,,0,0.0,0.0,,0,0.0,0,0.0,0.0,,0,0.0,0,0.0,0.0,,0,0.0
prebreak,600585,2017-10-20,S,S,A,C,S,S,A,17.5607,16.75,15.99,0.76,,0,0.0,0.0,,0,0.0,0,0.0,0.0,,0,0.0,0,0.0,0.0,,0,0.0
prebreak,600754,2017-10-20,S,S,A,C,S,S,A,25.6791,28.36,27.01,1.35,,0,0.0,0.0,,0,0.0,0,0.0,0.0,,0,0.0,1,28.36,27.01,2017-11-30,1,-1.0153
prebreak,601877,2017-10-20,S,S,A,C,S,S,A,18.8106,16.9,16.04,0.86,,1,16.9,20.398,2017-10-27,0,4.0499,1,16.9,19.9316,2017-11-03,0,3.5079,1,16.9,22.53,2017-11-17,1,6.5275
prebreak,600132,2017-10-23,S,S,A,C,S,S,A,16.5408,17.13,16.25,0.88,,0,0.0,0.0,,0,0.0,1,17.13,16.25,2017-11-06,1,-1.0142,1,17.13,16.25,2017-11-06,1,-1.0142
prebreak,601689,2017-10-23,S,S,A,C,S,S,A,13.0176,13.09,12.42,0.67,,0,0.0,0.0,,0,0.0,0,0.0,0.0,,0,0.0,0,0.0,0.0,,0,0.0
prebreak,002589,2017-10-25,S,S,A,C,S,S,A,14.4124,14.32,13.67,0.65,,1,14.32,14.7238,2017-10-30,0,0.6041,1,14.32,14.7238,2017-10-30,0,0.6041,1,14.32,14.7238,2017-10-30,0,0.6041
prebreak,002733,2017-10-25,S,S,A,C,S,S,A,17.997,17.65,16.83,0.82,,0,0.0,0.0,,0,0.0,0,0.0,0.0,,0,0.0,0,0.0,0.0,,0,0.0
prebreak,600699,2017-10-26,S,S,A,C,S,S,A,26.1661,25.88,24.64,1.24,,1,25.88,26.119,2017-11-02,0,0.1767,1,25.88,28.0437,2017-11-09,0,1.728,1,25.88,25.88,2017-11-20,1,-0.0159
prebreak,000988,2017-10-31,S,S,A,C,S,S,A,17.5134,17.05,16.17,0.88,,1,17.05,17.8636,2017-11-07,0,0.9093,1,17.05,19.0506,2017-11-14,0,2.2573,1,17.05,17.05,2017-11-24,1,-0.0147
prebreak,002275,2017-10-31,S,S,A,C,S,S,A,12.8069,13.38,12.78,0.6,,0,0.0,0.0,,0,0.0,0,0.0,0.0,,0,0.0,0,0.0,0.0,,0,0.0
prebreak,002444,2017-10-31,S,S,A,C,S,S,A,14.6678,14.93,14.23,0.7,,0,0.0,0.0,,0,0.0,0,0.0,0.0,,0,0.0,0,0.0,0.0,,0,0.0
prebreak,300183,2017-10-31,S,S,A,C,S,S,A,17.4088,19.02,18.06,0.96,,0,0.0,0.0,,0,0.0,0,0.0,0.0,,0,0.0,0,0.0,0.0,,0,0.0
prebreak,002589,2017-11-01,S,S,A,C,S,S,A,13.5463,14.32,13.67,0.65,,0,0.0,0.0,,0,0.0,0,0.0,0.0,,0,0.0,0,0.0,0.0,,0,0.0
prebreak,002626,2017-11-03,S,S,A,C,S,S,A,13.0053,12.47,11.86,0.61,,0,0.0,0.0,,0,0.0,0,0.0,0.0,,0,0.0,0,0.0,0.0,,0,0.0
prebreak,300463,2017-11-03,S,S,A,C,S,S,A,23.1013,24.28,23.04,1.24,,0,0.0,0.0,,0,0.0,0,0.0,0.0,,0,0.0,0,0.0,0.0,,0,0.0
prebreak,600323,2017-11-03,S,S,A,C,S,S,A,13.4556,12.77,12.23,0.54,,0,0.0,0.0,,0,0.0,0,0.0,0.0,,0,0.0,0,0.0,0.0,,0,0.0
prebreak,600585,2017-11-03,S,S,A,C,S,S,A,16.8248,16.75,15.99,0.76,,0,0.0,0.0,,0,0.0,0,0.0,0.0,,0,0.0,0,0.0,0.0,,0,0.0
prebreak,600754,2017-11-03,S,S,A,C,S,S,A,26.4506,26.62,25.36,1.26,,0,0.0,0.0,,0,0.0,0,0.0,0.0,,0,0.0,0,0.0,0.0,,0,0.0
prebreak,600132,2017-11-06,S,S,A,C,S,S,A,16.6191,16.51,15.74,0.77,,0,0.0,0.0,,0,0.0,0,0.0,0.0,,0,0.0,0,0.0,0.0,,0,0.0
prebreak,000988,2017-11-07,S,S,A,C,S,S,A,17.8636,18.1,17.17,0.93,,1,18.1,19.0506,2017-11-14,0,1.0068,1,18.1,18.5933,2017-11-21,0,0.5154,1,18.1,18.1,2017-11-17,1,-0.0148
prebreak,000999,2017-11-07,S,S,A,C,S,S,A,13.646,13.89,13.26,0.63,,0,0.0,0.0,,0,0.0,0,0.0,0.0,,0,0.0,0,0.0,0.0,,0,0.0
prebreak,002035,2017-11-07,S,S,A,C,S,S,A,15.1342,15.73,14.98,0.75,,1,15.73,15.674,2017-11-14,0,-0.0906,1,15.73,15.3522,2017-11-15,0,-0.5194,1,15.73,15.3522,2017-11-15,0,-0.5194
prebreak,300146,2017-11-07,S,S,A,C,S,S,A,10.5699,10.62,10.07,0.55,,1,10.62,11.3568,2017-11-14,0,1.3241,1,10.62,11.7812,2017-11-21,0,2.0952,1,10.62,10.62,2017-11-29,1,-0.0147
prebreak,300144,2017-11-08,S,S,A,C,S,S,A,10.1235,9.98,9.47,0.51,,0,0.0,0.0,,0,0.0,0,0.0,0.0,,0,0.0,0,0.0,0.0,,0,0.0
prebreak,002468,2017-11-09,S,S,A,C,S,S,A,25.0863,26.12,24.78,1.34,,0,0.0,0.0,,0,0.0,0,0.0,0.0,,0,0.0,0,0.0,0.0,,0,0.0
prebreak,002597,2017-11-09,S,S,A,C,S,S,A,19.8515,18.77,17.87,0.9,,1,18.77,21.4297,2017-11-16,0,2.9375,1,18.77,20.4994,2017-11-23,0,1.9045,1,18.77,23.6723,2018-01-22,1,5.4277
prebreak,002424,2017-11-10,S,S,A,C,S,S,A,17.2192,17.81,17.0,0.81,,0,0.0,0.0,,0,0.0,0,0.0,0.0,,0,0.0,0,0.0,0.0,,0,0.0
prebreak,002626,2017-11-10,S,S,A,C,S,S,A,13.0454,12.47,11.86,0.61,,1,12.47,14.4655,2017-11-17,0,3.2537,1,12.47,15.5887,2017-11-24,0,5.0939,1,12.47,15.5,2017-11-24,1,4.9485
prebreak,300463,2017-11-10,S,S,A,C,S,S,A,24.0141,24.28,23.04,1.24,,1,24.28,24.0779,2017-11-15,0,-0.1777,1,24.28,24.0779,2017-11-15,0,-0.1777,1,24.28,24.0779,2017-11-15,0,-0.1777
prebreak,600323,2017-11-10,S,S,A,C,S,S,A,13.4982,13.94,13.29,0.65,,0,0.0,0.0,,0,0.0,0,0.0,0.0,,0,0.0,0,0.0,0.0,,0,0.0
prebreak,600585,2017-11-10,S,S,A,C,S,S,A,16.7245,17.36,16.5,0.86,,1,17.36,18.9589,2017-11-17,0,1.8427,1,17.36,19.2599,2017-11-24,0,2.1925,1,17.36,21.3806,2018-01-02,0,4.6568
prebreak,600597,2017-11-10,S,S,A,C,S,S,A,14.0496,13.08,12.48,0.6,,1,13.08,13.682,2017-11-17,0,0.9861,1,13.08,13.1619,2017-11-24,0,0.1199,1,13.08,13.08,2017-11-20,1,-0.0166
prebreak,600754,2017-11-10,S,S,A,C,S,S,A,29.2649,26.62,25.36,1.26,,1,26.62,28.9054,2017-11-17,0,1.7966,1,26.62,28.0813,2017-11-24,0,1.143,1,26.62,26.62,2017-11-30,1,-0.0161
prebreak,600867,2017-11-10,S,S,A,C,S,S,A,15.4705,14.78,14.08,0.7,,0,0.0,0.0,,0,0.0,0,0.0,0.0,,0,0.0,0,0.0,0.0,,0,0.0
prebreak,000963,2017-11-13,S,S,A,C,S,S,A,26.5466,26.79,25.48,1.31,,0,0.0,0.0,,0,0.0,0,0.0,0.0,,0,0.0,0,0.0,0.0,,0,0.0
prebreak,002690,2017-11-13,S,S,A,C,S,S,A,11.3603,11.09,10.52,0.57,,0,0.0,0.0,,0,0.0,0,0.0,0.0,,0,0.0,0,0.0,0.0,,0,0.0
prebreak,002007,2017-11-16,S,S,A,C,S,S,A,13.2786,13.17,12.49,0.68,,0,0.0,0.0,,0,0.0,0,0.0,0.0,,0,0.0,0,0.0,0.0,,0,0.0
prebreak,002468,2017-11-16,S,S,A,C,S,S,A,23.0893,26.12,24.78,1.34,,0,0.0,0.0,,0,0.0,0,0.0,0.0,,0,0.0,0,0.0,0.0,,0,0.0
prebreak,603188,2017-11-16,S,S,A,C,S,S,A,17.0398,17.79,16.96,0.83,,0,0.0,0.0,,0,0.0,0,0.0,0.0,,0,0.0,0,0.0,0.0,,0,0.0
prebreak,603313,2017-11-16,S,S,A,C,S,S,A,17.054,16.84,15.98,0.86,,1,16.84,17.0426,2017-11-23,0,0.2206,1,16.84,17.3446,2017-11-30,0,0.5715,1,16.84,15.98,2017-12-06,1,-1.0143
prebreak,000776,2017-11-20,S,S,A,C,S,S,A,13.9221,14.87,14.11,0.76,,0,0.0,0.0,,0,0.0,0,0.0,0.0,,0,0.0,0,0.0,0.0,,0,0.0
prebreak,000963,2017-11-20,S,S,A,C,S,S,A,25.9585,26.79,25.48,1.31,,0,0.0,0.0,,0,0.0,0,0.0,0.0,,0,0.0,0,0.0,0.0,,0,0.0
prebreak,002138,2017-11-20,S,S,A,C,S,S,A,17.2428,18.2,17.28,0.92,,0,0.0,0.0,,0,0.0,0,0.0,0.0,,0,0.0,0,0.0,0.0,,0,0.0
prebreak,002311,2017-11-20,S,S,A,C,S,S,A,20.0264,17.96,17.05,0.91,,1,17.96,17.8543,2017-11-27,0,-0.1311,1,17.96,18.5123,2017-12-04,0,0.5915,1,17.96,17.96,2017-11-27,1,-0.015
prebreak,002321,2017-11-20,S,S,A,C,S,S,A,12.7045,13.18,12.51,0.67,,0,0.0,0.0,,0,0.0,1,13.18,13.8351,2017-12-14,0,0.9622,1,13.18,13.18,2017-12-22,1,-0.015
prebreak,300024,2017-11-20,S,S,A,C,S,S,A,19.6554,21.37,20.59,0.78,,0,0.0,0.0,,0,0.0,0,0.0,0.0,,0,0.0,0,0.0,0.0,,0,0.0
prebreak,000049,2017-11-21,S,S,A,C,S,S,A,28.2679,29.03,27.69,1.34,,0,0.0,0.0,,0,0.0,0,0.0,0.0,,0,0.0,0,0.0,0.0,,0,0.0
prebreak,000915,2017-11-21,S,S,A,C,S,S,A,23.3775,25.7,24.38,1.32,,0,0.0,0.0,,0,0.0,0,0.0,0.0,,0,0.0,0,0.0,0.0,,0,0.0
prebreak,300183,2017-11-21,S,S,A,C,S,S,A,16.5393,18.57,17.77,0.8,,1,18.57,17.77,2017-11-24,1,-1.017,1,18.57,17.77,2017-11-24,1,-1.017,1,18.57,17.77,2017-11-24,1,-1.017
prebreak,603919,2017-11-21,S,S,A,C,S,S,A,13.8392,14.0,13.32,0.68,,0,0.0,0.0,,0,0.0,0,0.0,0.0,,0,0.0,0,0.0,0.0,,0,0.0
prebreak,002356,2017-11-22,S,S,A,C,S,S,A,15.443,15.91,15.37,0.54,,0,0.0,0.0,,0,0.0,0,0.0,0.0,,0,0.0,0,0.0,0.0,,0,0.0
prebreak,002589,2017-11-22,S,S,A,C,S,S,A,13.0597,14.28,13.69,0.59,,0,0.0,0.0,,0,0.0,0,0.0,0.0,,0,0.0,0,0.0,0.0,,0,0.0
prebreak,603939,2017-11-22,S,S,A,C,S,S,A,12.5566,11.7,11.18,0.52,,0,0.0,0.0,,0,0.0,0,0.0,0.0,,0,0.0,0,0.0,0.0,,0,0.0
prebreak,002223,2017-11-24,S,S,A,C,S,S,A,18.0989,19.82,18.81,1.01,,0,0.0,0.0,,0,0.0,0,0.0,0.0,,0,0.0,0,0.0,0.0,,0,0.0
prebreak,002424,2017-11-24,S,S,A,C,S,S,A,15.854,16.09,15.36,0.73,,0,0.0,0.0,,0,0.0,0,0.0,0.0,,0,0.0,0,0.0,0.0,,0,0.0
prebreak,002821,2017-11-24,S,S,A,C,S,S,A,38.7536,43.83,42.17,1.66,,0,0.0,0.0,,0,0.0,0,0.0,0.0,,0,0.0,0,0.0,0.0,,0,0.0
prebreak,300463,2017-11-24,S,S,A,C,S,S,A,21.504,24.65,23.54,1.11,,0,0.0,0.0,,0,0.0,0,0.0,0.0,,0,0.0,0,0.0,0.0,,0,0.0
prebreak,600062,2017-11-24,S,S,A,C,S,S,A,16.2951,15.74,14.99,0.75,,0,0.0,0.0,,0,0.0,0,0.0,0.0,,0,0.0,0,0.0,0.0,,0,0.0
prebreak,600323,2017-11-24,S,S,A,C,S,S,A,12.9607,13.35,12.73,0.62,,0,0.0,0.0,,0,0.0,0,0.0,0.0,,0,0.0,1,13.35,13.1569,2017-12-25,0,-0.3275
prebreak,600754,2017-11-24,S,S,A,C,S,S,A,28.0813,26.62,25.36,1.26,,0,0.0,0.0,,0,0.0,0,0.0,0.0,,0,0.0,0,0.0,0.0,,0,0.0
prebreak,000049,2017-11-28,S,S,A,C,S,S,A,24.9834,29.16,27.85,1.31,,0,0.0,0.0,,0,0.0,0,0.0,0.0,,0,0.0,0,0.0,0.0,,0,0.0
prebreak,002153,2017-11-28,S,S,A,C,S,S,A,11.6703,9.46,8.96,0.5,,0,0.0,0.0,,0,0.0,0,0.0,0.0,,0,0.0,0,0.0,0.0,,0,0.0
prebreak,000028,2017-11-29,S,S,A,C,S,S,A,35.8298,38.04,36.38,1.66,,0,0.0,0.0,,0,0.0,0,0.0,0.0,,0,0.0,0,0.0,0.0,,0,0.0
prebreak,002589,2017-11-29,S,S,A,C,S,S,A,12.8456,14.28,13.69,0.59,,0,0.0,0.0,,0,0.0,0,0.0,0.0,,0,0.0,0,0.0,0.0,,0,0.0
prebreak,300144,2017-11-29,S,S,A,C,S,S,A,9.3266,10.78,10.26,0.52,,0,0.0,0.0,,0,0.0,0,0.0,0.0,,0,0.0,0,0.0,0.0,,0,0.0
prebreak,000423,2017-11-30,S,S,A,C,S,S,A,47.4854,50.71,48.74,1.97,,0,0.0,0.0,,0,0.0,0,0.0,0.0,,0,0.0,0,0.0,0.0,,0,0.0
prebreak,600771,2017-11-30,S,S,A,C,S,S,A,28.5643,28.82,27.8,1.02,,0,0.0,0.0,,0,0.0,0,0.0,0.0,,0,0.0,0,0.0,0.0,,0,0.0
prebreak,603900,2017-11-30,S,S,A,C,S,S,A,21.9541,22.44,21.27,1.17,,1,22.44,23.5093,2017-12-07,0,0.8988,1,22.44,24.4192,2017-12-14,0,1.676,1,22.44,26.9257,2018-01-08,0,3.8169
prebreak,600062,2017-12-01,S,S,A,C,S,S,A,15.522,15.74,14.99,0.75,,0,0.0,0.0,,0,0.0,0,0.0,0.0,,0,0.0,0,0.0,0.0,,0,0.0
prebreak,002589,2017-12-06,S,S,A,C,S,S,A,12.3007,14.28,13.69,0.59,,0,0.0,0.0,,0,0.0,0,0.0,0.0,,0,0.0,0,0.0,0.0,,0,0.0
prebreak,600262,2017-12-06,S,S,A,C,S,S,A,14.9722,14.88,14.2,0.68,,0,0.0,0.0,,0,0.0,0,0.0,0.0,,0,0.0,0,0.0,0.0,,0,0.0
prebreak,600850,2017-12-06,S,S,A,C,S,S,A,11.423,12.14,11.52,0.62,,0,0.0,0.0,,0,0.0,0,0.0,0.0,,0,0.0,0,0.0,0.0,,0,0.0
prebreak,603883,2017-12-06,S,S,A,C,S,S,A,21.2437,21.64,20.57,1.07,,1,21.64,20.57,2017-12-12,1,-1.0147,1,21.64,20.57,2017-12-12,1,-1.0147,1,21.64,20.57,2017-12-12,1,-1.0147
prebreak,002310,2017-12-07,S,S,A,C,S,S,A,20.2561,20.83,19.89,0.94,,0,0.0,0.0,,0,0.0,0,0.0,0.0,,0,0.0,0,0.0,0.0,,0,0.0
prebreak,300270,2017-12-08,S,S,A,C,S,S,A,13.252,12.16,11.57,0.59,,1,12.16,12.9024,2017-12-13,0,1.2419,1,12.16,12.9024,2017-12-13,0,1.2419,1,12.16,12.9024,2017-12-13,0,1.2419
prebreak,600729,2017-12-08,S,S,A,C,S,S,A,14.4769,16.08,15.43,0.65,,0,0.0,0.0,,0,0.0,0,0.0,0.0,,0,0.0,0,0.0,0.0,,0,0.0
prebreak,600990,2017-12-08,S,S,A,C,S,S,A,36.2995,38.57,36.56,2.01,,0,0.0,0.0,,0,0.0,0,0.0,0.0,,0,0.0,0,0.0,0.0,,0,0.0
prebreak,002311,2017-12-11,S,S,A,C,S,S,A,19.2964,18.94,18.08,0.86,,0,0.0,0.0,,0,0.0,0,0.0,0.0,,0,0.0,0,0.0,0.0,,0,0.0
prebreak,300024,2017-12-11,S,S,A,C,S,S,A,18.9673,19.22,18.31,0.91,,1,19.22,19.3363,2017-12-18,0,0.1117,1,19.22,18.708,2017-12-25,0,-0.5783,1,19.22,18.31,2018-01-15,1,-1.0154
prebreak,300055,2017-12-11,S,S,A,C,S,S,A,20.5855,20.13,19.26,0.87,,1,20.13,21.1418,2017-12-18,0,1.1447,1,20.13,21.8641,2017-12-25,0,1.9744,1,20.13,20.13,2018-01-10,1,-0.0176
prebreak,300065,2017-12-11,S,S,A,C,S,S,A,12.5987,12.0,11.43,0.57,,0,0.0,0.0,,0,0.0,0,0.0,0.0,,0,0.0,0,0.0,0.0,,0,0.0
prebreak,600435,2017-12-11,S,S,A,C,S,S,A,13.0681,12.43,11.93,0.5,,1,12.43,12.7938,2017-12-18,0,0.7083,1,12.43,11.93,2017-12-25,1,-1.0183,1,12.43,11.93,2017-12-25,1,-1.0183
prebreak,000910,2017-12-13,S,S,A,C,S,S,A,19.5325,18.9,18.05,0.85,,0,0.0,0.0,,0,0.0,0,0.0,0.0,,0,0.0,0,0.0,0.0,,0,0.0
prebreak,002589,2017-12-13,S,S,A,C,S,S,A,13.1473,14.28,13.69,0.59,,0,0.0,0.0,,0,0.0,0,0.0,0.0,,0,0.0,0,0.0,0.0,,0,0.0
prebreak,002221,2017-12-14,S,S,A,C,S,S,A,11.51,11.43,10.85,0.58,,0,0.0,0.0,,0,0.0,0,0.0,0.0,,0,0.0,0,0.0,0.0,,0,0.0
prebreak,300036,2017-12-14,S,S,A,C,S,S,A,15.5989,15.6,15.0,0.6,,0,0.0,0.0,,0,0.0,0,0.0,0.0,,0,0.0,0,0.0,0.0,,0,0.0
prebreak,600521,2017-12-14,S,S,A,C,S,S,A,20.6356,17.31,16.51,0.8,,1,17.31,21.4766,2017-12-21,0,5.1885,1,17.31,20.4731,2017-12-28,0,3.9349,1,17.31,20.07,2017-12-28,1,3.4314
prebreak,001979,2017-12-15,S,S,A,C,S,S,A,13.8188,14.31,13.75,0.56,,0,0.0,0.0,,0,0.0,0,0.0,0.0,,0,0.0,0,0.0,0.0,,0,0.0
prebreak,600062,2017-12-15,S,S,A,C,S,S,A,15.8709,16.41,15.78,0.63,,1,16.41,16.5892,2017-12-22,0,0.2645,1,16.41,16.9313,2017-12-29,0,0.8071,1,16.41,16.42,2018-01-15,1,-0.0039
prebreak,600729,2017-12-15,S,S,A,C,S,S,A,15.186,15.19,14.54,0.65,,0,0.0,0.0,,0,0.0,0,0.0,0.0,,0,0.0,0,0.0,0.0,,0,0.0
prebreak,600990,2017-12-15,S,S,A,C,S,S,A,36.7023,36.87,35.5,1.37,,0,0.0,0.0,,0,0.0,0,0.0,0.0,,0,0.0,0,0.0,0.0,,0,0.0
prebreak,603858,2017-12-15,S,S,A,C,S,S,A,22.8409,23.67,22.61,1.06,,0,0.0,0.0,,0,0.0,0,0.0,0.0,,0,0.0,0,0.0,0.0,,0,0.0
prebreak,002311,2017-12-18,S,S,A,C,S,S,A,19.1612,19.87,19.11,0.76,,1,19.87,20.8285,2017-12-25,0,1.2406,1,19.87,20.5852,2018-01-02,0,0.9206,1,19.87,19.87,2018-01-08,1,-0.0199
prebreak,300055,2017-12-18,S,S,A,C,S,S,A,21.1418,22.05,20.95,1.1,,0,0.0,0.0,,0,0.0,0,0.0,0.0,,0,0.0,0,0.0,0.0,,0,0.0
prebreak,000998,2017-12-19,S,S,A,C,S,S,A,25.1482,25.9,24.6,1.3,,0,0.0,0.0,,0,0.0,0,0.0,0.0,,0,0.0,0,0.0,0.0,,0,0.0
prebreak,300349,2017-12-19,S,S,A,C,S,S,A,15.5023,15.16,14.66,0.5,,0,0.0,0.0,,0,0.0,0,0.0,0.0,,0,0.0,0,0.0,0.0,,0,0.0
prebreak,300036,2017-12-21,S,S,A,C,S,S,A,15.2583,15.91,15.35,0.56,,0,0.0,0.0,,0,0.0,0,0.0,0.0,,0,0.0,0,0.0,0.0,,0,0.0
prebreak,300124,2017-12-21,S,S,A,C,S,S,A,17.6558,17.9,16.99,0.91,,0,0.0,0.0,,0,0.0,0,0.0,0.0,,0,0.0,0,0.0,0.0,,0,0.0
prebreak,002410,2017-12-22,S,S,A,C,S,S,A,13.3927,13.4,12.69,0.71,,1,13.4,13.1672,2017-12-27,0,-0.3421,1,13.4,13.1672,2017-12-27,0,-0.3421,1,13.4,13.1672,2017-12-27,0,-0.3421
prebreak,300270,2017-12-22,S,S,A,C,S,S,A,13.1022,13.18,12.52,0.66,,0,0.0,0.0,,0,0.0,0,0.0,0.0,,0,0.0,0,0.0,0.0,,0,0.0
prebreak,300463,2017-12-22,S,S,A,C,S,S,A,21.504,22.25,21.33,0.92,,1,22.25,21.7687,2017-12-28,0,-0.5412,1,22.25,21.7687,2017-12-28,0,-0.5412,1,22.25,21.7687,2017-12-28,0,-0.5412
prebreak,600062,2017-12-22,S,S,A,C,S,S,A,16.5892,16.41,15.78,0.63,,0,0.0,0.0,,0,0.0,0,0.0,0.0,,0,0.0,0,0.0,0.0,,0,0.0
prebreak,600729,2017-12-22,S,S,A,C,S,S,A,14.9293,15.42,14.76,0.66,,0,0.0,0.0,,0,0.0,0,0.0,0.0,,0,0.0,0,0.0,0.0,,0,0.0
prebreak,002025,2017-12-26,S,S,A,C,S,S,A,21.1498,20.65,19.81,0.84,,0,0.0,0.0,,0,0.0,0,0.0,0.0,,0,0.0,0,0.0,0.0,,0,0.0
prebreak,300349,2017-12-26,S,S,A,C,S,S,A,17.3243,15.16,14.66,0.5,,1,15.16,18.0584,2018-01-03,0,5.7702,1,15.16,18.3539,2018-01-10,0,6.3607,1,15.16,17.71,2018-01-17,1,5.0737
prebreak,300357,2017-12-27,S,S,A,C,S,S,A,14.1658,14.4,13.75,0.65,,0,0.0,0.0,,0,0.0,0,0.0,0.0,,0,0.0,0,0.0,0.0,,0,0.0
prebreak,600875,2017-12-27,S,S,A,C,S,S,A,9.4692,9.51,9.01,0.5,,1,9.51,9.6244,2018-01-04,0,0.2142,1,9.51,9.6244,2018-01-11,0,0.2142,1,9.51,9.01,2018-02-09,1,-1.0138
prebreak,002614,2017-12-28,S,S,A,C,S,S,A,14.945,15.39,14.63,0.76,,1,15.39,15.5559,2018-01-05,0,0.2027,1,15.39,16.1749,2018-01-12,0,1.0167,1,15.39,15.39,2018-01-30,1,-0.0154
prebreak,300463,2017-12-29,S,S,A,C,S,S,A,21.8783,22.25,21.27,0.98,,0,0.0,0.0,,0,0.0,0,0.0,0.0,,0,0.0,0,0.0,0.0,,0,0.0
prebreak,600062,2017-12-29,S,S,A,C,S,S,A,16.9313,16.7,15.98,0.72,,0,0.0,0.0,,0,0.0,0,0.0,0.0,,0,0.0,0,0.0,0.0,,0,0.0
prebreak,600436,2017-12-29,S,S,A,C,S,S,A,59.1317,60.77,57.9,2.87,,1,60.77,64.6332,2018-01-08,0,1.3291,1,60.77,68.2447,2018-01-15,0,2.5867,1,60.77,77.442,2018-03-08,1,5.7893
prebreak,600729,2017-12-29,S,S,A,C,S,S,A,15.3205,15.42,14.76,0.66,,0,0.0,0.0,,0,0.0,0,0.0,0.0,,0,0.0,0,0.0,0.0,,0,0.0
prebreak,002241,2018-01-02,S,S,A,C,S,S,A,16.122,16.58,15.73,0.85,,0,0.0,0.0,,0,0.0,0,0.0,0.0,,0,0.0,0,0.0,0.0,,0,0.0
prebreak,002617,2018-01-02,S,S,A,C,S,S,A,10.8223,11.0,10.49,0.51,,0,0.0,0.0,,0,0.0,0,0.0,0.0,,0,0.0,1,11.0,11.0353,2018-01-29,0,0.0528
prebreak,002690,2018-01-02,S,S,A,C,S,S,A,11.3308,11.58,11.01,0.57,,0,0.0,0.0,,0,0.0,0,0.0,0.0,,0,0.0,0,0.0,0.0,,0,0.0
prebreak,300055,2018-01-02,S,S,A,C,S,S,A,21.3468,22.27,21.12,1.15,,0,0.0,0.0,,0,0.0,0,0.0,0.0,,0,0.0,0,0.0,0.0,,0,0.0
prebreak,300199,2018-01-02,S,S,A,C,S,S,A,16.405,16.46,15.85,0.61,,0,0.0,0.0,,0,0.0,0,0.0,0.0,,0,0.0,0,0.0,0.0,,0,0.0
prebreak,002508,2018-01-03,S,S,A,C,S,S,A,38.003,38.43,36.52,1.91,,1,38.43,39.5446,2018-01-10,0,0.5679,1,38.43,39.8054,2018-01-17,0,0.7043,1,38.43,38.43,2018-02-06,1,-0.0153
prebreak,002672,2018-01-03,S,S,A,C,S,S,A,15.772,15.88,15.05,0.83,,1,15.88,15.6781,2018-01-08,0,-0.2576,1,15.88,15.6781,2018-01-08,0,-0.2576,1,15.88,15.6781,2018-01-08,0,-0.2576
prebreak,600562,2018-01-03,S,S,A,C,S,S,A,17.7637,19.01,18.23,0.78,,0,0.0,0.0,,0,0.0,0,0.0,0.0,,0,0.0,0,0.0,0.0,,0,0.0
prebreak,300357,2018-01-04,S,S,A,C,S,S,A,14.4077,14.69,13.97,0.72,,0,0.0,0.0,,0,0.0,0,0.0,0.0,,0,0.0,1,14.69,13.97,2018-01-30,1,-1.0149
prebreak,600827,2018-01-04,S,S,A,C,S,S,A,12.098,12.14,11.5,0.64,,0,0.0,0.0,,0,0.0,0,0.0,0.0,,0,0.0,0,0.0,0.0,,0,0.0
prebreak,002262,2018-01-05,S,S,A,C,S,S,A,13.5959,13.29,12.7,0.59,,1,13.29,13.9237,2018-01-12,0,1.0562,1,13.29,13.7962,2018-01-19,0,0.8403,1,13.29,13.29,2018-01-29,1,-0.0171
prebreak,002677,2018-01-08,S,S,A,C,S,S,A,12.3898,12.47,11.86,0.61,,0,0.0,0.0,,0,0.0,0,0.0,0.0,,0,0.0,0,0.0,0.0,,0,0.0
prebreak,600038,2018-01-08,S,S,A,C,S,S,A,43.7062,45.31,43.28,2.03,,0,0.0,0.0,,0,0.0,0,0.0,0.0,,0,0.0,0,0.0,0.0,,0,0.0
prebreak,600062,2018-01-08,S,S,A,C,S,S,A,16.7192,16.7,15.98,0.72,,1,16.7,17.1091,2018-01-11,0,0.5503,1,16.7,17.1091,2018-01-11,0,0.5503,1,16.7,17.1091,2018-01-11,0,0.5503
prebreak,600436,2018-01-08,S,S,A,C,S,S,A,64.6332,60.77,57.9,2.87,,1,60.77,68.2447,2018-01-15,0,2.5867,1,60.77,71.744,2018-01-22,0,3.8052,1,60.77,77.442,2018-03-08,1,5.7893
prebreak,603885,2018-01-08,S,S,A,C,S,S,A,14.626,12.98,12.32,0.66,,0,0.0,0.0,,0,0.0,0,0.0,0.0,,0,0.0,0,0.0,0.0,,0,0.0
prebreak,000042,2018-01-09,S,S,A,C,S,S,A,18.2027,16.05,15.26,0.79,,1,16.05,16.5037,2018-01-19,0,0.5585,1,16.05,16.2937,2018-01-26,0,0.2928,1,16.05,16.05,2018-01-22,1,-0.0154
prebreak,002241,2018-01-09,S,S,A,C,S,S,A,15.7683,16.58,15.73,0.85,,0,0.0,0.0,,0,0.0,0,0.0,0.0,,0,0.0,0,0.0,0.0,,0,0.0
prebreak,002617,2018-01-09,S,S,A,C,S,S,A,10.6426,10.99,10.46,0.53,,0,0.0,0.0,,0,0.0,0,0.0,0.0,,0,0.0,1,10.99,10.46,2018-02-01,1,-1.0151
prebreak,002690,2018-01-09,S,S,A,C,S,S,A,10.9118,11.6,11.1,0.5,,0,0.0,0.0,,0,0.0,0,0.0,0.0,,0,0.0,0,0.0,0.0,,0,0.0
prebreak,300055,2018-01-09,S,S,A,C,S,S,A,20.6733,22.27,21.12,1.15,,0,0.0,0.0,,0,0.0,0,0.0,0.0,,0,0.0,0,0.0,0.0,,0,0.0
prebreak,300199,2018-01-09,S,S,A,C,S,S,A,16.5333,16.63,15.85,0.78,,0,0.0,0.0,,0,0.0,0,0.0,0.0,,0,0.0,0,0.0,0.0,,0,0.0
prebreak,300357,2018-01-11,S,S,A,C,S,S,A,14.0143,14.69,14.06,0.63,,0,0.0,0.0,,0,0.0,0,0.0,0.0,,0,0.0,1,14.69,14.06,2018-01-30,1,-1.0171
prebreak,600518,2018-01-11,S,S,A,C,S,S,A,13.7509,13.83,13.19,0.64,,0,0.0,0.0,,0,0.0,0,0.0,0.0,,0,0.0,0,0.0,0.0,,0,0.0
prebreak,002262,2018-01-12,S,S,A,C,S,S,A,13.9237,14.17,13.45,0.72,,1,14.17,13.7962,2018-01-19,0,-0.5338,1,14.17,13.7962,2018-01-19,0,-0.5338,1,14.17,13.7962,2018-01-19,0,-0.5338
prebreak,002614,2018-01-12,S,S,A,C,S,S,A,16.1749,16.07,15.36,0.71,,0,0.0,0.0,,0,0.0,0,0.0,0.0,,0,0.0,0,0.0,0.0,,0,0.0
prebreak,300124,2018-01-12,S,S,A,C,S,S,A,17.0194,18.44,17.46,0.98,,0,0.0,0.0,,0,0.0,0,0.0,0.0,,0,0.0,0,0.0,0.0,,0,0.0
prebreak,600660,2018-01-12,S,S,A,C,S,S,A,22.2762,22.96,21.8,1.16,,0,0.0,0.0,,0,0.0,0,0.0,0.0,,0,0.0,0,0.0,0.0,,0,0.0
prebreak,000733,2018-01-16,S,S,A,C,S,S,A,13.0391,14.03,13.5,0.53,,0,0.0,0.0,,0,0.0,0,0.0,0.0,,0,0.0,0,0.0,0.0,,0,0.0
prebreak,002051,2018-01-16,S,S,A,C,S,S,A,15.8032,16.85,16.16,0.69,,0,0.0,0.0,,0,0.0,0,0.0,0.0,,0,0.0,0,0.0,0.0,,0,0.0
prebreak,002690,2018-01-16,S,S,A,C,S,S,A,10.3039,11.6,11.1,0.5,,0,0.0,0.0,,0,0.0,0,0.0,0.0,,0,0.0,0,0.0,0.0,,0,0.0
prebreak,000895,2018-01-17,S,S,A,C,S,S,A,18.2886,17.93,17.11,0.82,,0,0.0,0.0,,0,0.0,0,0.0,0.0,,0,0.0,0,0.0,0.0,,0,0.0
prebreak,002508,2018-01-17,S,S,A,C,S,S,A,39.8054,38.47,36.74,1.73,,0,0.0,0.0,,0,0.0,0,0.0,0.0,,0,0.0,0,0.0,0.0,,0,0.0
prebreak,300003,2018-01-17,S,S,A,C,S,S,A,22.9954,22.61,21.6,1.01,,0,0.0,0.0,,0,0.0,0,0.0,0.0,,0,0.0,0,0.0,0.0,,0,0.0
prebreak,600201,2018-01-18,S,S,A,C,S,S,A,21.3479,22.38,21.26,1.12,,0,0.0,0.0,,0,0.0,0,0.0,0.0,,0,0.0,0,0.0,0.0,,0,0.0
prebreak,600518,2018-01-18,S,S,A,C,S,S,A,13.502,13.99,13.37,0.62,,0,0.0,0.0,,0,0.0,0,0.0,0.0,,0,0.0,0,0.0,0.0,,0,0.0
prebreak,603989,2018-01-18,S,S,A,C,S,S,A,25.7111,26.91,25.59,1.32,,0,0.0,0.0,,0,0.0,0,0.0,0.0,,0,0.0,0,0.0,0.0,,0,0.0
prebreak,002614,2018-01-19,S,S,A,C,S,S,A,16.4599,16.07,15.36,0.71,,0,0.0,0.0,,0,0.0,0,0.0,0.0,,0,0.0,0,0.0,0.0,,0,0.0
prebreak,600660,2018-01-19,S,S,A,C,S,S,A,21.5334,22.96,21.8,1.16,,0,0.0,0.0,,0,0.0,0,0.0,0.0,,0,0.0,0,0.0,0.0,,0,0.0
prebreak,601198,2018-01-19,S,S,A,C,S,S,A,13.5388,13.25,12.7,0.55,,1,13.25,13.8034,2018-01-26,0,0.9873,1,13.25,12.7,2018-02-01,1,-1.0177,1,13.25,13.25,2018-01-31,1,-0.0183
prebreak,000553,2018-01-22,S,S,A,C,S,S,A,17.5288,16.58,15.75,0.83,,0,0.0,0.0,,0,0.0,0,0.0,0.0,,0,0.0,0,0.0,0.0,,0,0.0
prebreak,000711,2018-01-22,S,S,A,C,S,S,A,11.3,10.63,10.07,0.56,,1,10.63,11.5417,2018-01-29,0,1.6125,1,10.63,10.5917,2018-02-05,0,-0.0828,1,10.63,10.63,2018-02-01,1,-0.0144
prebreak,002032,2018-01-22,S,S,A,C,S,S,A,31.7331,28.97,27.45,1.52,,1,28.97,32.0081,2018-01-25,0,1.983,1,28.97,32.0081,2018-01-25,0,1.983,1,28.97,32.0081,2018-01-25,0,1.983
prebreak,002572,2018-01-22,S,S,A,C,S,S,A,26.2148,27.88,26.71,1.17,,0,0.0,0.0,,0,0.0,0,0.0,0.0,,0,0.0,0,0.0,0.0,,0,0.0
prebreak,002727,2018-01-22,S,S,A,C,S,S,A,18.7357,17.89,17.18,0.71,,1,17.89,18.9274,2018-01-29,0,1.4411,1,17.89,18.788,2018-02-05,0,1.2449,1,17.89,17.89,2018-02-01,1,-0.0191
prebreak,600009,2018-01-22,S,S,A,C,S,S,A,42.2236,41.78,40.09,1.69,,1,41.78,42.9475,2018-01-29,0,0.6716,1,41.78,45.6928,2018-02-05,0,2.295,1,41.78,41.78,2018-02-09,1,-0.0188
prebreak,600038,2018-01-22,S,S,A,C,S,S,A,39.3007,44.75,42.49,2.26,,0,0.0,0.0,,0,0.0,0,0.0,0.0,,0,0.0,0,0.0,0.0,,0,0.0
prebreak,600062,2018-01-22,S,S,A,C,S,S,A,16.5619,16.7,15.98,0.72,,0,0.0,0.0,,0,0.0,0,0.0,0.0,,0,0.0,0,0.0,0.0,,0,0.0
prebreak,600315,2018-01-22,S,S,A,C,S,S,A,32.7647,32.49,30.77,1.72,,0,0.0,0.0,,0,0.0,0,0.0,0.0,,0,0.0,0,0.0,0.0,,0,0.0
prebreak,600597,2018-01-22,S,S,A,C,S,S,A,14.1571,14.0,13.26,0.74,,0,0.0,0.0,,0,0.0,0,0.0,0.0,,0,0.0,0,0.0,0.0,,0,0.0
prebreak,603885,2018-01-22,S,S,A,C,S,S,A,14.4397,14.26,13.54,0.72,,0,0.0,0.0,,0,0.0,0,0.0,0.0,,0,0.0,0,0.0,0.0,,0,0.0
prebreak,300055,2018-01-23,S,S,A,C,S,S,A,18.7114,19.03,18.05,0.98,,0,0.0,0.0,,0,0.0,0,0.0,0.0,,0,0.0,0,0.0,0.0,,0,0.0
prebreak,603108,2018-01-23,S,S,A,C,S,S,A,12.4749,12.49,11.91,0.58,,1,12.49,13.4323,2018-01-30,0,1.6073,1,12.49,11.91,2018-02-06,1,-1.0157,1,12.49,12.49,2018-02-06,1,-0.0164
prebreak,603658,2018-01-23,S,S,A,C,S,S,A,31.9973,34.06,32.41,1.65,,0,0.0,0.0,,0,0.0,0,0.0,0.0,,0,0.0,0,0.0,0.0,,0,0.0
prebreak,000895,2018-01-24,S,S,A,C,S,S,A,18.1111,18.89,18.0,0.89,,0,0.0,0.0,,0,0.0,0,0.0,0.0,,0,0.0,0,0.0,0.0,,0,0.0
prebreak,002672,2018-01-24,S,S,A,C,S,S,A,14.8801,15.1,14.44,0.66,,0,0.0,0.0,,0,0.0,0,0.0,0.0,,0,0.0,0,0.0,0.0,,0,0.0
prebreak,600201,2018-01-25,S,S,A,C,S,S,A,22.0777,22.38,21.26,1.12,,0,0.0,0.0,,0,0.0,0,0.0,0.0,,0,0.0,0,0.0,0.0,,0,0.0
prebreak,601336,2018-01-25,S,S,A,C,S,S,A,44.8765,49.45,47.19,2.26,,0,0.0,0.0,,0,0.0,0,0.0,0.0,,0,0.0,0,0.0,0.0,,0,0.0
prebreak,603393,2018-01-25,S,S,A,C,S,S,A,13.0235,13.43,12.81,0.62,,0,0.0,0.0,,0,0.0,0,0.0,0.0,,0,0.0,1,13.43,13.43,2018-06-15,1,-0.0165
prebreak,603989,2018-01-25,S,S,A,C,S,S,A,25.3982,26.1,24.84,1.26,,0,0.0,0.0,,0,0.0,0,0.0,0.0,,0,0.0,0,0.0,0.0,,0,0.0
prebreak,600660,2018-01-26,S,S,A,C,S,S,A,21.0862,22.23,21.22,1.01,,0,0.0,0.0,,0,0.0,0,0.0,0.0,,0,0.0,0,0.0,0.0,,0,0.0
prebreak,002311,2018-01-30,S,S,A,C,S,S,A,20.5491,20.46,19.38,1.08,,0,0.0,0.0,,0,0.0,0,0.0,0.0,,0,0.0,0,0.0,0.0,,0,0.0
prebreak,002690,2018-01-30,S,S,A,C,S,S,A,10.7111,10.78,10.24,0.54,,0,0.0,0.0,,0,0.0,0,0.0,0.0,,0,0.0,0,0.0,0.0,,0,0.0
prebreak,002695,2018-01-30,S,S,A,C,S,S,A,15.3885,16.07,15.35,0.72,,0,0.0,0.0,,0,0.0,0,0.0,0.0,,0,0.0,1,16.07,15.35,2018-03-07,1,-1.0163
prebreak,600563,2018-01-30,S,S,A,C,S,S,A,36.3964,39.89,37.88,2.01,,0,0.0,0.0,,0,0.0,0,0.0,0.0,,0,0.0,0,0.0,0.0,,0,0.0
prebreak,603108,2018-01-30,S,S,A,C,S,S,A,13.4323,12.49,11.91,0.58,,1,12.49,11.91,2018-02-06,1,-1.0157,1,12.49,11.91,2018-02-06,1,-1.0157,1,12.49,11.91,2018-02-06,1,-1.0157
prebreak,300498,2018-02-02,S,S,A,C,S,S,A,17.0224,19.16,18.39,0.77,,0,0.0,0.0,,0,0.0,0,0.0,0.0,,0,0.0,0,0.0,0.0,,0,0.0
prebreak,600633,2018-02-02,S,S,A,C,S,S,A,12.3659,13.6,12.9,0.7,,0,0.0,0.0,,0,0.0,0,0.0,0.0,,0,0.0,0,0.0,0.0,,0,0.0
prebreak,600660,2018-02-02,S,S,A,C,S,S,A,20.4344,22.23,21.22,1.01,,0,0.0,0.0,,0,0.0,0,0.0,0.0,,0,0.0,0,0.0,0.0,,0,0.0
prebreak,000553,2018-02-05,S,S,A,C,S,S,A,14.7085,16.58,15.75,0.83,,0,0.0,0.0,,0,0.0,0,0.0,0.0,,0,0.0,0,0.0,0.0,,0,0.0
prebreak,000989,2018-02-05,S,S,A,C,S,S,A,13.7649,13.9,13.23,0.67,,0,0.0,0.0,,0,0.0,0,0.0,0.0,,0,0.0,0,0.0,0.0,,0,0.0
prebreak,002572,2018-02-05,S,S,A,C,S,S,A,25.6824,27.68,26.26,1.42,,0,0.0,0.0,,0,0.0,0,0.0,0.0,,0,0.0,0,0.0,0.0,,0,0.0
prebreak,002727,2018-02-05,S,S,A,C,S,S,A,18.788,19.03,18.23,0.8,,0,0.0,0.0,,0,0.0,0,0.0,0.0,,0,0.0,0,0.0,0.0,,0,0.0
prebreak,600315,2018-02-05,S,S,A,C,S,S,A,30.8484,32.96,31.34,1.62,,0,0.0,0.0,,0,0.0,0,0.0,0.0,,0,0.0,0,0.0,0.0,,0,0.0
prebreak,600597,2018-02-05,S,S,A,C,S,S,A,12.4626,14.0,13.26,0.74,,0,0.0,0.0,,0,0.0,0,0.0,0.0,,0,0.0,0,0.0,0.0,,0,0.0
prebreak,000895,2018-02-07,S,S,A,C,S,S,A,16.3621,18.09,17.17,0.92,,0,0.0,0.0,,0,0.0,0,0.0,0.0,,0,0.0,0,0.0,0.0,,0,0.0
prebreak,002508,2018-02-07,S,S,A,C,S,S,A,36.285,41.8,39.8,2.0,,0,0.0,0.0,,0,0.0,0,0.0,0.0,,0,0.0,0,0.0,0.0,,0,0.0
prebreak,600511,2018-02-07,S,S,A,C,S,S,A,22.7046,23.9,22.94,0.96,,0,0.0,0.0,,0,0.0,0,0.0,0.0,,0,0.0,0,0.0,0.0,,0,0.0
prebreak,601628,2018-02-07,S,S,A,C,S,S,A,26.1378,26.29,25.16,1.13,,0,0.0,0.0,,0,0.0,0,0.0,0.0,,0,0.0,0,0.0,0.0,,0,0.0
prebreak,000402,2018-02-08,S,S,A,C,S,S,A,9.1183,10.2,9.7,0.5,,0,0.0,0.0,,0,0.0,0,0.0,0.0,,0,0.0,0,0.0,0.0,,0,0.0
prebreak,002136,2018-02-08,S,S,A,C,S,S,A,14.2461,13.5,12.85,0.65,,1,13.5,14.9686,2018-02-22,0,2.2422,1,13.5,14.9038,2018-03-01,0,2.1425,1,13.5,13.5,2018-03-23,1,-0.0158
prebreak,600276,2018-02-08,S,S,A,C,S,S,A,29.8812,33.36,31.77,1.59,,0,0.0,0.0,,0,0.0,0,0.0,0.0,,0,0.0,0,0.0,0.0,,0,0.0
prebreak,002572,2018-02-12,S,S,A,C,S,S,A,25.2068,27.68,26.26,1.42,,0,0.0,0.0,,0,0.0,0,0.0,0.0,,0,0.0,0,0.0,0.0,,0,0.0
prebreak,002727,2018-02-12,S,S,A,C,S,S,A,18.91,19.03,18.23,0.8,,1,19.03,20.2084,2018-02-26,0,1.454,1,19.03,21.3413,2018-03-05,0,2.8692,1,19.03,22.05,2018-03-26,1,3.7545
prebreak,000776,2018-02-13,S,S,A,C,S,S,A,12.8738,15.2,14.43,0.77,,0,0.0,0.0,,0,0.0,0,0.0,0.0,,0,0.0,0,0.0,0.0,,0,0.0
prebreak,000895,2018-02-14,S,S,A,C,S,S,A,16.9831,18.09,17.17,0.92,,0,0.0,0.0,,0,0.0,0,0.0,0.0,,0,0.0,0,0.0,0.0,,0,0.0
prebreak,600511,2018-02-14,S,S,A,C,S,S,A,23.7423,22.58,21.45,1.13,,0,0.0,0.0,,0,0.0,0,0.0,0.0,,0,0.0,0,0.0,0.0,,0,0.0
prebreak,601628,2018-02-14,S,S,A,C,S,S,A,22.5673,27.36,26.3,1.06,,0,0.0,0.0,,0,0.0,0,0.0,0.0,,0,0.0,0,0.0,0.0,,0,0.0
prebreak,002136,2018-02-22,S,S,A,C,S,S,A,14.9686,13.5,12.85,0.65,,0,0.0,0.0,,0,0.0,0,0.0,0.0,,0,0.0,0,0.0,0.0,,0,0.0
prebreak,300070,2018-02-22,S,S,A,C,S,S,A,14.7297,16.36,15.66,0.7,,0,0.0,0.0,,0,0.0,0,0.0,0.0,,0,0.0,0,0.0,0.0,,0,0.0
prebreak,600138,2018-02-22,S,S,A,C,S,S,A,22.1572,22.99,22.11,0.88,,0,0.0,0.0,,0,0.0,0,0.0,0.0,,0,0.0,0,0.0,0.0,,0,0.0
prebreak,002491,2018-02-23,S,S,A,C,S,S,A,12.0348,12.13,11.5,0.63,,1,12.13,13.528,2018-03-02,0,2.203,1,12.13,14.0324,2018-03-09,0,3.0031,1,12.13,13.8148,2018-03-26,0,2.658
prebreak,300036,2018-02-23,S,S,A,C,S,S,A,13.5164,13.76,13.11,0.65,,0,0.0,0.0,,0,0.0,0,0.0,0.0,,0,0.0,0,0.0,0.0,,0,0.0
prebreak,600660,2018-02-23,S,S,A,C,S,S,A,20.4268,20.66,19.89,0.77,,0,0.0,0.0,,0,0.0,0,0.0,0.0,,0,0.0,0,0.0,0.0,,0,0.0
prebreak,002572,2018-02-26,S,S,A,C,S,S,A,27.3293,27.68,26.26,1.42,,0,0.0,0.0,,0,0.0,0,0.0,0.0,,0,0.0,0,0.0,0.0,,0,0.0
prebreak,000860,2018-02-27,S,S,A,C,S,S,A,14.597,15.57,14.92,0.65,,0,0.0,0.0,,0,0.0,0,0.0,0.0,,0,0.0,0,0.0,0.0,,0,0.0
prebreak,002737,2018-02-27,S,S,A,C,S,S,A,12.8388,11.0,10.46,0.54,,1,11.0,13.0564,2018-03-06,0,3.7903,1,11.0,13.3267,2018-03-13,0,4.2905,1,11.0,13.08,2018-03-23,1,3.8339
prebreak,000895,2018-02-28,S,S,A,C,S,S,A,17.1796,18.09,17.17,0.92,,0,0.0,0.0,,0,0.0,0,0.0,0.0,,0,0.0,0,0.0,0.0,,0,0.0
prebreak,300408,2018-02-28,S,S,A,C,S,S,A,21.2523,20.44,19.42,1.02,,0,0.0,0.0,,0,0.0,0,0.0,0.0,,0,0.0,0,0.0,0.0,,0,0.0
prebreak,601628,2018-02-28,S,S,A,C,S,S,A,23.1093,24.08,22.95,1.13,,0,0.0,0.0,,0,0.0,0,0.0,0.0,,0,0.0,0,0.0,0.0,,0,0.0
prebreak,002136,2018-03-01,S,S,A,C,S,S,A,14.9038,13.5,12.85,0.65,,0,0.0,0.0,,0,0.0,0,0.0,0.0,,0,0.0,0,0.0,0.0,,0,0.0
prebreak,002262,2018-03-02,S,S,A,C,S,S,A,12.4484,12.58,11.91,0.67,,0,0.0,0.0,,0,0.0,0,0.0,0.0,,0,0.0,0,0.0,0.0,,0,0.0
prebreak,600660,2018-03-02,S,S,A,C,S,S,A,19.7067,20.66,19.89,0.77,,0,0.0,0.0,,0,0.0,0,0.0,0.0,,0,0.0,0,0.0,0.0,,0,0.0
prebreak,000538,2018-03-05,S,S,A,C,S,S,A,52.2581,52.58,49.87,2.71,,0,0.0,0.0,,0,0.0,0,0.0,0.0,,0,0.0,0,0.0,0.0,,0,0.0
prebreak,002572,2018-03-05,S,S,A,C,S,S,A,25.4411,27.68,26.26,1.42,,0,0.0,0.0,,0,0.0,0,0.0,0.0,,0,0.0,0,0.0,0.0,,0,0.0
prebreak,600062,2018-03-05,S,S,A,C,S,S,A,14.8448,15.5,14.74,0.76,,0,0.0,0.0,,0,0.0,0,0.0,0.0,,0,0.0,0,0.0,0.0,,0,0.0
prebreak,600597,2018-03-05,S,S,A,C,S,S,A,11.4853,12.1,11.56,0.54,,1,12.1,12.2833,2018-03-12,0,0.3221,1,12.1,12.4178,2018-03-19,0,0.571,1,12.1,11.56,2018-03-23,1,-1.0164
prebreak,600118,2018-03-06,S,S,A,C,S,S,A,21.2218,21.48,20.34,1.14,,1,21.48,21.3095,2018-03-13,0,-0.1638,1,21.48,20.9487,2018-03-14,0,-0.4801,1,21.48,20.9487,2018-03-14,0,-0.4801
prebreak,600528,2018-03-06,S,S,A,C,S,S,A,10.7214,11.49,10.9,0.59,,0,0.0,0.0,,0,0.0,0,0.0,0.0,,0,0.0,0,0.0,0.0,,0,0.0
prebreak,002262,2018-03-09,S,S,A,C,S,S,A,12.8764,12.55,11.91,0.64,,0,0.0,0.0,,0,0.0,0,0.0,0.0,,0,0.0,0,0.0,0.0,,0,0.0
prebreak,603188,2018-03-09,S,S,A,C,S,S,A,14.1849,14.43,13.86,0.57,,0,0.0,0.0,,0,0.0,0,0.0,0.0,,0,0.0,0,0.0,0.0,,0,0.0
prebreak,000752,2018-03-12,S,S,A,C,S,S,A,14.3436,13.67,12.97,0.7,,0,0.0,0.0,,0,0.0,0,0.0,0.0,,0,0.0,0,0.0,0.0,,0,0.0
prebreak,600062,2018-03-12,S,S,A,C,S,S,A,16.254,15.5,14.74,0.76,,0,0.0,0.0,,0,0.0,0,0.0,0.0,,0,0.0,0,0.0,0.0,,0,0.0
prebreak,002136,2018-03-15,S,S,A,C,S,S,A,14.8575,14.64,13.86,0.78,,0,0.0,0.0,,0,0.0,0,0.0,0.0,,0,0.0,0,0.0,0.0,,0,0.0
prebreak,002543,2018-03-15,S,S,A,C,S,S,A,10.1419,10.15,9.63,0.52,,0,0.0,0.0,,0,0.0,0,0.0,0.0,,0,0.0,0,0.0,0.0,,0,0.0
prebreak,000553,2018-03-19,S,S,A,C,S,S,A,14.0133,14.49,13.91,0.58,,0,0.0,0.0,,0,0.0,0,0.0,0.0,,0,0.0,1,14.49,13.91,2018-04-23,1,-1.0184
prebreak,300463,2018-03-19,S,S,A,C,S,S,A,21.2393,21.37,20.3,1.07,,1,21.37,21.4493,2018-03-22,0,0.0589,1,21.37,21.4493,2018-03-22,0,0.0589,1,21.37,21.4493,2018-03-22,0,0.0589
prebreak,600729,2018-03-19,S,S,A,C,S,S,A,16.6288,16.26,15.5,0.76,,1,16.26,18.9275,2018-04-11,0,3.4914,1,16.26,18.5485,2018-04-18,0,2.993,1,16.26,21.57,2018-06-11,1,6.9662
prebreak,002672,2018-03-21,S,S,A,C,S,S,A,14.0634,14.4,13.72,0.68,,0,0.0,0.0,,0,0.0,0,0.0,0.0,,0,0.0,0,0.0,0.0,,0,0.0
prebreak,600511,2018-03-21,S,S,A,C,S,S,A,25.134,24.83,23.73,1.1,,0,0.0,0.0,,0,0.0,0,0.0,0.0,,0,0.0,0,0.0,0.0,,0,0.0
prebreak,002094,2018-03-22,S,S,A,C,S,S,A,12.516,12.8,12.27,0.53,,0,0.0,0.0,,0,0.0,0,0.0,0.0,,0,0.0,0,0.0,0.0,,0,0.0
prebreak,002223,2018-03-26,S,S,A,C,S,S,A,20.1292,20.17,19.2,0.97,,1,20.17,20.9361,2018-04-02,0,0.7735,1,20.17,20.4416,2018-04-11,0,0.264,1,20.17,20.17,2018-04-09,1,-0.0158
prebreak,002602,2018-03-26,S,S,A,C,S,S,A,10.2548,10.9,10.38,0.52,,1,10.9,11.0068,2018-04-02,0,0.1893,1,10.9,10.8621,2018-04-11,0,-0.0887,1,10.9,10.9,2018-04-18,1,-0.0159
prebreak,600062,2018-03-26,S,S,A,C,S,S,A,16.4114,16.52,15.67,0.85,,1,16.52,16.042,2018-03-29,0,-0.5768,1,16.52,16.042,2018-03-29,0,-0.5768,1,16.52,16.042,2018-03-29,0,-0.5768
prebreak,002242,2018-03-27,S,S,A,C,S,S,A,12.5784,13.16,12.53,0.63,,1,13.16,13.0912,2018-04-03,0,-0.125,1,13.16,12.53,2018-04-12,1,-1.0152,1,13.16,12.53,2018-04-12,1,-1.0152
prebreak,002311,2018-03-27,S,S,A,C,S,S,A,22.2616,21.04,20.18,0.86,,0,0.0,0.0,,0,0.0,0,0.0,0.0,,0,0.0,0,0.0,0.0,,0,0.0
prebreak,300024,2018-03-27,S,S,A,C,S,S,A,18.6681,19.57,18.53,1.04,,1,19.57,21.6997,2018-04-03,0,2.0322,1,19.57,20.5928,2018-04-12,0,0.9685,1,19.57,19.57,2018-04-20,1,-0.0143
prebreak,603368,2018-03-27,S,S,A,C,S,S,A,19.2206,19.4,18.42,0.98,,0,0.0,0.0,,0,0.0,0,0.0,0.0,,0,0.0,0,0.0,0.0,,0,0.0
prebreak,600511,2018-03-28,S,S,A,C,S,S,A,24.4423,24.83,23.73,1.1,,0,0.0,0.0,,0,0.0,0,0.0,0.0,,0,0.0,0,0.0,0.0,,0,0.0
prebreak,002094,2018-03-29,S,S,A,C,S,S,A,12.1357,12.8,12.27,0.53,,0,0.0,0.0,,0,0.0,0,0.0,0.0,,0,0.0,0,0.0,0.0,,0,0.0
prebreak,002007,2018-03-30,S,S,A,C,S,S,A,13.1778,12.59,11.94,0.65,,0,0.0,0.0,,0,0.0,0,0.0,0.0,,0,0.0,0,0.0,0.0,,0,0.0
prebreak,002223,2018-04-02,S,S,A,C,S,S,A,20.9361,20.17,19.2,0.97,,0,0.0,0.0,,0,0.0,0,0.0,0.0,,0,0.0,0,0.0,0.0,,0,0.0
prebreak,002602,2018-04-02,S,S,A,C,S,S,A,11.0068,10.9,10.38,0.52,,0,0.0,0.0,,0,0.0,0,0.0,0.0,,0,0.0,0,0.0,0.0,,0,0.0
prebreak,600009,2018-04-02,S,S,A,C,S,S,A,46.351,47.91,45.79,2.12,,0,0.0,0.0,,0,0.0,0,0.0,0.0,,0,0.0,0,0.0,0.0,,0,0.0
prebreak,601966,2018-04-02,S,S,A,C,S,S,A,15.1083,15.58,15.03,0.55,,0,0.0,0.0,,0,0.0,0,0.0,0.0,,0,0.0,0,0.0,0.0,,0,0.0
prebreak,000999,2018-04-04,S,S,A,C,S,S,A,13.1259,13.51,12.95,0.56,,0,0.0,0.0,,0,0.0,0,0.0,0.0,,0,0.0,1,13.51,13.51,2018-05-30,1,-0.0183
prebreak,600482,2018-04-04,S,S,A,C,S,S,A,24.373,23.67,22.68,0.99,,1,23.67,24.0204,2018-04-13,0,0.3356,1,23.67,24.5635,2018-04-20,0,0.8838,1,23.67,22.68,2018-05-02,1,-1.0175
prebreak,300439,2018-04-09,S,S,A,C,S,S,A,19.2651,17.93,17.07,0.86,,1,17.93,20.3246,2018-04-12,0,2.7668,1,17.93,20.3246,2018-04-12,0,2.7668,1,17.93,20.3246,2018-04-12,0,2.7668
prebreak,600138,2018-04-09,S,S,A,C,S,S,A,23.2137,22.99,21.86,1.13,,0,0.0,0.0,,0,0.0,0,0.0,0.0,,0,0.0,0,0.0,0.0,,0,0.0
prebreak,002007,2018-04-10,S,S,A,C,S,S,A,13.3224,13.52,12.81,0.71,,0,0.0,0.0,,0,0.0,0,0.0,0.0,,0,0.0,0,0.0,0.0,,0,0.0
prebreak,300583,2018-04-10,S,S,A,C,S,S,A,26.2153,23.83,22.7,1.13,,1,23.83,26.269,2018-04-17,0,2.141,1,23.83,24.3952,2018-04-24,0,0.4838,1,23.83,23.83,2018-04-23,1,-0.016
prebreak,300294,2018-04-11,S,S,A,C,S,S,A,33.1241,33.29,31.65,1.64,,0,0.0,0.0,,0,0.0,0,0.0,0.0,,0,0.0,0,0.0,0.0,,0,0.0
prebreak,000623,2018-04-12,S,S,A,C,S,S,A,17.1136,17.47,16.75,0.72,,0,0.0,0.0,,0,0.0,0,0.0,0.0,,0,0.0,0,0.0,0.0,,0,0.0
prebreak,000999,2018-04-13,S,S,A,C,S,S,A,12.7613,13.39,12.73,0.66,,0,0.0,0.0,,0,0.0,0,0.0,0.0,,0,0.0,1,13.39,13.39,2018-05-30,1,-0.0154
prebreak,600482,2018-04-13,S,S,A,C,S,S,A,24.0204,23.67,22.68,0.99,,0,0.0,0.0,,0,0.0,0,0.0,0.0,,0,0.0,0,0.0,0.0,,0,0.0
prebreak,000028,2018-04-16,S,S,A,C,S,S,A,34.3739,36.43,34.5,1.93,,0,0.0,0.0,,0,0.0,0,0.0,0.0,,0,0.0,0,0.0,0.0,,0,0.0
prebreak,600138,2018-04-16,S,S,A,C,S,S,A,21.9459,22.99,21.86,1.13,,0,0.0,0.0,,0,0.0,0,0.0,0.0,,0,0.0,0,0.0,0.0,,0,0.0
prebreak,000538,2018-04-18,S,S,A,C,S,S,A,50.396,54.08,51.29,2.79,,0,0.0,0.0,,0,0.0,0,0.0,0.0,,0,0.0,0,0.0,0.0,,0,0.0
prebreak,601966,2018-04-18,S,S,A,C,S,S,A,14.5039,15.53,14.9,0.63,,0,0.0,0.0,,0,0.0,0,0.0,0.0,,0,0.0,0,0.0,0.0,,0,0.0
prebreak,000623,2018-04-19,S,S,A,C,S,S,A,16.7346,17.33,16.47,0.86,,0,0.0,0.0,,0,0.0,0,0.0,0.0,,0,0.0,0,0.0,0.0,,0,0.0
prebreak,002690,2018-04-19,S,S,A,C,S,S,A,12.039,11.63,11.08,0.55,,0,0.0,0.0,,0,0.0,0,0.0,0.0,,0,0.0,0,0.0,0.0,,0,0.0
prebreak,600872,2018-04-19,S,S,A,C,S,S,A,21.4638,23.15,22.01,1.14,,0,0.0,0.0,,0,0.0,0,0.0,0.0,,0,0.0,0,0.0,0.0,,0,0.0
prebreak,000028,2018-04-23,S,S,A,C,S,S,A,32.4105,35.11,33.83,1.28,,0,0.0,0.0,,0,0.0,0,0.0,0.0,,0,0.0,0,0.0,0.0,,0,0.0
prebreak,600276,2018-04-23,S,S,A,C,S,S,A,36.4447,36.3,34.45,1.85,,0,0.0,0.0,,0,0.0,0,0.0,0.0,,0,0.0,0,0.0,0.0,,0,0.0
prebreak,000423,2018-04-24,S,S,A,C,S,S,A,47.3433,47.93,46.1,1.83,,0,0.0,0.0,,0,0.0,0,0.0,0.0,,0,0.0,0,0.0,0.0,,0,0.0
prebreak,000895,2018-04-27,S,S,A,C,S,S,A,16.5393,16.85,15.97,0.88,,0,0.0,0.0,,0,0.0,0,0.0,0.0,,0,0.0,0,0.0,0.0,,0,0.0
prebreak,000999,2018-04-27,S,S,A,C,S,S,A,12.5425,12.68,12.16,0.52,,1,12.68,13.5731,2018-05-08,0,1.6979,1,12.68,13.8454,2018-05-15,0,2.2211,1,12.68,13.8065,2018-06-01,0,2.1464
prebreak,600060,2018-04-27,S,S,A,C,S,S,A,10.8113,12.37,11.86,0.51,,0,0.0,0.0,,0,0.0,0,0.0,0.0,,0,0.0,0,0.0,0.0,,0,0.0
prebreak,600482,2018-04-27,S,S,A,C,S,S,A,23.2486,24.83,23.58,1.25,,0,0.0,0.0,,0,0.0,0,0.0,0.0,,0,0.0,0,0.0,0.0,,0,0.0
prebreak,600138,2018-05-02,S,S,A,C,S,S,A,20.0443,20.46,19.4,1.06,,0,0.0,0.0,,0,0.0,0,0.0,0.0,,0,0.0,0,0.0,0.0,,0,0.0
prebreak,000423,2018-05-03,S,S,A,C,S,S,A,41.1767,47.46,45.75,1.71,,0,0.0,0.0,,0,0.0,0,0.0,0.0,,0,0.0,1,47.46,47.1933,2018-06-04,0,-0.177
prebreak,002007,2018-05-03,S,S,A,C,S,S,A,12.7965,13.52,12.81,0.71,,0,0.0,0.0,,0,0.0,0,0.0,0.0,,0,0.0,0,0.0,0.0,,0,0.0
prebreak,603816,2018-05-04,S,S,A,C,S,S,A,28.7483,26.04,25.05,0.99,,0,0.0,0.0,,0,0.0,0,0.0,0.0,,0,0.0,0,0.0,0.0,,0,0.0
prebreak,002242,2018-05-07,S,S,A,C,S,S,A,12.7396,12.78,12.18,0.6,,1,12.78,12.7615,2018-05-10,0,-0.047,1,12.78,12.7615,2018-05-10,0,-0.047,1,12.78,12.7615,2018-05-10,0,-0.047
prebreak,002690,2018-05-07,S,S,A,C,S,S,A,12.753,11.63,11.08,0.55,,1,11.63,12.4521,2018-05-14,0,1.4777,1,11.63,12.577,2018-05-21,0,1.7047,1,11.63,13.544,2018-06-22,0,3.4617
prebreak,600872,2018-05-07,S,S,A,C,S,S,A,22.9615,22.14,21.09,1.05,,0,0.0,0.0,,0,0.0,0,0.0,0.0,,0,0.0,0,0.0,0.0,,0,0.0
prebreak,601788,2018-05-07,S,S,A,C,S,S,A,11.7531,11.78,11.16,0.62,,0,0.0,0.0,,0,0.0,0,0.0,0.0,,0,0.0,0,0.0,0.0,,0,0.0
prebreak,000895,2018-05-08,S,S,A,C,S,S,A,16.8633,16.85,15.97,0.88,,0,0.0,0.0,,0,0.0,0,0.0,0.0,,0,0.0,0,0.0,0.0,,0,0.0
prebreak,000999,2018-05-08,S,S,A,C,S,S,A,13.5731,12.68,12.16,0.52,,0,0.0,0.0,,0,0.0,0,0.0,0.0,,0,0.0,0,0.0,0.0,,0,0.0
prebreak,002672,2018-05-08,S,S,A,C,S,S,A,14.514,13.88,13.15,0.73,,1,13.88,14.4577,2018-05-11,0,0.7764,1,13.88,14.4577,2018-05-11,0,0.7764,1,13.88,14.4577,2018-05-11,0,0.7764
prebreak,600060,2018-05-08,S,S,A,C,S,S,A,11.1506,12.37,11.86,0.51,,0,0.0,0.0,,0,0.0,0,0.0,0.0,,0,0.0,0,0.0,0.0,,0,0.0
prebreak,600482,2018-05-08,S,S,A,C,S,S,A,23.1819,23.33,22.45,0.88,,0,0.0,0.0,,0,0.0,0,0.0,0.0,,0,0.0,0,0.0,0.0,,0,0.0
prebreak,300144,2018-05-09,S,S,A,C,S,S,A,10.5752,10.65,10.1,0.55,,0,0.0,0.0,,0,0.0,0,0.0,0.0,,0,0.0,0,0.0,0.0,,0,0.0
prebreak,600138,2018-05-09,S,S,A,C,S,S,A,20.6589,20.46,19.38,1.08,,0,0.0,0.0,,0,0.0,0,0.0,0.0,,0,0.0,0,0.0,0.0,,0,0.0
prebreak,000423,2018-05-10,S,S,A,C,S,S,A,44.256,47.46,45.75,1.71,,0,0.0,0.0,,0,0.0,0,0.0,0.0,,0,0.0,1,47.46,47.1933,2018-06-04,0,-0.177
prebreak,000999,2018-05-15,S,S,A,C,S,S,A,13.8454,13.96,13.34,0.62,,1,13.96,14.103,2018-05-22,0,0.2134,1,13.96,13.5488,2018-05-29,0,-0.6799,1,13.96,13.34,2018-05-30,1,-1.0165
prebreak,002672,2018-05-15,S,S,A,C,S,S,A,15.0867,13.88,13.15,0.73,,1,13.88,15.4622,2018-05-22,0,2.1516,1,13.88,14.8989,2018-05-29,0,1.3804,1,13.88,15.021,2018-06-19,0,1.5475
prebreak,600060,2018-05-15,S,S,A,C,S,S,A,11.4334,11.61,11.02,0.59,,0,0.0,0.0,,0,0.0,0,0.0,0.0,,0,0.0,0,0.0,0.0,,0,0.0
prebreak,600138,2018-05-16,S,S,A,C,S,S,A,21.1296,21.48,20.42,1.06,,0,0.0,0.0,,0,0.0,0,0.0,0.0,,0,0.0,1,21.48,21.5137,2018-06-04,0,0.0164
prebreak,000423,2018-05-17,S,S,A,C,S,S,A,44.5719,45.77,43.35,2.42,,0,0.0,0.0,,0,0.0,0,0.0,0.0,,0,0.0,0,0.0,0.0,,0,0.0
prebreak,002310,2018-05-17,S,S,A,C,S,S,A,18.9063,19.27,18.54,0.73,,0,0.0,0.0,,0,0.0,0,0.0,0.0,,0,0.0,0,0.0,0.0,,0,0.0
prebreak,002719,2018-05-18,S,S,A,C,S,S,A,18.929,18.77,17.85,0.92,,0,0.0,0.0,,0,0.0,0,0.0,0.0,,0,0.0,0,0.0,0.0,,0,0.0
prebreak,600060,2018-05-22,S,S,A,C,S,S,A,11.8213,11.74,11.2,0.54,,0,0.0,0.0,,0,0.0,0,0.0,0.0,,0,0.0,0,0.0,0.0,,0,0.0
prebreak,000423,2018-05-24,S,S,A,C,S,S,A,44.8403,45.07,43.16,1.91,,0,0.0,0.0,,0,0.0,0,0.0,0.0,,0,0.0,0,0.0,0.0,,0,0.0
prebreak,600066,2018-05-24,S,S,A,C,S,S,A,13.1099,13.46,12.83,0.63,,0,0.0,0.0,,0,0.0,1,13.46,13.3997,2018-06-06,0,-0.112,1,13.46,13.3997,2018-06-06,0,-0.112
prebreak,002142,2018-05-28,S,S,A,C,S,S,A,13.4388,14.32,13.62,0.7,,0,0.0,0.0,,0,0.0,0,0.0,0.0,,0,0.0,0,0.0,0.0,,0,0.0
prebreak,600036,2018-05-28,S,S,A,C,S,S,A,20.0078,21.57,20.46,1.11,,0,0.0,0.0,,0,0.0,0,0.0,0.0,,0,0.0,0,0.0,0.0,,0,0.0
prebreak,000423,2018-05-31,S,S,A,C,S,S,A,47.3907,45.07,43.16,1.91,,0,0.0,0.0,,0,0.0,0,0.0,0.0,,0,0.0,0,0.0,0.0,,0,0.0
prebreak,600066,2018-05-31,S,S,A,C,S,S,A,13.2669,13.33,12.78,0.55,,1,13.33,13.4057,2018-06-07,0,0.1191,1,13.33,12.953,2018-06-14,0,-0.7034,1,13.33,12.78,2018-06-19,1,-1.0178
prebreak,002142,2018-06-04,S,S,A,C,S,S,A,13.5476,13.78,13.18,0.6,,0,0.0,0.0,,0,0.0,0,0.0,0.0,,0,0.0,0,0.0,0.0,,0,0.0
prebreak,002186,2018-06-04,S,S,A,C,S,S,A,15.6076,15.29,14.67,0.62,,1,15.29,15.7425,2018-06-07,0,0.7107,1,15.29,15.7425,2018-06-07,0,0.7107,1,15.29,15.7425,2018-06-07,0,0.7107
prebreak,600036,2018-06-04,S,S,A,C,S,S,A,20.3204,20.38,19.61,0.77,,0,0.0,0.0,,0,0.0,0,0.0,0.0,,0,0.0,0,0.0,0.0,,0,0.0
prebreak,002275,2018-06-05,S,S,A,C,S,S,A,12.079,12.14,11.63,0.51,,0,0.0,0.0,,0,0.0,0,0.0,0.0,,0,0.0,0,0.0,0.0,,0,0.0
prebreak,002672,2018-06-05,S,S,A,C,S,S,A,15.7157,15.71,14.94,0.77,,0,0.0,0.0,,0,0.0,0,0.0,0.0,,0,0.0,0,0.0,0.0,,0,0.0
prebreak,000826,2018-06-06,S,S,A,C,S,S,A,19.6064,20.43,19.56,0.87,,0,0.0,0.0,,0,0.0,0,0.0,0.0,,0,0.0,0,0.0,0.0,,0,0.0
prebreak,600557,2018-06-06,S,S,A,C,S,S,A,12.7572,13.78,13.08,0.7,,0,0.0,0.0,,0,0.0,0,0.0,0.0,,0,0.0,0,0.0,0.0,,0,0.0
prebreak,600993,2018-06-11,S,S,A,C,S,S,A,16.3626,17.31,16.43,0.88,,0,0.0,0.0,,0,0.0,0,0.0,0.0,,0,0.0,0,0.0,0.0,,0,0.0
prebreak,000999,2018-06-12,S,S,A,C,S,S,A,14.5648,14.4,13.87,0.53,,0,0.0,0.0,,0,0.0,0,0.0,0.0,,0,0.0,0,0.0,0.0,,0,0.0
prebreak,603919,2018-06-12,S,S,A,C,S,S,A,12.7492,11.87,11.25,0.62,,0,0.0,0.0,,0,0.0,0,0.0,0.0,,0,0.0,0,0.0,0.0,,0,0.0
prebreak,600129,2018-06-14,S,S,A,C,S,S,A,16.0121,15.56,14.83,0.73,,0,0.0,0.0,,0,0.0,0,0.0,0.0,,0,0.0,0,0.0,0.0,,0,0.0
prebreak,000999,2018-06-20,S,S,A,C,S,S,A,13.7919,14.7,14.03,0.67,,0,0.0,0.0,,0,0.0,0,0.0,0.0,,0,0.0,0,0.0,0.0,,0,0.0
prebreak,002672,2018-06-20,S,S,A,C,S,S,A,15.9222,16.0,15.21,0.79,,0,0.0,0.0,,0,0.0,0,0.0,0.0,,0,0.0,0,0.0,0.0,,0,0.0
prebreak,600977,2018-06-22,S,S,A,C,S,S,A,14.6644,16.46,15.67,0.79,,0,0.0,0.0,,0,0.0,0,0.0,0.0,,0,0.0,0,0.0,0.0,,0,0.0
prebreak,002415,2018-06-25,S,S,A,C,S,S,A,30.3477,32.6,31.17,1.43,,0,0.0,0.0,,0,0.0,0,0.0,0.0,,0,0.0,0,0.0,0.0,,0,0.0
prebreak,002242,2018-06-26,S,S,A,C,S,S,A,13.3619,13.25,12.65,0.6,,0,0.0,0.0,,0,0.0,0,0.0,0.0,,0,0.0,0,0.0,0.0,,0,0.0
prebreak,000999,2018-06-27,S,S,A,C,S,S,A,13.5596,14.7,14.03,0.67,,0,0.0,0.0,,0,0.0,0,0.0,0.0,,0,0.0,0,0.0,0.0,,0,0.0
prebreak,600977,2018-06-29,S,S,A,C,S,S,A,14.8029,14.84,14.09,0.75,,0,0.0,0.0,,0,0.0,0,0.0,0.0,,0,0.0,0,0.0,0.0,,0,0.0
prebreak,601788,2018-07-03,S,S,A,C,S,S,A,9.8604,9.93,9.41,0.52,,0,0.0,0.0,,0,0.0,0,0.0,0.0,,0,0.0,0,0.0,0.0,,0,0.0
prebreak,300124,2018-07-06,S,S,A,C,S,S,A,19.4157,21.45,20.37,1.08,,0,0.0,0.0,,0,0.0,0,0.0,0.0,,0,0.0,0,0.0,0.0,,0,0.0
prebreak,600977,2018-07-06,S,S,A,C,S,S,A,14.203,14.84,14.09,0.75,,0,0.0,0.0,,0,0.0,0,0.0,0.0,,0,0.0,0,0.0,0.0,,0,0.0
prebreak,002415,2018-07-09,S,S,A,C,S,S,A,28.7124,31.35,29.73,1.62,,0,0.0,0.0,,0,0.0,0,0.0,0.0,,0,0.0,0,0.0,0.0,,0,0.0
prebreak,002424,2018-07-09,S,S,A,C,S,S,A,10.7186,11.17,10.6,0.57,,1,11.17,11.0281,2018-07-16,0,-0.2637,1,11.17,10.9314,2018-07-17,0,-0.4333,1,11.17,10.9314,2018-07-17,0,-0.4333
prebreak,300294,2018-07-09,S,S,A,C,S,S,A,31.2078,30.74,29.3,1.44,,0,0.0,0.0,,0,0.0,0,0.0,0.0,,0,0.0,0,0.0,0.0,,0,0.0
prebreak,000623,2018-07-10,S,S,A,C,S,S,A,14.7164,15.69,15.01,0.68,,0,0.0,0.0,,0,0.0,0,0.0,0.0,,0,0.0,0,0.0,0.0,,0,0.0
prebreak,600977,2018-07-13,S,S,A,C,S,S,A,14.3968,14.5,13.84,0.66,,0,0.0,0.0,,0,0.0,0,0.0,0.0,,0,0.0,0,0.0,0.0,,0,0.0
prebreak,002415,2018-07-16,S,S,A,C,S,S,A,30.1587,31.35,29.73,1.62,,0,0.0,0.0,,0,0.0,0,0.0,0.0,,0,0.0,0,0.0,0.0,,0,0.0
prebreak,600062,2018-07-16,S,S,A,C,S,S,A,16.8355,17.69,16.81,0.88,,0,0.0,0.0,,0,0.0,0,0.0,0.0,,0,0.0,0,0.0,0.0,,0,0.0
prebreak,000423,2018-07-20,S,S,A,C,S,S,A,42.132,43.06,41.05,2.01,,0,0.0,0.0,,0,0.0,0,0.0,0.0,,0,0.0,0,0.0,0.0,,0,0.0
prebreak,601607,2018-07-20,S,S,A,C,S,S,A,20.4539,20.75,19.79,0.96,,0,0.0,0.0,,0,0.0,0,0.0,0.0,,0,0.0,0,0.0,0.0,,0,0.0
prebreak,002415,2018-07-23,S,S,A,C,S,S,A,30.1915,30.56,29.01,1.55,,0,0.0,0.0,,0,0.0,0,0.0,0.0,,0,0.0,0,0.0,0.0,,0,0.0
prebreak,002358,2018-07-24,S,S,A,C,S,S,A,14.0746,14.25,13.6,0.65,,0,0.0,0.0,,0,0.0,0,0.0,0.0,,0,0.0,0,0.0,0.0,,0,0.0
prebreak,600511,2018-07-25,S,S,A,C,S,S,A,23.5788,23.28,22.12,1.16,,0,0.0,0.0,,0,0.0,0,0.0,0.0,,0,0.0,0,0.0,0.0,,0,0.0
prebreak,002242,2018-08-07,S,S,A,C,S,S,A,12.6204,13.88,13.16,0.72,,0,0.0,0.0,,0,0.0,0,0.0,0.0,,0,0.0,0,0.0,0.0,,0,0.0
prebreak,600104,2018-08-09,S,S,A,C,S,S,A,23.2218,25.58,24.41,1.17,,0,0.0,0.0,,0,0.0,0,0.0,0.0,,0,0.0,0,0.0,0.0,,0,0.0
prebreak,600323,2018-08-27,S,S,A,C,S,S,A,12.4621,12.54,11.91,0.63,,0,0.0,0.0,,0,0.0,0,0.0,0.0,,0,0.0,0,0.0,0.0,,0,0.0
prebreak,601966,2018-08-27,S,S,A,C,S,S,A,14.8114,13.86,13.28,0.58,,0,0.0,0.0,,0,0.0,0,0.0,0.0,,0,0.0,0,0.0,0.0,,0,0.0
prebreak,600036,2018-09-26,S,S,A,C,S,S,A,21.8439,20.59,19.54,1.05,,0,0.0,0.0,,0,0.0,0,0.0,0.0,,0,0.0,0,0.0,0.0,,0,0.0
prebreak,601688,2018-10-10,S,S,A,C,S,S,A,12.333,12.79,12.15,0.64,,0,0.0,0.0,,0,0.0,1,12.79,13.1345,2018-10-24,0,0.5227,1,12.79,14.4329,2018-12-06,0,2.5502
prebreak,601688,2018-10-24,S,S,A,C,S,S,A,13.1345,11.78,11.27,0.51,,1,11.78,12.8155,2018-10-29,0,2.0116,1,11.78,12.8155,2018-10-29,0,2.0116,1,11.78,12.8155,2018-10-29,0,2.0116
prebreak,601628,2018-10-25,S,S,A,C,S,S,A,20.4236,18.83,18.17,0.66,,1,18.83,19.129,2018-11-01,0,0.4311,1,18.83,19.4614,2018-11-08,0,0.9344,1,18.83,18.83,2018-11-23,1,-0.0217
prebreak,000028,2018-10-26,S,S,A,C,S,S,A,26.4305,27.8,26.55,1.25,,1,27.8,28.7211,2018-11-02,0,0.7195,1,27.8,27.591,2018-11-09,0,-0.184,1,27.8,26.55,2018-11-26,1,-1.0163
prebreak,600362,2018-10-26,S,S,A,C,S,S,A,11.2324,12.5,11.91,0.59,,0,0.0,0.0,,0,0.0,0,0.0,0.0,,0,0.0,0,0.0,0.0,,0,0.0
prebreak,600030,2018-10-30,S,S,A,C,S,S,A,13.8414,12.29,11.78,0.51,,0,0.0,0.0,,0,0.0,0,0.0,0.0,,0,0.0,0,0.0,0.0,,0,0.0
prebreak,000651,2018-11-01,S,S,A,C,S,S,A,24.8707,26.03,24.69,1.34,,0,0.0,0.0,,0,0.0,0,0.0,0.0,,0,0.0,0,0.0,0.0,,0,0.0
prebreak,300203,2018-11-01,S,S,A,C,S,S,A,22.6046,24.1,22.9,1.2,,0,0.0,0.0,,0,0.0,0,0.0,0.0,,0,0.0,0,0.0,0.0,,0,0.0
prebreak,600036,2018-11-07,S,S,A,C,S,S,A,21.2126,21.88,21.02,0.86,,0,0.0,0.0,,0,0.0,0,0.0,0.0,,0,0.0,0,0.0,0.0,,0,0.0
prebreak,000651,2018-11-08,S,S,A,C,S,S,A,25.1856,26.09,25.01,1.08,,0,0.0,0.0,,0,0.0,0,0.0,0.0,,0,0.0,0,0.0,0.0,,0,0.0
prebreak,600362,2018-11-09,S,S,A,C,S,S,A,11.309,11.81,11.29,0.52,,0,0.0,0.0,,0,0.0,0,0.0,0.0,,0,0.0,0,0.0,0.0,,0,0.0
prebreak,002352,2018-11-12,S,S,A,C,S,S,A,33.7412,35.54,33.88,1.66,,0,0.0,0.0,,0,0.0,0,0.0,0.0,,0,0.0,0,0.0,0.0,,0,0.0
prebreak,601601,2018-11-13,S,S,A,C,S,S,A,24.2577,25.75,24.44,1.31,,0,0.0,0.0,,0,0.0,0,0.0,0.0,,0,0.0,0,0.0,0.0,,0,0.0
prebreak,002142,2018-11-14,S,S,A,C,S,S,A,13.4201,13.63,12.96,0.67,,0,0.0,0.0,,0,0.0,0,0.0,0.0,,0,0.0,0,0.0,0.0,,0,0.0
prebreak,000651,2018-11-15,S,S,A,C,S,S,A,24.7615,25.56,24.26,1.3,,0,0.0,0.0,,0,0.0,0,0.0,0.0,,0,0.0,0,0.0,0.0,,0,0.0
prebreak,601628,2018-11-15,S,S,A,C,S,S,A,19.8463,19.89,18.85,1.04,,0,0.0,0.0,,0,0.0,0,0.0,0.0,,0,0.0,0,0.0,0.0,,0,0.0
prebreak,600362,2018-11-16,S,S,A,C,S,S,A,11.6493,11.75,11.22,0.53,,0,0.0,0.0,,0,0.0,0,0.0,0.0,,0,0.0,0,0.0,0.0,,0,0.0
prebreak,601336,2018-11-16,S,S,A,C,S,S,A,35.8922,36.44,34.61,1.83,,0,0.0,0.0,,0,0.0,0,0.0,0.0,,0,0.0,0,0.0,0.0,,0,0.0
prebreak,000651,2018-11-22,S,S,A,C,S,S,A,24.3952,25.11,24.05,1.06,,0,0.0,0.0,,0,0.0,0,0.0,0.0,,0,0.0,0,0.0,0.0,,0,0.0
prebreak,601628,2018-11-22,S,S,A,C,S,S,A,19.1553,20.04,19.04,1.0,,0,0.0,0.0,,0,0.0,0,0.0,0.0,,0,0.0,0,0.0,0.0,,0,0.0
prebreak,601088,2018-11-28,S,S,A,C,S,S,A,10.9416,11.7,11.14,0.56,,0,0.0,0.0,,0,0.0,0,0.0,0.0,,0,0.0,0,0.0,0.0,,0,0.0
prebreak,600362,2018-11-30,S,S,A,C,S,S,A,11.3005,11.61,11.04,0.57,,0,0.0,0.0,,0,0.0,0,0.0,0.0,,0,0.0,0,0.0,0.0,,0,0.0
prebreak,000651,2018-12-13,S,S,A,C,S,S,A,24.2924,23.81,22.86,0.95,,0,0.0,0.0,,0,0.0,0,0.0,0.0,,0,0.0,0,0.0,0.0,,0,0.0
prebreak,000999,2018-12-20,S,S,A,C,S,S,A,11.0345,12.27,11.77,0.5,,0,0.0,0.0,,0,0.0,0,0.0,0.0,,0,0.0,0,0.0,0.0,,0,0.0
prebreak,300498,2018-12-24,S,S,A,C,S,S,A,18.4963,18.39,17.41,0.98,,0,0.0,0.0,,0,0.0,0,0.0,0.0,,0,0.0,0,0.0,0.0,,0,0.0
prebreak,600036,2018-12-26,S,S,A,C,S,S,A,17.8266,20.89,19.94,0.95,,0,0.0,0.0,,0,0.0,0,0.0,0.0,,0,0.0,0,0.0,0.0,,0,0.0
prebreak,600900,2019-01-03,S,S,A,C,S,S,A,11.8083,12.06,11.45,0.61,,0,0.0,0.0,,0,0.0,0,0.0,0.0,,0,0.0,0,0.0,0.0,,0,0.0
prebreak,000999,2019-01-07,S,S,A,C,S,S,A,11.7807,12.41,11.85,0.56,,0,0.0,0.0,,0,0.0,0,0.0,0.0,,0,0.0,0,0.0,0.0,,0,0.0
prebreak,600660,2019-01-09,S,S,A,C,S,S,A,17.8445,18.11,17.38,0.73,,0,0.0,0.0,,0,0.0,0,0.0,0.0,,0,0.0,0,0.0,0.0,,0,0.0
prebreak,600036,2019-01-11,S,S,A,C,S,S,A,18.9816,18.44,17.46,0.98,,0,0.0,0.0,,0,0.0,0,0.0,0.0,,0,0.0,0,0.0,0.0,,0,0.0
prebreak,002373,2019-01-18,S,S,A,C,S,S,A,11.7073,11.87,11.25,0.62,,1,11.87,12.0992,2019-01-25,0,0.3548,1,11.87,12.5008,2019-02-01,0,1.0023,1,11.87,13.9,2019-02-27,1,3.2576
prebreak,002396,2019-01-18,S,S,A,C,S,S,A,12.7375,12.97,12.46,0.51,,0,0.0,0.0,,0,0.0,0,0.0,0.0,,0,0.0,0,0.0,0.0,,0,0.0
prebreak,600036,2019-01-18,S,S,A,C,S,S,A,19.4407,19.6,18.77,0.83,,0,0.0,0.0,,0,0.0,0,0.0,0.0,,0,0.0,0,0.0,0.0,,0,0.0
prebreak,000999,2019-01-21,S,S,A,C,S,S,A,11.3409,11.52,11.02,0.5,,0,0.0,0.0,,0,0.0,0,0.0,0.0,,0,0.0,1,11.52,13.53,2019-03-12,0,3.9999
prebreak,600118,2019-02-01,S,S,A,C,S,S,A,17.8124,18.04,17.21,0.83,,0,0.0,0.0,,0,0.0,0,0.0,0.0,,0,0.0,0,0.0,0.0,,0,0.0
prebreak,600150,2019-02-12,S,S,A,C,S,S,A,12.9702,13.08,12.4,0.68,,0,0.0,0.0,,0,0.0,0,0.0,0.0,,0,0.0,0,0.0,0.0,,0,0.0
prebreak,002151,2019-02-13,S,S,A,C,S,S,A,21.8948,21.84,20.77,1.07,,0,0.0,0.0,,0,0.0,0,0.0,0.0,,0,0.0,0,0.0,0.0,,0,0.0
prebreak,300498,2019-02-13,S,S,A,C,S,S,A,21.6073,20.01,19.32,0.69,,0,0.0,0.0,,0,0.0,0,0.0,0.0,,0,0.0,0,0.0,0.0,,0,0.0
prebreak,300457,2019-02-14,S,S,A,C,S,S,A,18.4792,18.06,17.17,0.89,,0,0.0,0.0,,0,0.0,0,0.0,0.0,,0,0.0,0,0.0,0.0,,0,0.0
prebreak,000776,2019-02-15,S,S,A,C,S,S,A,11.2674,11.42,10.87,0.55,,1,11.42,13.3309,2019-02-22,0,3.4564,1,11.42,13.8386,2019-03-01,0,4.3789,1,11.42,13.83,2019-02-27,1,4.3633
prebreak,600999,2019-02-18,S,S,A,C,S,S,A,10.971,10.24,9.73,0.51,,1,10.24,13.3047,2019-02-25,0,5.9902,1,10.24,12.4693,2019-03-04,0,4.3531,1,10.24,12.52,2019-02-27,1,4.4525
prebreak,600150,2019-02-19,S,S,A,C,S,S,A,13.0765,13.08,12.4,0.68,,1,13.08,13.9174,2019-02-26,0,1.216,1,13.08,16.1209,2019-03-05,0,4.4545,1,13.08,21.5816,2019-04-08,1,12.4798
prebreak,002151,2019-02-20,S,S,A,C,S,S,A,24.2902,21.84,20.77,1.07,,1,21.84,24.9237,2019-02-27,0,2.8646,1,21.84,25.765,2019-03-06,0,3.6504,1,21.84,25.54,2019-03-14,1,3.4403
prebreak,300498,2019-02-20,S,S,A,C,S,S,A,23.3184,20.01,19.32,0.69,,1,20.01,22.8234,2019-02-25,0,4.0528,1,20.01,22.8234,2019-02-25,0,4.0528,1,20.01,22.8234,2019-02-25,0,4.0528
prebreak,600104,2019-02-26,S,S,A,C,S,S,A,22.022,21.09,20.02,1.07,,0,0.0,0.0,,0,0.0,0,0.0,0.0,,0,0.0,0,0.0,0.0,,0,0.0
prebreak,600893,2019-02-28,S,S,A,C,S,S,A,24.5219,22.08,21.24,0.84,,0,0.0,0.0,,0,0.0,0,0.0,0.0,,0,0.0,0,0.0,0.0,,0,0.0
prebreak,300176,2019-03-05,S,S,A,C,S,S,A,42.4431,35.48,33.81,1.67,,1,35.48,39.7675,2019-03-08,0,2.5496,1,35.48,39.7675,2019-03-08,0,2.5496,1,35.48,39.7675,2019-03-08,0,2.5496
prebreak,600893,2019-03-07,S,S,A,C,S,S,A,25.0854,22.08,21.24,0.84,,0,0.0,0.0,,0,0.0,0,0.0,0.0,,0,0.0,0,0.0,0.0,,0,0.0
prebreak,600332,2019-03-20,S,S,A,C,S,S,A,32.6992,31.51,30.12,1.39,,0,0.0,0.0,,0,0.0,0,0.0,0.0,,0,0.0,0,0.0,0.0,,0,0.0
prebreak,300457,2019-03-21,S,S,A,C,S,S,A,17.2738,19.02,18.17,0.85,,0,0.0,0.0,,0,0.0,0,0.0,0.0,,0,0.0,0,0.0,0.0,,0,0.0
prebreak,600897,2019-03-22,S,S,A,C,S,S,A,14.4605,14.32,13.68,0.64,,0,0.0,0.0,,0,0.0,0,0.0,0.0,,0,0.0,0,0.0,0.0,,0,0.0
prebreak,600332,2019-03-27,S,S,A,C,S,S,A,32.24,31.51,30.12,1.39,,0,0.0,0.0,,0,0.0,0,0.0,0.0,,0,0.0,0,0.0,0.0,,0,0.0
prebreak,000623,2019-03-29,S,S,A,C,S,S,A,15.2698,15.89,15.11,0.78,,0,0.0,0.0,,0,0.0,0,0.0,0.0,,0,0.0,0,0.0,0.0,,0,0.0
prebreak,600897,2019-03-29,S,S,A,C,S,S,A,14.4424,14.5,13.9,0.6,,1,14.5,14.4244,2019-04-03,0,-0.1443,1,14.5,14.4244,2019-04-03,0,-0.1443,1,14.5,14.4244,2019-04-03,0,-0.1443
prebreak,600362,2019-04-02,S,S,A,C,S,S,A,14.083,13.42,12.81,0.61,,0,0.0,0.0,,0,0.0,0,0.0,0.0,,0,0.0,0,0.0,0.0,,0,0.0
prebreak,600332,2019-04-03,S,S,A,C,S,S,A,32.8662,32.8,31.39,1.41,,0,0.0,0.0,,0,0.0,0,0.0,0.0,,0,0.0,0,0.0,0.0,,0,0.0
prebreak,600893,2019-04-04,S,S,A,C,S,S,A,26.3582,25.99,24.63,1.36,,0,0.0,0.0,,0,0.0,0,0.0,0.0,,0,0.0,0,0.0,0.0,,0,0.0
prebreak,601800,2019-04-04,S,S,A,C,S,S,A,11.0442,10.21,9.68,0.53,,1,10.21,11.464,2019-04-12,0,2.3499,1,10.21,11.4236,2019-04-19,0,2.2738,1,10.21,10.21,2019-04-26,1,-0.0146
prebreak,600897,2019-04-08,S,S,A,C,S,S,A,14.4665,14.67,13.9,0.77,,0,0.0,0.0,,0,0.0,0,0.0,0.0,,0,0.0,0,0.0,0.0,,0,0.0
prebreak,000408,2019-04-10,S,S,A,C,S,S,A,10.1204,10.42,9.88,0.54,,0,0.0,0.0,,0,0.0,0,0.0,0.0,,0,0.0,0,0.0,0.0,,0,0.0
prebreak,600104,2019-04-10,S,S,A,C,S,S,A,22.6257,20.24,19.32,0.92,,0,0.0,0.0,,0,0.0,0,0.0,0.0,,0,0.0,0,0.0,0.0,,0,0.0
prebreak,600697,2019-04-12,S,S,A,C,S,S,A,18.3316,19.05,18.12,0.93,,0,0.0,0.0,,0,0.0,0,0.0,0.0,,0,0.0,0,0.0,0.0,,0,0.0
prebreak,603808,2019-04-16,S,S,A,C,S,S,A,15.1233,15.31,14.54,0.77,,0,0.0,0.0,,0,0.0,0,0.0,0.0,,0,0.0,0,0.0,0.0,,0,0.0
prebreak,600104,2019-04-17,S,S,A,C,S,S,A,23.3921,20.24,19.32,0.92,,0,0.0,0.0,,0,0.0,0,0.0,0.0,,0,0.0,0,0.0,0.0,,0,0.0
prebreak,600104,2019-04-24,S,S,A,C,S,S,A,21.9988,20.24,19.32,0.92,,0,0.0,0.0,,0,0.0,0,0.0,0.0,,0,0.0,0,0.0,0.0,,0,0.0
prebreak,600660,2019-05-07,S,S,A,C,S,S,A,18.8213,20.32,19.38,0.94,,0,0.0,0.0,,0,0.0,0,0.0,0.0,,0,0.0,0,0.0,0.0,,0,0.0
prebreak,000688,2019-05-08,S,S,A,C,S,S,A,12.0898,12.57,12.04,0.53,,0,0.0,0.0,,0,0.0,0,0.0,0.0,,0,0.0,0,0.0,0.0,,0,0.0
prebreak,600835,2019-05-08,S,S,A,C,S,S,A,12.9315,15.44,14.74,0.7,,0,0.0,0.0,,0,0.0,0,0.0,0.0,,0,0.0,0,0.0,0.0,,0,0.0
prebreak,000895,2019-05-24,S,S,A,C,S,S,A,17.4188,17.86,17.11,0.75,,0,0.0,0.0,,0,0.0,0,0.0,0.0,,0,0.0,0,0.0,0.0,,0,0.0
prebreak,600104,2019-05-27,S,S,A,C,S,S,A,18.3607,20.32,19.44,0.88,,0,0.0,0.0,,0,0.0,0,0.0,0.0,,0,0.0,0,0.0,0.0,,0,0.0
prebreak,000895,2019-05-31,S,S,A,C,S,S,A,17.6014,18.1,17.28,0.82,,0,0.0,0.0,,0,0.0,0,0.0,0.0,,0,0.0,1,18.1,17.28,2019-07-10,1,-1.0161
prebreak,600104,2019-06-11,S,S,A,C,S,S,A,19.0031,19.31,18.34,0.97,,0,0.0,0.0,,0,0.0,0,0.0,0.0,,0,0.0,0,0.0,0.0,,0,0.0
prebreak,600388,2019-06-20,S,S,A,C,S,S,A,10.5468,10.48,9.95,0.53,,1,10.48,10.5037,2019-06-25,0,0.0297,1,10.48,10.5037,2019-06-25,0,0.0297,1,10.48,10.5037,2019-06-25,0,0.0297
prebreak,600388,2019-06-27,S,S,A,C,S,S,A,10.9432,10.48,9.95,0.53,,1,10.48,10.6129,2019-07-04,0,0.2356,1,10.48,9.95,2019-07-10,1,-1.0144,1,10.48,9.95,2019-07-10,1,-1.0144
prebreak,603368,2019-07-05,S,S,A,C,S,S,A,19.4746,19.17,18.35,0.82,,0,0.0,0.0,,0,0.0,0,0.0,0.0,,0,0.0,0,0.0,0.0,,0,0.0
prebreak,300457,2019-07-25,S,S,A,C,S,S,A,15.5613,16.24,15.56,0.68,,0,0.0,0.0,,0,0.0,0,0.0,0.0,,0,0.0,0,0.0,0.0,,0,0.0
prebreak,600885,2019-07-26,S,S,A,C,S,S,A,11.4581,11.98,11.42,0.56,,1,11.98,12.1769,2019-08-02,0,0.3351,1,11.98,11.9263,2019-08-09,0,-0.1122,1,11.98,11.42,2019-08-26,1,-1.0156
prebreak,600104,2019-07-30,S,S,A,C,S,S,A,20.2747,19.84,18.96,0.88,,0,0.0,0.0,,0,0.0,0,0.0,0.0,,0,0.0,0,0.0,0.0,,0,0.0
prebreak,600566,2019-08-07,S,S,A,C,S,S,A,20.2618,23.73,22.68,1.05,,0,0.0,0.0,,0,0.0,0,0.0,0.0,,0,0.0,0,0.0,0.0,,0,0.0
prebreak,600566,2019-08-14,S,S,A,C,S,S,A,20.4508,20.59,19.65,0.94,,0,0.0,0.0,,0,0.0,0,0.0,0.0,,0,0.0,0,0.0,0.0,,0,0.0
prebreak,600315,2019-08-15,S,S,A,C,S,S,A,32.9211,29.87,28.44,1.43,,1,29.87,33.2429,2019-08-22,0,2.3413,1,29.87,32.5614,2019-08-29,0,1.865,1,29.87,32.9684,2019-09-26,0,2.1495
prebreak,600563,2019-08-16,S,S,A,C,S,S,A,36.6056,39.59,37.94,1.65,,0,0.0,0.0,,0,0.0,0,0.0,0.0,,0,0.0,0,0.0,0.0,,0,0.0
prebreak,300073,2019-08-19,S,S,A,C,S,S,A,22.3085,23.34,22.19,1.15,,0,0.0,0.0,,0,0.0,0,0.0,0.0,,0,0.0,0,0.0,0.0,,0,0.0
prebreak,600104,2019-08-20,S,S,A,C,S,S,A,19.7536,20.4,19.48,0.92,,1,20.4,20.3236,2019-08-27,0,-0.0999,1,20.4,20.0386,2019-09-03,0,-0.4095,1,20.4,19.48,2019-09-25,1,-1.0162
prebreak,600566,2019-08-21,S,S,A,C,S,S,A,20.3054,20.59,19.65,0.94,,0,0.0,0.0,,0,0.0,0,0.0,0.0,,0,0.0,0,0.0,0.0,,0,0.0
prebreak,600315,2019-08-22,S,S,A,C,S,S,A,33.2429,29.87,28.44,1.43,,0,0.0,0.0,,0,0.0,0,0.0,0.0,,0,0.0,0,0.0,0.0,,0,0.0
prebreak,600885,2019-08-23,S,S,A,C,S,S,A,11.6142,12.02,11.47,0.55,,0,0.0,0.0,,0,0.0,0,0.0,0.0,,0,0.0,1,12.02,12.03,2019-10-30,1,0.0016
prebreak,600104,2019-08-27,S,S,A,C,S,S,A,20.3236,20.16,19.45,0.71,,1,20.16,20.0386,2019-09-03,0,-0.1925,1,20.16,20.7632,2019-09-10,0,0.8275,1,20.16,20.16,2019-09-17,1,-0.0216
prebreak,600566,2019-08-28,S,S,A,C,S,S,A,21.7153,20.59,19.65,0.94,,0,0.0,0.0,,0,0.0,0,0.0,0.0,,0,0.0,0,0.0,0.0,,0,0.0
prebreak,300073,2019-09-02,S,S,A,C,S,S,A,22.7351,22.71,21.58,1.13,,0,0.0,0.0,,0,0.0,0,0.0,0.0,,0,0.0,0,0.0,0.0,,0,0.0
prebreak,600566,2019-09-04,S,S,A,C,S,S,A,21.57,21.95,20.9,1.05,,0,0.0,0.0,,0,0.0,0,0.0,0.0,,0,0.0,0,0.0,0.0,,0,0.0
prebreak,600048,2019-09-12,S,S,A,C,S,S,A,11.2629,10.87,10.3,0.57,,0,0.0,0.0,,0,0.0,0,0.0,0.0,,0,0.0,0,0.0,0.0,,0,0.0
prebreak,600104,2019-09-18,S,S,A,C,S,S,A,20.1688,20.82,19.98,0.84,,0,0.0,0.0,,0,0.0,0,0.0,0.0,,0,0.0,0,0.0,0.0,,0,0.0
prebreak,603866,2019-09-19,S,S,A,C,S,S,A,16.4019,16.66,15.9,0.76,,0,0.0,0.0,,0,0.0,0,0.0,0.0,,0,0.0,0,0.0,0.0,,0,0.0
prebreak,600048,2019-09-20,S,S,A,C,S,S,A,11.2168,11.58,11.02,0.56,,0,0.0,0.0,,0,0.0,1,11.58,12.0861,2019-10-11,0,0.8875,1,11.58,11.58,2019-10-28,1,-0.0157
prebreak,001979,2019-09-27,S,S,A,C,S,S,A,15.1557,15.86,15.05,0.81,,0,0.0,0.0,,0,0.0,0,0.0,0.0,,0,0.0,0,0.0,0.0,,0,0.0
prebreak,600048,2019-09-27,S,S,A,C,S,S,A,10.9552,11.42,10.85,0.57,,1,11.42,12.0861,2019-10-11,0,1.1527,1,11.42,11.7861,2019-10-18,0,0.6266,1,11.42,11.42,2019-10-28,1,-0.0152
prebreak,000997,2019-10-08,S,S,A,C,S,S,A,14.3087,16.24,15.41,0.83,,0,0.0,0.0,,0,0.0,0,0.0,0.0,,0,0.0,0,0.0,0.0,,0,0.0
prebreak,300146,2019-10-08,S,S,A,C,S,S,A,13.6526,15.65,14.85,0.8,,0,0.0,0.0,,0,0.0,0,0.0,0.0,,0,0.0,0,0.0,0.0,,0,0.0
prebreak,600597,2019-10-11,S,S,A,C,S,S,A,9.6901,9.86,9.36,0.5,,0,0.0,0.0,,0,0.0,0,0.0,0.0,,0,0.0,0,0.0,0.0,,0,0.0
prebreak,000997,2019-10-22,S,S,A,C,S,S,A,14.0067,14.95,14.24,0.71,,1,14.95,14.4153,2019-10-29,0,-0.7687,1,14.95,14.24,2019-10-30,1,-1.0154,1,14.95,14.24,2019-10-30,1,-1.0154
prebreak,002223,2019-10-25,S,S,A,C,S,S,A,19.0345,19.7,18.95,0.75,,0,0.0,0.0,,0,0.0,1,19.7,19.6067,2019-11-08,0,-0.1443,1,19.7,18.95,2019-11-11,1,-1.0193
prebreak,600563,2019-10-28,S,S,A,C,S,S,A,39.4345,40.62,38.83,1.79,,0,0.0,0.0,,0,0.0,0,0.0,0.0,,0,0.0,0,0.0,0.0,,0,0.0
prebreak,002223,2019-11-01,S,S,A,C,S,S,A,19.1049,19.47,18.48,0.99,,0,0.0,0.0,,0,0.0,0,0.0,0.0,,0,0.0,0,0.0,0.0,,0,0.0
prebreak,002301,2019-11-01,S,S,A,C,S,S,A,12.1952,11.26,10.76,0.5,,0,0.0,0.0,,0,0.0,0,0.0,0.0,,0,0.0,0,0.0,0.0,,0,0.0
prebreak,002410,2019-11-01,S,S,A,C,S,S,A,21.8238,23.87,22.63,1.24,,0,0.0,0.0,,0,0.0,0,0.0,0.0,,0,0.0,0,0.0,0.0,,0,0.0
prebreak,300001,2019-11-07,S,S,A,C,S,S,A,16.7863,16.53,15.83,0.7,,0,0.0,0.0,,0,0.0,0,0.0,0.0,,0,0.0,0,0.0,0.0,,0,0.0
prebreak,600612,2019-11-07,S,S,A,C,S,S,A,40.8172,42.44,40.3,2.14,,0,0.0,0.0,,0,0.0,0,0.0,0.0,,0,0.0,0,0.0,0.0,,0,0.0
prebreak,603678,2019-11-07,S,S,A,C,S,S,A,20.2681,22.27,21.25,1.02,,0,0.0,0.0,,0,0.0,0,0.0,0.0,,0,0.0,0,0.0,0.0,,0,0.0
prebreak,002223,2019-11-08,S,S,A,C,S,S,A,19.6067,19.65,18.67,0.98,,0,0.0,0.0,,0,0.0,0,0.0,0.0,,0,0.0,0,0.0,0.0,,0,0.0
prebreak,603678,2019-11-14,S,S,A,C,S,S,A,19.1828,20.75,19.67,1.08,,0,0.0,0.0,,0,0.0,0,0.0,0.0,,0,0.0,1,20.75,20.2015,2019-12-04,0,-0.5222
prebreak,000999,2019-11-19,S,S,A,C,S,S,A,14.5932,15.26,14.46,0.8,,0,0.0,0.0,,0,0.0,0,0.0,0.0,,0,0.0,0,0.0,0.0,,0,0.0
prebreak,002352,2019-11-21,S,S,A,C,S,S,A,35.1387,36.48,34.89,1.59,,0,0.0,0.0,,0,0.0,0,0.0,0.0,,0,0.0,0,0.0,0.0,,0,0.0
prebreak,603180,2019-11-25,S,S,A,C,S,S,A,26.5629,28.38,27.27,1.11,,0,0.0,0.0,,0,0.0,0,0.0,0.0,,0,0.0,1,28.38,28.38,2020-01-22,1,-0.0194
prebreak,002179,2019-11-27,S,S,A,C,S,S,A,19.6292,19.92,19.02,0.9,,0,0.0,0.0,,0,0.0,0,0.0,0.0,,0,0.0,0,0.0,0.0,,0,0.0
prebreak,002352,2019-11-28,S,S,A,C,S,S,A,34.0791,35.52,33.89,1.63,,0,0.0,0.0,,0,0.0,0,0.0,0.0,,0,0.0,0,0.0,0.0,,0,0.0
prebreak,600612,2019-11-28,S,S,A,C,S,S,A,38.4105,39.7,37.85,1.85,,0,0.0,0.0,,0,0.0,0,0.0,0.0,,0,0.0,0,0.0,0.0,,0,0.0
prebreak,002223,2019-11-29,S,S,A,C,S,S,A,17.1944,18.56,17.74,0.82,,0,0.0,0.0,,0,0.0,0,0.0,0.0,,0,0.0,0,0.0,0.0,,0,0.0
prebreak,600754,2019-11-29,S,S,A,C,S,S,A,21.9887,22.23,21.08,1.15,,1,22.23,23.258,2019-12-06,0,0.8787,1,22.23,24.1072,2019-12-13,0,1.6166,1,22.23,25.4039,2020-01-20,0,2.7435
prebreak,601601,2019-11-29,S,S,A,C,S,S,A,26.0967,27.01,25.86,1.15,,0,0.0,0.0,,0,0.0,0,0.0,0.0,,0,0.0,0,0.0,0.0,,0,0.0
prebreak,300001,2019-12-05,S,S,A,C,S,S,A,15.7989,15.86,15.03,0.83,,1,15.86,17.8031,2019-12-12,0,2.325,1,15.86,17.5489,2019-12-19,0,2.019,1,15.86,18.8883,2020-01-06,0,3.6317
prebreak,300036,2019-12-05,S,S,A,C,S,S,A,18.6948,18.78,17.85,0.93,,0,0.0,0.0,,0,0.0,0,0.0,0.0,,0,0.0,0,0.0,0.0,,0,0.0
prebreak,600612,2019-12-05,S,S,A,C,S,S,A,39.4936,39.7,38.04,1.66,,0,0.0,0.0,,0,0.0,0,0.0,0.0,,0,0.0,0,0.0,0.0,,0,0.0
prebreak,002223,2019-12-06,S,S,A,C,S,S,A,17.1328,17.24,16.54,0.7,,0,0.0,0.0,,0,0.0,0,0.0,0.0,,0,0.0,0,0.0,0.0,,0,0.0
prebreak,600754,2019-12-06,S,S,A,C,S,S,A,23.258,22.23,21.08,1.15,,0,0.0,0.0,,0,0.0,0,0.0,0.0,,0,0.0,0,0.0,0.0,,0,0.0
prebreak,300316,2019-12-10,S,S,A,C,S,S,A,13.567,13.42,12.7,0.72,,1,13.42,14.1146,2019-12-17,0,0.95,1,13.42,14.2374,2019-12-24,0,1.1204,1,13.42,20.0626,2020-01-22,1,9.2059
prebreak,600309,2019-12-11,S,S,A,C,S,S,A,44.2172,43.83,41.55,2.28,,0,0.0,0.0,,0,0.0,0,0.0,0.0,,0,0.0,0,0.0,0.0,,0,0.0
prebreak,300001,2019-12-12,S,S,A,C,S,S,A,17.8031,15.86,15.03,0.83,,1,15.86,17.5489,2019-12-19,0,2.019,1,15.86,17.5978,2019-12-26,0,2.0778,1,15.86,21.0098,2020-01-13,1,6.1861
prebreak,300036,2019-12-12,S,S,A,C,S,S,A,19.687,18.78,17.85,0.93,,0,0.0,0.0,,0,0.0,0,0.0,0.0,,0,0.0,0,0.0,0.0,,0,0.0
prebreak,600612,2019-12-12,S,S,A,C,S,S,A,38.0335,39.55,37.53,2.02,,0,0.0,0.0,,0,0.0,0,0.0,0.0,,0,0.0,1,39.55,39.55,2020-02-03,1,-0.0149
prebreak,300607,2019-12-13,S,S,A,C,S,S,A,14.1641,13.76,13.22,0.54,,1,13.76,16.1382,2019-12-20,0,4.382,1,13.76,16.8245,2019-12-27,0,5.652,1,13.76,16.2,2020-01-20,1,4.4963
prebreak,600372,2019-12-13,S,S,A,C,S,S,A,12.9872,13.34,12.73,0.61,,1,13.34,13.5797,2019-12-20,0,0.3761,1,13.34,13.5033,2019-12-27,0,0.2509,1,13.34,13.35,2020-02-03,1,-0.0002
prebreak,002032,2019-12-16,S,S,A,C,S,S,A,55.5645,56.53,54.2,2.33,,0,0.0,0.0,,0,0.0,0,0.0,0.0,,0,0.0,0,0.0,0.0,,0,0.0
prebreak,300288,2019-12-16,S,S,A,C,S,S,A,12.2569,11.87,11.31,0.56,,0,0.0,0.0,,0,0.0,0,0.0,0.0,,0,0.0,0,0.0,0.0,,0,0.0
prebreak,000333,2019-12-17,S,S,A,C,S,S,A,44.4125,44.84,43.03,1.81,,0,0.0,0.0,,0,0.0,0,0.0,0.0,,0,0.0,0,0.0,0.0,,0,0.0
prebreak,603708,2019-12-17,S,S,A,C,S,S,A,21.7254,21.44,20.3,1.14,,0,0.0,0.0,,0,0.0,0,0.0,0.0,,0,0.0,0,0.0,0.0,,0,0.0
prebreak,603833,2019-12-17,S,S,A,C,S,S,A,60.7613,58.92,56.14,2.78,,1,58.92,63.9501,2019-12-24,0,1.7921,1,58.92,67.7118,2019-12-31,0,3.1444,1,58.92,65.3969,2020-01-23,0,2.3122
prebreak,002601,2019-12-18,S,S,A,C,S,S,A,10.2189,9.96,9.46,0.5,,0,0.0,0.0,,0,0.0,0,0.0,0.0,,0,0.0,0,0.0,0.0,,0,0.0
prebreak,300688,2019-12-19,S,S,A,C,S,S,A,15.0212,14.04,13.45,0.59,,0,0.0,0.0,,0,0.0,0,0.0,0.0,,0,0.0,0,0.0,0.0,,0,0.0
prebreak,601163,2019-12-24,S,S,A,C,S,S,A,12.017,12.33,11.82,0.51,,1,12.33,12.516,2019-12-31,0,0.3461,1,12.33,12.5651,2020-01-08,0,0.4423,1,12.33,12.33,2020-01-23,1,-0.0184
prebreak,603833,2019-12-24,S,S,A,C,S,S,A,63.9501,58.92,56.14,2.78,,0,0.0,0.0,,0,0.0,0,0.0,0.0,,0,0.0,0,0.0,0.0,,0,0.0
prebreak,603313,2019-12-26,S,S,A,C,S,S,A,16.041,15.29,14.53,0.76,,0,0.0,0.0,,0,0.0,0,0.0,0.0,,0,0.0,0,0.0,0.0,,0,0.0
prebreak,002142,2019-12-30,S,S,A,C,S,S,A,22.5697,23.2,22.17,1.03,,1,23.2,23.8339,2020-01-07,0,0.5979,1,23.2,23.0883,2020-01-14,0,-0.1255,1,23.2,22.17,2020-01-22,1,-1.0165
prebreak,300024,2019-12-30,S,S,A,C,S,S,A,14.01,14.35,13.77,0.58,,1,14.35,14.74,2020-01-07,0,0.6532,1,14.35,14.64,2020-01-14,0,0.4809,1,14.35,14.36,2020-02-03,1,-0.0016
prebreak,603708,2019-12-31,S,S,A,C,S,S,A,21.6099,21.7,20.74,0.96,,0,0.0,0.0,,0,0.0,0,0.0,0.0,,0,0.0,0,0.0,0.0,,0,0.0
prebreak,002281,2020-01-02,S,S,A,C,S,S,A,29.1459,28.81,27.56,1.25,,0,0.0,0.0,,0,0.0,0,0.0,0.0,,0,0.0,0,0.0,0.0,,0,0.0
prebreak,300596,2020-01-03,S,S,A,C,S,S,A,33.7316,33.27,31.71,1.56,,1,33.27,36.5904,2020-01-10,0,2.1109,1,33.27,35.8099,2020-01-17,0,1.6109,1,33.27,33.27,2020-02-03,1,-0.0162
prebreak,600372,2020-01-06,S,S,A,C,S,S,A,15.0036,13.98,13.31,0.67,,0,0.0,0.0,,0,0.0,0,0.0,0.0,,0,0.0,0,0.0,0.0,,0,0.0
prebreak,002142,2020-01-07,S,S,A,C,S,S,A,23.8339,23.16,22.17,0.99,,0,0.0,0.0,,0,0.0,0,0.0,0.0,,0,0.0,0,0.0,0.0,,0,0.0
prebreak,002558,2020-01-07,S,S,A,C,S,S,A,18.1192,16.78,16.01,0.77,,1,16.78,17.6842,2020-01-14,0,1.1569,1,16.78,16.4514,2020-01-21,0,-0.443,1,16.78,16.78,2020-01-20,1,-0.0166
prebreak,300024,2020-01-07,S,S,A,C,S,S,A,14.74,14.39,13.77,0.62,,0,0.0,0.0,,0,0.0,0,0.0,0.0,,0,0.0,0,0.0,0.0,,0,0.0
prebreak,002281,2020-01-09,S,S,A,C,S,S,A,30.4541,29.96,28.51,1.45,,0,0.0,0.0,,0,0.0,0,0.0,0.0,,0,0.0,0,0.0,0.0,,0,0.0
prebreak,300625,2020-01-10,S,S,A,C,S,S,A,13.7966,12.99,12.29,0.7,,1,12.99,13.575,2020-01-17,0,0.8211,1,12.99,12.29,2020-02-03,1,-1.0135,1,12.99,12.99,2020-01-23,1,-0.0141
prebreak,603899,2020-01-10,S,S,A,C,S,S,A,43.2551,41.87,39.84,2.03,,0,0.0,0.0,,0,0.0,0,0.0,0.0,,0,0.0,0,0.0,0.0,,0,0.0
prebreak,002223,2020-01-13,S,S,A,C,S,S,A,18.2773,18.55,17.82,0.73,,1,18.55,18.8496,2020-01-20,0,0.3908,1,18.55,25.2325,2020-02-04,0,9.1291,1,18.55,24.79,2020-02-10,1,8.5232
prebreak,002253,2020-01-13,S,S,A,C,S,S,A,15.2265,14.73,13.95,0.78,,0,0.0,0.0,,0,0.0,0,0.0,0.0,,0,0.0,0,0.0,0.0,,0,0.0
prebreak,300718,2020-01-13,S,S,A,C,S,S,A,13.334,12.83,12.24,0.59,,1,12.83,14.4749,2020-01-20,0,2.7697,1,12.83,14.4398,2020-02-04,0,2.7102,1,12.83,14.88,2020-01-23,1,3.4559
prebreak,002142,2020-01-14,S,S,A,C,S,S,A,23.0883,24.01,22.98,1.03,,0,0.0,0.0,,0,0.0,0,0.0,0.0,,0,0.0,0,0.0,0.0,,0,0.0
prebreak,002558,2020-01-14,S,S,A,C,S,S,A,17.6842,16.78,16.01,0.77,,1,16.78,17.2128,2020-01-17,0,0.5452,1,16.78,17.2128,2020-01-17,0,0.5452,1,16.78,17.2128,2020-01-17,0,0.5452
prebreak,300024,2020-01-14,S,S,A,C,S,S,A,14.64,14.94,14.25,0.69,,1,14.94,15.2,2020-01-21,0,0.3601,1,14.94,14.25,2020-02-03,1,-1.0158,1,14.94,14.25,2020-02-03,1,-1.0158
prebreak,600118,2020-01-14,S,S,A,C,S,S,A,22.0064,21.03,20.22,0.81,,0,0.0,0.0,,0,0.0,0,0.0,0.0,,0,0.0,0,0.0,0.0,,0,0.0
prebreak,002153,2020-01-15,S,S,A,C,S,S,A,15.7604,15.81,15.12,0.69,,0,0.0,0.0,,0,0.0,0,0.0,0.0,,0,0.0,0,0.0,0.0,,0,0.0
prebreak,300423,2020-01-15,S,S,A,C,S,S,A,13.3793,13.67,13.08,0.59,,1,13.67,13.9653,2020-01-22,0,0.4826,1,13.67,13.08,2020-02-03,1,-1.017,1,13.67,13.08,2020-02-03,1,-1.017
prebreak,300642,2020-01-15,S,S,A,C,S,S,A,23.6989,22.26,21.31,0.95,,0,0.0,0.0,,0,0.0,0,0.0,0.0,,0,0.0,0,0.0,0.0,,0,0.0
prebreak,603578,2020-01-15,S,S,A,C,S,S,A,11.9141,10.73,10.22,0.51,,1,10.73,11.7382,2020-01-20,0,1.9596,1,10.73,11.7382,2020-01-20,0,1.9596,1,10.73,11.7382,2020-01-20,0,1.9596
prebreak,300625,2020-01-17,S,S,A,C,S,S,A,13.575,12.99,12.29,0.7,,0,0.0,0.0,,0,0.0,0,0.0,0.0,,0,0.0,0,0.0,0.0,,0,0.0
prebreak,600498,2020-01-17,S,S,A,C,S,S,A,26.1592,26.91,25.98,0.93,,0,0.0,0.0,,0,0.0,0,0.0,0.0,,0,0.0,1,26.91,26.91,2020-02-28,1,-0.022
prebreak,603899,2020-01-17,S,S,A,C,S,S,A,43.7601,44.44,42.83,1.61,,0,0.0,0.0,,0,0.0,0,0.0,0.0,,0,0.0,0,0.0,0.0,,0,0.0
prebreak,001979,2020-01-20,S,S,A,C,S,S,A,14.8845,15.9,15.29,0.61,,0,0.0,0.0,,0,0.0,0,0.0,0.0,,0,0.0,0,0.0,0.0,,0,0.0
prebreak,603578,2020-01-22,S,S,A,C,S,S,A,11.3812,10.73,10.22,0.51,,0,0.0,0.0,,0,0.0,0,0.0,0.0,,0,0.0,0,0.0,0.0,,0,0.0
prebreak,001979,2020-02-04,S,S,A,C,S,S,A,13.0658,15.9,15.29,0.61,,0,0.0,0.0,,0,0.0,0,0.0,0.0,,0,0.0,0,0.0,0.0,,0,0.0
prebreak,002851,2020-02-04,S,S,A,C,S,S,A,20.5908,22.08,21.03,1.05,,0,0.0,0.0,,0,0.0,0,0.0,0.0,,0,0.0,0,0.0,0.0,,0,0.0
prebreak,300233,2020-02-04,S,S,A,C,S,S,A,17.2964,18.51,17.77,0.74,,1,18.51,17.9751,2020-02-11,0,-0.7414,1,18.51,18.397,2020-02-18,0,-0.1717,1,18.51,17.77,2020-02-28,1,-1.0184
prebreak,600315,2020-02-04,S,S,A,C,S,S,A,24.7334,30.27,28.98,1.29,,0,0.0,0.0,,0,0.0,0,0.0,0.0,,0,0.0,0,0.0,0.0,,0,0.0
prebreak,000776,2020-02-05,S,S,A,C,S,S,A,11.3919,13.04,12.48,0.56,,0,0.0,0.0,,0,0.0,0,0.0,0.0,,0,0.0,1,13.04,12.8876,2020-02-24,0,-0.2897
prebreak,002142,2020-02-05,S,S,A,C,S,S,A,21.0461,23.23,22.09,1.14,,0,0.0,0.0,,0,0.0,0,0.0,0.0,,0,0.0,0,0.0,0.0,,0,0.0
prebreak,002302,2020-02-05,S,S,A,C,S,S,A,8.6141,10.98,10.44,0.54,,0,0.0,0.0,,0,0.0,0,0.0,0.0,,0,0.0,1,10.98,10.9643,2020-03-05,0,-0.0445
prebreak,603288,2020-02-05,S,S,A,C,S,S,A,45.2434,47.93,45.81,2.12,,0,0.0,0.0,,0,0.0,0,0.0,0.0,,0,0.0,0,0.0,0.0,,0,0.0
prebreak,603368,2020-02-05,S,S,A,C,S,S,A,21.6289,19.72,18.95,0.77,,1,19.72,20.7959,2020-02-10,0,1.3769,1,19.72,20.7959,2020-02-10,0,1.3769,1,19.72,20.7959,2020-02-10,0,1.3769
prebreak,002038,2020-02-06,S,S,A,C,S,S,A,14.2848,12.84,12.19,0.65,,1,12.84,13.325,2020-02-11,0,0.7307,1,12.84,13.325,2020-02-11,0,0.7307,1,12.84,13.325,2020-02-11,0,0.7307
prebreak,601163,2020-02-06,S,S,A,C,S,S,A,11.5343,13.41,12.76,0.65,,0,0.0,0.0,,0,0.0,0,0.0,0.0,,0,0.0,0,0.0,0.0,,0,0.0
prebreak,603708,2020-02-06,S,S,A,C,S,S,A,21.2903,22.3,21.27,1.03,,1,22.3,22.4534,2020-02-13,0,0.1324,1,22.3,22.116,2020-02-20,0,-0.195,1,22.3,21.27,2020-02-24,1,-1.0158
prebreak,603919,2020-02-06,S,S,A,C,S,S,A,9.721,12.4,11.86,0.54,,0,0.0,0.0,,0,0.0,0,0.0,0.0,,0,0.0,0,0.0,0.0,,0,0.0
prebreak,300520,2020-02-07,S,S,A,C,S,S,A,22.2779,18.85,17.95,0.9,,1,18.85,23.4959,2020-02-14,0,5.143,1,18.85,24.0853,2020-02-21,0,5.7974,1,18.85,23.02,2020-02-25,1,4.6145
prebreak,600104,2020-02-07,S,S,A,C,S,S,A,17.3027,20.71,19.86,0.85,,0,0.0,0.0,,0,0.0,0,0.0,0.0,,0,0.0,0,0.0,0.0,,0,0.0
prebreak,002468,2020-02-10,S,S,A,C,S,S,A,18.8723,19.71,18.66,1.05,,1,19.71,20.3601,2020-02-17,0,0.6045,1,19.71,19.5966,2020-02-24,0,-0.1222,1,19.71,18.66,2020-02-28,1,-1.0136
prebreak,002926,2020-02-10,S,S,A,C,S,S,A,9.7406,10.35,9.8,0.55,,0,0.0,0.0,,0,0.0,1,10.35,11.607,2020-02-24,0,2.2698,1,10.35,10.35,2020-02-28,1,-0.0143
prebreak,300683,2020-02-10,S,S,A,C,S,S,A,30.2816,31.06,30.0,1.06,,0,0.0,0.0,,0,0.0,0,0.0,0.0,,0,0.0,0,0.0,0.0,,0,0.0
prebreak,601211,2020-02-10,S,S,A,C,S,S,A,13.5854,15.44,14.85,0.59,,0,0.0,0.0,,0,0.0,0,0.0,0.0,,0,0.0,1,15.44,14.85,2020-03-09,1,-1.0193
prebreak,603508,2020-02-10,S,S,A,C,S,S,A,20.9707,23.48,22.52,0.96,,0,0.0,0.0,,0,0.0,1,23.48,23.8438,2020-02-24,0,0.3601,1,23.48,22.52,2020-02-25,1,-1.018
prebreak,002253,2020-02-11,S,S,A,C,S,S,A,13.2212,15.35,14.81,0.54,,0,0.0,0.0,,0,0.0,1,15.35,15.3543,2020-02-25,0,-0.0137,1,15.35,14.81,2020-02-26,1,-1.021
prebreak,002851,2020-02-11,S,S,A,C,S,S,A,22.0373,22.08,21.03,1.05,,0,0.0,0.0,,0,0.0,0,0.0,0.0,,0,0.0,0,0.0,0.0,,0,0.0
prebreak,300233,2020-02-11,S,S,A,C,S,S,A,17.9751,18.51,17.77,0.74,,0,0.0,0.0,,0,0.0,0,0.0,0.0,,0,0.0,0,0.0,0.0,,0,0.0
prebreak,600315,2020-02-11,S,S,A,C,S,S,A,26.4088,30.27,28.98,1.29,,0,0.0,0.0,,0,0.0,0,0.0,0.0,,0,0.0,0,0.0,0.0,,0,0.0
prebreak,603858,2020-02-11,S,S,A,C,S,S,A,17.0995,18.31,17.42,0.89,,0,0.0,0.0,,0,0.0,1,18.31,19.2183,2020-02-25,0,1.0043,1,18.31,17.42,2020-03-12,1,-1.015
prebreak,002142,2020-02-12,S,S,A,C,S,S,A,21.192,23.23,22.09,1.14,,0,0.0,0.0,,0,0.0,0,0.0,0.0,,0,0.0,0,0.0,0.0,,0,0.0
prebreak,002558,2020-02-12,S,S,A,C,S,S,A,16.7687,18.37,17.41,0.96,,0,0.0,0.0,,0,0.0,1,18.37,17.41,2020-02-26,1,-1.0139,1,18.37,17.41,2020-02-26,1,-1.0139
prebreak,603288,2020-02-12,S,S,A,C,S,S,A,46.5833,47.93,45.81,2.12,,0,0.0,0.0,,0,0.0,0,0.0,0.0,,0,0.0,0,0.0,0.0,,0,0.0
prebreak,603368,2020-02-12,S,S,A,C,S,S,A,20.4455,19.72,18.95,0.77,,0,0.0,0.0,,0,0.0,0,0.0,0.0,,0,0.0,0,0.0,0.0,,0,0.0
prebreak,002262,2020-02-17,S,S,A,C,S,S,A,10.5991,11.22,10.69,0.53,,0,0.0,0.0,,0,0.0,0,0.0,0.0,,0,0.0,1,11.22,10.69,2020-03-12,1,-1.0155
prebreak,002926,2020-02-17,S,S,A,C,S,S,A,9.9635,10.35,9.8,0.55,,1,10.35,11.607,2020-02-24,0,2.2698,1,10.35,10.9199,2020-03-02,0,1.0212,1,10.35,10.35,2020-02-28,1,-0.0143
prebreak,600111,2020-02-17,S,S,A,C,S,S,A,9.7016,10.75,10.2,0.55,,0,0.0,0.0,,0,0.0,0,0.0,0.0,,0,0.0,0,0.0,0.0,,0,0.0
prebreak,600660,2020-02-17,S,S,A,C,S,S,A,20.7567,20.96,20.26,0.7,,0,0.0,0.0,,0,0.0,0,0.0,0.0,,0,0.0,0,0.0,0.0,,0,0.0
prebreak,601211,2020-02-17,S,S,A,C,S,S,A,14.311,13.86,13.31,0.55,,0,0.0,0.0,,0,0.0,0,0.0,0.0,,0,0.0,0,0.0,0.0,,0,0.0
prebreak,601233,2020-02-17,S,S,A,C,S,S,A,13.2626,13.34,12.78,0.56,,0,0.0,0.0,,0,0.0,0,0.0,0.0,,0,0.0,0,0.0,0.0,,0,0.0
prebreak,603508,2020-02-17,S,S,A,C,S,S,A,21.4352,21.5,20.52,0.98,,1,21.5,23.8438,2020-02-24,0,2.3734,1,21.5,24.5035,2020-03-02,0,3.0462,1,21.5,21.5,2020-03-13,1,-0.0167
prebreak,001979,2020-02-18,S,S,A,C,S,S,A,14.3102,15.9,15.29,0.61,,0,0.0,0.0,,0,0.0,0,0.0,0.0,,0,0.0,0,0.0,0.0,,0,0.0
prebreak,002232,2020-02-18,S,S,A,C,S,S,A,9.0288,10.21,9.7,0.51,,1,10.21,10.6731,2020-02-25,0,0.8923,1,10.21,10.2399,2020-03-03,0,0.0433,1,10.21,10.21,2020-02-28,1,-0.0152
prebreak,002727,2020-02-18,S,S,A,C,S,S,A,20.5657,21.24,20.13,1.11,,0,0.0,0.0,,0,0.0,0,0.0,0.0,,0,0.0,0,0.0,0.0,,0,0.0
prebreak,600315,2020-02-18,S,S,A,C,S,S,A,26.6928,26.88,25.7,1.18,,0,0.0,0.0,,0,0.0,0,0.0,0.0,,0,0.0,0,0.0,0.0,,0,0.0
prebreak,600323,2020-02-18,S,S,A,C,S,S,A,17.2694,17.45,16.64,0.81,,0,0.0,0.0,,0,0.0,0,0.0,0.0,,0,0.0,0,0.0,0.0,,0,0.0
prebreak,600329,2020-02-18,S,S,A,C,S,S,A,10.5536,11.13,10.59,0.54,,0,0.0,0.0,,0,0.0,0,0.0,0.0,,0,0.0,0,0.0,0.0,,0,0.0
prebreak,603260,2020-02-18,S,S,A,C,S,S,A,27.1699,29.15,27.74,1.41,,0,0.0,0.0,,0,0.0,0,0.0,0.0,,0,0.0,1,29.15,27.74,2020-03-09,1,-1.0151
prebreak,000776,2020-02-19,S,S,A,C,S,S,A,12.5137,13.04,12.48,0.56,,1,13.04,12.8876,2020-02-24,0,-0.2897,1,13.04,12.8876,2020-02-24,0,-0.2897,1,13.04,12.8876,2020-02-24,0,-0.2897
prebreak,000777,2020-02-19,S,S,A,C,S,S,A,11.377,10.89,10.36,0.53,,0,0.0,0.0,,0,0.0,0,0.0,0.0,,0,0.0,0,0.0,0.0,,0,0.0
prebreak,002142,2020-02-19,S,S,A,C,S,S,A,21.2811,21.86,20.84,1.02,,0,0.0,0.0,,0,0.0,0,0.0,0.0,,0,0.0,0,0.0,0.0,,0,0.0
prebreak,002302,2020-02-19,S,S,A,C,S,S,A,9.62,10.98,10.44,0.54,,0,0.0,0.0,,0,0.0,1,10.98,10.9643,2020-03-04,0,-0.0445,1,10.98,10.9643,2020-03-05,0,-0.0445
prebreak,002558,2020-02-19,S,S,A,C,S,S,A,16.3155,16.79,16.12,0.67,,1,16.79,17.385,2020-02-26,0,0.8685,1,16.79,17.5029,2020-03-04,0,1.0443,1,16.79,16.79,2020-03-09,1,-0.019
prebreak,603288,2020-02-19,S,S,A,C,S,S,A,45.1738,46.8,44.66,2.14,,0,0.0,0.0,,0,0.0,0,0.0,0.0,,0,0.0,1,46.8,44.66,2020-03-09,1,-1.016
prebreak,603368,2020-02-19,S,S,A,C,S,S,A,19.825,20.53,19.7,0.83,,0,0.0,0.0,,0,0.0,0,0.0,0.0,,0,0.0,0,0.0,0.0,,0,0.0
prebreak,002025,2020-02-20,S,S,A,C,S,S,A,26.1819,26.38,25.05,1.33,,1,26.38,25.8426,2020-02-27,0,-0.4189,1,26.38,25.05,2020-02-28,1,-1.0144,1,26.38,25.05,2020-02-28,1,-1.0144
prebreak,002038,2020-02-20,S,S,A,C,S,S,A,12.9523,12.84,12.19,0.65,,0,0.0,0.0,,0,0.0,0,0.0,0.0,,0,0.0,0,0.0,0.0,,0,0.0
prebreak,300423,2020-02-20,S,S,A,C,S,S,A,13.3598,13.68,12.96,0.72,,1,13.68,12.96,2020-02-25,1,-1.0138,1,13.68,12.96,2020-02-25,1,-1.0138,1,13.68,12.96,2020-02-25,1,-1.0138
prebreak,300619,2020-02-20,S,S,A,C,S,S,A,11.3692,11.08,10.58,0.5,,0,0.0,0.0,,0,0.0,0,0.0,0.0,,0,0.0,0,0.0,0.0,,0,0.0
prebreak,600549,2020-02-20,S,S,A,C,S,S,A,11.85,11.95,11.45,0.5,,0,0.0,0.0,,0,0.0,0,0.0,0.0,,0,0.0,0,0.0,0.0,,0,0.0
prebreak,600690,2020-02-20,S,S,A,C,S,S,A,16.143,16.19,15.37,0.82,,0,0.0,0.0,,0,0.0,0,0.0,0.0,,0,0.0,0,0.0,0.0,,0,0.0
prebreak,600999,2020-02-20,S,S,A,C,S,S,A,13.5568,12.72,12.08,0.64,,1,12.72,13.1779,2020-02-25,0,0.6999,1,12.72,13.1779,2020-02-25,0,0.6999,1,12.72,13.1779,2020-02-25,0,0.6999
prebreak,601163,2020-02-20,S,S,A,C,S,S,A,12.0988,11.97,11.37,0.6,,0,0.0,0.0,,0,0.0,0,0.0,0.0,,0,0.0,0,0.0,0.0,,0,0.0
prebreak,601628,2020-02-20,S,S,A,C,S,S,A,28.1486,27.9,26.67,1.23,,0,0.0,0.0,,0,0.0,0,0.0,0.0,,0,0.0,0,0.0,0.0,,0,0.0
prebreak,600104,2020-02-21,S,S,A,C,S,S,A,19.4197,17.87,17.04,0.83,,0,0.0,0.0,,0,0.0,0,0.0,0.0,,0,0.0,0,0.0,0.0,,0,0.0
prebreak,600976,2020-02-21,S,S,A,C,S,S,A,15.8426,16.37,15.7,0.67,,0,0.0,0.0,,0,0.0,0,0.0,0.0,,0,0.0,0,0.0,0.0,,0,0.0
prebreak,601869,2020-02-21,S,S,A,C,S,S,A,30.6932,33.45,31.75,1.7,,1,33.45,31.75,2020-02-28,1,-1.0143,1,33.45,31.75,2020-02-28,1,-1.0143,1,33.45,31.75,2020-02-28,1,-1.0143
prebreak,300625,2020-02-24,S,S,A,C,S,S,A,13.2922,12.25,11.67,0.58,,0,0.0,0.0,,0,0.0,0,0.0,0.0,,0,0.0,0,0.0,0.0,,0,0.0
prebreak,600111,2020-02-24,S,S,A,C,S,S,A,9.7307,10.75,10.2,0.55,,0,0.0,0.0,,0,0.0,0,0.0,0.0,,0,0.0,0,0.0,0.0,,0,0.0
prebreak,600271,2020-02-24,S,S,A,C,S,S,A,23.2172,22.52,21.43,1.09,,1,22.52,23.0473,2020-03-02,0,0.4678,1,22.52,21.43,2020-03-09,1,-1.0151,1,22.52,21.43,2020-03-09,1,-1.0151
prebreak,600298,2020-02-24,S,S,A,C,S,S,A,26.9205,25.69,24.4,1.29,,1,25.69,26.9479,2020-03-02,0,0.9594,1,25.69,28.582,2020-03-09,0,2.2253,1,25.69,28.07,2020-03-18,1,1.8287
prebreak,600498,2020-02-24,S,S,A,C,S,S,A,27.6295,23.96,22.84,1.12,,1,23.96,31.4865,2020-03-02,0,6.6996,1,23.96,32.9377,2020-03-09,0,7.9945,1,23.96,30.74,2020-03-04,1,6.0335
prebreak,600648,2020-02-24,S,S,A,C,S,S,A,12.4848,12.8,12.2,0.6,,0,0.0,0.0,,0,0.0,0,0.0,0.0,,0,0.0,0,0.0,0.0,,0,0.0
prebreak,600660,2020-02-24,S,S,A,C,S,S,A,20.6582,20.9,20.16,0.74,,0,0.0,0.0,,0,0.0,0,0.0,0.0,,0,0.0,0,0.0,0.0,,0,0.0
prebreak,603367,2020-02-24,S,S,A,C,S,S,A,14.9062,15.09,14.37,0.72,,0,0.0,0.0,,0,0.0,0,0.0,0.0,,0,0.0,0,0.0,0.0,,0,0.0
prebreak,603508,2020-02-24,S,S,A,C,S,S,A,23.8438,21.5,20.52,0.98,,1,21.5,24.5035,2020-03-02,0,3.0462,1,21.5,22.2316,2020-03-09,0,0.7293,1,21.5,21.5,2020-03-13,1,-0.0167
prebreak,603638,2020-02-24,S,S,A,C,S,S,A,14.8446,15.06,14.26,0.8,,0,0.0,0.0,,0,0.0,0,0.0,0.0,,0,0.0,0,0.0,0.0,,0,0.0
prebreak,603899,2020-02-24,S,S,A,C,S,S,A,41.0958,42.22,40.56,1.66,,0,0.0,0.0,,0,0.0,0,0.0,0.0,,0,0.0,0,0.0,0.0,,0,0.0
prebreak,002727,2020-02-25,S,S,A,C,S,S,A,20.014,20.79,19.77,1.02,,0,0.0,0.0,,0,0.0,0,0.0,0.0,,0,0.0,1,20.79,24.4724,2020-04-24,0,3.5924
prebreak,002832,2020-02-25,S,S,A,C,S,S,A,11.4692,13.61,13.03,0.58,,0,0.0,0.0,,0,0.0,0,0.0,0.0,,0,0.0,0,0.0,0.0,,0,0.0
prebreak,300149,2020-02-25,S,S,A,C,S,S,A,14.9325,14.0,13.35,0.65,,0,0.0,0.0,,0,0.0,0,0.0,0.0,,0,0.0,0,0.0,0.0,,0,0.0
prebreak,600048,2020-02-25,S,S,A,C,S,S,A,11.7399,12.41,11.77,0.64,,1,12.41,12.7785,2020-03-03,0,0.5607,1,12.41,12.6093,2020-03-10,0,0.2964,1,12.41,12.41,2020-03-09,1,-0.0147
prebreak,600329,2020-02-25,S,S,A,C,S,S,A,10.6839,10.71,10.17,0.54,,0,0.0,0.0,,0,0.0,0,0.0,0.0,,0,0.0,0,0.0,0.0,,0,0.0
prebreak,601966,2020-02-25,S,S,A,C,S,S,A,21.4633,22.19,21.38,0.81,,0,0.0,0.0,,0,0.0,0,0.0,0.0,,0,0.0,0,0.0,0.0,,0,0.0
prebreak,603589,2020-02-25,S,S,A,C,S,S,A,37.2459,38.3,36.28,2.02,,0,0.0,0.0,,0,0.0,0,0.0,0.0,,0,0.0,0,0.0,0.0,,0,0.0
prebreak,603698,2020-02-25,S,S,A,C,S,S,A,11.2937,11.3,10.72,0.58,,0,0.0,0.0,,0,0.0,0,0.0,0.0,,0,0.0,0,0.0,0.0,,0,0.0
prebreak,603858,2020-02-25,S,S,A,C,S,S,A,19.2183,17.72,16.99,0.73,,0,0.0,0.0,,0,0.0,0,0.0,0.0,,0,0.0,0,0.0,0.0,,0,0.0
prebreak,000623,2020-02-26,S,S,A,C,S,S,A,14.396,14.53,13.8,0.73,,0,0.0,0.0,,0,0.0,0,0.0,0.0,,0,0.0,0,0.0,0.0,,0,0.0
prebreak,000777,2020-02-26,S,S,A,C,S,S,A,11.6027,10.89,10.36,0.53,,0,0.0,0.0,,0,0.0,0,0.0,0.0,,0,0.0,0,0.0,0.0,,0,0.0
prebreak,002393,2020-02-26,S,S,A,C,S,S,A,14.4214,14.45,13.76,0.69,,0,0.0,0.0,,0,0.0,0,0.0,0.0,,0,0.0,0,0.0,0.0,,0,0.0
prebreak,002558,2020-02-26,S,S,A,C,S,S,A,17.385,16.79,16.1,0.69,,0,0.0,0.0,,0,0.0,0,0.0,0.0,,0,0.0,0,0.0,0.0,,0,0.0
prebreak,300142,2020-02-26,S,S,A,C,S,S,A,29.1189,30.02,28.58,1.44,,0,0.0,0.0,,0,0.0,1,30.02,31.1848,2020-03-11,0,0.7925,1,30.02,28.58,2020-03-17,1,-1.0152
prebreak,600085,2020-02-26,S,S,A,C,S,S,A,24.6905,25.61,24.62,0.99,,0,0.0,0.0,,0,0.0,0,0.0,0.0,,0,0.0,0,0.0,0.0,,0,0.0
prebreak,603368,2020-02-26,S,S,A,C,S,S,A,19.4114,20.2,19.26,0.94,,0,0.0,0.0,,0,0.0,0,0.0,0.0,,0,0.0,0,0.0,0.0,,0,0.0
prebreak,002462,2020-02-27,S,S,A,C,S,S,A,13.7284,13.98,13.45,0.53,,1,13.98,14.0155,2020-03-05,0,0.0469,1,13.98,13.45,2020-03-10,1,-1.0194,1,13.98,13.45,2020-03-10,1,-1.0194
prebreak,300423,2020-02-27,S,S,A,C,S,S,A,12.9399,13.78,13.06,0.72,,1,13.78,14.4927,2020-03-05,0,0.9746,1,13.78,13.4282,2020-03-12,0,-0.5029,1,13.78,13.06,2020-03-13,1,-1.0139
prebreak,600196,2020-02-27,S,S,A,C,S,S,A,25.8796,24.91,23.89,1.02,,0,0.0,0.0,,0,0.0,0,0.0,0.0,,0,0.0,0,0.0,0.0,,0,0.0
prebreak,600690,2020-02-27,S,S,A,C,S,S,A,15.2115,16.19,15.37,0.82,,0,0.0,0.0,,0,0.0,0,0.0,0.0,,0,0.0,0,0.0,0.0,,0,0.0
prebreak,600999,2020-02-27,S,S,A,C,S,S,A,13.1288,12.72,12.08,0.64,,0,0.0,0.0,,0,0.0,0,0.0,0.0,,0,0.0,0,0.0,0.0,,0,0.0
prebreak,603919,2020-02-27,S,S,A,C,S,S,A,10.6482,10.36,9.85,0.51,,0,0.0,0.0,,0,0.0,0,0.0,0.0,,0,0.0,0,0.0,0.0,,0,0.0
prebreak,603332,2020-03-02,S,S,A,C,S,S,A,13.2216,12.27,11.67,0.6,,1,12.27,12.534,2020-03-09,0,0.4241,1,12.27,11.67,2020-03-13,1,-1.0149,1,12.27,12.27,2020-03-10,1,-0.0155
prebreak,002727,2020-03-03,S,S,A,C,S,S,A,19.6224,20.79,19.77,1.02,,0,0.0,0.0,,0,0.0,0,0.0,0.0,,0,0.0,1,20.79,24.4724,2020-04-24,0,3.5924
prebreak,600887,2020-03-03,S,S,A,C,S,S,A,23.3833,23.64,22.59,1.05,,0,0.0,0.0,,0,0.0,0,0.0,0.0,,0,0.0,0,0.0,0.0,,0,0.0
prebreak,000623,2020-03-04,S,S,A,C,S,S,A,14.5913,14.53,13.8,0.73,,1,14.53,14.1329,2020-03-09,0,-0.5588,1,14.53,14.1329,2020-03-09,0,-0.5588,1,14.53,14.1329,2020-03-09,0,-0.5588
prebreak,000777,2020-03-04,S,S,A,C,S,S,A,11.8848,10.89,10.36,0.53,,1,10.89,11.4429,2020-03-11,0,1.0268,1,10.89,10.36,2020-03-16,1,-1.015,1,10.89,10.89,2020-03-13,1,-0.0156
prebreak,002558,2020-03-04,S,S,A,C,S,S,A,17.5029,16.79,16.1,0.69,,0,0.0,0.0,,0,0.0,0,0.0,0.0,,0,0.0,0,0.0,0.0,,0,0.0
prebreak,600085,2020-03-04,S,S,A,C,S,S,A,24.2158,24.99,23.81,1.18,,0,0.0,0.0,,0,0.0,0,0.0,0.0,,0,0.0,0,0.0,0.0,,0,0.0
prebreak,603790,2020-03-04,S,S,A,C,S,S,A,13.3922,13.84,13.23,0.61,,0,0.0,0.0,,0,0.0,0,0.0,0.0,,0,0.0,1,13.84,13.23,2020-04-03,1,-1.0166
prebreak,000999,2020-03-05,S,S,A,C,S,S,A,16.703,16.97,16.11,0.86,,0,0.0,0.0,,0,0.0,0,0.0,0.0,,0,0.0,0,0.0,0.0,,0,0.0
prebreak,002038,2020-03-05,S,S,A,C,S,S,A,12.533,12.65,12.01,0.64,,0,0.0,0.0,,0,0.0,0,0.0,0.0,,0,0.0,0,0.0,0.0,,0,0.0
prebreak,002462,2020-03-05,S,S,A,C,S,S,A,14.0155,13.82,13.2,0.62,,0,0.0,0.0,,0,0.0,0,0.0,0.0,,0,0.0,0,0.0,0.0,,0,0.0
prebreak,600196,2020-03-05,S,S,A,C,S,S,A,26.4609,24.91,23.89,1.02,,0,0.0,0.0,,0,0.0,0,0.0,0.0,,0,0.0,0,0.0,0.0,,0,0.0
prebreak,600690,2020-03-05,S,S,A,C,S,S,A,15.8011,16.19,15.37,0.82,,0,0.0,0.0,,0,0.0,0,0.0,0.0,,0,0.0,0,0.0,0.0,,0,0.0
prebreak,600999,2020-03-05,S,S,A,C,S,S,A,13.4656,12.72,12.08,0.64,,0,0.0,0.0,,0,0.0,0,0.0,0.0,,0,0.0,0,0.0,0.0,,0,0.0
prebreak,002727,2020-03-10,S,S,A,C,S,S,A,19.4444,20.18,19.27,0.91,,0,0.0,0.0,,0,0.0,1,20.18,20.9395,2020-03-24,0,0.8172,1,20.18,24.4724,2020-04-24,0,4.6971
prebreak,300491,2020-03-10,S,S,A,C,S,S,A,13.995,12.12,11.52,0.6,,1,12.12,14.7692,2020-03-17,0,4.3972,1,12.12,14.5046,2020-03-24,0,3.9565,1,12.12,14.76,2020-03-19,1,4.3819
prebreak,600887,2020-03-10,S,S,A,C,S,S,A,23.4147,23.85,22.59,1.26,,0,0.0,0.0,,0,0.0,0,0.0,0.0,,0,0.0,0,0.0,0.0,,0,0.0
prebreak,601966,2020-03-10,S,S,A,C,S,S,A,19.6702,22.19,21.38,0.81,,0,0.0,0.0,,0,0.0,0,0.0,0.0,,0,0.0,0,0.0,0.0,,0,0.0
prebreak,603858,2020-03-10,S,S,A,C,S,S,A,18.0927,17.72,16.99,0.73,,0,0.0,0.0,,0,0.0,0,0.0,0.0,,0,0.0,0,0.0,0.0,,0,0.0
prebreak,002727,2020-03-17,S,S,A,C,S,S,A,16.9972,20.18,19.27,0.91,,1,20.18,20.9395,2020-03-24,0,0.8172,1,20.18,23.0129,2020-03-31,0,3.0943,1,20.18,24.4724,2020-04-24,0,4.6971
prebreak,600887,2020-03-17,S,S,A,C,S,S,A,21.7618,23.85,22.59,1.26,,0,0.0,0.0,,0,0.0,0,0.0,0.0,,0,0.0,0,0.0,0.0,,0,0.0
prebreak,603858,2020-03-17,S,S,A,C,S,S,A,16.3215,17.72,16.99,0.73,,0,0.0,0.0,,0,0.0,0,0.0,0.0,,0,0.0,1,17.72,17.73,2020-04-30,1,-0.0048
prebreak,000333,2020-03-19,S,S,A,C,S,S,A,36.8965,41.99,40.0,1.99,,0,0.0,0.0,,0,0.0,0,0.0,0.0,,0,0.0,0,0.0,0.0,,0,0.0
prebreak,601336,2020-03-20,S,S,A,C,S,S,A,30.7617,35.29,33.93,1.36,,0,0.0,0.0,,0,0.0,0,0.0,0.0,,0,0.0,0,0.0,0.0,,0,0.0
prebreak,600887,2020-03-24,S,S,A,C,S,S,A,22.2083,23.85,22.59,1.26,,0,0.0,0.0,,0,0.0,0,0.0,0.0,,0,0.0,0,0.0,0.0,,0,0.0
prebreak,600900,2020-03-24,S,S,A,C,S,S,A,13.3255,14.04,13.33,0.71,,0,0.0,0.0,,0,0.0,0,0.0,0.0,,0,0.0,0,0.0,0.0,,0,0.0
prebreak,000623,2020-03-25,S,S,A,C,S,S,A,13.3605,13.49,12.9,0.59,,0,0.0,0.0,,0,0.0,0,0.0,0.0,,0,0.0,0,0.0,0.0,,0,0.0
prebreak,600887,2020-03-31,S,S,A,C,S,S,A,23.3912,22.95,21.82,1.13,,0,0.0,0.0,,0,0.0,0,0.0,0.0,,0,0.0,0,0.0,0.0,,0,0.0
prebreak,000538,2020-04-01,S,S,A,C,S,S,A,47.2934,46.6,44.27,2.33,,0,0.0,0.0,,0,0.0,0,0.0,0.0,,0,0.0,0,0.0,0.0,,0,0.0
prebreak,000623,2020-04-01,S,S,A,C,S,S,A,13.2162,13.96,13.29,0.67,,0,0.0,0.0,,0,0.0,0,0.0,0.0,,0,0.0,0,0.0,0.0,,0,0.0
prebreak,000768,2020-04-01,S,S,A,C,S,S,A,15.0451,17.09,16.21,0.88,,0,0.0,0.0,,0,0.0,0,0.0,0.0,,0,0.0,0,0.0,0.0,,0,0.0
prebreak,300741,2020-04-02,S,S,A,C,S,S,A,23.11,23.74,22.52,1.22,,0,0.0,0.0,,0,0.0,0,0.0,0.0,,0,0.0,0,0.0,0.0,,0,0.0
prebreak,600271,2020-04-07,S,S,A,C,S,S,A,18.4039,18.54,17.76,0.78,,0,0.0,0.0,,0,0.0,0,0.0,0.0,,0,0.0,0,0.0,0.0,,0,0.0
prebreak,600660,2020-04-07,S,S,A,C,S,S,A,15.6168,15.93,15.15,0.78,,0,0.0,0.0,,0,0.0,0,0.0,0.0,,0,0.0,0,0.0,0.0,,0,0.0
prebreak,601211,2020-04-07,S,S,A,C,S,S,A,13.4564,13.55,13.04,0.51,,0,0.0,0.0,,0,0.0,0,0.0,0.0,,0,0.0,0,0.0,0.0,,0,0.0
prebreak,600887,2020-04-08,S,S,A,C,S,S,A,23.446,22.95,21.82,1.13,,0,0.0,0.0,,0,0.0,0,0.0,0.0,,0,0.0,0,0.0,0.0,,0,0.0
prebreak,603856,2020-04-08,S,S,A,C,S,S,A,9.769,10.18,9.67,0.51,,0,0.0,0.0,,0,0.0,1,10.18,10.8272,2020-04-22,0,1.2531,1,10.18,10.18,2020-04-28,1,-0.0152
prebreak,000623,2020-04-09,S,S,A,C,S,S,A,13.5387,13.72,13.14,0.58,,0,0.0,0.0,,0,0.0,0,0.0,0.0,,0,0.0,0,0.0,0.0,,0,0.0
prebreak,603222,2020-04-13,S,S,A,C,S,S,A,33.0073,38.32,36.85,1.47,,0,0.0,0.0,,0,0.0,0,0.0,0.0,,0,0.0,0,0.0,0.0,,0,0.0
prebreak,000623,2020-04-16,S,S,A,C,S,S,A,13.6745,13.74,13.23,0.51,,0,0.0,0.0,,0,0.0,0,0.0,0.0,,0,0.0,0,0.0,0.0,,0,0.0
prebreak,601211,2020-04-21,S,S,A,C,S,S,A,13.4564,13.76,13.24,0.52,,0,0.0,0.0,,0,0.0,0,0.0,0.0,,0,0.0,0,0.0,0.0,,0,0.0
prebreak,600835,2020-04-22,S,S,A,C,S,S,A,12.5916,12.1,11.5,0.6,,0,0.0,0.0,,0,0.0,0,0.0,0.0,,0,0.0,0,0.0,0.0,,0,0.0
prebreak,000623,2020-04-23,S,S,A,C,S,S,A,13.5812,13.82,13.31,0.51,,0,0.0,0.0,,0,0.0,0,0.0,0.0,,0,0.0,0,0.0,0.0,,0,0.0
prebreak,603868,2020-04-30,S,S,A,C,S,S,A,29.7147,32.13,30.56,1.57,,0,0.0,0.0,,0,0.0,0,0.0,0.0,,0,0.0,1,32.13,37.36,2020-06-12,1,3.3136
prebreak,300741,2020-05-06,S,S,A,C,S,S,A,24.2001,25.08,24.01,1.07,,0,0.0,0.0,,0,0.0,0,0.0,0.0,,0,0.0,0,0.0,0.0,,0,0.0
prebreak,600668,2020-05-06,S,S,A,C,S,S,A,11.4595,11.04,10.54,0.5,,0,0.0,0.0,,0,0.0,0,0.0,0.0,,0,0.0,0,0.0,0.0,,0,0.0
prebreak,600835,2020-05-11,S,S,A,C,S,S,A,12.6591,12.77,12.17,0.6,,0,0.0,0.0,,0,0.0,0,0.0,0.0,,0,0.0,1,12.77,12.7097,2020-06-02,0,-0.1166
prebreak,600835,2020-05-18,S,S,A,C,S,S,A,11.8489,12.77,12.17,0.6,,0,0.0,0.0,,0,0.0,1,12.77,12.7266,2020-06-01,0,-0.0885,1,12.77,12.7097,2020-06-02,0,-0.1166
prebreak,600323,2020-05-25,S,S,A,C,S,S,A,18.4942,19.29,18.42,0.87,,0,0.0,0.0,,0,0.0,0,0.0,0.0,,0,0.0,0,0.0,0.0,,0,0.0
prebreak,002025,2020-05-27,S,S,A,C,S,S,A,26.5405,27.14,25.93,1.21,,1,27.14,26.6181,2020-06-03,0,-0.4481,1,27.14,26.6181,2020-06-03,0,-0.4481,1,27.14,26.6181,2020-06-03,0,-0.4481
prebreak,603515,2020-05-27,S,S,A,C,S,S,A,20.0931,19.7,18.95,0.75,,1,19.7,20.1478,2020-06-03,0,0.5767,1,19.7,21.1094,2020-06-10,0,1.8581,1,19.7,23.6311,2020-07-14,0,5.2183
prebreak,600323,2020-06-01,S,S,A,C,S,S,A,19.7802,19.29,18.42,0.87,,0,0.0,0.0,,0,0.0,0,0.0,0.0,,0,0.0,0,0.0,0.0,,0,0.0
prebreak,600535,2020-06-02,S,S,A,C,S,S,A,12.3442,12.52,12.02,0.5,,1,12.52,12.2104,2020-06-05,0,-0.6378,1,12.52,12.2104,2020-06-05,0,-0.6378,1,12.52,12.2104,2020-06-05,0,-0.6378
prebreak,603515,2020-06-03,S,S,A,C,S,S,A,20.1478,19.7,18.95,0.75,,0,0.0,0.0,,0,0.0,0,0.0,0.0,,0,0.0,0,0.0,0.0,,0,0.0
prebreak,603351,2020-06-04,S,S,A,C,S,S,A,23.4926,21.56,20.47,1.09,,1,21.56,21.0274,2020-06-09,0,-0.5034,1,21.56,21.0274,2020-06-09,0,-0.5034,1,21.56,21.0274,2020-06-09,0,-0.5034
prebreak,300531,2020-06-05,S,S,A,C,S,S,A,17.3227,17.08,16.29,0.79,,1,17.08,16.7061,2020-06-10,0,-0.4894,1,17.08,16.7061,2020-06-10,0,-0.4894,1,17.08,16.7061,2020-06-10,0,-0.4894
prebreak,601966,2020-06-08,S,S,A,C,S,S,A,17.8861,17.84,16.92,0.92,,0,0.0,0.0,,0,0.0,0,0.0,0.0,,0,0.0,0,0.0,0.0,,0,0.0
prebreak,002032,2020-06-09,S,S,A,C,S,S,A,50.6555,51.17,48.59,2.58,,0,0.0,0.0,,0,0.0,0,0.0,0.0,,0,0.0,0,0.0,0.0,,0,0.0
prebreak,600535,2020-06-09,S,S,A,C,S,S,A,12.4444,12.52,12.02,0.5,,1,12.52,12.5672,2020-06-16,0,0.0753,1,12.52,12.798,2020-06-23,0,0.5367,1,12.52,15.14,2020-07-16,1,5.2177
prebreak,600848,2020-06-09,S,S,A,C,S,S,A,15.9896,15.3,14.51,0.79,,0,0.0,0.0,,0,0.0,0,0.0,0.0,,0,0.0,0,0.0,0.0,,0,0.0
prebreak,603515,2020-06-10,S,S,A,C,S,S,A,21.1094,19.7,18.95,0.75,,0,0.0,0.0,,0,0.0,0,0.0,0.0,,0,0.0,0,0.0,0.0,,0,0.0
prebreak,600482,2020-06-11,S,S,A,C,S,S,A,15.3202,15.86,15.21,0.65,,0,0.0,0.0,,0,0.0,0,0.0,0.0,,0,0.0,1,15.86,17.98,2020-07-10,1,3.2409
prebreak,603351,2020-06-11,S,S,A,C,S,S,A,21.3013,21.56,20.47,1.09,,0,0.0,0.0,,0,0.0,0,0.0,0.0,,0,0.0,0,0.0,0.0,,0,0.0
prebreak,300531,2020-06-12,S,S,A,C,S,S,A,17.3619,17.08,16.29,0.79,,1,17.08,18.4091,2020-06-19,0,1.6649,1,17.08,20.3566,2020-06-30,0,4.1286,1,17.08,20.91,2020-07-15,1,4.8286
prebreak,300549,2020-06-15,S,S,A,C,S,S,A,10.6711,11.21,10.71,0.5,,0,0.0,0.0,,0,0.0,0,0.0,0.0,,0,0.0,0,0.0,0.0,,0,0.0
prebreak,601601,2020-06-15,S,S,A,C,S,S,A,21.7503,22.38,21.29,1.09,,0,0.0,0.0,,0,0.0,0,0.0,0.0,,0,0.0,0,0.0,0.0,,0,0.0
prebreak,601966,2020-06-15,S,S,A,C,S,S,A,18.079,17.84,16.92,0.92,,0,0.0,0.0,,0,0.0,0,0.0,0.0,,0,0.0,0,0.0,0.0,,0,0.0
prebreak,601088,2020-06-16,S,S,A,C,S,S,A,9.6743,10.38,9.88,0.5,,0,0.0,0.0,,0,0.0,0,0.0,0.0,,0,0.0,1,10.38,10.38,2020-07-16,1,-0.0158
prebreak,603515,2020-06-17,S,S,A,C,S,S,A,21.4534,20.38,19.68,0.7,,0,0.0,0.0,,0,0.0,0,0.0,0.0,,0,0.0,0,0.0,0.0,,0,0.0
prebreak,601966,2020-06-22,S,S,A,C,S,S,A,18.9673,17.84,16.92,0.92,,0,0.0,0.0,,0,0.0,0,0.0,0.0,,0,0.0,0,0.0,0.0,,0,0.0
prebreak,601601,2020-07-01,S,S,A,C,S,S,A,22.4568,22.5,21.36,1.14,,1,22.5,26.8068,2020-07-08,0,3.7605,1,22.5,24.727,2020-07-15,0,1.9373,1,22.5,26.7592,2020-08-17,0,3.7188
prebreak,002032,2020-07-02,S,S,A,C,S,S,A,56.8382,51.32,49.05,2.27,,1,51.32,58.3744,2020-07-09,0,3.0885,1,51.32,58.0746,2020-07-16,0,2.9566,1,51.32,59.8,2020-07-16,1,3.7161
prebreak,601336,2020-07-06,S,S,A,C,S,S,A,43.3297,35.76,34.07,1.69,,1,35.76,43.5869,2020-07-13,0,4.6123,1,35.76,45.0439,2020-07-20,0,5.4739,1,35.76,43.52,2020-07-10,1,4.5727
prebreak,603351,2020-07-06,S,S,A,C,S,S,A,23.1,21.88,21.08,0.8,,1,21.88,23.8852,2020-07-13,0,2.4841,1,21.88,25.063,2020-07-20,0,3.9555,1,21.88,24.64,2020-07-17,1,3.427
prebreak,601601,2020-07-08,S,S,A,C,S,S,A,26.8068,22.5,21.36,1.14,,1,22.5,24.727,2020-07-15,0,1.9373,1,22.5,24.5048,2020-07-22,0,1.7425,1,22.5,26.7592,2020-08-17,0,3.7188
prebreak,601966,2020-07-08,S,S,A,C,S,S,A,19.8,19.56,18.65,0.91,,0,0.0,0.0,,0,0.0,0,0.0,0.0,,0,0.0,0,0.0,0.0,,0,0.0
prebreak,600036,2020-07-09,S,S,A,C,S,S,A,29.4,25.69,24.34,1.35,,1,25.69,27.038,2020-07-16,0,0.9834,1,25.69,27.038,2020-07-23,0,0.9834,1,25.69,27.42,2020-09-30,1,1.2662
prebreak,000651,2020-07-13,S,S,A,C,S,S,A,40.6462,39.93,38.21,1.72,,0,0.0,0.0,,0,0.0,0,0.0,0.0,,0,0.0,0,0.0,0.0,,0,0.0
prebreak,300584,2020-07-13,S,S,A,C,S,S,A,26.3318,24.95,24.1,0.85,,0,0.0,0.0,,0,0.0,0,0.0,0.0,,0,0.0,0,0.0,0.0,,0,0.0
prebreak,600299,2020-07-13,S,S,A,C,S,S,A,12.3896,11.42,10.86,0.56,,0,0.0,0.0,,0,0.0,0,0.0,0.0,,0,0.0,0,0.0,0.0,,0,0.0
prebreak,000651,2020-07-20,S,S,A,C,S,S,A,40.2906,39.93,38.21,1.72,,0,0.0,0.0,,0,0.0,0,0.0,0.0,,0,0.0,0,0.0,0.0,,0,0.0
prebreak,300584,2020-07-20,S,S,A,C,S,S,A,24.8358,24.95,24.1,0.85,,0,0.0,0.0,,0,0.0,0,0.0,0.0,,0,0.0,0,0.0,0.0,,0,0.0
prebreak,600299,2020-07-20,S,S,A,C,S,S,A,11.9426,11.42,10.86,0.56,,0,0.0,0.0,,0,0.0,0,0.0,0.0,,0,0.0,0,0.0,0.0,,0,0.0
prebreak,600036,2020-07-23,S,S,A,C,S,S,A,27.038,25.69,24.34,1.35,,0,0.0,0.0,,0,0.0,0,0.0,0.0,,0,0.0,0,0.0,0.0,,0,0.0
prebreak,601318,2020-07-23,S,S,A,C,S,S,A,59.6124,55.57,53.31,2.26,,0,0.0,0.0,,0,0.0,0,0.0,0.0,,0,0.0,0,0.0,0.0,,0,0.0
prebreak,601336,2020-07-27,S,S,A,C,S,S,A,40.2208,35.76,34.07,1.69,,0,0.0,0.0,,0,0.0,0,0.0,0.0,,0,0.0,0,0.0,0.0,,0,0.0
prebreak,000001,2020-07-28,S,S,A,C,S,S,A,10.6606,10.53,9.99,0.54,,0,0.0,0.0,,0,0.0,0,0.0,0.0,,0,0.0,0,0.0,0.0,,0,0.0
prebreak,600036,2020-07-30,S,S,A,C,S,S,A,26.2481,26.9,25.78,1.12,,1,26.9,28.1165,2020-08-06,0,1.0672,1,26.9,28.3519,2020-08-13,0,1.2773,1,26.9,27.42,2020-09-30,1,0.4457
prebreak,002462,2020-07-31,S,S,A,C,S,S,A,14.2529,13.22,12.59,0.63,,1,13.22,14.3514,2020-08-07,0,1.7788,1,13.22,14.0916,2020-08-14,0,1.3667,1,13.22,13.22,2020-09-11,1,-0.0159
prebreak,600663,2020-08-03,S,S,A,C,S,S,A,10.9032,10.94,10.39,0.55,,0,0.0,0.0,,0,0.0,0,0.0,0.0,,0,0.0,0,0.0,0.0,,0,0.0
prebreak,600663,2020-08-10,S,S,A,C,S,S,A,10.8174,11.23,10.67,0.56,,0,0.0,0.0,,0,0.0,0,0.0,0.0,,0,0.0,0,0.0,0.0,,0,0.0
prebreak,600668,2020-09-04,S,S,A,C,S,S,A,12.0908,12.64,12.03,0.61,,0,0.0,0.0,,0,0.0,0,0.0,0.0,,0,0.0,0,0.0,0.0,,0,0.0
prebreak,300780,2020-09-17,S,S,A,C,S,S,A,19.9534,18.75,17.8,0.95,,0,0.0,0.0,,0,0.0,0,0.0,0.0,,0,0.0,0,0.0,0.0,,0,0.0
prebreak,600977,2020-09-29,S,S,A,C,S,S,A,13.6248,14.57,13.91,0.66,,0,0.0,0.0,,0,0.0,0,0.0,0.0,,0,0.0,0,0.0,0.0,,0,0.0
prebreak,603657,2020-09-29,S,S,A,C,S,S,A,16.9523,17.33,16.5,0.83,,1,17.33,18.8647,2020-10-14,0,1.832,1,17.33,19.7838,2020-10-21,0,2.9387,1,17.33,17.33,2020-12-17,1,-0.0159
prebreak,300349,2020-10-12,S,S,A,C,S,S,A,13.4027,13.17,12.58,0.59,,0,0.0,0.0,,0,0.0,0,0.0,0.0,,0,0.0,0,0.0,0.0,,0,0.0
prebreak,601163,2020-10-12,S,S,A,C,S,S,A,12.8583,12.57,11.91,0.66,,0,0.0,0.0,,0,0.0,0,0.0,0.0,,0,0.0,0,0.0,0.0,,0,0.0
prebreak,001979,2020-10-16,S,S,A,C,S,S,A,12.8323,13.11,12.49,0.62,,0,0.0,0.0,,0,0.0,0,0.0,0.0,,0,0.0,0,0.0,0.0,,0,0.0
prebreak,300349,2020-10-19,S,S,A,C,S,S,A,13.8844,13.71,12.99,0.72,,1,13.71,13.7382,2020-10-22,0,0.0246,1,13.71,13.7382,2020-10-22,0,0.0246,1,13.71,13.7382,2020-10-22,0,0.0246
prebreak,300349,2020-10-26,S,S,A,C,S,S,A,13.5145,13.71,12.99,0.72,,0,0.0,0.0,,0,0.0,0,0.0,0.0,,0,0.0,0,0.0,0.0,,0,0.0
prebreak,002422,2020-10-28,S,S,A,C,S,S,A,21.0067,20.64,19.58,1.06,,1,20.64,21.1216,2020-11-04,0,0.4393,1,20.64,20.4942,2020-11-11,0,-0.1523,1,20.64,19.58,2020-11-24,1,-1.0142
prebreak,300583,2020-10-28,S,S,A,C,S,S,A,18.8104,18.7,17.87,0.83,,1,18.7,17.87,2020-10-30,1,-1.0165,1,18.7,17.87,2020-10-30,1,-1.0165,1,18.7,17.87,2020-10-30,1,-1.0165
prebreak,600977,2020-10-28,S,S,A,C,S,S,A,12.5238,14.14,13.47,0.67,,0,0.0,0.0,,0,0.0,0,0.0,0.0,,0,0.0,0,0.0,0.0,,0,0.0
prebreak,603228,2020-10-28,S,S,A,C,S,S,A,30.3019,32.54,30.93,1.61,,0,0.0,0.0,,0,0.0,0,0.0,0.0,,0,0.0,0,0.0,0.0,,0,0.0
prebreak,600487,2020-10-29,S,S,A,C,S,S,A,14.1158,14.77,14.12,0.65,,1,14.77,14.7871,2020-11-05,0,0.009,1,14.77,14.4131,2020-11-12,0,-0.5661,1,14.77,14.12,2020-11-27,1,-1.0166
prebreak,300349,2020-11-02,S,S,A,C,S,S,A,12.9381,13.71,12.99,0.72,,0,0.0,0.0,,0,0.0,0,0.0,0.0,,0,0.0,0,0.0,0.0,,0,0.0
prebreak,600406,2020-11-02,S,S,A,C,S,S,A,11.3395,10.72,10.19,0.53,,0,0.0,0.0,,0,0.0,0,0.0,0.0,,0,0.0,0,0.0,0.0,,0,0.0
prebreak,300422,2020-11-03,S,S,A,C,S,S,A,11.1643,12.11,11.61,0.5,,0,0.0,0.0,,0,0.0,1,12.11,11.9099,2020-11-17,0,-0.4184,1,12.11,11.8602,2020-11-19,0,-0.5178
prebreak,002422,2020-11-04,S,S,A,C,S,S,A,21.1216,21.53,20.45,1.08,,0,0.0,0.0,,0,0.0,0,0.0,0.0,,0,0.0,0,0.0,0.0,,0,0.0
prebreak,300583,2020-11-04,S,S,A,C,S,S,A,18.1784,18.7,17.87,0.83,,0,0.0,0.0,,0,0.0,0,0.0,0.0,,0,0.0,0,0.0,0.0,,0,0.0
prebreak,300771,2020-11-05,S,S,A,C,S,S,A,20.5971,21.01,19.91,1.1,,1,21.01,20.6573,2020-11-12,0,-0.3349,1,21.01,20.6573,2020-11-12,0,-0.3349,1,21.01,20.6573,2020-11-12,0,-0.3349
prebreak,600487,2020-11-05,S,S,A,C,S,S,A,14.7871,14.56,13.87,0.69,,0,0.0,0.0,,0,0.0,0,0.0,0.0,,0,0.0,0,0.0,0.0,,0,0.0
prebreak,601601,2020-11-05,S,S,A,C,S,S,A,25.624,26.69,25.49,1.2,,0,0.0,0.0,,0,0.0,0,0.0,0.0,,0,0.0,0,0.0,0.0,,0,0.0
prebreak,300349,2020-11-09,S,S,A,C,S,S,A,13.6005,13.71,12.99,0.72,,0,0.0,0.0,,0,0.0,0,0.0,0.0,,0,0.0,0,0.0,0.0,,0,0.0
prebreak,002253,2020-11-12,S,S,A,C,S,S,A,15.5789,16.15,15.46,0.69,,0,0.0,0.0,,0,0.0,0,0.0,0.0,,0,0.0,0,0.0,0.0,,0,0.0
prebreak,600487,2020-11-12,S,S,A,C,S,S,A,14.4131,15.11,14.34,0.77,,0,0.0,0.0,,0,0.0,0,0.0,0.0,,0,0.0,0,0.0,0.0,,0,0.0
prebreak,300166,2020-11-13,S,S,A,C,S,S,A,12.27,12.83,12.17,0.66,,0,0.0,0.0,,0,0.0,1,12.83,12.82,2020-11-25,0,-0.0299,1,12.83,12.82,2020-11-25,0,-0.0299
prebreak,600848,2020-11-13,S,S,A,C,S,S,A,16.2715,17.86,17.02,0.84,,0,0.0,0.0,,0,0.0,0,0.0,0.0,,0,0.0,0,0.0,0.0,,0,0.0
prebreak,601318,2020-11-13,S,S,A,C,S,S,A,61.2366,61.01,58.58,2.43,,0,0.0,0.0,,0,0.0,0,0.0,0.0,,0,0.0,0,0.0,0.0,,0,0.0
prebreak,000915,2020-11-16,S,S,A,C,S,S,A,20.8791,21.87,20.75,1.12,,0,0.0,0.0,,0,0.0,0,0.0,0.0,,0,0.0,0,0.0,0.0,,0,0.0
prebreak,600903,2020-11-16,S,S,A,C,S,S,A,11.6812,11.48,10.92,0.56,,0,0.0,0.0,,0,0.0,0,0.0,0.0,,0,0.0,0,0.0,0.0,,0,0.0
prebreak,601163,2020-11-16,S,S,A,C,S,S,A,15.3027,13.42,12.89,0.53,,0,0.0,0.0,,0,0.0,0,0.0,0.0,,0,0.0,0,0.0,0.0,,0,0.0
prebreak,002422,2020-11-18,S,S,A,C,S,S,A,20.2821,20.77,19.99,0.78,,0,0.0,0.0,,0,0.0,0,0.0,0.0,,0,0.0,0,0.0,0.0,,0,0.0
prebreak,600167,2020-11-18,S,S,A,C,S,S,A,11.0577,11.44,10.92,0.52,,0,0.0,0.0,,0,0.0,0,0.0,0.0,,0,0.0,0,0.0,0.0,,0,0.0
prebreak,300616,2020-11-20,S,S,A,C,S,S,A,53.0311,52.73,50.1,2.63,,0,0.0,0.0,,0,0.0,0,0.0,0.0,,0,0.0,0,0.0,0.0,,0,0.0
prebreak,000915,2020-11-23,S,S,A,C,S,S,A,20.5413,20.98,19.94,1.04,,0,0.0,0.0,,0,0.0,0,0.0,0.0,,0,0.0,0,0.0,0.0,,0,0.0
prebreak,002462,2020-11-23,S,S,A,C,S,S,A,14.3783,14.17,13.51,0.66,,0,0.0,0.0,,0,0.0,0,0.0,0.0,,0,0.0,0,0.0,0.0,,0,0.0
prebreak,300616,2020-11-27,S,S,A,C,S,S,A,58.1624,52.73,50.1,2.63,,1,52.73,61.2343,2020-12-04,0,3.2163,1,52.73,60.1621,2020-12-11,0,2.8089,1,52.73,76.5854,2021-01-04,1,9.0495
prebreak,600167,2020-12-02,S,S,A,C,S,S,A,10.6124,11.33,10.75,0.58,,0,0.0,0.0,,0,0.0,0,0.0,0.0,,0,0.0,0,0.0,0.0,,0,0.0
prebreak,300616,2020-12-04,S,S,A,C,S,S,A,61.2343,52.73,50.1,2.63,,0,0.0,0.0,,0,0.0,0,0.0,0.0,,0,0.0,0,0.0,0.0,,0,0.0
prebreak,002233,2020-12-07,S,S,A,C,S,S,A,9.9102,10.38,9.87,0.51,,0,0.0,0.0,,0,0.0,0,0.0,0.0,,0,0.0,0,0.0,0.0,,0,0.0
prebreak,600585,2020-12-10,S,S,A,C,S,S,A,39.624,42.39,40.44,1.95,,0,0.0,0.0,,0,0.0,0,0.0,0.0,,0,0.0,1,42.39,40.44,2021-01-07,1,-1.0159
prebreak,600585,2020-12-17,S,S,A,C,S,S,A,39.6165,40.03,38.55,1.48,,0,0.0,0.0,,0,0.0,0,0.0,0.0,,0,0.0,0,0.0,0.0,,0,0.0
prebreak,002484,2020-12-18,S,S,A,C,S,S,A,10.4236,11.28,10.76,0.52,,0,0.0,0.0,,0,0.0,0,0.0,0.0,,0,0.0,0,0.0,0.0,,0,0.0
prebreak,601088,2020-12-25,S,S,A,C,S,S,A,12.1969,12.63,12.08,0.55,,0,0.0,0.0,,0,0.0,0,0.0,0.0,,0,0.0,0,0.0,0.0,,0,0.0
prebreak,603358,2021-01-12,S,S,A,C,S,S,A,9.2016,12.02,11.48,0.54,,0,0.0,0.0,,0,0.0,0,0.0,0.0,,0,0.0,0,0.0,0.0,,0,0.0
prebreak,002886,2021-01-14,S,S,A,C,S,S,A,14.8188,14.59,13.92,0.67,,1,14.59,14.6853,2021-01-21,0,0.1256,1,14.59,13.92,2021-01-25,1,-1.0159,1,14.59,13.92,2021-01-25,1,-1.0159
prebreak,002223,2021-01-15,S,S,A,C,S,S,A,26.6454,26.68,25.4,1.28,,0,0.0,0.0,,0,0.0,0,0.0,0.0,,0,0.0,0,0.0,0.0,,0,0.0
prebreak,600487,2021-01-15,S,S,A,C,S,S,A,13.5021,13.71,13.13,0.58,,0,0.0,0.0,,0,0.0,0,0.0,0.0,,0,0.0,0,0.0,0.0,,0,0.0
prebreak,002138,2021-01-18,S,S,A,C,S,S,A,24.6236,23.67,22.8,0.87,,0,0.0,0.0,,0,0.0,0,0.0,0.0,,0,0.0,0,0.0,0.0,,0,0.0
prebreak,002268,2021-01-21,S,S,A,C,S,S,A,16.7106,17.23,16.59,0.64,,1,17.23,18.0119,2021-01-27,0,1.2006,1,17.23,18.0119,2021-01-27,0,1.2006,1,17.23,18.0119,2021-01-27,0,1.2006
prebreak,000988,2021-01-26,S,S,A,C,S,S,A,22.9099,23.85,22.62,1.23,,0,0.0,0.0,,0,0.0,0,0.0,0.0,,0,0.0,0,0.0,0.0,,0,0.0
prebreak,000651,2021-01-27,S,S,A,C,S,S,A,41.2456,44.06,41.75,2.31,,0,0.0,0.0,,0,0.0,0,0.0,0.0,,0,0.0,0,0.0,0.0,,0,0.0
prebreak,300422,2021-02-01,S,S,A,C,S,S,A,8.9473,10.21,9.71,0.5,,0,0.0,0.0,,0,0.0,0,0.0,0.0,,0,0.0,0,0.0,0.0,,0,0.0
prebreak,601088,2021-02-01,S,S,A,C,S,S,A,11.213,12.07,11.44,0.63,,0,0.0,0.0,,0,0.0,1,12.07,12.4743,2021-02-22,0,0.6268,1,12.07,11.9724,2021-02-24,0,-0.1694
prebreak,601318,2021-02-01,S,S,A,C,S,S,A,60.421,65.23,62.81,2.42,,0,0.0,0.0,,0,0.0,0,0.0,0.0,,0,0.0,0,0.0,0.0,,0,0.0
prebreak,000988,2021-02-02,S,S,A,C,S,S,A,22.5183,22.74,21.7,1.04,,0,0.0,0.0,,0,0.0,0,0.0,0.0,,0,0.0,0,0.0,0.0,,0,0.0
prebreak,600048,2021-02-05,S,S,A,C,S,S,A,11.1695,11.56,11.01,0.55,,0,0.0,0.0,,0,0.0,0,0.0,0.0,,0,0.0,0,0.0,0.0,,0,0.0
prebreak,601318,2021-02-08,S,S,A,C,S,S,A,59.8874,65.23,62.81,2.42,,0,0.0,0.0,,0,0.0,0,0.0,0.0,,0,0.0,0,0.0,0.0,,0,0.0
prebreak,002734,2021-02-18,S,S,A,C,S,S,A,12.3531,10.96,10.41,0.55,,1,10.96,11.6508,2021-02-25,0,1.2401,1,10.96,11.6085,2021-03-04,0,1.1632,1,10.96,10.96,2021-03-10,1,-0.0151
prebreak,000935,2021-02-19,S,S,A,C,S,S,A,13.2352,12.57,11.95,0.62,,1,12.57,13.1403,2021-02-26,0,0.9038,1,12.57,13.4629,2021-03-05,0,1.4238,1,12.57,12.57,2021-03-09,1,-0.0154
prebreak,600585,2021-02-19,S,S,A,C,S,S,A,40.9345,38.57,36.78,1.79,,1,38.57,39.946,2021-02-26,0,0.7519,1,38.57,38.3509,2021-03-05,0,-0.1387,1,38.57,38.57,2021-03-05,1,-0.0164
prebreak,000997,2021-02-23,S,S,A,C,S,S,A,13.3942,13.79,13.18,0.61,,1,13.79,13.8147,2021-03-02,0,0.0233,1,13.79,13.7789,2021-03-04,0,-0.0353,1,13.79,13.7789,2021-03-04,0,-0.0353
prebreak,000999,2021-03-02,S,S,A,C,S,S,A,13.1946,13.69,13.08,0.61,,0,0.0,0.0,,0,0.0,0,0.0,0.0,,0,0.0,0,0.0,0.0,,0,0.0
prebreak,000651,2021-03-03,S,S,A,C,S,S,A,41.794,41.99,39.81,2.18,,0,0.0,0.0,,0,0.0,1,41.99,43.1825,2021-03-17,0,0.532,1,41.99,39.81,2021-05-13,1,-1.014
prebreak,000581,2021-03-11,S,S,A,C,S,S,A,17.6233,17.77,16.84,0.93,,0,0.0,0.0,,0,0.0,0,0.0,0.0,,0,0.0,1,17.77,17.78,2021-06-09,1,-0.0038
prebreak,002222,2021-03-11,S,S,A,C,S,S,A,12.2728,11.47,10.92,0.55,,1,11.47,11.9341,2021-03-18,0,0.8274,1,11.47,12.8026,2021-03-25,0,2.4056,1,11.47,13.75,2021-04-13,1,4.127
prebreak,000776,2021-03-15,S,S,A,C,S,S,A,13.181,13.57,13.06,0.51,,0,0.0,0.0,,0,0.0,0,0.0,0.0,,0,0.0,0,0.0,0.0,,0,0.0
prebreak,603458,2021-03-16,S,S,A,C,S,S,A,11.347,11.47,10.97,0.5,,0,0.0,0.0,,0,0.0,0,0.0,0.0,,0,0.0,0,0.0,0.0,,0,0.0
prebreak,000581,2021-03-18,S,S,A,C,S,S,A,17.3002,17.62,16.86,0.76,,0,0.0,0.0,,0,0.0,0,0.0,0.0,,0,0.0,0,0.0,0.0,,0,0.0
prebreak,600566,2021-03-18,S,S,A,C,S,S,A,15.9368,16.14,15.35,0.79,,0,0.0,0.0,,0,0.0,0,0.0,0.0,,0,0.0,0,0.0,0.0,,0,0.0
prebreak,600030,2021-03-22,S,S,A,C,S,S,A,19.9332,20.15,19.08,1.07,,0,0.0,0.0,,0,0.0,0,0.0,0.0,,0,0.0,0,0.0,0.0,,0,0.0
prebreak,601318,2021-03-22,S,S,A,C,S,S,A,60.8402,66.14,63.23,2.91,,0,0.0,0.0,,0,0.0,0,0.0,0.0,,0,0.0,0,0.0,0.0,,0,0.0
prebreak,600566,2021-03-25,S,S,A,C,S,S,A,15.4448,16.07,15.35,0.72,,0,0.0,0.0,,0,0.0,0,0.0,0.0,,0,0.0,0,0.0,0.0,,0,0.0
prebreak,002380,2021-03-29,S,S,A,C,S,S,A,15.3567,13.95,13.26,0.69,,0,0.0,0.0,,0,0.0,0,0.0,0.0,,0,0.0,0,0.0,0.0,,0,0.0
prebreak,600030,2021-03-29,S,S,A,C,S,S,A,20.024,20.3,19.52,0.78,,0,0.0,0.0,,0,0.0,0,0.0,0.0,,0,0.0,0,0.0,0.0,,0,0.0
prebreak,000002,2021-03-31,S,S,A,C,S,S,A,25.3802,26.86,25.6,1.26,,0,0.0,0.0,,0,0.0,0,0.0,0.0,,0,0.0,0,0.0,0.0,,0,0.0
prebreak,000935,2021-04-02,S,S,A,C,S,S,A,13.3775,13.77,13.21,0.56,,0,0.0,0.0,,0,0.0,0,0.0,0.0,,0,0.0,0,0.0,0.0,,0,0.0
prebreak,002380,2021-04-06,S,S,A,C,S,S,A,14.194,13.95,13.26,0.69,,0,0.0,0.0,,0,0.0,0,0.0,0.0,,0,0.0,0,0.0,0.0,,0,0.0
prebreak,002741,2021-04-08,S,S,A,C,S,S,A,13.9735,14.43,13.93,0.5,,0,0.0,0.0,,0,0.0,0,0.0,0.0,,0,0.0,0,0.0,0.0,,0,0.0
prebreak,002463,2021-04-28,S,S,A,C,S,S,A,12.72,14.15,13.53,0.62,,0,0.0,0.0,,0,0.0,0,0.0,0.0,,0,0.0,0,0.0,0.0,,0,0.0
prebreak,603739,2021-04-29,S,S,A,C,S,S,A,16.5801,16.21,15.58,0.63,,0,0.0,0.0,,0,0.0,0,0.0,0.0,,0,0.0,0,0.0,0.0,,0,0.0
prebreak,300036,2021-04-30,S,S,A,C,S,S,A,15.6132,16.44,15.85,0.59,,0,0.0,0.0,,0,0.0,0,0.0,0.0,,0,0.0,1,16.44,19.11,2021-06-03,1,4.5014
prebreak,601138,2021-04-30,S,S,A,C,S,S,A,11.7012,12.46,11.94,0.52,,0,0.0,0.0,,0,0.0,0,0.0,0.0,,0,0.0,0,0.0,0.0,,0,0.0
prebreak,002801,2021-05-06,S,S,A,C,S,S,A,21.6043,23.12,22.05,1.07,,0,0.0,0.0,,0,0.0,0,0.0,0.0,,0,0.0,0,0.0,0.0,,0,0.0
prebreak,600783,2021-05-06,S,S,A,C,S,S,A,10.8697,12.46,11.86,0.6,,0,0.0,0.0,,0,0.0,0,0.0,0.0,,0,0.0,0,0.0,0.0,,0,0.0
prebreak,002463,2021-05-10,S,S,A,C,S,S,A,12.2014,14.15,13.53,0.62,,0,0.0,0.0,,0,0.0,0,0.0,0.0,,0,0.0,0,0.0,0.0,,0,0.0
prebreak,002801,2021-05-13,S,S,A,C,S,S,A,22.507,23.12,22.05,1.07,,0,0.0,0.0,,0,0.0,0,0.0,0.0,,0,0.0,0,0.0,0.0,,0,0.0
prebreak,000997,2021-05-17,S,S,A,C,S,S,A,13.6984,13.05,12.42,0.63,,0,0.0,0.0,,0,0.0,0,0.0,0.0,,0,0.0,0,0.0,0.0,,0,0.0
prebreak,000063,2021-05-20,S,S,A,C,S,S,A,26.6639,27.09,25.71,1.38,,1,27.09,27.993,2021-05-27,0,0.639,1,27.09,30.0461,2021-06-03,0,2.1259,1,27.09,29.982,2021-06-22,0,2.0794
prebreak,002801,2021-05-20,S,S,A,C,S,S,A,22.495,22.76,21.9,0.86,,0,0.0,0.0,,0,0.0,0,0.0,0.0,,0,0.0,0,0.0,0.0,,0,0.0
prebreak,600895,2021-05-21,S,S,A,C,S,S,A,17.4423,17.1,16.28,0.82,,0,0.0,0.0,,0,0.0,0,0.0,0.0,,0,0.0,0,0.0,0.0,,0,0.0
prebreak,603368,2021-05-21,S,S,A,C,S,S,A,16.5835,17.52,16.74,0.78,,0,0.0,0.0,,0,0.0,0,0.0,0.0,,0,0.0,0,0.0,0.0,,0,0.0
prebreak,000997,2021-05-24,S,S,A,C,S,S,A,13.6089,13.05,12.42,0.63,,0,0.0,0.0,,0,0.0,0,0.0,0.0,,0,0.0,0,0.0,0.0,,0,0.0
prebreak,600566,2021-05-26,S,S,A,C,S,S,A,14.8779,15.17,14.44,0.73,,0,0.0,0.0,,0,0.0,0,0.0,0.0,,0,0.0,0,0.0,0.0,,0,0.0
prebreak,000063,2021-05-27,S,S,A,C,S,S,A,27.993,27.41,25.96,1.45,,1,27.41,30.0461,2021-06-03,0,1.8025,1,27.41,30.3486,2021-06-10,0,2.011,1,27.41,28.79,2021-07-05,1,0.9368
prebreak,002801,2021-05-27,S,S,A,C,S,S,A,23.4639,23.04,22.05,0.99,,0,0.0,0.0,,0,0.0,0,0.0,0.0,,0,0.0,0,0.0,0.0,,0,0.0
prebreak,603858,2021-05-27,S,S,A,C,S,S,A,20.2813,20.23,19.23,1.0,,0,0.0,0.0,,0,0.0,0,0.0,0.0,,0,0.0,0,0.0,0.0,,0,0.0
prebreak,601088,2021-05-28,S,S,A,C,S,S,A,13.1611,13.33,12.66,0.67,,0,0.0,0.0,,0,0.0,0,0.0,0.0,,0,0.0,0,0.0,0.0,,0,0.0
prebreak,603368,2021-05-28,S,S,A,C,S,S,A,16.9119,17.24,16.54,0.7,,0,0.0,0.0,,0,0.0,0,0.0,0.0,,0,0.0,0,0.0,0.0,,0,0.0
prebreak,600612,2021-06-02,S,S,A,C,S,S,A,48.972,49.57,47.08,2.49,,0,0.0,0.0,,0,0.0,0,0.0,0.0,,0,0.0,0,0.0,0.0,,0,0.0
prebreak,603590,2021-06-02,S,S,A,C,S,S,A,35.5822,35.41,33.94,1.47,,1,35.41,37.2312,2021-06-09,0,1.2198,1,35.41,34.621,2021-06-17,0,-0.5547,1,35.41,35.41,2021-06-11,1,-0.0183
prebreak,603866,2021-06-02,S,S,A,C,S,S,A,17.513,17.9,17.04,0.86,,0,0.0,0.0,,0,0.0,0,0.0,0.0,,0,0.0,0,0.0,0.0,,0,0.0
prebreak,000063,2021-06-03,S,S,A,C,S,S,A,30.0461,27.41,25.96,1.45,,0,0.0,0.0,,0,0.0,0,0.0,0.0,,0,0.0,0,0.0,0.0,,0,0.0
prebreak,002930,2021-06-03,S,S,A,C,S,S,A,14.4175,14.32,13.68,0.64,,1,14.32,14.4448,2021-06-08,0,0.1779,1,14.32,14.4448,2021-06-08,0,0.1779,1,14.32,14.4448,2021-06-08,0,0.1779
prebreak,603858,2021-06-03,S,S,A,C,S,S,A,20.0719,20.23,19.23,1.0,,0,0.0,0.0,,0,0.0,0,0.0,0.0,,0,0.0,0,0.0,0.0,,0,0.0
prebreak,002737,2021-06-04,S,S,A,C,S,S,A,12.7381,12.75,12.14,0.61,,0,0.0,0.0,,0,0.0,0,0.0,0.0,,0,0.0,0,0.0,0.0,,0,0.0
prebreak,300723,2021-06-08,S,S,A,C,S,S,A,16.9156,18.03,17.11,0.92,,0,0.0,0.0,,0,0.0,0,0.0,0.0,,0,0.0,1,18.03,21.14,2021-07-02,1,3.3634
prebreak,600612,2021-06-09,S,S,A,C,S,S,A,48.5959,49.06,46.78,2.28,,0,0.0,0.0,,0,0.0,0,0.0,0.0,,0,0.0,0,0.0,0.0,,0,0.0
prebreak,603590,2021-06-09,S,S,A,C,S,S,A,37.2312,35.41,33.94,1.47,,0,0.0,0.0,,0,0.0,0,0.0,0.0,,0,0.0,0,0.0,0.0,,0,0.0
prebreak,603866,2021-06-09,S,S,A,C,S,S,A,16.7052,17.55,16.73,0.82,,0,0.0,0.0,,0,0.0,0,0.0,0.0,,0,0.0,0,0.0,0.0,,0,0.0
prebreak,002930,2021-06-10,S,S,A,C,S,S,A,14.4721,14.32,13.68,0.64,,0,0.0,0.0,,0,0.0,0,0.0,0.0,,0,0.0,0,0.0,0.0,,0,0.0
prebreak,600739,2021-06-11,S,S,A,C,S,S,A,18.7322,19.23,18.52,0.71,,0,0.0,0.0,,0,0.0,0,0.0,0.0,,0,0.0,0,0.0,0.0,,0,0.0
prebreak,603043,2021-06-11,S,S,A,C,S,S,A,23.0107,24.18,23.13,1.05,,0,0.0,0.0,,0,0.0,0,0.0,0.0,,0,0.0,0,0.0,0.0,,0,0.0
prebreak,002151,2021-06-17,S,S,A,C,S,S,A,43.5115,43.61,41.5,2.11,,1,43.61,43.4123,2021-06-24,0,-0.1094,1,43.61,41.5,2021-07-01,1,-1.0151,1,43.61,41.5,2021-07-01,1,-1.0151
prebreak,002661,2021-06-17,S,S,A,C,S,S,A,12.1592,13.29,12.64,0.65,,0,0.0,0.0,,0,0.0,0,0.0,0.0,,0,0.0,0,0.0,0.0,,0,0.0
prebreak,603866,2021-06-17,S,S,A,C,S,S,A,16.5855,17.55,16.73,0.82,,0,0.0,0.0,,0,0.0,0,0.0,0.0,,0,0.0,0,0.0,0.0,,0,0.0
prebreak,002373,2021-06-21,S,S,A,C,S,S,A,17.2331,15.63,14.89,0.74,,0,0.0,0.0,,0,0.0,0,0.0,0.0,,0,0.0,0,0.0,0.0,,0,0.0
prebreak,600547,2021-06-23,S,S,A,C,S,S,A,18.7313,19.12,18.34,0.78,,0,0.0,0.0,,0,0.0,0,0.0,0.0,,0,0.0,0,0.0,0.0,,0,0.0
prebreak,603866,2021-06-24,S,S,A,C,S,S,A,16.1317,17.55,16.73,0.82,,0,0.0,0.0,,0,0.0,0,0.0,0.0,,0,0.0,0,0.0,0.0,,0,0.0
prebreak,001872,2021-06-28,S,S,A,C,S,S,A,14.19,13.72,13.03,0.69,,0,0.0,0.0,,0,0.0,0,0.0,0.0,,0,0.0,0,0.0,0.0,,0,0.0
prebreak,603239,2021-06-28,S,S,A,C,S,S,A,14.529,14.18,13.43,0.75,,0,0.0,0.0,,0,0.0,0,0.0,0.0,,0,0.0,0,0.0,0.0,,0,0.0
prebreak,002741,2021-06-30,S,S,A,C,S,S,A,15.8718,15.99,15.16,0.83,,0,0.0,0.0,,0,0.0,0,0.0,0.0,,0,0.0,0,0.0,0.0,,0,0.0
prebreak,000063,2021-07-02,S,S,A,C,S,S,A,29.102,30.79,29.2,1.59,,0,0.0,0.0,,0,0.0,1,30.79,32.8784,2021-07-16,0,1.2979,1,30.79,32.5393,2021-08-13,0,1.0848
prebreak,002558,2021-07-05,S,S,A,C,S,S,A,12.2048,12.67,12.06,0.61,,0,0.0,0.0,,0,0.0,0,0.0,0.0,,0,0.0,0,0.0,0.0,,0,0.0
prebreak,002741,2021-07-07,S,S,A,C,S,S,A,17.6011,15.99,15.16,0.83,,1,15.99,19.3999,2021-07-14,0,4.0911,1,15.99,20.1751,2021-07-21,0,5.0245,1,15.99,18.76,2021-07-15,1,3.3206
prebreak,603043,2021-07-19,S,S,A,C,S,S,A,22.383,23.12,21.93,1.19,,0,0.0,0.0,,0,0.0,0,0.0,0.0,,0,0.0,0,0.0,0.0,,0,0.0
prebreak,300625,2021-07-29,S,S,A,C,S,S,A,12.4128,13.5,12.94,0.56,,1,13.5,13.4662,2021-08-05,0,-0.0786,1,13.5,13.3029,2021-08-06,0,-0.3701,1,13.5,13.3029,2021-08-06,0,-0.3701
prebreak,002801,2021-07-30,S,S,A,C,S,S,A,23.5898,24.69,23.53,1.16,,0,0.0,0.0,,0,0.0,0,0.0,0.0,,0,0.0,0,0.0,0.0,,0,0.0
prebreak,300348,2021-07-30,S,S,A,C,S,S,A,14.6409,16.54,15.84,0.7,,1,16.54,16.3692,2021-08-06,0,-0.2618,1,16.54,16.3692,2021-08-06,0,-0.2618,1,16.54,16.3692,2021-08-06,0,-0.2618
prebreak,603131,2021-07-30,S,S,A,C,S,S,A,17.1249,16.84,16.1,0.74,,1,16.84,19.8394,2021-08-06,0,4.0334,1,16.84,22.3043,2021-08-13,0,7.3623,1,16.84,22.82,2021-08-27,1,8.0587
prebreak,603043,2021-08-02,S,S,A,C,S,S,A,19.7487,22.57,21.71,0.86,,0,0.0,0.0,,0,0.0,0,0.0,0.0,,0,0.0,0,0.0,0.0,,0,0.0
prebreak,000999,2021-08-03,S,S,A,C,S,S,A,12.6508,12.72,12.07,0.65,,0,0.0,0.0,,0,0.0,0,0.0,0.0,,0,0.0,0,0.0,0.0,,0,0.0
prebreak,000401,2021-08-04,S,S,A,C,S,S,A,10.8677,11.06,10.55,0.51,,1,11.06,11.0333,2021-08-11,0,-0.0687,1,11.06,11.0333,2021-08-11,0,-0.0687,1,11.06,11.0333,2021-08-11,0,-0.0687
prebreak,300625,2021-08-05,S,S,A,C,S,S,A,13.4662,13.5,12.94,0.56,,0,0.0,0.0,,0,0.0,0,0.0,0.0,,0,0.0,0,0.0,0.0,,0,0.0
prebreak,300348,2021-08-06,S,S,A,C,S,S,A,16.3692,16.54,15.84,0.7,,1,16.54,16.9552,2021-08-13,0,0.5749,1,16.54,15.84,2021-08-18,1,-1.0173,1,16.54,16.54,2021-08-16,1,-0.018
prebreak,600585,2021-08-06,S,S,A,C,S,S,A,30.8115,31.04,29.46,1.58,,1,31.04,32.2701,2021-08-13,0,0.7631,1,31.04,33.0543,2021-08-20,0,1.2591,1,31.04,31.04,2021-08-26,1,-0.0149
prebreak,605222,2021-08-09,S,S,A,C,S,S,A,20.8466,20.73,19.78,0.95,,0,0.0,0.0,,0,0.0,0,0.0,0.0,,0,0.0,0,0.0,0.0,,0,0.0
prebreak,300348,2021-08-13,S,S,A,C,S,S,A,16.9552,16.54,15.84,0.7,,0,0.0,0.0,,0,0.0,0,0.0,0.0,,0,0.0,0,0.0,0.0,,0,0.0
prebreak,000021,2021-08-19,S,S,A,C,S,S,A,16.2062,16.6,15.93,0.67,,0,0.0,0.0,,0,0.0,0,0.0,0.0,,0,0.0,0,0.0,0.0,,0,0.0
prebreak,000555,2021-08-20,S,S,A,C,S,S,A,12.8254,13.25,12.64,0.61,,0,0.0,0.0,,0,0.0,0,0.0,0.0,,0,0.0,0,0.0,0.0,,0,0.0
prebreak,000021,2021-08-26,S,S,A,C,S,S,A,15.9291,16.65,15.82,0.83,,0,0.0,0.0,,0,0.0,0,0.0,0.0,,0,0.0,0,0.0,0.0,,0,0.0
prebreak,600371,2021-08-31,S,S,A,C,S,S,A,10.1763,10.94,10.43,0.51,,0,0.0,0.0,,0,0.0,1,10.94,10.43,2021-09-10,1,-1.0157,1,10.94,10.43,2021-09-10,1,-1.0157
prebreak,002281,2021-09-01,S,S,A,C,S,S,A,23.0463,27.16,25.76,1.4,,0,0.0,0.0,,0,0.0,0,0.0,0.0,,0,0.0,0,0.0,0.0,,0,0.0
prebreak,600547,2021-09-01,S,S,A,C,S,S,A,17.6889,17.78,17.01,0.77,,0,0.0,0.0,,0,0.0,0,0.0,0.0,,0,0.0,0,0.0,0.0,,0,0.0
prebreak,000581,2021-09-02,S,S,A,C,S,S,A,17.9655,17.78,16.99,0.79,,0,0.0,0.0,,0,0.0,0,0.0,0.0,,0,0.0,0,0.0,0.0,,0,0.0
prebreak,600036,2021-09-06,S,S,A,C,S,S,A,39.8775,40.4,38.47,1.93,,0,0.0,0.0,,0,0.0,0,0.0,0.0,,0,0.0,0,0.0,0.0,,0,0.0
prebreak,603109,2021-09-06,S,S,A,C,S,S,A,16.3932,15.57,14.8,0.77,,0,0.0,0.0,,0,0.0,0,0.0,0.0,,0,0.0,0,0.0,0.0,,0,0.0
prebreak,688550,2021-09-09,S,S,A,C,S,S,A,37.5117,32.28,30.7,1.58,,1,32.28,37.183,2021-09-14,0,3.0857,1,32.28,37.183,2021-09-14,0,3.0857,1,32.28,37.183,2021-09-14,0,3.0857
prebreak,600990,2021-09-10,S,S,A,C,S,S,A,23.7571,24.24,23.29,0.95,,0,0.0,0.0,,0,0.0,0,0.0,0.0,,0,0.0,1,24.24,23.29,2021-10-12,1,-1.0188
prebreak,000777,2021-09-13,S,S,A,C,S,S,A,12.6754,11.04,10.49,0.55,,1,11.04,13.2386,2021-09-22,0,3.9796,1,11.04,12.8568,2021-09-29,0,3.2859,1,11.04,11.04,2021-10-12,1,-0.0153
prebreak,300174,2021-09-13,S,S,A,C,S,S,A,16.0743,16.59,15.96,0.63,,0,0.0,0.0,,0,0.0,0,0.0,0.0,,0,0.0,0,0.0,0.0,,0,0.0
prebreak,600036,2021-09-13,S,S,A,C,S,S,A,41.996,40.4,38.47,1.93,,0,0.0,0.0,,0,0.0,0,0.0,0.0,,0,0.0,0,0.0,0.0,,0,0.0
prebreak,002946,2021-09-17,S,S,A,C,S,S,A,13.2513,14.25,13.58,0.67,,1,14.25,14.2084,2021-09-28,0,-0.0781,1,14.25,15.1098,2021-10-12,0,1.2664,1,14.25,14.25,2021-10-18,1,-0.0162
prebreak,600835,2021-09-17,S,S,A,C,S,S,A,13.5012,14.47,13.94,0.53,,0,0.0,0.0,,0,0.0,0,0.0,0.0,,0,0.0,0,0.0,0.0,,0,0.0
prebreak,600990,2021-09-17,S,S,A,C,S,S,A,21.8149,24.15,22.99,1.16,,0,0.0,0.0,,0,0.0,1,24.15,22.99,2021-10-12,1,-1.0152,1,24.15,22.99,2021-10-12,1,-1.0152
prebreak,000777,2021-09-22,S,S,A,C,S,S,A,13.2386,11.16,10.58,0.58,,1,11.16,12.8568,2021-09-29,0,2.909,1,11.16,10.9765,2021-10-13,0,-0.3309,1,11.16,11.16,2021-10-12,1,-0.0146
prebreak,002373,2021-09-22,S,S,A,C,S,S,A,14.9182,15.65,14.86,0.79,,0,0.0,0.0,,0,0.0,0,0.0,0.0,,0,0.0,0,0.0,0.0,,0,0.0
prebreak,601108,2021-09-22,S,S,A,C,S,S,A,9.6079,9.51,9.01,0.5,,0,0.0,0.0,,0,0.0,0,0.0,0.0,,0,0.0,0,0.0,0.0,,0,0.0
prebreak,605222,2021-09-22,S,S,A,C,S,S,A,22.181,22.24,21.09,1.15,,0,0.0,0.0,,0,0.0,0,0.0,0.0,,0,0.0,0,0.0,0.0,,0,0.0
prebreak,000553,2021-09-28,S,S,A,C,S,S,A,9.9021,9.81,9.31,0.5,,0,0.0,0.0,,0,0.0,0,0.0,0.0,,0,0.0,0,0.0,0.0,,0,0.0
prebreak,600835,2021-09-28,S,S,A,C,S,S,A,13.3422,13.85,13.13,0.72,,0,0.0,0.0,,0,0.0,0,0.0,0.0,,0,0.0,0,0.0,0.0,,0,0.0
prebreak,600990,2021-09-28,S,S,A,C,S,S,A,23.3417,24.15,22.99,1.16,,1,24.15,22.99,2021-10-12,1,-1.0152,1,24.15,22.99,2021-10-12,1,-1.0152,1,24.15,22.99,2021-10-12,1,-1.0152
prebreak,000997,2021-09-30,S,S,A,C,S,S,A,14.0529,15.72,14.96,0.76,,0,0.0,0.0,,0,0.0,0,0.0,0.0,,0,0.0,0,0.0,0.0,,0,0.0
prebreak,600562,2021-10-08,S,S,A,C,S,S,A,13.2296,13.46,12.78,0.68,,0,0.0,0.0,,0,0.0,0,0.0,0.0,,0,0.0,0,0.0,0.0,,0,0.0
prebreak,002262,2021-10-11,S,S,A,C,S,S,A,14.1284,13.27,12.71,0.56,,0,0.0,0.0,,0,0.0,0,0.0,0.0,,0,0.0,0,0.0,0.0,,0,0.0
prebreak,600566,2021-10-11,S,S,A,C,S,S,A,13.5082,13.63,12.97,0.66,,0,0.0,0.0,,0,0.0,0,0.0,0.0,,0,0.0,0,0.0,0.0,,0,0.0
prebreak,600036,2021-10-13,S,S,A,C,S,S,A,41.3028,39.44,37.39,2.05,,0,0.0,0.0,,0,0.0,0,0.0,0.0,,0,0.0,0,0.0,0.0,,0,0.0
prebreak,000997,2021-10-14,S,S,A,C,S,S,A,13.7146,14.47,13.88,0.59,,0,0.0,0.0,,0,0.0,0,0.0,0.0,,0,0.0,0,0.0,0.0,,0,0.0
prebreak,600332,2021-10-18,S,S,A,C,S,S,A,26.1753,27.07,26.05,1.02,,0,0.0,0.0,,0,0.0,0,0.0,0.0,,0,0.0,0,0.0,0.0,,0,0.0
prebreak,600566,2021-10-18,S,S,A,C,S,S,A,13.3744,13.63,12.97,0.66,,0,0.0,0.0,,0,0.0,1,13.63,13.949,2021-11-01,0,0.4673,1,13.63,16.64,2021-11-16,1,4.542
prebreak,601200,2021-10-18,S,S,A,C,S,S,A,9.3906,9.75,9.25,0.5,,0,0.0,0.0,,0,0.0,0,0.0,0.0,,0,0.0,0,0.0,0.0,,0,0.0
prebreak,600184,2021-10-19,S,S,A,C,S,S,A,11.2329,11.96,11.37,0.59,,0,0.0,0.0,,0,0.0,0,0.0,0.0,,0,0.0,1,11.96,11.8433,2021-11-11,0,-0.2131
prebreak,600345,2021-10-19,S,S,A,C,S,S,A,16.683,17.39,16.54,0.85,,0,0.0,0.0,,0,0.0,0,0.0,0.0,,0,0.0,0,0.0,0.0,,0,0.0
prebreak,600900,2021-10-19,S,S,A,C,S,S,A,18.0342,18.15,17.32,0.83,,0,0.0,0.0,,0,0.0,0,0.0,0.0,,0,0.0,0,0.0,0.0,,0,0.0
prebreak,600990,2021-10-19,S,S,A,C,S,S,A,26.6704,24.15,22.99,1.16,,1,24.15,25.4244,2021-10-22,0,1.0821,1,24.15,25.4244,2021-10-22,0,1.0821,1,24.15,25.4244,2021-10-22,0,1.0821
prebreak,600036,2021-10-20,S,S,A,C,S,S,A,40.8121,41.86,40.07,1.79,,0,0.0,0.0,,0,0.0,0,0.0,0.0,,0,0.0,0,0.0,0.0,,0,0.0
prebreak,000997,2021-10-21,S,S,A,C,S,S,A,13.9706,14.21,13.57,0.64,,0,0.0,0.0,,0,0.0,0,0.0,0.0,,0,0.0,0,0.0,0.0,,0,0.0
prebreak,000977,2021-10-22,S,S,A,C,S,S,A,30.0198,30.35,29.04,1.31,,1,30.35,30.6007,2021-10-29,0,0.1736,1,30.35,31.3194,2021-11-05,0,0.7219,1,30.35,34.6572,2021-12-09,0,3.2682
prebreak,600566,2021-10-25,S,S,A,C,S,S,A,12.5478,13.63,12.97,0.66,,1,13.63,13.949,2021-11-01,0,0.4673,1,13.63,14.0356,2021-11-08,0,0.5985,1,13.63,16.64,2021-11-16,1,4.542
prebreak,002755,2021-10-26,S,S,A,C,S,S,A,13.2478,12.22,11.66,0.56,,0,0.0,0.0,,0,0.0,0,0.0,0.0,,0,0.0,0,0.0,0.0,,0,0.0
prebreak,600184,2021-10-26,S,S,A,C,S,S,A,11.3905,11.55,10.96,0.59,,1,11.55,10.96,2021-10-28,1,-1.0142,1,11.55,10.96,2021-10-28,1,-1.0142,1,11.55,10.96,2021-10-28,1,-1.0142
prebreak,603108,2021-10-26,S,S,A,C,S,S,A,10.7017,10.96,10.43,0.53,,0,0.0,0.0,,0,0.0,0,0.0,0.0,,0,0.0,1,10.96,12.81,2021-12-07,1,3.4727
prebreak,000026,2021-10-29,S,S,A,C,S,S,A,9.5084,10.59,10.07,0.52,,0,0.0,0.0,,0,0.0,0,0.0,0.0,,0,0.0,1,10.59,10.07,2021-12-06,1,-1.0148
prebreak,000977,2021-10-29,S,S,A,C,S,S,A,30.6007,30.96,29.36,1.6,,1,30.96,31.3194,2021-11-05,0,0.2098,1,30.96,30.837,2021-11-12,0,-0.0915,1,30.96,34.6572,2021-12-09,0,2.2946
prebreak,600566,2021-11-01,S,S,A,C,S,S,A,13.949,12.81,12.18,0.63,,1,12.81,14.0356,2021-11-08,0,1.9287,1,12.81,16.4129,2021-11-15,0,5.6998,1,12.81,16.34,2021-11-16,1,5.5842
prebreak,002142,2021-11-03,S,S,A,C,S,S,A,32.0291,32.84,31.13,1.71,,0,0.0,0.0,,0,0.0,0,0.0,0.0,,0,0.0,0,0.0,0.0,,0,0.0
prebreak,002695,2021-11-03,S,S,A,C,S,S,A,13.677,13.56,13.05,0.51,,1,13.56,13.8771,2021-11-08,0,0.6013,1,13.56,13.8771,2021-11-08,0,0.6013,1,13.56,13.8771,2021-11-08,0,0.6013
prebreak,600036,2021-11-03,S,S,A,C,S,S,A,40.2669,42.14,40.07,2.07,,0,0.0,0.0,,0,0.0,0,0.0,0.0,,0,0.0,0,0.0,0.0,,0,0.0
prebreak,605222,2021-11-03,S,S,A,C,S,S,A,22.0069,21.07,19.98,1.09,,1,21.07,24.4049,2021-11-10,0,3.0429,1,21.07,27.6344,2021-11-17,0,6.0039,1,21.07,25.27,2021-12-02,1,3.8361
prebreak,000333,2021-11-04,S,S,A,C,S,S,A,56.2737,57.58,54.8,2.78,,0,0.0,0.0,,0,0.0,0,0.0,0.0,,0,0.0,0,0.0,0.0,,0,0.0
prebreak,000977,2021-11-05,S,S,A,C,S,S,A,31.3194,30.96,29.36,1.6,,0,0.0,0.0,,0,0.0,0,0.0,0.0,,0,0.0,0,0.0,0.0,,0,0.0
prebreak,600104,2021-11-05,S,S,A,C,S,S,A,20.1135,18.45,17.54,0.91,,1,18.45,18.9543,2021-11-10,0,0.5384,1,18.45,18.9543,2021-11-10,0,0.5384,1,18.45,18.9543,2021-11-10,0,0.5384
prebreak,600566,2021-11-08,S,S,A,C,S,S,A,14.0356,12.81,12.18,0.63,,0,0.0,0.0,,0,0.0,0,0.0,0.0,,0,0.0,0,0.0,0.0,,0,0.0
prebreak,000555,2021-11-09,S,S,A,C,S,S,A,11.3795,11.44,10.91,0.53,,0,0.0,0.0,,0,0.0,0,0.0,0.0,,0,0.0,0,0.0,0.0,,0,0.0
prebreak,000333,2021-11-11,S,S,A,C,S,S,A,57.3241,57.25,54.29,2.96,,0,0.0,0.0,,0,0.0,0,0.0,0.0,,0,0.0,0,0.0,0.0,,0,0.0
prebreak,600511,2021-11-11,S,S,A,C,S,S,A,27.1297,27.32,26.16,1.16,,1,27.32,27.1561,2021-11-18,0,-0.1591,1,27.32,27.0945,2021-11-25,0,-0.2121,1,27.32,27.33,2021-12-28,1,-0.0093
prebreak,002262,2021-11-15,S,S,A,C,S,S,A,14.5656,13.99,13.32,0.67,,0,0.0,0.0,,0,0.0,0,0.0,0.0,,0,0.0,0,0.0,0.0,,0,0.0
prebreak,300168,2021-11-15,S,S,A,C,S,S,A,11.62,11.62,11.09,0.53,,0,0.0,0.0,,0,0.0,0,0.0,0.0,,0,0.0,0,0.0,0.0,,0,0.0
prebreak,000002,2021-11-19,S,S,A,C,S,S,A,17.8022,16.49,15.64,0.85,,0,0.0,0.0,,0,0.0,0,0.0,0.0,,0,0.0,0,0.0,0.0,,0,0.0
prebreak,000581,2021-11-22,S,S,A,C,S,S,A,17.2225,15.39,14.85,0.54,,0,0.0,0.0,,0,0.0,0,0.0,0.0,,0,0.0,0,0.0,0.0,,0,0.0
prebreak,300168,2021-11-22,S,S,A,C,S,S,A,11.95,11.79,11.29,0.5,,0,0.0,0.0,,0,0.0,0,0.0,0.0,,0,0.0,0,0.0,0.0,,0,0.0
prebreak,603568,2021-11-22,S,S,A,C,S,S,A,17.3631,17.63,16.74,0.89,,1,17.63,21.2749,2021-11-29,0,4.0777,1,17.63,19.8072,2021-12-06,0,2.4297,1,17.63,20.74,2022-01-05,1,3.4771
prebreak,000977,2021-11-26,S,S,A,C,S,S,A,32.1859,31.41,29.97,1.44,,0,0.0,0.0,,0,0.0,0,0.0,0.0,,0,0.0,0,0.0,0.0,,0,0.0
prebreak,300168,2021-11-29,S,S,A,C,S,S,A,11.52,11.79,11.29,0.5,,1,11.79,11.88,2021-12-06,0,0.162,1,11.79,12.14,2021-12-13,0,0.6816,1,11.79,11.96,2022-01-10,1,0.3219
prebreak,600598,2021-11-29,S,S,A,C,S,S,A,11.9982,12.35,11.81,0.54,,0,0.0,0.0,,0,0.0,0,0.0,0.0,,0,0.0,0,0.0,0.0,,0,0.0
prebreak,603896,2021-11-29,S,S,A,C,S,S,A,32.6814,32.77,31.21,1.56,,0,0.0,0.0,,0,0.0,0,0.0,0.0,,0,0.0,0,0.0,0.0,,0,0.0
prebreak,002698,2021-11-30,S,S,A,C,S,S,A,12.0897,11.71,11.17,0.54,,0,0.0,0.0,,0,0.0,0,0.0,0.0,,0,0.0,0,0.0,0.0,,0,0.0
prebreak,002739,2021-12-01,S,S,A,C,S,S,A,14.13,14.76,14.13,0.63,,0,0.0,0.0,,0,0.0,0,0.0,0.0,,0,0.0,0,0.0,0.0,,0,0.0
prebreak,002698,2021-12-07,S,S,A,C,S,S,A,11.341,12.31,11.73,0.58,,0,0.0,0.0,,0,0.0,0,0.0,0.0,,0,0.0,0,0.0,0.0,,0,0.0
prebreak,300383,2021-12-09,S,S,A,C,S,S,A,14.0863,14.32,13.77,0.55,,0,0.0,0.0,,0,0.0,0,0.0,0.0,,0,0.0,0,0.0,0.0,,0,0.0
prebreak,600967,2021-12-09,S,S,A,C,S,S,A,10.0301,9.56,9.06,0.5,,0,0.0,0.0,,0,0.0,0,0.0,0.0,,0,0.0,0,0.0,0.0,,0,0.0
prebreak,603139,2021-12-09,S,S,A,C,S,S,A,20.9221,20.15,19.14,1.01,,1,20.15,20.3642,2021-12-16,0,0.1968,1,20.15,20.5734,2021-12-23,0,0.4038,1,20.15,21.4701,2022-01-10,0,1.291
prebreak,000977,2021-12-10,S,S,A,C,S,S,A,34.0566,33.3,31.54,1.76,,0,0.0,0.0,,0,0.0,0,0.0,0.0,,0,0.0,0,0.0,0.0,,0,0.0
prebreak,600104,2021-12-10,S,S,A,C,S,S,A,19.3171,18.7,17.73,0.97,,0,0.0,0.0,,0,0.0,0,0.0,0.0,,0,0.0,0,0.0,0.0,,0,0.0
prebreak,002262,2021-12-13,S,S,A,C,S,S,A,13.8308,14.18,13.5,0.68,,0,0.0,0.0,,0,0.0,1,14.18,14.4633,2021-12-27,0,0.4005,1,14.18,14.18,2022-01-20,1,-0.0158
prebreak,603568,2021-12-13,S,S,A,C,S,S,A,21.4997,17.63,16.74,0.89,,1,17.63,22.3815,2021-12-20,0,5.3204,1,17.63,21.3163,2021-12-27,0,4.1242,1,17.63,20.71,2022-01-05,1,3.4434
prebreak,002415,2021-12-16,S,S,A,C,S,S,A,45.6746,42.63,41.03,1.6,,0,0.0,0.0,,0,0.0,0,0.0,0.0,,0,0.0,0,0.0,0.0,,0,0.0
prebreak,300383,2021-12-16,S,S,A,C,S,S,A,14.3906,14.5,13.77,0.73,,0,0.0,0.0,,0,0.0,0,0.0,0.0,,0,0.0,0,0.0,0.0,,0,0.0
prebreak,300868,2021-12-16,S,S,A,C,S,S,A,26.9433,25.98,24.62,1.36,,0,0.0,0.0,,0,0.0,0,0.0,0.0,,0,0.0,0,0.0,0.0,,0,0.0
prebreak,002595,2021-12-17,S,S,A,C,S,S,A,16.8439,18.22,17.33,0.89,,0,0.0,0.0,,0,0.0,0,0.0,0.0,,0,0.0,0,0.0,0.0,,0,0.0
prebreak,300285,2021-12-20,S,S,A,C,S,S,A,40.559,42.52,40.74,1.78,,0,0.0,0.0,,0,0.0,0,0.0,0.0,,0,0.0,0,0.0,0.0,,0,0.0
prebreak,002925,2021-12-22,S,S,A,C,S,S,A,28.2491,28.56,27.25,1.31,,0,0.0,0.0,,0,0.0,0,0.0,0.0,,0,0.0,0,0.0,0.0,,0,0.0
prebreak,600729,2021-12-22,S,S,A,C,S,S,A,19.0052,17.29,16.46,0.83,,0,0.0,0.0,,0,0.0,0,0.0,0.0,,0,0.0,0,0.0,0.0,,0,0.0
prebreak,002415,2021-12-23,S,S,A,C,S,S,A,44.3278,46.11,44.02,2.09,,0,0.0,0.0,,0,0.0,0,0.0,0.0,,0,0.0,0,0.0,0.0,,0,0.0
prebreak,300383,2021-12-23,S,S,A,C,S,S,A,14.2238,14.5,13.77,0.73,,1,14.5,14.4201,2021-12-30,0,-0.1245,1,14.5,14.4201,2021-12-30,0,-0.1245,1,14.5,14.4201,2021-12-30,0,-0.1245
prebreak,300873,2021-12-23,S,S,A,C,S,S,A,20.7284,21.76,20.87,0.89,,0,0.0,0.0,,0,0.0,1,21.76,21.9947,2022-01-07,0,0.2449,1,21.76,20.87,2022-01-20,1,-1.018
prebreak,300838,2021-12-27,S,S,A,C,S,S,A,17.4093,16.92,16.15,0.77,,1,16.92,17.3811,2021-12-30,0,0.5818,1,16.92,17.3811,2021-12-30,0,0.5818,1,16.92,17.3811,2021-12-30,0,0.5818
prebreak,600446,2021-12-27,S,S,A,C,S,S,A,13.5706,14.11,13.49,0.62,,0,0.0,0.0,,0,0.0,0,0.0,0.0,,0,0.0,0,0.0,0.0,,0,0.0
prebreak,002925,2021-12-29,S,S,A,C,S,S,A,28.8966,28.68,27.25,1.43,,0,0.0,0.0,,0,0.0,0,0.0,0.0,,0,0.0,0,0.0,0.0,,0,0.0
prebreak,600729,2021-12-29,S,S,A,C,S,S,A,18.8157,19.74,18.81,0.93,,0,0.0,0.0,,0,0.0,0,0.0,0.0,,0,0.0,0,0.0,0.0,,0,0.0
prebreak,300383,2021-12-30,S,S,A,C,S,S,A,14.4201,14.46,13.76,0.7,,0,0.0,0.0,,0,0.0,0,0.0,0.0,,0,0.0,0,0.0,0.0,,0,0.0
prebreak,300873,2021-12-30,S,S,A,C,S,S,A,19.9021,21.76,20.87,0.89,,1,21.76,21.9947,2022-01-07,0,0.2449,1,21.76,21.7891,2022-01-14,0,0.0141,1,21.76,20.87,2022-01-20,1,-1.018
prebreak,000021,2022-01-04,S,S,A,C,S,S,A,15.4131,15.6,14.99,0.61,,0,0.0,0.0,,0,0.0,0,0.0,0.0,,0,0.0,0,0.0,0.0,,0,0.0
prebreak,300838,2022-01-04,S,S,A,C,S,S,A,18.3009,16.92,16.15,0.77,,0,0.0,0.0,,0,0.0,0,0.0,0.0,,0,0.0,0,0.0,0.0,,0,0.0
prebreak,600271,2022-01-04,S,S,A,C,S,S,A,13.2165,12.81,12.19,0.62,,1,12.81,12.897,2022-01-07,0,0.1245,1,12.81,12.897,2022-01-07,0,0.1245,1,12.81,12.897,2022-01-07,0,0.1245
prebreak,000623,2022-01-06,S,S,A,C,S,S,A,15.8762,16.25,15.41,0.84,,0,0.0,0.0,,0,0.0,1,16.25,15.41,2022-01-19,1,-1.0141,1,16.25,15.41,2022-01-19,1,-1.0141
prebreak,600729,2022-01-06,S,S,A,C,S,S,A,20.8423,19.74,18.81,0.93,,0,0.0,0.0,,0,0.0,0,0.0,0.0,,0,0.0,0,0.0,0.0,,0,0.0
prebreak,600201,2022-01-10,S,S,A,C,S,S,A,16.4014,14.9,14.2,0.7,,0,0.0,0.0,,0,0.0,0,0.0,0.0,,0,0.0,0,0.0,0.0,,0,0.0
prebreak,000021,2022-01-11,S,S,A,C,S,S,A,14.4671,15.6,14.92,0.68,,0,0.0,0.0,,0,0.0,0,0.0,0.0,,0,0.0,0,0.0,0.0,,0,0.0
prebreak,600446,2022-01-11,S,S,A,C,S,S,A,14.0651,14.22,13.49,0.73,,0,0.0,0.0,,0,0.0,0,0.0,0.0,,0,0.0,0,0.0,0.0,,0,0.0
prebreak,300383,2022-01-14,S,S,A,C,S,S,A,14.479,14.46,13.76,0.7,,1,14.46,15.5293,2022-01-21,0,1.511,1,14.46,13.76,2022-01-27,1,-1.0151,1,14.46,14.46,2022-01-26,1,-0.0157
prebreak,002236,2022-01-17,S,S,A,C,S,S,A,17.9675,20.95,19.96,0.99,,0,0.0,0.0,,0,0.0,0,0.0,0.0,,0,0.0,0,0.0,0.0,,0,0.0
prebreak,603322,2022-01-17,S,S,A,C,S,S,A,13.54,12.93,12.33,0.6,,0,0.0,0.0,,0,0.0,0,0.0,0.0,,0,0.0,0,0.0,0.0,,0,0.0
prebreak,605177,2022-01-17,S,S,A,C,S,S,A,31.1361,27.04,25.83,1.21,,1,27.04,25.83,2022-01-24,1,-1.0164,1,27.04,25.83,2022-01-24,1,-1.0164,1,27.04,25.83,2022-01-24,1,-1.0164
prebreak,002315,2022-01-19,S,S,A,C,S,S,A,11.2757,11.3,10.73,0.57,,0,0.0,0.0,,0,0.0,0,0.0,0.0,,0,0.0,1,11.3,11.1423,2022-02-23,0,-0.2916
prebreak,000895,2022-01-21,S,S,A,C,S,S,A,23.9734,24.78,23.66,1.12,,0,0.0,0.0,,0,0.0,0,0.0,0.0,,0,0.0,0,0.0,0.0,,0,0.0
prebreak,601952,2022-01-21,S,S,A,C,S,S,A,9.9378,11.06,10.5,0.56,,0,0.0,0.0,,0,0.0,0,0.0,0.0,,0,0.0,0,0.0,0.0,,0,0.0
prebreak,603322,2022-01-24,S,S,A,C,S,S,A,12.72,12.93,12.33,0.6,,0,0.0,0.0,,0,0.0,0,0.0,0.0,,0,0.0,0,0.0,0.0,,0,0.0
prebreak,605177,2022-01-24,S,S,A,C,S,S,A,24.8703,27.04,25.83,1.21,,0,0.0,0.0,,0,0.0,0,0.0,0.0,,0,0.0,0,0.0,0.0,,0,0.0
prebreak,002315,2022-01-26,S,S,A,C,S,S,A,10.5638,11.3,10.73,0.57,,0,0.0,0.0,,0,0.0,0,0.0,0.0,,0,0.0,1,11.3,11.1423,2022-02-23,0,-0.2916
prebreak,600887,2022-01-26,S,S,A,C,S,S,A,31.9514,33.2,31.6,1.6,,0,0.0,0.0,,0,0.0,0,0.0,0.0,,0,0.0,0,0.0,0.0,,0,0.0
prebreak,601952,2022-01-28,S,S,A,C,S,S,A,9.3393,11.06,10.5,0.56,,0,0.0,0.0,,0,0.0,0,0.0,0.0,,0,0.0,1,11.06,11.06,2022-03-09,1,-0.015
prebreak,000581,2022-02-08,S,S,A,C,S,S,A,16.7532,18.43,17.5,0.93,,0,0.0,0.0,,0,0.0,0,0.0,0.0,,0,0.0,0,0.0,0.0,,0,0.0
prebreak,002262,2022-02-08,S,S,A,C,S,S,A,13.3379,15.24,14.51,0.73,,0,0.0,0.0,,0,0.0,0,0.0,0.0,,0,0.0,0,0.0,0.0,,0,0.0
prebreak,600271,2022-02-08,S,S,A,C,S,S,A,13.0906,13.89,13.16,0.73,,0,0.0,0.0,,0,0.0,0,0.0,0.0,,0,0.0,0,0.0,0.0,,0,0.0
prebreak,600977,2022-02-08,S,S,A,C,S,S,A,11.6096,12.76,12.14,0.62,,0,0.0,0.0,,0,0.0,0,0.0,0.0,,0,0.0,0,0.0,0.0,,0,0.0
prebreak,603095,2022-02-08,S,S,A,C,S,S,A,11.8589,11.27,10.72,0.55,,0,0.0,0.0,,0,0.0,0,0.0,0.0,,0,0.0,0,0.0,0.0,,0,0.0
prebreak,603955,2022-02-08,S,S,A,C,S,S,A,13.9101,13.93,13.27,0.66,,1,13.93,15.8473,2022-02-15,0,2.8872,1,13.93,15.5178,2022-02-22,0,2.3882,1,13.93,15.8873,2022-03-09,0,2.9477
prebreak,688588,2022-02-08,S,S,A,C,S,S,A,13.3996,14.02,13.38,0.64,,0,0.0,0.0,,0,0.0,0,0.0,0.0,,0,0.0,0,0.0,0.0,,0,0.0
prebreak,002315,2022-02-09,S,S,A,C,S,S,A,10.9007,11.3,10.73,0.57,,0,0.0,0.0,,0,0.0,1,11.3,11.1423,2022-02-23,0,-0.2916,1,11.3,11.1423,2022-02-23,0,-0.2916
prebreak,600776,2022-02-09,S,S,A,C,S,S,A,10.6773,11.62,11.1,0.52,,0,0.0,0.0,,0,0.0,0,0.0,0.0,,0,0.0,0,0.0,0.0,,0,0.0
prebreak,000885,2022-02-10,S,S,A,C,S,S,A,10.609,10.32,9.78,0.54,,0,0.0,0.0,,0,0.0,0,0.0,0.0,,0,0.0,0,0.0,0.0,,0,0.0
prebreak,600118,2022-02-10,S,S,A,C,S,S,A,24.9054,25.12,23.94,1.18,,0,0.0,0.0,,0,0.0,0,0.0,0.0,,0,0.0,0,0.0,0.0,,0,0.0
prebreak,600535,2022-02-10,S,S,A,C,S,S,A,13.0065,12.22,11.67,0.55,,0,0.0,0.0,,0,0.0,0,0.0,0.0,,0,0.0,0,0.0,0.0,,0,0.0
prebreak,000028,2022-02-14,S,S,A,C,S,S,A,21.3249,21.9,21.09,0.81,,0,0.0,0.0,,0,0.0,0,0.0,0.0,,0,0.0,1,21.9,21.09,2022-03-08,1,-1.0199
prebreak,000581,2022-02-15,S,S,A,C,S,S,A,17.3868,17.65,16.88,0.77,,0,0.0,0.0,,0,0.0,0,0.0,0.0,,0,0.0,0,0.0,0.0,,0,0.0
prebreak,002262,2022-02-15,S,S,A,C,S,S,A,13.0681,13.48,12.85,0.63,,0,0.0,0.0,,0,0.0,0,0.0,0.0,,0,0.0,0,0.0,0.0,,0,0.0
prebreak,603955,2022-02-15,S,S,A,C,S,S,A,15.8473,13.93,13.27,0.66,,0,0.0,0.0,,0,0.0,0,0.0,0.0,,0,0.0,0,0.0,0.0,,0,0.0
prebreak,002315,2022-02-16,S,S,A,C,S,S,A,10.9325,11.23,10.65,0.58,,1,11.23,11.1423,2022-02-23,0,-0.1659,1,11.23,11.1423,2022-02-23,0,-0.1659,1,11.23,11.1423,2022-02-23,0,-0.1659
prebreak,002373,2022-02-17,S,S,A,C,S,S,A,13.5333,14.21,13.53,0.68,,1,14.21,13.7707,2022-02-24,0,-0.6615,1,14.21,13.6124,2022-03-03,0,-0.8942,1,14.21,13.53,2022-03-04,1,-1.0153
prebreak,002022,2022-02-21,S,S,A,C,S,S,A,12.8003,12.85,12.21,0.64,,0,0.0,0.0,,0,0.0,0,0.0,0.0,,0,0.0,0,0.0,0.0,,0,0.0
prebreak,000062,2022-02-25,S,S,A,C,S,S,A,13.3578,13.76,13.04,0.72,,0,0.0,0.0,,0,0.0,0,0.0,0.0,,0,0.0,0,0.0,0.0,,0,0.0
prebreak,300244,2022-02-25,S,S,A,C,S,S,A,26.9195,27.0,25.64,1.36,,0,0.0,0.0,,0,0.0,0,0.0,0.0,,0,0.0,0,0.0,0.0,,0,0.0
prebreak,300349,2022-02-25,S,S,A,C,S,S,A,11.4235,11.35,10.81,0.54,,0,0.0,0.0,,0,0.0,0,0.0,0.0,,0,0.0,0,0.0,0.0,,0,0.0
prebreak,600621,2022-02-28,S,S,A,C,S,S,A,11.7569,12.39,11.85,0.54,,0,0.0,0.0,,0,0.0,0,0.0,0.0,,0,0.0,1,12.39,11.85,2022-03-24,1,-1.0168
prebreak,605100,2022-02-28,S,S,A,C,S,S,A,12.7695,11.56,10.95,0.61,,1,11.56,12.5716,2022-03-03,0,1.643,1,11.56,12.5716,2022-03-03,0,1.643,1,11.56,12.5716,2022-03-03,0,1.643
prebreak,002030,2022-03-01,S,S,A,C,S,S,A,14.8926,15.04,14.4,0.64,,0,0.0,0.0,,0,0.0,0,0.0,0.0,,0,0.0,0,0.0,0.0,,0,0.0
prebreak,002262,2022-03-01,S,S,A,C,S,S,A,12.2775,13.18,12.65,0.53,,0,0.0,0.0,,0,0.0,0,0.0,0.0,,0,0.0,0,0.0,0.0,,0,0.0
prebreak,002977,2022-03-01,S,S,A,C,S,S,A,41.5253,41.69,39.89,1.8,,1,41.69,40.8784,2022-03-04,0,-0.4682,1,41.69,40.8784,2022-03-04,0,-0.4682,1,41.69,40.8784,2022-03-04,0,-0.4682
prebreak,688588,2022-03-01,S,S,A,C,S,S,A,13.6818,13.68,13.01,0.67,,0,0.0,0.0,,0,0.0,0,0.0,0.0,,0,0.0,0,0.0,0.0,,0,0.0
prebreak,600776,2022-03-02,S,S,A,C,S,S,A,10.7261,10.97,10.47,0.5,,0,0.0,0.0,,0,0.0,0,0.0,0.0,,0,0.0,1,10.97,10.47,2022-03-25,1,-1.016
prebreak,002373,2022-03-03,S,S,A,C,S,S,A,13.6124,14.15,13.55,0.6,,0,0.0,0.0,,0,0.0,0,0.0,0.0,,0,0.0,0,0.0,0.0,,0,0.0
prebreak,002867,2022-03-10,S,S,A,C,S,S,A,12.8049,15.19,14.42,0.77,,0,0.0,0.0,,0,0.0,0,0.0,0.0,,0,0.0,0,0.0,0.0,,0,0.0
prebreak,300349,2022-03-11,S,S,A,C,S,S,A,10.5757,11.35,10.81,0.54,,0,0.0,0.0,,0,0.0,0,0.0,0.0,,0,0.0,0,0.0,0.0,,0,0.0
prebreak,300349,2022-03-18,S,S,A,C,S,S,A,9.9688,11.35,10.81,0.54,,0,0.0,0.0,,0,0.0,0,0.0,0.0,,0,0.0,0,0.0,0.0,,0,0.0
prebreak,600216,2022-03-22,S,S,A,C,S,S,A,13.7925,14.09,13.45,0.64,,0,0.0,0.0,,0,0.0,0,0.0,0.0,,0,0.0,0,0.0,0.0,,0,0.0
prebreak,600697,2022-03-23,S,S,A,C,S,S,A,11.3544,11.63,11.02,0.61,,0,0.0,0.0,,0,0.0,0,0.0,0.0,,0,0.0,0,0.0,0.0,,0,0.0
prebreak,000333,2022-03-25,S,S,A,C,S,S,A,44.6323,47.48,45.35,2.13,,0,0.0,0.0,,0,0.0,0,0.0,0.0,,0,0.0,0,0.0,0.0,,0,0.0
prebreak,600030,2022-03-25,S,S,A,C,S,S,A,18.1275,18.83,18.05,0.78,,0,0.0,0.0,,0,0.0,0,0.0,0.0,,0,0.0,0,0.0,0.0,,0,0.0
prebreak,002313,2022-03-30,S,S,A,C,S,S,A,12.63,12.41,11.79,0.62,,0,0.0,0.0,,0,0.0,0,0.0,0.0,,0,0.0,0,0.0,0.0,,0,0.0
prebreak,600036,2022-03-31,S,S,A,C,S,S,A,36.4505,36.13,34.39,1.74,,0,0.0,0.0,,0,0.0,0,0.0,0.0,,0,0.0,0,0.0,0.0,,0,0.0
prebreak,600729,2022-03-31,S,S,A,C,S,S,A,19.0417,19.31,18.48,0.83,,1,19.31,18.8813,2022-04-11,0,-0.5339,1,19.31,18.48,2022-04-12,1,-1.0171,1,19.31,18.48,2022-04-12,1,-1.0171
prebreak,600030,2022-04-01,S,S,A,C,S,S,A,18.7949,18.68,17.81,0.87,,0,0.0,0.0,,0,0.0,0,0.0,0.0,,0,0.0,0,0.0,0.0,,0,0.0
prebreak,600900,2022-04-08,S,S,A,C,S,S,A,19.6337,19.29,18.29,1.0,,0,0.0,0.0,,0,0.0,0,0.0,0.0,,0,0.0,0,0.0,0.0,,0,0.0
prebreak,601601,2022-04-08,S,S,A,C,S,S,A,19.4227,19.5,18.66,0.84,,0,0.0,0.0,,0,0.0,0,0.0,0.0,,0,0.0,0,0.0,0.0,,0,0.0
prebreak,000997,2022-04-12,S,S,A,C,S,S,A,13.7237,15.45,14.73,0.72,,0,0.0,0.0,,0,0.0,0,0.0,0.0,,0,0.0,0,0.0,0.0,,0,0.0
prebreak,600030,2022-04-12,S,S,A,C,S,S,A,18.7771,19.08,18.11,0.97,,0,0.0,0.0,,0,0.0,0,0.0,0.0,,0,0.0,0,0.0,0.0,,0,0.0
prebreak,600271,2022-04-14,S,S,A,C,S,S,A,11.0767,12.31,11.79,0.52,,0,0.0,0.0,,0,0.0,0,0.0,0.0,,0,0.0,0,0.0,0.0,,0,0.0
prebreak,600036,2022-04-18,S,S,A,C,S,S,A,33.7946,36.68,35.06,1.62,,0,0.0,0.0,,0,0.0,0,0.0,0.0,,0,0.0,0,0.0,0.0,,0,0.0
prebreak,600419,2022-04-18,S,S,A,C,S,S,A,13.2784,13.33,12.79,0.54,,1,13.33,12.79,2022-04-22,1,-1.0181,1,13.33,12.79,2022-04-22,1,-1.0181,1,13.33,12.79,2022-04-22,1,-1.0181
prebreak,600848,2022-04-18,S,S,A,C,S,S,A,12.303,12.69,12.02,0.67,,0,0.0,0.0,,0,0.0,0,0.0,0.0,,0,0.0,1,12.69,12.02,2022-05-17,1,-1.0138
prebreak,601318,2022-04-18,S,S,A,C,S,S,A,37.1014,38.67,36.9,1.77,,0,0.0,0.0,,0,0.0,0,0.0,0.0,,0,0.0,0,0.0,0.0,,0,0.0
prebreak,600030,2022-04-19,S,S,A,C,S,S,A,17.994,19.08,18.11,0.97,,0,0.0,0.0,,0,0.0,0,0.0,0.0,,0,0.0,0,0.0,0.0,,0,0.0
prebreak,601628,2022-04-19,S,S,A,C,S,S,A,23.7502,25.04,24.11,0.93,,0,0.0,0.0,,0,0.0,0,0.0,0.0,,0,0.0,0,0.0,0.0,,0,0.0
prebreak,002956,2022-04-27,S,S,A,C,S,S,A,8.6972,10.73,10.18,0.55,,0,0.0,0.0,,0,0.0,0,0.0,0.0,,0,0.0,0,0.0,0.0,,0,0.0
prebreak,600900,2022-04-29,S,S,A,C,S,S,A,19.2275,20.12,19.15,0.97,,0,0.0,0.0,,0,0.0,0,0.0,0.0,,0,0.0,0,0.0,0.0,,0,0.0
prebreak,600419,2022-05-05,S,S,A,C,S,S,A,11.9563,13.33,12.79,0.54,,0,0.0,0.0,,0,0.0,0,0.0,0.0,,0,0.0,0,0.0,0.0,,0,0.0
prebreak,600900,2022-05-11,S,S,A,C,S,S,A,19.0836,19.72,18.67,1.05,,0,0.0,0.0,,0,0.0,0,0.0,0.0,,0,0.0,0,0.0,0.0,,0,0.0
prebreak,300628,2022-05-17,S,S,A,C,S,S,A,43.0194,45.19,43.61,1.58,,0,0.0,0.0,,0,0.0,0,0.0,0.0,,0,0.0,0,0.0,0.0,,0,0.0
prebreak,600900,2022-05-18,S,S,A,C,S,S,A,19.2782,19.7,18.67,1.03,,0,0.0,0.0,,0,0.0,0,0.0,0.0,,0,0.0,0,0.0,0.0,,0,0.0
prebreak,600900,2022-05-25,S,S,A,C,S,S,A,19.6421,20.17,19.16,1.01,,0,0.0,0.0,,0,0.0,0,0.0,0.0,,0,0.0,0,0.0,0.0,,0,0.0
prebreak,000651,2022-05-30,S,S,A,C,S,S,A,24.3807,24.96,23.96,1.0,,0,0.0,0.0,,0,0.0,0,0.0,0.0,,0,0.0,1,24.96,24.96,2022-08-02,1,-0.019
prebreak,600900,2022-06-01,S,S,A,C,S,S,A,20.5053,20.63,19.6,1.03,,0,0.0,0.0,,0,0.0,0,0.0,0.0,,0,0.0,0,0.0,0.0,,0,0.0
prebreak,000869,2022-06-06,S,S,A,C,S,S,A,26.0427,25.65,24.31,1.34,,0,0.0,0.0,,0,0.0,0,0.0,0.0,,0,0.0,0,0.0,0.0,,0,0.0
prebreak,600674,2022-06-06,S,S,A,C,S,S,A,10.2673,10.61,10.11,0.5,,1,10.61,10.3548,2022-06-13,0,-0.5262,1,10.61,10.4772,2022-06-14,0,-0.2815,1,10.61,10.4772,2022-06-14,0,-0.2815
prebreak,600674,2022-06-13,S,S,A,C,S,S,A,10.3548,10.65,10.11,0.54,,0,0.0,0.0,,0,0.0,0,0.0,0.0,,0,0.0,1,10.65,11.63,2022-09-15,1,1.7987
prebreak,600176,2022-06-16,S,S,A,C,S,S,A,14.9857,15.23,14.57,0.66,,0,0.0,0.0,,0,0.0,0,0.0,0.0,,0,0.0,0,0.0,0.0,,0,0.0
prebreak,000869,2022-06-20,S,S,A,C,S,S,A,26.9606,26.95,25.54,1.41,,0,0.0,0.0,,0,0.0,0,0.0,0.0,,0,0.0,0,0.0,0.0,,0,0.0
prebreak,600176,2022-06-23,S,S,A,C,S,S,A,15.2765,15.52,14.75,0.77,,0,0.0,0.0,,0,0.0,0,0.0,0.0,,0,0.0,0,0.0,0.0,,0,0.0
prebreak,603223,2022-06-28,S,S,A,C,S,S,A,15.7852,16.54,15.7,0.84,,0,0.0,0.0,,0,0.0,0,0.0,0.0,,0,0.0,0,0.0,0.0,,0,0.0
prebreak,600887,2022-07-07,S,S,A,C,S,S,A,30.8741,33.07,31.95,1.12,,0,0.0,0.0,,0,0.0,0,0.0,0.0,,0,0.0,0,0.0,0.0,,0,0.0
prebreak,000830,2022-07-08,S,S,A,C,S,S,A,13.9213,14.23,13.58,0.65,,0,0.0,0.0,,0,0.0,0,0.0,0.0,,0,0.0,0,0.0,0.0,,0,0.0
prebreak,002311,2022-07-08,S,S,A,C,S,S,A,57.6462,57.76,55.22,2.54,,1,57.76,56.7217,2022-07-13,0,-0.4258,1,57.76,56.7217,2022-07-13,0,-0.4258,1,57.76,56.7217,2022-07-13,0,-0.4258
prebreak,300628,2022-07-13,S,S,A,C,S,S,A,45.3987,47.37,45.01,2.36,,0,0.0,0.0,,0,0.0,0,0.0,0.0,,0,0.0,0,0.0,0.0,,0,0.0
prebreak,600887,2022-07-14,S,S,A,C,S,S,A,30.4273,31.15,29.96,1.19,,0,0.0,0.0,,0,0.0,0,0.0,0.0,,0,0.0,0,0.0,0.0,,0,0.0
prebreak,000333,2022-07-18,S,S,A,C,S,S,A,45.4192,49.93,47.68,2.25,,0,0.0,0.0,,0,0.0,0,0.0,0.0,,0,0.0,0,0.0,0.0,,0,0.0
prebreak,002142,2022-07-18,S,S,A,C,S,S,A,28.9485,30.46,28.9,1.56,,0,0.0,0.0,,0,0.0,0,0.0,0.0,,0,0.0,0,0.0,0.0,,0,0.0
prebreak,300146,2022-07-18,S,S,A,C,S,S,A,16.7685,19.14,18.25,0.89,,0,0.0,0.0,,0,0.0,0,0.0,0.0,,0,0.0,0,0.0,0.0,,0,0.0
prebreak,000651,2022-07-19,S,S,A,C,S,S,A,26.0959,26.15,24.95,1.2,,0,0.0,0.0,,0,0.0,0,0.0,0.0,,0,0.0,0,0.0,0.0,,0,0.0
prebreak,600498,2022-07-20,S,S,A,C,S,S,A,14.1971,13.83,13.28,0.55,,0,0.0,0.0,,0,0.0,0,0.0,0.0,,0,0.0,0,0.0,0.0,,0,0.0
prebreak,000830,2022-07-22,S,S,A,C,S,S,A,12.4614,13.29,12.62,0.67,,0,0.0,0.0,,0,0.0,0,0.0,0.0,,0,0.0,0,0.0,0.0,,0,0.0
prebreak,002078,2022-07-22,S,S,A,C,S,S,A,10.8899,11.31,10.81,0.5,,0,0.0,0.0,,0,0.0,0,0.0,0.0,,0,0.0,0,0.0,0.0,,0,0.0
prebreak,002142,2022-07-25,S,S,A,C,S,S,A,28.4252,29.32,27.82,1.5,,0,0.0,0.0,,0,0.0,0,0.0,0.0,,0,0.0,0,0.0,0.0,,0,0.0
prebreak,300628,2022-07-27,S,S,A,C,S,S,A,45.665,46.76,45.01,1.75,,0,0.0,0.0,,0,0.0,0,0.0,0.0,,0,0.0,0,0.0,0.0,,0,0.0
prebreak,603768,2022-07-27,S,S,A,C,S,S,A,17.2197,16.15,15.3,0.85,,1,16.15,18.6137,2022-08-03,0,2.8822,1,16.15,23.6599,2022-08-10,0,8.8151,1,16.15,24.14,2022-08-22,1,9.3796
prebreak,600419,2022-08-05,S,S,A,C,S,S,A,11.3947,12.41,11.91,0.5,,0,0.0,0.0,,0,0.0,0,0.0,0.0,,0,0.0,1,12.41,14.03,2022-10-13,1,3.2191
prebreak,600271,2022-08-10,S,S,A,C,S,S,A,10.6962,10.81,10.31,0.5,,0,0.0,0.0,,0,0.0,0,0.0,0.0,,0,0.0,0,0.0,0.0,,0,0.0
prebreak,600674,2022-08-15,S,S,A,C,S,S,A,11.4355,11.77,11.25,0.52,,0,0.0,0.0,,0,0.0,0,0.0,0.0,,0,0.0,0,0.0,0.0,,0,0.0
prebreak,605296,2022-09-01,S,S,A,C,S,S,A,28.3381,26.5,25.45,1.05,,0,0.0,0.0,,0,0.0,0,0.0,0.0,,0,0.0,0,0.0,0.0,,0,0.0
prebreak,300596,2022-09-06,S,S,A,C,S,S,A,54.9997,47.1,44.76,2.34,,0,0.0,0.0,,0,0.0,0,0.0,0.0,,0,0.0,0,0.0,0.0,,0,0.0
prebreak,300628,2022-09-07,S,S,A,C,S,S,A,43.7219,44.76,42.88,1.88,,0,0.0,0.0,,0,0.0,0,0.0,0.0,,0,0.0,0,0.0,0.0,,0,0.0
prebreak,603599,2022-09-07,S,S,A,C,S,S,A,17.2925,16.83,16.07,0.76,,0,0.0,0.0,,0,0.0,0,0.0,0.0,,0,0.0,0,0.0,0.0,,0,0.0
prebreak,300628,2022-09-22,S,S,A,C,S,S,A,38.4254,44.37,42.8,1.57,,0,0.0,0.0,,0,0.0,0,0.0,0.0,,0,0.0,0,0.0,0.0,,0,0.0
prebreak,300628,2022-09-29,S,S,A,C,S,S,A,38.2802,44.37,42.8,1.57,,0,0.0,0.0,,0,0.0,0,0.0,0.0,,0,0.0,0,0.0,0.0,,0,0.0
prebreak,300628,2022-10-13,S,S,A,C,S,S,A,38.9097,39.42,37.4,2.02,,0,0.0,0.0,,0,0.0,0,0.0,0.0,,0,0.0,0,0.0,0.0,,0,0.0
prebreak,600176,2022-10-14,S,S,A,C,S,S,A,12.1049,12.49,11.9,0.59,,0,0.0,0.0,,0,0.0,0,0.0,0.0,,0,0.0,0,0.0,0.0,,0,0.0
prebreak,600323,2022-10-14,S,S,A,C,S,S,A,17.6288,18.22,17.29,0.93,,0,0.0,0.0,,0,0.0,0,0.0,0.0,,0,0.0,0,0.0,0.0,,0,0.0
prebreak,002916,2022-10-20,S,S,A,C,S,S,A,56.3945,57.77,55.15,2.62,,0,0.0,0.0,,0,0.0,0,0.0,0.0,,0,0.0,1,57.77,57.0208,2022-11-08,0,-0.3025
prebreak,600332,2022-10-20,S,S,A,C,S,S,A,24.1879,23.72,22.57,1.15,,0,0.0,0.0,,0,0.0,0,0.0,0.0,,0,0.0,0,0.0,0.0,,0,0.0
prebreak,603369,2022-10-25,S,S,A,C,S,S,A,35.4469,40.71,39.12,1.59,,0,0.0,0.0,,0,0.0,0,0.0,0.0,,0,0.0,0,0.0,0.0,,0,0.0
prebreak,600332,2022-10-27,S,S,A,C,S,S,A,25.0279,24.99,23.84,1.15,,1,24.99,24.733,2022-11-03,0,-0.2398,1,24.99,24.9743,2022-11-04,0,-0.0302,1,24.99,24.9743,2022-11-04,0,-0.0302
prebreak,600926,2022-10-27,S,S,A,C,S,S,A,10.5911,12.25,11.69,0.56,,0,0.0,0.0,,0,0.0,0,0.0,0.0,,0,0.0,0,0.0,0.0,,0,0.0
prebreak,600977,2022-10-27,S,S,A,C,S,S,A,10.5876,10.4,9.9,0.5,,0,0.0,0.0,,0,0.0,0,0.0,0.0,,0,0.0,0,0.0,0.0,,0,0.0
prebreak,603043,2022-10-31,S,S,A,C,S,S,A,18.3351,20.15,19.45,0.7,,1,20.15,20.6742,2022-11-07,0,0.7265,1,20.15,20.9441,2022-11-14,0,1.1118,1,20.15,20.15,2022-11-22,1,-0.0219
prebreak,600674,2022-11-01,S,S,A,C,S,S,A,9.9756,10.36,9.82,0.54,,0,0.0,0.0,,0,0.0,0,0.0,0.0,,0,0.0,0,0.0,0.0,,0,0.0
prebreak,000651,2022-11-02,S,S,A,C,S,S,A,24.1276,25.26,24.12,1.14,,0,0.0,0.0,,0,0.0,1,25.26,25.9076,2022-11-16,0,0.5509,1,25.26,30.2351,2023-02-23,0,4.3445
prebreak,600332,2022-11-03,S,S,A,C,S,S,A,24.733,24.99,23.84,1.15,,0,0.0,0.0,,0,0.0,0,0.0,0.0,,0,0.0,0,0.0,0.0,,0,0.0
prebreak,600346,2022-11-03,S,S,A,C,S,S,A,14.0395,15.38,14.65,0.73,,0,0.0,0.0,,0,0.0,0,0.0,0.0,,0,0.0,0,0.0,0.0,,0,0.0
prebreak,600926,2022-11-03,S,S,A,C,S,S,A,10.2753,12.25,11.69,0.56,,0,0.0,0.0,,0,0.0,0,0.0,0.0,,0,0.0,0,0.0,0.0,,0,0.0
prebreak,600977,2022-11-03,S,S,A,C,S,S,A,10.8442,10.4,9.9,0.5,,1,10.4,10.9626,2022-11-10,0,1.1086,1,10.4,11.9592,2022-11-17,0,3.1005,1,10.4,13.755,2022-12-02,1,6.69
prebreak,600323,2022-11-04,S,S,A,C,S,S,A,17.1958,17.99,17.16,0.83,,0,0.0,0.0,,0,0.0,0,0.0,0.0,,0,0.0,0,0.0,0.0,,0,0.0
prebreak,600585,2022-11-04,S,S,A,C,S,S,A,21.5356,24.29,23.09,1.2,,0,0.0,0.0,,0,0.0,1,24.29,23.7814,2022-11-17,0,-0.439,1,24.29,23.7814,2022-11-17,0,-0.439
prebreak,603043,2022-11-07,S,S,A,C,S,S,A,20.6742,20.15,19.45,0.7,,0,0.0,0.0,,0,0.0,0,0.0,0.0,,0,0.0,0,0.0,0.0,,0,0.0
prebreak,603369,2022-11-08,S,S,A,C,S,S,A,37.7311,40.71,39.12,1.59,,0,0.0,0.0,,0,0.0,0,0.0,0.0,,0,0.0,1,40.71,49.4956,2023-01-06,1,5.5026
prebreak,300884,2022-11-10,S,S,A,C,S,S,A,10.0834,10.36,9.86,0.5,,0,0.0,0.0,,0,0.0,0,0.0,0.0,,0,0.0,0,0.0,0.0,,0,0.0
prebreak,600332,2022-11-10,S,S,A,C,S,S,A,25.9571,25.63,24.49,1.14,,1,25.63,26.5111,2022-11-17,0,0.7554,1,25.63,25.832,2022-11-24,0,0.16,1,25.63,25.63,2022-11-23,1,-0.0171
prebreak,002372,2022-11-14,S,S,A,C,S,S,A,17.5515,16.04,15.25,0.79,,0,0.0,0.0,,0,0.0,0,0.0,0.0,,0,0.0,0,0.0,0.0,,0,0.0
prebreak,000895,2022-11-15,S,S,A,C,S,S,A,20.4607,20.37,19.43,0.94,,0,0.0,0.0,,0,0.0,0,0.0,0.0,,0,0.0,0,0.0,0.0,,0,0.0
prebreak,002332,2022-11-17,S,S,A,C,S,S,A,9.6684,9.89,9.38,0.51,,0,0.0,0.0,,0,0.0,0,0.0,0.0,,0,0.0,0,0.0,0.0,,0,0.0
prebreak,600332,2022-11-17,S,S,A,C,S,S,A,26.5111,25.63,24.49,1.14,,0,0.0,0.0,,0,0.0,0,0.0,0.0,,0,0.0,0,0.0,0.0,,0,0.0
prebreak,601688,2022-11-21,S,S,A,C,S,S,A,11.6216,11.68,11.17,0.51,,0,0.0,0.0,,0,0.0,0,0.0,0.0,,0,0.0,0,0.0,0.0,,0,0.0
prebreak,002916,2022-12-01,S,S,A,C,S,S,A,55.9672,57.49,54.62,2.87,,0,0.0,0.0,,0,0.0,0,0.0,0.0,,0,0.0,0,0.0,0.0,,0,0.0
prebreak,300676,2022-12-01,S,S,A,C,S,S,A,57.6999,58.44,56.32,2.12,,0,0.0,0.0,,0,0.0,0,0.0,0.0,,0,0.0,0,0.0,0.0,,0,0.0
prebreak,601601,2022-12-02,S,S,A,C,S,S,A,20.6921,20.19,19.21,0.98,,1,20.19,21.9328,2022-12-09,0,1.7616,1,20.19,21.4382,2022-12-16,0,1.2572,1,20.19,23.47,2023-03-08,1,3.3292
prebreak,600426,2022-12-05,S,S,A,C,S,S,A,22.7489,21.38,20.31,1.07,,0,0.0,0.0,,0,0.0,0,0.0,0.0,,0,0.0,0,0.0,0.0,,0,0.0
prebreak,000028,2022-12-07,S,S,A,C,S,S,A,24.7899,22.47,21.45,1.02,,1,22.47,23.8377,2022-12-14,0,1.3233,1,22.47,21.9527,2022-12-21,0,-0.5236,1,22.47,22.47,2022-12-20,1,-0.0167
prebreak,300138,2022-12-08,S,S,A,C,S,S,A,16.2365,15.5,14.72,0.78,,0,0.0,0.0,,0,0.0,0,0.0,0.0,,0,0.0,0,0.0,0.0,,0,0.0
prebreak,688981,2022-12-09,S,S,A,C,S,S,A,42.16,42.4,40.71,1.69,,1,42.4,43.0,2022-12-16,0,0.3357,1,42.4,41.06,2022-12-23,0,-0.8115,1,42.4,40.71,2022-12-29,1,-1.0184
prebreak,605003,2022-12-14,S,S,A,C,S,S,A,18.5114,18.08,17.36,0.72,,0,0.0,0.0,,0,0.0,0,0.0,0.0,,0,0.0,0,0.0,0.0,,0,0.0
prebreak,000895,2022-12-20,S,S,A,C,S,S,A,20.1594,21.23,20.39,0.84,,0,0.0,0.0,,0,0.0,0,0.0,0.0,,0,0.0,0,0.0,0.0,,0,0.0
prebreak,600597,2022-12-23,S,S,A,C,S,S,A,10.3458,10.4,9.86,0.54,,0,0.0,0.0,,0,0.0,0,0.0,0.0,,0,0.0,0,0.0,0.0,,0,0.0
prebreak,002365,2022-12-26,S,S,A,C,S,S,A,10.3292,11.45,10.93,0.52,,0,0.0,0.0,,0,0.0,0,0.0,0.0,,0,0.0,1,11.45,10.93,2023-03-14,1,-1.0161
prebreak,603213,2022-12-26,S,S,A,C,S,S,A,12.4585,12.55,11.94,0.61,,1,12.55,12.0456,2022-12-29,0,-0.842,1,12.55,12.0456,2022-12-29,0,-0.842,1,12.55,12.0456,2022-12-29,0,-0.842
prebreak,000998,2022-12-27,S,S,A,C,S,S,A,15.8228,16.38,15.69,0.69,,0,0.0,0.0,,0,0.0,0,0.0,0.0,,0,0.0,1,16.38,16.38,2023-03-08,1,-0.018
prebreak,300244,2022-12-27,S,S,A,C,S,S,A,21.9975,22.54,21.38,1.16,,0,0.0,0.0,,0,0.0,0,0.0,0.0,,0,0.0,0,0.0,0.0,,0,0.0
prebreak,300294,2022-12-29,S,S,A,C,S,S,A,34.8111,33.02,31.56,1.46,,0,0.0,0.0,,0,0.0,0,0.0,0.0,,0,0.0,0,0.0,0.0,,0,0.0
prebreak,605567,2022-12-30,S,S,A,C,S,S,A,14.9174,15.2,14.43,0.77,,0,0.0,0.0,,0,0.0,0,0.0,0.0,,0,0.0,0,0.0,0.0,,0,0.0
prebreak,603213,2023-01-03,S,S,A,C,S,S,A,12.1174,12.55,11.94,0.61,,1,12.55,14.2177,2023-01-10,0,2.7166,1,12.55,13.7869,2023-01-17,0,2.0108,1,12.55,14.65,2023-01-10,1,3.4248
prebreak,600406,2023-01-04,S,S,A,C,S,S,A,18.4353,19.48,18.52,0.96,,1,19.48,19.7783,2023-01-11,0,0.2951,1,19.48,20.6253,2023-01-18,0,1.1768,1,19.48,19.48,2023-02-10,1,-0.0154
prebreak,002190,2023-01-05,S,S,A,C,S,S,A,26.2776,26.35,25.38,0.97,,0,0.0,0.0,,0,0.0,0,0.0,0.0,,0,0.0,0,0.0,0.0,,0,0.0
prebreak,300406,2023-01-05,S,S,A,C,S,S,A,14.6537,14.83,14.05,0.78,,0,0.0,0.0,,0,0.0,0,0.0,0.0,,0,0.0,0,0.0,0.0,,0,0.0
prebreak,300773,2023-01-05,S,S,A,C,S,S,A,11.1058,9.95,9.45,0.5,,0,0.0,0.0,,0,0.0,0,0.0,0.0,,0,0.0,0,0.0,0.0,,0,0.0
prebreak,300294,2023-01-06,S,S,A,C,S,S,A,34.7918,33.02,31.56,1.46,,0,0.0,0.0,,0,0.0,0,0.0,0.0,,0,0.0,0,0.0,0.0,,0,0.0
prebreak,300999,2023-01-06,S,S,A,C,S,S,A,43.1064,43.69,41.62,2.07,,0,0.0,0.0,,0,0.0,0,0.0,0.0,,0,0.0,0,0.0,0.0,,0,0.0
prebreak,600183,2023-01-06,S,S,A,C,S,S,A,13.8503,13.72,13.14,0.58,,0,0.0,0.0,,0,0.0,0,0.0,0.0,,0,0.0,0,0.0,0.0,,0,0.0
prebreak,600391,2023-01-06,S,S,A,C,S,S,A,18.29,17.96,17.07,0.89,,0,0.0,0.0,,0,0.0,0,0.0,0.0,,0,0.0,0,0.0,0.0,,0,0.0
prebreak,000555,2023-01-09,S,S,A,C,S,S,A,11.262,10.64,10.1,0.54,,0,0.0,0.0,,0,0.0,0,0.0,0.0,,0,0.0,0,0.0,0.0,,0,0.0
prebreak,002048,2023-01-09,S,S,A,C,S,S,A,13.2822,12.98,12.44,0.54,,0,0.0,0.0,,0,0.0,0,0.0,0.0,,0,0.0,0,0.0,0.0,,0,0.0
prebreak,002230,2023-01-09,S,S,A,C,S,S,A,33.7559,34.29,32.49,1.8,,1,34.29,34.8864,2023-01-16,0,0.3166,1,34.29,41.3222,2023-01-30,0,3.8898,1,34.29,50.5148,2023-02-20,0,8.9936
prebreak,600801,2023-01-09,S,S,A,C,S,S,A,13.3131,13.43,12.75,0.68,,0,0.0,0.0,,0,0.0,0,0.0,0.0,,0,0.0,0,0.0,0.0,,0,0.0
prebreak,605567,2023-01-09,S,S,A,C,S,S,A,14.5404,15.2,14.43,0.77,,0,0.0,0.0,,0,0.0,0,0.0,0.0,,0,0.0,0,0.0,0.0,,0,0.0
prebreak,300442,2023-01-10,S,S,A,C,S,S,A,25.7439,22.75,21.7,1.05,,1,22.75,24.646,2023-01-13,0,1.7881,1,22.75,24.646,2023-01-13,0,1.7881,1,22.75,24.646,2023-01-13,0,1.7881
prebreak,601838,2023-01-10,S,S,A,C,S,S,A,11.9208,12.58,11.98,0.6,,0,0.0,0.0,,0,0.0,0,0.0,0.0,,0,0.0,0,0.0,0.0,,0,0.0
prebreak,603213,2023-01-10,S,S,A,C,S,S,A,14.2177,12.55,11.94,0.61,,1,12.55,13.3112,2023-01-13,0,1.2314,1,12.55,13.3112,2023-01-13,0,1.2314,1,12.55,13.3112,2023-01-13,0,1.2314
prebreak,300773,2023-01-12,S,S,A,C,S,S,A,10.7326,9.95,9.45,0.5,,0,0.0,0.0,,0,0.0,0,0.0,0.0,,0,0.0,0,0.0,0.0,,0,0.0
prebreak,600391,2023-01-13,S,S,A,C,S,S,A,18.1,17.96,17.07,0.89,,1,17.96,20.6,2023-01-20,0,2.9491,1,17.96,20.93,2023-02-03,0,3.3196,1,17.96,21.95,2023-03-01,0,4.465
prebreak,603599,2023-01-13,S,S,A,C,S,S,A,18.9788,19.21,18.47,0.74,,1,19.21,19.7329,2023-01-20,0,0.6865,1,19.21,19.8451,2023-02-03,0,0.838,1,19.21,19.21,2023-03-27,1,-0.0197
prebreak,000501,2023-01-18,S,S,A,C,S,S,A,10.1079,10.58,10.04,0.54,,0,0.0,0.0,,0,0.0,0,0.0,0.0,,0,0.0,0,0.0,0.0,,0,0.0
prebreak,600406,2023-01-18,S,S,A,C,S,S,A,20.6253,19.48,18.52,0.96,,0,0.0,0.0,,0,0.0,0,0.0,0.0,,0,0.0,0,0.0,0.0,,0,0.0
prebreak,600391,2023-01-20,S,S,A,C,S,S,A,20.6,17.96,17.07,0.89,,1,17.96,20.93,2023-02-03,0,3.3196,1,17.96,20.92,2023-02-10,0,3.3084,1,17.96,21.95,2023-03-01,0,4.465
prebreak,600612,2023-01-20,S,S,A,C,S,S,A,43.0588,37.62,35.62,2.0,,0,0.0,0.0,,0,0.0,0,0.0,0.0,,0,0.0,0,0.0,0.0,,0,0.0
prebreak,603599,2023-01-20,S,S,A,C,S,S,A,19.7329,19.89,18.86,1.03,,0,0.0,0.0,,0,0.0,0,0.0,0.0,,0,0.0,0,0.0,0.0,,0,0.0
prebreak,300124,2023-01-30,S,S,A,C,S,S,A,70.4916,68.91,65.91,3.0,,0,0.0,0.0,,0,0.0,0,0.0,0.0,,0,0.0,0,0.0,0.0,,0,0.0
prebreak,000501,2023-02-01,S,S,A,C,S,S,A,10.2572,10.44,9.91,0.53,,0,0.0,0.0,,0,0.0,0,0.0,0.0,,0,0.0,1,10.44,10.46,2023-04-14,1,0.0227
prebreak,600406,2023-02-01,S,S,A,C,S,S,A,20.2209,20.8,19.84,0.96,,0,0.0,0.0,,0,0.0,0,0.0,0.0,,0,0.0,0,0.0,0.0,,0,0.0
prebreak,300127,2023-02-02,S,S,A,C,S,S,A,15.9857,15.48,14.65,0.83,,0,0.0,0.0,,0,0.0,0,0.0,0.0,,0,0.0,0,0.0,0.0,,0,0.0
prebreak,600768,2023-02-02,S,S,A,C,S,S,A,11.5154,9.31,8.81,0.5,,1,9.31,11.4565,2023-02-09,0,4.2762,1,9.31,10.8974,2023-02-16,0,3.1587,1,9.31,10.9955,2023-03-16,0,3.3548
prebreak,300770,2023-02-03,S,S,A,C,S,S,A,31.9431,31.27,29.66,1.61,,0,0.0,0.0,,0,0.0,0,0.0,0.0,,0,0.0,0,0.0,0.0,,0,0.0
prebreak,300970,2023-02-03,S,S,A,C,S,S,A,14.579,13.07,12.5,0.57,,1,13.07,14.6969,2023-02-08,0,2.835,1,13.07,14.6969,2023-02-08,0,2.835,1,13.07,14.6969,2023-02-08,0,2.835
prebreak,300972,2023-02-03,S,S,A,C,S,S,A,12.7405,11.82,11.28,0.54,,0,0.0,0.0,,0,0.0,0,0.0,0.0,,0,0.0,0,0.0,0.0,,0,0.0
prebreak,600391,2023-02-03,S,S,A,C,S,S,A,20.93,17.96,17.07,0.89,,0,0.0,0.0,,0,0.0,0,0.0,0.0,,0,0.0,0,0.0,0.0,,0,0.0
prebreak,600573,2023-02-03,S,S,A,C,S,S,A,10.8227,10.16,9.66,0.5,,0,0.0,0.0,,0,0.0,0,0.0,0.0,,0,0.0,0,0.0,0.0,,0,0.0
prebreak,603599,2023-02-03,S,S,A,C,S,S,A,19.8451,20.11,19.34,0.77,,0,0.0,0.0,,0,0.0,1,20.11,19.6706,2023-02-17,0,-0.5901,1,20.11,19.34,2023-03-27,1,-1.0192
prebreak,002258,2023-02-07,S,S,A,C,S,S,A,17.287,17.69,16.99,0.7,,1,17.69,17.5722,2023-02-14,0,-0.1874,1,17.69,17.4618,2023-02-15,0,-0.345,1,17.69,17.4618,2023-02-15,0,-0.345
prebreak,600645,2023-02-07,S,S,A,C,S,S,A,18.54,18.59,17.86,0.73,,0,0.0,0.0,,0,0.0,0,0.0,0.0,,0,0.0,0,0.0,0.0,,0,0.0
prebreak,601066,2023-02-07,S,S,A,C,S,S,A,25.6609,24.27,23.13,1.14,,0,0.0,0.0,,0,0.0,0,0.0,0.0,,0,0.0,0,0.0,0.0,,0,0.0
prebreak,002961,2023-02-10,S,S,A,C,S,S,A,15.0436,13.47,12.8,0.67,,0,0.0,0.0,,0,0.0,0,0.0,0.0,,0,0.0,0,0.0,0.0,,0,0.0
prebreak,300770,2023-02-10,S,S,A,C,S,S,A,33.7449,31.27,29.66,1.61,,0,0.0,0.0,,0,0.0,0,0.0,0.0,,0,0.0,0,0.0,0.0,,0,0.0
prebreak,600660,2023-02-10,S,S,A,C,S,S,A,33.6562,34.69,33.51,1.18,,0,0.0,0.0,,0,0.0,0,0.0,0.0,,0,0.0,0,0.0,0.0,,0,0.0
prebreak,600690,2023-02-10,S,S,A,C,S,S,A,23.5874,23.94,22.76,1.18,,0,0.0,0.0,,0,0.0,0,0.0,0.0,,0,0.0,0,0.0,0.0,,0,0.0
prebreak,002637,2023-02-13,S,S,A,C,S,S,A,12.3176,12.28,11.7,0.58,,0,0.0,0.0,,0,0.0,0,0.0,0.0,,0,0.0,0,0.0,0.0,,0,0.0
prebreak,600801,2023-02-13,S,S,A,C,S,S,A,14.5336,14.19,13.65,0.54,,0,0.0,0.0,,0,0.0,0,0.0,0.0,,0,0.0,0,0.0,0.0,,0,0.0
prebreak,300770,2023-02-17,S,S,A,C,S,S,A,32.1754,31.27,29.66,1.61,,0,0.0,0.0,,0,0.0,0,0.0,0.0,,0,0.0,0,0.0,0.0,,0,0.0
prebreak,600690,2023-02-17,S,S,A,C,S,S,A,23.389,24.26,23.28,0.98,,1,24.26,23.93,2023-02-24,0,-0.3553,1,24.26,23.28,2023-03-01,1,-1.0182,1,24.26,23.28,2023-03-01,1,-1.0182
prebreak,000063,2023-02-20,S,S,A,C,S,S,A,27.6117,25.72,24.7,1.02,,1,25.72,29.2178,2023-02-27,0,3.4079,1,25.72,30.5905,2023-03-06,0,4.7528,1,25.72,29.43,2023-03-03,1,3.6158
prebreak,002827,2023-02-20,S,S,A,C,S,S,A,10.9106,10.62,10.11,0.51,,1,10.62,10.2523,2023-02-23,0,-0.7363,1,10.62,10.2523,2023-02-23,0,-0.7363,1,10.62,10.2523,2023-02-23,0,-0.7363
prebreak,600801,2023-02-20,S,S,A,C,S,S,A,15.5377,14.19,13.65,0.54,,1,14.19,15.1482,2023-02-27,0,1.7533,1,14.19,14.7673,2023-03-06,0,1.0484,1,14.19,14.19,2023-03-10,1,-0.02
prebreak,000532,2023-02-21,S,S,A,C,S,S,A,11.9593,12.11,11.49,0.62,,0,0.0,0.0,,0,0.0,0,0.0,0.0,,0,0.0,0,0.0,0.0,,0,0.0
prebreak,300136,2023-02-21,S,S,A,C,S,S,A,18.5792,18.32,17.47,0.85,,0,0.0,0.0,,0,0.0,0,0.0,0.0,,0,0.0,0,0.0,0.0,,0,0.0
prebreak,300575,2023-02-22,S,S,A,C,S,S,A,12.7813,13.3,12.78,0.52,,0,0.0,0.0,,0,0.0,0,0.0,0.0,,0,0.0,0,0.0,0.0,,0,0.0
prebreak,002179,2023-02-23,S,S,A,C,S,S,A,40.6491,41.34,39.17,2.17,,1,41.34,41.2791,2023-02-28,0,-0.0425,1,41.34,41.2791,2023-02-28,0,-0.0425,1,41.34,41.2791,2023-02-28,0,-0.0425
prebreak,600690,2023-02-24,S,S,A,C,S,S,A,23.93,24.26,23.28,0.98,,0,0.0,0.0,,0,0.0,0,0.0,0.0,,0,0.0,0,0.0,0.0,,0,0.0
prebreak,002982,2023-02-28,S,S,A,C,S,S,A,23.3302,22.68,21.65,1.03,,0,0.0,0.0,,0,0.0,0,0.0,0.0,,0,0.0,0,0.0,0.0,,0,0.0
prebreak,600993,2023-02-28,S,S,A,C,S,S,A,25.7163,22.69,21.68,1.01,,1,22.69,24.5982,2023-03-07,0,1.871,1,22.69,25.282,2023-03-14,0,2.5476,1,22.69,25.9658,2023-04-06,0,3.2242
prebreak,002152,2023-03-01,S,S,A,C,S,S,A,10.2669,10.18,9.65,0.53,,0,0.0,0.0,,0,0.0,0,0.0,0.0,,0,0.0,0,0.0,0.0,,0,0.0
prebreak,300244,2023-03-01,S,S,A,C,S,S,A,23.563,24.49,23.22,1.27,,0,0.0,0.0,,0,0.0,0,0.0,0.0,,0,0.0,1,24.49,24.49,2023-04-06,1,-0.0147
prebreak,002179,2023-03-02,S,S,A,C,S,S,A,41.424,42.5,40.7,1.8,,1,42.5,42.0613,2023-03-08,0,-0.2615,1,42.5,42.0613,2023-03-08,0,-0.2615,1,42.5,42.0613,2023-03-08,0,-0.2615
prebreak,300124,2023-03-06,S,S,A,C,S,S,A,71.5429,72.79,69.86,2.93,,0,0.0,0.0,,0,0.0,0,0.0,0.0,,0,0.0,0,0.0,0.0,,0,0.0
prebreak,600258,2023-03-06,S,S,A,C,S,S,A,23.2947,23.46,22.31,1.15,,0,0.0,0.0,,0,0.0,0,0.0,0.0,,0,0.0,0,0.0,0.0,,0,0.0
prebreak,002152,2023-03-08,S,S,A,C,S,S,A,10.1564,10.18,9.65,0.53,,0,0.0,0.0,,0,0.0,0,0.0,0.0,,0,0.0,0,0.0,0.0,,0,0.0
prebreak,300244,2023-03-08,S,S,A,C,S,S,A,23.0649,23.84,22.68,1.16,,0,0.0,0.0,,0,0.0,0,0.0,0.0,,0,0.0,1,23.84,25.1819,2023-04-21,0,1.1405
prebreak,603888,2023-03-08,S,S,A,C,S,S,A,14.748,13.6,12.87,0.73,,0,0.0,0.0,,0,0.0,0,0.0,0.0,,0,0.0,0,0.0,0.0,,0,0.0
prebreak,300470,2023-03-13,S,S,A,C,S,S,A,39.8729,40.56,38.5,2.06,,0,0.0,0.0,,0,0.0,0,0.0,0.0,,0,0.0,0,0.0,0.0,,0,0.0
prebreak,600258,2023-03-13,S,S,A,C,S,S,A,22.1683,23.46,22.41,1.05,,0,0.0,0.0,,0,0.0,0,0.0,0.0,,0,0.0,1,23.46,23.1747,2023-04-11,0,-0.2885
prebreak,300244,2023-03-15,S,S,A,C,S,S,A,22.6824,23.35,22.26,1.09,,1,23.35,23.6876,2023-03-22,0,0.2932,1,23.35,25.9736,2023-03-29,0,2.3892,1,23.35,26.2404,2023-04-19,0,2.6338
prebreak,600030,2023-03-15,S,S,A,C,S,S,A,18.3348,18.8,17.97,0.83,,0,0.0,0.0,,0,0.0,0,0.0,0.0,,0,0.0,0,0.0,0.0,,0,0.0
prebreak,600060,2023-03-15,S,S,A,C,S,S,A,14.3764,13.99,13.28,0.71,,0,0.0,0.0,,0,0.0,0,0.0,0.0,,0,0.0,0,0.0,0.0,,0,0.0
prebreak,601111,2023-03-15,S,S,A,C,S,S,A,10.88,11.57,11.02,0.55,,0,0.0,0.0,,0,0.0,0,0.0,0.0,,0,0.0,0,0.0,0.0,,0,0.0
prebreak,300294,2023-03-17,S,S,A,C,S,S,A,34.7726,34.55,32.86,1.69,,1,34.55,34.059,2023-03-22,0,-0.3059,1,34.55,34.059,2023-03-22,0,-0.3059,1,34.55,34.059,2023-03-22,0,-0.3059
prebreak,002677,2023-03-20,S,S,A,C,S,S,A,9.9434,10.4,9.87,0.53,,0,0.0,0.0,,0,0.0,0,0.0,0.0,,0,0.0,0,0.0,0.0,,0,0.0
prebreak,300888,2023-03-20,S,S,A,C,S,S,A,42.1946,43.73,41.66,2.07,,0,0.0,0.0,,0,0.0,0,0.0,0.0,,0,0.0,0,0.0,0.0,,0,0.0
prebreak,600161,2023-03-20,S,S,A,C,S,S,A,19.7442,19.21,18.44,0.77,,0,0.0,0.0,,0,0.0,0,0.0,0.0,,0,0.0,0,0.0,0.0,,0,0.0
prebreak,300244,2023-03-22,S,S,A,C,S,S,A,23.6876,23.11,22.19,0.92,,1,23.11,25.9736,2023-03-29,0,3.0916,1,23.11,24.9862,2023-04-06,0,2.019,1,23.11,25.1819,2023-04-21,0,2.2316
prebreak,600060,2023-03-22,S,S,A,C,S,S,A,15.0982,13.99,13.28,0.71,,0,0.0,0.0,,0,0.0,0,0.0,0.0,,0,0.0,0,0.0,0.0,,0,0.0
prebreak,601111,2023-03-22,S,S,A,C,S,S,A,10.56,11.57,11.02,0.55,,0,0.0,0.0,,0,0.0,0,0.0,0.0,,0,0.0,0,0.0,0.0,,0,0.0
prebreak,002179,2023-03-23,S,S,A,C,S,S,A,39.4324,42.5,40.84,1.66,,0,0.0,0.0,,0,0.0,0,0.0,0.0,,0,0.0,0,0.0,0.0,,0,0.0
prebreak,002007,2023-03-24,S,S,A,C,S,S,A,19.766,20.32,19.31,1.01,,0,0.0,0.0,,0,0.0,1,20.32,22.0099,2023-04-10,0,1.6569,1,20.32,20.32,2023-05-05,1,-0.0153
prebreak,300294,2023-03-24,S,S,A,C,S,S,A,33.7311,34.55,32.86,1.69,,0,0.0,0.0,,0,0.0,1,34.55,35.679,2023-04-10,0,0.6521,1,34.55,34.55,2023-06-26,1,-0.0155
prebreak,600161,2023-03-27,S,S,A,C,S,S,A,19.7523,20.42,19.41,1.01,,0,0.0,0.0,,0,0.0,0,0.0,0.0,,0,0.0,0,0.0,0.0,,0,0.0
prebreak,002318,2023-03-29,S,S,A,C,S,S,A,13.4189,15.24,14.56,0.68,,0,0.0,0.0,,0,0.0,0,0.0,0.0,,0,0.0,0,0.0,0.0,,0,0.0
prebreak,300146,2023-03-29,S,S,A,C,S,S,A,18.4409,18.19,17.3,0.89,,0,0.0,0.0,,0,0.0,0,0.0,0.0,,0,0.0,0,0.0,0.0,,0,0.0
prebreak,603102,2023-03-30,S,S,A,C,S,S,A,42.5603,39.38,37.29,2.09,,0,0.0,0.0,,0,0.0,0,0.0,0.0,,0,0.0,0,0.0,0.0,,0,0.0
prebreak,002007,2023-03-31,S,S,A,C,S,S,A,19.5157,20.32,19.31,1.01,,1,20.32,22.0099,2023-04-10,0,1.6569,1,20.32,22.0815,2023-04-17,0,1.7276,1,20.32,20.32,2023-05-05,1,-0.0153
prebreak,002163,2023-03-31,S,S,A,C,S,S,A,12.21,12.12,11.6,0.52,,1,12.12,12.09,2023-04-10,0,-0.0754,1,12.12,11.71,2023-04-17,0,-0.8057,1,12.12,11.6,2023-04-18,1,-1.0171
prebreak,300294,2023-03-31,S,S,A,C,S,S,A,33.6829,34.55,32.86,1.69,,1,34.55,35.679,2023-04-10,0,0.6521,1,34.55,36.9808,2023-04-17,0,1.4219,1,34.55,34.55,2023-06-26,1,-0.0155
prebreak,600332,2023-03-31,S,S,A,C,S,S,A,29.5581,28.5,27.3,1.2,,0,0.0,0.0,,0,0.0,0,0.0,0.0,,0,0.0,0,0.0,0.0,,0,0.0
prebreak,600288,2023-04-03,S,S,A,C,S,S,A,13.7743,13.85,13.19,0.66,,0,0.0,0.0,,0,0.0,0,0.0,0.0,,0,0.0,0,0.0,0.0,,0,0.0
prebreak,002318,2023-04-06,S,S,A,C,S,S,A,14.2378,13.88,13.13,0.75,,0,0.0,0.0,,0,0.0,0,0.0,0.0,,0,0.0,0,0.0,0.0,,0,0.0
prebreak,300947,2023-04-06,S,S,A,C,S,S,A,14.36,13.71,13.05,0.66,,1,13.71,17.76,2023-04-13,0,6.1167,1,13.71,15.97,2023-04-20,0,3.4063,1,13.71,16.83,2023-04-14,1,4.7085
prebreak,603708,2023-04-06,S,S,A,C,S,S,A,12.3397,11.55,10.97,0.58,,0,0.0,0.0,,0,0.0,0,0.0,0.0,,0,0.0,0,0.0,0.0,,0,0.0
prebreak,600827,2023-04-07,S,S,A,C,S,S,A,12.1565,12.54,12.01,0.53,,0,0.0,0.0,,0,0.0,0,0.0,0.0,,0,0.0,0,0.0,0.0,,0,0.0
prebreak,000547,2023-04-11,S,S,A,C,S,S,A,11.3894,11.77,11.16,0.61,,0,0.0,0.0,,0,0.0,0,0.0,0.0,,0,0.0,0,0.0,0.0,,0,0.0
prebreak,002078,2023-04-12,S,S,A,C,S,S,A,11.0278,11.53,10.95,0.58,,0,0.0,0.0,,0,0.0,0,0.0,0.0,,0,0.0,0,0.0,0.0,,0,0.0
prebreak,002311,2023-04-12,S,S,A,C,S,S,A,51.0626,54.43,51.73,2.7,,0,0.0,0.0,,0,0.0,0,0.0,0.0,,0,0.0,0,0.0,0.0,,0,0.0
prebreak,600009,2023-04-12,S,S,A,C,S,S,A,53.8104,55.64,53.55,2.09,,0,0.0,0.0,,0,0.0,0,0.0,0.0,,0,0.0,0,0.0,0.0,,0,0.0
prebreak,600426,2023-04-12,S,S,A,C,S,S,A,23.0287,24.37,23.1,1.27,,0,0.0,0.0,,0,0.0,0,0.0,0.0,,0,0.0,0,0.0,0.0,,0,0.0
prebreak,605179,2023-04-12,S,S,A,C,S,S,A,10.5285,11.95,11.4,0.55,,0,0.0,0.0,,0,0.0,0,0.0,0.0,,0,0.0,0,0.0,0.0,,0,0.0
prebreak,002760,2023-04-13,S,S,A,C,S,S,A,21.9597,21.82,20.79,1.03,,0,0.0,0.0,,0,0.0,0,0.0,0.0,,0,0.0,0,0.0,0.0,,0,0.0
prebreak,603708,2023-04-13,S,S,A,C,S,S,A,11.7126,11.55,10.97,0.58,,0,0.0,0.0,,0,0.0,0,0.0,0.0,,0,0.0,0,0.0,0.0,,0,0.0
prebreak,600827,2023-04-14,S,S,A,C,S,S,A,11.6624,12.19,11.63,0.56,,0,0.0,0.0,,0,0.0,0,0.0,0.0,,0,0.0,0,0.0,0.0,,0,0.0
prebreak,002163,2023-04-17,S,S,A,C,S,S,A,11.71,12.16,11.6,0.56,,0,0.0,0.0,,0,0.0,0,0.0,0.0,,0,0.0,0,0.0,0.0,,0,0.0
prebreak,300294,2023-04-17,S,S,A,C,S,S,A,36.9808,36.32,34.5,1.82,,0,0.0,0.0,,0,0.0,0,0.0,0.0,,0,0.0,0,0.0,0.0,,0,0.0
prebreak,300887,2023-04-17,S,S,A,C,S,S,A,19.5247,18.79,18.06,0.73,,0,0.0,0.0,,0,0.0,0,0.0,0.0,,0,0.0,0,0.0,0.0,,0,0.0
prebreak,300891,2023-04-18,S,S,A,C,S,S,A,11.0986,11.14,10.63,0.51,,0,0.0,0.0,,0,0.0,0,0.0,0.0,,0,0.0,0,0.0,0.0,,0,0.0
prebreak,002078,2023-04-19,S,S,A,C,S,S,A,10.7429,11.53,10.95,0.58,,0,0.0,0.0,,0,0.0,0,0.0,0.0,,0,0.0,0,0.0,0.0,,0,0.0
prebreak,601066,2023-04-19,S,S,A,C,S,S,A,25.18,26.24,25.08,1.16,,0,0.0,0.0,,0,0.0,0,0.0,0.0,,0,0.0,1,26.24,26.161,2023-05-11,0,-0.0852
prebreak,605077,2023-04-19,S,S,A,C,S,S,A,19.5416,20.21,19.24,0.97,,0,0.0,0.0,,0,0.0,0,0.0,0.0,,0,0.0,0,0.0,0.0,,0,0.0
prebreak,002318,2023-04-20,S,S,A,C,S,S,A,14.4667,13.88,13.13,0.75,,0,0.0,0.0,,0,0.0,0,0.0,0.0,,0,0.0,0,0.0,0.0,,0,0.0
prebreak,300739,2023-04-20,S,S,A,C,S,S,A,15.0018,15.12,14.47,0.65,,0,0.0,0.0,,0,0.0,0,0.0,0.0,,0,0.0,0,0.0,0.0,,0,0.0
prebreak,300138,2023-04-24,S,S,A,C,S,S,A,17.1468,17.54,16.67,0.87,,0,0.0,0.0,,0,0.0,0,0.0,0.0,,0,0.0,0,0.0,0.0,,0,0.0
prebreak,600031,2023-04-24,S,S,A,C,S,S,A,14.9499,16.33,15.67,0.66,,0,0.0,0.0,,0,0.0,0,0.0,0.0,,0,0.0,0,0.0,0.0,,0,0.0
prebreak,688181,2023-04-24,S,S,A,C,S,S,A,28.7011,32.87,31.2,1.67,,0,0.0,0.0,,0,0.0,0,0.0,0.0,,0,0.0,0,0.0,0.0,,0,0.0
prebreak,002078,2023-04-26,S,S,A,C,S,S,A,10.3293,11.09,10.53,0.56,,0,0.0,0.0,,0,0.0,0,0.0,0.0,,0,0.0,0,0.0,0.0,,0,0.0
prebreak,002925,2023-04-26,S,S,A,C,S,S,A,15.6334,19.09,18.18,0.91,,0,0.0,0.0,,0,0.0,0,0.0,0.0,,0,0.0,0,0.0,0.0,,0,0.0
prebreak,003017,2023-04-26,S,S,A,C,S,S,A,16.619,17.88,17.04,0.84,,0,0.0,0.0,,0,0.0,0,0.0,0.0,,0,0.0,0,0.0,0.0,,0,0.0
prebreak,300627,2023-04-26,S,S,A,C,S,S,A,19.176,20.06,19.07,0.99,,0,0.0,0.0,,0,0.0,0,0.0,0.0,,0,0.0,0,0.0,0.0,,0,0.0
prebreak,300739,2023-04-27,S,S,A,C,S,S,A,12.4023,15.12,14.47,0.65,,0,0.0,0.0,,0,0.0,0,0.0,0.0,,0,0.0,0,0.0,0.0,,0,0.0
prebreak,002635,2023-04-28,S,S,A,C,S,S,A,12.3277,14.17,13.45,0.72,,0,0.0,0.0,,0,0.0,0,0.0,0.0,,0,0.0,0,0.0,0.0,,0,0.0
prebreak,600621,2023-04-28,S,S,A,C,S,S,A,10.682,11.78,11.24,0.54,,0,0.0,0.0,,0,0.0,0,0.0,0.0,,0,0.0,0,0.0,0.0,,0,0.0
prebreak,002402,2023-05-04,S,S,A,C,S,S,A,15.2759,17.15,16.24,0.91,,0,0.0,0.0,,0,0.0,0,0.0,0.0,,0,0.0,0,0.0,0.0,,0,0.0
prebreak,300138,2023-05-04,S,S,A,C,S,S,A,17.4565,17.81,16.87,0.94,,0,0.0,0.0,,0,0.0,0,0.0,0.0,,0,0.0,0,0.0,0.0,,0,0.0
prebreak,002078,2023-05-08,S,S,A,C,S,S,A,10.2466,10.63,10.13,0.5,,0,0.0,0.0,,0,0.0,0,0.0,0.0,,0,0.0,0,0.0,0.0,,0,0.0
prebreak,601995,2023-05-08,S,S,A,C,S,S,A,41.5838,40.98,39.14,1.84,,1,40.98,44.1264,2023-05-11,0,1.692,1,40.98,44.1264,2023-05-11,0,1.692,1,40.98,44.1264,2023-05-11,0,1.692
prebreak,002635,2023-05-10,S,S,A,C,S,S,A,12.5256,12.51,11.92,0.59,,0,0.0,0.0,,0,0.0,0,0.0,0.0,,0,0.0,0,0.0,0.0,,0,0.0
prebreak,300119,2023-05-10,S,S,A,C,S,S,A,18.6023,20.03,18.98,1.05,,0,0.0,0.0,,0,0.0,0,0.0,0.0,,0,0.0,0,0.0,0.0,,0,0.0
prebreak,300998,2023-05-10,S,S,A,C,S,S,A,32.6673,31.67,30.14,1.53,,0,0.0,0.0,,0,0.0,0,0.0,0.0,,0,0.0,0,0.0,0.0,,0,0.0
prebreak,600097,2023-05-10,S,S,A,C,S,S,A,9.3197,10.64,10.13,0.51,,0,0.0,0.0,,0,0.0,0,0.0,0.0,,0,0.0,0,0.0,0.0,,0,0.0
prebreak,600262,2023-05-10,S,S,A,C,S,S,A,13.3472,12.21,11.65,0.56,,0,0.0,0.0,,0,0.0,0,0.0,0.0,,0,0.0,0,0.0,0.0,,0,0.0
prebreak,600621,2023-05-10,S,S,A,C,S,S,A,10.9999,11.78,11.24,0.54,,0,0.0,0.0,,0,0.0,0,0.0,0.0,,0,0.0,0,0.0,0.0,,0,0.0
prebreak,600720,2023-05-10,S,S,A,C,S,S,A,11.3874,10.33,9.82,0.51,,0,0.0,0.0,,0,0.0,0,0.0,0.0,,0,0.0,0,0.0,0.0,,0,0.0
prebreak,300627,2023-05-15,S,S,A,C,S,S,A,19.4894,19.58,18.58,1.0,,0,0.0,0.0,,0,0.0,0,0.0,0.0,,0,0.0,0,0.0,0.0,,0,0.0
prebreak,601995,2023-05-15,S,S,A,C,S,S,A,43.1152,40.98,39.14,1.84,,0,0.0,0.0,,0,0.0,0,0.0,0.0,,0,0.0,0,0.0,0.0,,0,0.0
prebreak,000338,2023-05-17,S,S,A,C,S,S,A,10.7773,11.16,10.63,0.53,,0,0.0,0.0,,0,0.0,0,0.0,0.0,,0,0.0,0,0.0,0.0,,0,0.0
prebreak,002179,2023-05-17,S,S,A,C,S,S,A,41.2986,41.21,39.21,2.0,,0,0.0,0.0,,0,0.0,0,0.0,0.0,,0,0.0,0,0.0,0.0,,0,0.0
prebreak,600362,2023-05-17,S,S,A,C,S,S,A,17.2256,19.57,18.62,0.95,,0,0.0,0.0,,0,0.0,0,0.0,0.0,,0,0.0,0,0.0,0.0,,0,0.0
prebreak,002402,2023-05-18,S,S,A,C,S,S,A,15.0808,15.26,14.45,0.81,,0,0.0,0.0,,0,0.0,0,0.0,0.0,,0,0.0,0,0.0,0.0,,0,0.0
prebreak,601878,2023-05-19,S,S,A,C,S,S,A,9.8479,10.18,9.65,0.53,,0,0.0,0.0,,0,0.0,0,0.0,0.0,,0,0.0,0,0.0,0.0,,0,0.0
prebreak,002008,2023-05-22,S,S,A,C,S,S,A,23.9753,24.3,23.01,1.29,,0,0.0,0.0,,0,0.0,0,0.0,0.0,,0,0.0,0,0.0,0.0,,0,0.0
prebreak,002428,2023-05-22,S,S,A,C,S,S,A,10.4106,10.6,10.1,0.5,,0,0.0,0.0,,0,0.0,0,0.0,0.0,,0,0.0,0,0.0,0.0,,0,0.0
prebreak,301083,2023-05-22,S,S,A,C,S,S,A,14.3379,11.99,11.44,0.55,,1,11.99,24.6144,2023-05-29,0,22.9224,1,11.99,21.0546,2023-06-05,0,16.4541,1,11.99,23.35,2023-05-29,1,20.625
prebreak,601995,2023-05-22,S,S,A,C,S,S,A,41.466,44.45,42.25,2.2,,0,0.0,0.0,,0,0.0,0,0.0,0.0,,0,0.0,0,0.0,0.0,,0,0.0
prebreak,603160,2023-05-22,S,S,A,C,S,S,A,49.3333,50.12,48.25,1.87,,0,0.0,0.0,,0,0.0,0,0.0,0.0,,0,0.0,0,0.0,0.0,,0,0.0
prebreak,603187,2023-05-22,S,S,A,C,S,S,A,17.3237,17.32,16.44,0.88,,0,0.0,0.0,,0,0.0,0,0.0,0.0,,0,0.0,0,0.0,0.0,,0,0.0
prebreak,000338,2023-05-24,S,S,A,C,S,S,A,10.2791,10.94,10.41,0.53,,0,0.0,0.0,,0,0.0,0,0.0,0.0,,0,0.0,0,0.0,0.0,,0,0.0
prebreak,000550,2023-05-24,S,S,A,C,S,S,A,11.5177,12.04,11.49,0.55,,0,0.0,0.0,,0,0.0,0,0.0,0.0,,0,0.0,1,12.04,13.9168,2023-07-17,0,3.3937
prebreak,600362,2023-05-24,S,S,A,C,S,S,A,16.5797,17.59,16.75,0.84,,0,0.0,0.0,,0,0.0,0,0.0,0.0,,0,0.0,0,0.0,0.0,,0,0.0
prebreak,600720,2023-05-24,S,S,A,C,S,S,A,10.0643,10.45,9.93,0.52,,0,0.0,0.0,,0,0.0,0,0.0,0.0,,0,0.0,0,0.0,0.0,,0,0.0
prebreak,688303,2023-05-24,S,S,A,C,S,S,A,39.8856,40.28,38.32,1.96,,1,40.28,42.0418,2023-05-31,0,0.8827,1,40.28,41.6775,2023-06-07,0,0.6969,1,40.28,40.28,2023-06-20,1,-0.0156
prebreak,002402,2023-05-25,S,S,A,C,S,S,A,15.3247,15.56,15.0,0.56,,0,0.0,0.0,,0,0.0,0,0.0,0.0,,0,0.0,0,0.0,0.0,,0,0.0
prebreak,600699,2023-05-25,S,S,A,C,S,S,A,14.9035,14.81,14.12,0.69,,1,14.81,14.9709,2023-06-01,0,0.2167,1,14.81,14.9901,2023-06-08,0,0.2446,1,14.81,14.81,2023-06-08,1,-0.0163
prebreak,601211,2023-05-25,S,S,A,C,S,S,A,13.0094,13.82,13.15,0.67,,0,0.0,0.0,,0,0.0,0,0.0,0.0,,0,0.0,0,0.0,0.0,,0,0.0
prebreak,300470,2023-05-26,S,S,A,C,S,S,A,42.5408,42.98,41.21,1.77,,0,0.0,0.0,,0,0.0,0,0.0,0.0,,0,0.0,0,0.0,0.0,,0,0.0
prebreak,300777,2023-05-26,S,S,A,C,S,S,A,46.9203,48.47,46.57,1.9,,0,0.0,0.0,,0,0.0,0,0.0,0.0,,0,0.0,0,0.0,0.0,,0,0.0
prebreak,601696,2023-05-26,S,S,A,C,S,S,A,10.7521,11.17,10.6,0.57,,0,0.0,0.0,,0,0.0,0,0.0,0.0,,0,0.0,0,0.0,0.0,,0,0.0
prebreak,603070,2023-05-26,S,S,A,C,S,S,A,17.2979,15.81,15.26,0.55,,0,0.0,0.0,,0,0.0,0,0.0,0.0,,0,0.0,0,0.0,0.0,,0,0.0
prebreak,002008,2023-05-29,S,S,A,C,S,S,A,24.0045,24.37,23.46,0.91,,0,0.0,0.0,,0,0.0,0,0.0,0.0,,0,0.0,0,0.0,0.0,,0,0.0
prebreak,002428,2023-05-29,S,S,A,C,S,S,A,10.2711,10.57,10.07,0.5,,0,0.0,0.0,,0,0.0,0,0.0,0.0,,0,0.0,0,0.0,0.0,,0,0.0
prebreak,600893,2023-05-29,S,S,A,C,S,S,A,39.7974,42.47,40.51,1.96,,0,0.0,0.0,,0,0.0,0,0.0,0.0,,0,0.0,0,0.0,0.0,,0,0.0
prebreak,601995,2023-05-29,S,S,A,C,S,S,A,39.8659,41.46,39.59,1.87,,0,0.0,0.0,,0,0.0,0,0.0,0.0,,0,0.0,0,0.0,0.0,,0,0.0
prebreak,603160,2023-05-29,S,S,A,C,S,S,A,49.0087,49.72,48.0,1.72,,0,0.0,0.0,,0,0.0,0,0.0,0.0,,0,0.0,0,0.0,0.0,,0,0.0
prebreak,001289,2023-05-30,S,S,A,C,S,S,A,19.7599,18.2,17.32,0.88,,0,0.0,0.0,,0,0.0,0,0.0,0.0,,0,0.0,0,0.0,0.0,,0,0.0
prebreak,002318,2023-05-30,S,S,A,C,S,S,A,14.6566,15.09,14.55,0.54,,0,0.0,0.0,,0,0.0,0,0.0,0.0,,0,0.0,0,0.0,0.0,,0,0.0
prebreak,002407,2023-05-30,S,S,A,C,S,S,A,19.4031,20.44,19.49,0.95,,0,0.0,0.0,,0,0.0,0,0.0,0.0,,0,0.0,0,0.0,0.0,,0,0.0
prebreak,688303,2023-05-31,S,S,A,C,S,S,A,42.0418,40.28,38.32,1.96,,0,0.0,0.0,,0,0.0,0,0.0,0.0,,0,0.0,0,0.0,0.0,,0,0.0
prebreak,002773,2023-06-01,S,S,A,C,S,S,A,19.3885,16.39,15.53,0.86,,0,0.0,0.0,,0,0.0,0,0.0,0.0,,0,0.0,0,0.0,0.0,,0,0.0
prebreak,300424,2023-06-01,S,S,A,C,S,S,A,14.778,14.09,13.4,0.69,,0,0.0,0.0,,0,0.0,0,0.0,0.0,,0,0.0,0,0.0,0.0,,0,0.0
prebreak,300900,2023-06-01,S,S,A,C,S,S,A,20.0852,20.92,19.8,1.12,,0,0.0,0.0,,0,0.0,0,0.0,0.0,,0,0.0,0,0.0,0.0,,0,0.0
prebreak,600089,2023-06-01,S,S,A,C,S,S,A,15.5532,16.03,15.45,0.58,,0,0.0,0.0,,0,0.0,0,0.0,0.0,,0,0.0,0,0.0,0.0,,0,0.0
prebreak,600699,2023-06-01,S,S,A,C,S,S,A,14.9709,14.81,14.12,0.69,,0,0.0,0.0,,0,0.0,0,0.0,0.0,,0,0.0,0,0.0,0.0,,0,0.0
prebreak,600803,2023-06-02,S,S,A,C,S,S,A,15.8326,16.51,15.84,0.67,,0,0.0,0.0,,0,0.0,0,0.0,0.0,,0,0.0,0,0.0,0.0,,0,0.0
prebreak,603070,2023-06-02,S,S,A,C,S,S,A,16.8884,15.81,15.26,0.55,,0,0.0,0.0,,0,0.0,0,0.0,0.0,,0,0.0,0,0.0,0.0,,0,0.0
prebreak,002428,2023-06-05,S,S,A,C,S,S,A,10.301,10.57,10.07,0.5,,0,0.0,0.0,,0,0.0,0,0.0,0.0,,0,0.0,0,0.0,0.0,,0,0.0
prebreak,002460,2023-06-05,S,S,A,C,S,S,A,61.3493,59.89,57.04,2.85,,0,0.0,0.0,,0,0.0,0,0.0,0.0,,0,0.0,0,0.0,0.0,,0,0.0
prebreak,600893,2023-06-05,S,S,A,C,S,S,A,39.4222,42.47,40.51,1.96,,0,0.0,0.0,,0,0.0,0,0.0,0.0,,0,0.0,1,42.47,40.51,2023-07-20,1,-1.0158
prebreak,601995,2023-06-05,S,S,A,C,S,S,A,39.4732,40.97,39.3,1.67,,0,0.0,0.0,,0,0.0,0,0.0,0.0,,0,0.0,0,0.0,0.0,,0,0.0
prebreak,603160,2023-06-05,S,S,A,C,S,S,A,49.717,51.06,48.7,2.36,,0,0.0,0.0,,0,0.0,1,51.06,49.6874,2023-06-15,0,-0.5977,1,51.06,49.6874,2023-06-15,0,-0.5977
prebreak,688396,2023-06-05,S,S,A,C,S,S,A,54.7917,58.0,55.17,2.83,,0,0.0,0.0,,0,0.0,0,0.0,0.0,,0,0.0,0,0.0,0.0,,0,0.0
prebreak,688586,2023-06-05,S,S,A,C,S,S,A,12.8174,13.34,12.73,0.61,,0,0.0,0.0,,0,0.0,1,13.34,13.3735,2023-06-19,0,0.0382,1,13.34,12.73,2023-07-17,1,-1.016
prebreak,000338,2023-06-07,S,S,A,C,S,S,A,10.0868,10.6,10.06,0.54,,0,0.0,0.0,,0,0.0,0,0.0,0.0,,0,0.0,0,0.0,0.0,,0,0.0
prebreak,300424,2023-06-08,S,S,A,C,S,S,A,13.7296,14.09,13.4,0.69,,0,0.0,0.0,,0,0.0,0,0.0,0.0,,0,0.0,0,0.0,0.0,,0,0.0
prebreak,300900,2023-06-08,S,S,A,C,S,S,A,19.2101,20.92,19.8,1.12,,0,0.0,0.0,,0,0.0,0,0.0,0.0,,0,0.0,0,0.0,0.0,,0,0.0
prebreak,600089,2023-06-08,S,S,A,C,S,S,A,15.2892,15.9,15.14,0.76,,1,15.9,15.7199,2023-06-13,0,-0.2527,1,15.9,15.7199,2023-06-13,0,-0.2527,1,15.9,15.7199,2023-06-13,0,-0.2527
prebreak,600699,2023-06-08,S,S,A,C,S,S,A,14.9901,14.81,14.12,0.69,,1,14.81,16.8868,2023-06-15,0,2.9916,1,14.81,16.6268,2023-06-26,0,2.6151,1,14.81,19.1974,2023-07-14,0,6.3382
prebreak,002294,2023-06-09,S,S,A,C,S,S,A,31.8872,34.22,32.6,1.62,,0,0.0,0.0,,0,0.0,0,0.0,0.0,,0,0.0,0,0.0,0.0,,0,0.0
prebreak,600803,2023-06-09,S,S,A,C,S,S,A,15.7998,16.51,15.84,0.67,,0,0.0,0.0,,0,0.0,0,0.0,0.0,,0,0.0,0,0.0,0.0,,0,0.0
prebreak,600893,2023-06-12,S,S,A,C,S,S,A,38.9185,39.89,38.46,1.43,,1,39.89,39.7444,2023-06-19,0,-0.123,1,39.89,40.9734,2023-06-28,0,0.7359,1,39.89,39.89,2023-07-21,1,-0.0212
prebreak,601995,2023-06-12,S,S,A,C,S,S,A,38.2461,39.72,38.01,1.71,,0,0.0,0.0,,0,0.0,0,0.0,0.0,,0,0.0,0,0.0,0.0,,0,0.0
prebreak,000062,2023-06-13,S,S,A,C,S,S,A,10.9893,11.52,10.99,0.53,,0,0.0,0.0,,0,0.0,0,0.0,0.0,,0,0.0,0,0.0,0.0,,0,0.0
prebreak,001289,2023-06-13,S,S,A,C,S,S,A,19.7791,18.2,17.32,0.88,,0,0.0,0.0,,0,0.0,0,0.0,0.0,,0,0.0,0,0.0,0.0,,0,0.0
prebreak,603712,2023-06-13,S,S,A,C,S,S,A,27.278,30.3,28.99,1.31,,0,0.0,0.0,,0,0.0,0,0.0,0.0,,0,0.0,0,0.0,0.0,,0,0.0
prebreak,000338,2023-06-14,S,S,A,C,S,S,A,10.5413,10.54,10.03,0.51,,0,0.0,0.0,,0,0.0,0,0.0,0.0,,0,0.0,0,0.0,0.0,,0,0.0
prebreak,002557,2023-06-15,S,S,A,C,S,S,A,37.3434,36.35,34.74,1.61,,0,0.0,0.0,,0,0.0,0,0.0,0.0,,0,0.0,0,0.0,0.0,,0,0.0
prebreak,002773,2023-06-15,S,S,A,C,S,S,A,17.8258,16.44,15.83,0.61,,0,0.0,0.0,,0,0.0,0,0.0,0.0,,0,0.0,0,0.0,0.0,,0,0.0
prebreak,300424,2023-06-15,S,S,A,C,S,S,A,13.9792,14.11,13.55,0.56,,0,0.0,0.0,,0,0.0,0,0.0,0.0,,0,0.0,0,0.0,0.0,,0,0.0
prebreak,301022,2023-06-15,S,S,A,C,S,S,A,25.7771,23.72,22.53,1.19,,1,23.72,26.4332,2023-06-26,0,2.2634,1,23.72,24.2433,2023-07-03,0,0.4243,1,23.72,23.72,2023-06-28,1,-0.0151
prebreak,600089,2023-06-15,S,S,A,C,S,S,A,15.6157,15.9,15.14,0.76,,0,0.0,0.0,,0,0.0,0,0.0,0.0,,0,0.0,1,15.9,15.14,2023-07-20,1,-1.0153
prebreak,002465,2023-06-16,S,S,A,C,S,S,A,9.7757,9.91,9.4,0.51,,1,9.91,9.9224,2023-06-27,0,0.0095,1,9.91,10.0103,2023-07-04,0,0.1819,1,9.91,9.92,2023-07-12,1,0.0048
prebreak,002831,2023-06-16,S,S,A,C,S,S,A,15.9175,15.6,14.96,0.64,,1,15.6,15.5479,2023-06-27,0,-0.0999,1,15.6,16.1979,2023-07-04,0,0.915,1,15.6,16.06,2023-08-07,1,0.6998
prebreak,600776,2023-06-16,S,S,A,C,S,S,A,11.5909,11.3,10.76,0.54,,0,0.0,0.0,,0,0.0,0,0.0,0.0,,0,0.0,0,0.0,0.0,,0,0.0
prebreak,600803,2023-06-16,S,S,A,C,S,S,A,15.1918,15.99,15.18,0.81,,0,0.0,0.0,,0,0.0,0,0.0,0.0,,0,0.0,0,0.0,0.0,,0,0.0
prebreak,300627,2023-06-19,S,S,A,C,S,S,A,21.6983,19.96,19.02,0.94,,1,19.96,21.4369,2023-06-26,0,1.5541,1,19.96,21.4369,2023-06-26,0,1.5541,1,19.96,21.4369,2023-06-26,0,1.5541
prebreak,600893,2023-06-19,S,S,A,C,S,S,A,39.7444,39.89,38.46,1.43,,1,39.89,40.0417,2023-06-26,0,0.0848,1,39.89,40.0417,2023-06-26,0,0.0848,1,39.89,40.0417,2023-06-26,0,0.0848
prebreak,603279,2023-06-19,S,S,A,C,S,S,A,25.4609,23.26,22.19,1.07,,0,0.0,0.0,,0,0.0,0,0.0,0.0,,0,0.0,0,0.0,0.0,,0,0.0
prebreak,688396,2023-06-19,S,S,A,C,S,S,A,53.5825,54.78,52.76,2.02,,0,0.0,0.0,,0,0.0,0,0.0,0.0,,0,0.0,0,0.0,0.0,,0,0.0
prebreak,001207,2023-06-20,S,S,A,C,S,S,A,11.0019,10.87,10.32,0.55,,0,0.0,0.0,,0,0.0,0,0.0,0.0,,0,0.0,0,0.0,0.0,,0,0.0
prebreak,002053,2023-06-20,S,S,A,C,S,S,A,10.281,10.78,10.22,0.56,,0,0.0,0.0,,0,0.0,1,10.78,10.7173,2023-07-05,0,-0.1265,1,10.78,10.7173,2023-07-05,0,-0.1265
prebreak,002831,2023-06-27,S,S,A,C,S,S,A,15.5479,16.0,15.38,0.62,,0,0.0,0.0,,0,0.0,0,0.0,0.0,,0,0.0,0,0.0,0.0,,0,0.0
prebreak,300457,2023-06-27,S,S,A,C,S,S,A,16.6361,16.72,16.04,0.68,,0,0.0,0.0,,0,0.0,0,0.0,0.0,,0,0.0,0,0.0,0.0,,0,0.0
prebreak,600184,2023-06-27,S,S,A,C,S,S,A,12.8259,13.15,12.61,0.54,,0,0.0,0.0,,0,0.0,0,0.0,0.0,,0,0.0,0,0.0,0.0,,0,0.0
prebreak,600585,2023-06-27,S,S,A,C,S,S,A,21.5954,22.46,21.45,1.01,,0,0.0,0.0,,0,0.0,0,0.0,0.0,,0,0.0,0,0.0,0.0,,0,0.0
prebreak,600803,2023-06-27,S,S,A,C,S,S,A,16.1038,15.99,15.18,0.81,,0,0.0,0.0,,0,0.0,0,0.0,0.0,,0,0.0,0,0.0,0.0,,0,0.0
prebreak,000155,2023-06-28,S,S,A,C,S,S,A,13.8579,14.01,13.35,0.66,,0,0.0,0.0,,0,0.0,0,0.0,0.0,,0,0.0,0,0.0,0.0,,0,0.0
prebreak,002039,2023-06-28,S,S,A,C,S,S,A,13.6543,13.78,13.1,0.68,,0,0.0,0.0,,0,0.0,0,0.0,0.0,,0,0.0,0,0.0,0.0,,0,0.0
prebreak,002438,2023-06-28,S,S,A,C,S,S,A,10.9507,10.85,10.35,0.5,,0,0.0,0.0,,0,0.0,0,0.0,0.0,,0,0.0,0,0.0,0.0,,0,0.0
prebreak,002984,2023-06-28,S,S,A,C,S,S,A,21.5659,21.42,20.51,0.91,,0,0.0,0.0,,0,0.0,0,0.0,0.0,,0,0.0,0,0.0,0.0,,0,0.0
prebreak,300627,2023-06-28,S,S,A,C,S,S,A,21.3132,19.96,19.02,0.94,,1,19.96,22.8193,2023-07-05,0,3.0238,1,19.96,22.4686,2023-07-12,0,2.6509,1,19.96,21.1137,2023-09-11,0,1.2104
prebreak,301160,2023-06-28,S,S,A,C,S,S,A,15.8973,15.8,14.97,0.83,,1,15.8,16.2004,2023-07-05,0,0.4677,1,15.8,16.1416,2023-07-12,0,0.3969,1,15.8,16.6709,2023-08-01,1,1.0342
prebreak,600285,2023-06-28,S,S,A,C,S,S,A,14.0401,14.24,13.51,0.73,,0,0.0,0.0,,0,0.0,0,0.0,0.0,,0,0.0,0,0.0,0.0,,0,0.0
prebreak,600862,2023-06-28,S,S,A,C,S,S,A,23.1342,23.3,22.36,0.94,,0,0.0,0.0,,0,0.0,0,0.0,0.0,,0,0.0,0,0.0,0.0,,0,0.0
prebreak,600885,2023-06-28,S,S,A,C,S,S,A,21.737,22.17,21.25,0.92,,0,0.0,0.0,,0,0.0,0,0.0,0.0,,0,0.0,0,0.0,0.0,,0,0.0
prebreak,600893,2023-06-28,S,S,A,C,S,S,A,40.9734,41.43,39.52,1.91,,1,41.43,42.1825,2023-07-05,0,0.3773,1,41.43,41.1518,2023-07-12,0,-0.1621,1,41.43,39.52,2023-07-28,1,-1.0159
prebreak,600993,2023-06-28,S,S,A,C,S,S,A,25.2265,25.78,24.52,1.26,,0,0.0,0.0,,0,0.0,0,0.0,0.0,,0,0.0,0,0.0,0.0,,0,0.0
prebreak,603266,2023-06-28,S,S,A,C,S,S,A,13.2149,13.34,12.82,0.52,,0,0.0,0.0,,0,0.0,0,0.0,0.0,,0,0.0,0,0.0,0.0,,0,0.0
prebreak,688396,2023-06-28,S,S,A,C,S,S,A,51.8117,54.78,52.08,2.7,,0,0.0,0.0,,0,0.0,0,0.0,0.0,,0,0.0,0,0.0,0.0,,0,0.0
prebreak,002891,2023-06-29,S,S,A,C,S,S,A,23.6111,23.26,22.26,1.0,,0,0.0,0.0,,0,0.0,0,0.0,0.0,,0,0.0,0,0.0,0.0,,0,0.0
prebreak,600406,2023-06-29,S,S,A,C,S,S,A,21.6273,21.76,20.71,1.05,,0,0.0,0.0,,0,0.0,0,0.0,0.0,,0,0.0,0,0.0,0.0,,0,0.0
prebreak,603013,2023-06-29,S,S,A,C,S,S,A,14.4643,14.45,13.73,0.72,,0,0.0,0.0,,0,0.0,0,0.0,0.0,,0,0.0,0,0.0,0.0,,0,0.0
prebreak,002635,2023-06-30,S,S,A,C,S,S,A,13.1974,13.29,12.77,0.52,,0,0.0,0.0,,0,0.0,0,0.0,0.0,,0,0.0,0,0.0,0.0,,0,0.0
prebreak,600938,2023-06-30,S,S,A,C,S,S,A,15.3248,15.64,14.93,0.71,,0,0.0,0.0,,0,0.0,0,0.0,0.0,,0,0.0,0,0.0,0.0,,0,0.0
prebreak,688778,2023-06-30,S,S,A,C,S,S,A,39.8216,41.84,39.77,2.07,,0,0.0,0.0,,0,0.0,0,0.0,0.0,,0,0.0,0,0.0,0.0,,0,0.0
prebreak,002074,2023-07-03,S,S,A,C,S,S,A,27.6533,27.61,26.32,1.29,,0,0.0,0.0,,0,0.0,0,0.0,0.0,,0,0.0,0,0.0,0.0,,0,0.0
prebreak,002773,2023-07-03,S,S,A,C,S,S,A,17.6674,17.59,16.7,0.89,,0,0.0,0.0,,0,0.0,0,0.0,0.0,,0,0.0,0,0.0,0.0,,0,0.0
prebreak,300424,2023-07-03,S,S,A,C,S,S,A,14.5783,14.37,13.72,0.65,,0,0.0,0.0,,0,0.0,0,0.0,0.0,,0,0.0,0,0.0,0.0,,0,0.0
prebreak,301022,2023-07-03,S,S,A,C,S,S,A,24.2433,23.72,22.53,1.19,,0,0.0,0.0,,0,0.0,0,0.0,0.0,,0,0.0,0,0.0,0.0,,0,0.0
prebreak,600765,2023-07-03,S,S,A,C,S,S,A,26.4309,24.6,23.31,1.29,,0,0.0,0.0,,0,0.0,0,0.0,0.0,,0,0.0,0,0.0,0.0,,0,0.0
prebreak,601607,2023-07-03,S,S,A,C,S,S,A,20.069,21.56,20.57,0.99,,0,0.0,0.0,,0,0.0,0,0.0,0.0,,0,0.0,0,0.0,0.0,,0,0.0
prebreak,603619,2023-07-03,S,S,A,C,S,S,A,15.95,15.79,15.01,0.78,,0,0.0,0.0,,0,0.0,0,0.0,0.0,,0,0.0,0,0.0,0.0,,0,0.0
prebreak,002801,2023-07-04,S,S,A,C,S,S,A,26.0898,23.01,22.05,0.96,,0,0.0,0.0,,0,0.0,0,0.0,0.0,,0,0.0,0,0.0,0.0,,0,0.0
prebreak,300457,2023-07-04,S,S,A,C,S,S,A,17.3285,16.72,16.04,0.68,,0,0.0,0.0,,0,0.0,0,0.0,0.0,,0,0.0,0,0.0,0.0,,0,0.0
prebreak,300855,2023-07-04,S,S,A,C,S,S,A,36.4916,34.17,32.4,1.77,,0,0.0,0.0,,0,0.0,0,0.0,0.0,,0,0.0,0,0.0,0.0,,0,0.0
prebreak,600585,2023-07-04,S,S,A,C,S,S,A,21.2314,21.75,20.97,0.78,,0,0.0,0.0,,0,0.0,0,0.0,0.0,,0,0.0,1,21.75,22.42,2023-10-10,1,0.8372
prebreak,000893,2023-07-06,S,S,A,C,S,S,A,24.3925,23.18,22.14,1.04,,0,0.0,0.0,,0,0.0,0,0.0,0.0,,0,0.0,0,0.0,0.0,,0,0.0
prebreak,002318,2023-07-06,S,S,A,C,S,S,A,15.6783,15.67,14.9,0.77,,0,0.0,0.0,,0,0.0,0,0.0,0.0,,0,0.0,0,0.0,0.0,,0,0.0
prebreak,002891,2023-07-06,S,S,A,C,S,S,A,24.1061,23.26,22.26,1.0,,0,0.0,0.0,,0,0.0,0,0.0,0.0,,0,0.0,0,0.0,0.0,,0,0.0
prebreak,600406,2023-07-06,S,S,A,C,S,S,A,21.7759,21.95,20.85,1.1,,0,0.0,0.0,,0,0.0,0,0.0,0.0,,0,0.0,0,0.0,0.0,,0,0.0
prebreak,002635,2023-07-07,S,S,A,C,S,S,A,13.0444,13.47,12.94,0.53,,0,0.0,0.0,,0,0.0,0,0.0,0.0,,0,0.0,0,0.0,0.0,,0,0.0
prebreak,002815,2023-07-07,S,S,A,C,S,S,A,12.0463,12.11,11.55,0.56,,0,0.0,0.0,,0,0.0,0,0.0,0.0,,0,0.0,0,0.0,0.0,,0,0.0
prebreak,003037,2023-07-07,S,S,A,C,S,S,A,12.2333,12.57,11.97,0.6,,1,12.57,12.4289,2023-07-12,0,-0.2509,1,12.57,12.4289,2023-07-12,0,-0.2509,1,12.57,12.4289,2023-07-12,0,-0.2509
prebreak,301107,2023-07-07,S,S,A,C,S,S,A,16.6934,14.69,14.14,0.55,,1,14.69,18.2278,2023-07-14,0,6.408,1,14.69,15.5292,2023-07-21,0,1.5045,1,14.69,17.55,2023-07-17,1,5.1764
prebreak,600827,2023-07-07,S,S,A,C,S,S,A,12.026,13.01,12.38,0.63,,0,0.0,0.0,,0,0.0,0,0.0,0.0,,0,0.0,1,13.01,12.38,2023-08-14,1,-1.0151
prebreak,600938,2023-07-07,S,S,A,C,S,S,A,16.1537,15.64,14.93,0.71,,0,0.0,0.0,,0,0.0,0,0.0,0.0,,0,0.0,0,0.0,0.0,,0,0.0
prebreak,603191,2023-07-07,S,S,A,C,S,S,A,18.61,18.22,17.24,0.98,,0,0.0,0.0,,0,0.0,0,0.0,0.0,,0,0.0,0,0.0,0.0,,0,0.0
prebreak,688778,2023-07-07,S,S,A,C,S,S,A,38.1724,40.04,38.05,1.99,,0,0.0,0.0,,0,0.0,0,0.0,0.0,,0,0.0,0,0.0,0.0,,0,0.0
prebreak,000009,2023-07-10,S,S,A,C,S,S,A,11.7102,11.98,11.37,0.61,,0,0.0,0.0,,0,0.0,0,0.0,0.0,,0,0.0,0,0.0,0.0,,0,0.0
prebreak,002074,2023-07-10,S,S,A,C,S,S,A,27.2384,27.61,26.32,1.29,,0,0.0,0.0,,0,0.0,0,0.0,0.0,,0,0.0,0,0.0,0.0,,0,0.0
prebreak,002773,2023-07-10,S,S,A,C,S,S,A,17.5929,17.59,16.7,0.89,,0,0.0,0.0,,0,0.0,0,0.0,0.0,,0,0.0,0,0.0,0.0,,0,0.0
prebreak,300683,2023-07-10,S,S,A,C,S,S,A,39.7759,37.76,35.96,1.8,,0,0.0,0.0,,0,0.0,0,0.0,0.0,,0,0.0,0,0.0,0.0,,0,0.0
prebreak,600980,2023-07-10,S,S,A,C,S,S,A,15.4203,15.25,14.53,0.72,,0,0.0,0.0,,0,0.0,0,0.0,0.0,,0,0.0,0,0.0,0.0,,0,0.0
prebreak,601607,2023-07-10,S,S,A,C,S,S,A,19.4339,20.13,19.08,1.05,,0,0.0,0.0,,0,0.0,0,0.0,0.0,,0,0.0,0,0.0,0.0,,0,0.0
prebreak,000408,2023-07-11,S,S,A,C,S,S,A,20.6289,21.05,20.1,0.95,,0,0.0,0.0,,0,0.0,1,21.05,20.3689,2023-07-24,0,-0.7334,1,21.05,20.3689,2023-07-24,0,-0.7334
prebreak,300416,2023-07-11,S,S,A,C,S,S,A,20.3571,21.35,20.3,1.05,,0,0.0,0.0,,0,0.0,0,0.0,0.0,,0,0.0,0,0.0,0.0,,0,0.0
prebreak,300772,2023-07-11,S,S,A,C,S,S,A,12.9865,13.24,12.6,0.64,,0,0.0,0.0,,0,0.0,0,0.0,0.0,,0,0.0,0,0.0,0.0,,0,0.0
prebreak,000893,2023-07-13,S,S,A,C,S,S,A,24.6918,25.09,24.0,1.09,,0,0.0,0.0,,0,0.0,0,0.0,0.0,,0,0.0,0,0.0,0.0,,0,0.0
prebreak,002318,2023-07-13,S,S,A,C,S,S,A,15.5246,15.67,14.9,0.77,,0,0.0,0.0,,0,0.0,0,0.0,0.0,,0,0.0,0,0.0,0.0,,0,0.0
prebreak,300629,2023-07-13,S,S,A,C,S,S,A,19.8431,21.22,20.18,1.04,,0,0.0,0.0,,0,0.0,1,21.22,20.7302,2023-07-27,0,-0.4861,1,21.22,20.5035,2023-07-31,0,-0.704
prebreak,002635,2023-07-14,S,S,A,C,S,S,A,13.4652,13.57,12.84,0.73,,0,0.0,0.0,,0,0.0,0,0.0,0.0,,0,0.0,0,0.0,0.0,,0,0.0
prebreak,002815,2023-07-14,S,S,A,C,S,S,A,12.2571,12.38,11.78,0.6,,0,0.0,0.0,,0,0.0,0,0.0,0.0,,0,0.0,0,0.0,0.0,,0,0.0
prebreak,600827,2023-07-14,S,S,A,C,S,S,A,11.8582,12.2,11.63,0.57,,0,0.0,0.0,,0,0.0,0,0.0,0.0,,0,0.0,0,0.0,0.0,,0,0.0
prebreak,002402,2023-07-17,S,S,A,C,S,S,A,16.3587,17.1,16.25,0.85,,0,0.0,0.0,,0,0.0,0,0.0,0.0,,0,0.0,0,0.0,0.0,,0,0.0
prebreak,300046,2023-07-17,S,S,A,C,S,S,A,17.9609,18.14,17.32,0.82,,0,0.0,0.0,,0,0.0,0,0.0,0.0,,0,0.0,0,0.0,0.0,,0,0.0
prebreak,300138,2023-07-17,S,S,A,C,S,S,A,15.8059,16.23,15.57,0.66,,0,0.0,0.0,,0,0.0,0,0.0,0.0,,0,0.0,0,0.0,0.0,,0,0.0
prebreak,300568,2023-07-17,S,S,A,C,S,S,A,16.2587,17.09,16.26,0.83,,0,0.0,0.0,,0,0.0,0,0.0,0.0,,0,0.0,0,0.0,0.0,,0,0.0
prebreak,605099,2023-07-17,S,S,A,C,S,S,A,22.7797,21.67,20.65,1.02,,0,0.0,0.0,,0,0.0,0,0.0,0.0,,0,0.0,0,0.0,0.0,,0,0.0
prebreak,002683,2023-07-18,S,S,A,C,S,S,A,25.7917,26.66,25.47,1.19,,0,0.0,0.0,,0,0.0,0,0.0,0.0,,0,0.0,0,0.0,0.0,,0,0.0
prebreak,300416,2023-07-18,S,S,A,C,S,S,A,18.91,21.35,20.3,1.05,,0,0.0,0.0,,0,0.0,0,0.0,0.0,,0,0.0,0,0.0,0.0,,0,0.0
prebreak,300855,2023-07-18,S,S,A,C,S,S,A,33.5032,35.49,33.72,1.77,,0,0.0,0.0,,0,0.0,0,0.0,0.0,,0,0.0,0,0.0,0.0,,0,0.0
prebreak,000963,2023-07-19,S,S,A,C,S,S,A,40.6411,42.49,40.41,2.08,,0,0.0,0.0,,0,0.0,0,0.0,0.0,,0,0.0,0,0.0,0.0,,0,0.0
prebreak,002984,2023-07-19,S,S,A,C,S,S,A,22.168,21.42,20.51,0.91,,0,0.0,0.0,,0,0.0,0,0.0,0.0,,0,0.0,0,0.0,0.0,,0,0.0
prebreak,300523,2023-07-19,S,S,A,C,S,S,A,22.84,24.55,23.3,1.25,,0,0.0,0.0,,0,0.0,0,0.0,0.0,,0,0.0,0,0.0,0.0,,0,0.0
prebreak,600199,2023-07-19,S,S,A,C,S,S,A,24.99,25.89,24.76,1.13,,1,25.89,26.64,2023-07-26,0,0.6459,1,25.89,27.59,2023-08-02,0,1.4861,1,25.89,25.89,2023-08-14,1,-0.0174
prebreak,601688,2023-07-19,S,S,A,C,S,S,A,13.3913,13.45,12.9,0.55,,0,0.0,0.0,,0,0.0,0,0.0,0.0,,0,0.0,0,0.0,0.0,,0,0.0
prebreak,603206,2023-07-19,S,S,A,C,S,S,A,17.3919,17.14,16.28,0.86,,0,0.0,0.0,,0,0.0,0,0.0,0.0,,0,0.0,0,0.0,0.0,,0,0.0
prebreak,002635,2023-07-21,S,S,A,C,S,S,A,12.8627,13.66,12.96,0.7,,0,0.0,0.0,,0,0.0,0,0.0,0.0,,0,0.0,0,0.0,0.0,,0,0.0
prebreak,002815,2023-07-21,S,S,A,C,S,S,A,11.5288,12.47,11.96,0.51,,0,0.0,0.0,,0,0.0,0,0.0,0.0,,0,0.0,0,0.0,0.0,,0,0.0
prebreak,600206,2023-07-21,S,S,A,C,S,S,A,12.7298,13.26,12.58,0.68,,0,0.0,0.0,,0,0.0,0,0.0,0.0,,0,0.0,0,0.0,0.0,,0,0.0
prebreak,600827,2023-07-21,S,S,A,C,S,S,A,12.0446,12.16,11.53,0.63,,0,0.0,0.0,,0,0.0,0,0.0,0.0,,0,0.0,0,0.0,0.0,,0,0.0
prebreak,300390,2023-07-24,S,S,A,C,S,S,A,28.9218,32.64,31.31,1.33,,0,0.0,0.0,,0,0.0,0,0.0,0.0,,0,0.0,0,0.0,0.0,,0,0.0
prebreak,300400,2023-07-24,S,S,A,C,S,S,A,14.5373,15.05,14.47,0.58,,0,0.0,0.0,,0,0.0,0,0.0,0.0,,0,0.0,0,0.0,0.0,,0,0.0
prebreak,600096,2023-07-24,S,S,A,C,S,S,A,15.429,15.27,14.62,0.65,,0,0.0,0.0,,0,0.0,0,0.0,0.0,,0,0.0,0,0.0,0.0,,0,0.0
prebreak,601966,2023-07-24,S,S,A,C,S,S,A,22.3525,21.66,20.57,1.09,,1,21.66,21.8892,2023-07-27,0,0.195,1,21.66,21.8892,2023-07-27,0,0.195,1,21.66,21.8892,2023-07-27,0,0.195
prebreak,002273,2023-07-25,S,S,A,C,S,S,A,11.3434,11.63,11.1,0.53,,0,0.0,0.0,,0,0.0,0,0.0,0.0,,0,0.0,0,0.0,0.0,,0,0.0
prebreak,002683,2023-07-25,S,S,A,C,S,S,A,24.9311,26.41,25.32,1.09,,0,0.0,0.0,,0,0.0,0,0.0,0.0,,0,0.0,0,0.0,0.0,,0,0.0
prebreak,300384,2023-07-25,S,S,A,C,S,S,A,15.7451,16.04,15.26,0.78,,1,16.04,16.0035,2023-08-01,0,-0.0624,1,16.04,15.902,2023-08-02,0,-0.1924,1,16.04,15.902,2023-08-02,0,-0.1924
prebreak,300855,2023-07-25,S,S,A,C,S,S,A,34.2988,35.49,33.72,1.77,,0,0.0,0.0,,0,0.0,0,0.0,0.0,,0,0.0,0,0.0,0.0,,0,0.0
prebreak,600161,2023-07-25,S,S,A,C,S,S,A,20.7613,20.96,19.93,1.03,,0,0.0,0.0,,0,0.0,0,0.0,0.0,,0,0.0,0,0.0,0.0,,0,0.0
prebreak,600438,2023-07-25,S,S,A,C,S,S,A,32.8457,33.22,31.64,1.58,,0,0.0,0.0,,0,0.0,0,0.0,0.0,,0,0.0,0,0.0,0.0,,0,0.0
prebreak,603078,2023-07-25,S,S,A,C,S,S,A,16.0927,16.66,15.96,0.7,,0,0.0,0.0,,0,0.0,0,0.0,0.0,,0,0.0,0,0.0,0.0,,0,0.0
prebreak,605167,2023-07-25,S,S,A,C,S,S,A,9.7574,9.6,9.09,0.51,,0,0.0,0.0,,0,0.0,0,0.0,0.0,,0,0.0,0,0.0,0.0,,0,0.0
prebreak,000963,2023-07-26,S,S,A,C,S,S,A,41.7375,41.69,39.81,1.88,,0,0.0,0.0,,0,0.0,0,0.0,0.0,,0,0.0,0,0.0,0.0,,0,0.0
prebreak,002984,2023-07-26,S,S,A,C,S,S,A,23.2503,21.72,20.84,0.88,,0,0.0,0.0,,0,0.0,0,0.0,0.0,,0,0.0,0,0.0,0.0,,0,0.0
prebreak,600199,2023-07-26,S,S,A,C,S,S,A,26.64,25.84,24.76,1.08,,0,0.0,0.0,,0,0.0,0,0.0,0.0,,0,0.0,0,0.0,0.0,,0,0.0
prebreak,600862,2023-07-26,S,S,A,C,S,S,A,23.7479,23.87,22.74,1.13,,0,0.0,0.0,,0,0.0,0,0.0,0.0,,0,0.0,0,0.0,0.0,,0,0.0
prebreak,000651,2023-07-28,S,S,A,C,S,S,A,32.5712,31.79,30.55,1.24,,0,0.0,0.0,,0,0.0,0,0.0,0.0,,0,0.0,0,0.0,0.0,,0,0.0
prebreak,002815,2023-07-28,S,S,A,C,S,S,A,11.5575,12.02,11.42,0.6,,0,0.0,0.0,,0,0.0,0,0.0,0.0,,0,0.0,0,0.0,0.0,,0,0.0
prebreak,600827,2023-07-28,S,S,A,C,S,S,A,12.4268,12.34,11.8,0.54,,0,0.0,0.0,,0,0.0,0,0.0,0.0,,0,0.0,0,0.0,0.0,,0,0.0
prebreak,301029,2023-07-31,S,S,A,C,S,S,A,37.4691,37.81,35.99,1.82,,1,37.81,37.061,2023-08-04,0,-0.4271,1,37.81,37.061,2023-08-04,0,-0.4271,1,37.81,37.061,2023-08-04,0,-0.4271
prebreak,002273,2023-08-01,S,S,A,C,S,S,A,10.943,11.63,11.1,0.53,,0,0.0,0.0,,0,0.0,0,0.0,0.0,,0,0.0,0,0.0,0.0,,0,0.0
prebreak,002683,2023-08-01,S,S,A,C,S,S,A,25.0995,25.62,24.46,1.16,,0,0.0,0.0,,0,0.0,0,0.0,0.0,,0,0.0,0,0.0,0.0,,0,0.0
prebreak,300384,2023-08-01,S,S,A,C,S,S,A,16.0035,16.04,15.26,0.78,,1,16.04,16.0774,2023-08-08,0,0.0322,1,16.04,15.26,2023-08-14,1,-1.015,1,16.04,15.26,2023-08-14,1,-1.015
prebreak,300855,2023-08-01,S,S,A,C,S,S,A,31.9217,35.49,33.72,1.77,,0,0.0,0.0,,0,0.0,0,0.0,0.0,,0,0.0,0,0.0,0.0,,0,0.0
prebreak,600161,2023-08-01,S,S,A,C,S,S,A,20.476,21.13,20.25,0.88,,0,0.0,0.0,,0,0.0,0,0.0,0.0,,0,0.0,0,0.0,0.0,,0,0.0
prebreak,000025,2023-08-02,S,S,A,C,S,S,A,16.9834,17.16,16.44,0.72,,0,0.0,0.0,,0,0.0,0,0.0,0.0,,0,0.0,0,0.0,0.0,,0,0.0
prebreak,000963,2023-08-02,S,S,A,C,S,S,A,38.5133,42.68,40.39,2.29,,0,0.0,0.0,,0,0.0,0,0.0,0.0,,0,0.0,0,0.0,0.0,,0,0.0
prebreak,600009,2023-08-02,S,S,A,C,S,S,A,45.5348,43.95,41.98,1.97,,0,0.0,0.0,,0,0.0,0,0.0,0.0,,0,0.0,0,0.0,0.0,,0,0.0
prebreak,600862,2023-08-02,S,S,A,C,S,S,A,23.429,24.15,23.06,1.09,2023-08-25（报告期 2023-06-30 00:00:00）,0,0.0,0.0,,0,0.0,0,0.0,0.0,,0,0.0,1,24.15,23.06,2023-08-28,1,-1.0162
prebreak,600872,2023-08-02,S,S,A,C,S,S,A,32.6523,34.23,32.51,1.72,,0,0.0,0.0,,0,0.0,0,0.0,0.0,,0,0.0,0,0.0,0.0,,0,0.0
prebreak,601318,2023-08-02,S,S,A,C,S,S,A,44.2116,41.61,39.91,1.7,,0,0.0,0.0,,0,0.0,0,0.0,0.0,,0,0.0,0,0.0,0.0,,0,0.0
prebreak,688799,2023-08-02,S,S,A,C,S,S,A,28.9688,29.45,27.95,1.5,,0,0.0,0.0,,0,0.0,0,0.0,0.0,,0,0.0,0,0.0,0.0,,0,0.0
prebreak,002508,2023-08-03,S,S,A,C,S,S,A,24.7146,22.37,21.29,1.08,,0,0.0,0.0,,0,0.0,0,0.0,0.0,,0,0.0,0,0.0,0.0,,0,0.0
prebreak,300207,2023-08-03,S,S,A,C,S,S,A,16.089,15.85,15.15,0.7,,0,0.0,0.0,,0,0.0,0,0.0,0.0,,0,0.0,0,0.0,0.0,,0,0.0
prebreak,300244,2023-08-03,S,S,A,C,S,S,A,21.0506,22.17,21.3,0.87,,0,0.0,0.0,,0,0.0,0,0.0,0.0,,0,0.0,0,0.0,0.0,,0,0.0
prebreak,300316,2023-08-03,S,S,A,C,S,S,A,59.159,60.59,58.11,2.48,,0,0.0,0.0,,0,0.0,0,0.0,0.0,,0,0.0,0,0.0,0.0,,0,0.0
prebreak,300872,2023-08-03,S,S,A,C,S,S,A,15.0706,15.15,14.35,0.8,,1,15.15,15.8747,2023-08-10,0,0.891,1,15.15,14.6933,2023-08-17,0,-0.5849,1,15.15,15.15,2023-08-14,1,-0.0144
prebreak,600004,2023-08-03,S,S,A,C,S,S,A,13.2504,13.31,12.74,0.57,,0,0.0,0.0,,0,0.0,0,0.0,0.0,,0,0.0,0,0.0,0.0,,0,0.0
prebreak,603087,2023-08-03,S,S,A,C,S,S,A,41.0518,37.27,35.63,1.64,,0,0.0,0.0,,0,0.0,0,0.0,0.0,,0,0.0,0,0.0,0.0,,0,0.0
prebreak,300206,2023-08-04,S,S,A,C,S,S,A,12.1129,13.83,13.22,0.61,,0,0.0,0.0,,0,0.0,0,0.0,0.0,,0,0.0,0,0.0,0.0,,0,0.0
prebreak,600547,2023-08-04,S,S,A,C,S,S,A,23.8172,24.49,23.47,1.02,,0,0.0,0.0,,0,0.0,0,0.0,0.0,,0,0.0,0,0.0,0.0,,0,0.0
prebreak,603607,2023-08-04,S,S,A,C,S,S,A,13.5831,13.61,13.05,0.56,,0,0.0,0.0,,0,0.0,0,0.0,0.0,,0,0.0,0,0.0,0.0,,0,0.0
prebreak,002465,2023-08-08,S,S,A,C,S,S,A,10.245,10.34,9.83,0.51,2023-08-25（报告期 2023-06-30 00:00:00）,0,0.0,0.0,,0,0.0,0,0.0,0.0,,0,0.0,1,10.34,10.157,2023-09-01,0,-0.374
prebreak,002568,2023-08-08,S,S,A,C,S,S,A,35.1475,35.43,33.94,1.49,,0,0.0,0.0,,0,0.0,0,0.0,0.0,,0,0.0,0,0.0,0.0,,0,0.0
prebreak,300463,2023-08-08,S,S,A,C,S,S,A,14.5289,15.15,14.43,0.72,,0,0.0,0.0,,0,0.0,0,0.0,0.0,,0,0.0,0,0.0,0.0,,0,0.0
prebreak,300855,2023-08-08,S,S,A,C,S,S,A,32.0575,35.49,33.72,1.77,,0,0.0,0.0,,0,0.0,0,0.0,0.0,,0,0.0,0,0.0,0.0,,0,0.0
prebreak,600161,2023-08-08,S,S,A,C,S,S,A,19.9462,21.05,20.04,1.01,,0,0.0,0.0,,0,0.0,0,0.0,0.0,,0,0.0,0,0.0,0.0,,0,0.0
prebreak,300244,2023-08-10,S,S,A,C,S,S,A,20.5935,21.36,20.3,1.06,,0,0.0,0.0,,0,0.0,0,0.0,0.0,,0,0.0,0,0.0,0.0,,0,0.0
prebreak,300619,2023-08-10,S,S,A,C,S,S,A,32.0422,29.96,28.51,1.45,,1,29.96,28.51,2023-08-15,1,-1.0151,1,29.96,28.51,2023-08-15,1,-1.0151,1,29.96,28.51,2023-08-15,1,-1.0151
prebreak,300872,2023-08-10,S,S,A,C,S,S,A,15.8747,15.15,14.35,0.8,,0,0.0,0.0,,0,0.0,0,0.0,0.0,,0,0.0,0,0.0,0.0,,0,0.0
prebreak,603087,2023-08-10,S,S,A,C,S,S,A,39.9592,40.66,38.54,2.12,,0,0.0,0.0,,0,0.0,0,0.0,0.0,,0,0.0,0,0.0,0.0,,0,0.0
prebreak,000722,2023-08-17,S,S,A,C,S,S,A,11.379,12.08,11.54,0.54,,0,0.0,0.0,,0,0.0,0,0.0,0.0,,0,0.0,0,0.0,0.0,,0,0.0
prebreak,000998,2023-08-17,S,S,A,C,S,S,A,15.4679,16.4,15.78,0.62,,0,0.0,0.0,,0,0.0,0,0.0,0.0,,0,0.0,0,0.0,0.0,,0,0.0
prebreak,002352,2023-08-17,S,S,A,C,S,S,A,42.963,45.32,43.03,2.29,,0,0.0,0.0,,0,0.0,0,0.0,0.0,,0,0.0,0,0.0,0.0,,0,0.0
prebreak,300619,2023-08-17,S,S,A,C,S,S,A,28.4539,29.96,28.51,1.45,,0,0.0,0.0,,0,0.0,0,0.0,0.0,,0,0.0,0,0.0,0.0,,0,0.0
prebreak,300685,2023-08-17,S,S,A,C,S,S,A,22.8092,24.19,23.13,1.06,,0,0.0,0.0,,0,0.0,0,0.0,0.0,,0,0.0,0,0.0,0.0,,0,0.0
prebreak,300872,2023-08-17,S,S,A,C,S,S,A,14.6933,15.15,14.35,0.8,,0,0.0,0.0,,0,0.0,1,15.15,14.35,2023-08-29,1,-1.0138,1,15.15,14.35,2023-08-29,1,-1.0138
prebreak,600316,2023-08-17,S,S,A,C,S,S,A,22.1869,22.45,21.43,1.02,,1,22.45,21.43,2023-08-21,1,-1.0161,1,22.45,21.43,2023-08-21,1,-1.0161,1,22.45,21.43,2023-08-21,1,-1.0161
prebreak,600406,2023-08-17,S,S,A,C,S,S,A,21.5252,22.96,21.87,1.09,,0,0.0,0.0,,0,0.0,0,0.0,0.0,,0,0.0,0,0.0,0.0,,0,0.0
prebreak,000408,2023-08-22,S,S,A,C,S,S,A,20.9247,21.67,20.65,1.02,,0,0.0,0.0,,0,0.0,1,21.67,22.5629,2023-09-05,0,0.8587,1,21.67,20.65,2023-10-11,1,-1.0155
prebreak,300012,2023-08-22,S,S,A,C,S,S,A,18.6463,19.99,19.27,0.72,,1,19.99,19.27,2023-08-29,1,-1.0205,1,19.99,19.27,2023-08-29,1,-1.0205,1,19.99,19.27,2023-08-29,1,-1.0205
prebreak,300416,2023-08-22,S,S,A,C,S,S,A,16.1614,16.93,16.1,0.83,,0,0.0,0.0,,0,0.0,0,0.0,0.0,,0,0.0,0,0.0,0.0,,0,0.0
prebreak,300463,2023-08-22,S,S,A,C,S,S,A,14.0009,14.97,14.24,0.73,,0,0.0,0.0,,0,0.0,0,0.0,0.0,,0,0.0,0,0.0,0.0,,0,0.0
prebreak,300855,2023-08-22,S,S,A,C,S,S,A,31.9799,33.38,31.76,1.62,,0,0.0,0.0,,0,0.0,0,0.0,0.0,,0,0.0,0,0.0,0.0,,0,0.0
prebreak,600055,2023-08-22,S,S,A,C,S,S,A,17.3711,18.76,17.89,0.87,2023-08-29（报告期 2023-06-30 00:00:00）,1,18.76,18.758,2023-08-29,0,-0.0187,1,18.76,18.4531,2023-08-31,0,-0.3689,1,18.76,18.4531,2023-08-31,0,-0.3689
prebreak,600585,2023-08-22,S,S,A,C,S,S,A,23.1583,23.39,22.26,1.13,,0,0.0,0.0,,0,0.0,0,0.0,0.0,,0,0.0,0,0.0,0.0,,0,0.0
prebreak,603393,2023-08-22,S,S,A,C,S,S,A,24.4254,26.96,25.62,1.34,2023-08-30（报告期 2023-06-30 00:00:00）,0,0.0,0.0,,0,0.0,0,0.0,0.0,,0,0.0,1,26.96,26.96,2023-10-23,1,-0.0153
prebreak,300408,2023-08-24,S,S,A,C,S,S,A,29.1317,31.69,30.12,1.57,2023-08-30（报告期 2023-06-30 00:00:00）,1,31.69,31.2536,2023-08-31,0,-0.2931,1,31.69,31.0784,2023-09-04,0,-0.4047,1,31.69,31.0784,2023-09-04,0,-0.4047
prebreak,300685,2023-08-24,S,S,A,C,S,S,A,21.0223,24.19,23.13,1.06,,0,0.0,0.0,,0,0.0,0,0.0,0.0,,0,0.0,0,0.0,0.0,,0,0.0
prebreak,300869,2023-08-24,S,S,A,C,S,S,A,20.3414,22.65,21.57,1.08,,0,0.0,0.0,,0,0.0,0,0.0,0.0,,0,0.0,0,0.0,0.0,,0,0.0
prebreak,600196,2023-08-24,S,S,A,C,S,S,A,26.7249,28.63,27.55,1.08,,0,0.0,0.0,,0,0.0,0,0.0,0.0,,0,0.0,0,0.0,0.0,,0,0.0
prebreak,600316,2023-08-24,S,S,A,C,S,S,A,20.6998,22.45,21.43,1.02,,0,0.0,0.0,,0,0.0,0,0.0,0.0,,0,0.0,0,0.0,0.0,,0,0.0
prebreak,600406,2023-08-24,S,S,A,C,S,S,A,21.0795,21.76,20.86,0.9,,0,0.0,0.0,,0,0.0,0,0.0,0.0,,0,0.0,0,0.0,0.0,,0,0.0
prebreak,603087,2023-08-24,S,S,A,C,S,S,A,39.6742,40.93,38.91,2.02,,0,0.0,0.0,,0,0.0,0,0.0,0.0,,0,0.0,0,0.0,0.0,,0,0.0
prebreak,002402,2023-08-28,S,S,A,C,S,S,A,13.6664,16.1,15.41,0.69,,0,0.0,0.0,,0,0.0,0,0.0,0.0,,0,0.0,0,0.0,0.0,,0,0.0
prebreak,301126,2023-08-28,S,S,A,C,S,S,A,12.2955,13.64,12.95,0.69,,0,0.0,0.0,,0,0.0,0,0.0,0.0,,0,0.0,0,0.0,0.0,,0,0.0
prebreak,600031,2023-08-28,S,S,A,C,S,S,A,14.7045,15.27,14.53,0.74,2023-08-31（报告期 2023-06-30 00:00:00）,1,15.27,16.1211,2023-09-04,0,1.1337,1,15.27,15.8472,2023-09-06,0,0.7638,1,15.27,15.8472,2023-09-06,0,0.7638
prebreak,600089,2023-08-28,S,S,A,C,S,S,A,14.0577,14.35,13.65,0.7,,0,0.0,0.0,,0,0.0,0,0.0,0.0,,0,0.0,0,0.0,0.0,,0,0.0
prebreak,000408,2023-08-29,S,S,A,C,S,S,A,21.021,21.3,20.31,0.99,,1,21.3,22.5629,2023-09-05,0,1.2585,1,21.3,21.9963,2023-09-12,0,0.6865,1,21.3,20.31,2023-10-18,1,-1.0157
prebreak,300015,2023-08-29,S,S,A,C,S,S,A,17.6384,17.8,16.89,0.91,,0,0.0,0.0,,0,0.0,0,0.0,0.0,,0,0.0,0,0.0,0.0,,0,0.0
prebreak,300482,2023-08-29,S,S,A,C,S,S,A,23.5151,25.79,24.49,1.3,,0,0.0,0.0,,0,0.0,0,0.0,0.0,,0,0.0,0,0.0,0.0,,0,0.0
prebreak,300813,2023-08-29,S,S,A,C,S,S,A,26.7777,27.83,26.74,1.09,,0,0.0,0.0,,0,0.0,0,0.0,0.0,,0,0.0,0,0.0,0.0,,0,0.0
prebreak,300855,2023-08-29,S,S,A,C,S,S,A,32.8628,33.38,31.76,1.62,,0,0.0,0.0,,0,0.0,0,0.0,0.0,,0,0.0,0,0.0,0.0,,0,0.0
prebreak,600048,2023-08-29,S,S,A,C,S,S,A,13.4139,13.25,12.61,0.64,,0,0.0,0.0,,0,0.0,0,0.0,0.0,,0,0.0,0,0.0,0.0,,0,0.0
prebreak,603393,2023-08-29,S,S,A,C,S,S,A,25.1676,26.96,25.62,1.34,2023-08-30（报告期 2023-06-30 00:00:00）,0,0.0,0.0,,0,0.0,1,26.96,28.3025,2023-09-12,0,0.986,1,26.96,26.96,2023-10-23,1,-0.0153
prebreak,603858,2023-08-29,S,S,A,C,S,S,A,16.9329,18.58,17.8,0.78,,0,0.0,0.0,,0,0.0,0,0.0,0.0,,0,0.0,0,0.0,0.0,,0,0.0
prebreak,000768,2023-08-30,S,S,A,C,S,S,A,23.417,24.98,23.79,1.19,,0,0.0,0.0,,0,0.0,0,0.0,0.0,,0,0.0,0,0.0,0.0,,0,0.0
prebreak,002205,2023-08-30,S,S,A,C,S,S,A,10.34,10.95,10.41,0.54,,0,0.0,0.0,,0,0.0,0,0.0,0.0,,0,0.0,0,0.0,0.0,,0,0.0
prebreak,002657,2023-08-30,S,S,A,C,S,S,A,15.72,17.41,16.51,0.9,,0,0.0,0.0,,0,0.0,0,0.0,0.0,,0,0.0,0,0.0,0.0,,0,0.0
prebreak,002867,2023-08-30,S,S,A,C,S,S,A,13.6795,13.77,13.15,0.62,,0,0.0,0.0,,0,0.0,0,0.0,0.0,,0,0.0,0,0.0,0.0,,0,0.0
prebreak,002925,2023-08-30,S,S,A,C,S,S,A,16.642,16.86,16.28,0.58,,0,0.0,0.0,,0,0.0,0,0.0,0.0,,0,0.0,0,0.0,0.0,,0,0.0
prebreak,300702,2023-08-30,S,S,A,C,S,S,A,20.7195,23.35,22.31,1.04,,0,0.0,0.0,,0,0.0,0,0.0,0.0,,0,0.0,0,0.0,0.0,,0,0.0
prebreak,301160,2023-08-30,S,S,A,C,S,S,A,16.1597,16.29,15.57,0.72,,0,0.0,0.0,,0,0.0,0,0.0,0.0,,0,0.0,0,0.0,0.0,,0,0.0
prebreak,600862,2023-08-30,S,S,A,C,S,S,A,23.6899,23.91,22.71,1.2,,1,23.91,24.4632,2023-09-06,0,0.4455,1,23.91,23.8446,2023-09-13,0,-0.0696,1,23.91,23.92,2023-10-12,1,-0.0068
prebreak,600927,2023-08-30,S,S,A,C,S,S,A,16.41,17.88,17.04,0.84,,0,0.0,0.0,,0,0.0,0,0.0,0.0,,0,0.0,0,0.0,0.0,,0,0.0
prebreak,603195,2023-08-30,S,S,A,C,S,S,A,46.7006,46.03,44.02,2.01,,1,46.03,47.1396,2023-09-06,0,0.5343,1,46.03,46.0266,2023-09-13,0,-0.0191,1,46.03,44.02,2023-10-20,1,-1.0168
prebreak,603511,2023-08-30,S,S,A,C,S,S,A,15.9507,15.31,14.55,0.76,,0,0.0,0.0,,0,0.0,0,0.0,0.0,,0,0.0,0,0.0,0.0,,0,0.0
prebreak,603610,2023-08-30,S,S,A,C,S,S,A,10.9706,10.58,10.08,0.5,,0,0.0,0.0,,0,0.0,0,0.0,0.0,,0,0.0,0,0.0,0.0,,0,0.0
prebreak,688187,2023-08-30,S,S,A,C,S,S,A,41.6322,42.55,40.35,2.2,,0,0.0,0.0,,0,0.0,0,0.0,0.0,,0,0.0,0,0.0,0.0,,0,0.0
prebreak,688799,2023-08-30,S,S,A,C,S,S,A,28.6525,27.24,26.11,1.13,,0,0.0,0.0,,0,0.0,0,0.0,0.0,,0,0.0,0,0.0,0.0,,0,0.0
prebreak,001202,2023-08-31,S,S,A,C,S,S,A,12.3759,11.75,11.23,0.52,,0,0.0,0.0,,0,0.0,0,0.0,0.0,,0,0.0,0,0.0,0.0,,0,0.0
prebreak,001206,2023-08-31,S,S,A,C,S,S,A,13.5382,13.35,12.83,0.52,,0,0.0,0.0,,0,0.0,0,0.0,0.0,,0,0.0,0,0.0,0.0,,0,0.0
prebreak,300408,2023-08-31,S,S,A,C,S,S,A,31.2536,31.69,30.12,1.57,,0,0.0,0.0,,0,0.0,0,0.0,0.0,,0,0.0,0,0.0,0.0,,0,0.0
prebreak,300685,2023-08-31,S,S,A,C,S,S,A,22.8092,24.19,23.13,1.06,,0,0.0,0.0,,0,0.0,0,0.0,0.0,,0,0.0,0,0.0,0.0,,0,0.0
prebreak,300809,2023-08-31,S,S,A,C,S,S,A,20.5381,21.11,20.18,0.93,,0,0.0,0.0,,0,0.0,1,21.11,20.7257,2023-09-14,0,-0.4302,1,21.11,20.18,2023-09-18,1,-1.0166
prebreak,300869,2023-08-31,S,S,A,C,S,S,A,20.6787,22.65,21.57,1.08,,0,0.0,0.0,,0,0.0,0,0.0,0.0,,0,0.0,0,0.0,0.0,,0,0.0
prebreak,300872,2023-08-31,S,S,A,C,S,S,A,15.0408,16.18,15.44,0.74,,0,0.0,0.0,,0,0.0,0,0.0,0.0,,0,0.0,0,0.0,0.0,,0,0.0
prebreak,600196,2023-08-31,S,S,A,C,S,S,A,26.8209,27.68,26.26,1.42,,0,0.0,0.0,,0,0.0,0,0.0,0.0,,0,0.0,0,0.0,0.0,,0,0.0
prebreak,600316,2023-08-31,S,S,A,C,S,S,A,21.2787,22.45,21.43,1.02,,0,0.0,0.0,,0,0.0,0,0.0,0.0,,0,0.0,0,0.0,0.0,,0,0.0
prebreak,603013,2023-08-31,S,S,A,C,S,S,A,14.2868,13.76,13.14,0.62,,0,0.0,0.0,,0,0.0,0,0.0,0.0,,0,0.0,0,0.0,0.0,,0,0.0
prebreak,603369,2023-08-31,S,S,A,C,S,S,A,54.7992,55.92,53.52,2.4,,0,0.0,0.0,,0,0.0,0,0.0,0.0,,0,0.0,0,0.0,0.0,,0,0.0
prebreak,000513,2023-09-01,S,S,A,C,S,S,A,30.634,31.32,29.74,1.58,,0,0.0,0.0,,0,0.0,0,0.0,0.0,,0,0.0,0,0.0,0.0,,0,0.0
prebreak,002028,2023-09-01,S,S,A,C,S,S,A,50.8727,49.45,47.15,2.3,,0,0.0,0.0,,0,0.0,0,0.0,0.0,,0,0.0,0,0.0,0.0,,0,0.0
prebreak,002080,2023-09-01,S,S,A,C,S,S,A,21.1364,21.96,20.86,1.1,,0,0.0,0.0,,0,0.0,0,0.0,0.0,,0,0.0,0,0.0,0.0,,0,0.0
prebreak,002635,2023-09-01,S,S,A,C,S,S,A,12.5949,12.25,11.73,0.52,,1,12.25,12.9775,2023-09-08,0,1.3802,1,12.25,12.6332,2023-09-15,0,0.7185,1,12.25,12.25,2023-09-21,1,-0.0179
prebreak,300997,2023-09-01,S,S,A,C,S,S,A,13.6213,12.67,12.06,0.61,,1,12.67,13.0549,2023-09-06,0,0.6148,1,12.67,13.0549,2023-09-06,0,0.6148,1,12.67,13.0549,2023-09-06,0,0.6148
prebreak,301167,2023-09-01,S,S,A,C,S,S,A,17.9539,18.41,17.48,0.93,,0,0.0,0.0,,0,0.0,0,0.0,0.0,,0,0.0,0,0.0,0.0,,0,0.0
prebreak,600201,2023-09-01,S,S,A,C,S,S,A,9.2636,9.53,9.03,0.5,,0,0.0,0.0,,0,0.0,0,0.0,0.0,,0,0.0,0,0.0,0.0,,0,0.0
prebreak,600827,2023-09-01,S,S,A,C,S,S,A,11.1988,12.89,12.23,0.66,,0,0.0,0.0,,0,0.0,0,0.0,0.0,,0,0.0,0,0.0,0.0,,0,0.0
prebreak,603080,2023-09-01,S,S,A,C,S,S,A,15.1966,13.45,12.8,0.65,,1,13.45,14.4725,2023-09-06,0,1.5563,1,13.45,14.4725,2023-09-06,0,1.5563,1,13.45,14.4725,2023-09-06,0,1.5563
prebreak,603607,2023-09-01,S,S,A,C,S,S,A,14.2396,13.72,13.05,0.67,,0,0.0,0.0,,0,0.0,0,0.0,0.0,,0,0.0,0,0.0,0.0,,0,0.0
prebreak,000009,2023-09-04,S,S,A,C,S,S,A,10.7946,10.9,10.37,0.53,,0,0.0,0.0,,0,0.0,0,0.0,0.0,,0,0.0,0,0.0,0.0,,0,0.0
prebreak,002402,2023-09-04,S,S,A,C,S,S,A,14.6907,14.4,13.9,0.5,,0,0.0,0.0,,0,0.0,0,0.0,0.0,,0,0.0,0,0.0,0.0,,0,0.0
prebreak,300400,2023-09-04,S,S,A,C,S,S,A,15.1376,14.27,13.54,0.73,,1,14.27,15.6179,2023-09-11,0,1.8304,1,14.27,15.4055,2023-09-18,0,1.5396,1,14.27,14.27,2023-10-27,1,-0.0149
prebreak,300497,2023-09-04,S,S,A,C,S,S,A,11.79,13.38,12.74,0.64,,0,0.0,0.0,,0,0.0,0,0.0,0.0,,0,0.0,0,0.0,0.0,,0,0.0
prebreak,300531,2023-09-04,S,S,A,C,S,S,A,13.8946,14.15,13.41,0.74,,1,14.15,14.2402,2023-09-11,0,0.1073,1,14.15,13.41,2023-09-14,1,-1.0139,1,14.15,13.41,2023-09-14,1,-1.0139
prebreak,300677,2023-09-04,S,S,A,C,S,S,A,21.5992,22.02,20.95,1.07,,0,0.0,0.0,,0,0.0,0,0.0,0.0,,0,0.0,0,0.0,0.0,,0,0.0
prebreak,300747,2023-09-04,S,S,A,C,S,S,A,26.0615,26.68,25.29,1.39,,1,26.68,25.4782,2023-09-07,0,-0.8786,1,26.68,25.4782,2023-09-07,0,-0.8786,1,26.68,25.4782,2023-09-07,0,-0.8786
prebreak,300906,2023-09-04,S,S,A,C,S,S,A,25.121,23.31,22.19,1.12,,0,0.0,0.0,,0,0.0,0,0.0,0.0,,0,0.0,0,0.0,0.0,,0,0.0
prebreak,600031,2023-09-04,S,S,A,C,S,S,A,16.1211,15.21,14.44,0.77,,0,0.0,0.0,,0,0.0,0,0.0,0.0,,0,0.0,0,0.0,0.0,,0,0.0
prebreak,600111,2023-09-04,S,S,A,C,S,S,A,22.7909,22.81,21.65,1.16,,0,0.0,0.0,,0,0.0,0,0.0,0.0,,0,0.0,0,0.0,0.0,,0,0.0
prebreak,600216,2023-09-04,S,S,A,C,S,S,A,10.3731,10.36,9.84,0.52,,0,0.0,0.0,,0,0.0,0,0.0,0.0,,0,0.0,0,0.0,0.0,,0,0.0
prebreak,601021,2023-09-04,S,S,A,C,S,S,A,53.4815,55.73,53.02,2.71,,0,0.0,0.0,,0,0.0,0,0.0,0.0,,0,0.0,0,0.0,0.0,,0,0.0
prebreak,000408,2023-09-05,S,S,A,C,S,S,A,22.5629,21.59,20.54,1.05,,0,0.0,0.0,,0,0.0,0,0.0,0.0,,0,0.0,0,0.0,0.0,,0,0.0
prebreak,002294,2023-09-05,S,S,A,C,S,S,A,25.7808,26.72,25.64,1.08,,0,0.0,0.0,,0,0.0,1,26.72,27.5364,2023-09-19,0,0.7366,1,26.72,26.88,2023-10-23,1,0.1293
prebreak,003040,2023-09-05,S,S,A,C,S,S,A,16.6357,17.13,16.38,0.75,,0,0.0,0.0,,0,0.0,0,0.0,0.0,,0,0.0,0,0.0,0.0,,0,0.0
prebreak,300832,2023-09-05,S,S,A,C,S,S,A,57.2731,52.2,49.51,2.69,,0,0.0,0.0,,0,0.0,0,0.0,0.0,,0,0.0,0,0.0,0.0,,0,0.0
prebreak,600048,2023-09-05,S,S,A,C,S,S,A,12.7756,13.25,12.61,0.64,,0,0.0,0.0,,0,0.0,0,0.0,0.0,,0,0.0,0,0.0,0.0,,0,0.0
prebreak,600161,2023-09-05,S,S,A,C,S,S,A,20.15,20.58,19.9,0.68,,0,0.0,0.0,,0,0.0,1,20.58,20.3782,2023-09-19,0,-0.3195,1,20.58,20.3782,2023-09-19,0,-0.3195
prebreak,603393,2023-09-05,S,S,A,C,S,S,A,26.2907,26.8,25.39,1.41,,0,0.0,0.0,,0,0.0,0,0.0,0.0,,0,0.0,0,0.0,0.0,,0,0.0
prebreak,002032,2023-09-06,S,S,A,C,S,S,A,41.0245,41.92,40.51,1.41,,1,41.92,40.51,2023-09-12,1,-1.022,1,41.92,40.51,2023-09-12,1,-1.022,1,41.92,40.51,2023-09-12,1,-1.022
prebreak,002925,2023-09-06,S,S,A,C,S,S,A,17.3385,17.42,16.53,0.89,,0,0.0,0.0,,0,0.0,0,0.0,0.0,,0,0.0,0,0.0,0.0,,0,0.0
prebreak,300961,2023-09-06,S,S,A,C,S,S,A,11.03,11.26,10.73,0.53,,0,0.0,0.0,,0,0.0,0,0.0,0.0,,0,0.0,0,0.0,0.0,,0,0.0
prebreak,600036,2023-09-06,S,S,A,C,S,S,A,28.6117,27.37,26.37,1.0,,0,0.0,0.0,,0,0.0,0,0.0,0.0,,0,0.0,0,0.0,0.0,,0,0.0
prebreak,600760,2023-09-06,S,S,A,C,S,S,A,44.2971,44.08,42.22,1.86,,0,0.0,0.0,,0,0.0,0,0.0,0.0,,0,0.0,0,0.0,0.0,,0,0.0
prebreak,600862,2023-09-06,S,S,A,C,S,S,A,24.4632,24.31,23.17,1.14,,0,0.0,0.0,,0,0.0,0,0.0,0.0,,0,0.0,0,0.0,0.0,,0,0.0
prebreak,600927,2023-09-06,S,S,A,C,S,S,A,15.9833,16.52,15.82,0.7,,0,0.0,0.0,,0,0.0,0,0.0,0.0,,0,0.0,0,0.0,0.0,,0,0.0
prebreak,002028,2023-09-08,S,S,A,C,S,S,A,49.3975,51.53,49.31,2.22,,0,0.0,0.0,,0,0.0,0,0.0,0.0,,0,0.0,0,0.0,0.0,,0,0.0
prebreak,002635,2023-09-08,S,S,A,C,S,S,A,12.9775,12.25,11.73,0.52,,0,0.0,0.0,,0,0.0,0,0.0,0.0,,0,0.0,0,0.0,0.0,,0,0.0
prebreak,301116,2023-09-08,S,S,A,C,S,S,A,15.001,15.38,14.61,0.77,,0,0.0,0.0,,0,0.0,0,0.0,0.0,,0,0.0,0,0.0,0.0,,0,0.0
prebreak,301258,2023-09-08,S,S,A,C,S,S,A,37.036,37.72,36.49,1.23,,0,0.0,0.0,,0,0.0,0,0.0,0.0,,0,0.0,0,0.0,0.0,,0,0.0
prebreak,600138,2023-09-08,S,S,A,C,S,S,A,12.3662,12.7,12.1,0.6,,0,0.0,0.0,,0,0.0,0,0.0,0.0,,0,0.0,0,0.0,0.0,,0,0.0
prebreak,600562,2023-09-08,S,S,A,C,S,S,A,15.3006,15.41,14.77,0.64,,0,0.0,0.0,,0,0.0,0,0.0,0.0,,0,0.0,0,0.0,0.0,,0,0.0
prebreak,600827,2023-09-08,S,S,A,C,S,S,A,10.8039,12.89,12.23,0.66,,0,0.0,0.0,,0,0.0,0,0.0,0.0,,0,0.0,0,0.0,0.0,,0,0.0
prebreak,000423,2023-09-11,S,S,A,C,S,S,A,42.6035,45.89,43.54,2.35,,0,0.0,0.0,,0,0.0,0,0.0,0.0,,0,0.0,0,0.0,0.0,,0,0.0
prebreak,002980,2023-09-11,S,S,A,C,S,S,A,20.9455,21.33,20.4,0.93,,0,0.0,0.0,,0,0.0,0,0.0,0.0,,0,0.0,0,0.0,0.0,,0,0.0
prebreak,300424,2023-09-11,S,S,A,C,S,S,A,13.3396,13.03,12.43,0.6,,0,0.0,0.0,,0,0.0,0,0.0,0.0,,0,0.0,0,0.0,0.0,,0,0.0
prebreak,300497,2023-09-11,S,S,A,C,S,S,A,11.55,13.33,12.73,0.6,,0,0.0,0.0,,0,0.0,0,0.0,0.0,,0,0.0,0,0.0,0.0,,0,0.0
prebreak,300747,2023-09-11,S,S,A,C,S,S,A,26.1505,26.68,25.29,1.39,,0,0.0,0.0,,0,0.0,0,0.0,0.0,,0,0.0,0,0.0,0.0,,0,0.0
prebreak,600031,2023-09-11,S,S,A,C,S,S,A,15.7717,16.17,15.54,0.63,,0,0.0,0.0,,0,0.0,0,0.0,0.0,,0,0.0,0,0.0,0.0,,0,0.0
prebreak,600111,2023-09-11,S,S,A,C,S,S,A,22.2255,22.99,21.88,1.11,,0,0.0,0.0,,0,0.0,0,0.0,0.0,,0,0.0,0,0.0,0.0,,0,0.0
prebreak,600343,2023-09-11,S,S,A,C,S,S,A,10.21,10.26,9.75,0.51,,0,0.0,0.0,,0,0.0,0,0.0,0.0,,0,0.0,0,0.0,0.0,,0,0.0
prebreak,600741,2023-09-11,S,S,A,C,S,S,A,16.5774,16.68,16.06,0.62,,0,0.0,0.0,,0,0.0,0,0.0,0.0,,0,0.0,0,0.0,0.0,,0,0.0
prebreak,688166,2023-09-11,S,S,A,C,S,S,A,19.1505,20.03,19.04,0.99,,1,20.03,20.5738,2023-09-18,0,0.5336,1,20.03,26.1577,2023-09-25,0,6.1703,1,20.03,37.07,2023-11-01,1,17.1859
prebreak,000408,2023-09-12,S,S,A,C,S,S,A,21.9963,22.83,21.68,1.15,,0,0.0,0.0,,0,0.0,0,0.0,0.0,,0,0.0,0,0.0,0.0,,0,0.0
prebreak,000995,2023-09-12,S,S,A,C,S,S,A,17.66,17.42,16.78,0.64,,0,0.0,0.0,,0,0.0,0,0.0,0.0,,0,0.0,0,0.0,0.0,,0,0.0
prebreak,002223,2023-09-12,S,S,A,C,S,S,A,31.5157,31.28,29.8,1.48,,0,0.0,0.0,,0,0.0,0,0.0,0.0,,0,0.0,0,0.0,0.0,,0,0.0
prebreak,002294,2023-09-12,S,S,A,C,S,S,A,25.6949,26.72,25.64,1.08,,1,26.72,27.5364,2023-09-19,0,0.7366,1,26.72,27.7558,2023-09-26,0,0.9397,1,26.72,26.88,2023-10-23,1,0.1293
prebreak,300122,2023-09-12,S,S,A,C,S,S,A,44.1304,44.22,41.94,2.28,,0,0.0,0.0,,0,0.0,0,0.0,0.0,,0,0.0,0,0.0,0.0,,0,0.0
prebreak,300832,2023-09-12,S,S,A,C,S,S,A,58.9382,52.2,49.51,2.69,,0,0.0,0.0,,0,0.0,0,0.0,0.0,,0,0.0,0,0.0,0.0,,0,0.0
prebreak,600048,2023-09-12,S,S,A,C,S,S,A,12.5813,13.21,12.52,0.69,,0,0.0,0.0,,0,0.0,0,0.0,0.0,,0,0.0,0,0.0,0.0,,0,0.0
prebreak,600161,2023-09-12,S,S,A,C,S,S,A,20.3293,20.58,19.63,0.95,,1,20.58,20.3782,2023-09-19,0,-0.2287,1,20.58,20.3782,2023-09-19,0,-0.2287,1,20.58,20.3782,2023-09-19,0,-0.2287
prebreak,600233,2023-09-12,S,S,A,C,S,S,A,13.8916,14.78,14.03,0.75,,0,0.0,0.0,,0,0.0,0,0.0,0.0,,0,0.0,0,0.0,0.0,,0,0.0
prebreak,600438,2023-09-12,S,S,A,C,S,S,A,30.297,31.04,29.58,1.46,,0,0.0,0.0,,0,0.0,0,0.0,0.0,,0,0.0,1,31.04,30.5557,2023-10-09,0,-0.3476
prebreak,600585,2023-09-12,S,S,A,C,S,S,A,22.7676,23.53,22.64,0.89,,0,0.0,0.0,,0,0.0,0,0.0,0.0,,0,0.0,0,0.0,0.0,,0,0.0
prebreak,600990,2023-09-12,S,S,A,C,S,S,A,22.7,22.49,21.35,1.14,,0,0.0,0.0,,0,0.0,0,0.0,0.0,,0,0.0,0,0.0,0.0,,0,0.0
prebreak,603393,2023-09-12,S,S,A,C,S,S,A,28.3025,26.87,25.86,1.01,,1,26.87,29.162,2023-09-19,0,2.2476,1,26.87,28.2146,2023-09-26,0,1.3103,1,26.87,26.87,2023-10-23,1,-0.0202
prebreak,002028,2023-09-15,S,S,A,C,S,S,A,48.4141,50.89,48.76,2.13,,0,0.0,0.0,,0,0.0,1,50.89,48.9648,2023-10-09,0,-0.9214,1,50.89,48.76,2023-10-10,1,-1.0175
prebreak,603080,2023-09-15,S,S,A,C,S,S,A,14.2617,13.47,12.81,0.66,,0,0.0,0.0,,0,0.0,0,0.0,0.0,,0,0.0,0,0.0,0.0,,0,0.0
prebreak,300400,2023-09-18,S,S,A,C,S,S,A,15.4055,14.27,13.54,0.73,,0,0.0,0.0,,0,0.0,0,0.0,0.0,,0,0.0,0,0.0,0.0,,0,0.0
prebreak,300747,2023-09-18,S,S,A,C,S,S,A,25.2706,26.36,25.14,1.22,,0,0.0,0.0,,0,0.0,0,0.0,0.0,,0,0.0,0,0.0,0.0,,0,0.0
prebreak,301130,2023-09-18,S,S,A,C,S,S,A,30.5012,30.02,28.57,1.45,,0,0.0,0.0,,0,0.0,0,0.0,0.0,,0,0.0,0,0.0,0.0,,0,0.0
prebreak,600741,2023-09-18,S,S,A,C,S,S,A,16.1995,16.78,16.06,0.72,,0,0.0,0.0,,0,0.0,0,0.0,0.0,,0,0.0,0,0.0,0.0,,0,0.0
prebreak,000400,2023-09-22,S,S,A,C,S,S,A,18.0485,18.36,17.58,0.78,,1,18.36,18.5937,2023-10-09,0,0.2815,1,18.36,17.58,2023-10-13,1,-1.0173,1,18.36,17.58,2023-10-13,1,-1.0173
prebreak,002028,2023-09-22,S,S,A,C,S,S,A,48.6796,49.57,47.81,1.76,,1,49.57,48.9648,2023-10-09,0,-0.3651,1,49.57,47.81,2023-10-10,1,-1.0208,1,49.57,47.81,2023-10-10,1,-1.0208
prebreak,002128,2023-09-22,S,S,A,C,S,S,A,12.2345,12.65,12.13,0.52,,0,0.0,0.0,,0,0.0,0,0.0,0.0,,0,0.0,0,0.0,0.0,,0,0.0
prebreak,600362,2023-09-22,S,S,A,C,S,S,A,18.1858,18.71,17.96,0.75,,0,0.0,0.0,,0,0.0,0,0.0,0.0,,0,0.0,0,0.0,0.0,,0,0.0
prebreak,300747,2023-09-25,S,S,A,C,S,S,A,24.5587,26.36,25.14,1.22,,0,0.0,0.0,,0,0.0,0,0.0,0.0,,0,0.0,0,0.0,0.0,,0,0.0
prebreak,600741,2023-09-25,S,S,A,C,S,S,A,16.3541,16.5,15.75,0.75,,0,0.0,0.0,,0,0.0,0,0.0,0.0,,0,0.0,0,0.0,0.0,,0,0.0
prebreak,600161,2023-09-26,S,S,A,C,S,S,A,20.5086,20.82,20.0,0.82,,1,20.82,21.0629,2023-10-11,0,0.2768,1,20.82,22.2041,2023-10-18,0,1.6676,1,20.82,24.57,2023-12-15,1,4.551
prebreak,002056,2023-09-27,S,S,A,C,S,S,A,14.614,14.75,14.06,0.69,,0,0.0,0.0,,0,0.0,0,0.0,0.0,,0,0.0,0,0.0,0.0,,0,0.0
prebreak,002393,2023-09-27,S,S,A,C,S,S,A,13.6314,13.74,13.08,0.66,,0,0.0,0.0,,0,0.0,0,0.0,0.0,,0,0.0,0,0.0,0.0,,0,0.0
prebreak,600862,2023-09-27,S,S,A,C,S,S,A,23.8736,24.41,23.15,1.26,,1,24.41,23.7769,2023-10-12,0,-0.5169,1,24.41,23.7769,2023-10-12,0,-0.5169,1,24.41,23.7769,2023-10-12,0,-0.5169
prebreak,600885,2023-09-27,S,S,A,C,S,S,A,22.7297,22.96,22.15,0.81,,0,0.0,0.0,,0,0.0,0,0.0,0.0,,0,0.0,0,0.0,0.0,,0,0.0
prebreak,000062,2023-09-28,S,S,A,C,S,S,A,10.5743,10.81,10.24,0.57,,0,0.0,0.0,,0,0.0,0,0.0,0.0,,0,0.0,0,0.0,0.0,,0,0.0
prebreak,000738,2023-09-28,S,S,A,C,S,S,A,21.007,21.29,20.39,0.9,,0,0.0,0.0,,0,0.0,0,0.0,0.0,,0,0.0,0,0.0,0.0,,0,0.0
prebreak,300244,2023-09-28,S,S,A,C,S,S,A,21.0595,21.78,20.7,1.08,,0,0.0,0.0,,0,0.0,0,0.0,0.0,,0,0.0,0,0.0,0.0,,0,0.0
prebreak,300685,2023-09-28,S,S,A,C,S,S,A,23.7457,23.46,22.43,1.03,,0,0.0,0.0,,0,0.0,0,0.0,0.0,,0,0.0,0,0.0,0.0,,0,0.0
prebreak,002635,2023-10-09,S,S,A,C,S,S,A,13.2644,12.82,12.22,0.6,,1,12.82,13.6565,2023-10-16,0,1.377,1,12.82,12.7958,2023-10-23,0,-0.0566,1,12.82,12.82,2023-10-23,1,-0.0162
prebreak,301093,2023-10-09,S,S,A,C,S,S,A,19.6197,19.28,18.35,0.93,,0,0.0,0.0,,0,0.0,0,0.0,0.0,,0,0.0,0,0.0,0.0,,0,0.0
prebreak,600362,2023-10-09,S,S,A,C,S,S,A,17.3571,18.37,17.62,0.75,,0,0.0,0.0,,0,0.0,0,0.0,0.0,,0,0.0,0,0.0,0.0,,0,0.0
prebreak,002557,2023-10-10,S,S,A,C,S,S,A,28.4493,30.14,28.83,1.31,,0,0.0,0.0,,0,0.0,0,0.0,0.0,,0,0.0,1,30.14,31.27,2023-12-07,1,0.8446
prebreak,600546,2023-10-10,S,S,A,C,S,S,A,16.0869,16.67,16.05,0.62,,0,0.0,0.0,,0,0.0,0,0.0,0.0,,0,0.0,0,0.0,0.0,,0,0.0
prebreak,603556,2023-10-10,S,S,A,C,S,S,A,23.3333,23.78,22.58,1.2,,0,0.0,0.0,,0,0.0,0,0.0,0.0,,0,0.0,0,0.0,0.0,,0,0.0
prebreak,000923,2023-10-11,S,S,A,C,S,S,A,14.13,15.66,14.97,0.69,,0,0.0,0.0,,0,0.0,0,0.0,0.0,,0,0.0,0,0.0,0.0,,0,0.0
prebreak,300015,2023-10-11,S,S,A,C,S,S,A,18.031,17.7,16.87,0.83,,0,0.0,0.0,,0,0.0,0,0.0,0.0,,0,0.0,0,0.0,0.0,,0,0.0
prebreak,300888,2023-10-11,S,S,A,C,S,S,A,38.7075,40.55,38.52,2.03,,0,0.0,0.0,,0,0.0,0,0.0,0.0,,0,0.0,0,0.0,0.0,,0,0.0
prebreak,600161,2023-10-11,S,S,A,C,S,S,A,21.0629,21.38,20.62,0.76,,1,21.38,22.2041,2023-10-18,0,1.0623,1,21.38,21.6335,2023-10-25,0,0.312,1,21.38,24.77,2023-12-15,1,4.4363
prebreak,600803,2023-10-11,S,S,A,C,S,S,A,14.5972,14.64,13.86,0.78,,0,0.0,0.0,,0,0.0,0,0.0,0.0,,0,0.0,0,0.0,0.0,,0,0.0
prebreak,600884,2023-10-11,S,S,A,C,S,S,A,13.5002,13.75,13.06,0.69,,0,0.0,0.0,,0,0.0,0,0.0,0.0,,0,0.0,0,0.0,0.0,,0,0.0
prebreak,002056,2023-10-12,S,S,A,C,S,S,A,15.1011,15.16,14.57,0.59,,0,0.0,0.0,,0,0.0,0,0.0,0.0,,0,0.0,0,0.0,0.0,,0,0.0
prebreak,002873,2023-10-12,S,S,A,C,S,S,A,11.9733,11.9,11.29,0.61,,0,0.0,0.0,,0,0.0,0,0.0,0.0,,0,0.0,0,0.0,0.0,,0,0.0
prebreak,600862,2023-10-12,S,S,A,C,S,S,A,23.7769,24.34,23.15,1.19,,0,0.0,0.0,,0,0.0,0,0.0,0.0,,0,0.0,0,0.0,0.0,,0,0.0
prebreak,688002,2023-10-12,S,S,A,C,S,S,A,46.5177,48.13,45.62,2.51,,0,0.0,0.0,,0,0.0,0,0.0,0.0,,0,0.0,0,0.0,0.0,,0,0.0
prebreak,002635,2023-10-16,S,S,A,C,S,S,A,13.6565,14.03,13.31,0.72,,0,0.0,0.0,,0,0.0,0,0.0,0.0,,0,0.0,1,14.03,13.31,2023-12-06,1,-1.0142
prebreak,301093,2023-10-16,S,S,A,C,S,S,A,19.8592,19.28,18.35,0.93,,0,0.0,0.0,,0,0.0,0,0.0,0.0,,0,0.0,0,0.0,0.0,,0,0.0
prebreak,603353,2023-10-16,S,S,A,C,S,S,A,21.5886,19.32,18.59,0.73,,1,19.32,24.9773,2023-10-23,0,7.7248,1,19.32,25.8343,2023-10-30,0,8.8979,1,19.32,26.15,2023-10-23,1,9.3302
prebreak,605319,2023-10-16,S,S,A,C,S,S,A,11.72,11.31,10.74,0.57,,1,11.31,11.9948,2023-10-23,0,1.1855,1,11.31,13.4221,2023-10-30,0,3.688,1,11.31,13.33,2023-10-26,1,3.5265
prebreak,301166,2023-10-17,S,S,A,C,S,S,A,41.1129,39.44,37.96,1.48,,1,39.44,37.96,2023-10-19,1,-1.0196,1,39.44,37.96,2023-10-19,1,-1.0196,1,39.44,37.96,2023-10-19,1,-1.0196
prebreak,603556,2023-10-17,S,S,A,C,S,S,A,21.6647,23.78,22.58,1.2,,0,0.0,0.0,,0,0.0,0,0.0,0.0,,0,0.0,0,0.0,0.0,,0,0.0
prebreak,688180,2023-10-17,S,S,A,C,S,S,A,40.54,39.4,37.52,1.88,,0,0.0,0.0,,0,0.0,0,0.0,0.0,,0,0.0,0,0.0,0.0,,0,0.0
prebreak,300294,2023-10-24,S,S,A,C,S,S,A,27.6171,30.82,29.31,1.51,,0,0.0,0.0,,0,0.0,0,0.0,0.0,,0,0.0,0,0.0,0.0,,0,0.0
prebreak,300529,2023-10-24,S,S,A,C,S,S,A,18.9162,21.13,20.09,1.04,,1,21.13,21.852,2023-10-31,0,0.6783,1,21.13,21.4365,2023-11-01,0,0.2791,1,21.13,21.4365,2023-11-01,0,0.2791
prebreak,300531,2023-10-24,S,S,A,C,S,S,A,13.9242,14.68,14.13,0.55,,0,0.0,0.0,,0,0.0,0,0.0,0.0,,0,0.0,0,0.0,0.0,,0,0.0
prebreak,301166,2023-10-24,S,S,A,C,S,S,A,37.2511,39.44,37.96,1.48,,0,0.0,0.0,,0,0.0,0,0.0,0.0,,0,0.0,0,0.0,0.0,,0,0.0
prebreak,002826,2023-10-25,S,S,A,C,S,S,A,10.8799,11.81,11.21,0.6,,0,0.0,0.0,,0,0.0,0,0.0,0.0,,0,0.0,0,0.0,0.0,,0,0.0
prebreak,600438,2023-10-25,S,S,A,C,S,S,A,27.7483,30.91,29.75,1.16,,0,0.0,0.0,,0,0.0,0,0.0,0.0,,0,0.0,0,0.0,0.0,,0,0.0
prebreak,600585,2023-10-25,S,S,A,C,S,S,A,22.1371,22.9,21.86,1.04,,0,0.0,0.0,,0,0.0,0,0.0,0.0,,0,0.0,0,0.0,0.0,,0,0.0
prebreak,600990,2023-10-25,S,S,A,C,S,S,A,20.51,21.91,20.79,1.12,,0,0.0,0.0,,0,0.0,0,0.0,0.0,,0,0.0,0,0.0,0.0,,0,0.0
prebreak,002705,2023-10-26,S,S,A,C,S,S,A,14.4441,15.53,14.81,0.72,,0,0.0,0.0,,0,0.0,0,0.0,0.0,,0,0.0,0,0.0,0.0,,0,0.0
prebreak,603668,2023-10-26,S,S,A,C,S,S,A,14.2454,14.76,14.17,0.59,,1,14.76,15.3691,2023-11-02,0,1.0127,1,14.76,15.3963,2023-11-09,0,1.0588,1,14.76,15.68,2023-12-21,1,1.5393
prebreak,688068,2023-10-26,S,S,A,C,S,S,A,38.4708,38.73,37.02,1.71,,0,0.0,0.0,,0,0.0,0,0.0,0.0,,0,0.0,0,0.0,0.0,,0,0.0
prebreak,000887,2023-10-27,S,S,A,C,S,S,A,11.9554,12.3,11.69,0.61,,1,12.3,12.2453,2023-11-02,0,-0.1049,1,12.3,12.2453,2023-11-02,0,-0.1049,1,12.3,12.2453,2023-11-02,0,-0.1049
prebreak,001207,2023-10-27,S,S,A,C,S,S,A,11.3179,11.04,10.54,0.5,,0,0.0,0.0,,0,0.0,0,0.0,0.0,,0,0.0,0,0.0,0.0,,0,0.0
prebreak,002142,2023-10-27,S,S,A,C,S,S,A,22.0779,22.45,21.46,0.99,,1,22.45,22.4943,2023-11-02,0,0.0275,1,22.45,22.4943,2023-11-02,0,0.0275,1,22.45,22.4943,2023-11-02,0,0.0275
prebreak,002847,2023-10-27,S,S,A,C,S,S,A,52.517,48.08,45.73,2.35,,1,48.08,51.8488,2023-11-03,0,1.5872,1,48.08,55.2428,2023-11-10,0,3.0305,1,48.08,51.05,2023-12-06,1,1.2475
prebreak,600406,2023-10-27,S,S,A,C,S,S,A,20.9309,21.03,20.08,0.95,,0,0.0,0.0,,0,0.0,0,0.0,0.0,,0,0.0,0,0.0,0.0,,0,0.0
prebreak,002019,2023-10-30,S,S,A,C,S,S,A,13.4449,13.57,12.87,0.7,,1,13.57,13.3962,2023-11-02,0,-0.2628,1,13.57,13.3962,2023-11-02,0,-0.2628,1,13.57,13.3962,2023-11-02,0,-0.2628
prebreak,002179,2023-10-30,S,S,A,C,S,S,A,38.3134,37.81,36.16,1.65,,0,0.0,0.0,,0,0.0,0,0.0,0.0,,0,0.0,0,0.0,0.0,,0,0.0
prebreak,300652,2023-10-30,S,S,A,C,S,S,A,18.3641,17.44,16.64,0.8,,1,17.44,18.7912,2023-11-06,0,1.6713,1,17.44,19.4355,2023-11-13,0,2.4762,1,17.44,20.55,2023-11-22,1,3.8685
prebreak,603035,2023-10-30,S,S,A,C,S,S,A,18.1802,18.6,17.61,0.99,,0,0.0,0.0,,0,0.0,0,0.0,0.0,,0,0.0,0,0.0,0.0,,0,0.0
prebreak,603319,2023-10-30,S,S,A,C,S,S,A,11.6588,12.11,11.6,0.51,,1,12.11,11.8869,2023-11-02,0,-0.4553,1,12.11,11.8869,2023-11-02,0,-0.4553,1,12.11,11.8869,2023-11-02,0,-0.4553
prebreak,605177,2023-10-30,S,S,A,C,S,S,A,30.0613,28.77,27.44,1.33,,0,0.0,0.0,,0,0.0,0,0.0,0.0,,0,0.0,0,0.0,0.0,,0,0.0
prebreak,002074,2023-10-31,S,S,A,C,S,S,A,22.4862,23.45,22.23,1.22,,1,23.45,23.2964,2023-11-07,0,-0.1405,1,23.45,23.2865,2023-11-08,0,-0.1485,1,23.45,23.2865,2023-11-08,0,-0.1485
prebreak,300294,2023-10-31,S,S,A,C,S,S,A,29.7109,30.82,29.31,1.51,,0,0.0,0.0,,0,0.0,0,0.0,0.0,,0,0.0,0,0.0,0.0,,0,0.0
prebreak,301166,2023-10-31,S,S,A,C,S,S,A,40.6541,38.02,36.01,2.01,,0,0.0,0.0,,0,0.0,0,0.0,0.0,,0,0.0,0,0.0,0.0,,0,0.0
prebreak,603926,2023-10-31,S,S,A,C,S,S,A,10.0129,10.43,9.91,0.52,,1,10.43,11.003,2023-11-07,0,1.086,1,10.43,11.2552,2023-11-14,0,1.5707,1,10.43,12.23,2023-11-22,1,3.4441
prebreak,002826,2023-11-01,S,S,A,C,S,S,A,11.6465,11.81,11.21,0.6,,0,0.0,0.0,,0,0.0,0,0.0,0.0,,0,0.0,0,0.0,0.0,,0,0.0
prebreak,002946,2023-11-01,S,S,A,C,S,S,A,12.2691,13.0,12.35,0.65,,0,0.0,0.0,,0,0.0,0,0.0,0.0,,0,0.0,0,0.0,0.0,,0,0.0
prebreak,300463,2023-11-01,S,S,A,C,S,S,A,15.1742,15.13,14.36,0.77,,0,0.0,0.0,,0,0.0,0,0.0,0.0,,0,0.0,0,0.0,0.0,,0,0.0
prebreak,300636,2023-11-01,S,S,A,C,S,S,A,11.3086,11.57,11.03,0.54,,0,0.0,0.0,,0,0.0,0,0.0,0.0,,0,0.0,0,0.0,0.0,,0,0.0
prebreak,301276,2023-11-01,S,S,A,C,S,S,A,19.8332,22.31,21.23,1.08,,0,0.0,0.0,,0,0.0,0,0.0,0.0,,0,0.0,0,0.0,0.0,,0,0.0
prebreak,600585,2023-11-01,S,S,A,C,S,S,A,21.1337,22.9,21.86,1.04,,0,0.0,0.0,,0,0.0,0,0.0,0.0,,0,0.0,0,0.0,0.0,,0,0.0
prebreak,600886,2023-11-01,S,S,A,C,S,S,A,11.1501,11.03,10.47,0.56,,0,0.0,0.0,,0,0.0,0,0.0,0.0,,0,0.0,0,0.0,0.0,,0,0.0
prebreak,603301,2023-11-01,S,S,A,C,S,S,A,24.3174,25.25,24.14,1.11,,0,0.0,0.0,,0,0.0,0,0.0,0.0,,0,0.0,0,0.0,0.0,,0,0.0
prebreak,603520,2023-11-01,S,S,A,C,S,S,A,14.9885,15.03,14.27,0.76,,0,0.0,0.0,,0,0.0,0,0.0,0.0,,0,0.0,0,0.0,0.0,,0,0.0
prebreak,000887,2023-11-03,S,S,A,C,S,S,A,12.4096,12.3,11.69,0.61,,0,0.0,0.0,,0,0.0,0,0.0,0.0,,0,0.0,0,0.0,0.0,,0,0.0
prebreak,000915,2023-11-03,S,S,A,C,S,S,A,25.9687,26.4,25.19,1.21,,0,0.0,0.0,,0,0.0,0,0.0,0.0,,0,0.0,0,0.0,0.0,,0,0.0
prebreak,002142,2023-11-03,S,S,A,C,S,S,A,22.6844,22.83,21.65,1.18,,0,0.0,0.0,,0,0.0,0,0.0,0.0,,0,0.0,0,0.0,0.0,,0,0.0
prebreak,002847,2023-11-03,S,S,A,C,S,S,A,51.8488,53.05,50.33,2.72,,1,53.05,55.2428,2023-11-10,0,0.7908,1,53.05,52.173,2023-11-17,0,-0.337,1,53.05,53.06,2023-12-01,1,-0.0111
prebreak,300146,2023-11-03,S,S,A,C,S,S,A,16.0106,16.42,15.75,0.67,,0,0.0,0.0,,0,0.0,0,0.0,0.0,,0,0.0,0,0.0,0.0,,0,0.0
prebreak,600406,2023-11-03,S,S,A,C,S,S,A,20.968,21.34,20.58,0.76,,0,0.0,0.0,,0,0.0,0,0.0,0.0,,0,0.0,0,0.0,0.0,,0,0.0
prebreak,603238,2023-11-03,S,S,A,C,S,S,A,13.1117,12.14,11.51,0.63,,1,12.14,13.065,2023-11-10,0,1.4527,1,12.14,13.1772,2023-11-17,0,1.6306,1,12.14,12.51,2023-12-27,1,0.5723
prebreak,688299,2023-11-03,S,S,A,C,S,S,A,14.2026,15.13,14.36,0.77,,0,0.0,0.0,,0,0.0,0,0.0,0.0,,0,0.0,0,0.0,0.0,,0,0.0
prebreak,002019,2023-11-06,S,S,A,C,S,S,A,13.6394,13.57,12.87,0.7,,0,0.0,0.0,,0,0.0,0,0.0,0.0,,0,0.0,0,0.0,0.0,,0,0.0
prebreak,002028,2023-11-06,S,S,A,C,S,S,A,47.7945,49.55,47.5,2.05,,0,0.0,0.0,,0,0.0,0,0.0,0.0,,0,0.0,0,0.0,0.0,,0,0.0
prebreak,002389,2023-11-06,S,S,A,C,S,S,A,19.8611,20.02,19.36,0.66,,1,20.02,20.0295,2023-11-13,0,-0.0087,1,20.02,20.3861,2023-11-20,0,0.5313,1,20.02,19.36,2023-11-24,1,-1.0224
prebreak,002635,2023-11-06,S,S,A,C,S,S,A,14.2303,13.93,13.2,0.73,,0,0.0,0.0,,0,0.0,0,0.0,0.0,,0,0.0,0,0.0,0.0,,0,0.0
prebreak,002923,2023-11-06,S,S,A,C,S,S,A,13.1779,12.24,11.62,0.62,,0,0.0,0.0,,0,0.0,0,0.0,0.0,,0,0.0,0,0.0,0.0,,0,0.0
prebreak,600523,2023-11-06,S,S,A,C,S,S,A,13.0091,13.11,12.48,0.63,,0,0.0,0.0,,0,0.0,0,0.0,0.0,,0,0.0,0,0.0,0.0,,0,0.0
prebreak,603035,2023-11-06,S,S,A,C,S,S,A,18.8973,18.66,17.83,0.83,,0,0.0,0.0,,0,0.0,0,0.0,0.0,,0,0.0,0,0.0,0.0,,0,0.0
prebreak,605177,2023-11-06,S,S,A,C,S,S,A,28.5346,30.58,29.19,1.39,,0,0.0,0.0,,0,0.0,0,0.0,0.0,,0,0.0,0,0.0,0.0,,0,0.0
prebreak,002046,2023-11-07,S,S,A,C,S,S,A,10.2742,10.99,10.46,0.53,,1,10.99,10.9894,2023-11-10,0,-0.0168,1,10.99,10.9894,2023-11-10,0,-0.0168,1,10.99,10.9894,2023-11-10,0,-0.0168
prebreak,300485,2023-11-07,S,S,A,C,S,S,A,11.3255,11.58,11.07,0.51,,0,0.0,0.0,,0,0.0,0,0.0,0.0,,0,0.0,0,0.0,0.0,,0,0.0
prebreak,301166,2023-11-07,S,S,A,C,S,S,A,40.96,38.02,36.01,2.01,,0,0.0,0.0,,0,0.0,0,0.0,0.0,,0,0.0,0,0.0,0.0,,0,0.0
prebreak,603706,2023-11-07,S,S,A,C,S,S,A,14.6654,13.98,13.37,0.61,,1,13.98,16.3749,2023-11-14,0,3.9061,1,13.98,15.3509,2023-11-21,0,2.2286,1,13.98,16.5,2023-11-14,1,4.1111
prebreak,002946,2023-11-08,S,S,A,C,S,S,A,12.2879,12.59,11.98,0.61,,0,0.0,0.0,,0,0.0,0,0.0,0.0,,0,0.0,0,0.0,0.0,,0,0.0
prebreak,003026,2023-11-08,S,S,A,C,S,S,A,20.8807,21.15,20.24,0.91,,0,0.0,0.0,,0,0.0,0,0.0,0.0,,0,0.0,0,0.0,0.0,,0,0.0
prebreak,300196,2023-11-10,S,S,A,C,S,S,A,11.4498,12.05,11.44,0.61,,0,0.0,0.0,,0,0.0,0,0.0,0.0,,0,0.0,0,0.0,0.0,,0,0.0
prebreak,600549,2023-11-10,S,S,A,C,S,S,A,16.4123,16.77,16.17,0.6,,1,16.77,16.6396,2023-11-17,0,-0.2385,1,16.77,16.6396,2023-11-17,0,-0.2385,1,16.77,16.6396,2023-11-17,0,-0.2385
prebreak,600756,2023-11-10,S,S,A,C,S,S,A,14.5137,14.4,13.64,0.76,,0,0.0,0.0,,0,0.0,0,0.0,0.0,,0,0.0,0,0.0,0.0,,0,0.0
prebreak,603238,2023-11-10,S,S,A,C,S,S,A,13.065,12.14,11.51,0.63,,0,0.0,0.0,,0,0.0,0,0.0,0.0,,0,0.0,0,0.0,0.0,,0,0.0
prebreak,603369,2023-11-10,S,S,A,C,S,S,A,50.3622,51.67,50.11,1.56,,0,0.0,0.0,,0,0.0,0,0.0,0.0,,0,0.0,0,0.0,0.0,,0,0.0
prebreak,002019,2023-11-13,S,S,A,C,S,S,A,13.4546,13.57,12.87,0.7,,0,0.0,0.0,,0,0.0,0,0.0,0.0,,0,0.0,0,0.0,0.0,,0,0.0
prebreak,002028,2023-11-13,S,S,A,C,S,S,A,47.0078,48.68,46.78,1.9,,0,0.0,0.0,,0,0.0,0,0.0,0.0,,0,0.0,0,0.0,0.0,,0,0.0
prebreak,002635,2023-11-13,S,S,A,C,S,S,A,14.039,14.38,13.73,0.65,,0,0.0,0.0,,0,0.0,0,0.0,0.0,,0,0.0,0,0.0,0.0,,0,0.0
prebreak,300663,2023-11-13,S,S,A,C,S,S,A,16.42,15.44,14.82,0.62,,0,0.0,0.0,,0,0.0,0,0.0,0.0,,0,0.0,0,0.0,0.0,,0,0.0
prebreak,600104,2023-11-13,S,S,A,C,S,S,A,13.6271,14.4,13.73,0.67,,0,0.0,0.0,,0,0.0,1,14.4,14.618,2023-11-27,0,0.3088,1,14.4,14.2027,2023-11-29,0,-0.3106
prebreak,600938,2023-11-13,S,S,A,C,S,S,A,17.3011,17.34,16.62,0.72,,0,0.0,0.0,,0,0.0,0,0.0,0.0,,0,0.0,0,0.0,0.0,,0,0.0
prebreak,002643,2023-11-14,S,S,A,C,S,S,A,16.1831,16.61,16.01,0.6,,0,0.0,0.0,,0,0.0,0,0.0,0.0,,0,0.0,0,0.0,0.0,,0,0.0
prebreak,600521,2023-11-14,S,S,A,C,S,S,A,15.1823,15.73,15.08,0.65,,0,0.0,0.0,,0,0.0,0,0.0,0.0,,0,0.0,0,0.0,0.0,,0,0.0
prebreak,002048,2023-11-15,S,S,A,C,S,S,A,12.6171,12.66,12.16,0.5,,0,0.0,0.0,,0,0.0,0,0.0,0.0,,0,0.0,0,0.0,0.0,,0,0.0
prebreak,600803,2023-11-15,S,S,A,C,S,S,A,13.9475,14.24,13.73,0.51,,0,0.0,0.0,,0,0.0,0,0.0,0.0,,0,0.0,0,0.0,0.0,,0,0.0
prebreak,300663,2023-11-20,S,S,A,C,S,S,A,16.27,16.68,15.98,0.7,,0,0.0,0.0,,0,0.0,0,0.0,0.0,,0,0.0,0,0.0,0.0,,0,0.0
prebreak,301093,2023-11-20,S,S,A,C,S,S,A,19.6711,20.57,19.59,0.98,,0,0.0,0.0,,0,0.0,0,0.0,0.0,,0,0.0,0,0.0,0.0,,0,0.0
prebreak,002977,2023-11-21,S,S,A,C,S,S,A,37.2883,37.69,35.79,1.9,,0,0.0,0.0,,0,0.0,0,0.0,0.0,,0,0.0,0,0.0,0.0,,0,0.0
prebreak,300699,2023-11-21,S,S,A,C,S,S,A,24.8783,25.56,24.66,0.9,,0,0.0,0.0,,0,0.0,0,0.0,0.0,,0,0.0,0,0.0,0.0,,0,0.0
prebreak,601233,2023-11-21,S,S,A,C,S,S,A,13.6174,13.93,13.41,0.52,,0,0.0,0.0,,0,0.0,0,0.0,0.0,,0,0.0,1,13.93,13.94,2024-01-11,1,-0.0011
prebreak,600285,2023-11-23,S,S,A,C,S,S,A,15.1283,14.6,13.9,0.7,,0,0.0,0.0,,0,0.0,0,0.0,0.0,,0,0.0,0,0.0,0.0,,0,0.0
prebreak,601038,2023-11-23,S,S,A,C,S,S,A,11.9431,11.3,10.77,0.53,,1,11.3,13.0305,2023-11-30,0,3.2468,1,11.3,12.768,2023-12-07,0,2.7519,1,11.3,12.51,2023-12-21,1,2.2654
prebreak,603979,2023-11-23,S,S,A,C,S,S,A,34.6412,35.39,33.79,1.6,,0,0.0,0.0,,0,0.0,0,0.0,0.0,,0,0.0,1,35.39,35.1681,2023-12-19,0,-0.1554
prebreak,605179,2023-11-23,S,S,A,C,S,S,A,13.8174,12.22,11.66,0.56,,1,12.22,13.9952,2023-11-30,0,3.1514,1,12.22,17.4421,2023-12-07,0,9.3027,1,12.22,16.68,2023-12-11,1,7.9427
prebreak,300919,2023-11-27,S,S,A,C,S,S,A,34.1916,36.36,34.73,1.63,,0,0.0,0.0,,0,0.0,0,0.0,0.0,,0,0.0,0,0.0,0.0,,0,0.0
prebreak,600523,2023-11-27,S,S,A,C,S,S,A,13.8227,13.93,13.3,0.63,,1,13.93,15.4985,2023-12-04,0,2.4713,1,13.93,14.8979,2023-12-11,0,1.5187,1,13.93,16.62,2023-12-01,1,4.2503
prebreak,002402,2023-11-28,S,S,A,C,S,S,A,13.6274,13.91,13.27,0.64,,0,0.0,0.0,,0,0.0,1,13.91,13.8322,2023-12-12,0,-0.138,1,13.91,13.6859,2023-12-14,0,-0.3664
prebreak,300699,2023-11-28,S,S,A,C,S,S,A,24.0341,24.98,23.77,1.21,,0,0.0,0.0,,0,0.0,0,0.0,0.0,,0,0.0,1,24.98,24.5368,2023-12-26,0,-0.3817
prebreak,301187,2023-11-28,S,S,A,C,S,S,A,12.6287,12.78,12.25,0.53,,0,0.0,0.0,,0,0.0,0,0.0,0.0,,0,0.0,0,0.0,0.0,,0,0.0
prebreak,002197,2023-11-30,S,S,A,C,S,S,A,10.74,11.28,10.7,0.58,,0,0.0,0.0,,0,0.0,0,0.0,0.0,,0,0.0,0,0.0,0.0,,0,0.0
prebreak,601038,2023-11-30,S,S,A,C,S,S,A,13.0305,11.3,10.77,0.53,,1,11.3,12.6555,2023-12-05,0,2.5397,1,11.3,12.6555,2023-12-05,0,2.5397,1,11.3,12.6555,2023-12-05,0,2.5397
prebreak,605179,2023-11-30,S,S,A,C,S,S,A,13.9952,12.22,11.66,0.56,,1,12.22,17.4421,2023-12-07,0,9.3027,1,12.22,15.4372,2023-12-14,0,5.7247,1,12.22,16.68,2023-12-11,1,7.9427
prebreak,300428,2023-12-01,S,S,A,C,S,S,A,20.4902,21.53,20.44,1.09,,0,0.0,0.0,,0,0.0,0,0.0,0.0,,0,0.0,0,0.0,0.0,,0,0.0
prebreak,300481,2023-12-01,S,S,A,C,S,S,A,15.911,17.01,16.24,0.77,,0,0.0,0.0,,0,0.0,0,0.0,0.0,,0,0.0,0,0.0,0.0,,0,0.0
prebreak,300739,2023-12-01,S,S,A,C,S,S,A,14.8015,15.03,14.32,0.71,,0,0.0,0.0,,0,0.0,0,0.0,0.0,,0,0.0,0,0.0,0.0,,0,0.0
prebreak,600380,2023-12-01,S,S,A,C,S,S,A,11.9418,12.08,11.53,0.55,,0,0.0,0.0,,0,0.0,1,12.08,11.8662,2023-12-15,0,-0.4053,1,12.08,11.7527,2023-12-18,0,-0.6114
prebreak,600522,2023-12-01,S,S,A,C,S,S,A,12.3605,13.48,12.79,0.69,,0,0.0,0.0,,0,0.0,0,0.0,0.0,,0,0.0,0,0.0,0.0,,0,0.0
prebreak,600756,2023-12-01,S,S,A,C,S,S,A,14.7529,14.91,14.23,0.68,,0,0.0,0.0,,0,0.0,0,0.0,0.0,,0,0.0,0,0.0,0.0,,0,0.0
prebreak,002635,2023-12-04,S,S,A,C,S,S,A,13.7138,14.41,13.74,0.67,,0,0.0,0.0,,0,0.0,0,0.0,0.0,,0,0.0,1,14.41,14.0581,2023-12-22,0,-0.5412
prebreak,300694,2023-12-04,S,S,A,C,S,S,A,12.6426,12.76,12.09,0.67,,0,0.0,0.0,,0,0.0,0,0.0,0.0,,0,0.0,0,0.0,0.0,,0,0.0
prebreak,300919,2023-12-04,S,S,A,C,S,S,A,32.7461,35.19,33.64,1.55,,0,0.0,0.0,,0,0.0,0,0.0,0.0,,0,0.0,0,0.0,0.0,,0,0.0
prebreak,301096,2023-12-04,S,S,A,C,S,S,A,62.2467,67.75,65.17,2.58,,0,0.0,0.0,,0,0.0,0,0.0,0.0,,0,0.0,0,0.0,0.0,,0,0.0
prebreak,603690,2023-12-04,S,S,A,C,S,S,A,26.101,27.63,26.21,1.42,,0,0.0,0.0,,0,0.0,0,0.0,0.0,,0,0.0,0,0.0,0.0,,0,0.0
prebreak,300727,2023-12-06,S,S,A,C,S,S,A,21.5091,21.27,20.19,1.08,,0,0.0,0.0,,0,0.0,0,0.0,0.0,,0,0.0,0,0.0,0.0,,0,0.0
prebreak,603819,2023-12-06,S,S,A,C,S,S,A,14.1681,13.44,12.89,0.55,,0,0.0,0.0,,0,0.0,0,0.0,0.0,,0,0.0,0,0.0,0.0,,0,0.0
prebreak,002032,2023-12-07,S,S,A,C,S,S,A,45.4492,46.96,44.72,2.24,,0,0.0,0.0,,0,0.0,0,0.0,0.0,,0,0.0,0,0.0,0.0,,0,0.0
prebreak,002197,2023-12-07,S,S,A,C,S,S,A,10.94,11.1,10.58,0.52,,0,0.0,0.0,,0,0.0,0,0.0,0.0,,0,0.0,0,0.0,0.0,,0,0.0
prebreak,300393,2023-12-07,S,S,A,C,S,S,A,9.9144,10.34,9.84,0.5,,0,0.0,0.0,,0,0.0,0,0.0,0.0,,0,0.0,0,0.0,0.0,,0,0.0
prebreak,301050,2023-12-07,S,S,A,C,S,S,A,41.0157,45.62,43.43,2.19,,0,0.0,0.0,,0,0.0,0,0.0,0.0,,0,0.0,0,0.0,0.0,,0,0.0
prebreak,000049,2023-12-11,S,S,A,C,S,S,A,25.5738,29.79,28.65,1.14,,0,0.0,0.0,,0,0.0,0,0.0,0.0,,0,0.0,0,0.0,0.0,,0,0.0
prebreak,002389,2023-12-11,S,S,A,C,S,S,A,19.0884,19.2,18.48,0.72,,0,0.0,0.0,,0,0.0,0,0.0,0.0,,0,0.0,0,0.0,0.0,,0,0.0
prebreak,002635,2023-12-11,S,S,A,C,S,S,A,13.819,13.88,13.18,0.7,,0,0.0,0.0,,0,0.0,0,0.0,0.0,,0,0.0,0,0.0,0.0,,0,0.0
prebreak,300919,2023-12-11,S,S,A,C,S,S,A,32.4152,33.43,31.71,1.72,,0,0.0,0.0,,0,0.0,0,0.0,0.0,,0,0.0,0,0.0,0.0,,0,0.0
prebreak,301096,2023-12-11,S,S,A,C,S,S,A,61.8188,62.73,60.04,2.69,,0,0.0,0.0,,0,0.0,0,0.0,0.0,,0,0.0,0,0.0,0.0,,0,0.0
prebreak,603035,2023-12-11,S,S,A,C,S,S,A,17.7238,18.85,18.0,0.85,,0,0.0,0.0,,0,0.0,0,0.0,0.0,,0,0.0,0,0.0,0.0,,0,0.0
prebreak,603690,2023-12-11,S,S,A,C,S,S,A,26.0615,26.14,25.23,0.91,,0,0.0,0.0,,0,0.0,0,0.0,0.0,,0,0.0,1,26.14,25.23,2024-01-03,1,-1.0212
prebreak,002074,2023-12-12,S,S,A,C,S,S,A,21.8638,22.32,21.22,1.1,,0,0.0,0.0,,0,0.0,0,0.0,0.0,,0,0.0,0,0.0,0.0,,0,0.0
prebreak,002402,2023-12-12,S,S,A,C,S,S,A,13.8322,13.49,12.78,0.71,,0,0.0,0.0,,0,0.0,0,0.0,0.0,,0,0.0,0,0.0,0.0,,0,0.0
prebreak,002935,2023-12-12,S,S,A,C,S,S,A,15.5638,15.83,15.01,0.82,,0,0.0,0.0,,0,0.0,0,0.0,0.0,,0,0.0,1,15.83,15.01,2024-01-18,1,-1.014
prebreak,300589,2023-12-12,S,S,A,C,S,S,A,13.7543,14.05,13.46,0.59,,0,0.0,0.0,,0,0.0,0,0.0,0.0,,0,0.0,1,14.05,13.46,2024-01-08,1,-1.0175
prebreak,300656,2023-12-12,S,S,A,C,S,S,A,26.9175,27.11,25.81,1.3,,0,0.0,0.0,,0,0.0,0,0.0,0.0,,0,0.0,0,0.0,0.0,,0,0.0
prebreak,300666,2023-12-12,S,S,A,C,S,S,A,59.433,59.8,57.09,2.71,,0,0.0,0.0,,0,0.0,0,0.0,0.0,,0,0.0,0,0.0,0.0,,0,0.0
prebreak,300747,2023-12-12,S,S,A,C,S,S,A,24.3709,24.64,23.57,1.07,,0,0.0,0.0,,0,0.0,0,0.0,0.0,,0,0.0,0,0.0,0.0,,0,0.0
prebreak,300911,2023-12-12,S,S,A,C,S,S,A,21.5174,21.88,20.96,0.92,,0,0.0,0.0,,0,0.0,0,0.0,0.0,,0,0.0,0,0.0,0.0,,0,0.0
prebreak,600764,2023-12-12,S,S,A,C,S,S,A,23.6844,23.08,22.11,0.97,,0,0.0,0.0,,0,0.0,0,0.0,0.0,,0,0.0,0,0.0,0.0,,0,0.0
prebreak,000155,2023-12-14,S,S,A,C,S,S,A,11.996,12.49,11.93,0.56,,0,0.0,0.0,,0,0.0,0,0.0,0.0,,0,0.0,0,0.0,0.0,,0,0.0
prebreak,002430,2023-12-14,S,S,A,C,S,S,A,28.0939,30.36,28.93,1.43,,0,0.0,0.0,,0,0.0,0,0.0,0.0,,0,0.0,0,0.0,0.0,,0,0.0
prebreak,002805,2023-12-14,S,S,A,C,S,S,A,14.01,16.32,15.49,0.83,,0,0.0,0.0,,0,0.0,1,16.32,16.05,2023-12-28,0,-0.34,1,16.32,15.67,2024-01-02,0,-0.7976
prebreak,300393,2023-12-14,S,S,A,C,S,S,A,9.4757,10.34,9.84,0.5,,0,0.0,0.0,,0,0.0,0,0.0,0.0,,0,0.0,0,0.0,0.0,,0,0.0
prebreak,301050,2023-12-14,S,S,A,C,S,S,A,40.5485,42.05,39.95,2.1,,0,0.0,0.0,,0,0.0,0,0.0,0.0,,0,0.0,0,0.0,0.0,,0,0.0
prebreak,603995,2023-12-14,S,S,A,C,S,S,A,18.2647,19.33,18.5,0.83,,0,0.0,0.0,,0,0.0,0,0.0,0.0,,0,0.0,0,0.0,0.0,,0,0.0
prebreak,000887,2023-12-15,S,S,A,C,S,S,A,12.052,12.72,12.14,0.58,,0,0.0,0.0,,0,0.0,0,0.0,0.0,,0,0.0,0,0.0,0.0,,0,0.0
prebreak,002023,2023-12-15,S,S,A,C,S,S,A,9.3514,9.6,9.1,0.5,,0,0.0,0.0,,0,0.0,0,0.0,0.0,,0,0.0,0,0.0,0.0,,0,0.0
prebreak,002352,2023-12-15,S,S,A,C,S,S,A,37.0272,38.8,36.86,1.94,,0,0.0,0.0,,0,0.0,0,0.0,0.0,,0,0.0,0,0.0,0.0,,0,0.0
prebreak,002859,2023-12-15,S,S,A,C,S,S,A,23.9332,24.62,23.44,1.18,,0,0.0,0.0,,0,0.0,0,0.0,0.0,,0,0.0,0,0.0,0.0,,0,0.0
prebreak,300073,2023-12-15,S,S,A,C,S,S,A,35.6634,37.23,35.42,1.81,,0,0.0,0.0,,0,0.0,1,37.23,37.0806,2023-12-29,0,-0.0981,1,37.23,36.6438,2024-01-02,0,-0.3393
prebreak,300077,2023-12-15,S,S,A,C,S,S,A,11.81,11.99,11.38,0.61,,0,0.0,0.0,,0,0.0,0,0.0,0.0,,0,0.0,0,0.0,0.0,,0,0.0
prebreak,300139,2023-12-15,S,S,A,C,S,S,A,10.3222,10.61,10.08,0.53,,0,0.0,0.0,,0,0.0,0,0.0,0.0,,0,0.0,0,0.0,0.0,,0,0.0
prebreak,300183,2023-12-15,S,S,A,C,S,S,A,15.2753,15.96,15.2,0.76,,0,0.0,0.0,,0,0.0,0,0.0,0.0,,0,0.0,0,0.0,0.0,,0,0.0
prebreak,300618,2023-12-15,S,S,A,C,S,S,A,27.1493,29.52,28.02,1.5,,0,0.0,0.0,,0,0.0,0,0.0,0.0,,0,0.0,0,0.0,0.0,,0,0.0
prebreak,300671,2023-12-15,S,S,A,C,S,S,A,32.52,33.89,32.32,1.57,,0,0.0,0.0,,0,0.0,0,0.0,0.0,,0,0.0,0,0.0,0.0,,0,0.0
prebreak,300869,2023-12-15,S,S,A,C,S,S,A,19.9367,20.88,19.86,1.02,,0,0.0,0.0,,0,0.0,0,0.0,0.0,,0,0.0,0,0.0,0.0,,0,0.0
prebreak,600380,2023-12-15,S,S,A,C,S,S,A,11.8662,12.07,11.48,0.59,,0,0.0,0.0,,0,0.0,0,0.0,0.0,,0,0.0,0,0.0,0.0,,0,0.0
prebreak,600456,2023-12-15,S,S,A,C,S,S,A,30.0408,31.89,30.38,1.51,,0,0.0,0.0,,0,0.0,0,0.0,0.0,,0,0.0,0,0.0,0.0,,0,0.0
prebreak,600522,2023-12-15,S,S,A,C,S,S,A,11.7564,12.51,11.93,0.58,,0,0.0,0.0,,0,0.0,0,0.0,0.0,,0,0.0,0,0.0,0.0,,0,0.0
prebreak,000519,2023-12-19,S,S,A,C,S,S,A,13.7597,14.68,13.95,0.73,,0,0.0,0.0,,0,0.0,0,0.0,0.0,,0,0.0,0,0.0,0.0,,0,0.0
prebreak,002074,2023-12-19,S,S,A,C,S,S,A,19.878,22.32,21.22,1.1,,0,0.0,0.0,,0,0.0,0,0.0,0.0,,0,0.0,0,0.0,0.0,,0,0.0
prebreak,002402,2023-12-19,S,S,A,C,S,S,A,13.6371,14.12,13.47,0.65,,0,0.0,0.0,,0,0.0,0,0.0,0.0,,0,0.0,0,0.0,0.0,,0,0.0
prebreak,300236,2023-12-19,S,S,A,C,S,S,A,34.5756,36.4,34.73,1.67,,0,0.0,0.0,,0,0.0,0,0.0,0.0,,0,0.0,0,0.0,0.0,,0,0.0
prebreak,300656,2023-12-19,S,S,A,C,S,S,A,24.092,27.11,25.81,1.3,,0,0.0,0.0,,0,0.0,0,0.0,0.0,,0,0.0,0,0.0,0.0,,0,0.0
prebreak,300666,2023-12-19,S,S,A,C,S,S,A,56.4836,59.8,57.09,2.71,,0,0.0,0.0,,0,0.0,0,0.0,0.0,,0,0.0,0,0.0,0.0,,0,0.0
prebreak,600741,2023-12-19,S,S,A,C,S,S,A,13.9834,14.55,13.84,0.71,,0,0.0,0.0,,0,0.0,0,0.0,0.0,,0,0.0,0,0.0,0.0,,0,0.0
prebreak,601021,2023-12-19,S,S,A,C,S,S,A,47.5582,50.03,47.64,2.39,,0,0.0,0.0,,0,0.0,0,0.0,0.0,,0,0.0,1,50.03,49.2942,2024-01-11,0,-0.3236
prebreak,688589,2023-12-19,S,S,A,C,S,S,A,26.5365,27.28,26.01,1.27,,0,0.0,0.0,,0,0.0,1,27.28,26.5567,2024-01-03,0,-0.5855,1,27.28,26.3408,2024-01-04,0,-0.7554
prebreak,000155,2023-12-21,S,S,A,C,S,S,A,12.6554,12.51,11.89,0.62,,1,12.51,12.4711,2023-12-26,0,-0.078,1,12.51,12.4711,2023-12-26,0,-0.078,1,12.51,12.4711,2023-12-26,0,-0.078
prebreak,002396,2023-12-21,S,S,A,C,S,S,A,13.1826,14.15,13.52,0.63,,0,0.0,0.0,,0,0.0,0,0.0,0.0,,0,0.0,0,0.0,0.0,,0,0.0
prebreak,002438,2023-12-21,S,S,A,C,S,S,A,11.3349,10.27,9.74,0.53,,0,0.0,0.0,,0,0.0,0,0.0,0.0,,0,0.0,0,0.0,0.0,,0,0.0
prebreak,300142,2023-12-21,S,S,A,C,S,S,A,21.8335,22.66,21.8,0.86,,0,0.0,0.0,,0,0.0,0,0.0,0.0,,0,0.0,0,0.0,0.0,,0,0.0
prebreak,300393,2023-12-21,S,S,A,C,S,S,A,9.2515,10.34,9.84,0.5,,0,0.0,0.0,,0,0.0,0,0.0,0.0,,0,0.0,1,10.34,9.84,2024-01-22,1,-1.0151
prebreak,300402,2023-12-21,S,S,A,C,S,S,A,18.0204,17.4,16.6,0.8,,1,17.4,19.1671,2023-12-28,0,2.1909,1,17.4,21.8558,2024-01-05,0,5.5497,1,17.4,21.24,2024-01-03,1,4.7804
prebreak,300590,2023-12-21,S,S,A,C,S,S,A,11.0442,11.7,11.1,0.6,,0,0.0,0.0,,0,0.0,0,0.0,0.0,,0,0.0,0,0.0,0.0,,0,0.0
prebreak,301050,2023-12-21,S,S,A,C,S,S,A,38.7285,42.05,39.95,2.1,,0,0.0,0.0,,0,0.0,0,0.0,0.0,,0,0.0,0,0.0,0.0,,0,0.0
prebreak,600171,2023-12-21,S,S,A,C,S,S,A,14.0502,15.13,14.41,0.72,,0,0.0,0.0,,0,0.0,0,0.0,0.0,,0,0.0,0,0.0,0.0,,0,0.0
prebreak,688187,2023-12-21,S,S,A,C,S,S,A,32.2685,36.73,34.9,1.83,,0,0.0,0.0,,0,0.0,0,0.0,0.0,,0,0.0,0,0.0,0.0,,0,0.0
prebreak,000668,2023-12-25,S,S,A,C,S,S,A,12.2028,12.82,12.19,0.63,,0,0.0,0.0,,0,0.0,0,0.0,0.0,,0,0.0,0,0.0,0.0,,0,0.0
prebreak,002389,2023-12-25,S,S,A,C,S,S,A,18.078,19.28,18.48,0.8,,0,0.0,0.0,,0,0.0,0,0.0,0.0,,0,0.0,0,0.0,0.0,,0,0.0
prebreak,002733,2023-12-25,S,S,A,C,S,S,A,14.3609,14.33,13.61,0.72,,1,14.33,14.7419,2024-01-02,0,0.5566,1,14.33,14.3414,2024-01-09,0,0.0007,1,14.33,13.61,2024-01-22,1,-1.0145
prebreak,301318,2023-12-25,S,S,A,C,S,S,A,24.2659,24.18,22.93,1.25,,0,0.0,0.0,,0,0.0,0,0.0,0.0,,0,0.0,0,0.0,0.0,,0,0.0
prebreak,600138,2023-12-25,S,S,A,C,S,S,A,10.1125,10.54,10.03,0.51,,0,0.0,0.0,,0,0.0,0,0.0,0.0,,0,0.0,0,0.0,0.0,,0,0.0
prebreak,600718,2023-12-25,S,S,A,C,S,S,A,8.8519,9.69,9.17,0.52,,0,0.0,0.0,,0,0.0,0,0.0,0.0,,0,0.0,0,0.0,0.0,,0,0.0
prebreak,600996,2023-12-25,S,S,A,C,S,S,A,8.84,10.57,10.03,0.54,,0,0.0,0.0,,0,0.0,0,0.0,0.0,,0,0.0,0,0.0,0.0,,0,0.0
prebreak,002780,2023-12-27,S,S,A,C,S,S,A,12.8536,13.83,13.22,0.61,,1,13.83,14.3781,2024-01-04,0,0.8807,1,13.83,14.3881,2024-01-11,0,0.897,1,13.83,13.83,2024-01-12,1,-0.0172
prebreak,003042,2023-12-27,S,S,A,C,S,S,A,17.59,19.61,18.64,0.97,,1,19.61,19.7,2024-01-04,0,0.0774,1,19.61,18.64,2024-01-08,1,-1.0147,1,19.61,18.64,2024-01-08,1,-1.0147
prebreak,300433,2023-12-27,S,S,A,C,S,S,A,12.0074,12.28,11.76,0.52,,1,12.28,12.2552,2024-01-03,0,-0.0657,1,12.28,12.2552,2024-01-03,0,-0.0657,1,12.28,12.2552,2024-01-03,0,-0.0657
prebreak,600038,2023-12-27,S,S,A,C,S,S,A,37.235,37.11,35.64,1.47,,0,0.0,0.0,,0,0.0,0,0.0,0.0,,0,0.0,0,0.0,0.0,,0,0.0
prebreak,600055,2023-12-27,S,S,A,C,S,S,A,15.9546,16.6,15.77,0.83,,0,0.0,0.0,,0,0.0,0,0.0,0.0,,0,0.0,0,0.0,0.0,,0,0.0
prebreak,600258,2023-12-27,S,S,A,C,S,S,A,13.8402,14.89,14.16,0.73,,0,0.0,0.0,,0,0.0,0,0.0,0.0,,0,0.0,0,0.0,0.0,,0,0.0
prebreak,601137,2023-12-27,S,S,A,C,S,S,A,13.7864,13.88,13.14,0.74,,1,13.88,14.2676,2024-01-04,0,0.5092,1,13.88,14.881,2024-01-11,0,1.3376,1,13.88,13.88,2024-01-08,1,-0.0143
prebreak,603100,2023-12-27,S,S,A,C,S,S,A,18.9815,19.11,18.11,1.0,,0,0.0,0.0,,0,0.0,0,0.0,0.0,,0,0.0,0,0.0,0.0,,0,0.0
prebreak,605567,2023-12-27,S,S,A,C,S,S,A,12.2358,12.09,11.51,0.58,,0,0.0,0.0,,0,0.0,0,0.0,0.0,,0,0.0,0,0.0,0.0,,0,0.0
prebreak,688981,2023-12-27,S,S,A,C,S,S,A,51.91,55.35,52.74,2.61,,0,0.0,0.0,,0,0.0,0,0.0,0.0,,0,0.0,0,0.0,0.0,,0,0.0
prebreak,000532,2023-12-28,S,S,A,C,S,S,A,11.9756,11.47,10.9,0.57,,1,11.47,12.5155,2024-01-05,0,1.8178,1,11.47,12.7511,2024-01-12,0,2.2308,1,11.47,13.99,2024-01-18,1,4.403
prebreak,001318,2023-12-28,S,S,A,C,S,S,A,14.0908,13.21,12.57,0.64,,0,0.0,0.0,,0,0.0,0,0.0,0.0,,0,0.0,0,0.0,0.0,,0,0.0
prebreak,002008,2023-12-28,S,S,A,C,S,S,A,19.9307,20.07,19.13,0.94,,0,0.0,0.0,,0,0.0,0,0.0,0.0,,0,0.0,0,0.0,0.0,,0,0.0
prebreak,002396,2023-12-28,S,S,A,C,S,S,A,13.1234,13.24,12.63,0.61,,0,0.0,0.0,,0,0.0,0,0.0,0.0,,0,0.0,0,0.0,0.0,,0,0.0
prebreak,002438,2023-12-28,S,S,A,C,S,S,A,11.1428,10.27,9.74,0.53,,1,10.27,11.0852,2024-01-05,0,1.5224,1,10.27,11.2389,2024-01-12,0,1.8122,1,10.27,10.27,2024-01-18,1,-0.0147
prebreak,002646,2023-12-28,S,S,A,C,S,S,A,13.2713,13.43,12.73,0.7,,0,0.0,0.0,,0,0.0,0,0.0,0.0,,0,0.0,0,0.0,0.0,,0,0.0
prebreak,002805,2023-12-28,S,S,A,C,S,S,A,16.05,16.32,15.49,0.83,,0,0.0,0.0,,0,0.0,0,0.0,0.0,,0,0.0,0,0.0,0.0,,0,0.0
prebreak,300393,2023-12-28,S,S,A,C,S,S,A,10.1581,10.34,9.84,0.5,,0,0.0,0.0,,0,0.0,0,0.0,0.0,,0,0.0,1,10.34,9.84,2024-01-22,1,-1.0151
prebreak,300590,2023-12-28,S,S,A,C,S,S,A,11.2749,11.7,11.1,0.6,,0,0.0,0.0,,0,0.0,0,0.0,0.0,,0,0.0,0,0.0,0.0,,0,0.0
prebreak,600171,2023-12-28,S,S,A,C,S,S,A,13.7743,15.13,14.41,0.72,,0,0.0,0.0,,0,0.0,0,0.0,0.0,,0,0.0,0,0.0,0.0,,0,0.0
prebreak,603529,2023-12-28,S,S,A,C,S,S,A,22.8033,23.03,21.83,1.2,,1,23.03,22.7119,2024-01-05,0,-0.2795,1,23.03,23.2696,2024-01-12,0,0.185,1,23.03,24.7691,2024-01-30,1,1.4338
prebreak,688187,2023-12-28,S,S,A,C,S,S,A,34.1544,33.04,31.5,1.54,,0,0.0,0.0,,0,0.0,0,0.0,0.0,,0,0.0,0,0.0,0.0,,0,0.0
prebreak,000887,2023-12-29,S,S,A,C,S,S,A,11.9554,12.05,11.53,0.52,,0,0.0,0.0,,0,0.0,0,0.0,0.0,,0,0.0,0,0.0,0.0,,0,0.0
prebreak,000921,2023-12-29,S,S,A,C,S,S,A,17.7929,18.01,17.14,0.87,,0,0.0,0.0,,0,0.0,0,0.0,0.0,,0,0.0,0,0.0,0.0,,0,0.0
prebreak,002859,2023-12-29,S,S,A,C,S,S,A,24.2738,24.18,22.92,1.26,,0,0.0,0.0,,0,0.0,0,0.0,0.0,,0,0.0,0,0.0,0.0,,0,0.0
prebreak,300073,2023-12-29,S,S,A,C,S,S,A,37.0806,37.23,35.42,1.81,,0,0.0,0.0,,0,0.0,1,37.23,37.0418,2024-01-15,0,-0.1195,1,37.23,35.42,2024-01-18,1,-1.015
prebreak,300077,2023-12-29,S,S,A,C,S,S,A,11.29,11.99,11.38,0.61,,0,0.0,0.0,,0,0.0,0,0.0,0.0,,0,0.0,0,0.0,0.0,,0,0.0
prebreak,300257,2023-12-29,S,S,A,C,S,S,A,15.3627,15.61,14.86,0.75,,1,15.61,15.4504,2024-01-04,0,-0.2285,1,15.61,15.4504,2024-01-04,0,-0.2285,1,15.61,15.4504,2024-01-04,0,-0.2285
prebreak,300408,2023-12-29,S,S,A,C,S,S,A,28.6645,28.57,27.36,1.21,,0,0.0,0.0,,0,0.0,0,0.0,0.0,,0,0.0,0,0.0,0.0,,0,0.0
prebreak,300618,2023-12-29,S,S,A,C,S,S,A,27.9394,26.86,25.51,1.35,,0,0.0,0.0,,0,0.0,0,0.0,0.0,,0,0.0,0,0.0,0.0,,0,0.0
prebreak,600406,2023-12-29,S,S,A,C,S,S,A,20.7266,20.79,19.71,1.08,,0,0.0,0.0,,0,0.0,0,0.0,0.0,,0,0.0,0,0.0,0.0,,0,0.0
prebreak,600456,2023-12-29,S,S,A,C,S,S,A,30.2917,31.89,30.38,1.51,,0,0.0,0.0,,0,0.0,0,0.0,0.0,,0,0.0,0,0.0,0.0,,0,0.0
prebreak,603612,2023-12-29,S,S,A,C,S,S,A,15.1773,14.31,13.7,0.61,,0,0.0,0.0,,0,0.0,0,0.0,0.0,,0,0.0,0,0.0,0.0,,0,0.0
prebreak,000792,2024-01-02,S,S,A,C,S,S,A,15.74,15.62,14.8,0.82,,0,0.0,0.0,,0,0.0,0,0.0,0.0,,0,0.0,0,0.0,0.0,,0,0.0
prebreak,002389,2024-01-02,S,S,A,C,S,S,A,18.6625,18.46,17.54,0.92,,0,0.0,0.0,,0,0.0,0,0.0,0.0,,0,0.0,0,0.0,0.0,,0,0.0
prebreak,002733,2024-01-02,S,S,A,C,S,S,A,14.7419,14.33,13.61,0.72,,0,0.0,0.0,,0,0.0,0,0.0,0.0,,0,0.0,0,0.0,0.0,,0,0.0
prebreak,003002,2024-01-02,S,S,A,C,S,S,A,14.4696,13.61,12.92,0.69,,1,13.61,14.18,2024-01-05,0,0.8106,1,13.61,14.18,2024-01-05,0,0.8106,1,13.61,14.18,2024-01-05,0,0.8106
prebreak,600138,2024-01-02,S,S,A,C,S,S,A,10.4946,10.44,9.92,0.52,,0,0.0,0.0,,0,0.0,0,0.0,0.0,,0,0.0,0,0.0,0.0,,0,0.0
prebreak,600372,2024-01-02,S,S,A,C,S,S,A,12.7904,12.86,12.26,0.6,,0,0.0,0.0,,0,0.0,0,0.0,0.0,,0,0.0,0,0.0,0.0,,0,0.0
prebreak,600547,2024-01-02,S,S,A,C,S,S,A,22.4317,22.83,21.8,1.03,,0,0.0,0.0,,0,0.0,0,0.0,0.0,,0,0.0,0,0.0,0.0,,0,0.0
prebreak,600996,2024-01-02,S,S,A,C,S,S,A,8.9,10.57,10.03,0.54,,0,0.0,0.0,,0,0.0,0,0.0,0.0,,0,0.0,0,0.0,0.0,,0,0.0
prebreak,601126,2024-01-02,S,S,A,C,S,S,A,12.9314,12.6,12.05,0.55,,0,0.0,0.0,,0,0.0,0,0.0,0.0,,0,0.0,0,0.0,0.0,,0,0.0
prebreak,603035,2024-01-02,S,S,A,C,S,S,A,17.0998,16.75,16.08,0.67,,0,0.0,0.0,,0,0.0,0,0.0,0.0,,0,0.0,0,0.0,0.0,,0,0.0
prebreak,603319,2024-01-02,S,S,A,C,S,S,A,12.1771,12.17,11.54,0.63,,0,0.0,0.0,,0,0.0,0,0.0,0.0,,0,0.0,0,0.0,0.0,,0,0.0
prebreak,688526,2024-01-02,S,S,A,C,S,S,A,18.5063,16.89,16.28,0.61,,0,0.0,0.0,,0,0.0,0,0.0,0.0,,0,0.0,0,0.0,0.0,,0,0.0
prebreak,002074,2024-01-03,S,S,A,C,S,S,A,20.7474,20.57,19.58,0.99,,0,0.0,0.0,,0,0.0,0,0.0,0.0,,0,0.0,0,0.0,0.0,,0,0.0
prebreak,002985,2024-01-03,S,S,A,C,S,S,A,33.4074,36.61,34.81,1.8,,0,0.0,0.0,,0,0.0,0,0.0,0.0,,0,0.0,0,0.0,0.0,,0,0.0
prebreak,300001,2024-01-03,S,S,A,C,S,S,A,20.6916,19.0,18.16,0.84,,0,0.0,0.0,,0,0.0,0,0.0,0.0,,0,0.0,0,0.0,0.0,,0,0.0
prebreak,300589,2024-01-03,S,S,A,C,S,S,A,14.1031,13.83,13.15,0.68,,0,0.0,0.0,,0,0.0,0,0.0,0.0,,0,0.0,0,0.0,0.0,,0,0.0
prebreak,300747,2024-01-03,S,S,A,C,S,S,A,22.8088,23.43,22.19,1.24,,0,0.0,0.0,,0,0.0,0,0.0,0.0,,0,0.0,0,0.0,0.0,,0,0.0
prebreak,300856,2024-01-03,S,S,A,C,S,S,A,21.2339,21.03,20.06,0.97,,1,21.03,22.1783,2024-01-10,0,1.1666,1,21.03,22.5043,2024-01-17,0,1.5025,1,21.03,21.03,2024-01-22,1,-0.0165
prebreak,300911,2024-01-03,S,S,A,C,S,S,A,20.2434,21.62,20.66,0.96,,0,0.0,0.0,,0,0.0,1,21.62,20.6082,2024-01-17,0,-1.0704,1,21.62,20.66,2024-01-18,1,-1.0165
prebreak,300976,2024-01-03,S,S,A,C,S,S,A,25.4685,25.6,24.38,1.22,,0,0.0,0.0,,0,0.0,0,0.0,0.0,,0,0.0,0,0.0,0.0,,0,0.0
prebreak,600096,2024-01-03,S,S,A,C,S,S,A,13.9842,13.59,12.9,0.69,,1,13.59,13.8208,2024-01-08,0,0.3193,1,13.59,13.8208,2024-01-08,0,0.3193,1,13.59,13.8208,2024-01-08,0,0.3193
prebreak,600271,2024-01-03,S,S,A,C,S,S,A,10.3383,10.63,10.09,0.54,,0,0.0,0.0,,0,0.0,0,0.0,0.0,,0,0.0,0,0.0,0.0,,0,0.0
prebreak,600573,2024-01-03,S,S,A,C,S,S,A,10.282,10.54,10.04,0.5,,0,0.0,0.0,,0,0.0,0,0.0,0.0,,0,0.0,0,0.0,0.0,,0,0.0
prebreak,600764,2024-01-03,S,S,A,C,S,S,A,26.0529,23.83,22.68,1.15,,0,0.0,0.0,,0,0.0,0,0.0,0.0,,0,0.0,0,0.0,0.0,,0,0.0
prebreak,601966,2024-01-03,S,S,A,C,S,S,A,18.0787,18.04,17.09,0.95,,0,0.0,0.0,,0,0.0,0,0.0,0.0,,0,0.0,0,0.0,0.0,,0,0.0
prebreak,605378,2024-01-03,S,S,A,C,S,S,A,12.7009,11.93,11.33,0.6,,1,11.93,14.0472,2024-01-10,0,3.5113,1,11.93,11.6852,2024-01-17,0,-0.4228,1,11.93,14.17,2024-01-10,1,3.7159
prebreak,688589,2024-01-03,S,S,A,C,S,S,A,26.5567,27.28,26.01,1.27,,0,0.0,0.0,,0,0.0,0,0.0,0.0,,0,0.0,0,0.0,0.0,,0,0.0
prebreak,002048,2024-01-04,S,S,A,C,S,S,A,11.9069,12.19,11.56,0.63,,0,0.0,0.0,,0,0.0,0,0.0,0.0,,0,0.0,0,0.0,0.0,,0,0.0
prebreak,002832,2024-01-04,S,S,A,C,S,S,A,28.367,28.91,27.6,1.31,,0,0.0,0.0,,0,0.0,0,0.0,0.0,,0,0.0,0,0.0,0.0,,0,0.0
prebreak,300433,2024-01-04,S,S,A,C,S,S,A,12.0455,12.28,11.76,0.52,,0,0.0,0.0,,0,0.0,0,0.0,0.0,,0,0.0,0,0.0,0.0,,0,0.0
prebreak,300783,2024-01-04,S,S,A,C,S,S,A,16.9908,17.32,16.71,0.61,,1,17.32,18.7465,2024-01-11,0,2.3154,1,17.32,18.4344,2024-01-12,0,1.8041,1,17.32,18.4344,2024-01-12,0,1.8041
prebreak,301238,2024-01-04,S,S,A,C,S,S,A,16.6572,16.81,15.93,0.88,,1,16.81,18.5877,2024-01-11,0,2.0044,1,16.81,16.8609,2024-01-18,0,0.0433,1,16.81,16.81,2024-01-18,1,-0.0145
prebreak,600012,2024-01-04,S,S,A,C,S,S,A,10.465,10.09,9.56,0.53,,0,0.0,0.0,,0,0.0,0,0.0,0.0,,0,0.0,0,0.0,0.0,,0,0.0
prebreak,600038,2024-01-04,S,S,A,C,S,S,A,37.3134,38.47,37.14,1.33,,0,0.0,0.0,,0,0.0,0,0.0,0.0,,0,0.0,0,0.0,0.0,,0,0.0
prebreak,600258,2024-01-04,S,S,A,C,S,S,A,14.3295,14.89,14.16,0.73,,0,0.0,0.0,,0,0.0,0,0.0,0.0,,0,0.0,0,0.0,0.0,,0,0.0
prebreak,600486,2024-01-04,S,S,A,C,S,S,A,60.1366,61.99,59.31,2.68,,0,0.0,0.0,,0,0.0,0,0.0,0.0,,0,0.0,0,0.0,0.0,,0,0.0
prebreak,600884,2024-01-04,S,S,A,C,S,S,A,12.8634,12.48,11.82,0.66,,0,0.0,0.0,,0,0.0,0,0.0,0.0,,0,0.0,0,0.0,0.0,,0,0.0
prebreak,600887,2024-01-04,S,S,A,C,S,S,A,22.6845,23.57,22.49,1.08,,0,0.0,0.0,,0,0.0,0,0.0,0.0,,0,0.0,1,23.57,23.4095,2024-01-24,0,-0.1651
prebreak,601137,2024-01-04,S,S,A,C,S,S,A,14.2676,13.88,13.14,0.74,,0,0.0,0.0,,0,0.0,0,0.0,0.0,,0,0.0,0,0.0,0.0,,0,0.0
prebreak,601168,2024-01-04,S,S,A,C,S,S,A,13.4684,11.94,11.38,0.56,,0,0.0,0.0,,0,0.0,0,0.0,0.0,,0,0.0,0,0.0,0.0,,0,0.0
prebreak,603209,2024-01-04,S,S,A,C,S,S,A,17.6521,16.03,15.28,0.75,,1,16.03,16.6036,2024-01-11,0,0.748,1,16.03,15.28,2024-01-16,1,-1.0156,1,16.03,15.28,2024-01-16,1,-1.0156
prebreak,688106,2024-01-04,S,S,A,C,S,S,A,22.0339,22.6,21.43,1.17,,0,0.0,0.0,,0,0.0,0,0.0,0.0,,0,0.0,0,0.0,0.0,,0,0.0
prebreak,688981,2024-01-04,S,S,A,C,S,S,A,51.88,53.61,51.32,2.29,,0,0.0,0.0,,0,0.0,0,0.0,0.0,,0,0.0,0,0.0,0.0,,0,0.0
prebreak,000049,2024-01-09,S,S,A,C,S,S,A,23.9485,25.18,23.99,1.19,,0,0.0,0.0,,0,0.0,0,0.0,0.0,,0,0.0,0,0.0,0.0,,0,0.0
prebreak,000792,2024-01-09,S,S,A,C,S,S,A,15.1,16.07,15.27,0.8,,0,0.0,0.0,,0,0.0,0,0.0,0.0,,0,0.0,0,0.0,0.0,,0,0.0
prebreak,002179,2024-01-09,S,S,A,C,S,S,A,32.6282,37.62,35.82,1.8,,0,0.0,0.0,,0,0.0,0,0.0,0.0,,0,0.0,0,0.0,0.0,,0,0.0
prebreak,002389,2024-01-09,S,S,A,C,S,S,A,16.9488,18.46,17.54,0.92,,0,0.0,0.0,,0,0.0,0,0.0,0.0,,0,0.0,0,0.0,0.0,,0,0.0
prebreak,002507,2024-01-09,S,S,A,C,S,S,A,12.1342,13.18,12.53,0.65,,0,0.0,0.0,,0,0.0,0,0.0,0.0,,0,0.0,0,0.0,0.0,,0,0.0
prebreak,003002,2024-01-09,S,S,A,C,S,S,A,13.9387,13.61,12.92,0.69,,0,0.0,0.0,,0,0.0,0,0.0,0.0,,0,0.0,0,0.0,0.0,,0,0.0
prebreak,300775,2024-01-09,S,S,A,C,S,S,A,26.4755,27.64,26.19,1.45,,0,0.0,0.0,,0,0.0,0,0.0,0.0,,0,0.0,0,0.0,0.0,,0,0.0
prebreak,301032,2024-01-09,S,S,A,C,S,S,A,9.6998,10.1,9.58,0.52,,0,0.0,0.0,,0,0.0,0,0.0,0.0,,0,0.0,0,0.0,0.0,,0,0.0
prebreak,301318,2024-01-09,S,S,A,C,S,S,A,24.5845,26.51,25.14,1.37,,0,0.0,0.0,,0,0.0,0,0.0,0.0,,0,0.0,0,0.0,0.0,,0,0.0
prebreak,600138,2024-01-09,S,S,A,C,S,S,A,10.7592,10.93,10.37,0.56,,1,10.93,10.8082,2024-01-16,0,-0.2322,1,10.93,10.37,2024-01-18,1,-1.0142,1,10.93,10.37,2024-01-18,1,-1.0142
prebreak,600372,2024-01-09,S,S,A,C,S,S,A,11.8908,13.02,12.52,0.5,,0,0.0,0.0,,0,0.0,0,0.0,0.0,,0,0.0,0,0.0,0.0,,0,0.0
prebreak,600562,2024-01-09,S,S,A,C,S,S,A,12.5072,13.52,12.92,0.6,,0,0.0,0.0,,0,0.0,0,0.0,0.0,,0,0.0,0,0.0,0.0,,0,0.0
prebreak,601126,2024-01-09,S,S,A,C,S,S,A,13.1138,13.25,12.68,0.57,,0,0.0,0.0,,0,0.0,0,0.0,0.0,,0,0.0,0,0.0,0.0,,0,0.0
prebreak,601231,2024-01-09,S,S,A,C,S,S,A,13.3667,14.09,13.41,0.68,,0,0.0,0.0,,0,0.0,0,0.0,0.0,,0,0.0,0,0.0,0.0,,0,0.0
prebreak,603035,2024-01-09,S,S,A,C,S,S,A,15.7586,16.75,16.08,0.67,,0,0.0,0.0,,0,0.0,0,0.0,0.0,,0,0.0,0,0.0,0.0,,0,0.0
prebreak,603261,2024-01-09,S,S,A,C,S,S,A,36.8,33.86,32.34,1.52,,0,0.0,0.0,,0,0.0,0,0.0,0.0,,0,0.0,0,0.0,0.0,,0,0.0
prebreak,603439,2024-01-09,S,S,A,C,S,S,A,17.878,18.08,17.14,0.94,,0,0.0,0.0,,0,0.0,0,0.0,0.0,,0,0.0,0,0.0,0.0,,0,0.0
prebreak,688297,2024-01-09,S,S,A,C,S,S,A,34.7771,42.2,40.07,2.13,,0,0.0,0.0,,0,0.0,0,0.0,0.0,,0,0.0,0,0.0,0.0,,0,0.0
prebreak,002831,2024-01-11,S,S,A,C,S,S,A,17.1798,17.19,16.33,0.86,,0,0.0,0.0,,0,0.0,0,0.0,0.0,,0,0.0,0,0.0,0.0,,0,0.0
prebreak,300401,2024-01-11,S,S,A,C,S,S,A,10.857,11.66,11.1,0.56,,0,0.0,0.0,,0,0.0,0,0.0,0.0,,0,0.0,0,0.0,0.0,,0,0.0
prebreak,300433,2024-01-11,S,S,A,C,S,S,A,11.6834,12.28,11.76,0.52,,0,0.0,0.0,,0,0.0,0,0.0,0.0,,0,0.0,0,0.0,0.0,,0,0.0
prebreak,300783,2024-01-11,S,S,A,C,S,S,A,18.7465,17.32,16.71,0.61,,1,17.32,18.7757,2024-01-18,0,2.3634,1,17.32,16.71,2024-01-22,1,-1.0209,1,17.32,17.32,2024-01-22,1,-0.0216
prebreak,301238,2024-01-11,S,S,A,C,S,S,A,18.5877,16.81,15.93,0.88,,1,16.81,16.8609,2024-01-18,0,0.0433,1,16.81,15.93,2024-01-22,1,-1.0139,1,16.81,15.93,2024-01-22,1,-1.0139
prebreak,600012,2024-01-11,S,S,A,C,S,S,A,10.1536,10.61,10.06,0.55,,0,0.0,0.0,,0,0.0,0,0.0,0.0,,0,0.0,0,0.0,0.0,,0,0.0
prebreak,600038,2024-01-11,S,S,A,C,S,S,A,37.284,38.47,36.51,1.96,,0,0.0,0.0,,0,0.0,0,0.0,0.0,,0,0.0,0,0.0,0.0,,0,0.0
prebreak,600258,2024-01-11,S,S,A,C,S,S,A,14.1449,14.57,13.83,0.74,,1,14.57,13.83,2024-01-18,1,-1.0143,1,14.57,13.83,2024-01-18,1,-1.0143,1,14.57,13.83,2024-01-18,1,-1.0143
prebreak,600884,2024-01-11,S,S,A,C,S,S,A,12.5695,12.48,11.82,0.66,,0,0.0,0.0,,0,0.0,0,0.0,0.0,,0,0.0,0,0.0,0.0,,0,0.0
prebreak,601878,2024-01-11,S,S,A,C,S,S,A,9.4999,9.87,9.37,0.5,,0,0.0,0.0,,0,0.0,0,0.0,0.0,,0,0.0,0,0.0,0.0,,0,0.0
prebreak,603209,2024-01-11,S,S,A,C,S,S,A,16.6036,16.03,15.28,0.75,,1,16.03,15.28,2024-01-16,1,-1.0156,1,16.03,15.28,2024-01-16,1,-1.0156,1,16.03,15.28,2024-01-16,1,-1.0156
prebreak,688106,2024-01-11,S,S,A,C,S,S,A,20.7124,22.6,21.43,1.17,,0,0.0,0.0,,0,0.0,0,0.0,0.0,,0,0.0,0,0.0,0.0,,0,0.0
prebreak,688375,2024-01-11,S,S,A,C,S,S,A,47.1735,54.56,51.95,2.61,,0,0.0,0.0,,0,0.0,0,0.0,0.0,,0,0.0,0,0.0,0.0,,0,0.0
prebreak,688981,2024-01-11,S,S,A,C,S,S,A,47.6,53.61,51.32,2.29,,0,0.0,0.0,,0,0.0,0,0.0,0.0,,0,0.0,0,0.0,0.0,,0,0.0
prebreak,000738,2024-01-15,S,S,A,C,S,S,A,16.9661,18.03,17.25,0.78,,0,0.0,0.0,,0,0.0,0,0.0,0.0,,0,0.0,0,0.0,0.0,,0,0.0
prebreak,000960,2024-01-15,S,S,A,C,S,S,A,13.2809,13.61,13.11,0.5,,0,0.0,0.0,,0,0.0,0,0.0,0.0,,0,0.0,0,0.0,0.0,,0,0.0
prebreak,002847,2024-01-15,S,S,A,C,S,S,A,46.9531,47.73,45.63,2.1,,0,0.0,0.0,,0,0.0,0,0.0,0.0,,0,0.0,0,0.0,0.0,,0,0.0
prebreak,300073,2024-01-15,S,S,A,C,S,S,A,37.0418,37.23,35.43,1.8,,0,0.0,0.0,,0,0.0,0,0.0,0.0,,0,0.0,0,0.0,0.0,,0,0.0
prebreak,300408,2024-01-15,S,S,A,C,S,S,A,25.0632,28.57,27.36,1.21,,0,0.0,0.0,,0,0.0,0,0.0,0.0,,0,0.0,0,0.0,0.0,,0,0.0
prebreak,600406,2024-01-15,S,S,A,C,S,S,A,19.6215,21.03,19.97,1.06,,0,0.0,0.0,,0,0.0,0,0.0,0.0,,0,0.0,0,0.0,0.0,,0,0.0
prebreak,603612,2024-01-15,S,S,A,C,S,S,A,14.0432,14.31,13.7,0.61,,0,0.0,0.0,,0,0.0,0,0.0,0.0,,0,0.0,0,0.0,0.0,,0,0.0
prebreak,002389,2024-01-23,S,S,A,C,S,S,A,15.0865,18.46,17.54,0.92,,0,0.0,0.0,,0,0.0,0,0.0,0.0,,0,0.0,0,0.0,0.0,,0,0.0
prebreak,002507,2024-01-23,S,S,A,C,S,S,A,11.7773,13.18,12.53,0.65,,0,0.0,0.0,,0,0.0,0,0.0,0.0,,0,0.0,1,13.18,12.53,2024-02-20,1,-1.0148
prebreak,003036,2024-01-23,S,S,A,C,S,S,A,10.4334,12.09,11.48,0.61,,0,0.0,0.0,,0,0.0,0,0.0,0.0,,0,0.0,0,0.0,0.0,,0,0.0
prebreak,600138,2024-01-23,S,S,A,C,S,S,A,9.9655,10.93,10.37,0.56,,1,10.93,11.014,2024-01-29,0,0.135,1,10.93,11.014,2024-01-29,0,0.135,1,10.93,11.014,2024-01-29,0,0.135
prebreak,600188,2024-01-23,S,S,A,C,S,S,A,13.7986,14.64,13.98,0.66,,0,0.0,0.0,,0,0.0,0,0.0,0.0,,0,0.0,0,0.0,0.0,,0,0.0
prebreak,603439,2024-01-23,S,S,A,C,S,S,A,15.791,18.08,17.14,0.94,,0,0.0,0.0,,0,0.0,0,0.0,0.0,,0,0.0,0,0.0,0.0,,0,0.0
prebreak,605003,2024-01-23,S,S,A,C,S,S,A,17.1883,19.4,18.49,0.91,,0,0.0,0.0,,0,0.0,0,0.0,0.0,,0,0.0,0,0.0,0.0,,0,0.0
prebreak,002126,2024-01-24,S,S,A,C,S,S,A,15.3619,17.92,17.04,0.88,,0,0.0,0.0,,0,0.0,0,0.0,0.0,,0,0.0,1,17.92,17.04,2024-02-28,1,-1.0148
prebreak,002182,2024-01-24,S,S,A,C,S,S,A,11.473,13.22,12.52,0.7,,0,0.0,0.0,,0,0.0,0,0.0,0.0,,0,0.0,0,0.0,0.0,,0,0.0
prebreak,002597,2024-01-24,S,S,A,C,S,S,A,17.4777,20.16,19.26,0.9,,0,0.0,0.0,,0,0.0,0,0.0,0.0,,0,0.0,0,0.0,0.0,,0,0.0
prebreak,300911,2024-01-24,S,S,A,C,S,S,A,17.3194,19.88,18.99,0.89,,0,0.0,0.0,,0,0.0,0,0.0,0.0,,0,0.0,0,0.0,0.0,,0,0.0
prebreak,600183,2024-01-24,S,S,A,C,S,S,A,14.9473,16.16,15.43,0.73,,0,0.0,0.0,,0,0.0,0,0.0,0.0,,0,0.0,0,0.0,0.0,,0,0.0
prebreak,600933,2024-01-24,S,S,A,C,S,S,A,18.101,19.23,18.26,0.97,,0,0.0,0.0,,0,0.0,0,0.0,0.0,,0,0.0,0,0.0,0.0,,0,0.0
prebreak,600977,2024-01-24,S,S,A,C,S,S,A,11.2487,12.28,11.69,0.59,,1,12.28,11.69,2024-01-29,1,-1.0152,1,12.28,11.69,2024-01-29,1,-1.0152,1,12.28,11.69,2024-01-29,1,-1.0152
prebreak,603508,2024-01-24,S,S,A,C,S,S,A,11.7862,12.81,12.17,0.64,,0,0.0,0.0,,0,0.0,0,0.0,0.0,,0,0.0,0,0.0,0.0,,0,0.0
prebreak,002832,2024-01-25,S,S,A,C,S,S,A,26.926,27.64,26.54,1.1,,0,0.0,0.0,,0,0.0,1,27.64,29.1053,2024-02-08,0,1.3121,1,27.64,26.54,2024-02-27,1,-1.0185
prebreak,300124,2024-01-25,S,S,A,C,S,S,A,54.6004,53.91,51.05,2.86,,0,0.0,0.0,,0,0.0,0,0.0,0.0,,0,0.0,0,0.0,0.0,,0,0.0
prebreak,300401,2024-01-25,S,S,A,C,S,S,A,10.1626,11.66,11.1,0.56,,0,0.0,0.0,,0,0.0,0,0.0,0.0,,0,0.0,0,0.0,0.0,,0,0.0
prebreak,300433,2024-01-25,S,S,A,C,S,S,A,11.3975,11.74,11.21,0.53,,0,0.0,0.0,,0,0.0,0,0.0,0.0,,0,0.0,0,0.0,0.0,,0,0.0
prebreak,301238,2024-01-25,S,S,A,C,S,S,A,15.755,17.12,16.5,0.62,,0,0.0,0.0,,0,0.0,0,0.0,0.0,,0,0.0,0,0.0,0.0,,0,0.0
prebreak,600038,2024-01-25,S,S,A,C,S,S,A,34.9194,38.47,36.51,1.96,,0,0.0,0.0,,0,0.0,0,0.0,0.0,,0,0.0,0,0.0,0.0,,0,0.0
prebreak,600486,2024-01-25,S,S,A,C,S,S,A,52.5645,58.61,55.9,2.71,,0,0.0,0.0,,0,0.0,0,0.0,0.0,,0,0.0,0,0.0,0.0,,0,0.0
prebreak,600876,2024-01-25,S,S,A,C,S,S,A,13.35,14.12,13.62,0.5,,0,0.0,0.0,,0,0.0,0,0.0,0.0,,0,0.0,0,0.0,0.0,,0,0.0
prebreak,601137,2024-01-25,S,S,A,C,S,S,A,14.0695,15.08,14.29,0.79,,0,0.0,0.0,,0,0.0,0,0.0,0.0,,0,0.0,0,0.0,0.0,,0,0.0
prebreak,603079,2024-01-25,S,S,A,C,S,S,A,13.1945,14.06,13.33,0.73,,0,0.0,0.0,,0,0.0,0,0.0,0.0,,0,0.0,0,0.0,0.0,,0,0.0
prebreak,000048,2024-01-26,S,S,A,C,S,S,A,16.4291,16.0,15.17,0.83,,0,0.0,0.0,,0,0.0,0,0.0,0.0,,0,0.0,0,0.0,0.0,,0,0.0
prebreak,000768,2024-01-26,S,S,A,C,S,S,A,20.2291,22.31,21.42,0.89,,0,0.0,0.0,,0,0.0,0,0.0,0.0,,0,0.0,0,0.0,0.0,,0,0.0
prebreak,002186,2024-01-26,S,S,A,C,S,S,A,12.64,12.15,11.56,0.59,,0,0.0,0.0,,0,0.0,0,0.0,0.0,,0,0.0,0,0.0,0.0,,0,0.0
prebreak,002205,2024-01-26,S,S,A,C,S,S,A,10.14,10.96,10.46,0.5,,0,0.0,0.0,,0,0.0,0,0.0,0.0,,0,0.0,0,0.0,0.0,,0,0.0
prebreak,002311,2024-01-26,S,S,A,C,S,S,A,36.8147,40.12,38.21,1.91,,0,0.0,0.0,,0,0.0,0,0.0,0.0,,0,0.0,0,0.0,0.0,,0,0.0
prebreak,002899,2024-01-26,S,S,A,C,S,S,A,15.1806,16.63,15.85,0.78,,0,0.0,0.0,,0,0.0,0,0.0,0.0,,0,0.0,0,0.0,0.0,,0,0.0
prebreak,300961,2024-01-26,S,S,A,C,S,S,A,11.32,11.81,11.22,0.59,,0,0.0,0.0,,0,0.0,0,0.0,0.0,,0,0.0,0,0.0,0.0,,0,0.0
prebreak,301062,2024-01-26,S,S,A,C,S,S,A,9.8409,10.34,9.84,0.5,,0,0.0,0.0,,0,0.0,0,0.0,0.0,,0,0.0,0,0.0,0.0,,0,0.0
prebreak,000338,2024-02-06,S,S,A,C,S,S,A,13.8656,13.77,13.1,0.67,,1,13.77,14.5679,2024-02-21,0,1.1745,1,13.77,14.3788,2024-02-28,0,0.8925,1,13.77,15.92,2024-04-23,1,3.1913
prebreak,000050,2024-02-07,S,S,A,C,S,S,A,8.76,9.69,9.19,0.5,,0,0.0,0.0,,0,0.0,0,0.0,0.0,,0,0.0,0,0.0,0.0,,0,0.0
prebreak,000423,2024-02-07,S,S,A,C,S,S,A,52.9856,44.84,42.83,2.01,,1,44.84,49.2487,2024-02-22,0,2.1751,1,44.84,51.1965,2024-02-29,0,3.1435,1,44.84,59.72,2024-05-31,1,7.3814
prebreak,002643,2024-02-07,S,S,A,C,S,S,A,13.5433,13.97,13.26,0.71,,1,13.97,13.5337,2024-02-20,0,-0.629,1,13.97,13.5337,2024-02-20,0,-0.629,1,13.97,13.5337,2024-02-20,0,-0.629
prebreak,600031,2024-02-07,S,S,A,C,S,S,A,12.9951,12.54,11.94,0.6,,1,12.54,13.2406,2024-02-20,0,1.1511,1,12.54,13.2406,2024-02-20,0,1.1511,1,12.54,13.2406,2024-02-20,0,1.1511
prebreak,600089,2024-02-07,S,S,A,C,S,S,A,13.7918,13.84,13.15,0.69,,0,0.0,0.0,,0,0.0,0,0.0,0.0,,0,0.0,0,0.0,0.0,,0,0.0
prebreak,600096,2024-02-07,S,S,A,C,S,S,A,14.87,14.12,13.38,0.74,,1,14.12,15.5322,2024-02-22,0,1.8927,1,14.12,15.687,2024-02-29,0,2.1018,1,14.12,18.0177,2024-04-15,1,5.2494
prebreak,600346,2024-02-07,S,S,A,C,S,S,A,11.1767,11.41,10.81,0.6,,0,0.0,0.0,,0,0.0,0,0.0,0.0,,0,0.0,0,0.0,0.0,,0,0.0
prebreak,600612,2024-02-07,S,S,A,C,S,S,A,61.6494,61.86,58.88,2.98,,1,61.86,61.569,2024-02-22,0,-0.1134,1,61.86,61.569,2024-02-29,0,-0.1134,1,61.86,76.4206,2024-03-29,0,4.8672
prebreak,600660,2024-02-07,S,S,A,C,S,S,A,37.7127,36.05,34.59,1.46,,0,0.0,0.0,,0,0.0,0,0.0,0.0,,0,0.0,0,0.0,0.0,,0,0.0
prebreak,601882,2024-02-07,S,S,A,C,S,S,A,23.7477,24.28,23.22,1.06,,1,24.28,23.22,2024-02-20,1,-1.0168,1,24.28,23.22,2024-02-20,1,-1.0168,1,24.28,23.22,2024-02-20,1,-1.0168
prebreak,000408,2024-02-08,S,S,A,C,S,S,A,24.2442,25.67,24.34,1.33,,0,0.0,0.0,,0,0.0,0,0.0,0.0,,0,0.0,0,0.0,0.0,,0,0.0
prebreak,300433,2024-02-08,S,S,A,C,S,S,A,10.9019,11.74,11.21,0.53,,0,0.0,0.0,,0,0.0,0,0.0,0.0,,0,0.0,0,0.0,0.0,,0,0.0
prebreak,600845,2024-02-08,S,S,A,C,S,S,A,33.5291,34.67,33.05,1.62,,0,0.0,0.0,,0,0.0,0,0.0,0.0,,0,0.0,0,0.0,0.0,,0,0.0
prebreak,601877,2024-02-08,S,S,A,C,S,S,A,18.1245,19.88,18.91,0.97,,0,0.0,0.0,,0,0.0,0,0.0,0.0,,0,0.0,0,0.0,0.0,,0,0.0
prebreak,000768,2024-02-19,S,S,A,C,S,S,A,19.9733,19.45,18.49,0.96,,0,0.0,0.0,,0,0.0,0,0.0,0.0,,0,0.0,0,0.0,0.0,,0,0.0
prebreak,002311,2024-02-19,S,S,A,C,S,S,A,39.8786,40.12,38.21,1.91,,0,0.0,0.0,,0,0.0,0,0.0,0.0,,0,0.0,0,0.0,0.0,,0,0.0
prebreak,002984,2024-02-19,S,S,A,C,S,S,A,20.6121,20.94,19.88,1.06,,0,0.0,0.0,,0,0.0,0,0.0,0.0,,0,0.0,0,0.0,0.0,,0,0.0
prebreak,600285,2024-02-19,S,S,A,C,S,S,A,16.6588,15.73,14.89,0.84,,0,0.0,0.0,,0,0.0,0,0.0,0.0,,0,0.0,0,0.0,0.0,,0,0.0
prebreak,600893,2024-02-19,S,S,A,C,S,S,A,32.4199,33.62,31.98,1.64,,0,0.0,0.0,,0,0.0,0,0.0,0.0,,0,0.0,0,0.0,0.0,,0,0.0
prebreak,600897,2024-02-19,S,S,A,C,S,S,A,12.121,12.23,11.61,0.62,,0,0.0,0.0,,0,0.0,0,0.0,0.0,,0,0.0,0,0.0,0.0,,0,0.0
prebreak,601717,2024-02-19,S,S,A,C,S,S,A,11.3264,11.4,10.85,0.55,,0,0.0,0.0,,0,0.0,0,0.0,0.0,,0,0.0,0,0.0,0.0,,0,0.0
prebreak,603195,2024-02-19,S,S,A,C,S,S,A,44.3815,42.38,40.27,2.11,,0,0.0,0.0,,0,0.0,0,0.0,0.0,,0,0.0,0,0.0,0.0,,0,0.0
prebreak,002318,2024-02-20,S,S,A,C,S,S,A,19.1503,18.39,17.54,0.85,,0,0.0,0.0,,0,0.0,0,0.0,0.0,,0,0.0,0,0.0,0.0,,0,0.0
prebreak,000338,2024-02-21,S,S,A,C,S,S,A,14.5679,13.77,13.1,0.67,,0,0.0,0.0,,0,0.0,0,0.0,0.0,,0,0.0,0,0.0,0.0,,0,0.0
prebreak,000792,2024-02-21,S,S,A,C,S,S,A,15.32,15.69,14.9,0.79,,0,0.0,0.0,,0,0.0,0,0.0,0.0,,0,0.0,0,0.0,0.0,,0,0.0
prebreak,002001,2024-02-21,S,S,A,C,S,S,A,15.8108,15.8,15.21,0.59,,0,0.0,0.0,,0,0.0,0,0.0,0.0,,0,0.0,0,0.0,0.0,,0,0.0
prebreak,002507,2024-02-21,S,S,A,C,S,S,A,12.7382,12.92,12.33,0.59,,1,12.92,12.5552,2024-02-28,0,-0.6346,1,12.92,12.8114,2024-03-01,0,-0.2006,1,12.92,12.8114,2024-03-01,0,-0.2006
prebreak,301216,2024-02-21,S,S,A,C,S,S,A,11.5605,13.75,13.1,0.65,,0,0.0,0.0,,0,0.0,0,0.0,0.0,,0,0.0,0,0.0,0.0,,0,0.0
prebreak,600547,2024-02-21,S,S,A,C,S,S,A,21.1925,20.8,19.72,1.08,,0,0.0,0.0,,0,0.0,0,0.0,0.0,,0,0.0,0,0.0,0.0,,0,0.0
prebreak,603886,2024-02-21,S,S,A,C,S,S,A,14.2481,16.23,15.4,0.83,,0,0.0,0.0,,0,0.0,0,0.0,0.0,,0,0.0,0,0.0,0.0,,0,0.0
prebreak,300433,2024-02-23,S,S,A,C,S,S,A,11.2545,11.33,10.77,0.56,,0,0.0,0.0,,0,0.0,0,0.0,0.0,,0,0.0,0,0.0,0.0,,0,0.0
prebreak,600233,2024-02-23,S,S,A,C,S,S,A,12.2512,11.45,10.91,0.54,,0,0.0,0.0,,0,0.0,0,0.0,0.0,,0,0.0,0,0.0,0.0,,0,0.0
prebreak,600884,2024-02-23,S,S,A,C,S,S,A,11.0804,11.41,10.89,0.52,,1,11.41,10.89,2024-02-29,1,-1.016,1,11.41,10.89,2024-02-29,1,-1.016,1,11.41,10.89,2024-02-29,1,-1.016
prebreak,601877,2024-02-23,S,S,A,C,S,S,A,18.3838,18.49,17.74,0.75,,0,0.0,0.0,,0,0.0,0,0.0,0.0,,0,0.0,0,0.0,0.0,,0,0.0
prebreak,000623,2024-02-26,S,S,A,C,S,S,A,13.6295,13.91,13.41,0.5,,0,0.0,0.0,,0,0.0,0,0.0,0.0,,0,0.0,0,0.0,0.0,,0,0.0
prebreak,000776,2024-02-26,S,S,A,C,S,S,A,12.9381,13.19,12.68,0.51,,1,13.19,13.0946,2024-03-01,0,-0.2065,1,13.19,13.0946,2024-03-01,0,-0.2065,1,13.19,13.0946,2024-03-01,0,-0.2065
prebreak,601318,2024-02-26,S,S,A,C,S,S,A,37.6966,36.05,34.16,1.89,,0,0.0,0.0,,0,0.0,0,0.0,0.0,,0,0.0,0,0.0,0.0,,0,0.0
prebreak,601808,2024-02-26,S,S,A,C,S,S,A,13.8934,14.36,13.65,0.71,,0,0.0,0.0,,0,0.0,0,0.0,0.0,,0,0.0,1,14.36,17.32,2024-04-08,1,4.151
prebreak,603071,2024-02-26,S,S,A,C,S,S,A,12.4397,12.47,11.96,0.51,,0,0.0,0.0,,0,0.0,0,0.0,0.0,,0,0.0,0,0.0,0.0,,0,0.0
prebreak,000960,2024-02-27,S,S,A,C,S,S,A,13.1661,12.8,12.22,0.58,,0,0.0,0.0,,0,0.0,0,0.0,0.0,,0,0.0,0,0.0,0.0,,0,0.0
prebreak,600549,2024-02-27,S,S,A,C,S,S,A,15.541,15.68,15.04,0.64,,0,0.0,0.0,,0,0.0,0,0.0,0.0,,0,0.0,0,0.0,0.0,,0,0.0
prebreak,600031,2024-02-29,S,S,A,C,S,S,A,13.1651,13.54,12.89,0.65,,0,0.0,0.0,,0,0.0,0,0.0,0.0,,0,0.0,0,0.0,0.0,,0,0.0
prebreak,600298,2024-02-29,S,S,A,C,S,S,A,32.1275,32.56,31.35,1.21,,0,0.0,0.0,,0,0.0,0,0.0,0.0,,0,0.0,0,0.0,0.0,,0,0.0
prebreak,600346,2024-02-29,S,S,A,C,S,S,A,11.6432,11.86,11.34,0.52,,0,0.0,0.0,,0,0.0,0,0.0,0.0,,0,0.0,0,0.0,0.0,,0,0.0
prebreak,601089,2024-02-29,S,S,A,C,S,S,A,13.5723,13.51,12.83,0.68,,0,0.0,0.0,,0,0.0,0,0.0,0.0,,0,0.0,0,0.0,0.0,,0,0.0
prebreak,300433,2024-03-01,S,S,A,C,S,S,A,11.893,11.33,10.77,0.56,,0,0.0,0.0,,0,0.0,0,0.0,0.0,,0,0.0,0,0.0,0.0,,0,0.0
prebreak,301219,2024-03-01,S,S,A,C,S,S,A,25.046,25.2,23.92,1.28,,0,0.0,0.0,,0,0.0,0,0.0,0.0,,0,0.0,0,0.0,0.0,,0,0.0
prebreak,600038,2024-03-01,S,S,A,C,S,S,A,35.9595,36.16,34.61,1.55,,0,0.0,0.0,,0,0.0,0,0.0,0.0,,0,0.0,0,0.0,0.0,,0,0.0
prebreak,601877,2024-03-01,S,S,A,C,S,S,A,19.2914,18.49,17.74,0.75,,0,0.0,0.0,,0,0.0,0,0.0,0.0,,0,0.0,0,0.0,0.0,,0,0.0
prebreak,603393,2024-03-01,S,S,A,C,S,S,A,27.5115,28.96,27.6,1.36,,0,0.0,0.0,,0,0.0,0,0.0,0.0,,0,0.0,0,0.0,0.0,,0,0.0
prebreak,603856,2024-03-01,S,S,A,C,S,S,A,10.4197,10.45,9.9,0.55,,0,0.0,0.0,,0,0.0,0,0.0,0.0,,0,0.0,1,10.45,10.061,2024-03-22,0,-0.7212
prebreak,000768,2024-03-04,S,S,A,C,S,S,A,20.9474,20.77,19.86,0.91,,1,20.77,21.4984,2024-03-11,0,0.7826,1,20.77,22.1871,2024-03-18,0,1.5389,1,20.77,20.77,2024-03-27,1,-0.0173
prebreak,000776,2024-03-04,S,S,A,C,S,S,A,12.9933,13.32,12.78,0.54,,0,0.0,0.0,,0,0.0,0,0.0,0.0,,0,0.0,0,0.0,0.0,,0,0.0
prebreak,000878,2024-03-04,S,S,A,C,S,S,A,10.5358,10.74,10.19,0.55,2024-03-29（报告期 2023-12-31 00:00:00）,1,10.74,11.2823,2024-03-11,0,0.9706,1,10.74,12.5013,2024-03-18,0,3.1855,1,10.74,12.6997,2024-04-16,0,3.546
prebreak,001308,2024-03-04,S,S,A,C,S,S,A,26.1561,26.47,25.34,1.13,,0,0.0,0.0,,0,0.0,0,0.0,0.0,,0,0.0,0,0.0,0.0,,0,0.0
prebreak,001872,2024-03-04,S,S,A,C,S,S,A,15.4339,16.02,15.25,0.77,,0,0.0,0.0,,0,0.0,0,0.0,0.0,,0,0.0,0,0.0,0.0,,0,0.0
prebreak,600529,2024-03-04,S,S,A,C,S,S,A,25.0854,24.89,23.84,1.05,,0,0.0,0.0,,0,0.0,0,0.0,0.0,,0,0.0,0,0.0,0.0,,0,0.0
prebreak,600893,2024-03-04,S,S,A,C,S,S,A,34.5905,34.94,33.14,1.8,,1,34.94,34.6004,2024-03-07,0,-0.2033,1,34.94,34.6004,2024-03-07,0,-0.2033,1,34.94,34.6004,2024-03-07,0,-0.2033
prebreak,600927,2024-03-04,S,S,A,C,S,S,A,14.0559,14.57,13.81,0.76,,0,0.0,0.0,,0,0.0,0,0.0,0.0,,0,0.0,0,0.0,0.0,,0,0.0
prebreak,600993,2024-03-04,S,S,A,C,S,S,A,22.3853,22.41,21.22,1.19,,0,0.0,0.0,,0,0.0,1,22.41,21.6922,2024-03-14,0,-0.6171,1,22.41,21.6922,2024-03-14,0,-0.6171
prebreak,601318,2024-03-04,S,S,A,C,S,S,A,37.1613,38.07,36.97,1.1,,0,0.0,0.0,,0,0.0,0,0.0,0.0,,0,0.0,0,0.0,0.0,,0,0.0
prebreak,601808,2024-03-04,S,S,A,C,S,S,A,13.9029,14.04,13.46,0.58,,1,14.04,13.7416,2024-03-11,0,-0.5326,1,14.04,13.7416,2024-03-11,0,-0.5326,1,14.04,13.7416,2024-03-11,0,-0.5326
prebreak,605098,2024-03-04,S,S,A,C,S,S,A,35.7597,37.64,35.77,1.87,,1,37.64,37.8861,2024-03-11,0,0.1163,1,37.64,40.7938,2024-03-18,0,1.6702,1,37.64,37.64,2024-03-22,1,-0.0153
prebreak,000338,2024-03-06,S,S,A,C,S,S,A,14.793,13.77,13.1,0.67,,0,0.0,0.0,,0,0.0,0,0.0,0.0,,0,0.0,0,0.0,0.0,,0,0.0
prebreak,301216,2024-03-06,S,S,A,C,S,S,A,12.5868,11.87,11.32,0.55,,1,11.87,12.7321,2024-03-13,0,1.55,1,11.87,12.6546,2024-03-20,0,1.4093,1,11.87,11.87,2024-03-29,1,-0.0164
prebreak,600547,2024-03-06,S,S,A,C,S,S,A,24.0416,21.76,20.89,0.87,2024-03-29（报告期 2023-12-31 00:00:00）,1,21.76,23.8757,2024-03-13,0,2.4113,1,21.76,24.5685,2024-03-20,0,3.2071,1,21.76,31.0082,2024-04-08,1,10.6044
prebreak,600988,2024-03-06,S,S,A,C,S,S,A,13.9912,13.14,12.44,0.7,2024-03-30（报告期 2023-12-31 00:00:00）,1,13.14,13.8438,2024-03-13,0,0.9905,1,13.14,14.2172,2024-03-20,0,1.5236,1,13.14,18.668,2024-04-08,1,7.8779
prebreak,601126,2024-03-06,S,S,A,C,S,S,A,15.0927,13.44,12.76,0.68,,0,0.0,0.0,,0,0.0,0,0.0,0.0,,0,0.0,0,0.0,0.0,,0,0.0
prebreak,000581,2024-03-07,S,S,A,C,S,S,A,14.4828,15.01,14.36,0.65,,0,0.0,0.0,,0,0.0,0,0.0,0.0,,0,0.0,0,0.0,0.0,,0,0.0
prebreak,002832,2024-03-08,S,S,A,C,S,S,A,27.3974,27.8,26.59,1.21,,0,0.0,0.0,,0,0.0,0,0.0,0.0,,0,0.0,0,0.0,0.0,,0,0.0
prebreak,600161,2024-03-08,S,S,A,C,S,S,A,22.253,23.17,22.09,1.08,,0,0.0,0.0,,0,0.0,0,0.0,0.0,,0,0.0,0,0.0,0.0,,0,0.0
prebreak,601318,2024-03-11,S,S,A,C,S,S,A,37.881,38.22,36.84,1.38,,0,0.0,0.0,,0,0.0,0,0.0,0.0,,0,0.0,0,0.0,0.0,,0,0.0
prebreak,601808,2024-03-11,S,S,A,C,S,S,A,13.7416,14.27,13.55,0.72,2024-03-27（报告期 2023-12-31 00:00:00）,1,14.27,14.8899,2024-03-18,0,0.8453,1,14.27,15.241,2024-03-25,0,1.3327,1,14.27,17.29,2024-04-08,1,4.1767
prebreak,001289,2024-03-12,S,S,A,C,S,S,A,18.7139,19.09,18.18,0.91,,0,0.0,0.0,,0,0.0,0,0.0,0.0,,0,0.0,0,0.0,0.0,,0,0.0
prebreak,600750,2024-03-13,S,S,A,C,S,S,A,19.5461,20.93,20.03,0.9,2024-03-23（报告期 2023-12-31 00:00:00）,0,0.0,0.0,,0,0.0,1,20.93,20.9982,2024-03-27,0,0.058,1,20.93,22.93,2024-05-30,1,2.2031
prebreak,000423,2024-03-14,S,S,A,C,S,S,A,52.5185,54.21,51.79,2.42,,0,0.0,0.0,,0,0.0,0,0.0,0.0,,0,0.0,0,0.0,0.0,,0,0.0
prebreak,600298,2024-03-14,S,S,A,C,S,S,A,29.9335,32.56,31.23,1.33,,0,0.0,0.0,,0,0.0,0,0.0,0.0,,0,0.0,0,0.0,0.0,,0,0.0
prebreak,600660,2024-03-14,S,S,A,C,S,S,A,40.0686,41.44,39.74,1.7,,0,0.0,0.0,,0,0.0,0,0.0,0.0,,0,0.0,0,0.0,0.0,,0,0.0
prebreak,002223,2024-03-15,S,S,A,C,S,S,A,32.295,33.98,32.26,1.72,,0,0.0,0.0,,0,0.0,0,0.0,0.0,,0,0.0,0,0.0,0.0,,0,0.0
prebreak,002832,2024-03-15,S,S,A,C,S,S,A,27.8511,28.01,26.59,1.42,,0,0.0,0.0,,0,0.0,0,0.0,0.0,,0,0.0,0,0.0,0.0,,0,0.0
prebreak,300888,2024-03-15,S,S,A,C,S,S,A,34.3354,34.68,32.92,1.76,,0,0.0,0.0,,0,0.0,0,0.0,0.0,,0,0.0,0,0.0,0.0,,0,0.0
prebreak,001872,2024-03-18,S,S,A,C,S,S,A,15.705,16.02,15.25,0.77,,0,0.0,0.0,,0,0.0,0,0.0,0.0,,0,0.0,0,0.0,0.0,,0,0.0
prebreak,600529,2024-03-18,S,S,A,C,S,S,A,27.9539,26.1,24.74,1.36,,1,26.1,26.8009,2024-03-25,0,0.5004,1,26.1,28.5445,2024-04-01,0,1.7817,1,26.1,26.1072,2024-04-23,0,-0.0093
prebreak,600993,2024-03-18,S,S,A,C,S,S,A,21.7765,22.41,21.22,1.19,2024-04-13（报告期 2023-12-31 00:00:00）,0,0.0,0.0,,0,0.0,0,0.0,0.0,,0,0.0,1,22.41,26.76,2024-05-22,1,3.6388
prebreak,601808,2024-03-18,S,S,A,C,S,S,A,14.8899,14.27,13.55,0.72,,0,0.0,0.0,,0,0.0,0,0.0,0.0,,0,0.0,0,0.0,0.0,,0,0.0
prebreak,001289,2024-03-19,S,S,A,C,S,S,A,18.2709,18.82,18.17,0.65,,0,0.0,0.0,,0,0.0,0,0.0,0.0,,0,0.0,0,0.0,0.0,,0,0.0
prebreak,600406,2024-03-19,S,S,A,C,S,S,A,22.5931,23.18,22.02,1.16,,0,0.0,0.0,,0,0.0,0,0.0,0.0,,0,0.0,0,0.0,0.0,,0,0.0
prebreak,601163,2024-03-19,S,S,A,C,S,S,A,14.4991,14.78,14.17,0.61,,0,0.0,0.0,,0,0.0,0,0.0,0.0,,0,0.0,0,0.0,0.0,,0,0.0
prebreak,600309,2024-03-20,S,S,A,C,S,S,A,73.6523,75.11,72.34,2.77,,0,0.0,0.0,,0,0.0,0,0.0,0.0,,0,0.0,0,0.0,0.0,,0,0.0
prebreak,688399,2024-03-20,S,S,A,C,S,S,A,28.742,25.14,24.1,1.04,,0,0.0,0.0,,0,0.0,0,0.0,0.0,,0,0.0,0,0.0,0.0,,0,0.0
prebreak,300498,2024-03-21,S,S,A,C,S,S,A,18.3148,18.63,17.67,0.96,,0,0.0,0.0,,0,0.0,0,0.0,0.0,,0,0.0,0,0.0,0.0,,0,0.0
prebreak,002984,2024-04-01,S,S,A,C,S,S,A,21.7418,21.23,20.13,1.1,,0,0.0,0.0,,0,0.0,0,0.0,0.0,,0,0.0,0,0.0,0.0,,0,0.0
prebreak,600426,2024-04-01,S,S,A,C,S,S,A,19.3188,18.2,17.29,0.91,,0,0.0,0.0,,0,0.0,0,0.0,0.0,,0,0.0,0,0.0,0.0,,0,0.0
prebreak,002884,2024-04-02,S,S,A,C,S,S,A,16.5981,16.07,15.24,0.83,,0,0.0,0.0,,0,0.0,0,0.0,0.0,,0,0.0,0,0.0,0.0,,0,0.0
prebreak,600258,2024-04-09,S,S,A,C,S,S,A,13.7848,14.22,13.68,0.54,,1,14.22,13.68,2024-04-16,1,-1.0194,1,14.22,13.68,2024-04-16,1,-1.0194,1,14.22,13.68,2024-04-16,1,-1.0194
prebreak,600803,2024-04-09,S,S,A,C,S,S,A,15.9641,16.54,15.73,0.81,,1,16.54,16.2341,2024-04-16,0,-0.3929,1,16.54,16.2594,2024-04-17,0,-0.3617,1,16.54,16.2594,2024-04-17,0,-0.3617
prebreak,600009,2024-04-17,S,S,A,C,S,S,A,35.6061,35.86,34.17,1.69,,0,0.0,0.0,,0,0.0,0,0.0,0.0,,0,0.0,0,0.0,0.0,,0,0.0
prebreak,600426,2024-04-17,S,S,A,C,S,S,A,20.2165,18.2,17.29,0.91,,0,0.0,0.0,,0,0.0,0,0.0,0.0,,0,0.0,0,0.0,0.0,,0,0.0
prebreak,601688,2024-04-17,S,S,A,C,S,S,A,12.631,12.75,12.08,0.67,,0,0.0,0.0,,0,0.0,0,0.0,0.0,,0,0.0,0,0.0,0.0,,0,0.0
prebreak,002216,2024-04-22,S,S,A,C,S,S,A,11.4563,11.23,10.68,0.55,,0,0.0,0.0,,0,0.0,0,0.0,0.0,,0,0.0,0,0.0,0.0,,0,0.0
prebreak,300498,2024-04-22,S,S,A,C,S,S,A,17.9564,18.42,17.52,0.9,,0,0.0,0.0,,0,0.0,0,0.0,0.0,,0,0.0,0,0.0,0.0,,0,0.0
prebreak,600258,2024-04-23,S,S,A,C,S,S,A,13.6371,13.88,13.29,0.59,,0,0.0,0.0,,0,0.0,0,0.0,0.0,,0,0.0,0,0.0,0.0,,0,0.0
prebreak,600803,2024-04-23,S,S,A,C,S,S,A,15.5085,16.64,15.77,0.87,,0,0.0,0.0,,0,0.0,0,0.0,0.0,,0,0.0,0,0.0,0.0,,0,0.0
prebreak,600009,2024-04-24,S,S,A,C,S,S,A,35.2677,36.08,34.84,1.24,,0,0.0,0.0,,0,0.0,0,0.0,0.0,,0,0.0,0,0.0,0.0,,0,0.0
prebreak,600426,2024-04-24,S,S,A,C,S,S,A,20.353,18.2,17.29,0.91,,0,0.0,0.0,,0,0.0,0,0.0,0.0,,0,0.0,0,0.0,0.0,,0,0.0
prebreak,601808,2024-04-24,S,S,A,C,S,S,A,17.6135,15.47,14.7,0.77,,0,0.0,0.0,,0,0.0,0,0.0,0.0,,0,0.0,0,0.0,0.0,,0,0.0
prebreak,001289,2024-04-25,S,S,A,C,S,S,A,17.3751,17.65,16.98,0.67,,0,0.0,0.0,,0,0.0,0,0.0,0.0,,0,0.0,0,0.0,0.0,,0,0.0
prebreak,002352,2024-04-25,S,S,A,C,S,S,A,33.3162,33.28,31.66,1.62,,0,0.0,0.0,,0,0.0,0,0.0,0.0,,0,0.0,0,0.0,0.0,,0,0.0
prebreak,002216,2024-04-29,S,S,A,C,S,S,A,11.0908,11.55,10.97,0.58,,0,0.0,0.0,,0,0.0,0,0.0,0.0,,0,0.0,0,0.0,0.0,,0,0.0
prebreak,601607,2024-04-29,S,S,A,C,S,S,A,16.8795,17.01,16.31,0.7,,0,0.0,0.0,,0,0.0,0,0.0,0.0,,0,0.0,0,0.0,0.0,,0,0.0
prebreak,001965,2024-04-30,S,S,A,C,S,S,A,9.8773,10.82,10.29,0.53,,0,0.0,0.0,,0,0.0,0,0.0,0.0,,0,0.0,0,0.0,0.0,,0,0.0
prebreak,600803,2024-04-30,S,S,A,C,S,S,A,15.2385,16.64,15.77,0.87,,0,0.0,0.0,,0,0.0,0,0.0,0.0,,0,0.0,0,0.0,0.0,,0,0.0
prebreak,600009,2024-05-06,S,S,A,C,S,S,A,36.2152,36.67,34.92,1.75,,0,0.0,0.0,,0,0.0,0,0.0,0.0,,0,0.0,0,0.0,0.0,,0,0.0
prebreak,600426,2024-05-06,S,S,A,C,S,S,A,22.2705,21.1,20.05,1.05,,0,0.0,0.0,,0,0.0,0,0.0,0.0,,0,0.0,0,0.0,0.0,,0,0.0
prebreak,601066,2024-05-06,S,S,A,C,S,S,A,22.0901,21.27,20.52,0.75,,0,0.0,0.0,,0,0.0,0,0.0,0.0,,0,0.0,0,0.0,0.0,,0,0.0
prebreak,001289,2024-05-07,S,S,A,C,S,S,A,17.7604,17.78,16.83,0.95,,0,0.0,0.0,,0,0.0,0,0.0,0.0,,0,0.0,0,0.0,0.0,,0,0.0
prebreak,002216,2024-05-09,S,S,A,C,S,S,A,11.6435,11.55,10.97,0.58,,0,0.0,0.0,,0,0.0,0,0.0,0.0,,0,0.0,0,0.0,0.0,,0,0.0
prebreak,600741,2024-05-09,S,S,A,C,S,S,A,14.1981,14.62,13.94,0.68,,0,0.0,0.0,,0,0.0,0,0.0,0.0,,0,0.0,0,0.0,0.0,,0,0.0
prebreak,603156,2024-05-09,S,S,A,C,S,S,A,23.0265,23.16,22.04,1.12,,0,0.0,0.0,,0,0.0,0,0.0,0.0,,0,0.0,0,0.0,0.0,,0,0.0
prebreak,001289,2024-05-14,S,S,A,C,S,S,A,17.7219,18.12,17.41,0.71,,0,0.0,0.0,,0,0.0,1,18.12,18.2998,2024-05-28,0,0.2336,1,18.12,17.9916,2024-05-30,0,-0.2002
prebreak,002415,2024-05-14,S,S,A,C,S,S,A,30.7652,30.96,29.92,1.04,,0,0.0,0.0,,0,0.0,0,0.0,0.0,,0,0.0,0,0.0,0.0,,0,0.0
prebreak,002007,2024-05-16,S,S,A,C,S,S,A,17.7627,18.42,17.7,0.72,,0,0.0,0.0,,0,0.0,0,0.0,0.0,,0,0.0,0,0.0,0.0,,0,0.0
prebreak,600685,2024-05-16,S,S,A,C,S,S,A,26.9917,25.82,24.45,1.37,,0,0.0,0.0,,0,0.0,0,0.0,0.0,,0,0.0,0,0.0,0.0,,0,0.0
prebreak,603885,2024-05-17,S,S,A,C,S,S,A,11.9885,12.04,11.46,0.58,,0,0.0,0.0,,0,0.0,0,0.0,0.0,,0,0.0,0,0.0,0.0,,0,0.0
prebreak,002690,2024-05-20,S,S,A,C,S,S,A,16.2071,16.68,15.81,0.87,,0,0.0,0.0,,0,0.0,0,0.0,0.0,,0,0.0,0,0.0,0.0,,0,0.0
prebreak,600036,2024-05-20,S,S,A,C,S,S,A,31.2019,31.32,29.69,1.63,,0,0.0,0.0,,0,0.0,0,0.0,0.0,,0,0.0,0,0.0,0.0,,0,0.0
prebreak,600118,2024-05-20,S,S,A,C,S,S,A,24.7511,25.19,24.24,0.95,,0,0.0,0.0,,0,0.0,1,25.19,24.771,2024-06-03,0,-0.4609,1,25.19,24.5216,2024-06-04,0,-0.7232
prebreak,600893,2024-05-20,S,S,A,C,S,S,A,36.771,33.19,31.56,1.63,,0,0.0,0.0,,0,0.0,0,0.0,0.0,,0,0.0,0,0.0,0.0,,0,0.0
prebreak,688006,2024-05-20,S,S,A,C,S,S,A,19.9447,21.52,20.47,1.05,,0,0.0,0.0,,0,0.0,0,0.0,0.0,,0,0.0,0,0.0,0.0,,0,0.0
prebreak,000338,2024-05-22,S,S,A,C,S,S,A,14.892,16.52,15.68,0.84,,0,0.0,0.0,,0,0.0,0,0.0,0.0,,0,0.0,0,0.0,0.0,,0,0.0
prebreak,000651,2024-05-22,S,S,A,C,S,S,A,35.8336,36.92,35.63,1.29,,0,0.0,0.0,,0,0.0,0,0.0,0.0,,0,0.0,0,0.0,0.0,,0,0.0
prebreak,000792,2024-05-22,S,S,A,C,S,S,A,17.93,18.33,17.55,0.78,,0,0.0,0.0,,0,0.0,0,0.0,0.0,,0,0.0,0,0.0,0.0,,0,0.0
prebreak,600372,2024-05-22,S,S,A,C,S,S,A,11.9299,12.35,11.81,0.54,,0,0.0,0.0,,0,0.0,0,0.0,0.0,,0,0.0,0,0.0,0.0,,0,0.0
prebreak,000885,2024-05-27,S,S,A,C,S,S,A,11.5609,11.96,11.41,0.55,,0,0.0,0.0,,0,0.0,0,0.0,0.0,,0,0.0,0,0.0,0.0,,0,0.0
prebreak,000963,2024-05-27,S,S,A,C,S,S,A,29.6678,31.44,30.18,1.26,,0,0.0,0.0,,0,0.0,0,0.0,0.0,,0,0.0,0,0.0,0.0,,0,0.0
prebreak,002493,2024-05-27,S,S,A,C,S,S,A,10.1855,10.55,10.02,0.53,,0,0.0,0.0,,0,0.0,0,0.0,0.0,,0,0.0,0,0.0,0.0,,0,0.0
prebreak,002690,2024-05-27,S,S,A,C,S,S,A,15.8379,16.68,16.0,0.68,,0,0.0,0.0,,0,0.0,0,0.0,0.0,,0,0.0,0,0.0,0.0,,0,0.0
prebreak,600118,2024-05-27,S,S,A,C,S,S,A,23.963,25.02,23.73,1.29,,1,25.02,24.771,2024-06-03,0,-0.2076,1,25.02,24.5216,2024-06-04,0,-0.4008,1,25.02,24.5216,2024-06-04,0,-0.4008
prebreak,600893,2024-05-27,S,S,A,C,S,S,A,34.9275,36.06,34.29,1.77,,1,36.06,36.7511,2024-06-03,0,0.3747,1,36.06,37.7423,2024-06-11,0,0.9344,1,36.06,38.8262,2024-07-18,0,1.5464
prebreak,601088,2024-05-27,S,S,A,C,S,S,A,35.9511,35.27,33.66,1.61,,0,0.0,0.0,,0,0.0,0,0.0,0.0,,0,0.0,0,0.0,0.0,,0,0.0
prebreak,603288,2024-05-27,S,S,A,C,S,S,A,33.5768,36.2,34.45,1.75,,0,0.0,0.0,,0,0.0,0,0.0,0.0,,0,0.0,0,0.0,0.0,,0,0.0
prebreak,688006,2024-05-27,S,S,A,C,S,S,A,19.2786,20.39,19.61,0.78,,0,0.0,0.0,,0,0.0,0,0.0,0.0,,0,0.0,0,0.0,0.0,,0,0.0
prebreak,600072,2024-05-29,S,S,A,C,S,S,A,15.2707,16.05,15.27,0.78,,0,0.0,0.0,,0,0.0,0,0.0,0.0,,0,0.0,0,0.0,0.0,,0,0.0
prebreak,600372,2024-05-29,S,S,A,C,S,S,A,11.4801,12.35,11.73,0.62,,0,0.0,0.0,,0,0.0,0,0.0,0.0,,0,0.0,0,0.0,0.0,,0,0.0
prebreak,002007,2024-05-30,S,S,A,C,S,S,A,16.9652,17.18,16.33,0.85,,0,0.0,0.0,,0,0.0,0,0.0,0.0,,0,0.0,0,0.0,0.0,,0,0.0
prebreak,600298,2024-05-30,S,S,A,C,S,S,A,29.7149,30.18,29.1,1.08,,0,0.0,0.0,,0,0.0,0,0.0,0.0,,0,0.0,0,0.0,0.0,,0,0.0
prebreak,600685,2024-05-30,S,S,A,C,S,S,A,26.794,27.28,25.9,1.38,,1,27.28,27.2783,2024-06-06,0,-0.0162,1,27.28,27.5649,2024-06-14,0,0.1913,1,27.28,25.9,2024-06-25,1,-1.0144
prebreak,600779,2024-05-30,S,S,A,C,S,S,A,42.7399,44.69,42.64,2.05,,0,0.0,0.0,,0,0.0,0,0.0,0.0,,0,0.0,0,0.0,0.0,,0,0.0
prebreak,600161,2024-05-31,S,S,A,C,S,S,A,23.1008,23.57,22.67,0.9,,1,23.57,25.4239,2024-06-07,0,2.0387,1,23.57,25.2364,2024-06-17,0,1.8305,1,23.57,23.57,2024-06-27,1,-0.0199
prebreak,002158,2024-06-04,S,S,A,C,S,S,A,17.5933,18.26,17.42,0.84,,0,0.0,0.0,,0,0.0,0,0.0,0.0,,0,0.0,0,0.0,0.0,,0,0.0
prebreak,600406,2024-06-04,S,S,A,C,S,S,A,22.3609,21.61,20.53,1.08,,0,0.0,0.0,,0,0.0,0,0.0,0.0,,0,0.0,0,0.0,0.0,,0,0.0
prebreak,601100,2024-06-04,S,S,A,C,S,S,A,48.8388,49.91,47.82,2.09,,0,0.0,0.0,,0,0.0,0,0.0,0.0,,0,0.0,0,0.0,0.0,,0,0.0
prebreak,600161,2024-06-07,S,S,A,C,S,S,A,25.4239,23.57,22.67,0.9,,0,0.0,0.0,,0,0.0,0,0.0,0.0,,0,0.0,0,0.0,0.0,,0,0.0
prebreak,601088,2024-06-11,S,S,A,C,S,S,A,37.1837,37.62,36.05,1.57,,0,0.0,0.0,,0,0.0,0,0.0,0.0,,0,0.0,0,0.0,0.0,,0,0.0
prebreak,002158,2024-06-12,S,S,A,C,S,S,A,17.1542,18.26,17.42,0.84,,0,0.0,0.0,,0,0.0,0,0.0,0.0,,0,0.0,0,0.0,0.0,,0,0.0
prebreak,002352,2024-06-12,S,S,A,C,S,S,A,34.9961,35.91,34.41,1.5,,0,0.0,0.0,,0,0.0,0,0.0,0.0,,0,0.0,0,0.0,0.0,,0,0.0
prebreak,002891,2024-06-12,S,S,A,C,S,S,A,21.3502,22.38,21.58,0.8,,0,0.0,0.0,,0,0.0,0,0.0,0.0,,0,0.0,0,0.0,0.0,,0,0.0
prebreak,601100,2024-06-12,S,S,A,C,S,S,A,50.0767,49.91,47.82,2.09,,0,0.0,0.0,,0,0.0,0,0.0,0.0,,0,0.0,0,0.0,0.0,,0,0.0
prebreak,000338,2024-06-13,S,S,A,C,S,S,A,13.9737,14.58,13.84,0.74,,0,0.0,0.0,,0,0.0,0,0.0,0.0,,0,0.0,0,0.0,0.0,,0,0.0
prebreak,600372,2024-06-13,S,S,A,C,S,S,A,12.0864,12.17,11.6,0.57,,0,0.0,0.0,,0,0.0,0,0.0,0.0,,0,0.0,0,0.0,0.0,,0,0.0
prebreak,600298,2024-06-14,S,S,A,C,S,S,A,28.7939,29.52,28.06,1.46,,0,0.0,0.0,,0,0.0,0,0.0,0.0,,0,0.0,0,0.0,0.0,,0,0.0
prebreak,603885,2024-06-17,S,S,A,C,S,S,A,11.6976,12.01,11.45,0.56,,0,0.0,0.0,,0,0.0,0,0.0,0.0,,0,0.0,0,0.0,0.0,,0,0.0
prebreak,600298,2024-06-21,S,S,A,C,S,S,A,27.7178,28.74,27.55,1.19,,0,0.0,0.0,,0,0.0,0,0.0,0.0,,0,0.0,0,0.0,0.0,,0,0.0
prebreak,002508,2024-06-26,S,S,A,C,S,S,A,20.6101,21.77,20.91,0.86,,0,0.0,0.0,,0,0.0,0,0.0,0.0,,0,0.0,0,0.0,0.0,,0,0.0
prebreak,600089,2024-06-28,S,S,A,C,S,S,A,13.1744,13.44,12.81,0.63,,0,0.0,0.0,,0,0.0,0,0.0,0.0,,0,0.0,0,0.0,0.0,,0,0.0
prebreak,601066,2024-07-02,S,S,A,C,S,S,A,18.4748,21.05,20.12,0.93,,0,0.0,0.0,,0,0.0,0,0.0,0.0,,0,0.0,0,0.0,0.0,,0,0.0
prebreak,601607,2024-07-05,S,S,A,C,S,S,A,17.9917,18.31,17.38,0.93,,0,0.0,0.0,,0,0.0,1,18.31,18.861,2024-07-19,0,0.5771,1,18.31,18.32,2024-08-23,1,-0.0042
prebreak,601066,2024-07-09,S,S,A,C,S,S,A,17.814,21.05,20.12,0.93,,0,0.0,0.0,,0,0.0,0,0.0,0.0,,0,0.0,0,0.0,0.0,,0,0.0
prebreak,000513,2024-07-11,S,S,A,C,S,S,A,33.1484,34.59,32.95,1.64,,0,0.0,0.0,,0,0.0,1,34.59,33.7518,2024-07-24,0,-0.5268,1,34.59,33.7518,2024-07-24,0,-0.5268
prebreak,600089,2024-07-12,S,S,A,C,S,S,A,12.6368,12.99,12.37,0.62,,1,12.99,13.0706,2024-07-19,0,0.114,1,12.99,12.9453,2024-07-26,0,-0.088,1,12.99,12.37,2024-08-20,1,-1.0153
prebreak,600741,2024-07-12,S,S,A,C,S,S,A,13.8292,13.85,13.16,0.69,,0,0.0,0.0,,0,0.0,0,0.0,0.0,,0,0.0,0,0.0,0.0,,0,0.0
prebreak,601607,2024-07-12,S,S,A,C,S,S,A,17.8516,18.15,17.33,0.82,,1,18.15,18.861,2024-07-19,0,0.8497,1,18.15,18.7274,2024-07-26,0,0.6869,1,18.15,18.16,2024-08-23,1,-0.0046
prebreak,601066,2024-07-16,S,S,A,C,S,S,A,18.1347,18.6,17.67,0.93,,0,0.0,0.0,,0,0.0,0,0.0,0.0,,0,0.0,0,0.0,0.0,,0,0.0
prebreak,300498,2024-07-19,S,S,A,C,S,S,A,19.6192,19.2,18.39,0.81,,0,0.0,0.0,,0,0.0,0,0.0,0.0,,0,0.0,0,0.0,0.0,,0,0.0
prebreak,600741,2024-07-19,S,S,A,C,S,S,A,14.0906,14.37,13.76,0.61,,0,0.0,0.0,,0,0.0,0,0.0,0.0,,0,0.0,0,0.0,0.0,,0,0.0
prebreak,601607,2024-07-19,S,S,A,C,S,S,A,18.861,18.6,17.61,0.99,,0,0.0,0.0,,0,0.0,0,0.0,0.0,,0,0.0,0,0.0,0.0,,0,0.0
prebreak,600585,2024-07-22,S,S,A,C,S,S,A,22.5759,23.49,22.51,0.98,,0,0.0,0.0,,0,0.0,0,0.0,0.0,,0,0.0,0,0.0,0.0,,0,0.0
prebreak,000513,2024-07-25,S,S,A,C,S,S,A,33.5847,33.86,32.29,1.57,,0,0.0,0.0,,0,0.0,0,0.0,0.0,,0,0.0,0,0.0,0.0,,0,0.0
prebreak,002001,2024-07-25,S,S,A,C,S,S,A,18.8179,19.4,18.44,0.96,,0,0.0,0.0,,0,0.0,0,0.0,0.0,,0,0.0,0,0.0,0.0,,0,0.0
prebreak,600346,2024-07-26,S,S,A,C,S,S,A,12.9347,14.04,13.4,0.64,,0,0.0,0.0,,0,0.0,0,0.0,0.0,,0,0.0,0,0.0,0.0,,0,0.0
prebreak,600741,2024-07-26,S,S,A,C,S,S,A,13.8562,14.26,13.7,0.56,,0,0.0,0.0,,0,0.0,0,0.0,0.0,,0,0.0,0,0.0,0.0,,0,0.0
prebreak,601021,2024-07-26,S,S,A,C,S,S,A,51.612,53.31,50.79,2.52,,0,0.0,0.0,,0,0.0,1,53.31,53.2526,2024-08-07,0,-0.0388,1,53.31,53.2526,2024-08-07,0,-0.0388
prebreak,601607,2024-07-26,S,S,A,C,S,S,A,18.7274,18.99,18.19,0.8,,0,0.0,0.0,,0,0.0,0,0.0,0.0,,0,0.0,0,0.0,0.0,,0,0.0
prebreak,002223,2024-07-29,S,S,A,C,S,S,A,35.0886,35.04,33.66,1.38,,0,0.0,0.0,,0,0.0,0,0.0,0.0,,0,0.0,0,0.0,0.0,,0,0.0
prebreak,601601,2024-07-29,S,S,A,C,S,S,A,26.7054,28.0,26.65,1.35,,0,0.0,0.0,,0,0.0,0,0.0,0.0,,0,0.0,0,0.0,0.0,,0,0.0
prebreak,002352,2024-07-31,S,S,A,C,S,S,A,32.8851,34.44,32.78,1.66,,0,0.0,0.0,,0,0.0,0,0.0,0.0,,0,0.0,0,0.0,0.0,,0,0.0
prebreak,600030,2024-07-31,S,S,A,C,S,S,A,18.4908,18.29,17.46,0.83,,0,0.0,0.0,,0,0.0,0,0.0,0.0,,0,0.0,0,0.0,0.0,,0,0.0
prebreak,000513,2024-08-01,S,S,A,C,S,S,A,33.5104,34.28,32.72,1.56,,0,0.0,0.0,,0,0.0,0,0.0,0.0,,0,0.0,0,0.0,0.0,,0,0.0
prebreak,002001,2024-08-01,S,S,A,C,S,S,A,20.0999,19.4,18.44,0.96,,1,19.4,19.1267,2024-08-06,0,-0.2999,1,19.4,19.1267,2024-08-06,0,-0.2999,1,19.4,19.1267,2024-08-06,0,-0.2999
prebreak,688303,2024-08-01,S,S,A,C,S,S,A,19.78,18.94,18.03,0.91,,0,0.0,0.0,,0,0.0,0,0.0,0.0,,0,0.0,0,0.0,0.0,,0,0.0
prebreak,600009,2024-08-06,S,S,A,C,S,S,A,33.6912,34.39,32.76,1.63,,0,0.0,0.0,,0,0.0,0,0.0,0.0,,0,0.0,0,0.0,0.0,,0,0.0
prebreak,600461,2024-08-06,S,S,A,C,S,S,A,10.3359,10.5,10.0,0.5,,0,0.0,0.0,,0,0.0,0,0.0,0.0,,0,0.0,0,0.0,0.0,,0,0.0
prebreak,002001,2024-08-08,S,S,A,C,S,S,A,21.1479,19.4,18.44,0.96,,1,19.4,18.9021,2024-08-13,0,-0.5336,1,19.4,18.9021,2024-08-13,0,-0.5336,1,19.4,18.9021,2024-08-13,0,-0.5336
prebreak,600009,2024-08-13,S,S,A,C,S,S,A,32.8279,33.76,32.35,1.41,,0,0.0,0.0,,0,0.0,0,0.0,0.0,,0,0.0,0,0.0,0.0,,0,0.0
prebreak,601231,2024-08-15,S,S,A,C,S,S,A,14.7484,15.09,14.36,0.73,,0,0.0,0.0,,0,0.0,0,0.0,0.0,,0,0.0,0,0.0,0.0,,0,0.0
prebreak,600741,2024-08-16,S,S,A,C,S,S,A,12.7203,13.64,12.94,0.7,,0,0.0,0.0,,0,0.0,0,0.0,0.0,,0,0.0,0,0.0,0.0,,0,0.0
prebreak,601021,2024-08-16,S,S,A,C,S,S,A,48.8281,54.36,51.87,2.49,,0,0.0,0.0,,0,0.0,0,0.0,0.0,,0,0.0,0,0.0,0.0,,0,0.0
prebreak,600585,2024-08-19,S,S,A,C,S,S,A,20.8756,21.64,20.63,1.01,,0,0.0,0.0,,0,0.0,0,0.0,0.0,,0,0.0,0,0.0,0.0,,0,0.0
prebreak,600886,2024-08-19,S,S,A,C,S,S,A,15.6003,16.01,15.21,0.8,,0,0.0,0.0,,0,0.0,0,0.0,0.0,,0,0.0,0,0.0,0.0,,0,0.0
prebreak,000895,2024-08-21,S,S,A,C,S,S,A,20.4783,20.76,19.92,0.84,,0,0.0,0.0,,0,0.0,0,0.0,0.0,,0,0.0,0,0.0,0.0,,0,0.0
prebreak,600674,2024-08-21,S,S,A,C,S,S,A,17.0629,17.9,17.02,0.88,,0,0.0,0.0,,0,0.0,0,0.0,0.0,,0,0.0,0,0.0,0.0,,0,0.0
prebreak,300498,2024-08-23,S,S,A,C,S,S,A,16.5294,19.18,18.38,0.8,,0,0.0,0.0,,0,0.0,0,0.0,0.0,,0,0.0,0,0.0,0.0,,0,0.0
prebreak,600741,2024-08-23,S,S,A,C,S,S,A,12.2515,13.64,12.94,0.7,,0,0.0,0.0,,0,0.0,0,0.0,0.0,,0,0.0,0,0.0,0.0,,0,0.0
prebreak,600585,2024-08-26,S,S,A,C,S,S,A,19.8221,21.42,20.44,0.98,,0,0.0,0.0,,0,0.0,0,0.0,0.0,,0,0.0,0,0.0,0.0,,0,0.0
prebreak,000951,2024-08-28,S,S,A,C,S,S,A,12.7456,14.14,13.42,0.72,,0,0.0,0.0,,0,0.0,0,0.0,0.0,,0,0.0,1,14.14,16.3665,2024-11-21,0,3.0755
prebreak,600104,2024-08-29,S,S,A,C,S,S,A,12.1787,12.73,12.11,0.62,2024-08-30（报告期 2024-06-30 00:00:00）,0,0.0,0.0,,0,0.0,0,0.0,0.0,,0,0.0,1,12.73,12.73,2024-10-16,1,-0.0156
prebreak,600741,2024-08-30,S,S,A,C,S,S,A,13.2973,12.46,11.85,0.61,,0,0.0,0.0,,0,0.0,0,0.0,0.0,,0,0.0,0,0.0,0.0,,0,0.0
prebreak,600760,2024-09-03,S,S,A,C,S,S,A,40.5948,39.66,37.69,1.97,,0,0.0,0.0,,0,0.0,0,0.0,0.0,,0,0.0,0,0.0,0.0,,0,0.0
prebreak,600104,2024-09-05,S,S,A,C,S,S,A,11.7905,12.73,12.11,0.62,,0,0.0,0.0,,0,0.0,0,0.0,0.0,,0,0.0,1,12.73,12.73,2024-10-16,1,-0.0156
prebreak,601336,2024-09-05,S,S,A,C,S,S,A,30.3831,28.19,26.86,1.33,,0,0.0,0.0,,0,0.0,0,0.0,0.0,,0,0.0,0,0.0,0.0,,0,0.0
prebreak,001872,2024-09-10,S,S,A,C,S,S,A,18.7673,20.13,19.25,0.88,,0,0.0,0.0,,0,0.0,0,0.0,0.0,,0,0.0,1,20.13,20.3561,2024-10-09,0,0.2394
prebreak,600803,2024-09-18,S,S,A,C,S,S,A,15.9527,16.22,15.44,0.78,,1,16.22,16.3066,2024-09-25,0,0.0951,1,16.22,17.2002,2024-10-09,0,1.2401,1,16.22,16.22,2024-10-31,1,-0.0158
prebreak,688981,2024-09-18,S,S,A,C,S,S,A,43.17,48.58,46.45,2.13,,0,0.0,0.0,,0,0.0,1,48.58,83.89,2024-10-09,0,16.5497,1,48.58,72.78,2024-10-10,1,11.337
prebreak,001872,2024-09-19,S,S,A,C,S,S,A,17.6153,20.13,19.25,0.88,,0,0.0,0.0,,0,0.0,1,20.13,20.3561,2024-10-09,0,0.2394,1,20.13,20.3561,2024-10-09,0,0.2394
prebreak,002032,2024-09-19,S,S,A,C,S,S,A,47.4346,48.09,45.57,2.52,,0,0.0,0.0,,0,0.0,0,0.0,0.0,,0,0.0,0,0.0,0.0,,0,0.0
prebreak,600363,2024-09-20,S,S,A,C,S,S,A,22.6788,25.88,24.68,1.2,,1,25.88,26.675,2024-09-27,0,0.6457,1,25.88,29.6223,2024-10-08,0,3.1002,1,25.88,29.6223,2024-10-08,0,3.1002
prebreak,600674,2024-09-20,S,S,A,C,S,S,A,16.2594,16.77,16.01,0.76,,0,0.0,0.0,,0,0.0,0,0.0,0.0,,0,0.0,0,0.0,0.0,,0,0.0
prebreak,300498,2024-09-24,S,S,A,C,S,S,A,15.5627,16.07,15.31,0.76,,1,16.07,20.3774,2024-10-08,0,5.648,1,16.07,17.1644,2024-10-15,0,1.423,1,16.07,20.28,2024-10-09,1,5.5199
prebreak,300699,2024-09-24,S,S,A,C,S,S,A,25.6581,26.24,24.91,1.33,,1,26.24,35.8807,2024-10-08,0,7.2291,1,26.24,31.0161,2024-10-15,0,3.5738,1,26.24,33.89,2024-10-09,1,5.7333
prebreak,600111,2024-09-24,S,S,A,C,S,S,A,16.9485,16.73,15.87,0.86,,1,16.73,22.276,2024-10-08,0,6.43,1,16.73,19.2787,2024-10-15,0,2.9469,1,16.73,20.48,2024-10-09,1,4.3429
prebreak,600699,2024-09-24,S,S,A,C,S,S,A,14.1882,13.89,13.28,0.61,,1,13.89,18.0853,2024-10-08,0,6.8559,1,13.89,15.7843,2024-10-15,0,3.0861,1,13.89,16.89,2024-10-09,1,4.8976
prebreak,601021,2024-09-24,S,S,A,C,S,S,A,49.0696,48.45,46.0,2.45,,0,0.0,0.0,,0,0.0,0,0.0,0.0,,0,0.0,0,0.0,0.0,,0,0.0
prebreak,601607,2024-09-24,S,S,A,C,S,S,A,18.4064,18.65,17.85,0.8,,0,0.0,0.0,,0,0.0,0,0.0,0.0,,0,0.0,0,0.0,0.0,,0,0.0
prebreak,001965,2024-09-25,S,S,A,C,S,S,A,11.1371,12.15,11.52,0.63,,1,12.15,11.52,2024-10-09,1,-1.014,1,12.15,11.52,2024-10-09,1,-1.014,1,12.15,11.52,2024-10-09,1,-1.014
prebreak,600803,2024-09-25,S,S,A,C,S,S,A,16.3066,16.12,15.47,0.65,,1,16.12,17.2002,2024-10-09,0,1.642,1,16.12,17.0852,2024-10-16,0,1.4651,1,16.12,18.62,2024-10-09,1,3.8249
prebreak,688981,2024-09-25,S,S,A,C,S,S,A,44.9,44.23,42.32,1.91,,1,44.23,83.89,2024-10-09,0,20.7337,1,44.23,74.09,2024-10-16,0,15.6061,1,44.23,71.21,2024-10-10,1,14.0992
prebreak,001872,2024-09-26,S,S,A,C,S,S,A,19.2319,20.13,19.25,0.88,,1,20.13,20.3561,2024-10-09,0,0.2394,1,20.13,20.3561,2024-10-09,0,0.2394,1,20.13,20.3561,2024-10-09,0,0.2394
prebreak,002396,2024-09-26,S,S,A,C,S,S,A,11.0441,10.6,10.1,0.5,,1,10.6,12.3926,2024-10-10,0,3.5669,1,10.6,11.7146,2024-10-17,0,2.2117,1,10.6,12.65,2024-10-09,1,4.0813
prebreak,002690,2024-09-26,S,S,A,C,S,S,A,12.7091,11.86,11.33,0.53,,1,11.86,14.7488,2024-10-10,0,5.4301,1,11.86,13.4567,2024-10-17,0,2.9937,1,11.86,14.65,2024-10-11,1,5.2438
prebreak,600132,2024-09-26,S,S,A,C,S,S,A,56.5038,49.47,47.44,2.03,,1,49.47,59.8867,2024-10-10,0,5.1096,1,49.47,53.5872,2024-10-17,0,2.0084,1,49.47,62.87,2024-10-09,1,6.5783
prebreak,601066,2024-09-26,S,S,A,C,S,S,A,21.8589,19.71,18.87,0.84,,1,19.71,26.3587,2024-10-10,0,7.8923,1,19.71,25.1574,2024-10-17,0,6.4631,1,19.71,26.85,2024-10-10,1,8.4768
prebreak,601166,2024-09-26,S,S,A,C,S,S,A,16.658,15.04,14.29,0.75,,0,0.0,0.0,,0,0.0,0,0.0,0.0,,0,0.0,0,0.0,0.0,,0,0.0
prebreak,601318,2024-09-26,S,S,A,C,S,S,A,45.8692,40.47,38.58,1.89,,1,40.47,53.2199,2024-10-10,0,6.7255,1,40.47,51.8553,2024-10-17,0,6.0039,1,40.47,51.13,2024-10-09,1,5.6204
prebreak,603927,2024-09-26,S,S,A,C,S,S,A,16.8598,15.81,15.02,0.79,,1,15.81,20.8965,2024-10-10,0,6.4193,1,15.81,20.9639,2024-10-17,0,6.5046,1,15.81,20.85,2024-10-10,1,6.3605
prebreak,001289,2024-09-27,S,S,A,C,S,S,A,15.2076,13.71,13.04,0.67,,1,13.71,15.4126,2024-10-09,0,2.524,1,13.71,15.4126,2024-10-09,0,2.524,1,13.71,15.4126,2024-10-09,0,2.524
prebreak,002142,2024-09-27,S,S,A,C,S,S,A,21.8772,18.0,17.05,0.95,,1,18.0,23.4319,2024-10-09,0,5.6998,1,18.0,23.4319,2024-10-09,0,5.6998,1,18.0,23.4319,2024-10-09,0,5.6998
prebreak,002158,2024-09-27,S,S,A,C,S,S,A,17.5354,16.53,15.81,0.72,,1,16.53,19.0411,2024-10-09,0,3.468,1,16.53,19.0411,2024-10-09,0,3.468,1,16.53,19.0411,2024-10-09,0,3.468
prebreak,002462,2024-09-27,S,S,A,C,S,S,A,11.6712,10.93,10.37,0.56,,1,10.93,12.1056,2024-10-09,0,2.0832,1,10.93,12.1056,2024-10-09,0,2.0832,1,10.93,12.1056,2024-10-09,0,2.0832
prebreak,300685,2024-09-27,S,S,A,C,S,S,A,19.5598,18.8,17.83,0.97,,1,18.8,23.6163,2024-10-09,0,4.9474,1,18.8,23.6163,2024-10-09,0,4.9474,1,18.8,23.6163,2024-10-09,0,4.9474
prebreak,300869,2024-09-27,S,S,A,C,S,S,A,14.1927,12.67,12.16,0.51,,1,12.67,16.3551,2024-10-09,0,7.2022,1,12.67,16.3551,2024-10-09,0,7.2022,1,12.67,16.3551,2024-10-09,0,7.2022
prebreak,600363,2024-09-27,S,S,A,C,S,S,A,26.675,25.88,24.68,1.2,,1,25.88,28.0937,2024-10-09,0,1.8272,1,25.88,28.0937,2024-10-09,0,1.8272,1,25.88,28.0937,2024-10-09,0,1.8272
prebreak,600456,2024-09-27,S,S,A,C,S,S,A,27.7041,26.21,24.89,1.32,,1,26.21,30.7769,2024-10-09,0,3.4425,1,26.21,30.7769,2024-10-09,0,3.4425,1,26.21,30.7769,2024-10-09,0,3.4425
prebreak,002287,2024-09-30,S,S,A,C,S,S,A,21.7098,17.94,17.21,0.73,,1,17.94,21.4829,2024-10-14,0,4.8316,1,17.94,22.7878,2024-10-21,0,6.6179,1,17.94,21.33,2024-10-14,1,4.6222
prebreak,002507,2024-09-30,S,S,A,C,S,S,A,14.6453,11.68,11.12,0.56,,1,11.68,13.3249,2024-10-14,0,2.9197,1,11.68,13.0908,2024-10-21,0,2.5019,1,11.68,13.97,2024-11-18,1,4.0709
prebreak,603035,2024-09-30,S,S,A,C,S,S,A,14.4476,12.3,11.66,0.64,,1,12.3,13.487,2024-10-14,0,1.8389,1,12.3,13.4198,2024-10-21,0,1.7339,1,12.3,14.6686,2024-11-05,1,3.684
prebreak,600332,2024-10-08,S,S,A,C,S,S,A,29.3391,23.7,22.71,0.99,,1,23.7,26.3696,2024-10-15,0,2.6766,1,23.7,26.9691,2024-10-22,0,3.2818,1,23.7,26.91,2024-11-22,1,3.2222
prebreak,600459,2024-10-08,S,S,A,C,S,S,A,14.9118,12.04,11.42,0.62,,1,12.04,13.3124,2024-10-15,0,2.0361,1,12.04,13.8097,2024-10-22,0,2.8379,1,12.04,12.84,2025-04-07,1,1.2748
prebreak,600598,2024-10-08,S,S,A,C,S,S,A,14.305,12.36,11.79,0.57,,1,12.36,13.3117,2024-10-15,0,1.6521,1,12.36,13.4138,2024-10-22,0,1.8312,1,12.36,14.6856,2024-11-08,0,4.0609
prebreak,600685,2024-10-08,S,S,A,C,S,S,A,27.6844,25.24,24.18,1.06,,1,25.24,25.3115,2024-10-15,0,0.0493,1,25.24,24.18,2024-10-18,1,-1.0175,1,25.24,24.18,2024-10-18,1,-1.0175
prebreak,600699,2024-10-08,S,S,A,C,S,S,A,18.0853,13.89,13.28,0.61,,1,13.89,15.7843,2024-10-15,0,3.0861,1,13.89,16.362,2024-10-22,0,4.0325,1,13.89,17.5076,2024-11-07,1,5.9094
prebreak,601021,2024-10-08,S,S,A,C,S,S,A,60.062,48.45,46.0,2.45,,1,48.45,50.7986,2024-10-15,0,0.943,1,48.45,52.3151,2024-10-22,0,1.5616,1,48.45,52.97,2025-01-10,1,1.8287
prebreak,601607,2024-10-08,S,S,A,C,S,S,A,20.9839,18.65,17.85,0.8,,1,18.65,19.4125,2024-10-15,0,0.9348,1,18.65,19.8916,2024-10-22,0,1.5333,1,18.65,18.65,2024-10-31,1,-0.0177
prebreak,601965,2024-10-08,S,S,A,C,S,S,A,18.8559,16.23,15.52,0.71,,1,16.23,17.2678,2024-10-15,0,1.4434,1,16.23,17.2104,2024-10-22,0,1.3626,1,16.23,18.6071,2024-11-08,0,3.3286
prebreak,002039,2024-10-10,S,S,A,C,S,S,A,14.9573,15.68,14.91,0.77,,0,0.0,0.0,,0,0.0,0,0.0,0.0,,0,0.0,0,0.0,0.0,,0,0.0
prebreak,002732,2024-10-10,S,S,A,C,S,S,A,15.2594,13.75,13.14,0.61,,0,0.0,0.0,,0,0.0,0,0.0,0.0,,0,0.0,0,0.0,0.0,,0,0.0
prebreak,600009,2024-10-10,S,S,A,C,S,S,A,34.9343,30.48,28.88,1.6,,0,0.0,0.0,,0,0.0,0,0.0,0.0,,0,0.0,0,0.0,0.0,,0,0.0
prebreak,603035,2024-10-14,S,S,A,C,S,S,A,13.487,12.3,11.66,0.64,,0,0.0,0.0,,0,0.0,0,0.0,0.0,,0,0.0,0,0.0,0.0,,0,0.0
prebreak,603075,2024-10-14,S,S,A,C,S,S,A,17.4373,16.25,15.45,0.8,,0,0.0,0.0,,0,0.0,0,0.0,0.0,,0,0.0,0,0.0,0.0,,0,0.0
prebreak,001965,2024-10-16,S,S,A,C,S,S,A,11.1743,11.88,11.29,0.59,,0,0.0,0.0,,0,0.0,0,0.0,0.0,,0,0.0,0,0.0,0.0,,0,0.0
prebreak,002039,2024-10-17,S,S,A,C,S,S,A,15.3171,15.8,15.05,0.75,,0,0.0,0.0,,0,0.0,0,0.0,0.0,,0,0.0,0,0.0,0.0,,0,0.0
prebreak,600009,2024-10-17,S,S,A,C,S,S,A,33.0173,30.48,28.88,1.6,,0,0.0,0.0,,0,0.0,0,0.0,0.0,,0,0.0,0,0.0,0.0,,0,0.0
prebreak,000895,2024-10-18,S,S,A,C,S,S,A,22.8724,23.37,22.44,0.93,,0,0.0,0.0,,0,0.0,1,23.37,22.8908,2024-11-01,0,-0.534,1,23.37,22.8908,2024-11-01,0,-0.534
prebreak,000951,2024-10-18,S,S,A,C,S,S,A,14.7856,13.01,12.39,0.62,,0,0.0,0.0,,0,0.0,0,0.0,0.0,,0,0.0,0,0.0,0.0,,0,0.0
prebreak,600674,2024-10-18,S,S,A,C,S,S,A,16.6092,16.83,16.01,0.82,,0,0.0,0.0,,0,0.0,0,0.0,0.0,,0,0.0,0,0.0,0.0,,0,0.0
prebreak,601952,2024-10-18,S,S,A,C,S,S,A,9.4909,9.79,9.29,0.5,,0,0.0,0.0,,0,0.0,0,0.0,0.0,,0,0.0,0,0.0,0.0,,0,0.0
prebreak,600598,2024-10-22,S,S,A,C,S,S,A,13.4138,12.36,11.79,0.57,,0,0.0,0.0,,0,0.0,0,0.0,0.0,,0,0.0,0,0.0,0.0,,0,0.0
prebreak,601021,2024-10-22,S,S,A,C,S,S,A,52.3151,48.45,46.0,2.45,,0,0.0,0.0,,0,0.0,0,0.0,0.0,,0,0.0,0,0.0,0.0,,0,0.0
prebreak,601965,2024-10-22,S,S,A,C,S,S,A,17.2104,16.23,15.52,0.71,,0,0.0,0.0,,0,0.0,0,0.0,0.0,,0,0.0,0,0.0,0.0,,0,0.0
prebreak,001965,2024-10-23,S,S,A,C,S,S,A,11.7604,11.4,10.81,0.59,,0,0.0,0.0,,0,0.0,0,0.0,0.0,,0,0.0,0,0.0,0.0,,0,0.0
prebreak,600055,2024-10-23,S,S,A,C,S,S,A,13.9046,12.23,11.7,0.53,,0,0.0,0.0,,0,0.0,0,0.0,0.0,,0,0.0,0,0.0,0.0,,0,0.0
prebreak,600803,2024-10-23,S,S,A,C,S,S,A,17.156,17.32,16.55,0.77,,0,0.0,0.0,,0,0.0,0,0.0,0.0,,0,0.0,1,17.32,16.55,2024-11-25,1,-1.0165
prebreak,001219,2024-10-24,S,S,A,C,S,S,A,11.7151,11.5,10.99,0.51,,0,0.0,0.0,,0,0.0,0,0.0,0.0,,0,0.0,0,0.0,0.0,,0,0.0
prebreak,000895,2024-10-25,S,S,A,C,S,S,A,22.6237,23.4,22.44,0.96,,1,23.4,22.8908,2024-11-01,0,-0.5486,1,23.4,22.8908,2024-11-01,0,-0.5486,1,23.4,22.8908,2024-11-01,0,-0.5486
prebreak,002011,2024-10-25,S,S,A,C,S,S,A,10.9638,11.07,10.52,0.55,,0,0.0,0.0,,0,0.0,0,0.0,0.0,,0,0.0,0,0.0,0.0,,0,0.0
prebreak,600674,2024-10-25,S,S,A,C,S,S,A,15.9569,16.67,15.82,0.85,,0,0.0,0.0,,0,0.0,0,0.0,0.0,,0,0.0,0,0.0,0.0,,0,0.0
prebreak,601952,2024-10-25,S,S,A,C,S,S,A,9.8133,9.73,9.22,0.51,,0,0.0,0.0,,0,0.0,0,0.0,0.0,,0,0.0,0,0.0,0.0,,0,0.0
prebreak,001965,2024-10-30,S,S,A,C,S,S,A,11.0905,11.55,10.98,0.57,,0,0.0,0.0,,0,0.0,0,0.0,0.0,,0,0.0,0,0.0,0.0,,0,0.0
prebreak,600803,2024-10-30,S,S,A,C,S,S,A,16.3685,17.32,16.48,0.84,,0,0.0,0.0,,0,0.0,1,17.32,16.9879,2024-11-13,0,-0.4108,1,17.32,16.48,2024-11-25,1,-1.015
prebreak,001219,2024-10-31,S,S,A,C,S,S,A,12.5356,12.12,11.5,0.62,,1,12.12,14.5485,2024-11-07,0,3.8997,1,12.12,13.5087,2024-11-14,0,2.2235,1,12.12,14.24,2024-11-08,1,3.4023
prebreak,001872,2024-10-31,S,S,A,C,S,S,A,18.9625,20.13,19.14,0.99,,0,0.0,0.0,,0,0.0,0,0.0,0.0,,0,0.0,1,20.13,19.14,2024-11-19,1,-1.0148
prebreak,002186,2024-10-31,S,S,A,C,S,S,A,10.13,10.1,9.56,0.54,,0,0.0,0.0,,0,0.0,0,0.0,0.0,,0,0.0,0,0.0,0.0,,0,0.0
prebreak,603043,2024-10-31,S,S,A,C,S,S,A,15.008,15.07,14.42,0.65,,0,0.0,0.0,,0,0.0,0,0.0,0.0,,0,0.0,0,0.0,0.0,,0,0.0
prebreak,000719,2024-11-04,S,S,A,C,S,S,A,9.7178,10.56,10.01,0.55,,0,0.0,0.0,,0,0.0,0,0.0,0.0,,0,0.0,1,10.56,10.01,2024-11-22,1,-1.014
prebreak,002034,2024-11-04,S,S,A,C,S,S,A,14.6146,15.04,14.28,0.76,,0,0.0,0.0,,0,0.0,0,0.0,0.0,,0,0.0,0,0.0,0.0,,0,0.0
prebreak,600182,2024-11-04,S,S,A,C,S,S,A,13.0889,12.97,12.42,0.55,,0,0.0,0.0,,0,0.0,0,0.0,0.0,,0,0.0,0,0.0,0.0,,0,0.0
prebreak,600089,2024-11-05,S,S,A,C,S,S,A,13.7068,13.99,13.32,0.67,,0,0.0,0.0,,0,0.0,0,0.0,0.0,,0,0.0,0,0.0,0.0,,0,0.0
prebreak,600977,2024-11-05,S,S,A,C,S,S,A,11.6326,11.65,11.11,0.54,,0,0.0,0.0,,0,0.0,0,0.0,0.0,,0,0.0,0,0.0,0.0,,0,0.0
prebreak,600980,2024-11-05,S,S,A,C,S,S,A,16.6097,14.97,14.21,0.76,,1,14.97,16.3928,2024-11-12,0,1.856,1,14.97,15.5549,2024-11-19,0,0.7542,1,14.97,14.98,2024-12-23,1,-0.0018
prebreak,605378,2024-11-05,S,S,A,C,S,S,A,11.8783,12.11,11.48,0.63,,0,0.0,0.0,,0,0.0,0,0.0,0.0,,0,0.0,0,0.0,0.0,,0,0.0
prebreak,001965,2024-11-06,S,S,A,C,S,S,A,10.9045,11.29,10.72,0.57,,0,0.0,0.0,,0,0.0,0,0.0,0.0,,0,0.0,0,0.0,0.0,,0,0.0
prebreak,600056,2024-11-06,S,S,A,C,S,S,A,11.4766,11.45,10.94,0.51,,0,0.0,0.0,,0,0.0,0,0.0,0.0,,0,0.0,0,0.0,0.0,,0,0.0
prebreak,605368,2024-11-06,S,S,A,C,S,S,A,10.7043,12.13,11.55,0.58,,0,0.0,0.0,,0,0.0,0,0.0,0.0,,0,0.0,0,0.0,0.0,,0,0.0
prebreak,002432,2024-11-08,S,S,A,C,S,S,A,45.3887,43.19,41.3,1.89,,0,0.0,0.0,,0,0.0,0,0.0,0.0,,0,0.0,0,0.0,0.0,,0,0.0
prebreak,002462,2024-11-08,S,S,A,C,S,S,A,13.0634,12.71,12.11,0.6,,0,0.0,0.0,,0,0.0,0,0.0,0.0,,0,0.0,0,0.0,0.0,,0,0.0
prebreak,600406,2024-11-08,S,S,A,C,S,S,A,26.064,25.84,24.55,1.29,,0,0.0,0.0,,0,0.0,0,0.0,0.0,,0,0.0,0,0.0,0.0,,0,0.0
prebreak,603230,2024-11-08,S,S,A,C,S,S,A,11.649,11.19,10.61,0.58,,0,0.0,0.0,,0,0.0,0,0.0,0.0,,0,0.0,0,0.0,0.0,,0,0.0
prebreak,000719,2024-11-11,S,S,A,C,S,S,A,10.0954,10.56,10.01,0.55,,0,0.0,0.0,,0,0.0,1,10.56,10.01,2024-11-22,1,-1.014,1,10.56,10.01,2024-11-22,1,-1.014
prebreak,002003,2024-11-11,S,S,A,C,S,S,A,11.7993,12.27,11.66,0.61,,0,0.0,0.0,,0,0.0,0,0.0,0.0,,0,0.0,0,0.0,0.0,,0,0.0
prebreak,002034,2024-11-11,S,S,A,C,S,S,A,14.9933,15.22,14.44,0.78,,1,15.22,14.7894,2024-11-14,0,-0.5666,1,15.22,14.7894,2024-11-14,0,-0.5666,1,15.22,14.7894,2024-11-14,0,-0.5666
prebreak,600138,2024-11-11,S,S,A,C,S,S,A,10.463,10.3,9.8,0.5,,0,0.0,0.0,,0,0.0,0,0.0,0.0,,0,0.0,0,0.0,0.0,,0,0.0
prebreak,601811,2024-11-11,S,S,A,C,S,S,A,13.3367,13.4,12.85,0.55,,0,0.0,0.0,,0,0.0,0,0.0,0.0,,0,0.0,0,0.0,0.0,,0,0.0
prebreak,001965,2024-11-13,S,S,A,C,S,S,A,10.7463,11.25,10.68,0.57,,0,0.0,0.0,,0,0.0,0,0.0,0.0,,0,0.0,0,0.0,0.0,,0,0.0
prebreak,603856,2024-11-13,S,S,A,C,S,S,A,11.6078,11.33,10.77,0.56,,0,0.0,0.0,,0,0.0,0,0.0,0.0,,0,0.0,0,0.0,0.0,,0,0.0
prebreak,600388,2024-12-26,S,S,A,C,S,S,A,12.1085,12.68,12.07,0.61,,0,0.0,0.0,,0,0.0,0,0.0,0.0,,0,0.0,0,0.0,0.0,,0,0.0
prebreak,002275,2024-12-27,S,S,A,C,S,S,A,14.9677,14.51,13.75,0.76,,1,14.51,15.3254,2025-01-06,0,1.0577,1,14.51,13.75,2025-01-08,1,-1.0139,1,14.51,14.51,2025-01-07,1,-0.0145
prebreak,600955,2024-12-27,S,S,A,C,S,S,A,15.5242,15.9,15.09,0.81,,0,0.0,0.0,,0,0.0,0,0.0,0.0,,0,0.0,0,0.0,0.0,,0,0.0
prebreak,600573,2025-01-08,S,S,A,C,S,S,A,10.5384,11.32,10.73,0.59,,0,0.0,0.0,,0,0.0,0,0.0,0.0,,0,0.0,0,0.0,0.0,,0,0.0
prebreak,002020,2025-01-09,S,S,A,C,S,S,A,11.4524,12.57,12.03,0.54,,0,0.0,0.0,,0,0.0,0,0.0,0.0,,0,0.0,0,0.0,0.0,,0,0.0
prebreak,600886,2025-01-09,S,S,A,C,S,S,A,14.4471,15.73,14.98,0.75,,0,0.0,0.0,,0,0.0,0,0.0,0.0,,0,0.0,0,0.0,0.0,,0,0.0
prebreak,002275,2025-01-13,S,S,A,C,S,S,A,12.3978,14.51,13.75,0.76,,0,0.0,0.0,,0,0.0,0,0.0,0.0,,0,0.0,0,0.0,0.0,,0,0.0
prebreak,600456,2025-01-13,S,S,A,C,S,S,A,26.5787,29.34,28.0,1.34,,0,0.0,0.0,,0,0.0,1,29.34,28.3304,2025-01-24,0,-0.7696,1,29.34,28.3304,2025-01-24,0,-0.7696
prebreak,600660,2025-01-15,S,S,A,C,S,S,A,56.7672,57.88,55.53,2.35,,0,0.0,0.0,,0,0.0,0,0.0,0.0,,0,0.0,0,0.0,0.0,,0,0.0
prebreak,002020,2025-01-16,S,S,A,C,S,S,A,11.831,12.57,12.03,0.54,,0,0.0,0.0,,0,0.0,0,0.0,0.0,,0,0.0,0,0.0,0.0,,0,0.0
prebreak,600886,2025-01-16,S,S,A,C,S,S,A,14.0346,14.88,14.19,0.69,,0,0.0,0.0,,0,0.0,0,0.0,0.0,,0,0.0,0,0.0,0.0,,0,0.0
prebreak,605507,2025-01-16,S,S,A,C,S,S,A,13.083,14.45,13.88,0.57,,0,0.0,0.0,,0,0.0,0,0.0,0.0,,0,0.0,0,0.0,0.0,,0,0.0
prebreak,002275,2025-01-20,S,S,A,C,S,S,A,12.9249,12.85,12.21,0.64,,0,0.0,0.0,,0,0.0,0,0.0,0.0,,0,0.0,0,0.0,0.0,,0,0.0
prebreak,600456,2025-01-20,S,S,A,C,S,S,A,28.0173,27.33,25.93,1.4,,1,27.33,28.4968,2025-01-27,0,0.818,1,27.33,29.4069,2025-02-11,0,1.4677,1,27.33,27.33,2025-02-27,1,-0.0148
prebreak,600299,2025-01-21,S,S,A,C,S,S,A,11.2965,11.12,10.58,0.54,,0,0.0,0.0,,0,0.0,0,0.0,0.0,,0,0.0,0,0.0,0.0,,0,0.0
prebreak,002020,2025-01-23,S,S,A,C,S,S,A,11.3105,12.57,12.03,0.54,,0,0.0,0.0,,0,0.0,0,0.0,0.0,,0,0.0,0,0.0,0.0,,0,0.0
prebreak,600886,2025-01-23,S,S,A,C,S,S,A,13.594,14.03,13.45,0.58,,0,0.0,0.0,,0,0.0,0,0.0,0.0,,0,0.0,0,0.0,0.0,,0,0.0
prebreak,605507,2025-01-23,S,S,A,C,S,S,A,13.6363,13.52,12.88,0.64,,0,0.0,0.0,,0,0.0,0,0.0,0.0,,0,0.0,0,0.0,0.0,,0,0.0
prebreak,000887,2025-01-27,S,S,A,C,S,S,A,13.8222,13.79,13.08,0.71,,0,0.0,0.0,,0,0.0,0,0.0,0.0,,0,0.0,0,0.0,0.0,,0,0.0
prebreak,600456,2025-01-27,S,S,A,C,S,S,A,28.4968,27.33,25.93,1.4,,0,0.0,0.0,,0,0.0,0,0.0,0.0,,0,0.0,0,0.0,0.0,,0,0.0
prebreak,603299,2025-01-27,S,S,A,C,S,S,A,10.2383,10.83,10.27,0.56,,0,0.0,0.0,,0,0.0,0,0.0,0.0,,0,0.0,0,0.0,0.0,,0,0.0
prebreak,600299,2025-02-05,S,S,A,C,S,S,A,11.0552,11.54,10.96,0.58,,0,0.0,0.0,,0,0.0,0,0.0,0.0,,0,0.0,0,0.0,0.0,,0,0.0
prebreak,601811,2025-02-05,S,S,A,C,S,S,A,13.4482,13.83,13.2,0.63,,1,13.83,13.9961,2025-02-12,0,0.2468,1,13.83,13.6339,2025-02-19,0,-0.3277,1,13.83,13.2,2025-02-25,1,-1.0161
prebreak,603355,2025-02-05,S,S,A,C,S,S,A,22.36,23.37,22.26,1.11,,0,0.0,0.0,,0,0.0,0,0.0,0.0,,0,0.0,0,0.0,0.0,,0,0.0
prebreak,000581,2025-02-06,S,S,A,C,S,S,A,16.4808,16.88,16.1,0.78,,0,0.0,0.0,,0,0.0,0,0.0,0.0,,0,0.0,0,0.0,0.0,,0,0.0
prebreak,600741,2025-02-06,S,S,A,C,S,S,A,15.1904,15.26,14.57,0.69,,1,15.26,15.6863,2025-02-13,0,0.6006,1,15.26,15.6232,2025-02-20,0,0.5092,1,15.26,15.26,2025-04-07,1,-0.0168
prebreak,601965,2025-02-06,S,S,A,C,S,S,A,17.0524,16.75,15.86,0.89,,1,16.75,17.2352,2025-02-13,0,0.5305,1,16.75,17.7934,2025-02-20,0,1.1573,1,16.75,17.48,2025-04-07,1,0.8054
prebreak,002705,2025-02-10,S,S,A,C,S,S,A,14.1739,14.8,14.19,0.61,,0,0.0,0.0,,0,0.0,0,0.0,0.0,,0,0.0,1,14.8,14.8,2025-04-03,1,-0.0184
prebreak,600885,2025-02-10,S,S,A,C,S,S,A,23.0961,22.33,21.24,1.09,,0,0.0,0.0,,0,0.0,0,0.0,0.0,,0,0.0,0,0.0,0.0,,0,0.0
prebreak,002003,2025-02-12,S,S,A,C,S,S,A,12.9384,13.24,12.6,0.64,,0,0.0,0.0,,0,0.0,0,0.0,0.0,,0,0.0,0,0.0,0.0,,0,0.0
prebreak,600299,2025-02-12,S,S,A,C,S,S,A,11.0359,11.54,10.96,0.58,,0,0.0,0.0,,0,0.0,0,0.0,0.0,,0,0.0,0,0.0,0.0,,0,0.0
prebreak,002020,2025-02-14,S,S,A,C,S,S,A,11.5376,11.9,11.32,0.58,,1,11.9,11.9825,2025-02-21,0,0.1265,1,11.9,11.8121,2025-02-25,0,-0.167,1,11.9,11.8121,2025-02-25,0,-0.167
prebreak,600038,2025-02-14,S,S,A,C,S,S,A,37.5347,36.99,35.23,1.76,,1,36.99,36.687,2025-02-19,0,-0.188,1,36.99,36.687,2025-02-19,0,-0.188,1,36.99,36.687,2025-02-19,0,-0.188
prebreak,600378,2025-02-14,S,S,A,C,S,S,A,27.6822,28.17,27.01,1.16,,0,0.0,0.0,,0,0.0,0,0.0,0.0,,0,0.0,0,0.0,0.0,,0,0.0
prebreak,002984,2025-02-17,S,S,A,C,S,S,A,23.6605,24.77,23.5,1.27,,0,0.0,0.0,,0,0.0,0,0.0,0.0,,0,0.0,0,0.0,0.0,,0,0.0
prebreak,603288,2025-02-17,S,S,A,C,S,S,A,38.9453,39.75,38.14,1.61,,0,0.0,0.0,,0,0.0,0,0.0,0.0,,0,0.0,0,0.0,0.0,,0,0.0
prebreak,603606,2025-02-17,S,S,A,C,S,S,A,40.3192,44.81,42.67,2.14,,0,0.0,0.0,,0,0.0,0,0.0,0.0,,0,0.0,0,0.0,0.0,,0,0.0
prebreak,002179,2025-02-19,S,S,A,C,S,S,A,34.8823,37.42,35.58,1.84,2025-03-15（报告期 2024-12-31 00:00:00）,1,37.42,37.5202,2025-02-26,0,0.039,1,37.42,37.9068,2025-03-05,0,0.2489,1,37.42,37.42,2025-04-07,1,-0.0155
prebreak,603355,2025-02-19,S,S,A,C,S,S,A,24.32,24.51,23.45,1.06,,1,24.51,25.75,2025-02-26,0,1.1515,1,24.51,25.06,2025-03-05,0,0.501,1,24.51,30.01,2025-03-24,0,5.1678
prebreak,601225,2025-04-22,S,S,A,C,S,S,A,18.3263,18.66,18.0,0.66,,0,0.0,0.0,,0,0.0,0,0.0,0.0,,0,0.0,0,0.0,0.0,,0,0.0
prebreak,601225,2025-04-29,S,S,A,C,S,S,A,17.6938,18.75,18.02,0.73,,0,0.0,0.0,,0,0.0,0,0.0,0.0,,0,0.0,1,18.75,18.02,2025-06-09,1,-1.0189
prebreak,000429,2025-05-07,S,S,A,C,S,S,A,12.807,13.12,12.52,0.6,,1,13.12,13.0655,2025-05-13,0,-0.1074,1,13.12,13.0655,2025-05-13,0,-0.1074,1,13.12,13.0655,2025-05-13,0,-0.1074
prebreak,002831,2025-05-08,S,S,A,C,S,S,A,14.3613,14.51,13.75,0.76,,1,14.51,15.0928,2025-05-15,0,0.7518,1,14.51,15.8377,2025-05-22,0,1.7313,1,14.51,15.74,2025-06-18,1,1.6029
prebreak,600886,2025-05-08,S,S,A,C,S,S,A,14.2034,14.4,13.85,0.55,,0,0.0,0.0,,0,0.0,0,0.0,0.0,,0,0.0,0,0.0,0.0,,0,0.0
prebreak,600031,2025-05-14,S,S,A,C,S,S,A,18.7542,19.38,18.47,0.91,,0,0.0,0.0,,0,0.0,0,0.0,0.0,,0,0.0,0,0.0,0.0,,0,0.0
prebreak,000768,2025-05-16,S,S,A,C,S,S,A,24.3566,23.33,22.41,0.92,,0,0.0,0.0,,0,0.0,0,0.0,0.0,,0,0.0,0,0.0,0.0,,0,0.0
prebreak,002039,2025-05-16,S,S,A,C,S,S,A,15.57,16.03,15.41,0.62,,0,0.0,0.0,,0,0.0,0,0.0,0.0,,0,0.0,0,0.0,0.0,,0,0.0
prebreak,002984,2025-05-16,S,S,A,C,S,S,A,18.248,18.45,17.48,0.97,,0,0.0,0.0,,0,0.0,0,0.0,0.0,,0,0.0,0,0.0,0.0,,0,0.0
prebreak,000738,2025-05-19,S,S,A,C,S,S,A,19.234,19.55,18.62,0.93,,0,0.0,0.0,,0,0.0,1,19.55,19.3919,2025-06-03,0,-0.1858,1,19.55,19.234,2025-06-04,0,-0.3555
prebreak,600031,2025-05-21,S,S,A,C,S,S,A,18.2082,18.81,18.01,0.8,,0,0.0,0.0,,0,0.0,0,0.0,0.0,,0,0.0,0,0.0,0.0,,0,0.0
prebreak,601033,2025-05-28,S,S,A,C,S,S,A,15.5545,15.65,14.82,0.83,,1,15.65,15.8425,2025-06-04,0,0.2175,1,15.65,15.8425,2025-06-04,0,0.2175,1,15.65,15.8425,2025-06-04,0,0.2175
prebreak,603156,2025-05-28,S,S,A,C,S,S,A,22.4972,22.73,21.74,0.99,,0,0.0,0.0,,0,0.0,0,0.0,0.0,,0,0.0,0,0.0,0.0,,0,0.0
prebreak,002128,2025-06-03,S,S,A,C,S,S,A,17.7821,17.77,16.89,0.88,,0,0.0,0.0,,0,0.0,0,0.0,0.0,,0,0.0,0,0.0,0.0,,0,0.0
prebreak,601033,2025-06-05,S,S,A,C,S,S,A,15.6409,15.65,14.82,0.83,,0,0.0,0.0,,0,0.0,0,0.0,0.0,,0,0.0,0,0.0,0.0,,0,0.0
prebreak,002603,2025-06-09,S,S,A,C,S,S,A,14.0411,14.25,13.72,0.53,,0,0.0,0.0,,0,0.0,0,0.0,0.0,,0,0.0,1,14.25,16.02,2025-09-11,1,3.3171
prebreak,601033,2025-06-12,S,S,A,C,S,S,A,15.6505,15.84,15.05,0.79,,0,0.0,0.0,,0,0.0,0,0.0,0.0,,0,0.0,0,0.0,0.0,,0,0.0
prebreak,603199,2025-06-16,S,S,A,C,S,S,A,35.0251,37.64,36.03,1.61,,0,0.0,0.0,,0,0.0,0,0.0,0.0,,0,0.0,0,0.0,0.0,,0,0.0
prebreak,002020,2025-06-20,S,S,A,C,S,S,A,12.6583,13.83,13.24,0.59,,0,0.0,0.0,,0,0.0,1,13.83,14.5153,2025-07-04,0,1.1429,1,13.83,17.6069,2025-08-04,0,6.3798
prebreak,000729,2025-06-26,S,S,A,C,S,S,A,12.1701,13.92,13.2,0.72,,0,0.0,0.0,,0,0.0,0,0.0,0.0,,0,0.0,0,0.0,0.0,,0,0.0
prebreak,600573,2025-06-26,S,S,A,C,S,S,A,11.8754,12.11,11.58,0.53,,0,0.0,0.0,,0,0.0,0,0.0,0.0,,0,0.0,0,0.0,0.0,,0,0.0
prebreak,601033,2025-06-26,S,S,A,C,S,S,A,15.5641,15.84,15.21,0.63,,0,0.0,0.0,,0,0.0,0,0.0,0.0,,0,0.0,0,0.0,0.0,,0,0.0
prebreak,603288,2025-06-30,S,S,A,C,S,S,A,37.4837,38.13,37.08,1.05,,0,0.0,0.0,,0,0.0,0,0.0,0.0,,0,0.0,1,38.13,37.08,2025-07-31,1,-1.027
prebreak,603606,2025-06-30,S,S,A,C,S,S,A,42.6682,41.91,39.77,2.14,,0,0.0,0.0,,0,0.0,0,0.0,0.0,,0,0.0,0,0.0,0.0,,0,0.0
prebreak,000513,2025-07-02,S,S,A,C,S,S,A,34.4611,35.21,33.55,1.66,,0,0.0,0.0,,0,0.0,0,0.0,0.0,,0,0.0,0,0.0,0.0,,0,0.0
prebreak,000729,2025-07-03,S,S,A,C,S,S,A,12.3238,12.61,12.01,0.6,,0,0.0,0.0,,0,0.0,0,0.0,0.0,,0,0.0,0,0.0,0.0,,0,0.0
prebreak,300628,2025-07-03,S,S,A,C,S,S,A,33.8578,33.57,32.01,1.56,,0,0.0,0.0,,0,0.0,0,0.0,0.0,,0,0.0,0,0.0,0.0,,0,0.0
prebreak,600111,2025-07-03,S,S,A,C,S,S,A,24.562,25.04,24.19,0.85,,1,25.04,26.9355,2025-07-10,0,2.2062,1,25.04,29.9172,2025-07-17,0,5.7119,1,25.04,29.37,2025-07-15,1,5.0685
prebreak,601033,2025-07-03,S,S,A,C,S,S,A,15.228,15.69,15.1,0.59,,0,0.0,0.0,,0,0.0,0,0.0,0.0,,0,0.0,0,0.0,0.0,,0,0.0
prebreak,603392,2025-07-03,S,S,A,C,S,S,A,61.64,62.22,59.63,2.59,,0,0.0,0.0,,0,0.0,0,0.0,0.0,,0,0.0,0,0.0,0.0,,0,0.0
prebreak,688016,2025-07-07,S,S,A,C,S,S,A,90.0075,86.99,85.07,1.92,,0,0.0,0.0,,0,0.0,0,0.0,0.0,,0,0.0,0,0.0,0.0,,0,0.0
prebreak,000831,2025-07-08,S,S,A,C,S,S,A,35.6206,36.08,34.59,1.49,,1,36.08,37.7494,2025-07-15,0,1.1013,1,36.08,40.4479,2025-07-22,0,2.9113,1,36.08,41.13,2025-08-01,1,3.3687
prebreak,000933,2025-07-08,S,S,A,C,S,S,A,16.5523,17.1,16.38,0.72,,0,0.0,0.0,,0,0.0,1,17.1,18.8682,2025-07-22,0,2.4363,1,17.1,17.1,2025-08-05,1,-0.0181
prebreak,605111,2025-07-08,S,S,A,C,S,S,A,30.81,31.41,30.15,1.26,,0,0.0,0.0,,0,0.0,0,0.0,0.0,,0,0.0,0,0.0,0.0,,0,0.0
prebreak,605116,2025-07-08,S,S,A,C,S,S,A,20.9822,20.97,20.11,0.86,,0,0.0,0.0,,0,0.0,0,0.0,0.0,,0,0.0,0,0.0,0.0,,0,0.0
prebreak,300628,2025-07-10,S,S,A,C,S,S,A,33.2669,33.95,32.57,1.38,,0,0.0,0.0,,0,0.0,0,0.0,0.0,,0,0.0,0,0.0,0.0,,0,0.0
prebreak,603392,2025-07-10,S,S,A,C,S,S,A,59.92,61.87,59.39,2.48,,0,0.0,0.0,,0,0.0,1,61.87,60.76,2025-07-24,0,-0.4663,1,61.87,59.39,2025-07-28,1,-1.0183
prebreak,603233,2025-07-11,S,S,A,C,S,S,A,16.1549,16.63,15.77,0.86,,0,0.0,0.0,,0,0.0,0,0.0,0.0,,0,0.0,0,0.0,0.0,,0,0.0
prebreak,002179,2025-07-16,S,S,A,C,S,S,A,38.0131,38.96,37.61,1.35,,0,0.0,0.0,,0,0.0,0,0.0,0.0,,0,0.0,0,0.0,0.0,,0,0.0
prebreak,300628,2025-07-17,S,S,A,C,S,S,A,32.3998,33.47,31.99,1.48,,0,0.0,0.0,,0,0.0,1,33.47,31.99,2025-07-31,1,-1.0166,1,33.47,31.99,2025-07-31,1,-1.0166
prebreak,300408,2025-07-22,S,S,A,C,S,S,A,33.2656,33.08,31.4,1.68,,0,0.0,0.0,,0,0.0,0,0.0,0.0,,0,0.0,0,0.0,0.0,,0,0.0
prebreak,002311,2025-07-28,S,S,A,C,S,S,A,53.5892,55.64,53.37,2.27,2025-07-29（报告期 2025-06-30 00:00:00）,1,55.64,55.0651,2025-08-01,0,-0.2717,1,55.64,55.0651,2025-08-01,0,-0.2717,1,55.64,55.0651,2025-08-01,0,-0.2717
prebreak,603733,2025-07-28,S,S,A,C,S,S,A,20.7076,20.84,19.73,1.11,,0,0.0,0.0,,0,0.0,0,0.0,0.0,,0,0.0,0,0.0,0.0,,0,0.0
prebreak,000738,2025-07-29,S,S,A,C,S,S,A,21.6767,21.27,20.32,0.95,,1,21.27,20.8104,2025-08-01,0,-0.5005,1,21.27,20.8104,2025-08-01,0,-0.5005,1,21.27,20.8104,2025-08-01,0,-0.5005
prebreak,002318,2025-07-29,S,S,A,C,S,S,A,22.0009,22.98,22.2,0.78,,0,0.0,0.0,,0,0.0,0,0.0,0.0,,0,0.0,0,0.0,0.0,,0,0.0
prebreak,000400,2025-07-30,S,S,A,C,S,S,A,22.4022,23.34,22.23,1.11,2025-08-21（报告期 2025-06-30 00:00:00）,0,0.0,0.0,,0,0.0,0,0.0,0.0,,0,0.0,1,23.34,23.2166,2025-08-25,0,-0.127
prebreak,600989,2025-08-01,S,S,A,C,S,S,A,15.1293,15.99,15.33,0.66,2025-08-08（报告期 2025-06-30 00:00:00）,0,0.0,0.0,,0,0.0,0,0.0,0.0,,0,0.0,1,15.99,18.222,2025-10-27,0,3.3612
prebreak,603233,2025-08-01,S,S,A,C,S,S,A,16.5735,17.01,16.17,0.84,,0,0.0,0.0,,0,0.0,0,0.0,0.0,,0,0.0,0,0.0,0.0,,0,0.0
prebreak,002311,2025-08-04,S,S,A,C,S,S,A,55.3078,55.64,53.37,2.27,,0,0.0,0.0,,0,0.0,0,0.0,0.0,,0,0.0,0,0.0,0.0,,0,0.0
prebreak,002812,2025-08-04,S,S,A,C,S,S,A,29.52,30.41,28.89,1.52,,1,30.41,30.39,2025-08-07,0,-0.0284,1,30.41,30.39,2025-08-07,0,-0.0284,1,30.41,30.39,2025-08-07,0,-0.0284
prebreak,603733,2025-08-04,S,S,A,C,S,S,A,21.4587,21.49,20.55,0.94,,0,0.0,0.0,,0,0.0,0,0.0,0.0,,0,0.0,0,0.0,0.0,,0,0.0
prebreak,000738,2025-08-05,S,S,A,C,S,S,A,21.2386,21.27,20.32,0.95,,0,0.0,0.0,,0,0.0,0,0.0,0.0,,0,0.0,0,0.0,0.0,,0,0.0
prebreak,002318,2025-08-05,S,S,A,C,S,S,A,21.2518,22.98,22.2,0.78,,0,0.0,0.0,,0,0.0,0,0.0,0.0,,0,0.0,0,0.0,0.0,,0,0.0
prebreak,600309,2025-08-06,S,S,A,C,S,S,A,60.0959,55.72,53.51,2.21,,0,0.0,0.0,,0,0.0,0,0.0,0.0,,0,0.0,0,0.0,0.0,,0,0.0
prebreak,002180,2025-08-07,S,S,A,C,S,S,A,24.03,24.32,23.17,1.15,2025-08-23（报告期 2025-06-30 00:00:00）,0,0.0,0.0,,0,0.0,1,24.32,24.71,2025-08-21,0,0.3228,1,24.32,24.32,2025-09-02,1,-0.0161
prebreak,600096,2025-08-07,S,S,A,C,S,S,A,23.4066,23.83,22.94,0.89,,0,0.0,0.0,,0,0.0,0,0.0,0.0,,0,0.0,0,0.0,0.0,,0,0.0
prebreak,601567,2025-08-08,S,S,A,C,S,S,A,22.9064,22.45,21.68,0.77,,0,0.0,0.0,,0,0.0,0,0.0,0.0,,0,0.0,0,0.0,0.0,,0,0.0
prebreak,603233,2025-08-08,S,S,A,C,S,S,A,16.7353,16.97,16.33,0.64,,0,0.0,0.0,,0,0.0,0,0.0,0.0,,0,0.0,0,0.0,0.0,,0,0.0
prebreak,002812,2025-08-11,S,S,A,C,S,S,A,31.72,30.41,28.89,1.52,,0,0.0,0.0,,0,0.0,0,0.0,0.0,,0,0.0,0,0.0,0.0,,0,0.0
prebreak,600587,2025-08-11,S,S,A,C,S,S,A,17.7136,16.31,15.63,0.68,,0,0.0,0.0,,0,0.0,0,0.0,0.0,,0,0.0,0,0.0,0.0,,0,0.0
prebreak,603733,2025-08-11,S,S,A,C,S,S,A,24.6287,21.49,20.55,0.94,,1,21.49,24.3166,2025-08-14,0,2.9878,1,21.49,24.3166,2025-08-14,0,2.9878,1,21.49,24.3166,2025-08-14,0,2.9878
prebreak,301071,2025-08-12,S,S,A,C,S,S,A,30.3233,30.99,29.77,1.22,,0,0.0,0.0,,0,0.0,1,30.99,31.3675,2025-08-26,0,0.2899,1,30.99,29.77,2025-08-28,1,-1.0187
prebreak,601677,2025-08-18,S,S,A,C,S,S,A,13.4799,12.94,12.36,0.58,,0,0.0,0.0,,0,0.0,0,0.0,0.0,,0,0.0,0,0.0,0.0,,0,0.0
prebreak,601899,2025-08-18,S,S,A,C,S,S,A,20.3383,20.28,19.3,0.98,,1,20.28,20.1428,2025-08-21,0,-0.1557,1,20.28,20.1428,2025-08-21,0,-0.1557,1,20.28,20.1428,2025-08-21,0,-0.1557
prebreak,002142,2025-08-19,S,S,A,C,S,S,A,26.7042,27.56,26.51,1.05,,1,27.56,27.2621,2025-08-26,0,-0.3035,1,27.56,26.9158,2025-08-27,0,-0.6331,1,27.56,26.9158,2025-08-27,0,-0.6331
prebreak,601628,2025-08-19,S,S,A,C,S,S,A,40.9512,40.77,39.3,1.47,,0,0.0,0.0,,0,0.0,0,0.0,0.0,,0,0.0,0,0.0,0.0,,0,0.0
prebreak,603833,2025-08-19,S,S,A,C,S,S,A,49.7426,51.36,49.44,1.92,,1,51.36,52.5426,2025-08-26,0,0.5952,1,51.36,51.4339,2025-08-27,0,0.0181,1,51.36,51.4339,2025-08-27,0,0.0181
prebreak,600547,2025-08-20,S,S,A,C,S,S,A,30.3023,31.6,30.05,1.55,,0,0.0,0.0,,0,0.0,0,0.0,0.0,,0,0.0,0,0.0,0.0,,0,0.0
prebreak,300346,2025-08-21,S,S,A,C,S,S,A,33.9467,32.81,31.21,1.6,2025-08-27（报告期 2025-06-30 00:00:00）,1,32.81,36.5793,2025-08-28,0,2.3387,1,32.81,33.1252,2025-09-04,0,0.1813,1,32.81,32.81,2025-09-04,1,-0.0156
prebreak,601001,2025-08-22,S,S,A,C,S,S,A,13.6235,14.15,13.63,0.52,,0,0.0,0.0,,0,0.0,0,0.0,0.0,,0,0.0,0,0.0,0.0,,0,0.0
prebreak,601601,2025-08-22,S,S,A,C,S,S,A,39.2687,37.05,35.38,1.67,,0,0.0,0.0,,0,0.0,0,0.0,0.0,,0,0.0,0,0.0,0.0,,0,0.0
prebreak,000963,2025-08-25,S,S,A,C,S,S,A,44.837,43.09,40.8,2.29,,0,0.0,0.0,,0,0.0,0,0.0,0.0,,0,0.0,0,0.0,0.0,,0,0.0
prebreak,601899,2025-08-25,S,S,A,C,S,S,A,21.717,20.28,19.3,0.98,,0,0.0,0.0,,0,0.0,0,0.0,0.0,,0,0.0,0,0.0,0.0,,0,0.0
prebreak,601628,2025-08-26,S,S,A,C,S,S,A,41.7727,42.29,40.29,2.0,2025-08-28（报告期 2025-06-30 00:00:00）,1,42.29,40.29,2025-09-01,1,-1.0154,1,42.29,40.29,2025-09-01,1,-1.0154,1,42.29,40.29,2025-09-01,1,-1.0154
prebreak,603833,2025-08-26,S,S,A,C,S,S,A,52.5426,51.36,49.28,2.08,,0,0.0,0.0,,0,0.0,0,0.0,0.0,,0,0.0,0,0.0,0.0,,0,0.0
prebreak,300346,2025-08-28,S,S,A,C,S,S,A,36.5793,32.81,31.21,1.6,,0,0.0,0.0,,0,0.0,0,0.0,0.0,,0,0.0,0,0.0,0.0,,0,0.0
prebreak,601001,2025-08-29,S,S,A,C,S,S,A,12.8564,14.15,13.63,0.52,,0,0.0,0.0,,0,0.0,0,0.0,0.0,,0,0.0,1,14.15,13.9537,2025-09-25,0,-0.398
prebreak,688596,2025-08-29,S,S,A,C,S,S,A,41.035,35.66,33.84,1.82,2025-08-30（报告期 2025-06-30 00:00:00）,1,35.66,35.8969,2025-09-05,0,0.1152,1,35.66,35.9169,2025-09-12,0,0.1262,1,35.66,48.6274,2025-10-13,0,7.1056
prebreak,000963,2025-09-01,S,S,A,C,S,S,A,44.1378,45.35,43.81,1.54,,0,0.0,0.0,,0,0.0,0,0.0,0.0,,0,0.0,0,0.0,0.0,,0,0.0
prebreak,601088,2025-09-01,S,S,A,C,S,S,A,36.1429,37.44,35.65,1.79,,0,0.0,0.0,,0,0.0,0,0.0,0.0,,0,0.0,0,0.0,0.0,,0,0.0
prebreak,300346,2025-09-04,S,S,A,C,S,S,A,33.1252,32.81,31.21,1.6,,0,0.0,0.0,,0,0.0,0,0.0,0.0,,0,0.0,0,0.0,0.0,,0,0.0
prebreak,600771,2025-09-04,S,S,A,C,S,S,A,19.68,20.46,19.44,1.02,,0,0.0,0.0,,0,0.0,0,0.0,0.0,,0,0.0,0,0.0,0.0,,0,0.0
prebreak,603505,2025-09-04,S,S,A,C,S,S,A,16.4627,17.16,16.35,0.81,,0,0.0,0.0,,0,0.0,0,0.0,0.0,,0,0.0,0,0.0,0.0,,0,0.0
prebreak,000685,2025-09-08,S,S,A,C,S,S,A,9.6074,10.09,9.59,0.5,,0,0.0,0.0,,0,0.0,1,10.09,9.955,2025-09-22,0,-0.2852,1,10.09,12.77,2025-10-14,1,5.3413
prebreak,000963,2025-09-08,S,S,A,C,S,S,A,42.5063,45.35,43.81,1.54,,0,0.0,0.0,,0,0.0,0,0.0,0.0,,0,0.0,0,0.0,0.0,,0,0.0
prebreak,603639,2025-09-10,S,S,A,C,S,S,A,14.4253,14.94,14.25,0.69,,0,0.0,0.0,,0,0.0,0,0.0,0.0,,0,0.0,0,0.0,0.0,,0,0.0
prebreak,300346,2025-09-11,S,S,A,C,S,S,A,34.1898,34.46,32.76,1.7,,0,0.0,0.0,,0,0.0,0,0.0,0.0,,0,0.0,0,0.0,0.0,,0,0.0
prebreak,600685,2025-09-11,S,S,A,C,S,S,A,26.627,27.02,25.9,1.12,,0,0.0,0.0,,0,0.0,0,0.0,0.0,,0,0.0,0,0.0,0.0,,0,0.0
prebreak,600771,2025-09-11,S,S,A,C,S,S,A,20.1,20.46,19.49,0.97,,0,0.0,0.0,,0,0.0,0,0.0,0.0,,0,0.0,0,0.0,0.0,,0,0.0
prebreak,603505,2025-09-11,S,S,A,C,S,S,A,17.3663,17.16,16.35,0.81,,1,17.16,17.267,2025-09-16,0,0.1159,1,17.16,17.267,2025-09-16,0,0.1159,1,17.16,17.267,2025-09-16,0,0.1159
prebreak,603599,2025-09-11,S,S,A,C,S,S,A,11.8155,12.12,11.55,0.57,,0,0.0,0.0,,0,0.0,0,0.0,0.0,,0,0.0,0,0.0,0.0,,0,0.0
prebreak,688548,2025-09-11,S,S,A,C,S,S,A,10.9419,11.33,10.76,0.57,,0,0.0,0.0,,0,0.0,0,0.0,0.0,,0,0.0,0,0.0,0.0,,0,0.0
prebreak,300015,2025-09-12,S,S,A,C,S,S,A,12.6599,13.24,12.66,0.58,,0,0.0,0.0,,0,0.0,0,0.0,0.0,,0,0.0,0,0.0,0.0,,0,0.0
prebreak,601567,2025-09-12,S,S,A,C,S,S,A,22.072,22.91,21.69,1.22,,0,0.0,0.0,,0,0.0,1,22.91,23.8378,2025-09-26,0,0.7457,1,22.91,22.91,2025-10-22,1,-0.0143
prebreak,688596,2025-09-12,S,S,A,C,S,S,A,35.9169,36.35,34.54,1.81,,0,0.0,0.0,,0,0.0,0,0.0,0.0,,0,0.0,0,0.0,0.0,,0,0.0
prebreak,603391,2025-09-15,S,S,A,C,S,S,A,46.8333,42.87,40.67,2.2,,1,42.87,50.5937,2025-09-22,0,3.4937,1,42.87,51.8829,2025-09-29,0,4.0794,1,42.87,49.63,2025-10-17,1,3.056
prebreak,688575,2025-09-15,S,S,A,C,S,S,A,14.9468,15.38,14.84,0.54,,0,0.0,0.0,,0,0.0,0,0.0,0.0,,0,0.0,0,0.0,0.0,,0,0.0
prebreak,300848,2025-09-16,S,S,A,C,S,S,A,16.8689,17.17,16.33,0.84,,0,0.0,0.0,,0,0.0,0,0.0,0.0,,0,0.0,0,0.0,0.0,,0,0.0
prebreak,002895,2025-09-17,S,S,A,C,S,S,A,25.2544,26.47,25.11,1.36,,0,0.0,0.0,,0,0.0,1,26.47,29.8156,2025-10-09,0,2.4437,1,26.47,35.8209,2025-11-06,0,6.8565
prebreak,600479,2025-09-17,S,S,A,C,S,S,A,10.338,10.81,10.29,0.52,,0,0.0,0.0,,0,0.0,0,0.0,0.0,,0,0.0,0,0.0,0.0,,0,0.0
prebreak,600877,2025-09-17,S,S,A,C,S,S,A,14.15,14.52,13.92,0.6,,0,0.0,0.0,,0,0.0,0,0.0,0.0,,0,0.0,0,0.0,0.0,,0,0.0
prebreak,002223,2025-09-19,S,S,A,C,S,S,A,37.5569,38.3,36.62,1.68,,0,0.0,0.0,,0,0.0,0,0.0,0.0,,0,0.0,0,0.0,0.0,,0,0.0
prebreak,300015,2025-09-19,S,S,A,C,S,S,A,12.2572,12.81,12.18,0.63,,0,0.0,0.0,,0,0.0,0,0.0,0.0,,0,0.0,0,0.0,0.0,,0,0.0
prebreak,600323,2025-09-19,S,S,A,C,S,S,A,25.3497,26.68,25.59,1.09,,0,0.0,0.0,,0,0.0,0,0.0,0.0,,0,0.0,0,0.0,0.0,,0,0.0
prebreak,601567,2025-09-19,S,S,A,C,S,S,A,22.2661,22.64,21.63,1.01,,1,22.64,23.8378,2025-09-26,0,1.1681,1,22.64,25.2349,2025-10-13,0,2.5505,1,22.64,22.64,2025-10-23,1,-0.017
prebreak,603698,2025-09-19,S,S,A,C,S,S,A,19.2886,17.14,16.52,0.62,,0,0.0,0.0,,0,0.0,0,0.0,0.0,,0,0.0,0,0.0,0.0,,0,0.0
prebreak,688596,2025-09-19,S,S,A,C,S,S,A,36.7749,36.35,34.54,1.81,,0,0.0,0.0,,0,0.0,0,0.0,0.0,,0,0.0,0,0.0,0.0,,0,0.0
prebreak,000708,2025-09-22,S,S,A,C,S,S,A,12.1356,12.74,12.13,0.61,,0,0.0,0.0,,0,0.0,0,0.0,0.0,,0,0.0,0,0.0,0.0,,0,0.0
prebreak,000885,2025-09-22,S,S,A,C,S,S,A,13.9319,14.83,14.12,0.71,,1,14.83,15.454,2025-09-29,0,0.8624,1,14.83,14.6008,2025-10-09,0,-0.3385,1,14.83,14.6008,2025-10-09,0,-0.3385
prebreak,001201,2025-09-22,S,S,A,C,S,S,A,16.49,16.47,15.68,0.79,,0,0.0,0.0,,0,0.0,0,0.0,0.0,,0,0.0,0,0.0,0.0,,0,0.0
prebreak,002078,2025-09-22,S,S,A,C,S,S,A,14.075,15.26,14.59,0.67,,0,0.0,0.0,,0,0.0,0,0.0,0.0,,0,0.0,0,0.0,0.0,,0,0.0
prebreak,600153,2025-09-22,S,S,A,C,S,S,A,9.8674,10.24,9.72,0.52,,0,0.0,0.0,,0,0.0,0,0.0,0.0,,0,0.0,0,0.0,0.0,,0,0.0
prebreak,603658,2025-09-22,S,S,A,C,S,S,A,38.3022,39.94,38.17,1.77,,0,0.0,0.0,,0,0.0,0,0.0,0.0,,0,0.0,0,0.0,0.0,,0,0.0
prebreak,688575,2025-09-22,S,S,A,C,S,S,A,14.4878,15.07,14.4,0.67,,0,0.0,0.0,,0,0.0,0,0.0,0.0,,0,0.0,1,15.07,15.07,2025-11-21,1,-0.0171
prebreak,000400,2025-09-24,S,S,A,C,S,S,A,23.982,23.8,22.61,1.19,,1,23.8,26.3469,2025-10-09,0,2.1237,1,23.8,26.5529,2025-10-16,0,2.2967,1,23.8,27.91,2025-11-12,1,3.4364
prebreak,002001,2025-09-24,S,S,A,C,S,S,A,22.8067,23.71,22.71,1.0,,1,23.71,24.1972,2025-10-09,0,0.4688,1,23.71,23.4923,2025-10-13,0,-0.2356,1,23.71,23.4923,2025-10-13,0,-0.2356
prebreak,600479,2025-09-24,S,S,A,C,S,S,A,10.0306,10.81,10.29,0.52,,0,0.0,0.0,,0,0.0,0,0.0,0.0,,0,0.0,0,0.0,0.0,,0,0.0
prebreak,300015,2025-09-26,S,S,A,C,S,S,A,12.1296,12.32,11.81,0.51,,0,0.0,0.0,,0,0.0,0,0.0,0.0,,0,0.0,0,0.0,0.0,,0,0.0
prebreak,600323,2025-09-26,S,S,A,C,S,S,A,26.3533,26.68,25.59,1.09,,0,0.0,0.0,,0,0.0,0,0.0,0.0,,0,0.0,0,0.0,0.0,,0,0.0
prebreak,601877,2025-09-26,S,S,A,C,S,S,A,28.4684,28.05,26.56,1.49,,0,0.0,0.0,,0,0.0,0,0.0,0.0,,0,0.0,0,0.0,0.0,,0,0.0
prebreak,603885,2025-09-26,S,S,A,C,S,S,A,13.3472,13.43,12.91,0.52,,0,0.0,0.0,,0,0.0,0,0.0,0.0,,0,0.0,0,0.0,0.0,,0,0.0
prebreak,000155,2025-09-29,S,S,A,C,S,S,A,10.2252,10.33,9.83,0.5,,0,0.0,0.0,,0,0.0,0,0.0,0.0,,0,0.0,0,0.0,0.0,,0,0.0
prebreak,000708,2025-09-29,S,S,A,C,S,S,A,12.8331,12.44,11.83,0.61,,0,0.0,0.0,,0,0.0,0,0.0,0.0,,0,0.0,0,0.0,0.0,,0,0.0
prebreak,000885,2025-09-29,S,S,A,C,S,S,A,15.454,14.24,13.64,0.6,,1,14.24,14.8723,2025-10-14,0,1.0351,1,14.24,14.8917,2025-10-21,0,1.0674,1,14.24,14.24,2025-11-04,1,-0.018
prebreak,002978,2025-09-29,S,S,A,C,S,S,A,31.2788,31.62,30.04,1.58,,0,0.0,0.0,,0,0.0,0,0.0,0.0,,0,0.0,0,0.0,0.0,,0,0.0
prebreak,600153,2025-09-29,S,S,A,C,S,S,A,9.4041,10.0,9.5,0.5,,0,0.0,0.0,,0,0.0,0,0.0,0.0,,0,0.0,0,0.0,0.0,,0,0.0
prebreak,002128,2025-09-30,S,S,A,C,S,S,A,21.6261,22.08,21.05,1.03,,0,0.0,0.0,,0,0.0,0,0.0,0.0,,0,0.0,0,0.0,0.0,,0,0.0
prebreak,600763,2025-09-30,S,S,A,C,S,S,A,44.04,44.69,43.06,1.63,,0,0.0,0.0,,0,0.0,0,0.0,0.0,,0,0.0,0,0.0,0.0,,0,0.0
prebreak,000792,2025-10-09,S,S,A,C,S,S,A,22.41,20.77,19.88,0.89,,0,0.0,0.0,,0,0.0,0,0.0,0.0,,0,0.0,0,0.0,0.0,,0,0.0
prebreak,000818,2025-10-09,S,S,A,C,S,S,A,23.78,24.25,23.26,0.99,,0,0.0,0.0,,0,0.0,0,0.0,0.0,,0,0.0,0,0.0,0.0,,0,0.0
prebreak,603439,2025-10-09,S,S,A,C,S,S,A,12.4615,13.15,12.64,0.51,,0,0.0,0.0,,0,0.0,0,0.0,0.0,,0,0.0,0,0.0,0.0,,0,0.0
prebreak,000902,2025-10-10,S,S,A,C,S,S,A,14.3724,14.81,14.06,0.75,,0,0.0,0.0,,0,0.0,0,0.0,0.0,,0,0.0,1,14.81,14.81,2025-11-24,1,-0.015
prebreak,300770,2025-10-10,S,S,A,C,S,S,A,44.5582,45.01,42.78,2.23,,0,0.0,0.0,,0,0.0,1,45.01,45.8835,2025-10-24,0,0.3761,1,45.01,42.78,2025-11-14,1,-1.0147
prebreak,603505,2025-10-10,S,S,A,C,S,S,A,18.955,17.28,16.47,0.81,,0,0.0,0.0,,0,0.0,0,0.0,0.0,,0,0.0,0,0.0,0.0,,0,0.0
prebreak,603899,2025-10-10,S,S,A,C,S,S,A,26.0623,26.68,25.74,0.94,,0,0.0,0.0,,0,0.0,0,0.0,0.0,,0,0.0,0,0.0,0.0,,0,0.0
prebreak,688139,2025-10-10,S,S,A,C,S,S,A,32.7251,32.84,31.25,1.59,,0,0.0,0.0,,0,0.0,0,0.0,0.0,,0,0.0,0,0.0,0.0,,0,0.0
prebreak,600323,2025-10-13,S,S,A,C,S,S,A,27.299,26.83,25.93,0.9,,0,0.0,0.0,,0,0.0,0,0.0,0.0,,0,0.0,0,0.0,0.0,,0,0.0
prebreak,603100,2025-10-13,S,S,A,C,S,S,A,23.439,23.96,23.01,0.95,,0,0.0,0.0,,0,0.0,0,0.0,0.0,,0,0.0,0,0.0,0.0,,0,0.0
prebreak,603260,2025-10-13,S,S,A,C,S,S,A,48.9,50.18,47.8,2.38,,0,0.0,0.0,,0,0.0,0,0.0,0.0,,0,0.0,0,0.0,0.0,,0,0.0
prebreak,688334,2025-10-13,S,S,A,C,S,S,A,20.98,19.73,18.69,1.04,,1,19.73,20.5048,2025-10-20,0,0.7301,1,19.73,20.6434,2025-10-27,0,0.8633,1,19.73,20.8117,2025-11-11,0,1.0251
prebreak,000623,2025-10-14,S,S,A,C,S,S,A,19.9929,18.84,17.89,0.95,,0,0.0,0.0,,0,0.0,0,0.0,0.0,,0,0.0,0,0.0,0.0,,0,0.0
prebreak,000708,2025-10-14,S,S,A,C,S,S,A,13.2823,12.44,11.83,0.61,,0,0.0,0.0,,0,0.0,0,0.0,0.0,,0,0.0,0,0.0,0.0,,0,0.0
prebreak,000885,2025-10-14,S,S,A,C,S,S,A,14.8723,14.24,13.64,0.6,,0,0.0,0.0,,0,0.0,0,0.0,0.0,,0,0.0,0,0.0,0.0,,0,0.0
prebreak,002039,2025-10-14,S,S,A,C,S,S,A,17.6261,17.06,16.37,0.69,,0,0.0,0.0,,0,0.0,0,0.0,0.0,,0,0.0,0,0.0,0.0,,0,0.0
prebreak,002690,2025-10-14,S,S,A,C,S,S,A,19.1325,20.23,19.31,0.92,,0,0.0,0.0,,0,0.0,1,20.23,19.469,2025-10-28,0,-0.8434,1,20.23,19.31,2025-10-29,1,-1.0161
prebreak,000821,2025-10-15,S,S,A,C,S,S,A,12.6379,12.9,12.33,0.57,,0,0.0,0.0,,0,0.0,0,0.0,0.0,,0,0.0,1,12.9,12.9,2025-11-21,1,-0.0172
prebreak,000951,2025-10-15,S,S,A,C,S,S,A,17.4961,17.1,16.26,0.84,,0,0.0,0.0,,0,0.0,0,0.0,0.0,,0,0.0,0,0.0,0.0,,0,0.0
prebreak,600763,2025-10-15,S,S,A,C,S,S,A,43.83,45.3,43.11,2.19,,0,0.0,0.0,,0,0.0,0,0.0,0.0,,0,0.0,0,0.0,0.0,,0,0.0
prebreak,600066,2025-10-20,S,S,A,C,S,S,A,27.4277,27.97,26.82,1.15,,0,0.0,0.0,,0,0.0,0,0.0,0.0,,0,0.0,0,0.0,0.0,,0,0.0
prebreak,600323,2025-10-20,S,S,A,C,S,S,A,27.3569,27.77,26.6,1.17,,0,0.0,0.0,,0,0.0,0,0.0,0.0,,0,0.0,0,0.0,0.0,,0,0.0
prebreak,601900,2025-10-20,S,S,A,C,S,S,A,13.0358,12.75,12.19,0.56,,0,0.0,0.0,,0,0.0,0,0.0,0.0,,0,0.0,0,0.0,0.0,,0,0.0
prebreak,603100,2025-10-20,S,S,A,C,S,S,A,22.1971,23.96,23.01,0.95,,0,0.0,0.0,,0,0.0,0,0.0,0.0,,0,0.0,1,23.96,23.96,2025-11-27,1,-0.0192
prebreak,603260,2025-10-20,S,S,A,C,S,S,A,48.49,50.18,47.8,2.38,,0,0.0,0.0,,0,0.0,1,50.18,49.6,2025-11-03,0,-0.2596,1,50.18,48.26,2025-11-04,0,-0.8222
prebreak,605507,2025-10-20,S,S,A,C,S,S,A,15.3578,15.91,15.26,0.65,,0,0.0,0.0,,0,0.0,0,0.0,0.0,,0,0.0,0,0.0,0.0,,0,0.0
prebreak,000885,2025-10-21,S,S,A,C,S,S,A,14.8917,15.18,14.44,0.74,,0,0.0,0.0,,0,0.0,0,0.0,0.0,,0,0.0,0,0.0,0.0,,0,0.0
prebreak,600587,2025-10-21,S,S,A,C,S,S,A,16.0731,16.57,15.79,0.78,,0,0.0,0.0,,0,0.0,0,0.0,0.0,,0,0.0,0,0.0,0.0,,0,0.0
prebreak,600985,2025-10-21,S,S,A,C,S,S,A,13.4009,12.62,12.11,0.51,,0,0.0,0.0,,0,0.0,0,0.0,0.0,,0,0.0,0,0.0,0.0,,0,0.0
prebreak,603071,2025-10-21,S,S,A,C,S,S,A,14.0035,14.3,13.57,0.73,,0,0.0,0.0,,0,0.0,0,0.0,0.0,,0,0.0,0,0.0,0.0,,0,0.0
prebreak,603279,2025-10-21,S,S,A,C,S,S,A,14.8412,15.31,14.69,0.62,,0,0.0,0.0,,0,0.0,0,0.0,0.0,,0,0.0,1,15.31,15.31,2025-12-08,1,-0.0188
prebreak,603368,2025-10-21,S,S,A,C,S,S,A,18.0048,18.46,17.63,0.83,,0,0.0,0.0,,0,0.0,0,0.0,0.0,,0,0.0,0,0.0,0.0,,0,0.0
prebreak,600763,2025-10-22,S,S,A,C,S,S,A,42.2,45.3,43.07,2.23,,0,0.0,0.0,,0,0.0,0,0.0,0.0,,0,0.0,1,45.3,44.14,2025-11-18,0,-0.5353
prebreak,603165,2025-10-22,S,S,A,C,S,S,A,12.1276,12.16,11.57,0.59,,0,0.0,0.0,,0,0.0,0,0.0,0.0,,0,0.0,0,0.0,0.0,,0,0.0
prebreak,000792,2025-10-23,S,S,A,C,S,S,A,22.88,20.28,19.21,1.07,,0,0.0,0.0,,0,0.0,0,0.0,0.0,,0,0.0,0,0.0,0.0,,0,0.0
prebreak,002791,2025-10-23,S,S,A,C,S,S,A,22.08,22.71,21.59,1.12,,0,0.0,0.0,,0,0.0,1,22.71,22.66,2025-11-04,0,-0.06,1,22.71,22.66,2025-11-04,0,-0.06
prebreak,600109,2025-10-23,S,S,A,C,S,S,A,10.0373,10.44,9.89,0.55,,0,0.0,0.0,,0,0.0,0,0.0,0.0,,0,0.0,0,0.0,0.0,,0,0.0
prebreak,600188,2025-10-23,S,S,A,C,S,S,A,14.6552,13.68,13.02,0.66,,0,0.0,0.0,,0,0.0,0,0.0,0.0,,0,0.0,0,0.0,0.0,,0,0.0
prebreak,603320,2025-10-23,S,S,A,C,S,S,A,21.0535,19.26,18.35,0.91,,1,19.26,20.5371,2025-10-28,0,1.3864,1,19.26,20.5371,2025-10-28,0,1.3864,1,19.26,20.5371,2025-10-28,0,1.3864
prebreak,603439,2025-10-23,S,S,A,C,S,S,A,12.3919,12.76,12.18,0.58,,0,0.0,0.0,,0,0.0,0,0.0,0.0,,0,0.0,1,12.76,12.4715,2025-11-18,0,-0.5138
prebreak,600546,2025-10-24,S,S,A,C,S,S,A,10.7489,9.91,9.41,0.5,,0,0.0,0.0,,0,0.0,0,0.0,0.0,,0,0.0,0,0.0,0.0,,0,0.0
prebreak,688139,2025-10-24,S,S,A,C,S,S,A,33.5153,34.39,32.92,1.47,,1,34.39,34.4142,2025-10-31,0,-0.0013,1,34.39,34.2166,2025-11-07,0,-0.1356,1,34.39,32.92,2025-11-20,1,-1.0171
prebreak,601878,2025-10-27,S,S,A,C,S,S,A,11.5209,11.61,11.07,0.54,,0,0.0,0.0,,0,0.0,0,0.0,0.0,,0,0.0,0,0.0,0.0,,0,0.0
prebreak,601900,2025-10-27,S,S,A,C,S,S,A,13.503,12.75,12.19,0.56,,1,12.75,14.1419,2025-11-03,0,2.4667,1,12.75,14.1896,2025-11-10,0,2.5518,1,12.75,12.75,2025-12-11,1,-0.0173
prebreak,603100,2025-10-27,S,S,A,C,S,S,A,23.3119,23.96,23.01,0.95,,0,0.0,0.0,,0,0.0,0,0.0,0.0,,0,0.0,1,23.96,23.96,2025-11-27,1,-0.0192
prebreak,603939,2025-10-27,S,S,A,C,S,S,A,24.8132,25.27,24.17,1.1,,0,0.0,0.0,,0,0.0,0,0.0,0.0,,0,0.0,0,0.0,0.0,,0,0.0
prebreak,605507,2025-10-27,S,S,A,C,S,S,A,15.7607,15.99,15.31,0.68,,0,0.0,0.0,,0,0.0,1,15.99,16.1844,2025-11-10,0,0.2678,1,15.99,16.0,2025-12-18,1,-0.0032
prebreak,688334,2025-10-27,S,S,A,C,S,S,A,20.6434,19.73,18.69,1.04,,0,0.0,0.0,,0,0.0,0,0.0,0.0,,0,0.0,0,0.0,0.0,,0,0.0
prebreak,000885,2025-10-28,S,S,A,C,S,S,A,14.4263,15.3,14.56,0.74,,0,0.0,0.0,,0,0.0,0,0.0,0.0,,0,0.0,0,0.0,0.0,,0,0.0
prebreak,600426,2025-10-28,S,S,A,C,S,S,A,18.4496,19.02,18.06,0.96,,0,0.0,0.0,,0,0.0,0,0.0,0.0,,0,0.0,0,0.0,0.0,,0,0.0
prebreak,600739,2025-10-28,S,S,A,C,S,S,A,12.0711,12.32,11.8,0.52,,0,0.0,0.0,,0,0.0,0,0.0,0.0,,0,0.0,0,0.0,0.0,,0,0.0
prebreak,600985,2025-10-28,S,S,A,C,S,S,A,13.2433,13.61,13.08,0.53,,0,0.0,0.0,,0,0.0,0,0.0,0.0,,0,0.0,0,0.0,0.0,,0,0.0
prebreak,000951,2025-10-29,S,S,A,C,S,S,A,16.4337,17.11,16.28,0.83,,1,17.11,17.5344,2025-11-05,0,0.4953,1,17.11,17.3334,2025-11-12,0,0.2533,1,17.11,16.28,2025-11-21,1,-1.015
prebreak,600639,2025-10-29,S,S,A,C,S,S,A,10.7283,11.15,10.6,0.55,,0,0.0,0.0,,0,0.0,0,0.0,0.0,,0,0.0,0,0.0,0.0,,0,0.0
prebreak,688139,2025-10-31,S,S,A,C,S,S,A,34.4142,34.34,32.82,1.52,,0,0.0,0.0,,0,0.0,0,0.0,0.0,,0,0.0,0,0.0,0.0,,0,0.0
prebreak,002416,2025-11-03,S,S,A,C,S,S,A,11.9462,12.27,11.71,0.56,,0,0.0,0.0,,0,0.0,0,0.0,0.0,,0,0.0,0,0.0,0.0,,0,0.0
prebreak,600483,2025-11-03,S,S,A,C,S,S,A,9.9776,10.05,9.51,0.54,,0,0.0,0.0,,0,0.0,0,0.0,0.0,,0,0.0,0,0.0,0.0,,0,0.0
prebreak,603281,2025-11-03,S,S,A,C,S,S,A,18.018,18.15,17.46,0.69,,0,0.0,0.0,,0,0.0,0,0.0,0.0,,0,0.0,0,0.0,0.0,,0,0.0
prebreak,603393,2025-11-03,S,S,A,C,S,S,A,28.83,30.32,29.15,1.17,,0,0.0,0.0,,0,0.0,0,0.0,0.0,,0,0.0,0,0.0,0.0,,0,0.0
prebreak,688334,2025-11-03,S,S,A,C,S,S,A,20.5246,19.73,18.69,1.04,,0,0.0,0.0,,0,0.0,0,0.0,0.0,,0,0.0,0,0.0,0.0,,0,0.0
prebreak,600426,2025-11-04,S,S,A,C,S,S,A,18.8271,19.02,18.06,0.96,,0,0.0,0.0,,0,0.0,0,0.0,0.0,,0,0.0,0,0.0,0.0,,0,0.0
prebreak,601456,2025-11-04,S,S,A,C,S,S,A,10.7074,11.39,10.86,0.53,,0,0.0,0.0,,0,0.0,0,0.0,0.0,,0,0.0,0,0.0,0.0,,0,0.0
prebreak,601788,2025-11-04,S,S,A,C,S,S,A,18.4038,19.17,18.25,0.92,,0,0.0,0.0,,0,0.0,0,0.0,0.0,,0,0.0,0,0.0,0.0,,0,0.0
prebreak,601838,2025-11-04,S,S,A,C,S,S,A,16.1759,17.78,16.9,0.88,,0,0.0,0.0,,0,0.0,0,0.0,0.0,,0,0.0,0,0.0,0.0,,0,0.0
prebreak,601995,2025-11-04,S,S,A,C,S,S,A,36.2583,39.02,37.27,1.75,,0,0.0,0.0,,0,0.0,0,0.0,0.0,,0,0.0,0,0.0,0.0,,0,0.0
prebreak,001289,2025-11-05,S,S,A,C,S,S,A,17.1594,17.62,16.97,0.65,,0,0.0,0.0,,0,0.0,0,0.0,0.0,,0,0.0,0,0.0,0.0,,0,0.0
prebreak,600639,2025-11-05,S,S,A,C,S,S,A,10.7571,11.16,10.6,0.56,,0,0.0,0.0,,0,0.0,0,0.0,0.0,,0,0.0,0,0.0,0.0,,0,0.0
prebreak,002601,2025-11-06,S,S,A,C,S,S,A,17.799,18.73,17.85,0.88,,0,0.0,0.0,,0,0.0,0,0.0,0.0,,0,0.0,0,0.0,0.0,,0,0.0
prebreak,688558,2025-11-06,S,S,A,C,S,S,A,28.7267,31.58,30.33,1.25,,0,0.0,0.0,,0,0.0,0,0.0,0.0,,0,0.0,0,0.0,0.0,,0,0.0
prebreak,600298,2025-11-07,S,S,A,C,S,S,A,37.7991,40.73,39.2,1.53,,0,0.0,0.0,,0,0.0,0,0.0,0.0,,0,0.0,0,0.0,0.0,,0,0.0
prebreak,000739,2025-11-10,S,S,A,C,S,S,A,15.2348,15.31,14.7,0.61,,0,0.0,0.0,,0,0.0,0,0.0,0.0,,0,0.0,0,0.0,0.0,,0,0.0
prebreak,002572,2025-11-10,S,S,A,C,S,S,A,12.4504,12.51,11.86,0.65,,1,12.51,12.6361,2025-11-13,0,0.1793,1,12.51,12.6361,2025-11-13,0,0.1793,1,12.51,12.6361,2025-11-13,0,0.1793
prebreak,003031,2025-11-10,S,S,A,C,S,S,A,53.7849,56.1,53.4,2.7,,0,0.0,0.0,,0,0.0,0,0.0,0.0,,0,0.0,1,56.1,69.8,2025-12-15,1,5.0551
prebreak,300012,2025-11-10,S,S,A,C,S,S,A,13.9734,14.51,13.83,0.68,,0,0.0,0.0,,0,0.0,0,0.0,0.0,,0,0.0,0,0.0,0.0,,0,0.0
prebreak,600483,2025-11-10,S,S,A,C,S,S,A,10.1615,10.05,9.51,0.54,,0,0.0,0.0,,0,0.0,0,0.0,0.0,,0,0.0,0,0.0,0.0,,0,0.0
prebreak,603885,2025-11-10,S,S,A,C,S,S,A,13.779,13.22,12.58,0.64,,0,0.0,0.0,,0,0.0,0,0.0,0.0,,0,0.0,0,0.0,0.0,,0,0.0
prebreak,600426,2025-11-11,S,S,A,C,S,S,A,21.6135,19.02,18.06,0.96,,1,19.02,21.0121,2025-11-18,0,2.0587,1,19.02,20.8522,2025-11-25,0,1.8923,1,19.02,25.3363,2026-01-06,1,6.5603
prebreak,603565,2025-11-11,S,S,A,C,S,S,A,10.964,11.4,10.83,0.57,,0,0.0,0.0,,0,0.0,0,0.0,0.0,,0,0.0,0,0.0,0.0,,0,0.0
prebreak,603379,2025-11-12,S,S,A,C,S,S,A,55.5514,56.96,54.44,2.52,,1,56.96,54.44,2025-11-17,1,-1.0165,1,56.96,54.44,2025-11-17,1,-1.0165,1,56.96,54.44,2025-11-17,1,-1.0165
prebreak,002601,2025-11-13,S,S,A,C,S,S,A,19.3601,19.64,18.63,1.01,,0,0.0,0.0,,0,0.0,0,0.0,0.0,,0,0.0,0,0.0,0.0,,0,0.0
prebreak,603218,2025-11-13,S,S,A,C,S,S,A,13.6081,14.29,13.67,0.62,,0,0.0,0.0,,0,0.0,0,0.0,0.0,,0,0.0,0,0.0,0.0,,0,0.0
prebreak,600298,2025-11-14,S,S,A,C,S,S,A,39.9352,40.73,39.2,1.53,,0,0.0,0.0,,0,0.0,0,0.0,0.0,,0,0.0,0,0.0,0.0,,0,0.0
prebreak,601198,2025-11-14,S,S,A,C,S,S,A,12.8555,12.82,12.23,0.59,,0,0.0,0.0,,0,0.0,0,0.0,0.0,,0,0.0,0,0.0,0.0,,0,0.0
prebreak,000739,2025-11-17,S,S,A,C,S,S,A,15.2743,15.7,15.09,0.61,,1,15.7,15.6297,2025-11-24,0,-0.1347,1,15.7,15.9753,2025-12-01,0,0.4314,1,15.7,17.5649,2026-01-13,0,3.0357
prebreak,603182,2025-11-17,S,S,A,C,S,S,A,15.8303,15.32,14.55,0.77,,0,0.0,0.0,,0,0.0,0,0.0,0.0,,0,0.0,0,0.0,0.0,,0,0.0
prebreak,688334,2025-11-17,S,S,A,C,S,S,A,19.9107,21.31,20.26,1.05,,0,0.0,0.0,,0,0.0,0,0.0,0.0,,0,0.0,0,0.0,0.0,,0,0.0
prebreak,000739,2025-11-24,S,S,A,C,S,S,A,15.6297,15.81,15.01,0.8,,0,0.0,0.0,,0,0.0,0,0.0,0.0,,0,0.0,0,0.0,0.0,,0,0.0
prebreak,300286,2025-11-24,S,S,A,C,S,S,A,22.2627,25.79,24.7,1.09,,0,0.0,0.0,,0,0.0,0,0.0,0.0,,0,0.0,0,0.0,0.0,,0,0.0
prebreak,301179,2025-11-24,S,S,A,C,S,S,A,15.3888,17.55,16.65,0.9,,0,0.0,0.0,,0,0.0,0,0.0,0.0,,0,0.0,0,0.0,0.0,,0,0.0
prebreak,600131,2025-11-24,S,S,A,C,S,S,A,16.8129,18.96,18.05,0.91,,0,0.0,0.0,,0,0.0,0,0.0,0.0,,0,0.0,0,0.0,0.0,,0,0.0
prebreak,688100,2025-11-24,S,S,A,C,S,S,A,34.5129,35.47,34.0,1.47,,0,0.0,0.0,,0,0.0,0,0.0,0.0,,0,0.0,0,0.0,0.0,,0,0.0
prebreak,000623,2025-11-25,S,S,A,C,S,S,A,18.7434,21.27,20.49,0.78,,0,0.0,0.0,,0,0.0,0,0.0,0.0,,0,0.0,0,0.0,0.0,,0,0.0
prebreak,002078,2025-11-25,S,S,A,C,S,S,A,14.1434,14.72,14.07,0.65,,1,14.72,14.6908,2025-12-02,0,-0.0622,1,14.72,14.4171,2025-12-09,0,-0.4829,1,14.72,15.4406,2026-02-02,0,1.0906
prebreak,002840,2025-11-25,S,S,A,C,S,S,A,9.88,11.57,11.01,0.56,,0,0.0,0.0,,0,0.0,0,0.0,0.0,,0,0.0,0,0.0,0.0,,0,0.0
prebreak,002978,2025-11-25,S,S,A,C,S,S,A,30.4882,33.47,32.05,1.42,,0,0.0,0.0,,0,0.0,0,0.0,0.0,,0,0.0,0,0.0,0.0,,0,0.0
prebreak,300707,2025-11-25,S,S,A,C,S,S,A,14.5308,16.17,15.46,0.71,,0,0.0,0.0,,0,0.0,0,0.0,0.0,,0,0.0,0,0.0,0.0,,0,0.0
prebreak,601688,2025-11-25,S,S,A,C,S,S,A,20.7973,22.88,21.79,1.09,,0,0.0,0.0,,0,0.0,1,22.88,22.2374,2025-12-09,0,-0.6051,1,22.88,22.1381,2025-12-10,0,-0.6962
prebreak,605555,2025-11-25,S,S,A,C,S,S,A,16.7169,17.17,16.34,0.83,,0,0.0,0.0,,0,0.0,0,0.0,0.0,,0,0.0,0,0.0,0.0,,0,0.0
prebreak,300327,2025-11-26,S,S,A,C,S,S,A,27.7185,26.93,25.75,1.18,,0,0.0,0.0,,0,0.0,0,0.0,0.0,,0,0.0,0,0.0,0.0,,0,0.0
prebreak,600873,2025-11-26,S,S,A,C,S,S,A,9.6574,10.73,10.2,0.53,,0,0.0,0.0,,0,0.0,0,0.0,0.0,,0,0.0,0,0.0,0.0,,0,0.0
prebreak,603085,2025-11-26,S,S,A,C,S,S,A,10.37,10.99,10.48,0.51,,0,0.0,0.0,,0,0.0,0,0.0,0.0,,0,0.0,1,10.99,10.48,2025-12-17,1,-1.0157
prebreak,603888,2025-11-26,S,S,A,C,S,S,A,18.648,18.47,17.54,0.93,,0,0.0,0.0,,0,0.0,0,0.0,0.0,,0,0.0,0,0.0,0.0,,0,0.0
prebreak,003005,2025-11-27,S,S,A,C,S,S,A,21.2168,21.94,20.81,1.13,,1,21.94,21.8142,2025-12-02,0,-0.126,1,21.94,21.8142,2025-12-02,0,-0.126,1,21.94,21.8142,2025-12-02,0,-0.126
prebreak,301587,2025-11-27,S,S,A,C,S,S,A,23.37,25.09,24.07,1.02,,0,0.0,0.0,,0,0.0,0,0.0,0.0,,0,0.0,0,0.0,0.0,,0,0.0
prebreak,600877,2025-11-27,S,S,A,C,S,S,A,15.83,13.78,13.19,0.59,,1,13.78,15.25,2025-12-02,0,2.4722,1,13.78,15.25,2025-12-02,0,2.4722,1,13.78,15.25,2025-12-02,0,2.4722
prebreak,603375,2025-11-27,S,S,A,C,S,S,A,39.7886,42.49,40.35,2.14,,0,0.0,0.0,,0,0.0,0,0.0,0.0,,0,0.0,0,0.0,0.0,,0,0.0
prebreak,603886,2025-11-27,S,S,A,C,S,S,A,11.9767,12.5,11.96,0.54,,0,0.0,0.0,,0,0.0,0,0.0,0.0,,0,0.0,0,0.0,0.0,,0,0.0
prebreak,001368,2025-11-28,S,S,A,C,S,S,A,25.8323,26.38,25.18,1.2,,1,26.38,26.8917,2025-12-05,0,0.4094,1,26.38,25.18,2025-12-11,1,-1.0161,1,26.38,26.38,2025-12-11,1,-0.0167
prebreak,002151,2025-11-28,S,S,A,C,S,S,A,30.77,30.92,29.6,1.32,,0,0.0,0.0,,0,0.0,0,0.0,0.0,,0,0.0,0,0.0,0.0,,0,0.0
prebreak,300424,2025-11-28,S,S,A,C,S,S,A,17.01,17.35,16.44,0.91,,0,0.0,0.0,,0,0.0,0,0.0,0.0,,0,0.0,0,0.0,0.0,,0,0.0
prebreak,600031,2025-11-28,S,S,A,C,S,S,A,20.127,20.88,19.87,1.01,,0,0.0,0.0,,0,0.0,0,0.0,0.0,,0,0.0,0,0.0,0.0,,0,0.0
prebreak,600298,2025-11-28,S,S,A,C,S,S,A,40.3585,40.66,38.84,1.82,,0,0.0,0.0,,0,0.0,0,0.0,0.0,,0,0.0,0,0.0,0.0,,0,0.0
prebreak,300075,2025-12-02,S,S,A,C,S,S,A,15.98,16.47,15.72,0.75,,0,0.0,0.0,,0,0.0,0,0.0,0.0,,0,0.0,0,0.0,0.0,,0,0.0
prebreak,300705,2025-12-02,S,S,A,C,S,S,A,15.4135,15.95,15.33,0.62,,0,0.0,0.0,,0,0.0,0,0.0,0.0,,0,0.0,0,0.0,0.0,,0,0.0
prebreak,301566,2025-12-02,S,S,A,C,S,S,A,18.6927,17.66,16.77,0.89,,0,0.0,0.0,,0,0.0,0,0.0,0.0,,0,0.0,0,0.0,0.0,,0,0.0
prebreak,301571,2025-12-02,S,S,A,C,S,S,A,49.7093,46.21,43.94,2.27,,0,0.0,0.0,,0,0.0,0,0.0,0.0,,0,0.0,0,0.0,0.0,,0,0.0
prebreak,603180,2025-12-02,S,S,A,C,S,S,A,20.9914,20.78,19.81,0.97,,0,0.0,0.0,,0,0.0,0,0.0,0.0,,0,0.0,0,0.0,0.0,,0,0.0
prebreak,688153,2025-12-02,S,S,A,C,S,S,A,38.4161,34.93,33.21,1.72,,1,34.93,38.1967,2025-12-09,0,1.8826,1,34.93,36.093,2025-12-16,0,0.6603,1,34.93,45.3455,2026-01-12,1,6.0363
prebreak,001368,2025-12-05,S,S,A,C,S,S,A,26.8917,26.38,25.18,1.2,,1,26.38,25.18,2025-12-11,1,-1.0161,1,26.38,25.18,2025-12-11,1,-1.0161,1,26.38,25.18,2025-12-11,1,-1.0161
prebreak,002151,2025-12-05,S,S,A,C,S,S,A,31.4,31.55,30.26,1.29,,1,31.55,31.64,2025-12-12,0,0.0511,1,31.55,33.12,2025-12-19,0,1.1977,1,31.55,57.7,2026-01-07,1,20.24
prebreak,300498,2025-12-05,S,S,A,C,S,S,A,16.8919,17.85,17.16,0.69,,0,0.0,0.0,,0,0.0,0,0.0,0.0,,0,0.0,0,0.0,0.0,,0,0.0
prebreak,300525,2025-12-05,S,S,A,C,S,S,A,14.1212,13.58,13.03,0.55,,1,13.58,13.6644,2025-12-12,0,0.1347,1,13.58,13.4956,2025-12-19,0,-0.1721,1,13.58,13.59,2025-12-31,1,-0.0006
prebreak,300979,2025-12-05,S,S,A,C,S,S,A,57.1367,59.01,56.37,2.64,,0,0.0,0.0,,0,0.0,0,0.0,0.0,,0,0.0,0,0.0,0.0,,0,0.0
prebreak,301522,2025-12-05,S,S,A,C,S,S,A,32.1843,31.89,30.49,1.4,,1,31.89,34.1691,2025-12-12,0,1.6096,1,31.89,34.7675,2025-12-19,0,2.0367,1,31.89,37.65,2026-01-06,1,4.0944
prebreak,600031,2025-12-05,S,S,A,C,S,S,A,21.0977,20.83,19.72,1.11,,0,0.0,0.0,,0,0.0,0,0.0,0.0,,0,0.0,0,0.0,0.0,,0,0.0
prebreak,600771,2025-12-05,S,S,A,C,S,S,A,19.04,19.64,18.73,0.91,,0,0.0,0.0,,0,0.0,0,0.0,0.0,,0,0.0,0,0.0,0.0,,0,0.0
prebreak,603004,2025-12-05,S,S,A,C,S,S,A,23.3307,24.37,23.17,1.2,,0,0.0,0.0,,0,0.0,0,0.0,0.0,,0,0.0,0,0.0,0.0,,0,0.0
prebreak,603383,2025-12-05,S,S,A,C,S,S,A,37.8761,38.3,36.47,1.83,,1,38.3,37.8573,2025-12-10,0,-0.2577,1,38.3,37.8573,2025-12-10,0,-0.2577,1,38.3,37.8573,2025-12-10,0,-0.2577
prebreak,603882,2025-12-05,S,S,A,C,S,S,A,27.9341,30.36,28.91,1.45,,0,0.0,0.0,,0,0.0,0,0.0,0.0,,0,0.0,0,0.0,0.0,,0,0.0
prebreak,300161,2025-12-08,S,S,A,C,S,S,A,28.9398,29.0,27.62,1.38,,0,0.0,0.0,,0,0.0,0,0.0,0.0,,0,0.0,0,0.0,0.0,,0,0.0
prebreak,300286,2025-12-08,S,S,A,C,S,S,A,22.7459,22.93,21.97,0.96,,0,0.0,0.0,,0,0.0,0,0.0,0.0,,0,0.0,0,0.0,0.0,,0,0.0
prebreak,300597,2025-12-08,S,S,A,C,S,S,A,9.73,9.85,9.34,0.51,,0,0.0,0.0,,0,0.0,0,0.0,0.0,,0,0.0,1,9.85,9.34,2025-12-30,1,-1.014
prebreak,601900,2025-12-08,S,S,A,C,S,S,A,12.826,13.65,13.01,0.64,,0,0.0,0.0,,0,0.0,0,0.0,0.0,,0,0.0,0,0.0,0.0,,0,0.0
prebreak,300183,2025-12-10,S,S,A,C,S,S,A,14.9542,15.9,15.17,0.73,,0,0.0,0.0,,0,0.0,0,0.0,0.0,,0,0.0,0,0.0,0.0,,0,0.0
prebreak,300244,2025-12-10,S,S,A,C,S,S,A,15.0793,15.34,14.54,0.8,,0,0.0,0.0,,0,0.0,1,15.34,15.472,2025-12-22,0,0.1503,1,15.34,15.472,2025-12-22,0,0.1503
prebreak,600955,2025-12-10,S,S,A,C,S,S,A,14.8023,15.48,14.69,0.79,,0,0.0,0.0,,0,0.0,0,0.0,0.0,,0,0.0,1,15.48,19.25,2026-03-12,1,4.7543
prebreak,001368,2025-12-12,S,S,A,C,S,S,A,24.8314,26.38,25.18,1.2,,0,0.0,0.0,,0,0.0,0,0.0,0.0,,0,0.0,0,0.0,0.0,,0,0.0
prebreak,002271,2025-12-12,S,S,A,C,S,S,A,13.19,13.23,12.58,0.65,,0,0.0,0.0,,0,0.0,0,0.0,0.0,,0,0.0,0,0.0,0.0,,0,0.0
prebreak,002906,2025-12-12,S,S,A,C,S,S,A,29.1279,29.58,28.49,1.09,,0,0.0,0.0,,0,0.0,0,0.0,0.0,,0,0.0,0,0.0,0.0,,0,0.0
prebreak,002972,2025-12-12,S,S,A,C,S,S,A,11.4003,12.28,11.65,0.63,,0,0.0,0.0,,0,0.0,1,12.28,12.0627,2025-12-26,0,-0.3595,1,12.28,11.65,2026-01-08,1,-1.0142
prebreak,003008,2025-12-12,S,S,A,C,S,S,A,20.9793,22.98,21.8,1.18,,0,0.0,0.0,,0,0.0,0,0.0,0.0,,0,0.0,0,0.0,0.0,,0,0.0
prebreak,300320,2025-12-12,S,S,A,C,S,S,A,9.4684,9.97,9.47,0.5,,0,0.0,0.0,,0,0.0,0,0.0,0.0,,0,0.0,0,0.0,0.0,,0,0.0
prebreak,301522,2025-12-12,S,S,A,C,S,S,A,34.1691,31.89,30.49,1.4,,1,31.89,33.7801,2025-12-17,0,1.3319,1,31.89,33.7801,2025-12-17,0,1.3319,1,31.89,33.7801,2025-12-17,0,1.3319
prebreak,600771,2025-12-12,S,S,A,C,S,S,A,18.35,19.33,18.41,0.92,,0,0.0,0.0,,0,0.0,0,0.0,0.0,,0,0.0,0,0.0,0.0,,0,0.0
prebreak,603004,2025-12-12,S,S,A,C,S,S,A,22.3809,24.37,23.17,1.2,,0,0.0,0.0,,0,0.0,0,0.0,0.0,,0,0.0,1,24.37,24.0134,2026-01-15,0,-0.3124
prebreak,603383,2025-12-12,S,S,A,C,S,S,A,36.4432,38.3,36.47,1.83,,0,0.0,0.0,,0,0.0,0,0.0,0.0,,0,0.0,1,38.3,36.47,2026-01-27,1,-1.0153
prebreak,603867,2025-12-12,S,S,A,C,S,S,A,25.0965,27.98,26.6,1.38,,0,0.0,0.0,,0,0.0,0,0.0,0.0,,0,0.0,0,0.0,0.0,,0,0.0
prebreak,688276,2025-12-12,S,S,A,C,S,S,A,19.85,21.49,20.47,1.02,,0,0.0,0.0,,0,0.0,0,0.0,0.0,,0,0.0,0,0.0,0.0,,0,0.0
prebreak,002119,2025-12-15,S,S,A,C,S,S,A,16.1411,16.66,16.07,0.59,,0,0.0,0.0,,0,0.0,0,0.0,0.0,,0,0.0,0,0.0,0.0,,0,0.0
prebreak,300161,2025-12-15,S,S,A,C,S,S,A,28.0004,29.0,27.62,1.38,,0,0.0,0.0,,0,0.0,0,0.0,0.0,,0,0.0,1,29.0,30.57,2026-03-03,1,1.121
prebreak,300286,2025-12-15,S,S,A,C,S,S,A,22.5487,23.01,22.11,0.9,,0,0.0,0.0,,0,0.0,0,0.0,0.0,,0,0.0,0,0.0,0.0,,0,0.0
prebreak,300597,2025-12-15,S,S,A,C,S,S,A,9.02,9.85,9.34,0.51,,0,0.0,0.0,,0,0.0,1,9.85,9.54,2025-12-29,0,-0.6221,1,9.85,9.34,2025-12-30,1,-1.014
prebreak,301314,2025-12-15,S,S,A,C,S,S,A,42.2834,46.36,44.2,2.16,,0,0.0,0.0,,0,0.0,0,0.0,0.0,,0,0.0,0,0.0,0.0,,0,0.0
prebreak,603112,2025-12-15,S,S,A,C,S,S,A,18.029,18.48,17.61,0.87,,0,0.0,0.0,,0,0.0,0,0.0,0.0,,0,0.0,1,18.48,18.48,2026-01-21,1,-0.0161
prebreak,603939,2025-12-15,S,S,A,C,S,S,A,21.0432,23.01,21.9,1.11,,0,0.0,0.0,,0,0.0,0,0.0,0.0,,0,0.0,0,0.0,0.0,,0,0.0
prebreak,688601,2025-12-15,S,S,A,C,S,S,A,42.7644,40.96,39.22,1.74,,0,0.0,0.0,,0,0.0,0,0.0,0.0,,0,0.0,0,0.0,0.0,,0,0.0
prebreak,000997,2025-12-17,S,S,A,C,S,S,A,25.5405,26.0,24.81,1.19,,0,0.0,0.0,,0,0.0,0,0.0,0.0,,0,0.0,0,0.0,0.0,,0,0.0
prebreak,300183,2025-12-17,S,S,A,C,S,S,A,14.5243,15.9,15.17,0.73,,0,0.0,0.0,,0,0.0,0,0.0,0.0,,0,0.0,1,15.9,15.9,2026-01-27,1,-0.0166
prebreak,300244,2025-12-17,S,S,A,C,S,S,A,14.8633,15.34,14.6,0.74,,1,15.34,15.472,2025-12-22,0,0.1625,1,15.34,15.472,2025-12-22,0,0.1625,1,15.34,15.472,2025-12-22,0,0.1625
prebreak,600955,2025-12-17,S,S,A,C,S,S,A,14.7624,15.48,14.69,0.79,,0,0.0,0.0,,0,0.0,1,15.48,16.1479,2025-12-31,0,0.83,1,15.48,19.25,2026-03-12,1,4.7543
prebreak,002601,2025-12-18,S,S,A,C,S,S,A,18.12,18.19,17.37,0.82,,0,0.0,0.0,,0,0.0,0,0.0,0.0,,0,0.0,0,0.0,0.0,,0,0.0
prebreak,300504,2025-12-18,S,S,A,C,S,S,A,14.91,14.76,14.0,0.76,,0,0.0,0.0,,0,0.0,0,0.0,0.0,,0,0.0,0,0.0,0.0,,0,0.0
prebreak,600372,2025-12-18,S,S,A,C,S,S,A,12.8451,12.95,12.36,0.59,,1,12.95,12.7854,2025-12-23,0,-0.2956,1,12.95,12.7854,2025-12-23,0,-0.2956,1,12.95,12.7854,2025-12-23,0,-0.2956
prebreak,603777,2025-12-18,S,S,A,C,S,S,A,14.84,13.9,13.2,0.7,,1,13.9,14.28,2025-12-23,0,0.5274,1,13.9,14.28,2025-12-23,0,0.5274,1,13.9,14.28,2025-12-23,0,0.5274
prebreak,603886,2025-12-18,S,S,A,C,S,S,A,12.8017,12.29,11.78,0.51,,1,12.29,13.1241,2025-12-23,0,1.6162,1,12.29,13.1241,2025-12-23,0,1.6162,1,12.29,13.1241,2025-12-23,0,1.6162
prebreak,002271,2025-12-19,S,S,A,C,S,S,A,13.55,13.36,12.71,0.65,,0,0.0,0.0,,0,0.0,0,0.0,0.0,,0,0.0,0,0.0,0.0,,0,0.0
prebreak,300320,2025-12-19,S,S,A,C,S,S,A,9.289,9.89,9.38,0.51,,0,0.0,0.0,,0,0.0,0,0.0,0.0,,0,0.0,1,9.89,9.89,2026-02-02,1,-0.0147
prebreak,301278,2025-12-19,S,S,A,C,S,S,A,37.3394,35.39,33.69,1.7,,1,35.39,33.69,2025-12-24,1,-1.0152,1,35.39,33.69,2025-12-24,1,-1.0152,1,35.39,33.69,2025-12-24,1,-1.0152
prebreak,301335,2025-12-19,S,S,A,C,S,S,A,30.9453,29.07,27.79,1.28,,1,29.07,29.741,2025-12-24,0,0.5066,1,29.07,29.741,2025-12-24,0,0.5066,1,29.07,29.741,2025-12-24,0,0.5066
prebreak,601021,2025-12-19,S,S,A,C,S,S,A,55.1609,53.45,51.32,2.13,,0,0.0,0.0,,0,0.0,0,0.0,0.0,,0,0.0,0,0.0,0.0,,0,0.0
prebreak,603383,2025-12-19,S,S,A,C,S,S,A,35.6477,36.69,34.92,1.77,,0,0.0,0.0,,0,0.0,1,36.69,37.7885,2026-01-06,0,0.6045,1,36.69,36.69,2026-01-26,1,-0.0158
prebreak,603867,2025-12-19,S,S,A,C,S,S,A,24.6015,27.98,26.6,1.38,,0,0.0,0.0,,0,0.0,0,0.0,0.0,,0,0.0,1,27.98,36.1152,2026-02-26,1,5.8759
prebreak,000682,2025-12-22,S,S,A,C,S,S,A,11.621,12.01,11.5,0.51,,0,0.0,0.0,,0,0.0,1,12.01,12.1588,2026-01-07,0,0.2737,1,12.01,13.86,2026-01-22,1,3.6073
prebreak,000786,2025-12-22,S,S,A,C,S,S,A,24.1381,24.7,23.66,1.04,,0,0.0,0.0,,0,0.0,1,24.7,24.5347,2026-01-07,0,-0.1768,1,24.7,28.5884,2026-02-04,0,3.7184
prebreak,000801,2025-12-22,S,S,A,C,S,S,A,17.3388,16.65,16.05,0.6,,0,0.0,0.0,,0,0.0,0,0.0,0.0,,0,0.0,0,0.0,0.0,,0,0.0
prebreak,003039,2025-12-22,S,S,A,C,S,S,A,14.3623,14.49,13.89,0.6,,0,0.0,0.0,,0,0.0,0,0.0,0.0,,0,0.0,0,0.0,0.0,,0,0.0
prebreak,300052,2025-12-22,S,S,A,C,S,S,A,11.77,12.52,11.96,0.56,,0,0.0,0.0,,0,0.0,0,0.0,0.0,,0,0.0,0,0.0,0.0,,0,0.0
prebreak,300161,2025-12-22,S,S,A,C,S,S,A,28.1303,28.32,27.34,0.98,,0,0.0,0.0,,0,0.0,0,0.0,0.0,,0,0.0,0,0.0,0.0,,0,0.0
prebreak,300174,2025-12-22,S,S,A,C,S,S,A,15.287,15.49,14.84,0.65,,0,0.0,0.0,,0,0.0,0,0.0,0.0,,0,0.0,0,0.0,0.0,,0,0.0
prebreak,300597,2025-12-22,S,S,A,C,S,S,A,9.08,9.85,9.34,0.51,,1,9.85,9.54,2025-12-29,0,-0.6221,1,9.85,9.34,2025-12-30,1,-1.014,1,9.85,9.34,2025-12-30,1,-1.014
prebreak,301339,2025-12-22,S,S,A,C,S,S,A,14.3822,14.4,13.65,0.75,,0,0.0,0.0,,0,0.0,0,0.0,0.0,,0,0.0,0,0.0,0.0,,0,0.0
prebreak,600258,2025-12-22,S,S,A,C,S,S,A,16.2983,15.28,14.5,0.78,,0,0.0,0.0,,0,0.0,0,0.0,0.0,,0,0.0,0,0.0,0.0,,0,0.0
prebreak,603112,2025-12-22,S,S,A,C,S,S,A,17.1473,17.66,16.91,0.75,,0,0.0,0.0,,0,0.0,0,0.0,0.0,,0,0.0,0,0.0,0.0,,0,0.0
prebreak,603885,2025-12-22,S,S,A,C,S,S,A,13.6514,13.59,12.99,0.6,,0,0.0,0.0,,0,0.0,0,0.0,0.0,,0,0.0,0,0.0,0.0,,0,0.0
prebreak,603939,2025-12-22,S,S,A,C,S,S,A,21.6014,23.01,21.9,1.11,,0,0.0,0.0,,0,0.0,0,0.0,0.0,,0,0.0,0,0.0,0.0,,0,0.0
prebreak,000997,2025-12-24,S,S,A,C,S,S,A,25.6687,26.17,25.24,0.93,,1,26.17,27.9269,2025-12-31,0,1.8665,1,26.17,27.6606,2026-01-09,0,1.5804,1,26.17,26.86,2026-02-02,1,0.7201
prebreak,002860,2025-12-24,S,S,A,C,S,S,A,13.5826,13.61,13.08,0.53,,0,0.0,0.0,,0,0.0,0,0.0,0.0,,0,0.0,0,0.0,0.0,,0,0.0
prebreak,300244,2025-12-24,S,S,A,C,S,S,A,15.2854,15.34,14.6,0.74,,0,0.0,0.0,,0,0.0,0,0.0,0.0,,0,0.0,0,0.0,0.0,,0,0.0
prebreak,300928,2025-12-24,S,S,A,C,S,S,A,30.7,31.72,30.03,1.69,,0,0.0,0.0,,0,0.0,0,0.0,0.0,,0,0.0,0,0.0,0.0,,0,0.0
prebreak,603172,2025-12-24,S,S,A,C,S,S,A,18.2029,18.84,17.93,0.91,,0,0.0,0.0,,0,0.0,0,0.0,0.0,,0,0.0,0,0.0,0.0,,0,0.0
prebreak,001373,2025-12-25,S,S,A,C,S,S,A,31.14,33.28,31.66,1.62,,1,33.28,33.81,2026-01-05,0,0.3113,1,33.28,37.95,2026-01-12,0,2.8653,1,33.28,41.74,2026-01-28,1,5.2033
prebreak,002559,2025-12-25,S,S,A,C,S,S,A,10.0417,10.1,9.6,0.5,,0,0.0,0.0,,0,0.0,0,0.0,0.0,,0,0.0,0,0.0,0.0,,0,0.0
prebreak,002601,2025-12-25,S,S,A,C,S,S,A,19.06,18.19,17.37,0.82,,1,18.19,19.68,2026-01-05,0,1.7991,1,18.19,19.97,2026-01-12,0,2.1525,1,18.19,20.35,2026-02-02,0,2.6156
prebreak,002635,2025-12-25,S,S,A,C,S,S,A,13.7941,14.2,13.52,0.68,,0,0.0,0.0,,0,0.0,1,14.2,14.349,2026-01-12,0,0.2031,1,14.2,13.9526,2026-01-14,0,-0.3794
prebreak,002995,2025-12-25,S,S,A,C,S,S,A,16.41,16.83,16.04,0.79,,1,16.83,17.38,2026-01-05,0,0.6796,1,16.83,19.83,2026-01-12,0,3.7789,1,16.83,30.74,2026-02-11,1,17.5803
prebreak,300479,2025-12-25,S,S,A,C,S,S,A,18.87,19.21,18.18,1.03,,1,19.21,19.26,2026-01-05,0,0.0343,1,19.21,20.33,2026-01-12,0,1.0725,1,19.21,22.78,2026-01-16,1,3.4497
prebreak,300504,2025-12-25,S,S,A,C,S,S,A,15.15,14.76,14.0,0.76,,0,0.0,0.0,,0,0.0,0,0.0,0.0,,0,0.0,0,0.0,0.0,,0,0.0
prebreak,301587,2025-12-25,S,S,A,C,S,S,A,23.59,23.77,22.66,1.11,,1,23.77,23.55,2025-12-30,0,-0.2143,1,23.77,23.55,2025-12-30,0,-0.2143,1,23.77,23.55,2025-12-30,0,-0.2143
prebreak,600372,2025-12-25,S,S,A,C,S,S,A,13.2832,12.95,12.36,0.59,,0,0.0,0.0,,0,0.0,0,0.0,0.0,,0,0.0,0,0.0,0.0,,0,0.0
prebreak,601058,2025-12-25,S,S,A,C,S,S,A,15.9836,15.89,15.22,0.67,,0,0.0,0.0,,0,0.0,0,0.0,0.0,,0,0.0,0,0.0,0.0,,0,0.0
prebreak,603777,2025-12-25,S,S,A,C,S,S,A,14.21,13.9,13.2,0.7,,1,13.9,13.51,2025-12-30,0,-0.5719,1,13.9,13.51,2025-12-30,0,-0.5719,1,13.9,13.51,2025-12-30,0,-0.5719
prebreak,603886,2025-12-25,S,S,A,C,S,S,A,13.1716,12.29,11.78,0.51,,0,0.0,0.0,,0,0.0,0,0.0,0.0,,0,0.0,0,0.0,0.0,,0,0.0
prebreak,300817,2025-12-26,S,S,A,C,S,S,A,20.0854,19.49,18.6,0.89,,1,19.49,20.8006,2026-01-06,0,1.455,1,19.49,22.837,2026-01-13,0,3.7416,1,19.49,19.49,2026-03-03,1,-0.0166
prebreak,300838,2025-12-26,S,S,A,C,S,S,A,15.69,15.3,14.64,0.66,,0,0.0,0.0,,0,0.0,0,0.0,0.0,,0,0.0,0,0.0,0.0,,0,0.0
prebreak,301335,2025-12-26,S,S,A,C,S,S,A,29.094,29.07,27.79,1.28,,0,0.0,0.0,,0,0.0,0,0.0,0.0,,0,0.0,0,0.0,0.0,,0,0.0
prebreak,601021,2025-12-26,S,S,A,C,S,S,A,55.8134,56.32,54.27,2.05,,0,0.0,0.0,,0,0.0,0,0.0,0.0,,0,0.0,0,0.0,0.0,,0,0.0
prebreak,603198,2025-12-26,S,S,A,C,S,S,A,38.1295,39.08,37.61,1.47,,0,0.0,0.0,,0,0.0,0,0.0,0.0,,0,0.0,0,0.0,0.0,,0,0.0
prebreak,603638,2025-12-26,S,S,A,C,S,S,A,18.9183,19.2,18.21,0.99,,0,0.0,0.0,,0,0.0,0,0.0,0.0,,0,0.0,0,0.0,0.0,,0,0.0
prebreak,000801,2025-12-29,S,S,A,C,S,S,A,17.0793,16.65,16.05,0.6,,0,0.0,0.0,,0,0.0,0,0.0,0.0,,0,0.0,0,0.0,0.0,,0,0.0
prebreak,001319,2025-12-29,S,S,A,C,S,S,A,26.4713,26.01,24.84,1.17,,1,26.01,26.8357,2026-01-05,0,0.6884,1,26.01,26.8357,2026-01-05,0,0.6884,1,26.01,26.8357,2026-01-05,0,0.6884
prebreak,002698,2025-12-29,S,S,A,C,S,S,A,15.8824,16.68,16.08,0.6,,1,16.68,16.2745,2026-01-05,0,-0.6965,1,16.68,16.2745,2026-01-05,0,-0.6965,1,16.68,16.2745,2026-01-05,0,-0.6965
prebreak,003039,2025-12-29,S,S,A,C,S,S,A,14.3918,14.49,13.89,0.6,,1,14.49,16.3538,2026-01-07,0,3.0861,1,14.49,17.0602,2026-01-14,0,4.2626,1,14.49,16.76,2026-01-07,1,3.7626
prebreak,300052,2025-12-29,S,S,A,C,S,S,A,12.17,12.52,11.96,0.56,,0,0.0,0.0,,0,0.0,0,0.0,0.0,,0,0.0,0,0.0,0.0,,0,0.0
prebreak,300161,2025-12-29,S,S,A,C,S,S,A,28.7699,28.98,27.87,1.11,,1,28.98,30.1489,2026-01-07,0,1.0326,1,28.98,31.5579,2026-01-14,0,2.3011,1,28.98,30.57,2026-03-03,1,1.4117
prebreak,300174,2025-12-29,S,S,A,C,S,S,A,15.6732,15.93,15.17,0.76,,0,0.0,0.0,,0,0.0,1,15.93,16.1484,2026-01-14,0,0.2713,1,15.93,15.93,2026-02-02,1,-0.0159
prebreak,000301,2025-12-30,S,S,A,C,S,S,A,11.37,10.62,10.06,0.56,,0,0.0,0.0,,0,0.0,0,0.0,0.0,,0,0.0,0,0.0,0.0,,0,0.0
prebreak,002978,2025-12-30,S,S,A,C,S,S,A,32.277,32.64,31.07,1.57,,0,0.0,0.0,,0,0.0,0,0.0,0.0,,0,0.0,0,0.0,0.0,,0,0.0
prebreak,300075,2025-12-30,S,S,A,C,S,S,A,15.28,15.27,14.46,0.81,,1,15.27,15.5,2026-01-08,0,0.2694,1,15.27,17.19,2026-01-15,0,2.3545,1,15.27,15.27,2026-01-27,1,-0.0143
prebreak,300673,2025-12-30,S,S,A,C,S,S,A,17.5953,18.01,17.22,0.79,,0,0.0,0.0,,0,0.0,0,0.0,0.0,,0,0.0,0,0.0,0.0,,0,0.0
prebreak,603043,2025-12-30,S,S,A,C,S,S,A,16.9237,17.68,16.77,0.91,,0,0.0,0.0,,0,0.0,0,0.0,0.0,,0,0.0,0,0.0,0.0,,0,0.0
prebreak,603206,2025-12-30,S,S,A,C,S,S,A,16.8378,17.45,16.59,0.86,,0,0.0,0.0,,0,0.0,0,0.0,0.0,,0,0.0,0,0.0,0.0,,0,0.0
prebreak,688001,2025-12-30,S,S,A,C,S,S,A,30.4257,28.39,26.98,1.41,,0,0.0,0.0,,0,0.0,0,0.0,0.0,,0,0.0,0,0.0,0.0,,0,0.0
prebreak,000997,2025-12-31,S,S,A,C,S,S,A,27.9269,26.17,25.24,0.93,,1,26.17,27.6606,2026-01-09,0,1.5804,1,26.17,28.6763,2026-01-16,0,2.6719,1,26.17,29.36,2026-01-16,1,3.4066
prebreak,002655,2025-12-31,S,S,A,C,S,S,A,12.9109,13.17,12.56,0.61,,0,0.0,0.0,,0,0.0,0,0.0,0.0,,0,0.0,0,0.0,0.0,,0,0.0
prebreak,002675,2025-12-31,S,S,A,C,S,S,A,13.6576,13.89,13.2,0.69,,0,0.0,0.0,,0,0.0,0,0.0,0.0,,0,0.0,0,0.0,0.0,,0,0.0
prebreak,300244,2025-12-31,S,S,A,C,S,S,A,15.5603,15.78,15.04,0.74,,1,15.78,21.323,2026-01-09,0,7.4697,1,15.78,24.8081,2026-01-16,0,12.1763,1,15.78,26.6,2026-01-16,1,14.5962
prebreak,601058,2026-01-05,S,S,A,C,S,S,A,16.3088,16.63,15.83,0.8,,0,0.0,0.0,,0,0.0,0,0.0,0.0,,0,0.0,0,0.0,0.0,,0,0.0
prebreak,603897,2026-01-05,S,S,A,C,S,S,A,26.0869,26.88,25.85,1.03,,1,26.88,26.6419,2026-01-12,0,-0.2509,1,26.88,25.85,2026-01-14,1,-1.0192,1,26.88,25.85,2026-01-14,1,-1.0192
prebreak,002271,2026-01-06,S,S,A,C,S,S,A,14.24,14.01,13.26,0.75,,0,0.0,0.0,,0,0.0,0,0.0,0.0,,0,0.0,0,0.0,0.0,,0,0.0
prebreak,300298,2026-01-06,S,S,A,C,S,S,A,17.72,17.86,17.04,0.82,,0,0.0,0.0,,0,0.0,0,0.0,0.0,,0,0.0,0,0.0,0.0,,0,0.0
prebreak,300341,2026-01-06,S,S,A,C,S,S,A,16.9842,17.19,16.35,0.84,,1,17.19,18.1085,2026-01-13,0,1.0773,1,17.19,18.2677,2026-01-20,0,1.2667,1,17.19,17.19,2026-01-29,1,-0.0156
prebreak,300817,2026-01-06,S,S,A,C,S,S,A,20.8006,19.49,18.6,0.89,,0,0.0,0.0,,0,0.0,0,0.0,0.0,,0,0.0,0,0.0,0.0,,0,0.0
prebreak,600298,2026-01-06,S,S,A,C,S,S,A,43.469,44.18,41.99,2.19,,0,0.0,0.0,,0,0.0,0,0.0,0.0,,0,0.0,0,0.0,0.0,,0,0.0
prebreak,601021,2026-01-06,S,S,A,C,S,S,A,58.0084,56.32,54.27,2.05,,0,0.0,0.0,,0,0.0,0,0.0,0.0,,0,0.0,0,0.0,0.0,,0,0.0
prebreak,001319,2026-01-07,S,S,A,C,S,S,A,26.5796,27.32,26.11,1.21,,0,0.0,0.0,,0,0.0,1,27.32,30.2332,2026-01-21,0,2.389,1,27.32,28.37,2026-03-02,1,0.8501
prebreak,002889,2026-01-07,S,S,A,C,S,S,A,15.8082,15.97,15.19,0.78,,0,0.0,0.0,,0,0.0,0,0.0,0.0,,0,0.0,0,0.0,0.0,,0,0.0
prebreak,003039,2026-01-07,S,S,A,C,S,S,A,16.3538,14.49,13.89,0.6,,1,14.49,17.0602,2026-01-14,0,4.2626,1,14.49,17.4918,2026-01-21,0,4.9816,1,14.49,16.71,2026-01-15,1,3.6793
prebreak,300161,2026-01-07,S,S,A,C,S,S,A,30.1489,29.4,28.12,1.28,,1,29.4,31.5579,2026-01-14,0,1.6674,1,29.4,32.6372,2026-01-21,0,2.51,1,29.4,30.62,2026-03-03,1,0.9351
prebreak,600761,2026-01-07,S,S,A,C,S,S,A,21.5143,19.61,18.7,0.91,,0,0.0,0.0,,0,0.0,0,0.0,0.0,,0,0.0,0,0.0,0.0,,0,0.0
prebreak,603939,2026-01-07,S,S,A,C,S,S,A,21.7189,21.95,20.96,0.99,,1,21.95,22.326,2026-01-14,0,0.3627,1,21.95,21.6993,2026-01-21,0,-0.2699,1,21.95,22.14,2026-04-09,1,0.1749
prebreak,300075,2026-01-08,S,S,A,C,S,S,A,15.5,15.66,15.07,0.59,,1,15.66,17.19,2026-01-15,0,2.5714,1,15.66,16.08,2026-01-22,0,0.6912,1,15.66,15.66,2026-01-26,1,-0.0202
prebreak,002322,2026-01-09,S,S,A,C,S,S,A,12.295,12.04,11.5,0.54,,1,12.04,12.7622,2026-01-16,0,1.3197,1,12.04,13.249,2026-01-23,0,2.2205,1,12.04,14.03,2026-03-13,1,3.6659
prebreak,301376,2026-01-09,S,S,A,C,S,S,A,18.3978,18.52,17.67,0.85,,1,18.52,19.0605,2026-01-16,0,0.619,1,18.52,19.4958,2026-01-23,0,1.1307,1,18.52,18.52,2026-03-02,1,-0.0166
prebreak,600060,2026-01-09,S,S,A,C,S,S,A,23.4345,24.15,22.92,1.23,,1,24.15,22.92,2026-01-14,1,-1.0143,1,24.15,22.92,2026-01-14,1,-1.0143,1,24.15,22.92,2026-01-14,1,-1.0143
prebreak,603230,2026-01-09,S,S,A,C,S,S,A,12.7228,12.99,12.31,0.68,,0,0.0,0.0,,0,0.0,0,0.0,0.0,,0,0.0,0,0.0,0.0,,0,0.0
prebreak,603700,2026-01-09,S,S,A,C,S,S,A,13.3673,13.32,12.64,0.68,,0,0.0,0.0,,0,0.0,0,0.0,0.0,,0,0.0,0,0.0,0.0,,0,0.0
prebreak,688777,2026-01-09,S,S,A,C,S,S,A,53.4898,50.49,48.06,2.43,,1,50.49,64.1399,2026-01-16,0,5.5979,1,50.49,74.5906,2026-01-23,0,9.8959,1,50.49,64.63,2026-01-16,1,5.7995
prebreak,600000,2026-01-12,S,S,A,C,S,S,A,11.134,11.51,10.92,0.59,,0,0.0,0.0,,0,0.0,0,0.0,0.0,,0,0.0,0,0.0,0.0,,0,0.0
prebreak,600071,2026-01-12,S,S,A,C,S,S,A,22.78,21.85,20.85,1.0,,1,21.85,21.5,2026-01-15,0,-0.3664,1,21.85,21.5,2026-01-15,0,-0.3664,1,21.85,21.5,2026-01-15,0,-0.3664
prebreak,601058,2026-01-12,S,S,A,C,S,S,A,15.8062,16.66,15.85,0.81,,0,0.0,0.0,,0,0.0,0,0.0,0.0,,0,0.0,0,0.0,0.0,,0,0.0
prebreak,603777,2026-01-12,S,S,A,C,S,S,A,14.09,13.91,13.28,0.63,,0,0.0,0.0,,0,0.0,0,0.0,0.0,,0,0.0,0,0.0,0.0,,0,0.0
prebreak,002223,2026-01-14,S,S,A,C,S,S,A,44.4173,38.62,37.07,1.55,,1,38.62,40.2104,2026-01-21,0,1.0065,1,38.62,40.6017,2026-01-28,0,1.2588,1,38.62,38.62,2026-01-30,1,-0.0189
prebreak,002889,2026-01-14,S,S,A,C,S,S,A,15.3694,15.87,15.24,0.63,,0,0.0,0.0,,0,0.0,0,0.0,0.0,,0,0.0,0,0.0,0.0,,0,0.0
prebreak,300832,2026-01-14,S,S,A,C,S,S,A,57.4676,57.82,55.65,2.17,,0,0.0,0.0,,0,0.0,0,0.0,0.0,,0,0.0,0,0.0,0.0,,0,0.0
prebreak,601900,2026-01-14,S,S,A,C,S,S,A,15.7631,13.26,12.58,0.68,,1,13.26,14.7427,2026-01-21,0,2.1643,1,13.26,14.6378,2026-01-28,0,2.0101,1,13.26,13.71,2026-03-03,1,0.6465
prebreak,603170,2026-01-14,S,S,A,C,S,S,A,14.8973,14.43,13.8,0.63,,0,0.0,0.0,,0,0.0,0,0.0,0.0,,0,0.0,0,0.0,0.0,,0,0.0
prebreak,300075,2026-01-15,S,S,A,C,S,S,A,17.19,15.66,15.07,0.59,,1,15.66,16.04,2026-01-20,0,0.6235,1,15.66,16.04,2026-01-20,0,0.6235,1,15.66,16.04,2026-01-20,0,0.6235
prebreak,300306,2026-01-15,S,S,A,C,S,S,A,14.1931,13.68,13.03,0.65,,0,0.0,0.0,,0,0.0,0,0.0,0.0,,0,0.0,0,0.0,0.0,,0,0.0
prebreak,301078,2026-01-15,S,S,A,C,S,S,A,11.4431,10.96,10.39,0.57,,0,0.0,0.0,,0,0.0,0,0.0,0.0,,0,0.0,0,0.0,0.0,,0,0.0
prebreak,000948,2026-01-16,S,S,A,C,S,S,A,18.1638,17.28,16.64,0.64,,0,0.0,0.0,,0,0.0,0,0.0,0.0,,0,0.0,0,0.0,0.0,,0,0.0
prebreak,000997,2026-01-16,S,S,A,C,S,S,A,28.6763,28.04,26.87,1.17,,0,0.0,0.0,,0,0.0,0,0.0,0.0,,0,0.0,0,0.0,0.0,,0,0.0
prebreak,300146,2026-01-16,S,S,A,C,S,S,A,11.7163,12.18,11.65,0.53,,0,0.0,0.0,,0,0.0,0,0.0,0.0,,0,0.0,0,0.0,0.0,,0,0.0
prebreak,301376,2026-01-16,S,S,A,C,S,S,A,19.0605,18.52,17.67,0.85,,0,0.0,0.0,,0,0.0,0,0.0,0.0,,0,0.0,0,0.0,0.0,,0,0.0
prebreak,600060,2026-01-16,S,S,A,C,S,S,A,22.5858,24.15,22.92,1.23,,1,24.15,23.8685,2026-01-23,0,-0.2437,1,24.15,23.8685,2026-01-23,0,-0.2437,1,24.15,23.8685,2026-01-23,0,-0.2437
prebreak,603826,2026-01-16,S,S,A,C,S,S,A,13.3673,13.86,13.27,0.59,,0,0.0,0.0,,0,0.0,0,0.0,0.0,,0,0.0,1,13.86,20.7002,2026-04-02,0,11.5685
prebreak,300479,2026-01-19,S,S,A,C,S,S,A,21.35,19.57,18.86,0.71,,1,19.57,20.76,2026-01-22,0,1.6541,1,19.57,20.76,2026-01-22,0,1.6541,1,19.57,20.76,2026-01-22,0,1.6541
prebreak,600000,2026-01-19,S,S,A,C,S,S,A,10.6183,11.27,10.69,0.58,,0,0.0,0.0,,0,0.0,0,0.0,0.0,,0,0.0,0,0.0,0.0,,0,0.0
prebreak,600071,2026-01-19,S,S,A,C,S,S,A,21.63,21.85,20.85,1.0,,0,0.0,0.0,,0,0.0,0,0.0,0.0,,0,0.0,0,0.0,0.0,,0,0.0
prebreak,600938,2026-01-19,S,S,A,C,S,S,A,28.9329,28.61,27.19,1.42,,0,0.0,0.0,,0,0.0,0,0.0,0.0,,0,0.0,0,0.0,0.0,,0,0.0
prebreak,603777,2026-01-19,S,S,A,C,S,S,A,13.42,14.21,13.54,0.67,,0,0.0,0.0,,0,0.0,0,0.0,0.0,,0,0.0,0,0.0,0.0,,0,0.0
prebreak,000729,2026-01-20,S,S,A,C,S,S,A,12.3005,12.0,11.48,0.52,,0,0.0,0.0,,0,0.0,0,0.0,0.0,,0,0.0,0,0.0,0.0,,0,0.0
prebreak,002597,2026-01-20,S,S,A,C,S,S,A,22.3409,21.4,20.57,0.83,,0,0.0,0.0,,0,0.0,0,0.0,0.0,,0,0.0,0,0.0,0.0,,0,0.0
prebreak,002955,2026-01-20,S,S,A,C,S,S,A,27.99,30.73,29.14,1.59,,0,0.0,0.0,,0,0.0,0,0.0,0.0,,0,0.0,0,0.0,0.0,,0,0.0
prebreak,300298,2026-01-20,S,S,A,C,S,S,A,18.57,17.86,17.04,0.82,,0,0.0,0.0,,0,0.0,0,0.0,0.0,,0,0.0,0,0.0,0.0,,0,0.0
prebreak,300341,2026-01-20,S,S,A,C,S,S,A,18.2677,17.19,16.35,0.84,,0,0.0,0.0,,0,0.0,0,0.0,0.0,,0,0.0,0,0.0,0.0,,0,0.0
prebreak,688253,2026-01-20,S,S,A,C,S,S,A,34.5687,31.18,29.72,1.46,,0,0.0,0.0,,0,0.0,0,0.0,0.0,,0,0.0,0,0.0,0.0,,0,0.0
prebreak,002223,2026-01-21,S,S,A,C,S,S,A,40.2104,38.62,37.07,1.55,,0,0.0,0.0,,0,0.0,0,0.0,0.0,,0,0.0,0,0.0,0.0,,0,0.0
prebreak,002831,2026-01-21,S,S,A,C,S,S,A,18.9448,19.76,18.82,0.94,,1,19.76,19.9309,2026-01-28,0,0.1657,1,19.76,20.9869,2026-02-04,0,1.2884,1,19.76,23.8192,2026-03-11,0,4.2996
prebreak,300832,2026-01-21,S,S,A,C,S,S,A,55.3814,57.7,55.13,2.57,,0,0.0,0.0,,0,0.0,0,0.0,0.0,,0,0.0,0,0.0,0.0,,0,0.0
prebreak,600989,2026-01-21,S,S,A,C,S,S,A,21.3477,18.72,17.82,0.9,,0,0.0,0.0,,0,0.0,0,0.0,0.0,,0,0.0,0,0.0,0.0,,0,0.0
prebreak,601900,2026-01-21,S,S,A,C,S,S,A,14.7427,13.26,12.58,0.68,,0,0.0,0.0,,0,0.0,0,0.0,0.0,,0,0.0,0,0.0,0.0,,0,0.0
prebreak,603390,2026-01-21,S,S,A,C,S,S,A,13.4673,13.72,13.04,0.68,,0,0.0,0.0,,0,0.0,0,0.0,0.0,,0,0.0,0,0.0,0.0,,0,0.0
prebreak,603602,2026-01-21,S,S,A,C,S,S,A,16.28,15.02,14.48,0.54,,0,0.0,0.0,,0,0.0,0,0.0,0.0,,0,0.0,0,0.0,0.0,,0,0.0
prebreak,605296,2026-01-21,S,S,A,C,S,S,A,28.4,29.1,28.03,1.07,,0,0.0,0.0,,0,0.0,1,29.1,28.03,2026-02-02,1,-1.02,1,29.1,28.03,2026-02-02,1,-1.02
prebreak,300075,2026-01-22,S,S,A,C,S,S,A,16.08,15.66,15.07,0.59,,0,0.0,0.0,,0,0.0,0,0.0,0.0,,0,0.0,0,0.0,0.0,,0,0.0
prebreak,300306,2026-01-22,S,S,A,C,S,S,A,14.6143,13.68,13.03,0.65,,0,0.0,0.0,,0,0.0,0,0.0,0.0,,0,0.0,0,0.0,0.0,,0,0.0
prebreak,000948,2026-01-23,S,S,A,C,S,S,A,17.8247,18.33,17.43,0.9,,0,0.0,0.0,,0,0.0,0,0.0,0.0,,0,0.0,0,0.0,0.0,,0,0.0
prebreak,002139,2026-01-23,S,S,A,C,S,S,A,14.3184,14.59,14.01,0.58,,0,0.0,0.0,,0,0.0,0,0.0,0.0,,0,0.0,0,0.0,0.0,,0,0.0
prebreak,300565,2026-01-23,S,S,A,C,S,S,A,13.14,13.12,12.43,0.69,,0,0.0,0.0,,0,0.0,0,0.0,0.0,,0,0.0,0,0.0,0.0,,0,0.0
prebreak,300968,2026-01-23,S,S,A,C,S,S,A,15.3,15.41,14.67,0.74,,0,0.0,0.0,,0,0.0,0,0.0,0.0,,0,0.0,0,0.0,0.0,,0,0.0
prebreak,301223,2026-01-23,S,S,A,C,S,S,A,19.7834,18.8,18.1,0.7,,0,0.0,0.0,,0,0.0,0,0.0,0.0,,0,0.0,0,0.0,0.0,,0,0.0
prebreak,301376,2026-01-23,S,S,A,C,S,S,A,19.4958,19.8,18.76,1.04,,0,0.0,0.0,,0,0.0,0,0.0,0.0,,0,0.0,0,0.0,0.0,,0,0.0
prebreak,600060,2026-01-23,S,S,A,C,S,S,A,23.8685,23.53,22.42,1.11,,0,0.0,0.0,,0,0.0,0,0.0,0.0,,0,0.0,0,0.0,0.0,,0,0.0
prebreak,600859,2026-01-23,S,S,A,C,S,S,A,15.9,16.3,15.45,0.85,,0,0.0,0.0,,0,0.0,0,0.0,0.0,,0,0.0,0,0.0,0.0,,0,0.0
prebreak,603826,2026-01-23,S,S,A,C,S,S,A,13.4284,13.86,13.27,0.59,,0,0.0,0.0,,0,0.0,1,13.86,14.895,2026-02-06,0,1.7353,1,13.86,20.7002,2026-04-02,0,11.5685
prebreak,300479,2026-01-26,S,S,A,C,S,S,A,20.71,19.57,18.86,0.71,,0,0.0,0.0,,0,0.0,0,0.0,0.0,,0,0.0,0,0.0,0.0,,0,0.0
prebreak,600000,2026-01-26,S,S,A,C,S,S,A,9.8831,11.27,10.69,0.58,,0,0.0,0.0,,0,0.0,0,0.0,0.0,,0,0.0,0,0.0,0.0,,0,0.0
prebreak,600071,2026-01-26,S,S,A,C,S,S,A,21.8,22.48,21.39,1.09,,1,22.48,21.74,2026-01-29,0,-0.6941,1,22.48,21.74,2026-01-29,0,-0.6941,1,22.48,21.74,2026-01-29,0,-0.6941
prebreak,600938,2026-01-26,S,S,A,C,S,S,A,32.9244,30.13,28.56,1.57,,0,0.0,0.0,,0,0.0,0,0.0,0.0,,0,0.0,0,0.0,0.0,,0,0.0
prebreak,603777,2026-01-26,S,S,A,C,S,S,A,13.38,13.61,12.95,0.66,,0,0.0,0.0,,0,0.0,0,0.0,0.0,,0,0.0,0,0.0,0.0,,0,0.0
prebreak,000729,2026-01-27,S,S,A,C,S,S,A,11.8678,12.0,11.48,0.52,,0,0.0,0.0,,0,0.0,0,0.0,0.0,,0,0.0,0,0.0,0.0,,0,0.0
prebreak,300341,2026-01-27,S,S,A,C,S,S,A,17.8697,17.19,16.35,0.84,,0,0.0,0.0,,0,0.0,0,0.0,0.0,,0,0.0,0,0.0,0.0,,0,0.0
prebreak,300529,2026-01-27,S,S,A,C,S,S,A,20.1082,20.15,19.32,0.83,,0,0.0,0.0,,0,0.0,0,0.0,0.0,,0,0.0,0,0.0,0.0,,0,0.0
prebreak,600129,2026-01-27,S,S,A,C,S,S,A,18.03,18.88,17.92,0.96,,0,0.0,0.0,,0,0.0,1,18.88,17.95,2026-02-10,0,-0.9831,1,18.88,17.95,2026-02-10,0,-0.9831
prebreak,603600,2026-01-27,S,S,A,C,S,S,A,11.5262,11.93,11.42,0.51,,0,0.0,0.0,,0,0.0,0,0.0,0.0,,0,0.0,0,0.0,0.0,,0,0.0
prebreak,002416,2026-01-28,S,S,A,C,S,S,A,12.7311,12.16,11.55,0.61,,0,0.0,0.0,,0,0.0,0,0.0,0.0,,0,0.0,0,0.0,0.0,,0,0.0
prebreak,002831,2026-01-28,S,S,A,C,S,S,A,19.9309,19.59,18.69,0.9,,0,0.0,0.0,,0,0.0,0,0.0,0.0,,0,0.0,0,0.0,0.0,,0,0.0
prebreak,300597,2026-01-28,S,S,A,C,S,S,A,9.82,10.29,9.79,0.5,,0,0.0,0.0,,0,0.0,0,0.0,0.0,,0,0.0,0,0.0,0.0,,0,0.0
prebreak,603602,2026-01-28,S,S,A,C,S,S,A,15.39,15.02,14.48,0.54,,0,0.0,0.0,,0,0.0,0,0.0,0.0,,0,0.0,0,0.0,0.0,,0,0.0
prebreak,605296,2026-01-28,S,S,A,C,S,S,A,27.54,28.8,27.44,1.36,,1,28.8,28.09,2026-02-03,0,-0.5378,1,28.8,28.09,2026-02-03,0,-0.5378,1,28.8,28.09,2026-02-03,0,-0.5378
prebreak,688298,2026-01-28,S,S,A,C,S,S,A,25.81,25.45,24.45,1.0,,0,0.0,0.0,,0,0.0,0,0.0,0.0,,0,0.0,0,0.0,0.0,,0,0.0
prebreak,300075,2026-01-29,S,S,A,C,S,S,A,15.35,15.66,15.07,0.59,,0,0.0,0.0,,0,0.0,0,0.0,0.0,,0,0.0,0,0.0,0.0,,0,0.0
prebreak,603206,2026-01-29,S,S,A,C,S,S,A,16.9473,18.07,17.26,0.81,,0,0.0,0.0,,0,0.0,0,0.0,0.0,,0,0.0,0,0.0,0.0,,0,0.0
prebreak,605555,2026-01-29,S,S,A,C,S,S,A,17.8163,19.06,18.08,0.98,,0,0.0,0.0,,0,0.0,1,19.06,18.2875,2026-02-12,0,-0.8026,1,19.06,18.2875,2026-02-12,0,-0.8026
prebreak,688522,2026-01-29,S,S,A,C,S,S,A,29.2421,29.28,27.88,1.4,,0,0.0,0.0,,0,0.0,0,0.0,0.0,,0,0.0,0,0.0,0.0,,0,0.0
prebreak,000099,2026-01-30,S,S,A,C,S,S,A,19.7051,21.52,20.68,0.84,,0,0.0,0.0,,0,0.0,0,0.0,0.0,,0,0.0,1,21.52,21.1268,2026-03-10,0,-0.4873
prebreak,000948,2026-01-30,S,S,A,C,S,S,A,16.8472,18.33,17.43,0.9,,0,0.0,0.0,,0,0.0,0,0.0,0.0,,0,0.0,0,0.0,0.0,,0,0.0
prebreak,002152,2026-01-30,S,S,A,C,S,S,A,12.6541,13.62,12.9,0.72,,0,0.0,0.0,,0,0.0,0,0.0,0.0,,0,0.0,0,0.0,0.0,,0,0.0
prebreak,002439,2026-01-30,S,S,A,C,S,S,A,14.19,15.23,14.47,0.76,,0,0.0,0.0,,0,0.0,0,0.0,0.0,,0,0.0,0,0.0,0.0,,0,0.0
prebreak,002845,2026-01-30,S,S,A,C,S,S,A,14.5488,14.87,14.26,0.61,,0,0.0,0.0,,0,0.0,0,0.0,0.0,,0,0.0,0,0.0,0.0,,0,0.0
prebreak,300251,2026-01-30,S,S,A,C,S,S,A,19.332,17.4,16.62,0.78,,1,17.4,20.2215,2026-02-06,0,3.5981,1,17.4,26.9028,2026-02-13,0,12.1584,1,17.4,25.16,2026-02-12,1,9.9255
prebreak,300417,2026-01-30,S,S,A,C,S,S,A,13.1504,13.99,13.26,0.73,,1,13.99,13.7274,2026-02-04,0,-0.3741,1,13.99,13.7274,2026-02-04,0,-0.3741,1,13.99,13.7274,2026-02-04,0,-0.3741
prebreak,300565,2026-01-30,S,S,A,C,S,S,A,12.56,13.12,12.43,0.69,,0,0.0,0.0,,0,0.0,0,0.0,0.0,,0,0.0,0,0.0,0.0,,0,0.0
prebreak,300968,2026-01-30,S,S,A,C,S,S,A,14.15,15.41,14.67,0.74,,0,0.0,0.0,,0,0.0,0,0.0,0.0,,0,0.0,0,0.0,0.0,,0,0.0
prebreak,600060,2026-01-30,S,S,A,C,S,S,A,23.9746,24.32,23.05,1.27,,1,24.32,23.4152,2026-02-06,0,-0.7265,1,24.32,23.4924,2026-02-09,0,-0.6658,1,24.32,23.4924,2026-02-09,0,-0.6658
prebreak,600178,2026-01-30,S,S,A,C,S,S,A,12.2944,13.28,12.69,0.59,,0,0.0,0.0,,0,0.0,0,0.0,0.0,,0,0.0,0,0.0,0.0,,0,0.0
prebreak,600859,2026-01-30,S,S,A,C,S,S,A,14.5,16.3,15.45,0.85,,0,0.0,0.0,,0,0.0,0,0.0,0.0,,0,0.0,0,0.0,0.0,,0,0.0
prebreak,688475,2026-01-30,S,S,A,C,S,S,A,30.182,32.08,30.5,1.58,,0,0.0,0.0,,0,0.0,0,0.0,0.0,,0,0.0,0,0.0,0.0,,0,0.0
prebreak,002045,2026-02-03,S,S,A,C,S,S,A,13.7479,15.18,14.51,0.67,,0,0.0,0.0,,0,0.0,0,0.0,0.0,,0,0.0,0,0.0,0.0,,0,0.0
prebreak,002085,2026-02-03,S,S,A,C,S,S,A,15.8691,16.93,16.03,0.9,,0,0.0,0.0,,0,0.0,0,0.0,0.0,,0,0.0,0,0.0,0.0,,0,0.0
prebreak,002605,2026-02-03,S,S,A,C,S,S,A,25.1412,23.67,22.45,1.22,,0,0.0,0.0,,0,0.0,0,0.0,0.0,,0,0.0,0,0.0,0.0,,0,0.0
prebreak,300341,2026-02-03,S,S,A,C,S,S,A,17.0837,18.61,17.67,0.94,,0,0.0,0.0,,0,0.0,0,0.0,0.0,,0,0.0,0,0.0,0.0,,0,0.0
prebreak,300525,2026-02-03,S,S,A,C,S,S,A,13.3268,14.41,13.73,0.68,,0,0.0,0.0,,0,0.0,0,0.0,0.0,,0,0.0,0,0.0,0.0,,0,0.0
prebreak,300529,2026-02-03,S,S,A,C,S,S,A,19.9042,20.18,19.32,0.86,,0,0.0,0.0,,0,0.0,0,0.0,0.0,,0,0.0,0,0.0,0.0,,0,0.0
prebreak,300541,2026-02-03,S,S,A,C,S,S,A,16.3001,15.65,15.09,0.56,,0,0.0,0.0,,0,0.0,0,0.0,0.0,,0,0.0,0,0.0,0.0,,0,0.0
prebreak,300628,2026-02-03,S,S,A,C,S,S,A,37.2066,36.33,34.51,1.82,,0,0.0,0.0,,0,0.0,0,0.0,0.0,,0,0.0,0,0.0,0.0,,0,0.0
prebreak,300691,2026-02-03,S,S,A,C,S,S,A,17.29,18.23,17.36,0.87,,0,0.0,0.0,,0,0.0,0,0.0,0.0,,0,0.0,0,0.0,0.0,,0,0.0
prebreak,301297,2026-02-03,S,S,A,C,S,S,A,39.9006,40.24,38.2,2.04,,0,0.0,0.0,,0,0.0,0,0.0,0.0,,0,0.0,0,0.0,0.0,,0,0.0
prebreak,600088,2026-02-03,S,S,A,C,S,S,A,18.1442,17.52,16.78,0.74,,0,0.0,0.0,,0,0.0,0,0.0,0.0,,0,0.0,0,0.0,0.0,,0,0.0
prebreak,600129,2026-02-03,S,S,A,C,S,S,A,17.81,18.22,17.38,0.84,,0,0.0,0.0,,0,0.0,0,0.0,0.0,,0,0.0,0,0.0,0.0,,0,0.0
prebreak,600926,2026-02-03,S,S,A,C,S,S,A,15.5751,16.05,15.29,0.76,,0,0.0,0.0,,0,0.0,0,0.0,0.0,,0,0.0,0,0.0,0.0,,0,0.0
prebreak,688050,2026-02-03,S,S,A,C,S,S,A,59.3916,61.11,58.85,2.26,,0,0.0,0.0,,0,0.0,0,0.0,0.0,,0,0.0,1,61.11,59.213,2026-03-02,0,-0.8594
prebreak,000786,2026-02-04,S,S,A,C,S,S,A,28.5884,25.18,24.28,0.9,,0,0.0,0.0,,0,0.0,0,0.0,0.0,,0,0.0,0,0.0,0.0,,0,0.0
prebreak,000829,2026-02-04,S,S,A,C,S,S,A,10.35,10.6,10.08,0.52,,0,0.0,0.0,,0,0.0,0,0.0,0.0,,0,0.0,0,0.0,0.0,,0,0.0
prebreak,002416,2026-02-04,S,S,A,C,S,S,A,12.4057,12.57,12.0,0.57,,1,12.57,12.98,2026-02-11,0,0.7021,1,12.57,13.6788,2026-02-26,0,1.9273,1,12.57,12.57,2026-03-09,1,-0.0168
prebreak,002831,2026-02-04,S,S,A,C,S,S,A,20.9869,19.59,18.69,0.9,,0,0.0,0.0,,0,0.0,0,0.0,0.0,,0,0.0,0,0.0,0.0,,0,0.0
prebreak,300597,2026-02-04,S,S,A,C,S,S,A,9.96,10.05,9.54,0.51,,0,0.0,0.0,,0,0.0,0,0.0,0.0,,0,0.0,0,0.0,0.0,,0,0.0
prebreak,300783,2026-02-04,S,S,A,C,S,S,A,23.9379,24.49,23.29,1.2,,0,0.0,0.0,,0,0.0,0,0.0,0.0,,0,0.0,0,0.0,0.0,,0,0.0
prebreak,600038,2026-02-04,S,S,A,C,S,S,A,37.5754,38.47,36.85,1.62,,0,0.0,0.0,,0,0.0,0,0.0,0.0,,0,0.0,0,0.0,0.0,,0,0.0
prebreak,603281,2026-02-04,S,S,A,C,S,S,A,22.169,21.69,20.71,0.98,,0,0.0,0.0,,0,0.0,0,0.0,0.0,,0,0.0,0,0.0,0.0,,0,0.0
prebreak,603602,2026-02-04,S,S,A,C,S,S,A,14.07,15.02,14.48,0.54,,0,0.0,0.0,,0,0.0,0,0.0,0.0,,0,0.0,0,0.0,0.0,,0,0.0
prebreak,605089,2026-02-04,S,S,A,C,S,S,A,28.6577,26.48,25.2,1.28,,0,0.0,0.0,,0,0.0,0,0.0,0.0,,0,0.0,0,0.0,0.0,,0,0.0
prebreak,000532,2026-02-05,S,S,A,C,S,S,A,15.8763,16.05,15.38,0.67,,0,0.0,0.0,,0,0.0,0,0.0,0.0,,0,0.0,0,0.0,0.0,,0,0.0
prebreak,002299,2026-02-05,S,S,A,C,S,S,A,17.0338,16.98,16.13,0.85,,1,16.98,17.9828,2026-02-12,0,1.1639,1,16.98,19.0802,2026-02-27,0,2.4541,1,16.98,16.98,2026-03-23,1,-0.0152
prebreak,002649,2026-02-05,S,S,A,C,S,S,A,13.2428,14.36,13.7,0.66,,0,0.0,0.0,,0,0.0,0,0.0,0.0,,0,0.0,0,0.0,0.0,,0,0.0
prebreak,002867,2026-02-05,S,S,A,C,S,S,A,12.118,12.12,11.55,0.57,,0,0.0,0.0,,0,0.0,0,0.0,0.0,,0,0.0,0,0.0,0.0,,0,0.0
prebreak,300075,2026-02-05,S,S,A,C,S,S,A,14.82,15.25,14.5,0.75,,0,0.0,0.0,,0,0.0,0,0.0,0.0,,0,0.0,0,0.0,0.0,,0,0.0
prebreak,300590,2026-02-05,S,S,A,C,S,S,A,12.2826,12.61,12.08,0.53,,0,0.0,0.0,,0,0.0,0,0.0,0.0,,0,0.0,0,0.0,0.0,,0,0.0
prebreak,301101,2026-02-05,S,S,A,C,S,S,A,39.7032,44.98,42.73,2.25,,0,0.0,0.0,,0,0.0,0,0.0,0.0,,0,0.0,0,0.0,0.0,,0,0.0
prebreak,301301,2026-02-05,S,S,A,C,S,S,A,10.7066,11.31,10.73,0.58,,0,0.0,0.0,,0,0.0,0,0.0,0.0,,0,0.0,0,0.0,0.0,,0,0.0
prebreak,600171,2026-02-05,S,S,A,C,S,S,A,31.0635,33.27,31.77,1.5,,0,0.0,0.0,,0,0.0,0,0.0,0.0,,0,0.0,0,0.0,0.0,,0,0.0
prebreak,600739,2026-02-05,S,S,A,C,S,S,A,11.8837,12.47,11.94,0.53,,0,0.0,0.0,,0,0.0,0,0.0,0.0,,0,0.0,0,0.0,0.0,,0,0.0
prebreak,601088,2026-02-05,S,S,A,C,S,S,A,40.8344,40.37,38.8,1.57,,0,0.0,0.0,,0,0.0,0,0.0,0.0,,0,0.0,0,0.0,0.0,,0,0.0
prebreak,601225,2026-02-05,S,S,A,C,S,S,A,21.1033,21.32,20.34,0.98,,0,0.0,0.0,,0,0.0,0,0.0,0.0,,0,0.0,0,0.0,0.0,,0,0.0
prebreak,603042,2026-02-05,S,S,A,C,S,S,A,14.3593,14.17,13.44,0.73,,1,14.17,14.759,2026-02-12,0,0.7916,1,14.17,15.005,2026-02-27,0,1.1284,1,14.17,14.17,2026-03-09,1,-0.0148
prebreak,603317,2026-02-05,S,S,A,C,S,S,A,14.0201,12.62,12.05,0.57,,1,12.62,13.4017,2026-02-10,0,1.3537,1,12.62,13.4017,2026-02-10,0,1.3537,1,12.62,13.4017,2026-02-10,0,1.3537
prebreak,603927,2026-02-05,S,S,A,C,S,S,A,18.8195,20.44,19.47,0.97,,0,0.0,0.0,,0,0.0,0,0.0,0.0,,0,0.0,0,0.0,0.0,,0,0.0
prebreak,603985,2026-02-05,S,S,A,C,S,S,A,15.143,17.11,16.26,0.85,,1,17.11,17.5471,2026-02-12,0,0.4986,1,17.11,17.986,2026-02-27,0,1.0146,1,17.11,17.11,2026-03-03,1,-0.0153
prebreak,605098,2026-02-05,S,S,A,C,S,S,A,45.275,42.69,40.71,1.98,,0,0.0,0.0,,0,0.0,0,0.0,0.0,,0,0.0,0,0.0,0.0,,0,0.0
prebreak,002415,2026-02-06,S,S,A,C,S,S,A,31.9066,31.79,30.42,1.37,,0,0.0,0.0,,0,0.0,0,0.0,0.0,,0,0.0,0,0.0,0.0,,0,0.0
prebreak,002845,2026-02-06,S,S,A,C,S,S,A,14.509,14.84,14.17,0.67,,0,0.0,0.0,,0,0.0,0,0.0,0.0,,0,0.0,0,0.0,0.0,,0,0.0
prebreak,300146,2026-02-06,S,S,A,C,S,S,A,11.8123,12.01,11.41,0.6,,0,0.0,0.0,,0,0.0,0,0.0,0.0,,0,0.0,0,0.0,0.0,,0,0.0
prebreak,300251,2026-02-06,S,S,A,C,S,S,A,20.2215,17.4,16.62,0.78,,1,17.4,26.9028,2026-02-13,0,12.1584,1,17.4,18.4821,2026-03-02,0,1.3694,1,17.4,25.16,2026-02-12,1,9.9255
prebreak,300565,2026-02-06,S,S,A,C,S,S,A,12.45,12.8,12.26,0.54,,0,0.0,0.0,,0,0.0,0,0.0,0.0,,0,0.0,0,0.0,0.0,,0,0.0
prebreak,300566,2026-02-06,S,S,A,C,S,S,A,20.0404,20.04,19.22,0.82,,0,0.0,0.0,,0,0.0,0,0.0,0.0,,0,0.0,0,0.0,0.0,,0,0.0
prebreak,300968,2026-02-06,S,S,A,C,S,S,A,13.71,14.18,13.55,0.63,,0,0.0,0.0,,0,0.0,0,0.0,0.0,,0,0.0,0,0.0,0.0,,0,0.0
prebreak,600060,2026-02-06,S,S,A,C,S,S,A,23.4152,24.32,23.05,1.27,,0,0.0,0.0,,0,0.0,0,0.0,0.0,,0,0.0,0,0.0,0.0,,0,0.0
prebreak,603082,2026-02-06,S,S,A,C,S,S,A,37.0281,37.94,36.41,1.53,,1,37.94,38.1926,2026-02-13,0,0.1461,1,37.94,38.1926,2026-02-13,0,0.1461,1,37.94,38.1926,2026-02-13,0,0.1461
prebreak,603826,2026-02-06,S,S,A,C,S,S,A,14.895,13.86,13.27,0.59,,1,13.86,14.0548,2026-02-13,0,0.3121,1,13.86,15.804,2026-03-02,0,3.275,1,13.86,20.7002,2026-04-02,0,11.5685
prebreak,002933,2026-02-09,S,S,A,C,S,S,A,35.8649,36.5,34.82,1.68,,1,36.5,37.104,2026-02-24,0,0.3428,1,36.5,36.8941,2026-02-25,0,0.2179,1,36.5,36.8941,2026-02-25,0,0.2179
prebreak,600188,2026-02-09,S,S,A,C,S,S,A,15.6604,14.23,13.51,0.72,,0,0.0,0.0,,0,0.0,0,0.0,0.0,,0,0.0,0,0.0,0.0,,0,0.0
prebreak,600520,2026-02-09,S,S,A,C,S,S,A,28.36,28.01,26.6,1.41,,0,0.0,0.0,,0,0.0,0,0.0,0.0,,0,0.0,0,0.0,0.0,,0,0.0
prebreak,603029,2026-02-09,S,S,A,C,S,S,A,20.2265,20.32,19.29,1.03,,0,0.0,0.0,,0,0.0,0,0.0,0.0,,0,0.0,0,0.0,0.0,,0,0.0
prebreak,603125,2026-02-09,S,S,A,C,S,S,A,17.9314,19.1,18.1,1.0,,1,19.1,20.2677,2026-02-24,0,1.1525,1,19.1,18.3009,2026-03-03,0,-0.8132,1,19.1,19.1,2026-03-03,1,-0.0145
prebreak,603218,2026-02-09,S,S,A,C,S,S,A,13.339,13.39,12.83,0.56,,0,0.0,0.0,,0,0.0,0,0.0,0.0,,0,0.0,0,0.0,0.0,,0,0.0
prebreak,603777,2026-02-09,S,S,A,C,S,S,A,13.55,14.0,13.27,0.73,,0,0.0,0.0,,0,0.0,0,0.0,0.0,,0,0.0,0,0.0,0.0,,0,0.0
prebreak,603897,2026-02-09,S,S,A,C,S,S,A,26.0966,26.28,25.02,1.26,,0,0.0,0.0,,0,0.0,0,0.0,0.0,,0,0.0,0,0.0,0.0,,0,0.0
prebreak,000050,2026-02-10,S,S,A,C,S,S,A,9.7,10.67,10.12,0.55,,0,0.0,0.0,,0,0.0,0,0.0,0.0,,0,0.0,0,0.0,0.0,,0,0.0
prebreak,000729,2026-02-10,S,S,A,C,S,S,A,12.6249,12.34,11.73,0.61,,0,0.0,0.0,,0,0.0,0,0.0,0.0,,0,0.0,0,0.0,0.0,,0,0.0
prebreak,300691,2026-02-10,S,S,A,C,S,S,A,17.59,17.76,16.95,0.81,,1,17.76,17.9,2026-02-25,0,0.1561,1,17.76,17.9,2026-02-25,0,0.1561,1,17.76,17.9,2026-02-25,0,0.1561
prebreak,301559,2026-02-10,S,S,A,C,S,S,A,17.5993,18.17,17.23,0.94,,0,0.0,0.0,,0,0.0,0,0.0,0.0,,0,0.0,0,0.0,0.0,,0,0.0
prebreak,600129,2026-02-10,S,S,A,C,S,S,A,17.95,18.42,17.46,0.96,,0,0.0,0.0,,0,0.0,0,0.0,0.0,,0,0.0,0,0.0,0.0,,0,0.0
prebreak,600546,2026-02-10,S,S,A,C,S,S,A,10.9141,10.4,9.86,0.54,,0,0.0,0.0,,0,0.0,0,0.0,0.0,,0,0.0,0,0.0,0.0,,0,0.0
prebreak,600694,2026-02-10,S,S,A,C,S,S,A,15.5721,16.0,15.3,0.7,,0,0.0,0.0,,0,0.0,0,0.0,0.0,,0,0.0,0,0.0,0.0,,0,0.0
prebreak,600926,2026-02-10,S,S,A,C,S,S,A,16.1257,16.05,15.46,0.59,,0,0.0,0.0,,0,0.0,0,0.0,0.0,,0,0.0,0,0.0,0.0,,0,0.0
prebreak,603004,2026-02-10,S,S,A,C,S,S,A,24.617,24.4,23.12,1.28,,0,0.0,0.0,,0,0.0,0,0.0,0.0,,0,0.0,0,0.0,0.0,,0,0.0
prebreak,605258,2026-02-10,S,S,A,C,S,S,A,33.4113,33.91,32.22,1.69,,0,0.0,0.0,,0,0.0,0,0.0,0.0,,0,0.0,0,0.0,0.0,,0,0.0
prebreak,000786,2026-02-11,S,S,A,C,S,S,A,27.8435,25.18,24.28,0.9,,0,0.0,0.0,,0,0.0,0,0.0,0.0,,0,0.0,0,0.0,0.0,,0,0.0
prebreak,001319,2026-02-11,S,S,A,C,S,S,A,30.0855,27.27,26.05,1.22,,0,0.0,0.0,,0,0.0,0,0.0,0.0,,0,0.0,0,0.0,0.0,,0,0.0
prebreak,002568,2026-02-11,S,S,A,C,S,S,A,20.4295,22.14,21.15,0.99,,0,0.0,0.0,,0,0.0,0,0.0,0.0,,0,0.0,0,0.0,0.0,,0,0.0
prebreak,002727,2026-02-11,S,S,A,C,S,S,A,13.6258,14.06,13.43,0.63,,0,0.0,0.0,,0,0.0,0,0.0,0.0,,0,0.0,0,0.0,0.0,,0,0.0
prebreak,002831,2026-02-11,S,S,A,C,S,S,A,21.889,19.59,18.69,0.9,,0,0.0,0.0,,0,0.0,0,0.0,0.0,,0,0.0,0,0.0,0.0,,0,0.0
prebreak,300100,2026-02-11,S,S,A,C,S,S,A,35.2013,35.99,34.34,1.65,,1,35.99,36.2876,2026-02-26,0,0.1637,1,35.99,34.34,2026-03-03,1,-1.0159,1,35.99,34.34,2026-03-03,1,-1.0159
prebreak,300783,2026-02-11,S,S,A,C,S,S,A,23.1632,24.73,23.44,1.29,,0,0.0,0.0,,0,0.0,0,0.0,0.0,,0,0.0,0,0.0,0.0,,0,0.0
prebreak,300898,2026-02-11,S,S,A,C,S,S,A,27.5497,28.89,27.51,1.38,,0,0.0,0.0,,0,0.0,0,0.0,0.0,,0,0.0,0,0.0,0.0,,0,0.0
prebreak,600038,2026-02-11,S,S,A,C,S,S,A,37.2781,38.07,36.33,1.74,,0,0.0,0.0,,0,0.0,0,0.0,0.0,,0,0.0,0,0.0,0.0,,0,0.0
prebreak,600323,2026-02-11,S,S,A,C,S,S,A,28.3863,29.19,27.93,1.26,,0,0.0,0.0,,0,0.0,0,0.0,0.0,,0,0.0,0,0.0,0.0,,0,0.0
prebreak,603233,2026-02-11,S,S,A,C,S,S,A,18.7932,19.64,18.67,0.97,,0,0.0,0.0,,0,0.0,0,0.0,0.0,,0,0.0,0,0.0,0.0,,0,0.0
prebreak,603281,2026-02-11,S,S,A,C,S,S,A,22.8376,21.69,20.71,0.98,,0,0.0,0.0,,0,0.0,0,0.0,0.0,,0,0.0,0,0.0,0.0,,0,0.0
prebreak,000708,2026-02-12,S,S,A,C,S,S,A,15.4152,15.85,15.08,0.77,,0,0.0,0.0,,0,0.0,0,0.0,0.0,,0,0.0,0,0.0,0.0,,0,0.0
prebreak,002867,2026-02-12,S,S,A,C,S,S,A,11.9092,12.4,11.87,0.53,,0,0.0,0.0,,0,0.0,0,0.0,0.0,,0,0.0,0,0.0,0.0,,0,0.0
prebreak,002984,2026-02-12,S,S,A,C,S,S,A,20.9114,21.61,20.64,0.97,,0,0.0,0.0,,0,0.0,0,0.0,0.0,,0,0.0,0,0.0,0.0,,0,0.0
prebreak,002991,2026-02-12,S,S,A,C,S,S,A,56.8218,59.98,57.49,2.49,,0,0.0,0.0,,0,0.0,0,0.0,0.0,,0,0.0,0,0.0,0.0,,0,0.0
prebreak,600862,2026-02-12,S,S,A,C,S,S,A,25.8766,26.16,24.81,1.35,,0,0.0,0.0,,0,0.0,0,0.0,0.0,,0,0.0,0,0.0,0.0,,0,0.0
prebreak,601088,2026-02-12,S,S,A,C,S,S,A,41.5173,42.09,39.96,2.13,,0,0.0,0.0,,0,0.0,1,42.09,44.7071,2026-03-06,0,1.2129,1,42.09,45.22,2026-04-01,1,1.4535
prebreak,601225,2026-02-12,S,S,A,C,S,S,A,22.3965,21.32,20.34,0.98,,0,0.0,0.0,,0,0.0,0,0.0,0.0,,0,0.0,0,0.0,0.0,,0,0.0
prebreak,603288,2026-02-12,S,S,A,C,S,S,A,35.1308,35.37,33.71,1.66,,0,0.0,0.0,,0,0.0,0,0.0,0.0,,0,0.0,0,0.0,0.0,,0,0.0
prebreak,603317,2026-02-12,S,S,A,C,S,S,A,12.9959,13.09,12.49,0.6,,0,0.0,0.0,,0,0.0,0,0.0,0.0,,0,0.0,0,0.0,0.0,,0,0.0
prebreak,688522,2026-02-12,S,S,A,C,S,S,A,29.7482,30.0,28.74,1.26,,0,0.0,0.0,,0,0.0,0,0.0,0.0,,0,0.0,0,0.0,0.0,,0,0.0
prebreak,002791,2026-02-24,S,S,A,C,S,S,A,24.08,22.29,21.44,0.85,,1,22.29,24.71,2026-02-27,0,2.8253,1,22.29,24.71,2026-02-27,0,2.8253,1,22.29,24.71,2026-02-27,0,2.8253
prebreak,002933,2026-02-24,S,S,A,C,S,S,A,37.104,36.54,35.12,1.42,,0,0.0,0.0,,0,0.0,0,0.0,0.0,,0,0.0,0,0.0,0.0,,0,0.0
prebreak,301036,2026-02-24,S,S,A,C,S,S,A,33.5886,33.2,31.81,1.39,,0,0.0,0.0,,0,0.0,0,0.0,0.0,,0,0.0,0,0.0,0.0,,0,0.0
prebreak,600523,2026-02-24,S,S,A,C,S,S,A,15.4066,15.6,14.81,0.79,,0,0.0,0.0,,0,0.0,0,0.0,0.0,,0,0.0,0,0.0,0.0,,0,0.0
prebreak,603125,2026-02-24,S,S,A,C,S,S,A,20.2677,19.1,18.1,1.0,,0,0.0,0.0,,0,0.0,0,0.0,0.0,,0,0.0,0,0.0,0.0,,0,0.0
prebreak,603258,2026-02-24,S,S,A,C,S,S,A,19.14,19.29,18.37,0.92,,0,0.0,0.0,,0,0.0,0,0.0,0.0,,0,0.0,0,0.0,0.0,,0,0.0
prebreak,603777,2026-02-24,S,S,A,C,S,S,A,12.96,13.57,12.9,0.67,,0,0.0,0.0,,0,0.0,0,0.0,0.0,,0,0.0,1,13.57,12.9,2026-03-13,1,-1.0148
prebreak,603887,2026-02-24,S,S,A,C,S,S,A,15.86,14.7,13.97,0.73,,0,0.0,0.0,,0,0.0,0,0.0,0.0,,0,0.0,0,0.0,0.0,,0,0.0
prebreak,000795,2026-02-25,S,S,A,C,S,S,A,10.7182,10.35,9.85,0.5,,0,0.0,0.0,,0,0.0,0,0.0,0.0,,0,0.0,0,0.0,0.0,,0,0.0
prebreak,001269,2026-02-25,S,S,A,C,S,S,A,24.96,24.6,23.48,1.12,,0,0.0,0.0,,0,0.0,0,0.0,0.0,,0,0.0,0,0.0,0.0,,0,0.0
prebreak,001323,2026-02-25,S,S,A,C,S,S,A,25.7316,25.97,24.95,1.02,,0,0.0,0.0,,0,0.0,0,0.0,0.0,,0,0.0,0,0.0,0.0,,0,0.0
prebreak,002085,2026-02-25,S,S,A,C,S,S,A,15.9089,15.89,15.31,0.58,,1,15.89,16.0284,2026-03-04,0,0.2177,1,15.89,16.4867,2026-03-11,0,1.0073,1,15.89,15.89,2026-03-13,1,-0.0208
prebreak,600088,2026-02-25,S,S,A,C,S,S,A,16.8468,17.52,16.78,0.74,,0,0.0,0.0,,0,0.0,0,0.0,0.0,,0,0.0,0,0.0,0.0,,0,0.0
prebreak,600251,2026-02-25,S,S,A,C,S,S,A,11.1346,10.18,9.68,0.5,,0,0.0,0.0,,0,0.0,0,0.0,0.0,,0,0.0,0,0.0,0.0,,0,0.0
prebreak,600546,2026-02-25,S,S,A,C,S,S,A,11.264,11.09,10.57,0.52,,0,0.0,0.0,,0,0.0,0,0.0,0.0,,0,0.0,0,0.0,0.0,,0,0.0
prebreak,603004,2026-02-25,S,S,A,C,S,S,A,25.1513,25.45,24.29,1.16,,0,0.0,0.0,,0,0.0,0,0.0,0.0,,0,0.0,0,0.0,0.0,,0,0.0
prebreak,603899,2026-02-25,S,S,A,C,S,S,A,25.7946,26.81,25.48,1.33,,0,0.0,0.0,,0,0.0,0,0.0,0.0,,0,0.0,0,0.0,0.0,,0,0.0
prebreak,000096,2026-02-26,S,S,A,C,S,S,A,10.6775,11.17,10.64,0.53,,1,11.17,11.7275,2026-03-05,0,1.0351,1,11.17,11.0737,2026-03-12,0,-0.1976,1,11.17,11.17,2026-03-10,1,-0.016
prebreak,000739,2026-02-26,S,S,A,C,S,S,A,17.9302,18.65,17.73,0.92,,0,0.0,0.0,,0,0.0,0,0.0,0.0,,0,0.0,0,0.0,0.0,,0,0.0
prebreak,000786,2026-02-26,S,S,A,C,S,S,A,27.3307,28.21,26.81,1.4,,0,0.0,0.0,,0,0.0,0,0.0,0.0,,0,0.0,0,0.0,0.0,,0,0.0
prebreak,002395,2026-02-26,S,S,A,C,S,S,A,19.4889,19.9,18.92,0.98,,0,0.0,0.0,,0,0.0,0,0.0,0.0,,0,0.0,0,0.0,0.0,,0,0.0
prebreak,002568,2026-02-26,S,S,A,C,S,S,A,19.1607,22.14,21.15,0.99,,0,0.0,0.0,,0,0.0,0,0.0,0.0,,0,0.0,0,0.0,0.0,,0,0.0
prebreak,002572,2026-02-26,S,S,A,C,S,S,A,13.0911,14.03,13.32,0.71,,0,0.0,0.0,,0,0.0,0,0.0,0.0,,0,0.0,0,0.0,0.0,,0,0.0
prebreak,300783,2026-02-26,S,S,A,C,S,S,A,21.1468,24.73,23.44,1.29,,0,0.0,0.0,,0,0.0,0,0.0,0.0,,0,0.0,0,0.0,0.0,,0,0.0
prebreak,301039,2026-02-26,S,S,A,C,S,S,A,9.6655,9.93,9.42,0.51,,0,0.0,0.0,,0,0.0,0,0.0,0.0,,0,0.0,0,0.0,0.0,,0,0.0
prebreak,600038,2026-02-26,S,S,A,C,S,S,A,38.6756,38.49,36.73,1.76,,0,0.0,0.0,,0,0.0,0,0.0,0.0,,0,0.0,0,0.0,0.0,,0,0.0
prebreak,600066,2026-02-26,S,S,A,C,S,S,A,27.9934,30.87,29.39,1.48,,0,0.0,0.0,,0,0.0,0,0.0,0.0,,0,0.0,1,30.87,30.8314,2026-03-26,0,-0.0419
prebreak,600323,2026-02-26,S,S,A,C,S,S,A,27.0624,28.78,27.3,1.48,,0,0.0,0.0,,0,0.0,0,0.0,0.0,,0,0.0,0,0.0,0.0,,0,0.0
prebreak,000708,2026-02-27,S,S,A,C,S,S,A,17.4802,15.85,15.08,0.77,,0,0.0,0.0,,0,0.0,0,0.0,0.0,,0,0.0,0,0.0,0.0,,0,0.0
prebreak,002984,2026-02-27,S,S,A,C,S,S,A,20.5926,21.24,20.28,0.96,,0,0.0,0.0,,0,0.0,0,0.0,0.0,,0,0.0,0,0.0,0.0,,0,0.0
prebreak,601088,2026-02-27,S,S,A,C,S,S,A,41.2246,41.83,40.02,1.81,,1,41.83,44.7071,2026-03-06,0,1.571,1,41.83,47.7214,2026-03-13,0,3.2353,1,41.83,45.22,2026-04-01,1,1.8542
prebreak,601225,2026-02-27,S,S,A,C,S,S,A,22.7031,22.85,21.71,1.14,,1,22.85,23.9005,2026-03-06,0,0.9057,1,22.85,25.1362,2026-03-13,0,1.989,1,22.85,23.82,2026-04-08,1,0.8351
prebreak,603043,2026-02-27,S,S,A,C,S,S,A,17.254,17.69,17.01,0.68,,0,0.0,0.0,,0,0.0,0,0.0,0.0,,0,0.0,0,0.0,0.0,,0,0.0
prebreak,603477,2026-02-27,S,S,A,C,S,S,A,17.7186,17.77,17.05,0.72,,0,0.0,0.0,,0,0.0,0,0.0,0.0,,0,0.0,0,0.0,0.0,,0,0.0
prebreak,605555,2026-02-27,S,S,A,C,S,S,A,17.3255,17.93,17.04,0.89,,0,0.0,0.0,,0,0.0,0,0.0,0.0,,0,0.0,0,0.0,0.0,,0,0.0
prebreak,000581,2026-03-04,S,S,A,C,S,S,A,22.7391,20.72,19.83,0.89,,0,0.0,0.0,,0,0.0,0,0.0,0.0,,0,0.0,0,0.0,0.0,,0,0.0
prebreak,000590,2026-03-04,S,S,A,C,S,S,A,11.4,12.73,12.07,0.66,,0,0.0,0.0,,0,0.0,0,0.0,0.0,,0,0.0,0,0.0,0.0,,0,0.0
prebreak,000795,2026-03-04,S,S,A,C,S,S,A,10.1167,10.35,9.85,0.5,,0,0.0,0.0,,0,0.0,0,0.0,0.0,,0,0.0,0,0.0,0.0,,0,0.0
prebreak,300541,2026-03-04,S,S,A,C,S,S,A,14.7912,16.68,15.8,0.88,,0,0.0,0.0,,0,0.0,0,0.0,0.0,,0,0.0,0,0.0,0.0,,0,0.0
prebreak,301559,2026-03-04,S,S,A,C,S,S,A,17.4116,18.32,17.46,0.86,,1,18.32,18.5079,2026-03-11,0,0.2021,1,18.32,17.46,2026-03-17,1,-1.0156,1,18.32,17.46,2026-03-17,1,-1.0156
prebreak,600150,2026-03-04,S,S,A,C,S,S,A,38.1248,35.11,33.37,1.74,,0,0.0,0.0,,0,0.0,0,0.0,0.0,,0,0.0,0,0.0,0.0,,0,0.0
prebreak,600298,2026-03-04,S,S,A,C,S,S,A,41.5594,43.82,41.81,2.01,,0,0.0,0.0,,0,0.0,0,0.0,0.0,,0,0.0,0,0.0,0.0,,0,0.0
prebreak,600779,2026-03-04,S,S,A,C,S,S,A,35.1746,38.91,37.59,1.32,,0,0.0,0.0,,0,0.0,0,0.0,0.0,,0,0.0,0,0.0,0.0,,0,0.0
prebreak,601963,2026-03-04,S,S,A,C,S,S,A,10.184,10.42,9.91,0.51,,0,0.0,0.0,,0,0.0,0,0.0,0.0,,0,0.0,0,0.0,0.0,,0,0.0
prebreak,603997,2026-03-04,S,S,A,C,S,S,A,13.0874,14.68,13.96,0.72,,0,0.0,0.0,,0,0.0,0,0.0,0.0,,0,0.0,0,0.0,0.0,,0,0.0
prebreak,000096,2026-03-05,S,S,A,C,S,S,A,11.7275,11.17,10.64,0.53,,0,0.0,0.0,,0,0.0,0,0.0,0.0,,0,0.0,0,0.0,0.0,,0,0.0
prebreak,000786,2026-03-05,S,S,A,C,S,S,A,27.1759,28.21,26.81,1.4,,0,0.0,0.0,,0,0.0,0,0.0,0.0,,0,0.0,0,0.0,0.0,,0,0.0
prebreak,001319,2026-03-05,S,S,A,C,S,S,A,26.1956,30.53,29.08,1.45,,0,0.0,0.0,,0,0.0,0,0.0,0.0,,0,0.0,0,0.0,0.0,,0,0.0
prebreak,002568,2026-03-05,S,S,A,C,S,S,A,18.5607,18.98,18.12,0.86,,0,0.0,0.0,,0,0.0,0,0.0,0.0,,0,0.0,0,0.0,0.0,,0,0.0
prebreak,002572,2026-03-05,S,S,A,C,S,S,A,11.9491,14.03,13.32,0.71,,0,0.0,0.0,,0,0.0,0,0.0,0.0,,0,0.0,0,0.0,0.0,,0,0.0
prebreak,002588,2026-03-05,S,S,A,C,S,S,A,10.2565,10.75,10.21,0.54,,1,10.75,10.4698,2026-03-10,0,-0.5338,1,10.75,10.4698,2026-03-10,0,-0.5338,1,10.75,10.4698,2026-03-10,0,-0.5338
prebreak,300015,2026-03-05,S,S,A,C,S,S,A,10.067,10.52,10.0,0.52,,0,0.0,0.0,,0,0.0,0,0.0,0.0,,0,0.0,0,0.0,0.0,,0,0.0
prebreak,600038,2026-03-05,S,S,A,C,S,S,A,36.723,39.03,37.56,1.47,,0,0.0,0.0,,0,0.0,0,0.0,0.0,,0,0.0,0,0.0,0.0,,0,0.0
prebreak,600066,2026-03-05,S,S,A,C,S,S,A,29.304,30.87,29.39,1.48,,0,0.0,0.0,,0,0.0,0,0.0,0.0,,0,0.0,1,30.87,30.8314,2026-03-26,0,-0.0419
prebreak,600323,2026-03-05,S,S,A,C,S,S,A,27.5296,28.78,27.3,1.48,,0,0.0,0.0,,0,0.0,0,0.0,0.0,,0,0.0,0,0.0,0.0,,0,0.0
prebreak,000065,2026-03-06,S,S,A,C,S,S,A,13.3025,12.23,11.6,0.63,,0,0.0,0.0,,0,0.0,0,0.0,0.0,,0,0.0,0,0.0,0.0,,0,0.0
prebreak,000957,2026-03-06,S,S,A,C,S,S,A,11.1598,12.26,11.71,0.55,,0,0.0,0.0,,0,0.0,0,0.0,0.0,,0,0.0,0,0.0,0.0,,0,0.0
prebreak,002867,2026-03-06,S,S,A,C,S,S,A,11.3493,11.78,11.23,0.55,,0,0.0,0.0,,0,0.0,0,0.0,0.0,,0,0.0,0,0.0,0.0,,0,0.0
prebreak,002991,2026-03-06,S,S,A,C,S,S,A,52.8993,57.43,54.98,2.45,,0,0.0,0.0,,0,0.0,0,0.0,0.0,,0,0.0,0,0.0,0.0,,0,0.0
prebreak,601088,2026-03-06,S,S,A,C,S,S,A,44.7071,41.83,40.02,1.81,2026-03-28（报告期 2025-12-31 00:00:00）,1,41.83,47.7214,2026-03-13,0,3.2353,1,41.83,48.336,2026-03-20,0,3.5746,1,41.83,43.54,2026-05-14,1,0.9266
prebreak,601225,2026-03-06,S,S,A,C,S,S,A,23.9005,22.85,21.71,1.14,,1,22.85,25.1362,2026-03-13,0,1.989,1,22.85,26.0175,2026-03-20,0,2.7616,1,22.85,23.2,2026-05-07,1,0.2916
prebreak,603043,2026-03-06,S,S,A,C,S,S,A,16.7197,17.49,16.74,0.75,,0,0.0,0.0,,0,0.0,0,0.0,0.0,,0,0.0,0,0.0,0.0,,0,0.0
prebreak,603199,2026-03-06,S,S,A,C,S,S,A,40.4534,39.87,38.42,1.45,,0,0.0,0.0,,0,0.0,0,0.0,0.0,,0,0.0,0,0.0,0.0,,0,0.0
prebreak,603310,2026-03-06,S,S,A,C,S,S,A,17.3646,17.61,16.76,0.85,,0,0.0,0.0,,0,0.0,0,0.0,0.0,,0,0.0,0,0.0,0.0,,0,0.0
prebreak,605555,2026-03-06,S,S,A,C,S,S,A,15.9905,17.93,17.04,0.89,,0,0.0,0.0,,0,0.0,0,0.0,0.0,,0,0.0,0,0.0,0.0,,0,0.0
prebreak,000712,2026-03-10,S,S,A,C,S,S,A,11.29,13.38,12.69,0.69,,0,0.0,0.0,,0,0.0,0,0.0,0.0,,0,0.0,0,0.0,0.0,,0,0.0
prebreak,001914,2026-03-10,S,S,A,C,S,S,A,10.2934,11.62,11.05,0.57,,0,0.0,0.0,,0,0.0,0,0.0,0.0,,0,0.0,0,0.0,0.0,,0,0.0
prebreak,603338,2026-03-10,S,S,A,C,S,S,A,52.0469,57.13,54.47,2.66,,0,0.0,0.0,,0,0.0,0,0.0,0.0,,0,0.0,0,0.0,0.0,,0,0.0
prebreak,603527,2026-03-10,S,S,A,C,S,S,A,10.8755,10.97,10.44,0.53,,1,10.97,12.6434,2026-03-17,0,3.1396,1,10.97,10.44,2026-03-20,1,-1.0151,1,10.97,10.97,2026-03-20,1,-0.0157
prebreak,603777,2026-03-10,S,S,A,C,S,S,A,13.13,13.33,12.69,0.64,,1,13.33,13.47,2026-03-17,0,0.2028,1,13.33,12.69,2026-03-23,1,-1.0152,1,13.33,12.69,2026-03-23,1,-1.0152
prebreak,603970,2026-03-10,S,S,A,C,S,S,A,13.2515,13.71,13.0,0.71,,0,0.0,0.0,,0,0.0,0,0.0,0.0,,0,0.0,0,0.0,0.0,,0,0.0
prebreak,000795,2026-03-11,S,S,A,C,S,S,A,9.9096,10.35,9.85,0.5,,0,0.0,0.0,,0,0.0,0,0.0,0.0,,0,0.0,0,0.0,0.0,,0,0.0
prebreak,300498,2026-03-11,S,S,A,C,S,S,A,16.8723,16.13,15.34,0.79,,1,16.13,17.0494,2026-03-18,0,1.1475,1,16.13,16.5771,2026-03-25,0,0.5501,1,16.13,16.13,2026-04-01,1,-0.0155
prebreak,600298,2026-03-11,S,S,A,C,S,S,A,41.648,43.82,41.81,2.01,,0,0.0,0.0,,0,0.0,0,0.0,0.0,,0,0.0,0,0.0,0.0,,0,0.0
prebreak,601882,2026-03-11,S,S,A,C,S,S,A,21.9166,21.35,20.31,1.04,,1,21.35,20.9808,2026-03-18,0,-0.3704,1,21.35,20.31,2026-03-20,1,-1.015,1,21.35,20.31,2026-03-20,1,-1.015
prebreak,603997,2026-03-11,S,S,A,C,S,S,A,12.9981,14.68,13.96,0.72,,0,0.0,0.0,,0,0.0,0,0.0,0.0,,0,0.0,0,0.0,0.0,,0,0.0
prebreak,002847,2026-03-16,S,S,A,C,S,S,A,60.5697,62.38,59.59,2.79,,0,0.0,0.0,,0,0.0,0,0.0,0.0,,0,0.0,0,0.0,0.0,,0,0.0
prebreak,300928,2026-03-16,S,S,A,C,S,S,A,32.78,34.57,33.17,1.4,,0,0.0,0.0,,0,0.0,0,0.0,0.0,,0,0.0,0,0.0,0.0,,0,0.0
prebreak,600449,2026-03-16,S,S,A,C,S,S,A,13.1256,13.72,13.19,0.53,,1,13.72,13.3924,2026-03-19,0,-0.6373,1,13.72,13.3924,2026-03-19,0,-0.6373,1,13.72,13.3924,2026-03-19,0,-0.6373
prebreak,000795,2026-03-18,S,S,A,C,S,S,A,9.4166,10.35,9.85,0.5,,0,0.0,0.0,,0,0.0,0,0.0,0.0,,0,0.0,0,0.0,0.0,,0,0.0
prebreak,001269,2026-03-18,S,S,A,C,S,S,A,24.58,26.23,25.13,1.1,,0,0.0,0.0,,0,0.0,0,0.0,0.0,,0,0.0,0,0.0,0.0,,0,0.0
prebreak,300138,2026-03-18,S,S,A,C,S,S,A,13.6085,13.79,13.06,0.73,,0,0.0,0.0,,0,0.0,0,0.0,0.0,,0,0.0,0,0.0,0.0,,0,0.0
prebreak,300541,2026-03-18,S,S,A,C,S,S,A,15.7442,16.68,15.8,0.88,,0,0.0,0.0,,0,0.0,0,0.0,0.0,,0,0.0,0,0.0,0.0,,0,0.0
prebreak,600298,2026-03-18,S,S,A,C,S,S,A,40.7128,42.87,40.65,2.22,,0,0.0,0.0,,0,0.0,0,0.0,0.0,,0,0.0,0,0.0,0.0,,0,0.0
prebreak,601882,2026-03-18,S,S,A,C,S,S,A,20.9808,21.35,20.31,1.04,,0,0.0,0.0,,0,0.0,0,0.0,0.0,,0,0.0,0,0.0,0.0,,0,0.0
prebreak,601963,2026-03-18,S,S,A,C,S,S,A,10.9816,11.06,10.56,0.5,,0,0.0,0.0,,0,0.0,0,0.0,0.0,,0,0.0,0,0.0,0.0,,0,0.0
prebreak,603766,2026-03-18,S,S,A,C,S,S,A,14.8396,15.03,14.37,0.66,,0,0.0,0.0,,0,0.0,0,0.0,0.0,,0,0.0,0,0.0,0.0,,0,0.0
prebreak,002559,2026-03-24,S,S,A,C,S,S,A,9.4557,10.73,10.21,0.52,2026-04-21（报告期 2025-12-31 00:00:00）,0,0.0,0.0,,0,0.0,0,0.0,0.0,,0,0.0,1,10.73,10.6277,2026-04-21,0,-0.2123
prebreak,002635,2026-03-24,S,S,A,C,S,S,A,13.1995,15.09,14.32,0.77,2026-03-28（报告期 2025-12-31 00:00:00）,0,0.0,0.0,,0,0.0,0,0.0,0.0,,0,0.0,1,15.09,18.44,2026-05-18,0,4.333
prebreak,002933,2026-03-24,S,S,A,C,S,S,A,31.8577,38.43,36.58,1.85,,0,0.0,0.0,,0,0.0,0,0.0,0.0,,0,0.0,0,0.0,0.0,,0,0.0
prebreak,300119,2026-03-24,S,S,A,C,S,S,A,17.2327,19.58,18.69,0.89,,0,0.0,0.0,,0,0.0,0,0.0,0.0,,0,0.0,0,0.0,0.0,,0,0.0
prebreak,300998,2026-03-24,S,S,A,C,S,S,A,22.0186,24.71,23.43,1.28,2026-04-04（报告期 2025-12-31 00:00:00）,0,0.0,0.0,,0,0.0,0,0.0,0.0,,0,0.0,1,24.71,25.8423,2026-05-21,0,0.8694
prebreak,301429,2026-03-24,S,S,A,C,S,S,A,19.0933,21.77,20.89,0.88,,0,0.0,0.0,,0,0.0,0,0.0,0.0,,0,0.0,0,0.0,0.0,,0,0.0
prebreak,601083,2026-03-24,S,S,A,C,S,S,A,11.2127,11.84,11.24,0.6,,0,0.0,0.0,,0,0.0,0,0.0,0.0,,0,0.0,0,0.0,0.0,,0,0.0
prebreak,603029,2026-03-24,S,S,A,C,S,S,A,18.0823,20.4,19.63,0.77,,0,0.0,0.0,,0,0.0,0,0.0,0.0,,0,0.0,0,0.0,0.0,,0,0.0
prebreak,603395,2026-03-24,S,S,A,C,S,S,A,29.2953,31.74,30.57,1.17,,0,0.0,0.0,,0,0.0,0,0.0,0.0,,0,0.0,0,0.0,0.0,,0,0.0
prebreak,603527,2026-03-24,S,S,A,C,S,S,A,10.3392,10.97,10.44,0.53,,0,0.0,0.0,,0,0.0,0,0.0,0.0,,0,0.0,0,0.0,0.0,,0,0.0
prebreak,603777,2026-03-24,S,S,A,C,S,S,A,13.06,13.33,12.69,0.64,,1,13.33,13.11,2026-03-31,0,-0.3594,1,13.33,12.69,2026-04-03,1,-1.0152,1,13.33,12.69,2026-04-03,1,-1.0152
prebreak,000590,2026-03-25,S,S,A,C,S,S,A,11.99,12.47,11.83,0.64,,0,0.0,0.0,,0,0.0,0,0.0,0.0,,0,0.0,0,0.0,0.0,,0,0.0
prebreak,001387,2026-03-25,S,S,A,C,S,S,A,12.9553,14.11,13.42,0.69,,0,0.0,0.0,,0,0.0,0,0.0,0.0,,0,0.0,0,0.0,0.0,,0,0.0
prebreak,003008,2026-03-25,S,S,A,C,S,S,A,22.0224,24.41,23.2,1.21,,0,0.0,0.0,,0,0.0,0,0.0,0.0,,0,0.0,0,0.0,0.0,,0,0.0
prebreak,300138,2026-03-25,S,S,A,C,S,S,A,12.7719,13.79,13.06,0.73,,0,0.0,0.0,,0,0.0,0,0.0,0.0,,0,0.0,0,0.0,0.0,,0,0.0
prebreak,600128,2026-03-25,S,S,A,C,S,S,A,10.5566,11.4,10.83,0.57,,0,0.0,0.0,,0,0.0,0,0.0,0.0,,0,0.0,0,0.0,0.0,,0,0.0
prebreak,600298,2026-03-25,S,S,A,C,S,S,A,39.3347,42.87,40.65,2.22,,0,0.0,0.0,,0,0.0,0,0.0,0.0,,0,0.0,0,0.0,0.0,,0,0.0
prebreak,601021,2026-03-25,S,S,A,C,S,S,A,45.3824,49.13,47.09,2.04,,0,0.0,0.0,,0,0.0,0,0.0,0.0,,0,0.0,0,0.0,0.0,,0,0.0
prebreak,603577,2026-03-25,S,S,A,C,S,S,A,11.2452,12.2,11.57,0.63,,0,0.0,0.0,,0,0.0,0,0.0,0.0,,0,0.0,0,0.0,0.0,,0,0.0
prebreak,603801,2026-03-25,S,S,A,C,S,S,A,8.6781,9.3,8.8,0.5,,0,0.0,0.0,,0,0.0,0,0.0,0.0,,0,0.0,0,0.0,0.0,,0,0.0
prebreak,000025,2026-03-27,S,S,A,C,S,S,A,15.8549,17.14,16.28,0.86,,0,0.0,0.0,,0,0.0,0,0.0,0.0,,0,0.0,0,0.0,0.0,,0,0.0
prebreak,000885,2026-03-27,S,S,A,C,S,S,A,13.3889,14.26,13.57,0.69,,0,0.0,0.0,,0,0.0,0,0.0,0.0,,0,0.0,0,0.0,0.0,,0,0.0
prebreak,000957,2026-03-27,S,S,A,C,S,S,A,11.0603,11.6,11.04,0.56,,1,11.6,11.1996,2026-04-02,0,-0.7303,1,11.6,11.1996,2026-04-02,0,-0.7303,1,11.6,11.1996,2026-04-02,0,-0.7303
prebreak,000963,2026-03-27,S,S,A,C,S,S,A,34.7424,35.74,33.99,1.75,,1,35.74,35.5356,2026-04-03,0,-0.1323,1,35.74,34.2039,2026-04-13,0,-0.8928,1,35.74,33.99,2026-04-14,1,-1.0149
prebreak,002078,2026-03-27,S,S,A,C,S,S,A,14.7714,16.7,15.91,0.79,,0,0.0,0.0,,0,0.0,0,0.0,0.0,,0,0.0,0,0.0,0.0,,0,0.0
prebreak,002705,2026-03-27,S,S,A,C,S,S,A,14.5061,13.61,12.96,0.65,,1,13.61,14.0967,2026-04-03,0,0.7324,1,13.61,14.7304,2026-04-13,0,1.7066,1,13.61,16.75,2026-04-17,1,4.8118
prebreak,002840,2026-03-27,S,S,A,C,S,S,A,11.36,10.4,9.88,0.52,2026-04-27（报告期 2025-12-31 00:00:00）,1,10.4,11.76,2026-04-03,0,2.5985,1,10.4,12.76,2026-04-13,0,4.5204,1,10.4,12.59,2026-04-23,1,4.1937
prebreak,002883,2026-03-27,S,S,A,C,S,S,A,9.67,10.51,9.99,0.52,,0,0.0,0.0,,0,0.0,0,0.0,0.0,,0,0.0,0,0.0,0.0,,0,0.0
prebreak,002962,2026-03-27,S,S,A,C,S,S,A,13.6232,15.89,15.14,0.75,,0,0.0,0.0,,0,0.0,1,15.89,16.4991,2026-04-13,0,0.7955,1,15.89,16.2901,2026-04-14,0,0.5171
prebreak,003017,2026-03-27,S,S,A,C,S,S,A,25.3235,28.07,26.63,1.44,,0,0.0,0.0,,0,0.0,0,0.0,0.0,,0,0.0,0,0.0,0.0,,0,0.0
prebreak,301006,2026-03-27,S,S,A,C,S,S,A,16.4975,19.1,18.22,0.88,,0,0.0,0.0,,0,0.0,0,0.0,0.0,,0,0.0,0,0.0,0.0,,0,0.0
prebreak,301298,2026-03-27,S,S,A,C,S,S,A,15.3584,16.87,16.01,0.86,,0,0.0,0.0,,0,0.0,0,0.0,0.0,,0,0.0,0,0.0,0.0,,0,0.0
prebreak,301508,2026-03-27,S,S,A,C,S,S,A,29.115,32.73,31.31,1.42,,0,0.0,0.0,,0,0.0,0,0.0,0.0,,0,0.0,0,0.0,0.0,,0,0.0
prebreak,600218,2026-03-27,S,S,A,C,S,S,A,9.444,11.07,10.49,0.58,,0,0.0,0.0,,0,0.0,0,0.0,0.0,,0,0.0,0,0.0,0.0,,0,0.0
prebreak,600329,2026-03-27,S,S,A,C,S,S,A,41.4576,40.11,38.87,1.24,,0,0.0,0.0,,0,0.0,0,0.0,0.0,,0,0.0,0,0.0,0.0,,0,0.0
prebreak,603053,2026-03-27,S,S,A,C,S,S,A,9.9714,10.08,9.56,0.52,,0,0.0,0.0,,0,0.0,0,0.0,0.0,,0,0.0,0,0.0,0.0,,0,0.0
prebreak,603081,2026-03-27,S,S,A,C,S,S,A,11.6926,12.5,11.93,0.57,,0,0.0,0.0,,0,0.0,0,0.0,0.0,,0,0.0,0,0.0,0.0,,0,0.0
prebreak,603787,2026-03-27,S,S,A,C,S,S,A,14.849,13.92,13.3,0.62,,1,13.92,14.3834,2026-04-03,0,0.7299,1,13.92,13.3,2026-04-07,1,-1.0164,1,13.92,13.92,2026-04-07,1,-0.0171
prebreak,603995,2026-03-27,S,S,A,C,S,S,A,17.0176,18.99,18.06,0.93,2026-04-10（报告期 2025-12-31 00:00:00）,0,0.0,0.0,,0,0.0,0,0.0,0.0,,0,0.0,1,18.99,18.06,2026-05-19,1,-1.0149
prebreak,605005,2026-03-27,S,S,A,C,S,S,A,20.195,19.86,19.08,0.78,,0,0.0,0.0,,0,0.0,0,0.0,0.0,,0,0.0,0,0.0,0.0,,0,0.0
prebreak,002352,2026-03-30,S,S,A,C,S,S,A,36.3176,36.75,34.85,1.9,2026-03-31（报告期 2025-12-31 00:00:00）,1,36.75,37.3352,2026-04-07,0,0.2931,1,36.75,36.7325,2026-04-14,0,-0.0239,1,36.75,36.76,2026-05-11,1,-0.0094
prebreak,002845,2026-03-30,S,S,A,C,S,S,A,13.4719,16.03,15.22,0.81,,0,0.0,0.0,,0,0.0,0,0.0,0.0,,0,0.0,0,0.0,0.0,,0,0.0
prebreak,002884,2026-03-30,S,S,A,C,S,S,A,17.4643,17.15,16.41,0.74,,0,0.0,0.0,,0,0.0,0,0.0,0.0,,0,0.0,0,0.0,0.0,,0,0.0
prebreak,300566,2026-03-30,S,S,A,C,S,S,A,17.5689,20.8,19.82,0.98,,0,0.0,0.0,,0,0.0,0,0.0,0.0,,0,0.0,0,0.0,0.0,,0,0.0
prebreak,300685,2026-03-30,S,S,A,C,S,S,A,22.2402,19.88,18.97,0.91,,0,0.0,0.0,,0,0.0,0,0.0,0.0,,0,0.0,0,0.0,0.0,,0,0.0
prebreak,300741,2026-03-30,S,S,A,C,S,S,A,15.9995,17.86,17.09,0.77,,0,0.0,0.0,,0,0.0,0,0.0,0.0,,0,0.0,1,17.86,17.09,2026-04-16,1,-1.017
prebreak,301131,2026-03-30,S,S,A,C,S,S,A,42.0372,45.25,43.24,2.01,,0,0.0,0.0,,0,0.0,0,0.0,0.0,,0,0.0,0,0.0,0.0,,0,0.0
prebreak,301277,2026-03-30,S,S,A,C,S,S,A,11.6444,12.42,11.89,0.53,,0,0.0,0.0,,0,0.0,0,0.0,0.0,,0,0.0,0,0.0,0.0,,0,0.0
prebreak,600449,2026-03-30,S,S,A,C,S,S,A,12.7797,13.94,13.36,0.58,,0,0.0,0.0,,0,0.0,0,0.0,0.0,,0,0.0,0,0.0,0.0,,0,0.0
prebreak,603819,2026-03-30,S,S,A,C,S,S,A,12.8554,13.03,12.48,0.55,,1,13.03,13.1045,2026-04-07,0,0.1174,1,13.03,13.8818,2026-04-14,0,1.5297,1,13.03,14.2704,2026-04-29,0,2.2359
prebreak,603860,2026-03-30,S,S,A,C,S,S,A,31.4855,33.41,32.14,1.27,,0,0.0,0.0,,0,0.0,0,0.0,0.0,,0,0.0,0,0.0,0.0,,0,0.0
prebreak,688475,2026-03-30,S,S,A,C,S,S,A,26.0873,26.54,25.17,1.37,,0,0.0,0.0,,0,0.0,0,0.0,0.0,,0,0.0,0,0.0,0.0,,0,0.0
prebreak,300138,2026-04-01,S,S,A,C,S,S,A,11.7992,12.91,12.27,0.64,,0,0.0,0.0,,0,0.0,0,0.0,0.0,,0,0.0,0,0.0,0.0,,0,0.0
prebreak,300541,2026-04-01,S,S,A,C,S,S,A,13.7588,13.88,13.17,0.71,,0,0.0,0.0,,0,0.0,0,0.0,0.0,,0,0.0,0,0.0,0.0,,0,0.0
prebreak,300628,2026-04-01,S,S,A,C,S,S,A,31.77,33.9,32.15,1.75,,0,0.0,0.0,,0,0.0,1,33.9,34.0779,2026-04-15,0,0.0869,1,33.9,34.0779,2026-04-15,0,0.0869
prebreak,300999,2026-04-01,S,S,A,C,S,S,A,28.5962,29.15,27.9,1.25,,0,0.0,0.0,,0,0.0,0,0.0,0.0,,0,0.0,0,0.0,0.0,,0,0.0
prebreak,301297,2026-04-01,S,S,A,C,S,S,A,33.934,35.94,34.48,1.46,2026-04-24（报告期 2025-12-31 00:00:00）,0,0.0,0.0,,0,0.0,0,0.0,0.0,,0,0.0,1,35.94,40.67,2026-04-23,1,3.219
prebreak,600099,2026-04-01,S,S,A,C,S,S,A,11.2474,11.59,10.99,0.6,,0,0.0,0.0,,0,0.0,0,0.0,0.0,,0,0.0,0,0.0,0.0,,0,0.0
prebreak,001289,2026-04-07,S,S,A,C,S,S,A,15.3001,18.57,17.69,0.88,,0,0.0,0.0,,0,0.0,0,0.0,0.0,,0,0.0,0,0.0,0.0,,0,0.0
prebreak,002352,2026-04-07,S,S,A,C,S,S,A,37.3352,38.27,36.82,1.45,,0,0.0,0.0,,0,0.0,0,0.0,0.0,,0,0.0,0,0.0,0.0,,0,0.0
prebreak,002847,2026-04-07,S,S,A,C,S,S,A,57.8494,59.89,57.0,2.89,,0,0.0,0.0,,0,0.0,0,0.0,0.0,,0,0.0,0,0.0,0.0,,0,0.0
prebreak,002884,2026-04-07,S,S,A,C,S,S,A,16.8967,17.76,17.0,0.76,,0,0.0,0.0,,0,0.0,0,0.0,0.0,,0,0.0,0,0.0,0.0,,0,0.0
prebreak,301109,2026-04-07,S,S,A,C,S,S,A,14.5337,16.76,16.0,0.76,,0,0.0,0.0,,0,0.0,0,0.0,0.0,,0,0.0,0,0.0,0.0,,0,0.0
prebreak,301277,2026-04-07,S,S,A,C,S,S,A,12.0179,12.42,11.89,0.53,,0,0.0,0.0,,0,0.0,0,0.0,0.0,,0,0.0,0,0.0,0.0,,0,0.0
prebreak,600449,2026-04-07,S,S,A,C,S,S,A,12.157,12.99,12.46,0.53,,0,0.0,0.0,,0,0.0,0,0.0,0.0,,0,0.0,1,12.99,12.99,2026-06-05,1,-0.0186
prebreak,600873,2026-04-07,S,S,A,C,S,S,A,10.7231,11.25,10.75,0.5,,0,0.0,0.0,,0,0.0,0,0.0,0.0,,0,0.0,0,0.0,0.0,,0,0.0
prebreak,603309,2026-04-07,S,S,A,C,S,S,A,13.9812,15.52,14.73,0.79,,0,0.0,0.0,,0,0.0,0,0.0,0.0,,0,0.0,0,0.0,0.0,,0,0.0
prebreak,603819,2026-04-07,S,S,A,C,S,S,A,13.1045,13.03,12.48,0.55,2026-04-29（报告期 2025-12-31 00:00:00）,1,13.03,13.8818,2026-04-14,0,1.5297,1,13.03,14.4199,2026-04-21,0,2.5076,1,13.03,13.8918,2026-05-26,0,1.5479
prebreak,603860,2026-04-07,S,S,A,C,S,S,A,30.8996,33.41,32.14,1.27,,0,0.0,0.0,,0,0.0,0,0.0,0.0,,0,0.0,0,0.0,0.0,,0,0.0
prebreak,001239,2026-04-08,S,S,A,C,S,S,A,15.37,16.63,15.77,0.86,,0,0.0,0.0,,0,0.0,0,0.0,0.0,,0,0.0,0,0.0,0.0,,0,0.0
prebreak,002635,2026-04-08,S,S,A,C,S,S,A,14.1904,15.16,14.41,0.75,,1,15.16,15.7066,2026-04-15,0,0.713,1,15.16,17.2525,2026-04-22,0,2.7729,1,15.16,18.44,2026-05-18,0,4.3552
prebreak,002833,2026-04-08,S,S,A,C,S,S,A,17.5528,17.65,16.73,0.92,,1,17.65,17.3589,2026-04-14,0,-0.3308,1,17.65,17.3589,2026-04-14,0,-0.3308,1,17.65,17.3589,2026-04-14,0,-0.3308
prebreak,002933,2026-04-08,S,S,A,C,S,S,A,33.0668,33.65,31.93,1.72,,0,0.0,0.0,,0,0.0,0,0.0,0.0,,0,0.0,0,0.0,0.0,,0,0.0
prebreak,300119,2026-04-08,S,S,A,C,S,S,A,18.2199,19.58,18.69,0.89,,0,0.0,0.0,,0,0.0,0,0.0,0.0,,0,0.0,0,0.0,0.0,,0,0.0
prebreak,300962,2026-04-08,S,S,A,C,S,S,A,16.7046,16.75,15.86,0.89,,0,0.0,0.0,,0,0.0,0,0.0,0.0,,0,0.0,0,0.0,0.0,,0,0.0
prebreak,300966,2026-04-08,S,S,A,C,S,S,A,21.4968,21.6,20.54,1.06,,0,0.0,0.0,,0,0.0,0,0.0,0.0,,0,0.0,0,0.0,0.0,,0,0.0
prebreak,301587,2026-04-08,S,S,A,C,S,S,A,25.75,25.44,24.27,1.17,,0,0.0,0.0,,0,0.0,0,0.0,0.0,,0,0.0,0,0.0,0.0,,0,0.0
prebreak,600071,2026-04-08,S,S,A,C,S,S,A,20.3,19.11,18.12,0.99,,1,19.11,20.29,2026-04-13,0,1.1765,1,19.11,20.29,2026-04-13,0,1.1765,1,19.11,20.29,2026-04-13,0,1.1765
prebreak,600276,2026-04-08,S,S,A,C,S,S,A,57.2165,56.63,54.19,2.44,,0,0.0,0.0,,0,0.0,0,0.0,0.0,,0,0.0,0,0.0,0.0,,0,0.0
prebreak,600992,2026-04-08,S,S,A,C,S,S,A,12.26,13.77,13.17,0.6,,0,0.0,0.0,,0,0.0,0,0.0,0.0,,0,0.0,0,0.0,0.0,,0,0.0
prebreak,601083,2026-04-08,S,S,A,C,S,S,A,12.4901,11.84,11.24,0.6,,0,0.0,0.0,,0,0.0,0,0.0,0.0,,0,0.0,0,0.0,0.0,,0,0.0
prebreak,603395,2026-04-08,S,S,A,C,S,S,A,28.6372,30.45,28.98,1.47,,0,0.0,0.0,,0,0.0,0,0.0,0.0,,0,0.0,0,0.0,0.0,,0,0.0
prebreak,000151,2026-04-10,S,S,A,C,S,S,A,11.91,12.05,11.47,0.58,,0,0.0,0.0,,0,0.0,0,0.0,0.0,,0,0.0,0,0.0,0.0,,0,0.0
prebreak,000935,2026-04-10,S,S,A,C,S,S,A,26.47,28.79,27.58,1.21,,0,0.0,0.0,,0,0.0,0,0.0,0.0,,0,0.0,0,0.0,0.0,,0,0.0
prebreak,002626,2026-04-10,S,S,A,C,S,S,A,17.659,17.52,16.68,0.84,,0,0.0,0.0,,0,0.0,0,0.0,0.0,,0,0.0,0,0.0,0.0,,0,0.0
prebreak,002832,2026-04-10,S,S,A,C,S,S,A,16.8283,17.1,16.25,0.85,2026-04-29（报告期 2025-12-31 00:00:00）,1,17.1,17.2053,2026-04-17,0,0.1085,1,17.1,17.4372,2026-04-24,0,0.3812,1,17.1,19.83,2026-06-04,1,3.1945
prebreak,300052,2026-04-10,S,S,A,C,S,S,A,12.6,13.34,12.76,0.58,,1,13.34,13.56,2026-04-20,0,0.3616,1,13.34,12.76,2026-04-22,1,-1.0169,1,13.34,12.76,2026-04-22,1,-1.0169
prebreak,300470,2026-04-10,S,S,A,C,S,S,A,38.3068,36.18,34.47,1.71,,0,0.0,0.0,,0,0.0,0,0.0,0.0,,0,0.0,0,0.0,0.0,,0,0.0
prebreak,300847,2026-04-10,S,S,A,C,S,S,A,15.6703,15.8,14.99,0.81,,0,0.0,0.0,,0,0.0,0,0.0,0.0,,0,0.0,0,0.0,0.0,,0,0.0
prebreak,300898,2026-04-10,S,S,A,C,S,S,A,22.6857,23.05,21.9,1.15,2026-04-17（报告期 2025-12-31 00:00:00）,1,23.05,23.6585,2026-04-17,0,0.5136,1,23.05,23.1429,2026-04-24,0,0.0655,1,23.05,23.05,2026-05-15,1,-0.0152
prebreak,600007,2026-04-10,S,S,A,C,S,S,A,20.1835,20.54,19.78,0.76,,0,0.0,0.0,,0,0.0,0,0.0,0.0,,0,0.0,0,0.0,0.0,,0,0.0
prebreak,600038,2026-04-10,S,S,A,C,S,S,A,33.3728,33.87,32.82,1.05,,0,0.0,0.0,,0,0.0,0,0.0,0.0,,0,0.0,0,0.0,0.0,,0,0.0
prebreak,600323,2026-04-10,S,S,A,C,S,S,A,28.5128,29.63,28.17,1.46,2026-04-24（报告期 2025-12-31 00:00:00）,0,0.0,0.0,,0,0.0,1,29.63,30.4987,2026-04-28,0,0.5792,1,29.63,29.63,2026-05-11,1,-0.0154
prebreak,600566,2026-04-10,S,S,A,C,S,S,A,23.4731,25.74,24.44,1.3,,0,0.0,0.0,,0,0.0,0,0.0,0.0,,0,0.0,0,0.0,0.0,,0,0.0
prebreak,600793,2026-04-10,S,S,A,C,S,S,A,18.59,18.79,17.94,0.85,,0,0.0,0.0,,0,0.0,0,0.0,0.0,,0,0.0,0,0.0,0.0,,0,0.0
prebreak,603209,2026-04-10,S,S,A,C,S,S,A,14.7034,14.98,14.21,0.77,,1,14.98,14.21,2026-04-14,1,-1.0142,1,14.98,14.21,2026-04-14,1,-1.0142,1,14.98,14.21,2026-04-14,1,-1.0142
prebreak,000025,2026-04-13,S,S,A,C,S,S,A,16.1228,16.17,15.43,0.74,,0,0.0,0.0,,0,0.0,0,0.0,0.0,,0,0.0,0,0.0,0.0,,0,0.0
prebreak,000957,2026-04-13,S,S,A,C,S,S,A,11.8163,11.6,11.04,0.56,2026-04-25（报告期 2025-12-31 00:00:00）,1,11.6,12.0052,2026-04-20,0,0.7075,1,11.6,12.3932,2026-04-27,0,1.3997,1,11.6,11.6,2026-05-13,1,-0.0157
prebreak,001201,2026-04-13,S,S,A,C,S,S,A,12.92,13.71,13.1,0.61,,1,13.71,13.22,2026-04-17,0,-0.8199,1,13.71,13.22,2026-04-17,0,-0.8199,1,13.71,13.22,2026-04-17,0,-0.8199
prebreak,002039,2026-04-13,S,S,A,C,S,S,A,20.3755,18.67,17.73,0.94,,0,0.0,0.0,,0,0.0,0,0.0,0.0,,0,0.0,0,0.0,0.0,,0,0.0
prebreak,002078,2026-04-13,S,S,A,C,S,S,A,14.2892,15.3,14.63,0.67,,0,0.0,0.0,,0,0.0,0,0.0,0.0,,0,0.0,0,0.0,0.0,,0,0.0
prebreak,002311,2026-04-13,S,S,A,C,S,S,A,46.8356,51.58,49.1,2.48,,0,0.0,0.0,,0,0.0,0,0.0,0.0,,0,0.0,0,0.0,0.0,,0,0.0
prebreak,002714,2026-04-13,S,S,A,C,S,S,A,43.6828,51.01,48.36,2.65,,0,0.0,0.0,,0,0.0,0,0.0,0.0,,0,0.0,0,0.0,0.0,,0,0.0
prebreak,002823,2026-04-13,S,S,A,C,S,S,A,15.5296,14.83,14.27,0.56,,0,0.0,0.0,,0,0.0,0,0.0,0.0,,0,0.0,0,0.0,0.0,,0,0.0
prebreak,002962,2026-04-13,S,S,A,C,S,S,A,16.4991,13.88,13.23,0.65,2026-04-29（报告期 2025-12-31 00:00:00）,1,13.88,17.9918,2026-04-20,0,6.3056,1,13.88,16.8872,2026-04-27,0,4.6073,1,13.88,17.22,2026-04-23,1,5.119
prebreak,603348,2026-04-13,S,S,A,C,S,S,A,20.54,19.76,18.97,0.79,,0,0.0,0.0,,0,0.0,0,0.0,0.0,,0,0.0,0,0.0,0.0,,0,0.0
prebreak,603529,2026-04-13,S,S,A,C,S,S,A,28.8174,28.8,27.49,1.31,,0,0.0,0.0,,0,0.0,0,0.0,0.0,,0,0.0,0,0.0,0.0,,0,0.0
prebreak,603566,2026-04-13,S,S,A,C,S,S,A,12.1415,12.39,11.78,0.61,,0,0.0,0.0,,0,0.0,0,0.0,0.0,,0,0.0,0,0.0,0.0,,0,0.0
prebreak,603995,2026-04-13,S,S,A,C,S,S,A,17.7088,17.41,16.62,0.79,,1,17.41,17.8451,2026-04-20,0,0.5336,1,17.41,19.0036,2026-04-27,0,1.9992,1,17.41,17.41,2026-05-25,1,-0.0167
prebreak,605005,2026-04-13,S,S,A,C,S,S,A,20.59,20.58,19.74,0.84,,1,20.58,21.0937,2026-04-20,0,0.5925,1,20.58,19.74,2026-04-24,1,-1.018,1,20.58,19.74,2026-04-24,1,-1.018
prebreak,000099,2026-04-14,S,S,A,C,S,S,A,17.8062,17.4,16.7,0.7,,0,0.0,0.0,,0,0.0,0,0.0,0.0,,0,0.0,0,0.0,0.0,,0,0.0
prebreak,002845,2026-04-14,S,S,A,C,S,S,A,13.8907,14.09,13.44,0.65,,0,0.0,0.0,,0,0.0,0,0.0,0.0,,0,0.0,0,0.0,0.0,,0,0.0
prebreak,002884,2026-04-14,S,S,A,C,S,S,A,17.3697,17.68,16.73,0.95,,1,17.68,17.9563,2026-04-21,0,0.2765,1,17.68,17.3224,2026-04-28,0,-0.3903,1,17.68,17.69,2026-05-12,1,-0.0036
prebreak,300566,2026-04-14,S,S,A,C,S,S,A,18.3729,18.56,17.69,0.87,,0,0.0,0.0,,0,0.0,0,0.0,0.0,,0,0.0,0,0.0,0.0,,0,0.0
prebreak,300741,2026-04-14,S,S,A,C,S,S,A,16.2483,17.86,17.09,0.77,,1,17.86,17.09,2026-04-16,1,-1.017,1,17.86,17.09,2026-04-16,1,-1.017,1,17.86,17.09,2026-04-16,1,-1.017
prebreak,600449,2026-04-14,S,S,A,C,S,S,A,12.6215,12.93,12.26,0.67,,0,0.0,0.0,,0,0.0,0,0.0,0.0,,0,0.0,0,0.0,0.0,,0,0.0
prebreak,600873,2026-04-14,S,S,A,C,S,S,A,10.333,10.9,10.4,0.5,,0,0.0,0.0,,0,0.0,0,0.0,0.0,,0,0.0,0,0.0,0.0,,0,0.0
prebreak,603082,2026-04-14,S,S,A,C,S,S,A,36.7912,35.77,34.13,1.64,,0,0.0,0.0,,0,0.0,0,0.0,0.0,,0,0.0,0,0.0,0.0,,0,0.0
prebreak,603309,2026-04-14,S,S,A,C,S,S,A,13.5711,15.52,14.73,0.79,,0,0.0,0.0,,0,0.0,0,0.0,0.0,,0,0.0,0,0.0,0.0,,0,0.0
prebreak,000550,2026-04-15,S,S,A,C,S,S,A,17.8753,18.43,17.51,0.92,,1,18.43,18.6286,2026-04-22,0,0.2005,1,18.43,18.4741,2026-04-29,0,0.0326,1,18.43,17.51,2026-05-18,1,-1.0146
prebreak,001239,2026-04-15,S,S,A,C,S,S,A,15.45,16.73,15.97,0.76,,0,0.0,0.0,,0,0.0,0,0.0,0.0,,0,0.0,0,0.0,0.0,,0,0.0
prebreak,002236,2026-04-15,S,S,A,C,S,S,A,18.4747,16.85,16.17,0.68,2026-04-18（报告期 2025-12-31 00:00:00）,1,16.85,18.4257,2026-04-20,0,2.2969,1,16.85,18.4257,2026-04-20,0,2.2969,1,16.85,18.4257,2026-04-20,0,2.2969
prebreak,002933,2026-04-15,S,S,A,C,S,S,A,32.877,33.56,32.16,1.4,,0,0.0,0.0,,0,0.0,0,0.0,0.0,,0,0.0,0,0.0,0.0,,0,0.0
prebreak,300119,2026-04-15,S,S,A,C,S,S,A,18.6012,19.58,18.69,0.89,,0,0.0,0.0,,0,0.0,0,0.0,0.0,,0,0.0,0,0.0,0.0,,0,0.0
prebreak,300439,2026-04-15,S,S,A,C,S,S,A,9.9619,10.55,10.03,0.52,2026-04-29（报告期 2025-12-31 00:00:00）,0,0.0,0.0,,0,0.0,0,0.0,0.0,,0,0.0,1,10.55,10.201,2026-05-13,0,-0.6862
prebreak,300504,2026-04-15,S,S,A,C,S,S,A,15.61,15.37,14.6,0.77,,0,0.0,0.0,,0,0.0,0,0.0,0.0,,0,0.0,0,0.0,0.0,,0,0.0
prebreak,301587,2026-04-15,S,S,A,C,S,S,A,26.98,25.44,24.27,1.17,,0,0.0,0.0,,0,0.0,0,0.0,0.0,,0,0.0,0,0.0,0.0,,0,0.0
prebreak,600992,2026-04-15,S,S,A,C,S,S,A,11.93,12.34,11.83,0.51,,0,0.0,0.0,,0,0.0,1,12.34,12.03,2026-04-29,0,-0.6258,1,12.34,12.03,2026-04-29,0,-0.6258
prebreak,601156,2026-04-15,S,S,A,C,S,S,A,16.629,17.1,16.35,0.75,,0,0.0,0.0,,0,0.0,0,0.0,0.0,,0,0.0,0,0.0,0.0,,0,0.0
prebreak,603218,2026-04-15,S,S,A,C,S,S,A,13.5505,13.74,13.16,0.58,,0,0.0,0.0,,0,0.0,0,0.0,0.0,,0,0.0,0,0.0,0.0,,0,0.0
prebreak,603258,2026-04-15,S,S,A,C,S,S,A,18.01,18.43,17.57,0.86,,0,0.0,0.0,,0,0.0,0,0.0,0.0,,0,0.0,0,0.0,0.0,,0,0.0
prebreak,002262,2026-04-16,S,S,A,C,S,S,A,22.4773,22.61,21.51,1.1,,0,0.0,0.0,,0,0.0,0,0.0,0.0,,0,0.0,0,0.0,0.0,,0,0.0
prebreak,301552,2026-04-16,S,S,A,C,S,S,A,31.7555,28.65,27.15,1.5,,1,28.65,32.7093,2026-04-21,0,2.69,1,28.65,32.7093,2026-04-21,0,2.69,1,28.65,32.7093,2026-04-21,0,2.69
prebreak,600031,2026-04-16,S,S,A,C,S,S,A,20.1963,20.98,19.98,1.0,,0,0.0,0.0,,0,0.0,0,0.0,0.0,,0,0.0,1,20.98,19.98,2026-05-18,1,-1.0153
prebreak,600764,2026-04-16,S,S,A,C,S,S,A,24.28,24.6,23.75,0.85,,1,24.6,24.42,2026-04-22,0,-0.2336,1,24.6,24.42,2026-04-22,0,-0.2336,1,24.6,24.42,2026-04-22,0,-0.2336
prebreak,601633,2026-04-16,S,S,A,C,S,S,A,20.4597,21.1,20.2,0.9,,0,0.0,0.0,,0,0.0,0,0.0,0.0,,0,0.0,0,0.0,0.0,,0,0.0
prebreak,603766,2026-04-16,S,S,A,C,S,S,A,15.2156,14.99,14.26,0.73,,0,0.0,0.0,,0,0.0,0,0.0,0.0,,0,0.0,0,0.0,0.0,,0,0.0
prebreak,000829,2026-04-17,S,S,A,C,S,S,A,10.97,10.94,10.37,0.57,2026-04-29（报告期 2025-12-31 00:00:00）,1,10.94,11.9,2026-04-24,0,1.6686,1,10.94,11.79,2026-05-06,0,1.4757,1,10.94,10.94,2026-05-12,1,-0.0146
prebreak,000913,2026-04-17,S,S,A,C,S,S,A,14.7243,14.3,13.67,0.63,,0,0.0,0.0,,0,0.0,0,0.0,0.0,,0,0.0,0,0.0,0.0,,0,0.0
prebreak,002626,2026-04-17,S,S,A,C,S,S,A,17.5034,18.0,17.31,0.69,,0,0.0,0.0,,0,0.0,0,0.0,0.0,,0,0.0,0,0.0,0.0,,0,0.0
prebreak,300181,2026-04-17,S,S,A,C,S,S,A,15.1868,15.73,14.95,0.78,2026-04-27（报告期 2025-12-31 00:00:00）,1,15.73,16.1817,2026-04-24,0,0.5634,1,15.73,14.95,2026-04-28,1,-1.0147,1,15.73,14.95,2026-04-28,1,-1.0147
prebreak,300470,2026-04-17,S,S,A,C,S,S,A,36.1033,36.18,34.47,1.71,,0,0.0,0.0,,0,0.0,0,0.0,0.0,,0,0.0,0,0.0,0.0,,0,0.0
prebreak,300888,2026-04-17,S,S,A,C,S,S,A,33.1327,33.15,31.91,1.24,,0,0.0,0.0,,0,0.0,0,0.0,0.0,,0,0.0,0,0.0,0.0,,0,0.0
prebreak,600038,2026-04-17,S,S,A,C,S,S,A,33.7594,34.31,32.99,1.32,,0,0.0,0.0,,0,0.0,0,0.0,0.0,,0,0.0,0,0.0,0.0,,0,0.0
prebreak,600056,2026-04-17,S,S,A,C,S,S,A,10.6092,10.2,9.69,0.51,,0,0.0,0.0,,0,0.0,0,0.0,0.0,,0,0.0,0,0.0,0.0,,0,0.0
prebreak,600566,2026-04-17,S,S,A,C,S,S,A,23.2582,25.52,24.45,1.07,,0,0.0,0.0,,0,0.0,0,0.0,0.0,,0,0.0,0,0.0,0.0,,0,0.0
prebreak,600754,2026-04-17,S,S,A,C,S,S,A,26.4217,27.12,25.82,1.3,,0,0.0,0.0,,0,0.0,0,0.0,0.0,,0,0.0,0,0.0,0.0,,0,0.0
prebreak,603519,2026-04-17,S,S,A,C,S,S,A,13.1751,13.53,12.82,0.71,2026-04-18（报告期 2025-12-31 00:00:00）,0,0.0,0.0,,0,0.0,1,13.53,13.6519,2026-05-06,0,0.1572,1,13.53,12.82,2026-05-14,1,-1.0139
prebreak,603858,2026-04-17,S,S,A,C,S,S,A,16.4982,16.9,16.05,0.85,,0,0.0,0.0,,0,0.0,0,0.0,0.0,,0,0.0,0,0.0,0.0,,0,0.0
prebreak,001201,2026-04-20,S,S,A,C,S,S,A,13.24,13.71,13.1,0.61,,0,0.0,0.0,,0,0.0,0,0.0,0.0,,0,0.0,0,0.0,0.0,,0,0.0
prebreak,002039,2026-04-20,S,S,A,C,S,S,A,20.5817,20.75,19.91,0.84,,0,0.0,0.0,,0,0.0,0,0.0,0.0,,0,0.0,0,0.0,0.0,,0,0.0
prebreak,002078,2026-04-20,S,S,A,C,S,S,A,13.8758,15.3,14.63,0.67,,0,0.0,0.0,,0,0.0,0,0.0,0.0,,0,0.0,0,0.0,0.0,,0,0.0
prebreak,002714,2026-04-20,S,S,A,C,S,S,A,44.8201,46.25,44.61,1.64,,0,0.0,0.0,,0,0.0,0,0.0,0.0,,0,0.0,0,0.0,0.0,,0,0.0
prebreak,002823,2026-04-20,S,S,A,C,S,S,A,15.6971,16.04,15.35,0.69,,0,0.0,0.0,,0,0.0,1,16.04,16.0026,2026-05-06,0,-0.0718,1,16.04,16.0026,2026-05-06,0,-0.0718
prebreak,300052,2026-04-20,S,S,A,C,S,S,A,13.56,12.85,12.3,0.55,,1,12.85,12.3,2026-04-24,1,-1.0171,1,12.85,12.3,2026-04-24,1,-1.0171,1,12.85,12.3,2026-04-24,1,-1.0171
prebreak,300705,2026-04-20,S,S,A,C,S,S,A,13.3925,13.9,13.29,0.61,,0,0.0,0.0,,0,0.0,0,0.0,0.0,,0,0.0,0,0.0,0.0,,0,0.0
prebreak,301301,2026-04-20,S,S,A,C,S,S,A,10.0583,10.52,10.02,0.5,,0,0.0,0.0,,0,0.0,0,0.0,0.0,,0,0.0,0,0.0,0.0,,0,0.0
prebreak,600285,2026-04-20,S,S,A,C,S,S,A,20.102,20.65,19.91,0.74,2026-04-28（报告期 2025-12-31 00:00:00）,0,0.0,0.0,,0,0.0,1,20.65,21.242,2026-04-30,0,0.7783,1,20.65,21.242,2026-04-30,0,0.7783
prebreak,603529,2026-04-20,S,S,A,C,S,S,A,28.3205,29.09,27.8,1.29,,0,0.0,0.0,,0,0.0,0,0.0,0.0,,0,0.0,0,0.0,0.0,,0,0.0
prebreak,603565,2026-04-20,S,S,A,C,S,S,A,11.5113,11.42,10.9,0.52,,0,0.0,0.0,,0,0.0,0,0.0,0.0,,0,0.0,0,0.0,0.0,,0,0.0
prebreak,603995,2026-04-20,S,S,A,C,S,S,A,17.8451,17.41,16.62,0.79,,0,0.0,0.0,,0,0.0,0,0.0,0.0,,0,0.0,0,0.0,0.0,,0,0.0
prebreak,688575,2026-04-20,S,S,A,C,S,S,A,14.4679,15.02,14.29,0.73,,0,0.0,0.0,,0,0.0,0,0.0,0.0,,0,0.0,0,0.0,0.0,,0,0.0
prebreak,000099,2026-04-21,S,S,A,C,S,S,A,18.1144,17.4,16.7,0.7,,0,0.0,0.0,,0,0.0,0,0.0,0.0,,0,0.0,0,0.0,0.0,,0,0.0
prebreak,300928,2026-04-21,S,S,A,C,S,S,A,30.03,29.72,28.57,1.15,,0,0.0,0.0,,0,0.0,0,0.0,0.0,,0,0.0,0,0.0,0.0,,0,0.0
prebreak,600380,2026-04-21,S,S,A,C,S,S,A,10.7054,11.17,10.66,0.51,,0,0.0,0.0,,0,0.0,0,0.0,0.0,,0,0.0,0,0.0,0.0,,0,0.0
prebreak,600449,2026-04-21,S,S,A,C,S,S,A,12.5227,12.99,12.38,0.61,,0,0.0,0.0,,0,0.0,1,12.99,13.2343,2026-05-08,0,0.3841,1,12.99,12.99,2026-06-05,1,-0.0162
prebreak,600674,2026-04-21,S,S,A,C,S,S,A,14.7044,14.38,13.78,0.6,,0,0.0,0.0,,0,0.0,0,0.0,0.0,,0,0.0,0,0.0,0.0,,0,0.0
prebreak,603136,2026-04-21,S,S,A,C,S,S,A,10.6617,11.36,10.79,0.57,,1,11.36,10.79,2026-04-28,1,-1.0145,1,11.36,10.79,2026-04-28,1,-1.0145,1,11.36,10.79,2026-04-28,1,-1.0145
prebreak,603299,2026-04-21,S,S,A,C,S,S,A,11.0144,11.1,10.59,0.51,,0,0.0,0.0,,0,0.0,0,0.0,0.0,,0,0.0,0,0.0,0.0,,0,0.0
prebreak,002236,2026-04-22,S,S,A,C,S,S,A,18.2592,16.85,16.17,0.68,,0,0.0,0.0,,0,0.0,0,0.0,0.0,,0,0.0,0,0.0,0.0,,0,0.0
prebreak,300119,2026-04-22,S,S,A,C,S,S,A,17.9854,18.63,17.83,0.8,,0,0.0,0.0,,0,0.0,0,0.0,0.0,,0,0.0,0,0.0,0.0,,0,0.0
prebreak,300411,2026-04-22,S,S,A,C,S,S,A,10.76,11.09,10.57,0.52,,0,0.0,0.0,,0,0.0,0,0.0,0.0,,0,0.0,0,0.0,0.0,,0,0.0
prebreak,600976,2026-04-22,S,S,A,C,S,S,A,31.9781,33.8,32.09,1.71,,0,0.0,0.0,,0,0.0,0,0.0,0.0,,0,0.0,0,0.0,0.0,,0,0.0
prebreak,601156,2026-04-22,S,S,A,C,S,S,A,16.5235,16.77,16.17,0.6,,0,0.0,0.0,,0,0.0,0,0.0,0.0,,0,0.0,0,0.0,0.0,,0,0.0
prebreak,603062,2026-04-22,S,S,A,C,S,S,A,48.5059,50.22,48.02,2.2,,1,50.22,53.2633,2026-04-29,0,1.3651,1,50.22,54.7347,2026-05-11,0,2.0335,1,50.22,50.22,2026-04-28,1,-0.0173
prebreak,603218,2026-04-22,S,S,A,C,S,S,A,14.1655,13.96,13.23,0.73,,0,0.0,0.0,,0,0.0,0,0.0,0.0,,0,0.0,0,0.0,0.0,,0,0.0
prebreak,000913,2026-04-24,S,S,A,C,S,S,A,13.0121,14.3,13.67,0.63,,0,0.0,0.0,,0,0.0,0,0.0,0.0,,0,0.0,0,0.0,0.0,,0,0.0
prebreak,002626,2026-04-24,S,S,A,C,S,S,A,15.6072,18.0,17.18,0.82,,0,0.0,0.0,,0,0.0,0,0.0,0.0,,0,0.0,0,0.0,0.0,,0,0.0
prebreak,300181,2026-04-24,S,S,A,C,S,S,A,16.1817,15.68,15.04,0.64,,0,0.0,0.0,,0,0.0,0,0.0,0.0,,0,0.0,0,0.0,0.0,,0,0.0
prebreak,300470,2026-04-24,S,S,A,C,S,S,A,33.2111,36.18,34.47,1.71,,0,0.0,0.0,,0,0.0,0,0.0,0.0,,0,0.0,0,0.0,0.0,,0,0.0
prebreak,300888,2026-04-24,S,S,A,C,S,S,A,30.8361,33.15,31.91,1.24,,0,0.0,0.0,,0,0.0,0,0.0,0.0,,0,0.0,0,0.0,0.0,,0,0.0
prebreak,600056,2026-04-24,S,S,A,C,S,S,A,10.3415,10.82,10.3,0.52,,0,0.0,0.0,,0,0.0,0,0.0,0.0,,0,0.0,0,0.0,0.0,,0,0.0
prebreak,600258,2026-04-24,S,S,A,C,S,S,A,14.5817,14.9,14.2,0.7,,1,14.9,14.437,2026-05-06,0,-0.6771,1,14.9,14.437,2026-05-06,0,-0.6771,1,14.9,14.437,2026-05-06,0,-0.6771
prebreak,600845,2026-04-24,S,S,A,C,S,S,A,22.8364,22.98,21.85,1.13,,0,0.0,0.0,,0,0.0,0,0.0,0.0,,0,0.0,0,0.0,0.0,,0,0.0
prebreak,600886,2026-04-24,S,S,A,C,S,S,A,12.9135,13.3,12.76,0.54,2026-04-30（报告期 2025-12-31 00:00:00）,1,13.3,13.1936,2026-05-06,0,-0.2157,1,13.3,13.1453,2026-05-07,0,-0.3051,1,13.3,13.1453,2026-05-07,0,-0.3051
prebreak,603939,2026-04-24,S,S,A,C,S,S,A,23.5892,24.29,23.16,1.13,,0,0.0,0.0,,0,0.0,0,0.0,0.0,,0,0.0,0,0.0,0.0,,0,0.0
prebreak,605296,2026-04-24,S,S,A,C,S,S,A,29.37,31.06,29.46,1.6,,0,0.0,0.0,,0,0.0,0,0.0,0.0,,0,0.0,0,0.0,0.0,,0,0.0
prebreak,002039,2026-04-27,S,S,A,C,S,S,A,20.1006,20.75,19.91,0.84,,0,0.0,0.0,,0,0.0,0,0.0,0.0,,0,0.0,0,0.0,0.0,,0,0.0
prebreak,002078,2026-04-27,S,S,A,C,S,S,A,14.1809,14.55,13.8,0.75,,1,14.55,14.4466,2026-05-07,0,-0.1525,1,14.55,13.8,2026-05-13,1,-1.0141,1,14.55,13.8,2026-05-13,1,-1.0141
prebreak,002714,2026-04-27,S,S,A,C,S,S,A,41.7938,46.25,43.86,2.39,,0,0.0,0.0,,0,0.0,0,0.0,0.0,,0,0.0,0,0.0,0.0,,0,0.0
prebreak,601009,2026-04-27,S,S,A,C,S,S,A,11.4304,11.38,10.83,0.55,,0,0.0,0.0,,0,0.0,0,0.0,0.0,,0,0.0,0,0.0,0.0,,0,0.0
prebreak,603187,2026-04-27,S,S,A,C,S,S,A,14.3799,15.02,14.27,0.75,,0,0.0,0.0,,0,0.0,0,0.0,0.0,,0,0.0,0,0.0,0.0,,0,0.0
prebreak,603565,2026-04-27,S,S,A,C,S,S,A,10.2702,11.42,10.9,0.52,,0,0.0,0.0,,0,0.0,0,0.0,0.0,,0,0.0,0,0.0,0.0,,0,0.0
prebreak,605005,2026-04-27,S,S,A,C,S,S,A,19.9086,21.25,20.22,1.03,,0,0.0,0.0,,0,0.0,0,0.0,0.0,,0,0.0,0,0.0,0.0,,0,0.0
prebreak,000099,2026-04-28,S,S,A,C,S,S,A,17.5775,18.09,17.44,0.65,,0,0.0,0.0,,0,0.0,0,0.0,0.0,,0,0.0,0,0.0,0.0,,0,0.0
prebreak,300417,2026-04-28,S,S,A,C,S,S,A,13.4091,12.84,12.23,0.61,,0,0.0,0.0,,0,0.0,0,0.0,0.0,,0,0.0,0,0.0,0.0,,0,0.0
prebreak,300519,2026-04-28,S,S,A,C,S,S,A,15.7314,15.2,14.49,0.71,,0,0.0,0.0,,0,0.0,0,0.0,0.0,,0,0.0,0,0.0,0.0,,0,0.0
prebreak,300800,2026-04-28,S,S,A,C,S,S,A,12.276,12.02,11.52,0.5,,0,0.0,0.0,,0,0.0,0,0.0,0.0,,0,0.0,0,0.0,0.0,,0,0.0
prebreak,600323,2026-04-28,S,S,A,C,S,S,A,30.4987,28.75,27.51,1.24,,1,28.75,31.112,2026-05-06,0,1.886,1,28.75,31.112,2026-05-06,0,1.886,1,28.75,31.112,2026-05-06,0,1.886
prebreak,600449,2026-04-28,S,S,A,C,S,S,A,12.6907,12.83,12.3,0.53,,1,12.83,13.2343,2026-05-08,0,0.744,1,12.83,14.6477,2026-05-15,0,3.409,1,12.83,12.83,2026-06-05,1,-0.0184
prebreak,600639,2026-04-28,S,S,A,C,S,S,A,10.5939,11.09,10.58,0.51,,0,0.0,0.0,,0,0.0,0,0.0,0.0,,0,0.0,0,0.0,0.0,,0,0.0
prebreak,600674,2026-04-28,S,S,A,C,S,S,A,14.8885,14.94,14.32,0.62,,0,0.0,0.0,,0,0.0,0,0.0,0.0,,0,0.0,0,0.0,0.0,,0,0.0
prebreak,603136,2026-04-28,S,S,A,C,S,S,A,10.554,11.36,10.79,0.57,,0,0.0,0.0,,0,0.0,0,0.0,0.0,,0,0.0,0,0.0,0.0,,0,0.0
prebreak,605122,2026-04-28,S,S,A,C,S,S,A,13.84,13.17,12.57,0.6,,0,0.0,0.0,,0,0.0,0,0.0,0.0,,0,0.0,0,0.0,0.0,,0,0.0
prebreak,000049,2026-04-29,S,S,A,C,S,S,A,29.4706,27.82,26.75,1.07,,0,0.0,0.0,,0,0.0,0,0.0,0.0,,0,0.0,0,0.0,0.0,,0,0.0
prebreak,000550,2026-04-29,S,S,A,C,S,S,A,18.4741,18.89,18.05,0.84,,0,0.0,0.0,,0,0.0,0,0.0,0.0,,0,0.0,0,0.0,0.0,,0,0.0
prebreak,000719,2026-04-29,S,S,A,C,S,S,A,12.8995,13.78,13.11,0.67,,0,0.0,0.0,,0,0.0,0,0.0,0.0,,0,0.0,0,0.0,0.0,,0,0.0
prebreak,300119,2026-04-29,S,S,A,C,S,S,A,17.7312,18.34,17.46,0.88,,0,0.0,0.0,,0,0.0,0,0.0,0.0,,0,0.0,0,0.0,0.0,,0,0.0
prebreak,301318,2026-04-29,S,S,A,C,S,S,A,24.549,27.07,25.94,1.13,,0,0.0,0.0,,0,0.0,0,0.0,0.0,,0,0.0,0,0.0,0.0,,0,0.0
prebreak,600750,2026-04-29,S,S,A,C,S,S,A,23.1119,26.75,25.43,1.32,,0,0.0,0.0,,0,0.0,0,0.0,0.0,,0,0.0,0,0.0,0.0,,0,0.0
prebreak,003008,2026-04-30,S,S,A,C,S,S,A,22.9095,23.22,22.18,1.04,,0,0.0,0.0,,0,0.0,0,0.0,0.0,,0,0.0,0,0.0,0.0,,0,0.0
prebreak,300498,2026-04-30,S,S,A,C,S,S,A,16.1738,17.04,16.17,0.87,,0,0.0,0.0,,0,0.0,0,0.0,0.0,,0,0.0,0,0.0,0.0,,0,0.0
prebreak,300583,2026-04-30,S,S,A,C,S,S,A,15.1134,14.43,13.7,0.73,,1,14.43,15.4133,2026-05-12,0,1.3311,1,14.43,14.8735,2026-05-19,0,0.5922,1,14.43,14.43,2026-05-21,1,-0.015
prebreak,300886,2026-04-30,S,S,A,C,S,S,A,29.8793,29.98,28.6,1.38,,0,0.0,0.0,,0,0.0,0,0.0,0.0,,0,0.0,0,0.0,0.0,,0,0.0
prebreak,601633,2026-04-30,S,S,A,C,S,S,A,19.4338,19.97,19.27,0.7,,0,0.0,0.0,,0,0.0,0,0.0,0.0,,0,0.0,0,0.0,0.0,,0,0.0
prebreak,603768,2026-04-30,S,S,A,C,S,S,A,11.87,11.22,10.72,0.5,,1,11.22,12.03,2026-05-12,0,1.6019,1,11.22,11.91,2026-05-19,0,1.3621,1,11.22,11.22,2026-05-25,1,-0.0171
prebreak,688139,2026-04-30,S,S,A,C,S,S,A,31.0162,33.95,32.25,1.7,,0,0.0,0.0,,0,0.0,1,33.95,33.0708,2026-05-19,0,-0.532,1,33.95,33.0708,2026-05-19,0,-0.532
prebreak,001256,2026-05-06,S,S,A,C,S,S,A,25.0196,24.27,23.08,1.19,,0,0.0,0.0,,0,0.0,0,0.0,0.0,,0,0.0,0,0.0,0.0,,0,0.0
prebreak,002626,2026-05-06,S,S,A,C,S,S,A,14.839,18.0,17.18,0.82,,0,0.0,0.0,,0,0.0,0,0.0,0.0,,0,0.0,0,0.0,0.0,,0,0.0
prebreak,002946,2026-05-06,S,S,A,C,S,S,A,19.0042,18.24,17.41,0.83,,1,18.24,18.2519,2026-05-11,0,-0.0024,1,18.24,18.2519,2026-05-11,0,-0.0024,1,18.24,18.2519,2026-05-11,0,-0.0024
prebreak,300181,2026-05-06,S,S,A,C,S,S,A,14.8454,15.45,14.71,0.74,,0,0.0,0.0,,0,0.0,0,0.0,0.0,,0,0.0,0,0.0,0.0,,0,0.0
prebreak,600258,2026-05-06,S,S,A,C,S,S,A,14.437,15.06,14.33,0.73,,0,0.0,0.0,,0,0.0,0,0.0,0.0,,0,0.0,0,0.0,0.0,,0,0.0
prebreak,600845,2026-05-06,S,S,A,C,S,S,A,23.7673,23.09,22.14,0.95,,0,0.0,0.0,,0,0.0,0,0.0,0.0,,0,0.0,0,0.0,0.0,,0,0.0
prebreak,600876,2026-05-06,S,S,A,C,S,S,A,9.41,10.01,9.48,0.53,,0,0.0,0.0,,0,0.0,1,10.01,9.48,2026-05-15,1,-1.0137,1,10.01,9.48,2026-05-15,1,-1.0137
prebreak,603939,2026-05-06,S,S,A,C,S,S,A,22.4141,23.32,22.33,0.99,,1,23.32,22.9135,2026-05-13,0,-0.4282,1,23.32,22.9135,2026-05-13,0,-0.4282,1,23.32,22.9135,2026-05-13,0,-0.4282
prebreak,605296,2026-05-06,S,S,A,C,S,S,A,30.17,31.06,29.46,1.6,,0,0.0,0.0,,0,0.0,0,0.0,0.0,,0,0.0,0,0.0,0.0,,0,0.0
prebreak,002714,2026-05-07,S,S,A,C,S,S,A,43.5839,46.25,43.86,2.39,,0,0.0,0.0,,0,0.0,0,0.0,0.0,,0,0.0,0,0.0,0.0,,0,0.0
prebreak,300052,2026-05-07,S,S,A,C,S,S,A,14.27,12.85,12.3,0.55,,1,12.85,14.82,2026-05-12,0,3.5618,1,12.85,14.82,2026-05-12,0,3.5618,1,12.85,14.82,2026-05-12,0,3.5618
prebreak,601009,2026-05-07,S,S,A,C,S,S,A,11.1655,11.62,11.06,0.56,,0,0.0,0.0,,0,0.0,0,0.0,0.0,,0,0.0,0,0.0,0.0,,0,0.0
prebreak,603565,2026-05-07,S,S,A,C,S,S,A,10.9738,11.42,10.9,0.52,,0,0.0,0.0,,0,0.0,0,0.0,0.0,,0,0.0,0,0.0,0.0,,0,0.0
prebreak,688391,2026-05-07,S,S,A,C,S,S,A,32.1296,31.18,29.73,1.45,,1,31.18,33.0017,2026-05-14,0,1.2392,1,31.18,32.1098,2026-05-21,0,0.6245,1,31.18,31.18,2026-05-29,1,-0.0163
prebreak,002736,2026-05-08,S,S,A,C,S,S,A,10.3811,10.78,10.25,0.53,,0,0.0,0.0,,0,0.0,0,0.0,0.0,,0,0.0,0,0.0,0.0,,0,0.0
prebreak,300566,2026-05-08,S,S,A,C,S,S,A,20.3382,19.08,18.12,0.96,,1,19.08,19.9809,2026-05-15,0,0.9227,1,19.08,22.919,2026-05-22,0,3.9813,1,19.08,23.19,2026-05-29,1,4.2634
prebreak,300800,2026-05-08,S,S,A,C,S,S,A,12.7718,12.02,11.52,0.5,,0,0.0,0.0,,0,0.0,0,0.0,0.0,,0,0.0,0,0.0,0.0,,0,0.0
prebreak,300928,2026-05-08,S,S,A,C,S,S,A,36.02,30.52,29.05,1.47,,1,30.52,35.84,2026-05-15,0,3.601,1,30.52,35.5,2026-05-22,0,3.3698,1,30.52,30.52,2026-06-10,1,-0.0158
prebreak,603136,2026-05-08,S,S,A,C,S,S,A,10.3386,11.36,10.79,0.57,,0,0.0,0.0,,0,0.0,0,0.0,0.0,,0,0.0,0,0.0,0.0,,0,0.0
prebreak,603515,2026-05-08,S,S,A,C,S,S,A,19.7709,19.03,18.07,0.96,,0,0.0,0.0,,0,0.0,0,0.0,0.0,,0,0.0,0,0.0,0.0,,0,0.0
prebreak,000550,2026-05-11,S,S,A,C,S,S,A,18.2713,18.88,17.9,0.98,,0,0.0,0.0,,0,0.0,0,0.0,0.0,,0,0.0,0,0.0,0.0,,0,0.0
prebreak,000719,2026-05-11,S,S,A,C,S,S,A,13.1822,13.2,12.49,0.71,,0,0.0,0.0,,0,0.0,0,0.0,0.0,,0,0.0,0,0.0,0.0,,0,0.0
prebreak,000739,2026-05-13,S,S,A,C,S,S,A,18.03,17.99,17.03,0.96,,0,0.0,0.0,,0,0.0,0,0.0,0.0,,0,0.0,0,0.0,0.0,,0,0.0
prebreak,600258,2026-05-13,S,S,A,C,S,S,A,13.7523,15.06,14.33,0.73,,0,0.0,0.0,,0,0.0,0,0.0,0.0,,0,0.0,0,0.0,0.0,,0,0.0
prebreak,600817,2026-05-13,S,S,A,C,S,S,A,10.6586,12.43,11.81,0.62,,0,0.0,0.0,,0,0.0,0,0.0,0.0,,0,0.0,0,0.0,0.0,,0,0.0
prebreak,600845,2026-05-13,S,S,A,C,S,S,A,23.9455,23.09,22.14,0.95,,0,0.0,0.0,,0,0.0,0,0.0,0.0,,0,0.0,0,0.0,0.0,,0,0.0
prebreak,603939,2026-05-13,S,S,A,C,S,S,A,22.9135,23.32,22.33,0.99,,0,0.0,0.0,,0,0.0,0,0.0,0.0,,0,0.0,0,0.0,0.0,,0,0.0
prebreak,605296,2026-05-13,S,S,A,C,S,S,A,28.7,31.06,29.46,1.6,,1,31.06,29.46,2026-05-18,1,-1.0141,1,31.06,29.46,2026-05-18,1,-1.0141,1,31.06,29.46,2026-05-18,1,-1.0141
prebreak,002576,2026-05-15,S,S,A,C,S,S,A,18.8571,19.54,18.62,0.92,,1,19.54,19.5536,2026-05-22,0,-0.0013,1,19.54,18.62,2026-05-28,1,-1.0155,1,19.54,18.62,2026-05-28,1,-1.0155
prebreak,300685,2026-05-15,S,S,A,C,S,S,A,19.63,20.4,19.39,1.01,,0,0.0,0.0,,0,0.0,1,20.4,20.41,2026-05-29,0,-0.0055,1,20.4,19.39,2026-06-05,1,-1.0147
prebreak,600323,2026-05-15,S,S,A,C,S,S,A,29.6518,28.75,27.51,1.24,,0,0.0,0.0,,0,0.0,0,0.0,0.0,,0,0.0,0,0.0,0.0,,0,0.0
prebreak,000049,2026-05-18,S,S,A,C,S,S,A,26.8834,27.82,26.75,1.07,,0,0.0,0.0,,0,0.0,0,0.0,0.0,,0,0.0,0,0.0,0.0,,0,0.0
prebreak,000550,2026-05-18,S,S,A,C,S,S,A,17.4697,18.87,17.9,0.97,,0,0.0,0.0,,0,0.0,0,0.0,0.0,,0,0.0,0,0.0,0.0,,0,0.0
prebreak,300357,2026-05-18,S,S,A,C,S,S,A,23.3577,25.95,24.62,1.33,,0,0.0,0.0,,0,0.0,0,0.0,0.0,,0,0.0,0,0.0,0.0,,0,0.0
prebreak,688105,2026-05-18,S,S,A,C,S,S,A,15.6189,15.79,14.97,0.82,,0,0.0,0.0,,0,0.0,0,0.0,0.0,,0,0.0,0,0.0,0.0,,0,0.0
prebreak,300729,2026-05-19,S,S,A,C,S,S,A,12.2312,12.55,12.03,0.52,,0,0.0,0.0,,0,0.0,0,0.0,0.0,,0,0.0,0,0.0,0.0,,0,0.0
prebreak,688267,2026-05-19,S,S,A,C,S,S,A,26.2183,24.66,23.43,1.23,,0,0.0,0.0,,0,0.0,0,0.0,0.0,,0,0.0,0,0.0,0.0,,0,0.0
prebreak,600258,2026-05-20,S,S,A,C,S,S,A,12.9808,15.06,14.33,0.73,,0,0.0,0.0,,0,0.0,0,0.0,0.0,,0,0.0,0,0.0,0.0,,0,0.0
prebreak,600845,2026-05-20,S,S,A,C,S,S,A,23.91,23.09,22.14,0.95,,1,23.09,22.14,2026-05-25,1,-1.0178,1,23.09,22.14,2026-05-25,1,-1.0178,1,23.09,22.14,2026-05-25,1,-1.0178
prebreak,603939,2026-05-20,S,S,A,C,S,S,A,21.3664,23.41,22.31,1.1,,0,0.0,0.0,,0,0.0,0,0.0,0.0,,0,0.0,0,0.0,0.0,,0,0.0
prebreak,605296,2026-05-20,S,S,A,C,S,S,A,28.91,31.06,29.46,1.6,,0,0.0,0.0,,0,0.0,0,0.0,0.0,,0,0.0,0,0.0,0.0,,0,0.0
prebreak,002576,2026-05-22,S,S,A,C,S,S,A,19.5536,19.3,18.3,1.0,,1,19.3,18.3,2026-05-28,1,-1.014,1,19.3,18.3,2026-05-28,1,-1.014,1,19.3,18.3,2026-05-28,1,-1.014
prebreak,300685,2026-05-22,S,S,A,C,S,S,A,18.96,19.84,18.88,0.96,,1,19.84,20.41,2026-05-29,0,0.5777,1,19.84,18.88,2026-06-08,1,-1.0151,1,19.84,18.88,2026-06-08,1,-1.0151
prebreak,603309,2026-05-22,S,S,A,C,S,S,A,13.5711,13.82,13.11,0.71,,0,0.0,0.0,,0,0.0,0,0.0,0.0,,0,0.0,0,0.0,0.0,,0,0.0
prebreak,000550,2026-05-25,S,S,A,C,S,S,A,16.5523,18.87,17.9,0.97,,0,0.0,0.0,,0,0.0,0,0.0,0.0,,0,0.0,0,0.0,0.0,,0,0.0
prebreak,001286,2026-05-25,S,S,A,C,S,S,A,11.2607,11.65,11.03,0.62,,1,11.65,13.2337,2026-06-01,0,2.5385,1,11.65,11.5398,2026-06-08,0,-0.1919,1,11.65,11.65,2026-06-08,1,-0.0143
prebreak,300357,2026-05-25,S,S,A,C,S,S,A,22.6523,24.38,23.13,1.25,,0,0.0,0.0,,0,0.0,0,0.0,0.0,,0,0.0,0,0.0,0.0,,0,0.0
prebreak,600071,2026-05-25,S,S,A,C,S,S,A,18.9,20.6,19.57,1.03,,0,0.0,0.0,,0,0.0,0,0.0,0.0,,0,0.0,0,0.0,0.0,,0,0.0
prebreak,001279,2026-05-28,S,S,A,C,S,S,A,30.5229,30.91,29.51,1.4,,0,0.0,0.0,,0,0.0,0,0.0,0.0,,0,0.0,0,0.0,0.0,,0,0.0
prebreak,002612,2026-05-28,S,S,A,C,S,S,A,13.0,15.81,14.99,0.82,,0,0.0,0.0,,0,0.0,0,0.0,0.0,,0,0.0,0,0.0,0.0,,0,0.0
prebreak,002823,2026-05-28,S,S,A,C,S,S,A,17.68,16.79,16.0,0.79,,1,16.79,20.85,2026-06-04,0,5.1199,1,16.79,17.28,2026-06-11,0,0.6037,1,16.79,19.71,2026-06-08,1,3.6777
prebreak,300673,2026-05-28,S,S,A,C,S,S,A,15.1646,16.24,15.39,0.85,,0,0.0,0.0,,0,0.0,0,0.0,0.0,,0,0.0,0,0.0,0.0,,0,0.0
prebreak,600329,2026-05-28,S,S,A,C,S,S,A,36.598,38.28,36.58,1.7,,0,0.0,0.0,,0,0.0,0,0.0,0.0,,0,0.0,0,0.0,0.0,,0,0.0
prebreak,601066,2026-05-28,S,S,A,C,S,S,A,23.1,23.04,21.86,1.18,,1,23.04,25.07,2026-06-04,0,1.7044,1,23.04,24.59,2026-06-11,0,1.2979,1,23.04,26.96,2026-07-16,1,3.3051
prebreak,603197,2026-05-28,S,S,A,C,S,S,A,32.696,35.57,33.76,1.81,,0,0.0,0.0,,0,0.0,0,0.0,0.0,,0,0.0,0,0.0,0.0,,0,0.0
prebreak,001286,2026-06-01,S,S,A,C,S,S,A,13.2337,11.65,11.03,0.62,,1,11.65,12.1654,2026-06-04,0,0.8165,1,11.65,12.1654,2026-06-04,0,0.8165,1,11.65,12.1654,2026-06-04,0,0.8165
prebreak,600276,2026-06-01,S,S,A,C,S,S,A,49.17,54.97,52.37,2.6,,0,0.0,0.0,,0,0.0,0,0.0,0.0,,0,0.0,0,0.0,0.0,,0,0.0
prebreak,603194,2026-06-01,S,S,A,C,S,S,A,34.3953,35.86,34.12,1.74,,0,0.0,0.0,,0,0.0,0,0.0,0.0,,0,0.0,0,0.0,0.0,,0,0.0
prebreak,603788,2026-06-01,S,S,A,C,S,S,A,15.6609,16.59,15.81,0.78,,0,0.0,0.0,,0,0.0,0,0.0,0.0,,0,0.0,0,0.0,0.0,,0,0.0
prebreak,000739,2026-06-03,S,S,A,C,S,S,A,16.45,16.98,16.27,0.71,,0,0.0,0.0,,0,0.0,0,0.0,0.0,,0,0.0,0,0.0,0.0,,0,0.0
prebreak,002946,2026-06-03,S,S,A,C,S,S,A,17.1282,17.88,17.06,0.82,,0,0.0,0.0,,0,0.0,0,0.0,0.0,,0,0.0,0,0.0,0.0,,0,0.0
prebreak,301581,2026-06-03,S,S,A,C,S,S,A,50.7529,50.49,48.54,1.95,,0,0.0,0.0,,0,0.0,0,0.0,0.0,,0,0.0,0,0.0,0.0,,0,0.0
prebreak,600012,2026-06-03,S,S,A,C,S,S,A,15.6209,15.69,14.92,0.77,,1,15.69,15.5823,2026-06-08,0,-0.1552,1,15.69,15.5823,2026-06-08,0,-0.1552,1,15.69,15.5823,2026-06-08,0,-0.1552
prebreak,600055,2026-06-03,S,S,A,C,S,S,A,12.66,14.59,13.89,0.7,,0,0.0,0.0,,0,0.0,0,0.0,0.0,,0,0.0,0,0.0,0.0,,0,0.0
prebreak,600566,2026-06-03,S,S,A,C,S,S,A,25.7709,27.39,25.97,1.42,,0,0.0,0.0,,0,0.0,0,0.0,0.0,,0,0.0,0,0.0,0.0,,0,0.0
prebreak,603858,2026-06-03,S,S,A,C,S,S,A,14.9956,15.22,14.53,0.69,,0,0.0,0.0,,0,0.0,1,15.22,15.2131,2026-06-17,0,-0.0268,1,15.22,14.53,2026-06-22,1,-1.0161
prebreak,001218,2026-06-05,S,S,A,C,S,S,A,24.1922,28.03,26.66,1.37,,0,0.0,0.0,,0,0.0,0,0.0,0.0,,0,0.0,0,0.0,0.0,,0,0.0
prebreak,002576,2026-06-05,S,S,A,C,S,S,A,16.1703,19.3,18.3,1.0,,0,0.0,0.0,,0,0.0,0,0.0,0.0,,0,0.0,0,0.0,0.0,,0,0.0
prebreak,600323,2026-06-05,S,S,A,C,S,S,A,29.1164,30.38,28.87,1.51,,0,0.0,0.0,,0,0.0,0,0.0,0.0,,0,0.0,0,0.0,0.0,,0,0.0
prebreak,000729,2026-06-09,S,S,A,C,S,S,A,10.9534,12.28,11.66,0.62,,0,0.0,0.0,,0,0.0,0,0.0,0.0,,0,0.0,0,0.0,0.0,,0,0.0
prebreak,002007,2026-06-09,S,S,A,C,S,S,A,12.6986,13.4,12.76,0.64,,0,0.0,0.0,,0,0.0,0,0.0,0.0,,0,0.0,0,0.0,0.0,,0,0.0
prebreak,002249,2026-06-09,S,S,A,C,S,S,A,8.36,10.07,9.55,0.52,,0,0.0,0.0,,0,0.0,0,0.0,0.0,,0,0.0,0,0.0,0.0,,0,0.0
prebreak,002955,2026-06-09,S,S,A,C,S,S,A,28.6,25.94,24.62,1.32,,1,25.94,32.79,2026-06-16,0,5.1712,1,25.94,33.9,2026-06-24,0,6.0116,1,25.94,31.8,2026-06-25,1,4.4217
prebreak,300298,2026-06-09,S,S,A,C,S,S,A,14.5,15.88,15.07,0.81,,0,0.0,0.0,,0,0.0,0,0.0,0.0,,0,0.0,0,0.0,0.0,,0,0.0
prebreak,301303,2026-06-09,S,S,A,C,S,S,A,15.59,14.29,13.54,0.75,,1,14.29,16.23,2026-06-16,0,2.5706,1,14.29,17.46,2026-06-24,0,4.2095,1,14.29,17.28,2026-06-22,1,3.9697
prebreak,600350,2026-06-09,S,S,A,C,S,S,A,11.1607,10.97,10.41,0.56,,0,0.0,0.0,,0,0.0,0,0.0,0.0,,0,0.0,0,0.0,0.0,,0,0.0
prebreak,600521,2026-06-09,S,S,A,C,S,S,A,14.6369,16.78,15.92,0.86,,0,0.0,0.0,,0,0.0,0,0.0,0.0,,0,0.0,1,16.78,16.35,2026-07-08,0,-0.5145
prebreak,600694,2026-06-09,S,S,A,C,S,S,A,14.14,15.23,14.55,0.68,,0,0.0,0.0,,0,0.0,0,0.0,0.0,,0,0.0,0,0.0,0.0,,0,0.0
prebreak,601033,2026-06-09,S,S,A,C,S,S,A,13.99,14.7,14.07,0.63,,0,0.0,0.0,,0,0.0,0,0.0,0.0,,0,0.0,0,0.0,0.0,,0,0.0
prebreak,600380,2026-06-12,S,S,A,C,S,S,A,9.8158,9.84,9.33,0.51,,0,0.0,0.0,,0,0.0,0,0.0,0.0,,0,0.0,0,0.0,0.0,,0,0.0
prebreak,600449,2026-06-12,S,S,A,C,S,S,A,12.9,15.05,14.31,0.74,,0,0.0,0.0,,0,0.0,0,0.0,0.0,,0,0.0,0,0.0,0.0,,0,0.0
prebreak,001239,2026-06-15,S,S,A,C,S,S,A,14.11,13.39,12.68,0.71,,1,13.39,14.7,2026-06-23,0,1.8296,1,13.39,13.22,2026-06-30,0,-0.2536,1,13.39,13.39,2026-06-29,1,-0.0143
prebreak,603194,2026-06-15,S,S,A,C,S,S,A,37.95,36.36,34.51,1.85,,0,0.0,0.0,,0,0.0,0,0.0,0.0,,0,0.0,0,0.0,0.0,,0,0.0
prebreak,603877,2026-06-15,S,S,A,C,S,S,A,13.26,13.7,13.11,0.59,,0,0.0,0.0,,0,0.0,0,0.0,0.0,,0,0.0,0,0.0,0.0,,0,0.0
prebreak,603883,2026-06-15,S,S,A,C,S,S,A,11.8945,11.77,11.23,0.54,,0,0.0,0.0,,0,0.0,0,0.0,0.0,,0,0.0,0,0.0,0.0,,0,0.0
prebreak,603886,2026-06-15,S,S,A,C,S,S,A,13.14,11.5,10.96,0.54,,0,0.0,0.0,,0,0.0,0,0.0,0.0,,0,0.0,0,0.0,0.0,,0,0.0
prebreak,000729,2026-06-16,S,S,A,C,S,S,A,10.7666,12.28,11.66,0.62,,0,0.0,0.0,,0,0.0,0,0.0,0.0,,0,0.0,0,0.0,0.0,,0,0.0
prebreak,300298,2026-06-16,S,S,A,C,S,S,A,14.65,15.88,15.07,0.81,,0,0.0,0.0,,0,0.0,0,0.0,0.0,,0,0.0,0,0.0,0.0,,0,0.0
prebreak,301303,2026-06-16,S,S,A,C,S,S,A,16.23,14.29,13.54,0.75,,1,14.29,17.57,2026-06-22,0,4.3561,1,14.29,17.57,2026-06-22,0,4.3561,1,14.29,17.57,2026-06-22,0,4.3561
prebreak,600298,2026-06-16,S,S,A,C,S,S,A,34.73,35.65,33.84,1.81,,1,35.65,35.72,2026-06-24,0,0.0237,1,35.65,36.65,2026-07-01,0,0.5372,1,35.65,41.19,2026-07-30,0,3.0439
prebreak,600350,2026-06-16,S,S,A,C,S,S,A,10.6504,11.14,10.59,0.55,,0,0.0,0.0,,0,0.0,0,0.0,0.0,,0,0.0,0,0.0,0.0,,0,0.0
prebreak,600521,2026-06-16,S,S,A,C,S,S,A,14.2595,16.78,15.92,0.86,,0,0.0,0.0,,0,0.0,0,0.0,0.0,,0,0.0,1,16.78,16.35,2026-07-08,0,-0.5145
prebreak,600694,2026-06-16,S,S,A,C,S,S,A,14.6,15.23,14.55,0.68,,0,0.0,0.0,,0,0.0,0,0.0,0.0,,0,0.0,0,0.0,0.0,,0,0.0
prebreak,002727,2026-06-17,S,S,A,C,S,S,A,10.76,11.26,10.7,0.56,,0,0.0,0.0,,0,0.0,0,0.0,0.0,,0,0.0,1,11.26,12.67,2026-08-11,0,2.501
prebreak,002946,2026-06-17,S,S,A,C,S,S,A,15.39,16.71,15.83,0.88,,0,0.0,0.0,,0,0.0,0,0.0,0.0,,0,0.0,0,0.0,0.0,,0,0.0
prebreak,300181,2026-06-17,S,S,A,C,S,S,A,13.04,13.46,12.96,0.5,,1,13.46,12.96,2026-06-25,1,-1.0198,1,13.46,12.96,2026-06-25,1,-1.0198,1,13.46,12.96,2026-06-25,1,-1.0198
prebreak,301339,2026-06-17,S,S,A,C,S,S,A,11.21,11.54,10.95,0.59,,0,0.0,0.0,,0,0.0,0,0.0,0.0,,0,0.0,0,0.0,0.0,,0,0.0
prebreak,600007,2026-06-17,S,S,A,C,S,S,A,17.3609,20.75,19.75,1.0,,0,0.0,0.0,,0,0.0,0,0.0,0.0,,0,0.0,0,0.0,0.0,,0,0.0
prebreak,600161,2026-06-17,S,S,A,C,S,S,A,12.2704,13.16,12.56,0.6,,0,0.0,0.0,,0,0.0,0,0.0,0.0,,0,0.0,0,0.0,0.0,,0,0.0
prebreak,603858,2026-06-17,S,S,A,C,S,S,A,15.2131,15.22,14.6,0.62,,0,0.0,0.0,,0,0.0,0,0.0,0.0,,0,0.0,0,0.0,0.0,,0,0.0
prebreak,603939,2026-06-17,S,S,A,C,S,S,A,19.3688,21.23,20.18,1.05,,0,0.0,0.0,,0,0.0,0,0.0,0.0,,0,0.0,0,0.0,0.0,,0,0.0
prebreak,300595,2026-06-18,S,S,A,C,S,S,A,11.02,12.3,11.71,0.59,,0,0.0,0.0,,0,0.0,0,0.0,0.0,,0,0.0,0,0.0,0.0,,0,0.0
prebreak,600329,2026-06-18,S,S,A,C,S,S,A,35.6374,36.64,34.71,1.93,,0,0.0,0.0,,0,0.0,0,0.0,0.0,,0,0.0,0,0.0,0.0,,0,0.0
prebreak,600587,2026-06-18,S,S,A,C,S,S,A,11.9387,12.8,12.23,0.57,,0,0.0,0.0,,0,0.0,0,0.0,0.0,,0,0.0,1,12.8,12.23,2026-07-27,1,-1.0164
prebreak,601788,2026-06-18,S,S,A,C,S,S,A,14.19,14.44,13.77,0.67,,1,14.44,14.68,2026-06-24,0,0.3416,1,14.44,14.68,2026-06-24,0,0.3416,1,14.44,14.68,2026-06-24,0,0.3416
prebreak,601995,2026-06-18,S,S,A,C,S,S,A,33.4,33.05,31.29,1.76,,1,33.05,34.99,2026-06-24,0,1.0873,1,33.05,34.99,2026-06-24,0,1.0873,1,33.05,34.99,2026-06-24,0,1.0873
prebreak,603195,2026-06-18,S,S,A,C,S,S,A,39.35,40.82,38.9,1.92,,0,0.0,0.0,,0,0.0,0,0.0,0.0,,0,0.0,0,0.0,0.0,,0,0.0
prebreak,603658,2026-06-18,S,S,A,C,S,S,A,30.49,32.41,30.81,1.6,,0,0.0,0.0,,0,0.0,0,0.0,0.0,,0,0.0,1,32.41,32.42,2026-08-05,1,-0.0091
prebreak,688128,2026-06-18,S,S,A,C,S,S,A,26.77,27.5,26.11,1.39,,0,0.0,0.0,,0,0.0,0,0.0,0.0,,0,0.0,0,0.0,0.0,,0,0.0
prebreak,300146,2026-06-22,S,S,A,C,S,S,A,10.28,9.82,9.32,0.5,,1,9.82,9.73,2026-06-25,0,-0.1948,1,9.82,9.73,2026-06-25,0,-0.1948,1,9.82,9.73,2026-06-25,0,-0.1948
prebreak,001239,2026-06-23,S,S,A,C,S,S,A,14.7,13.39,12.68,0.71,,0,0.0,0.0,,0,0.0,0,0.0,0.0,,0,0.0,0,0.0,0.0,,0,0.0
prebreak,601136,2026-06-23,S,S,A,C,S,S,A,14.75,14.06,13.39,0.67,,0,0.0,0.0,,0,0.0,0,0.0,0.0,,0,0.0,0,0.0,0.0,,0,0.0
prebreak,603049,2026-06-23,S,S,A,C,S,S,A,44.29,45.78,43.72,2.06,,0,0.0,0.0,,0,0.0,1,45.78,48.79,2026-07-07,0,1.4434,1,45.78,48.43,2026-08-11,0,1.2687
prebreak,603194,2026-06-23,S,S,A,C,S,S,A,36.54,37.97,36.14,1.83,,1,37.97,36.14,2026-06-30,1,-1.0151,1,37.97,36.14,2026-06-30,1,-1.0151,1,37.97,36.14,2026-06-30,1,-1.0151
prebreak,002576,2026-06-29,S,S,A,C,S,S,A,13.99,16.5,15.66,0.84,,0,0.0,0.0,,0,0.0,0,0.0,0.0,,0,0.0,0,0.0,0.0,,0,0.0
prebreak,300146,2026-06-29,S,S,A,C,S,S,A,9.37,9.82,9.32,0.5,,0,0.0,0.0,,0,0.0,0,0.0,0.0,,0,0.0,1,9.82,10.06,2026-07-17,0,0.4648
prebreak,601136,2026-06-30,S,S,A,C,S,S,A,13.8841,14.06,13.39,0.67,,1,14.06,14.1827,2026-07-07,0,0.167,1,14.06,13.9637,2026-07-14,0,-0.1596,1,14.06,14.07,2026-07-22,1,-0.001
prebreak,002262,2026-07-01,S,S,A,C,S,S,A,19.57,19.66,18.67,0.99,,0,0.0,0.0,,0,0.0,0,0.0,0.0,,0,0.0,0,0.0,0.0,,0,0.0
prebreak,300298,2026-07-01,S,S,A,C,S,S,A,14.38,15.0,14.25,0.75,,0,0.0,0.0,,0,0.0,0,0.0,0.0,,0,0.0,0,0.0,0.0,,0,0.0
prebreak,300999,2026-07-01,S,S,A,C,S,S,A,24.21,26.13,24.8,1.33,,0,0.0,0.0,,0,0.0,0,0.0,0.0,,0,0.0,1,26.13,26.28,2026-08-11,0,0.0978
prebreak,600298,2026-07-01,S,S,A,C,S,S,A,36.65,35.65,33.84,1.81,,0,0.0,0.0,,0,0.0,0,0.0,0.0,,0,0.0,0,0.0,0.0,,0,0.0
prebreak,600690,2026-07-01,S,S,A,C,S,S,A,20.3,21.3,20.28,1.02,,0,0.0,0.0,,0,0.0,0,0.0,0.0,,0,0.0,0,0.0,0.0,,0,0.0
prebreak,601963,2026-07-01,S,S,A,C,S,S,A,9.8339,11.96,11.44,0.52,,0,0.0,0.0,,0,0.0,0,0.0,0.0,,0,0.0,0,0.0,0.0,,0,0.0
prebreak,000623,2026-07-03,S,S,A,C,S,S,A,18.173,17.19,16.57,0.62,,0,0.0,0.0,,0,0.0,0,0.0,0.0,,0,0.0,0,0.0,0.0,,0,0.0
prebreak,002603,2026-07-03,S,S,A,C,S,S,A,15.62,15.13,14.38,0.75,,0,0.0,0.0,,0,0.0,0,0.0,0.0,,0,0.0,0,0.0,0.0,,0,0.0
prebreak,600197,2026-07-03,S,S,A,C,S,S,A,10.02,10.3,9.78,0.52,,0,0.0,0.0,,0,0.0,0,0.0,0.0,,0,0.0,0,0.0,0.0,,0,0.0
prebreak,600285,2026-07-03,S,S,A,C,S,S,A,20.73,21.04,20.05,0.99,,0,0.0,0.0,,0,0.0,0,0.0,0.0,,0,0.0,0,0.0,0.0,,0,0.0
prebreak,600329,2026-07-03,S,S,A,C,S,S,A,37.6434,36.64,34.71,1.93,,0,0.0,0.0,,0,0.0,0,0.0,0.0,,0,0.0,0,0.0,0.0,,0,0.0
prebreak,601009,2026-07-03,S,S,A,C,S,S,A,10.43,11.67,11.13,0.54,,0,0.0,0.0,,0,0.0,0,0.0,0.0,,0,0.0,0,0.0,0.0,,0,0.0
prebreak,601788,2026-07-03,S,S,A,C,S,S,A,14.94,14.44,13.77,0.67,,1,14.44,14.98,2026-07-10,0,0.7891,1,14.44,14.61,2026-07-17,0,0.2372,1,14.44,14.44,2026-07-24,1,-0.0164
prebreak,603368,2026-07-03,S,S,A,C,S,S,A,15.58,16.12,15.4,0.72,,0,0.0,0.0,,0,0.0,1,16.12,15.63,2026-07-17,0,-0.6971,1,16.12,15.71,2026-07-20,0,-0.5861
prebreak,603658,2026-07-03,S,S,A,C,S,S,A,31.02,32.25,30.74,1.51,,0,0.0,0.0,,0,0.0,1,32.25,32.23,2026-07-17,0,-0.0295,1,32.25,32.26,2026-08-06,1,-0.0096
prebreak,002576,2026-07-06,S,S,A,C,S,S,A,14.92,16.5,15.66,0.84,,0,0.0,0.0,,0,0.0,0,0.0,0.0,,0,0.0,0,0.0,0.0,,0,0.0
prebreak,000429,2026-07-08,S,S,A,C,S,S,A,14.1193,13.46,12.74,0.72,,1,13.46,12.8819,2026-07-13,0,-0.8166,1,13.46,12.8819,2026-07-13,0,-0.8166,1,13.46,12.8819,2026-07-13,0,-0.8166
prebreak,002262,2026-07-08,S,S,A,C,S,S,A,19.62,19.66,18.67,0.99,,0,0.0,0.0,,0,0.0,0,0.0,0.0,,0,0.0,0,0.0,0.0,,0,0.0
prebreak,300999,2026-07-08,S,S,A,C,S,S,A,24.27,24.93,23.89,1.04,,0,0.0,0.0,,0,0.0,0,0.0,0.0,,0,0.0,0,0.0,0.0,,0,0.0
prebreak,600690,2026-07-08,S,S,A,C,S,S,A,20.29,20.79,20.06,0.73,,1,20.79,21.02,2026-07-15,0,0.2932,1,20.79,21.92,2026-07-22,0,1.5253,1,20.79,22.0,2026-08-11,0,1.6348
prebreak,603855,2026-07-08,S,S,A,C,S,S,A,16.78,17.07,16.32,0.75,,0,0.0,0.0,,0,0.0,0,0.0,0.0,,0,0.0,0,0.0,0.0,,0,0.0
prebreak,002232,2026-07-09,S,S,A,C,S,S,A,14.22,15.42,14.62,0.8,,0,0.0,0.0,,0,0.0,0,0.0,0.0,,0,0.0,0,0.0,0.0,,0,0.0
prebreak,002727,2026-07-09,S,S,A,C,S,S,A,10.05,10.54,9.99,0.55,,1,10.54,11.53,2026-07-16,0,1.7843,1,10.54,11.3,2026-07-23,0,1.3664,1,10.54,12.67,2026-08-11,0,3.8557
prebreak,002946,2026-07-09,S,S,A,C,S,S,A,14.03,16.71,15.83,0.88,,0,0.0,0.0,,0,0.0,0,0.0,0.0,,0,0.0,1,16.71,16.71,2026-08-06,1,-0.0144
prebreak,300181,2026-07-09,S,S,A,C,S,S,A,13.32,13.46,12.96,0.5,,0,0.0,0.0,,0,0.0,0,0.0,0.0,,0,0.0,0,0.0,0.0,,0,0.0
prebreak,600886,2026-07-09,S,S,A,C,S,S,A,13.2612,13.34,12.79,0.55,,0,0.0,0.0,,0,0.0,0,0.0,0.0,,0,0.0,0,0.0,0.0,,0,0.0
prebreak,601881,2026-07-09,S,S,A,C,S,S,A,12.9621,12.05,11.52,0.53,,0,0.0,0.0,,0,0.0,0,0.0,0.0,,0,0.0,0,0.0,0.0,,0,0.0
prebreak,603519,2026-07-09,S,S,A,C,S,S,A,14.55,11.84,11.3,0.54,,0,0.0,0.0,,0,0.0,0,0.0,0.0,,0,0.0,0,0.0,0.0,,0,0.0
prebreak,603858,2026-07-09,S,S,A,C,S,S,A,15.4306,15.43,14.75,0.68,,0,0.0,0.0,,0,0.0,0,0.0,0.0,,0,0.0,0,0.0,0.0,,0,0.0
prebreak,002603,2026-07-10,S,S,A,C,S,S,A,15.51,15.47,14.75,0.72,,1,15.47,16.5,2026-07-17,0,1.4133,1,15.47,16.4,2026-07-24,0,1.2745,1,15.47,16.87,2026-08-11,0,1.9269
prebreak,600285,2026-07-10,S,S,A,C,S,S,A,21.72,21.04,20.05,0.99,,1,21.04,22.4,2026-07-17,0,1.3567,1,21.04,21.91,2026-07-24,0,0.8621,1,21.04,22.55,2026-08-11,0,1.5081
prebreak,600329,2026-07-10,S,S,A,C,S,S,A,37.05,38.09,36.53,1.56,,0,0.0,0.0,,0,0.0,0,0.0,0.0,,0,0.0,0,0.0,0.0,,0,0.0
prebreak,600739,2026-07-10,S,S,A,C,S,S,A,9.9606,10.2,9.68,0.52,,1,10.2,10.3946,2026-07-17,0,0.359,1,10.2,10.3946,2026-07-17,0,0.359,1,10.2,10.3946,2026-07-17,0,0.359
prebreak,601838,2026-07-10,S,S,A,C,S,S,A,18.079,18.2,17.25,0.95,,0,0.0,0.0,,0,0.0,0,0.0,0.0,,0,0.0,0,0.0,0.0,,0,0.0
prebreak,603658,2026-07-10,S,S,A,C,S,S,A,30.78,31.42,29.98,1.44,,1,31.42,32.23,2026-07-17,0,0.5456,1,31.42,31.46,2026-07-24,0,0.0112,1,31.42,31.42,2026-07-24,1,-0.0166
prebreak,600621,2026-07-14,S,S,A,C,S,S,A,13.7628,13.41,12.8,0.61,,0,0.0,0.0,,0,0.0,0,0.0,0.0,,0,0.0,0,0.0,0.0,,0,0.0
prebreak,603049,2026-07-14,S,S,A,C,S,S,A,47.43,49.23,46.81,2.42,,0,0.0,0.0,,0,0.0,0,0.0,0.0,,0,0.0,0,0.0,0.0,,0,0.0
prebreak,603194,2026-07-14,S,S,A,C,S,S,A,33.6,34.12,32.51,1.61,,0,0.0,0.0,,0,0.0,0,0.0,0.0,,0,0.0,0,0.0,0.0,,0,0.0
prebreak,603883,2026-07-14,S,S,A,C,S,S,A,11.94,11.77,11.21,0.56,,1,11.77,12.3,2026-07-21,0,0.9299,1,11.77,12.32,2026-07-28,0,0.9656,1,11.77,14.01,2026-08-11,0,3.9815
prebreak,000429,2026-07-15,S,S,A,C,S,S,A,13.3903,13.46,12.74,0.72,,0,0.0,0.0,,0,0.0,0,0.0,0.0,,0,0.0,0,0.0,0.0,,0,0.0
prebreak,002007,2026-07-15,S,S,A,C,S,S,A,13.32,13.05,12.4,0.65,,1,13.05,13.19,2026-07-22,0,0.2,1,13.05,13.26,2026-07-29,0,0.3076,1,13.05,13.37,2026-08-11,0,0.4767
prebreak,300999,2026-07-15,S,S,A,C,S,S,A,25.29,24.82,23.72,1.1,,0,0.0,0.0,,0,0.0,0,0.0,0.0,,0,0.0,0,0.0,0.0,,0,0.0
prebreak,600690,2026-07-15,S,S,A,C,S,S,A,21.02,20.49,19.62,0.87,,0,0.0,0.0,,0,0.0,0,0.0,0.0,,0,0.0,0,0.0,0.0,,0,0.0
prebreak,601033,2026-07-15,S,S,A,C,S,S,A,14.03,14.11,13.52,0.59,,0,0.0,0.0,,0,0.0,0,0.0,0.0,,0,0.0,0,0.0,0.0,,0,0.0
prebreak,301267,2026-07-16,S,S,A,C,S,S,A,16.91,15.28,14.47,0.81,,0,0.0,0.0,,0,0.0,0,0.0,0.0,,0,0.0,0,0.0,0.0,,0,0.0
prebreak,601881,2026-07-16,S,S,A,C,S,S,A,12.9,13.21,12.53,0.68,,0,0.0,0.0,,0,0.0,0,0.0,0.0,,0,0.0,0,0.0,0.0,,0,0.0
prebreak,603858,2026-07-16,S,S,A,C,S,S,A,15.9841,15.43,14.75,0.68,,0,0.0,0.0,,0,0.0,0,0.0,0.0,,0,0.0,0,0.0,0.0,,0,0.0
prebreak,002415,2026-07-20,S,S,A,C,S,S,A,34.28,32.97,31.3,1.67,,0,0.0,0.0,,0,0.0,0,0.0,0.0,,0,0.0,0,0.0,0.0,,0,0.0
prebreak,002736,2026-07-20,S,S,A,C,S,S,A,10.31,10.44,9.89,0.55,,0,0.0,0.0,,0,0.0,0,0.0,0.0,,0,0.0,0,0.0,0.0,,0,0.0
prebreak,600030,2026-07-20,S,S,A,C,S,S,A,28.28,28.89,27.35,1.54,,0,0.0,0.0,,0,0.0,0,0.0,0.0,,0,0.0,0,0.0,0.0,,0,0.0
prebreak,002236,2026-07-21,S,S,A,C,S,S,A,16.51,17.03,16.15,0.88,,0,0.0,0.0,,0,0.0,0,0.0,0.0,,0,0.0,0,0.0,0.0,,0,0.0
prebreak,600479,2026-07-21,S,S,A,C,S,S,A,9.72,9.86,9.33,0.53,,0,0.0,0.0,,0,0.0,0,0.0,0.0,,0,0.0,0,0.0,0.0,,0,0.0
prebreak,603194,2026-07-21,S,S,A,C,S,S,A,33.92,34.24,32.53,1.71,,0,0.0,0.0,,0,0.0,0,0.0,0.0,,0,0.0,0,0.0,0.0,,0,0.0
prebreak,600886,2026-07-23,S,S,A,C,S,S,A,14.6037,13.35,12.79,0.56,,0,0.0,0.0,,0,0.0,0,0.0,0.0,,0,0.0,0,0.0,0.0,,0,0.0
prebreak,601881,2026-07-23,S,S,A,C,S,S,A,12.86,13.05,12.54,0.51,,0,0.0,0.0,,0,0.0,0,0.0,0.0,,0,0.0,0,0.0,0.0,,0,0.0
prebreak,603858,2026-07-23,S,S,A,C,S,S,A,15.6184,15.43,14.75,0.68,,0,0.0,0.0,,0,0.0,0,0.0,0.0,,0,0.0,0,0.0,0.0,,0,0.0
prebreak,000999,2026-07-27,S,S,A,C,S,S,A,24.99,24.47,23.26,1.21,,0,0.0,0.0,,0,0.0,0,0.0,0.0,,0,0.0,0,0.0,0.0,,0,0.0
prebreak,002736,2026-07-27,S,S,A,C,S,S,A,10.13,10.47,9.93,0.54,,0,0.0,0.0,,0,0.0,0,0.0,0.0,,0,0.0,0,0.0,0.0,,0,0.0
prebreak,600030,2026-07-27,S,S,A,C,S,S,A,28.26,28.78,27.71,1.07,,0,0.0,0.0,,0,0.0,0,0.0,0.0,,0,0.0,0,0.0,0.0,,0,0.0
prebreak,600380,2026-07-27,S,S,A,C,S,S,A,10.17,10.72,10.22,0.5,,0,0.0,0.0,,0,0.0,0,0.0,0.0,,0,0.0,0,0.0,0.0,,0,0.0
prebreak,601163,2026-07-27,S,S,A,C,S,S,A,12.62,12.89,12.33,0.56,,0,0.0,0.0,,0,0.0,0,0.0,0.0,,0,0.0,0,0.0,0.0,,0,0.0
prebreak,600479,2026-07-28,S,S,A,C,S,S,A,9.57,9.86,9.33,0.53,,0,0.0,0.0,,0,0.0,0,0.0,0.0,,0,0.0,0,0.0,0.0,,0,0.0
prebreak,601156,2026-07-28,S,S,A,C,S,S,A,17.03,16.48,15.68,0.8,,0,0.0,0.0,,0,0.0,0,0.0,0.0,,0,0.0,0,0.0,0.0,,0,0.0
prebreak,000429,2026-07-29,S,S,A,C,S,S,A,14.1001,13.46,12.74,0.72,,1,13.46,13.6205,2026-08-05,0,0.2085,1,13.46,13.29,2026-08-11,0,-0.2502,1,13.46,13.46,2026-08-10,1,-0.0142
prebreak,002007,2026-07-29,S,S,A,C,S,S,A,13.26,13.31,12.62,0.69,,0,0.0,0.0,,0,0.0,0,0.0,0.0,,0,0.0,0,0.0,0.0,,0,0.0
prebreak,300999,2026-07-29,S,S,A,C,S,S,A,26.27,26.45,25.45,1.0,,0,0.0,0.0,,0,0.0,0,0.0,0.0,,0,0.0,0,0.0,0.0,,0,0.0
prebreak,002727,2026-07-30,S,S,A,C,S,S,A,11.68,10.54,9.99,0.55,,0,0.0,0.0,,0,0.0,0,0.0,0.0,,0,0.0,0,0.0,0.0,,0,0.0
prebreak,301267,2026-07-30,S,S,A,C,S,S,A,16.58,15.28,14.47,0.81,,0,0.0,0.0,,0,0.0,0,0.0,0.0,,0,0.0,0,0.0,0.0,,0,0.0
prebreak,600887,2026-07-30,S,S,A,C,S,S,A,27.69,25.42,24.33,1.09,,0,0.0,0.0,,0,0.0,0,0.0,0.0,,0,0.0,0,0.0,0.0,,0,0.0
prebreak,601881,2026-07-30,S,S,A,C,S,S,A,12.57,12.86,12.26,0.6,,0,0.0,0.0,,0,0.0,0,0.0,0.0,,0,0.0,0,0.0,0.0,,0,0.0
prebreak,603170,2026-07-30,S,S,A,C,S,S,A,13.33,12.09,11.49,0.6,,1,12.09,13.01,2026-08-06,0,1.5171,1,12.09,13.25,2026-08-11,0,1.9168,1,12.09,13.25,2026-08-11,0,1.9168
prebreak,603858,2026-07-30,S,S,A,C,S,S,A,15.4405,15.89,15.17,0.72,,0,0.0,0.0,,0,0.0,0,0.0,0.0,,0,0.0,0,0.0,0.0,,0,0.0
prebreak,000623,2026-07-31,S,S,A,C,S,S,A,18.37,18.49,17.57,0.92,,0,0.0,0.0,,0,0.0,0,0.0,0.0,,0,0.0,0,0.0,0.0,,0,0.0
prebreak,002032,2026-07-31,S,S,A,C,S,S,A,43.59,43.99,42.12,1.87,,0,0.0,0.0,,0,0.0,0,0.0,0.0,,0,0.0,0,0.0,0.0,,0,0.0
prebreak,002351,2026-07-31,S,S,A,C,S,S,A,10.4,10.21,9.69,0.52,,0,0.0,0.0,,0,0.0,0,0.0,0.0,,0,0.0,0,0.0,0.0,,0,0.0
prebreak,002603,2026-07-31,S,S,A,C,S,S,A,16.89,17.01,16.18,0.83,,0,0.0,0.0,,0,0.0,0,0.0,0.0,,0,0.0,0,0.0,0.0,,0,0.0
prebreak,600009,2026-07-31,S,S,A,C,S,S,A,24.68,24.58,23.57,1.01,,0,0.0,0.0,,0,0.0,0,0.0,0.0,,0,0.0,0,0.0,0.0,,0,0.0
prebreak,600285,2026-07-31,S,S,A,C,S,S,A,23.0,22.79,21.81,0.98,,0,0.0,0.0,,0,0.0,0,0.0,0.0,,0,0.0,0,0.0,0.0,,0,0.0
prebreak,600587,2026-07-31,S,S,A,C,S,S,A,12.98,12.56,11.93,0.63,,0,0.0,0.0,,0,0.0,0,0.0,0.0,,0,0.0,0,0.0,0.0,,0,0.0
prebreak,600861,2026-07-31,S,S,A,C,S,S,A,13.76,12.84,12.32,0.52,,0,0.0,0.0,,0,0.0,0,0.0,0.0,,0,0.0,0,0.0,0.0,,0,0.0
prebreak,600993,2026-07-31,S,S,A,C,S,S,A,24.2995,23.42,22.35,1.07,,0,0.0,0.0,,0,0.0,0,0.0,0.0,,0,0.0,0,0.0,0.0,,0,0.0
prebreak,601788,2026-07-31,S,S,A,C,S,S,A,14.8,14.88,14.29,0.59,,0,0.0,0.0,,0,0.0,0,0.0,0.0,,0,0.0,0,0.0,0.0,,0,0.0
prebreak,603043,2026-07-31,S,S,A,C,S,S,A,14.17,13.63,12.94,0.69,,0,0.0,0.0,,0,0.0,0,0.0,0.0,,0,0.0,0,0.0,0.0,,0,0.0
prebreak,603288,2026-07-31,S,S,A,C,S,S,A,38.44,37.17,35.59,1.58,,0,0.0,0.0,,0,0.0,0,0.0,0.0,,0,0.0,0,0.0,0.0,,0,0.0
prebreak,603368,2026-07-31,S,S,A,C,S,S,A,15.77,15.7,14.93,0.77,,0,0.0,0.0,,0,0.0,0,0.0,0.0,,0,0.0,0,0.0,0.0,,0,0.0
prebreak,000028,2026-08-04,S,S,A,C,S,S,A,20.83,21.35,20.25,1.1,,1,21.35,20.65,2026-08-11,0,-0.6507,1,21.35,20.65,2026-08-11,0,-0.6507,1,21.35,20.65,2026-08-11,0,-0.6507
prebreak,000513,2026-08-04,S,S,A,C,S,S,A,30.82,31.46,30.31,1.15,,0,0.0,0.0,,0,0.0,0,0.0,0.0,,0,0.0,0,0.0,0.0,,0,0.0
prebreak,002236,2026-08-04,S,S,A,C,S,S,A,17.13,16.82,16.08,0.74,,0,0.0,0.0,,0,0.0,0,0.0,0.0,,0,0.0,0,0.0,0.0,,0,0.0
prebreak,000429,2026-08-05,S,S,A,C,S,S,A,13.6205,13.45,12.78,0.67,,0,0.0,0.0,,0,0.0,0,0.0,0.0,,0,0.0,0,0.0,0.0,,0,0.0
prebreak,002007,2026-08-05,S,S,A,C,S,S,A,13.3,13.81,13.19,0.62,,0,0.0,0.0,,0,0.0,0,0.0,0.0,,0,0.0,0,0.0,0.0,,0,0.0
prebreak,000063,2026-08-06,S,S,A,C,S,S,A,34.7,35.05,33.31,1.74,,0,0.0,0.0,,0,0.0,0,0.0,0.0,,0,0.0,0,0.0,0.0,,0,0.0
prebreak,300470,2026-08-06,S,S,A,C,S,S,A,29.44,29.99,28.48,1.51,,0,0.0,0.0,,0,0.0,0,0.0,0.0,,0,0.0,0,0.0,0.0,,0,0.0
prebreak,600315,2026-08-06,S,S,A,C,S,S,A,17.29,18.12,17.19,0.93,,0,0.0,0.0,,0,0.0,0,0.0,0.0,,0,0.0,0,0.0,0.0,,0,0.0
prebreak,600887,2026-08-06,S,S,A,C,S,S,A,26.32,25.42,24.33,1.09,,0,0.0,0.0,,0,0.0,0,0.0,0.0,,0,0.0,0,0.0,0.0,,0,0.0
prebreak,603858,2026-08-06,S,S,A,C,S,S,A,15.43,15.9,15.29,0.61,,0,0.0,0.0,,0,0.0,0,0.0,0.0,,0,0.0,0,0.0,0.0,,0,0.0
prebreak,000885,2026-08-07,S,S,A,C,S,S,A,12.86,13.33,12.69,0.64,,0,0.0,0.0,,0,0.0,0,0.0,0.0,,0,0.0,0,0.0,0.0,,0,0.0
prebreak,001308,2026-08-07,S,S,A,C,S,S,A,19.15,17.37,16.55,0.82,,0,0.0,0.0,,0,0.0,0,0.0,0.0,,0,0.0,0,0.0,0.0,,0,0.0
prebreak,600285,2026-08-07,S,S,A,C,S,S,A,22.24,22.79,21.81,0.98,,0,0.0,0.0,,0,0.0,0,0.0,0.0,,0,0.0,0,0.0,0.0,,0,0.0
prebreak,600587,2026-08-07,S,S,A,C,S,S,A,12.79,13.22,12.65,0.57,,0,0.0,0.0,,0,0.0,0,0.0,0.0,,0,0.0,0,0.0,0.0,,0,0.0
prebreak,600900,2026-08-07,S,S,A,C,S,S,A,27.75,29.63,28.12,1.51,,0,0.0,0.0,,0,0.0,0,0.0,0.0,,0,0.0,0,0.0,0.0,,0,0.0
prebreak,600993,2026-08-07,S,S,A,C,S,S,A,23.46,23.42,22.35,1.07,,0,0.0,0.0,,0,0.0,0,0.0,0.0,,0,0.0,0,0.0,0.0,,0,0.0
prebreak,603368,2026-08-07,S,S,A,C,S,S,A,15.63,15.93,15.25,0.68,,0,0.0,0.0,,0,0.0,0,0.0,0.0,,0,0.0,0,0.0,0.0,,0,0.0
prebreak,603658,2026-08-07,S,S,A,C,S,S,A,32.43,33.53,32.05,1.48,,0,0.0,0.0,,0,0.0,0,0.0,0.0,,0,0.0,0,0.0,0.0,,0,0.0
prebreak,000895,2026-08-10,S,S,A,C,S,S,A,24.95,23.82,22.56,1.26,,0,0.0,0.0,,0,0.0,0,0.0,0.0,,0,0.0,0,0.0,0.0,,0,0.0
prebreak,600196,2026-08-10,S,S,A,C,S,S,A,24.12,23.81,22.59,1.22,,1,23.81,24.33,2026-08-11,0,0.4111,1,23.81,24.33,2026-08-11,0,0.4111,1,23.81,24.33,2026-08-11,0,0.4111
prebreak,601939,2026-08-10,S,S,A,C,S,S,A,10.13,10.36,9.83,0.53,,0,0.0,0.0,,0,0.0,0,0.0,0.0,,0,0.0,0,0.0,0.0,,0,0.0
prebreak,000513,2026-08-11,S,S,A,C,S,S,A,30.75,31.33,29.85,1.48,,1,30.75,30.75,2026-08-11,0,0.0,1,30.75,30.75,2026-08-11,0,0.0,1,30.75,30.75,2026-08-11,0,0.0
prebreak,000550,2026-08-11,S,S,A,C,S,S,A,16.39,17.23,16.52,0.71,,1,16.39,16.39,2026-08-11,0,0.0,1,16.39,16.39,2026-08-11,0,0.0,1,16.39,16.39,2026-08-11,0,0.0
prebreak,002287,2026-08-11,S,S,A,C,S,S,A,20.68,21.22,20.22,1.0,,1,20.68,20.68,2026-08-11,0,0.0,1,20.68,20.68,2026-08-11,0,0.0,1,20.68,20.68,2026-08-11,0,0.0
prebreak,600211,2026-08-11,S,S,A,C,S,S,A,39.25,39.68,37.72,1.96,,1,39.25,39.25,2026-08-11,0,0.0,1,39.25,39.25,2026-08-11,0,0.0,1,39.25,39.25,2026-08-11,0,0.0
prebreak,601136,2026-08-11,S,S,A,C,S,S,A,14.49,15.02,14.45,0.57,,1,14.49,14.49,2026-08-11,0,0.0,1,14.49,14.49,2026-08-11,0,0.0,1,14.49,14.49,2026-08-11,0,0.0
