symbol,board,limit_days_max,limit_days_20cm,gap_3,gap_4,gap_5,n
600777,沪主板,2,0,4,4,3,60
002731,深主板,13,0,26,23,16,60
688121,科创板,8,4,9,8,6,60
600735,沪主板,0,0,4,3,1,60
300225,创业板,3,0,0,0,0,60
603377,沪主板,0,0,9,5,1,60
605255,沪主板,8,0,9,7,6,60
603843,沪主板,4,0,4,2,0,60
603389,沪主板,3,0,3,1,1,60
001331,深主板,12,0,5,5,2,60
601995,沪主板,0,0,0,0,0,60
601198,沪主板,0,0,1,0,0,60
601059,沪主板,0,0,1,0,0,60
002969,深主板,7,0,7,5,4,60
002931,深主板,14,0,6,3,1,60
300486,创业板,2,2,1,1,1,60
688585,科创板,5,0,7,5,4,60
605178,沪主板,9,0,8,6,4,60
600337,沪主板,0,0,2,0,0,60
600358,沪主板,1,0,0,0,0,60
600360,沪主板,9,0,10,3,3,60
603729,沪主板,0,0,0,0,0,60
002175,深主板,1,0,15,12,5,60
603359,沪主板,0,0,6,3,0,60
300111,创业板,1,0,1,0,0,60
688766,科创板,15,1,25,11,10,60
600319,沪主板,0,0,3,0,0,60
000959,深主板,2,0,0,0,0,60
002036,深主板,6,0,7,3,2,60
688051,科创板,1,0,4,1,1,60
600438,沪主板,1,0,0,0,0,60
600721,沪主板,6,0,4,4,4,60
601555,沪主板,0,0,0,0,0,60
301148,创业板,1,0,1,0,0,60
002445,深主板,1,0,2,1,1,60
301316,创业板,4,0,3,2,1,60
300127,创业板,0,0,0,0,0,60
603058,沪主板,2,0,0,0,0,60
603019,沪主板,3,0,7,4,1,60
688521,科创板,7,0,9,5,4,60
300131,创业板,6,0,6,5,2,60
300069,创业板,8,4,12,10,7,60
002480,深主板,0,0,1,0,0,60
688347,科创板,9,2,11,7,3,60
300851,创业板,1,0,4,3,3,60
603616,沪主板,7,0,12,9,7,60
301178,创业板,6,0,4,1,1,60
301112,创业板,2,1,1,0,0,60
000407,深主板,0,0,0,0,0,60
300214,创业板,11,3,6,5,4,60
301213,创业板,4,0,3,0,0,60
301309,创业板,2,0,1,1,1,60
300658,创业板,2,1,4,3,2,60
301234,创业板,8,4,8,7,6,60
600962,沪主板,7,0,9,6,3,60
000552,深主板,0,0,0,0,0,60
000545,深主板,4,0,1,1,0,60
603213,沪主板,0,0,0,0,0,60
300691,创业板,0,0,1,1,1,60
600579,沪主板,3,0,1,0,0,60
002049,深主板,0,0,3,0,0,60
300277,创业板,0,0,1,0,0,60
300965,创业板,3,0,4,4,3,60
688689,科创板,12,2,10,6,6,60
603950,沪主板,10,0,10,7,4,60
300889,创业板,2,0,1,0,0,60
688277,科创板,2,0,3,2,2,60
600156,沪主板,7,0,10,7,5,60
002155,深主板,1,0,7,1,0,60
002812,深主板,2,0,2,0,0,60
002859,深主板,9,0,14,10,7,60
688693,科创板,7,0,4,4,4,60
688041,科创板,0,0,7,5,3,60
002769,深主板,1,0,0,0,0,60
688072,科创板,8,1,11,9,5,60
688175,科创板,6,0,3,3,1,60
300807,创业板,0,0,0,0,0,60
002185,深主板,10,0,15,10,8,60
688536,科创板,1,0,6,3,3,60
300950,创业板,0,0,0,0,0,60
300307,创业板,1,0,0,0,0,60
300955,创业板,2,0,1,0,0,60
301033,创业板,1,1,1,0,0,60
688531,科创板,9,0,13,6,4,60
600800,沪主板,1,0,0,0,0,60
300912,创业板,5,2,6,4,3,60
300828,创业板,2,0,5,3,3,60
002968,深主板,0,0,0,0,0,60
603137,沪主板,17,0,18,18,13,60
688165,科创板,2,0,4,2,1,60
600208,沪主板,5,0,4,4,4,60
300620,创业板,10,2,9,7,3,60
688478,科创板,10,3,17,12,10,60
601369,沪主板,3,0,1,1,1,60
301022,创业板,0,0,0,0,0,60
688381,科创板,7,1,6,5,4,60
688191,科创板,7,0,1,1,0,60
300672,创业板,9,0,9,4,2,60
000670,深主板,5,0,5,3,2,60
688228,科创板,1,0,2,2,1,60
000695,深主板,2,0,0,0,0,60
301357,创业板,1,1,4,2,1,60
600958,沪主板,0,0,0,0,0,60
603933,沪主板,4,0,3,3,0,60
000524,深主板,2,0,4,4,2,60
600058,沪主板,5,0,3,3,3,60
688237,科创板,5,1,2,1,0,60
300710,创业板,3,0,3,1,0,60
002166,深主板,0,0,1,1,0,60
002718,深主板,4,0,4,1,1,60
601088,沪主板,0,0,0,0,0,60
600499,沪主板,1,0,2,1,1,60
600960,沪主板,0,0,1,0,0,60
688588,科创板,0,0,0,0,0,60
301079,创业板,1,0,0,0,0,60
603306,沪主板,6,0,6,2,2,60
603121,沪主板,4,0,2,2,0,60
301362,创业板,12,2,12,9,4,60
301505,创业板,0,0,0,0,0,60
300067,创业板,1,1,3,3,2,60
001206,深主板,6,0,6,4,3,60
688291,科创板,3,1,5,2,0,60
605008,沪主板,0,0,0,0,0,60
300332,创业板,1,0,6,4,3,60
300353,创业板,1,1,2,2,1,60
300174,创业板,6,1,11,7,6,60
603496,沪主板,4,0,6,1,1,60
301517,创业板,1,0,2,2,1,60
002708,深主板,2,0,3,0,0,60
002128,深主板,1,0,2,0,0,60
688012,科创板,8,0,11,3,2,60
001314,深主板,4,0,7,6,5,60
003041,深主板,1,0,0,0,0,60
603216,沪主板,1,0,0,0,0,60
000878,深主板,1,0,2,2,0,60
603758,沪主板,1,0,0,0,0,60
600673,沪主板,6,0,7,4,3,60
600717,沪主板,0,0,1,0,0,60
000711,深主板,0,0,16,11,6,60
688313,科创板,8,0,19,8,6,60
600500,沪主板,11,0,10,8,6,60
002169,深主板,3,0,2,1,1,60
603151,沪主板,1,0,1,1,0,60
601969,沪主板,1,0,0,0,0,60
601615,沪主板,0,0,0,0,0,60
300291,创业板,1,1,2,1,0,60
000151,深主板,3,0,1,0,0,60
601003,沪主板,2,0,2,1,0,60
301075,创业板,2,0,1,0,0,60
300862,创业板,2,0,1,0,0,60
603721,沪主板,3,0,5,3,1,60
600228,沪主板,9,0,7,5,4,60
300165,创业板,0,0,0,0,0,60
603789,沪主板,2,0,6,4,2,60
600491,沪主板,4,0,13,11,7,60
002762,深主板,1,0,0,0,0,60
600302,沪主板,3,0,8,2,0,60
603580,沪主板,13,0,24,17,11,60
688981,科创板,4,0,8,4,3,60
002199,深主板,7,0,13,9,3,60
300665,创业板,3,1,8,6,5,60
605389,沪主板,1,0,1,0,0,60
002667,深主板,5,0,34,30,12,60
600730,沪主板,6,0,12,9,7,60
300442,创业板,0,0,6,4,2,60
603828,沪主板,0,0,7,4,2,60
000608,深主板,9,0,10,6,0,60
002047,深主板,2,0,4,3,3,60
300068,创业板,2,1,2,1,1,60
300841,创业板,0,0,0,0,0,60
600593,沪主板,1,0,2,0,0,60
002348,深主板,7,0,8,6,4,60
300385,创业板,4,1,4,1,0,60
300551,创业板,1,0,2,0,0,60
300264,创业板,5,2,3,2,1,60
300329,创业板,0,0,0,0,0,60
300897,创业板,5,2,6,3,3,60
002729,深主板,4,0,5,3,1,60
300411,创业板,5,2,2,2,1,60
603182,沪主板,0,0,0,0,0,60
300270,创业板,7,2,6,3,1,60
605028,沪主板,4,0,11,7,5,60
000716,深主板,1,0,0,0,0,60
300572,创业板,3,0,1,0,0,60
002326,深主板,2,0,6,2,1,60
000633,深主板,0,0,0,0,0,60
300567,创业板,12,0,12,6,4,60
002387,深主板,4,0,2,2,0,60
301057,创业板,0,0,4,0,0,60
000908,深主板,5,0,5,2,2,60
688591,科创板,1,0,3,1,0,60
603311,沪主板,7,0,9,4,1,60
000953,深主板,0,0,0,0,0,60
002172,深主板,0,0,0,0,0,60
600222,沪主板,1,0,1,1,1,60
603118,沪主板,10,0,20,12,7,60
603508,沪主板,0,0,1,0,0,60
688109,科创板,2,0,5,1,0,60
002853,深主板,2,0,1,0,0,60
000008,深主板,1,0,2,2,2,60
002176,深主板,1,0,1,0,0,60
300242,创业板,1,0,3,3,1,60
002235,深主板,6,0,4,1,0,60
002629,深主板,5,0,4,3,1,60
603001,沪主板,11,0,8,5,5,60
301040,创业板,3,0,1,0,0,60
002370,深主板,3,0,1,0,0,60
000609,深主板,2,0,6,3,1,60
600243,沪主板,2,0,3,3,2,60
300550,创业板,4,0,2,2,1,60
002677,深主板,6,0,6,4,4,60
601020,沪主板,2,0,2,1,1,60
300959,创业板,9,0,10,8,8,60
603722,沪主板,4,0,4,3,3,60
603863,沪主板,1,0,0,0,0,60
300992,创业板,0,0,4,2,1,60
603980,沪主板,1,0,2,2,1,60
002357,深主板,1,0,1,0,0,60
301073,创业板,1,0,4,3,3,60
002713,深主板,2,0,5,3,3,60
002875,深主板,2,0,1,1,1,60
300615,创业板,3,3,3,3,3,60
301096,创业板,3,1,2,2,2,60
603719,沪主板,1,0,1,0,0,60
301025,创业板,1,0,1,0,0,60
603159,沪主板,5,0,7,5,4,60
002571,深主板,0,0,0,0,0,60
603336,沪主板,3,0,0,0,0,60
002826,深主板,3,0,1,1,1,60
300948,创业板,6,0,1,1,1,60
300084,创业板,1,0,1,0,0,60
603897,沪主板,1,0,1,0,0,60
301218,创业板,7,0,3,2,1,60
300588,创业板,4,1,4,4,3,60
300666,创业板,10,1,13,6,4,60
603042,沪主板,2,0,5,3,3,60
002828,深主板,4,0,5,4,4,60
300506,创业板,4,1,3,1,1,60
000586,深主板,4,0,2,2,1,60
603037,沪主板,0,0,1,0,0,60
603078,沪主板,8,0,9,8,3,60
603161,沪主板,3,0,0,0,0,60
600405,沪主板,2,0,3,2,2,60
301181,创业板,0,0,1,1,1,60
688193,科创板,0,0,4,0,0,60
002569,深主板,1,0,6,5,3,60
002778,深主板,0,0,0,0,0,60
002806,深主板,8,0,6,4,2,60
300585,创业板,0,0,1,1,0,60
002516,深主板,0,0,0,0,0,60
300018,创业板,1,1,0,0,0,60
002160,深主板,1,0,3,3,2,60
300424,创业板,1,0,0,0,0,60
300169,创业板,1,1,1,0,0,60
603608,沪主板,6,0,6,4,2,60
300451,创业板,0,0,0,0,0,60
300046,创业板,1,0,3,3,1,60
002462,深主板,0,0,0,0,0,60
603779,沪主板,11,0,13,11,9,60
002114,深主板,1,0,3,1,0,60
002554,深主板,0,0,0,0,0,60
000430,深主板,0,0,3,1,0,60
002686,深主板,1,0,2,2,2,60
000697,深主板,0,0,0,0,0,60
300685,创业板,2,0,2,2,1,60
002510,深主板,0,0,1,1,1,60
300333,创业板,4,1,1,0,0,60
600150,沪主板,0,0,0,0,0,60
001270,深主板,10,0,10,6,4,60
300087,创业板,1,1,2,1,1,60
300300,创业板,1,0,1,1,1,60
002955,深主板,3,0,3,1,0,60
603226,沪主板,3,0,5,3,2,60
002289,深主板,5,0,10,5,3,60
001267,深主板,11,0,10,3,3,60
605555,沪主板,1,0,0,0,0,60
688146,科创板,19,6,25,19,10,60
000838,深主板,6,0,9,4,1,60
300326,创业板,0,0,0,0,0,60
603778,沪主板,13,0,10,7,4,60
301171,创业板,5,1,5,4,1,60
300635,创业板,1,0,1,1,1,60
688005,科创板,1,0,1,1,1,60
002420,深主板,1,0,3,2,1,60
603122,沪主板,2,0,0,0,0,60
000793,深主板,0,0,2,2,1,60
603966,沪主板,0,0,0,0,0,60
300986,创业板,2,0,1,0,0,60
601010,沪主板,2,0,6,6,3,60
301027,创业板,1,0,1,1,1,60
002822,深主板,0,0,7,6,3,60
600745,沪主板,1,0,18,16,7,60
688260,科创板,19,6,25,19,12,60
300692,创业板,1,0,2,1,1,60
600165,沪主板,1,0,5,2,0,60
688143,科创板,15,3,21,11,6,60
601133,沪主板,10,0,17,11,9,60
002131,深主板,2,0,2,1,1,60
002633,深主板,0,0,0,0,0,60
300523,创业板,1,0,0,0,0,60
688110,科创板,6,2,9,7,5,60
000820,深主板,4,0,12,11,8,60
300996,创业板,3,2,3,2,2,60
000592,深主板,3,0,0,0,0,60
300554,创业板,1,0,2,1,1,60
002581,深主板,2,0,6,4,3,60
301007,创业板,1,0,0,0,0,60
002200,深主板,2,0,2,1,0,60
300311,创业板,0,0,1,0,0,60
603221,沪主板,10,0,10,10,10,60
301012,创业板,2,1,7,6,2,60
002090,深主板,1,0,0,0,0,60
300091,创业板,0,0,1,1,1,60
000659,深主板,1,0,0,0,0,60
300338,创业板,4,0,2,2,1,60
000593,深主板,11,0,11,8,6,60
002798,深主板,3,0,2,1,1,60
300093,创业板,6,1,7,5,3,60
002742,深主板,1,0,3,2,1,60
000656,深主板,3,0,5,5,3,60
300159,创业板,1,0,0,0,0,60
300419,创业板,1,0,0,0,0,60
002309,深主板,6,0,8,5,3,60
000403,深主板,2,0,1,1,1,60
300246,创业板,4,0,1,0,0,60
688496,科创板,15,9,25,16,13,60
002765,深主板,1,0,1,1,0,60
600249,沪主板,0,0,0,0,0,60
600988,沪主板,4,0,15,6,4,60
603305,沪主板,0,0,1,0,0,60
600323,沪主板,0,0,0,0,0,60
300478,创业板,2,0,4,2,2,60
002424,深主板,0,0,0,0,0,60
300142,创业板,2,0,0,0,0,60
300736,创业板,4,0,3,3,0,60
002217,深主板,2,0,12,10,5,60
603959,沪主板,0,0,4,4,1,60
000691,深主板,2,0,3,1,0,60
603559,沪主板,5,0,6,4,2,60
600603,沪主板,1,0,1,1,0,60
603363,沪主板,2,0,1,0,0,60
600671,沪主板,2,0,1,1,1,60
603429,沪主板,2,0,12,9,4,60
002717,深主板,0,0,27,17,8,60
300594,创业板,1,0,0,0,0,60
603798,沪主板,2,0,2,1,0,60
002316,深主板,0,0,0,0,0,60
000903,深主板,0,0,2,0,0,60
000909,深主板,3,0,5,2,1,60
002856,深主板,6,0,29,24,12,60
002883,深主板,0,0,0,0,0,60
000698,深主板,0,0,0,0,0,60
000677,深主板,4,0,20,12,5,60
000016,深主板,1,0,4,1,0,60
000639,深主板,4,0,10,5,3,60
000632,深主板,2,0,3,1,1,60
300366,创业板,0,0,0,0,0,60
000929,深主板,0,0,1,1,0,60
000525,深主板,0,0,2,1,0,60
002058,深主板,2,0,2,1,0,60
002748,深主板,0,0,2,0,0,60
300396,创业板,0,0,0,0,0,60
600080,沪主板,0,0,0,0,0,60
300368,创业板,2,1,1,1,1,60
603268,沪主板,2,0,0,0,0,60
600678,沪主板,0,0,13,10,4,60
000518,深主板,6,0,8,5,4,60
300376,创业板,1,1,2,0,0,60
002868,深主板,2,0,2,2,1,60
000056,深主板,1,0,18,13,9,60
300460,创业板,0,0,4,1,0,60
600119,沪主板,0,0,0,0,0,60
002306,深主板,0,0,2,1,0,60
603378,沪主板,4,0,11,8,3,60
600107,沪主板,0,0,2,0,0,60
000911,深主板,0,0,4,2,0,60
300462,创业板,0,0,1,1,0,60
603718,沪主板,0,0,3,2,0,60
002310,深主板,4,0,4,3,0,60
002759,深主板,8,0,10,6,5,60
000078,深主板,8,0,19,17,10,60
300430,创业板,1,0,1,0,0,60
002323,深主板,0,0,13,9,5,60
002726,深主板,4,0,18,15,9,60
600130,沪主板,2,0,2,2,0,60
002259,深主板,0,0,0,0,0,60
688511,科创板,5,0,4,0,0,60
600084,沪主板,1,0,1,1,0,60
600624,沪主板,0,0,1,1,1,60
600082,沪主板,1,0,1,1,0,60
002055,深主板,0,0,10,8,4,60
600965,沪主板,0,0,5,3,2,60
300352,创业板,1,0,0,0,0,60
300600,创业板,0,0,2,2,0,60
600983,沪主板,0,0,0,0,0,60
603272,沪主板,7,0,34,27,13,60
600079,沪主板,0,0,0,0,0,60
002168,深主板,0,0,0,0,0,60
002848,深主板,1,0,3,1,1,60
002721,深主板,1,0,1,0,0,60
688189,科创板,4,1,6,4,2,60
000070,深主板,5,0,11,8,8,60
002253,深主板,1,0,1,1,1,60
002719,深主板,1,0,4,2,0,60
002052,深主板,1,0,2,0,0,60
600053,沪主板,0,0,0,0,0,60
603261,沪主板,8,0,9,8,4,60
000668,深主板,6,0,3,2,2,60
300052,创业板,4,2,2,2,1,60
002656,深主板,0,0,3,1,0,60
300295,创业板,0,0,0,0,0,60
603023,沪主板,0,0,1,1,1,60
600753,沪主板,0,0,3,3,2,60
300212,创业板,7,1,5,3,2,60
603189,沪主板,0,0,2,1,0,60
000821,深主板,0,0,1,0,0,60
300163,创业板,6,1,7,2,1,60
688270,科创板,4,0,8,2,1,60
600423,沪主板,0,0,2,2,1,60
603825,沪主板,0,0,3,1,0,60
002198,深主板,0,0,1,0,0,60
603517,沪主板,0,0,0,0,0,60
300290,创业板,6,3,6,5,4,60
002227,深主板,0,0,1,0,0,60
300167,创业板,1,1,2,0,0,60
600543,沪主板,0,0,0,0,0,60
600234,沪主板,5,0,3,2,1,60
002586,深主板,0,0,1,1,0,60
002122,深主板,0,0,0,0,0,60
603007,沪主板,5,0,2,2,2,60
002431,深主板,0,0,2,0,0,60
300152,创业板,3,1,2,0,0,60
601718,沪主板,0,0,2,2,2,60
600187,沪主板,3,0,14,10,6,60
000615,深主板,0,0,0,0,0,60
300561,创业板,7,2,9,2,0,60
603595,沪主板,1,0,15,11,7,60
000889,深主板,5,0,11,7,3,60
301030,创业板,7,1,7,3,1,60
002620,深主板,2,0,11,9,3,60
603922,沪主板,1,0,11,7,2,60
300313,创业板,0,0,2,1,0,60
600239,沪主板,0,0,2,1,0,60
002360,深主板,1,0,6,5,1,60
688053,科创板,0,0,0,0,0,60
002951,深主板,13,0,9,7,6,60
300301,创业板,1,0,0,0,0,60
000504,深主板,2,0,3,2,2,60
300527,创业板,0,0,0,0,0,60
003004,深主板,9,0,9,6,4,60
600238,沪主板,1,0,2,2,2,60
002547,深主板,4,0,5,3,2,60
688022,科创板,0,0,0,0,0,60
688201,科创板,0,0,0,0,0,60
603822,沪主板,1,0,2,2,1,60
002092,深主板,0,0,1,1,1,60
300198,创业板,1,0,1,0,0,60
600287,沪主板,0,0,0,0,0,60
002634,深主板,0,0,9,3,0,60
301288,创业板,1,0,1,1,0,60
300027,创业板,0,0,1,1,0,60
600889,沪主板,0,0,1,1,0,60
300536,创业板,2,0,3,1,0,60
600530,沪主板,7,0,8,6,5,60
600289,沪主板,2,0,3,1,1,60
300268,创业板,1,0,1,0,0,60
002388,深主板,8,0,8,5,2,60
300020,创业板,3,1,3,1,1,60
002076,深主板,0,0,0,0,0,60
300831,创业板,3,0,4,2,1,60
603008,沪主板,0,0,4,4,3,60
600892,沪主板,2,0,2,1,1,60
300175,创业板,1,1,1,1,0,60
600537,沪主板,0,0,10,6,4,60
002630,深主板,0,0,2,1,0,60
605336,沪主板,0,0,5,4,2,60
600759,沪主板,4,0,27,20,11,60
600439,沪主板,3,0,4,2,2,60
600476,沪主板,0,0,0,0,0,60
000610,深主板,0,0,1,1,0,60
300044,创业板,2,1,2,0,0,60
300173,创业板,0,0,0,0,0,60
600831,沪主板,2,0,0,0,0,60
002977,深主板,2,0,8,5,2,60
002647,深主板,2,0,3,2,1,60
000595,深主板,8,0,10,8,7,60
688622,科创板,4,3,5,3,1,60
688033,科创板,0,0,3,2,2,60
301139,创业板,20,11,30,21,13,60
000010,深主板,0,0,8,7,2,60
300010,创业板,2,0,5,2,1,60
002207,深主板,2,0,19,12,2,60
300716,创业板,4,2,9,5,3,60
000826,深主板,2,0,8,6,2,60
600711,沪主板,2,0,5,2,0,60
002496,深主板,1,0,1,0,0,60
300125,创业板,0,0,0,0,0,60
300097,创业板,1,0,2,1,0,60
300237,创业板,0,0,0,0,0,60
002689,深主板,0,0,0,0,0,60
600169,沪主板,0,0,0,0,0,60
603813,沪主板,3,0,4,4,3,60
002529,深主板,0,0,1,1,0,60
300327,创业板,0,0,2,1,0,60
002528,深主板,1,0,5,3,1,60
600265,沪主板,0,0,9,8,4,60
002598,深主板,0,0,0,0,0,60
003032,深主板,8,0,8,7,7,60
002005,深主板,0,0,1,1,0,60
688066,科创板,4,1,3,1,0,60
000752,深主板,0,0,2,1,1,60
002512,深主板,2,0,5,2,0,60
002514,深主板,8,0,30,24,11,60
600370,沪主板,0,0,19,13,5,60
002501,深主板,1,0,3,3,2,60
300123,创业板,1,0,4,1,1,60
002197,深主板,5,0,7,5,3,60
600818,沪主板,1,0,5,4,3,60
002691,深主板,0,0,1,1,0,60
002082,深主板,1,0,17,13,4,60
600581,沪主板,0,0,5,2,2,60
002693,深主板,6,0,4,2,2,60
300343,创业板,2,1,2,1,0,60
002694,深主板,1,0,0,0,0,60
603557,沪主板,0,0,5,2,1,60
002102,深主板,0,0,0,0,0,60
002193,深主板,1,0,5,1,0,60
300899,创业板,0,0,2,1,0,60
002602,深主板,0,0,0,0,0,60
688076,科创板,0,0,0,0,0,60
688089,科创板,2,1,3,3,2,60
300076,创业板,0,0,0,0,0,60
000736,深主板,3,0,2,1,0,60
002538,深主板,0,0,1,1,0,60
600399,沪主板,1,0,0,0,0,60
605318,沪主板,8,0,4,1,0,60
300245,创业板,0,0,1,0,0,60
000506,深主板,9,0,14,8,3,60
600566,沪主板,1,0,0,0,0,60
002932,深主板,0,0,0,0,0,60
600340,沪主板,0,0,6,1,1,60
002214,深主板,2,0,9,7,3,60
603021,沪主板,1,0,5,2,1,60
000972,深主板,1,0,1,1,1,60
002542,深主板,2,0,6,5,1,60
002425,深主板,2,0,2,1,1,60
002141,深主板,18,0,19,14,12,60
300147,创业板,1,1,5,3,3,60
600180,沪主板,5,0,30,25,14,60
300081,创业板,2,0,3,1,1,60
600734,沪主板,0,0,1,1,0,60
300137,创业板,5,2,6,4,3,60
002109,深主板,0,0,1,1,0,60
300014,创业板,1,0,2,1,1,60
002287,深主板,0,0,0,0,0,60
603790,沪主板,6,0,3,0,0,60
002426,深主板,3,0,4,4,2,60
688660,科创板,0,0,2,1,1,60
002195,深主板,1,0,0,0,0,60
000768,深主板,1,0,2,2,2,60
301310,创业板,10,3,9,5,1,60
600847,沪主板,3,0,2,0,0,60
003043,深主板,11,0,4,3,3,60
600969,沪主板,2,0,4,0,0,60
002121,深主板,3,0,3,1,1,60
301327,创业板,0,0,0,0,0,60
600483,沪主板,0,0,1,0,0,60
003042,深主板,0,0,0,0,0,60
002591,深主板,0,0,2,0,0,60
300880,创业板,1,0,0,0,0,60
603392,沪主板,0,0,0,0,0,60
002442,深主板,7,0,5,3,3,60
603395,沪主板,0,0,0,0,0,60
000301,深主板,2,0,2,1,0,60
600977,沪主板,2,0,3,1,0,60
603861,沪主板,8,0,6,3,1,60
300457,创业板,0,0,0,0,0,60
688646,科创板,4,1,8,4,0,60
600894,沪主板,0,0,0,0,0,60
002585,深主板,11,0,11,8,6,60
600903,沪主板,5,0,7,4,3,60
301313,创业板,11,3,11,7,6,60
600488,沪主板,10,0,13,10,6,60
002248,深主板,0,0,0,0,0,60
000561,深主板,0,0,1,0,0,60
300219,创业板,0,0,4,1,0,60
600897,沪主板,0,0,1,0,0,60
603022,沪主板,0,0,0,0,0,60
601918,沪主板,1,0,2,1,0,60
000338,深主板,0,0,7,3,2,60
688084,科创板,2,0,0,0,0,60
600266,沪主板,0,0,0,0,0,60
688035,科创板,5,0,8,4,2,60
600748,沪主板,0,0,0,0,0,60
688096,科创板,6,2,1,0,0,60
300406,创业板,0,0,0,0,0,60
688676,科创板,2,0,9,4,1,60
002042,深主板,1,0,1,1,1,60
000858,深主板,0,0,0,0,0,60
300765,创业板,3,0,9,4,0,60
601108,沪主板,1,0,0,0,0,60
300207,创业板,0,0,1,1,0,60
002418,深主板,2,0,3,1,1,60
300401,创业板,5,1,5,4,3,60
600478,沪主板,0,0,1,0,0,60
002756,深主板,1,0,1,1,1,60
603026,沪主板,3,0,3,1,0,60
002083,深主板,5,0,7,5,4,60
002283,深主板,2,0,2,1,0,60
603211,沪主板,11,0,5,4,3,60
603990,沪主板,5,0,2,1,0,60
000812,深主板,0,0,0,0,0,60
003027,深主板,0,0,1,0,0,60
603866,沪主板,0,0,0,0,0,60
002414,深主板,3,0,3,2,2,60
000514,深主板,0,0,0,0,0,60
600280,沪主板,6,0,5,2,1,60
000860,深主板,0,0,0,0,0,60
600468,沪主板,3,0,4,2,2,60
301111,创业板,5,1,0,0,0,60
002290,深主板,4,0,8,7,4,60
000423,深主板,0,0,0,0,0,60
000920,深主板,8,0,6,1,1,60
300400,创业板,7,0,5,2,1,60
601021,沪主板,0,0,2,1,0,60
000333,深主板,0,0,0,0,0,60
688777,科创板,3,0,1,1,1,60
688399,科创板,4,0,3,2,1,60
688157,科创板,0,0,1,0,0,60
688265,科创板,3,0,1,1,0,60
002840,深主板,2,0,0,0,0,60
600845,沪主板,1,0,2,1,0,60
603356,沪主板,2,0,2,2,2,60
600893,沪主板,0,0,0,0,0,60
301102,创业板,0,0,0,0,0,60
300961,创业板,4,1,3,0,0,60
688351,科创板,0,0,0,0,0,60
600901,沪主板,0,0,0,0,0,60
600469,沪主板,0,0,0,0,0,60
600744,沪主板,5,0,10,5,2,60
300230,创业板,0,0,0,0,0,60
002440,深主板,6,0,3,3,2,60
688213,科创板,1,0,3,2,2,60
000863,深主板,1,0,1,0,0,60
002831,深主板,1,0,1,0,0,60
300761,创业板,2,0,1,0,0,60
002292,深主板,2,0,2,2,2,60
000922,深主板,0,0,1,0,0,60
300540,创业板,7,2,11,6,2,60
605266,沪主板,0,0,0,0,0,60
600482,沪主板,1,0,2,1,0,60
300195,创业板,3,0,2,1,1,60
002752,深主板,0,0,0,0,0,60
003028,深主板,1,0,0,0,0,60
000955,深主板,3,0,0,0,0,60
000035,深主板,1,0,0,0,0,60
603928,沪主板,12,0,14,9,9,60
301105,创业板,0,0,1,0,0,60
600854,沪主板,0,0,1,1,0,60
600011,沪主板,2,0,1,0,0,60
600281,沪主板,0,0,0,0,0,60
000862,深主板,2,0,1,0,0,60
601818,沪主板,0,0,0,0,0,60
300004,创业板,2,0,2,2,1,60
301297,创业板,7,0,9,4,3,60
603086,沪主板,0,0,0,0,0,60
603316,沪主板,11,0,13,6,2,60
688244,科创板,0,0,2,1,1,60
603577,沪主板,3,0,3,1,0,60
600630,沪主板,4,0,3,2,2,60
002247,深主板,0,0,0,0,0,60
603730,沪主板,4,0,2,1,1,60
600477,沪主板,0,0,0,0,0,60
000069,深主板,0,0,0,0,0,60
300232,创业板,0,0,2,1,1,60
300218,创业板,0,0,0,0,0,60
605599,沪主板,0,0,1,0,0,60
603318,沪主板,8,0,12,7,5,60
600259,沪主板,2,0,2,2,0,60
603087,沪主板,1,0,0,0,0,60
300007,创业板,2,0,1,0,0,60
002029,深主板,2,0,1,0,0,60
000702,深主板,0,0,1,0,0,60
300499,创业板,4,0,6,4,2,60
300412,创业板,1,0,0,0,0,60
601860,沪主板,0,0,0,0,0,60
002225,深主板,3,0,0,0,0,60
600097,沪主板,0,0,0,0,0,60
600008,沪主板,0,0,0,0,0,60
002285,深主板,0,0,0,0,0,60
002841,深主板,3,0,5,3,2,60
301293,创业板,2,0,6,1,1,60
300875,创业板,2,0,5,4,4,60
301097,创业板,1,0,1,0,0,60
000985,深主板,0,0,0,0,0,60
600272,沪主板,0,0,0,0,0,60
600261,沪主板,0,0,0,0,0,60
301315,创业板,0,0,0,0,0,60
002051,深主板,9,0,11,4,4,60
600268,沪主板,1,0,0,0,0,60
000811,深主板,15,0,18,13,9,60
300005,创业板,6,3,7,5,3,60
601179,沪主板,4,0,3,2,0,60
301116,创业板,0,0,1,0,0,60
002597,深主板,2,0,1,1,0,60
002830,深主板,9,0,3,2,0,60
688261,科创板,10,1,12,8,3,60
301296,创业板,1,0,0,0,0,60
002286,深主板,1,0,0,0,0,60
300209,创业板,10,2,12,6,5,60
301127,创业板,7,1,5,2,2,60
000559,深主板,0,0,2,1,0,60
002745,深主板,5,0,7,3,1,60
688188,科创板,0,0,1,0,0,60
300911,创业板,3,0,3,2,2,60
603172,沪主板,0,0,0,0,0,60
002757,深主板,3,0,4,2,1,60
688395,科创板,0,0,0,0,0,60
002593,深主板,0,0,1,1,0,60
300958,创业板,0,0,1,0,0,60
003025,深主板,0,0,0,0,0,60
002441,深主板,0,0,0,0,0,60
002603,深主板,0,0,1,0,0,60
688419,科创板,10,2,9,7,4,60
002415,深主板,0,0,1,1,0,60
605259,沪主板,0,0,1,0,0,60
600712,沪主板,2,0,1,0,0,60
300879,创业板,0,0,1,0,0,60
300455,创业板,2,0,0,0,0,60
301314,创业板,1,0,1,1,1,60
002222,深主板,3,0,9,4,3,60
300409,创业板,0,0,2,0,0,60
002578,深主板,0,0,1,0,0,60
300015,创业板,0,0,0,0,0,60
300767,创业板,1,0,2,2,1,60
603138,沪主板,1,0,3,2,1,60
300543,创业板,0,0,2,2,1,60
600716,沪主板,0,0,0,0,0,60
002843,深主板,2,0,3,2,0,60
600004,沪主板,0,0,0,0,0,60
688665,科创板,3,0,3,0,0,60
002432,深主板,11,0,13,10,7,60
300224,创业板,0,0,0,0,0,60
688131,科创板,3,0,0,0,0,60
603239,沪主板,0,0,1,1,0,60
300454,创业板,3,1,9,6,0,60
688339,科创板,0,0,1,0,0,60
601515,沪主板,0,0,1,0,0,60
601001,沪主板,2,0,2,2,0,60
300215,创业板,1,0,2,1,0,60
301295,创业板,4,1,0,0,0,60
301306,创业板,4,0,3,1,0,60
300584,创业板,2,1,2,1,0,60
603656,沪主板,1,0,1,0,0,60
002085,深主板,1,0,0,0,0,60
300542,创业板,0,0,0,0,0,60
300582,创业板,0,0,1,0,0,60
301110,创业板,0,0,1,1,0,60
002421,深主板,16,0,12,9,8,60
300493,创业板,1,0,2,1,0,60
688133,科创板,4,0,0,0,0,60
300196,创业板,7,1,7,5,5,60
002837,深主板,4,0,7,3,3,60
600467,沪主板,0,0,0,0,0,60
000757,深主板,1,0,0,0,0,60
300632,创业板,8,1,16,9,7,60
600496,沪主板,0,0,0,0,0,60
002088,深主板,2,0,3,2,2,60
603081,沪主板,0,0,0,0,0,60
003036,深主板,14,0,12,7,3,60
001268,深主板,5,0,2,2,0,60
601858,沪主板,4,0,0,0,0,60
603139,沪主板,4,0,5,4,3,60
605358,沪主板,8,0,6,4,4,60
688196,科创板,0,0,1,0,0,60
301128,创业板,5,0,10,4,2,60
002592,深主板,0,0,1,0,0,60
300016,创业板,0,0,0,0,0,60
600288,沪主板,7,0,8,6,5,60
603180,沪主板,1,0,2,0,0,60
601333,沪主板,0,0,0,0,0,60
603658,沪主板,0,0,0,0,0,60
300223,创业板,8,1,14,12,7,60
002577,深主板,1,0,0,0,0,60
300538,创业板,0,0,1,0,0,60
300731,创业板,6,0,4,2,1,60
601601,沪主板,0,0,0,0,0,60
601608,沪主板,3,0,4,3,2,60
600109,沪主板,0,0,0,0,0,60
688528,科创板,0,0,2,1,0,60
600105,沪主板,9,0,10,5,5,60
300844,创业板,0,0,5,3,0,60
002125,深主板,3,0,3,1,1,60
300694,创业板,2,0,0,0,0,60
300217,创业板,0,0,0,0,0,60
300878,创业板,8,1,4,1,0,60
300491,创业板,7,0,4,3,2,60
002599,深主板,0,0,1,0,0,60
600095,沪主板,1,0,2,1,1,60
600100,沪主板,0,0,0,0,0,60
605507,沪主板,0,0,0,0,0,60
002084,深主板,0,0,0,0,0,60
688612,科创板,0,0,2,1,1,60
688238,科创板,2,0,1,1,1,60
003035,深主板,0,0,0,0,0,60
688611,科创板,2,0,3,1,1,60
688501,科创板,0,0,0,0,0,60
688621,科创板,1,0,2,0,0,60
300197,创业板,5,4,8,4,3,60
002579,深主板,17,0,11,8,6,60
300407,创业板,3,0,2,1,1,60
688623,科创板,2,0,3,1,0,60
600007,沪主板,0,0,0,0,0,60
600967,沪主板,0,0,1,0,0,60
600639,沪主板,0,0,0,0,0,60
301126,创业板,0,0,0,0,0,60
000688,深主板,3,0,2,1,0,60
301098,创业板,3,0,0,0,0,60
002295,深主板,0,0,0,0,0,60
003026,深主板,4,0,6,5,3,60
002427,深主板,3,0,0,0,0,60
301312,创业板,8,1,7,6,5,60
600096,沪主板,1,0,0,0,0,60
000776,深主板,1,0,1,0,0,60
301328,创业板,6,0,5,2,2,60
003039,深主板,0,0,0,0,0,60
301662,创业板,0,0,1,1,0,60
000750,深主板,0,0,0,0,0,60
000597,深主板,0,0,0,0,0,60
688184,科创板,0,0,0,0,0,60
301109,创业板,0,0,0,0,0,60
300413,创业板,0,0,0,0,0,60
688505,科创板,0,0,0,0,0,60
300006,创业板,1,0,1,0,0,60
301103,创业板,0,0,0,0,0,60
600103,沪主板,1,0,1,1,0,60
300953,创业板,1,0,2,1,0,60
688570,科创板,1,0,1,1,1,60
001282,深主板,1,0,0,0,0,60
603017,沪主板,0,0,1,0,0,60
688225,科创板,1,0,0,0,0,60
603859,沪主板,6,0,6,4,3,60
603869,沪主板,0,0,0,0,0,60
605337,沪主板,1,0,1,0,0,60
688798,科创板,1,0,3,2,0,60
000715,深主板,0,0,0,0,0,60
002126,深主板,2,0,4,2,0,60
603566,沪主板,0,0,0,0,0,60
002123,深主板,4,0,2,2,2,60
688526,科创板,0,0,0,0,0,60
603665,沪主板,0,0,2,2,0,60
603648,沪主板,0,0,1,0,0,60
301323,创业板,4,1,5,3,1,60
688332,科创板,5,0,5,4,1,60
301307,创业板,8,2,11,7,5,60
301117,创业板,3,2,5,2,2,60
300231,创业板,3,1,3,2,0,60
301332,创业板,0,0,0,0,0,60
300956,创业板,3,1,6,6,6,60
605177,沪主板,3,0,3,0,0,60
601107,沪主板,0,0,0,0,0,60
300636,创业板,0,0,0,0,0,60
003031,深主板,6,0,8,6,5,60
688548,科创板,12,1,11,7,5,60
603655,沪主板,2,0,4,2,2,60
600782,沪主板,0,0,0,0,0,60
301107,创业板,5,1,6,1,1,60
688686,科创板,2,0,4,3,1,60
600470,沪主板,7,0,5,3,2,60
603332,沪主板,0,0,0,0,0,60
603196,沪主板,3,0,3,3,0,60
600895,沪主板,3,0,7,5,3,60
002601,深主板,1,0,1,0,0,60
688302,科创板,2,0,3,1,1,60
002582,深主板,0,0,0,0,0,60
601975,沪主板,1,0,4,1,1,60
688685,科创板,7,0,3,1,1,60
600749,沪主板,1,0,4,2,2,60
600010,沪主板,0,0,1,0,0,60
600098,沪主板,0,0,0,0,0,60
600278,沪主板,0,0,0,0,0,60
300541,创业板,0,0,0,0,0,60
600262,沪主板,0,0,0,0,0,60
605500,沪主板,3,0,3,3,3,60
601609,沪主板,1,0,3,1,0,60
002291,深主板,1,0,1,1,0,60
603083,沪主板,12,0,15,13,8,60
603077,沪主板,1,0,1,0,0,60
600487,沪主板,7,0,14,5,3,60
301325,创业板,0,0,1,0,0,60
001211,深主板,6,0,4,2,1,60
688677,科创板,7,0,7,6,5,60
603089,沪主板,0,0,0,0,0,60
300877,创业板,3,0,0,0,0,60
000060,深主板,3,0,4,2,1,60
300842,创业板,3,0,3,2,2,60
002845,深主板,3,0,3,1,1,60
600638,沪主板,0,0,1,1,0,60
688389,科创板,1,0,0,0,0,60
603662,沪主板,1,0,3,0,0,60
301319,创业板,17,2,15,8,5,60
688290,科创板,1,0,1,0,0,60
300705,创业板,0,0,0,0,0,60
603660,沪主板,4,0,2,0,0,60
300670,创业板,1,0,1,1,1,60
003038,深主板,0,0,1,0,0,60
600783,沪主板,5,0,4,1,1,60
688067,科创板,0,0,1,1,0,60
601216,沪主板,0,0,0,0,0,60
603020,沪主板,8,0,1,0,0,60
002159,深主板,1,0,2,1,0,60
002423,深主板,1,0,0,0,0,60
603568,沪主板,0,0,0,0,0,60
300537,创业板,4,0,3,3,2,60
688171,科创板,5,1,3,3,1,60
601702,沪主板,1,0,1,1,0,60
605055,沪主板,3,0,3,2,2,60
603390,沪主板,1,0,3,1,1,60
603331,沪主板,1,0,1,0,0,60
603150,沪主板,3,0,3,0,0,60
300011,创业板,0,0,0,0,0,60
000042,深主板,1,0,1,1,1,60
000050,深主板,1,0,3,2,1,60
603558,沪主板,0,0,0,0,0,60
002596,深主板,2,0,0,0,0,60
002584,深主板,5,0,11,3,2,60
600273,沪主板,0,0,0,0,0,60
002595,深主板,0,0,1,1,0,60
688172,科创板,15,1,7,3,2,60
002755,深主板,1,0,1,0,0,60
605006,沪主板,11,0,15,12,10,60
688314,科创板,3,0,2,0,0,60
605100,沪主板,3,0,3,1,0,60
300008,创业板,0,0,0,0,0,60
002218,深主板,2,0,1,1,1,60
000426,深主板,2,0,15,10,6,60
002838,深主板,2,0,0,0,0,60
000988,深主板,8,0,12,7,6,60
002438,深主板,2,0,3,2,2,60
300693,创业板,0,0,1,1,0,60
300843,创业板,9,1,6,3,1,60
002846,深主板,1,0,1,0,0,60
300631,创业板,1,0,3,3,2,60
300227,创业板,3,0,2,0,0,60
601698,沪主板,1,0,3,0,0,60
301119,创业板,2,0,2,0,0,60
000596,深主板,2,0,3,2,0,60
300408,创业板,10,0,18,9,7,60
002589,深主板,0,0,0,0,0,60
600780,沪主板,0,0,0,0,0,60
300729,创业板,0,0,1,0,0,60
002008,深主板,6,0,12,7,5,60
603025,沪主板,0,0,2,1,0,60
301317,创业板,7,1,5,4,1,60
002223,深主板,0,0,0,0,0,60
603300,沪主板,0,0,0,0,0,60
600489,沪主板,1,0,10,5,1,60
688728,科创板,5,3,6,4,2,60
688180,科创板,2,0,0,0,0,60
002196,深主板,4,0,1,0,0,60
002588,深主板,0,0,0,0,0,60
001333,深主板,1,0,0,0,0,60
600271,沪主板,0,0,0,0,0,60
300222,创业板,2,0,2,1,1,60
603567,沪主板,7,0,8,6,4,60
000560,深主板,0,0,0,0,0,60
300009,创业板,0,0,0,0,0,60
600996,沪主板,4,0,1,0,0,60
003029,深主板,0,0,1,1,1,60
603661,沪主板,9,0,10,6,5,60
002753,深主板,0,0,0,0,0,60
688217,科创板,0,0,1,0,0,60
002284,深主板,0,0,0,0,0,60
601089,沪主板,0,0,0,0,0,60
688401,科创板,7,0,7,5,4,60
000815,深主板,8,0,10,8,6,60
002003,深主板,0,0,0,0,0,60
600848,沪主板,0,0,0,0,0,60
600853,沪主板,0,0,0,0,0,60
601231,沪主板,4,0,5,3,1,60
300002,创业板,1,0,1,1,0,60
688549,科创板,22,4,17,11,8,60
301318,创业板,0,0,1,0,0,60
002436,深主板,6,0,9,4,3,60
301115,创业板,6,1,3,2,2,60
601528,沪主板,0,0,0,0,0,60
600682,沪主板,1,0,0,0,0,60
600475,沪主板,1,0,2,1,0,60
301302,创业板,2,1,2,1,1,60
300410,创业板,5,0,6,3,2,60
600628,沪主板,0,0,0,0,0,60
301322,创业板,9,1,8,5,4,60
002842,深主板,9,0,10,5,2,60
603920,沪主板,1,0,3,2,1,60
603657,沪主板,8,0,2,2,1,60
600106,沪主板,0,0,0,0,0,60
600851,沪主板,6,0,5,3,3,60
300669,创业板,2,0,0,0,0,60
300453,创业板,0,0,1,1,0,60
688156,科创板,3,0,9,4,2,60
601066,沪主板,1,0,1,1,0,60
301106,创业板,2,0,3,1,0,60
605155,沪主板,2,0,1,0,0,60
002743,深主板,0,0,1,0,0,60
688239,科创板,1,0,2,0,0,60
002419,深主板,0,0,0,0,0,60
688132,科创板,0,0,1,1,1,60
603868,沪主板,0,0,0,0,0,60
300952,创业板,2,0,3,2,1,60
301308,创业板,6,0,17,12,9,60
300497,创业板,2,0,5,1,0,60
002430,深主板,1,0,6,3,2,60
600009,沪主板,0,0,0,0,0,60
300732,创业板,0,0,0,0,0,60
300003,创业板,0,0,0,0,0,60
301305,创业板,2,0,4,2,1,60
002583,深主板,1,0,0,0,0,60
300205,创业板,1,0,2,2,1,60
600633,沪主板,0,0,2,1,0,60
605268,沪主板,0,0,0,0,0,60
002835,深主板,0,0,0,0,0,60
301101,创业板,0,0,0,0,0,60
301121,创业板,2,1,1,1,1,60
002124,深主板,2,0,1,0,0,60
300203,创业板,2,0,2,0,0,60
600000,沪主板,0,0,0,0,0,60
688383,科创板,3,0,6,2,1,60
601828,沪主板,0,0,0,0,0,60
603195,沪主板,0,0,0,0,0,60
600479,沪主板,0,0,0,0,0,60
300498,创业板,0,0,0,0,0,60
300539,创业板,3,1,3,1,1,60
688115,科创板,5,0,8,5,1,60
301301,创业板,0,0,0,0,0,60
300707,创业板,0,0,0,0,0,60
300204,创业板,4,1,5,3,2,60
300210,创业板,0,0,1,0,0,60
688282,科创板,2,0,1,0,0,60
603927,沪主板,0,0,0,0,0,60
301120,创业板,5,1,5,2,1,60
300808,创业板,1,0,0,0,0,60
002086,深主板,0,0,0,0,0,60
603926,沪主板,1,0,0,0,0,60
000531,深主板,0,0,1,0,0,60
300840,创业板,4,0,2,2,1,60
600635,沪主板,1,0,0,0,0,60
688028,科创板,13,0,9,6,4,60
688082,科创板,4,1,15,8,5,60
300838,创业板,0,0,0,0,0,60
688205,科创板,4,0,10,4,3,60
003037,深主板,1,0,1,1,0,60
300951,创业板,8,0,4,3,2,60
300221,创业板,3,1,9,6,5,60
600282,沪主板,0,0,1,1,1,60
002224,深主板,0,0,0,0,0,60
300494,创业板,0,0,0,0,0,60
002050,深主板,0,0,3,1,0,60
601169,沪主板,0,0,0,0,0,60
688262,科创板,5,0,4,2,2,60
300583,创业板,0,0,1,0,0,60
600495,沪主板,0,0,0,0,0,60
603219,沪主板,0,0,3,1,0,60
000718,深主板,1,0,2,1,1,60
600846,沪主板,2,0,2,1,0,60
002594,深主板,0,0,1,0,0,60
000034,深主板,2,0,5,2,0,60
600269,沪主板,0,0,1,0,0,60
300001,创业板,2,0,6,2,2,60
605108,沪主板,1,0,1,0,0,60
002836,深主板,0,0,1,0,0,60
600714,沪主板,3,0,3,0,0,60
300199,创业板,4,0,3,1,0,60
600850,沪主板,4,0,4,3,2,60
603393,沪主板,0,0,2,0,0,60
000810,深主板,2,0,1,1,0,60
001328,深主板,1,0,2,0,0,60
000869,深主板,0,0,0,0,0,60
688561,科创板,1,0,0,0,0,60
688056,科创板,12,1,6,5,4,60
000731,深主板,0,0,1,1,0,60
601168,沪主板,1,0,7,3,1,60
300633,创业板,0,0,0,0,0,60
000906,深主板,0,0,0,0,0,60
601966,沪主板,0,0,0,0,0,60
300876,创业板,0,0,1,1,1,60
600486,沪主板,0,0,0,0,0,60
300402,创业板,0,0,0,0,0,60
603320,沪主板,0,0,0,0,0,60
002020,深主板,1,0,3,3,3,60
000707,深主板,0,0,0,0,0,60
603918,沪主板,1,0,2,1,0,60
300403,创业板,1,0,1,0,0,60
301329,创业板,3,1,5,3,3,60
603290,沪主板,5,0,6,6,4,60
603728,沪主板,2,0,2,0,0,60
000563,深主板,0,0,0,0,0,60
002590,深主板,1,0,1,0,0,60
605056,沪主板,1,0,2,0,0,60
688130,科创板,3,0,4,1,1,60
688366,科创板,0,0,0,0,0,60
605339,沪主板,1,0,1,1,0,60
600276,沪主板,0,0,0,0,0,60
300013,创业板,0,0,1,0,0,60
000558,深主板,1,0,2,1,1,60
601399,沪主板,0,0,0,0,0,60
001278,深主板,2,0,0,0,0,60
600104,沪主板,0,0,0,0,0,60
301326,创业板,6,1,5,4,3,60
600006,沪主板,0,0,0,0,0,60
300581,创业板,1,1,2,1,1,60
301298,创业板,0,0,1,1,1,60
301125,创业板,2,0,0,0,0,60
000739,深主板,1,0,0,0,0,60
301108,创业板,2,0,1,1,1,60
301118,创业板,1,0,2,1,1,60
002587,深主板,1,0,0,0,0,60
603860,沪主板,0,0,0,0,0,60
600637,沪主板,2,0,3,2,2,60
688303,科创板,1,1,0,0,0,60
600640,沪主板,1,0,0,0,0,60
300496,创业板,1,0,2,1,0,60
300762,创业板,5,0,3,2,0,60
601868,沪主板,0,0,0,0,0,60
301311,创业板,0,0,0,0,0,60
600481,沪主板,5,0,2,1,0,60
688097,科创板,3,0,5,4,2,60
000530,深主板,2,0,1,0,0,60
003816,深主板,0,0,0,0,0,60
300404,创业板,1,0,0,0,0,60
002580,深主板,10,0,11,7,5,60
688403,科创板,13,1,17,10,7,60
603650,沪主板,4,0,10,5,4,60
000598,深主板,0,0,0,0,0,60
601311,沪主板,0,0,0,0,0,60
603296,沪主板,4,0,10,6,5,60
300839,创业板,0,0,3,0,0,60
601688,沪主板,0,0,0,0,0,60
601696,沪主板,2,0,1,0,0,60
688223,科创板,0,0,0,0,0,60
600285,沪主板,0,0,0,0,0,60
688058,科创板,0,0,0,0,0,60
688518,科创板,3,0,2,1,1,60
002600,深主板,5,0,5,0,0,60
002833,深主板,2,0,0,0,0,60
002437,深主板,1,0,0,0,0,60
603179,沪主板,1,0,4,2,2,60
603153,沪主板,0,0,0,0,0,60
688720,科创板,12,1,12,7,4,60
002847,深主板,1,0,1,1,0,60
300730,创业板,2,0,1,0,0,60
301099,创业板,11,1,8,6,4,60
300228,创业板,0,0,1,0,0,60
002749,深主板,0,0,2,1,1,60
002839,深主板,0,0,0,0,0,60
600283,沪主板,0,0,1,1,1,60
002747,深主板,12,0,15,11,8,60
300201,创业板,5,0,6,3,3,60
002428,深主板,14,0,19,11,7,60
300012,创业板,0,0,1,1,0,60
600629,沪主板,5,0,5,2,1,60
002422,深主板,2,0,5,2,0,60
600982,沪主板,3,0,4,1,0,60
600626,沪主板,1,0,0,0,0,60
002416,深主板,0,0,1,1,0,60
603989,沪主板,19,0,20,11,9,60
300957,创业板,0,0,0,0,0,60
600746,沪主板,3,0,5,4,2,60
600279,沪主板,2,0,0,0,0,60
300960,创业板,0,0,1,1,0,60
002296,深主板,0,0,0,0,0,60
002439,深主板,0,0,0,0,0,60
300792,创业板,1,0,1,1,0,60
001979,深主板,0,0,0,0,0,60
601968,沪主板,0,0,0,0,0,60
688737,科创板,1,0,3,1,0,60
301299,创业板,0,0,0,0,0,60
600267,沪主板,1,0,1,0,0,60
000600,深主板,3,0,2,0,0,60
601865,沪主板,1,0,0,0,0,60
301122,创业板,2,0,4,1,1,60
603919,沪主板,3,0,3,1,0,60
600490,沪主板,1,0,6,3,0,60
301320,创业板,0,0,1,1,0,60
300667,创业板,1,0,2,0,0,60
003033,深主板,5,0,1,1,1,60
000029,深主板,5,0,4,3,1,60
600679,沪主板,1,0,1,0,0,60
300766,创业板,2,0,3,0,0,60
002001,深主板,0,0,0,0,0,60
002434,深主板,1,0,0,0,0,60
600493,沪主板,0,0,0,0,0,60
000951,深主板,1,0,1,0,0,60
301300,创业板,0,0,0,0,0,60
300220,创业板,0,0,1,0,0,60
300229,创业板,1,0,0,0,0,60
600284,沪主板,0,0,1,0,0,60
600900,沪主板,0,0,0,0,0,60
002746,深主板,0,0,0,0,0,60
002429,深主板,0,0,4,3,3,60
300634,创业板,2,1,1,0,0,60
000987,深主板,1,0,0,0,0,60
000905,深主板,0,0,1,0,0,60
301100,创业板,2,1,1,0,0,60
003030,深主板,6,0,1,0,0,60
000952,深主板,0,0,0,0,0,60
600099,沪主板,0,0,0,0,0,60
300405,创业板,0,0,0,0,0,60
300213,创业板,0,0,0,0,0,60
603171,沪主板,3,0,2,1,0,60
301321,创业板,7,1,13,9,5,60
300668,创业板,7,0,4,3,1,60
603217,沪主板,1,0,1,0,0,60
603291,沪主板,0,0,1,0,0,60
601838,沪主板,0,0,0,0,0,60
300763,创业板,1,0,0,0,0,60
300200,创业板,0,0,3,1,1,60
002028,深主板,0,0,3,2,1,60
688439,科创板,0,0,1,0,0,60
301665,创业板,0,0,0,0,0,60
688701,科创板,0,0,1,0,0,60
600801,沪主板,2,0,2,1,0,60
000428,深主板,4,0,4,3,3,60
300226,创业板,0,0,0,0,0,60
000425,深主板,0,0,1,0,0,60
300211,创业板,1,0,1,1,0,60
301123,创业板,13,2,11,6,2,60
300733,创业板,2,0,0,0,0,60
603867,沪主板,2,0,1,1,1,60
600715,沪主板,0,0,0,0,0,60
603659,沪主板,0,0,0,0,0,60
603303,沪主板,7,0,3,1,1,60
002293,深主板,0,0,0,0,0,60
603353,沪主板,5,0,4,2,2,60
003040,深主板,0,0,0,0,0,60
601218,沪主板,1,0,3,1,1,60
688289,科创板,0,0,0,0,0,60
601101,沪主板,4,0,9,7,3,60
600480,沪主板,1,0,0,0,0,60
300206,创业板,0,0,0,0,0,60
300601,创业板,0,0,0,0,0,60
002158,深主板,5,0,4,1,1,60
600101,沪主板,0,0,2,0,0,60
300706,创业板,7,1,13,9,7,60
603788,沪主板,0,0,0,0,0,60
605158,沪主板,0,0,1,1,1,60
603091,沪主板,0,0,1,0,0,60
603085,沪主板,1,0,1,0,0,60
601689,沪主板,2,0,4,2,0,60
603565,沪主板,0,0,0,0,0,60
000813,深主板,3,0,3,2,1,60
301113,创业板,0,0,0,0,0,60
301303,创业板,3,0,3,2,2,60
002903,深主板,10,0,6,2,0,60
605277,沪主板,2,0,3,2,2,60
002206,深主板,0,0,0,0,0,60
688605,科创板,5,0,7,6,4,60
300436,创业板,3,1,3,1,0,60
002534,深主板,2,0,0,0,0,60
605001,沪主板,0,0,1,0,0,60
688138,科创板,8,0,6,4,3,60
300520,创业板,0,0,6,1,1,60
300510,创业板,1,1,2,1,0,60
000825,深主板,0,0,0,0,0,60
002801,深主板,0,0,0,0,0,60
300657,创业板,3,2,10,8,6,60
300140,创业板,0,0,0,0,0,60
600037,沪主板,0,0,1,1,1,60
300078,创业板,0,0,1,0,0,60
688595,科创板,2,0,5,3,0,60
002779,深主板,2,0,0,0,0,60
603759,沪主板,1,0,0,0,0,60
600881,沪主板,6,0,6,5,5,60
301180,创业板,0,0,0,0,0,60
603341,沪主板,1,0,3,2,1,60
002007,深主板,0,0,0,0,0,60
603598,沪主板,4,0,5,3,1,60
688433,科创板,5,0,10,7,3,60
600343,沪主板,6,0,3,2,2,60
603060,沪主板,2,0,3,1,1,60
001965,深主板,0,0,0,0,0,60
300590,创业板,2,0,2,2,0,60
301228,创业板,7,1,5,2,2,60
300138,创业板,0,0,2,0,0,60
603615,沪主板,2,0,1,0,0,60
600345,沪主板,6,0,8,5,3,60
300082,创业板,1,0,1,0,0,60
300511,创业板,0,0,0,0,0,60
688682,科创板,3,0,5,3,1,60
601949,沪主板,0,0,0,0,0,60
603900,沪主板,0,0,1,1,1,60
301182,创业板,9,1,6,4,3,60
300743,创业板,0,0,0,0,0,60
605298,沪主板,2,0,4,1,0,60
300648,创业板,2,0,0,0,0,60
002264,深主板,0,0,0,0,0,60
000589,深主板,0,0,0,0,0,60
300139,创业板,4,0,14,10,8,60
601058,沪主板,0,0,0,0,0,60
600396,沪主板,15,0,14,9,8,60
002487,深主板,0,0,1,0,0,60
688498,科创板,9,0,11,6,4,60
603599,沪主板,0,0,0,0,0,60
603777,沪主板,3,0,2,0,0,60
301229,创业板,0,0,2,1,1,60
688013,科创板,0,0,4,0,0,60
000837,深主板,1,0,0,0,0,60
300079,创业板,0,0,0,0,0,60
002535,深主板,3,0,2,2,2,60
300077,创业板,5,0,4,3,1,60
300751,创业板,8,0,6,3,2,60
600675,沪主板,0,0,0,0,0,60
002536,深主板,10,0,10,5,4,60
300801,创业板,3,0,2,0,0,60
688606,科创板,0,0,0,0,0,60
688215,科创板,1,0,3,2,2,60
000636,深主板,15,0,19,12,10,60
002484,深主板,19,0,17,13,8,60
300931,创业板,4,1,4,1,0,60
600736,沪主板,0,0,0,0,0,60
688375,科创板,5,0,3,2,0,60
002265,深主板,1,0,1,0,0,60
301231,创业板,5,1,2,1,0,60
300143,创业板,0,0,1,0,0,60
605296,沪主板,2,0,0,0,0,60
600398,沪主板,0,0,0,0,0,60
300864,创业板,0,0,1,1,0,60
000011,深主板,2,0,1,1,1,60
300698,创业板,0,0,1,1,1,60
000520,深主板,5,0,5,3,1,60
603375,沪主板,5,0,7,4,1,60
300740,创业板,3,1,1,0,0,60
600339,沪主板,1,0,2,1,0,60
601766,沪主板,0,0,0,0,0,60
601778,沪主板,0,0,0,0,0,60
002213,深主板,5,0,7,3,2,60
300449,创业板,0,0,2,0,0,60
000965,深主板,0,0,0,0,0,60
600397,沪主板,12,0,5,5,2,60
300930,创业板,0,0,1,1,1,60
000973,深主板,4,0,4,1,1,60
301230,创业板,3,0,2,1,0,60
688008,科创板,6,0,19,15,9,60
688334,科创板,0,0,0,0,0,60
300435,创业板,1,0,3,2,0,60
300853,创业板,7,0,6,4,3,60
300141,创业板,1,1,1,0,0,60
000823,深主板,11,0,8,5,4,60
002486,深主板,0,0,0,0,0,60
301232,创业板,6,0,6,3,3,60
600661,沪主板,1,0,3,2,1,60
600036,沪主板,0,0,0,0,0,60
301179,创业板,1,0,1,0,0,60
600066,沪主板,0,0,2,0,0,60
605167,沪主板,4,0,4,3,3,60
603215,沪主板,0,0,0,0,0,60
603039,沪主板,5,0,2,2,1,60
001228,深主板,1,0,0,0,0,60
002488,深主板,0,0,1,1,0,60
688288,科创板,0,0,0,0,0,60
603059,沪主板,0,0,0,0,0,60
300927,创业板,0,0,1,1,0,60
300085,创业板,6,2,4,3,2,60
600880,沪主板,0,0,0,0,0,60
603887,沪主板,0,0,0,0,0,60
000833,深主板,3,0,6,5,3,60
603601,沪主板,8,0,7,5,4,60
301185,创业板,0,0,0,0,0,60
002780,深主板,0,0,0,0,0,60
002491,深主板,9,0,16,10,5,60
002530,深主板,0,0,0,0,0,60
002108,深主板,0,0,0,0,0,60
688507,科创板,17,2,11,10,5,60
600350,沪主板,2,0,1,1,1,60
688710,科创板,2,1,6,3,3,60
600869,沪主板,7,0,6,5,2,60
603040,沪主板,3,0,3,1,1,60
300514,创业板,0,0,0,0,0,60
300136,创业板,8,0,14,7,4,60
600391,沪主板,4,0,1,1,0,60
600063,沪主板,2,0,5,3,3,60
000572,深主板,1,0,0,0,0,60
002262,深主板,0,0,0,0,0,60
002803,深主板,2,0,1,0,0,60
300134,创业板,0,0,0,0,0,60
600663,沪主板,1,0,0,0,0,60
301186,创业板,0,0,1,1,0,60
688582,科创板,2,0,3,1,0,60
688090,科创板,8,1,6,2,2,60
002212,深主板,2,0,2,2,1,60
688567,科创板,0,0,1,1,0,60
688309,科创板,3,0,3,3,1,60
600674,沪主板,0,0,0,0,0,60
603041,沪主板,0,0,1,1,1,60
688539,科创板,2,0,3,2,1,60
601061,沪主板,1,0,0,0,0,60
601208,沪主板,10,0,8,5,3,60
600039,沪主板,0,0,0,0,0,60
301222,创业板,6,1,4,2,1,60
600351,沪主板,0,0,1,0,0,60
300438,创业板,3,0,2,1,0,60
600390,沪主板,0,0,1,1,0,60
600793,沪主板,8,0,4,4,2,60
002802,深主板,0,0,1,0,0,60
301225,创业板,3,0,1,0,0,60
688002,科创板,1,1,2,2,2,60
000408,深主板,0,0,3,1,0,60
002033,深主板,0,0,0,0,0,60
300863,创业板,7,0,5,5,2,60
301223,创业板,0,0,0,0,0,60
002489,深主板,0,0,0,0,0,60
688697,科创板,2,1,1,0,0,60
301391,创业板,1,0,1,0,0,60
605088,沪主板,1,0,1,1,0,60
001360,深主板,3,0,2,1,0,60
600346,沪主板,0,0,1,0,0,60
000417,深主板,8,0,11,9,7,60
601952,沪主板,0,0,0,0,0,60
000912,深主板,0,0,0,0,0,60
300437,创业板,1,0,0,0,0,60
001239,深主板,1,0,1,0,0,60
688358,科创板,2,0,2,0,0,60
605567,沪主板,0,0,0,0,0,60
000963,深主板,0,0,0,0,0,60
600868,沪主板,1,0,0,0,0,60
603061,沪主板,13,0,11,6,3,60
600064,沪主板,0,0,0,0,0,60
600662,沪主板,0,0,0,0,0,60
688141,科创板,11,2,12,7,5,60
002533,深主板,0,0,0,0,0,60
600395,沪主板,1,0,1,1,1,60
603301,沪主板,0,0,0,0,0,60
301227,创业板,3,1,2,1,1,60
002099,深主板,1,0,1,0,0,60
000058,深主板,0,0,0,0,0,60
601799,沪主板,1,0,1,0,0,60
300083,创业板,8,0,4,2,1,60
300854,创业板,4,0,7,2,2,60
603062,沪主板,0,0,2,1,1,60
301226,创业板,2,0,0,0,0,60
688443,科创板,0,0,1,1,1,60
600348,沪主板,0,0,0,0,0,60
002107,深主板,0,0,1,1,0,60
300135,创业板,1,0,2,1,0,60
600726,沪主板,10,0,14,11,9,60
002531,深主板,1,0,1,1,0,60
002490,深主板,7,0,15,13,11,60
603613,沪主板,0,0,0,0,0,60
600392,沪主板,3,0,4,1,0,60
002532,深主板,1,0,4,1,0,60
300656,创业板,5,1,5,3,1,60
603886,沪主板,2,0,4,0,0,60
000665,深主板,0,0,1,0,0,60
300929,创业板,4,0,2,1,1,60
300080,创业板,1,0,0,0,0,60
000700,深主板,6,0,5,2,1,60
603344,沪主板,3,0,4,1,0,60
300750,创业板,0,0,2,0,0,60
301183,创业板,8,0,8,6,4,60
688251,科创板,0,0,2,0,0,60
688360,科创板,2,1,2,2,1,60
603885,沪主板,0,0,1,0,0,60
300595,创业板,0,0,0,0,0,60
000526,深主板,2,0,2,1,1,60
600658,沪主板,1,0,0,0,0,60
600035,沪主板,0,0,0,0,0,60
301239,创业板,0,0,0,0,0,60
605069,沪主板,10,0,6,3,2,60
688248,科创板,3,0,2,1,0,60
300741,创业板,0,0,0,0,0,60
603619,沪主板,5,0,20,10,4,60
300753,创业板,2,1,5,1,1,60
688362,科创板,13,1,22,12,7,60
603903,沪主板,5,0,5,2,0,60
002269,深主板,0,0,1,0,0,60
002251,深主板,4,0,4,1,1,60
002543,深主板,0,0,0,0,0,60
300697,创业板,2,0,2,1,1,60
600406,沪主板,0,0,0,0,0,60
688037,科创板,9,1,5,4,3,60
002773,深主板,0,0,0,0,0,60
002164,深主板,2,0,0,0,0,60
601963,沪主板,0,0,1,1,0,60
688609,科创板,0,0,3,0,0,60
603191,沪主板,3,0,3,1,0,60
688111,科创板,0,0,1,0,0,60
300150,创业板,0,0,0,0,0,60
600332,沪主板,0,0,0,0,0,60
000661,深主板,0,0,0,0,0,60
001216,深主板,1,0,4,3,2,60
688408,科创板,1,0,0,0,0,60
300148,创业板,0,0,0,0,0,60
300070,创业板,0,0,0,0,0,60
300933,创业板,2,0,0,0,0,60
688046,科创板,4,1,4,2,1,60
002097,深主板,0,0,0,0,0,60
600333,沪主板,0,0,0,0,0,60
002809,深主板,2,0,1,1,1,60
600794,沪主板,0,0,0,0,0,60
002267,深主板,0,0,0,0,0,60
603162,沪主板,2,0,4,2,0,60
600883,沪主板,0,0,0,0,0,60
600725,沪主板,1,0,1,1,0,60
601568,沪主板,0,0,0,0,0,60
603228,沪主板,4,0,14,7,4,60
301173,创业板,0,0,0,0,0,60
000712,深主板,2,0,2,1,1,60
688311,科创板,2,1,2,0,0,60
300149,创业板,5,2,6,2,0,60
301238,创业板,0,0,1,0,0,60
688272,科创板,6,0,6,4,3,60
300151,创业板,4,0,5,3,3,60
002479,深主板,1,0,2,1,1,60
300063,创业板,1,0,2,1,0,60
301251,创业板,7,2,6,4,4,60
000977,深主板,2,0,10,7,6,60
688551,科创板,6,0,12,8,5,60
002476,深主板,0,0,0,0,0,60
600997,沪主板,0,0,1,0,0,60
601929,沪主板,1,0,1,0,0,60
600409,沪主板,1,0,1,1,0,60
600073,沪主板,0,0,0,0,0,60
688456,科创板,10,1,9,6,4,60
300916,创业板,3,0,2,0,0,60
600031,沪主板,0,0,1,0,0,60
301169,创业板,3,0,2,2,0,60
600330,沪主板,11,0,8,5,2,60
688150,科创板,6,0,7,3,1,60
300153,创业板,0,0,3,1,1,60
000045,深主板,1,0,0,0,0,60
603882,沪主板,0,0,1,1,1,60
002545,深主板,1,0,4,2,2,60
300867,创业板,0,0,1,1,0,60
002811,深主板,0,0,0,0,0,60
002268,深主板,1,0,1,1,0,60
603883,沪主板,0,0,0,0,0,60
002204,深主板,0,0,0,0,0,60
300589,创业板,0,0,0,0,0,60
301172,创业板,3,0,3,1,0,60
600408,沪主板,1,0,3,3,3,60
002544,深主板,2,0,0,0,0,60
300508,创业板,9,1,5,3,2,60
600072,沪主板,1,0,0,0,0,60
688307,科创板,8,0,8,3,3,60
600981,沪主板,2,0,1,0,0,60
600331,沪主板,0,0,3,1,1,60
300802,创业板,2,1,4,2,1,60
000404,深主板,0,0,1,0,0,60
603067,沪主板,13,0,9,6,2,60
000590,深主板,0,0,0,0,0,60
300659,创业板,0,0,1,0,0,60
605319,沪主板,1,0,1,0,0,60
301246,创业板,0,0,0,0,0,60
688379,科创板,4,0,3,2,2,60
301170,创业板,0,0,0,0,0,60
000419,深主板,0,0,0,0,0,60
300432,创业板,1,0,1,1,0,60
603590,沪主板,1,0,1,0,0,60
605089,沪主板,1,0,1,0,0,60
000839,深主板,2,0,3,3,2,60
002774,深主板,8,0,6,4,3,60
600654,沪主板,0,0,0,0,0,60
002100,深主板,0,0,0,0,0,60
301177,创业板,1,0,0,0,0,60
600867,沪主板,1,0,0,0,0,60
300074,创业板,0,0,1,0,0,60
600727,沪主板,1,0,2,1,1,60
002485,深主板,0,0,4,3,2,60
300797,创业板,0,0,0,0,0,60
603596,沪主板,2,0,2,2,1,60
000721,深主板,1,0,1,1,1,60
688679,科创板,3,1,4,3,0,60
002483,深主板,0,0,0,0,0,60
000027,深主板,0,0,0,0,0,60
600067,沪主板,2,0,1,0,0,60
000571,深主板,6,0,6,2,1,60
000758,深主板,1,0,1,1,1,60
001330,深主板,5,0,4,3,1,60
300647,创业板,0,0,1,1,0,60
300146,创业板,0,0,5,3,1,60
688597,科创板,1,0,2,1,0,60
300852,创业板,9,1,4,3,3,60
688257,科创板,11,1,10,7,4,60
002537,深主板,0,0,0,0,0,60
601801,沪主板,0,0,0,0,0,60
002777,深主板,0,0,1,0,0,60
601518,沪主板,0,0,0,0,0,60
300075,创业板,0,0,1,0,0,60
000917,深主板,0,0,2,1,0,60
001269,深主板,7,0,4,0,0,60
603065,沪主板,19,0,21,18,13,60
603379,沪主板,4,0,5,3,2,60
002098,深主板,0,0,0,0,0,60
002266,深主板,0,0,0,0,0,60
601956,沪主板,0,0,1,0,0,60
300434,创业板,2,1,1,0,0,60
002805,深主板,6,0,3,2,0,60
000762,深主板,0,0,1,1,0,60
603899,沪主板,0,0,1,1,0,60
688148,科创板,1,0,0,0,0,60
002110,深主板,0,0,0,0,0,60
300144,创业板,0,0,0,0,0,60
301233,创业板,0,0,1,1,0,60
600338,沪主板,0,0,0,0,0,60
603233,沪主板,0,0,1,1,0,60
688523,科创板,6,1,2,1,0,60
688328,科创板,13,3,14,8,6,60
600660,沪主板,0,0,0,0,0,60
601727,沪主板,0,0,1,1,1,60
001387,深主板,1,0,0,0,0,60
600882,沪主板,0,0,1,1,1,60
688183,科创板,10,1,12,6,2,60
688630,科创板,11,0,11,5,3,60
000678,深主板,1,0,3,0,0,60
301175,创业板,0,0,0,0,0,60
002252,深主板,0,0,1,0,0,60
300645,创业板,0,0,0,0,0,60
300932,创业板,2,0,4,2,1,60
300917,创业板,0,0,1,0,0,60
002481,深主板,0,0,0,0,0,60
603617,沪主板,1,0,0,0,0,60
603063,沪主板,3,0,2,2,1,60
002807,深主板,0,0,0,0,0,60
301236,创业板,4,1,4,1,0,60
300433,创业板,5,0,9,6,3,60
301237,创业板,7,0,9,6,1,60
600071,沪主板,0,0,1,0,0,60
600335,沪主板,0,0,0,0,0,60
601318,沪主板,0,0,0,0,0,60
002541,深主板,0,0,1,1,1,60
300450,创业板,1,0,2,0,0,60
300071,创业板,5,1,5,4,2,60
600976,沪主板,0,0,0,0,0,60
300752,创业板,3,0,2,0,0,60
300522,创业板,7,4,6,5,5,60
002539,深主板,2,0,0,0,0,60
600400,沪主板,2,0,2,1,1,60
600787,沪主板,0,0,0,0,0,60
300073,创业板,0,0,0,0,0,60
605068,沪主板,7,0,5,5,5,60
688091,科创板,3,0,0,0,0,60
301235,创业板,6,0,9,2,1,60
300145,创业板,4,1,4,1,0,60
600033,沪主板,0,0,0,0,0,60
300866,创业板,0,0,2,0,0,60
300072,创业板,0,0,0,0,0,60
600336,沪主板,0,0,1,0,0,60
002540,深主板,0,0,0,0,0,60
002775,深主板,5,0,0,0,0,60
002482,深主板,0,0,0,0,0,60
301176,创业板,11,6,14,8,7,60
603997,沪主板,1,0,1,0,0,60
300509,创业板,0,0,0,0,0,60
600403,沪主板,14,0,13,8,7,60
603288,沪主板,0,0,2,1,0,60
688331,科创板,2,0,1,0,0,60
600866,沪主板,0,0,0,0,0,60
603038,沪主板,1,0,1,1,1,60
002478,深主板,0,0,0,0,0,60
300133,创业板,0,0,1,1,1,60
002263,深主板,4,0,5,0,0,60
300593,创业板,8,1,8,7,4,60
002507,深主板,0,0,0,0,0,60
600790,沪主板,0,0,0,0,0,60
600366,沪主板,3,0,1,0,0,60
002792,深主板,4,0,6,3,2,60
603045,沪主板,11,0,11,6,3,60
601377,沪主板,0,0,0,0,0,60
000913,深主板,0,0,0,0,0,60
002517,深主板,2,0,1,0,0,60
300592,创业板,8,2,5,4,2,60
300651,创业板,3,0,6,3,2,60
300701,创业板,0,0,2,2,1,60
301208,创业板,0,0,2,1,0,60
600873,沪主板,0,0,0,0,0,60
002256,深主板,1,0,1,0,0,60
300102,创业板,4,0,3,2,1,60
688680,科创板,0,0,1,1,0,60
688177,科创板,0,0,1,1,1,60
603602,沪主板,0,0,0,0,0,60
000831,深主板,1,0,1,1,0,60
300101,创业板,1,0,0,0,0,60
603317,沪主板,2,0,2,1,1,60
603190,沪主板,0,0,2,1,1,60
300444,创业板,2,2,6,2,1,60
603235,沪主板,0,0,0,0,0,60
000415,深主板,0,0,1,0,0,60
001277,深主板,0,0,0,0,0,60
600375,沪主板,1,0,1,1,1,60
002258,深主板,3,0,3,2,2,60
300800,创业板,0,0,0,0,0,60
002788,深主板,3,0,2,2,1,60
300515,创业板,1,1,3,2,2,60
301200,创业板,10,0,7,2,1,60
300747,创业板,5,0,7,3,3,60
688793,科创板,2,0,2,1,1,60
603232,沪主板,3,0,4,3,2,60
300103,创业板,1,1,1,0,0,60
002508,深主板,0,0,0,0,0,60
600668,沪主板,1,0,0,0,0,60
301210,创业板,2,0,0,0,0,60
300518,创业板,7,2,4,3,2,60
300922,创业板,2,0,4,1,1,60
600376,沪主板,5,0,16,9,3,60
603381,沪主板,0,0,1,0,0,60
603893,沪主板,2,0,5,2,0,60
603053,沪主板,0,0,0,0,0,60
300119,创业板,0,0,0,0,0,60
688345,科创板,4,0,6,3,1,60
001337,深主板,3,0,6,4,1,60
300516,创业板,2,1,2,2,1,60
300120,创业板,5,0,6,2,1,60
301198,创业板,0,0,2,2,1,60
300122,创业板,0,0,0,0,0,60
600995,沪主板,0,0,0,0,0,60
688026,科创板,3,0,0,0,0,60
600362,沪主板,5,0,7,2,2,60
002787,深主板,6,0,5,4,3,60
603609,沪主板,0,0,0,0,0,60
605577,沪主板,0,0,0,0,0,60
600379,沪主板,10,0,10,5,2,60
601933,沪主板,1,0,1,1,0,60
300923,创业板,0,0,0,0,0,60
002518,深主板,3,0,2,1,0,60
688662,科创板,17,2,17,13,9,60
301196,创业板,8,1,8,6,6,60
000581,深主板,0,0,0,0,0,60
300098,创业板,0,0,0,0,0,60
603600,沪主板,0,0,0,0,0,60
600359,沪主板,0,0,0,0,0,60
688520,科创板,1,0,0,0,0,60
002786,深主板,2,0,1,1,0,60
301211,创业板,3,1,5,3,2,60
300857,创业板,8,0,10,7,6,60
300100,创业板,2,0,2,1,0,60
603369,沪主板,0,0,2,0,0,60
600377,沪主板,0,0,0,0,0,60
600052,沪主板,1,0,0,0,0,60
301209,创业板,3,0,1,0,0,60
600378,沪主板,11,0,7,5,3,60
300654,创业板,2,0,0,0,0,60
605077,沪主板,2,0,1,0,0,60
002019,深主板,0,0,0,0,0,60
600667,沪主板,17,0,21,12,7,60
001289,深主板,1,0,1,1,0,60
601156,沪主板,0,0,0,0,0,60
600059,沪主板,0,0,0,0,0,60
300860,创业板,0,0,0,0,0,60
000969,深主板,3,0,2,1,0,60
000709,深主板,0,0,0,0,0,60
600365,沪主板,0,0,1,1,0,60
301197,创业板,5,1,5,4,3,60
002506,深主板,1,0,0,0,0,60
002832,深主板,0,0,1,1,1,60
688566,科创板,1,0,0,0,0,60
688388,科创板,8,0,6,4,2,60
603766,沪主板,0,0,1,0,0,60
002046,深主板,6,0,7,3,0,60
605086,沪主板,2,0,1,0,0,60
002520,深主板,5,0,4,2,1,60
300121,创业板,6,1,1,1,1,60
688286,科创板,9,1,7,5,3,60
601519,沪主板,1,0,1,1,0,60
600731,沪主板,0,0,0,0,0,60
300118,创业板,1,0,3,0,0,60
600791,沪主板,11,0,6,3,3,60
300748,创业板,0,0,1,0,0,60
300919,创业板,0,0,0,0,0,60
603051,沪主板,2,0,2,2,1,60
600874,沪主板,0,0,0,0,0,60
301202,创业板,2,1,3,0,0,60
600372,沪主板,0,0,0,0,0,60
000968,深主板,1,0,12,4,2,60
300112,创业板,2,0,1,1,0,60
601065,沪主板,0,0,0,0,0,60
603607,沪主板,3,0,2,2,0,60
688681,科创板,0,0,1,0,0,60
002513,深主板,1,0,2,1,0,60
600055,沪主板,0,0,0,0,0,60
605080,沪主板,0,0,0,0,0,60
301206,创业板,0,0,0,0,0,60
000686,深主板,0,0,0,0,0,60
301201,创业板,3,0,1,1,0,60
600369,沪主板,0,0,0,0,0,60
002017,深主板,0,0,0,0,0,60
002209,深主板,0,0,0,0,0,60
000829,深主板,2,0,2,1,0,60
688069,科创板,4,0,6,4,3,60
603998,沪主板,0,0,0,0,0,60
603050,沪主板,2,0,1,1,1,60
300115,创业板,1,0,5,2,0,60
002790,深主板,0,0,0,0,0,60
300858,创业板,0,0,0,0,0,60
605300,沪主板,3,0,2,2,2,60
688475,科创板,0,0,1,0,0,60
600371,沪主板,0,0,1,0,0,60
300920,创业板,1,0,3,1,1,60
688359,科创板,12,1,10,4,3,60
300110,创业板,0,0,0,0,0,60
688355,科创板,2,1,1,0,0,60
002377,深主板,1,0,0,0,0,60
300653,创业板,0,0,0,0,0,60
301203,创业板,0,0,0,0,0,60
688255,科创板,3,0,2,2,1,60
300447,创业板,0,0,1,0,0,60
600056,沪主板,0,0,0,0,0,60
301205,创业板,13,2,13,8,5,60
002103,深主板,0,0,0,0,0,60
601015,沪主板,0,0,4,1,1,60
300109,创业板,0,0,0,0,0,60
601789,沪主板,1,0,0,0,0,60
300517,创业板,0,0,0,0,0,60
603187,沪主板,0,0,0,0,0,60
601225,沪主板,0,0,2,0,0,60
688256,科创板,2,0,8,5,2,60
688221,科创板,4,0,1,1,0,60
300107,创业板,1,0,1,1,0,60
300652,创业板,2,0,1,1,1,60
000967,深主板,6,0,7,4,2,60
603271,沪主板,2,0,1,0,0,60
600368,沪主板,0,0,0,0,0,60
300798,创业板,1,0,0,0,0,60
300445,创业板,0,0,2,0,0,60
300105,创业板,8,1,6,3,2,60
300446,创业板,1,0,0,0,0,60
605303,沪主板,9,0,11,8,7,60
600057,沪主板,0,0,0,0,0,60
603048,沪主板,1,0,2,2,2,60
688631,科创板,0,0,0,0,0,60
002793,深主板,3,0,1,0,0,60
601588,沪主板,2,0,2,0,0,60
002254,深主板,9,0,7,4,1,60
688045,科创板,3,0,5,4,2,60
603052,沪主板,4,0,10,5,3,60
002515,深主板,8,0,8,6,4,60
600054,沪主板,0,0,0,0,0,60
001227,深主板,0,0,0,0,0,60
600367,沪主板,13,0,15,8,7,60
300921,创业板,1,0,1,0,0,60
688112,科创板,4,0,6,4,3,60
002210,深主板,1,0,2,1,1,60
000828,深主板,0,0,1,1,1,60
688139,科创板,1,0,0,0,0,60
301207,创业板,0,0,0,0,0,60
600877,沪主板,3,0,3,0,0,60
603606,沪主板,1,0,2,2,1,60
000681,深主板,3,0,2,2,1,60
600373,沪主板,0,0,0,0,0,60
002511,深主板,0,0,0,0,0,60
603890,沪主板,8,0,13,8,5,60
002105,深主板,0,0,0,0,0,60
000576,深主板,2,0,2,1,1,60
000410,深主板,0,0,0,0,0,60
603165,沪主板,1,0,1,0,0,60
300859,创业板,0,0,1,1,1,60
301199,创业板,1,1,0,0,0,60
002255,深主板,1,0,2,0,0,60
603896,沪主板,0,0,0,0,0,60
000582,深主板,1,0,0,0,0,60
688308,科创板,11,1,14,7,4,60
300113,创业板,0,0,0,0,0,60
603767,沪主板,4,0,5,1,0,60
002167,深主板,11,0,16,9,6,60
000759,深主板,9,0,8,4,3,60
300106,创业板,1,0,3,2,0,60
603339,沪主板,3,0,2,0,0,60
002789,深主板,2,0,8,6,1,60
002791,深主板,1,0,0,0,0,60
688538,科创板,0,0,0,0,0,60
603337,沪主板,2,0,2,1,1,60
002104,深主板,0,0,0,0,0,60
603605,沪主板,0,0,0,0,0,60
300129,创业板,3,1,0,0,0,60
002495,深主板,0,0,0,0,0,60
600062,沪主板,0,0,0,0,0,60
301189,创业板,2,0,5,2,2,60
300092,创业板,0,0,0,0,0,60
600353,沪主板,20,0,16,11,8,60
002800,深主板,1,0,1,1,1,60
300513,创业板,0,0,0,0,0,60
000970,深主板,5,0,4,2,2,60
300855,创业板,0,0,1,1,1,60
603612,沪主板,0,0,0,0,0,60
300655,创业板,4,0,4,2,1,60
002783,深主板,0,0,0,0,0,60
603776,沪主板,0,0,2,1,0,60
600879,沪主板,4,0,3,1,1,60
300440,创业板,4,0,2,0,0,60
600354,沪主板,2,0,1,1,1,60
600383,沪主板,0,0,0,0,0,60
601798,沪主板,2,0,2,2,2,60
002494,深主板,0,0,1,1,0,60
002165,深主板,5,0,4,3,2,60
000915,深主板,0,0,1,1,0,60
002526,深主板,1,0,1,1,1,60
688310,科创板,3,0,0,0,0,60
301219,创业板,0,0,0,0,0,60
002261,深主板,1,0,3,1,0,60
688628,科创板,3,0,8,5,4,60
600980,沪主板,1,0,3,1,1,60
603231,沪主板,0,0,0,0,0,60
688176,科创板,4,0,1,0,0,60
002524,深主板,2,0,0,0,0,60
300804,创业板,2,0,4,2,1,60
300128,创业板,2,0,3,1,1,60
300856,创业板,0,0,0,0,0,60
300650,创业板,2,1,4,2,0,60
000737,深主板,1,0,4,2,1,60
300749,创业板,4,0,4,2,0,60
000014,深主板,1,0,0,0,0,60
688435,科创板,2,0,1,1,0,60
301190,创业板,1,1,4,2,2,60
603297,沪主板,3,0,6,3,1,60
000761,深主板,0,0,0,0,0,60
300441,创业板,0,0,0,0,0,60
603298,沪主板,0,0,0,0,0,60
601226,沪主板,0,0,0,0,0,60
600048,沪主板,0,0,0,0,0,60
600386,沪主板,1,0,0,0,0,60
000663,深主板,0,0,0,0,0,60
301217,创业板,13,2,21,14,10,60
600998,沪主板,0,0,0,0,0,60
300130,创业板,1,0,2,1,0,60
603611,沪主板,0,0,0,0,0,60
601939,沪主板,0,0,1,0,0,60
002493,深主板,0,0,1,0,0,60
603338,沪主板,2,0,1,0,0,60
300918,创业板,3,1,1,0,0,60
301221,创业板,0,0,2,2,0,60
600871,沪主板,0,0,2,0,0,60
301187,创业板,0,0,1,0,0,60
300086,创业板,0,0,0,0,0,60
000062,深主板,3,0,6,4,2,60
688068,科创板,9,0,8,3,2,60
000573,深主板,1,0,0,0,0,60
300928,创业板,0,0,0,0,0,60
002782,深主板,4,0,4,2,1,60
600388,沪主板,0,0,0,0,0,60
300439,创业板,0,0,0,0,0,60
300521,创业板,1,0,1,0,0,60
300132,创业板,0,0,1,0,0,60
600352,沪主板,1,0,1,1,0,60
688147,科创板,10,1,9,7,3,60
603186,沪主板,14,0,15,9,5,60
688509,科创板,0,0,0,0,0,60
301188,创业板,11,1,18,11,6,60
600664,沪主板,7,0,9,9,7,60
000411,深主板,2,0,0,0,0,60
688425,科创板,0,0,0,0,0,60
300745,创业板,7,0,6,2,1,60
603898,沪主板,3,0,1,1,0,60
300926,创业板,1,0,0,0,0,60
688113,科创板,0,0,2,1,0,60
000637,深主板,0,0,0,0,0,60
603188,沪主板,0,0,0,0,0,60
600038,沪主板,0,0,0,0,0,60
001217,深主板,0,0,1,0,0,60
000523,深主板,0,0,0,0,0,60
600975,沪主板,1,0,0,0,0,60
688626,科创板,0,0,4,1,1,60
600389,沪主板,1,0,2,2,1,60
002045,深主板,3,0,3,3,1,60
603768,沪主板,0,0,1,1,1,60
603166,沪主板,4,0,0,0,0,60
002799,深主板,0,0,0,0,0,60
300649,创业板,6,2,3,3,2,60
300591,创业板,3,0,0,0,0,60
300088,创业板,6,1,9,5,5,60
301220,创业板,0,0,3,0,0,60
002527,深主板,1,0,3,1,1,60
688663,科创板,7,0,5,4,2,60
605003,沪主板,0,0,1,1,0,60
002492,深主板,0,0,0,0,0,60
300925,创业板,1,0,0,0,0,60
688629,科创板,10,0,13,10,6,60
688368,科创板,10,1,7,2,2,60
000028,深主板,0,0,0,0,0,60
603270,沪主板,5,0,3,1,1,60
600361,沪主板,0,0,0,0,0,60
000690,深主板,0,0,1,0,0,60
002521,深主板,1,0,0,0,0,60
600666,沪主板,1,0,3,2,2,60
688088,科创板,0,0,1,0,0,60
000409,深主板,1,0,1,1,1,60
300124,创业板,0,0,0,0,0,60
002032,深主板,0,0,1,0,0,60
688327,科创板,0,0,1,0,0,60
600728,沪主板,0,0,0,0,0,60
605299,沪主板,5,0,7,7,7,60
603163,沪主板,13,0,11,6,4,60
301215,创业板,1,0,3,2,2,60
301193,创业板,2,1,1,1,0,60
300512,创业板,0,0,0,0,0,60
300099,创业板,2,0,3,3,2,60
688253,科创板,1,0,1,0,0,60
301195,创业板,1,1,2,1,1,60
000966,深主板,1,0,2,0,0,60
603895,沪主板,2,0,3,2,1,60
600729,沪主板,0,0,0,0,0,60
603043,沪主板,0,0,0,0,0,60
002519,深主板,1,0,1,0,0,60
002795,深主板,3,0,2,1,1,60
688416,科创板,8,0,14,6,3,60
300241,创业板,2,0,3,2,1,60
603055,沪主板,0,0,0,0,0,60
002208,深主板,15,0,20,15,9,60
002101,深主板,0,0,0,0,0,60
600979,沪主板,2,0,0,0,0,60
002031,深主板,5,0,7,4,0,60
600732,沪主板,2,0,0,0,0,60
300699,创业板,0,0,0,0,0,60
600051,沪主板,0,0,0,0,0,60
002796,深主板,3,0,4,4,1,60
002006,深主板,0,0,0,0,0,60
600872,沪主板,0,0,0,0,0,60
600875,沪主板,0,0,1,0,0,60
000830,深主板,0,0,0,0,0,60
300448,创业板,0,0,1,0,0,60
600380,沪主板,0,0,0,0,0,60
002500,深主板,0,0,0,0,0,60
301212,创业板,0,0,2,2,0,60
600382,沪主板,4,0,1,1,1,60
002211,深主板,4,0,3,3,3,60
300443,创业板,0,0,1,0,0,60
603888,沪主板,1,0,2,2,2,60
603057,沪主板,1,0,2,1,0,60
300095,创业板,0,0,0,0,0,60
600061,沪主板,0,0,0,0,0,60
605305,沪主板,2,0,0,0,0,60
002106,深主板,7,0,4,3,2,60
301192,创业板,0,0,2,1,1,60
300094,创业板,0,0,0,0,0,60
002797,深主板,0,0,0,0,0,60
688252,科创板,3,0,2,1,1,60
600792,沪主板,0,0,1,0,0,60
688052,科创板,2,0,3,2,1,60
600733,沪主板,1,0,1,1,0,60
688721,科创板,9,0,6,5,2,60
600993,沪主板,0,0,0,0,0,60
603315,沪主板,2,0,1,0,0,60
600356,沪主板,0,0,0,0,0,60
600050,沪主板,0,0,0,0,0,60
601121,沪主板,1,0,2,1,1,60
002523,深主板,1,0,1,1,0,60
601599,沪主板,0,0,0,0,0,60
301216,创业板,0,0,0,0,0,60
600665,沪主板,3,0,3,2,1,60
002498,深主板,3,0,6,4,2,60
688182,科创板,6,1,5,4,4,60
600060,沪主板,0,0,0,0,0,60
600381,沪主板,2,0,9,4,0,60
300861,创业板,2,1,5,2,1,60
300746,创业板,2,0,0,0,0,60
688208,科创板,2,0,0,0,0,60
300096,创业板,1,0,2,1,1,60
601330,沪主板,0,0,1,0,0,60
603999,沪主板,2,0,0,0,0,60
002497,深主板,4,0,3,2,1,60
603773,沪主板,17,0,18,10,8,60
601788,沪主板,0,0,0,0,0,60
603889,沪主板,0,0,0,0,0,60
300126,创业板,0,0,1,0,0,60
002785,深主板,0,0,0,0,0,60
603214,沪主板,0,0,0,0,0,60
001323,深主板,2,0,2,1,0,60
300519,创业板,0,0,3,0,0,60
301191,创业板,10,1,10,7,6,60
002522,深主板,4,0,3,2,2,60
601777,沪主板,0,0,1,1,0,60
603610,沪主板,7,0,2,0,0,60
600876,沪主板,1,0,1,1,0,60
605166,沪主板,1,0,1,0,0,60
688592,科创板,1,0,0,0,0,60
600865,沪主板,1,0,2,0,0,60
603319,沪主板,3,0,3,2,1,60
688387,科创板,7,0,3,1,1,60
603915,沪主板,1,0,1,1,1,60
300796,创业板,0,0,0,0,0,60
300182,创业板,3,0,2,2,1,60
300913,创业板,2,0,2,2,1,60
600448,沪主板,0,0,0,0,0,60
301280,创业板,2,0,2,0,0,60
600644,沪主板,5,0,4,2,1,60
002454,深主板,0,0,0,0,0,60
300034,创业板,0,0,1,0,0,60
002453,深主板,2,0,0,0,0,60
688173,科创板,2,0,2,1,1,60
300532,创业板,1,1,2,2,1,60
002567,深主板,0,0,0,0,0,60
603877,沪主板,2,0,2,1,0,60
002201,深主板,2,0,1,0,0,60
002117,深主板,0,0,0,0,0,60
300418,创业板,4,1,5,2,0,60
300945,创业板,0,0,1,1,0,60
605060,沪主板,7,0,3,3,1,60
301141,创业板,0,0,1,1,1,60
600085,沪主板,0,0,0,0,0,60
688336,科创板,4,1,5,3,0,60
000565,深主板,0,0,1,0,0,60
603267,沪主板,7,0,7,6,2,60
600305,沪主板,0,0,0,0,0,60
603076,沪主板,0,0,0,0,0,60
601319,沪主板,0,0,0,0,0,60
688348,科创板,0,0,0,0,0,60
600888,沪主板,4,0,9,4,1,60
000422,深主板,0,0,2,1,1,60
603029,沪主板,0,0,0,0,0,60
300180,创业板,1,0,0,0,0,60
603995,沪主板,2,0,0,0,0,60
300846,创业板,1,0,4,3,1,60
688108,科创板,3,1,1,1,0,60
002279,深主板,2,0,3,2,0,60
002566,深主板,1,0,2,2,0,60
688757,科创板,8,1,13,8,4,60
300502,创业板,8,0,12,8,5,60
601155,沪主板,0,0,0,0,0,60
603737,沪主板,0,0,0,0,0,60
600019,沪主板,0,0,0,0,0,60
601965,沪主板,0,0,3,2,1,60
300181,创业板,0,0,0,0,0,60
301279,创业板,2,1,2,0,0,60
300036,创业板,0,0,0,0,0,60
603230,沪主板,0,0,0,0,0,60
600452,沪主板,2,0,0,0,0,60
002568,深主板,4,0,4,4,2,60
301137,创业板,1,0,9,5,3,60
300184,创业板,6,0,7,4,3,60
600857,沪主板,10,0,10,5,3,60
603194,沪主板,1,0,0,0,0,60
300947,创业板,0,0,1,0,0,60
002452,深主板,1,0,1,0,0,60
688779,科创板,0,0,0,0,0,60
600449,沪主板,4,0,1,0,0,60
600301,沪主板,6,0,12,5,1,60
605286,沪主板,1,0,0,0,0,60
300586,创业板,4,0,4,3,2,60
301283,创业板,0,0,0,0,0,60
603992,沪主板,2,0,1,1,0,60
000980,深主板,3,0,5,2,1,60
605338,沪主板,0,0,0,0,0,60
300185,创业板,0,0,2,2,2,60
688455,科创板,1,0,2,1,1,60
605169,沪主板,0,0,0,0,0,60
688153,科创板,1,0,1,0,0,60
603082,沪主板,10,0,8,7,3,60
002823,深主板,1,0,1,1,1,60
300872,创业板,2,0,2,1,1,60
000958,深主板,0,0,0,0,0,60
300805,创业板,1,1,2,0,0,60
300639,创业板,0,0,1,1,1,60
301282,创业板,7,1,3,3,3,60
603333,沪主板,2,0,1,0,0,60
600742,沪主板,0,0,0,0,0,60
000818,深主板,4,0,8,3,1,60
301138,创业板,1,0,1,0,0,60
601000,沪主板,0,0,0,0,0,60
600303,沪主板,4,0,3,3,1,60
603636,沪主板,3,0,8,5,2,60
002824,深主板,9,0,7,4,4,60
002249,深主板,2,0,2,0,0,60
300032,创业板,0,0,0,0,0,60
000921,深主板,1,0,1,1,1,60
688499,科创板,1,0,1,1,1,60
300183,创业板,0,0,0,0,0,60
300663,创业板,3,1,5,3,2,60
688563,科创板,0,0,0,0,0,60
603386,沪主板,3,0,5,3,2,60
300031,创业板,1,0,1,0,0,60
603181,沪主板,0,0,0,0,0,60
002825,深主板,0,0,0,0,0,60
000850,深主板,0,0,1,0,0,60
002761,深主板,0,0,1,0,0,60
300703,创业板,0,0,0,0,0,60
601928,沪主板,0,0,0,0,0,60
300033,创业板,1,0,0,0,0,60
300040,创业板,3,0,6,5,3,60
600887,沪主板,0,0,0,0,0,60
002563,深主板,0,0,0,0,0,60
301276,创业板,4,1,4,3,2,60
601099,沪主板,0,0,0,0,0,60
600741,沪主板,0,0,0,0,0,60
600309,沪主板,0,0,1,0,0,60
300695,创业板,2,1,3,2,1,60
300870,创业板,11,0,7,4,1,60
605287,沪主板,5,0,2,1,1,60
600020,沪主板,0,0,1,1,0,60
002457,深主板,6,0,5,4,3,60
300758,创业板,0,0,2,1,0,60
600720,沪主板,0,0,0,0,0,60
601600,沪主板,1,0,2,1,1,60
001318,深主板,1,0,0,0,0,60
002093,深主板,0,0,0,0,0,60
300640,创业板,1,0,0,0,0,60
600860,沪主板,0,0,2,1,0,60
300176,创业板,0,0,0,0,0,60
001391,深主板,0,0,0,0,0,60
300039,创业板,4,0,4,2,0,60
000919,深主板,0,0,0,0,0,60
603391,沪主板,4,0,3,2,1,60
000819,深主板,0,0,0,0,0,60
001299,深主板,3,0,2,1,0,60
300041,创业板,3,0,5,1,0,60
000566,深主板,16,0,13,11,9,60
301275,创业板,1,0,1,0,0,60
600971,沪主板,0,0,1,0,0,60
300504,创业板,1,0,2,1,1,60
600310,沪主板,6,0,7,3,2,60
600025,沪主板,0,0,0,0,0,60
300942,创业板,0,0,0,0,0,60
301273,创业板,1,1,7,3,2,60
002004,深主板,0,0,0,0,0,60
002821,深主板,5,0,3,2,2,60
002459,深主板,1,0,0,0,0,60
603585,沪主板,0,0,0,0,0,60
603633,沪主板,1,0,2,1,0,60
688135,科创板,8,0,4,3,1,60
603075,沪主板,1,0,5,2,1,60
600312,沪主板,0,0,0,0,0,60
300530,创业板,2,1,4,1,1,60
300737,创业板,2,2,6,5,1,60
002562,深主板,0,0,0,0,0,60
601228,沪主板,0,0,0,0,0,60
600648,沪主板,0,0,0,0,0,60
301277,创业板,3,0,3,0,0,60
300420,创业板,10,1,11,9,7,60
603156,沪主板,5,0,5,2,0,60
600645,沪主板,0,0,1,0,0,60
000722,深主板,5,0,9,3,1,60
603583,沪主板,0,0,0,0,0,60
600021,沪主板,3,0,3,1,1,60
300946,创业板,1,0,1,0,0,60
301149,创业板,0,0,0,0,0,60
600859,沪主板,0,0,0,0,0,60
603030,沪主板,0,0,0,0,0,60
000701,深主板,0,0,2,2,1,60
002565,深主板,2,0,2,0,0,60
600307,沪主板,0,0,0,0,0,60
000421,深主板,0,0,0,0,0,60
001229,深主板,10,0,9,6,5,60
300503,创业板,11,1,9,5,3,60
300037,创业板,4,0,2,1,0,60
600446,沪主板,2,0,0,0,0,60
603348,沪主板,1,0,0,0,0,60
002035,深主板,0,0,0,0,0,60
688192,科创板,8,2,5,2,2,60
002455,深主板,1,0,0,0,0,60
301281,创业板,5,0,1,1,0,60
601117,沪主板,1,0,0,0,0,60
001301,深主板,1,0,2,0,0,60
002277,深主板,3,0,1,1,0,60
002763,深主板,0,0,1,1,0,60
688070,科创板,0,0,0,0,0,60
300664,创业板,0,0,0,0,0,60
002456,深主板,0,0,2,2,0,60
600308,沪主板,0,0,0,0,0,60
688625,科创板,8,0,9,4,3,60
301150,创业板,5,0,6,3,2,60
688510,科创板,2,0,1,0,0,60
600444,沪主板,0,0,0,0,0,60
688568,科创板,2,0,1,1,0,60
603912,沪主板,1,0,4,2,2,60
000856,深主板,0,0,0,0,0,60
601336,沪主板,2,0,0,0,0,60
002564,深主板,0,0,1,0,0,60
688222,科创板,3,0,2,1,0,60
300847,创业板,0,0,2,0,0,60
300035,创业板,0,0,0,0,0,60
300531,创业板,0,0,0,0,0,60
603637,沪主板,5,0,3,1,1,60
300871,创业板,0,0,0,0,0,60
300177,创业板,0,0,0,0,0,60
301278,创业板,0,0,0,0,0,60
603786,沪主板,0,0,2,1,1,60
002116,深主板,0,0,0,0,0,60
300179,创业板,9,3,14,8,6,60
301285,创业板,6,0,3,2,1,60
600018,沪主板,0,0,0,0,0,60
600455,沪主板,0,0,1,0,0,60
603170,沪主板,0,0,1,0,0,60
300873,创业板,7,2,6,2,2,60
002444,深主板,0,0,2,1,1,60
300192,创业板,0,0,4,1,0,60
600015,沪主板,0,0,0,0,0,60
688468,科创板,0,0,0,0,0,60
001212,深主板,1,0,2,1,0,60
000983,深主板,0,0,2,1,1,60
688590,科创板,3,0,2,1,0,60
600999,沪主板,0,0,0,0,0,60
001378,深主板,2,0,1,0,0,60
600089,沪主板,0,0,0,0,0,60
688562,科创板,0,0,0,0,0,60
002171,深主板,2,0,2,0,0,60
002758,深主板,0,0,0,0,0,60
601113,沪主板,0,0,0,0,0,60
300760,创业板,0,0,0,0,0,60
688385,科创板,3,0,5,2,2,60
001223,深主板,8,0,4,2,2,60
600295,沪主板,0,0,0,0,0,60
001316,深主板,1,0,2,1,1,60
600461,沪主板,0,0,0,0,0,60
688700,科创板,7,0,9,5,2,60
300017,创业板,2,1,6,3,2,60
688596,科创板,18,6,15,9,7,60
000859,深主板,6,0,6,1,0,60
603368,沪主板,0,0,0,0,0,60
002009,深主板,1,0,1,0,0,60
688004,科创板,2,0,0,0,0,60
600797,沪主板,2,0,5,4,1,60
603569,沪主板,0,0,0,0,0,60
601919,沪主板,0,0,0,0,0,60
600298,沪主板,0,0,0,0,0,60
301289,创业板,0,0,0,0,0,60
688246,科创板,2,0,2,1,0,60
688709,科创板,3,0,3,1,1,60
300021,创业板,0,0,0,0,0,60
603155,沪主板,9,0,10,6,3,60
688095,科创板,1,1,4,0,0,60
300759,创业板,2,0,2,2,0,60
688683,科创板,1,0,4,2,1,60
688579,科创板,0,0,1,0,0,60
600743,沪主板,1,0,2,1,1,60
301130,创业板,0,0,0,0,0,60
600641,沪主板,10,0,9,6,3,60
002574,深主板,0,0,0,0,0,60
688155,科创板,0,0,0,0,0,60
001382,深主板,1,0,2,1,1,60
600460,沪主板,4,0,7,6,4,60
688718,科创板,1,0,0,0,0,60
603639,沪主板,0,0,0,0,0,60
300735,创业板,3,1,2,1,0,60
002282,深主板,0,0,0,0,0,60
688636,科创板,6,1,3,3,2,60
600463,沪主板,1,0,0,0,0,60
300194,创业板,0,0,0,0,0,60
600292,沪主板,1,0,1,1,1,60
600012,沪主板,0,0,0,0,0,60
603227,沪主板,0,0,0,0,0,60
605058,沪主板,2,0,2,1,1,60
002443,深主板,1,0,0,0,0,60
002829,深主板,6,0,7,5,3,60
603212,沪主板,4,0,0,0,0,60
300806,创业板,10,0,8,3,2,60
000767,深主板,4,0,11,7,5,60
688432,科创板,15,6,16,10,6,60
600718,沪主板,0,0,1,1,0,60
601016,沪主板,1,0,3,1,0,60
300500,创业板,0,0,0,0,0,60
601700,沪主板,4,0,3,3,3,60
603192,沪主板,3,0,2,2,0,60
300019,创业板,1,0,2,0,0,60
603733,沪主板,2,0,1,0,0,60
000816,深主板,0,0,0,0,0,60
688363,科创板,0,0,1,0,0,60
603578,沪主板,4,0,2,1,0,60
300949,创业板,0,0,0,0,0,60
002575,深主板,4,0,5,4,2,60
301292,创业板,2,1,6,3,2,60
301131,创业板,0,0,0,0,0,60
688678,科创板,4,0,2,2,2,60
603738,沪主板,10,0,10,7,6,60
600855,沪主板,1,0,0,0,0,60
688343,科创板,4,0,2,1,1,60
300637,创业板,1,0,2,0,0,60
688325,科创板,2,0,5,3,1,60
603079,沪主板,0,0,0,0,0,60
300193,创业板,1,0,0,0,0,60
603351,沪主板,1,0,0,0,0,60
301290,创业板,0,0,1,1,0,60
002120,深主板,0,0,1,1,1,60
605099,沪主板,3,0,2,2,1,60
301129,创业板,0,0,1,0,0,60
688029,科创板,0,0,0,0,0,60
600798,沪主板,1,0,1,1,1,60
002576,深主板,1,0,0,0,0,60
688330,科创板,0,0,2,1,0,60
300535,创业板,0,0,0,0,0,60
600293,沪主板,6,0,4,1,1,60
300414,创业板,1,1,2,0,0,60
688114,科创板,2,0,2,0,0,60
601699,沪主板,1,0,2,1,1,60
603917,沪主板,1,0,1,1,1,60
688326,科创板,0,0,1,1,1,60
002760,深主板,1,0,5,4,2,60
601163,沪主板,0,0,0,0,0,60
601825,沪主板,0,0,0,0,0,60
600300,沪主板,0,0,0,0,0,60
688545,科创板,9,1,19,11,5,60
603638,沪主板,3,0,2,2,0,60
300188,创业板,0,0,0,0,0,60
300025,创业板,0,0,0,0,0,60
688786,科创板,8,0,8,5,3,60
600458,沪主板,4,0,4,3,0,60
301135,创业板,0,0,0,0,0,60
300501,创业板,1,0,1,0,0,60
603028,沪主板,0,0,1,0,0,60
600088,沪主板,2,0,0,0,0,60
603787,沪主板,0,0,0,0,0,60
301286,创业板,5,0,5,3,1,60
601388,沪主板,0,0,2,1,1,60
002448,深主板,2,0,1,1,1,60
600681,沪主板,0,0,0,0,0,60
603080,沪主板,0,0,1,0,0,60
600094,沪主板,2,0,2,1,1,60
601728,沪主板,0,0,0,0,0,60
688063,科创板,1,0,0,0,0,60
000066,深主板,4,0,8,6,3,60
603876,沪主板,1,0,2,1,0,60
002451,深主板,1,0,1,0,0,60
300452,创业板,0,0,0,0,0,60
000529,深主板,0,0,0,0,0,60
603579,沪主板,0,0,1,0,0,60
000957,深主板,0,0,0,0,0,60
002570,深主板,1,0,3,1,1,60
002276,深主板,0,0,1,1,0,60
300417,创业板,0,0,1,0,0,60
600990,沪主板,3,0,2,0,0,60
600970,沪主板,0,0,0,0,0,60
300793,创业板,0,0,0,0,0,60
002161,深主板,2,0,0,0,0,60
601012,沪主板,0,0,0,0,0,60
603916,沪主板,2,0,3,0,0,60
000669,深主板,0,0,8,5,1,60
002091,深主板,0,0,0,0,0,60
300533,创业板,2,0,3,3,2,60
301287,创业板,0,0,0,0,0,60
300187,创业板,0,0,0,0,0,60
600643,沪主板,0,0,0,0,0,60
300030,创业板,0,0,0,0,0,60
002449,深主板,1,0,4,2,1,60
301136,创业板,0,0,0,0,0,60
300022,创业板,0,0,1,1,0,60
000039,深主板,1,0,1,0,0,60
300026,创业板,0,0,0,0,0,60
300416,创业板,1,0,1,1,0,60
688600,科创板,2,1,2,1,1,60
000564,深主板,2,0,2,0,0,60
600017,沪主板,0,0,0,0,0,60
300024,创业板,2,0,1,0,0,60
300190,创业板,0,0,1,1,0,60
000400,深主板,0,0,0,0,0,60
600858,沪主板,0,0,0,0,0,60
603269,沪主板,5,0,5,3,2,60
601827,沪主板,0,0,0,0,0,60
600459,沪主板,4,0,4,3,1,60
603027,沪主板,0,0,0,0,0,60
002446,深主板,3,0,2,0,0,60
688638,科创板,0,0,1,1,1,60
300845,创业板,1,0,0,0,0,60
688083,科创板,4,1,0,0,0,60
688007,科创板,1,0,0,0,0,60
300415,创业板,1,0,0,0,0,60
603266,沪主板,0,0,0,0,0,60
600784,沪主板,2,0,0,0,0,60
301132,创业板,6,1,7,5,1,60
300191,创业板,5,0,18,7,6,60
002573,深主板,0,0,0,0,0,60
002119,深主板,10,0,9,5,4,60
600456,沪主板,0,0,1,1,1,60
002281,深主板,11,0,12,7,6,60
300189,创业板,0,0,0,0,0,60
688459,科创板,0,0,0,0,0,60
603871,沪主板,1,0,1,1,1,60
603387,沪主板,1,0,1,0,0,60
600719,沪主板,5,0,7,2,1,60
688603,科创板,7,2,20,8,7,60
688767,科创板,1,0,4,2,1,60
001255,深主板,0,0,0,0,0,60
688283,科创板,3,0,2,2,2,60
600299,沪主板,1,0,1,1,1,60
002827,深主板,5,0,5,5,5,60
600016,沪主板,0,0,0,0,0,60
301291,创业板,4,0,3,1,0,60
300534,创业板,7,3,10,7,2,60
301133,创业板,3,0,2,1,1,60
002572,深主板,0,0,0,0,0,60
600642,沪主板,0,0,0,0,0,60
300599,创业板,4,0,0,0,0,60
002221,深主板,0,0,1,1,1,60
300638,创业板,1,0,2,1,1,60
603236,沪主板,4,0,0,0,0,60
301151,创业板,3,1,3,2,1,60
300043,创业板,3,0,2,1,1,60
601808,沪主板,0,0,1,0,0,60
300158,创业板,0,0,0,0,0,60
301162,创业板,0,0,2,0,0,60
300702,创业板,1,0,0,0,0,60
688092,科创板,1,0,2,1,1,60
300055,创业板,1,0,1,0,0,60
603033,沪主板,3,0,1,1,1,60
600076,沪主板,4,0,5,5,3,60
301258,创业板,0,0,1,0,0,60
002816,深主板,1,0,1,1,1,60
002271,深主板,0,0,0,0,0,60
300056,创业板,1,0,0,0,0,60
300915,创业板,0,0,0,0,0,60
603160,沪主板,1,0,1,0,0,60
002551,深主板,0,0,0,0,0,60
688003,科创板,6,1,9,6,5,60
300850,创业板,1,0,0,0,0,60
001313,深主板,4,0,0,0,0,60
688312,科创板,6,0,6,5,5,60
300162,创业板,7,2,11,7,3,60
605066,沪主板,1,0,2,2,1,60
688711,科创板,10,1,10,6,5,60
688001,科创板,7,2,12,6,4,60
002469,深主板,1,0,1,0,0,60
600419,沪主板,1,0,1,0,0,60
688367,科创板,4,1,8,4,3,60
300739,创业板,6,0,5,2,1,60
688696,科创板,0,0,0,0,0,60
600657,沪主板,0,0,0,0,0,60
688519,科创板,15,0,14,8,3,60
605289,沪主板,9,0,4,4,4,60
000960,深主板,5,0,13,6,3,60
000848,深主板,0,0,1,0,0,60
300868,创业板,12,2,11,4,2,60
300161,创业板,1,0,0,0,0,60
603908,沪主板,0,0,0,0,0,60
300057,创业板,4,0,2,0,0,60
002550,深主板,2,0,1,0,0,60
002470,深主板,0,0,1,0,0,60
605168,沪主板,4,0,4,3,0,60
600420,沪主板,0,0,0,0,0,60
300937,创业板,1,1,5,4,2,60
000975,深主板,3,0,7,5,3,60
300427,创业板,2,1,5,4,3,60
000591,深主板,0,0,1,0,0,60
600028,沪主板,0,0,0,0,0,60
600886,沪主板,0,0,0,0,0,60
600325,沪主板,0,0,0,0,0,60
601127,沪主板,1,0,3,1,1,60
603628,沪主板,0,0,1,0,0,60
301161,创业板,3,0,2,2,1,60
301259,创业板,3,1,1,0,0,60
600027,沪主板,0,0,0,0,0,60
688768,科创板,1,0,2,1,0,60
000567,深主板,0,0,1,1,1,60
301160,创业板,4,0,4,2,1,60
600653,沪主板,0,0,0,0,0,60
300053,创业板,2,0,1,1,1,60
300795,创业板,9,5,11,10,8,60
300938,创业板,3,0,8,4,2,60
605566,沪主板,4,0,4,3,2,60
600422,沪主板,0,0,1,1,0,60
001279,深主板,1,0,0,0,0,60
001226,深主板,2,0,1,0,0,60
300528,创业板,5,1,7,5,3,60
300164,创业板,10,1,21,17,11,60
688306,科创板,3,0,0,0,0,60
600722,沪主板,8,0,10,8,6,60
600796,沪主板,0,0,0,0,0,60
600739,沪主板,0,0,0,0,0,60
002043,深主板,1,0,0,0,0,60
002030,深主板,1,0,5,1,1,60
002553,深主板,0,0,0,0,0,60
603385,沪主板,0,0,1,0,0,60
600973,沪主板,2,0,3,2,1,60
300738,创业板,0,0,3,2,1,60
002552,深主板,22,0,21,12,9,60
301262,创业板,0,0,2,1,0,60
600322,沪主板,3,0,0,0,0,60
002203,深主板,5,0,7,4,3,60
002095,深主板,0,0,0,0,0,60
002272,深主板,9,0,7,5,2,60
688365,科创板,2,0,3,2,1,60
300054,创业板,4,0,10,5,4,60
301163,创业板,1,0,0,0,0,60
688050,科创板,0,0,0,0,0,60
000420,深主板,0,0,2,0,0,60
002815,深主板,6,0,7,3,2,60
002162,深主板,1,0,1,1,1,60
603618,沪主板,12,0,16,9,6,60
603588,沪主板,4,0,5,2,2,60
603183,沪主板,1,0,0,0,0,60
300869,创业板,0,0,0,0,0,60
002468,深主板,1,0,3,2,1,60
001308,深主板,0,0,0,0,0,60
300660,创业板,1,0,4,1,0,60
603066,沪主板,0,0,0,0,0,60
000019,深主板,0,0,0,0,0,60
600863,沪主板,5,0,8,6,2,60
688195,科创板,6,0,9,6,3,60
300426,创业板,1,0,0,0,0,60
002215,深主板,1,0,1,0,0,60
301260,创业板,0,0,0,0,0,60
688065,科创板,1,0,0,0,0,60
603070,沪主板,5,0,4,2,1,60
002111,深主板,0,0,1,1,0,60
300062,创业板,1,1,4,2,1,60
300507,创业板,0,0,0,0,0,60
300661,创业板,3,0,4,3,1,60
000735,深主板,0,0,0,0,0,60
000685,深主板,1,0,2,2,1,60
600864,沪主板,0,0,0,0,0,60
600655,沪主板,0,0,0,0,0,60
001373,深主板,0,0,0,0,0,60
000822,深主板,0,0,0,0,0,60
600328,沪主板,0,0,0,0,0,60
688259,科创板,1,0,4,1,0,60
600032,沪主板,3,0,3,0,0,60
002270,深主板,3,0,1,0,0,60
300644,创业板,0,0,1,0,0,60
688627,科创板,10,1,13,8,5,60
603229,沪主板,0,0,0,0,0,60
600415,沪主板,0,0,1,1,0,60
002475,深主板,0,0,5,4,2,60
300428,创业板,0,0,1,1,1,60
300061,创业板,2,0,2,2,1,60
688151,科创板,1,0,1,1,0,60
300155,创业板,0,0,1,0,0,60
603068,沪主板,3,0,1,0,0,60
301252,创业板,3,0,2,0,0,60
300154,创业板,2,0,2,0,0,60
300429,创业板,2,0,3,1,1,60
600737,沪主板,2,0,2,0,0,60
600030,沪主板,0,0,0,0,0,60
600795,沪主板,0,0,0,0,0,60
603036,沪主板,3,0,0,0,0,60
000568,深主板,0,0,0,0,0,60
300596,创业板,5,0,2,0,0,60
002205,深主板,0,0,0,0,0,60
301248,创业板,6,0,7,4,2,60
300066,创业板,1,0,1,1,1,60
300935,创业板,2,0,4,2,0,60
000962,深主板,10,0,11,6,3,60
600329,沪主板,0,0,0,0,0,60
601606,沪主板,3,0,3,3,3,60
002474,深主板,1,0,1,0,0,60
688203,科创板,0,0,0,0,0,60
002546,深主板,3,0,1,1,1,60
600410,沪主板,2,0,3,1,0,60
301168,创业板,1,0,2,0,0,60
002096,深主板,2,0,0,0,0,60
600885,沪主板,1,0,1,1,0,60
002771,深主板,4,0,1,1,0,60
601038,沪主板,1,0,0,0,0,60
301167,创业板,0,0,0,0,0,60
300065,创业板,4,1,4,3,1,60
603345,沪主板,0,0,1,0,0,60
002548,深主板,2,0,0,0,0,60
600724,沪主板,2,0,0,0,0,60
600676,沪主板,2,0,3,3,3,60
300643,创业板,2,1,1,0,0,60
000059,深主板,0,0,1,1,1,60
300755,创业板,3,0,3,3,2,60
600029,沪主板,0,0,1,1,1,60
600992,沪主板,7,0,4,2,2,60
300059,创业板,1,0,0,0,0,60
600738,沪主板,0,0,0,0,0,60
301257,创业板,4,0,5,2,1,60
600075,沪主板,0,0,0,0,0,60
002471,深主板,4,0,1,1,1,60
603589,沪主板,0,0,1,0,0,60
300700,创业板,2,0,3,1,1,60
688137,科创板,1,0,0,0,0,60
601199,沪主板,1,0,0,0,0,60
600326,沪主板,0,0,1,1,0,60
002549,深主板,6,0,9,7,6,60
600418,沪主板,2,0,2,0,0,60
300160,创业板,0,0,0,0,0,60
688565,科创板,0,0,0,0,0,60
002112,深主板,2,0,2,1,1,60
000402,深主板,0,0,0,0,0,60
002772,深主板,2,0,2,2,1,60
301261,创业板,0,0,1,0,0,60
001213,深主板,0,0,0,0,0,60
603035,沪主板,0,0,0,0,0,60
600327,沪主板,0,0,0,0,0,60
301165,创业板,8,1,12,10,7,60
603380,沪主板,6,0,7,3,3,60
001376,深主板,3,0,0,0,0,60
002810,深主板,1,0,2,2,2,60
688581,科创板,0,0,0,0,0,60
603626,沪主板,2,0,4,0,0,60
301255,创业板,1,0,1,0,0,60
688522,科创板,0,0,2,1,0,60
600789,沪主板,0,0,0,0,0,60
002472,深主板,2,0,3,0,0,60
000910,深主板,1,0,0,0,0,60
601800,沪主板,0,0,0,0,0,60
600416,沪主板,1,0,1,1,1,60
300058,创业板,1,1,5,2,1,60
301166,创业板,0,0,0,0,0,60
300157,创业板,2,0,5,3,3,60
300525,创业板,2,0,0,0,0,60
603881,沪主板,2,0,4,2,1,60
300936,创业板,10,0,9,4,3,60
301256,创业板,0,0,1,0,0,60
603185,沪主板,1,0,0,0,0,60
603193,沪主板,1,0,0,0,0,60
603901,沪主板,0,0,0,0,0,60
603757,沪主板,11,0,13,5,4,60
002813,深主板,0,0,1,0,0,60
603991,沪主板,9,0,8,6,2,60
301159,创业板,0,0,1,1,0,60
300505,创业板,5,1,4,1,0,60
002461,深主板,0,0,0,0,0,60
300848,创业板,1,0,1,1,1,60
688085,科创板,0,0,0,0,0,60
301272,创业板,0,0,0,0,0,60
688152,科创板,0,0,0,0,0,60
600433,沪主板,0,0,2,0,0,60
300641,创业板,1,0,1,1,0,60
601100,沪主板,1,0,1,1,0,60
002766,深主板,4,0,5,5,4,60
002558,深主板,4,0,4,2,0,60
688661,科创板,16,2,14,11,6,60
002819,深主板,0,0,1,1,0,60
603909,沪主板,0,0,1,0,0,60
000981,深主板,1,0,1,0,0,60
603237,沪主板,0,0,1,1,1,60
688353,科创板,4,0,2,2,1,60
688699,科创板,8,0,6,2,2,60
688258,科创板,5,0,6,4,3,60
605288,沪主板,9,0,7,4,1,60
002194,深主板,4,0,1,1,0,60
601137,沪主板,2,0,4,3,2,60
300529,创业板,0,0,0,0,0,60
300042,创业板,8,0,13,7,2,60
301155,创业板,0,0,1,0,0,60
300170,创业板,1,0,2,0,0,60
688633,科创板,0,0,1,1,0,60
600650,沪主板,0,0,3,1,1,60
601326,沪主板,0,0,0,0,0,60
301156,创业板,0,0,2,0,0,60
002048,深主板,1,0,1,0,0,60
603031,沪主板,7,0,10,7,3,60
600884,沪主板,1,0,0,0,0,60
000978,深主板,0,0,0,0,0,60
600785,沪主板,4,0,4,2,2,60
001356,深主板,0,0,0,0,0,60
600316,沪主板,0,0,0,0,0,60
300757,创业板,7,0,13,9,7,60
000570,深主板,0,0,0,0,0,60
603993,沪主板,2,0,7,2,2,60
002768,深主板,1,0,3,1,0,60
300425,创业板,0,0,0,0,0,60
688608,科创板,1,0,1,0,0,60
000401,深主板,0,0,0,0,0,60
301269,创业板,4,0,9,4,2,60
603032,沪主板,5,0,6,4,3,60
002202,深主板,2,0,2,1,1,60
002170,深主板,0,0,0,0,0,60
600429,沪主板,1,0,1,0,0,60
300941,创业板,0,0,0,0,0,60
688305,科创板,2,0,1,0,0,60
603739,沪主板,0,0,0,0,0,60
600649,沪主板,0,0,0,0,0,60
300597,创业板,0,0,1,0,0,60
603878,沪主板,0,0,1,0,0,60
002274,深主板,1,0,2,2,1,60
688136,科创板,4,0,0,0,0,60
002216,深主板,0,0,0,0,0,60
600436,沪主板,1,0,1,1,1,60
002458,深主板,3,0,5,3,2,60
301270,创业板,3,1,2,1,0,60
603073,沪主板,0,0,1,0,0,60
300696,创业板,2,0,0,0,0,60
300943,创业板,10,1,6,6,5,60
300421,创业板,1,0,2,1,1,60
002278,深主板,0,0,0,0,0,60
301153,创业板,0,0,0,0,0,60
000030,深主板,0,0,0,0,0,60
603299,沪主板,0,0,0,0,0,60
688525,科创板,7,0,17,13,8,60
002561,深主板,0,0,0,0,0,60
605098,沪主板,1,0,3,1,0,60
603383,沪主板,0,0,0,0,0,60
002820,深主板,0,0,0,0,0,60
300045,创业板,1,1,2,2,2,60
688216,科创板,9,4,6,2,2,60
300171,创业板,0,0,0,0,0,60
688391,科创板,1,0,1,1,0,60
600861,沪主板,0,0,0,0,0,60
600315,沪主板,0,0,0,0,0,60
688247,科创板,1,1,0,0,0,60
688372,科创板,8,0,7,3,2,60
301152,创业板,0,0,1,1,1,60
601011,沪主板,1,0,2,0,0,60
605580,沪主板,9,0,12,7,4,60
301268,创业板,0,0,0,0,0,60
000679,深主板,3,0,0,0,0,60
002460,深主板,0,0,1,1,0,60
000733,深主板,4,0,6,4,2,60
002559,深主板,4,0,8,7,4,60
603335,沪主板,8,0,6,4,4,60
300172,创业板,0,0,0,0,0,60
300422,创业板,0,0,1,0,0,60
002560,深主板,3,0,4,2,0,60
000519,深主板,3,0,2,2,0,60
600313,沪主板,0,0,0,0,0,60
600435,沪主板,0,0,0,0,0,60
600081,沪主板,1,0,0,0,0,60
601138,沪主板,1,0,7,5,3,60
002767,深主板,3,0,2,2,1,60
002115,深主板,3,0,6,3,1,60
000710,深主板,1,0,1,1,1,60
002273,深主板,6,0,5,4,3,60
002250,深主板,2,0,1,1,0,60
002219,深主板,1,0,2,1,0,60
603880,沪主板,2,0,2,1,1,60
601958,沪主板,7,0,8,3,2,60
688249,科创板,6,0,9,4,3,60
603755,沪主板,0,0,0,0,0,60
605333,沪主板,0,0,0,0,0,60
000738,深主板,0,0,0,0,0,60
301158,创业板,1,1,4,3,2,60
001215,深主板,6,0,3,1,0,60
600026,沪主板,3,0,6,3,1,60
300642,创业板,0,0,0,0,0,60
300940,创业板,0,0,1,0,0,60
300662,创业板,0,0,0,0,0,60
300849,创业板,4,1,2,1,0,60
603587,沪主板,0,0,0,0,0,60
603629,沪主板,20,0,22,18,14,60
601229,沪主板,0,0,0,0,0,60
000852,深主板,0,0,1,0,0,60
002555,深主板,0,0,1,1,0,60
688543,科创板,0,0,0,0,0,60
002463,深主板,6,0,9,5,3,60
688285,科创板,0,0,1,0,0,60
000766,深主板,4,0,3,3,3,60
300166,创业板,3,1,7,4,3,60
600651,沪主板,0,0,0,0,0,60
603289,沪主板,0,0,1,0,0,60
601816,沪主板,0,0,0,0,0,60
603158,沪主板,2,0,2,1,1,60
002466,深主板,2,0,2,1,1,60
001238,深主板,1,0,1,0,0,60
603373,沪主板,5,0,4,3,2,60
688202,科创板,5,0,1,0,0,60
600320,沪主板,0,0,0,0,0,60
605090,沪主板,3,0,5,2,1,60
000528,深主板,0,0,1,0,0,60
300423,创业板,0,0,0,0,0,60
002817,深主板,0,0,0,0,0,60
000635,深主板,0,0,0,0,0,60
600425,沪主板,0,0,0,0,0,60
300598,创业板,0,0,2,0,0,60
300587,创业板,1,0,0,0,0,60
688018,科创板,3,0,3,2,2,60
300050,创业板,2,0,0,0,0,60
301263,创业板,2,0,1,1,1,60
688420,科创板,0,0,0,0,0,60
002467,深主板,1,0,1,0,0,60
300939,创业板,5,1,4,2,0,60
603906,沪主板,5,0,7,2,1,60
603630,沪主板,2,0,2,1,1,60
300049,创业板,2,0,0,0,0,60
603879,沪主板,0,0,0,0,0,60
688093,科创板,2,1,0,0,0,60
601111,沪主板,0,0,1,1,1,60
002557,深主板,0,0,0,0,0,60
000017,深主板,3,0,2,1,0,60
000065,深主板,0,0,5,0,0,60
600022,沪主板,0,0,0,0,0,60
603350,沪主板,0,0,0,0,0,60
600428,沪主板,1,0,3,3,1,60
688396,科创板,3,0,6,3,3,60
301157,创业板,0,0,1,0,0,60
300865,创业板,0,0,0,0,0,60
002094,深主板,0,0,0,0,0,60
603586,沪主板,1,0,3,3,2,60
002818,深主板,0,0,0,0,0,60
002163,深主板,0,0,0,0,0,60
603069,沪主板,0,0,0,0,0,60
300803,创业板,2,0,0,0,0,60
605162,沪主板,7,0,6,3,2,60
300168,创业板,0,0,1,1,0,60
300047,创业板,1,0,1,0,0,60
300756,创业板,1,0,1,0,0,60
301267,创业板,0,0,0,0,0,60
601811,沪主板,0,0,0,0,0,60
601068,沪主板,0,0,1,0,0,60
301265,创业板,3,0,1,1,1,60
601328,沪主板,0,0,0,0,0,60
300048,创业板,0,0,0,0,0,60
600862,沪主板,1,0,1,1,0,60
603071,沪主板,0,0,0,0,0,60
301266,创业板,0,0,1,0,0,60
600426,沪主板,0,0,0,0,0,60
601456,沪主板,0,0,0,0,0,60
601717,沪主板,0,0,1,1,1,60
600078,沪主板,4,0,5,2,1,60
300051,创业板,1,0,1,0,0,60
688027,科创板,1,0,3,2,1,60
002034,深主板,0,0,0,0,0,60
688382,科创板,3,0,3,0,0,60
600740,沪主板,0,0,1,1,0,60
600318,沪主板,0,0,0,0,0,60
688087,科创板,0,0,2,1,1,60
002275,深主板,0,0,0,0,0,60
002556,深主板,0,0,0,0,0,60
002465,深主板,2,0,2,0,0,60
000720,深主板,1,0,2,2,1,60
603072,沪主板,1,0,0,0,0,60
001296,深主板,2,0,0,0,0,60
001336,深主板,0,0,0,0,0,60
600023,沪主板,1,0,2,1,0,60
300555,创业板,1,0,0,0,0,60
688378,科创板,4,1,6,1,1,60
601877,沪主板,0,0,0,0,0,60
002321,深主板,0,0,0,0,0,60
002384,深主板,11,0,17,12,6,60
002640,深主板,3,0,2,0,0,60
000898,深主板,0,0,0,0,0,60
600567,沪主板,1,0,1,0,0,60
000937,深主板,0,0,0,0,0,60
300323,创业板,6,0,16,9,5,60
688613,科创板,0,0,0,0,0,60
000927,深主板,0,0,0,0,0,60
002930,深主板,2,0,3,3,0,60
000881,深主板,1,0,0,0,0,60
300686,创业板,6,1,3,3,2,60
688317,科创板,0,0,4,2,2,60
600613,沪主板,0,0,0,0,0,60
002981,深主板,4,0,2,0,0,60
301607,创业板,8,2,7,5,3,60
300359,创业板,1,1,5,5,4,60
002142,深主板,0,0,0,0,0,60
300688,创业板,6,2,5,3,2,60
600821,沪主板,3,0,4,3,0,60
603527,沪主板,2,0,2,1,1,60
300812,创业板,2,0,5,3,3,60
688472,科创板,0,0,1,0,0,60
300360,创业板,0,0,0,0,0,60
605488,沪主板,6,0,4,3,1,60
300830,创业板,0,0,0,0,0,60
300482,创业板,2,0,2,0,0,60
688062,科创板,3,0,1,1,1,60
002350,深主板,4,0,3,3,2,60
601398,沪主板,0,0,0,0,0,60
605136,沪主板,1,0,1,1,0,60
603312,沪主板,0,0,2,2,0,60
688230,科创板,1,0,3,3,1,60
300271,创业板,1,0,1,0,0,60
000779,深主板,5,0,3,3,3,60
300553,创业板,11,1,11,4,2,60
001209,深主板,0,0,0,0,0,60
002983,深主板,3,0,3,0,0,60
002867,深主板,0,0,0,0,0,60
300773,创业板,0,0,0,0,0,60
603520,沪主板,1,0,0,0,0,60
600121,沪主板,4,0,8,5,2,60
600595,沪主板,1,0,2,0,0,60
301577,创业板,1,0,6,4,2,60
002188,深主板,0,0,1,0,0,60
603712,沪主板,0,0,0,0,0,60
603829,沪主板,0,0,2,1,0,60
300382,创业板,7,0,5,3,2,60
603968,沪主板,1,0,1,1,1,60
600529,沪主板,0,0,0,0,0,60
000501,深主板,0,0,0,0,0,60
601881,沪主板,0,0,0,0,0,60
600833,沪主板,0,0,0,0,0,60
002642,深主板,2,0,1,1,1,60
002676,深主板,1,0,0,0,0,60
688268,科创板,10,2,21,17,12,60
301021,创业板,11,0,8,6,5,60
301386,创业板,0,0,0,0,0,60
688469,科创板,3,0,3,3,2,60
301059,创业板,3,0,1,1,1,60
600219,沪主板,1,0,1,1,0,60
300272,创业板,0,0,1,0,0,60
002351,深主板,0,0,0,0,0,60
601139,沪主板,0,0,0,0,0,60
601200,沪主板,0,0,0,0,0,60
301380,创业板,0,0,0,0,0,60
002641,深主板,0,0,0,0,0,60
600774,沪主板,0,0,0,0,0,60
000048,深主板,12,0,7,3,3,60
600919,沪主板,0,0,0,0,0,60
603199,沪主板,0,0,0,0,0,60
002237,深主板,2,0,3,2,0,60
002307,深主板,1,0,1,0,0,60
301382,创业板,4,0,3,1,1,60
603501,沪主板,0,0,2,1,0,60
603681,沪主板,2,0,6,5,4,60
002067,深主板,3,0,6,4,3,60
688126,科创板,8,2,12,4,4,60
300564,创业板,0,0,0,0,0,60
002889,深主板,1,0,4,3,2,60
002980,深主板,16,0,15,7,4,60
301509,创业板,1,0,0,0,0,60
600218,沪主板,0,0,0,0,0,60
605180,沪主板,1,0,2,1,1,60
600528,沪主板,0,0,0,0,0,60
600757,沪主板,0,0,0,0,0,60
000617,深主板,0,0,0,0,0,60
002728,深主板,3,0,3,0,0,60
603115,沪主板,19,0,17,12,8,60
301511,创业板,15,1,15,7,4,60
000544,深主板,0,0,0,0,0,60
300888,创业板,0,0,0,0,0,60
002678,深主板,0,0,1,0,0,60
688377,科创板,1,0,4,2,1,60
688047,科创板,1,0,3,1,1,60
603816,沪主板,0,0,0,0,0,60
600527,沪主板,1,0,0,0,0,60
600834,沪主板,0,0,1,0,0,60
300472,创业板,1,0,2,1,1,60
301608,创业板,0,0,1,0,0,60
300383,创业板,1,0,4,2,0,60
002133,深主板,0,0,0,0,0,60
688652,科创板,8,0,10,8,6,60
603806,沪主板,3,0,3,3,0,60
300269,创业板,2,1,4,3,2,60
002929,深主板,6,0,9,5,3,60
688048,科创板,12,2,16,12,7,60
002349,深主板,0,0,0,0,0,60
002984,深主板,0,0,0,0,0,60
301061,创业板,0,0,0,0,0,60
002637,深主板,3,0,2,1,1,60
301062,创业板,1,0,1,1,1,60
000488,深主板,0,0,1,0,0,60
300896,创业板,0,0,1,1,0,60
300772,创业板,0,0,0,0,0,60
601899,沪主板,0,0,6,4,0,60
603255,沪主板,2,0,3,3,1,60
688107,科创板,4,0,3,2,2,60
603408,沪主板,0,0,0,0,0,60
688361,科创板,9,1,10,7,2,60
600172,沪主板,11,0,16,13,9,60
688553,科创板,2,1,1,0,0,60
002866,深主板,2,0,5,2,2,60
300321,创业板,10,1,7,4,3,60
600612,沪主板,0,0,0,0,0,60
688234,科创板,9,0,16,11,8,60
301381,创业板,1,0,0,0,0,60
000536,深主板,4,0,4,1,1,60
002057,深主板,5,0,1,0,0,60
688016,科创板,0,0,0,0,0,60
002386,深主板,1,0,1,0,0,60
300994,创业板,0,0,1,1,0,60
688557,科创板,0,0,0,0,0,60
600221,沪主板,0,0,1,0,0,60
002385,深主板,0,0,0,0,0,60
688226,科创板,1,0,4,2,1,60
600173,沪主板,2,0,0,0,0,60
000798,深主板,0,0,1,0,0,60
688031,科创板,8,1,11,8,3,60
301510,创业板,0,0,2,0,0,60
688409,科创板,10,3,11,5,5,60
688338,科创板,2,0,0,0,0,60
603986,沪主板,14,0,22,14,7,60
002639,深主板,2,0,2,0,0,60
688006,科创板,3,1,1,0,0,60
603409,沪主板,2,0,2,2,1,60
600568,沪主板,0,0,7,6,1,60
301060,创业板,0,0,0,0,0,60
002074,深主板,0,0,0,0,0,60
301020,创业板,1,1,3,3,0,60
605117,沪主板,1,0,1,0,0,60
600141,沪主板,4,0,7,5,3,60
300690,创业板,0,0,0,0,0,60
002189,深主板,1,0,2,0,0,60
603680,沪主板,1,0,1,0,0,60
600814,沪主板,0,0,0,0,0,60
603836,沪主板,0,0,2,0,0,60
300322,创业板,4,0,4,3,1,60
300976,创业板,10,0,5,5,3,60
300576,创业板,3,0,9,8,5,60
301383,创业板,0,0,0,0,0,60
688103,科创板,8,0,7,6,4,60
002177,深主板,0,0,2,0,0,60
603360,沪主板,4,0,4,1,1,60
603169,沪主板,1,0,4,2,1,60
601997,沪主板,0,0,0,0,0,60
601988,沪主板,0,0,0,0,0,60
300723,创业板,2,0,0,0,0,60
002982,深主板,2,0,2,1,0,60
603102,沪主板,0,0,0,0,0,60
688169,科创板,0,0,0,0,0,60
603328,沪主板,0,0,2,1,0,60
603101,沪主板,0,0,1,1,1,60
002040,深主板,1,0,1,1,0,60
300978,创业板,0,0,2,2,1,60
600963,沪主板,0,0,0,0,0,60
601186,沪主板,0,0,0,0,0,60
000792,深主板,0,0,1,1,0,60
600125,沪主板,0,0,0,0,0,60
605198,沪主板,8,0,7,5,5,60
300991,创业板,0,0,1,1,0,60
600531,沪主板,2,0,6,4,2,60
605218,沪主板,2,0,1,1,1,60
002933,深主板,1,0,0,0,0,60
001283,深主板,2,0,2,0,0,60
601018,沪主板,0,0,0,0,0,60
001258,深主板,11,0,11,10,10,60
688275,科创板,1,0,0,0,0,60
300722,创业板,0,0,1,0,0,60
002725,深主板,3,0,1,1,0,60
600178,沪主板,4,0,0,0,0,60
600703,沪主板,6,0,11,5,3,60
688233,科创板,18,1,10,7,4,60
000612,深主板,1,0,2,1,1,60
300318,创业板,0,0,0,0,0,60
000521,深主板,2,0,3,3,3,60
603200,沪主板,0,0,3,0,0,60
603282,沪主板,0,0,0,0,0,60
301603,创业板,9,0,4,1,1,60
688390,科创板,3,0,0,0,0,60
002869,深主板,1,0,1,0,0,60
002383,深主板,0,0,0,0,0,60
688055,科创板,4,1,4,2,2,60
601339,沪主板,0,0,1,1,0,60
603324,沪主板,9,0,12,4,1,60
002644,深主板,0,0,0,0,0,60
002935,深主板,3,0,0,0,0,60
002709,深主板,1,0,2,1,1,60
300895,创业板,0,0,9,4,0,60
300278,创业板,0,0,0,0,0,60
002151,深主板,1,0,1,0,0,60
301508,创业板,0,0,1,1,1,60
603128,沪主板,0,0,0,0,0,60
301023,创业板,3,0,1,0,0,60
603817,沪主板,0,0,0,0,0,60
300381,创业板,0,0,0,0,0,60
301388,创业板,0,0,1,0,0,60
688278,科创板,0,0,0,0,0,60
688206,科创板,10,1,10,8,2,60
300718,创业板,2,1,6,4,2,60
600137,沪主板,0,0,0,0,0,60
002976,深主板,10,0,5,3,2,60
300279,创业板,1,0,1,0,0,60
600363,沪主板,4,0,5,4,2,60
688079,科创板,11,2,15,10,7,60
688227,科创板,5,1,6,5,2,60
002381,深主板,0,0,0,0,0,60
002232,深主板,1,0,0,0,0,60
000925,深主板,4,0,4,1,1,60
301580,创业板,8,4,11,9,8,60
002353,深主板,9,0,9,7,5,60
000100,深主板,3,0,7,3,2,60
000516,深主板,0,0,0,0,0,60
600694,沪主板,0,0,0,0,0,60
688106,科创板,8,1,13,8,7,60
002021,深主板,2,0,1,1,0,60
301392,创业板,9,0,10,7,5,60
002180,深主板,2,0,0,0,0,60
600563,沪主板,6,0,4,2,2,60
688197,科创板,2,0,3,2,0,60
002675,深主板,0,0,0,0,0,60
000001,深主板,0,0,0,0,0,60
301390,创业板,0,0,0,0,0,60
300363,创业板,3,1,3,3,1,60
603107,沪主板,0,0,1,0,0,60
601279,沪主板,0,0,0,0,0,60
301602,创业板,0,0,0,0,0,60
603009,沪主板,1,0,4,0,0,60
300677,创业板,0,0,2,0,0,60
002975,深主板,16,0,14,9,4,60
000551,深主板,3,0,4,1,0,60
688717,科创板,0,0,3,0,0,60
002320,深主板,0,0,0,0,0,60
301503,创业板,0,0,3,0,0,60
600597,沪主板,0,0,0,0,0,60
301055,创业板,3,1,4,2,0,60
600938,沪主板,1,0,4,1,0,60
000719,深主板,0,0,0,0,0,60
301389,创业板,7,0,4,3,3,60
601126,沪主板,3,0,4,2,1,60
300712,创业板,0,0,0,0,0,60
603698,沪主板,9,0,9,7,5,60
300829,创业板,0,0,0,0,0,60
000882,深主板,1,0,1,1,1,60
600176,沪主板,13,0,11,5,2,60
002870,深主板,0,0,4,2,1,60
002154,深主板,0,0,0,0,0,60
300682,创业板,0,0,0,0,0,60
688352,科创板,9,1,4,1,1,60
002674,深主板,20,0,18,17,14,60
300609,创业板,0,0,2,0,0,60
300977,创业板,0,0,0,0,0,60
301387,创业板,5,1,3,2,1,60
688598,科创板,7,2,6,4,3,60
002134,深主板,2,0,3,1,0,60
300577,创业板,3,1,4,4,3,60
300461,创业板,3,0,2,0,0,60
603682,沪主板,5,0,3,2,1,60
301606,创业板,0,0,0,0,0,60
688449,科创板,5,1,14,7,5,60
002979,深主板,5,0,5,5,4,60
600143,沪主板,1,0,4,1,1,60
000032,深主板,7,0,5,3,1,60
601888,沪主板,0,0,3,1,0,60
301578,创业板,1,0,1,0,0,60
688788,科创板,5,0,3,1,1,60
300274,创业板,3,0,4,1,0,60
688601,科创板,4,0,2,2,1,60
002380,深主板,2,0,2,0,0,60
600758,沪主板,5,0,7,4,4,60
600704,沪主板,0,0,0,0,0,60
603358,沪主板,5,0,5,2,2,60
300275,创业板,1,1,1,1,1,60
300319,创业板,7,1,6,5,5,60
603939,沪主板,0,0,0,0,0,60
000997,深主板,1,0,0,0,0,60
601669,沪主板,0,0,0,0,0,60
301058,创业板,0,0,0,0,0,60
600216,沪主板,0,0,0,0,0,60
002352,深主板,0,0,1,0,0,60
000900,深主板,0,0,0,0,0,60
600215,沪主板,1,0,2,1,0,60
688502,科创板,10,2,14,7,4,60
000753,深主板,0,0,1,0,0,60
000655,深主板,0,0,0,0,0,60
688659,科创板,0,0,3,0,0,60
601077,沪主板,0,0,0,0,0,60
603256,沪主板,14,0,16,12,8,60
603519,沪主板,3,0,5,4,4,60
301056,创业板,1,0,1,1,0,60
300622,创业板,1,0,1,1,0,60
600123,沪主板,0,0,0,0,0,60
001287,深主板,4,0,5,3,3,60
300573,创业板,0,0,0,0,0,60
600808,沪主板,0,0,0,0,0,60
300320,创业板,1,0,1,0,0,60
000791,深主板,2,0,3,2,0,60
001366,深主板,4,0,2,2,2,60
600533,沪主板,0,0,0,0,0,60
688550,科创板,4,0,2,1,0,60
002038,深主板,5,0,5,3,1,60
688161,科创板,0,0,0,0,0,60
002978,深主板,0,0,0,0,0,60
002888,深主板,4,0,4,2,2,60
600217,沪主板,0,0,0,0,0,60
600822,沪主板,0,0,0,0,0,60
301507,创业板,0,0,0,0,0,60
688369,科创板,2,0,2,0,0,60
688733,科创板,7,0,6,4,2,60
000607,深主板,0,0,0,0,0,60
002075,深主板,1,0,0,0,0,60
603321,沪主板,0,0,0,0,0,60
002643,深主板,2,0,2,1,0,60
601916,沪主板,0,0,0,0,0,60
600177,沪主板,0,0,0,0,0,60
603985,沪主板,2,0,4,3,1,60
601500,沪主板,0,0,0,0,0,60
002727,深主板,0,0,0,0,0,60
605376,沪主板,15,0,17,9,6,60
300276,创业板,3,1,5,0,0,60
300605,创业板,1,0,3,1,1,60
689009,科创板,0,0,1,0,0,60
002382,深主板,1,0,2,2,2,60
001367,深主板,0,0,0,0,0,60
600120,沪主板,1,0,3,1,1,60
688716,科创板,3,0,3,1,1,60
603979,沪主板,3,0,4,3,2,60
688349,科创板,0,0,1,0,0,60
000880,深主板,1,0,4,3,2,60
300908,创业板,0,0,0,0,0,60
000517,深主板,4,0,2,1,1,60
002992,深主板,3,0,2,1,0,60
301518,创业板,0,0,1,0,0,60
603838,沪主板,1,0,0,0,0,60
688077,科创板,2,0,1,0,0,60
301069,创业板,0,0,1,0,0,60
300819,创业板,6,1,5,4,2,60
603711,沪主板,0,0,2,1,1,60
300261,创业板,0,0,2,0,0,60
600118,沪主板,7,0,6,4,4,60
000778,深主板,0,0,2,0,0,60
000800,深主板,0,0,0,0,0,60
601999,沪主板,0,0,0,0,0,60
603799,沪主板,0,0,3,0,0,60
688127,科创板,4,0,4,3,3,60
688578,科创板,3,0,1,1,0,60
002922,深主板,1,0,2,0,0,60
002392,深主板,3,0,2,1,0,60
603208,沪主板,0,0,0,0,0,60
300971,创业板,0,0,0,0,0,60
688301,科创板,2,0,6,2,1,60
300485,创业板,3,0,1,0,0,60
000538,深主板,0,0,0,0,0,60
601668,沪主板,0,0,0,0,0,60
688610,科创板,11,3,11,7,5,60
301371,创业板,0,0,0,0,0,60
600520,沪主板,6,0,7,5,2,60
301015,创业板,0,0,1,1,0,60
600820,沪主板,0,0,0,0,0,60
603701,沪主板,0,0,1,0,0,60
603938,沪主板,11,0,16,10,6,60
002345,深主板,1,0,0,0,0,60
002863,深主板,0,0,0,0,0,60
688212,科创板,0,0,0,0,0,60
688357,科创板,0,0,2,0,0,60
600138,沪主板,0,0,0,0,0,60
002921,深主板,6,0,5,3,0,60
603399,沪主板,9,0,8,3,1,60
301372,创业板,1,0,0,0,0,60
002347,深主板,0,0,0,0,0,60
301613,创业板,0,0,0,0,0,60
300995,创业板,0,0,0,0,0,60
600693,沪主板,3,0,5,2,1,60
001300,深主板,1,0,0,0,0,60
688535,科创板,13,0,14,7,4,60
002923,深主板,2,0,0,0,0,60
300465,创业板,1,0,1,0,0,60
002989,深主板,9,0,7,4,4,60
600572,沪主板,0,0,0,0,0,60
300263,创业板,4,2,10,6,4,60
002682,深主板,0,0,0,0,0,60
688486,科创板,3,0,3,1,0,60
000936,深主板,0,0,0,0,0,60
603277,沪主板,0,0,0,0,0,60
002065,深主板,0,0,0,0,0,60
600594,沪主板,2,0,0,0,0,60
002730,深主板,2,0,4,2,0,60
600229,沪主板,2,0,2,2,1,60
600521,沪主板,0,0,2,1,1,60
301066,创业板,0,0,0,0,0,60
000993,深主板,0,0,1,1,0,60
603011,沪主板,12,0,12,8,5,60
000096,深主板,0,0,0,0,0,60
002683,深主板,0,0,0,0,0,60
002181,深主板,8,0,9,6,6,60
600835,沪主板,2,0,0,0,0,60
688207,科创板,8,3,3,2,1,60
601595,沪主板,1,0,0,0,0,60
301369,创业板,5,1,5,4,4,60
002991,深主板,0,0,0,0,0,60
300387,创业板,0,0,0,0,0,60
002389,深主板,0,0,2,0,0,60
300811,创业板,6,0,11,6,5,60
002892,深主板,2,0,0,0,0,60
605128,沪主板,1,0,0,0,0,60
002862,深主板,0,0,0,0,0,60
301616,创业板,0,0,0,0,0,60
601611,沪主板,2,0,3,1,1,60
002920,深主板,1,0,1,0,0,60
603218,沪主板,0,0,0,0,0,60
688081,科创板,2,0,4,2,1,60
300970,创业板,0,0,0,0,0,60
688651,科创板,0,0,1,1,1,60
002344,深主板,0,0,0,0,0,60
603013,沪主板,1,0,1,0,0,60
600519,沪主板,0,0,0,0,0,60
001205,深主板,0,0,0,0,0,60
000892,深主板,11,0,9,6,6,60
601996,沪主板,2,0,0,0,0,60
603499,沪主板,3,0,1,1,0,60
600707,沪主板,11,0,13,10,5,60
688480,科创板,2,0,3,2,2,60
603809,沪主板,0,0,2,1,1,60
001218,深主板,1,0,2,0,0,60
002628,深主板,4,0,2,0,0,60
600230,沪主板,1,0,0,0,0,60
603099,沪主板,0,0,0,0,0,60
688607,科创板,5,0,9,8,4,60
603530,沪主板,0,0,3,0,0,60
300355,创业板,0,0,0,0,0,60
002895,深主板,0,0,0,0,0,60
600148,沪主板,0,0,1,0,0,60
601628,沪主板,1,0,0,0,0,60
000651,深主板,0,0,0,0,0,60
300578,创业板,0,0,2,0,0,60
688516,科创板,0,0,1,1,1,60
600518,沪主板,0,0,0,0,0,60
002190,深主板,1,0,2,2,0,60
000603,深主板,8,0,10,8,4,60
000553,深主板,0,0,1,1,0,60
000629,深主板,0,0,0,0,0,60
301567,创业板,0,0,1,0,0,60
000507,深主板,0,0,1,1,1,60
301370,创业板,0,0,0,0,0,60
600167,沪主板,0,0,0,0,0,60
300674,创业板,1,0,2,2,2,60
301071,创业板,4,1,11,9,6,60
600819,沪主板,4,0,2,1,0,60
002238,深主板,0,0,0,0,0,60
300683,创业板,2,0,1,0,0,60
000789,深主板,0,0,0,0,0,60
301070,创业板,7,0,3,2,2,60
300613,创业板,2,1,6,4,3,60
002993,深主板,6,0,5,5,3,60
688616,科创板,0,0,0,0,0,60
600918,沪主板,0,0,0,0,0,60
300260,创业板,14,1,9,5,4,60
300357,创业板,1,0,0,0,0,60
000682,深主板,1,0,1,0,0,60
600755,沪主板,0,0,0,0,0,60
600769,沪主板,9,0,8,5,5,60
603279,沪主板,0,0,1,0,0,60
002632,深主板,5,0,8,6,6,60
300625,创业板,0,0,0,0,0,60
688276,科创板,0,0,0,0,0,60
301519,创业板,0,0,0,0,0,60
300386,创业板,1,1,0,0,0,60
000626,深主板,1,0,1,0,0,60
600168,沪主板,0,0,0,0,0,60
002996,深主板,0,0,0,0,0,60
601069,沪主板,2,0,9,6,2,60
000708,深主板,0,0,0,0,0,60
603201,沪主板,9,0,6,5,5,60
603119,沪主板,2,0,3,1,0,60
601878,沪主板,0,0,0,0,0,60
301520,创业板,15,4,16,13,9,60
002685,深主板,0,0,0,0,0,60
300257,创业板,2,0,2,2,0,60
002393,深主板,0,0,1,1,0,60
605228,沪主板,2,0,2,1,0,60
002324,深主板,0,0,0,0,0,60
600573,沪主板,1,0,1,0,0,60
603679,沪主板,5,0,3,0,0,60
300784,创业板,0,0,0,0,0,60
301368,创业板,2,0,2,1,0,60
601096,沪主板,0,0,2,0,0,60
000025,深主板,3,0,1,0,0,60
601890,沪主板,0,0,0,0,0,60
688428,科创板,2,0,0,0,0,60
001256,深主板,3,0,2,0,0,60
300814,创业板,13,1,10,6,5,60
300471,创业板,0,0,1,1,0,60
002936,深主板,0,0,0,0,0,60
301568,创业板,6,0,5,3,3,60
002144,深主板,1,0,0,0,0,60
000931,深主板,0,0,0,0,0,60
603529,沪主板,0,0,0,0,0,60
300384,创业板,0,0,0,0,0,60
600596,沪主板,7,0,3,1,1,60
301377,创业板,11,1,9,2,2,60
002390,深主板,0,0,0,0,0,60
002988,深主板,2,0,1,0,0,60
002927,深主板,6,0,2,1,1,60
301571,创业板,2,0,2,2,1,60
600171,沪主板,1,0,4,0,0,60
603949,沪主板,5,0,5,2,2,60
300724,创业板,0,0,0,0,0,60
688178,科创板,1,0,1,0,0,60
300483,创业板,4,0,12,7,3,60
301512,创业板,2,0,1,1,1,60
603116,沪主板,1,0,1,0,0,60
300324,创业板,0,0,1,0,0,60
300993,创业板,0,0,0,0,0,60
301611,创业板,14,0,9,6,4,60
002636,深主板,13,0,12,8,6,60
600570,沪主板,0,0,0,0,0,60
603100,沪主板,0,0,0,0,0,60
002707,深主板,0,0,2,1,0,60
001225,深主板,8,0,5,4,1,60
600525,沪主板,0,0,1,1,0,60
601162,沪主板,1,0,1,0,0,60
002679,深主板,0,0,2,1,1,60
688320,科创板,2,0,2,1,0,60
600685,沪主板,1,0,1,0,0,60
688376,科创板,5,1,12,8,3,60
300780,创业板,4,2,1,1,1,60
688015,科创板,0,0,0,0,0,60
300907,创业板,5,2,4,3,1,60
603699,沪主板,0,0,2,0,0,60
002865,深主板,2,0,6,3,0,60
600917,沪主板,0,0,0,0,0,60
688370,科创板,0,0,0,0,0,60
000158,深主板,1,0,1,0,0,60
301065,创业板,0,0,0,0,0,60
301063,创业板,0,0,0,0,0,60
301019,创业板,2,1,2,1,1,60
600768,沪主板,0,0,0,0,0,60
688160,科创板,3,0,4,3,1,60
002985,深主板,1,0,0,0,0,60
600706,沪主板,0,0,2,2,0,60
300267,创业板,0,0,0,0,0,60
000890,深主板,3,0,0,0,0,60
300820,创业板,2,0,6,3,3,60
600778,沪主板,0,0,0,0,0,60
605222,沪主板,1,0,1,0,0,60
300623,创业板,4,0,3,2,2,60
000728,深主板,0,0,1,0,0,60
600526,沪主板,0,0,0,0,0,60
603365,沪主板,0,0,0,0,0,60
002928,深主板,1,0,10,5,2,60
001230,深主板,2,0,1,0,0,60
688101,科创板,3,0,1,1,0,60
002230,深主板,0,0,0,0,0,60
001309,深主板,11,0,18,13,11,60
300717,创业板,4,0,1,0,0,60
000049,深主板,0,0,2,1,0,60
301379,创业板,8,4,14,8,8,60
001338,深主板,0,0,0,0,0,60
600925,沪主板,0,0,0,0,0,60
002891,深主板,1,0,1,1,1,60
301378,创业板,1,0,2,1,0,60
600523,沪主板,0,0,0,0,0,60
600223,沪主板,0,0,0,0,0,60
002638,深主板,2,0,2,1,1,60
001288,深主板,1,0,0,0,0,60
001207,深主板,1,0,1,0,0,60
002026,深主板,0,0,0,0,0,60
300266,创业板,0,0,0,0,0,60
300975,创业板,10,2,18,10,7,60
300789,创业板,2,1,2,1,1,60
300676,创业板,0,0,0,0,0,60
688209,科创板,2,0,3,1,1,60
000799,深主板,1,0,1,0,0,60
603500,沪主板,4,0,7,4,3,60
002322,深主板,0,0,0,0,0,60
002986,深主板,0,0,1,0,0,60
600569,沪主板,0,0,1,0,0,60
301016,创业板,3,0,1,0,0,60
001317,深主板,8,0,1,1,0,60
601106,沪主板,0,0,1,0,0,60
688118,科创板,0,0,0,0,0,60
600756,沪主板,3,0,7,3,2,60
603833,沪主板,1,0,0,0,0,60
002990,深主板,11,0,12,7,4,60
600170,沪主板,0,0,0,0,0,60
601158,沪主板,0,0,0,0,0,60
300358,创业板,0,0,0,0,0,60
600571,沪主板,0,0,0,0,0,60
301376,创业板,1,0,2,2,1,60
688466,科创板,0,0,2,1,1,60
002926,深主板,0,0,0,0,0,60
601908,沪主板,0,0,1,1,0,60
600615,沪主板,3,0,0,0,0,60
688448,科创板,5,0,5,5,2,60
300328,创业板,5,0,6,3,2,60
002864,深主板,0,0,1,0,0,60
300973,创业板,0,0,0,0,0,60
301373,创业板,17,1,10,6,5,60
600117,沪主板,0,0,0,0,0,60
688198,科创板,1,1,1,1,0,60
603969,沪主板,1,0,1,0,0,60
300972,创业板,0,0,2,1,0,60
300832,创业板,0,0,1,1,1,60
300675,创业板,0,0,0,0,0,60
688530,科创板,14,1,13,10,5,60
603207,沪主板,0,0,0,0,0,60
603948,沪主板,3,0,1,1,1,60
300887,创业板,0,0,0,0,0,60
301067,创业板,6,1,3,2,0,60
300565,创业板,0,0,2,1,0,60
002305,深主板,0,0,0,0,0,60
002391,深主板,0,0,0,0,0,60
603309,沪主板,0,0,1,1,0,60
300484,创业板,1,0,1,0,0,60
002890,深主板,0,0,1,0,0,60
600617,沪主板,3,0,4,3,2,60
688190,科创板,2,0,5,2,1,60
002706,深主板,1,0,2,1,0,60
600522,沪主板,5,0,8,3,1,60
002681,深主板,3,0,0,0,0,60
300265,创业板,2,0,7,2,1,60
000902,深主板,0,0,1,0,0,60
601118,沪主板,0,0,2,1,0,60
000786,深主板,0,0,0,0,0,60
688620,科创板,3,0,5,2,2,60
001380,深主板,0,0,0,0,0,60
688179,科创板,6,0,5,2,2,60
603678,沪主板,16,0,14,8,6,60
002132,深主板,3,0,4,2,2,60
688032,科创板,0,0,0,0,0,60
002635,深主板,8,0,6,4,3,60
301018,创业板,10,0,8,4,3,60
300774,创业板,3,0,1,0,0,60
301516,创业板,2,1,2,0,0,60
688380,科创板,2,1,8,7,3,60
000513,深主板,0,0,0,0,0,60
002229,深主板,2,0,4,2,0,60
688667,科创板,1,0,2,0,0,60
002059,深主板,0,0,0,0,0,60
605369,沪主板,1,0,1,1,1,60
001203,深主板,0,0,1,1,0,60
301515,创业板,0,0,1,0,0,60
002925,深主板,3,0,2,0,0,60
600807,沪主板,0,0,0,0,0,60
601686,沪主板,1,0,1,1,1,60
600226,沪主板,6,0,4,2,1,60
002346,深主板,7,0,3,1,1,60
000923,深主板,0,0,2,0,0,60
300624,创业板,1,0,1,0,0,60
300709,创业板,4,0,4,2,2,60
002987,深主板,2,0,0,0,0,60
600941,沪主板,0,0,0,0,0,60
603528,沪主板,1,0,1,1,0,60
600227,沪主板,6,0,8,6,3,60
001368,深主板,0,0,0,0,0,60
603010,沪主板,3,0,3,1,0,60
688506,科创板,5,0,0,0,0,60
002304,深主板,0,0,0,0,0,60
688669,科创板,8,3,7,5,3,60
688299,科创板,1,0,2,1,0,60
300552,创业板,1,1,2,1,1,60
300604,创业板,7,1,9,4,3,60
301068,创业板,1,0,2,1,1,60
301024,创业板,2,0,3,1,1,60
600611,沪主板,8,0,11,6,5,60
688398,科创板,2,0,1,0,0,60
301042,创业板,4,2,6,4,4,60
300475,创业板,9,2,16,9,5,60
688322,科创板,8,0,7,3,2,60
601128,沪主板,0,0,0,0,0,60
600699,沪主板,0,0,1,0,0,60
002234,深主板,0,0,1,1,1,60
600812,沪主板,0,0,0,0,0,60
002946,深主板,1,0,0,0,0,60
000887,深主板,3,0,2,1,0,60
301446,创业板,2,0,1,0,0,60
002959,深主板,0,0,0,0,0,60
603960,沪主板,1,0,3,2,0,60
605208,沪主板,4,0,3,2,0,60
002066,深主板,1,0,1,1,1,60
300824,创业板,0,0,0,0,0,60
603006,沪主板,2,0,1,0,0,60
000505,深主板,0,0,0,0,0,60
603126,沪主板,1,0,0,0,0,60
601882,沪主板,1,0,0,0,0,60
301043,创业板,3,0,3,2,1,60
600601,沪主板,5,0,3,3,2,60
605018,沪主板,4,0,3,2,1,60
600129,沪主板,3,0,2,1,1,60
002015,深主板,4,0,8,3,2,60
300374,创业板,0,0,2,1,0,60
002362,深主板,2,0,1,1,1,60
600197,沪主板,0,0,0,0,0,60
002877,深主板,1,0,0,0,0,60
688078,科创板,1,0,2,1,1,60
300786,创业板,4,1,4,3,2,60
603206,沪主板,4,0,3,2,2,60
300983,创业板,3,1,3,2,2,60
605499,沪主板,1,0,1,1,1,60
688038,科创板,1,0,3,2,2,60
301428,创业板,2,1,5,4,1,60
600961,沪主板,3,0,11,5,2,60
300892,创业板,2,0,3,3,2,60
600558,沪主板,0,0,0,0,0,60
688298,科创板,0,0,0,0,0,60
603689,沪主板,0,0,0,0,0,60
603439,沪主板,2,0,1,1,1,60
300306,创业板,0,0,0,0,0,60
603109,沪主板,1,0,1,1,0,60
300984,创业板,5,0,2,1,0,60
002958,深主板,0,0,0,0,0,60
301586,创业板,0,0,0,0,0,60
603511,沪主板,0,0,0,0,0,60
301448,创业板,3,0,2,1,0,60
300299,创业板,0,0,0,0,0,60
688162,科创板,1,0,0,0,0,60
000886,深主板,0,0,1,1,0,60
600928,沪主板,0,0,0,0,0,60
688617,科创板,0,0,0,0,0,60
300558,创业板,2,0,0,0,0,60
600186,沪主板,11,0,9,5,2,60
002715,深主板,1,0,0,0,0,60
300298,创业板,0,0,1,1,0,60
000625,深主板,0,0,0,0,0,60
688580,科创板,2,0,0,0,0,60
603693,沪主板,2,0,5,0,0,60
603690,沪主板,7,0,12,6,4,60
301591,创业板,5,1,9,7,5,60
001202,深主板,1,0,4,4,3,60
601375,沪主板,0,0,0,0,0,60
000548,深主板,0,0,0,0,0,60
601577,沪主板,0,0,0,0,0,60
002368,深主板,0,0,0,0,0,60
001260,深主板,0,0,0,0,0,60
688333,科创板,11,3,6,1,1,60
688515,科创板,8,1,10,7,4,60
002666,深主板,0,0,0,0,0,60
600548,沪主板,0,0,0,0,0,60
301487,创业板,0,0,0,0,0,60
000012,深主板,5,0,4,3,0,60
688123,科创板,9,1,18,11,5,60
002657,深主板,5,0,5,3,3,60
603173,沪主板,1,0,1,0,0,60
300787,创业板,0,0,1,1,0,60
600133,沪主板,0,0,0,0,0,60
300988,创业板,1,0,0,0,0,60
301032,创业板,0,0,1,0,0,60
603210,沪主板,2,0,2,1,0,60
600604,沪主板,1,0,3,3,3,60
301486,创业板,9,0,17,10,5,60
600547,沪主板,0,0,6,2,1,60
300294,创业板,0,0,0,0,0,60
300826,创业板,1,0,0,0,0,60
300617,创业板,2,0,1,1,1,60
600810,沪主板,0,0,1,1,0,60
002372,深主板,0,0,0,0,0,60
301592,创业板,5,0,6,2,1,60
688279,科创板,1,0,2,1,1,60
688292,科创板,1,0,2,0,0,60
300893,创业板,0,0,1,1,0,60
603713,沪主板,4,0,4,1,1,60
600828,沪主板,2,0,1,1,0,60
000036,深主板,1,0,0,0,0,60
300373,创业板,8,0,12,9,4,60
603130,沪主板,3,0,1,0,0,60
601636,沪主板,5,0,7,4,4,60
688020,科创板,16,2,13,9,8,60
603515,沪主板,0,0,0,0,0,60
300293,创业板,2,0,2,2,2,60
002186,深主板,0,0,0,0,0,60
600128,沪主板,0,0,0,0,0,60
002939,深主板,0,0,0,0,0,60
002876,深主板,2,0,2,1,1,60
688702,科创板,11,0,12,7,5,60
601886,沪主板,0,0,1,0,0,60
002962,深主板,5,0,12,10,5,60
002183,深主板,1,0,2,0,0,60
002654,深主板,7,0,7,6,4,60
603687,沪主板,5,0,5,3,2,60
300310,创业板,0,0,1,0,0,60
300719,创业板,1,0,1,0,0,60
605598,沪主板,6,0,5,4,3,60
600185,沪主板,0,0,0,0,0,60
601616,沪主板,1,0,2,2,0,60
002358,深主板,1,0,1,0,0,60
002011,深主板,0,0,2,1,1,60
301045,创业板,7,2,6,3,2,60
301585,创业板,0,0,0,0,0,60
603818,沪主板,1,0,0,0,0,60
301419,创业板,8,1,9,5,4,60
600201,沪主板,0,0,0,0,0,60
600760,沪主板,0,0,0,0,0,60
000795,深主板,1,0,0,0,0,60
002945,深主板,1,0,1,0,0,60
688726,科创板,3,0,2,1,0,60
688061,科创板,3,0,3,2,1,60
300559,创业板,1,0,0,0,0,60
688099,科创板,2,0,3,3,1,60
300679,创业板,6,0,4,3,1,60
002317,深主板,4,0,3,0,0,60
001326,深主板,4,0,3,1,0,60
300464,创业板,2,0,2,0,0,60
688707,科创板,1,0,1,0,0,60
300619,创业板,1,0,0,0,0,60
301488,创业板,3,0,4,2,2,60
603823,沪主板,20,0,18,13,7,60
002960,深主板,2,0,1,1,0,60
002024,深主板,0,0,1,1,0,60
600135,沪主板,0,0,1,0,0,60
688232,科创板,0,0,1,0,0,60
600198,沪主板,2,0,4,1,0,60
002884,深主板,0,0,0,0,0,60
600935,沪主板,0,0,0,0,0,60
600605,沪主板,1,0,1,1,1,60
301031,创业板,2,0,1,1,1,60
002961,深主板,1,0,0,0,0,60
002655,深主板,8,0,6,5,4,60
002311,深主板,0,0,0,0,0,60
600546,沪主板,1,0,1,0,0,60
688231,科创板,5,0,4,2,1,60
600557,沪主板,1,0,0,0,0,60
603112,沪主板,1,0,1,1,1,60
301421,创业板,12,2,11,8,5,60
688533,科创板,0,0,0,0,0,60
300823,创业板,0,0,1,1,0,60
603983,沪主板,3,0,2,1,0,60
603507,沪主板,1,0,0,0,0,60
000933,深主板,1,0,3,1,0,60
605007,沪主板,0,0,0,0,0,60
002369,深主板,0,0,1,0,0,60
301046,创业板,5,0,1,0,0,60
002947,深主板,1,0,4,3,3,60
002664,深主板,2,0,0,0,0,60
603688,沪主板,3,0,6,3,2,60
002364,深主板,9,0,7,4,3,60
601901,沪主板,0,0,0,0,0,60
002025,深主板,4,0,9,4,0,60
603325,沪主板,1,0,1,0,0,60
300711,创业板,0,0,1,0,0,60
600191,沪主板,3,0,2,1,1,60
600986,沪主板,1,0,1,0,0,60
301589,创业板,0,0,0,0,0,60
603276,沪主板,1,0,1,0,0,60
300302,创业板,9,1,14,9,6,60
603110,沪主板,4,0,5,3,0,60
301588,创业板,11,2,5,3,2,60
002660,深主板,0,0,0,0,0,60
000537,深主板,0,0,0,0,0,60
601006,沪主板,0,0,0,0,0,60
688778,科创板,0,0,1,0,0,60
002138,深主板,6,0,14,8,5,60
002881,深主板,5,0,6,1,0,60
300369,创业板,3,1,5,2,1,60
002952,深主板,3,0,4,2,2,60
603198,沪主板,0,0,1,1,0,60
688350,科创板,1,0,4,3,2,60
688329,科创板,0,0,2,1,1,60
002663,深主板,0,0,0,0,0,60
688575,科创板,0,0,0,0,0,60
300618,创业板,0,0,0,0,0,60
300689,创业板,3,0,3,1,1,60
300720,创业板,9,2,12,6,3,60
688273,科创板,2,0,2,0,0,60
002139,深主板,0,0,0,0,0,60
002949,深主板,0,0,0,0,0,60
301469,创业板,0,0,0,0,0,60
000935,深主板,2,0,0,0,0,60
605199,沪主板,0,0,3,0,0,60
000901,深主板,2,0,1,1,0,60
002068,深主板,8,0,4,3,1,60
301035,创业板,0,0,1,1,1,60
603716,沪主板,5,0,7,4,2,60
301038,创业板,2,0,4,3,1,60
300304,创业板,4,0,2,0,0,60
688750,科创板,1,0,1,0,0,60
600826,沪主板,1,0,1,0,0,60
002716,深主板,2,0,7,3,1,60
000547,深主板,3,0,2,1,0,60
603002,沪主板,10,0,12,7,4,60
600697,沪主板,0,0,1,0,0,60
601390,沪主板,0,0,0,0,0,60
688393,科创板,0,0,0,0,0,60
002882,深主板,3,0,3,3,1,60
600929,沪主板,0,0,0,0,0,60
000755,深主板,0,0,1,1,0,60
688479,科创板,5,0,6,4,0,60
688356,科创板,1,0,1,0,0,60
002365,深主板,3,0,5,2,2,60
001389,深主板,7,0,8,4,3,60
601665,沪主板,0,0,0,0,0,60
301468,创业板,4,1,5,5,3,60
300476,创业板,6,0,8,6,4,60
300303,创业板,1,0,2,2,1,60
300463,创业板,0,0,0,0,0,60
600552,沪主板,7,0,8,7,4,60
600188,沪主板,3,0,7,3,1,60
000703,深主板,3,0,6,3,1,60
301458,创业板,7,0,7,4,3,60
300813,创业板,0,0,1,1,1,60
300305,创业板,2,1,4,3,0,60
688119,科创板,1,0,1,0,0,60
603803,沪主板,3,0,4,3,2,60
300370,创业板,0,0,0,0,0,60
301036,创业板,0,0,0,0,0,60
605122,沪主板,0,0,0,0,0,60
688400,科创板,2,0,3,3,2,60
300825,创业板,4,0,5,2,1,60
002662,深主板,0,0,1,1,0,60
300607,创业板,6,1,4,3,3,60
300779,创业板,8,3,6,4,3,60
688819,科创板,0,0,0,0,0,60
600763,沪主板,0,0,0,0,0,60
603982,沪主板,0,0,0,0,0,60
300987,创业板,0,0,0,0,0,60
600551,沪主板,0,0,0,0,0,60
301459,创业板,0,0,0,0,0,60
301037,创业板,0,0,0,0,0,60
600132,沪主板,0,0,0,0,0,60
688219,科创板,0,0,0,0,0,60
001322,深主板,0,0,0,0,0,60
001236,深主板,0,0,0,0,0,60
688671,科创板,3,1,3,1,1,60
688211,科创板,0,0,0,0,0,60
002137,深主板,9,0,13,7,6,60
002658,深主板,0,0,0,0,0,60
301439,创业板,4,2,7,6,5,60
600688,沪主板,2,0,5,4,4,60
002956,深主板,1,0,1,0,0,60
300571,创业板,4,0,10,6,2,60
000020,深主板,0,0,0,0,0,60
603958,沪主板,0,0,4,1,0,60
688799,科创板,4,0,1,1,1,60
000785,深主板,1,0,3,2,1,60
002361,深主板,8,0,5,3,1,60
605589,沪主板,8,0,8,5,5,60
601880,沪主板,0,0,0,0,0,60
002659,深主板,2,0,1,1,1,60
688691,科创板,5,0,6,3,3,60
300371,创业板,0,0,1,0,0,60
601222,沪主板,1,0,2,0,0,60
002069,深主板,0,0,0,0,0,60
000999,深主板,0,0,0,0,0,60
603108,沪主板,2,0,2,2,0,60
601633,沪主板,0,0,0,0,0,60
000705,深主板,0,0,0,0,0,60
300777,创业板,1,0,3,2,0,60
300905,创业板,0,0,1,0,0,60
002880,深主板,0,0,0,0,0,60
600556,沪主板,1,0,1,0,0,60
600196,沪主板,0,0,0,0,0,60
301041,创业板,2,0,2,2,2,60
600602,沪主板,3,0,5,1,0,60
300608,创业板,2,1,5,1,1,60
600686,沪主板,0,0,2,1,1,60
002184,深主板,1,0,3,1,1,60
603327,沪主板,5,0,7,5,4,60
603717,沪主板,4,0,4,1,0,60
603308,沪主板,1,0,6,3,2,60
600824,沪主板,0,0,0,0,0,60
002957,深主板,11,0,5,4,4,60
001339,深主板,5,0,4,3,2,60
301587,创业板,1,1,3,1,1,60
002367,深主板,2,0,1,1,0,60
301429,创业板,0,0,0,0,0,60
002363,深主板,0,0,0,0,0,60
688655,科创板,7,1,10,5,3,60
002152,深主板,1,0,0,0,0,60
002242,深主板,1,0,1,0,0,60
600189,沪主板,0,0,0,0,0,60
688163,科创板,6,1,2,1,1,60
603281,沪主板,0,0,0,0,0,60
300903,创业板,8,1,6,4,2,60
600550,沪主板,1,0,1,1,0,60
002953,深主板,1,0,1,1,1,60
002661,深主板,0,0,0,0,0,60
301456,创业板,0,0,0,0,0,60
600131,沪主板,0,0,0,0,0,60
300680,创业板,4,0,1,1,0,60
002315,深主板,0,0,0,0,0,60
002879,深主板,7,0,5,5,4,60
600192,沪主板,4,0,3,1,0,60
600827,沪主板,0,0,1,0,0,60
300985,创业板,6,1,6,2,1,60
002948,深主板,0,0,0,0,0,60
002366,深主板,2,0,1,1,0,60
603176,沪主板,0,0,0,0,0,60
001208,深主板,4,0,1,1,1,60
300560,创业板,7,0,3,2,0,60
600549,沪主板,4,0,7,3,1,60
605186,沪主板,2,0,3,1,1,60
300477,创业板,1,0,7,3,1,60
300296,创业板,0,0,2,1,1,60
600195,沪主板,0,0,0,0,0,60
301479,创业板,1,0,2,2,1,60
603516,沪主板,7,0,8,6,5,60
000717,深主板,0,0,0,0,0,60
000796,深主板,0,0,1,0,0,60
688102,科创板,6,0,3,1,1,60
301039,创业板,0,0,0,0,0,60
605378,沪主板,0,0,0,0,0,60
600761,沪主板,0,0,0,0,0,60
601992,沪主板,1,0,0,0,0,60
603004,沪主板,1,0,0,0,0,60
301489,创业板,7,0,5,4,2,60
601360,沪主板,0,0,1,0,0,60
688573,科创板,0,0,2,0,0,60
688687,科创板,0,0,0,0,0,60
688023,科创板,1,0,1,0,0,60
002056,深主板,5,0,5,4,2,60
300474,创业板,1,0,1,0,0,60
601658,沪主板,0,0,0,0,0,60
600598,沪主板,2,0,3,3,3,60
002243,深主板,3,0,4,1,1,60
002971,深主板,17,0,15,10,6,60
000723,深主板,0,0,0,0,0,60
300285,创业板,17,1,20,12,6,60
600610,沪主板,0,0,1,0,0,60
603801,沪主板,1,0,0,0,0,60
301581,创业板,2,0,2,2,0,60
603005,沪主板,9,0,8,6,5,60
002648,深主板,1,0,2,2,1,60
605183,沪主板,0,0,0,0,0,60
301051,创业板,8,1,5,3,2,60
603955,沪主板,2,0,1,0,0,60
603826,沪主板,2,0,2,1,0,60
001872,深主板,0,0,1,0,0,60
688019,科创板,4,0,12,5,2,60
001259,深主板,10,0,11,9,7,60
000888,深主板,0,0,0,0,0,60
000037,深主板,8,0,5,4,2,60
605118,沪主板,2,0,2,0,0,60
002886,深主板,1,0,2,2,1,60
300316,创业板,3,0,8,2,0,60
300284,创业板,0,0,0,0,0,60
300821,创业板,9,0,9,4,4,60
301501,创业板,0,0,0,0,0,60
002938,深主板,7,0,10,7,6,60
301052,创业板,0,0,0,0,0,60
603416,沪主板,1,0,1,0,0,60
600561,沪主板,0,0,0,0,0,60
688692,科创板,2,0,5,1,0,60
002355,深主板,1,0,2,2,1,60
300378,创业板,3,0,3,1,0,60
002073,深主板,0,0,0,0,0,60
605020,沪主板,3,0,6,2,1,60
301026,创业板,1,1,4,3,0,60
601619,沪主板,0,0,1,0,0,60
603225,沪主板,1,0,2,1,0,60
002671,深主板,0,0,0,0,0,60
300981,创业板,2,1,4,3,2,60
688772,科创板,4,0,3,2,0,60
002318,深主板,0,0,1,0,0,60
301397,创业板,0,0,3,2,1,60
600207,沪主板,1,0,2,0,0,60
601007,沪主板,0,0,0,0,0,60
000068,深主板,4,0,1,1,1,60
688722,科创板,3,1,0,0,0,60
300364,创业板,2,1,4,1,1,60
000657,深主板,7,0,10,6,4,60
300606,创业板,9,0,4,3,3,60
002135,深主板,1,0,0,0,0,60
002649,深主板,1,0,1,1,1,60
300775,创业板,0,0,0,0,0,60
300286,创业板,2,0,3,2,1,60
605138,沪主板,0,0,0,0,0,60
688485,科创板,9,2,6,3,2,60
688552,科创板,0,0,2,1,1,60
603518,沪主板,0,0,0,0,0,60
601005,沪主板,0,0,0,0,0,60
603177,沪主板,4,0,5,3,2,60
688583,科创板,3,0,3,2,2,60
301396,创业板,14,3,14,9,8,60
688271,科创板,1,0,0,0,0,60
600830,沪主板,0,0,0,0,0,60
002873,深主板,0,0,0,0,0,60
002244,深主板,0,0,0,0,0,60
301600,创业板,1,0,0,0,0,60
300314,创业板,0,0,0,0,0,60
002039,深主板,0,0,0,0,0,60
603111,沪主板,0,0,0,0,0,60
002312,深主板,2,0,1,1,1,60
300890,创业板,0,0,2,0,0,60
002970,深主板,3,0,2,2,2,60
603000,沪主板,0,0,2,1,1,60
601666,沪主板,2,0,3,2,1,60
600562,沪主板,1,0,0,0,0,60
002376,深主板,0,0,0,0,0,60
688168,科创板,7,0,5,2,1,60
000089,深主板,0,0,0,0,0,60
300281,创业板,0,0,0,0,0,60
603848,沪主板,1,0,0,0,0,60
605388,沪主板,2,0,3,3,2,60
300380,创业板,1,0,1,0,0,60
605016,沪主板,1,0,2,1,0,60
601598,沪主板,0,0,0,0,0,60
300621,创业板,0,0,0,0,0,60
601238,沪主板,0,0,1,0,0,60
300481,创业板,6,2,2,1,1,60
002871,深主板,4,0,3,2,0,60
600926,沪主板,0,0,0,0,0,60
002187,深主板,0,0,1,1,0,60
601236,沪主板,0,0,0,0,0,60
603967,沪主板,0,0,0,0,0,60
000157,深主板,0,0,0,0,0,60
688293,科创板,4,0,0,0,0,60
600535,沪主板,0,0,0,0,0,60
603113,沪主板,0,0,0,0,0,60
301053,创业板,2,0,0,0,0,60
300894,创业板,4,2,0,0,0,60
603103,沪主板,2,0,2,2,1,60
002153,深主板,0,0,0,0,0,60
300904,创业板,0,0,2,2,2,60
603683,沪主板,5,0,6,5,5,60
002673,深主板,0,0,0,0,0,60
002712,深主板,0,0,1,0,0,60
002012,深主板,6,0,6,2,2,60
300563,创业板,2,1,4,1,0,60
300317,创业板,5,0,6,4,2,60
300788,创业板,0,0,0,0,0,60
688508,科创板,8,0,7,5,4,60
688656,科创板,2,0,0,0,0,60
600212,沪主板,0,0,1,0,0,60
002646,深主板,0,0,0,0,0,60
600211,沪主板,0,0,0,0,0,60
000628,深主板,3,0,3,1,1,60
002724,深主板,0,0,0,0,0,60
300979,创业板,0,0,0,0,0,60
688297,科创板,0,0,2,2,0,60
000932,深主板,0,0,1,0,0,60
600765,沪主板,0,0,0,0,0,60
300283,创业板,6,1,10,4,3,60
301502,创业板,3,0,3,2,1,60
688670,科创板,3,0,4,2,2,60
600536,沪主板,3,0,1,0,0,60
002973,深主板,1,0,0,0,0,60
300480,创业板,9,1,8,4,3,60
600179,沪主板,1,0,1,0,0,60
002887,深主板,0,0,1,1,1,60
300989,创业板,2,0,1,0,0,60
002672,深主板,4,0,3,2,0,60
603505,沪主板,3,0,5,3,2,60
002150,深主板,1,0,4,1,0,60
300980,创业板,5,1,2,2,2,60
688586,科创板,0,0,0,0,0,60
603310,沪主板,1,0,1,1,0,60
301395,创业板,4,0,1,1,0,60
300556,创业板,1,0,0,0,0,60
605123,沪主板,2,0,1,0,0,60
301601,创业板,0,0,1,0,0,60
002645,深主板,6,0,5,2,1,60
002379,深主板,4,0,6,2,0,60
301393,创业板,3,0,2,1,1,60
002972,深主板,2,0,0,0,0,60
002937,深主板,3,0,1,0,0,60
300781,创业板,1,0,3,1,0,60
002356,深主板,1,0,2,2,2,60
300473,创业板,0,0,1,0,0,60
601022,沪主板,1,0,1,1,1,60
001222,深主板,0,0,0,0,0,60
603685,沪主板,1,0,2,0,0,60
603444,沪主板,0,0,0,0,0,60
002378,深主板,2,0,4,1,0,60
603275,沪主板,0,0,0,0,0,60
600987,沪主板,0,0,0,0,0,60
002872,深主板,0,0,0,0,0,60
300616,创业板,2,1,2,0,0,60
600210,沪主板,0,0,0,0,0,60
000503,深主板,1,0,2,2,2,60
601187,沪主板,0,0,0,0,0,60
600126,沪主板,1,0,4,3,1,60
603697,沪主板,1,0,0,0,0,60
000797,深主板,0,0,0,0,0,60
000883,深主板,0,0,0,0,0,60
000692,深主板,1,0,0,0,0,60
001400,深主板,7,0,4,2,0,60
603106,沪主板,4,0,3,2,2,60
688122,科创板,2,0,2,2,1,60
002373,深主板,0,0,0,0,0,60
300721,创业板,9,4,20,11,10,60
002669,深主板,7,0,13,7,5,60
600927,沪主板,0,0,0,0,0,60
605377,沪主板,4,0,1,1,1,60
002072,深主板,6,0,2,1,1,60
300822,创业板,0,0,0,0,0,60
688489,科创板,0,0,4,2,1,60
688739,科创板,0,0,0,0,0,60
301029,创业板,2,0,0,0,0,60
000899,深主板,4,0,5,1,1,60
301499,创业板,3,1,1,1,1,60
000683,深主板,0,0,0,0,0,60
301047,创业板,1,1,1,1,0,60
603421,沪主板,0,0,0,0,0,60
688558,科创板,0,0,0,0,0,60
603956,沪主板,8,0,5,3,3,60
600183,沪主板,11,0,17,12,7,60
688576,科创板,1,0,1,0,0,60
300308,创业板,4,0,11,10,5,60
603105,沪主板,0,0,0,0,0,60
002651,深主板,0,0,0,0,0,60
000676,深主板,6,0,9,4,2,60
300562,创业板,1,0,0,0,0,60
001395,深主板,4,0,8,7,3,60
002233,深主板,0,0,0,0,0,60
600905,沪主板,0,0,0,0,0,60
300288,创业板,0,0,0,0,0,60
603127,沪主板,6,0,6,4,3,60
300365,创业板,0,0,0,0,0,60
600600,沪主板,0,0,0,0,0,60
300891,创业板,1,0,1,1,1,60
002314,深主板,1,0,2,0,0,60
688529,科创板,1,0,4,2,2,60
600540,沪主板,3,0,2,2,1,60
600136,沪主板,0,0,1,1,1,60
002652,深主板,2,0,0,0,0,60
688458,科创板,4,0,2,0,0,60
002136,深主板,1,0,0,0,0,60
300292,创业板,2,0,3,1,0,60
002943,深主板,7,0,4,3,2,60
301408,创业板,2,0,2,1,0,60
000153,深主板,0,0,0,0,0,60
688337,科创板,4,0,8,5,2,60
601872,沪主板,3,0,11,6,3,60
002668,深主板,0,0,0,0,0,60
688589,科创板,2,1,4,1,0,60
002878,深主板,3,0,2,1,1,60
600199,沪主板,3,0,1,1,1,60
002653,深主板,3,0,8,6,2,60
600698,沪主板,3,0,4,2,0,60
603367,沪主板,1,0,0,0,0,60
603223,沪主板,4,0,4,3,2,60
300375,创业板,1,0,1,0,0,60
603696,沪主板,2,0,3,3,2,60
002885,深主板,6,0,10,3,2,60
002965,深主板,9,0,6,4,3,60
002963,深主板,10,0,6,6,5,60
603258,沪主板,1,0,0,0,0,60
603506,沪主板,0,0,0,0,0,60
600203,沪主板,4,0,4,4,2,60
001201,深主板,0,0,0,0,0,60
688125,科创板,7,0,7,5,3,60
002319,深主板,1,0,0,0,0,60
002714,深主板,0,0,0,0,0,60
600609,沪主板,0,0,0,0,0,60
688787,科创板,4,0,6,4,3,60
600545,沪主板,10,0,10,8,4,60
301418,创业板,3,1,4,3,3,60
002371,深主板,2,0,10,6,4,60
002236,深主板,0,0,0,0,0,60
600809,沪主板,0,0,1,1,0,60
688049,科创板,4,0,4,1,1,60
000672,深主板,5,0,7,7,3,60
000885,深主板,0,0,0,0,0,60
600559,沪主板,0,0,1,0,0,60
688371,科创板,13,3,10,6,3,60
688218,科创板,6,1,1,1,0,60
000782,深主板,0,0,0,0,0,60
688318,科创板,5,0,2,0,0,60
002670,深主板,1,0,1,1,1,60
000727,深主板,1,0,1,0,0,60
688658,科创板,2,0,1,0,0,60
002064,深主板,1,0,1,1,1,60
688653,科创板,2,0,3,3,1,60
600776,沪主板,2,0,0,0,0,60
300287,创业板,2,1,1,0,0,60
600775,沪主板,2,0,5,2,0,60
001234,深主板,0,0,0,0,0,60
002354,深主板,19,0,15,12,7,60
000550,深主板,0,0,0,0,0,60
002722,深主板,0,0,0,0,0,60
002941,深主板,0,0,0,0,0,60
600606,沪主板,0,0,0,0,0,60
300315,创业板,0,0,0,0,0,60
600206,沪主板,12,0,12,9,4,60
002967,深主板,0,0,1,1,0,60
688073,科创板,1,0,1,0,0,60
603209,沪主板,0,0,2,1,0,60
600560,沪主板,0,0,0,0,0,60
301399,创业板,1,0,1,0,0,60
301050,创业板,0,0,1,1,1,60
603819,沪主板,2,0,3,1,0,60
600182,沪主板,0,0,1,1,0,60
600825,沪主板,2,0,1,0,0,60
603129,沪主板,0,0,1,0,0,60
300377,创业板,2,1,2,1,0,60
603326,沪主板,0,0,0,0,0,60
002723,深主板,3,0,1,1,1,60
000998,深主板,0,0,0,0,0,60
600933,沪主板,0,0,1,0,0,60
002140,深主板,0,0,0,0,0,60
300681,创业板,1,0,2,1,0,60
002374,深主板,4,0,2,2,2,60
000809,深主板,2,0,3,3,2,60
002940,深主板,8,0,11,6,3,60
002313,深主板,1,0,1,1,1,60
300906,创业板,0,0,1,0,0,60
000156,深主板,0,0,0,0,0,60
301500,创业板,2,0,4,1,0,60
600538,沪主板,0,0,0,0,0,60
001896,深主板,13,0,11,6,3,60
603278,沪主板,6,0,5,4,1,60
301598,创业板,0,0,0,0,0,60
688319,科创板,8,1,4,3,1,60
300289,创业板,1,1,3,2,1,60
600184,沪主板,5,0,6,4,3,60
301498,创业板,0,0,1,1,1,60
301049,创业板,0,0,1,0,0,60
603686,沪主板,0,0,1,0,0,60
601116,沪主板,1,0,0,0,0,60
002942,深主板,0,0,0,0,0,60
300678,创业板,0,0,1,0,0,60
600202,沪主板,0,0,1,0,0,60
300827,创业板,0,0,0,0,0,60
000546,深主板,0,0,0,0,0,60
301596,创业板,5,2,4,1,0,60
000533,深主板,8,0,10,8,6,60
002966,深主板,0,0,0,0,0,60
301413,创业板,3,0,2,1,0,60
600127,沪主板,0,0,0,0,0,60
688618,科创板,3,1,5,2,2,60
301048,创业板,0,0,0,0,0,60
688186,科创板,0,0,0,0,0,60
300479,创业板,0,0,0,0,0,60
300776,创业板,7,0,13,10,5,60
600702,沪主板,2,0,1,0,0,60
601033,沪主板,0,0,0,0,0,60
301028,创业板,3,0,2,1,0,60
002650,深主板,0,0,1,1,1,60
600764,沪主板,0,0,0,0,0,60
301398,创业板,1,0,0,0,0,60
300557,创业板,3,0,2,2,0,60
300575,创业板,0,0,0,0,0,60
601298,沪主板,0,0,0,0,0,60
600829,沪主板,4,0,4,4,2,60
600539,沪主板,16,0,13,12,8,60
300982,创业板,0,0,1,1,0,60
300778,创业板,1,0,0,0,0,60
300990,创业板,9,0,7,4,3,60
002375,深主板,1,0,1,1,1,60
603800,沪主板,8,0,8,5,3,60
002302,深主板,0,0,0,0,0,60
301017,创业板,0,0,1,0,0,60
600817,沪主板,0,0,0,0,0,60
603488,沪主板,3,0,1,0,0,60
300834,创业板,1,1,2,1,0,60
603855,沪主板,0,0,0,0,0,60
002037,深主板,1,0,0,0,0,60
600506,沪主板,2,0,5,4,3,60
300817,创业板,1,0,0,0,0,60
301349,创业板,2,1,6,5,3,60
688017,科创板,8,1,11,7,3,60
002178,深主板,1,0,1,0,0,60
002062,深主板,2,0,0,0,0,60
600508,沪主板,0,0,0,0,0,60
002404,深主板,4,0,1,1,0,60
603222,沪主板,6,0,8,4,3,60
300769,创业板,2,0,1,0,0,60
601566,沪主板,2,0,1,0,0,60
688321,科创板,1,0,0,0,0,60
000926,深主板,3,0,2,2,0,60
301086,创业板,6,1,5,1,1,60
001311,深主板,1,0,0,0,0,60
605399,沪主板,5,0,0,0,0,60
603088,沪主板,0,0,1,1,1,60
688199,科创板,1,0,2,2,1,60
603668,沪主板,1,0,0,0,0,60
002299,深主板,0,0,1,1,0,60
603978,沪主板,3,0,5,2,0,60
600684,沪主板,0,0,0,0,0,60
688185,科创板,0,0,2,1,1,60
000949,深主板,1,0,1,0,0,60
600151,沪主板,2,0,1,0,0,60
301629,创业板,4,0,4,3,3,60
002911,深主板,0,0,0,0,0,60
300351,创业板,3,1,2,0,0,60
603125,沪主板,3,0,5,1,0,60
605588,沪主板,5,0,3,3,1,60
301538,创业板,2,0,4,2,1,60
688281,科创板,2,1,1,1,1,60
688117,科创板,2,0,1,1,1,60
688392,科创板,6,0,9,2,1,60
688776,科创板,1,0,2,1,1,60
300882,创业板,1,1,0,0,0,60
600620,沪主板,0,0,1,0,0,60
600710,沪主板,0,0,0,0,0,60
688060,科创板,0,0,0,0,0,60
300627,创业板,0,0,0,0,0,60
000510,深主板,15,0,10,4,3,60
002129,深主板,4,0,1,1,0,60
301355,创业板,0,0,1,0,0,60
688098,科创板,1,0,2,0,0,60
002736,深主板,0,0,0,0,0,60
002622,深主板,0,0,0,0,0,60
002241,深主板,0,0,1,0,0,60
301536,创业板,6,0,6,3,2,60
002701,深主板,0,0,1,0,0,60
301559,创业板,0,0,0,0,0,60
002182,深主板,2,0,1,0,0,60
003008,深主板,0,0,0,0,0,60
688426,科创板,1,0,3,1,1,60
600246,沪主板,10,0,9,5,4,60
600159,沪主板,0,0,0,0,0,60
603135,沪主板,8,0,5,4,4,60
600589,沪主板,3,0,7,3,1,60
002692,深主板,0,0,0,0,0,60
002616,深主板,0,0,1,0,0,60
688484,科创板,4,1,5,3,0,60
301083,创业板,0,0,1,0,0,60
003009,深主板,6,0,5,1,1,60
600841,沪主板,2,0,1,0,0,60
603167,沪主板,0,0,0,0,0,60
300790,创业板,3,0,5,2,1,60
002403,深主板,3,0,0,0,0,60
688695,科创板,0,0,0,0,0,60
002899,深主板,0,0,0,0,0,60
301628,创业板,1,1,5,4,3,60
300726,创业板,7,2,9,8,6,60
603016,沪主板,1,0,1,0,0,60
301539,创业板,1,0,1,1,0,60
688170,科创板,8,1,12,5,4,60
688719,科创板,5,0,2,2,2,60
300628,创业板,2,0,2,1,1,60
688120,科创板,7,2,11,4,3,60
000876,深主板,1,0,0,0,0,60
300782,创业板,2,0,7,4,3,60
002615,深主板,1,0,3,2,0,60
301005,创业板,7,0,5,3,0,60
002156,深主板,10,0,14,11,7,60
002855,深主板,0,0,1,1,0,60
600248,沪主板,0,0,0,0,0,60
002329,深主板,3,0,4,0,0,60
000680,深主板,0,0,0,0,0,60
000155,深主板,2,0,1,0,0,60
002192,深主板,6,0,6,3,3,60
300243,创业板,6,2,3,3,2,60
000990,深主板,0,0,1,1,0,60
300768,创业板,0,0,0,0,0,60
003012,深主板,0,0,0,0,0,60
603124,沪主板,11,0,6,3,2,60
000777,深主板,5,0,6,4,3,60
688075,科创板,0,0,0,0,0,60
605133,沪主板,6,0,1,1,1,60
002079,深主板,2,0,4,1,0,60
301085,创业板,1,1,6,3,2,60
000007,深主板,2,0,2,2,1,60
301631,创业板,0,0,2,2,2,60
688236,科创板,0,0,0,0,0,60
688039,科创板,2,1,5,1,0,60
600815,沪主板,3,0,2,1,0,60
301348,创业板,3,1,7,3,2,60
601288,沪主板,0,0,1,0,0,60
300458,创业板,2,1,6,2,1,60
601009,沪主板,0,0,0,0,0,60
688181,科创板,7,0,7,4,3,60
000895,深主板,0,0,0,0,0,60
600582,沪主板,0,0,1,1,1,60
301006,创业板,0,0,0,0,0,60
688560,科创板,0,0,0,0,0,60
000063,深主板,2,0,1,0,0,60
601900,沪主板,0,0,0,0,0,60
601869,沪主板,8,0,15,10,6,60
002737,深主板,0,0,0,0,0,60
003011,深主板,2,0,1,0,0,60
600779,沪主板,1,0,2,1,0,60
600580,沪主板,2,0,3,1,1,60
601233,沪主板,2,0,1,0,0,60
300395,创业板,3,0,4,4,2,60
688517,科创板,0,0,2,1,1,60
600803,沪主板,0,0,0,0,0,60
002335,深主板,2,0,2,0,0,60
000623,深主板,0,0,0,0,0,60
002405,深主板,0,0,0,0,0,60
300341,创业板,0,0,1,1,1,60
300244,创业板,4,0,0,0,0,60
600507,沪主板,0,0,1,0,0,60
603238,沪主板,0,0,0,0,0,60
003010,深主板,1,0,1,1,0,60
601921,沪主板,0,0,1,1,0,60
688323,科创板,13,2,11,9,3,60
300547,创业板,1,0,4,3,3,60
300466,创业板,0,0,1,0,0,60
600908,沪主板,0,0,0,0,0,60
000725,深主板,6,0,9,3,3,60
300966,创业板,3,0,1,1,0,60
603667,沪主板,3,0,8,2,0,60
301353,创业板,0,0,0,0,0,60
688187,科创板,2,0,2,0,0,60
301087,创业板,1,0,0,0,0,60
603700,沪主板,0,0,0,0,0,60
002909,深主板,0,0,0,0,0,60
002406,深主板,0,0,2,0,0,60
688267,科创板,0,0,2,2,1,60
601008,沪主板,0,0,0,0,0,60
002913,深主板,6,0,4,3,2,60
300487,创业板,6,1,5,4,2,60
603970,沪主板,0,0,0,0,0,60
600805,沪主板,0,0,0,0,0,60
603536,沪主板,0,0,1,0,0,60
301080,创业板,2,0,0,0,0,60
300250,创业板,1,0,0,0,0,60
001335,深主板,1,0,2,1,0,60
300770,创业板,0,0,0,0,0,60
002173,深主板,10,0,15,8,7,60
002623,深主板,2,0,1,0,0,60
002339,深主板,1,0,0,0,0,60
301529,创业板,6,0,1,1,1,60
002300,深主板,2,0,2,0,0,60
002858,深主板,1,0,1,1,0,60
603936,沪主板,8,0,12,8,4,60
003005,深主板,2,0,2,2,1,60
603366,沪主板,1,0,4,3,0,60
600955,沪主板,1,0,2,1,1,60
603097,沪主板,1,0,2,0,0,60
002897,深主板,11,0,9,5,3,60
002401,深主板,0,0,0,0,0,60
600510,沪主板,1,0,1,0,0,60
000726,深主板,0,0,0,0,0,60
000948,深主板,2,0,4,2,0,60
301358,创业板,2,0,2,1,1,60
688210,科创板,0,0,0,0,0,60
002703,深主板,3,0,6,3,1,60
000009,深主板,2,0,0,0,0,60
300967,创业板,2,0,4,3,2,60
000555,深主板,1,0,4,1,1,60
600959,沪主板,0,0,0,0,0,60
002690,深主板,0,0,0,0,0,60
603709,沪主板,0,0,0,0,0,60
300337,创业板,1,0,2,1,0,60
603676,沪主板,0,0,0,0,0,60
600578,沪主板,14,0,12,5,3,60
002078,深主板,0,0,1,0,0,60
600113,沪主板,4,0,3,2,1,60
300548,创业板,12,1,10,6,3,60
000539,深主板,8,0,9,7,5,60
605151,沪主板,2,0,2,1,0,60
688296,科创板,0,0,1,1,0,60
603132,沪主板,0,0,0,0,0,60
300725,创业板,2,0,0,0,0,60
301360,创业板,5,1,4,2,1,60
000650,深主板,0,0,0,0,0,60
003003,深主板,0,0,0,0,0,60
603489,沪主板,1,0,2,2,1,60
002624,深主板,1,0,1,1,0,60
300603,创业板,1,0,0,0,0,60
002399,深主板,0,0,0,0,0,60
600162,沪主板,17,0,13,11,8,60
688429,科创板,0,0,0,0,0,60
002054,深主板,0,0,2,1,0,60
601866,沪主板,0,0,0,0,0,60
600236,沪主板,3,0,6,3,1,60
002896,深主板,8,0,9,8,5,60
002915,深主板,3,0,11,9,4,60
301626,创业板,3,0,2,2,1,60
002145,深主板,0,0,1,0,0,60
600511,沪主板,0,0,0,0,0,60
002149,深主板,3,0,6,2,2,60
605398,沪主板,3,0,2,2,0,60
600590,沪主板,1,0,2,2,0,60
300898,创业板,1,0,3,0,0,60
300909,创业板,5,0,2,1,0,60
300251,创业板,1,0,0,0,0,60
603703,沪主板,0,0,0,0,0,60
301009,创业板,0,0,0,0,0,60
300815,创业板,0,0,2,2,1,60
301359,创业板,0,0,0,0,0,60
300833,创业板,0,0,3,1,0,60
002327,深主板,0,0,0,0,0,60
600160,沪主板,5,0,10,4,1,60
600989,沪主板,0,0,6,1,1,60
000790,深主板,0,0,1,0,0,60
600161,沪主板,0,0,0,0,0,60
603285,沪主板,7,0,8,3,1,60
002338,深主板,2,0,1,1,1,60
300469,创业板,3,1,2,1,1,60
605050,沪主板,0,0,0,0,0,60
000928,深主板,0,0,0,0,0,60
605009,沪主板,0,0,1,0,0,60
002617,深主板,4,0,9,3,0,60
003007,深主板,3,0,2,1,0,60
600690,沪主板,0,0,0,0,0,60
301560,创业板,2,0,0,0,0,60
603398,沪主板,6,0,7,4,2,60
002239,深主板,0,0,0,0,0,60
301008,创业板,5,1,6,3,3,60
300339,创业板,1,0,1,0,0,60
002910,深主板,8,0,4,1,1,60
301535,创业板,1,0,2,0,0,60
300488,创业板,5,0,3,1,1,60
603538,沪主板,9,0,15,7,6,60
001219,深主板,0,0,0,0,0,60
600509,沪主板,2,0,6,3,2,60
601677,沪主板,0,0,2,0,0,60
001358,深主板,5,0,3,1,1,60
688619,科创板,5,0,6,2,2,60
300999,创业板,0,0,0,0,0,60
605116,沪主板,0,0,1,1,0,60
600241,沪主板,2,0,1,0,0,60
688280,科创板,2,0,0,0,0,60
301082,创业板,1,1,1,1,1,60
688571,科创板,2,1,2,1,1,60
601618,沪主板,0,0,0,0,0,60
300247,创业板,1,0,0,0,0,60
300340,创业板,1,0,0,0,0,60
601366,沪主板,0,0,0,0,0,60
002402,深主板,3,0,2,0,0,60
600916,沪主板,0,0,0,0,0,60
301533,创业板,0,0,1,0,0,60
002022,深主板,0,0,0,0,0,60
600619,沪主板,1,0,7,4,2,60
300394,创业板,7,0,18,11,8,60
600114,沪主板,1,0,2,2,1,60
001298,深主板,1,0,3,1,0,60
003006,深主板,1,0,1,0,0,60
603273,沪主板,1,0,1,1,0,60
002023,深主板,2,0,2,1,0,60
002060,深主板,0,0,0,0,0,60
688789,科创板,1,0,0,0,0,60
300249,创业板,2,0,4,2,1,60
688030,科创板,1,0,2,1,1,60
601098,沪主板,0,0,0,0,0,60
600985,沪主板,2,0,2,1,1,60
002735,深主板,5,0,5,4,3,60
600754,沪主板,0,0,1,0,0,60
002857,深主板,3,0,0,0,0,60
601985,沪主板,0,0,0,0,0,60
603015,沪主板,2,0,2,1,0,60
301356,创业板,3,1,1,1,0,60
000802,深主板,2,0,4,1,1,60
300612,创业板,0,0,0,0,0,60
301081,创业板,3,1,2,1,0,60
300248,创业板,1,1,1,0,0,60
002228,深主板,0,0,0,0,0,60
002912,深主板,1,0,1,0,0,60
300810,创业板,0,0,0,0,0,60
603811,沪主板,0,0,0,0,0,60
000893,深主板,1,0,2,0,0,60
300818,创业板,1,0,0,0,0,60
603120,沪主板,8,0,6,4,3,60
300884,创业板,1,0,0,0,0,60
000619,深主板,0,0,0,0,0,60
603197,沪主板,1,0,2,2,1,60
000006,深主板,1,0,1,0,0,60
300580,创业板,2,1,1,0,0,60
603260,沪主板,2,0,0,0,0,60
605366,沪主板,8,0,7,3,1,60
603858,沪主板,0,0,0,0,0,60
688690,科创板,4,0,3,1,1,60
002850,深主板,1,0,1,1,0,60
688668,科创板,10,2,16,9,5,60
603931,沪主板,9,0,10,6,3,60
688503,科创板,5,1,5,5,5,60
600968,沪主板,0,0,0,0,0,60
301330,创业板,0,0,0,0,0,60
600588,沪主板,2,0,0,0,0,60
003020,深主板,7,0,7,6,6,60
002053,深主板,2,0,2,0,0,60
688599,科创板,0,0,0,0,0,60
301091,创业板,0,0,0,0,0,60
688639,科创板,3,1,3,2,2,60
002905,深主板,0,0,1,1,1,60
601002,沪主板,1,0,1,1,1,60
002413,深主板,1,0,0,0,0,60
688698,科创板,3,0,2,0,0,60
300347,创业板,0,0,1,0,0,60
600771,沪主板,0,0,0,0,0,60
600155,沪主板,0,0,1,0,0,60
300545,创业板,3,1,5,1,0,60
002157,深主板,0,0,0,0,0,60
003021,深主板,1,0,1,0,0,60
002027,深主板,0,0,1,0,0,60
000868,深主板,0,0,0,0,0,60
603396,沪主板,0,0,0,0,0,60
603976,沪主板,5,0,4,2,1,60
301552,创业板,0,0,1,0,0,60
002081,深主板,6,0,7,2,1,60
600750,沪主板,0,0,0,0,0,60
603329,沪主板,1,0,2,2,1,60
688657,科创板,2,0,1,0,0,60
603808,沪主板,1,0,0,0,0,60
300234,创业板,4,0,1,0,0,60
300963,创业板,1,0,2,1,0,60
603090,沪主板,5,0,5,3,1,60
603666,沪主板,4,0,0,0,0,60
603486,沪主板,0,0,0,0,0,60
002044,深主板,0,0,1,0,0,60
603929,沪主板,8,0,13,7,5,60
301551,创业板,0,0,0,0,0,60
002127,深主板,1,0,0,0,0,60
000630,深主板,3,0,5,1,1,60
000166,深主板,0,0,0,0,0,60
603323,沪主板,0,0,0,0,0,60
002609,深主板,0,0,1,0,0,60
605005,沪主板,0,0,0,0,0,60
000090,深主板,2,0,1,0,0,60
600501,沪主板,1,0,0,0,0,60
688166,科创板,4,2,6,5,3,60
301003,创业板,3,0,1,1,0,60
301336,创业板,0,0,0,0,0,60
002080,深主板,15,0,12,4,2,60
603556,沪主板,3,0,1,0,0,60
002226,深主板,2,0,0,0,0,60
002906,深主板,1,0,0,0,0,60
002695,深主板,3,0,2,1,0,60
601019,沪主板,0,0,0,0,0,60
002608,深主板,2,0,3,3,1,60
300236,创业板,7,0,4,4,3,60
002739,深主板,4,0,5,5,3,60
600256,沪主板,0,0,2,1,1,60
002410,深主板,0,0,1,0,0,60
301557,创业板,2,0,1,1,0,60
300467,创业板,1,0,0,0,0,60
688080,科创板,1,0,0,0,0,60
300836,创业板,4,0,5,3,0,60
603708,沪主板,0,0,0,0,0,60
600713,沪主板,0,0,1,0,0,60
002698,深主板,1,0,2,0,0,60
600906,沪主板,1,0,1,0,0,60
603018,沪主板,0,0,1,0,0,60
300399,创业板,2,0,1,0,0,60
301335,创业板,0,0,1,1,0,60
000652,深主板,0,0,0,0,0,60
000021,深主板,11,0,16,11,9,60
688512,科创板,6,1,4,2,1,60
605188,沪主板,1,0,1,1,1,60
600258,沪主板,0,0,0,0,0,60
000532,深主板,1,0,2,1,0,60
301555,创业板,1,0,1,1,0,60
601991,沪主板,9,0,14,6,4,60
301001,创业板,0,0,0,0,0,60
002741,深主板,10,0,12,9,6,60
688220,科创板,3,1,7,2,1,60
688584,科创板,8,2,12,8,3,60
002041,深主板,0,0,0,0,0,60
300611,创业板,0,0,0,0,0,60
603458,沪主板,9,0,5,4,2,60
688300,科创板,16,0,16,11,7,60
003022,深主板,1,0,2,1,1,60
300492,创业板,2,0,1,0,0,60
301000,创业板,2,1,4,2,1,60
002606,深主板,4,0,4,3,1,60
300962,创业板,0,0,0,0,0,60
301331,创业板,1,0,1,0,0,60
000088,深主板,0,0,0,0,0,60
002605,深主板,0,0,0,0,0,60
601211,沪主板,0,0,1,1,1,60
300816,创业板,1,0,1,0,0,60
600497,沪主板,5,0,6,4,2,60
300900,创业板,3,0,4,2,2,60
002240,深主板,5,0,2,1,1,60
003023,深主板,0,0,1,0,0,60
000631,深主板,1,0,2,2,2,60
600257,沪主板,1,0,3,1,1,60
000950,深主板,0,0,0,0,0,60
301556,创业板,0,0,2,1,0,60
300456,创业板,5,0,3,2,1,60
300348,创业板,0,0,0,0,0,60
301658,创业板,0,0,0,0,0,60
600587,沪主板,0,0,0,0,0,60
300233,创业板,0,0,0,0,0,60
603307,沪主板,0,0,2,0,0,60
600802,沪主板,0,0,0,0,0,60
603168,沪主板,0,0,0,0,0,60
002902,深主板,4,0,6,4,2,60
002331,深主板,0,0,1,0,0,60
600623,沪主板,0,0,0,0,0,60
600498,沪主板,4,0,6,4,2,60
300837,创业板,0,0,0,0,0,60
301333,创业板,2,0,1,1,0,60
688418,科创板,6,0,4,1,0,60
300602,创业板,6,0,6,4,2,60
300881,创业板,1,0,2,2,1,60
301093,创业板,6,0,3,2,2,60
600108,沪主板,1,0,1,0,0,60
601136,沪主板,0,0,0,0,0,60
600255,沪主板,5,0,6,3,3,60
000989,深主板,1,0,1,0,0,60
688569,科创板,0,0,0,0,0,60
002607,深主板,5,0,6,4,3,60
301002,创业板,1,0,5,2,1,60
600586,沪主板,1,0,1,0,0,60
605365,沪主板,2,0,1,1,1,60
300235,创业板,0,0,0,0,0,60
002328,深主板,1,0,4,2,1,60
603707,沪主板,0,0,0,0,0,60
300569,创业板,0,0,0,0,0,60
688128,科创板,0,0,0,0,0,60
600153,沪主板,0,0,0,0,0,60
300349,创业板,3,0,2,2,2,60
688266,科创板,6,0,4,1,1,60
002849,深主板,2,0,1,0,0,60
601512,沪主板,0,0,1,0,0,60
688450,科创板,6,1,10,5,3,60
002412,深主板,2,0,2,1,1,60
603977,沪主板,3,0,1,0,0,60
601083,沪主板,0,0,0,0,0,60
002697,深主板,0,0,0,0,0,60
603203,沪主板,10,0,14,7,5,60
688009,科创板,0,0,0,0,0,60
002010,深主板,0,0,0,0,0,60
601678,沪主板,7,0,10,2,2,60
000543,深主板,0,0,0,0,0,60
301095,创业板,7,0,7,4,2,60
000807,深主板,0,0,2,1,0,60
300910,创业板,0,0,2,2,1,60
002297,深主板,8,0,14,11,8,60
001319,深主板,1,0,0,0,0,60
688410,科创板,0,0,0,0,0,60
603726,沪主板,8,0,9,6,4,60
002179,深主板,1,0,1,0,0,60
000875,深主板,1,0,0,0,0,60
301004,创业板,0,0,0,0,0,60
600622,沪主板,1,0,1,0,0,60
603313,沪主板,6,0,6,4,2,60
000897,深主板,0,0,0,0,0,60
600158,沪主板,3,0,5,3,2,60
003015,深主板,0,0,1,0,0,60
688602,科创板,1,0,0,0,0,60
603286,沪主板,6,0,5,2,0,60
688758,科创板,2,0,1,1,0,60
301090,创业板,0,0,0,0,0,60
688295,科创板,1,0,4,2,2,60
301550,创业板,4,0,4,1,1,60
600751,沪主板,0,0,0,0,0,60
000055,深主板,2,0,4,2,2,60
300468,创业板,0,0,2,0,0,60
002061,深主板,0,0,0,0,0,60
300342,创业板,3,0,4,1,0,60
301338,创业板,9,0,7,4,2,60
002409,深主板,13,0,19,8,7,60
300783,创业板,0,0,0,0,0,60
601607,沪主板,0,0,0,0,0,60
300610,创业板,0,0,0,0,0,60
002611,深主板,0,0,0,0,0,60
600691,沪主板,0,0,1,0,0,60
600503,沪主板,3,0,2,1,0,60
300397,创业板,0,0,1,0,0,60
002333,深主板,0,0,0,0,0,60
600583,沪主板,0,0,1,0,0,60
600152,沪主板,3,0,4,3,0,60
600110,沪主板,10,0,10,8,7,60
603810,沪主板,0,0,2,0,0,60
600939,沪主板,0,0,1,1,0,60
688071,科创板,4,0,4,2,2,60
600683,沪主板,5,0,4,1,1,60
002407,深主板,12,0,10,8,6,60
301339,创业板,0,0,0,0,0,60
688708,科创板,1,0,0,0,0,60
601857,沪主板,0,0,1,1,0,60
300240,创业板,0,0,0,0,0,60
000509,深主板,7,0,10,7,4,60
603856,沪主板,0,0,0,0,0,60
300568,创业板,2,0,2,0,0,60
300489,创业板,13,3,16,10,5,60
600843,沪主板,3,0,1,0,0,60
600621,沪主板,0,0,0,0,0,60
301345,创业板,2,0,4,2,2,60
003013,深主板,2,0,1,1,1,60
002614,深主板,0,0,0,0,0,60
688200,科创板,10,0,7,4,3,60
000002,深主板,0,0,0,0,0,60
002334,深主板,0,0,0,0,0,60
603136,沪主板,0,0,0,0,0,60
000601,深主板,5,0,9,6,3,60
300791,创业板,0,0,0,0,0,60
603355,沪主板,3,0,1,0,0,60
002246,深主板,1,0,2,2,2,60
603551,沪主板,0,0,0,0,0,60
300883,创业板,0,0,1,0,0,60
301088,创业板,0,0,0,0,0,60
002613,深主板,8,0,5,3,2,60
600770,沪主板,3,0,5,0,0,60
600111,沪主板,0,0,1,0,0,60
002330,深主板,0,0,0,0,0,60
002738,深主板,2,0,4,3,1,60
002146,深主板,0,0,1,1,0,60
300835,创业板,12,2,8,6,4,60
301558,创业板,0,0,0,0,0,60
002016,深主板,0,0,0,0,0,60
300546,创业板,1,0,0,0,0,60
002908,深主板,1,0,0,0,0,60
600505,沪主板,2,0,4,0,0,60
002298,深主板,3,0,2,2,2,60
300687,创业板,10,0,4,3,1,60
603095,沪主板,0,0,1,0,0,60
003016,深主板,0,0,1,0,0,60
600956,沪主板,0,0,1,0,0,60
300715,创业板,6,1,4,1,1,60
603797,沪主板,0,0,0,0,0,60
000620,深主板,6,0,6,4,1,60
605189,沪主板,6,0,7,2,0,60
000031,深主板,1,0,0,0,0,60
002700,深主板,4,0,1,1,1,60
002696,深主板,1,0,1,1,1,60
300713,创业板,0,0,0,0,0,60
688335,科创板,2,1,0,0,0,60
000803,深主板,1,0,0,0,0,60
002408,深主板,0,0,0,0,0,60
003018,深主板,17,0,14,8,5,60
002907,深主板,2,0,1,0,0,60
300998,创业板,3,0,1,1,1,60
002901,深主板,0,0,0,0,0,60
002332,深主板,0,0,0,0,0,60
300490,创业板,0,0,1,1,0,60
301092,创业板,9,4,11,7,5,60
003019,深主板,3,0,2,1,0,60
000557,深主板,0,0,0,0,0,60
688158,科创板,4,0,5,2,1,60
002851,深主板,13,0,21,14,10,60
600252,沪主板,0,0,0,0,0,60
001231,深主板,0,0,0,0,0,60
603093,沪主板,3,0,4,1,0,60
300671,创业板,9,1,9,7,2,60
003017,深主板,0,0,0,0,0,60
000788,深主板,0,0,0,0,0,60
605111,沪主板,8,0,17,6,3,60
600585,沪主板,0,0,0,0,0,60
300346,创业板,7,0,7,4,3,60
301633,创业板,0,0,0,0,0,60
002148,深主板,2,0,4,1,1,60
601579,沪主板,0,0,1,1,0,60
300350,创业板,0,0,1,0,0,60
000751,深主板,4,0,7,3,2,60
000729,深主板,0,0,1,0,0,60
300238,创业板,0,0,0,0,0,60
600251,沪主板,0,0,0,0,0,60
002014,深主板,1,0,0,0,0,60
000429,深主板,0,0,0,0,0,60
300629,创业板,0,0,1,0,0,60
603988,沪主板,5,0,3,3,1,60
300727,创业板,2,0,3,2,1,60
600250,沪主板,0,0,2,0,0,60
688577,科创板,2,0,3,1,1,60
600584,沪主板,12,0,16,8,6,60
300809,创业板,4,0,5,3,2,60
601177,沪主板,2,0,3,1,0,60
600984,沪主板,3,0,2,0,0,60
605179,沪主板,5,0,5,5,4,60
002294,深主板,2,0,1,0,0,60
600816,沪主板,0,0,0,0,0,60
688315,科创板,0,0,0,0,0,60
603477,沪主板,2,0,1,0,0,60
603727,沪主板,5,0,5,2,2,60
600502,沪主板,0,0,0,0,0,60
600157,沪主板,0,0,0,0,0,60
301337,创业板,2,0,1,0,0,60
603663,沪主板,11,0,11,7,2,60
301548,创业板,3,1,1,1,0,60
300964,创业板,8,2,10,4,3,60
688105,科创板,4,0,0,0,0,60
605258,沪主板,1,0,1,1,0,60
000713,深主板,0,0,0,0,0,60
300239,创业板,1,0,0,0,0,60
002612,深主板,2,0,2,2,1,60
000599,深主板,0,0,1,0,0,60
600844,沪主板,4,0,6,4,2,60
300398,创业板,4,0,12,6,3,60
002852,深主板,0,0,0,0,0,60
300570,创业板,11,1,12,7,6,60
002900,深主板,6,0,7,6,5,60
601188,沪主板,0,0,0,0,0,60
300345,创业板,2,1,1,1,1,60
301089,创业板,1,0,0,0,0,60
002950,深主板,1,0,0,0,0,60
002397,深主板,2,0,3,3,1,60
603839,沪主板,1,0,2,2,2,60
688559,科创板,6,0,5,2,1,60
300354,创业板,2,0,1,0,0,60
002702,深主板,1,0,2,2,1,60
002997,深主板,1,0,0,0,0,60
688116,科创板,1,0,0,0,0,60
688235,科创板,1,0,0,0,0,60
301525,创业板,1,0,0,0,0,60
300885,创业板,2,0,5,1,0,60
300470,创业板,0,0,0,0,0,60
603987,沪主板,0,0,0,0,0,60
601990,沪主板,0,0,0,0,0,60
002174,深主板,4,0,1,1,0,60
688488,科创板,4,0,0,0,0,60
001359,深主板,11,0,5,3,2,60
600513,沪主板,5,0,4,3,1,60
601368,沪主板,1,0,0,0,0,60
002130,深主板,0,0,1,0,0,60
000801,深主板,1,0,0,0,0,60
600149,沪主板,0,0,0,0,0,60
300684,创业板,6,1,5,4,2,60
600115,沪主板,0,0,4,1,1,60
600689,沪主板,0,0,0,0,0,60
300626,创业板,9,3,5,2,1,60
002631,深主板,5,0,4,1,0,60
000995,深主板,1,0,3,2,0,60
300459,创业板,0,0,0,0,0,60
300968,创业板,4,1,8,6,4,60
300335,创业板,0,0,3,1,0,60
600576,沪主板,2,0,0,0,0,60
600517,沪主板,0,0,2,1,1,60
603677,沪主板,2,0,2,1,0,60
600592,沪主板,4,0,2,0,0,60
600773,沪主板,0,0,0,0,0,60
605033,沪主板,1,0,1,0,0,60
603117,沪主板,0,0,0,0,0,60
000061,深主板,0,0,0,0,0,60
603322,沪主板,3,0,1,1,0,60
688025,科创板,11,0,17,9,4,60
001210,深主板,6,0,6,5,3,60
000783,深主板,3,0,1,0,0,60
688800,科创板,3,0,8,4,4,60
600237,沪主板,7,0,8,2,1,60
600116,沪主板,0,0,0,0,0,60
301366,创业板,6,3,8,5,5,60
301618,创业板,3,0,0,0,0,60
002893,深主板,1,0,2,2,0,60
301566,创业板,7,2,15,8,6,60
600515,沪主板,0,0,0,0,0,60
603178,沪主板,7,0,4,3,1,60
002625,深主板,1,0,1,1,1,60
002337,深主板,0,0,0,0,0,60
001286,深主板,0,0,0,0,0,60
300255,创业板,5,1,6,3,3,60
688057,科创板,7,1,2,0,0,60
688373,科创板,1,0,0,0,0,60
002398,深主板,0,0,0,0,0,60
000541,深主板,1,0,0,0,0,60
603205,沪主板,0,0,0,0,0,60
688500,科创板,6,2,5,1,1,60
301010,创业板,0,0,0,0,0,60
600166,沪主板,0,0,0,0,0,60
002917,深主板,0,0,0,0,0,60
688229,科创板,3,0,2,2,1,60
601998,沪主板,0,0,0,0,0,60
603357,沪主板,0,0,1,1,1,60
603280,沪主板,0,0,0,0,0,60
002999,深主板,0,0,0,0,0,60
688556,科创板,1,0,4,1,1,60
300393,创业板,0,0,2,0,0,60
002063,深主板,0,0,1,0,0,60
603283,沪主板,5,0,9,8,7,60
300969,创业板,3,0,3,1,0,60
002919,深主板,1,0,0,0,0,60
003001,深主板,12,0,12,7,6,60
002077,深主板,2,0,3,2,0,60
000877,深主板,0,0,0,0,0,60
688615,科创板,2,0,2,1,0,60
301361,创业板,0,0,2,0,0,60
601898,沪主板,1,0,1,0,0,60
002343,深主板,0,0,0,0,0,60
600516,沪主板,4,0,1,0,0,60
300785,创业板,1,0,2,1,0,60
300254,创业板,2,0,2,2,0,60
001696,深主板,4,0,2,0,0,60
301526,创业板,14,2,17,8,4,60
603725,沪主板,11,0,10,4,0,60
603533,沪主板,5,0,5,3,2,60
301522,创业板,0,0,0,0,0,60
002340,深主板,0,0,0,0,0,60
301072,创业板,2,0,2,1,0,60
688386,科创板,3,1,8,2,1,60
600577,沪主板,0,0,3,1,0,60
301565,创业板,2,1,3,1,0,60
300549,创业板,1,0,0,0,0,60
300566,创业板,7,1,11,5,2,60
301363,创业板,3,0,2,0,0,60
688021,科创板,0,0,3,2,1,60
003002,深主板,0,0,1,1,0,60
600909,沪主板,6,0,10,4,2,60
300771,创业板,0,0,0,0,0,60
300389,创业板,0,0,2,0,0,60
301617,创业板,1,0,1,1,0,60
002916,深主板,6,0,11,6,3,60
601212,沪主板,1,0,7,4,1,60
002396,深主板,8,0,12,8,5,60
600966,沪主板,0,0,1,0,0,60
300997,创业板,2,1,3,3,1,60
000026,深主板,5,0,2,1,1,60
601086,沪主板,2,0,1,1,1,60
600232,沪主板,0,0,1,0,0,60
300390,创业板,4,0,5,2,1,60
600163,沪主板,1,0,2,1,0,60
603202,沪主板,0,0,0,0,0,60
002861,深主板,2,0,1,1,1,60
000930,深主板,0,0,0,0,0,60
601166,沪主板,0,0,0,0,0,60
688100,科创板,0,0,1,1,0,60
301078,创业板,1,0,1,1,0,60
002191,深主板,0,0,0,0,0,60
600616,沪主板,0,0,0,0,0,60
300258,创业板,0,0,1,0,0,60
603330,沪主板,9,0,7,3,3,60
603815,沪主板,3,0,2,0,0,60
605011,沪主板,1,0,3,2,0,60
300388,创业板,0,0,0,0,0,60
000498,深主板,0,0,0,0,0,60
002303,深主板,8,0,5,1,1,60
603706,沪主板,0,0,0,0,0,60
605368,沪主板,0,0,0,0,0,60
002626,深主板,0,0,0,0,0,60
002998,深主板,1,0,2,1,1,60
301077,创业板,0,0,2,1,0,60
002918,深主板,8,0,8,6,5,60
001306,深主板,1,0,2,1,0,60
603535,沪主板,0,0,0,0,0,60
603259,沪主板,1,0,2,1,1,60
600838,沪主板,0,0,0,0,0,60
603937,沪主板,2,0,5,4,3,60
002245,深主板,7,0,6,4,3,60
688648,科创板,1,0,3,1,0,60
000938,深主板,6,0,12,6,5,60
603096,沪主板,0,0,0,0,0,60
002705,深主板,0,0,1,0,0,60
300253,创业板,0,0,0,0,0,60
600233,沪主板,1,0,2,2,2,60
002342,深主板,8,0,10,7,6,60
301367,创业板,3,0,0,0,0,60
605196,沪主板,6,0,3,1,1,60
000099,深主板,1,0,1,0,0,60
000756,深主板,2,0,4,1,0,60
600235,沪主板,0,0,0,0,0,60
002688,深主板,1,0,2,1,1,60
688011,科创板,2,0,2,0,0,60
603466,沪主板,8,0,5,1,1,60
002400,深主板,0,0,2,0,0,60
003000,深主板,0,0,0,0,0,60
603669,沪主板,8,0,8,7,5,60
300902,创业板,3,0,0,0,0,60
688316,科创板,3,1,4,4,3,60
300708,创业板,0,0,3,1,0,60
002733,深主板,8,0,8,4,3,60
603220,沪主板,2,0,5,3,1,60
688036,科创板,0,0,2,1,0,60
603456,沪主板,1,0,0,0,0,60
002301,深主板,1,0,0,0,0,60
300579,创业板,0,0,0,0,0,60
300252,创业板,1,0,2,1,0,60
688269,科创板,0,0,1,1,0,60
300331,创业板,6,0,5,5,2,60
603131,沪主板,3,0,1,0,0,60
000534,深主板,3,0,3,1,0,60
002394,深主板,0,0,0,0,0,60
301365,创业板,3,0,1,1,1,60
002395,深主板,4,0,2,0,0,60
300673,创业板,1,0,0,0,0,60
688167,科创板,10,2,16,9,6,60
688129,科创板,0,0,3,0,0,60
601567,沪主板,0,0,0,0,0,60
002995,深主板,6,0,7,4,4,60
300614,创业板,0,0,2,2,1,60
600692,沪主板,0,0,0,0,0,60
002734,深主板,3,0,0,0,0,60
001324,深主板,0,0,0,0,0,60
002627,深主板,1,0,1,0,0,60
600936,沪主板,6,0,5,2,0,60
603257,沪主板,1,0,0,0,0,60
600575,沪主板,0,0,0,0,0,60
603012,沪主板,3,0,0,0,0,60
688593,科创板,7,1,6,4,3,60
600708,沪主板,2,0,0,0,0,60
301528,创业板,9,1,3,3,2,60
002687,深主板,6,0,2,1,1,60
300259,创业板,8,0,6,3,2,60
300901,创业板,2,0,0,0,0,60
300256,创业板,0,0,0,0,0,60
001379,深主板,0,0,0,0,0,60
600512,沪主板,0,0,0,0,0,60
688059,科创板,5,1,5,4,2,60
001266,深主板,3,0,4,2,0,60
688010,科创板,9,2,7,5,3,60
301622,创业板,0,0,0,0,0,60
001332,深主板,1,0,1,1,1,60
301076,创业板,1,0,3,2,1,60
600618,沪主板,0,0,0,0,0,60
603123,沪主板,1,0,2,1,1,60
688159,科创板,2,0,1,1,0,60
002860,深主板,2,0,1,1,1,60
300886,创业板,0,0,0,0,0,60
001914,深主板,0,0,0,0,0,60
300334,创业板,6,1,1,0,0,60
600839,沪主板,0,0,0,0,0,60
688411,科创板,4,0,3,1,1,60
600231,沪主板,0,0,0,0,0,60
002732,深主板,0,0,0,0,0,60
603098,沪主板,0,0,1,1,0,60
000605,深主板,0,0,0,0,0,60
000159,深主板,1,0,1,1,0,60
688513,科创板,2,0,3,2,2,60
000554,深主板,1,0,9,6,3,60
301011,创业板,0,0,1,0,0,60
301013,创业板,15,3,18,9,8,60
688755,科创板,1,0,1,0,0,60
301636,创业板,0,0,0,0,0,60
301595,创业板,2,0,1,0,0,60
603014,沪主板,3,0,1,1,0,60
001390,深主板,0,0,0,0,0,60
603049,沪主板,0,0,0,0,0,60
301590,创业板,1,0,1,1,0,60
688775,科创板,1,0,1,0,0,60
603382,沪主板,1,0,1,1,1,60
603400,沪主板,4,0,5,3,1,60
301678,创业板,1,0,3,2,2,60
001388,深主板,9,0,11,10,7,60
688729,科创板,9,2,12,9,4,60
301630,创业板,6,1,6,3,2,60
600930,沪主板,0,0,0,0,0,60
301609,创业板,2,0,5,3,1,60
603262,沪主板,3,0,2,0,0,60
001221,深主板,0,0,0,0,0,60
301491,创业板,0,0,0,0,0,60
603406,沪主板,0,0,1,0,0,60
301632,创业板,0,0,1,0,0,60
603370,沪主板,1,0,0,0,0,60
301575,创业板,0,0,0,0,0,60
603418,沪主板,0,0,1,1,0,60
301656,创业板,1,0,0,0,0,60
301584,创业板,1,0,2,1,0,60
301668,创业板,1,1,2,1,0,60
001285,深主板,0,0,0,0,0,60
301563,创业板,6,1,10,5,3,60
601026,沪主板,1,0,2,0,0,60
001386,深主板,0,0,0,0,0,60
603175,沪主板,2,0,4,1,0,60
688759,科创板,3,0,2,2,2,60
688783,科创板,9,2,19,9,6,60
688765,科创板,2,2,1,0,0,60
603334,沪主板,0,0,0,0,0,60
603376,沪主板,1,0,0,0,0,60
603092,沪主板,0,0,0,0,0,60
688727,科创板,6,0,11,5,3,60
301638,创业板,0,0,2,1,0,60
001233,深主板,1,0,0,0,0,60
001280,深主板,0,0,2,0,0,60
688795,科创板,1,0,2,2,2,60
688796,科创板,5,1,9,5,3,60
688790,科创板,2,0,2,1,0,60
688802,科创板,5,0,8,6,3,60
001325,深主板,0,0,0,0,0,60
688807,科创板,8,0,15,8,5,60
301449,创业板,1,1,1,1,1,60
603248,沪主板,2,0,0,0,0,60
301667,创业板,2,1,3,0,0,60
688805,科创板,0,0,2,0,0,60
001369,深主板,2,0,2,0,0,60
001396,深主板,0,0,1,0,0,60
688809,科创板,8,1,8,5,3,60
301687,创业板,4,1,6,4,2,60
603402,沪主板,1,0,2,1,1,60
603352,沪主板,1,0,0,0,0,60
688785,科创板,9,0,6,4,3,60
601112,沪主板,0,0,0,0,0,60
001220,深主板,0,0,0,0,0,60
688712,科创板,1,0,1,0,0,60
603284,沪主板,0,0,0,0,0,60
688818,科创板,6,0,4,3,0,60
688816,科创板,0,0,1,0,0,60
301680,创业板,3,0,2,2,0,60
688781,科创板,2,0,3,3,1,60
301682,创业板,6,0,9,3,2,60
688813,科创板,12,1,21,8,5,60
001257,深主板,8,0,9,6,2,60
301683,创业板,1,0,1,0,0,60
603459,沪主板,13,0,20,7,3,60
301696,创业板,7,1,10,5,5,60
688811,科创板,1,1,4,2,2,60
603293,沪主板,0,0,0,0,0,60
301666,创业板,13,2,23,16,8,60
301513,创业板,1,1,1,0,0,60
688820,科创板,10,0,17,9,5,60
001312,深主板,0,0,0,0,0,60
688808,科创板,12,2,17,7,4,60
301599,创业板,6,1,6,3,1,60
603407,沪主板,17,0,21,15,12,60
301531,创业板,6,1,7,5,3,60
001393,深主板,5,1,7,2,1,58
001365,深主板,7,0,11,6,4,57
001237,深主板,4,1,5,4,4,53
603435,沪主板,12,1,10,10,8,53
688635,科创板,12,1,16,10,5,50
301669,创业板,6,2,9,7,3,41
688797,科创板,11,1,9,7,5,31
