mode,code,date,grade,PT,TY,DN,DL,LK,SF,close,trigger,stop,risk,prbook_warn,triggered_5d,entry_5d,exit_5d,exit_date_5d,stopped_5d,r_5d,triggered_10d,entry_10d,exit_10d,exit_date_10d,stopped_10d,r_10d,triggered_20d,entry_20d,exit_20d,exit_date_20d,stopped_20d,r_20d
prebreak,002074,2023-07-03,S,S,A,C,S,S,A,27.6533,27.6100,26.3200,1.2900,,0,0.0000,0.0000,,0,0.0000,0,0.0000,0.0000,,0,0.0000,0,0.0000,0.0000,,0,0.0000
prebreak,002773,2023-07-03,S,S,A,C,S,S,A,17.6674,17.5900,16.7000,0.8900,,0,0.0000,0.0000,,0,0.0000,0,0.0000,0.0000,,0,0.0000,0,0.0000,0.0000,,0,0.0000
prebreak,300355,2023-07-03,S,S,A,C,S,S,A,3.4538,3.4200,3.2600,0.1600,,0,0.0000,0.0000,,0,0.0000,0,0.0000,0.0000,,0,0.0000,0,0.0000,0.0000,,0,0.0000
prebreak,300424,2023-07-03,S,S,A,C,S,S,A,14.5783,14.3700,13.7200,0.6500,,0,0.0000,0.0000,,0,0.0000,0,0.0000,0.0000,,0,0.0000,0,0.0000,0.0000,,0,0.0000
prebreak,300984,2023-07-03,S,S,A,C,S,S,A,12.9402,12.2900,11.8300,0.4600,,0,0.0000,0.0000,,0,0.0000,0,0.0000,0.0000,,0,0.0000,0,0.0000,0.0000,,0,0.0000
prebreak,301022,2023-07-03,S,S,A,C,S,S,A,24.2433,23.7200,22.5300,1.1900,,0,0.0000,0.0000,,0,0.0000,0,0.0000,0.0000,,0,0.0000,0,0.0000,0.0000,,0,0.0000
prebreak,600546,2023-07-03,S,S,A,C,S,S,A,12.9438,12.6700,12.1300,0.5400,,0,0.0000,0.0000,,0,0.0000,0,0.0000,0.0000,,0,0.0000,0,0.0000,0.0000,,0,0.0000
prebreak,600578,2023-07-03,S,S,A,C,S,S,A,3.6244,3.4300,3.2400,0.1900,,0,0.0000,0.0000,,0,0.0000,0,0.0000,0.0000,,0,0.0000,0,0.0000,0.0000,,0,0.0000
prebreak,600758,2023-07-03,S,S,A,C,S,S,A,4.5542,4.5100,4.3000,0.2100,,0,0.0000,0.0000,,0,0.0000,0,0.0000,0.0000,,0,0.0000,0,0.0000,0.0000,,0,0.0000
prebreak,600765,2023-07-03,S,S,A,C,S,S,A,26.4309,24.6000,23.3100,1.2900,,0,0.0000,0.0000,,0,0.0000,0,0.0000,0.0000,,0,0.0000,0,0.0000,0.0000,,0,0.0000
prebreak,600929,2023-07-03,S,S,A,C,S,S,A,7.6173,7.2700,6.9100,0.3600,,0,0.0000,0.0000,,0,0.0000,0,0.0000,0.0000,,0,0.0000,0,0.0000,0.0000,,0,0.0000
prebreak,601607,2023-07-03,S,S,A,C,S,S,A,20.0690,21.5600,20.5700,0.9900,,0,0.0000,0.0000,,0,0.0000,0,0.0000,0.0000,,0,0.0000,0,0.0000,0.0000,,0,0.0000
prebreak,603619,2023-07-03,S,S,A,C,S,S,A,15.9500,15.7900,15.0100,0.7800,,0,0.0000,0.0000,,0,0.0000,0,0.0000,0.0000,,0,0.0000,0,0.0000,0.0000,,0,0.0000
prebreak,000905,2023-07-04,S,S,A,C,S,S,A,7.4827,7.5000,7.2100,0.2900,,0,0.0000,0.0000,,0,0.0000,0,0.0000,0.0000,,0,0.0000,0,0.0000,0.0000,,0,0.0000
prebreak,002061,2023-07-04,S,S,A,C,S,S,A,4.0321,4.1000,3.9000,0.2000,,0,0.0000,0.0000,,0,0.0000,0,0.0000,0.0000,,0,0.0000,0,0.0000,0.0000,,0,0.0000
prebreak,002465,2023-07-04,S,S,A,C,S,S,A,10.0103,10.0700,9.6200,0.4500,,0,0.0000,0.0000,,0,0.0000,0,0.0000,0.0000,,0,0.0000,0,0.0000,0.0000,,0,0.0000
prebreak,002630,2023-07-04,S,S,A,C,S,S,A,2.5600,2.5600,2.4300,0.1300,,0,0.0000,0.0000,,0,0.0000,0,0.0000,0.0000,,0,0.0000,0,0.0000,0.0000,,0,0.0000
prebreak,002801,2023-07-04,S,S,A,C,S,S,A,26.0898,23.0100,22.0500,0.9600,,0,0.0000,0.0000,,0,0.0000,0,0.0000,0.0000,,0,0.0000,0,0.0000,0.0000,,0,0.0000
prebreak,300032,2023-07-04,S,S,A,C,S,S,A,6.3400,6.2600,6.0100,0.2500,,0,0.0000,0.0000,,0,0.0000,0,0.0000,0.0000,,0,0.0000,0,0.0000,0.0000,,0,0.0000
prebreak,300457,2023-07-04,S,S,A,C,S,S,A,17.3285,16.7200,16.0400,0.6800,,0,0.0000,0.0000,,0,0.0000,0,0.0000,0.0000,,0,0.0000,0,0.0000,0.0000,,0,0.0000
prebreak,300855,2023-07-04,S,S,A,C,S,S,A,36.4916,34.1700,32.4000,1.7700,,0,0.0000,0.0000,,0,0.0000,0,0.0000,0.0000,,0,0.0000,0,0.0000,0.0000,,0,0.0000
prebreak,300885,2023-07-04,S,S,A,C,S,S,A,9.9191,9.2500,8.8900,0.3600,,0,0.0000,0.0000,,0,0.0000,0,0.0000,0.0000,,0,0.0000,0,0.0000,0.0000,,0,0.0000
prebreak,600278,2023-07-04,S,S,A,C,S,S,A,7.1306,7.2000,6.9100,0.2900,,0,0.0000,0.0000,,0,0.0000,0,0.0000,0.0000,,0,0.0000,0,0.0000,0.0000,,0,0.0000
prebreak,600585,2023-07-04,S,S,A,C,S,S,A,21.2314,21.7500,20.9700,0.7800,,0,0.0000,0.0000,,0,0.0000,0,0.0000,0.0000,,0,0.0000,1,21.7500,23.6733,2023-08-01,0,2.4430
prebreak,000893,2023-07-06,S,S,A,C,S,S,A,24.3925,23.1800,22.1400,1.0400,,0,0.0000,0.0000,,0,0.0000,0,0.0000,0.0000,,0,0.0000,0,0.0000,0.0000,,0,0.0000
prebreak,002171,2023-07-06,S,S,A,C,S,S,A,7.0096,7.0500,6.7300,0.3200,,0,0.0000,0.0000,,0,0.0000,1,7.0500,7.0480,2023-07-20,0,-0.0229,1,7.0500,7.1923,2023-08-03,0,0.4275
prebreak,002318,2023-07-06,S,S,A,C,S,S,A,15.6783,15.6700,14.9000,0.7700,,0,0.0000,0.0000,,0,0.0000,0,0.0000,0.0000,,0,0.0000,0,0.0000,0.0000,,0,0.0000
prebreak,002697,2023-07-06,S,S,A,C,S,S,A,5.3896,5.6600,5.3800,0.2800,,0,0.0000,0.0000,,0,0.0000,0,0.0000,0.0000,,0,0.0000,0,0.0000,0.0000,,0,0.0000
prebreak,002891,2023-07-06,S,S,A,C,S,S,A,24.1061,23.2600,22.2600,1.0000,,0,0.0000,0.0000,,0,0.0000,0,0.0000,0.0000,,0,0.0000,0,0.0000,0.0000,,0,0.0000
prebreak,600406,2023-07-06,S,S,A,C,S,S,A,21.7759,21.9500,20.8500,1.1000,,0,0.0000,0.0000,,0,0.0000,0,0.0000,0.0000,,0,0.0000,0,0.0000,0.0000,,0,0.0000
prebreak,601179,2023-07-06,S,S,A,C,S,S,A,5.2713,5.3700,5.1200,0.2500,,0,0.0000,0.0000,,0,0.0000,0,0.0000,0.0000,,0,0.0000,0,0.0000,0.0000,,0,0.0000
prebreak,601279,2023-07-06,S,S,A,C,S,S,A,5.8110,5.2600,5.0200,0.2400,,0,0.0000,0.0000,,0,0.0000,0,0.0000,0.0000,,0,0.0000,0,0.0000,0.0000,,0,0.0000
prebreak,002635,2023-07-07,S,S,A,C,S,S,A,13.0444,13.4700,12.9400,0.5300,,0,0.0000,0.0000,,0,0.0000,0,0.0000,0.0000,,0,0.0000,0,0.0000,0.0000,,0,0.0000
prebreak,002815,2023-07-07,S,S,A,C,S,S,A,12.0463,12.1100,11.5500,0.5600,,0,0.0000,0.0000,,0,0.0000,0,0.0000,0.0000,,0,0.0000,0,0.0000,0.0000,,0,0.0000
prebreak,003037,2023-07-07,S,S,A,C,S,S,A,12.2333,12.5700,11.9700,0.6000,,1,12.5700,12.4680,2023-07-14,0,-0.1858,1,12.5700,12.8983,2023-07-21,0,0.5309,1,12.5700,12.6538,2023-08-04,0,0.1237
prebreak,300131,2023-07-07,S,S,A,C,S,S,A,5.2600,5.3900,5.2000,0.1900,,1,5.3900,5.6300,2023-07-14,0,1.2408,1,5.3900,5.3700,2023-07-21,0,-0.1268,1,5.3900,5.4300,2023-08-04,0,0.1888
prebreak,300164,2023-07-07,S,S,A,C,S,S,A,4.5900,4.3800,4.1500,0.2300,,0,0.0000,0.0000,,0,0.0000,0,0.0000,0.0000,,0,0.0000,0,0.0000,0.0000,,0,0.0000
prebreak,301107,2023-07-07,S,S,A,C,S,S,A,16.6934,14.6900,14.1400,0.5500,,1,14.6900,18.2278,2023-07-14,0,6.4080,1,14.6900,15.5292,2023-07-21,0,1.5045,1,14.6900,14.5257,2023-08-04,0,-0.3188
prebreak,600827,2023-07-07,S,S,A,C,S,S,A,12.0260,13.0100,12.3800,0.6300,,0,0.0000,0.0000,,0,0.0000,0,0.0000,0.0000,,0,0.0000,1,13.0100,13.4367,2023-08-04,0,0.6612
prebreak,600938,2023-07-07,S,S,A,C,S,S,A,16.1537,15.6400,14.9300,0.7100,,0,0.0000,0.0000,,0,0.0000,0,0.0000,0.0000,,0,0.0000,0,0.0000,0.0000,,0,0.0000
prebreak,601118,2023-07-07,S,S,A,C,S,S,A,4.6280,4.6500,4.4500,0.2000,,0,0.0000,0.0000,,0,0.0000,0,0.0000,0.0000,,0,0.0000,0,0.0000,0.0000,,0,0.0000
prebreak,603191,2023-07-07,S,S,A,C,S,S,A,18.6100,18.2200,17.2400,0.9800,,0,0.0000,0.0000,,0,0.0000,0,0.0000,0.0000,,0,0.0000,0,0.0000,0.0000,,0,0.0000
prebreak,688778,2023-07-07,S,S,A,C,S,S,A,38.1724,40.0400,38.0500,1.9900,,0,0.0000,0.0000,,0,0.0000,0,0.0000,0.0000,,0,0.0000,0,0.0000,0.0000,,0,0.0000
prebreak,000009,2023-07-10,S,S,A,C,S,S,A,11.7102,11.9800,11.3700,0.6100,,0,0.0000,0.0000,,0,0.0000,0,0.0000,0.0000,,0,0.0000,0,0.0000,0.0000,,0,0.0000
prebreak,002074,2023-07-10,S,S,A,C,S,S,A,27.2384,27.6100,26.3200,1.2900,,0,0.0000,0.0000,,0,0.0000,0,0.0000,0.0000,,0,0.0000,0,0.0000,0.0000,,0,0.0000
prebreak,002160,2023-07-10,S,S,A,C,S,S,A,4.1400,4.2000,3.9900,0.2100,,0,0.0000,0.0000,,0,0.0000,0,0.0000,0.0000,,0,0.0000,0,0.0000,0.0000,,0,0.0000
prebreak,002758,2023-07-10,S,S,A,C,S,S,A,11.1236,11.0900,10.6700,0.4200,,0,0.0000,0.0000,,0,0.0000,0,0.0000,0.0000,,0,0.0000,0,0.0000,0.0000,,0,0.0000
prebreak,002772,2023-07-10,S,S,A,C,S,S,A,9.3451,9.6800,9.2400,0.4400,,0,0.0000,0.0000,,0,0.0000,0,0.0000,0.0000,,0,0.0000,0,0.0000,0.0000,,0,0.0000
prebreak,002773,2023-07-10,S,S,A,C,S,S,A,17.5929,17.5900,16.7000,0.8900,,0,0.0000,0.0000,,0,0.0000,0,0.0000,0.0000,,0,0.0000,0,0.0000,0.0000,,0,0.0000
prebreak,300683,2023-07-10,S,S,A,C,S,S,A,39.7759,37.7600,35.9600,1.8000,,0,0.0000,0.0000,,0,0.0000,0,0.0000,0.0000,,0,0.0000,0,0.0000,0.0000,,0,0.0000
prebreak,600929,2023-07-10,S,S,A,C,S,S,A,7.5039,7.6200,7.3400,0.2800,,0,0.0000,0.0000,,0,0.0000,0,0.0000,0.0000,,0,0.0000,0,0.0000,0.0000,,0,0.0000
prebreak,600980,2023-07-10,S,S,A,C,S,S,A,15.4203,15.2500,14.5300,0.7200,,0,0.0000,0.0000,,0,0.0000,0,0.0000,0.0000,,0,0.0000,0,0.0000,0.0000,,0,0.0000
prebreak,601607,2023-07-10,S,S,A,C,S,S,A,19.4339,20.1300,19.0800,1.0500,,0,0.0000,0.0000,,0,0.0000,0,0.0000,0.0000,,0,0.0000,0,0.0000,0.0000,,0,0.0000
prebreak,688050,2023-07-10,S,S,A,C,S,S,A,108.5241,115.8000,110.3400,5.4600,,0,0.0000,0.0000,,0,0.0000,0,0.0000,0.0000,,0,0.0000,0,0.0000,0.0000,,0,0.0000
prebreak,000408,2023-07-11,S,S,A,C,S,S,A,20.6289,21.0500,20.1000,0.9500,2023-07-29（报告期 2023-06-30 00:00:00）,0,0.0000,0.0000,,0,0.0000,1,21.0500,21.1578,2023-07-25,0,0.0966,1,21.0500,21.8481,2023-08-08,0,0.8228
prebreak,002909,2023-07-11,S,S,A,C,S,S,A,7.7768,7.9100,7.5400,0.3700,,1,7.9100,7.9710,2023-07-18,0,0.1485,1,7.9100,7.9807,2023-07-25,0,0.1747,1,7.9100,7.7671,2023-08-08,0,-0.4022
prebreak,300032,2023-07-11,S,S,A,C,S,S,A,6.2400,6.4900,6.1900,0.3000,,1,6.4900,6.8000,2023-07-18,0,1.0162,1,6.4900,6.9000,2023-07-25,0,1.3494,1,6.4900,6.6000,2023-08-08,0,0.3500
prebreak,300416,2023-07-11,S,S,A,C,S,S,A,20.3571,21.3500,20.3000,1.0500,,0,0.0000,0.0000,,0,0.0000,0,0.0000,0.0000,,0,0.0000,0,0.0000,0.0000,,0,0.0000
prebreak,300772,2023-07-11,S,S,A,C,S,S,A,12.9865,13.2400,12.6000,0.6400,,0,0.0000,0.0000,,0,0.0000,0,0.0000,0.0000,,0,0.0000,0,0.0000,0.0000,,0,0.0000
prebreak,600059,2023-07-11,S,S,A,C,S,S,A,10.3226,10.1900,9.7500,0.4400,,0,0.0000,0.0000,,0,0.0000,0,0.0000,0.0000,,0,0.0000,0,0.0000,0.0000,,0,0.0000
prebreak,600678,2023-07-11,S,S,A,C,S,S,A,5.5400,5.4400,5.2500,0.1900,,0,0.0000,0.0000,,0,0.0000,0,0.0000,0.0000,,0,0.0000,0,0.0000,0.0000,,0,0.0000
prebreak,000893,2023-07-13,S,S,A,C,S,S,A,24.6918,25.0900,24.0000,1.0900,,0,0.0000,0.0000,,0,0.0000,0,0.0000,0.0000,,0,0.0000,0,0.0000,0.0000,,0,0.0000
prebreak,002035,2023-07-13,S,S,A,C,S,S,A,5.7566,6.2300,5.9300,0.3000,,0,0.0000,0.0000,,0,0.0000,0,0.0000,0.0000,,0,0.0000,0,0.0000,0.0000,,0,0.0000
prebreak,002038,2023-07-13,S,S,A,C,S,S,A,9.8113,9.8900,9.4300,0.4600,,0,0.0000,0.0000,,0,0.0000,0,0.0000,0.0000,,0,0.0000,0,0.0000,0.0000,,0,0.0000
prebreak,002318,2023-07-13,S,S,A,C,S,S,A,15.5246,15.6700,14.9000,0.7700,,0,0.0000,0.0000,,0,0.0000,0,0.0000,0.0000,,0,0.0000,0,0.0000,0.0000,,0,0.0000
prebreak,002685,2023-07-13,S,S,A,C,S,S,A,3.8900,3.7300,3.5700,0.1600,,0,0.0000,0.0000,,0,0.0000,0,0.0000,0.0000,,0,0.0000,0,0.0000,0.0000,,0,0.0000
prebreak,300629,2023-07-13,S,S,A,C,S,S,A,19.8431,21.2200,20.1800,1.0400,,0,0.0000,0.0000,,0,0.0000,1,21.2200,20.7302,2023-07-27,0,-0.4861,1,21.2200,20.1800,2023-08-01,1,-1.0149
prebreak,600406,2023-07-13,S,S,A,C,S,S,A,22.4538,22.5700,21.5200,1.0500,,0,0.0000,0.0000,,0,0.0000,0,0.0000,0.0000,,0,0.0000,0,0.0000,0.0000,,0,0.0000
prebreak,601555,2023-07-13,S,S,A,C,S,S,A,6.8815,6.3000,6.0700,0.2300,,0,0.0000,0.0000,,0,0.0000,0,0.0000,0.0000,,0,0.0000,0,0.0000,0.0000,,0,0.0000
prebreak,601816,2023-07-13,S,S,A,C,S,S,A,5.2804,5.3300,5.0700,0.2600,,0,0.0000,0.0000,,0,0.0000,0,0.0000,0.0000,,0,0.0000,0,0.0000,0.0000,,0,0.0000
prebreak,002594,2023-07-14,S,S,A,C,S,S,A,85.3447,87.7000,84.6400,3.0600,,0,0.0000,0.0000,,0,0.0000,0,0.0000,0.0000,,0,0.0000,1,87.7000,84.6400,2023-08-09,1,-1.0212
prebreak,002635,2023-07-14,S,S,A,C,S,S,A,13.4652,13.5700,12.8400,0.7300,,0,0.0000,0.0000,,0,0.0000,0,0.0000,0.0000,,0,0.0000,0,0.0000,0.0000,,0,0.0000
prebreak,002815,2023-07-14,S,S,A,C,S,S,A,12.2571,12.3800,11.7800,0.6000,,0,0.0000,0.0000,,0,0.0000,0,0.0000,0.0000,,0,0.0000,0,0.0000,0.0000,,0,0.0000
prebreak,300088,2023-07-14,S,S,A,C,S,S,A,6.1175,6.2000,5.9900,0.2100,,0,0.0000,0.0000,,0,0.0000,0,0.0000,0.0000,,0,0.0000,0,0.0000,0.0000,,0,0.0000
prebreak,300131,2023-07-14,S,S,A,C,S,S,A,5.6300,5.3900,5.1900,0.2000,,0,0.0000,0.0000,,0,0.0000,0,0.0000,0.0000,,0,0.0000,0,0.0000,0.0000,,0,0.0000
prebreak,300164,2023-07-14,S,S,A,C,S,S,A,4.7700,4.7500,4.5500,0.2000,,0,0.0000,0.0000,,0,0.0000,0,0.0000,0.0000,,0,0.0000,0,0.0000,0.0000,,0,0.0000
prebreak,600106,2023-07-14,S,S,A,C,S,S,A,4.8471,4.6600,4.4600,0.2000,,0,0.0000,0.0000,,0,0.0000,0,0.0000,0.0000,,0,0.0000,0,0.0000,0.0000,,0,0.0000
prebreak,600827,2023-07-14,S,S,A,C,S,S,A,11.8582,12.2000,11.6300,0.5700,,0,0.0000,0.0000,,0,0.0000,0,0.0000,0.0000,,0,0.0000,0,0.0000,0.0000,,0,0.0000
prebreak,002402,2023-07-17,S,S,A,C,S,S,A,16.3587,17.1000,16.2500,0.8500,,0,0.0000,0.0000,,0,0.0000,0,0.0000,0.0000,,0,0.0000,0,0.0000,0.0000,,0,0.0000
prebreak,002418,2023-07-17,S,S,A,C,S,S,A,3.2100,3.3100,3.1300,0.1800,,0,0.0000,0.0000,,0,0.0000,0,0.0000,0.0000,,0,0.0000,0,0.0000,0.0000,,0,0.0000
prebreak,300046,2023-07-17,S,S,A,C,S,S,A,17.9609,18.1400,17.3200,0.8200,,0,0.0000,0.0000,,0,0.0000,0,0.0000,0.0000,,0,0.0000,0,0.0000,0.0000,,0,0.0000
prebreak,300138,2023-07-17,S,S,A,C,S,S,A,15.8059,16.2300,15.5700,0.6600,,0,0.0000,0.0000,,0,0.0000,0,0.0000,0.0000,,0,0.0000,0,0.0000,0.0000,,0,0.0000
prebreak,300568,2023-07-17,S,S,A,C,S,S,A,16.2587,17.0900,16.2600,0.8300,,0,0.0000,0.0000,,0,0.0000,0,0.0000,0.0000,,0,0.0000,0,0.0000,0.0000,,0,0.0000
prebreak,300683,2023-07-17,S,S,A,C,S,S,A,45.8999,41.8500,39.7000,2.1500,,1,41.8500,41.0981,2023-07-24,0,-0.3643,1,41.8500,39.7000,2023-07-25,1,-1.0142,1,41.8500,39.7000,2023-07-25,1,-1.0142
prebreak,600463,2023-07-17,S,S,A,C,S,S,A,9.4000,8.9200,8.5000,0.4200,,0,0.0000,0.0000,,0,0.0000,0,0.0000,0.0000,,0,0.0000,0,0.0000,0.0000,,0,0.0000
prebreak,600540,2023-07-17,S,S,A,C,S,S,A,5.2700,4.5600,4.3400,0.2200,,1,4.5600,5.2100,2023-07-24,0,2.9369,1,4.5600,5.3500,2023-07-31,0,3.5729,1,4.5600,5.2100,2023-08-14,0,2.9369
prebreak,600617,2023-07-17,S,S,A,C,S,S,A,3.0876,3.1700,3.0400,0.1300,,0,0.0000,0.0000,,0,0.0000,0,0.0000,0.0000,,0,0.0000,1,3.1700,3.0400,2023-08-11,1,-1.0179
prebreak,603619,2023-07-17,S,S,A,C,S,S,A,18.4660,16.6300,15.8700,0.7600,,1,16.6300,18.0668,2023-07-24,0,1.8727,1,16.6300,18.8652,2023-07-31,0,2.9226,1,16.6300,18.7445,2023-08-14,0,2.7639
prebreak,605099,2023-07-17,S,S,A,C,S,S,A,22.7797,21.6700,20.6500,1.0200,,0,0.0000,0.0000,,0,0.0000,0,0.0000,0.0000,,0,0.0000,0,0.0000,0.0000,,0,0.0000
prebreak,688050,2023-07-17,S,S,A,C,S,S,A,105.1910,110.8300,106.3600,4.4700,,0,0.0000,0.0000,,0,0.0000,0,0.0000,0.0000,,0,0.0000,0,0.0000,0.0000,,0,0.0000
prebreak,000816,2023-07-18,S,S,A,C,S,S,A,3.3300,3.3900,3.2200,0.1700,,0,0.0000,0.0000,,0,0.0000,0,0.0000,0.0000,,0,0.0000,0,0.0000,0.0000,,0,0.0000
prebreak,002683,2023-07-18,S,S,A,C,S,S,A,25.7917,26.6600,25.4700,1.1900,,0,0.0000,0.0000,,0,0.0000,0,0.0000,0.0000,,0,0.0000,0,0.0000,0.0000,,0,0.0000
prebreak,002745,2023-07-18,S,S,A,C,S,S,A,8.7672,8.9000,8.4500,0.4500,,0,0.0000,0.0000,,0,0.0000,0,0.0000,0.0000,,0,0.0000,0,0.0000,0.0000,,0,0.0000
prebreak,300032,2023-07-18,S,S,A,C,S,S,A,6.8000,6.3200,6.0600,0.2600,,1,6.3200,6.9000,2023-07-25,0,2.2109,1,6.3200,6.8900,2023-08-01,0,2.1725,1,6.3200,6.4100,2023-08-15,0,0.3275
prebreak,300416,2023-07-18,S,S,A,C,S,S,A,18.9100,21.3500,20.3000,1.0500,,0,0.0000,0.0000,,0,0.0000,0,0.0000,0.0000,,0,0.0000,0,0.0000,0.0000,,0,0.0000
prebreak,300855,2023-07-18,S,S,A,C,S,S,A,33.5032,35.4900,33.7200,1.7700,,0,0.0000,0.0000,,0,0.0000,0,0.0000,0.0000,,0,0.0000,0,0.0000,0.0000,,0,0.0000
prebreak,603429,2023-07-18,S,S,A,C,S,S,A,10.1341,8.9400,8.4700,0.4700,,1,8.9400,10.0860,2023-07-25,0,2.4223,1,8.9400,9.8550,2023-08-01,0,1.9312,1,8.9400,9.4316,2023-08-15,0,1.0308
prebreak,000963,2023-07-19,S,S,A,C,S,S,A,40.6411,42.4900,40.4100,2.0800,,0,0.0000,0.0000,,0,0.0000,0,0.0000,0.0000,,0,0.0000,0,0.0000,0.0000,,0,0.0000
prebreak,002467,2023-07-19,S,S,A,C,S,S,A,4.7508,4.8700,4.6200,0.2500,,0,0.0000,0.0000,,0,0.0000,0,0.0000,0.0000,,0,0.0000,1,4.8700,4.6200,2023-08-14,1,-1.0142
prebreak,002984,2023-07-19,S,S,A,C,S,S,A,22.1680,21.4200,20.5100,0.9100,,0,0.0000,0.0000,,0,0.0000,0,0.0000,0.0000,,0,0.0000,0,0.0000,0.0000,,0,0.0000
prebreak,300050,2023-07-19,S,S,A,C,S,S,A,4.5300,4.4400,4.2200,0.2200,,1,4.4400,4.3500,2023-07-26,0,-0.4242,1,4.4400,4.2200,2023-07-28,1,-1.0147,1,4.4400,4.2200,2023-07-28,1,-1.0147
prebreak,300296,2023-07-19,S,S,A,C,S,S,A,6.3218,6.2600,6.0000,0.2600,,0,0.0000,0.0000,,0,0.0000,0,0.0000,0.0000,,0,0.0000,0,0.0000,0.0000,,0,0.0000
prebreak,300523,2023-07-19,S,S,A,C,S,S,A,22.8400,24.5500,23.3000,1.2500,,0,0.0000,0.0000,,0,0.0000,0,0.0000,0.0000,,0,0.0000,0,0.0000,0.0000,,0,0.0000
prebreak,600115,2023-07-19,S,S,A,C,S,S,A,4.7100,4.8500,4.6500,0.2000,,1,4.8500,4.7700,2023-07-26,0,-0.4182,1,4.8500,4.8000,2023-08-02,0,-0.2683,1,4.8500,4.6500,2023-08-14,1,-1.0178
prebreak,600199,2023-07-19,S,S,A,C,S,S,A,24.9900,25.8900,24.7600,1.1300,,1,25.8900,26.6400,2023-07-26,0,0.6459,1,25.8900,27.5900,2023-08-02,0,1.4861,1,25.8900,25.9300,2023-08-16,0,0.0180
prebreak,601688,2023-07-19,S,S,A,C,S,S,A,13.3913,13.4500,12.9000,0.5500,,0,0.0000,0.0000,,0,0.0000,0,0.0000,0.0000,,0,0.0000,0,0.0000,0.0000,,0,0.0000
prebreak,603206,2023-07-19,S,S,A,C,S,S,A,17.3919,17.1400,16.2800,0.8600,,0,0.0000,0.0000,,0,0.0000,0,0.0000,0.0000,,0,0.0000,0,0.0000,0.0000,,0,0.0000
prebreak,603328,2023-07-19,S,S,A,C,S,S,A,7.6725,7.9700,7.5600,0.4100,,0,0.0000,0.0000,,0,0.0000,0,0.0000,0.0000,,0,0.0000,0,0.0000,0.0000,,0,0.0000
prebreak,000027,2023-07-21,S,S,A,C,S,S,A,6.3098,6.5100,6.2500,0.2600,,0,0.0000,0.0000,,0,0.0000,0,0.0000,0.0000,,0,0.0000,0,0.0000,0.0000,,0,0.0000
prebreak,000060,2023-07-21,S,S,A,C,S,S,A,5.4144,5.1700,4.9300,0.2400,,0,0.0000,0.0000,,0,0.0000,0,0.0000,0.0000,,0,0.0000,0,0.0000,0.0000,,0,0.0000
prebreak,002376,2023-07-21,S,S,A,C,S,S,A,7.2557,7.5800,7.1800,0.4000,,0,0.0000,0.0000,,0,0.0000,1,7.5800,7.8358,2023-08-04,0,0.6246,1,7.5800,7.1800,2023-08-10,1,-1.0138
prebreak,002635,2023-07-21,S,S,A,C,S,S,A,12.8627,13.6600,12.9600,0.7000,,0,0.0000,0.0000,,0,0.0000,0,0.0000,0.0000,,0,0.0000,0,0.0000,0.0000,,0,0.0000
prebreak,002815,2023-07-21,S,S,A,C,S,S,A,11.5288,12.4700,11.9600,0.5100,,0,0.0000,0.0000,,0,0.0000,0,0.0000,0.0000,,0,0.0000,0,0.0000,0.0000,,0,0.0000
prebreak,300131,2023-07-21,S,S,A,C,S,S,A,5.3700,5.3900,5.1900,0.2000,,0,0.0000,0.0000,,0,0.0000,0,0.0000,0.0000,,0,0.0000,0,0.0000,0.0000,,0,0.0000
prebreak,300215,2023-07-21,S,S,A,C,S,S,A,5.0880,5.4000,5.1800,0.2200,,0,0.0000,0.0000,,0,0.0000,0,0.0000,0.0000,,0,0.0000,0,0.0000,0.0000,,0,0.0000
prebreak,600206,2023-07-21,S,S,A,C,S,S,A,12.7298,13.2600,12.5800,0.6800,,0,0.0000,0.0000,,0,0.0000,0,0.0000,0.0000,,0,0.0000,0,0.0000,0.0000,,0,0.0000
prebreak,600827,2023-07-21,S,S,A,C,S,S,A,12.0446,12.1600,11.5300,0.6300,,0,0.0000,0.0000,,0,0.0000,0,0.0000,0.0000,,0,0.0000,0,0.0000,0.0000,,0,0.0000
prebreak,002418,2023-07-24,S,S,A,C,S,S,A,3.1100,3.2800,3.1200,0.1600,,0,0.0000,0.0000,,0,0.0000,0,0.0000,0.0000,,0,0.0000,0,0.0000,0.0000,,0,0.0000
prebreak,300390,2023-07-24,S,S,A,C,S,S,A,28.9218,32.6400,31.3100,1.3300,,0,0.0000,0.0000,,0,0.0000,0,0.0000,0.0000,,0,0.0000,0,0.0000,0.0000,,0,0.0000
prebreak,300400,2023-07-24,S,S,A,C,S,S,A,14.5373,15.0500,14.4700,0.5800,,0,0.0000,0.0000,,0,0.0000,0,0.0000,0.0000,,0,0.0000,0,0.0000,0.0000,,0,0.0000
prebreak,300683,2023-07-24,S,S,A,C,S,S,A,41.0981,41.8500,39.7000,2.1500,,0,0.0000,0.0000,,0,0.0000,0,0.0000,0.0000,,0,0.0000,0,0.0000,0.0000,,0,0.0000
prebreak,600096,2023-07-24,S,S,A,C,S,S,A,15.4290,15.2700,14.6200,0.6500,,0,0.0000,0.0000,,0,0.0000,0,0.0000,0.0000,,0,0.0000,0,0.0000,0.0000,,0,0.0000
prebreak,600251,2023-07-24,S,S,A,C,S,S,A,8.8247,8.4300,8.1000,0.3300,,0,0.0000,0.0000,,0,0.0000,0,0.0000,0.0000,,0,0.0000,0,0.0000,0.0000,,0,0.0000
prebreak,601233,2023-07-24,S,S,A,C,S,S,A,14.1578,14.6600,14.0000,0.6600,,1,14.6600,14.6687,2023-07-31,0,-0.0038,1,14.6600,14.2462,2023-08-07,0,-0.6435,1,14.6600,14.0000,2023-08-14,1,-1.0163
prebreak,601966,2023-07-24,S,S,A,C,S,S,A,22.3525,21.6600,20.5700,1.0900,,1,21.6600,22.7685,2023-07-31,0,1.0013,1,21.6600,22.1350,2023-08-07,0,0.4204,1,21.6600,20.5700,2023-08-21,1,-1.0145
prebreak,603101,2023-07-24,S,S,A,C,S,S,A,6.3218,5.7300,5.5100,0.2200,,0,0.0000,0.0000,,0,0.0000,0,0.0000,0.0000,,0,0.0000,0,0.0000,0.0000,,0,0.0000
prebreak,688050,2023-07-24,S,S,A,C,S,S,A,100.5409,106.6600,102.4000,4.2600,,1,106.6600,108.4531,2023-07-31,0,0.4016,1,106.6600,102.4000,2023-08-02,1,-1.0184,1,106.6600,102.4000,2023-08-02,1,-1.0184
prebreak,000816,2023-07-25,S,S,A,C,S,S,A,3.2700,3.3900,3.2200,0.1700,,0,0.0000,0.0000,,0,0.0000,0,0.0000,0.0000,,0,0.0000,0,0.0000,0.0000,,0,0.0000
prebreak,002273,2023-07-25,S,S,A,C,S,S,A,11.3434,11.6300,11.1000,0.5300,,0,0.0000,0.0000,,0,0.0000,0,0.0000,0.0000,,0,0.0000,0,0.0000,0.0000,,0,0.0000
prebreak,002683,2023-07-25,S,S,A,C,S,S,A,24.9311,26.4100,25.3200,1.0900,,0,0.0000,0.0000,,0,0.0000,0,0.0000,0.0000,,0,0.0000,0,0.0000,0.0000,,0,0.0000
prebreak,300032,2023-07-25,S,S,A,C,S,S,A,6.9000,6.3200,6.0600,0.2600,,1,6.3200,6.8900,2023-08-01,0,2.1725,1,6.3200,6.6000,2023-08-08,0,1.0578,1,6.3200,6.3500,2023-08-22,0,0.0968
prebreak,300384,2023-07-25,S,S,A,C,S,S,A,15.7451,16.0400,15.2600,0.7800,,1,16.0400,16.0035,2023-08-01,0,-0.0624,1,16.0400,16.0774,2023-08-08,0,0.0322,1,16.0400,15.2600,2023-08-14,1,-1.0150
prebreak,300416,2023-07-25,S,S,A,C,S,S,A,17.9096,21.3500,20.3000,1.0500,,0,0.0000,0.0000,,0,0.0000,0,0.0000,0.0000,,0,0.0000,0,0.0000,0.0000,,0,0.0000
prebreak,300855,2023-07-25,S,S,A,C,S,S,A,34.2988,35.4900,33.7200,1.7700,,0,0.0000,0.0000,,0,0.0000,0,0.0000,0.0000,,0,0.0000,0,0.0000,0.0000,,0,0.0000
prebreak,600161,2023-07-25,S,S,A,C,S,S,A,20.7613,20.9600,19.9300,1.0300,,0,0.0000,0.0000,,0,0.0000,0,0.0000,0.0000,,0,0.0000,0,0.0000,0.0000,,0,0.0000
prebreak,600438,2023-07-25,S,S,A,C,S,S,A,32.8457,33.2200,31.6400,1.5800,,0,0.0000,0.0000,,0,0.0000,0,0.0000,0.0000,,0,0.0000,0,0.0000,0.0000,,0,0.0000
prebreak,600743,2023-07-25,S,S,A,C,S,S,A,1.8800,1.6000,1.5300,0.0700,,1,1.6000,2.2300,2023-08-01,0,8.9770,1,1.6000,2.0300,2023-08-08,0,6.1216,1,1.6000,2.0200,2023-08-22,0,5.9788
prebreak,601919,2023-07-25,S,S,A,C,S,S,A,7.8224,8.0000,7.6900,0.3100,,1,8.0000,7.9409,2023-08-01,0,-0.2101,1,8.0000,7.7671,2023-08-08,0,-0.7705,1,8.0000,7.6900,2023-08-11,1,-1.0190
prebreak,603017,2023-07-25,S,S,A,C,S,S,A,11.0735,10.5400,10.0500,0.4900,,1,10.5400,10.9342,2023-08-01,0,0.7875,1,10.5400,10.5997,2023-08-08,0,0.1054,1,10.5400,10.0500,2023-08-11,1,-1.0157
prebreak,603078,2023-07-25,S,S,A,C,S,S,A,16.0927,16.6600,15.9600,0.7000,,0,0.0000,0.0000,,0,0.0000,0,0.0000,0.0000,,0,0.0000,0,0.0000,0.0000,,0,0.0000
prebreak,603408,2023-07-25,S,S,A,C,S,S,A,9.3430,9.3400,8.9400,0.4000,,0,0.0000,0.0000,,0,0.0000,0,0.0000,0.0000,,0,0.0000,0,0.0000,0.0000,,0,0.0000
prebreak,605167,2023-07-25,S,S,A,C,S,S,A,9.7574,9.6000,9.0900,0.5100,,0,0.0000,0.0000,,0,0.0000,0,0.0000,0.0000,,0,0.0000,0,0.0000,0.0000,,0,0.0000
prebreak,000042,2023-07-26,S,S,A,C,S,S,A,8.2300,7.7700,7.3700,0.4000,2023-08-18（报告期 2023-06-30 00:00:00）,1,7.7700,8.5200,2023-08-02,0,1.8591,1,7.7700,8.2800,2023-08-09,0,1.2594,1,7.7700,7.6000,2023-08-23,0,-0.4395
prebreak,000963,2023-07-26,S,S,A,C,S,S,A,41.7375,41.6900,39.8100,1.8800,,0,0.0000,0.0000,,0,0.0000,0,0.0000,0.0000,,0,0.0000,0,0.0000,0.0000,,0,0.0000
prebreak,002414,2023-07-26,S,S,A,C,S,S,A,8.2727,8.0200,7.7200,0.3000,,0,0.0000,0.0000,,0,0.0000,0,0.0000,0.0000,,0,0.0000,0,0.0000,0.0000,,0,0.0000
prebreak,002533,2023-07-26,S,S,A,C,S,S,A,6.8618,7.0200,6.7100,0.3100,2023-07-28（报告期 2023-06-30 00:00:00）,1,7.0200,7.4743,2023-08-02,0,1.4475,1,7.0200,6.8530,2023-08-09,0,-0.5557,1,7.0200,6.7100,2023-08-11,1,-1.0166
prebreak,002984,2023-07-26,S,S,A,C,S,S,A,23.2503,21.7200,20.8400,0.8800,,0,0.0000,0.0000,,0,0.0000,0,0.0000,0.0000,,0,0.0000,0,0.0000,0.0000,,0,0.0000
prebreak,300445,2023-07-26,S,S,A,C,S,S,A,15.8387,17.3500,16.5100,0.8400,,0,0.0000,0.0000,,0,0.0000,0,0.0000,0.0000,,0,0.0000,0,0.0000,0.0000,,0,0.0000
prebreak,300647,2023-07-26,S,S,A,C,S,S,A,6.8800,7.3700,7.0000,0.3700,,1,7.3700,7.5500,2023-08-02,0,0.4710,1,7.3700,7.6900,2023-08-09,0,0.8492,1,7.3700,7.0000,2023-08-14,1,-1.0145
prebreak,600199,2023-07-26,S,S,A,C,S,S,A,26.6400,25.8400,24.7600,1.0800,,0,0.0000,0.0000,,0,0.0000,0,0.0000,0.0000,,0,0.0000,0,0.0000,0.0000,,0,0.0000
prebreak,600733,2023-07-26,S,S,A,C,S,S,A,5.5400,5.8700,5.5800,0.2900,,1,5.8700,6.0600,2023-08-02,0,0.6394,1,5.8700,5.6500,2023-08-09,0,-0.7735,1,5.8700,5.5800,2023-08-10,1,-1.0148
prebreak,600862,2023-07-26,S,S,A,C,S,S,A,23.7479,23.8700,22.7400,1.1300,,0,0.0000,0.0000,,0,0.0000,0,0.0000,0.0000,,0,0.0000,0,0.0000,0.0000,,0,0.0000
prebreak,600879,2023-07-26,S,S,A,C,S,S,A,7.7871,8.0300,7.6600,0.3700,,0,0.0000,0.0000,,0,0.0000,0,0.0000,0.0000,,0,0.0000,0,0.0000,0.0000,,0,0.0000
prebreak,601991,2023-07-26,S,S,A,C,S,S,A,2.9103,3.0200,2.8900,0.1300,,1,3.0200,3.0152,2023-08-02,0,-0.0545,1,3.0200,2.8900,2023-08-09,1,-1.0170,1,3.0200,2.8900,2023-08-09,1,-1.0170
prebreak,603215,2023-07-26,S,S,A,C,S,S,A,18.1777,18.9200,18.0300,0.8900,,0,0.0000,0.0000,,0,0.0000,0,0.0000,0.0000,,0,0.0000,0,0.0000,0.0000,,0,0.0000
prebreak,603328,2023-07-26,S,S,A,C,S,S,A,7.3702,7.9700,7.5600,0.4100,,0,0.0000,0.0000,,0,0.0000,0,0.0000,0.0000,,0,0.0000,0,0.0000,0.0000,,0,0.0000
prebreak,000537,2023-07-28,S,S,A,C,S,S,A,11.6532,11.8000,11.3400,0.4600,,0,0.0000,0.0000,,0,0.0000,0,0.0000,0.0000,,0,0.0000,0,0.0000,0.0000,,0,0.0000
prebreak,000651,2023-07-28,S,S,A,C,S,S,A,32.5712,31.7900,30.5500,1.2400,,0,0.0000,0.0000,,0,0.0000,0,0.0000,0.0000,,0,0.0000,0,0.0000,0.0000,,0,0.0000
prebreak,002815,2023-07-28,S,S,A,C,S,S,A,11.5575,12.0200,11.4200,0.6000,,0,0.0000,0.0000,,0,0.0000,0,0.0000,0.0000,,0,0.0000,0,0.0000,0.0000,,0,0.0000
prebreak,300131,2023-07-28,S,S,A,C,S,S,A,5.3300,5.3900,5.1900,0.2000,,0,0.0000,0.0000,,0,0.0000,0,0.0000,0.0000,,0,0.0000,0,0.0000,0.0000,,0,0.0000
prebreak,600491,2023-07-28,S,S,A,C,S,S,A,4.8800,5.0000,4.7800,0.2200,,0,0.0000,0.0000,,0,0.0000,0,0.0000,0.0000,,0,0.0000,0,0.0000,0.0000,,0,0.0000
prebreak,600547,2023-07-28,S,S,A,C,S,S,A,24.2758,25.4100,24.2000,1.2100,,0,0.0000,0.0000,,0,0.0000,0,0.0000,0.0000,,0,0.0000,1,25.4100,25.1246,2023-08-25,0,-0.2516
prebreak,600827,2023-07-28,S,S,A,C,S,S,A,12.4268,12.3400,11.8000,0.5400,,0,0.0000,0.0000,,0,0.0000,0,0.0000,0.0000,,0,0.0000,0,0.0000,0.0000,,0,0.0000
prebreak,002114,2023-07-31,S,S,A,C,S,S,A,7.5200,7.6000,7.2200,0.3800,,0,0.0000,0.0000,,0,0.0000,0,0.0000,0.0000,,0,0.0000,0,0.0000,0.0000,,0,0.0000
prebreak,002457,2023-07-31,S,S,A,C,S,S,A,9.1340,8.8000,8.4100,0.3900,,1,8.8000,8.7323,2023-08-07,0,-0.1907,1,8.8000,8.4100,2023-08-14,1,-1.0165,1,8.8000,8.4100,2023-08-14,1,-1.0165
prebreak,002706,2023-07-31,S,S,A,C,S,S,A,10.7660,10.5900,10.1100,0.4800,,0,0.0000,0.0000,,0,0.0000,0,0.0000,0.0000,,0,0.0000,0,0.0000,0.0000,,0,0.0000
prebreak,300155,2023-07-31,S,S,A,C,S,S,A,6.3100,5.2600,5.0100,0.2500,2023-08-25（报告期 2023-06-30 00:00:00）,1,5.2600,5.5100,2023-08-07,0,0.9834,1,5.2600,5.4600,2023-08-14,0,0.7835,1,5.2600,5.7400,2023-08-28,0,1.9028
prebreak,300219,2023-07-31,S,S,A,C,S,S,A,7.0532,7.1500,6.8200,0.3300,,0,0.0000,0.0000,,0,0.0000,0,0.0000,0.0000,,0,0.0000,0,0.0000,0.0000,,0,0.0000
prebreak,301029,2023-07-31,S,S,A,C,S,S,A,37.4691,37.8100,35.9900,1.8200,,1,37.8100,35.9900,2023-08-07,1,-1.0152,1,37.8100,35.9900,2023-08-07,1,-1.0152,1,37.8100,35.9900,2023-08-07,1,-1.0152
prebreak,688050,2023-07-31,S,S,A,C,S,S,A,108.4531,106.6600,102.4000,4.2600,,0,0.0000,0.0000,,0,0.0000,0,0.0000,0.0000,,0,0.0000,0,0.0000,0.0000,,0,0.0000
prebreak,000816,2023-08-01,S,S,A,C,S,S,A,3.4000,3.3400,3.1600,0.1800,,0,0.0000,0.0000,,0,0.0000,0,0.0000,0.0000,,0,0.0000,0,0.0000,0.0000,,0,0.0000
prebreak,002273,2023-08-01,S,S,A,C,S,S,A,10.9430,11.6300,11.1000,0.5300,,0,0.0000,0.0000,,0,0.0000,0,0.0000,0.0000,,0,0.0000,0,0.0000,0.0000,,0,0.0000
prebreak,002683,2023-08-01,S,S,A,C,S,S,A,25.0995,25.6200,24.4600,1.1600,,0,0.0000,0.0000,,0,0.0000,0,0.0000,0.0000,,0,0.0000,0,0.0000,0.0000,,0,0.0000
prebreak,002745,2023-08-01,S,S,A,C,S,S,A,8.5563,8.6500,8.2800,0.3700,,0,0.0000,0.0000,,0,0.0000,0,0.0000,0.0000,,0,0.0000,0,0.0000,0.0000,,0,0.0000
prebreak,300032,2023-08-01,S,S,A,C,S,S,A,6.8900,6.3200,6.0600,0.2600,,0,0.0000,0.0000,,0,0.0000,0,0.0000,0.0000,,0,0.0000,0,0.0000,0.0000,,0,0.0000
prebreak,300228,2023-08-01,S,S,A,C,S,S,A,5.9893,6.0700,5.8500,0.2200,,1,6.0700,6.0379,2023-08-08,0,-0.1670,1,6.0700,5.8500,2023-08-09,1,-1.0203,1,6.0700,5.8500,2023-08-09,1,-1.0203
prebreak,300384,2023-08-01,S,S,A,C,S,S,A,16.0035,16.0400,15.2600,0.7800,,1,16.0400,16.0774,2023-08-08,0,0.0322,1,16.0400,15.2600,2023-08-14,1,-1.0150,1,16.0400,15.2600,2023-08-14,1,-1.0150
prebreak,300855,2023-08-01,S,S,A,C,S,S,A,31.9217,35.4900,33.7200,1.7700,,0,0.0000,0.0000,,0,0.0000,0,0.0000,0.0000,,0,0.0000,0,0.0000,0.0000,,0,0.0000
prebreak,600161,2023-08-01,S,S,A,C,S,S,A,20.4760,21.1300,20.2500,0.8800,,0,0.0000,0.0000,,0,0.0000,0,0.0000,0.0000,,0,0.0000,0,0.0000,0.0000,,0,0.0000
prebreak,000025,2023-08-02,S,S,A,C,S,S,A,16.9834,17.1600,16.4400,0.7200,,0,0.0000,0.0000,,0,0.0000,0,0.0000,0.0000,,0,0.0000,0,0.0000,0.0000,,0,0.0000
prebreak,000963,2023-08-02,S,S,A,C,S,S,A,38.5133,42.6800,40.3900,2.2900,,0,0.0000,0.0000,,0,0.0000,0,0.0000,0.0000,,0,0.0000,0,0.0000,0.0000,,0,0.0000
prebreak,002414,2023-08-02,S,S,A,C,S,S,A,8.1030,8.3400,7.9900,0.3500,,0,0.0000,0.0000,,0,0.0000,0,0.0000,0.0000,,0,0.0000,0,0.0000,0.0000,,0,0.0000
prebreak,300647,2023-08-02,S,S,A,C,S,S,A,7.5500,7.3700,7.0000,0.3700,,1,7.3700,7.6900,2023-08-09,0,0.8492,1,7.3700,7.0000,2023-08-14,1,-1.0145,1,7.3700,7.0000,2023-08-14,1,-1.0145
prebreak,600009,2023-08-02,S,S,A,C,S,S,A,45.5348,43.9500,41.9800,1.9700,,0,0.0000,0.0000,,0,0.0000,0,0.0000,0.0000,,0,0.0000,0,0.0000,0.0000,,0,0.0000
prebreak,600733,2023-08-02,S,S,A,C,S,S,A,6.0600,5.8700,5.5800,0.2900,,0,0.0000,0.0000,,0,0.0000,0,0.0000,0.0000,,0,0.0000,0,0.0000,0.0000,,0,0.0000
prebreak,600862,2023-08-02,S,S,A,C,S,S,A,23.4290,24.1500,23.0600,1.0900,2023-08-25（报告期 2023-06-30 00:00:00）,0,0.0000,0.0000,,0,0.0000,0,0.0000,0.0000,,0,0.0000,1,24.1500,23.0600,2023-08-28,1,-1.0162
prebreak,600872,2023-08-02,S,S,A,C,S,S,A,32.6523,34.2300,32.5100,1.7200,,0,0.0000,0.0000,,0,0.0000,0,0.0000,0.0000,,0,0.0000,0,0.0000,0.0000,,0,0.0000
prebreak,601318,2023-08-02,S,S,A,C,S,S,A,44.2116,41.6100,39.9100,1.7000,,0,0.0000,0.0000,,0,0.0000,0,0.0000,0.0000,,0,0.0000,0,0.0000,0.0000,,0,0.0000
prebreak,601991,2023-08-02,S,S,A,C,S,S,A,3.0152,3.0100,2.8700,0.1400,,0,0.0000,0.0000,,0,0.0000,0,0.0000,0.0000,,0,0.0000,0,0.0000,0.0000,,0,0.0000
prebreak,603328,2023-08-02,S,S,A,C,S,S,A,7.5025,7.5600,7.1600,0.4000,,0,0.0000,0.0000,,0,0.0000,0,0.0000,0.0000,,0,0.0000,0,0.0000,0.0000,,0,0.0000
prebreak,688799,2023-08-02,S,S,A,C,S,S,A,28.9688,29.4500,27.9500,1.5000,,0,0.0000,0.0000,,0,0.0000,0,0.0000,0.0000,,0,0.0000,0,0.0000,0.0000,,0,0.0000
prebreak,000404,2023-08-03,S,S,A,C,S,S,A,5.6900,6.0900,5.7700,0.3200,,0,0.0000,0.0000,,0,0.0000,0,0.0000,0.0000,,0,0.0000,0,0.0000,0.0000,,0,0.0000
prebreak,002023,2023-08-03,S,S,A,C,S,S,A,9.2917,9.7300,9.3300,0.4000,,0,0.0000,0.0000,,0,0.0000,0,0.0000,0.0000,,0,0.0000,0,0.0000,0.0000,,0,0.0000
prebreak,002038,2023-08-03,S,S,A,C,S,S,A,9.1968,9.7800,9.4000,0.3800,,0,0.0000,0.0000,,0,0.0000,0,0.0000,0.0000,,0,0.0000,0,0.0000,0.0000,,0,0.0000
prebreak,002508,2023-08-03,S,S,A,C,S,S,A,24.7146,22.3700,21.2900,1.0800,,0,0.0000,0.0000,,0,0.0000,0,0.0000,0.0000,,0,0.0000,0,0.0000,0.0000,,0,0.0000
prebreak,002662,2023-08-03,S,S,A,C,S,S,A,3.2099,3.1700,3.0000,0.1700,,0,0.0000,0.0000,,0,0.0000,0,0.0000,0.0000,,0,0.0000,0,0.0000,0.0000,,0,0.0000
prebreak,300207,2023-08-03,S,S,A,C,S,S,A,16.0890,15.8500,15.1500,0.7000,,0,0.0000,0.0000,,0,0.0000,0,0.0000,0.0000,,0,0.0000,0,0.0000,0.0000,,0,0.0000
prebreak,300244,2023-08-03,S,S,A,C,S,S,A,21.0506,22.1700,21.3000,0.8700,,0,0.0000,0.0000,,0,0.0000,0,0.0000,0.0000,,0,0.0000,0,0.0000,0.0000,,0,0.0000
prebreak,300316,2023-08-03,S,S,A,C,S,S,A,59.1590,60.5900,58.1100,2.4800,,0,0.0000,0.0000,,0,0.0000,0,0.0000,0.0000,,0,0.0000,0,0.0000,0.0000,,0,0.0000
prebreak,300872,2023-08-03,S,S,A,C,S,S,A,15.0706,15.1500,14.3500,0.8000,,1,15.1500,15.8747,2023-08-10,0,0.8910,1,15.1500,14.6933,2023-08-17,0,-0.5849,1,15.1500,14.3500,2023-08-18,1,-1.0138
prebreak,600004,2023-08-03,S,S,A,C,S,S,A,13.2504,13.3100,12.7400,0.5700,,0,0.0000,0.0000,,0,0.0000,0,0.0000,0.0000,,0,0.0000,0,0.0000,0.0000,,0,0.0000
prebreak,603087,2023-08-03,S,S,A,C,S,S,A,41.0518,37.2700,35.6300,1.6400,,0,0.0000,0.0000,,0,0.0000,0,0.0000,0.0000,,0,0.0000,0,0.0000,0.0000,,0,0.0000
prebreak,000019,2023-08-04,S,S,A,C,S,S,A,7.2681,7.2800,7.0100,0.2700,,1,7.2800,7.1475,2023-08-11,0,-0.5111,1,7.2800,7.0100,2023-08-14,1,-1.0199,1,7.2800,7.0100,2023-08-14,1,-1.0199
prebreak,002376,2023-08-04,S,S,A,C,S,S,A,7.8358,7.4400,7.1200,0.3200,,1,7.4400,7.1200,2023-08-10,1,-1.0170,1,7.4400,7.1200,2023-08-10,1,-1.0170,1,7.4400,7.1200,2023-08-10,1,-1.0170
prebreak,300206,2023-08-04,S,S,A,C,S,S,A,12.1129,13.8300,13.2200,0.6100,,0,0.0000,0.0000,,0,0.0000,0,0.0000,0.0000,,0,0.0000,0,0.0000,0.0000,,0,0.0000
prebreak,600547,2023-08-04,S,S,A,C,S,S,A,23.8172,24.4900,23.4700,1.0200,,0,0.0000,0.0000,,0,0.0000,0,0.0000,0.0000,,0,0.0000,0,0.0000,0.0000,,0,0.0000
prebreak,600814,2023-08-04,S,S,A,C,S,S,A,8.5282,8.9300,8.5000,0.4300,,0,0.0000,0.0000,,0,0.0000,0,0.0000,0.0000,,0,0.0000,0,0.0000,0.0000,,0,0.0000
prebreak,601777,2023-08-04,S,S,A,C,S,S,A,4.4900,3.8100,3.6300,0.1800,2023-08-22（报告期 2023-06-30 00:00:00）,1,3.8100,3.9600,2023-08-11,0,0.8167,1,3.8100,3.8400,2023-08-18,0,0.1505,1,3.8100,3.6300,2023-08-24,1,-1.0155
prebreak,603607,2023-08-04,S,S,A,C,S,S,A,13.5831,13.6100,13.0500,0.5600,,0,0.0000,0.0000,,0,0.0000,0,0.0000,0.0000,,0,0.0000,0,0.0000,0.0000,,0,0.0000
prebreak,000816,2023-08-08,S,S,A,C,S,S,A,3.2800,3.4300,3.2600,0.1700,,0,0.0000,0.0000,,0,0.0000,0,0.0000,0.0000,,0,0.0000,0,0.0000,0.0000,,0,0.0000
prebreak,000905,2023-08-08,S,S,A,C,S,S,A,7.5018,7.8400,7.5000,0.3400,,0,0.0000,0.0000,,0,0.0000,0,0.0000,0.0000,,0,0.0000,0,0.0000,0.0000,,0,0.0000
prebreak,002465,2023-08-08,S,S,A,C,S,S,A,10.2450,10.3400,9.8300,0.5100,2023-08-25（报告期 2023-06-30 00:00:00）,0,0.0000,0.0000,,0,0.0000,0,0.0000,0.0000,,0,0.0000,1,10.3400,10.7337,2023-09-05,0,0.7562
prebreak,002568,2023-08-08,S,S,A,C,S,S,A,35.1475,35.4300,33.9400,1.4900,,0,0.0000,0.0000,,0,0.0000,0,0.0000,0.0000,,0,0.0000,0,0.0000,0.0000,,0,0.0000
prebreak,002798,2023-08-08,S,S,A,C,S,S,A,7.0900,7.8100,7.4700,0.3400,2023-08-31（报告期 2023-06-30 00:00:00）,0,0.0000,0.0000,,0,0.0000,0,0.0000,0.0000,,0,0.0000,1,7.8100,7.6800,2023-09-05,0,-0.3996
prebreak,300032,2023-08-08,S,S,A,C,S,S,A,6.6000,6.3200,6.0600,0.2600,,0,0.0000,0.0000,,0,0.0000,0,0.0000,0.0000,,0,0.0000,0,0.0000,0.0000,,0,0.0000
prebreak,300228,2023-08-08,S,S,A,C,S,S,A,6.0379,6.0400,5.7800,0.2600,,1,6.0400,5.7800,2023-08-10,1,-1.0170,1,6.0400,5.7800,2023-08-10,1,-1.0170,1,6.0400,5.7800,2023-08-10,1,-1.0170
prebreak,300420,2023-08-08,S,S,A,C,S,S,A,3.2258,3.3100,3.1600,0.1500,,0,0.0000,0.0000,,0,0.0000,0,0.0000,0.0000,,0,0.0000,0,0.0000,0.0000,,0,0.0000
prebreak,300463,2023-08-08,S,S,A,C,S,S,A,14.5289,15.1500,14.4300,0.7200,,0,0.0000,0.0000,,0,0.0000,0,0.0000,0.0000,,0,0.0000,0,0.0000,0.0000,,0,0.0000
prebreak,300855,2023-08-08,S,S,A,C,S,S,A,32.0575,35.4900,33.7200,1.7700,,0,0.0000,0.0000,,0,0.0000,0,0.0000,0.0000,,0,0.0000,0,0.0000,0.0000,,0,0.0000
prebreak,600161,2023-08-08,S,S,A,C,S,S,A,19.9462,21.0500,20.0400,1.0100,,0,0.0000,0.0000,,0,0.0000,0,0.0000,0.0000,,0,0.0000,0,0.0000,0.0000,,0,0.0000
prebreak,000404,2023-08-10,S,S,A,C,S,S,A,5.5320,5.8700,5.6500,0.2200,,0,0.0000,0.0000,,0,0.0000,0,0.0000,0.0000,,0,0.0000,0,0.0000,0.0000,,0,0.0000
prebreak,000707,2023-08-10,S,S,A,C,S,S,A,8.0102,8.2900,7.9300,0.3600,,0,0.0000,0.0000,,0,0.0000,0,0.0000,0.0000,,0,0.0000,0,0.0000,0.0000,,0,0.0000
prebreak,002038,2023-08-10,S,S,A,C,S,S,A,9.3431,9.3400,8.8600,0.4800,,0,0.0000,0.0000,,0,0.0000,0,0.0000,0.0000,,0,0.0000,0,0.0000,0.0000,,0,0.0000
prebreak,002830,2023-08-10,S,S,A,C,S,S,A,8.9476,9.0400,8.6400,0.4000,,0,0.0000,0.0000,,0,0.0000,0,0.0000,0.0000,,0,0.0000,0,0.0000,0.0000,,0,0.0000
prebreak,300018,2023-08-10,S,S,A,C,S,S,A,6.3393,6.7600,6.4100,0.3500,,0,0.0000,0.0000,,0,0.0000,0,0.0000,0.0000,,0,0.0000,0,0.0000,0.0000,,0,0.0000
prebreak,300244,2023-08-10,S,S,A,C,S,S,A,20.5935,21.3600,20.3000,1.0600,,0,0.0000,0.0000,,0,0.0000,0,0.0000,0.0000,,0,0.0000,0,0.0000,0.0000,,0,0.0000
prebreak,300619,2023-08-10,S,S,A,C,S,S,A,32.0422,29.9600,28.5100,1.4500,,1,29.9600,28.5100,2023-08-15,1,-1.0151,1,29.9600,28.5100,2023-08-15,1,-1.0151,1,29.9600,28.5100,2023-08-15,1,-1.0151
prebreak,300872,2023-08-10,S,S,A,C,S,S,A,15.8747,15.1500,14.3500,0.8000,,0,0.0000,0.0000,,0,0.0000,0,0.0000,0.0000,,0,0.0000,0,0.0000,0.0000,,0,0.0000
prebreak,600600,2023-08-10,S,S,A,C,S,S,A,87.2912,90.3000,86.5100,3.7900,,0,0.0000,0.0000,,0,0.0000,0,0.0000,0.0000,,0,0.0000,0,0.0000,0.0000,,0,0.0000
prebreak,603087,2023-08-10,S,S,A,C,S,S,A,39.9592,40.6600,38.5400,2.1200,,0,0.0000,0.0000,,0,0.0000,0,0.0000,0.0000,,0,0.0000,0,0.0000,0.0000,,0,0.0000
prebreak,002370,2023-08-14,S,S,A,C,S,S,A,4.5300,4.5300,4.3000,0.2300,,1,4.5300,4.4000,2023-08-21,0,-0.5798,1,4.5300,4.3000,2023-08-22,1,-1.0143,1,4.5300,4.3000,2023-08-22,1,-1.0143
prebreak,002375,2023-08-14,S,S,A,C,S,S,A,4.5308,4.8700,4.6900,0.1800,,0,0.0000,0.0000,,0,0.0000,0,0.0000,0.0000,,0,0.0000,0,0.0000,0.0000,,0,0.0000
prebreak,002457,2023-08-14,S,S,A,C,S,S,A,8.5697,9.0900,8.6800,0.4100,,0,0.0000,0.0000,,0,0.0000,0,0.0000,0.0000,,0,0.0000,0,0.0000,0.0000,,0,0.0000
prebreak,300219,2023-08-14,S,S,A,C,S,S,A,6.7661,7.1500,6.8200,0.3300,2023-08-29（报告期 2023-06-30 00:00:00）,0,0.0000,0.0000,,0,0.0000,0,0.0000,0.0000,,0,0.0000,1,7.1500,7.3020,2023-09-11,0,0.4439
prebreak,600617,2023-08-14,S,S,A,C,S,S,A,3.0533,3.1900,3.0400,0.1500,,0,0.0000,0.0000,,0,0.0000,0,0.0000,0.0000,,0,0.0000,0,0.0000,0.0000,,0,0.0000
prebreak,600758,2023-08-14,S,S,A,C,S,S,A,4.3595,4.5600,4.4000,0.1600,,0,0.0000,0.0000,,0,0.0000,0,0.0000,0.0000,,0,0.0000,0,0.0000,0.0000,,0,0.0000
prebreak,000404,2023-08-17,S,S,A,C,S,S,A,5.4442,5.5500,5.2800,0.2700,,0,0.0000,0.0000,,0,0.0000,0,0.0000,0.0000,,0,0.0000,0,0.0000,0.0000,,0,0.0000
prebreak,000554,2023-08-17,S,S,A,C,S,S,A,5.6662,5.6900,5.4200,0.2700,,1,5.6900,5.4200,2023-08-22,1,-1.0154,1,5.6900,5.4200,2023-08-22,1,-1.0154,1,5.6900,5.4200,2023-08-22,1,-1.0154
prebreak,000722,2023-08-17,S,S,A,C,S,S,A,11.3790,12.0800,11.5400,0.5400,,0,0.0000,0.0000,,0,0.0000,0,0.0000,0.0000,,0,0.0000,0,0.0000,0.0000,,0,0.0000
prebreak,000998,2023-08-17,S,S,A,C,S,S,A,15.4679,16.4000,15.7800,0.6200,,0,0.0000,0.0000,,0,0.0000,0,0.0000,0.0000,,0,0.0000,0,0.0000,0.0000,,0,0.0000
prebreak,002038,2023-08-17,S,S,A,C,S,S,A,9.2749,9.5600,9.1400,0.4200,,0,0.0000,0.0000,,0,0.0000,0,0.0000,0.0000,,0,0.0000,0,0.0000,0.0000,,0,0.0000
prebreak,002352,2023-08-17,S,S,A,C,S,S,A,42.9630,45.3200,43.0300,2.2900,,0,0.0000,0.0000,,0,0.0000,0,0.0000,0.0000,,0,0.0000,0,0.0000,0.0000,,0,0.0000
prebreak,002419,2023-08-17,S,S,A,C,S,S,A,6.0045,6.1000,5.8100,0.2900,,0,0.0000,0.0000,,0,0.0000,0,0.0000,0.0000,,0,0.0000,0,0.0000,0.0000,,0,0.0000
prebreak,002508,2023-08-17,S,S,A,C,S,S,A,23.5627,24.3600,23.1600,1.2000,2023-08-24（报告期 2023-06-30 00:00:00）,0,0.0000,0.0000,,0,0.0000,1,24.3600,23.6315,2023-08-31,0,-0.6221,1,24.3600,24.2418,2023-09-14,0,-0.1138
prebreak,002662,2023-08-17,S,S,A,C,S,S,A,3.0508,3.1500,2.9800,0.1700,,0,0.0000,0.0000,,0,0.0000,0,0.0000,0.0000,,0,0.0000,0,0.0000,0.0000,,0,0.0000
prebreak,002702,2023-08-17,S,S,A,C,S,S,A,5.4812,5.4300,5.2200,0.2100,,0,0.0000,0.0000,,0,0.0000,0,0.0000,0.0000,,0,0.0000,0,0.0000,0.0000,,0,0.0000
prebreak,300350,2023-08-17,S,S,A,C,S,S,A,4.8200,4.5500,4.3100,0.2400,,0,0.0000,0.0000,,0,0.0000,0,0.0000,0.0000,,0,0.0000,0,0.0000,0.0000,,0,0.0000
prebreak,300619,2023-08-17,S,S,A,C,S,S,A,28.4539,29.9600,28.5100,1.4500,,0,0.0000,0.0000,,0,0.0000,0,0.0000,0.0000,,0,0.0000,0,0.0000,0.0000,,0,0.0000
prebreak,300685,2023-08-17,S,S,A,C,S,S,A,22.8092,24.1900,23.1300,1.0600,,0,0.0000,0.0000,,0,0.0000,0,0.0000,0.0000,,0,0.0000,0,0.0000,0.0000,,0,0.0000
prebreak,300872,2023-08-17,S,S,A,C,S,S,A,14.6933,15.1500,14.3500,0.8000,,0,0.0000,0.0000,,0,0.0000,1,15.1500,14.3500,2023-08-29,1,-1.0138,1,15.1500,14.3500,2023-08-29,1,-1.0138
prebreak,300896,2023-08-17,S,S,A,C,S,S,A,298.0390,305.9500,293.7900,12.1600,,0,0.0000,0.0000,,0,0.0000,0,0.0000,0.0000,,0,0.0000,0,0.0000,0.0000,,0,0.0000
prebreak,600123,2023-08-17,S,S,A,C,S,S,A,7.8842,8.2000,7.7900,0.4100,2023-08-29（报告期 2023-06-30 00:00:00）,0,0.0000,0.0000,,0,0.0000,0,0.0000,0.0000,,0,0.0000,1,8.2000,8.7247,2023-09-14,0,1.2636
prebreak,600316,2023-08-17,S,S,A,C,S,S,A,22.1869,22.4500,21.4300,1.0200,,1,22.4500,21.4300,2023-08-21,1,-1.0161,1,22.4500,21.4300,2023-08-21,1,-1.0161,1,22.4500,21.4300,2023-08-21,1,-1.0161
prebreak,600406,2023-08-17,S,S,A,C,S,S,A,21.5252,22.9600,21.8700,1.0900,,0,0.0000,0.0000,,0,0.0000,0,0.0000,0.0000,,0,0.0000,0,0.0000,0.0000,,0,0.0000
prebreak,600600,2023-08-17,S,S,A,C,S,S,A,87.0478,90.0200,85.8600,4.1600,2023-08-28（报告期 2023-06-30 00:00:00）,0,0.0000,0.0000,,0,0.0000,1,90.0200,85.8600,2023-08-29,1,-1.0158,1,90.0200,85.8600,2023-08-29,1,-1.0158
prebreak,600998,2023-08-17,S,S,A,C,S,S,A,4.8961,4.9400,4.6700,0.2700,2023-08-29（报告期 2023-06-30 00:00:00）,0,0.0000,0.0000,,0,0.0000,1,4.9400,5.1036,2023-08-31,0,0.5915,1,4.9400,5.1184,2023-09-14,0,0.6464
prebreak,603616,2023-08-17,S,S,A,C,S,S,A,5.8600,5.3200,5.0900,0.2300,,0,0.0000,0.0000,,0,0.0000,0,0.0000,0.0000,,0,0.0000,0,0.0000,0.0000,,0,0.0000
prebreak,000408,2023-08-22,S,S,A,C,S,S,A,20.9247,21.6700,20.6500,1.0200,,0,0.0000,0.0000,,0,0.0000,1,21.6700,22.5629,2023-09-05,0,0.8587,1,21.6700,21.9034,2023-09-19,0,0.2125
prebreak,000592,2023-08-22,S,S,A,C,S,S,A,2.3700,2.6600,2.5200,0.1400,2023-08-31（报告期 2023-06-30 00:00:00）,0,0.0000,0.0000,,0,0.0000,1,2.6600,2.6400,2023-09-05,0,-0.1572,1,2.6600,2.6000,2023-09-19,0,-0.4427
prebreak,000905,2023-08-22,S,S,A,C,S,S,A,7.3009,7.6800,7.3000,0.3800,2023-08-26（报告期 2023-06-30 00:00:00）,0,0.0000,0.0000,,0,0.0000,0,0.0000,0.0000,,0,0.0000,1,7.6800,7.3000,2023-09-14,1,-1.0147
prebreak,002489,2023-08-22,S,S,A,C,S,S,A,3.6511,3.8200,3.6400,0.1800,,0,0.0000,0.0000,,0,0.0000,0,0.0000,0.0000,,0,0.0000,0,0.0000,0.0000,,0,0.0000
prebreak,002588,2023-08-22,S,S,A,C,S,S,A,5.2217,5.7600,5.5100,0.2500,,0,0.0000,0.0000,,0,0.0000,0,0.0000,0.0000,,0,0.0000,0,0.0000,0.0000,,0,0.0000
prebreak,002630,2023-08-22,S,S,A,C,S,S,A,2.6000,2.7200,2.5800,0.1400,,0,0.0000,0.0000,,0,0.0000,0,0.0000,0.0000,,0,0.0000,0,0.0000,0.0000,,0,0.0000
prebreak,300012,2023-08-22,S,S,A,C,S,S,A,18.6463,19.9900,19.2700,0.7200,,1,19.9900,19.2700,2023-08-29,1,-1.0205,1,19.9900,19.2700,2023-08-29,1,-1.0205,1,19.9900,19.2700,2023-08-29,1,-1.0205
prebreak,300032,2023-08-22,S,S,A,C,S,S,A,6.3500,6.6900,6.3900,0.3000,2023-08-30（报告期 2023-06-30 00:00:00）,1,6.6900,6.8200,2023-08-29,0,0.4161,1,6.6900,6.3900,2023-08-31,1,-1.0163,1,6.6900,6.3900,2023-08-31,1,-1.0163
prebreak,300145,2023-08-22,S,S,A,C,S,S,A,2.9385,2.9000,2.7400,0.1600,2023-08-29（报告期 2023-06-30 00:00:00）,1,2.9000,2.9880,2023-08-29,0,0.5359,1,2.9000,2.8990,2023-09-05,0,-0.0203,1,2.9000,2.8891,2023-09-19,0,-0.0821
prebreak,300416,2023-08-22,S,S,A,C,S,S,A,16.1614,16.9300,16.1000,0.8300,,0,0.0000,0.0000,,0,0.0000,0,0.0000,0.0000,,0,0.0000,0,0.0000,0.0000,,0,0.0000
prebreak,300463,2023-08-22,S,S,A,C,S,S,A,14.0009,14.9700,14.2400,0.7300,,0,0.0000,0.0000,,0,0.0000,0,0.0000,0.0000,,0,0.0000,0,0.0000,0.0000,,0,0.0000
prebreak,300855,2023-08-22,S,S,A,C,S,S,A,31.9799,33.3800,31.7600,1.6200,,0,0.0000,0.0000,,0,0.0000,0,0.0000,0.0000,,0,0.0000,0,0.0000,0.0000,,0,0.0000
prebreak,600055,2023-08-22,S,S,A,C,S,S,A,17.3711,18.7600,17.8900,0.8700,2023-08-29（报告期 2023-06-30 00:00:00）,1,18.7600,18.7580,2023-08-29,0,-0.0187,1,18.7600,18.0498,2023-09-05,0,-0.8322,1,18.7600,17.8900,2023-09-06,1,-1.0158
prebreak,600585,2023-08-22,S,S,A,C,S,S,A,23.1583,23.3900,22.2600,1.1300,,0,0.0000,0.0000,,0,0.0000,0,0.0000,0.0000,,0,0.0000,0,0.0000,0.0000,,0,0.0000
prebreak,600973,2023-08-22,S,S,A,C,S,S,A,4.7800,5.0600,4.8300,0.2300,2023-08-31（报告期 2023-06-30 00:00:00）,0,0.0000,0.0000,,0,0.0000,0,0.0000,0.0000,,0,0.0000,1,5.0600,5.1700,2023-09-19,0,0.4612
prebreak,603393,2023-08-22,S,S,A,C,S,S,A,24.4254,26.9600,25.6200,1.3400,2023-08-30（报告期 2023-06-30 00:00:00）,0,0.0000,0.0000,,0,0.0000,0,0.0000,0.0000,,0,0.0000,1,26.9600,29.1620,2023-09-19,0,1.6269
prebreak,000404,2023-08-24,S,S,A,C,S,S,A,5.3476,5.4700,5.2100,0.2600,,0,0.0000,0.0000,,0,0.0000,0,0.0000,0.0000,,0,0.0000,0,0.0000,0.0000,,0,0.0000
prebreak,000554,2023-08-24,S,S,A,C,S,S,A,5.4361,5.6900,5.4200,0.2700,2023-08-25（报告期 2023-06-30 00:00:00）,1,5.6900,5.5608,2023-08-31,0,-0.4944,1,5.6900,5.6950,2023-09-07,0,0.0025,1,5.6900,5.5895,2023-09-21,0,-0.3879
prebreak,000707,2023-08-24,S,S,A,C,S,S,A,8.0578,8.1700,7.7400,0.4300,,1,8.1700,7.7400,2023-08-29,1,-1.0138,1,8.1700,7.7400,2023-08-29,1,-1.0138,1,8.1700,7.7400,2023-08-29,1,-1.0138
prebreak,000966,2023-08-24,S,S,A,C,S,S,A,4.7782,5.0200,4.8100,0.2100,,0,0.0000,0.0000,,0,0.0000,0,0.0000,0.0000,,0,0.0000,0,0.0000,0.0000,,0,0.0000
prebreak,002033,2023-08-24,S,S,A,C,S,S,A,8.8233,9.7500,9.2800,0.4700,,0,0.0000,0.0000,,0,0.0000,0,0.0000,0.0000,,0,0.0000,0,0.0000,0.0000,,0,0.0000
prebreak,002038,2023-08-24,S,S,A,C,S,S,A,8.6800,9.5600,9.1400,0.4200,,0,0.0000,0.0000,,0,0.0000,0,0.0000,0.0000,,0,0.0000,0,0.0000,0.0000,,0,0.0000
prebreak,002702,2023-08-24,S,S,A,C,S,S,A,5.5109,5.5000,5.2200,0.2800,,0,0.0000,0.0000,,0,0.0000,0,0.0000,0.0000,,0,0.0000,0,0.0000,0.0000,,0,0.0000
prebreak,300018,2023-08-24,S,S,A,C,S,S,A,5.9121,6.3100,6.0000,0.3100,,0,0.0000,0.0000,,0,0.0000,0,0.0000,0.0000,,0,0.0000,0,0.0000,0.0000,,0,0.0000
prebreak,300408,2023-08-24,S,S,A,C,S,S,A,29.1317,31.6900,30.1200,1.5700,2023-08-30（报告期 2023-06-30 00:00:00）,1,31.6900,31.2536,2023-08-31,0,-0.2931,1,31.6900,30.5138,2023-09-07,0,-0.7640,1,31.6900,30.1200,2023-09-15,1,-1.0147
prebreak,300685,2023-08-24,S,S,A,C,S,S,A,21.0223,24.1900,23.1300,1.0600,,0,0.0000,0.0000,,0,0.0000,0,0.0000,0.0000,,0,0.0000,0,0.0000,0.0000,,0,0.0000
prebreak,300869,2023-08-24,S,S,A,C,S,S,A,20.3414,22.6500,21.5700,1.0800,,0,0.0000,0.0000,,0,0.0000,0,0.0000,0.0000,,0,0.0000,0,0.0000,0.0000,,0,0.0000
prebreak,600035,2023-08-24,S,S,A,C,S,S,A,3.4824,3.6600,3.4700,0.1900,2023-08-30（报告期 2023-06-30 00:00:00）,1,3.6600,3.4700,2023-08-30,1,-1.0140,1,3.6600,3.4700,2023-08-30,1,-1.0140,1,3.6600,3.4700,2023-08-30,1,-1.0140
prebreak,600196,2023-08-24,S,S,A,C,S,S,A,26.7249,28.6300,27.5500,1.0800,,0,0.0000,0.0000,,0,0.0000,0,0.0000,0.0000,,0,0.0000,0,0.0000,0.0000,,0,0.0000
prebreak,600316,2023-08-24,S,S,A,C,S,S,A,20.6998,22.4500,21.4300,1.0200,,0,0.0000,0.0000,,0,0.0000,0,0.0000,0.0000,,0,0.0000,0,0.0000,0.0000,,0,0.0000
prebreak,600406,2023-08-24,S,S,A,C,S,S,A,21.0795,21.7600,20.8600,0.9000,,0,0.0000,0.0000,,0,0.0000,0,0.0000,0.0000,,0,0.0000,0,0.0000,0.0000,,0,0.0000
prebreak,600630,2023-08-24,S,S,A,C,S,S,A,5.6932,5.8200,5.5300,0.2900,,0,0.0000,0.0000,,0,0.0000,0,0.0000,0.0000,,0,0.0000,0,0.0000,0.0000,,0,0.0000
prebreak,600998,2023-08-24,S,S,A,C,S,S,A,4.5700,4.9400,4.6700,0.2700,2023-08-29（报告期 2023-06-30 00:00:00）,1,4.9400,5.1036,2023-08-31,0,0.5915,1,4.9400,5.0146,2023-09-07,0,0.2624,1,4.9400,5.2320,2023-09-21,0,1.0670
prebreak,603087,2023-08-24,S,S,A,C,S,S,A,39.6742,40.9300,38.9100,2.0200,,0,0.0000,0.0000,,0,0.0000,0,0.0000,0.0000,,0,0.0000,0,0.0000,0.0000,,0,0.0000
prebreak,002370,2023-08-28,S,S,A,C,S,S,A,4.4100,4.5300,4.3000,0.2300,,0,0.0000,0.0000,,0,0.0000,0,0.0000,0.0000,,0,0.0000,0,0.0000,0.0000,,0,0.0000
prebreak,002394,2023-08-28,S,S,A,C,S,S,A,7.0164,7.2400,6.9700,0.2700,,0,0.0000,0.0000,,0,0.0000,0,0.0000,0.0000,,0,0.0000,0,0.0000,0.0000,,0,0.0000
prebreak,002402,2023-08-28,S,S,A,C,S,S,A,13.6664,16.1000,15.4100,0.6900,,0,0.0000,0.0000,,0,0.0000,0,0.0000,0.0000,,0,0.0000,0,0.0000,0.0000,,0,0.0000
prebreak,002457,2023-08-28,S,S,A,C,S,S,A,7.7471,9.0900,8.6800,0.4100,,0,0.0000,0.0000,,0,0.0000,0,0.0000,0.0000,,0,0.0000,0,0.0000,0.0000,,0,0.0000
prebreak,002488,2023-08-28,S,S,A,C,S,S,A,6.4821,6.9900,6.6500,0.3400,,0,0.0000,0.0000,,0,0.0000,1,6.9900,7.1094,2023-09-11,0,0.3353,1,6.9900,7.3782,2023-09-25,0,1.1255
prebreak,002500,2023-08-28,S,S,A,C,S,S,A,6.0974,6.2800,5.9600,0.3200,2023-08-29（报告期 2023-06-30 00:00:00）,1,6.2800,5.9600,2023-08-30,1,-1.0143,1,6.2800,5.9600,2023-08-30,1,-1.0143,1,6.2800,5.9600,2023-08-30,1,-1.0143
prebreak,300061,2023-08-28,S,S,A,C,S,S,A,6.4500,6.5100,6.2100,0.3000,,0,0.0000,0.0000,,0,0.0000,0,0.0000,0.0000,,0,0.0000,0,0.0000,0.0000,,0,0.0000
prebreak,300760,2023-08-28,S,S,A,C,S,S,A,262.3117,256.6200,246.1200,10.5000,2023-08-30（报告期 2023-06-30 00:00:00）,1,256.6200,249.4668,2023-09-04,0,-0.6994,1,256.6200,246.1200,2023-09-06,1,-1.0179,1,256.6200,246.1200,2023-09-06,1,-1.0179
prebreak,301126,2023-08-28,S,S,A,C,S,S,A,12.2955,13.6400,12.9500,0.6900,,0,0.0000,0.0000,,0,0.0000,0,0.0000,0.0000,,0,0.0000,0,0.0000,0.0000,,0,0.0000
prebreak,600031,2023-08-28,S,S,A,C,S,S,A,14.7045,15.2700,14.5300,0.7400,2023-08-31（报告期 2023-06-30 00:00:00）,1,15.2700,16.1211,2023-09-04,0,1.1337,1,15.2700,15.7717,2023-09-11,0,0.6618,1,15.2700,15.2050,2023-09-25,0,-0.1034
prebreak,600089,2023-08-28,S,S,A,C,S,S,A,14.0577,14.3500,13.6500,0.7000,,0,0.0000,0.0000,,0,0.0000,0,0.0000,0.0000,,0,0.0000,0,0.0000,0.0000,,0,0.0000
prebreak,600107,2023-08-28,S,S,A,C,S,S,A,5.1600,5.5100,5.2600,0.2500,,0,0.0000,0.0000,,0,0.0000,0,0.0000,0.0000,,0,0.0000,0,0.0000,0.0000,,0,0.0000
prebreak,600251,2023-08-28,S,S,A,C,S,S,A,8.8339,9.0000,8.5800,0.4200,,1,9.0000,9.0173,2023-09-04,0,0.0249,1,9.0000,8.5800,2023-09-07,1,-1.0157,1,9.0000,8.5800,2023-09-07,1,-1.0157
prebreak,603122,2023-08-28,S,S,A,C,S,S,A,7.6753,8.4400,8.0100,0.4300,,0,0.0000,0.0000,,0,0.0000,0,0.0000,0.0000,,0,0.0000,0,0.0000,0.0000,,0,0.0000
prebreak,000408,2023-08-29,S,S,A,C,S,S,A,21.0210,21.3000,20.3100,0.9900,,1,21.3000,22.5629,2023-09-05,0,1.2585,1,21.3000,21.9963,2023-09-12,0,0.6865,1,21.3000,20.9281,2023-09-26,0,-0.3918
prebreak,000592,2023-08-29,S,S,A,C,S,S,A,2.4200,2.4300,2.3200,0.1100,,0,0.0000,0.0000,,0,0.0000,0,0.0000,0.0000,,0,0.0000,0,0.0000,0.0000,,0,0.0000
prebreak,000905,2023-08-29,S,S,A,C,S,S,A,7.1669,7.6800,7.3000,0.3800,,0,0.0000,0.0000,,0,0.0000,0,0.0000,0.0000,,0,0.0000,1,7.6800,7.3000,2023-09-14,1,-1.0147
prebreak,000969,2023-08-29,S,S,A,C,S,S,A,9.0220,8.8200,8.3900,0.4300,,0,0.0000,0.0000,,0,0.0000,0,0.0000,0.0000,,0,0.0000,0,0.0000,0.0000,,0,0.0000
prebreak,000978,2023-08-29,S,S,A,C,S,S,A,7.8500,8.0500,7.7500,0.3000,,0,0.0000,0.0000,,0,0.0000,0,0.0000,0.0000,,0,0.0000,0,0.0000,0.0000,,0,0.0000
prebreak,002044,2023-08-29,S,S,A,C,S,S,A,6.8540,6.6200,6.3300,0.2900,,0,0.0000,0.0000,,0,0.0000,0,0.0000,0.0000,,0,0.0000,0,0.0000,0.0000,,0,0.0000
prebreak,002132,2023-08-29,S,S,A,C,S,S,A,3.1716,3.4100,3.2400,0.1700,,0,0.0000,0.0000,,0,0.0000,0,0.0000,0.0000,,0,0.0000,0,0.0000,0.0000,,0,0.0000
prebreak,002357,2023-08-29,S,S,A,C,S,S,A,6.8619,7.0900,6.8000,0.2900,,0,0.0000,0.0000,,0,0.0000,0,0.0000,0.0000,,0,0.0000,0,0.0000,0.0000,,0,0.0000
prebreak,002388,2023-08-29,S,S,A,C,S,S,A,5.8200,6.4600,6.1400,0.3200,,1,6.4600,6.3800,2023-09-05,0,-0.2652,1,6.4600,6.5200,2023-09-12,0,0.1720,1,6.4600,6.1400,2023-09-15,1,-1.0147
prebreak,002588,2023-08-29,S,S,A,C,S,S,A,5.3504,5.4200,5.1300,0.2900,,0,0.0000,0.0000,,0,0.0000,0,0.0000,0.0000,,0,0.0000,0,0.0000,0.0000,,0,0.0000
prebreak,002658,2023-08-29,S,S,A,C,S,S,A,7.4711,7.7600,7.4300,0.3300,,0,0.0000,0.0000,,0,0.0000,0,0.0000,0.0000,,0,0.0000,0,0.0000,0.0000,,0,0.0000
prebreak,300015,2023-08-29,S,S,A,C,S,S,A,17.6384,17.8000,16.8900,0.9100,,0,0.0000,0.0000,,0,0.0000,0,0.0000,0.0000,,0,0.0000,0,0.0000,0.0000,,0,0.0000
prebreak,300420,2023-08-29,S,S,A,C,S,S,A,3.0670,3.0800,2.9400,0.1400,,0,0.0000,0.0000,,0,0.0000,0,0.0000,0.0000,,0,0.0000,0,0.0000,0.0000,,0,0.0000
prebreak,300482,2023-08-29,S,S,A,C,S,S,A,23.5151,25.7900,24.4900,1.3000,,0,0.0000,0.0000,,0,0.0000,0,0.0000,0.0000,,0,0.0000,0,0.0000,0.0000,,0,0.0000
prebreak,300813,2023-08-29,S,S,A,C,S,S,A,26.7777,27.8300,26.7400,1.0900,,0,0.0000,0.0000,,0,0.0000,0,0.0000,0.0000,,0,0.0000,0,0.0000,0.0000,,0,0.0000
prebreak,300855,2023-08-29,S,S,A,C,S,S,A,32.8628,33.3800,31.7600,1.6200,,0,0.0000,0.0000,,0,0.0000,0,0.0000,0.0000,,0,0.0000,0,0.0000,0.0000,,0,0.0000
prebreak,600048,2023-08-29,S,S,A,C,S,S,A,13.4139,13.2500,12.6100,0.6400,,0,0.0000,0.0000,,0,0.0000,0,0.0000,0.0000,,0,0.0000,0,0.0000,0.0000,,0,0.0000
prebreak,600436,2023-08-29,S,S,A,C,S,S,A,265.1740,279.3000,267.8600,11.4400,,0,0.0000,0.0000,,0,0.0000,0,0.0000,0.0000,,0,0.0000,0,0.0000,0.0000,,0,0.0000
prebreak,600642,2023-08-29,S,S,A,C,S,S,A,5.6205,5.9700,5.7100,0.2600,,0,0.0000,0.0000,,0,0.0000,0,0.0000,0.0000,,0,0.0000,0,0.0000,0.0000,,0,0.0000
prebreak,600711,2023-08-29,S,S,A,C,S,S,A,4.5142,5.1100,4.9300,0.1800,,0,0.0000,0.0000,,0,0.0000,0,0.0000,0.0000,,0,0.0000,0,0.0000,0.0000,,0,0.0000
prebreak,600973,2023-08-29,S,S,A,C,S,S,A,4.8200,5.0600,4.8300,0.2300,2023-08-31（报告期 2023-06-30 00:00:00）,0,0.0000,0.0000,,0,0.0000,0,0.0000,0.0000,,0,0.0000,1,5.0600,4.9100,2023-09-26,0,-0.6685
prebreak,603393,2023-08-29,S,S,A,C,S,S,A,25.1676,26.9600,25.6200,1.3400,2023-08-30（报告期 2023-06-30 00:00:00）,0,0.0000,0.0000,,0,0.0000,1,26.9600,28.3025,2023-09-12,0,0.9860,1,26.9600,28.2146,2023-09-26,0,0.9204
prebreak,603858,2023-08-29,S,S,A,C,S,S,A,16.9329,18.5800,17.8000,0.7800,,0,0.0000,0.0000,,0,0.0000,0,0.0000,0.0000,,0,0.0000,0,0.0000,0.0000,,0,0.0000
prebreak,000713,2023-08-30,S,S,A,C,S,S,A,8.8232,9.0000,8.6300,0.3700,,0,0.0000,0.0000,,0,0.0000,0,0.0000,0.0000,,0,0.0000,0,0.0000,0.0000,,0,0.0000
prebreak,000751,2023-08-30,S,S,A,C,S,S,A,3.2992,3.3900,3.2500,0.1400,,1,3.3900,3.3585,2023-09-06,0,-0.2436,1,3.3900,3.2500,2023-09-07,1,-1.0178,1,3.3900,3.2500,2023-09-07,1,-1.0178
prebreak,000768,2023-08-30,S,S,A,C,S,S,A,23.4170,24.9800,23.7900,1.1900,,0,0.0000,0.0000,,0,0.0000,0,0.0000,0.0000,,0,0.0000,0,0.0000,0.0000,,0,0.0000
prebreak,002205,2023-08-30,S,S,A,C,S,S,A,10.3400,10.9500,10.4100,0.5400,,0,0.0000,0.0000,,0,0.0000,0,0.0000,0.0000,,0,0.0000,0,0.0000,0.0000,,0,0.0000
prebreak,002414,2023-08-30,S,S,A,C,S,S,A,7.6639,7.8300,7.4400,0.3900,2023-08-31（报告期 2023-06-30 00:00:00）,1,7.8300,7.8036,2023-09-06,0,-0.0828,1,7.8300,7.7238,2023-09-13,0,-0.2874,1,7.8300,7.5242,2023-09-27,0,-0.7988
prebreak,002467,2023-08-30,S,S,A,C,S,S,A,4.6110,4.5900,4.4000,0.1900,2023-08-31（报告期 2023-06-30 00:00:00）,1,4.5900,4.7208,2023-09-06,0,0.6698,1,4.5900,4.7009,2023-09-13,0,0.5648,1,4.5900,4.6310,2023-09-27,0,0.1973
prebreak,002533,2023-08-30,S,S,A,C,S,S,A,6.7642,6.8500,6.5200,0.3300,,0,0.0000,0.0000,,0,0.0000,0,0.0000,0.0000,,0,0.0000,0,0.0000,0.0000,,0,0.0000
prebreak,002542,2023-08-30,S,S,A,C,S,S,A,2.7300,2.7800,2.6500,0.1300,,0,0.0000,0.0000,,0,0.0000,0,0.0000,0.0000,,0,0.0000,0,0.0000,0.0000,,0,0.0000
prebreak,002657,2023-08-30,S,S,A,C,S,S,A,15.7200,17.4100,16.5100,0.9000,,0,0.0000,0.0000,,0,0.0000,0,0.0000,0.0000,,0,0.0000,0,0.0000,0.0000,,0,0.0000
prebreak,002788,2023-08-30,S,S,A,C,S,S,A,8.4102,8.4000,7.9600,0.4400,,0,0.0000,0.0000,,0,0.0000,0,0.0000,0.0000,,0,0.0000,0,0.0000,0.0000,,0,0.0000
prebreak,002828,2023-08-30,S,S,A,C,S,S,A,8.7297,8.8000,8.3500,0.4500,,0,0.0000,0.0000,,0,0.0000,0,0.0000,0.0000,,0,0.0000,0,0.0000,0.0000,,0,0.0000
prebreak,002867,2023-08-30,S,S,A,C,S,S,A,13.6795,13.7700,13.1500,0.6200,,0,0.0000,0.0000,,0,0.0000,0,0.0000,0.0000,,0,0.0000,0,0.0000,0.0000,,0,0.0000
prebreak,002925,2023-08-30,S,S,A,C,S,S,A,16.6420,16.8600,16.2800,0.5800,,0,0.0000,0.0000,,0,0.0000,0,0.0000,0.0000,,0,0.0000,0,0.0000,0.0000,,0,0.0000
prebreak,300050,2023-08-30,S,S,A,C,S,S,A,4.2200,4.0800,3.8900,0.1900,,0,0.0000,0.0000,,0,0.0000,0,0.0000,0.0000,,0,0.0000,0,0.0000,0.0000,,0,0.0000
prebreak,300279,2023-08-30,S,S,A,C,S,S,A,5.6100,5.3200,5.0500,0.2700,,0,0.0000,0.0000,,0,0.0000,0,0.0000,0.0000,,0,0.0000,0,0.0000,0.0000,,0,0.0000
prebreak,300702,2023-08-30,S,S,A,C,S,S,A,20.7195,23.3500,22.3100,1.0400,,0,0.0000,0.0000,,0,0.0000,0,0.0000,0.0000,,0,0.0000,0,0.0000,0.0000,,0,0.0000
prebreak,301160,2023-08-30,S,S,A,C,S,S,A,16.1597,16.2900,15.5700,0.7200,,0,0.0000,0.0000,,0,0.0000,0,0.0000,0.0000,,0,0.0000,0,0.0000,0.0000,,0,0.0000
prebreak,600409,2023-08-30,S,S,A,C,S,S,A,5.6634,5.8800,5.5900,0.2900,,1,5.8800,5.9335,2023-09-06,0,0.1690,1,5.8800,5.9142,2023-09-13,0,0.1025,1,5.8800,5.7020,2023-09-27,0,-0.6289
prebreak,600831,2023-08-30,S,S,A,C,S,S,A,5.9100,5.9100,5.6000,0.3100,,0,0.0000,0.0000,,0,0.0000,0,0.0000,0.0000,,0,0.0000,0,0.0000,0.0000,,0,0.0000
prebreak,600862,2023-08-30,S,S,A,C,S,S,A,23.6899,23.9100,22.7100,1.2000,,1,23.9100,24.4632,2023-09-06,0,0.4455,1,23.9100,23.8446,2023-09-13,0,-0.0696,1,23.9100,23.8736,2023-09-27,0,-0.0455
prebreak,600927,2023-08-30,S,S,A,C,S,S,A,16.4100,17.8800,17.0400,0.8400,,0,0.0000,0.0000,,0,0.0000,0,0.0000,0.0000,,0,0.0000,0,0.0000,0.0000,,0,0.0000
prebreak,601015,2023-08-30,S,S,A,C,S,S,A,4.2800,4.5300,4.3000,0.2300,,1,4.5300,4.7600,2023-09-06,0,0.9844,1,4.5300,4.5900,2023-09-13,0,0.2457,1,4.5300,4.3000,2023-09-27,1,-1.0143
prebreak,603195,2023-08-30,S,S,A,C,S,S,A,46.7006,46.0300,44.0200,2.0100,,1,46.0300,47.1396,2023-09-06,0,0.5343,1,46.0300,46.0266,2023-09-13,0,-0.0191,1,46.0300,46.3636,2023-09-27,0,0.1485
prebreak,603328,2023-08-30,S,S,A,C,S,S,A,7.2095,7.2400,6.8900,0.3500,,0,0.0000,0.0000,,0,0.0000,0,0.0000,0.0000,,0,0.0000,0,0.0000,0.0000,,0,0.0000
prebreak,603336,2023-08-30,S,S,A,C,S,S,A,5.1434,5.4400,5.2100,0.2300,,0,0.0000,0.0000,,0,0.0000,0,0.0000,0.0000,,0,0.0000,0,0.0000,0.0000,,0,0.0000
prebreak,603511,2023-08-30,S,S,A,C,S,S,A,15.9507,15.3100,14.5500,0.7600,,0,0.0000,0.0000,,0,0.0000,0,0.0000,0.0000,,0,0.0000,0,0.0000,0.0000,,0,0.0000
prebreak,603565,2023-08-30,S,S,A,C,S,S,A,8.2375,9.0000,8.5600,0.4400,,0,0.0000,0.0000,,0,0.0000,0,0.0000,0.0000,,0,0.0000,0,0.0000,0.0000,,0,0.0000
prebreak,603610,2023-08-30,S,S,A,C,S,S,A,10.9706,10.5800,10.0800,0.5000,,0,0.0000,0.0000,,0,0.0000,0,0.0000,0.0000,,0,0.0000,0,0.0000,0.0000,,0,0.0000
prebreak,688187,2023-08-30,S,S,A,C,S,S,A,41.6369,42.5500,40.3600,2.1900,,0,0.0000,0.0000,,0,0.0000,0,0.0000,0.0000,,0,0.0000,0,0.0000,0.0000,,0,0.0000
prebreak,688799,2023-08-30,S,S,A,C,S,S,A,28.6525,27.2400,26.1100,1.1300,,0,0.0000,0.0000,,0,0.0000,0,0.0000,0.0000,,0,0.0000,0,0.0000,0.0000,,0,0.0000
prebreak,000008,2023-08-31,S,S,A,C,S,S,A,2.3600,2.4400,2.3600,0.0800,,1,2.4400,2.4000,2023-09-07,0,-0.5229,1,2.4400,2.4200,2023-09-14,0,-0.2730,1,2.4400,2.4400,2023-09-28,0,-0.0232
prebreak,000061,2023-08-31,S,S,A,C,S,S,A,6.5148,6.6700,6.4300,0.2400,,0,0.0000,0.0000,,0,0.0000,0,0.0000,0.0000,,0,0.0000,0,0.0000,0.0000,,0,0.0000
prebreak,000530,2023-08-31,S,S,A,C,S,S,A,5.2525,5.3000,5.0500,0.2500,,0,0.0000,0.0000,,0,0.0000,0,0.0000,0.0000,,0,0.0000,1,5.3000,5.2428,2023-09-28,0,-0.2448
prebreak,000759,2023-08-31,S,S,A,C,S,S,A,4.5100,4.8900,4.6600,0.2300,,0,0.0000,0.0000,,0,0.0000,0,0.0000,0.0000,,0,0.0000,0,0.0000,0.0000,,0,0.0000
prebreak,000899,2023-08-31,S,S,A,C,S,S,A,7.4677,7.8000,7.4300,0.3700,,0,0.0000,0.0000,,0,0.0000,0,0.0000,0.0000,,0,0.0000,0,0.0000,0.0000,,0,0.0000
prebreak,001202,2023-08-31,S,S,A,C,S,S,A,12.3759,11.7500,11.2300,0.5200,,0,0.0000,0.0000,,0,0.0000,0,0.0000,0.0000,,0,0.0000,0,0.0000,0.0000,,0,0.0000
prebreak,001206,2023-08-31,S,S,A,C,S,S,A,13.5382,13.3500,12.8300,0.5200,,0,0.0000,0.0000,,0,0.0000,0,0.0000,0.0000,,0,0.0000,0,0.0000,0.0000,,0,0.0000
prebreak,001227,2023-08-31,S,S,A,C,S,S,A,2.6466,2.7500,2.6200,0.1300,,0,0.0000,0.0000,,0,0.0000,0,0.0000,0.0000,,0,0.0000,0,0.0000,0.0000,,0,0.0000
prebreak,002033,2023-08-31,S,S,A,C,S,S,A,8.7520,9.7500,9.2800,0.4700,,0,0.0000,0.0000,,0,0.0000,0,0.0000,0.0000,,0,0.0000,0,0.0000,0.0000,,0,0.0000
prebreak,002148,2023-08-31,S,S,A,C,S,S,A,5.8894,5.9700,5.6600,0.3100,,0,0.0000,0.0000,,0,0.0000,0,0.0000,0.0000,,0,0.0000,0,0.0000,0.0000,,0,0.0000
prebreak,002171,2023-08-31,S,S,A,C,S,S,A,6.7403,6.8500,6.5300,0.3200,,0,0.0000,0.0000,,0,0.0000,0,0.0000,0.0000,,0,0.0000,0,0.0000,0.0000,,0,0.0000
prebreak,002454,2023-08-31,S,S,A,C,S,S,A,5.0405,5.1500,4.9000,0.2500,,0,0.0000,0.0000,,0,0.0000,0,0.0000,0.0000,,0,0.0000,0,0.0000,0.0000,,0,0.0000
prebreak,002537,2023-08-31,S,S,A,C,S,S,A,6.5000,7.0400,6.6900,0.3500,,0,0.0000,0.0000,,0,0.0000,0,0.0000,0.0000,,0,0.0000,0,0.0000,0.0000,,0,0.0000
prebreak,002583,2023-08-31,S,S,A,C,S,S,A,5.8000,5.9100,5.6400,0.2700,,0,0.0000,0.0000,,0,0.0000,0,0.0000,0.0000,,0,0.0000,0,0.0000,0.0000,,0,0.0000
prebreak,300256,2023-08-31,S,S,A,C,S,S,A,2.9500,3.3000,3.1400,0.1600,,1,3.3000,3.1400,2023-09-06,1,-1.0150,1,3.3000,3.1400,2023-09-06,1,-1.0150,1,3.3000,3.1400,2023-09-06,1,-1.0150
prebreak,300284,2023-08-31,S,S,A,C,S,S,A,5.8721,6.1800,5.9100,0.2700,,0,0.0000,0.0000,,0,0.0000,0,0.0000,0.0000,,0,0.0000,0,0.0000,0.0000,,0,0.0000
prebreak,300408,2023-08-31,S,S,A,C,S,S,A,31.2536,31.6900,30.1200,1.5700,,0,0.0000,0.0000,,0,0.0000,0,0.0000,0.0000,,0,0.0000,0,0.0000,0.0000,,0,0.0000
prebreak,300685,2023-08-31,S,S,A,C,S,S,A,22.8092,24.1900,23.1300,1.0600,,0,0.0000,0.0000,,0,0.0000,0,0.0000,0.0000,,0,0.0000,0,0.0000,0.0000,,0,0.0000
prebreak,300809,2023-08-31,S,S,A,C,S,S,A,20.5381,21.1100,20.1800,0.9300,,0,0.0000,0.0000,,0,0.0000,1,21.1100,20.7257,2023-09-14,0,-0.4302,1,21.1100,20.1800,2023-09-18,1,-1.0166
prebreak,300869,2023-08-31,S,S,A,C,S,S,A,20.6787,22.6500,21.5700,1.0800,,0,0.0000,0.0000,,0,0.0000,0,0.0000,0.0000,,0,0.0000,0,0.0000,0.0000,,0,0.0000
prebreak,300872,2023-08-31,S,S,A,C,S,S,A,15.0408,16.1800,15.4400,0.7400,,0,0.0000,0.0000,,0,0.0000,0,0.0000,0.0000,,0,0.0000,0,0.0000,0.0000,,0,0.0000
prebreak,600020,2023-08-31,S,S,A,C,S,S,A,3.1224,3.3800,3.2400,0.1400,,0,0.0000,0.0000,,0,0.0000,0,0.0000,0.0000,,0,0.0000,0,0.0000,0.0000,,0,0.0000
prebreak,600035,2023-08-31,S,S,A,C,S,S,A,3.2449,3.6400,3.4500,0.1900,,0,0.0000,0.0000,,0,0.0000,0,0.0000,0.0000,,0,0.0000,0,0.0000,0.0000,,0,0.0000
prebreak,600067,2023-08-31,S,S,A,C,S,S,A,2.6266,2.7800,2.6400,0.1400,,0,0.0000,0.0000,,0,0.0000,1,2.7800,2.6400,2023-09-14,1,-1.0145,1,2.7800,2.6400,2023-09-14,1,-1.0145
prebreak,600196,2023-08-31,S,S,A,C,S,S,A,26.8209,27.6800,26.2600,1.4200,,0,0.0000,0.0000,,0,0.0000,0,0.0000,0.0000,,0,0.0000,0,0.0000,0.0000,,0,0.0000
prebreak,600316,2023-08-31,S,S,A,C,S,S,A,21.2787,22.4500,21.4300,1.0200,,0,0.0000,0.0000,,0,0.0000,0,0.0000,0.0000,,0,0.0000,0,0.0000,0.0000,,0,0.0000
prebreak,600359,2023-08-31,S,S,A,C,S,S,A,8.0800,7.8800,7.5500,0.3300,,1,7.8800,7.7100,2023-09-07,0,-0.5330,1,7.8800,7.7300,2023-09-14,0,-0.4724,1,7.8800,7.8300,2023-09-28,0,-0.1696
prebreak,600630,2023-08-31,S,S,A,C,S,S,A,5.6141,5.8200,5.5300,0.2900,,0,0.0000,0.0000,,0,0.0000,0,0.0000,0.0000,,0,0.0000,0,0.0000,0.0000,,0,0.0000
prebreak,600843,2023-08-31,S,S,A,C,S,S,A,5.6891,5.4300,5.2300,0.2000,,0,0.0000,0.0000,,0,0.0000,0,0.0000,0.0000,,0,0.0000,0,0.0000,0.0000,,0,0.0000
prebreak,601319,2023-08-31,S,S,A,C,S,S,A,5.3925,5.5700,5.3600,0.2100,,1,5.5700,5.4479,2023-09-07,0,-0.6012,1,5.5700,5.4756,2023-09-14,0,-0.4693,1,5.5700,5.4479,2023-09-28,0,-0.6012
prebreak,603013,2023-08-31,S,S,A,C,S,S,A,14.2868,13.7600,13.1400,0.6200,,0,0.0000,0.0000,,0,0.0000,0,0.0000,0.0000,,0,0.0000,0,0.0000,0.0000,,0,0.0000
prebreak,603369,2023-08-31,S,S,A,C,S,S,A,54.7992,55.9200,53.5200,2.4000,,0,0.0000,0.0000,,0,0.0000,0,0.0000,0.0000,,0,0.0000,0,0.0000,0.0000,,0,0.0000
prebreak,603605,2023-08-31,S,S,A,C,S,S,A,105.4970,105.4800,101.1500,4.3300,,0,0.0000,0.0000,,0,0.0000,0,0.0000,0.0000,,0,0.0000,0,0.0000,0.0000,,0,0.0000
prebreak,000402,2023-09-01,S,S,A,C,S,S,A,4.5900,5.0400,4.8200,0.2200,,0,0.0000,0.0000,,0,0.0000,0,0.0000,0.0000,,0,0.0000,0,0.0000,0.0000,,0,0.0000
prebreak,000513,2023-09-01,S,S,A,C,S,S,A,30.6340,31.3200,29.7400,1.5800,,0,0.0000,0.0000,,0,0.0000,0,0.0000,0.0000,,0,0.0000,0,0.0000,0.0000,,0,0.0000
prebreak,002028,2023-09-01,S,S,A,C,S,S,A,50.8727,49.4500,47.1500,2.3000,,0,0.0000,0.0000,,0,0.0000,0,0.0000,0.0000,,0,0.0000,0,0.0000,0.0000,,0,0.0000
prebreak,002080,2023-09-01,S,S,A,C,S,S,A,21.1364,21.9600,20.8600,1.1000,,0,0.0000,0.0000,,0,0.0000,0,0.0000,0.0000,,0,0.0000,0,0.0000,0.0000,,0,0.0000
prebreak,002097,2023-09-01,S,S,A,C,S,S,A,5.8651,6.3000,6.0800,0.2200,,0,0.0000,0.0000,,0,0.0000,0,0.0000,0.0000,,0,0.0000,0,0.0000,0.0000,,0,0.0000
prebreak,002314,2023-09-01,S,S,A,C,S,S,A,3.4800,3.8400,3.6400,0.2000,,0,0.0000,0.0000,,0,0.0000,0,0.0000,0.0000,,0,0.0000,0,0.0000,0.0000,,0,0.0000
prebreak,002344,2023-09-01,S,S,A,C,S,S,A,4.2862,4.8900,4.6800,0.2100,,0,0.0000,0.0000,,0,0.0000,0,0.0000,0.0000,,0,0.0000,0,0.0000,0.0000,,0,0.0000
prebreak,002364,2023-09-01,S,S,A,C,S,S,A,7.3774,7.6200,7.2300,0.3900,,0,0.0000,0.0000,,0,0.0000,0,0.0000,0.0000,,0,0.0000,0,0.0000,0.0000,,0,0.0000
prebreak,002443,2023-09-01,S,S,A,C,S,S,A,6.3400,6.5500,6.2400,0.3100,,1,6.5500,6.3782,2023-09-08,0,-0.5698,1,6.5500,6.5119,2023-09-15,0,-0.1389,1,6.5500,6.5596,2023-10-09,0,0.0150
prebreak,002635,2023-09-01,S,S,A,C,S,S,A,12.5949,12.2500,11.7300,0.5200,,1,12.2500,12.9775,2023-09-08,0,1.3802,1,12.2500,12.6332,2023-09-15,0,0.7185,1,12.2500,13.2644,2023-10-09,0,1.9316
prebreak,002687,2023-09-01,S,S,A,C,S,S,A,4.7267,4.6200,4.4400,0.1800,,0,0.0000,0.0000,,0,0.0000,0,0.0000,0.0000,,0,0.0000,0,0.0000,0.0000,,0,0.0000
prebreak,002822,2023-09-01,S,S,A,C,S,S,A,4.7200,4.4100,4.2300,0.1800,,1,4.4100,4.5200,2023-09-08,0,0.5921,1,4.4100,4.4100,2023-09-15,0,-0.0186,1,4.4100,4.2300,2023-10-09,1,-1.0180
prebreak,300185,2023-09-01,S,S,A,C,S,S,A,2.5154,2.5500,2.4300,0.1200,,0,0.0000,0.0000,,0,0.0000,0,0.0000,0.0000,,0,0.0000,0,0.0000,0.0000,,0,0.0000
prebreak,300230,2023-09-01,S,S,A,C,S,S,A,3.6411,3.4200,3.2400,0.1800,,1,3.4200,3.5954,2023-09-08,0,0.9591,1,3.4200,3.5679,2023-09-15,0,0.8068,1,3.4200,3.5771,2023-10-09,0,0.8575
prebreak,300425,2023-09-01,S,S,A,C,S,S,A,4.9210,4.9800,4.7600,0.2200,,0,0.0000,0.0000,,0,0.0000,0,0.0000,0.0000,,0,0.0000,0,0.0000,0.0000,,0,0.0000
prebreak,300543,2023-09-01,S,S,A,C,S,S,A,9.8267,8.9500,8.4900,0.4600,,1,8.9500,9.8757,2023-09-08,0,1.9964,1,8.9500,9.6014,2023-09-15,0,1.4004,1,8.9500,10.0129,2023-10-09,0,2.2944
prebreak,300997,2023-09-01,S,S,A,C,S,S,A,13.6213,12.6700,12.0600,0.6100,,1,12.6700,12.8755,2023-09-08,0,0.3210,1,12.6700,12.9798,2023-09-15,0,0.4918,1,12.6700,12.3072,2023-10-09,0,-0.6102
prebreak,301167,2023-09-01,S,S,A,C,S,S,A,17.9539,18.4100,17.4800,0.9300,,0,0.0000,0.0000,,0,0.0000,0,0.0000,0.0000,,0,0.0000,0,0.0000,0.0000,,0,0.0000
prebreak,600201,2023-09-01,S,S,A,C,S,S,A,9.2636,9.5300,9.0300,0.5000,,0,0.0000,0.0000,,0,0.0000,0,0.0000,0.0000,,0,0.0000,0,0.0000,0.0000,,0,0.0000
prebreak,600510,2023-09-01,S,S,A,C,S,S,A,5.6985,6.4600,6.1700,0.2900,,0,0.0000,0.0000,,0,0.0000,0,0.0000,0.0000,,0,0.0000,0,0.0000,0.0000,,0,0.0000
prebreak,600512,2023-09-01,S,S,A,C,S,S,A,2.6052,2.8100,2.6900,0.1200,,0,0.0000,0.0000,,0,0.0000,0,0.0000,0.0000,,0,0.0000,0,0.0000,0.0000,,0,0.0000
prebreak,600784,2023-09-01,S,S,A,C,S,S,A,6.2491,6.8300,6.4800,0.3500,,0,0.0000,0.0000,,0,0.0000,0,0.0000,0.0000,,0,0.0000,0,0.0000,0.0000,,0,0.0000
prebreak,600827,2023-09-01,S,S,A,C,S,S,A,11.1988,12.8900,12.2300,0.6600,,0,0.0000,0.0000,,0,0.0000,0,0.0000,0.0000,,0,0.0000,0,0.0000,0.0000,,0,0.0000
prebreak,600894,2023-09-01,S,S,A,C,S,S,A,6.4296,6.0800,5.7600,0.3200,,0,0.0000,0.0000,,0,0.0000,0,0.0000,0.0000,,0,0.0000,0,0.0000,0.0000,,0,0.0000
prebreak,601008,2023-09-01,S,S,A,C,S,S,A,4.1779,4.3700,4.1800,0.1900,,1,4.3700,4.2358,2023-09-08,0,-0.7235,1,4.3700,4.3323,2023-09-15,0,-0.2160,1,4.3700,4.3612,2023-10-09,0,-0.0638
prebreak,601579,2023-09-01,S,S,A,C,S,S,A,11.2382,11.0800,10.6500,0.4300,,1,11.0800,11.2762,2023-09-08,0,0.4364,1,11.0800,11.2192,2023-09-15,0,0.3040,1,11.0800,10.6500,2023-09-27,1,-1.0190
prebreak,603080,2023-09-01,S,S,A,C,S,S,A,15.1966,13.4500,12.8000,0.6500,,1,13.4500,13.9409,2023-09-08,0,0.7390,1,13.4500,14.2617,2023-09-15,0,1.2322,1,13.4500,15.0041,2023-10-09,0,2.3737
prebreak,603607,2023-09-01,S,S,A,C,S,S,A,14.2396,13.7200,13.0500,0.6700,,0,0.0000,0.0000,,0,0.0000,0,0.0000,0.0000,,0,0.0000,0,0.0000,0.0000,,0,0.0000
prebreak,000001,2023-09-04,S,S,A,C,S,S,A,9.7120,9.7600,9.3200,0.4400,,0,0.0000,0.0000,,0,0.0000,0,0.0000,0.0000,,0,0.0000,0,0.0000,0.0000,,0,0.0000
prebreak,000009,2023-09-04,S,S,A,C,S,S,A,10.7946,10.9000,10.3700,0.5300,,0,0.0000,0.0000,,0,0.0000,0,0.0000,0.0000,,0,0.0000,0,0.0000,0.0000,,0,0.0000
prebreak,000419,2023-09-04,S,S,A,C,S,S,A,5.5560,5.5800,5.2900,0.2900,,0,0.0000,0.0000,,0,0.0000,0,0.0000,0.0000,,0,0.0000,0,0.0000,0.0000,,0,0.0000
prebreak,000630,2023-09-04,S,S,A,C,S,S,A,3.2062,2.9900,2.8700,0.1200,,0,0.0000,0.0000,,0,0.0000,0,0.0000,0.0000,,0,0.0000,0,0.0000,0.0000,,0,0.0000
prebreak,002073,2023-09-04,S,S,A,C,S,S,A,6.8607,6.9100,6.6000,0.3100,,0,0.0000,0.0000,,0,0.0000,0,0.0000,0.0000,,0,0.0000,0,0.0000,0.0000,,0,0.0000
prebreak,002135,2023-09-04,S,S,A,C,S,S,A,5.7943,6.4300,6.1300,0.3000,,0,0.0000,0.0000,,0,0.0000,0,0.0000,0.0000,,0,0.0000,0,0.0000,0.0000,,0,0.0000
prebreak,002185,2023-09-04,S,S,A,C,S,S,A,8.9887,9.0200,8.5400,0.4800,,0,0.0000,0.0000,,0,0.0000,0,0.0000,0.0000,,0,0.0000,0,0.0000,0.0000,,0,0.0000
prebreak,002243,2023-09-04,S,S,A,C,S,S,A,8.2413,8.6400,8.2500,0.3900,,0,0.0000,0.0000,,0,0.0000,0,0.0000,0.0000,,0,0.0000,0,0.0000,0.0000,,0,0.0000
prebreak,002249,2023-09-04,S,S,A,C,S,S,A,4.9214,4.8400,4.6200,0.2200,,0,0.0000,0.0000,,0,0.0000,0,0.0000,0.0000,,0,0.0000,0,0.0000,0.0000,,0,0.0000
prebreak,002277,2023-09-04,S,S,A,C,S,S,A,3.3563,3.3900,3.2200,0.1700,,0,0.0000,0.0000,,0,0.0000,0,0.0000,0.0000,,0,0.0000,0,0.0000,0.0000,,0,0.0000
prebreak,002375,2023-09-04,S,S,A,C,S,S,A,4.7094,4.6500,4.4200,0.2300,,0,0.0000,0.0000,,0,0.0000,0,0.0000,0.0000,,0,0.0000,0,0.0000,0.0000,,0,0.0000
prebreak,002394,2023-09-04,S,S,A,C,S,S,A,7.6464,7.2400,6.9700,0.2700,,0,0.0000,0.0000,,0,0.0000,0,0.0000,0.0000,,0,0.0000,0,0.0000,0.0000,,0,0.0000
prebreak,002402,2023-09-04,S,S,A,C,S,S,A,14.6907,14.4000,13.9000,0.5000,,0,0.0000,0.0000,,0,0.0000,0,0.0000,0.0000,,0,0.0000,0,0.0000,0.0000,,0,0.0000
prebreak,002421,2023-09-04,S,S,A,C,S,S,A,3.3762,3.4400,3.2700,0.1700,,0,0.0000,0.0000,,0,0.0000,0,0.0000,0.0000,,0,0.0000,0,0.0000,0.0000,,0,0.0000
prebreak,002451,2023-09-04,S,S,A,C,S,S,A,6.6207,6.6700,6.4200,0.2500,,0,0.0000,0.0000,,0,0.0000,0,0.0000,0.0000,,0,0.0000,0,0.0000,0.0000,,0,0.0000
prebreak,002479,2023-09-04,S,S,A,C,S,S,A,4.2159,4.4000,4.1700,0.2300,,0,0.0000,0.0000,,0,0.0000,0,0.0000,0.0000,,0,0.0000,0,0.0000,0.0000,,0,0.0000
prebreak,002488,2023-09-04,S,S,A,C,S,S,A,6.7211,6.7800,6.4600,0.3200,,1,6.7800,7.1094,2023-09-11,0,1.0126,1,6.7800,7.0098,2023-09-18,0,0.7016,1,6.7800,7.4380,2023-10-10,0,2.0387
prebreak,002563,2023-09-04,S,S,A,C,S,S,A,5.3536,5.4000,5.1800,0.2200,,0,0.0000,0.0000,,0,0.0000,0,0.0000,0.0000,,0,0.0000,0,0.0000,0.0000,,0,0.0000
prebreak,300061,2023-09-04,S,S,A,C,S,S,A,6.7500,6.5100,6.2100,0.3000,,0,0.0000,0.0000,,0,0.0000,0,0.0000,0.0000,,0,0.0000,0,0.0000,0.0000,,0,0.0000
prebreak,300219,2023-09-04,S,S,A,C,S,S,A,7.1393,6.9400,6.6200,0.3200,,1,6.9400,7.3020,2023-09-11,0,1.1141,1,6.9400,7.1776,2023-09-18,0,0.7256,1,6.9400,7.6178,2023-10-10,0,2.1004
prebreak,300355,2023-09-04,S,S,A,C,S,S,A,3.8475,3.5700,3.3800,0.1900,,0,0.0000,0.0000,,0,0.0000,0,0.0000,0.0000,,0,0.0000,0,0.0000,0.0000,,0,0.0000
prebreak,300400,2023-09-04,S,S,A,C,S,S,A,15.1376,14.2700,13.5400,0.7300,,1,14.2700,15.6179,2023-09-11,0,1.8304,1,14.2700,15.4055,2023-09-18,0,1.5396,1,14.2700,15.9689,2023-10-10,0,2.3109
prebreak,300497,2023-09-04,S,S,A,C,S,S,A,11.7900,13.3800,12.7400,0.6400,,0,0.0000,0.0000,,0,0.0000,0,0.0000,0.0000,,0,0.0000,0,0.0000,0.0000,,0,0.0000
prebreak,300531,2023-09-04,S,S,A,C,S,S,A,13.8946,14.1500,13.4100,0.7400,,1,14.1500,14.2402,2023-09-11,0,0.1073,1,14.1500,13.4100,2023-09-14,1,-1.0139,1,14.1500,13.4100,2023-09-14,1,-1.0139
prebreak,300677,2023-09-04,S,S,A,C,S,S,A,21.5992,22.0200,20.9500,1.0700,,0,0.0000,0.0000,,0,0.0000,0,0.0000,0.0000,,0,0.0000,0,0.0000,0.0000,,0,0.0000
prebreak,300747,2023-09-04,S,S,A,C,S,S,A,26.0615,26.6800,25.2900,1.3900,,1,26.6800,25.2900,2023-09-08,1,-1.0140,1,26.6800,25.2900,2023-09-08,1,-1.0140,1,26.6800,25.2900,2023-09-08,1,-1.0140
prebreak,300798,2023-09-04,S,S,A,C,S,S,A,6.9595,6.6700,6.3300,0.3400,,0,0.0000,0.0000,,0,0.0000,0,0.0000,0.0000,,0,0.0000,0,0.0000,0.0000,,0,0.0000
prebreak,300906,2023-09-04,S,S,A,C,S,S,A,25.1210,23.3100,22.1900,1.1200,,0,0.0000,0.0000,,0,0.0000,0,0.0000,0.0000,,0,0.0000,0,0.0000,0.0000,,0,0.0000
prebreak,600031,2023-09-04,S,S,A,C,S,S,A,16.1211,15.2100,14.4400,0.7700,,0,0.0000,0.0000,,0,0.0000,0,0.0000,0.0000,,0,0.0000,0,0.0000,0.0000,,0,0.0000
prebreak,600061,2023-09-04,S,S,A,C,S,S,A,6.9016,7.6400,7.2800,0.3600,,0,0.0000,0.0000,,0,0.0000,0,0.0000,0.0000,,0,0.0000,0,0.0000,0.0000,,0,0.0000
prebreak,600089,2023-09-04,S,S,A,C,S,S,A,14.2762,14.3500,13.9000,0.4500,,0,0.0000,0.0000,,0,0.0000,0,0.0000,0.0000,,0,0.0000,0,0.0000,0.0000,,0,0.0000
prebreak,600107,2023-09-04,S,S,A,C,S,S,A,5.6900,5.5100,5.2600,0.2500,,0,0.0000,0.0000,,0,0.0000,0,0.0000,0.0000,,0,0.0000,0,0.0000,0.0000,,0,0.0000
prebreak,600111,2023-09-04,S,S,A,C,S,S,A,22.7909,22.8100,21.6500,1.1600,,0,0.0000,0.0000,,0,0.0000,0,0.0000,0.0000,,0,0.0000,0,0.0000,0.0000,,0,0.0000
prebreak,600167,2023-09-04,S,S,A,C,S,S,A,5.3686,5.9600,5.7500,0.2100,,0,0.0000,0.0000,,0,0.0000,0,0.0000,0.0000,,0,0.0000,0,0.0000,0.0000,,0,0.0000
prebreak,600208,2023-09-04,S,S,A,C,S,S,A,2.5900,2.6200,2.5000,0.1200,,0,0.0000,0.0000,,0,0.0000,0,0.0000,0.0000,,0,0.0000,0,0.0000,0.0000,,0,0.0000
prebreak,600216,2023-09-04,S,S,A,C,S,S,A,10.3731,10.3600,9.8400,0.5200,,0,0.0000,0.0000,,0,0.0000,0,0.0000,0.0000,,0,0.0000,0,0.0000,0.0000,,0,0.0000
prebreak,600251,2023-09-04,S,S,A,C,S,S,A,9.0173,9.0600,8.6800,0.3800,,0,0.0000,0.0000,,0,0.0000,0,0.0000,0.0000,,0,0.0000,0,0.0000,0.0000,,0,0.0000
prebreak,600328,2023-09-04,S,S,A,C,S,S,A,8.8420,8.7900,8.3700,0.4200,,0,0.0000,0.0000,,0,0.0000,0,0.0000,0.0000,,0,0.0000,0,0.0000,0.0000,,0,0.0000
prebreak,600758,2023-09-04,S,S,A,C,S,S,A,4.2225,4.3400,4.1200,0.2200,,0,0.0000,0.0000,,0,0.0000,0,0.0000,0.0000,,0,0.0000,0,0.0000,0.0000,,0,0.0000
prebreak,600916,2023-09-04,S,S,A,C,S,S,A,10.1135,10.3000,9.8900,0.4100,,0,0.0000,0.0000,,0,0.0000,1,10.3000,10.2036,2023-09-18,0,-0.2541,1,10.3000,9.8900,2023-09-21,1,-1.0185
prebreak,601021,2023-09-04,S,S,A,C,S,S,A,53.4815,55.7300,53.0200,2.7100,,0,0.0000,0.0000,,0,0.0000,0,0.0000,0.0000,,0,0.0000,0,0.0000,0.0000,,0,0.0000
prebreak,601933,2023-09-04,S,S,A,C,S,S,A,3.3100,3.3400,3.2100,0.1300,,0,0.0000,0.0000,,0,0.0000,0,0.0000,0.0000,,0,0.0000,0,0.0000,0.0000,,0,0.0000
prebreak,603718,2023-09-04,S,S,A,C,S,S,A,10.7461,9.6900,9.2600,0.4300,,1,9.6900,10.5787,2023-09-11,0,2.0482,1,9.6900,10.6673,2023-09-18,0,2.2542,1,9.6900,10.6279,2023-10-10,0,2.1627
prebreak,605499,2023-09-04,S,S,A,C,S,S,A,108.2028,104.7900,100.5500,4.2400,,0,0.0000,0.0000,,0,0.0000,0,0.0000,0.0000,,0,0.0000,0,0.0000,0.0000,,0,0.0000
prebreak,000069,2023-09-05,S,S,A,C,S,S,A,4.3700,4.8800,4.6900,0.1900,,0,0.0000,0.0000,,0,0.0000,0,0.0000,0.0000,,0,0.0000,0,0.0000,0.0000,,0,0.0000
prebreak,000157,2023-09-05,S,S,A,C,S,S,A,6.1379,5.6800,5.4100,0.2700,,1,5.6800,6.0159,2023-09-12,0,1.2272,1,5.6800,5.9897,2023-09-19,0,1.1304,1,5.6800,5.8415,2023-10-11,0,0.5818
prebreak,000408,2023-09-05,S,S,A,C,S,S,A,22.5629,21.5900,20.5400,1.0500,,0,0.0000,0.0000,,0,0.0000,0,0.0000,0.0000,,0,0.0000,0,0.0000,0.0000,,0,0.0000
prebreak,000563,2023-09-05,S,S,A,C,S,S,A,2.8282,3.0300,2.8700,0.1600,,0,0.0000,0.0000,,0,0.0000,0,0.0000,0.0000,,0,0.0000,0,0.0000,0.0000,,0,0.0000
prebreak,000592,2023-09-05,S,S,A,C,S,S,A,2.6400,2.4500,2.3700,0.0800,,1,2.4500,2.6300,2023-09-12,0,2.2253,1,2.4500,2.6000,2023-09-19,0,1.8505,1,2.4500,2.4400,2023-10-11,0,-0.1482
prebreak,000682,2023-09-05,S,S,A,C,S,S,A,8.5664,8.8800,8.4300,0.4500,,0,0.0000,0.0000,,0,0.0000,0,0.0000,0.0000,,0,0.0000,0,0.0000,0.0000,,0,0.0000
prebreak,000905,2023-09-05,S,S,A,C,S,S,A,7.2913,7.6800,7.3000,0.3800,,0,0.0000,0.0000,,0,0.0000,1,7.6800,7.3000,2023-09-14,1,-1.0147,1,7.6800,7.3000,2023-09-14,1,-1.0147
prebreak,000968,2023-09-05,S,S,A,C,S,S,A,7.5255,7.6900,7.4200,0.2700,,0,0.0000,0.0000,,0,0.0000,0,0.0000,0.0000,,0,0.0000,0,0.0000,0.0000,,0,0.0000
prebreak,000969,2023-09-05,S,S,A,C,S,S,A,9.3411,9.3800,8.9700,0.4100,,0,0.0000,0.0000,,0,0.0000,0,0.0000,0.0000,,0,0.0000,0,0.0000,0.0000,,0,0.0000
prebreak,002010,2023-09-05,S,S,A,C,S,S,A,4.9058,4.9700,4.7700,0.2000,,0,0.0000,0.0000,,0,0.0000,0,0.0000,0.0000,,0,0.0000,0,0.0000,0.0000,,0,0.0000
prebreak,002044,2023-09-05,S,S,A,C,S,S,A,6.7352,6.9400,6.6700,0.2700,,0,0.0000,0.0000,,0,0.0000,0,0.0000,0.0000,,0,0.0000,1,6.9400,6.6700,2023-09-22,1,-1.0189
prebreak,002124,2023-09-05,S,S,A,C,S,S,A,4.4800,4.6000,4.4100,0.1900,,0,0.0000,0.0000,,0,0.0000,0,0.0000,0.0000,,0,0.0000,0,0.0000,0.0000,,0,0.0000
prebreak,002294,2023-09-05,S,S,A,C,S,S,A,25.7808,26.7200,25.6400,1.0800,,0,0.0000,0.0000,,0,0.0000,1,26.7200,27.5364,2023-09-19,0,0.7366,1,26.7200,28.4333,2023-10-11,0,1.5666
prebreak,002489,2023-09-05,S,S,A,C,S,S,A,3.4084,3.8200,3.6400,0.1800,,0,0.0000,0.0000,,0,0.0000,0,0.0000,0.0000,,0,0.0000,0,0.0000,0.0000,,0,0.0000
prebreak,002510,2023-09-05,S,S,A,C,S,S,A,3.9096,4.0000,3.8100,0.1900,,0,0.0000,0.0000,,0,0.0000,0,0.0000,0.0000,,0,0.0000,1,4.0000,3.8998,2023-10-11,0,-0.5433
prebreak,002588,2023-09-05,S,S,A,C,S,S,A,5.3688,5.4200,5.2100,0.2100,,0,0.0000,0.0000,,0,0.0000,0,0.0000,0.0000,,0,0.0000,0,0.0000,0.0000,,0,0.0000
prebreak,003040,2023-09-05,S,S,A,C,S,S,A,16.6357,17.1300,16.3800,0.7500,,0,0.0000,0.0000,,0,0.0000,0,0.0000,0.0000,,0,0.0000,0,0.0000,0.0000,,0,0.0000
prebreak,300145,2023-09-05,S,S,A,C,S,S,A,2.8990,3.0200,2.8600,0.1600,,0,0.0000,0.0000,,0,0.0000,0,0.0000,0.0000,,0,0.0000,0,0.0000,0.0000,,0,0.0000
prebreak,300180,2023-09-05,S,S,A,C,S,S,A,3.5244,3.8100,3.6100,0.2000,,0,0.0000,0.0000,,0,0.0000,0,0.0000,0.0000,,0,0.0000,0,0.0000,0.0000,,0,0.0000
prebreak,300272,2023-09-05,S,S,A,C,S,S,A,5.2174,5.2600,5.0000,0.2600,,0,0.0000,0.0000,,0,0.0000,0,0.0000,0.0000,,0,0.0000,0,0.0000,0.0000,,0,0.0000
prebreak,300388,2023-09-05,S,S,A,C,S,S,A,6.3349,6.5400,6.2800,0.2600,,0,0.0000,0.0000,,0,0.0000,0,0.0000,0.0000,,0,0.0000,0,0.0000,0.0000,,0,0.0000
prebreak,300732,2023-09-05,S,S,A,C,S,S,A,9.3029,9.6700,9.1900,0.4800,,0,0.0000,0.0000,,0,0.0000,0,0.0000,0.0000,,0,0.0000,0,0.0000,0.0000,,0,0.0000
prebreak,300832,2023-09-05,S,S,A,C,S,S,A,57.2731,52.2000,49.5100,2.6900,,0,0.0000,0.0000,,0,0.0000,0,0.0000,0.0000,,0,0.0000,0,0.0000,0.0000,,0,0.0000
prebreak,301139,2023-09-05,S,S,A,C,S,S,A,30.3689,27.0300,25.6800,1.3500,,0,0.0000,0.0000,,0,0.0000,0,0.0000,0.0000,,0,0.0000,0,0.0000,0.0000,,0,0.0000
prebreak,600048,2023-09-05,S,S,A,C,S,S,A,12.7756,13.2500,12.6100,0.6400,,0,0.0000,0.0000,,0,0.0000,0,0.0000,0.0000,,0,0.0000,0,0.0000,0.0000,,0,0.0000
prebreak,600161,2023-09-05,S,S,A,C,S,S,A,20.1500,20.5800,19.9000,0.6800,,0,0.0000,0.0000,,0,0.0000,1,20.5800,20.3782,2023-09-19,0,-0.3195,1,20.5800,21.0629,2023-10-11,0,0.6867
prebreak,600295,2023-09-05,S,S,A,C,S,S,A,7.7952,7.6800,7.3000,0.3800,,0,0.0000,0.0000,,0,0.0000,0,0.0000,0.0000,,0,0.0000,0,0.0000,0.0000,,0,0.0000
prebreak,600642,2023-09-05,S,S,A,C,S,S,A,5.6377,5.7600,5.5200,0.2400,,0,0.0000,0.0000,,0,0.0000,0,0.0000,0.0000,,0,0.0000,0,0.0000,0.0000,,0,0.0000
prebreak,600736,2023-09-05,S,S,A,C,S,S,A,4.8197,5.3300,5.0900,0.2400,,0,0.0000,0.0000,,0,0.0000,0,0.0000,0.0000,,0,0.0000,0,0.0000,0.0000,,0,0.0000
prebreak,600881,2023-09-05,S,S,A,C,S,S,A,2.1400,2.2200,2.1200,0.1000,,0,0.0000,0.0000,,0,0.0000,0,0.0000,0.0000,,0,0.0000,0,0.0000,0.0000,,0,0.0000
prebreak,600973,2023-09-05,S,S,A,C,S,S,A,4.7600,4.8700,4.7000,0.1700,,0,0.0000,0.0000,,0,0.0000,1,4.8700,5.1700,2023-09-19,0,1.7418,1,4.8700,5.1100,2023-10-11,0,1.3891
prebreak,601238,2023-09-05,S,S,A,C,S,S,A,10.1214,10.2500,9.8300,0.4200,,0,0.0000,0.0000,,0,0.0000,0,0.0000,0.0000,,0,0.0000,0,0.0000,0.0000,,0,0.0000
prebreak,603393,2023-09-05,S,S,A,C,S,S,A,26.2907,26.8000,25.3900,1.4100,,0,0.0000,0.0000,,0,0.0000,0,0.0000,0.0000,,0,0.0000,0,0.0000,0.0000,,0,0.0000
prebreak,000605,2023-09-06,S,S,A,C,S,S,A,6.1114,6.6300,6.3200,0.3100,,0,0.0000,0.0000,,0,0.0000,0,0.0000,0.0000,,0,0.0000,0,0.0000,0.0000,,0,0.0000
prebreak,000751,2023-09-06,S,S,A,C,S,S,A,3.3585,3.3900,3.2500,0.1400,,0,0.0000,0.0000,,0,0.0000,0,0.0000,0.0000,,0,0.0000,0,0.0000,0.0000,,0,0.0000
prebreak,002032,2023-09-06,S,S,A,C,S,S,A,41.0245,41.9200,40.5100,1.4100,,1,41.9200,40.5100,2023-09-12,1,-1.0220,1,41.9200,40.5100,2023-09-12,1,-1.0220,1,41.9200,40.5100,2023-09-12,1,-1.0220
prebreak,002414,2023-09-06,S,S,A,C,S,S,A,7.8036,7.8500,7.5600,0.2900,,0,0.0000,0.0000,,0,0.0000,0,0.0000,0.0000,,0,0.0000,0,0.0000,0.0000,,0,0.0000
prebreak,002533,2023-09-06,S,S,A,C,S,S,A,6.9240,6.9400,6.6000,0.3400,,0,0.0000,0.0000,,0,0.0000,0,0.0000,0.0000,,0,0.0000,0,0.0000,0.0000,,0,0.0000
prebreak,002867,2023-09-06,S,S,A,C,S,S,A,13.5821,13.9700,13.4800,0.4900,,1,13.9700,14.3290,2023-09-13,0,0.7105,1,13.9700,14.6294,2023-09-20,0,1.3231,1,13.9700,14.2730,2023-10-12,0,0.5964
prebreak,002887,2023-09-06,S,S,A,C,S,S,A,8.2175,8.5400,8.1400,0.4000,,0,0.0000,0.0000,,0,0.0000,0,0.0000,0.0000,,0,0.0000,0,0.0000,0.0000,,0,0.0000
prebreak,002925,2023-09-06,S,S,A,C,S,S,A,17.3385,17.4200,16.5300,0.8900,,0,0.0000,0.0000,,0,0.0000,0,0.0000,0.0000,,0,0.0000,0,0.0000,0.0000,,0,0.0000
prebreak,300098,2023-09-06,S,S,A,C,S,S,A,3.6100,3.5300,3.3800,0.1500,,1,3.5300,3.6900,2023-09-13,0,1.0481,1,3.5300,3.4100,2023-09-20,0,-0.8174,1,3.5300,4.5500,2023-10-12,0,6.7778
prebreak,300205,2023-09-06,S,S,A,C,S,S,A,12.6245,12.9000,12.2300,0.6700,,0,0.0000,0.0000,,0,0.0000,0,0.0000,0.0000,,0,0.0000,0,0.0000,0.0000,,0,0.0000
prebreak,300296,2023-09-06,S,S,A,C,S,S,A,6.2834,6.2500,5.9500,0.3000,,1,6.2500,6.3122,2023-09-13,0,0.1913,1,6.2500,6.0627,2023-09-20,0,-0.6396,1,6.2500,6.3985,2023-10-12,0,0.4789
prebreak,300385,2023-09-06,S,S,A,C,S,S,A,6.4700,6.4700,6.1700,0.3000,,0,0.0000,0.0000,,0,0.0000,0,0.0000,0.0000,,0,0.0000,0,0.0000,0.0000,,0,0.0000
prebreak,300532,2023-09-06,S,S,A,C,S,S,A,8.5332,8.7800,8.3200,0.4600,,0,0.0000,0.0000,,0,0.0000,0,0.0000,0.0000,,0,0.0000,0,0.0000,0.0000,,0,0.0000
prebreak,300961,2023-09-06,S,S,A,C,S,S,A,11.0300,11.2600,10.7300,0.5300,,0,0.0000,0.0000,,0,0.0000,0,0.0000,0.0000,,0,0.0000,0,0.0000,0.0000,,0,0.0000
prebreak,600036,2023-09-06,S,S,A,C,S,S,A,28.6117,27.3700,26.3700,1.0000,,0,0.0000,0.0000,,0,0.0000,0,0.0000,0.0000,,0,0.0000,0,0.0000,0.0000,,0,0.0000
prebreak,600226,2023-09-06,S,S,A,C,S,S,A,2.8300,2.8500,2.7200,0.1300,,0,0.0000,0.0000,,0,0.0000,0,0.0000,0.0000,,0,0.0000,0,0.0000,0.0000,,0,0.0000
prebreak,600569,2023-09-06,S,S,A,C,S,S,A,2.1700,2.2600,2.1500,0.1100,,0,0.0000,0.0000,,0,0.0000,1,2.2600,2.2100,2023-09-20,0,-0.4699,1,2.2600,2.1500,2023-09-25,1,-1.0150
prebreak,600760,2023-09-06,S,S,A,C,S,S,A,44.2971,44.0800,42.2200,1.8600,,0,0.0000,0.0000,,0,0.0000,0,0.0000,0.0000,,0,0.0000,0,0.0000,0.0000,,0,0.0000
prebreak,600794,2023-09-06,S,S,A,C,S,S,A,3.5558,3.7400,3.5600,0.1800,,0,0.0000,0.0000,,0,0.0000,0,0.0000,0.0000,,0,0.0000,0,0.0000,0.0000,,0,0.0000
prebreak,600862,2023-09-06,S,S,A,C,S,S,A,24.4632,24.3100,23.1700,1.1400,,0,0.0000,0.0000,,0,0.0000,0,0.0000,0.0000,,0,0.0000,0,0.0000,0.0000,,0,0.0000
prebreak,600871,2023-09-06,S,S,A,C,S,S,A,2.1500,2.1500,2.0600,0.0900,,0,0.0000,0.0000,,0,0.0000,0,0.0000,0.0000,,0,0.0000,0,0.0000,0.0000,,0,0.0000
prebreak,600927,2023-09-06,S,S,A,C,S,S,A,15.9833,16.5200,15.8200,0.7000,,0,0.0000,0.0000,,0,0.0000,0,0.0000,0.0000,,0,0.0000,0,0.0000,0.0000,,0,0.0000
prebreak,601015,2023-09-06,S,S,A,C,S,S,A,4.7600,4.5300,4.3000,0.2300,,1,4.5300,4.5900,2023-09-13,0,0.2457,1,4.5300,4.6200,2023-09-20,0,0.3761,1,4.5300,4.3000,2023-09-27,1,-1.0143
prebreak,603328,2023-09-06,S,S,A,C,S,S,A,7.5592,7.2400,6.8900,0.3500,,0,0.0000,0.0000,,0,0.0000,0,0.0000,0.0000,,0,0.0000,0,0.0000,0.0000,,0,0.0000
prebreak,603551,2023-09-06,S,S,A,C,S,S,A,10.1065,9.1900,8.7300,0.4600,,1,9.1900,8.7300,2023-09-08,1,-1.0146,1,9.1900,8.7300,2023-09-08,1,-1.0146,1,9.1900,8.7300,2023-09-08,1,-1.0146
prebreak,603565,2023-09-06,S,S,A,C,S,S,A,7.9160,9.0000,8.5600,0.4400,,0,0.0000,0.0000,,0,0.0000,0,0.0000,0.0000,,0,0.0000,0,0.0000,0.0000,,0,0.0000
prebreak,000402,2023-09-08,S,S,A,C,S,S,A,4.4800,4.6900,4.4500,0.2400,,0,0.0000,0.0000,,0,0.0000,0,0.0000,0.0000,,0,0.0000,0,0.0000,0.0000,,0,0.0000
prebreak,001896,2023-09-08,S,S,A,C,S,S,A,4.8400,4.6500,4.4600,0.1900,,1,4.6500,4.7200,2023-09-15,0,0.3496,1,4.6500,4.4600,2023-09-22,1,-1.0180,1,4.6500,4.4600,2023-09-22,1,-1.0180
prebreak,002028,2023-09-08,S,S,A,C,S,S,A,49.3975,51.5300,49.3100,2.2200,,0,0.0000,0.0000,,0,0.0000,0,0.0000,0.0000,,0,0.0000,0,0.0000,0.0000,,0,0.0000
prebreak,002091,2023-09-08,S,S,A,C,S,S,A,6.5862,6.6400,6.3400,0.3000,,0,0.0000,0.0000,,0,0.0000,0,0.0000,0.0000,,0,0.0000,0,0.0000,0.0000,,0,0.0000
prebreak,002097,2023-09-08,S,S,A,C,S,S,A,5.9637,6.0800,5.8700,0.2100,,0,0.0000,0.0000,,0,0.0000,0,0.0000,0.0000,,0,0.0000,0,0.0000,0.0000,,0,0.0000
prebreak,002106,2023-09-08,S,S,A,C,S,S,A,8.8138,9.1800,8.7200,0.4600,,0,0.0000,0.0000,,0,0.0000,0,0.0000,0.0000,,0,0.0000,1,9.1800,9.4379,2023-10-16,0,0.5451
prebreak,002203,2023-09-08,S,S,A,C,S,S,A,11.3429,11.6000,11.1100,0.4900,,0,0.0000,0.0000,,0,0.0000,0,0.0000,0.0000,,0,0.0000,0,0.0000,0.0000,,0,0.0000
prebreak,002443,2023-09-08,S,S,A,C,S,S,A,6.3782,6.6200,6.3400,0.2800,,0,0.0000,0.0000,,0,0.0000,0,0.0000,0.0000,,0,0.0000,0,0.0000,0.0000,,0,0.0000
prebreak,002471,2023-09-08,S,S,A,C,S,S,A,2.9329,2.9600,2.8000,0.1600,,0,0.0000,0.0000,,0,0.0000,0,0.0000,0.0000,,0,0.0000,0,0.0000,0.0000,,0,0.0000
prebreak,002635,2023-09-08,S,S,A,C,S,S,A,12.9775,12.2500,11.7300,0.5200,,0,0.0000,0.0000,,0,0.0000,0,0.0000,0.0000,,0,0.0000,0,0.0000,0.0000,,0,0.0000
prebreak,300144,2023-09-08,S,S,A,C,S,S,A,11.9405,12.1000,11.6200,0.4800,,0,0.0000,0.0000,,0,0.0000,1,12.1000,11.6200,2023-09-20,1,-1.0185,1,12.1000,11.6200,2023-09-20,1,-1.0185
prebreak,300185,2023-09-08,S,S,A,C,S,S,A,2.4662,2.5700,2.4600,0.1100,,0,0.0000,0.0000,,0,0.0000,0,0.0000,0.0000,,0,0.0000,0,0.0000,0.0000,,0,0.0000
prebreak,300256,2023-09-08,S,S,A,C,S,S,A,3.9700,3.3000,3.1400,0.1600,,1,3.3000,3.2300,2023-09-15,0,-0.4529,1,3.3000,3.1400,2023-09-18,1,-1.0150,1,3.3000,3.1400,2023-09-18,1,-1.0150
prebreak,300277,2023-09-08,S,S,A,C,S,S,A,8.2095,8.1700,7.7300,0.4400,,0,0.0000,0.0000,,0,0.0000,0,0.0000,0.0000,,0,0.0000,0,0.0000,0.0000,,0,0.0000
prebreak,300425,2023-09-08,S,S,A,C,S,S,A,4.7442,4.9800,4.7600,0.2200,,0,0.0000,0.0000,,0,0.0000,0,0.0000,0.0000,,0,0.0000,0,0.0000,0.0000,,0,0.0000
prebreak,301116,2023-09-08,S,S,A,C,S,S,A,15.0010,15.3800,14.6100,0.7700,,0,0.0000,0.0000,,0,0.0000,0,0.0000,0.0000,,0,0.0000,0,0.0000,0.0000,,0,0.0000
prebreak,301258,2023-09-08,S,S,A,C,S,S,A,37.0360,37.7200,36.4900,1.2300,,0,0.0000,0.0000,,0,0.0000,0,0.0000,0.0000,,0,0.0000,0,0.0000,0.0000,,0,0.0000
prebreak,600138,2023-09-08,S,S,A,C,S,S,A,12.3662,12.7000,12.1000,0.6000,,0,0.0000,0.0000,,0,0.0000,0,0.0000,0.0000,,0,0.0000,0,0.0000,0.0000,,0,0.0000
prebreak,600469,2023-09-08,S,S,A,C,S,S,A,5.4751,5.7900,5.5100,0.2800,,1,5.7900,5.5100,2023-09-14,1,-1.0151,1,5.7900,5.5100,2023-09-14,1,-1.0151,1,5.7900,5.5100,2023-09-14,1,-1.0151
prebreak,600512,2023-09-08,S,S,A,C,S,S,A,2.5759,2.6800,2.5500,0.1300,,0,0.0000,0.0000,,0,0.0000,0,0.0000,0.0000,,0,0.0000,0,0.0000,0.0000,,0,0.0000
prebreak,600562,2023-09-08,S,S,A,C,S,S,A,15.3006,15.4100,14.7700,0.6400,,0,0.0000,0.0000,,0,0.0000,0,0.0000,0.0000,,0,0.0000,0,0.0000,0.0000,,0,0.0000
prebreak,600590,2023-09-08,S,S,A,C,S,S,A,6.6462,6.6800,6.4200,0.2600,,0,0.0000,0.0000,,0,0.0000,0,0.0000,0.0000,,0,0.0000,0,0.0000,0.0000,,0,0.0000
prebreak,600808,2023-09-08,S,S,A,C,S,S,A,2.6300,2.7700,2.6200,0.1500,,0,0.0000,0.0000,,0,0.0000,0,0.0000,0.0000,,0,0.0000,0,0.0000,0.0000,,0,0.0000
prebreak,600827,2023-09-08,S,S,A,C,S,S,A,10.8039,12.8900,12.2300,0.6600,,0,0.0000,0.0000,,0,0.0000,0,0.0000,0.0000,,0,0.0000,0,0.0000,0.0000,,0,0.0000
prebreak,600894,2023-09-08,S,S,A,C,S,S,A,6.2054,6.0800,5.7600,0.3200,,0,0.0000,0.0000,,0,0.0000,0,0.0000,0.0000,,0,0.0000,0,0.0000,0.0000,,0,0.0000
prebreak,601727,2023-09-08,S,S,A,C,S,S,A,4.7202,4.5700,4.4000,0.1700,,1,4.5700,4.9198,2023-09-15,0,2.0359,1,4.5700,4.6903,2023-09-22,0,0.6866,1,4.5700,4.6603,2023-10-16,0,0.5107
prebreak,603607,2023-09-08,S,S,A,C,S,S,A,16.5605,14.5700,13.8500,0.7200,,1,14.5700,20.3054,2023-09-15,0,7.9454,1,14.5700,15.8763,2023-09-22,0,1.7978,1,14.5700,14.8684,2023-10-16,0,0.3988
prebreak,000016,2023-09-11,S,S,A,C,S,S,A,4.3900,4.4400,4.2700,0.1700,,0,0.0000,0.0000,,0,0.0000,0,0.0000,0.0000,,0,0.0000,0,0.0000,0.0000,,0,0.0000
prebreak,000423,2023-09-11,S,S,A,C,S,S,A,42.6035,45.8900,43.5400,2.3500,,0,0.0000,0.0000,,0,0.0000,0,0.0000,0.0000,,0,0.0000,0,0.0000,0.0000,,0,0.0000
prebreak,000813,2023-09-11,S,S,A,C,S,S,A,3.1700,3.2200,3.0500,0.1700,,1,3.2200,3.4100,2023-09-18,0,1.1025,1,3.2200,4.2800,2023-09-25,0,6.2170,1,3.2200,4.1800,2023-10-17,0,5.6291
prebreak,000881,2023-09-11,S,S,A,C,S,S,A,7.5300,7.9900,7.6600,0.3300,,1,7.9900,7.6600,2023-09-14,1,-1.0178,1,7.9900,7.6600,2023-09-14,1,-1.0178,1,7.9900,7.6600,2023-09-14,1,-1.0178
prebreak,000898,2023-09-11,S,S,A,C,S,S,A,2.7800,3.0100,2.8500,0.1600,,0,0.0000,0.0000,,0,0.0000,0,0.0000,0.0000,,0,0.0000,0,0.0000,0.0000,,0,0.0000
prebreak,001313,2023-09-11,S,S,A,C,S,S,A,9.0330,8.3700,8.0000,0.3700,,1,8.3700,8.8568,2023-09-18,0,1.2978,1,8.3700,8.8666,2023-09-25,0,1.3242,1,8.3700,8.7198,2023-10-17,0,0.9277
prebreak,002135,2023-09-11,S,S,A,C,S,S,A,5.7366,5.8100,5.5600,0.2500,,0,0.0000,0.0000,,0,0.0000,0,0.0000,0.0000,,0,0.0000,0,0.0000,0.0000,,0,0.0000
prebreak,002249,2023-09-11,S,S,A,C,S,S,A,4.8403,4.9300,4.7400,0.1900,,0,0.0000,0.0000,,0,0.0000,0,0.0000,0.0000,,0,0.0000,0,0.0000,0.0000,,0,0.0000
prebreak,002375,2023-09-11,S,S,A,C,S,S,A,4.6436,4.6500,4.4200,0.2300,,0,0.0000,0.0000,,0,0.0000,0,0.0000,0.0000,,0,0.0000,0,0.0000,0.0000,,0,0.0000
prebreak,002980,2023-09-11,S,S,A,C,S,S,A,20.9455,21.3300,20.4000,0.9300,,0,0.0000,0.0000,,0,0.0000,0,0.0000,0.0000,,0,0.0000,0,0.0000,0.0000,,0,0.0000
prebreak,300061,2023-09-11,S,S,A,C,S,S,A,6.5700,6.7600,6.4200,0.3400,,0,0.0000,0.0000,,0,0.0000,0,0.0000,0.0000,,0,0.0000,1,6.7600,6.5600,2023-10-17,0,-0.6030
prebreak,300424,2023-09-11,S,S,A,C,S,S,A,13.3396,13.0300,12.4300,0.6000,,0,0.0000,0.0000,,0,0.0000,0,0.0000,0.0000,,0,0.0000,0,0.0000,0.0000,,0,0.0000
prebreak,300497,2023-09-11,S,S,A,C,S,S,A,11.5500,13.3300,12.7300,0.6000,,0,0.0000,0.0000,,0,0.0000,0,0.0000,0.0000,,0,0.0000,0,0.0000,0.0000,,0,0.0000
prebreak,300747,2023-09-11,S,S,A,C,S,S,A,26.1505,26.6800,25.2900,1.3900,,0,0.0000,0.0000,,0,0.0000,0,0.0000,0.0000,,0,0.0000,0,0.0000,0.0000,,0,0.0000
prebreak,600031,2023-09-11,S,S,A,C,S,S,A,15.7717,16.1700,15.5400,0.6300,,0,0.0000,0.0000,,0,0.0000,0,0.0000,0.0000,,0,0.0000,0,0.0000,0.0000,,0,0.0000
prebreak,600061,2023-09-11,S,S,A,C,S,S,A,6.7886,6.9200,6.6300,0.2900,,0,0.0000,0.0000,,0,0.0000,0,0.0000,0.0000,,0,0.0000,0,0.0000,0.0000,,0,0.0000
prebreak,600111,2023-09-11,S,S,A,C,S,S,A,22.2255,22.9900,21.8800,1.1100,,0,0.0000,0.0000,,0,0.0000,0,0.0000,0.0000,,0,0.0000,0,0.0000,0.0000,,0,0.0000
prebreak,600251,2023-09-11,S,S,A,C,S,S,A,8.5862,9.0600,8.6800,0.3800,,0,0.0000,0.0000,,0,0.0000,0,0.0000,0.0000,,0,0.0000,0,0.0000,0.0000,,0,0.0000
prebreak,600328,2023-09-11,S,S,A,C,S,S,A,8.5110,8.8200,8.3700,0.4500,,0,0.0000,0.0000,,0,0.0000,0,0.0000,0.0000,,0,0.0000,0,0.0000,0.0000,,0,0.0000
prebreak,600343,2023-09-11,S,S,A,C,S,S,A,10.2100,10.2600,9.7500,0.5100,,0,0.0000,0.0000,,0,0.0000,0,0.0000,0.0000,,0,0.0000,0,0.0000,0.0000,,0,0.0000
prebreak,600582,2023-09-11,S,S,A,C,S,S,A,4.6792,4.7700,4.5400,0.2300,,0,0.0000,0.0000,,0,0.0000,0,0.0000,0.0000,,0,0.0000,0,0.0000,0.0000,,0,0.0000
prebreak,600664,2023-09-11,S,S,A,C,S,S,A,3.2600,3.2800,3.1200,0.1600,,1,3.2800,3.4000,2023-09-18,0,0.7340,1,3.2800,3.4000,2023-09-25,0,0.7340,1,3.2800,3.4900,2023-10-17,0,1.2961
prebreak,600741,2023-09-11,S,S,A,C,S,S,A,16.5774,16.6800,16.0600,0.6200,,0,0.0000,0.0000,,0,0.0000,0,0.0000,0.0000,,0,0.0000,0,0.0000,0.0000,,0,0.0000
prebreak,600929,2023-09-11,S,S,A,C,S,S,A,6.5494,6.8600,6.5700,0.2900,,0,0.0000,0.0000,,0,0.0000,0,0.0000,0.0000,,0,0.0000,0,0.0000,0.0000,,0,0.0000
prebreak,603766,2023-09-11,S,S,A,C,S,S,A,5.0080,5.0700,4.8700,0.2000,,0,0.0000,0.0000,,0,0.0000,0,0.0000,0.0000,,0,0.0000,0,0.0000,0.0000,,0,0.0000
prebreak,605499,2023-09-11,S,S,A,C,S,S,A,105.6940,104.7900,100.5500,4.2400,,0,0.0000,0.0000,,0,0.0000,0,0.0000,0.0000,,0,0.0000,0,0.0000,0.0000,,0,0.0000
prebreak,688166,2023-09-11,S,S,A,C,S,S,A,19.1505,20.0300,19.0400,0.9900,,1,20.0300,20.5738,2023-09-18,0,0.5336,1,20.0300,26.1577,2023-09-25,0,6.1703,1,20.0300,42.8795,2023-10-17,0,23.0504
prebreak,000408,2023-09-12,S,S,A,C,S,S,A,21.9963,22.8300,21.6800,1.1500,,0,0.0000,0.0000,,0,0.0000,0,0.0000,0.0000,,0,0.0000,0,0.0000,0.0000,,0,0.0000
prebreak,000552,2023-09-12,S,S,A,C,S,S,A,3.1093,3.1900,3.0800,0.1100,,0,0.0000,0.0000,,0,0.0000,0,0.0000,0.0000,,0,0.0000,0,0.0000,0.0000,,0,0.0000
prebreak,000592,2023-09-12,S,S,A,C,S,S,A,2.6300,2.4500,2.3700,0.0800,,0,0.0000,0.0000,,0,0.0000,0,0.0000,0.0000,,0,0.0000,0,0.0000,0.0000,,0,0.0000
prebreak,000905,2023-09-12,S,S,A,C,S,S,A,7.3296,7.4900,7.1500,0.3400,,1,7.4900,7.1500,2023-09-14,1,-1.0161,1,7.4900,7.1500,2023-09-14,1,-1.0161,1,7.4900,7.1500,2023-09-14,1,-1.0161
prebreak,000968,2023-09-12,S,S,A,C,S,S,A,7.5063,7.6800,7.3700,0.3100,,0,0.0000,0.0000,,0,0.0000,0,0.0000,0.0000,,0,0.0000,0,0.0000,0.0000,,0,0.0000
prebreak,000969,2023-09-12,S,S,A,C,S,S,A,9.3798,9.5500,9.1600,0.3900,,0,0.0000,0.0000,,0,0.0000,0,0.0000,0.0000,,0,0.0000,0,0.0000,0.0000,,0,0.0000
prebreak,000995,2023-09-12,S,S,A,C,S,S,A,17.6600,17.4200,16.7800,0.6400,,0,0.0000,0.0000,,0,0.0000,0,0.0000,0.0000,,0,0.0000,0,0.0000,0.0000,,0,0.0000
prebreak,002223,2023-09-12,S,S,A,C,S,S,A,31.5157,31.2800,29.8000,1.4800,,0,0.0000,0.0000,,0,0.0000,0,0.0000,0.0000,,0,0.0000,0,0.0000,0.0000,,0,0.0000
prebreak,002294,2023-09-12,S,S,A,C,S,S,A,25.6949,26.7200,25.6400,1.0800,,1,26.7200,27.5364,2023-09-19,0,0.7366,1,26.7200,27.7558,2023-09-26,0,0.9397,1,26.7200,27.9562,2023-10-18,0,1.1251
prebreak,002730,2023-09-12,S,S,A,C,S,S,A,8.5993,9.0100,8.6300,0.3800,,0,0.0000,0.0000,,0,0.0000,0,0.0000,0.0000,,0,0.0000,0,0.0000,0.0000,,0,0.0000
prebreak,300122,2023-09-12,S,S,A,C,S,S,A,44.1304,44.2200,41.9400,2.2800,,0,0.0000,0.0000,,0,0.0000,0,0.0000,0.0000,,0,0.0000,0,0.0000,0.0000,,0,0.0000
prebreak,300145,2023-09-12,S,S,A,C,S,S,A,2.9682,2.9800,2.8200,0.1600,,0,0.0000,0.0000,,0,0.0000,0,0.0000,0.0000,,0,0.0000,0,0.0000,0.0000,,0,0.0000
prebreak,300597,2023-09-12,S,S,A,C,S,S,A,9.1506,9.1400,8.7300,0.4100,,0,0.0000,0.0000,,0,0.0000,0,0.0000,0.0000,,0,0.0000,0,0.0000,0.0000,,0,0.0000
prebreak,300832,2023-09-12,S,S,A,C,S,S,A,58.9382,52.2000,49.5100,2.6900,,0,0.0000,0.0000,,0,0.0000,0,0.0000,0.0000,,0,0.0000,0,0.0000,0.0000,,0,0.0000
prebreak,301139,2023-09-12,S,S,A,C,S,S,A,30.3789,26.3600,25.2200,1.1400,,0,0.0000,0.0000,,0,0.0000,0,0.0000,0.0000,,0,0.0000,0,0.0000,0.0000,,0,0.0000
prebreak,600048,2023-09-12,S,S,A,C,S,S,A,12.5813,13.2100,12.5200,0.6900,,0,0.0000,0.0000,,0,0.0000,0,0.0000,0.0000,,0,0.0000,0,0.0000,0.0000,,0,0.0000
prebreak,600059,2023-09-12,S,S,A,C,S,S,A,9.9753,10.0900,9.6500,0.4400,,0,0.0000,0.0000,,0,0.0000,0,0.0000,0.0000,,0,0.0000,0,0.0000,0.0000,,0,0.0000
prebreak,600161,2023-09-12,S,S,A,C,S,S,A,20.3293,20.5800,19.6300,0.9500,,1,20.5800,20.3782,2023-09-19,0,-0.2287,1,20.5800,20.5086,2023-09-26,0,-0.0915,1,20.5800,22.2041,2023-10-18,0,1.6920
prebreak,600219,2023-09-12,S,S,A,C,S,S,A,2.7277,2.7600,2.6300,0.1300,,0,0.0000,0.0000,,0,0.0000,0,0.0000,0.0000,,0,0.0000,0,0.0000,0.0000,,0,0.0000
prebreak,600233,2023-09-12,S,S,A,C,S,S,A,13.8916,14.7800,14.0300,0.7500,,0,0.0000,0.0000,,0,0.0000,0,0.0000,0.0000,,0,0.0000,0,0.0000,0.0000,,0,0.0000
prebreak,600438,2023-09-12,S,S,A,C,S,S,A,30.2970,31.0400,29.5800,1.4600,,0,0.0000,0.0000,,0,0.0000,0,0.0000,0.0000,,0,0.0000,1,31.0400,29.5800,2023-10-16,1,-1.0155
prebreak,600585,2023-09-12,S,S,A,C,S,S,A,22.7676,23.5300,22.6400,0.8900,,0,0.0000,0.0000,,0,0.0000,0,0.0000,0.0000,,0,0.0000,0,0.0000,0.0000,,0,0.0000
prebreak,600990,2023-09-12,S,S,A,C,S,S,A,22.7000,22.4900,21.3500,1.1400,,0,0.0000,0.0000,,0,0.0000,0,0.0000,0.0000,,0,0.0000,0,0.0000,0.0000,,0,0.0000
prebreak,601101,2023-09-12,S,S,A,C,S,S,A,5.2339,5.3500,5.1600,0.1900,,1,5.3500,5.4380,2023-09-19,0,0.4413,1,5.3500,5.2694,2023-09-26,0,-0.4452,1,5.3500,5.1600,2023-10-11,1,-1.0208
prebreak,601238,2023-09-12,S,S,A,C,S,S,A,10.1214,10.2400,9.8700,0.3700,,0,0.0000,0.0000,,0,0.0000,0,0.0000,0.0000,,0,0.0000,0,0.0000,0.0000,,0,0.0000
prebreak,601696,2023-09-12,S,S,A,C,S,S,A,11.7704,11.7000,11.2800,0.4200,,0,0.0000,0.0000,,0,0.0000,0,0.0000,0.0000,,0,0.0000,0,0.0000,0.0000,,0,0.0000
prebreak,603393,2023-09-12,S,S,A,C,S,S,A,28.3025,26.8700,25.8600,1.0100,,1,26.8700,29.1620,2023-09-19,0,2.2476,1,26.8700,28.2146,2023-09-26,0,1.3103,1,26.8700,27.9900,2023-10-18,0,1.0880
prebreak,001896,2023-09-15,S,S,A,C,S,S,A,4.7200,4.6500,4.4600,0.1900,,0,0.0000,0.0000,,0,0.0000,0,0.0000,0.0000,,0,0.0000,0,0.0000,0.0000,,0,0.0000
prebreak,002028,2023-09-15,S,S,A,C,S,S,A,48.4141,50.8900,48.7600,2.1300,,0,0.0000,0.0000,,0,0.0000,1,50.8900,48.9648,2023-10-09,0,-0.9214,1,50.8900,48.7600,2023-10-10,1,-1.0175
prebreak,002635,2023-09-15,S,S,A,C,S,S,A,12.6332,13.1800,12.5400,0.6400,,0,0.0000,0.0000,,0,0.0000,1,13.1800,13.2644,2023-10-09,0,0.1161,1,13.1800,12.7958,2023-10-23,0,-0.6156
prebreak,300131,2023-09-15,S,S,A,C,S,S,A,5.2200,5.2300,5.0400,0.1900,,0,0.0000,0.0000,,0,0.0000,0,0.0000,0.0000,,0,0.0000,0,0.0000,0.0000,,0,0.0000
prebreak,300256,2023-09-15,S,S,A,C,S,S,A,3.2300,3.3000,3.1400,0.1600,,0,0.0000,0.0000,,0,0.0000,1,3.3000,3.2600,2023-10-09,0,-0.2655,1,3.3000,3.1400,2023-10-17,1,-1.0150
prebreak,300425,2023-09-15,S,S,A,C,S,S,A,4.7835,4.9300,4.6900,0.2400,,0,0.0000,0.0000,,0,0.0000,0,0.0000,0.0000,,0,0.0000,0,0.0000,0.0000,,0,0.0000
prebreak,300719,2023-09-15,S,S,A,C,S,S,A,12.1644,12.3000,11.8200,0.4800,,0,0.0000,0.0000,,0,0.0000,1,12.3000,12.6376,2023-10-09,0,0.6834,1,12.3000,12.1841,2023-10-23,0,-0.2607
prebreak,301096,2023-09-15,S,S,A,C,S,S,A,63.7394,63.1100,59.8100,3.3000,,1,63.1100,64.0479,2023-09-22,0,0.2695,1,63.1100,66.8443,2023-10-09,0,1.1164,1,63.1100,64.2868,2023-10-23,0,0.3418
prebreak,600469,2023-09-15,S,S,A,C,S,S,A,5.4658,5.7900,5.5100,0.2800,,0,0.0000,0.0000,,0,0.0000,0,0.0000,0.0000,,0,0.0000,0,0.0000,0.0000,,0,0.0000
prebreak,600663,2023-09-15,S,S,A,C,S,S,A,9.4620,9.6700,9.3000,0.3700,,0,0.0000,0.0000,,0,0.0000,0,0.0000,0.0000,,0,0.0000,0,0.0000,0.0000,,0,0.0000
prebreak,603080,2023-09-15,S,S,A,C,S,S,A,14.2617,13.4700,12.8100,0.6600,,0,0.0000,0.0000,,0,0.0000,0,0.0000,0.0000,,0,0.0000,0,0.0000,0.0000,,0,0.0000
prebreak,000630,2023-09-18,S,S,A,C,S,S,A,3.1130,3.2200,3.0500,0.1700,,0,0.0000,0.0000,,0,0.0000,0,0.0000,0.0000,,0,0.0000,0,0.0000,0.0000,,0,0.0000
prebreak,000790,2023-09-18,S,S,A,C,S,S,A,5.1744,4.9700,4.7600,0.2100,,0,0.0000,0.0000,,0,0.0000,0,0.0000,0.0000,,0,0.0000,0,0.0000,0.0000,,0,0.0000
prebreak,000813,2023-09-18,S,S,A,C,S,S,A,3.4100,3.2200,3.0500,0.1700,,1,3.2200,4.2800,2023-09-25,0,6.2170,1,3.2200,3.8200,2023-10-10,0,3.5128,1,3.2200,3.5700,2023-10-24,0,2.0431
prebreak,000881,2023-09-18,S,S,A,C,S,S,A,8.3900,7.9900,7.6600,0.3300,,1,7.9900,8.1900,2023-09-25,0,0.5873,1,7.9900,7.7200,2023-10-10,0,-0.8361,1,7.9900,7.6600,2023-10-13,1,-1.0178
prebreak,001313,2023-09-18,S,S,A,C,S,S,A,8.8568,8.3700,8.0000,0.3700,,0,0.0000,0.0000,,0,0.0000,0,0.0000,0.0000,,0,0.0000,0,0.0000,0.0000,,0,0.0000
prebreak,002042,2023-09-18,S,S,A,C,S,S,A,3.1470,3.1600,3.0100,0.1500,,0,0.0000,0.0000,,0,0.0000,0,0.0000,0.0000,,0,0.0000,1,3.1600,3.0100,2023-10-23,1,-1.0154
prebreak,002243,2023-09-18,S,S,A,C,S,S,A,8.2413,8.3000,7.9700,0.3300,,0,0.0000,0.0000,,0,0.0000,0,0.0000,0.0000,,0,0.0000,0,0.0000,0.0000,,0,0.0000
prebreak,002249,2023-09-18,S,S,A,C,S,S,A,4.7952,4.9400,4.7000,0.2400,,0,0.0000,0.0000,,0,0.0000,0,0.0000,0.0000,,0,0.0000,0,0.0000,0.0000,,0,0.0000
prebreak,002375,2023-09-18,S,S,A,C,S,S,A,5.0008,4.6800,4.4500,0.2300,,1,4.6800,5.1888,2023-09-25,0,2.1954,1,4.6800,5.0290,2023-10-10,0,1.5011,1,4.6800,4.6718,2023-10-24,0,-0.0510
prebreak,002563,2023-09-18,S,S,A,C,S,S,A,5.4048,5.3800,5.1200,0.2600,,0,0.0000,0.0000,,0,0.0000,0,0.0000,0.0000,,0,0.0000,0,0.0000,0.0000,,0,0.0000
prebreak,002566,2023-09-18,S,S,A,C,S,S,A,8.4925,8.6100,8.1500,0.4600,,0,0.0000,0.0000,,0,0.0000,0,0.0000,0.0000,,0,0.0000,0,0.0000,0.0000,,0,0.0000
prebreak,300061,2023-09-18,S,S,A,C,S,S,A,6.3400,6.7300,6.4200,0.3100,,0,0.0000,0.0000,,0,0.0000,0,0.0000,0.0000,,0,0.0000,1,6.7300,6.4200,2023-10-18,1,-1.0159
prebreak,300292,2023-09-18,S,S,A,C,S,S,A,3.6100,3.7600,3.5800,0.1800,,0,0.0000,0.0000,,0,0.0000,0,0.0000,0.0000,,0,0.0000,0,0.0000,0.0000,,0,0.0000
prebreak,300355,2023-09-18,S,S,A,C,S,S,A,3.7882,3.8700,3.6600,0.2100,,0,0.0000,0.0000,,0,0.0000,0,0.0000,0.0000,,0,0.0000,0,0.0000,0.0000,,0,0.0000
prebreak,300400,2023-09-18,S,S,A,C,S,S,A,15.4055,14.2700,13.5400,0.7300,,0,0.0000,0.0000,,0,0.0000,0,0.0000,0.0000,,0,0.0000,0,0.0000,0.0000,,0,0.0000
prebreak,300747,2023-09-18,S,S,A,C,S,S,A,25.2706,26.3600,25.1400,1.2200,,0,0.0000,0.0000,,0,0.0000,0,0.0000,0.0000,,0,0.0000,0,0.0000,0.0000,,0,0.0000
prebreak,301130,2023-09-18,S,S,A,C,S,S,A,30.5012,30.0200,28.5700,1.4500,,0,0.0000,0.0000,,0,0.0000,0,0.0000,0.0000,,0,0.0000,0,0.0000,0.0000,,0,0.0000
prebreak,600582,2023-09-18,S,S,A,C,S,S,A,4.6447,4.7700,4.5400,0.2300,,0,0.0000,0.0000,,0,0.0000,0,0.0000,0.0000,,0,0.0000,0,0.0000,0.0000,,0,0.0000
prebreak,600741,2023-09-18,S,S,A,C,S,S,A,16.1995,16.7800,16.0600,0.7200,,0,0.0000,0.0000,,0,0.0000,0,0.0000,0.0000,,0,0.0000,0,0.0000,0.0000,,0,0.0000
prebreak,603359,2023-09-18,S,S,A,C,S,S,A,8.6967,9.3400,8.9500,0.3900,,0,0.0000,0.0000,,0,0.0000,0,0.0000,0.0000,,0,0.0000,0,0.0000,0.0000,,0,0.0000
prebreak,605488,2023-09-18,S,S,A,C,S,S,A,10.6033,11.1100,10.6400,0.4700,,0,0.0000,0.0000,,0,0.0000,0,0.0000,0.0000,,0,0.0000,0,0.0000,0.0000,,0,0.0000
prebreak,605499,2023-09-18,S,S,A,C,S,S,A,104.2484,108.5500,103.2900,5.2600,,0,0.0000,0.0000,,0,0.0000,0,0.0000,0.0000,,0,0.0000,0,0.0000,0.0000,,0,0.0000
prebreak,000400,2023-09-22,S,S,A,C,S,S,A,18.0485,18.3600,17.5800,0.7800,,1,18.3600,18.5937,2023-10-09,0,0.2815,1,18.3600,17.5800,2023-10-13,1,-1.0173,1,18.3600,17.5800,2023-10-13,1,-1.0173
prebreak,002028,2023-09-22,S,S,A,C,S,S,A,48.6796,49.5700,47.8100,1.7600,,1,49.5700,48.9648,2023-10-09,0,-0.3651,1,49.5700,47.8100,2023-10-10,1,-1.0208,1,49.5700,47.8100,2023-10-10,1,-1.0208
prebreak,002128,2023-09-22,S,S,A,C,S,S,A,12.2345,12.6500,12.1300,0.5200,,0,0.0000,0.0000,,0,0.0000,0,0.0000,0.0000,,0,0.0000,0,0.0000,0.0000,,0,0.0000
prebreak,002287,2023-09-22,S,S,A,C,S,S,A,23.0792,23.8100,22.6000,1.2100,,0,0.0000,0.0000,,0,0.0000,0,0.0000,0.0000,,0,0.0000,0,0.0000,0.0000,,0,0.0000
prebreak,300088,2023-09-22,S,S,A,C,S,S,A,5.8368,5.8700,5.6000,0.2700,,1,5.8700,6.1078,2023-10-09,0,0.8637,1,5.8700,6.3111,2023-10-16,0,1.6161,1,5.8700,6.2917,2023-10-30,0,1.5444
prebreak,300131,2023-09-22,S,S,A,C,S,S,A,5.1400,5.1900,4.9700,0.2200,,0,0.0000,0.0000,,0,0.0000,0,0.0000,0.0000,,0,0.0000,0,0.0000,0.0000,,0,0.0000
prebreak,301096,2023-09-22,S,S,A,C,S,S,A,64.0479,65.4100,62.2800,3.1300,,1,65.4100,66.8443,2023-10-09,0,0.4421,1,65.4100,67.9688,2023-10-16,0,0.8011,1,65.4100,69.6705,2023-10-30,0,1.3445
prebreak,600362,2023-09-22,S,S,A,C,S,S,A,18.1858,18.7100,17.9600,0.7500,,0,0.0000,0.0000,,0,0.0000,0,0.0000,0.0000,,0,0.0000,0,0.0000,0.0000,,0,0.0000
prebreak,600397,2023-09-22,S,S,A,C,S,S,A,3.1300,3.2000,3.0600,0.1400,,0,0.0000,0.0000,,0,0.0000,0,0.0000,0.0000,,0,0.0000,0,0.0000,0.0000,,0,0.0000
prebreak,600469,2023-09-22,S,S,A,C,S,S,A,5.4844,5.7900,5.5900,0.2000,,0,0.0000,0.0000,,0,0.0000,0,0.0000,0.0000,,0,0.0000,0,0.0000,0.0000,,0,0.0000
prebreak,601126,2023-09-22,S,S,A,C,S,S,A,13.8616,14.4100,13.7900,0.6200,,0,0.0000,0.0000,,0,0.0000,0,0.0000,0.0000,,0,0.0000,0,0.0000,0.0000,,0,0.0000
prebreak,601727,2023-09-22,S,S,A,C,S,S,A,4.6903,4.5700,4.4000,0.1700,,0,0.0000,0.0000,,0,0.0000,0,0.0000,0.0000,,0,0.0000,0,0.0000,0.0000,,0,0.0000
prebreak,601929,2023-09-22,S,S,A,C,S,S,A,1.9300,1.9400,1.9000,0.0400,,0,0.0000,0.0000,,0,0.0000,0,0.0000,0.0000,,0,0.0000,0,0.0000,0.0000,,0,0.0000
prebreak,000558,2023-09-25,S,S,A,C,S,S,A,2.8000,2.9700,2.8300,0.1400,,0,0.0000,0.0000,,0,0.0000,0,0.0000,0.0000,,0,0.0000,0,0.0000,0.0000,,0,0.0000
prebreak,000632,2023-09-25,S,S,A,C,S,S,A,4.1700,4.3400,4.1400,0.2000,,0,0.0000,0.0000,,0,0.0000,0,0.0000,0.0000,,0,0.0000,0,0.0000,0.0000,,0,0.0000
prebreak,000881,2023-09-25,S,S,A,C,S,S,A,8.1900,7.9900,7.6600,0.3300,,0,0.0000,0.0000,,0,0.0000,0,0.0000,0.0000,,0,0.0000,0,0.0000,0.0000,,0,0.0000
prebreak,001313,2023-09-25,S,S,A,C,S,S,A,8.8666,9.0500,8.6000,0.4500,,0,0.0000,0.0000,,0,0.0000,0,0.0000,0.0000,,0,0.0000,0,0.0000,0.0000,,0,0.0000
prebreak,002110,2023-09-25,S,S,A,C,S,S,A,4.8638,4.9500,4.7800,0.1700,,0,0.0000,0.0000,,0,0.0000,0,0.0000,0.0000,,0,0.0000,0,0.0000,0.0000,,0,0.0000
prebreak,002437,2023-09-25,S,S,A,C,S,S,A,2.2500,2.2800,2.1700,0.1100,,0,0.0000,0.0000,,0,0.0000,0,0.0000,0.0000,,0,0.0000,0,0.0000,0.0000,,0,0.0000
prebreak,002563,2023-09-25,S,S,A,C,S,S,A,5.2597,5.4600,5.2300,0.2300,,0,0.0000,0.0000,,0,0.0000,0,0.0000,0.0000,,0,0.0000,0,0.0000,0.0000,,0,0.0000
prebreak,300292,2023-09-25,S,S,A,C,S,S,A,3.5900,3.7600,3.5800,0.1800,,0,0.0000,0.0000,,0,0.0000,0,0.0000,0.0000,,0,0.0000,0,0.0000,0.0000,,0,0.0000
prebreak,300355,2023-09-25,S,S,A,C,S,S,A,3.7090,3.8700,3.6600,0.2100,,1,3.8700,3.9168,2023-10-10,0,0.2085,1,3.8700,4.0849,2023-10-17,0,1.0087,1,3.8700,4.1838,2023-10-31,0,1.4794
prebreak,300747,2023-09-25,S,S,A,C,S,S,A,24.5587,26.3600,25.1400,1.2200,,0,0.0000,0.0000,,0,0.0000,0,0.0000,0.0000,,0,0.0000,0,0.0000,0.0000,,0,0.0000
prebreak,600582,2023-09-25,S,S,A,C,S,S,A,4.6879,4.7700,4.5700,0.2000,,0,0.0000,0.0000,,0,0.0000,0,0.0000,0.0000,,0,0.0000,0,0.0000,0.0000,,0,0.0000
prebreak,600741,2023-09-25,S,S,A,C,S,S,A,16.3541,16.5000,15.7500,0.7500,,0,0.0000,0.0000,,0,0.0000,0,0.0000,0.0000,,0,0.0000,0,0.0000,0.0000,,0,0.0000
prebreak,603556,2023-09-25,S,S,A,C,S,S,A,23.2416,23.7800,22.5800,1.2000,,0,0.0000,0.0000,,0,0.0000,0,0.0000,0.0000,,0,0.0000,0,0.0000,0.0000,,0,0.0000
prebreak,603766,2023-09-25,S,S,A,C,S,S,A,5.1904,5.0500,4.8300,0.2200,,0,0.0000,0.0000,,0,0.0000,0,0.0000,0.0000,,0,0.0000,0,0.0000,0.0000,,0,0.0000
prebreak,605499,2023-09-25,S,S,A,C,S,S,A,101.9984,104.6800,100.5500,4.1300,,0,0.0000,0.0000,,0,0.0000,0,0.0000,0.0000,,0,0.0000,0,0.0000,0.0000,,0,0.0000
prebreak,000592,2023-09-26,S,S,A,C,S,S,A,2.4900,2.4500,2.3700,0.0800,,0,0.0000,0.0000,,0,0.0000,0,0.0000,0.0000,,0,0.0000,0,0.0000,0.0000,,0,0.0000
prebreak,002027,2023-09-26,S,S,A,C,S,S,A,6.2506,6.2900,6.0700,0.2200,,0,0.0000,0.0000,,0,0.0000,0,0.0000,0.0000,,0,0.0000,0,0.0000,0.0000,,0,0.0000
prebreak,002821,2023-09-26,S,S,A,C,S,S,A,140.6586,120.6100,115.9900,4.6200,,1,120.6100,148.7461,2023-10-11,0,6.0664,1,120.6100,149.1271,2023-10-18,0,6.1488,1,120.6100,139.2774,2023-11-01,0,4.0182
prebreak,002826,2023-09-26,S,S,A,C,S,S,A,11.2829,10.6800,10.2400,0.4400,,0,0.0000,0.0000,,0,0.0000,0,0.0000,0.0000,,0,0.0000,0,0.0000,0.0000,,0,0.0000
prebreak,600121,2023-09-26,S,S,A,C,S,S,A,4.2800,4.6000,4.3700,0.2300,,0,0.0000,0.0000,,0,0.0000,0,0.0000,0.0000,,0,0.0000,0,0.0000,0.0000,,0,0.0000
prebreak,600161,2023-09-26,S,S,A,C,S,S,A,20.5086,20.8200,20.0000,0.8200,,1,20.8200,21.0629,2023-10-11,0,0.2768,1,20.8200,22.2041,2023-10-18,0,1.6676,1,20.8200,23.4268,2023-11-01,0,3.1577
prebreak,600360,2023-09-26,S,S,A,C,S,S,A,6.8985,7.2000,6.8500,0.3500,,0,0.0000,0.0000,,0,0.0000,0,0.0000,0.0000,,0,0.0000,0,0.0000,0.0000,,0,0.0000
prebreak,601212,2023-09-26,S,S,A,C,S,S,A,2.8330,2.9500,2.8200,0.1300,,0,0.0000,0.0000,,0,0.0000,0,0.0000,0.0000,,0,0.0000,0,0.0000,0.0000,,0,0.0000
prebreak,000751,2023-09-27,S,S,A,C,S,S,A,3.1115,3.3900,3.2200,0.1700,,0,0.0000,0.0000,,0,0.0000,0,0.0000,0.0000,,0,0.0000,0,0.0000,0.0000,,0,0.0000
prebreak,002056,2023-09-27,S,S,A,C,S,S,A,14.6140,14.7500,14.0600,0.6900,,0,0.0000,0.0000,,0,0.0000,0,0.0000,0.0000,,0,0.0000,0,0.0000,0.0000,,0,0.0000
prebreak,002120,2023-09-27,S,S,A,C,S,S,A,8.9804,9.7800,9.3100,0.4700,,0,0.0000,0.0000,,0,0.0000,0,0.0000,0.0000,,0,0.0000,0,0.0000,0.0000,,0,0.0000
prebreak,002393,2023-09-27,S,S,A,C,S,S,A,13.6314,13.7400,13.0800,0.6600,,0,0.0000,0.0000,,0,0.0000,0,0.0000,0.0000,,0,0.0000,0,0.0000,0.0000,,0,0.0000
prebreak,300098,2023-09-27,S,S,A,C,S,S,A,3.6000,3.5300,3.3800,0.1500,,0,0.0000,0.0000,,0,0.0000,0,0.0000,0.0000,,0,0.0000,0,0.0000,0.0000,,0,0.0000
prebreak,600862,2023-09-27,S,S,A,C,S,S,A,23.8736,24.4100,23.1500,1.2600,,1,24.4100,23.7769,2023-10-12,0,-0.5169,1,24.4100,23.8446,2023-10-19,0,-0.4632,1,24.4100,23.4483,2023-11-02,0,-0.7775
prebreak,600885,2023-09-27,S,S,A,C,S,S,A,22.7297,22.9600,22.1500,0.8100,,0,0.0000,0.0000,,0,0.0000,0,0.0000,0.0000,,0,0.0000,0,0.0000,0.0000,,0,0.0000
prebreak,603300,2023-09-27,S,S,A,C,S,S,A,5.9705,6.1200,5.8600,0.2600,,0,0.0000,0.0000,,0,0.0000,0,0.0000,0.0000,,0,0.0000,0,0.0000,0.0000,,0,0.0000
prebreak,000062,2023-09-28,S,S,A,C,S,S,A,10.5743,10.8100,10.2400,0.5700,,0,0.0000,0.0000,,0,0.0000,0,0.0000,0.0000,,0,0.0000,0,0.0000,0.0000,,0,0.0000
prebreak,000530,2023-09-28,S,S,A,C,S,S,A,5.2428,5.2800,5.0300,0.2500,,0,0.0000,0.0000,,0,0.0000,0,0.0000,0.0000,,0,0.0000,0,0.0000,0.0000,,0,0.0000
prebreak,000607,2023-09-28,S,S,A,C,S,S,A,4.6968,5.0800,4.8300,0.2500,,0,0.0000,0.0000,,0,0.0000,0,0.0000,0.0000,,0,0.0000,0,0.0000,0.0000,,0,0.0000
prebreak,000738,2023-09-28,S,S,A,C,S,S,A,21.0070,21.2900,20.3900,0.9000,,0,0.0000,0.0000,,0,0.0000,0,0.0000,0.0000,,0,0.0000,0,0.0000,0.0000,,0,0.0000
prebreak,002318,2023-09-28,S,S,A,C,S,S,A,17.4504,17.7600,16.8400,0.9200,,0,0.0000,0.0000,,0,0.0000,0,0.0000,0.0000,,0,0.0000,0,0.0000,0.0000,,0,0.0000
prebreak,002434,2023-09-28,S,S,A,C,S,S,A,7.9525,8.2200,7.8400,0.3800,,0,0.0000,0.0000,,0,0.0000,0,0.0000,0.0000,,0,0.0000,0,0.0000,0.0000,,0,0.0000
prebreak,300244,2023-09-28,S,S,A,C,S,S,A,21.0595,21.7800,20.7000,1.0800,,0,0.0000,0.0000,,0,0.0000,0,0.0000,0.0000,,0,0.0000,0,0.0000,0.0000,,0,0.0000
prebreak,300685,2023-09-28,S,S,A,C,S,S,A,23.7457,23.4600,22.4300,1.0300,,0,0.0000,0.0000,,0,0.0000,0,0.0000,0.0000,,0,0.0000,0,0.0000,0.0000,,0,0.0000
prebreak,600269,2023-09-28,S,S,A,C,S,S,A,3.7805,3.8100,3.6200,0.1900,,0,0.0000,0.0000,,0,0.0000,0,0.0000,0.0000,,0,0.0000,0,0.0000,0.0000,,0,0.0000
prebreak,600777,2023-09-28,S,S,A,C,S,S,A,2.6700,2.6100,2.5100,0.1000,,0,0.0000,0.0000,,0,0.0000,0,0.0000,0.0000,,0,0.0000,0,0.0000,0.0000,,0,0.0000
prebreak,001896,2023-10-09,S,S,A,C,S,S,A,4.4600,4.5800,4.4000,0.1800,,0,0.0000,0.0000,,0,0.0000,0,0.0000,0.0000,,0,0.0000,1,4.5800,4.8100,2023-11-06,0,1.2576
prebreak,002516,2023-10-09,S,S,A,C,S,S,A,4.3883,4.4900,4.2900,0.2000,,0,0.0000,0.0000,,0,0.0000,0,0.0000,0.0000,,0,0.0000,0,0.0000,0.0000,,0,0.0000
prebreak,002635,2023-10-09,S,S,A,C,S,S,A,13.2644,12.8200,12.2200,0.6000,,1,12.8200,13.6565,2023-10-16,0,1.3770,1,12.8200,12.7958,2023-10-23,0,-0.0566,1,12.8200,14.2303,2023-11-06,0,2.3327
prebreak,300088,2023-10-09,S,S,A,C,S,S,A,6.1078,5.8600,5.6000,0.2600,,0,0.0000,0.0000,,0,0.0000,0,0.0000,0.0000,,0,0.0000,0,0.0000,0.0000,,0,0.0000
prebreak,300131,2023-10-09,S,S,A,C,S,S,A,5.2600,5.1900,4.9800,0.2100,,1,5.1900,5.4100,2023-10-16,0,1.0282,1,5.1900,4.9800,2023-10-23,1,-1.0182,1,5.1900,4.9800,2023-10-23,1,-1.0182
prebreak,300150,2023-10-09,S,S,A,C,S,S,A,4.6900,4.5300,4.3000,0.2300,,0,0.0000,0.0000,,0,0.0000,0,0.0000,0.0000,,0,0.0000,0,0.0000,0.0000,,0,0.0000
prebreak,301093,2023-10-09,S,S,A,C,S,S,A,19.6197,19.2800,18.3500,0.9300,,0,0.0000,0.0000,,0,0.0000,0,0.0000,0.0000,,0,0.0000,0,0.0000,0.0000,,0,0.0000
prebreak,600362,2023-10-09,S,S,A,C,S,S,A,17.3571,18.3700,17.6200,0.7500,,0,0.0000,0.0000,,0,0.0000,0,0.0000,0.0000,,0,0.0000,0,0.0000,0.0000,,0,0.0000
prebreak,600397,2023-10-09,S,S,A,C,S,S,A,3.0200,3.2000,3.0600,0.1400,,0,0.0000,0.0000,,0,0.0000,0,0.0000,0.0000,,0,0.0000,0,0.0000,0.0000,,0,0.0000
prebreak,601727,2023-10-09,S,S,A,C,S,S,A,4.6803,4.8000,4.6000,0.2000,,0,0.0000,0.0000,,0,0.0000,0,0.0000,0.0000,,0,0.0000,0,0.0000,0.0000,,0,0.0000
prebreak,601969,2023-10-09,S,S,A,C,S,S,A,6.0861,6.3900,6.0600,0.3300,,0,0.0000,0.0000,,0,0.0000,0,0.0000,0.0000,,0,0.0000,1,6.3900,6.3461,2023-11-06,0,-0.1476
prebreak,603607,2023-10-09,S,S,A,C,S,S,A,15.4787,14.5700,13.8500,0.7200,,0,0.0000,0.0000,,0,0.0000,0,0.0000,0.0000,,0,0.0000,0,0.0000,0.0000,,0,0.0000
prebreak,000630,2023-10-10,S,S,A,C,S,S,A,2.9546,3.0400,2.9200,0.1200,,0,0.0000,0.0000,,0,0.0000,0,0.0000,0.0000,,0,0.0000,0,0.0000,0.0000,,0,0.0000
prebreak,000727,2023-10-10,S,S,A,C,S,S,A,2.9500,2.4500,2.3400,0.1100,,1,2.4500,3.0500,2023-10-17,0,5.4342,1,2.4500,2.8300,2023-10-24,0,3.4354,1,2.4500,2.8300,2023-11-07,0,3.4354
prebreak,000881,2023-10-10,S,S,A,C,S,S,A,7.7200,8.0900,7.6700,0.4200,,0,0.0000,0.0000,,0,0.0000,0,0.0000,0.0000,,0,0.0000,0,0.0000,0.0000,,0,0.0000
prebreak,002243,2023-10-10,S,S,A,C,S,S,A,8.2122,8.4000,8.1000,0.3000,,0,0.0000,0.0000,,0,0.0000,0,0.0000,0.0000,,0,0.0000,0,0.0000,0.0000,,0,0.0000
prebreak,002437,2023-10-10,S,S,A,C,S,S,A,2.2100,2.3200,2.2100,0.1100,,1,2.3200,2.2600,2023-10-17,0,-0.5611,1,2.3200,2.2100,2023-10-18,1,-1.0154,1,2.3200,2.2100,2023-10-18,1,-1.0154
prebreak,002557,2023-10-10,S,S,A,C,S,S,A,28.4493,30.1400,28.8300,1.3100,,0,0.0000,0.0000,,0,0.0000,0,0.0000,0.0000,,0,0.0000,1,30.1400,32.1211,2023-11-07,0,1.4938
prebreak,002563,2023-10-10,S,S,A,C,S,S,A,5.0206,5.3600,5.1600,0.2000,,0,0.0000,0.0000,,0,0.0000,0,0.0000,0.0000,,0,0.0000,1,5.3600,5.1600,2023-11-07,1,-1.0197
prebreak,300292,2023-10-10,S,S,A,C,S,S,A,3.7500,3.7100,3.5100,0.2000,,1,3.7100,3.8100,2023-10-17,0,0.4856,1,3.7100,3.8500,2023-10-24,0,0.6855,1,3.7100,4.1400,2023-11-07,0,2.1345
prebreak,600546,2023-10-10,S,S,A,C,S,S,A,16.0869,16.6700,16.0500,0.6200,,0,0.0000,0.0000,,0,0.0000,0,0.0000,0.0000,,0,0.0000,0,0.0000,0.0000,,0,0.0000
prebreak,600960,2023-10-10,S,S,A,C,S,S,A,3.8600,3.7100,3.5500,0.1600,,1,3.7100,3.9100,2023-10-17,0,1.2316,1,3.7100,4.0000,2023-10-24,0,1.7937,1,3.7100,4.2200,2023-11-07,0,3.1679
prebreak,603556,2023-10-10,S,S,A,C,S,S,A,23.3333,23.7800,22.5800,1.2000,,0,0.0000,0.0000,,0,0.0000,0,0.0000,0.0000,,0,0.0000,0,0.0000,0.0000,,0,0.0000
prebreak,603758,2023-10-10,S,S,A,C,S,S,A,9.6531,9.4500,9.0300,0.4200,,0,0.0000,0.0000,,0,0.0000,0,0.0000,0.0000,,0,0.0000,0,0.0000,0.0000,,0,0.0000
prebreak,603766,2023-10-10,S,S,A,C,S,S,A,5.2634,5.0500,4.8300,0.2200,,0,0.0000,0.0000,,0,0.0000,0,0.0000,0.0000,,0,0.0000,0,0.0000,0.0000,,0,0.0000
prebreak,603895,2023-10-10,S,S,A,C,S,S,A,25.0100,24.1900,22.9400,1.2500,,1,24.1900,22.9400,2023-10-16,1,-1.0141,1,24.1900,22.9400,2023-10-16,1,-1.0141,1,24.1900,22.9400,2023-10-16,1,-1.0141
prebreak,000923,2023-10-11,S,S,A,C,S,S,A,14.1300,15.6600,14.9700,0.6900,,0,0.0000,0.0000,,0,0.0000,0,0.0000,0.0000,,0,0.0000,0,0.0000,0.0000,,0,0.0000
prebreak,002027,2023-10-11,S,S,A,C,S,S,A,6.2079,6.3500,6.0400,0.3100,,0,0.0000,0.0000,,0,0.0000,0,0.0000,0.0000,,0,0.0000,0,0.0000,0.0000,,0,0.0000
prebreak,002651,2023-10-11,S,S,A,C,S,S,A,7.5475,7.7500,7.3800,0.3700,,0,0.0000,0.0000,,0,0.0000,0,0.0000,0.0000,,0,0.0000,0,0.0000,0.0000,,0,0.0000
prebreak,002826,2023-10-11,S,S,A,C,S,S,A,11.2927,10.6800,10.2400,0.4400,,0,0.0000,0.0000,,0,0.0000,0,0.0000,0.0000,,0,0.0000,0,0.0000,0.0000,,0,0.0000
prebreak,300015,2023-10-11,S,S,A,C,S,S,A,18.0310,17.7000,16.8700,0.8300,,0,0.0000,0.0000,,0,0.0000,0,0.0000,0.0000,,0,0.0000,0,0.0000,0.0000,,0,0.0000
prebreak,300100,2023-10-11,S,S,A,C,S,S,A,6.3647,6.0800,5.7900,0.2900,,0,0.0000,0.0000,,0,0.0000,0,0.0000,0.0000,,0,0.0000,0,0.0000,0.0000,,0,0.0000
prebreak,300888,2023-10-11,S,S,A,C,S,S,A,38.7075,40.5500,38.5200,2.0300,,0,0.0000,0.0000,,0,0.0000,0,0.0000,0.0000,,0,0.0000,0,0.0000,0.0000,,0,0.0000
prebreak,600161,2023-10-11,S,S,A,C,S,S,A,21.0629,21.3800,20.6200,0.7600,,1,21.3800,22.2041,2023-10-18,0,1.0623,1,21.3800,21.6335,2023-10-25,0,0.3120,1,21.3800,23.8181,2023-11-08,0,3.1846
prebreak,600360,2023-10-11,S,S,A,C,S,S,A,6.9183,7.2000,6.8500,0.3500,,0,0.0000,0.0000,,0,0.0000,0,0.0000,0.0000,,0,0.0000,1,7.2000,7.6881,2023-11-08,0,1.3780
prebreak,600803,2023-10-11,S,S,A,C,S,S,A,14.5972,14.6400,13.8600,0.7800,,0,0.0000,0.0000,,0,0.0000,0,0.0000,0.0000,,0,0.0000,0,0.0000,0.0000,,0,0.0000
prebreak,600884,2023-10-11,S,S,A,C,S,S,A,13.5002,13.7500,13.0600,0.6900,,0,0.0000,0.0000,,0,0.0000,0,0.0000,0.0000,,0,0.0000,0,0.0000,0.0000,,0,0.0000
prebreak,002056,2023-10-12,S,S,A,C,S,S,A,15.1011,15.1600,14.5700,0.5900,,0,0.0000,0.0000,,0,0.0000,0,0.0000,0.0000,,0,0.0000,0,0.0000,0.0000,,0,0.0000
prebreak,002120,2023-10-12,S,S,A,C,S,S,A,9.1742,9.3300,8.9700,0.3600,,0,0.0000,0.0000,,0,0.0000,0,0.0000,0.0000,,0,0.0000,0,0.0000,0.0000,,0,0.0000
prebreak,002695,2023-10-12,S,S,A,C,S,S,A,10.2662,10.9400,10.5300,0.4100,,0,0.0000,0.0000,,0,0.0000,0,0.0000,0.0000,,0,0.0000,0,0.0000,0.0000,,0,0.0000
prebreak,002873,2023-10-12,S,S,A,C,S,S,A,11.9733,11.9000,11.2900,0.6100,,0,0.0000,0.0000,,0,0.0000,0,0.0000,0.0000,,0,0.0000,0,0.0000,0.0000,,0,0.0000
prebreak,300098,2023-10-12,S,S,A,C,S,S,A,4.5500,3.5600,3.3800,0.1800,,1,3.5600,4.6900,2023-10-19,0,6.2588,1,3.5600,4.5600,2023-10-26,0,5.5370,1,3.5600,4.4400,2023-11-09,0,4.8708
prebreak,300194,2023-10-12,S,S,A,C,S,S,A,4.3227,4.2400,4.0900,0.1500,,0,0.0000,0.0000,,0,0.0000,0,0.0000,0.0000,,0,0.0000,0,0.0000,0.0000,,0,0.0000
prebreak,600285,2023-10-12,S,S,A,C,S,S,A,15.3052,16.0800,15.2800,0.8000,,0,0.0000,0.0000,,0,0.0000,0,0.0000,0.0000,,0,0.0000,0,0.0000,0.0000,,0,0.0000
prebreak,600862,2023-10-12,S,S,A,C,S,S,A,23.7769,24.3400,23.1500,1.1900,,0,0.0000,0.0000,,0,0.0000,0,0.0000,0.0000,,0,0.0000,0,0.0000,0.0000,,0,0.0000
prebreak,688002,2023-10-12,S,S,A,C,S,S,A,46.5177,48.1300,45.6200,2.5100,,0,0.0000,0.0000,,0,0.0000,0,0.0000,0.0000,,0,0.0000,0,0.0000,0.0000,,0,0.0000
prebreak,002345,2023-10-16,S,S,A,C,S,S,A,5.4837,5.5600,5.3100,0.2500,,0,0.0000,0.0000,,0,0.0000,1,5.5600,5.7406,2023-10-30,0,0.7052,1,5.5600,5.5103,2023-11-13,0,-0.2156
prebreak,002364,2023-10-16,S,S,A,C,S,S,A,8.5661,7.2700,6.9000,0.3700,,1,7.2700,8.1044,2023-10-23,0,2.2387,1,7.2700,7.9374,2023-10-30,0,1.7877,1,7.2700,7.6918,2023-11-13,0,1.1243
prebreak,002589,2023-10-16,S,S,A,C,S,S,A,3.5061,3.5600,3.3900,0.1700,,0,0.0000,0.0000,,0,0.0000,1,3.5600,3.5556,2023-10-30,0,-0.0418,1,3.5600,3.5457,2023-11-13,0,-0.1000
prebreak,002635,2023-10-16,S,S,A,C,S,S,A,13.6565,14.0300,13.3100,0.7200,,0,0.0000,0.0000,,0,0.0000,0,0.0000,0.0000,,0,0.0000,1,14.0300,14.0390,2023-11-13,0,-0.0023
prebreak,300088,2023-10-16,S,S,A,C,S,S,A,6.3111,5.8600,5.6000,0.2600,,0,0.0000,0.0000,,0,0.0000,0,0.0000,0.0000,,0,0.0000,0,0.0000,0.0000,,0,0.0000
prebreak,300328,2023-10-16,S,S,A,C,S,S,A,6.9475,7.1100,6.7900,0.3200,,0,0.0000,0.0000,,0,0.0000,0,0.0000,0.0000,,0,0.0000,1,7.1100,7.3473,2023-11-13,0,0.7242
prebreak,300411,2023-10-16,S,S,A,C,S,S,A,6.4900,6.6400,6.3100,0.3300,,0,0.0000,0.0000,,0,0.0000,0,0.0000,0.0000,,0,0.0000,0,0.0000,0.0000,,0,0.0000
prebreak,300507,2023-10-16,S,S,A,C,S,S,A,5.9935,5.9200,5.6200,0.3000,,0,0.0000,0.0000,,0,0.0000,0,0.0000,0.0000,,0,0.0000,0,0.0000,0.0000,,0,0.0000
prebreak,301093,2023-10-16,S,S,A,C,S,S,A,19.8592,19.2800,18.3500,0.9300,,0,0.0000,0.0000,,0,0.0000,0,0.0000,0.0000,,0,0.0000,0,0.0000,0.0000,,0,0.0000
prebreak,600469,2023-10-16,S,S,A,C,S,S,A,5.3078,5.6000,5.3200,0.2800,,0,0.0000,0.0000,,0,0.0000,0,0.0000,0.0000,,0,0.0000,0,0.0000,0.0000,,0,0.0000
prebreak,601969,2023-10-16,S,S,A,C,S,S,A,6.2402,6.3200,6.0700,0.2500,,0,0.0000,0.0000,,0,0.0000,0,0.0000,0.0000,,0,0.0000,0,0.0000,0.0000,,0,0.0000
prebreak,603229,2023-10-16,S,S,A,C,S,S,A,11.0143,9.9600,9.4800,0.4800,,1,9.9600,9.4800,2023-10-20,1,-1.0151,1,9.9600,9.4800,2023-10-20,1,-1.0151,1,9.9600,9.4800,2023-10-20,1,-1.0151
prebreak,603353,2023-10-16,S,S,A,C,S,S,A,21.5886,19.3200,18.5900,0.7300,,1,19.3200,24.9773,2023-10-23,0,7.7248,1,19.3200,25.8343,2023-10-30,0,8.8979,1,19.3200,27.6065,2023-11-13,0,11.3241
prebreak,605319,2023-10-16,S,S,A,C,S,S,A,11.7200,11.3100,10.7400,0.5700,,1,11.3100,11.9948,2023-10-23,0,1.1855,1,11.3100,13.4221,2023-10-30,0,3.6880,1,11.3100,14.9389,2023-11-13,0,6.3473
prebreak,000630,2023-10-17,S,S,A,C,S,S,A,2.8986,3.0200,2.9000,0.1200,,0,0.0000,0.0000,,0,0.0000,0,0.0000,0.0000,,0,0.0000,0,0.0000,0.0000,,0,0.0000
prebreak,002421,2023-10-17,S,S,A,C,S,S,A,3.1584,3.3100,3.1300,0.1800,,0,0.0000,0.0000,,0,0.0000,0,0.0000,0.0000,,0,0.0000,1,3.3100,3.3366,2023-11-14,0,0.1336
prebreak,002563,2023-10-17,S,S,A,C,S,S,A,5.1828,5.3600,5.1600,0.2000,,0,0.0000,0.0000,,0,0.0000,0,0.0000,0.0000,,0,0.0000,1,5.3600,5.1600,2023-11-07,1,-1.0197
prebreak,301166,2023-10-17,S,S,A,C,S,S,A,41.1129,39.4400,37.9600,1.4800,,1,39.4400,37.9600,2023-10-19,1,-1.0196,1,39.4400,37.9600,2023-10-19,1,-1.0196,1,39.4400,37.9600,2023-10-19,1,-1.0196
prebreak,600960,2023-10-17,S,S,A,C,S,S,A,3.9100,3.7100,3.5500,0.1600,,1,3.7100,4.0000,2023-10-24,0,1.7937,1,3.7100,4.2000,2023-10-31,0,3.0430,1,3.7100,4.2300,2023-11-14,0,3.2303
prebreak,603556,2023-10-17,S,S,A,C,S,S,A,21.6647,23.7800,22.5800,1.2000,,0,0.0000,0.0000,,0,0.0000,0,0.0000,0.0000,,0,0.0000,0,0.0000,0.0000,,0,0.0000
prebreak,603895,2023-10-17,S,S,A,C,S,S,A,22.9300,24.1900,22.9400,1.2500,,0,0.0000,0.0000,,0,0.0000,0,0.0000,0.0000,,0,0.0000,0,0.0000,0.0000,,0,0.0000
prebreak,688180,2023-10-17,S,S,A,C,S,S,A,40.5400,39.4000,37.5200,1.8800,,0,0.0000,0.0000,,0,0.0000,0,0.0000,0.0000,,0,0.0000,0,0.0000,0.0000,,0,0.0000
prebreak,000630,2023-10-24,S,S,A,C,S,S,A,2.7868,2.9700,2.8100,0.1600,,0,0.0000,0.0000,,0,0.0000,0,0.0000,0.0000,,0,0.0000,0,0.0000,0.0000,,0,0.0000
prebreak,002437,2023-10-24,S,S,A,C,S,S,A,2.1400,2.3200,2.2100,0.1100,,1,2.3200,2.9400,2023-10-31,0,5.6168,1,2.3200,2.7100,2023-11-07,0,3.5272,1,2.3200,2.5900,2023-11-21,0,2.4370
prebreak,300039,2023-10-24,S,S,A,C,S,S,A,6.2028,6.8000,6.4500,0.3500,,0,0.0000,0.0000,,0,0.0000,0,0.0000,0.0000,,0,0.0000,0,0.0000,0.0000,,0,0.0000
prebreak,300294,2023-10-24,S,S,A,C,S,S,A,27.6171,30.8200,29.3100,1.5100,,0,0.0000,0.0000,,0,0.0000,0,0.0000,0.0000,,0,0.0000,0,0.0000,0.0000,,0,0.0000
prebreak,300529,2023-10-24,S,S,A,C,S,S,A,18.9162,21.1300,20.0900,1.0400,,1,21.1300,21.8520,2023-10-31,0,0.6783,1,21.1300,21.4550,2023-11-07,0,0.2969,1,21.1300,21.3904,2023-11-21,0,0.2348
prebreak,300531,2023-10-24,S,S,A,C,S,S,A,13.9242,14.6800,14.1300,0.5500,,0,0.0000,0.0000,,0,0.0000,0,0.0000,0.0000,,0,0.0000,0,0.0000,0.0000,,0,0.0000
prebreak,301166,2023-10-24,S,S,A,C,S,S,A,37.2511,39.4400,37.9600,1.4800,,0,0.0000,0.0000,,0,0.0000,0,0.0000,0.0000,,0,0.0000,0,0.0000,0.0000,,0,0.0000
prebreak,600493,2023-10-24,S,S,A,C,S,S,A,5.6600,5.9500,5.6400,0.3100,,1,5.9500,6.2289,2023-10-31,0,0.8847,1,5.9500,6.5471,2023-11-07,0,1.9105,1,5.9500,6.5857,2023-11-21,0,2.0348
prebreak,600619,2023-10-24,S,S,A,C,S,S,A,6.7552,6.3300,6.1000,0.2300,,1,6.3300,7.4715,2023-10-31,0,4.9392,1,6.3300,7.8993,2023-11-07,0,6.7980,1,6.3300,7.7998,2023-11-21,0,6.3657
prebreak,600960,2023-10-24,S,S,A,C,S,S,A,4.0000,3.7100,3.5500,0.1600,,1,3.7100,4.2000,2023-10-31,0,3.0430,1,3.7100,4.2200,2023-11-07,0,3.1679,1,3.7100,4.3800,2023-11-21,0,4.1672
prebreak,605055,2023-10-24,S,S,A,C,S,S,A,6.6754,6.4700,6.1600,0.3100,,1,6.4700,7.0847,2023-10-31,0,1.9657,1,6.4700,7.1236,2023-11-07,0,2.0914,1,6.4700,7.1821,2023-11-21,0,2.2799
prebreak,000955,2023-10-25,S,S,A,C,S,S,A,4.6300,4.8100,4.6100,0.2000,,0,0.0000,0.0000,,0,0.0000,0,0.0000,0.0000,,0,0.0000,0,0.0000,0.0000,,0,0.0000
prebreak,002826,2023-10-25,S,S,A,C,S,S,A,10.8799,11.8100,11.2100,0.6000,,0,0.0000,0.0000,,0,0.0000,0,0.0000,0.0000,,0,0.0000,0,0.0000,0.0000,,0,0.0000
prebreak,300100,2023-10-25,S,S,A,C,S,S,A,6.4491,6.6100,6.3100,0.3000,,1,6.6100,7.4125,2023-11-01,0,2.6567,1,6.6100,7.4969,2023-11-08,0,2.9379,1,6.6100,7.0468,2023-11-22,0,1.4385
prebreak,300501,2023-10-25,S,S,A,C,S,S,A,8.9577,8.8700,8.5200,0.3500,,1,8.8700,9.2008,2023-11-01,0,0.9253,1,8.8700,9.2008,2023-11-08,0,0.9253,1,8.8700,9.3629,2023-11-22,0,1.3881
prebreak,300750,2023-10-25,S,S,A,C,S,S,A,163.7997,199.2300,189.0300,10.2000,,0,0.0000,0.0000,,0,0.0000,0,0.0000,0.0000,,0,0.0000,0,0.0000,0.0000,,0,0.0000
prebreak,600360,2023-10-25,S,S,A,C,S,S,A,6.6419,7.0300,6.7300,0.3000,,0,0.0000,0.0000,,0,0.0000,0,0.0000,0.0000,,0,0.0000,0,0.0000,0.0000,,0,0.0000
prebreak,600438,2023-10-25,S,S,A,C,S,S,A,27.7483,30.9100,29.7500,1.1600,,0,0.0000,0.0000,,0,0.0000,0,0.0000,0.0000,,0,0.0000,0,0.0000,0.0000,,0,0.0000
prebreak,600585,2023-10-25,S,S,A,C,S,S,A,22.1371,22.9000,21.8600,1.0400,,0,0.0000,0.0000,,0,0.0000,0,0.0000,0.0000,,0,0.0000,0,0.0000,0.0000,,0,0.0000
prebreak,600990,2023-10-25,S,S,A,C,S,S,A,20.5100,21.9100,20.7900,1.1200,,0,0.0000,0.0000,,0,0.0000,0,0.0000,0.0000,,0,0.0000,0,0.0000,0.0000,,0,0.0000
prebreak,601908,2023-10-25,S,S,A,C,S,S,A,4.3860,4.8100,4.5700,0.2400,,0,0.0000,0.0000,,0,0.0000,0,0.0000,0.0000,,0,0.0000,0,0.0000,0.0000,,0,0.0000
prebreak,002705,2023-10-26,S,S,A,C,S,S,A,14.4441,15.5300,14.8100,0.7200,,0,0.0000,0.0000,,0,0.0000,0,0.0000,0.0000,,0,0.0000,0,0.0000,0.0000,,0,0.0000
prebreak,300279,2023-10-26,S,S,A,C,S,S,A,6.1500,5.9000,5.6200,0.2800,,0,0.0000,0.0000,,0,0.0000,0,0.0000,0.0000,,0,0.0000,0,0.0000,0.0000,,0,0.0000
prebreak,600571,2023-10-26,S,S,A,C,S,S,A,8.9751,9.3200,8.9800,0.3400,,1,9.3200,9.3036,2023-11-02,0,-0.0691,1,9.3200,9.5741,2023-11-09,0,0.7260,1,9.3200,9.8832,2023-11-23,0,1.6347
prebreak,603328,2023-10-26,S,S,A,C,S,S,A,7.1151,7.7000,7.3400,0.3600,,1,7.7000,7.3985,2023-11-02,0,-0.8532,1,7.7000,7.7387,2023-11-09,0,0.0911,1,7.7000,7.8237,2023-11-23,0,0.3272
prebreak,603668,2023-10-26,S,S,A,C,S,S,A,14.2454,14.7600,14.1700,0.5900,,1,14.7600,15.3691,2023-11-02,0,1.0127,1,14.7600,15.3963,2023-11-09,0,1.0588,1,14.7600,16.5925,2023-11-23,0,3.0849
prebreak,688068,2023-10-26,S,S,A,C,S,S,A,38.4708,38.7300,37.0200,1.7100,,0,0.0000,0.0000,,0,0.0000,0,0.0000,0.0000,,0,0.0000,0,0.0000,0.0000,,0,0.0000
prebreak,000030,2023-10-27,S,S,A,C,S,S,A,5.0254,4.9600,4.7100,0.2500,,1,4.9600,4.7100,2023-10-31,1,-1.0144,1,4.9600,4.7100,2023-10-31,1,-1.0144,1,4.9600,4.7100,2023-10-31,1,-1.0144
prebreak,000498,2023-10-27,S,S,A,C,S,S,A,5.3734,5.6100,5.3900,0.2200,,0,0.0000,0.0000,,0,0.0000,0,0.0000,0.0000,,0,0.0000,0,0.0000,0.0000,,0,0.0000
prebreak,000887,2023-10-27,S,S,A,C,S,S,A,11.9554,12.3000,11.6900,0.6100,,1,12.3000,12.4096,2023-11-03,0,0.1642,1,12.3000,12.1680,2023-11-10,0,-0.2316,1,12.3000,12.6995,2023-11-24,0,0.6393
prebreak,001207,2023-10-27,S,S,A,C,S,S,A,11.3179,11.0400,10.5400,0.5000,,0,0.0000,0.0000,,0,0.0000,0,0.0000,0.0000,,0,0.0000,0,0.0000,0.0000,,0,0.0000
prebreak,002082,2023-10-27,S,S,A,C,S,S,A,6.0594,7.0200,6.7100,0.3100,,0,0.0000,0.0000,,0,0.0000,0,0.0000,0.0000,,0,0.0000,1,7.0200,7.0595,2023-11-24,0,0.1102
prebreak,002142,2023-10-27,S,S,A,C,S,S,A,22.0779,22.4500,21.4600,0.9900,,1,22.4500,22.6844,2023-11-03,0,0.2194,1,22.4500,22.4853,2023-11-10,0,0.0184,1,22.4500,22.3133,2023-11-24,0,-0.1552
prebreak,002327,2023-10-27,S,S,A,C,S,S,A,7.3070,7.2400,6.8800,0.3600,,0,0.0000,0.0000,,0,0.0000,0,0.0000,0.0000,,0,0.0000,0,0.0000,0.0000,,0,0.0000
prebreak,002847,2023-10-27,S,S,A,C,S,S,A,52.5170,48.0800,45.7300,2.3500,,1,48.0800,51.8488,2023-11-03,0,1.5872,1,48.0800,55.2428,2023-11-10,0,3.0305,1,48.0800,53.3903,2023-11-24,0,2.2427
prebreak,600166,2023-10-27,S,S,A,C,S,S,A,3.2700,3.5800,3.4400,0.1400,,0,0.0000,0.0000,,0,0.0000,0,0.0000,0.0000,,0,0.0000,0,0.0000,0.0000,,0,0.0000
prebreak,600178,2023-10-27,S,S,A,C,S,S,A,6.9150,6.9000,6.6100,0.2900,,0,0.0000,0.0000,,0,0.0000,0,0.0000,0.0000,,0,0.0000,0,0.0000,0.0000,,0,0.0000
prebreak,600269,2023-10-27,S,S,A,C,S,S,A,3.8705,3.8100,3.6500,0.1600,,0,0.0000,0.0000,,0,0.0000,0,0.0000,0.0000,,0,0.0000,0,0.0000,0.0000,,0,0.0000
prebreak,600406,2023-10-27,S,S,A,C,S,S,A,20.9309,21.0300,20.0800,0.9500,,0,0.0000,0.0000,,0,0.0000,0,0.0000,0.0000,,0,0.0000,0,0.0000,0.0000,,0,0.0000
prebreak,600594,2023-10-27,S,S,A,C,S,S,A,5.4232,5.5000,5.2600,0.2400,,1,5.5000,5.6190,2023-11-03,0,0.4780,1,5.5000,5.7071,2023-11-10,0,0.8448,1,5.5000,5.9518,2023-11-24,0,1.8639
prebreak,601020,2023-10-27,S,S,A,C,S,S,A,8.4971,8.9300,8.4900,0.4400,,0,0.0000,0.0000,,0,0.0000,0,0.0000,0.0000,,0,0.0000,1,8.9300,8.9631,2023-11-24,0,0.0597
prebreak,603176,2023-10-27,S,S,A,C,S,S,A,6.2574,6.1000,5.8200,0.2800,,1,6.1000,6.0403,2023-11-03,0,-0.2297,1,6.1000,6.1489,2023-11-10,0,0.1578,1,6.1000,6.2870,2023-11-24,0,0.6510
prebreak,603969,2023-10-27,S,S,A,C,S,S,A,5.2138,4.5300,4.3000,0.2300,,1,4.5300,5.3393,2023-11-03,0,3.5014,1,4.5300,5.4551,2023-11-10,0,4.0049,1,4.5300,5.5710,2023-11-24,0,4.5083
prebreak,605196,2023-10-27,S,S,A,C,S,S,A,7.4278,8.0400,7.6100,0.4300,,0,0.0000,0.0000,,0,0.0000,0,0.0000,0.0000,,0,0.0000,0,0.0000,0.0000,,0,0.0000
prebreak,002019,2023-10-30,S,S,A,C,S,S,A,13.4449,13.5700,12.8700,0.7000,,1,13.5700,13.6394,2023-11-06,0,0.0844,1,13.5700,13.4546,2023-11-13,0,-0.1795,1,13.5700,15.0598,2023-11-27,0,2.1122
prebreak,002179,2023-10-30,S,S,A,C,S,S,A,38.3134,37.8100,36.1600,1.6500,,0,0.0000,0.0000,,0,0.0000,0,0.0000,0.0000,,0,0.0000,0,0.0000,0.0000,,0,0.0000
prebreak,002283,2023-10-30,S,S,A,C,S,S,A,5.5424,6.3400,6.0300,0.3100,,0,0.0000,0.0000,,0,0.0000,0,0.0000,0.0000,,0,0.0000,0,0.0000,0.0000,,0,0.0000
prebreak,002345,2023-10-30,S,S,A,C,S,S,A,5.7406,5.3500,5.0800,0.2700,,0,0.0000,0.0000,,0,0.0000,0,0.0000,0.0000,,0,0.0000,0,0.0000,0.0000,,0,0.0000
prebreak,002516,2023-10-30,S,S,A,C,S,S,A,4.8906,4.6000,4.3800,0.2200,,0,0.0000,0.0000,,0,0.0000,0,0.0000,0.0000,,0,0.0000,0,0.0000,0.0000,,0,0.0000
prebreak,002521,2023-10-30,S,S,A,C,S,S,A,7.4635,6.9100,6.5800,0.3300,,1,6.9100,7.3065,2023-11-06,0,1.1848,1,6.9100,7.3434,2023-11-13,0,1.2967,1,6.9100,7.7314,2023-11-27,0,2.4716
prebreak,002526,2023-10-30,S,S,A,C,S,S,A,2.5085,2.7800,2.6800,0.1000,,0,0.0000,0.0000,,0,0.0000,0,0.0000,0.0000,,0,0.0000,0,0.0000,0.0000,,0,0.0000
prebreak,002551,2023-10-30,S,S,A,C,S,S,A,4.2112,4.1600,3.9500,0.2100,,0,0.0000,0.0000,,0,0.0000,0,0.0000,0.0000,,0,0.0000,0,0.0000,0.0000,,0,0.0000
prebreak,002589,2023-10-30,S,S,A,C,S,S,A,3.5556,3.5600,3.3900,0.1700,,1,3.5600,3.5556,2023-11-06,0,-0.0418,1,3.5600,3.5457,2023-11-13,0,-0.1000,1,3.5600,3.6348,2023-11-27,0,0.4240
prebreak,002600,2023-10-30,S,S,A,C,S,S,A,5.9818,5.7000,5.4200,0.2800,,0,0.0000,0.0000,,0,0.0000,0,0.0000,0.0000,,0,0.0000,0,0.0000,0.0000,,0,0.0000
prebreak,002635,2023-10-30,S,S,A,C,S,S,A,13.6852,14.0300,13.3200,0.7100,,1,14.0300,14.2303,2023-11-06,0,0.2669,1,14.0300,14.0390,2023-11-13,0,-0.0024,1,14.0300,13.9816,2023-11-27,0,-0.0831
prebreak,300103,2023-10-30,S,S,A,C,S,S,A,6.3600,6.2100,5.9000,0.3100,,0,0.0000,0.0000,,0,0.0000,0,0.0000,0.0000,,0,0.0000,0,0.0000,0.0000,,0,0.0000
prebreak,300131,2023-10-30,S,S,A,C,S,S,A,5.4200,5.5700,5.3400,0.2300,,0,0.0000,0.0000,,0,0.0000,1,5.5700,5.9600,2023-11-13,0,1.6762,1,5.5700,6.9800,2023-11-27,0,6.1082
prebreak,300267,2023-10-30,S,S,A,C,S,S,A,3.4700,3.3500,3.1700,0.1800,,0,0.0000,0.0000,,0,0.0000,0,0.0000,0.0000,,0,0.0000,0,0.0000,0.0000,,0,0.0000
prebreak,300277,2023-10-30,S,S,A,C,S,S,A,8.0828,8.2500,7.8700,0.3800,,0,0.0000,0.0000,,0,0.0000,0,0.0000,0.0000,,0,0.0000,0,0.0000,0.0000,,0,0.0000
prebreak,300283,2023-10-30,S,S,A,C,S,S,A,5.8805,6.3500,6.0500,0.3000,,0,0.0000,0.0000,,0,0.0000,0,0.0000,0.0000,,0,0.0000,0,0.0000,0.0000,,0,0.0000
prebreak,300507,2023-10-30,S,S,A,C,S,S,A,6.1589,6.1000,5.8400,0.2600,,0,0.0000,0.0000,,0,0.0000,0,0.0000,0.0000,,0,0.0000,0,0.0000,0.0000,,0,0.0000
prebreak,300652,2023-10-30,S,S,A,C,S,S,A,18.3641,17.4400,16.6400,0.8000,,1,17.4400,18.7912,2023-11-06,0,1.6713,1,17.4400,19.4355,2023-11-13,0,2.4762,1,17.4400,19.7277,2023-11-27,0,2.8413
prebreak,300839,2023-10-30,S,S,A,C,S,S,A,10.1400,11.0400,10.5500,0.4900,,0,0.0000,0.0000,,0,0.0000,0,0.0000,0.0000,,0,0.0000,0,0.0000,0.0000,,0,0.0000
prebreak,600397,2023-10-30,S,S,A,C,S,S,A,2.8900,3.0100,2.8700,0.1400,,0,0.0000,0.0000,,0,0.0000,1,3.0100,3.1100,2023-11-13,0,0.6975,1,3.0100,3.1100,2023-11-27,0,0.6975
prebreak,600519,2023-10-30,S,S,A,C,S,S,A,1510.0782,1528.4000,1453.4600,74.9400,,1,1528.4000,1627.7583,2023-11-06,0,1.3095,1,1528.4000,1584.6389,2023-11-13,0,0.7345,1,1528.4000,1583.7406,2023-11-27,0,0.7225
prebreak,600795,2023-10-30,S,S,A,C,S,S,A,3.2876,3.4000,3.2200,0.1800,,0,0.0000,0.0000,,0,0.0000,1,3.4000,3.3960,2023-11-13,0,-0.0365,1,3.4000,3.5134,2023-11-27,0,0.6154
prebreak,603035,2023-10-30,S,S,A,C,S,S,A,18.1802,18.6000,17.6100,0.9900,,0,0.0000,0.0000,,0,0.0000,0,0.0000,0.0000,,0,0.0000,0,0.0000,0.0000,,0,0.0000
prebreak,603229,2023-10-30,S,S,A,C,S,S,A,10.6541,9.9600,9.4800,0.4800,,0,0.0000,0.0000,,0,0.0000,0,0.0000,0.0000,,0,0.0000,0,0.0000,0.0000,,0,0.0000
prebreak,603319,2023-10-30,S,S,A,C,S,S,A,11.6588,12.1100,11.6000,0.5100,,1,12.1100,12.1771,2023-11-06,0,0.1135,1,12.1100,12.1702,2023-11-13,0,0.0999,1,12.1100,13.5109,2023-11-27,0,2.7272
prebreak,605177,2023-10-30,S,S,A,C,S,S,A,30.0613,28.7700,27.4400,1.3300,,0,0.0000,0.0000,,0,0.0000,0,0.0000,0.0000,,0,0.0000,0,0.0000,0.0000,,0,0.0000
prebreak,000630,2023-10-31,S,S,A,C,S,S,A,2.8986,2.9700,2.8100,0.1600,,0,0.0000,0.0000,,0,0.0000,0,0.0000,0.0000,,0,0.0000,0,0.0000,0.0000,,0,0.0000
prebreak,000852,2023-10-31,S,S,A,C,S,S,A,6.6800,6.5800,6.2400,0.3400,,0,0.0000,0.0000,,0,0.0000,0,0.0000,0.0000,,0,0.0000,0,0.0000,0.0000,,0,0.0000
prebreak,002074,2023-10-31,S,S,A,C,S,S,A,22.4862,23.4500,22.2300,1.2200,,1,23.4500,23.2964,2023-11-07,0,-0.1405,1,23.4500,23.2667,2023-11-14,0,-0.1647,1,23.4500,22.2300,2023-11-22,1,-1.0140
prebreak,002421,2023-10-31,S,S,A,C,S,S,A,3.1287,3.3100,3.1300,0.1800,,0,0.0000,0.0000,,0,0.0000,1,3.3100,3.3366,2023-11-14,0,0.1336,1,3.3100,3.3168,2023-11-28,0,0.0237
prebreak,002566,2023-10-31,S,S,A,C,S,S,A,8.3683,8.2400,7.7900,0.4500,,0,0.0000,0.0000,,0,0.0000,0,0.0000,0.0000,,0,0.0000,0,0.0000,0.0000,,0,0.0000
prebreak,300039,2023-10-31,S,S,A,C,S,S,A,6.6088,6.3400,6.0500,0.2900,,0,0.0000,0.0000,,0,0.0000,0,0.0000,0.0000,,0,0.0000,0,0.0000,0.0000,,0,0.0000
prebreak,300227,2023-10-31,S,S,A,C,S,S,A,7.9024,8.0600,7.6500,0.4100,,0,0.0000,0.0000,,0,0.0000,0,0.0000,0.0000,,0,0.0000,0,0.0000,0.0000,,0,0.0000
prebreak,300294,2023-10-31,S,S,A,C,S,S,A,29.7109,30.8200,29.3100,1.5100,,0,0.0000,0.0000,,0,0.0000,0,0.0000,0.0000,,0,0.0000,0,0.0000,0.0000,,0,0.0000
prebreak,301166,2023-10-31,S,S,A,C,S,S,A,40.6541,38.0200,36.0100,2.0100,,0,0.0000,0.0000,,0,0.0000,0,0.0000,0.0000,,0,0.0000,0,0.0000,0.0000,,0,0.0000
prebreak,600493,2023-10-31,S,S,A,C,S,S,A,6.2289,5.9500,5.6400,0.3100,,0,0.0000,0.0000,,0,0.0000,0,0.0000,0.0000,,0,0.0000,0,0.0000,0.0000,,0,0.0000
prebreak,603926,2023-10-31,S,S,A,C,S,S,A,10.0129,10.4300,9.9100,0.5200,,1,10.4300,11.0030,2023-11-07,0,1.0860,1,10.4300,11.2552,2023-11-14,0,1.5707,1,10.4300,11.8530,2023-11-28,0,2.7196
prebreak,605055,2023-10-31,S,S,A,C,S,S,A,7.0847,6.4700,6.1600,0.3100,,0,0.0000,0.0000,,0,0.0000,0,0.0000,0.0000,,0,0.0000,0,0.0000,0.0000,,0,0.0000
prebreak,000655,2023-11-01,S,S,A,C,S,S,A,6.6898,6.7600,6.4100,0.3500,,0,0.0000,0.0000,,0,0.0000,0,0.0000,0.0000,,0,0.0000,0,0.0000,0.0000,,0,0.0000
prebreak,002172,2023-11-01,S,S,A,C,S,S,A,3.9000,3.7900,3.6100,0.1800,,0,0.0000,0.0000,,0,0.0000,0,0.0000,0.0000,,0,0.0000,0,0.0000,0.0000,,0,0.0000
prebreak,002424,2023-11-01,S,S,A,C,S,S,A,8.3500,8.0400,7.6100,0.4300,,0,0.0000,0.0000,,0,0.0000,0,0.0000,0.0000,,0,0.0000,0,0.0000,0.0000,,0,0.0000
prebreak,002651,2023-11-01,S,S,A,C,S,S,A,6.9014,6.9800,6.6500,0.3300,,0,0.0000,0.0000,,0,0.0000,0,0.0000,0.0000,,0,0.0000,0,0.0000,0.0000,,0,0.0000
prebreak,002826,2023-11-01,S,S,A,C,S,S,A,11.6465,11.8100,11.2100,0.6000,,0,0.0000,0.0000,,0,0.0000,0,0.0000,0.0000,,0,0.0000,0,0.0000,0.0000,,0,0.0000
prebreak,002946,2023-11-01,S,S,A,C,S,S,A,12.2691,13.0000,12.3500,0.6500,,0,0.0000,0.0000,,0,0.0000,0,0.0000,0.0000,,0,0.0000,0,0.0000,0.0000,,0,0.0000
prebreak,300318,2023-11-01,S,S,A,C,S,S,A,6.2900,5.8600,5.6100,0.2500,,0,0.0000,0.0000,,0,0.0000,0,0.0000,0.0000,,0,0.0000,0,0.0000,0.0000,,0,0.0000
prebreak,300463,2023-11-01,S,S,A,C,S,S,A,15.1742,15.1300,14.3600,0.7700,,0,0.0000,0.0000,,0,0.0000,0,0.0000,0.0000,,0,0.0000,0,0.0000,0.0000,,0,0.0000
prebreak,300569,2023-11-01,S,S,A,C,S,S,A,7.3226,7.1400,6.7700,0.3700,,0,0.0000,0.0000,,0,0.0000,0,0.0000,0.0000,,0,0.0000,0,0.0000,0.0000,,0,0.0000
prebreak,300597,2023-11-01,S,S,A,C,S,S,A,9.1705,9.3400,8.9200,0.4200,,0,0.0000,0.0000,,0,0.0000,0,0.0000,0.0000,,0,0.0000,0,0.0000,0.0000,,0,0.0000
prebreak,300636,2023-11-01,S,S,A,C,S,S,A,11.3086,11.5700,11.0300,0.5400,,0,0.0000,0.0000,,0,0.0000,0,0.0000,0.0000,,0,0.0000,0,0.0000,0.0000,,0,0.0000
prebreak,300750,2023-11-01,S,S,A,C,S,S,A,174.5596,177.6900,169.3200,8.3700,,0,0.0000,0.0000,,0,0.0000,0,0.0000,0.0000,,0,0.0000,0,0.0000,0.0000,,0,0.0000
prebreak,300883,2023-11-01,S,S,A,C,S,S,A,6.7839,6.5700,6.3300,0.2400,,1,6.5700,7.9013,2023-11-08,0,5.5227,1,6.5700,7.0533,2023-11-15,0,1.9916,1,6.5700,6.9735,2023-11-29,0,1.6593
prebreak,301276,2023-11-01,S,S,A,C,S,S,A,19.8332,22.3100,21.2300,1.0800,,0,0.0000,0.0000,,0,0.0000,0,0.0000,0.0000,,0,0.0000,0,0.0000,0.0000,,0,0.0000
prebreak,600377,2023-11-01,S,S,A,C,S,S,A,8.8671,9.2900,8.8600,0.4300,,0,0.0000,0.0000,,0,0.0000,0,0.0000,0.0000,,0,0.0000,0,0.0000,0.0000,,0,0.0000
prebreak,600567,2023-11-01,S,S,A,C,S,S,A,2.1635,2.1100,2.0100,0.1000,,0,0.0000,0.0000,,0,0.0000,0,0.0000,0.0000,,0,0.0000,0,0.0000,0.0000,,0,0.0000
prebreak,600585,2023-11-01,S,S,A,C,S,S,A,21.1337,22.9000,21.8600,1.0400,,0,0.0000,0.0000,,0,0.0000,0,0.0000,0.0000,,0,0.0000,0,0.0000,0.0000,,0,0.0000
prebreak,600886,2023-11-01,S,S,A,C,S,S,A,11.1477,11.0300,10.4700,0.5600,,0,0.0000,0.0000,,0,0.0000,0,0.0000,0.0000,,0,0.0000,0,0.0000,0.0000,,0,0.0000
prebreak,601908,2023-11-01,S,S,A,C,S,S,A,4.5750,4.8100,4.5700,0.2400,,0,0.0000,0.0000,,0,0.0000,0,0.0000,0.0000,,0,0.0000,0,0.0000,0.0000,,0,0.0000
prebreak,601958,2023-11-01,S,S,A,C,S,S,A,9.1896,9.4100,8.9300,0.4800,,0,0.0000,0.0000,,0,0.0000,0,0.0000,0.0000,,0,0.0000,0,0.0000,0.0000,,0,0.0000
prebreak,603301,2023-11-01,S,S,A,C,S,S,A,24.3174,25.2500,24.1400,1.1100,,0,0.0000,0.0000,,0,0.0000,0,0.0000,0.0000,,0,0.0000,0,0.0000,0.0000,,0,0.0000
prebreak,603520,2023-11-01,S,S,A,C,S,S,A,14.9885,15.0300,14.2700,0.7600,,0,0.0000,0.0000,,0,0.0000,0,0.0000,0.0000,,0,0.0000,0,0.0000,0.0000,,0,0.0000
prebreak,605169,2023-11-01,S,S,A,C,S,S,A,10.5830,10.1700,9.7300,0.4400,,0,0.0000,0.0000,,0,0.0000,0,0.0000,0.0000,,0,0.0000,0,0.0000,0.0000,,0,0.0000
prebreak,000030,2023-11-03,S,S,A,C,S,S,A,4.7656,4.9600,4.7100,0.2500,,0,0.0000,0.0000,,0,0.0000,0,0.0000,0.0000,,0,0.0000,0,0.0000,0.0000,,0,0.0000
prebreak,000062,2023-11-03,S,S,A,C,S,S,A,10.8101,11.0300,10.5900,0.4400,,0,0.0000,0.0000,,0,0.0000,0,0.0000,0.0000,,0,0.0000,0,0.0000,0.0000,,0,0.0000
prebreak,000887,2023-11-03,S,S,A,C,S,S,A,12.4096,12.3000,11.6900,0.6100,,0,0.0000,0.0000,,0,0.0000,0,0.0000,0.0000,,0,0.0000,0,0.0000,0.0000,,0,0.0000
prebreak,000915,2023-11-03,S,S,A,C,S,S,A,25.9687,26.4000,25.1900,1.2100,,0,0.0000,0.0000,,0,0.0000,0,0.0000,0.0000,,0,0.0000,0,0.0000,0.0000,,0,0.0000
prebreak,002142,2023-11-03,S,S,A,C,S,S,A,22.6844,22.8300,21.6500,1.1800,,0,0.0000,0.0000,,0,0.0000,0,0.0000,0.0000,,0,0.0000,0,0.0000,0.0000,,0,0.0000
prebreak,002162,2023-11-03,S,S,A,C,S,S,A,4.3700,4.4400,4.2400,0.2000,,1,4.4400,4.4400,2023-11-10,0,-0.0169,1,4.4400,4.4500,2023-11-17,0,0.0331,1,4.4400,4.4900,2023-12-01,0,0.2330
prebreak,002847,2023-11-03,S,S,A,C,S,S,A,51.8488,53.0500,50.3300,2.7200,,1,53.0500,55.2428,2023-11-10,0,0.7908,1,53.0500,52.1730,2023-11-17,0,-0.3370,1,53.0500,52.7750,2023-12-01,0,-0.1158
prebreak,300146,2023-11-03,S,S,A,C,S,S,A,16.0106,16.4200,15.7500,0.6700,,0,0.0000,0.0000,,0,0.0000,0,0.0000,0.0000,,0,0.0000,0,0.0000,0.0000,,0,0.0000
prebreak,300412,2023-11-03,S,S,A,C,S,S,A,5.4347,5.5900,5.3100,0.2800,,0,0.0000,0.0000,,0,0.0000,0,0.0000,0.0000,,0,0.0000,0,0.0000,0.0000,,0,0.0000
prebreak,600119,2023-11-03,S,S,A,C,S,S,A,6.9900,6.3200,6.0600,0.2600,,1,6.3200,8.0000,2023-11-10,0,6.4390,1,6.3200,7.6900,2023-11-17,0,5.2474,1,6.3200,7.6400,2023-12-01,0,5.0552
prebreak,600123,2023-11-03,S,S,A,C,S,S,A,8.2861,8.4500,8.0900,0.3600,,0,0.0000,0.0000,,0,0.0000,0,0.0000,0.0000,,0,0.0000,0,0.0000,0.0000,,0,0.0000
prebreak,600166,2023-11-03,S,S,A,C,S,S,A,3.0100,3.5800,3.4400,0.1400,,0,0.0000,0.0000,,0,0.0000,0,0.0000,0.0000,,0,0.0000,0,0.0000,0.0000,,0,0.0000
prebreak,600269,2023-11-03,S,S,A,C,S,S,A,3.7625,3.8100,3.6500,0.1600,,0,0.0000,0.0000,,0,0.0000,0,0.0000,0.0000,,0,0.0000,0,0.0000,0.0000,,0,0.0000
prebreak,600406,2023-11-03,S,S,A,C,S,S,A,20.9680,21.3400,20.5800,0.7600,,0,0.0000,0.0000,,0,0.0000,0,0.0000,0.0000,,0,0.0000,0,0.0000,0.0000,,0,0.0000
prebreak,600866,2023-11-03,S,S,A,C,S,S,A,4.4217,4.4100,4.1800,0.2300,,0,0.0000,0.0000,,0,0.0000,0,0.0000,0.0000,,0,0.0000,0,0.0000,0.0000,,0,0.0000
prebreak,603238,2023-11-03,S,S,A,C,S,S,A,13.1117,12.1400,11.5100,0.6300,,1,12.1400,13.0650,2023-11-10,0,1.4527,1,12.1400,13.1772,2023-11-17,0,1.6306,1,12.1400,13.0931,2023-12-01,0,1.4972
prebreak,603605,2023-11-03,S,S,A,C,S,S,A,99.0543,94.0200,90.1400,3.8800,,0,0.0000,0.0000,,0,0.0000,0,0.0000,0.0000,,0,0.0000,0,0.0000,0.0000,,0,0.0000
prebreak,605196,2023-11-03,S,S,A,C,S,S,A,7.1904,7.4000,7.0500,0.3500,,0,0.0000,0.0000,,0,0.0000,0,0.0000,0.0000,,0,0.0000,0,0.0000,0.0000,,0,0.0000
prebreak,688299,2023-11-03,S,S,A,C,S,S,A,14.2026,15.1300,14.3600,0.7700,,0,0.0000,0.0000,,0,0.0000,0,0.0000,0.0000,,0,0.0000,0,0.0000,0.0000,,0,0.0000
prebreak,002019,2023-11-06,S,S,A,C,S,S,A,13.6394,13.5700,12.8700,0.7000,,0,0.0000,0.0000,,0,0.0000,0,0.0000,0.0000,,0,0.0000,0,0.0000,0.0000,,0,0.0000
prebreak,002028,2023-11-06,S,S,A,C,S,S,A,47.7945,49.5500,47.5000,2.0500,,0,0.0000,0.0000,,0,0.0000,0,0.0000,0.0000,,0,0.0000,0,0.0000,0.0000,,0,0.0000
prebreak,002097,2023-11-06,S,S,A,C,S,S,A,6.0722,5.9600,5.7200,0.2400,,0,0.0000,0.0000,,0,0.0000,0,0.0000,0.0000,,0,0.0000,0,0.0000,0.0000,,0,0.0000
prebreak,002345,2023-11-06,S,S,A,C,S,S,A,5.6963,5.3500,5.0800,0.2700,,1,5.3500,5.5103,2023-11-13,0,0.5783,1,5.3500,5.6343,2023-11-20,0,1.0373,1,5.3500,5.9001,2023-12-04,0,2.0211
prebreak,002364,2023-11-06,S,S,A,C,S,S,A,8.1437,8.1800,7.8100,0.3700,,0,0.0000,0.0000,,0,0.0000,0,0.0000,0.0000,,0,0.0000,0,0.0000,0.0000,,0,0.0000
prebreak,002389,2023-11-06,S,S,A,C,S,S,A,19.8611,20.0200,19.3600,0.6600,,1,20.0200,20.0295,2023-11-13,0,-0.0087,1,20.0200,20.3861,2023-11-20,0,0.5313,1,20.0200,19.3600,2023-11-24,1,-1.0224
prebreak,002471,2023-11-06,S,S,A,C,S,S,A,2.9033,2.9500,2.7900,0.1600,,1,2.9500,3.0510,2023-11-13,0,0.6166,1,2.9500,3.0805,2023-11-20,0,0.8011,1,2.9500,3.0707,2023-12-04,0,0.7396
prebreak,002516,2023-11-06,S,S,A,C,S,S,A,4.9001,4.9700,4.7600,0.2100,,0,0.0000,0.0000,,0,0.0000,0,0.0000,0.0000,,0,0.0000,0,0.0000,0.0000,,0,0.0000
prebreak,002526,2023-11-06,S,S,A,C,S,S,A,2.5872,2.6000,2.4600,0.1400,,0,0.0000,0.0000,,0,0.0000,0,0.0000,0.0000,,0,0.0000,0,0.0000,0.0000,,0,0.0000
prebreak,002589,2023-11-06,S,S,A,C,S,S,A,3.5556,3.6300,3.5000,0.1300,,0,0.0000,0.0000,,0,0.0000,0,0.0000,0.0000,,0,0.0000,0,0.0000,0.0000,,0,0.0000
prebreak,002600,2023-11-06,S,S,A,C,S,S,A,6.6146,6.0900,5.8000,0.2900,,1,6.0900,6.7431,2023-11-13,0,2.2348,1,6.0900,6.6245,2023-11-20,0,1.8260,1,6.0900,6.6245,2023-12-04,0,1.8260
prebreak,002635,2023-11-06,S,S,A,C,S,S,A,14.2303,13.9300,13.2000,0.7300,,0,0.0000,0.0000,,0,0.0000,0,0.0000,0.0000,,0,0.0000,0,0.0000,0.0000,,0,0.0000
prebreak,002923,2023-11-06,S,S,A,C,S,S,A,13.1779,12.2400,11.6200,0.6200,,0,0.0000,0.0000,,0,0.0000,0,0.0000,0.0000,,0,0.0000,0,0.0000,0.0000,,0,0.0000
prebreak,300105,2023-11-06,S,S,A,C,S,S,A,6.3815,5.7600,5.5000,0.2600,,1,5.7600,6.1647,2023-11-13,0,1.5386,1,5.7600,6.4475,2023-11-20,0,2.6256,1,5.7600,6.4192,2023-12-04,0,2.5169
prebreak,300131,2023-11-06,S,S,A,C,S,S,A,5.5300,5.4900,5.2600,0.2300,,1,5.4900,5.9600,2023-11-13,0,2.0241,1,5.4900,6.0400,2023-11-20,0,2.3717,1,5.4900,7.1100,2023-12-04,0,7.0209
prebreak,300283,2023-11-06,S,S,A,C,S,S,A,6.1193,6.3500,6.0500,0.3000,,0,0.0000,0.0000,,0,0.0000,0,0.0000,0.0000,,0,0.0000,0,0.0000,0.0000,,0,0.0000
prebreak,600523,2023-11-06,S,S,A,C,S,S,A,13.0091,13.1100,12.4800,0.6300,,0,0.0000,0.0000,,0,0.0000,0,0.0000,0.0000,,0,0.0000,0,0.0000,0.0000,,0,0.0000
prebreak,603035,2023-11-06,S,S,A,C,S,S,A,18.8973,18.6600,17.8300,0.8300,,0,0.0000,0.0000,,0,0.0000,0,0.0000,0.0000,,0,0.0000,0,0.0000,0.0000,,0,0.0000
prebreak,603229,2023-11-06,S,S,A,C,S,S,A,10.5918,10.7400,10.2500,0.4900,,0,0.0000,0.0000,,0,0.0000,0,0.0000,0.0000,,0,0.0000,0,0.0000,0.0000,,0,0.0000
prebreak,605177,2023-11-06,S,S,A,C,S,S,A,28.5346,30.5800,29.1900,1.3900,,0,0.0000,0.0000,,0,0.0000,0,0.0000,0.0000,,0,0.0000,0,0.0000,0.0000,,0,0.0000
prebreak,000009,2023-11-07,S,S,A,C,S,S,A,11.0325,10.4200,10.0600,0.3600,,0,0.0000,0.0000,,0,0.0000,0,0.0000,0.0000,,0,0.0000,0,0.0000,0.0000,,0,0.0000
prebreak,000566,2023-11-07,S,S,A,C,S,S,A,4.7400,4.8300,4.6600,0.1700,,0,0.0000,0.0000,,0,0.0000,0,0.0000,0.0000,,0,0.0000,0,0.0000,0.0000,,0,0.0000
prebreak,000630,2023-11-07,S,S,A,C,S,S,A,2.8054,2.9300,2.7700,0.1600,,0,0.0000,0.0000,,0,0.0000,0,0.0000,0.0000,,0,0.0000,0,0.0000,0.0000,,0,0.0000
prebreak,002046,2023-11-07,S,S,A,C,S,S,A,10.2742,10.9900,10.4600,0.5300,,1,10.9900,11.7143,2023-11-14,0,1.3500,1,10.9900,12.2266,2023-11-21,0,2.3159,1,10.9900,11.8593,2023-12-05,0,1.6234
prebreak,002328,2023-11-07,S,S,A,C,S,S,A,5.8153,5.6500,5.3900,0.2600,,0,0.0000,0.0000,,0,0.0000,0,0.0000,0.0000,,0,0.0000,0,0.0000,0.0000,,0,0.0000
prebreak,002421,2023-11-07,S,S,A,C,S,S,A,3.2277,3.2000,3.0500,0.1500,,0,0.0000,0.0000,,0,0.0000,0,0.0000,0.0000,,0,0.0000,0,0.0000,0.0000,,0,0.0000
prebreak,300039,2023-11-07,S,S,A,C,S,S,A,6.5522,6.7000,6.3900,0.3100,,0,0.0000,0.0000,,0,0.0000,0,0.0000,0.0000,,0,0.0000,0,0.0000,0.0000,,0,0.0000
prebreak,300227,2023-11-07,S,S,A,C,S,S,A,8.3403,8.1000,7.7200,0.3800,,0,0.0000,0.0000,,0,0.0000,0,0.0000,0.0000,,0,0.0000,0,0.0000,0.0000,,0,0.0000
prebreak,300485,2023-11-07,S,S,A,C,S,S,A,11.3255,11.5800,11.0700,0.5100,,0,0.0000,0.0000,,0,0.0000,0,0.0000,0.0000,,0,0.0000,0,0.0000,0.0000,,0,0.0000
prebreak,301166,2023-11-07,S,S,A,C,S,S,A,40.9600,38.0200,36.0100,2.0100,,0,0.0000,0.0000,,0,0.0000,0,0.0000,0.0000,,0,0.0000,0,0.0000,0.0000,,0,0.0000
prebreak,600251,2023-11-07,S,S,A,C,S,S,A,8.4211,8.7300,8.3600,0.3700,,0,0.0000,0.0000,,0,0.0000,0,0.0000,0.0000,,0,0.0000,0,0.0000,0.0000,,0,0.0000
prebreak,600493,2023-11-07,S,S,A,C,S,S,A,6.5471,5.7000,5.4500,0.2500,,1,5.7000,6.3446,2023-11-14,0,2.5596,1,5.7000,6.5857,2023-11-21,0,3.5233,1,5.7000,6.7111,2023-12-05,0,4.0244
prebreak,603706,2023-11-07,S,S,A,C,S,S,A,14.6654,13.9800,13.3700,0.6100,,1,13.9800,16.3749,2023-11-14,0,3.9061,1,13.9800,15.3509,2023-11-21,0,2.2286,1,13.9800,14.8650,2023-12-05,0,1.4324
prebreak,000096,2023-11-08,S,S,A,C,S,S,A,9.3217,9.0800,8.6600,0.4200,,1,9.0800,9.7665,2023-11-15,0,1.6170,1,9.0800,10.1026,2023-11-22,0,2.4167,1,9.0800,10.9527,2023-12-06,0,4.4396
prebreak,000968,2023-11-08,S,S,A,C,S,S,A,7.5926,7.6700,7.2900,0.3800,,0,0.0000,0.0000,,0,0.0000,0,0.0000,0.0000,,0,0.0000,0,0.0000,0.0000,,0,0.0000
prebreak,000969,2023-11-08,S,S,A,C,S,S,A,9.3701,9.1400,8.6900,0.4500,,0,0.0000,0.0000,,0,0.0000,0,0.0000,0.0000,,0,0.0000,0,0.0000,0.0000,,0,0.0000
prebreak,000970,2023-11-08,S,S,A,C,S,S,A,10.6253,10.5900,10.1700,0.4200,,0,0.0000,0.0000,,0,0.0000,0,0.0000,0.0000,,0,0.0000,0,0.0000,0.0000,,0,0.0000
prebreak,001965,2023-11-08,S,S,A,C,S,S,A,8.1835,8.8100,8.4100,0.4000,,0,0.0000,0.0000,,0,0.0000,0,0.0000,0.0000,,0,0.0000,0,0.0000,0.0000,,0,0.0000
prebreak,002651,2023-11-08,S,S,A,C,S,S,A,6.9797,7.0500,6.7300,0.3200,,0,0.0000,0.0000,,0,0.0000,0,0.0000,0.0000,,0,0.0000,0,0.0000,0.0000,,0,0.0000
prebreak,002946,2023-11-08,S,S,A,C,S,S,A,12.2879,12.5900,11.9800,0.6100,,0,0.0000,0.0000,,0,0.0000,0,0.0000,0.0000,,0,0.0000,0,0.0000,0.0000,,0,0.0000
prebreak,003026,2023-11-08,S,S,A,C,S,S,A,20.8807,21.1500,20.2400,0.9100,,0,0.0000,0.0000,,0,0.0000,0,0.0000,0.0000,,0,0.0000,0,0.0000,0.0000,,0,0.0000
prebreak,300597,2023-11-08,S,S,A,C,S,S,A,9.5701,9.4000,8.9800,0.4200,,0,0.0000,0.0000,,0,0.0000,0,0.0000,0.0000,,0,0.0000,0,0.0000,0.0000,,0,0.0000
prebreak,600436,2023-11-08,S,S,A,C,S,S,A,241.4891,247.2500,238.0100,9.2400,,0,0.0000,0.0000,,0,0.0000,1,247.2500,247.3264,2023-11-22,0,-0.0121,1,247.2500,238.0100,2023-12-01,1,-1.0197
prebreak,600973,2023-11-08,S,S,A,C,S,S,A,5.1700,5.2000,5.0200,0.1800,,1,5.2000,5.1900,2023-11-15,0,-0.0775,1,5.2000,5.1100,2023-11-22,0,-0.5216,1,5.2000,5.0200,2023-11-30,1,-1.0213
prebreak,601908,2023-11-08,S,S,A,C,S,S,A,4.6645,4.7100,4.5000,0.2100,,0,0.0000,0.0000,,0,0.0000,0,0.0000,0.0000,,0,0.0000,0,0.0000,0.0000,,0,0.0000
prebreak,603687,2023-11-08,S,S,A,C,S,S,A,10.3412,10.5200,10.0300,0.4900,,0,0.0000,0.0000,,0,0.0000,0,0.0000,0.0000,,0,0.0000,0,0.0000,0.0000,,0,0.0000
prebreak,000030,2023-11-10,S,S,A,C,S,S,A,4.8462,5.0000,4.7500,0.2500,,1,5.0000,5.4553,2023-11-17,0,1.8050,1,5.0000,5.2762,2023-11-24,0,1.0888,1,5.0000,5.0254,2023-12-08,0,0.0861
prebreak,000062,2023-11-10,S,S,A,C,S,S,A,11.0365,11.2300,10.7600,0.4700,,0,0.0000,0.0000,,0,0.0000,0,0.0000,0.0000,,0,0.0000,0,0.0000,0.0000,,0,0.0000
prebreak,002092,2023-11-10,S,S,A,C,S,S,A,6.7400,6.7400,6.4400,0.3000,,0,0.0000,0.0000,,0,0.0000,0,0.0000,0.0000,,0,0.0000,0,0.0000,0.0000,,0,0.0000
prebreak,002131,2023-11-10,S,S,A,C,S,S,A,2.1868,2.2800,2.1900,0.0900,,1,2.2800,2.3126,2023-11-17,0,0.3430,1,2.2800,2.2642,2023-11-24,0,-0.1942,1,2.2800,2.1900,2023-11-30,1,-1.0186
prebreak,002674,2023-11-10,S,S,A,C,S,S,A,11.5482,11.7900,11.3000,0.4900,,0,0.0000,0.0000,,0,0.0000,0,0.0000,0.0000,,0,0.0000,0,0.0000,0.0000,,0,0.0000
prebreak,002723,2023-11-10,S,S,A,C,S,S,A,9.9671,11.9300,11.3800,0.5500,,0,0.0000,0.0000,,0,0.0000,0,0.0000,0.0000,,0,0.0000,0,0.0000,0.0000,,0,0.0000
prebreak,002847,2023-11-10,S,S,A,C,S,S,A,55.2428,53.0500,50.3300,2.7200,,0,0.0000,0.0000,,0,0.0000,0,0.0000,0.0000,,0,0.0000,0,0.0000,0.0000,,0,0.0000
prebreak,300196,2023-11-10,S,S,A,C,S,S,A,11.4498,12.0500,11.4400,0.6100,,0,0.0000,0.0000,,0,0.0000,0,0.0000,0.0000,,0,0.0000,0,0.0000,0.0000,,0,0.0000
prebreak,600123,2023-11-10,S,S,A,C,S,S,A,8.4597,8.4500,8.1000,0.3500,,0,0.0000,0.0000,,0,0.0000,0,0.0000,0.0000,,0,0.0000,0,0.0000,0.0000,,0,0.0000
prebreak,600166,2023-11-10,S,S,A,C,S,S,A,3.0500,3.1400,2.9800,0.1600,,0,0.0000,0.0000,,0,0.0000,0,0.0000,0.0000,,0,0.0000,0,0.0000,0.0000,,0,0.0000
prebreak,600269,2023-11-10,S,S,A,C,S,S,A,3.7265,3.8100,3.6500,0.1600,,0,0.0000,0.0000,,0,0.0000,0,0.0000,0.0000,,0,0.0000,0,0.0000,0.0000,,0,0.0000
prebreak,600549,2023-11-10,S,S,A,C,S,S,A,16.4123,16.7700,16.1700,0.6000,,1,16.7700,16.6396,2023-11-17,0,-0.2385,1,16.7700,16.3271,2023-11-24,0,-0.7590,1,16.7700,16.1700,2023-11-27,1,-1.0206
prebreak,600756,2023-11-10,S,S,A,C,S,S,A,14.5137,14.4000,13.6400,0.7600,,0,0.0000,0.0000,,0,0.0000,0,0.0000,0.0000,,0,0.0000,0,0.0000,0.0000,,0,0.0000
prebreak,600843,2023-11-10,S,S,A,C,S,S,A,5.8976,5.6600,5.4100,0.2500,,0,0.0000,0.0000,,0,0.0000,0,0.0000,0.0000,,0,0.0000,0,0.0000,0.0000,,0,0.0000
prebreak,603238,2023-11-10,S,S,A,C,S,S,A,13.0650,12.1400,11.5100,0.6300,,0,0.0000,0.0000,,0,0.0000,0,0.0000,0.0000,,0,0.0000,0,0.0000,0.0000,,0,0.0000
prebreak,603369,2023-11-10,S,S,A,C,S,S,A,50.3622,51.6700,50.1100,1.5600,,0,0.0000,0.0000,,0,0.0000,0,0.0000,0.0000,,0,0.0000,0,0.0000,0.0000,,0,0.0000
prebreak,002019,2023-11-13,S,S,A,C,S,S,A,13.4546,13.5700,12.8700,0.7000,,0,0.0000,0.0000,,0,0.0000,0,0.0000,0.0000,,0,0.0000,0,0.0000,0.0000,,0,0.0000
prebreak,002028,2023-11-13,S,S,A,C,S,S,A,47.0078,48.6800,46.7800,1.9000,,0,0.0000,0.0000,,0,0.0000,0,0.0000,0.0000,,0,0.0000,0,0.0000,0.0000,,0,0.0000
prebreak,002364,2023-11-13,S,S,A,C,S,S,A,7.6918,8.1800,7.8100,0.3700,,0,0.0000,0.0000,,0,0.0000,0,0.0000,0.0000,,0,0.0000,0,0.0000,0.0000,,0,0.0000
prebreak,002471,2023-11-13,S,S,A,C,S,S,A,3.0510,2.9300,2.7900,0.1400,,0,0.0000,0.0000,,0,0.0000,0,0.0000,0.0000,,0,0.0000,0,0.0000,0.0000,,0,0.0000
prebreak,002629,2023-11-13,S,S,A,C,S,S,A,4.2500,4.2900,4.0700,0.2200,,0,0.0000,0.0000,,0,0.0000,0,0.0000,0.0000,,0,0.0000,0,0.0000,0.0000,,0,0.0000
prebreak,002635,2023-11-13,S,S,A,C,S,S,A,14.0390,14.3800,13.7300,0.6500,,0,0.0000,0.0000,,0,0.0000,0,0.0000,0.0000,,0,0.0000,0,0.0000,0.0000,,0,0.0000
prebreak,002639,2023-11-13,S,S,A,C,S,S,A,7.7100,7.9500,7.5300,0.4200,,0,0.0000,0.0000,,0,0.0000,0,0.0000,0.0000,,0,0.0000,1,7.9500,7.5300,2023-12-11,1,-1.0138
prebreak,300131,2023-11-13,S,S,A,C,S,S,A,5.9600,5.4900,5.2600,0.2300,,1,5.4900,6.0400,2023-11-20,0,2.3717,1,5.4900,6.9800,2023-11-27,0,6.4560,1,5.4900,6.4200,2023-12-11,0,4.0228
prebreak,300663,2023-11-13,S,S,A,C,S,S,A,16.4200,15.4400,14.8200,0.6200,,0,0.0000,0.0000,,0,0.0000,0,0.0000,0.0000,,0,0.0000,0,0.0000,0.0000,,0,0.0000
prebreak,600104,2023-11-13,S,S,A,C,S,S,A,13.6299,14.4100,13.7300,0.6800,,0,0.0000,0.0000,,0,0.0000,1,14.4100,14.6210,2023-11-27,0,0.2941,1,14.4100,13.7300,2023-12-05,1,-1.0155
prebreak,600106,2023-11-13,S,S,A,C,S,S,A,5.9537,5.3000,5.0400,0.2600,,1,5.3000,5.9830,2023-11-20,0,2.6099,1,5.3000,6.1005,2023-11-27,0,3.0616,1,5.3000,6.6685,2023-12-11,0,5.2446
prebreak,600523,2023-11-13,S,S,A,C,S,S,A,13.0769,13.2300,12.7500,0.4800,,0,0.0000,0.0000,,0,0.0000,0,0.0000,0.0000,,0,0.0000,0,0.0000,0.0000,,0,0.0000
prebreak,600590,2023-11-13,S,S,A,C,S,S,A,6.7860,6.8200,6.5200,0.3000,,0,0.0000,0.0000,,0,0.0000,0,0.0000,0.0000,,0,0.0000,0,0.0000,0.0000,,0,0.0000
prebreak,600938,2023-11-13,S,S,A,C,S,S,A,17.3011,17.3400,16.6200,0.7200,,0,0.0000,0.0000,,0,0.0000,0,0.0000,0.0000,,0,0.0000,0,0.0000,0.0000,,0,0.0000
prebreak,600997,2023-11-13,S,S,A,C,S,S,A,6.1922,6.1600,5.9000,0.2600,,0,0.0000,0.0000,,0,0.0000,0,0.0000,0.0000,,0,0.0000,0,0.0000,0.0000,,0,0.0000
prebreak,000009,2023-11-14,S,S,A,C,S,S,A,11.1614,11.2300,10.7500,0.4800,,1,11.2300,11.5480,2023-11-21,0,0.6442,1,11.2300,11.6471,2023-11-28,0,0.8506,1,11.2300,11.8255,2023-12-12,0,1.2221
prebreak,000612,2023-11-14,S,S,A,C,S,S,A,5.3975,5.4400,5.2000,0.2400,,0,0.0000,0.0000,,0,0.0000,0,0.0000,0.0000,,0,0.0000,0,0.0000,0.0000,,0,0.0000
prebreak,000898,2023-11-14,S,S,A,C,S,S,A,2.6200,2.6600,2.5300,0.1300,,0,0.0000,0.0000,,0,0.0000,0,0.0000,0.0000,,0,0.0000,0,0.0000,0.0000,,0,0.0000
prebreak,000973,2023-11-14,S,S,A,C,S,S,A,4.7542,4.8800,4.6400,0.2400,,0,0.0000,0.0000,,0,0.0000,0,0.0000,0.0000,,0,0.0000,0,0.0000,0.0000,,0,0.0000
prebreak,002110,2023-11-14,S,S,A,C,S,S,A,4.5050,4.9700,4.7300,0.2400,,0,0.0000,0.0000,,0,0.0000,0,0.0000,0.0000,,0,0.0000,0,0.0000,0.0000,,0,0.0000
prebreak,002218,2023-11-14,S,S,A,C,S,S,A,4.3659,4.4300,4.2400,0.1900,,1,4.4300,4.5342,2023-11-21,0,0.5305,1,4.4300,4.5045,2023-11-28,0,0.3743,1,4.4300,4.3659,2023-12-12,0,-0.3547
prebreak,002239,2023-11-14,S,S,A,C,S,S,A,2.7301,2.7700,2.6200,0.1500,,0,0.0000,0.0000,,0,0.0000,0,0.0000,0.0000,,0,0.0000,0,0.0000,0.0000,,0,0.0000
prebreak,002328,2023-11-14,S,S,A,C,S,S,A,5.7873,5.8500,5.6500,0.2000,,0,0.0000,0.0000,,0,0.0000,0,0.0000,0.0000,,0,0.0000,0,0.0000,0.0000,,0,0.0000
prebreak,002643,2023-11-14,S,S,A,C,S,S,A,16.1831,16.6100,16.0100,0.6000,,0,0.0000,0.0000,,0,0.0000,0,0.0000,0.0000,,0,0.0000,0,0.0000,0.0000,,0,0.0000
prebreak,300076,2023-11-14,S,S,A,C,S,S,A,5.4100,5.5300,5.2400,0.2900,,1,5.5300,5.7100,2023-11-21,0,0.6058,1,5.5300,5.5900,2023-11-28,0,0.1923,1,5.5300,5.5700,2023-12-12,0,0.1234
prebreak,300227,2023-11-14,S,S,A,C,S,S,A,8.2707,8.3400,8.0300,0.3100,,0,0.0000,0.0000,,0,0.0000,0,0.0000,0.0000,,0,0.0000,0,0.0000,0.0000,,0,0.0000
prebreak,300485,2023-11-14,S,S,A,C,S,S,A,11.1467,11.5800,11.1800,0.4000,,0,0.0000,0.0000,,0,0.0000,0,0.0000,0.0000,,0,0.0000,0,0.0000,0.0000,,0,0.0000
prebreak,600216,2023-11-14,S,S,A,C,S,S,A,10.2320,10.5400,10.1600,0.3800,,1,10.5400,10.5141,2023-11-21,0,-0.0891,1,10.5400,10.5894,2023-11-28,0,0.1088,1,10.5400,10.4577,2023-12-12,0,-0.2375
prebreak,600521,2023-11-14,S,S,A,C,S,S,A,15.1823,15.7300,15.0800,0.6500,,0,0.0000,0.0000,,0,0.0000,0,0.0000,0.0000,,0,0.0000,0,0.0000,0.0000,,0,0.0000
prebreak,600580,2023-11-14,S,S,A,C,S,S,A,9.7882,10.1600,9.6900,0.4700,,0,0.0000,0.0000,,0,0.0000,0,0.0000,0.0000,,0,0.0000,1,10.1600,9.6900,2023-12-05,1,-1.0158
prebreak,603977,2023-11-14,S,S,A,C,S,S,A,8.3780,8.4900,8.1000,0.3900,,0,0.0000,0.0000,,0,0.0000,0,0.0000,0.0000,,0,0.0000,0,0.0000,0.0000,,0,0.0000
prebreak,000968,2023-11-15,S,S,A,C,S,S,A,7.7366,7.7900,7.5200,0.2700,,0,0.0000,0.0000,,0,0.0000,0,0.0000,0.0000,,0,0.0000,0,0.0000,0.0000,,0,0.0000
prebreak,002048,2023-11-15,S,S,A,C,S,S,A,12.6171,12.6600,12.1600,0.5000,,0,0.0000,0.0000,,0,0.0000,0,0.0000,0.0000,,0,0.0000,0,0.0000,0.0000,,0,0.0000
prebreak,003026,2023-11-15,S,S,A,C,S,S,A,20.5915,21.0400,20.1100,0.9300,,0,0.0000,0.0000,,0,0.0000,0,0.0000,0.0000,,0,0.0000,0,0.0000,0.0000,,0,0.0000
prebreak,300318,2023-11-15,S,S,A,C,S,S,A,6.4500,6.3400,6.1000,0.2400,,0,0.0000,0.0000,,0,0.0000,0,0.0000,0.0000,,0,0.0000,0,0.0000,0.0000,,0,0.0000
prebreak,300597,2023-11-15,S,S,A,C,S,S,A,9.7200,9.8700,9.4500,0.4200,,0,0.0000,0.0000,,0,0.0000,1,9.8700,9.8099,2023-11-29,0,-0.1609,1,9.8700,10.0796,2023-12-13,0,0.4809
prebreak,300883,2023-11-15,S,S,A,C,S,S,A,7.0533,7.3200,6.9800,0.3400,,0,0.0000,0.0000,,0,0.0000,0,0.0000,0.0000,,0,0.0000,0,0.0000,0.0000,,0,0.0000
prebreak,600059,2023-11-15,S,S,A,C,S,S,A,9.4061,9.5600,9.2200,0.3400,,0,0.0000,0.0000,,0,0.0000,0,0.0000,0.0000,,0,0.0000,0,0.0000,0.0000,,0,0.0000
prebreak,600121,2023-11-15,S,S,A,C,S,S,A,4.4400,4.2900,4.1400,0.1500,,0,0.0000,0.0000,,0,0.0000,0,0.0000,0.0000,,0,0.0000,0,0.0000,0.0000,,0,0.0000
prebreak,600470,2023-11-15,S,S,A,C,S,S,A,5.7500,5.2700,5.0000,0.2700,,0,0.0000,0.0000,,0,0.0000,0,0.0000,0.0000,,0,0.0000,0,0.0000,0.0000,,0,0.0000
prebreak,600483,2023-11-15,S,S,A,C,S,S,A,7.8957,8.0100,7.6000,0.4100,,0,0.0000,0.0000,,0,0.0000,0,0.0000,0.0000,,0,0.0000,0,0.0000,0.0000,,0,0.0000
prebreak,600803,2023-11-15,S,S,A,C,S,S,A,13.9475,14.2400,13.7300,0.5100,,0,0.0000,0.0000,,0,0.0000,0,0.0000,0.0000,,0,0.0000,0,0.0000,0.0000,,0,0.0000
prebreak,600973,2023-11-15,S,S,A,C,S,S,A,5.1900,5.2900,5.0900,0.2000,,0,0.0000,0.0000,,0,0.0000,0,0.0000,0.0000,,0,0.0000,0,0.0000,0.0000,,0,0.0000
prebreak,603687,2023-11-15,S,S,A,C,S,S,A,11.1866,10.6600,10.2200,0.4400,,1,10.6600,11.4126,2023-11-22,0,1.6911,1,10.6600,11.1571,2023-11-29,0,1.1106,1,10.6600,10.7147,2023-12-13,0,0.1059
prebreak,002092,2023-11-17,S,S,A,C,S,S,A,6.6500,6.7400,6.4400,0.3000,,0,0.0000,0.0000,,0,0.0000,0,0.0000,0.0000,,0,0.0000,0,0.0000,0.0000,,0,0.0000
prebreak,002131,2023-11-17,S,S,A,C,S,S,A,2.3126,2.2500,2.1700,0.0800,,1,2.2500,2.2642,2023-11-24,0,0.1566,1,2.2500,2.3126,2023-12-01,0,0.7610,1,2.2500,2.3610,2023-12-15,0,1.3653
prebreak,002296,2023-11-17,S,S,A,C,S,S,A,8.2178,8.2500,7.8100,0.4400,,0,0.0000,0.0000,,0,0.0000,0,0.0000,0.0000,,0,0.0000,0,0.0000,0.0000,,0,0.0000
prebreak,002483,2023-11-17,S,S,A,C,S,S,A,5.0196,5.1000,4.8800,0.2200,,0,0.0000,0.0000,,0,0.0000,0,0.0000,0.0000,,0,0.0000,0,0.0000,0.0000,,0,0.0000
prebreak,002847,2023-11-17,S,S,A,C,S,S,A,52.1730,53.0500,50.3300,2.7200,,0,0.0000,0.0000,,0,0.0000,0,0.0000,0.0000,,0,0.0000,0,0.0000,0.0000,,0,0.0000
prebreak,600079,2023-11-17,S,S,A,C,S,S,A,21.8513,23.1300,21.9300,1.2000,,0,0.0000,0.0000,,0,0.0000,1,23.1300,24.6233,2023-12-01,0,1.2289,1,23.1300,23.8723,2023-12-15,0,0.6036
prebreak,600123,2023-11-17,S,S,A,C,S,S,A,8.6333,8.6900,8.2800,0.4100,,0,0.0000,0.0000,,0,0.0000,0,0.0000,0.0000,,0,0.0000,0,0.0000,0.0000,,0,0.0000
prebreak,600756,2023-11-17,S,S,A,C,S,S,A,14.8327,15.1800,14.5600,0.6200,,0,0.0000,0.0000,,0,0.0000,0,0.0000,0.0000,,0,0.0000,0,0.0000,0.0000,,0,0.0000
prebreak,601789,2023-11-17,S,S,A,C,S,S,A,4.2205,4.1800,3.9600,0.2200,,0,0.0000,0.0000,,0,0.0000,0,0.0000,0.0000,,0,0.0000,0,0.0000,0.0000,,0,0.0000
prebreak,001896,2023-11-20,S,S,A,C,S,S,A,4.6600,4.9700,4.7200,0.2500,,0,0.0000,0.0000,,0,0.0000,0,0.0000,0.0000,,0,0.0000,0,0.0000,0.0000,,0,0.0000
prebreak,002639,2023-11-20,S,S,A,C,S,S,A,7.8600,7.9100,7.6300,0.2800,,0,0.0000,0.0000,,0,0.0000,0,0.0000,0.0000,,0,0.0000,0,0.0000,0.0000,,0,0.0000
prebreak,300663,2023-11-20,S,S,A,C,S,S,A,16.2700,16.6800,15.9800,0.7000,,0,0.0000,0.0000,,0,0.0000,0,0.0000,0.0000,,0,0.0000,0,0.0000,0.0000,,0,0.0000
prebreak,301093,2023-11-20,S,S,A,C,S,S,A,19.6711,20.5700,19.5900,0.9800,,0,0.0000,0.0000,,0,0.0000,0,0.0000,0.0000,,0,0.0000,0,0.0000,0.0000,,0,0.0000
prebreak,600523,2023-11-20,S,S,A,C,S,S,A,13.7356,13.4700,12.8000,0.6700,,1,13.4700,13.8227,2023-11-27,0,0.5109,1,13.4700,15.4985,2023-12-04,0,3.0104,1,13.4700,14.0455,2023-12-18,0,0.8432
prebreak,600590,2023-11-20,S,S,A,C,S,S,A,6.8658,6.8900,6.6700,0.2200,,0,0.0000,0.0000,,0,0.0000,0,0.0000,0.0000,,0,0.0000,0,0.0000,0.0000,,0,0.0000
prebreak,603936,2023-11-20,S,S,A,C,S,S,A,11.4553,11.5300,10.9400,0.5900,,0,0.0000,0.0000,,0,0.0000,0,0.0000,0.0000,,0,0.0000,0,0.0000,0.0000,,0,0.0000
prebreak,688029,2023-11-20,S,S,A,C,S,S,A,85.1807,84.3100,81.1800,3.1300,,0,0.0000,0.0000,,0,0.0000,0,0.0000,0.0000,,0,0.0000,0,0.0000,0.0000,,0,0.0000
prebreak,000898,2023-11-21,S,S,A,C,S,S,A,2.6500,2.6900,2.5900,0.1000,,0,0.0000,0.0000,,0,0.0000,0,0.0000,0.0000,,0,0.0000,0,0.0000,0.0000,,0,0.0000
prebreak,002328,2023-11-21,S,S,A,C,S,S,A,5.8619,5.9800,5.7500,0.2300,,1,5.9800,6.0579,2023-11-28,0,0.3189,1,5.9800,5.7500,2023-12-05,1,-1.0191,1,5.9800,5.7500,2023-12-05,1,-1.0191
prebreak,002402,2023-11-21,S,S,A,C,S,S,A,13.8225,14.2700,13.7600,0.5100,,0,0.0000,0.0000,,0,0.0000,0,0.0000,0.0000,,0,0.0000,0,0.0000,0.0000,,0,0.0000
prebreak,002668,2023-11-21,S,S,A,C,S,S,A,7.2248,7.4500,7.1600,0.2900,,0,0.0000,0.0000,,0,0.0000,0,0.0000,0.0000,,0,0.0000,0,0.0000,0.0000,,0,0.0000
prebreak,002977,2023-11-21,S,S,A,C,S,S,A,37.2883,37.6900,35.7900,1.9000,,0,0.0000,0.0000,,0,0.0000,0,0.0000,0.0000,,0,0.0000,0,0.0000,0.0000,,0,0.0000
prebreak,300227,2023-11-21,S,S,A,C,S,S,A,8.2408,8.5400,8.1400,0.4000,,0,0.0000,0.0000,,0,0.0000,0,0.0000,0.0000,,0,0.0000,0,0.0000,0.0000,,0,0.0000
prebreak,300699,2023-11-21,S,S,A,C,S,S,A,24.8783,25.5600,24.6600,0.9000,,0,0.0000,0.0000,,0,0.0000,0,0.0000,0.0000,,0,0.0000,0,0.0000,0.0000,,0,0.0000
prebreak,300933,2023-11-21,S,S,A,C,S,S,A,9.4862,9.3200,8.8300,0.4900,,0,0.0000,0.0000,,0,0.0000,0,0.0000,0.0000,,0,0.0000,0,0.0000,0.0000,,0,0.0000
prebreak,600458,2023-11-21,S,S,A,C,S,S,A,9.4729,9.6300,9.2700,0.3600,,0,0.0000,0.0000,,0,0.0000,0,0.0000,0.0000,,0,0.0000,0,0.0000,0.0000,,0,0.0000
prebreak,601233,2023-11-21,S,S,A,C,S,S,A,13.6174,13.9300,13.4100,0.5200,,0,0.0000,0.0000,,0,0.0000,0,0.0000,0.0000,,0,0.0000,1,13.9300,14.0988,2023-12-19,0,0.3041
prebreak,601500,2023-11-21,S,S,A,C,S,S,A,4.0588,4.1000,3.9200,0.1800,,0,0.0000,0.0000,,0,0.0000,0,0.0000,0.0000,,0,0.0000,0,0.0000,0.0000,,0,0.0000
prebreak,603881,2023-11-21,S,S,A,C,S,S,A,11.1809,11.5300,11.1000,0.4300,,0,0.0000,0.0000,,0,0.0000,0,0.0000,0.0000,,0,0.0000,0,0.0000,0.0000,,0,0.0000
prebreak,603977,2023-11-21,S,S,A,C,S,S,A,8.5622,8.8300,8.3900,0.4400,,0,0.0000,0.0000,,0,0.0000,0,0.0000,0.0000,,0,0.0000,1,8.8300,9.0471,2023-12-19,0,0.4777
prebreak,000155,2023-11-23,S,S,A,C,S,S,A,12.2578,11.4600,11.0000,0.4600,,0,0.0000,0.0000,,0,0.0000,0,0.0000,0.0000,,0,0.0000,0,0.0000,0.0000,,0,0.0000
prebreak,001696,2023-11-23,S,S,A,C,S,S,A,6.5556,6.6000,6.3800,0.2200,,1,6.6000,6.5267,2023-11-30,0,-0.3555,1,6.6000,6.4401,2023-12-07,0,-0.7491,1,6.6000,6.3800,2023-12-08,1,-1.0222
prebreak,002277,2023-11-23,S,S,A,C,S,S,A,4.1011,4.1300,3.9800,0.1500,,0,0.0000,0.0000,,0,0.0000,0,0.0000,0.0000,,0,0.0000,0,0.0000,0.0000,,0,0.0000
prebreak,002591,2023-11-23,S,S,A,C,S,S,A,6.8700,6.5900,6.2900,0.3000,,0,0.0000,0.0000,,0,0.0000,0,0.0000,0.0000,,0,0.0000,0,0.0000,0.0000,,0,0.0000
prebreak,300477,2023-11-23,S,S,A,C,S,S,A,4.2900,4.3700,4.2200,0.1500,,0,0.0000,0.0000,,0,0.0000,0,0.0000,0.0000,,0,0.0000,0,0.0000,0.0000,,0,0.0000
prebreak,600285,2023-11-23,S,S,A,C,S,S,A,15.1283,14.6000,13.9000,0.7000,,0,0.0000,0.0000,,0,0.0000,0,0.0000,0.0000,,0,0.0000,0,0.0000,0.0000,,0,0.0000
prebreak,600435,2023-11-23,S,S,A,C,S,S,A,11.6828,11.8700,11.3000,0.5700,,0,0.0000,0.0000,,0,0.0000,0,0.0000,0.0000,,0,0.0000,0,0.0000,0.0000,,0,0.0000
prebreak,600637,2023-11-23,S,S,A,C,S,S,A,7.4313,7.5300,7.1400,0.3900,,0,0.0000,0.0000,,0,0.0000,0,0.0000,0.0000,,0,0.0000,0,0.0000,0.0000,,0,0.0000
prebreak,601038,2023-11-23,S,S,A,C,S,S,A,11.9431,11.3000,10.7700,0.5300,,1,11.3000,13.0305,2023-11-30,0,3.2468,1,11.3000,12.7680,2023-12-07,0,2.7519,1,11.3000,13.3398,2023-12-21,0,3.8301
prebreak,603979,2023-11-23,S,S,A,C,S,S,A,34.6412,35.3900,33.7900,1.6000,,0,0.0000,0.0000,,0,0.0000,0,0.0000,0.0000,,0,0.0000,1,35.3900,36.3001,2023-12-21,0,0.5516
prebreak,605179,2023-11-23,S,S,A,C,S,S,A,13.8174,12.2200,11.6600,0.5600,,1,12.2200,13.9952,2023-11-30,0,3.1514,1,12.2200,17.4421,2023-12-07,0,9.3027,1,12.2200,13.4223,2023-12-21,0,2.1291
prebreak,688033,2023-11-23,S,S,A,C,S,S,A,18.0123,18.9200,18.1200,0.8000,,0,0.0000,0.0000,,0,0.0000,0,0.0000,0.0000,,0,0.0000,0,0.0000,0.0000,,0,0.0000
prebreak,000559,2023-11-27,S,S,A,C,S,S,A,5.2023,5.2300,5.0500,0.1800,,0,0.0000,0.0000,,0,0.0000,0,0.0000,0.0000,,0,0.0000,0,0.0000,0.0000,,0,0.0000
prebreak,300105,2023-11-27,S,S,A,C,S,S,A,6.2684,6.6500,6.3300,0.3200,,0,0.0000,0.0000,,0,0.0000,0,0.0000,0.0000,,0,0.0000,1,6.6500,6.3300,2023-12-21,1,-1.0152
prebreak,300277,2023-11-27,S,S,A,C,S,S,A,9.0383,8.3100,7.9500,0.3600,,0,0.0000,0.0000,,0,0.0000,0,0.0000,0.0000,,0,0.0000,0,0.0000,0.0000,,0,0.0000
prebreak,300919,2023-11-27,S,S,A,C,S,S,A,34.1916,36.3600,34.7300,1.6300,,0,0.0000,0.0000,,0,0.0000,0,0.0000,0.0000,,0,0.0000,0,0.0000,0.0000,,0,0.0000
prebreak,600523,2023-11-27,S,S,A,C,S,S,A,13.8227,13.9300,13.3000,0.6300,,1,13.9300,15.4985,2023-12-04,0,2.4713,1,13.9300,14.8979,2023-12-11,0,1.5187,1,13.9300,13.3000,2023-12-21,1,-1.0162
prebreak,600590,2023-11-27,S,S,A,C,S,S,A,6.7261,6.9100,6.5900,0.3200,,0,0.0000,0.0000,,0,0.0000,0,0.0000,0.0000,,0,0.0000,0,0.0000,0.0000,,0,0.0000
prebreak,002073,2023-11-28,S,S,A,C,S,S,A,6.7739,6.9800,6.6700,0.3100,,0,0.0000,0.0000,,0,0.0000,0,0.0000,0.0000,,0,0.0000,0,0.0000,0.0000,,0,0.0000
prebreak,002328,2023-11-28,S,S,A,C,S,S,A,6.0579,5.9700,5.7600,0.2100,,1,5.9700,5.7600,2023-12-05,1,-1.0210,1,5.9700,5.7600,2023-12-05,1,-1.0210,1,5.9700,5.7600,2023-12-05,1,-1.0210
prebreak,002402,2023-11-28,S,S,A,C,S,S,A,13.6274,13.9100,13.2700,0.6400,,0,0.0000,0.0000,,0,0.0000,1,13.9100,13.8322,2023-12-12,0,-0.1380,1,13.9100,13.2700,2023-12-21,1,-1.0159
prebreak,002421,2023-11-28,S,S,A,C,S,S,A,3.3168,3.4300,3.2600,0.1700,,0,0.0000,0.0000,,0,0.0000,0,0.0000,0.0000,,0,0.0000,0,0.0000,0.0000,,0,0.0000
prebreak,300699,2023-11-28,S,S,A,C,S,S,A,24.0341,24.9800,23.7700,1.2100,,0,0.0000,0.0000,,0,0.0000,0,0.0000,0.0000,,0,0.0000,1,24.9800,24.5368,2023-12-26,0,-0.3817
prebreak,300933,2023-11-28,S,S,A,C,S,S,A,9.3181,9.3200,8.8300,0.4900,,0,0.0000,0.0000,,0,0.0000,0,0.0000,0.0000,,0,0.0000,0,0.0000,0.0000,,0,0.0000
prebreak,301187,2023-11-28,S,S,A,C,S,S,A,12.6287,12.7800,12.2500,0.5300,,0,0.0000,0.0000,,0,0.0000,0,0.0000,0.0000,,0,0.0000,0,0.0000,0.0000,,0,0.0000
prebreak,600458,2023-11-28,S,S,A,C,S,S,A,9.2557,9.5000,9.0300,0.4700,,0,0.0000,0.0000,,0,0.0000,0,0.0000,0.0000,,0,0.0000,0,0.0000,0.0000,,0,0.0000
prebreak,601901,2023-11-28,S,S,A,C,S,S,A,8.4222,7.5200,7.1700,0.3500,,0,0.0000,0.0000,,0,0.0000,0,0.0000,0.0000,,0,0.0000,0,0.0000,0.0000,,0,0.0000
prebreak,001696,2023-11-30,S,S,A,C,S,S,A,6.5267,6.7100,6.4400,0.2700,,0,0.0000,0.0000,,0,0.0000,0,0.0000,0.0000,,0,0.0000,0,0.0000,0.0000,,0,0.0000
prebreak,002197,2023-11-30,S,S,A,C,S,S,A,10.7400,11.2800,10.7000,0.5800,,0,0.0000,0.0000,,0,0.0000,0,0.0000,0.0000,,0,0.0000,0,0.0000,0.0000,,0,0.0000
prebreak,002467,2023-11-30,S,S,A,C,S,S,A,4.8306,5.0800,4.8900,0.1900,,0,0.0000,0.0000,,0,0.0000,0,0.0000,0.0000,,0,0.0000,0,0.0000,0.0000,,0,0.0000
prebreak,300157,2023-11-30,S,S,A,C,S,S,A,3.5800,3.7400,3.5700,0.1700,,1,3.7400,3.7200,2023-12-07,0,-0.1343,1,3.7400,3.5700,2023-12-14,1,-1.0161,1,3.7400,3.5700,2023-12-14,1,-1.0161
prebreak,600285,2023-11-30,S,S,A,C,S,S,A,15.1371,15.3400,14.8200,0.5200,,0,0.0000,0.0000,,0,0.0000,0,0.0000,0.0000,,0,0.0000,0,0.0000,0.0000,,0,0.0000
prebreak,601038,2023-11-30,S,S,A,C,S,S,A,13.0305,11.3000,10.7700,0.5300,,1,11.3000,12.7680,2023-12-07,0,2.7519,1,11.3000,12.9461,2023-12-14,0,3.0877,1,11.3000,13.6492,2023-12-28,0,4.4135
prebreak,603878,2023-11-30,S,S,A,C,S,S,A,7.0332,6.9800,6.7500,0.2300,,0,0.0000,0.0000,,0,0.0000,0,0.0000,0.0000,,0,0.0000,0,0.0000,0.0000,,0,0.0000
prebreak,605179,2023-11-30,S,S,A,C,S,S,A,13.9952,12.2200,11.6600,0.5600,,1,12.2200,17.4421,2023-12-07,0,9.3027,1,12.2200,15.4372,2023-12-14,0,5.7247,1,12.2200,14.8939,2023-12-28,0,4.7553
prebreak,002023,2023-12-01,S,S,A,C,S,S,A,9.4907,9.7300,9.2800,0.4500,,0,0.0000,0.0000,,0,0.0000,0,0.0000,0.0000,,0,0.0000,0,0.0000,0.0000,,0,0.0000
prebreak,300428,2023-12-01,S,S,A,C,S,S,A,20.4902,21.5300,20.4400,1.0900,,0,0.0000,0.0000,,0,0.0000,0,0.0000,0.0000,,0,0.0000,0,0.0000,0.0000,,0,0.0000
prebreak,300481,2023-12-01,S,S,A,C,S,S,A,15.9110,17.0100,16.2400,0.7700,,0,0.0000,0.0000,,0,0.0000,0,0.0000,0.0000,,0,0.0000,0,0.0000,0.0000,,0,0.0000
prebreak,300739,2023-12-01,S,S,A,C,S,S,A,14.8015,15.0300,14.3200,0.7100,,0,0.0000,0.0000,,0,0.0000,0,0.0000,0.0000,,0,0.0000,0,0.0000,0.0000,,0,0.0000
prebreak,600380,2023-12-01,S,S,A,C,S,S,A,11.9418,12.0800,11.5300,0.5500,,0,0.0000,0.0000,,0,0.0000,1,12.0800,11.8662,2023-12-15,0,-0.4053,1,12.0800,11.5300,2023-12-21,1,-1.0161
prebreak,600522,2023-12-01,S,S,A,C,S,S,A,12.3605,13.4800,12.7900,0.6900,,0,0.0000,0.0000,,0,0.0000,0,0.0000,0.0000,,0,0.0000,0,0.0000,0.0000,,0,0.0000
prebreak,600756,2023-12-01,S,S,A,C,S,S,A,14.7529,14.9100,14.2300,0.6800,,0,0.0000,0.0000,,0,0.0000,0,0.0000,0.0000,,0,0.0000,0,0.0000,0.0000,,0,0.0000
prebreak,601789,2023-12-01,S,S,A,C,S,S,A,4.0694,4.1600,3.9800,0.1800,,0,0.0000,0.0000,,0,0.0000,0,0.0000,0.0000,,0,0.0000,0,0.0000,0.0000,,0,0.0000
prebreak,000026,2023-12-04,S,S,A,C,S,S,A,10.9614,11.2000,10.7500,0.4500,,0,0.0000,0.0000,,0,0.0000,0,0.0000,0.0000,,0,0.0000,0,0.0000,0.0000,,0,0.0000
prebreak,000559,2023-12-04,S,S,A,C,S,S,A,5.1462,5.2800,5.0600,0.2200,,0,0.0000,0.0000,,0,0.0000,0,0.0000,0.0000,,0,0.0000,0,0.0000,0.0000,,0,0.0000
prebreak,002635,2023-12-04,S,S,A,C,S,S,A,13.7138,14.4100,13.7400,0.6700,,0,0.0000,0.0000,,0,0.0000,0,0.0000,0.0000,,0,0.0000,1,14.4100,15.1962,2024-01-02,0,1.1563
prebreak,300088,2023-12-04,S,S,A,C,S,S,A,6.6595,6.9200,6.6200,0.3000,,0,0.0000,0.0000,,0,0.0000,0,0.0000,0.0000,,0,0.0000,0,0.0000,0.0000,,0,0.0000
prebreak,300277,2023-12-04,S,S,A,C,S,S,A,9.1455,9.1900,8.7400,0.4500,,0,0.0000,0.0000,,0,0.0000,0,0.0000,0.0000,,0,0.0000,0,0.0000,0.0000,,0,0.0000
prebreak,300694,2023-12-04,S,S,A,C,S,S,A,12.6426,12.7600,12.0900,0.6700,,0,0.0000,0.0000,,0,0.0000,0,0.0000,0.0000,,0,0.0000,0,0.0000,0.0000,,0,0.0000
prebreak,300919,2023-12-04,S,S,A,C,S,S,A,32.7461,35.1900,33.6400,1.5500,,0,0.0000,0.0000,,0,0.0000,0,0.0000,0.0000,,0,0.0000,0,0.0000,0.0000,,0,0.0000
prebreak,301096,2023-12-04,S,S,A,C,S,S,A,62.2467,67.7500,65.1700,2.5800,,0,0.0000,0.0000,,0,0.0000,0,0.0000,0.0000,,0,0.0000,0,0.0000,0.0000,,0,0.0000
prebreak,603690,2023-12-04,S,S,A,C,S,S,A,26.1010,27.6300,26.2100,1.4200,,0,0.0000,0.0000,,0,0.0000,0,0.0000,0.0000,,0,0.0000,0,0.0000,0.0000,,0,0.0000
prebreak,688617,2023-12-04,S,S,A,C,S,S,A,175.5831,165.8700,158.5000,7.3700,,0,0.0000,0.0000,,0,0.0000,0,0.0000,0.0000,,0,0.0000,0,0.0000,0.0000,,0,0.0000
prebreak,000039,2023-12-06,S,S,A,C,S,S,A,7.4889,7.6100,7.3200,0.2900,,0,0.0000,0.0000,,0,0.0000,0,0.0000,0.0000,,0,0.0000,0,0.0000,0.0000,,0,0.0000
prebreak,300727,2023-12-06,S,S,A,C,S,S,A,21.5091,21.2700,20.1900,1.0800,,0,0.0000,0.0000,,0,0.0000,0,0.0000,0.0000,,0,0.0000,0,0.0000,0.0000,,0,0.0000
prebreak,603819,2023-12-06,S,S,A,C,S,S,A,14.1681,13.4400,12.8900,0.5500,,0,0.0000,0.0000,,0,0.0000,0,0.0000,0.0000,,0,0.0000,0,0.0000,0.0000,,0,0.0000
prebreak,000155,2023-12-07,S,S,A,C,S,S,A,12.5487,11.4600,11.0000,0.4600,,0,0.0000,0.0000,,0,0.0000,0,0.0000,0.0000,,0,0.0000,0,0.0000,0.0000,,0,0.0000
prebreak,001696,2023-12-07,S,S,A,C,S,S,A,6.4401,6.7200,6.3900,0.3300,,0,0.0000,0.0000,,0,0.0000,0,0.0000,0.0000,,0,0.0000,0,0.0000,0.0000,,0,0.0000
prebreak,002032,2023-12-07,S,S,A,C,S,S,A,45.4492,46.9600,44.7200,2.2400,,0,0.0000,0.0000,,0,0.0000,0,0.0000,0.0000,,0,0.0000,0,0.0000,0.0000,,0,0.0000
prebreak,002197,2023-12-07,S,S,A,C,S,S,A,10.9400,11.1000,10.5800,0.5200,,0,0.0000,0.0000,,0,0.0000,0,0.0000,0.0000,,0,0.0000,0,0.0000,0.0000,,0,0.0000
prebreak,002467,2023-12-07,S,S,A,C,S,S,A,4.9604,5.0800,4.8900,0.1900,,0,0.0000,0.0000,,0,0.0000,0,0.0000,0.0000,,0,0.0000,0,0.0000,0.0000,,0,0.0000
prebreak,300179,2023-12-07,S,S,A,C,S,S,A,9.0253,9.6000,9.1800,0.4200,,0,0.0000,0.0000,,0,0.0000,0,0.0000,0.0000,,0,0.0000,0,0.0000,0.0000,,0,0.0000
prebreak,300205,2023-12-07,S,S,A,C,S,S,A,11.5775,12.0600,11.4600,0.6000,,0,0.0000,0.0000,,0,0.0000,0,0.0000,0.0000,,0,0.0000,0,0.0000,0.0000,,0,0.0000
prebreak,300261,2023-12-07,S,S,A,C,S,S,A,7.2545,7.7000,7.3200,0.3800,,1,7.7000,7.4331,2023-12-14,0,-0.7174,1,7.7000,7.3200,2023-12-15,1,-1.0148,1,7.7000,7.3200,2023-12-15,1,-1.0148
prebreak,300393,2023-12-07,S,S,A,C,S,S,A,9.9144,10.3400,9.8400,0.5000,,0,0.0000,0.0000,,0,0.0000,0,0.0000,0.0000,,0,0.0000,0,0.0000,0.0000,,0,0.0000
prebreak,301050,2023-12-07,S,S,A,C,S,S,A,41.0157,45.6200,43.4300,2.1900,,0,0.0000,0.0000,,0,0.0000,0,0.0000,0.0000,,0,0.0000,0,0.0000,0.0000,,0,0.0000
prebreak,601015,2023-12-07,S,S,A,C,S,S,A,4.5400,4.8600,4.6200,0.2400,,0,0.0000,0.0000,,0,0.0000,0,0.0000,0.0000,,0,0.0000,0,0.0000,0.0000,,0,0.0000
prebreak,000049,2023-12-11,S,S,A,C,S,S,A,25.5738,29.7900,28.6500,1.1400,,0,0.0000,0.0000,,0,0.0000,0,0.0000,0.0000,,0,0.0000,0,0.0000,0.0000,,0,0.0000
prebreak,002389,2023-12-11,S,S,A,C,S,S,A,19.0884,19.2000,18.4800,0.7200,,0,0.0000,0.0000,,0,0.0000,0,0.0000,0.0000,,0,0.0000,0,0.0000,0.0000,,0,0.0000
prebreak,002471,2023-12-11,S,S,A,C,S,S,A,2.9329,3.1200,2.9600,0.1600,,0,0.0000,0.0000,,0,0.0000,0,0.0000,0.0000,,0,0.0000,1,3.1200,2.9600,2024-01-05,1,-1.0142
prebreak,002516,2023-12-11,S,S,A,C,S,S,A,4.7864,4.9300,4.7000,0.2300,,0,0.0000,0.0000,,0,0.0000,0,0.0000,0.0000,,0,0.0000,0,0.0000,0.0000,,0,0.0000
prebreak,002635,2023-12-11,S,S,A,C,S,S,A,13.8190,13.8800,13.1800,0.7000,,0,0.0000,0.0000,,0,0.0000,0,0.0000,0.0000,,0,0.0000,0,0.0000,0.0000,,0,0.0000
prebreak,300088,2023-12-11,S,S,A,C,S,S,A,6.5337,6.9200,6.6200,0.3000,,0,0.0000,0.0000,,0,0.0000,0,0.0000,0.0000,,0,0.0000,0,0.0000,0.0000,,0,0.0000
prebreak,300919,2023-12-11,S,S,A,C,S,S,A,32.4152,33.4300,31.7100,1.7200,,0,0.0000,0.0000,,0,0.0000,0,0.0000,0.0000,,0,0.0000,0,0.0000,0.0000,,0,0.0000
prebreak,301096,2023-12-11,S,S,A,C,S,S,A,61.8188,62.7300,60.0400,2.6900,,0,0.0000,0.0000,,0,0.0000,0,0.0000,0.0000,,0,0.0000,0,0.0000,0.0000,,0,0.0000
prebreak,600126,2023-12-11,S,S,A,C,S,S,A,5.2859,5.5300,5.2600,0.2700,,0,0.0000,0.0000,,0,0.0000,0,0.0000,0.0000,,0,0.0000,0,0.0000,0.0000,,0,0.0000
prebreak,600838,2023-12-11,S,S,A,C,S,S,A,7.2785,7.5900,7.2400,0.3500,,0,0.0000,0.0000,,0,0.0000,0,0.0000,0.0000,,0,0.0000,0,0.0000,0.0000,,0,0.0000
prebreak,603035,2023-12-11,S,S,A,C,S,S,A,17.7238,18.8500,18.0000,0.8500,,0,0.0000,0.0000,,0,0.0000,0,0.0000,0.0000,,0,0.0000,0,0.0000,0.0000,,0,0.0000
prebreak,603690,2023-12-11,S,S,A,C,S,S,A,26.0615,26.1400,25.2300,0.9100,,0,0.0000,0.0000,,0,0.0000,0,0.0000,0.0000,,0,0.0000,1,26.1400,25.2300,2024-01-03,1,-1.0212
prebreak,603936,2023-12-11,S,S,A,C,S,S,A,10.7973,11.3400,10.8600,0.4800,,0,0.0000,0.0000,,0,0.0000,0,0.0000,0.0000,,0,0.0000,0,0.0000,0.0000,,0,0.0000
prebreak,000558,2023-12-12,S,S,A,C,S,S,A,2.9900,2.9400,2.8100,0.1300,,1,2.9400,3.1500,2023-12-19,0,1.5972,1,2.9400,2.9300,2023-12-26,0,-0.0941,1,2.9400,3.4400,2024-01-10,0,3.8265
prebreak,002074,2023-12-12,S,S,A,C,S,S,A,21.8638,22.3200,21.2200,1.1000,,0,0.0000,0.0000,,0,0.0000,0,0.0000,0.0000,,0,0.0000,0,0.0000,0.0000,,0,0.0000
prebreak,002328,2023-12-12,S,S,A,C,S,S,A,5.6566,6.0200,5.7200,0.3000,,0,0.0000,0.0000,,0,0.0000,0,0.0000,0.0000,,0,0.0000,0,0.0000,0.0000,,0,0.0000
prebreak,002402,2023-12-12,S,S,A,C,S,S,A,13.8322,13.4900,12.7800,0.7100,,0,0.0000,0.0000,,0,0.0000,0,0.0000,0.0000,,0,0.0000,0,0.0000,0.0000,,0,0.0000
prebreak,002421,2023-12-12,S,S,A,C,S,S,A,3.3465,3.3900,3.2100,0.1800,,0,0.0000,0.0000,,0,0.0000,0,0.0000,0.0000,,0,0.0000,1,3.3900,3.2100,2024-01-08,1,-1.0137
prebreak,002540,2023-12-12,S,S,A,C,S,S,A,5.5268,5.6100,5.3700,0.2400,,0,0.0000,0.0000,,0,0.0000,0,0.0000,0.0000,,0,0.0000,1,5.6100,5.4924,2024-01-10,0,-0.5075
prebreak,002606,2023-12-12,S,S,A,C,S,S,A,7.6471,7.7500,7.4300,0.3200,,0,0.0000,0.0000,,0,0.0000,0,0.0000,0.0000,,0,0.0000,0,0.0000,0.0000,,0,0.0000
prebreak,002935,2023-12-12,S,S,A,C,S,S,A,15.5638,15.8300,15.0100,0.8200,,0,0.0000,0.0000,,0,0.0000,0,0.0000,0.0000,,0,0.0000,1,15.8300,15.9760,2024-01-10,0,0.1633
prebreak,300039,2023-12-12,S,S,A,C,S,S,A,6.6655,6.7700,6.4800,0.2900,,1,6.7700,6.4800,2023-12-19,1,-1.0171,1,6.7700,6.4800,2023-12-19,1,-1.0171,1,6.7700,6.4800,2023-12-19,1,-1.0171
prebreak,300589,2023-12-12,S,S,A,C,S,S,A,13.7543,14.0500,13.4600,0.5900,,0,0.0000,0.0000,,0,0.0000,0,0.0000,0.0000,,0,0.0000,1,14.0500,13.4600,2024-01-08,1,-1.0175
prebreak,300656,2023-12-12,S,S,A,C,S,S,A,26.9175,27.1100,25.8100,1.3000,,0,0.0000,0.0000,,0,0.0000,0,0.0000,0.0000,,0,0.0000,0,0.0000,0.0000,,0,0.0000
prebreak,300666,2023-12-12,S,S,A,C,S,S,A,59.4330,59.8000,57.0900,2.7100,,0,0.0000,0.0000,,0,0.0000,0,0.0000,0.0000,,0,0.0000,0,0.0000,0.0000,,0,0.0000
prebreak,300747,2023-12-12,S,S,A,C,S,S,A,24.3709,24.6400,23.5700,1.0700,,0,0.0000,0.0000,,0,0.0000,0,0.0000,0.0000,,0,0.0000,0,0.0000,0.0000,,0,0.0000
prebreak,300911,2023-12-12,S,S,A,C,S,S,A,21.5174,21.8800,20.9600,0.9200,,0,0.0000,0.0000,,0,0.0000,0,0.0000,0.0000,,0,0.0000,0,0.0000,0.0000,,0,0.0000
prebreak,600458,2023-12-12,S,S,A,C,S,S,A,8.7929,9.1600,8.7200,0.4400,,0,0.0000,0.0000,,0,0.0000,0,0.0000,0.0000,,0,0.0000,0,0.0000,0.0000,,0,0.0000
prebreak,600764,2023-12-12,S,S,A,C,S,S,A,23.6844,23.0800,22.1100,0.9700,,0,0.0000,0.0000,,0,0.0000,0,0.0000,0.0000,,0,0.0000,0,0.0000,0.0000,,0,0.0000
prebreak,600847,2023-12-12,S,S,A,C,S,S,A,11.2900,12.1100,11.6400,0.4700,,1,12.1100,11.6400,2023-12-15,1,-1.0190,1,12.1100,11.6400,2023-12-15,1,-1.0190,1,12.1100,11.6400,2023-12-15,1,-1.0190
prebreak,600961,2023-12-12,S,S,A,C,S,S,A,7.7500,7.9700,7.5400,0.4300,,0,0.0000,0.0000,,0,0.0000,0,0.0000,0.0000,,0,0.0000,0,0.0000,0.0000,,0,0.0000
prebreak,000155,2023-12-14,S,S,A,C,S,S,A,11.9960,12.4900,11.9300,0.5600,,0,0.0000,0.0000,,0,0.0000,0,0.0000,0.0000,,0,0.0000,0,0.0000,0.0000,,0,0.0000
prebreak,002197,2023-12-14,S,S,A,C,S,S,A,10.9300,11.2300,10.7700,0.4600,,0,0.0000,0.0000,,0,0.0000,0,0.0000,0.0000,,0,0.0000,1,11.2300,11.2200,2024-01-12,0,-0.0403
prebreak,002430,2023-12-14,S,S,A,C,S,S,A,28.0939,30.3600,28.9300,1.4300,,0,0.0000,0.0000,,0,0.0000,0,0.0000,0.0000,,0,0.0000,0,0.0000,0.0000,,0,0.0000
prebreak,002533,2023-12-14,S,S,A,C,S,S,A,6.9506,7.0500,6.7200,0.3300,,0,0.0000,0.0000,,0,0.0000,1,7.0500,7.0749,2023-12-28,0,0.0591,1,7.0500,7.3057,2024-01-12,0,0.7580
prebreak,002805,2023-12-14,S,S,A,C,S,S,A,14.0100,16.3200,15.4900,0.8300,,0,0.0000,0.0000,,0,0.0000,1,16.3200,16.0500,2023-12-28,0,-0.3400,1,16.3200,15.4900,2024-01-03,1,-1.0143
prebreak,300157,2023-12-14,S,S,A,C,S,S,A,3.5800,3.7400,3.5700,0.1700,,0,0.0000,0.0000,,0,0.0000,0,0.0000,0.0000,,0,0.0000,0,0.0000,0.0000,,0,0.0000
prebreak,300179,2023-12-14,S,S,A,C,S,S,A,8.7029,9.1200,8.6600,0.4600,,0,0.0000,0.0000,,0,0.0000,0,0.0000,0.0000,,0,0.0000,0,0.0000,0.0000,,0,0.0000
prebreak,300261,2023-12-14,S,S,A,C,S,S,A,7.4331,7.4500,7.1500,0.3000,,0,0.0000,0.0000,,0,0.0000,0,0.0000,0.0000,,0,0.0000,0,0.0000,0.0000,,0,0.0000
prebreak,300393,2023-12-14,S,S,A,C,S,S,A,9.4757,10.3400,9.8400,0.5000,,0,0.0000,0.0000,,0,0.0000,0,0.0000,0.0000,,0,0.0000,0,0.0000,0.0000,,0,0.0000
prebreak,301050,2023-12-14,S,S,A,C,S,S,A,40.5485,42.0500,39.9500,2.1000,,0,0.0000,0.0000,,0,0.0000,0,0.0000,0.0000,,0,0.0000,0,0.0000,0.0000,,0,0.0000
prebreak,600513,2023-12-14,S,S,A,C,S,S,A,11.3442,10.6300,10.0800,0.5500,,0,0.0000,0.0000,,0,0.0000,0,0.0000,0.0000,,0,0.0000,0,0.0000,0.0000,,0,0.0000
prebreak,600830,2023-12-14,S,S,A,C,S,S,A,7.0666,7.0400,6.6700,0.3700,,1,7.0400,6.9573,2023-12-21,0,-0.2379,1,7.0400,6.6700,2023-12-26,1,-1.0138,1,7.0400,6.6700,2023-12-26,1,-1.0138
prebreak,603328,2023-12-14,S,S,A,C,S,S,A,7.5875,7.7400,7.4100,0.3300,,0,0.0000,0.0000,,0,0.0000,0,0.0000,0.0000,,0,0.0000,0,0.0000,0.0000,,0,0.0000
prebreak,603995,2023-12-14,S,S,A,C,S,S,A,18.2647,19.3300,18.5000,0.8300,,0,0.0000,0.0000,,0,0.0000,0,0.0000,0.0000,,0,0.0000,0,0.0000,0.0000,,0,0.0000
prebreak,000887,2023-12-15,S,S,A,C,S,S,A,12.0520,12.7200,12.1400,0.5800,,0,0.0000,0.0000,,0,0.0000,0,0.0000,0.0000,,0,0.0000,0,0.0000,0.0000,,0,0.0000
prebreak,002023,2023-12-15,S,S,A,C,S,S,A,9.3514,9.6000,9.1000,0.5000,,0,0.0000,0.0000,,0,0.0000,0,0.0000,0.0000,,0,0.0000,0,0.0000,0.0000,,0,0.0000
prebreak,002245,2023-12-15,S,S,A,C,S,S,A,5.6486,5.8500,5.5700,0.2800,,0,0.0000,0.0000,,0,0.0000,0,0.0000,0.0000,,0,0.0000,0,0.0000,0.0000,,0,0.0000
prebreak,002327,2023-12-15,S,S,A,C,S,S,A,7.4558,7.6100,7.2300,0.3800,,0,0.0000,0.0000,,0,0.0000,0,0.0000,0.0000,,0,0.0000,0,0.0000,0.0000,,0,0.0000
prebreak,002352,2023-12-15,S,S,A,C,S,S,A,37.0272,38.8000,36.8600,1.9400,,0,0.0000,0.0000,,0,0.0000,0,0.0000,0.0000,,0,0.0000,0,0.0000,0.0000,,0,0.0000
prebreak,002454,2023-12-15,S,S,A,C,S,S,A,5.1277,5.3300,5.0800,0.2500,,0,0.0000,0.0000,,0,0.0000,0,0.0000,0.0000,,0,0.0000,0,0.0000,0.0000,,0,0.0000
prebreak,002859,2023-12-15,S,S,A,C,S,S,A,23.9332,24.6200,23.4400,1.1800,,0,0.0000,0.0000,,0,0.0000,0,0.0000,0.0000,,0,0.0000,0,0.0000,0.0000,,0,0.0000
prebreak,300073,2023-12-15,S,S,A,C,S,S,A,35.6634,37.2300,35.4200,1.8100,,0,0.0000,0.0000,,0,0.0000,1,37.2300,37.0806,2023-12-29,0,-0.0981,1,37.2300,35.4200,2024-01-08,1,-1.0150
prebreak,300077,2023-12-15,S,S,A,C,S,S,A,11.8100,11.9900,11.3800,0.6100,,0,0.0000,0.0000,,0,0.0000,0,0.0000,0.0000,,0,0.0000,0,0.0000,0.0000,,0,0.0000
prebreak,300139,2023-12-15,S,S,A,C,S,S,A,10.3222,10.6100,10.0800,0.5300,,0,0.0000,0.0000,,0,0.0000,0,0.0000,0.0000,,0,0.0000,0,0.0000,0.0000,,0,0.0000
prebreak,300183,2023-12-15,S,S,A,C,S,S,A,15.2753,15.9600,15.2000,0.7600,,0,0.0000,0.0000,,0,0.0000,0,0.0000,0.0000,,0,0.0000,0,0.0000,0.0000,,0,0.0000
prebreak,300352,2023-12-15,S,S,A,C,S,S,A,5.0400,5.3500,5.1200,0.2300,,0,0.0000,0.0000,,0,0.0000,0,0.0000,0.0000,,0,0.0000,0,0.0000,0.0000,,0,0.0000
prebreak,300618,2023-12-15,S,S,A,C,S,S,A,27.1493,29.5200,28.0200,1.5000,,0,0.0000,0.0000,,0,0.0000,0,0.0000,0.0000,,0,0.0000,0,0.0000,0.0000,,0,0.0000
prebreak,300671,2023-12-15,S,S,A,C,S,S,A,32.5200,33.8900,32.3200,1.5700,,0,0.0000,0.0000,,0,0.0000,0,0.0000,0.0000,,0,0.0000,0,0.0000,0.0000,,0,0.0000
prebreak,300869,2023-12-15,S,S,A,C,S,S,A,19.9367,20.8800,19.8600,1.0200,,0,0.0000,0.0000,,0,0.0000,0,0.0000,0.0000,,0,0.0000,0,0.0000,0.0000,,0,0.0000
prebreak,600110,2023-12-15,S,S,A,C,S,S,A,5.5400,5.7800,5.5100,0.2700,,0,0.0000,0.0000,,0,0.0000,0,0.0000,0.0000,,0,0.0000,0,0.0000,0.0000,,0,0.0000
prebreak,600380,2023-12-15,S,S,A,C,S,S,A,11.8662,12.0700,11.4800,0.5900,,0,0.0000,0.0000,,0,0.0000,0,0.0000,0.0000,,0,0.0000,0,0.0000,0.0000,,0,0.0000
prebreak,600456,2023-12-15,S,S,A,C,S,S,A,30.0408,31.8900,30.3800,1.5100,,0,0.0000,0.0000,,0,0.0000,0,0.0000,0.0000,,0,0.0000,0,0.0000,0.0000,,0,0.0000
prebreak,600522,2023-12-15,S,S,A,C,S,S,A,11.7564,12.5100,11.9300,0.5800,,0,0.0000,0.0000,,0,0.0000,0,0.0000,0.0000,,0,0.0000,0,0.0000,0.0000,,0,0.0000
prebreak,603605,2023-12-15,S,S,A,C,S,S,A,94.8745,99.7500,94.6400,5.1100,,0,0.0000,0.0000,,0,0.0000,0,0.0000,0.0000,,0,0.0000,0,0.0000,0.0000,,0,0.0000
prebreak,603712,2023-12-15,S,S,A,C,S,S,A,29.4327,31.4500,29.8500,1.6000,,1,31.4500,31.5265,2023-12-22,0,0.0328,1,31.4500,31.4168,2023-12-29,0,-0.0357,1,31.4500,29.8500,2024-01-08,1,-1.0143
prebreak,000519,2023-12-19,S,S,A,C,S,S,A,13.7597,14.6800,13.9500,0.7300,,0,0.0000,0.0000,,0,0.0000,0,0.0000,0.0000,,0,0.0000,0,0.0000,0.0000,,0,0.0000
prebreak,000725,2023-12-19,S,S,A,C,S,S,A,3.6162,3.7200,3.5700,0.1500,,0,0.0000,0.0000,,0,0.0000,0,0.0000,0.0000,,0,0.0000,0,0.0000,0.0000,,0,0.0000
prebreak,002074,2023-12-19,S,S,A,C,S,S,A,19.8780,22.3200,21.2200,1.1000,,0,0.0000,0.0000,,0,0.0000,0,0.0000,0.0000,,0,0.0000,0,0.0000,0.0000,,0,0.0000
prebreak,002185,2023-12-19,S,S,A,C,S,S,A,8.3452,8.7200,8.2700,0.4500,,0,0.0000,0.0000,,0,0.0000,0,0.0000,0.0000,,0,0.0000,0,0.0000,0.0000,,0,0.0000
prebreak,002402,2023-12-19,S,S,A,C,S,S,A,13.6371,14.1200,13.4700,0.6500,,0,0.0000,0.0000,,0,0.0000,0,0.0000,0.0000,,0,0.0000,0,0.0000,0.0000,,0,0.0000
prebreak,002421,2023-12-19,S,S,A,C,S,S,A,3.2475,3.3800,3.2000,0.1800,,0,0.0000,0.0000,,0,0.0000,0,0.0000,0.0000,,0,0.0000,1,3.3800,3.2000,2024-01-08,1,-1.0136
prebreak,002566,2023-12-19,S,S,A,C,S,S,A,8.4829,9.0300,8.6900,0.3400,,0,0.0000,0.0000,,0,0.0000,0,0.0000,0.0000,,0,0.0000,1,9.0300,8.6900,2024-01-05,1,-1.0196
prebreak,002606,2023-12-19,S,S,A,C,S,S,A,7.4301,7.7500,7.4300,0.3200,,0,0.0000,0.0000,,0,0.0000,0,0.0000,0.0000,,0,0.0000,0,0.0000,0.0000,,0,0.0000
prebreak,300039,2023-12-19,S,S,A,C,S,S,A,6.4389,6.7700,6.4800,0.2900,,0,0.0000,0.0000,,0,0.0000,0,0.0000,0.0000,,0,0.0000,0,0.0000,0.0000,,0,0.0000
prebreak,300236,2023-12-19,S,S,A,C,S,S,A,34.5756,36.4000,34.7300,1.6700,,0,0.0000,0.0000,,0,0.0000,0,0.0000,0.0000,,0,0.0000,0,0.0000,0.0000,,0,0.0000
prebreak,300656,2023-12-19,S,S,A,C,S,S,A,24.0920,27.1100,25.8100,1.3000,,0,0.0000,0.0000,,0,0.0000,0,0.0000,0.0000,,0,0.0000,0,0.0000,0.0000,,0,0.0000
prebreak,300666,2023-12-19,S,S,A,C,S,S,A,56.4836,59.8000,57.0900,2.7100,,0,0.0000,0.0000,,0,0.0000,0,0.0000,0.0000,,0,0.0000,0,0.0000,0.0000,,0,0.0000
prebreak,600489,2023-12-19,S,S,A,C,S,S,A,9.2472,10.1800,9.6700,0.5100,,0,0.0000,0.0000,,0,0.0000,0,0.0000,0.0000,,0,0.0000,0,0.0000,0.0000,,0,0.0000
prebreak,600741,2023-12-19,S,S,A,C,S,S,A,13.9834,14.5500,13.8400,0.7100,,0,0.0000,0.0000,,0,0.0000,0,0.0000,0.0000,,0,0.0000,0,0.0000,0.0000,,0,0.0000
prebreak,600847,2023-12-19,S,S,A,C,S,S,A,11.3300,12.1100,11.6400,0.4700,,0,0.0000,0.0000,,0,0.0000,0,0.0000,0.0000,,0,0.0000,0,0.0000,0.0000,,0,0.0000
prebreak,601021,2023-12-19,S,S,A,C,S,S,A,47.5582,50.0300,47.6400,2.3900,,0,0.0000,0.0000,,0,0.0000,0,0.0000,0.0000,,0,0.0000,1,50.0300,51.1255,2024-01-17,0,0.4422
prebreak,688589,2023-12-19,S,S,A,C,S,S,A,26.5365,27.2800,26.0100,1.2700,,0,0.0000,0.0000,,0,0.0000,1,27.2800,26.5567,2024-01-03,0,-0.5855,1,27.2800,26.0100,2024-01-05,1,-1.0157
prebreak,000155,2023-12-21,S,S,A,C,S,S,A,12.6554,12.5100,11.8900,0.6200,,1,12.5100,12.9075,2023-12-28,0,0.6254,1,12.5100,12.8978,2024-01-05,0,0.6098,1,12.5100,11.8900,2024-01-18,1,-1.0147
prebreak,002197,2023-12-21,S,S,A,C,S,S,A,10.4300,11.2300,10.7700,0.4600,,0,0.0000,0.0000,,0,0.0000,0,0.0000,0.0000,,0,0.0000,1,11.2300,10.7700,2024-01-18,1,-1.0179
prebreak,002396,2023-12-21,S,S,A,C,S,S,A,13.1826,14.1500,13.5200,0.6300,,0,0.0000,0.0000,,0,0.0000,0,0.0000,0.0000,,0,0.0000,0,0.0000,0.0000,,0,0.0000
prebreak,002438,2023-12-21,S,S,A,C,S,S,A,11.3349,10.2700,9.7400,0.5300,,0,0.0000,0.0000,,0,0.0000,0,0.0000,0.0000,,0,0.0000,0,0.0000,0.0000,,0,0.0000
prebreak,002467,2023-12-21,S,S,A,C,S,S,A,4.8107,5.0800,4.8400,0.2400,,0,0.0000,0.0000,,0,0.0000,0,0.0000,0.0000,,0,0.0000,0,0.0000,0.0000,,0,0.0000
prebreak,300142,2023-12-21,S,S,A,C,S,S,A,21.8335,22.6600,21.8000,0.8600,,0,0.0000,0.0000,,0,0.0000,0,0.0000,0.0000,,0,0.0000,0,0.0000,0.0000,,0,0.0000
prebreak,300157,2023-12-21,S,S,A,C,S,S,A,3.4700,3.7400,3.5700,0.1700,,0,0.0000,0.0000,,0,0.0000,0,0.0000,0.0000,,0,0.0000,0,0.0000,0.0000,,0,0.0000
prebreak,300393,2023-12-21,S,S,A,C,S,S,A,9.2515,10.3400,9.8400,0.5000,,0,0.0000,0.0000,,0,0.0000,0,0.0000,0.0000,,0,0.0000,1,10.3400,10.3433,2024-01-19,0,-0.0091
prebreak,300402,2023-12-21,S,S,A,C,S,S,A,18.0204,17.4000,16.6000,0.8000,,1,17.4000,19.1671,2023-12-28,0,2.1909,1,17.4000,21.8558,2024-01-05,0,5.5497,1,17.4000,17.2000,2024-01-19,0,-0.2664
prebreak,300590,2023-12-21,S,S,A,C,S,S,A,11.0442,11.7000,11.1000,0.6000,,0,0.0000,0.0000,,0,0.0000,0,0.0000,0.0000,,0,0.0000,0,0.0000,0.0000,,0,0.0000
prebreak,300830,2023-12-21,S,S,A,C,S,S,A,8.3853,9.1400,8.6900,0.4500,,0,0.0000,0.0000,,0,0.0000,0,0.0000,0.0000,,0,0.0000,0,0.0000,0.0000,,0,0.0000
prebreak,301050,2023-12-21,S,S,A,C,S,S,A,38.7285,42.0500,39.9500,2.1000,,0,0.0000,0.0000,,0,0.0000,0,0.0000,0.0000,,0,0.0000,0,0.0000,0.0000,,0,0.0000
prebreak,600171,2023-12-21,S,S,A,C,S,S,A,14.0502,15.1300,14.4100,0.7200,,0,0.0000,0.0000,,0,0.0000,0,0.0000,0.0000,,0,0.0000,0,0.0000,0.0000,,0,0.0000
prebreak,601872,2023-12-21,S,S,A,C,S,S,A,5.4170,5.3600,5.1000,0.2600,,1,5.3600,5.3805,2023-12-28,0,0.0633,1,5.3600,5.8912,2024-01-05,0,2.0262,1,5.3600,5.8639,2024-01-19,0,1.9211
prebreak,603018,2023-12-21,S,S,A,C,S,S,A,5.9447,6.3000,6.0000,0.3000,,0,0.0000,0.0000,,0,0.0000,0,0.0000,0.0000,,0,0.0000,0,0.0000,0.0000,,0,0.0000
prebreak,603169,2023-12-21,S,S,A,C,S,S,A,6.0500,6.4200,6.1800,0.2400,,0,0.0000,0.0000,,0,0.0000,0,0.0000,0.0000,,0,0.0000,0,0.0000,0.0000,,0,0.0000
prebreak,688033,2023-12-21,S,S,A,C,S,S,A,15.8926,17.0200,16.1600,0.8600,,0,0.0000,0.0000,,0,0.0000,0,0.0000,0.0000,,0,0.0000,0,0.0000,0.0000,,0,0.0000
prebreak,688187,2023-12-21,S,S,A,C,S,S,A,32.2722,36.7400,34.9000,1.8400,,0,0.0000,0.0000,,0,0.0000,0,0.0000,0.0000,,0,0.0000,0,0.0000,0.0000,,0,0.0000
prebreak,000668,2023-12-25,S,S,A,C,S,S,A,12.2028,12.8200,12.1900,0.6300,,0,0.0000,0.0000,,0,0.0000,0,0.0000,0.0000,,0,0.0000,0,0.0000,0.0000,,0,0.0000
prebreak,002389,2023-12-25,S,S,A,C,S,S,A,18.0780,19.2800,18.4800,0.8000,,0,0.0000,0.0000,,0,0.0000,0,0.0000,0.0000,,0,0.0000,0,0.0000,0.0000,,0,0.0000
prebreak,002543,2023-12-25,S,S,A,C,S,S,A,7.8546,7.6200,7.2900,0.3300,,1,7.6200,8.0063,2024-01-02,0,1.1524,1,7.6200,7.9974,2024-01-09,0,1.1254,1,7.6200,7.2900,2024-01-23,1,-1.0169
prebreak,002733,2023-12-25,S,S,A,C,S,S,A,14.3609,14.3300,13.6100,0.7200,,1,14.3300,14.7419,2024-01-02,0,0.5566,1,14.3300,14.3414,2024-01-09,0,0.0007,1,14.3300,13.6100,2024-01-22,1,-1.0145
prebreak,301032,2023-12-25,S,S,A,C,S,S,A,9.4754,9.8800,9.4000,0.4800,,0,0.0000,0.0000,,0,0.0000,0,0.0000,0.0000,,0,0.0000,0,0.0000,0.0000,,0,0.0000
prebreak,301318,2023-12-25,S,S,A,C,S,S,A,24.2659,24.1800,22.9300,1.2500,,0,0.0000,0.0000,,0,0.0000,0,0.0000,0.0000,,0,0.0000,0,0.0000,0.0000,,0,0.0000
prebreak,600138,2023-12-25,S,S,A,C,S,S,A,10.1125,10.5400,10.0300,0.5100,,0,0.0000,0.0000,,0,0.0000,0,0.0000,0.0000,,0,0.0000,0,0.0000,0.0000,,0,0.0000
prebreak,600718,2023-12-25,S,S,A,C,S,S,A,8.8519,9.6900,9.1700,0.5200,,0,0.0000,0.0000,,0,0.0000,0,0.0000,0.0000,,0,0.0000,0,0.0000,0.0000,,0,0.0000
prebreak,600996,2023-12-25,S,S,A,C,S,S,A,8.8400,10.5700,10.0300,0.5400,,0,0.0000,0.0000,,0,0.0000,0,0.0000,0.0000,,0,0.0000,0,0.0000,0.0000,,0,0.0000
prebreak,603936,2023-12-25,S,S,A,C,S,S,A,9.9797,10.3600,9.8900,0.4700,,0,0.0000,0.0000,,0,0.0000,0,0.0000,0.0000,,0,0.0000,0,0.0000,0.0000,,0,0.0000
prebreak,688089,2023-12-25,S,S,A,C,S,S,A,17.1072,18.0300,17.1700,0.8600,,1,18.0300,17.1700,2023-12-27,1,-1.0153,1,18.0300,17.1700,2023-12-27,1,-1.0153,1,18.0300,17.1700,2023-12-27,1,-1.0153
prebreak,000682,2023-12-27,S,S,A,C,S,S,A,7.4516,7.6600,7.2900,0.3700,,1,7.6600,7.9992,2024-01-04,0,0.9006,1,7.6600,7.8134,2024-01-11,0,0.3987,1,7.6600,7.2900,2024-01-23,1,-1.0151
prebreak,000816,2023-12-27,S,S,A,C,S,S,A,2.9600,3.0700,2.9200,0.1500,,0,0.0000,0.0000,,0,0.0000,0,0.0000,0.0000,,0,0.0000,0,0.0000,0.0000,,0,0.0000
prebreak,000919,2023-12-27,S,S,A,C,S,S,A,7.3881,8.2100,7.7900,0.4200,,0,0.0000,0.0000,,0,0.0000,0,0.0000,0.0000,,0,0.0000,0,0.0000,0.0000,,0,0.0000
prebreak,002048,2023-12-27,S,S,A,C,S,S,A,11.6487,11.9600,11.4900,0.4700,,0,0.0000,0.0000,,0,0.0000,0,0.0000,0.0000,,0,0.0000,0,0.0000,0.0000,,0,0.0000
prebreak,002104,2023-12-27,S,S,A,C,S,S,A,7.1931,8.1300,7.7600,0.3700,,0,0.0000,0.0000,,0,0.0000,0,0.0000,0.0000,,0,0.0000,0,0.0000,0.0000,,0,0.0000
prebreak,002298,2023-12-27,S,S,A,C,S,S,A,5.5600,6.3300,6.0600,0.2700,,0,0.0000,0.0000,,0,0.0000,0,0.0000,0.0000,,0,0.0000,0,0.0000,0.0000,,0,0.0000
prebreak,002390,2023-12-27,S,S,A,C,S,S,A,4.1633,4.7100,4.4800,0.2300,,0,0.0000,0.0000,,0,0.0000,0,0.0000,0.0000,,0,0.0000,0,0.0000,0.0000,,0,0.0000
prebreak,002424,2023-12-27,S,S,A,C,S,S,A,8.0900,8.1300,7.7400,0.3900,,0,0.0000,0.0000,,0,0.0000,0,0.0000,0.0000,,0,0.0000,0,0.0000,0.0000,,0,0.0000
prebreak,002780,2023-12-27,S,S,A,C,S,S,A,12.8536,13.8300,13.2200,0.6100,,1,13.8300,14.3781,2024-01-04,0,0.8807,1,13.8300,14.3881,2024-01-11,0,0.8970,1,13.8300,13.2200,2024-01-18,1,-1.0166
prebreak,003042,2023-12-27,S,S,A,C,S,S,A,17.5900,19.6100,18.6400,0.9700,,1,19.6100,19.7000,2024-01-04,0,0.0774,1,19.6100,18.6400,2024-01-08,1,-1.0147,1,19.6100,18.6400,2024-01-08,1,-1.0147
prebreak,300433,2023-12-27,S,S,A,C,S,S,A,12.0074,12.2800,11.7600,0.5200,,1,12.2800,12.0455,2024-01-04,0,-0.4686,1,12.2800,11.7600,2024-01-08,1,-1.0173,1,12.2800,11.7600,2024-01-08,1,-1.0173
prebreak,600012,2023-12-27,S,S,A,C,S,S,A,9.8332,10.0300,9.5800,0.4500,,0,0.0000,0.0000,,0,0.0000,0,0.0000,0.0000,,0,0.0000,0,0.0000,0.0000,,0,0.0000
prebreak,600038,2023-12-27,S,S,A,C,S,S,A,37.2350,37.1100,35.6400,1.4700,,0,0.0000,0.0000,,0,0.0000,0,0.0000,0.0000,,0,0.0000,0,0.0000,0.0000,,0,0.0000
prebreak,600055,2023-12-27,S,S,A,C,S,S,A,15.9546,16.6000,15.7700,0.8300,,0,0.0000,0.0000,,0,0.0000,0,0.0000,0.0000,,0,0.0000,0,0.0000,0.0000,,0,0.0000
prebreak,600258,2023-12-27,S,S,A,C,S,S,A,13.8402,14.8900,14.1600,0.7300,,0,0.0000,0.0000,,0,0.0000,0,0.0000,0.0000,,0,0.0000,0,0.0000,0.0000,,0,0.0000
prebreak,600515,2023-12-27,S,S,A,C,S,S,A,3.6284,3.7500,3.5900,0.1600,,0,0.0000,0.0000,,0,0.0000,0,0.0000,0.0000,,0,0.0000,0,0.0000,0.0000,,0,0.0000
prebreak,600651,2023-12-27,S,S,A,C,S,S,A,3.4500,3.5000,3.3100,0.1900,,0,0.0000,0.0000,,0,0.0000,0,0.0000,0.0000,,0,0.0000,0,0.0000,0.0000,,0,0.0000
prebreak,601137,2023-12-27,S,S,A,C,S,S,A,13.7864,13.8800,13.1400,0.7400,,1,13.8800,14.2676,2024-01-04,0,0.5092,1,13.8800,14.8810,2024-01-11,0,1.3376,1,13.8800,13.1400,2024-01-23,1,-1.0136
prebreak,603100,2023-12-27,S,S,A,C,S,S,A,18.9815,19.1100,18.1100,1.0000,,0,0.0000,0.0000,,0,0.0000,0,0.0000,0.0000,,0,0.0000,0,0.0000,0.0000,,0,0.0000
prebreak,605567,2023-12-27,S,S,A,C,S,S,A,12.2358,12.0900,11.5100,0.5800,,0,0.0000,0.0000,,0,0.0000,0,0.0000,0.0000,,0,0.0000,0,0.0000,0.0000,,0,0.0000
prebreak,688981,2023-12-27,S,S,A,C,S,S,A,51.9100,55.3500,52.7400,2.6100,,0,0.0000,0.0000,,0,0.0000,0,0.0000,0.0000,,0,0.0000,0,0.0000,0.0000,,0,0.0000
prebreak,000155,2023-12-28,S,S,A,C,S,S,A,12.9075,12.5100,11.8900,0.6200,,0,0.0000,0.0000,,0,0.0000,0,0.0000,0.0000,,0,0.0000,0,0.0000,0.0000,,0,0.0000
prebreak,000532,2023-12-28,S,S,A,C,S,S,A,11.9756,11.4700,10.9000,0.5700,,1,11.4700,12.5155,2024-01-05,0,1.8178,1,11.4700,12.7511,2024-01-12,0,2.2308,1,11.4700,14.8615,2024-01-26,0,5.9310
prebreak,001318,2023-12-28,S,S,A,C,S,S,A,14.0908,13.2100,12.5700,0.6400,,0,0.0000,0.0000,,0,0.0000,0,0.0000,0.0000,,0,0.0000,0,0.0000,0.0000,,0,0.0000
prebreak,002008,2023-12-28,S,S,A,C,S,S,A,19.9307,20.0700,19.1300,0.9400,,0,0.0000,0.0000,,0,0.0000,0,0.0000,0.0000,,0,0.0000,0,0.0000,0.0000,,0,0.0000
prebreak,002396,2023-12-28,S,S,A,C,S,S,A,13.1234,13.2400,12.6300,0.6100,,0,0.0000,0.0000,,0,0.0000,0,0.0000,0.0000,,0,0.0000,0,0.0000,0.0000,,0,0.0000
prebreak,002438,2023-12-28,S,S,A,C,S,S,A,11.1428,10.2700,9.7400,0.5300,,1,10.2700,11.0852,2024-01-05,0,1.5224,1,10.2700,11.2389,2024-01-12,0,1.8122,1,10.2700,9.7400,2024-01-22,1,-1.0141
prebreak,002467,2023-12-28,S,S,A,C,S,S,A,4.5711,5.0800,4.8400,0.2400,,0,0.0000,0.0000,,0,0.0000,0,0.0000,0.0000,,0,0.0000,0,0.0000,0.0000,,0,0.0000
prebreak,002533,2023-12-28,S,S,A,C,S,S,A,7.0749,6.9300,6.6100,0.3200,,1,6.9300,7.2258,2024-01-05,0,0.9073,1,6.9300,7.3057,2024-01-12,0,1.1568,1,6.9300,7.7318,2024-01-26,0,2.4875
prebreak,002646,2023-12-28,S,S,A,C,S,S,A,13.2713,13.4300,12.7300,0.7000,,0,0.0000,0.0000,,0,0.0000,0,0.0000,0.0000,,0,0.0000,0,0.0000,0.0000,,0,0.0000
prebreak,002805,2023-12-28,S,S,A,C,S,S,A,16.0500,16.3200,15.4900,0.8300,,0,0.0000,0.0000,,0,0.0000,0,0.0000,0.0000,,0,0.0000,0,0.0000,0.0000,,0,0.0000
prebreak,300162,2023-12-28,S,S,A,C,S,S,A,7.7200,8.0000,7.5700,0.4300,,0,0.0000,0.0000,,0,0.0000,0,0.0000,0.0000,,0,0.0000,0,0.0000,0.0000,,0,0.0000
prebreak,300205,2023-12-28,S,S,A,C,S,S,A,10.7398,11.9800,11.4600,0.5200,,0,0.0000,0.0000,,0,0.0000,0,0.0000,0.0000,,0,0.0000,0,0.0000,0.0000,,0,0.0000
prebreak,300393,2023-12-28,S,S,A,C,S,S,A,10.1581,10.3400,9.8400,0.5000,,0,0.0000,0.0000,,0,0.0000,0,0.0000,0.0000,,0,0.0000,1,10.3400,9.8400,2024-01-22,1,-1.0151
prebreak,300590,2023-12-28,S,S,A,C,S,S,A,11.2749,11.7000,11.1000,0.6000,,0,0.0000,0.0000,,0,0.0000,0,0.0000,0.0000,,0,0.0000,0,0.0000,0.0000,,0,0.0000
prebreak,600057,2023-12-28,S,S,A,C,S,S,A,5.9735,6.0900,5.7800,0.3100,,0,0.0000,0.0000,,0,0.0000,0,0.0000,0.0000,,0,0.0000,0,0.0000,0.0000,,0,0.0000
prebreak,600171,2023-12-28,S,S,A,C,S,S,A,13.7743,15.1300,14.4100,0.7200,,0,0.0000,0.0000,,0,0.0000,0,0.0000,0.0000,,0,0.0000,0,0.0000,0.0000,,0,0.0000
prebreak,603529,2023-12-28,S,S,A,C,S,S,A,22.8033,23.0300,21.8300,1.2000,,1,23.0300,22.7119,2024-01-05,0,-0.2795,1,23.0300,23.2696,2024-01-12,0,0.1850,1,23.0300,23.0136,2024-01-26,0,-0.0282
prebreak,688033,2023-12-28,S,S,A,C,S,S,A,16.5395,16.2300,15.4500,0.7800,,0,0.0000,0.0000,,0,0.0000,0,0.0000,0.0000,,0,0.0000,0,0.0000,0.0000,,0,0.0000
prebreak,688187,2023-12-28,S,S,A,C,S,S,A,34.1583,33.0400,31.5000,1.5400,,0,0.0000,0.0000,,0,0.0000,0,0.0000,0.0000,,0,0.0000,0,0.0000,0.0000,,0,0.0000
prebreak,000876,2023-12-29,S,S,A,C,S,S,A,9.2978,9.3700,8.9100,0.4600,,0,0.0000,0.0000,,0,0.0000,0,0.0000,0.0000,,0,0.0000,0,0.0000,0.0000,,0,0.0000
prebreak,000887,2023-12-29,S,S,A,C,S,S,A,11.9554,12.0500,11.5300,0.5200,,0,0.0000,0.0000,,0,0.0000,0,0.0000,0.0000,,0,0.0000,0,0.0000,0.0000,,0,0.0000
prebreak,000921,2023-12-29,S,S,A,C,S,S,A,18.6591,18.8800,17.9700,0.9100,,0,0.0000,0.0000,,0,0.0000,0,0.0000,0.0000,,0,0.0000,0,0.0000,0.0000,,0,0.0000
prebreak,002148,2023-12-29,S,S,A,C,S,S,A,6.0088,6.5300,6.2200,0.3100,,0,0.0000,0.0000,,0,0.0000,0,0.0000,0.0000,,0,0.0000,0,0.0000,0.0000,,0,0.0000
prebreak,002152,2023-12-29,S,S,A,C,S,S,A,11.4746,11.3700,10.9400,0.4300,,0,0.0000,0.0000,,0,0.0000,0,0.0000,0.0000,,0,0.0000,0,0.0000,0.0000,,0,0.0000
prebreak,002245,2023-12-29,S,S,A,C,S,S,A,5.6954,5.8500,5.5700,0.2800,,0,0.0000,0.0000,,0,0.0000,0,0.0000,0.0000,,0,0.0000,0,0.0000,0.0000,,0,0.0000
prebreak,002255,2023-12-29,S,S,A,C,S,S,A,5.2323,5.1100,4.8600,0.2500,,1,5.1100,5.4400,2024-01-08,0,1.3035,1,5.1100,5.5191,2024-01-15,0,1.6198,1,5.1100,4.8600,2024-01-22,1,-1.0149
prebreak,002327,2023-12-29,S,S,A,C,S,S,A,7.3979,7.6200,7.2600,0.3600,,0,0.0000,0.0000,,0,0.0000,0,0.0000,0.0000,,0,0.0000,0,0.0000,0.0000,,0,0.0000
prebreak,002405,2023-12-29,S,S,A,C,S,S,A,8.9000,9.0200,8.6300,0.3900,,0,0.0000,0.0000,,0,0.0000,0,0.0000,0.0000,,0,0.0000,0,0.0000,0.0000,,0,0.0000
prebreak,002419,2023-12-29,S,S,A,C,S,S,A,5.2291,5.1700,4.9200,0.2500,,0,0.0000,0.0000,,0,0.0000,0,0.0000,0.0000,,0,0.0000,0,0.0000,0.0000,,0,0.0000
prebreak,002454,2023-12-29,S,S,A,C,S,S,A,5.0405,5.0200,4.7900,0.2300,,0,0.0000,0.0000,,0,0.0000,0,0.0000,0.0000,,0,0.0000,0,0.0000,0.0000,,0,0.0000
prebreak,002611,2023-12-29,S,S,A,C,S,S,A,4.8378,4.8800,4.6500,0.2300,,0,0.0000,0.0000,,0,0.0000,0,0.0000,0.0000,,0,0.0000,0,0.0000,0.0000,,0,0.0000
prebreak,002716,2023-12-29,S,S,A,C,S,S,A,2.8200,2.8700,2.7300,0.1400,,0,0.0000,0.0000,,0,0.0000,0,0.0000,0.0000,,0,0.0000,0,0.0000,0.0000,,0,0.0000
prebreak,002749,2023-12-29,S,S,A,C,S,S,A,8.4620,7.6100,7.2200,0.3900,,0,0.0000,0.0000,,0,0.0000,0,0.0000,0.0000,,0,0.0000,0,0.0000,0.0000,,0,0.0000
prebreak,002859,2023-12-29,S,S,A,C,S,S,A,24.2738,24.1800,22.9200,1.2600,,0,0.0000,0.0000,,0,0.0000,0,0.0000,0.0000,,0,0.0000,0,0.0000,0.0000,,0,0.0000
prebreak,002987,2023-12-29,S,S,A,C,S,S,A,7.6094,8.2000,7.8000,0.4000,,0,0.0000,0.0000,,0,0.0000,0,0.0000,0.0000,,0,0.0000,0,0.0000,0.0000,,0,0.0000
prebreak,300073,2023-12-29,S,S,A,C,S,S,A,37.0806,37.2300,35.4200,1.8100,,0,0.0000,0.0000,,0,0.0000,1,37.2300,37.0418,2024-01-15,0,-0.1195,1,37.2300,35.4200,2024-01-18,1,-1.0150
prebreak,300077,2023-12-29,S,S,A,C,S,S,A,11.2900,11.9900,11.3800,0.6100,,0,0.0000,0.0000,,0,0.0000,0,0.0000,0.0000,,0,0.0000,0,0.0000,0.0000,,0,0.0000
prebreak,300139,2023-12-29,S,S,A,C,S,S,A,10.1427,10.0900,9.6400,0.4500,,0,0.0000,0.0000,,0,0.0000,0,0.0000,0.0000,,0,0.0000,0,0.0000,0.0000,,0,0.0000
prebreak,300257,2023-12-29,S,S,A,C,S,S,A,15.3627,15.6100,14.8600,0.7500,,1,15.6100,14.8600,2024-01-08,1,-1.0152,1,15.6100,14.8600,2024-01-08,1,-1.0152,1,15.6100,14.8600,2024-01-08,1,-1.0152
prebreak,300352,2023-12-29,S,S,A,C,S,S,A,4.7500,5.3500,5.1200,0.2300,,0,0.0000,0.0000,,0,0.0000,0,0.0000,0.0000,,0,0.0000,0,0.0000,0.0000,,0,0.0000
prebreak,300376,2023-12-29,S,S,A,C,S,S,A,6.2096,6.1600,5.8500,0.3100,,0,0.0000,0.0000,,0,0.0000,0,0.0000,0.0000,,0,0.0000,0,0.0000,0.0000,,0,0.0000
prebreak,300408,2023-12-29,S,S,A,C,S,S,A,28.6645,28.5700,27.3600,1.2100,,0,0.0000,0.0000,,0,0.0000,0,0.0000,0.0000,,0,0.0000,0,0.0000,0.0000,,0,0.0000
prebreak,300618,2023-12-29,S,S,A,C,S,S,A,27.9394,26.8600,25.5100,1.3500,,0,0.0000,0.0000,,0,0.0000,0,0.0000,0.0000,,0,0.0000,0,0.0000,0.0000,,0,0.0000
prebreak,600110,2023-12-29,S,S,A,C,S,S,A,5.6400,5.4500,5.1900,0.2600,,0,0.0000,0.0000,,0,0.0000,0,0.0000,0.0000,,0,0.0000,0,0.0000,0.0000,,0,0.0000
prebreak,600319,2023-12-29,S,S,A,C,S,S,A,5.7800,5.6800,5.4400,0.2400,,1,5.6800,5.4900,2024-01-08,0,-0.8092,1,5.6800,6.0900,2024-01-15,0,1.6893,1,5.6800,5.4400,2024-01-22,1,-1.0174
prebreak,600406,2023-12-29,S,S,A,C,S,S,A,20.7266,20.7900,19.7100,1.0800,,0,0.0000,0.0000,,0,0.0000,0,0.0000,0.0000,,0,0.0000,0,0.0000,0.0000,,0,0.0000
prebreak,600456,2023-12-29,S,S,A,C,S,S,A,30.2917,31.8900,30.3800,1.5100,,0,0.0000,0.0000,,0,0.0000,0,0.0000,0.0000,,0,0.0000,0,0.0000,0.0000,,0,0.0000
prebreak,601111,2023-12-29,S,S,A,C,S,S,A,7.3400,7.5000,7.1300,0.3700,,0,0.0000,0.0000,,0,0.0000,0,0.0000,0.0000,,0,0.0000,0,0.0000,0.0000,,0,0.0000
prebreak,603066,2023-12-29,S,S,A,C,S,S,A,11.3259,10.2600,9.7700,0.4900,,0,0.0000,0.0000,,0,0.0000,0,0.0000,0.0000,,0,0.0000,0,0.0000,0.0000,,0,0.0000
prebreak,603605,2023-12-29,S,S,A,C,S,S,A,94.2110,95.2400,90.6900,4.5500,,0,0.0000,0.0000,,0,0.0000,0,0.0000,0.0000,,0,0.0000,0,0.0000,0.0000,,0,0.0000
prebreak,603612,2023-12-29,S,S,A,C,S,S,A,15.1773,14.3100,13.7000,0.6100,,0,0.0000,0.0000,,0,0.0000,0,0.0000,0.0000,,0,0.0000,0,0.0000,0.0000,,0,0.0000
prebreak,000792,2024-01-02,S,S,A,C,S,S,A,15.7400,15.6200,14.8000,0.8200,,0,0.0000,0.0000,,0,0.0000,0,0.0000,0.0000,,0,0.0000,0,0.0000,0.0000,,0,0.0000
prebreak,002389,2024-01-02,S,S,A,C,S,S,A,18.6625,18.4600,17.5400,0.9200,,0,0.0000,0.0000,,0,0.0000,0,0.0000,0.0000,,0,0.0000,0,0.0000,0.0000,,0,0.0000
prebreak,002543,2024-01-02,S,S,A,C,S,S,A,8.0063,7.6200,7.2900,0.3300,,1,7.6200,7.9974,2024-01-09,0,1.1254,1,7.6200,8.2295,2024-01-16,0,1.8282,1,7.6200,7.2900,2024-01-23,1,-1.0169
prebreak,002733,2024-01-02,S,S,A,C,S,S,A,14.7419,14.3300,13.6100,0.7200,,0,0.0000,0.0000,,0,0.0000,0,0.0000,0.0000,,0,0.0000,0,0.0000,0.0000,,0,0.0000
prebreak,003002,2024-01-02,S,S,A,C,S,S,A,14.4696,13.6100,12.9200,0.6900,,1,13.6100,13.9387,2024-01-09,0,0.4610,1,13.6100,14.0449,2024-01-16,0,0.6148,1,13.6100,12.9200,2024-01-22,1,-1.0144
prebreak,301032,2024-01-02,S,S,A,C,S,S,A,10.0219,9.8800,9.4000,0.4800,,0,0.0000,0.0000,,0,0.0000,0,0.0000,0.0000,,0,0.0000,0,0.0000,0.0000,,0,0.0000
prebreak,600138,2024-01-02,S,S,A,C,S,S,A,10.4946,10.4400,9.9200,0.5200,,0,0.0000,0.0000,,0,0.0000,0,0.0000,0.0000,,0,0.0000,0,0.0000,0.0000,,0,0.0000
prebreak,600192,2024-01-02,S,S,A,C,S,S,A,6.3100,5.8200,5.5600,0.2600,,0,0.0000,0.0000,,0,0.0000,0,0.0000,0.0000,,0,0.0000,0,0.0000,0.0000,,0,0.0000
prebreak,600372,2024-01-02,S,S,A,C,S,S,A,12.7904,12.8600,12.2600,0.6000,,0,0.0000,0.0000,,0,0.0000,0,0.0000,0.0000,,0,0.0000,0,0.0000,0.0000,,0,0.0000
prebreak,600547,2024-01-02,S,S,A,C,S,S,A,22.4317,22.8300,21.8000,1.0300,,0,0.0000,0.0000,,0,0.0000,0,0.0000,0.0000,,0,0.0000,0,0.0000,0.0000,,0,0.0000
prebreak,600590,2024-01-02,S,S,A,C,S,S,A,6.7760,6.3000,6.0400,0.2600,,1,6.3000,6.2870,2024-01-09,0,-0.0684,1,6.3000,6.1672,2024-01-16,0,-0.5287,1,6.3000,6.0400,2024-01-17,1,-1.0178
prebreak,600718,2024-01-02,S,S,A,C,S,S,A,8.9100,9.0300,8.5500,0.4800,,0,0.0000,0.0000,,0,0.0000,0,0.0000,0.0000,,0,0.0000,0,0.0000,0.0000,,0,0.0000
prebreak,600996,2024-01-02,S,S,A,C,S,S,A,8.9000,10.5700,10.0300,0.5400,,0,0.0000,0.0000,,0,0.0000,0,0.0000,0.0000,,0,0.0000,0,0.0000,0.0000,,0,0.0000
prebreak,601008,2024-01-02,S,S,A,C,S,S,A,3.9560,4.0400,3.8300,0.2100,,0,0.0000,0.0000,,0,0.0000,0,0.0000,0.0000,,0,0.0000,0,0.0000,0.0000,,0,0.0000
prebreak,601126,2024-01-02,S,S,A,C,S,S,A,12.9314,12.6000,12.0500,0.5500,,0,0.0000,0.0000,,0,0.0000,0,0.0000,0.0000,,0,0.0000,0,0.0000,0.0000,,0,0.0000
prebreak,603035,2024-01-02,S,S,A,C,S,S,A,17.0998,16.7500,16.0800,0.6700,,0,0.0000,0.0000,,0,0.0000,0,0.0000,0.0000,,0,0.0000,0,0.0000,0.0000,,0,0.0000
prebreak,603319,2024-01-02,S,S,A,C,S,S,A,12.1771,12.1700,11.5400,0.6300,,0,0.0000,0.0000,,0,0.0000,0,0.0000,0.0000,,0,0.0000,0,0.0000,0.0000,,0,0.0000
prebreak,603936,2024-01-02,S,S,A,C,S,S,A,10.3087,10.3600,9.8900,0.4700,,0,0.0000,0.0000,,0,0.0000,0,0.0000,0.0000,,0,0.0000,0,0.0000,0.0000,,0,0.0000
prebreak,688089,2024-01-02,S,S,A,C,S,S,A,17.5371,18.0300,17.1700,0.8600,,0,0.0000,0.0000,,0,0.0000,0,0.0000,0.0000,,0,0.0000,0,0.0000,0.0000,,0,0.0000
prebreak,688526,2024-01-02,S,S,A,C,S,S,A,18.5063,16.8900,16.2800,0.6100,,0,0.0000,0.0000,,0,0.0000,0,0.0000,0.0000,,0,0.0000,0,0.0000,0.0000,,0,0.0000
prebreak,002017,2024-01-03,S,S,A,C,S,S,A,10.0205,10.8000,10.3500,0.4500,,0,0.0000,0.0000,,0,0.0000,0,0.0000,0.0000,,0,0.0000,0,0.0000,0.0000,,0,0.0000
prebreak,002074,2024-01-03,S,S,A,C,S,S,A,20.7474,20.5700,19.5800,0.9900,,0,0.0000,0.0000,,0,0.0000,0,0.0000,0.0000,,0,0.0000,0,0.0000,0.0000,,0,0.0000
prebreak,002185,2024-01-03,S,S,A,C,S,S,A,8.2660,8.3500,7.9000,0.4500,,0,0.0000,0.0000,,0,0.0000,0,0.0000,0.0000,,0,0.0000,0,0.0000,0.0000,,0,0.0000
prebreak,002249,2024-01-03,S,S,A,C,S,S,A,4.5535,4.5100,4.3000,0.2100,,0,0.0000,0.0000,,0,0.0000,0,0.0000,0.0000,,0,0.0000,0,0.0000,0.0000,,0,0.0000
prebreak,002421,2024-01-03,S,S,A,C,S,S,A,3.1188,3.3800,3.2000,0.1800,,1,3.3800,3.2000,2024-01-08,1,-1.0136,1,3.3800,3.2000,2024-01-08,1,-1.0136,1,3.3800,3.2000,2024-01-08,1,-1.0136
prebreak,002597,2024-01-03,S,S,A,C,S,S,A,20.6123,20.9100,19.9500,0.9600,,0,0.0000,0.0000,,0,0.0000,0,0.0000,0.0000,,0,0.0000,0,0.0000,0.0000,,0,0.0000
prebreak,002606,2024-01-03,S,S,A,C,S,S,A,8.0122,7.6200,7.2600,0.3600,,0,0.0000,0.0000,,0,0.0000,0,0.0000,0.0000,,0,0.0000,0,0.0000,0.0000,,0,0.0000
prebreak,002863,2024-01-03,S,S,A,C,S,S,A,6.0873,6.3000,5.9900,0.3100,,0,0.0000,0.0000,,0,0.0000,0,0.0000,0.0000,,0,0.0000,0,0.0000,0.0000,,0,0.0000
prebreak,002985,2024-01-03,S,S,A,C,S,S,A,33.4074,36.6100,34.8100,1.8000,,0,0.0000,0.0000,,0,0.0000,0,0.0000,0.0000,,0,0.0000,0,0.0000,0.0000,,0,0.0000
prebreak,300001,2024-01-03,S,S,A,C,S,S,A,20.6916,19.0000,18.1600,0.8400,,0,0.0000,0.0000,,0,0.0000,0,0.0000,0.0000,,0,0.0000,0,0.0000,0.0000,,0,0.0000
prebreak,300534,2024-01-03,S,S,A,C,S,S,A,10.8127,9.7900,9.3700,0.4200,,1,9.7900,9.3700,2024-01-10,1,-1.0171,1,9.7900,9.3700,2024-01-10,1,-1.0171,1,9.7900,9.3700,2024-01-10,1,-1.0171
prebreak,300589,2024-01-03,S,S,A,C,S,S,A,14.1031,13.8300,13.1500,0.6800,,0,0.0000,0.0000,,0,0.0000,0,0.0000,0.0000,,0,0.0000,0,0.0000,0.0000,,0,0.0000
prebreak,300747,2024-01-03,S,S,A,C,S,S,A,22.8088,23.4300,22.1900,1.2400,,0,0.0000,0.0000,,0,0.0000,0,0.0000,0.0000,,0,0.0000,0,0.0000,0.0000,,0,0.0000
prebreak,300856,2024-01-03,S,S,A,C,S,S,A,21.2339,21.0300,20.0600,0.9700,,1,21.0300,22.1783,2024-01-10,0,1.1666,1,21.0300,22.5043,2024-01-17,0,1.5025,1,21.0300,20.0600,2024-01-31,1,-1.0158
prebreak,300911,2024-01-03,S,S,A,C,S,S,A,20.2434,21.6200,20.6600,0.9600,,0,0.0000,0.0000,,0,0.0000,1,21.6200,20.6082,2024-01-17,0,-1.0704,1,21.6200,20.6600,2024-01-18,1,-1.0165
prebreak,300976,2024-01-03,S,S,A,C,S,S,A,25.4685,25.6000,24.3800,1.2200,,0,0.0000,0.0000,,0,0.0000,0,0.0000,0.0000,,0,0.0000,0,0.0000,0.0000,,0,0.0000
prebreak,600096,2024-01-03,S,S,A,C,S,S,A,13.9842,13.5900,12.9000,0.6900,,1,13.5900,13.7262,2024-01-10,0,0.1822,1,13.5900,13.4939,2024-01-17,0,-0.1541,1,13.5900,12.9000,2024-01-22,1,-1.0143
prebreak,600271,2024-01-03,S,S,A,C,S,S,A,10.3383,10.6300,10.0900,0.5400,,0,0.0000,0.0000,,0,0.0000,0,0.0000,0.0000,,0,0.0000,0,0.0000,0.0000,,0,0.0000
prebreak,600392,2024-01-03,S,S,A,C,S,S,A,9.7568,10.0600,9.6400,0.4200,,0,0.0000,0.0000,,0,0.0000,0,0.0000,0.0000,,0,0.0000,0,0.0000,0.0000,,0,0.0000
prebreak,600458,2024-01-03,S,S,A,C,S,S,A,8.7362,8.6800,8.2900,0.3900,,0,0.0000,0.0000,,0,0.0000,0,0.0000,0.0000,,0,0.0000,0,0.0000,0.0000,,0,0.0000
prebreak,600489,2024-01-03,S,S,A,C,S,S,A,9.6187,9.7100,9.3800,0.3300,,0,0.0000,0.0000,,0,0.0000,0,0.0000,0.0000,,0,0.0000,0,0.0000,0.0000,,0,0.0000
prebreak,600573,2024-01-03,S,S,A,C,S,S,A,10.2820,10.5400,10.0400,0.5000,,0,0.0000,0.0000,,0,0.0000,0,0.0000,0.0000,,0,0.0000,0,0.0000,0.0000,,0,0.0000
prebreak,600764,2024-01-03,S,S,A,C,S,S,A,26.0529,23.8300,22.6800,1.1500,,0,0.0000,0.0000,,0,0.0000,0,0.0000,0.0000,,0,0.0000,0,0.0000,0.0000,,0,0.0000
prebreak,601966,2024-01-03,S,S,A,C,S,S,A,18.0787,18.0400,17.0900,0.9500,,0,0.0000,0.0000,,0,0.0000,0,0.0000,0.0000,,0,0.0000,0,0.0000,0.0000,,0,0.0000
prebreak,603718,2024-01-03,S,S,A,C,S,S,A,10.4014,10.6400,10.1800,0.4600,,0,0.0000,0.0000,,0,0.0000,0,0.0000,0.0000,,0,0.0000,0,0.0000,0.0000,,0,0.0000
prebreak,605378,2024-01-03,S,S,A,C,S,S,A,12.7009,11.9300,11.3300,0.6000,,1,11.9300,14.0472,2024-01-10,0,3.5113,1,11.9300,11.6852,2024-01-17,0,-0.4228,1,11.9300,11.3300,2024-01-18,1,-1.0145
prebreak,688589,2024-01-03,S,S,A,C,S,S,A,26.5567,27.2800,26.0100,1.2700,,0,0.0000,0.0000,,0,0.0000,0,0.0000,0.0000,,0,0.0000,0,0.0000,0.0000,,0,0.0000
prebreak,000599,2024-01-04,S,S,A,C,S,S,A,4.7800,4.4400,4.2100,0.2300,,0,0.0000,0.0000,,0,0.0000,0,0.0000,0.0000,,0,0.0000,0,0.0000,0.0000,,0,0.0000
prebreak,000682,2024-01-04,S,S,A,C,S,S,A,7.9992,7.6600,7.2900,0.3700,,0,0.0000,0.0000,,0,0.0000,0,0.0000,0.0000,,0,0.0000,0,0.0000,0.0000,,0,0.0000
prebreak,000737,2024-01-04,S,S,A,C,S,S,A,5.7457,5.5000,5.2900,0.2100,,0,0.0000,0.0000,,0,0.0000,0,0.0000,0.0000,,0,0.0000,0,0.0000,0.0000,,0,0.0000
prebreak,000919,2024-01-04,S,S,A,C,S,S,A,7.7991,7.5700,7.2600,0.3100,,0,0.0000,0.0000,,0,0.0000,0,0.0000,0.0000,,0,0.0000,0,0.0000,0.0000,,0,0.0000
prebreak,002037,2024-01-04,S,S,A,C,S,S,A,8.4000,8.1400,7.7100,0.4300,,0,0.0000,0.0000,,0,0.0000,0,0.0000,0.0000,,0,0.0000,0,0.0000,0.0000,,0,0.0000
prebreak,002044,2024-01-04,S,S,A,C,S,S,A,5.9032,5.8500,5.5600,0.2900,,0,0.0000,0.0000,,0,0.0000,0,0.0000,0.0000,,0,0.0000,0,0.0000,0.0000,,0,0.0000
prebreak,002048,2024-01-04,S,S,A,C,S,S,A,11.9069,12.1900,11.5600,0.6300,,0,0.0000,0.0000,,0,0.0000,0,0.0000,0.0000,,0,0.0000,0,0.0000,0.0000,,0,0.0000
prebreak,002104,2024-01-04,S,S,A,C,S,S,A,7.4441,8.1300,7.7600,0.3700,,0,0.0000,0.0000,,0,0.0000,0,0.0000,0.0000,,0,0.0000,0,0.0000,0.0000,,0,0.0000
prebreak,002424,2024-01-04,S,S,A,C,S,S,A,8.1000,8.3500,7.9900,0.3600,,1,8.3500,8.2200,2024-01-11,0,-0.3785,1,8.3500,7.9900,2024-01-15,1,-1.0170,1,8.3500,7.9900,2024-01-15,1,-1.0170
prebreak,002745,2024-01-04,S,S,A,C,S,S,A,7.6759,7.6900,7.3900,0.3000,,0,0.0000,0.0000,,0,0.0000,0,0.0000,0.0000,,0,0.0000,0,0.0000,0.0000,,0,0.0000
prebreak,002832,2024-01-04,S,S,A,C,S,S,A,28.3670,28.9100,27.6000,1.3100,,0,0.0000,0.0000,,0,0.0000,0,0.0000,0.0000,,0,0.0000,0,0.0000,0.0000,,0,0.0000
prebreak,300401,2024-01-04,S,S,A,C,S,S,A,11.1896,11.6600,11.1000,0.5600,,0,0.0000,0.0000,,0,0.0000,0,0.0000,0.0000,,0,0.0000,0,0.0000,0.0000,,0,0.0000
prebreak,300433,2024-01-04,S,S,A,C,S,S,A,12.0455,12.2800,11.7600,0.5200,,0,0.0000,0.0000,,0,0.0000,0,0.0000,0.0000,,0,0.0000,0,0.0000,0.0000,,0,0.0000
prebreak,300597,2024-01-04,S,S,A,C,S,S,A,9.1805,9.2100,8.7200,0.4900,,0,0.0000,0.0000,,0,0.0000,0,0.0000,0.0000,,0,0.0000,0,0.0000,0.0000,,0,0.0000
prebreak,300708,2024-01-04,S,S,A,C,S,S,A,7.7643,7.4400,7.1100,0.3300,,1,7.4400,7.2965,2024-01-11,0,-0.4516,1,7.4400,7.1100,2024-01-12,1,-1.0165,1,7.4400,7.1100,2024-01-12,1,-1.0165
prebreak,300783,2024-01-04,S,S,A,C,S,S,A,16.9908,17.3200,16.7100,0.6100,,1,17.3200,18.7465,2024-01-11,0,2.3154,1,17.3200,18.7757,2024-01-18,0,2.3634,1,17.3200,16.7100,2024-01-22,1,-1.0209
prebreak,301082,2024-01-04,S,S,A,C,S,S,A,9.8752,9.4300,9.0000,0.4300,,0,0.0000,0.0000,,0,0.0000,0,0.0000,0.0000,,0,0.0000,0,0.0000,0.0000,,0,0.0000
prebreak,301238,2024-01-04,S,S,A,C,S,S,A,16.6572,16.8100,15.9300,0.8800,,1,16.8100,18.5877,2024-01-11,0,2.0044,1,16.8100,16.8609,2024-01-18,0,0.0433,1,16.8100,15.9300,2024-01-22,1,-1.0139
prebreak,600012,2024-01-04,S,S,A,C,S,S,A,10.4650,10.0900,9.5600,0.5300,,0,0.0000,0.0000,,0,0.0000,0,0.0000,0.0000,,0,0.0000,0,0.0000,0.0000,,0,0.0000
prebreak,600038,2024-01-04,S,S,A,C,S,S,A,37.3134,38.4700,37.1400,1.3300,,0,0.0000,0.0000,,0,0.0000,0,0.0000,0.0000,,0,0.0000,0,0.0000,0.0000,,0,0.0000
prebreak,600121,2024-01-04,S,S,A,C,S,S,A,4.3800,4.4300,4.1900,0.2400,,0,0.0000,0.0000,,0,0.0000,0,0.0000,0.0000,,0,0.0000,0,0.0000,0.0000,,0,0.0000
prebreak,600258,2024-01-04,S,S,A,C,S,S,A,14.3295,14.8900,14.1600,0.7300,,0,0.0000,0.0000,,0,0.0000,0,0.0000,0.0000,,0,0.0000,0,0.0000,0.0000,,0,0.0000
prebreak,600436,2024-01-04,S,S,A,C,S,S,A,222.7596,229.2200,218.1000,11.1200,,0,0.0000,0.0000,,0,0.0000,0,0.0000,0.0000,,0,0.0000,0,0.0000,0.0000,,0,0.0000
prebreak,600486,2024-01-04,S,S,A,C,S,S,A,60.1366,61.9900,59.3100,2.6800,,0,0.0000,0.0000,,0,0.0000,0,0.0000,0.0000,,0,0.0000,0,0.0000,0.0000,,0,0.0000
prebreak,600651,2024-01-04,S,S,A,C,S,S,A,3.6600,3.5000,3.3100,0.1900,,0,0.0000,0.0000,,0,0.0000,0,0.0000,0.0000,,0,0.0000,0,0.0000,0.0000,,0,0.0000
prebreak,600697,2024-01-04,S,S,A,C,S,S,A,13.1867,12.4100,11.7600,0.6500,,0,0.0000,0.0000,,0,0.0000,0,0.0000,0.0000,,0,0.0000,0,0.0000,0.0000,,0,0.0000
prebreak,600884,2024-01-04,S,S,A,C,S,S,A,12.8634,12.4800,11.8200,0.6600,,0,0.0000,0.0000,,0,0.0000,0,0.0000,0.0000,,0,0.0000,0,0.0000,0.0000,,0,0.0000
prebreak,600887,2024-01-04,S,S,A,C,S,S,A,22.6845,23.5700,22.4900,1.0800,,0,0.0000,0.0000,,0,0.0000,0,0.0000,0.0000,,0,0.0000,1,23.5700,23.5492,2024-02-01,0,-0.0358
prebreak,601137,2024-01-04,S,S,A,C,S,S,A,14.2676,13.8800,13.1400,0.7400,,0,0.0000,0.0000,,0,0.0000,0,0.0000,0.0000,,0,0.0000,0,0.0000,0.0000,,0,0.0000
prebreak,601168,2024-01-04,S,S,A,C,S,S,A,13.4684,11.9400,11.3800,0.5600,,0,0.0000,0.0000,,0,0.0000,0,0.0000,0.0000,,0,0.0000,0,0.0000,0.0000,,0,0.0000
prebreak,603028,2024-01-04,S,S,A,C,S,S,A,11.1738,10.9900,10.5300,0.4600,,0,0.0000,0.0000,,0,0.0000,0,0.0000,0.0000,,0,0.0000,0,0.0000,0.0000,,0,0.0000
prebreak,603209,2024-01-04,S,S,A,C,S,S,A,17.6521,16.0300,15.2800,0.7500,,1,16.0300,16.6036,2024-01-11,0,0.7480,1,16.0300,15.2800,2024-01-16,1,-1.0156,1,16.0300,15.2800,2024-01-16,1,-1.0156
prebreak,688106,2024-01-04,S,S,A,C,S,S,A,22.0339,22.6000,21.4300,1.1700,,0,0.0000,0.0000,,0,0.0000,0,0.0000,0.0000,,0,0.0000,0,0.0000,0.0000,,0,0.0000
prebreak,688981,2024-01-04,S,S,A,C,S,S,A,51.8800,53.6100,51.3200,2.2900,,0,0.0000,0.0000,,0,0.0000,0,0.0000,0.0000,,0,0.0000,0,0.0000,0.0000,,0,0.0000
prebreak,000049,2024-01-09,S,S,A,C,S,S,A,23.9485,25.1800,23.9900,1.1900,,0,0.0000,0.0000,,0,0.0000,0,0.0000,0.0000,,0,0.0000,0,0.0000,0.0000,,0,0.0000
prebreak,000078,2024-01-09,S,S,A,C,S,S,A,3.2300,3.1900,3.0300,0.1600,,0,0.0000,0.0000,,0,0.0000,0,0.0000,0.0000,,0,0.0000,0,0.0000,0.0000,,0,0.0000
prebreak,000528,2024-01-09,S,S,A,C,S,S,A,6.2595,6.3700,6.0700,0.3000,,0,0.0000,0.0000,,0,0.0000,0,0.0000,0.0000,,0,0.0000,1,6.3700,6.8671,2024-02-06,0,1.6398
prebreak,000792,2024-01-09,S,S,A,C,S,S,A,15.1000,16.0700,15.2700,0.8000,,0,0.0000,0.0000,,0,0.0000,0,0.0000,0.0000,,0,0.0000,0,0.0000,0.0000,,0,0.0000
prebreak,000812,2024-01-09,S,S,A,C,S,S,A,5.1908,5.0300,4.7900,0.2400,,0,0.0000,0.0000,,0,0.0000,0,0.0000,0.0000,,0,0.0000,0,0.0000,0.0000,,0,0.0000
prebreak,001208,2024-01-09,S,S,A,C,S,S,A,8.9423,9.1400,8.6600,0.4800,,0,0.0000,0.0000,,0,0.0000,0,0.0000,0.0000,,0,0.0000,0,0.0000,0.0000,,0,0.0000
prebreak,002059,2024-01-09,S,S,A,C,S,S,A,5.9300,5.9100,5.6600,0.2500,,0,0.0000,0.0000,,0,0.0000,0,0.0000,0.0000,,0,0.0000,0,0.0000,0.0000,,0,0.0000
prebreak,002179,2024-01-09,S,S,A,C,S,S,A,32.6282,37.6200,35.8200,1.8000,,0,0.0000,0.0000,,0,0.0000,0,0.0000,0.0000,,0,0.0000,0,0.0000,0.0000,,0,0.0000
prebreak,002358,2024-01-09,S,S,A,C,S,S,A,4.4987,4.2200,4.0000,0.2200,,1,4.2200,4.4296,2024-01-16,0,0.9378,1,4.2200,4.0000,2024-01-22,1,-1.0139,1,4.2200,4.0000,2024-01-22,1,-1.0139
prebreak,002389,2024-01-09,S,S,A,C,S,S,A,16.9488,18.4600,17.5400,0.9200,,0,0.0000,0.0000,,0,0.0000,0,0.0000,0.0000,,0,0.0000,0,0.0000,0.0000,,0,0.0000
prebreak,002507,2024-01-09,S,S,A,C,S,S,A,12.1342,13.1800,12.5300,0.6500,,0,0.0000,0.0000,,0,0.0000,0,0.0000,0.0000,,0,0.0000,0,0.0000,0.0000,,0,0.0000
prebreak,002521,2024-01-09,S,S,A,C,S,S,A,7.4266,7.9500,7.5300,0.4200,,0,0.0000,0.0000,,0,0.0000,0,0.0000,0.0000,,0,0.0000,0,0.0000,0.0000,,0,0.0000
prebreak,002639,2024-01-09,S,S,A,C,S,S,A,7.6400,7.5800,7.2100,0.3700,,0,0.0000,0.0000,,0,0.0000,0,0.0000,0.0000,,0,0.0000,0,0.0000,0.0000,,0,0.0000
prebreak,003002,2024-01-09,S,S,A,C,S,S,A,13.9387,13.6100,12.9200,0.6900,,0,0.0000,0.0000,,0,0.0000,0,0.0000,0.0000,,0,0.0000,0,0.0000,0.0000,,0,0.0000
prebreak,300221,2024-01-09,S,S,A,C,S,S,A,6.0797,6.0500,5.7800,0.2700,,0,0.0000,0.0000,,0,0.0000,0,0.0000,0.0000,,0,0.0000,0,0.0000,0.0000,,0,0.0000
prebreak,300775,2024-01-09,S,S,A,C,S,S,A,26.4755,27.6400,26.1900,1.4500,,0,0.0000,0.0000,,0,0.0000,0,0.0000,0.0000,,0,0.0000,0,0.0000,0.0000,,0,0.0000
prebreak,301032,2024-01-09,S,S,A,C,S,S,A,9.6998,10.1000,9.5800,0.5200,,0,0.0000,0.0000,,0,0.0000,0,0.0000,0.0000,,0,0.0000,0,0.0000,0.0000,,0,0.0000
prebreak,301318,2024-01-09,S,S,A,C,S,S,A,24.5845,26.5100,25.1400,1.3700,,0,0.0000,0.0000,,0,0.0000,0,0.0000,0.0000,,0,0.0000,0,0.0000,0.0000,,0,0.0000
prebreak,600138,2024-01-09,S,S,A,C,S,S,A,10.7592,10.9300,10.3700,0.5600,,1,10.9300,10.8082,2024-01-16,0,-0.2322,1,10.9300,10.3700,2024-01-18,1,-1.0142,1,10.9300,10.3700,2024-01-18,1,-1.0142
prebreak,600368,2024-01-09,S,S,A,C,S,S,A,2.9325,2.9900,2.8400,0.1500,,0,0.0000,0.0000,,0,0.0000,0,0.0000,0.0000,,0,0.0000,0,0.0000,0.0000,,0,0.0000
prebreak,600372,2024-01-09,S,S,A,C,S,S,A,11.8908,13.0200,12.5200,0.5000,,0,0.0000,0.0000,,0,0.0000,0,0.0000,0.0000,,0,0.0000,0,0.0000,0.0000,,0,0.0000
prebreak,600562,2024-01-09,S,S,A,C,S,S,A,12.5072,13.5200,12.9200,0.6000,,0,0.0000,0.0000,,0,0.0000,0,0.0000,0.0000,,0,0.0000,0,0.0000,0.0000,,0,0.0000
prebreak,600590,2024-01-09,S,S,A,C,S,S,A,6.2870,6.3000,6.0400,0.2600,,0,0.0000,0.0000,,0,0.0000,0,0.0000,0.0000,,0,0.0000,0,0.0000,0.0000,,0,0.0000
prebreak,601126,2024-01-09,S,S,A,C,S,S,A,13.1138,13.2500,12.6800,0.5700,,0,0.0000,0.0000,,0,0.0000,0,0.0000,0.0000,,0,0.0000,0,0.0000,0.0000,,0,0.0000
prebreak,601231,2024-01-09,S,S,A,C,S,S,A,13.3667,14.0900,13.4100,0.6800,,0,0.0000,0.0000,,0,0.0000,0,0.0000,0.0000,,0,0.0000,0,0.0000,0.0000,,0,0.0000
prebreak,603035,2024-01-09,S,S,A,C,S,S,A,15.7586,16.7500,16.0800,0.6700,,0,0.0000,0.0000,,0,0.0000,0,0.0000,0.0000,,0,0.0000,0,0.0000,0.0000,,0,0.0000
prebreak,603261,2024-01-09,S,S,A,C,S,S,A,36.8000,33.8600,32.3400,1.5200,,0,0.0000,0.0000,,0,0.0000,0,0.0000,0.0000,,0,0.0000,0,0.0000,0.0000,,0,0.0000
prebreak,603439,2024-01-09,S,S,A,C,S,S,A,17.8780,18.0800,17.1400,0.9400,,0,0.0000,0.0000,,0,0.0000,0,0.0000,0.0000,,0,0.0000,0,0.0000,0.0000,,0,0.0000
prebreak,688297,2024-01-09,S,S,A,C,S,S,A,34.7771,42.2000,40.0700,2.1300,,0,0.0000,0.0000,,0,0.0000,0,0.0000,0.0000,,0,0.0000,0,0.0000,0.0000,,0,0.0000
prebreak,000430,2024-01-11,S,S,A,C,S,S,A,6.8500,7.0300,6.7200,0.3100,,1,7.0300,6.7200,2024-01-18,1,-1.0166,1,7.0300,6.7200,2024-01-18,1,-1.0166,1,7.0300,6.7200,2024-01-18,1,-1.0166
prebreak,000652,2024-01-11,S,S,A,C,S,S,A,3.8200,3.8800,3.7200,0.1600,,0,0.0000,0.0000,,0,0.0000,0,0.0000,0.0000,,0,0.0000,0,0.0000,0.0000,,0,0.0000
prebreak,000698,2024-01-11,S,S,A,C,S,S,A,5.0400,4.1800,4.0100,0.1700,,1,4.1800,4.2000,2024-01-18,0,0.0989,1,4.1800,4.0100,2024-01-22,1,-1.0181,1,4.1800,4.0100,2024-01-22,1,-1.0181
prebreak,000737,2024-01-11,S,S,A,C,S,S,A,5.6488,5.7900,5.5400,0.2500,,0,0.0000,0.0000,,0,0.0000,0,0.0000,0.0000,,0,0.0000,0,0.0000,0.0000,,0,0.0000
prebreak,000856,2024-01-11,S,S,A,C,S,S,A,9.3647,9.7600,9.2800,0.4800,,0,0.0000,0.0000,,0,0.0000,0,0.0000,0.0000,,0,0.0000,0,0.0000,0.0000,,0,0.0000
prebreak,000953,2024-01-11,S,S,A,C,S,S,A,5.4500,5.6200,5.4000,0.2200,,0,0.0000,0.0000,,0,0.0000,0,0.0000,0.0000,,0,0.0000,0,0.0000,0.0000,,0,0.0000
prebreak,000990,2024-01-11,S,S,A,C,S,S,A,5.8395,6.0900,5.7800,0.3100,,0,0.0000,0.0000,,0,0.0000,0,0.0000,0.0000,,0,0.0000,0,0.0000,0.0000,,0,0.0000
prebreak,002044,2024-01-11,S,S,A,C,S,S,A,5.3089,5.9700,5.7000,0.2700,,0,0.0000,0.0000,,0,0.0000,0,0.0000,0.0000,,0,0.0000,0,0.0000,0.0000,,0,0.0000
prebreak,002104,2024-01-11,S,S,A,C,S,S,A,6.9324,8.1300,7.7600,0.3700,,0,0.0000,0.0000,,0,0.0000,0,0.0000,0.0000,,0,0.0000,0,0.0000,0.0000,,0,0.0000
prebreak,002424,2024-01-11,S,S,A,C,S,S,A,8.2200,8.1400,7.7100,0.4300,,0,0.0000,0.0000,,0,0.0000,0,0.0000,0.0000,,0,0.0000,0,0.0000,0.0000,,0,0.0000
prebreak,002442,2024-01-11,S,S,A,C,S,S,A,5.7885,5.4100,5.1200,0.2900,,0,0.0000,0.0000,,0,0.0000,0,0.0000,0.0000,,0,0.0000,0,0.0000,0.0000,,0,0.0000
prebreak,002449,2024-01-11,S,S,A,C,S,S,A,8.4262,8.4900,8.0700,0.4200,,0,0.0000,0.0000,,0,0.0000,0,0.0000,0.0000,,0,0.0000,0,0.0000,0.0000,,0,0.0000
prebreak,002745,2024-01-11,S,S,A,C,S,S,A,7.3457,7.6900,7.3900,0.3000,,0,0.0000,0.0000,,0,0.0000,0,0.0000,0.0000,,0,0.0000,0,0.0000,0.0000,,0,0.0000
prebreak,002831,2024-01-11,S,S,A,C,S,S,A,17.1798,17.1900,16.3300,0.8600,,0,0.0000,0.0000,,0,0.0000,0,0.0000,0.0000,,0,0.0000,0,0.0000,0.0000,,0,0.0000
prebreak,300197,2024-01-11,S,S,A,C,S,S,A,1.9500,2.1100,2.0100,0.1000,,1,2.1100,2.0100,2024-01-18,1,-1.0154,1,2.1100,2.0100,2024-01-18,1,-1.0154,1,2.1100,2.0100,2024-01-18,1,-1.0154
prebreak,300401,2024-01-11,S,S,A,C,S,S,A,10.8570,11.6600,11.1000,0.5600,,0,0.0000,0.0000,,0,0.0000,0,0.0000,0.0000,,0,0.0000,0,0.0000,0.0000,,0,0.0000
prebreak,300433,2024-01-11,S,S,A,C,S,S,A,11.6834,12.2800,11.7600,0.5200,,0,0.0000,0.0000,,0,0.0000,0,0.0000,0.0000,,0,0.0000,0,0.0000,0.0000,,0,0.0000
prebreak,300708,2024-01-11,S,S,A,C,S,S,A,7.2965,7.4400,7.1100,0.3300,,0,0.0000,0.0000,,0,0.0000,0,0.0000,0.0000,,0,0.0000,0,0.0000,0.0000,,0,0.0000
prebreak,300783,2024-01-11,S,S,A,C,S,S,A,18.7465,17.3200,16.7100,0.6100,,1,17.3200,18.7757,2024-01-18,0,2.3634,1,17.3200,16.7100,2024-01-22,1,-1.0209,1,17.3200,16.7100,2024-01-22,1,-1.0209
prebreak,301238,2024-01-11,S,S,A,C,S,S,A,18.5877,16.8100,15.9300,0.8800,,1,16.8100,16.8609,2024-01-18,0,0.0433,1,16.8100,15.9300,2024-01-22,1,-1.0139,1,16.8100,15.9300,2024-01-22,1,-1.0139
prebreak,600012,2024-01-11,S,S,A,C,S,S,A,10.1536,10.6100,10.0600,0.5500,,0,0.0000,0.0000,,0,0.0000,0,0.0000,0.0000,,0,0.0000,0,0.0000,0.0000,,0,0.0000
prebreak,600038,2024-01-11,S,S,A,C,S,S,A,37.2840,38.4700,36.5100,1.9600,,0,0.0000,0.0000,,0,0.0000,0,0.0000,0.0000,,0,0.0000,0,0.0000,0.0000,,0,0.0000
prebreak,600143,2024-01-11,S,S,A,C,S,S,A,7.1339,7.7700,7.3900,0.3800,,0,0.0000,0.0000,,0,0.0000,0,0.0000,0.0000,,0,0.0000,0,0.0000,0.0000,,0,0.0000
prebreak,600219,2024-01-11,S,S,A,C,S,S,A,2.4913,2.5600,2.4700,0.0900,,0,0.0000,0.0000,,0,0.0000,0,0.0000,0.0000,,0,0.0000,0,0.0000,0.0000,,0,0.0000
prebreak,600258,2024-01-11,S,S,A,C,S,S,A,14.1449,14.5700,13.8300,0.7400,,1,14.5700,13.8300,2024-01-18,1,-1.0143,1,14.5700,13.8300,2024-01-18,1,-1.0143,1,14.5700,13.8300,2024-01-18,1,-1.0143
prebreak,600436,2024-01-11,S,S,A,C,S,S,A,213.7304,229.2200,218.1000,11.1200,,0,0.0000,0.0000,,0,0.0000,0,0.0000,0.0000,,0,0.0000,0,0.0000,0.0000,,0,0.0000
prebreak,600486,2024-01-11,S,S,A,C,S,S,A,56.4511,60.7600,57.7000,3.0600,,0,0.0000,0.0000,,0,0.0000,0,0.0000,0.0000,,0,0.0000,0,0.0000,0.0000,,0,0.0000
prebreak,600697,2024-01-11,S,S,A,C,S,S,A,13.4197,12.4100,11.7600,0.6500,,0,0.0000,0.0000,,0,0.0000,0,0.0000,0.0000,,0,0.0000,0,0.0000,0.0000,,0,0.0000
prebreak,600884,2024-01-11,S,S,A,C,S,S,A,12.5695,12.4800,11.8200,0.6600,,0,0.0000,0.0000,,0,0.0000,0,0.0000,0.0000,,0,0.0000,0,0.0000,0.0000,,0,0.0000
prebreak,600958,2024-01-11,S,S,A,C,S,S,A,7.7378,8.1500,7.8100,0.3400,,0,0.0000,0.0000,,0,0.0000,1,8.1500,8.1672,2024-01-25,0,0.0324,1,8.1500,7.8100,2024-01-31,1,-1.0176
prebreak,601878,2024-01-11,S,S,A,C,S,S,A,9.4999,9.8700,9.3700,0.5000,,0,0.0000,0.0000,,0,0.0000,0,0.0000,0.0000,,0,0.0000,0,0.0000,0.0000,,0,0.0000
prebreak,603209,2024-01-11,S,S,A,C,S,S,A,16.6036,16.0300,15.2800,0.7500,,1,16.0300,15.2800,2024-01-16,1,-1.0156,1,16.0300,15.2800,2024-01-16,1,-1.0156,1,16.0300,15.2800,2024-01-16,1,-1.0156
prebreak,603967,2024-01-11,S,S,A,C,S,S,A,8.9909,9.0500,8.7400,0.3100,,0,0.0000,0.0000,,0,0.0000,0,0.0000,0.0000,,0,0.0000,0,0.0000,0.0000,,0,0.0000
prebreak,605303,2024-01-11,S,S,A,C,S,S,A,12.6800,12.4000,11.9200,0.4800,,1,12.4000,12.8200,2024-01-18,0,0.8548,1,12.4000,11.9200,2024-01-19,1,-1.0190,1,12.4000,11.9200,2024-01-19,1,-1.0190
prebreak,688106,2024-01-11,S,S,A,C,S,S,A,20.7124,22.6000,21.4300,1.1700,,0,0.0000,0.0000,,0,0.0000,0,0.0000,0.0000,,0,0.0000,0,0.0000,0.0000,,0,0.0000
prebreak,688375,2024-01-11,S,S,A,C,S,S,A,47.1735,54.5600,51.9500,2.6100,,0,0.0000,0.0000,,0,0.0000,0,0.0000,0.0000,,0,0.0000,0,0.0000,0.0000,,0,0.0000
prebreak,688981,2024-01-11,S,S,A,C,S,S,A,47.6000,53.6100,51.3200,2.2900,,0,0.0000,0.0000,,0,0.0000,0,0.0000,0.0000,,0,0.0000,0,0.0000,0.0000,,0,0.0000
prebreak,000738,2024-01-15,S,S,A,C,S,S,A,16.9661,18.0300,17.2500,0.7800,,0,0.0000,0.0000,,0,0.0000,0,0.0000,0.0000,,0,0.0000,0,0.0000,0.0000,,0,0.0000
prebreak,000887,2024-01-15,S,S,A,C,S,S,A,10.9985,11.2900,10.8800,0.4100,,0,0.0000,0.0000,,0,0.0000,0,0.0000,0.0000,,0,0.0000,0,0.0000,0.0000,,0,0.0000
prebreak,000960,2024-01-15,S,S,A,C,S,S,A,13.2809,13.6100,13.1100,0.5000,,0,0.0000,0.0000,,0,0.0000,0,0.0000,0.0000,,0,0.0000,0,0.0000,0.0000,,0,0.0000
prebreak,002152,2024-01-15,S,S,A,C,S,S,A,9.9210,11.3700,10.9400,0.4300,,0,0.0000,0.0000,,0,0.0000,0,0.0000,0.0000,,0,0.0000,0,0.0000,0.0000,,0,0.0000
prebreak,002245,2024-01-15,S,S,A,C,S,S,A,5.5750,5.7500,5.5000,0.2500,,0,0.0000,0.0000,,0,0.0000,0,0.0000,0.0000,,0,0.0000,0,0.0000,0.0000,,0,0.0000
prebreak,002255,2024-01-15,S,S,A,C,S,S,A,5.5191,5.1100,4.8600,0.2500,,0,0.0000,0.0000,,0,0.0000,0,0.0000,0.0000,,0,0.0000,0,0.0000,0.0000,,0,0.0000
prebreak,002523,2024-01-15,S,S,A,C,S,S,A,3.0065,2.8000,2.6800,0.1200,,1,2.8000,2.9868,2024-01-22,0,1.5383,1,2.8000,3.0065,2024-01-29,0,1.7019,1,2.8000,2.6800,2024-02-05,1,-1.0171
prebreak,002573,2024-01-15,S,S,A,C,S,S,A,4.8505,4.9800,4.7800,0.2000,,0,0.0000,0.0000,,0,0.0000,0,0.0000,0.0000,,0,0.0000,0,0.0000,0.0000,,0,0.0000
prebreak,002611,2024-01-15,S,S,A,C,S,S,A,5.1207,4.9400,4.7300,0.2100,,0,0.0000,0.0000,,0,0.0000,0,0.0000,0.0000,,0,0.0000,0,0.0000,0.0000,,0,0.0000
prebreak,002847,2024-01-15,S,S,A,C,S,S,A,46.9531,47.7300,45.6300,2.1000,,0,0.0000,0.0000,,0,0.0000,0,0.0000,0.0000,,0,0.0000,0,0.0000,0.0000,,0,0.0000
prebreak,300073,2024-01-15,S,S,A,C,S,S,A,37.0418,37.2300,35.4300,1.8000,,0,0.0000,0.0000,,0,0.0000,0,0.0000,0.0000,,0,0.0000,0,0.0000,0.0000,,0,0.0000
prebreak,300352,2024-01-15,S,S,A,C,S,S,A,4.4300,4.7900,4.5700,0.2200,,0,0.0000,0.0000,,0,0.0000,0,0.0000,0.0000,,0,0.0000,0,0.0000,0.0000,,0,0.0000
prebreak,300408,2024-01-15,S,S,A,C,S,S,A,25.0632,28.5700,27.3600,1.2100,,0,0.0000,0.0000,,0,0.0000,0,0.0000,0.0000,,0,0.0000,0,0.0000,0.0000,,0,0.0000
prebreak,300435,2024-01-15,S,S,A,C,S,S,A,13.5875,13.9900,13.5100,0.4800,,0,0.0000,0.0000,,0,0.0000,0,0.0000,0.0000,,0,0.0000,0,0.0000,0.0000,,0,0.0000
prebreak,600054,2024-01-15,S,S,A,C,S,S,A,11.5902,10.8800,10.4000,0.4800,,1,10.8800,10.8169,2024-01-22,0,-0.1486,1,10.8800,11.1988,2024-01-29,0,0.6465,1,10.8800,10.4000,2024-01-31,1,-1.0166
prebreak,600406,2024-01-15,S,S,A,C,S,S,A,19.6215,21.0300,19.9700,1.0600,,0,0.0000,0.0000,,0,0.0000,0,0.0000,0.0000,,0,0.0000,0,0.0000,0.0000,,0,0.0000
prebreak,600428,2024-01-15,S,S,A,C,S,S,A,4.8421,4.8100,4.5600,0.2500,,0,0.0000,0.0000,,0,0.0000,0,0.0000,0.0000,,0,0.0000,0,0.0000,0.0000,,0,0.0000
prebreak,601111,2024-01-15,S,S,A,C,S,S,A,7.3500,7.1400,6.8000,0.3400,,0,0.0000,0.0000,,0,0.0000,0,0.0000,0.0000,,0,0.0000,0,0.0000,0.0000,,0,0.0000
prebreak,603012,2024-01-15,S,S,A,C,S,S,A,5.6524,5.7200,5.5000,0.2200,,0,0.0000,0.0000,,0,0.0000,0,0.0000,0.0000,,0,0.0000,0,0.0000,0.0000,,0,0.0000
prebreak,603605,2024-01-15,S,S,A,C,S,S,A,89.3109,95.2400,90.3300,4.9100,,0,0.0000,0.0000,,0,0.0000,0,0.0000,0.0000,,0,0.0000,0,0.0000,0.0000,,0,0.0000
prebreak,603612,2024-01-15,S,S,A,C,S,S,A,14.0432,14.3100,13.7000,0.6100,,0,0.0000,0.0000,,0,0.0000,0,0.0000,0.0000,,0,0.0000,0,0.0000,0.0000,,0,0.0000
prebreak,603869,2024-01-15,S,S,A,C,S,S,A,8.8139,9.5500,9.0800,0.4700,,0,0.0000,0.0000,,0,0.0000,0,0.0000,0.0000,,0,0.0000,0,0.0000,0.0000,,0,0.0000
prebreak,000629,2024-01-23,S,S,A,C,S,S,A,2.7900,3.3000,3.1300,0.1700,,0,0.0000,0.0000,,0,0.0000,0,0.0000,0.0000,,0,0.0000,1,3.3000,3.1300,2024-02-28,0,-1.0141
prebreak,001208,2024-01-23,S,S,A,C,S,S,A,9.1194,9.1800,8.7600,0.4200,,1,9.1800,8.7600,2024-01-30,1,-1.0160,1,9.1800,8.7600,2024-01-30,1,-1.0160,1,9.1800,8.7600,2024-01-30,1,-1.0160
prebreak,002059,2024-01-23,S,S,A,C,S,S,A,5.6800,5.9100,5.6600,0.2500,,0,0.0000,0.0000,,0,0.0000,0,0.0000,0.0000,,0,0.0000,0,0.0000,0.0000,,0,0.0000
prebreak,002094,2024-01-23,S,S,A,C,S,S,A,3.4100,4.0100,3.8500,0.1600,,0,0.0000,0.0000,,0,0.0000,0,0.0000,0.0000,,0,0.0000,0,0.0000,0.0000,,0,0.0000
prebreak,002358,2024-01-23,S,S,A,C,S,S,A,3.8574,4.5600,4.3300,0.2300,,0,0.0000,0.0000,,0,0.0000,0,0.0000,0.0000,,0,0.0000,0,0.0000,0.0000,,0,0.0000
prebreak,002389,2024-01-23,S,S,A,C,S,S,A,15.0865,18.4600,17.5400,0.9200,,0,0.0000,0.0000,,0,0.0000,0,0.0000,0.0000,,0,0.0000,0,0.0000,0.0000,,0,0.0000
prebreak,002398,2024-01-23,S,S,A,C,S,S,A,4.7164,4.6900,4.4900,0.2000,,1,4.6900,4.4900,2024-01-25,1,-1.0172,1,4.6900,4.4900,2024-01-25,1,-1.0172,1,4.6900,4.4900,2024-01-25,1,-1.0172
prebreak,002486,2024-01-23,S,S,A,C,S,S,A,2.7262,3.0600,2.9300,0.1300,,0,0.0000,0.0000,,0,0.0000,0,0.0000,0.0000,,0,0.0000,0,0.0000,0.0000,,0,0.0000
prebreak,002507,2024-01-23,S,S,A,C,S,S,A,11.7773,13.1800,12.5300,0.6500,,0,0.0000,0.0000,,0,0.0000,0,0.0000,0.0000,,0,0.0000,1,13.1800,12.5300,2024-02-20,1,-1.0148
prebreak,002521,2024-01-23,S,S,A,C,S,S,A,7.0571,7.6600,7.3300,0.3300,,0,0.0000,0.0000,,0,0.0000,0,0.0000,0.0000,,0,0.0000,0,0.0000,0.0000,,0,0.0000
prebreak,002639,2024-01-23,S,S,A,C,S,S,A,6.3800,7.4100,7.0300,0.3800,,0,0.0000,0.0000,,0,0.0000,0,0.0000,0.0000,,0,0.0000,0,0.0000,0.0000,,0,0.0000
prebreak,003036,2024-01-23,S,S,A,C,S,S,A,10.4334,12.0900,11.4800,0.6100,,0,0.0000,0.0000,,0,0.0000,0,0.0000,0.0000,,0,0.0000,0,0.0000,0.0000,,0,0.0000
prebreak,300195,2024-01-23,S,S,A,C,S,S,A,5.3787,6.8600,6.5900,0.2700,,0,0.0000,0.0000,,0,0.0000,0,0.0000,0.0000,,0,0.0000,0,0.0000,0.0000,,0,0.0000
prebreak,300221,2024-01-23,S,S,A,C,S,S,A,4.8876,6.0500,5.7800,0.2700,,0,0.0000,0.0000,,0,0.0000,0,0.0000,0.0000,,0,0.0000,0,0.0000,0.0000,,0,0.0000
prebreak,300328,2024-01-23,S,S,A,C,S,S,A,5.6179,6.6400,6.3700,0.2700,,0,0.0000,0.0000,,0,0.0000,0,0.0000,0.0000,,0,0.0000,0,0.0000,0.0000,,0,0.0000
prebreak,600138,2024-01-23,S,S,A,C,S,S,A,9.9655,10.9300,10.3700,0.5600,,1,10.9300,10.8572,2024-01-30,0,-0.1448,1,10.9300,10.3700,2024-01-31,1,-1.0142,1,10.9300,10.3700,2024-01-31,1,-1.0142
prebreak,600188,2024-01-23,S,S,A,C,S,S,A,13.7986,14.6400,13.9800,0.6600,,0,0.0000,0.0000,,0,0.0000,0,0.0000,0.0000,,0,0.0000,0,0.0000,0.0000,,0,0.0000
prebreak,600583,2024-01-23,S,S,A,C,S,S,A,4.8864,5.5600,5.2800,0.2800,,0,0.0000,0.0000,,0,0.0000,0,0.0000,0.0000,,0,0.0000,1,5.5600,5.4939,2024-02-28,0,-0.2512
prebreak,600590,2024-01-23,S,S,A,C,S,S,A,5.3190,6.3900,6.0700,0.3200,,0,0.0000,0.0000,,0,0.0000,0,0.0000,0.0000,,0,0.0000,0,0.0000,0.0000,,0,0.0000
prebreak,600673,2024-01-23,S,S,A,C,S,S,A,6.2390,6.6200,6.3200,0.3000,,0,0.0000,0.0000,,0,0.0000,1,6.6200,6.6606,2024-02-06,0,0.1186,1,6.6200,7.1781,2024-02-28,0,1.8426
prebreak,600734,2024-01-23,S,S,A,C,S,S,A,3.9500,3.5200,3.3400,0.1800,,1,3.5200,3.7400,2024-01-30,0,1.2066,1,3.5200,3.3400,2024-02-02,1,-1.0142,1,3.5200,3.3400,2024-02-02,1,-1.0142
prebreak,601058,2024-01-23,S,S,A,C,S,S,A,10.8035,11.5400,11.0600,0.4800,,0,0.0000,0.0000,,0,0.0000,0,0.0000,0.0000,,0,0.0000,0,0.0000,0.0000,,0,0.0000
prebreak,601616,2024-01-23,S,S,A,C,S,S,A,2.9434,3.4100,3.2900,0.1200,,0,0.0000,0.0000,,0,0.0000,0,0.0000,0.0000,,0,0.0000,0,0.0000,0.0000,,0,0.0000
prebreak,603439,2024-01-23,S,S,A,C,S,S,A,15.7910,18.0800,17.1400,0.9400,,0,0.0000,0.0000,,0,0.0000,0,0.0000,0.0000,,0,0.0000,0,0.0000,0.0000,,0,0.0000
prebreak,603843,2024-01-23,S,S,A,C,S,S,A,2.7900,3.6600,3.4900,0.1700,,0,0.0000,0.0000,,0,0.0000,0,0.0000,0.0000,,0,0.0000,0,0.0000,0.0000,,0,0.0000
prebreak,603897,2024-01-23,S,S,A,C,S,S,A,13.5225,16.3500,15.5400,0.8100,,0,0.0000,0.0000,,0,0.0000,0,0.0000,0.0000,,0,0.0000,0,0.0000,0.0000,,0,0.0000
prebreak,605003,2024-01-23,S,S,A,C,S,S,A,17.1883,19.4000,18.4900,0.9100,,0,0.0000,0.0000,,0,0.0000,0,0.0000,0.0000,,0,0.0000,0,0.0000,0.0000,,0,0.0000
prebreak,000016,2024-01-24,S,S,A,C,S,S,A,3.6900,3.8100,3.6200,0.1900,,0,0.0000,0.0000,,0,0.0000,0,0.0000,0.0000,,0,0.0000,0,0.0000,0.0000,,0,0.0000
prebreak,000558,2024-01-24,S,S,A,C,S,S,A,2.8400,3.0000,2.8400,0.1600,,0,0.0000,0.0000,,0,0.0000,0,0.0000,0.0000,,0,0.0000,0,0.0000,0.0000,,0,0.0000
prebreak,000657,2024-01-24,S,S,A,C,S,S,A,7.8999,8.3400,7.9300,0.4100,,0,0.0000,0.0000,,0,0.0000,0,0.0000,0.0000,,0,0.0000,0,0.0000,0.0000,,0,0.0000
prebreak,002126,2024-01-24,S,S,A,C,S,S,A,15.3619,17.9200,17.0400,0.8800,,0,0.0000,0.0000,,0,0.0000,0,0.0000,0.0000,,0,0.0000,1,17.9200,17.0400,2024-02-28,1,-1.0148
prebreak,002182,2024-01-24,S,S,A,C,S,S,A,11.4730,13.2200,12.5200,0.7000,,0,0.0000,0.0000,,0,0.0000,0,0.0000,0.0000,,0,0.0000,0,0.0000,0.0000,,0,0.0000
prebreak,002204,2024-01-24,S,S,A,C,S,S,A,3.9359,4.4400,4.2200,0.2200,,0,0.0000,0.0000,,0,0.0000,0,0.0000,0.0000,,0,0.0000,0,0.0000,0.0000,,0,0.0000
prebreak,002243,2024-01-24,S,S,A,C,S,S,A,6.7111,7.5300,7.2200,0.3100,,0,0.0000,0.0000,,0,0.0000,0,0.0000,0.0000,,0,0.0000,0,0.0000,0.0000,,0,0.0000
prebreak,002300,2024-01-24,S,S,A,C,S,S,A,6.7949,8.1600,7.7400,0.4200,,0,0.0000,0.0000,,0,0.0000,0,0.0000,0.0000,,0,0.0000,0,0.0000,0.0000,,0,0.0000
prebreak,002421,2024-01-24,S,S,A,C,S,S,A,2.9208,3.2100,3.0400,0.1700,,0,0.0000,0.0000,,0,0.0000,0,0.0000,0.0000,,0,0.0000,0,0.0000,0.0000,,0,0.0000
prebreak,002597,2024-01-24,S,S,A,C,S,S,A,17.4777,20.1600,19.2600,0.9000,,0,0.0000,0.0000,,0,0.0000,0,0.0000,0.0000,,0,0.0000,0,0.0000,0.0000,,0,0.0000
prebreak,300911,2024-01-24,S,S,A,C,S,S,A,17.3194,19.8800,18.9900,0.8900,,0,0.0000,0.0000,,0,0.0000,0,0.0000,0.0000,,0,0.0000,0,0.0000,0.0000,,0,0.0000
prebreak,600183,2024-01-24,S,S,A,C,S,S,A,14.9473,16.1600,15.4300,0.7300,,0,0.0000,0.0000,,0,0.0000,0,0.0000,0.0000,,0,0.0000,0,0.0000,0.0000,,0,0.0000
prebreak,600271,2024-01-24,S,S,A,C,S,S,A,9.3035,9.9500,9.4900,0.4600,,0,0.0000,0.0000,,0,0.0000,0,0.0000,0.0000,,0,0.0000,1,9.9500,9.4900,2024-02-19,1,-1.0158
prebreak,600489,2024-01-24,S,S,A,C,S,S,A,8.5235,9.1600,8.7400,0.4200,,0,0.0000,0.0000,,0,0.0000,0,0.0000,0.0000,,0,0.0000,0,0.0000,0.0000,,0,0.0000
prebreak,600749,2024-01-24,S,S,A,C,S,S,A,11.2600,12.7200,12.0700,0.6500,,0,0.0000,0.0000,,0,0.0000,0,0.0000,0.0000,,0,0.0000,0,0.0000,0.0000,,0,0.0000
prebreak,600858,2024-01-24,S,S,A,C,S,S,A,4.9925,5.5400,5.2900,0.2500,,0,0.0000,0.0000,,0,0.0000,0,0.0000,0.0000,,0,0.0000,0,0.0000,0.0000,,0,0.0000
prebreak,600933,2024-01-24,S,S,A,C,S,S,A,18.1010,19.2300,18.2600,0.9700,,0,0.0000,0.0000,,0,0.0000,0,0.0000,0.0000,,0,0.0000,0,0.0000,0.0000,,0,0.0000
prebreak,600977,2024-01-24,S,S,A,C,S,S,A,11.2487,12.2800,11.6900,0.5900,,1,12.2800,11.6900,2024-01-29,1,-1.0152,1,12.2800,11.6900,2024-01-29,1,-1.0152,1,12.2800,11.6900,2024-01-29,1,-1.0152
prebreak,601665,2024-01-24,S,S,A,C,S,S,A,3.5166,3.5500,3.3800,0.1700,,1,3.5500,3.6744,2024-01-31,0,0.7155,1,3.5500,3.7621,2024-02-07,0,1.2310,1,3.5500,3.8060,2024-02-29,0,1.4888
prebreak,603508,2024-01-24,S,S,A,C,S,S,A,11.7862,12.8100,12.1700,0.6400,,0,0.0000,0.0000,,0,0.0000,0,0.0000,0.0000,,0,0.0000,0,0.0000,0.0000,,0,0.0000
prebreak,603699,2024-01-24,S,S,A,C,S,S,A,12.0733,13.0200,12.4400,0.5800,,0,0.0000,0.0000,,0,0.0000,0,0.0000,0.0000,,0,0.0000,1,13.0200,14.5696,2024-02-29,0,2.6530
prebreak,605155,2024-01-24,S,S,A,C,S,S,A,9.9366,10.8800,10.3400,0.5400,,0,0.0000,0.0000,,0,0.0000,0,0.0000,0.0000,,0,0.0000,0,0.0000,0.0000,,0,0.0000
prebreak,605366,2024-01-24,S,S,A,C,S,S,A,8.8814,8.3600,8.0200,0.3400,,1,8.3600,8.0200,2024-01-29,1,-1.0181,1,8.3600,8.0200,2024-01-29,1,-1.0181,1,8.3600,8.0200,2024-01-29,1,-1.0181
prebreak,605499,2024-01-24,S,S,A,C,S,S,A,91.5190,99.9700,94.8900,5.0800,,0,0.0000,0.0000,,0,0.0000,0,0.0000,0.0000,,0,0.0000,0,0.0000,0.0000,,0,0.0000
prebreak,000156,2024-01-25,S,S,A,C,S,S,A,6.7751,6.9900,6.6800,0.3100,,0,0.0000,0.0000,,0,0.0000,1,6.9900,6.7468,2024-02-08,0,-0.8012,1,6.9900,6.6800,2024-02-19,1,-1.0165
prebreak,000430,2024-01-25,S,S,A,C,S,S,A,6.5700,7.0400,6.7200,0.3200,,0,0.0000,0.0000,,0,0.0000,0,0.0000,0.0000,,0,0.0000,0,0.0000,0.0000,,0,0.0000
prebreak,000552,2024-01-25,S,S,A,C,S,S,A,2.8636,2.9500,2.8300,0.1200,,0,0.0000,0.0000,,0,0.0000,0,0.0000,0.0000,,0,0.0000,1,2.9500,2.8300,2024-02-28,1,-1.0181
prebreak,000599,2024-01-25,S,S,A,C,S,S,A,4.3200,4.4400,4.2100,0.2300,,0,0.0000,0.0000,,0,0.0000,0,0.0000,0.0000,,0,0.0000,0,0.0000,0.0000,,0,0.0000
prebreak,000698,2024-01-25,S,S,A,C,S,S,A,4.0300,4.1800,4.0100,0.1700,,0,0.0000,0.0000,,0,0.0000,0,0.0000,0.0000,,0,0.0000,0,0.0000,0.0000,,0,0.0000
prebreak,000737,2024-01-25,S,S,A,C,S,S,A,5.2613,5.7500,5.4500,0.3000,,0,0.0000,0.0000,,0,0.0000,0,0.0000,0.0000,,0,0.0000,0,0.0000,0.0000,,0,0.0000
prebreak,002027,2024-01-25,S,S,A,C,S,S,A,5.0552,5.4200,5.1800,0.2400,,0,0.0000,0.0000,,0,0.0000,0,0.0000,0.0000,,0,0.0000,0,0.0000,0.0000,,0,0.0000
prebreak,002424,2024-01-25,S,S,A,C,S,S,A,7.9700,8.1400,7.7100,0.4300,,0,0.0000,0.0000,,0,0.0000,0,0.0000,0.0000,,0,0.0000,1,8.1400,7.7100,2024-02-21,1,-1.0138
prebreak,002593,2024-01-25,S,S,A,C,S,S,A,3.5615,3.8900,3.7100,0.1800,,0,0.0000,0.0000,,0,0.0000,0,0.0000,0.0000,,0,0.0000,0,0.0000,0.0000,,0,0.0000
prebreak,002651,2024-01-25,S,S,A,C,S,S,A,5.9421,6.9100,6.5800,0.3300,,0,0.0000,0.0000,,0,0.0000,0,0.0000,0.0000,,0,0.0000,0,0.0000,0.0000,,0,0.0000
prebreak,002730,2024-01-25,S,S,A,C,S,S,A,8.2689,9.3100,8.8400,0.4700,,0,0.0000,0.0000,,0,0.0000,0,0.0000,0.0000,,0,0.0000,0,0.0000,0.0000,,0,0.0000
prebreak,002832,2024-01-25,S,S,A,C,S,S,A,26.9260,27.6400,26.5400,1.1000,,0,0.0000,0.0000,,0,0.0000,1,27.6400,29.1053,2024-02-08,0,1.3121,1,27.6400,26.5400,2024-02-27,1,-1.0185
prebreak,300124,2024-01-25,S,S,A,C,S,S,A,54.6004,53.9100,51.0500,2.8600,,0,0.0000,0.0000,,0,0.0000,0,0.0000,0.0000,,0,0.0000,0,0.0000,0.0000,,0,0.0000
prebreak,300145,2024-01-25,S,S,A,C,S,S,A,2.7802,3.1200,2.9500,0.1700,,0,0.0000,0.0000,,0,0.0000,0,0.0000,0.0000,,0,0.0000,0,0.0000,0.0000,,0,0.0000
prebreak,300197,2024-01-25,S,S,A,C,S,S,A,2.2600,2.1100,2.0100,0.1000,,1,2.1100,2.0100,2024-02-01,1,-1.0154,1,2.1100,2.0100,2024-02-01,1,-1.0154,1,2.1100,2.0100,2024-02-01,1,-1.0154
prebreak,300401,2024-01-25,S,S,A,C,S,S,A,10.1626,11.6600,11.1000,0.5600,,0,0.0000,0.0000,,0,0.0000,0,0.0000,0.0000,,0,0.0000,0,0.0000,0.0000,,0,0.0000
prebreak,300433,2024-01-25,S,S,A,C,S,S,A,11.3975,11.7400,11.2100,0.5300,,0,0.0000,0.0000,,0,0.0000,0,0.0000,0.0000,,0,0.0000,0,0.0000,0.0000,,0,0.0000
prebreak,300708,2024-01-25,S,S,A,C,S,S,A,6.8221,7.3500,6.9900,0.3600,,0,0.0000,0.0000,,0,0.0000,0,0.0000,0.0000,,0,0.0000,0,0.0000,0.0000,,0,0.0000
prebreak,301238,2024-01-25,S,S,A,C,S,S,A,15.7550,17.1200,16.5000,0.6200,,0,0.0000,0.0000,,0,0.0000,0,0.0000,0.0000,,0,0.0000,0,0.0000,0.0000,,0,0.0000
prebreak,600038,2024-01-25,S,S,A,C,S,S,A,34.9194,38.4700,36.5100,1.9600,,0,0.0000,0.0000,,0,0.0000,0,0.0000,0.0000,,0,0.0000,0,0.0000,0.0000,,0,0.0000
prebreak,600101,2024-01-25,S,S,A,C,S,S,A,5.7613,6.4400,6.2100,0.2300,,0,0.0000,0.0000,,0,0.0000,0,0.0000,0.0000,,0,0.0000,0,0.0000,0.0000,,0,0.0000
prebreak,600219,2024-01-25,S,S,A,C,S,S,A,2.4828,2.5400,2.4300,0.1100,,0,0.0000,0.0000,,0,0.0000,0,0.0000,0.0000,,0,0.0000,0,0.0000,0.0000,,0,0.0000
prebreak,600256,2024-01-25,S,S,A,C,S,S,A,6.0684,6.2400,5.9500,0.2900,,0,0.0000,0.0000,,0,0.0000,0,0.0000,0.0000,,0,0.0000,1,6.2400,5.9500,2024-02-28,1,-1.0157
prebreak,600486,2024-01-25,S,S,A,C,S,S,A,52.5645,58.6100,55.9000,2.7100,,0,0.0000,0.0000,,0,0.0000,0,0.0000,0.0000,,0,0.0000,0,0.0000,0.0000,,0,0.0000
prebreak,600515,2024-01-25,S,S,A,C,S,S,A,3.5985,3.5800,3.4100,0.1700,,1,3.5800,3.4889,2024-02-01,0,-0.5517,1,3.5800,3.4100,2024-02-02,1,-1.0154,1,3.5800,3.4100,2024-02-02,1,-1.0154
prebreak,600697,2024-01-25,S,S,A,C,S,S,A,12.2836,12.4100,11.7600,0.6500,,0,0.0000,0.0000,,0,0.0000,0,0.0000,0.0000,,0,0.0000,0,0.0000,0.0000,,0,0.0000
prebreak,600876,2024-01-25,S,S,A,C,S,S,A,13.3500,14.1200,13.6200,0.5000,,0,0.0000,0.0000,,0,0.0000,0,0.0000,0.0000,,0,0.0000,0,0.0000,0.0000,,0,0.0000
prebreak,601137,2024-01-25,S,S,A,C,S,S,A,14.0695,15.0800,14.2900,0.7900,,0,0.0000,0.0000,,0,0.0000,0,0.0000,0.0000,,0,0.0000,0,0.0000,0.0000,,0,0.0000
prebreak,601518,2024-01-25,S,S,A,C,S,S,A,2.3449,2.4700,2.3900,0.0800,,0,0.0000,0.0000,,0,0.0000,0,0.0000,0.0000,,0,0.0000,0,0.0000,0.0000,,0,0.0000
prebreak,601857,2024-01-25,S,S,A,C,S,S,A,6.9957,6.4800,6.2700,0.2100,,1,6.4800,7.1358,2024-02-01,0,3.0972,1,6.4800,7.2496,2024-02-08,0,3.6389,1,6.4800,7.6874,2024-03-01,0,5.7223
prebreak,601919,2024-01-25,S,S,A,C,S,S,A,8.3427,7.9800,7.6600,0.3200,,0,0.0000,0.0000,,0,0.0000,0,0.0000,0.0000,,0,0.0000,0,0.0000,0.0000,,0,0.0000
prebreak,603079,2024-01-25,S,S,A,C,S,S,A,13.1945,14.0600,13.3300,0.7300,,0,0.0000,0.0000,,0,0.0000,0,0.0000,0.0000,,0,0.0000,0,0.0000,0.0000,,0,0.0000
prebreak,603817,2024-01-25,S,S,A,C,S,S,A,5.8292,6.2100,5.9200,0.2900,,0,0.0000,0.0000,,0,0.0000,0,0.0000,0.0000,,0,0.0000,0,0.0000,0.0000,,0,0.0000
prebreak,000048,2024-01-26,S,S,A,C,S,S,A,16.4291,16.0000,15.1700,0.8300,,0,0.0000,0.0000,,0,0.0000,0,0.0000,0.0000,,0,0.0000,0,0.0000,0.0000,,0,0.0000
prebreak,000768,2024-01-26,S,S,A,C,S,S,A,20.2291,22.3100,21.4200,0.8900,,0,0.0000,0.0000,,0,0.0000,0,0.0000,0.0000,,0,0.0000,0,0.0000,0.0000,,0,0.0000
prebreak,000791,2024-01-26,S,S,A,C,S,S,A,5.0226,5.3100,5.0900,0.2200,,0,0.0000,0.0000,,0,0.0000,0,0.0000,0.0000,,0,0.0000,0,0.0000,0.0000,,0,0.0000
prebreak,002186,2024-01-26,S,S,A,C,S,S,A,12.6400,12.1500,11.5600,0.5900,,0,0.0000,0.0000,,0,0.0000,0,0.0000,0.0000,,0,0.0000,0,0.0000,0.0000,,0,0.0000
prebreak,002197,2024-01-26,S,S,A,C,S,S,A,9.6600,10.6200,10.1500,0.4700,,0,0.0000,0.0000,,0,0.0000,0,0.0000,0.0000,,0,0.0000,0,0.0000,0.0000,,0,0.0000
prebreak,002205,2024-01-26,S,S,A,C,S,S,A,10.1400,10.9600,10.4600,0.5000,,0,0.0000,0.0000,,0,0.0000,0,0.0000,0.0000,,0,0.0000,0,0.0000,0.0000,,0,0.0000
prebreak,002311,2024-01-26,S,S,A,C,S,S,A,36.8147,40.1200,38.2100,1.9100,,0,0.0000,0.0000,,0,0.0000,0,0.0000,0.0000,,0,0.0000,0,0.0000,0.0000,,0,0.0000
prebreak,002350,2024-01-26,S,S,A,C,S,S,A,5.7813,6.7500,6.5300,0.2200,,0,0.0000,0.0000,,0,0.0000,0,0.0000,0.0000,,0,0.0000,0,0.0000,0.0000,,0,0.0000
prebreak,002539,2024-01-26,S,S,A,C,S,S,A,7.3777,8.0500,7.6800,0.3700,,0,0.0000,0.0000,,0,0.0000,0,0.0000,0.0000,,0,0.0000,0,0.0000,0.0000,,0,0.0000
prebreak,002622,2024-01-26,S,S,A,C,S,S,A,3.0500,3.3600,3.2400,0.1200,,0,0.0000,0.0000,,0,0.0000,0,0.0000,0.0000,,0,0.0000,0,0.0000,0.0000,,0,0.0000
prebreak,002628,2024-01-26,S,S,A,C,S,S,A,3.3300,3.4500,3.3300,0.1200,,0,0.0000,0.0000,,0,0.0000,0,0.0000,0.0000,,0,0.0000,0,0.0000,0.0000,,0,0.0000
prebreak,002899,2024-01-26,S,S,A,C,S,S,A,15.1806,16.6300,15.8500,0.7800,,0,0.0000,0.0000,,0,0.0000,0,0.0000,0.0000,,0,0.0000,0,0.0000,0.0000,,0,0.0000
prebreak,300074,2024-01-26,S,S,A,C,S,S,A,4.2100,4.6400,4.4100,0.2300,,0,0.0000,0.0000,,0,0.0000,0,0.0000,0.0000,,0,0.0000,0,0.0000,0.0000,,0,0.0000
prebreak,300961,2024-01-26,S,S,A,C,S,S,A,11.3200,11.8100,11.2200,0.5900,,0,0.0000,0.0000,,0,0.0000,0,0.0000,0.0000,,0,0.0000,0,0.0000,0.0000,,0,0.0000
prebreak,301062,2024-01-26,S,S,A,C,S,S,A,9.8409,10.3400,9.8400,0.5000,,0,0.0000,0.0000,,0,0.0000,0,0.0000,0.0000,,0,0.0000,0,0.0000,0.0000,,0,0.0000
prebreak,600057,2024-01-26,S,S,A,C,S,S,A,6.0094,6.2000,5.9400,0.2600,,0,0.0000,0.0000,,0,0.0000,1,6.2000,6.0362,2024-02-19,0,-0.6477,1,6.2000,6.0631,2024-03-04,0,-0.5444
prebreak,600115,2024-01-26,S,S,A,C,S,S,A,3.9500,3.9000,3.7000,0.2000,,1,3.9000,3.7000,2024-02-01,1,-1.0142,1,3.9000,3.7000,2024-02-01,1,-1.0142,1,3.9000,3.7000,2024-02-01,1,-1.0142
prebreak,600400,2024-01-26,S,S,A,C,S,S,A,2.8727,2.8400,2.6900,0.1500,,0,0.0000,0.0000,,0,0.0000,0,0.0000,0.0000,,0,0.0000,0,0.0000,0.0000,,0,0.0000
prebreak,600461,2024-01-26,S,S,A,C,S,S,A,7.9311,8.4600,8.0900,0.3700,,0,0.0000,0.0000,,0,0.0000,0,0.0000,0.0000,,0,0.0000,0,0.0000,0.0000,,0,0.0000
prebreak,600586,2024-01-26,S,S,A,C,S,S,A,5.9958,6.3900,6.0800,0.3100,,0,0.0000,0.0000,,0,0.0000,0,0.0000,0.0000,,0,0.0000,0,0.0000,0.0000,,0,0.0000
prebreak,600616,2024-01-26,S,S,A,C,S,S,A,6.0735,6.0400,5.8200,0.2200,,1,6.0400,5.8200,2024-01-30,1,-1.0202,1,6.0400,5.8200,2024-01-30,1,-1.0202,1,6.0400,5.8200,2024-01-30,1,-1.0202
prebreak,600676,2024-01-26,S,S,A,C,S,S,A,4.3400,4.3900,4.1800,0.2100,,0,0.0000,0.0000,,0,0.0000,0,0.0000,0.0000,,0,0.0000,0,0.0000,0.0000,,0,0.0000
prebreak,600787,2024-01-26,S,S,A,C,S,S,A,4.8113,4.8800,4.7100,0.1700,,1,4.8800,4.7100,2024-01-31,1,-1.0212,1,4.8800,4.7100,2024-01-31,1,-1.0212,1,4.8800,4.7100,2024-01-31,1,-1.0212
prebreak,600819,2024-01-26,S,S,A,C,S,S,A,5.5598,5.1300,4.9100,0.2200,,0,0.0000,0.0000,,0,0.0000,0,0.0000,0.0000,,0,0.0000,0,0.0000,0.0000,,0,0.0000
prebreak,600879,2024-01-26,S,S,A,C,S,S,A,6.8396,7.2300,6.9200,0.3100,,0,0.0000,0.0000,,0,0.0000,0,0.0000,0.0000,,0,0.0000,0,0.0000,0.0000,,0,0.0000
prebreak,600897,2024-01-26,S,S,A,C,S,S,A,12.5135,12.0400,11.5700,0.4700,,1,12.0400,11.5700,2024-01-30,1,-1.0188,1,12.0400,11.5700,2024-01-30,1,-1.0188,1,12.0400,11.5700,2024-01-30,1,-1.0188
prebreak,601611,2024-01-26,S,S,A,C,S,S,A,6.7605,6.8000,6.5200,0.2800,,1,6.8000,6.5200,2024-02-01,1,-1.0178,1,6.8000,6.5200,2024-02-01,1,-1.0178,1,6.8000,6.5200,2024-02-01,1,-1.0178
prebreak,601700,2024-01-26,S,S,A,C,S,S,A,4.6406,5.0300,4.7700,0.2600,,0,0.0000,0.0000,,0,0.0000,0,0.0000,0.0000,,0,0.0000,0,0.0000,0.0000,,0,0.0000
prebreak,601717,2024-01-26,S,S,A,C,S,S,A,11.1204,11.4000,10.8500,0.5500,,0,0.0000,0.0000,,0,0.0000,1,11.4000,11.3264,2024-02-19,0,-0.1495,1,11.4000,12.2243,2024-03-04,0,1.4819
prebreak,603018,2024-01-26,S,S,A,C,S,S,A,5.6179,5.7300,5.5300,0.2000,,0,0.0000,0.0000,,0,0.0000,0,0.0000,0.0000,,0,0.0000,1,5.7300,5.5300,2024-02-29,1,-1.0211
prebreak,603558,2024-01-26,S,S,A,C,S,S,A,8.6059,8.8400,8.4000,0.4400,,0,0.0000,0.0000,,0,0.0000,0,0.0000,0.0000,,0,0.0000,0,0.0000,0.0000,,0,0.0000
prebreak,688016,2024-01-26,S,S,A,C,S,S,A,111.3819,116.6700,111.1500,5.5200,,0,0.0000,0.0000,,0,0.0000,0,0.0000,0.0000,,0,0.0000,0,0.0000,0.0000,,0,0.0000
prebreak,000338,2024-02-06,S,S,A,C,S,S,A,14.0342,13.9400,13.2600,0.6800,,1,13.9400,14.7450,2024-02-21,0,1.1675,1,13.9400,14.5536,2024-02-28,0,0.8862,1,13.9400,14.5354,2024-03-13,0,0.8595
prebreak,000505,2024-02-06,S,S,A,C,S,S,A,5.5060,6.7800,6.5400,0.2400,,0,0.0000,0.0000,,0,0.0000,0,0.0000,0.0000,,0,0.0000,0,0.0000,0.0000,,0,0.0000
prebreak,000544,2024-02-06,S,S,A,C,S,S,A,5.6642,6.6600,6.4400,0.2200,,0,0.0000,0.0000,,0,0.0000,0,0.0000,0.0000,,0,0.0000,0,0.0000,0.0000,,0,0.0000
prebreak,002521,2024-02-06,S,S,A,C,S,S,A,6.7800,7.6600,7.3300,0.3300,,0,0.0000,0.0000,,0,0.0000,0,0.0000,0.0000,,0,0.0000,0,0.0000,0.0000,,0,0.0000
prebreak,600022,2024-02-06,S,S,A,C,S,S,A,1.3100,1.3900,1.3300,0.0600,,1,1.3900,1.3700,2024-02-21,0,-0.3507,1,1.3900,1.3700,2024-02-28,0,-0.3507,1,1.3900,1.3500,2024-03-13,0,-0.6838
prebreak,600221,2024-02-06,S,S,A,C,S,S,A,1.3800,1.3700,1.3200,0.0500,,0,0.0000,0.0000,,0,0.0000,0,0.0000,0.0000,,0,0.0000,0,0.0000,0.0000,,0,0.0000
prebreak,600309,2024-02-06,S,S,A,C,S,S,A,68.3752,67.5500,64.3400,3.2100,,1,67.5500,73.7942,2024-02-21,0,1.9280,1,67.5500,73.5672,2024-02-28,0,1.8573,1,67.5500,74.0022,2024-03-13,0,1.9928
prebreak,600510,2024-02-06,S,S,A,C,S,S,A,4.2165,5.6100,5.3300,0.2800,,0,0.0000,0.0000,,0,0.0000,0,0.0000,0.0000,,0,0.0000,0,0.0000,0.0000,,0,0.0000
prebreak,600512,2024-02-06,S,S,A,C,S,S,A,1.9319,2.5300,2.4100,0.1200,,0,0.0000,0.0000,,0,0.0000,0,0.0000,0.0000,,0,0.0000,0,0.0000,0.0000,,0,0.0000
prebreak,600583,2024-02-06,S,S,A,C,S,S,A,4.9680,5.5600,5.2800,0.2800,,1,5.5600,5.3851,2024-02-21,0,-0.6395,1,5.5600,5.4939,2024-02-28,0,-0.2512,1,5.5600,5.9290,2024-03-13,0,1.3020
prebreak,600827,2024-02-06,S,S,A,C,S,S,A,8.1147,8.9800,8.5400,0.4400,,1,8.9800,8.5400,2024-02-19,1,-1.0149,1,8.9800,8.5400,2024-02-19,1,-1.0149,1,8.9800,8.5400,2024-02-19,1,-1.0149
prebreak,600863,2024-02-06,S,S,A,C,S,S,A,3.5395,3.5700,3.3800,0.1900,,1,3.5700,3.6786,2024-02-21,0,0.5572,1,3.5700,3.8352,2024-02-28,0,1.3805,1,3.5700,3.8700,2024-03-13,0,1.5635
prebreak,000050,2024-02-07,S,S,A,C,S,S,A,8.7600,9.6900,9.1900,0.5000,,0,0.0000,0.0000,,0,0.0000,0,0.0000,0.0000,,0,0.0000,0,0.0000,0.0000,,0,0.0000
prebreak,000423,2024-02-07,S,S,A,C,S,S,A,52.9856,44.8400,42.8300,2.0100,,1,44.8400,49.2487,2024-02-22,0,2.1751,1,44.8400,51.1965,2024-02-29,0,3.1435,1,44.8400,52.5185,2024-03-14,0,3.8008
prebreak,000582,2024-02-07,S,S,A,C,S,S,A,6.9614,7.2900,7.0300,0.2600,,0,0.0000,0.0000,,0,0.0000,0,0.0000,0.0000,,0,0.0000,0,0.0000,0.0000,,0,0.0000
prebreak,000927,2024-02-07,S,S,A,C,S,S,A,2.5659,2.6000,2.4800,0.1200,,1,2.6000,2.5659,2024-02-22,0,-0.3007,1,2.6000,2.6240,2024-02-29,0,0.1831,1,2.6000,2.5465,2024-03-14,0,-0.4619
prebreak,000967,2024-02-07,S,S,A,C,S,S,A,4.4587,4.6400,4.4300,0.2100,,1,4.6400,4.4300,2024-02-19,1,-1.0162,1,4.6400,4.4300,2024-02-19,1,-1.0162,1,4.6400,4.4300,2024-02-19,1,-1.0162
prebreak,002608,2024-02-07,S,S,A,C,S,S,A,6.7059,6.7800,6.5000,0.2800,,1,6.7800,6.8970,2024-02-22,0,0.3991,1,6.7800,7.1453,2024-02-29,0,1.2856,1,6.7800,6.9925,2024-03-14,0,0.7401
prebreak,002643,2024-02-07,S,S,A,C,S,S,A,13.5433,13.9700,13.2600,0.7100,,1,13.9700,13.7154,2024-02-22,0,-0.3732,1,13.9700,14.4232,2024-02-29,0,0.6230,1,13.9700,14.2224,2024-03-14,0,0.3403
prebreak,002948,2024-02-07,S,S,A,C,S,S,A,2.9095,2.8500,2.7100,0.1400,,1,2.8500,2.9632,2024-02-22,0,0.7929,1,2.8500,2.9185,2024-02-29,0,0.4733,1,2.8500,2.8737,2024-03-14,0,0.1538
prebreak,300760,2024-02-07,S,S,A,C,S,S,A,283.8081,269.6200,255.4800,14.1400,,1,269.6200,278.1791,2024-02-22,0,0.5904,1,269.6200,272.6632,2024-02-29,0,0.2006,1,269.6200,280.6589,2024-03-14,0,0.7657
prebreak,600031,2024-02-07,S,S,A,C,S,S,A,12.9951,12.5400,11.9400,0.6000,,1,12.5400,13.2879,2024-02-22,0,1.2298,1,12.5400,13.1651,2024-02-29,0,1.0253,1,12.5400,13.1084,2024-03-14,0,0.9309
prebreak,600089,2024-02-07,S,S,A,C,S,S,A,13.7918,13.8400,13.1500,0.6900,,0,0.0000,0.0000,,0,0.0000,0,0.0000,0.0000,,0,0.0000,0,0.0000,0.0000,,0,0.0000
prebreak,600096,2024-02-07,S,S,A,C,S,S,A,14.8700,14.1200,13.3800,0.7400,,1,14.1200,15.5322,2024-02-22,0,1.8927,1,14.1200,15.6870,2024-02-29,0,2.1018,1,14.1200,16.5041,2024-03-14,0,3.2052
prebreak,600167,2024-02-07,S,S,A,C,S,S,A,5.2887,5.2900,5.0500,0.2400,,1,5.2900,5.1911,2024-02-22,0,-0.4285,1,5.2900,5.0500,2024-02-27,1,-1.0161,1,5.2900,5.0500,2024-02-27,1,-1.0161
prebreak,600208,2024-02-07,S,S,A,C,S,S,A,2.2200,2.2000,2.1100,0.0900,,1,2.2000,2.2300,2024-02-22,0,0.3145,1,2.2000,2.2500,2024-02-29,0,0.5366,1,2.2000,2.1100,2024-03-08,1,-1.0179
prebreak,600328,2024-02-07,S,S,A,C,S,S,A,7.1114,7.2100,6.8500,0.3600,,1,7.2100,7.1398,2024-02-22,0,-0.2102,1,7.2100,7.3478,2024-02-29,0,0.3674,1,7.2100,7.2533,2024-03-14,0,0.1049
prebreak,600346,2024-02-07,S,S,A,C,S,S,A,11.1767,11.4100,10.8100,0.6000,,0,0.0000,0.0000,,0,0.0000,0,0.0000,0.0000,,0,0.0000,0,0.0000,0.0000,,0,0.0000
prebreak,600390,2024-02-07,S,S,A,C,S,S,A,4.6913,4.5800,4.4000,0.1800,,0,0.0000,0.0000,,0,0.0000,0,0.0000,0.0000,,0,0.0000,0,0.0000,0.0000,,0,0.0000
prebreak,600395,2024-02-07,S,S,A,C,S,S,A,5.5902,6.0800,5.7900,0.2900,,1,6.0800,6.0812,2024-02-22,0,-0.0117,1,6.0800,5.7900,2024-02-27,1,-1.0153,1,6.0800,5.7900,2024-02-27,1,-1.0153
prebreak,600479,2024-02-07,S,S,A,C,S,S,A,8.4194,9.6200,9.1500,0.4700,,0,0.0000,0.0000,,0,0.0000,0,0.0000,0.0000,,0,0.0000,0,0.0000,0.0000,,0,0.0000
prebreak,600612,2024-02-07,S,S,A,C,S,S,A,61.6494,61.8600,58.8800,2.9800,,1,61.8600,61.5690,2024-02-22,0,-0.1134,1,61.8600,61.5690,2024-02-29,0,-0.1134,1,61.8600,67.6901,2024-03-14,0,1.9394
prebreak,600660,2024-02-07,S,S,A,C,S,S,A,37.7127,36.0500,34.5900,1.4600,,0,0.0000,0.0000,,0,0.0000,0,0.0000,0.0000,,0,0.0000,0,0.0000,0.0000,,0,0.0000
prebreak,600916,2024-02-07,S,S,A,C,S,S,A,8.7897,8.7500,8.4400,0.3100,,1,8.7500,8.9158,2024-02-22,0,0.5129,1,8.7500,9.0508,2024-02-29,0,0.9484,1,8.7500,9.8434,2024-03-14,0,3.5033
prebreak,601200,2024-02-07,S,S,A,C,S,S,A,7.0008,7.4300,7.0500,0.3800,,0,0.0000,0.0000,,0,0.0000,0,0.0000,0.0000,,0,0.0000,0,0.0000,0.0000,,0,0.0000
prebreak,601512,2024-02-07,S,S,A,C,S,S,A,6.4106,7.3500,7.0000,0.3500,,0,0.0000,0.0000,,0,0.0000,0,0.0000,0.0000,,0,0.0000,0,0.0000,0.0000,,0,0.0000
prebreak,601882,2024-02-07,S,S,A,C,S,S,A,23.7477,24.2800,23.2200,1.0600,,1,24.2800,23.2200,2024-02-20,1,-1.0168,1,24.2800,23.2200,2024-02-20,1,-1.0168,1,24.2800,23.2200,2024-02-20,1,-1.0168
prebreak,601963,2024-02-07,S,S,A,C,S,S,A,6.1701,6.2400,5.9200,0.3200,,0,0.0000,0.0000,,0,0.0000,0,0.0000,0.0000,,0,0.0000,0,0.0000,0.0000,,0,0.0000
prebreak,605499,2024-02-07,S,S,A,C,S,S,A,99.8440,99.9700,94.8900,5.0800,,0,0.0000,0.0000,,0,0.0000,0,0.0000,0.0000,,0,0.0000,0,0.0000,0.0000,,0,0.0000
prebreak,000039,2024-02-08,S,S,A,C,S,S,A,8.3869,8.1400,7.7700,0.3700,,0,0.0000,0.0000,,0,0.0000,0,0.0000,0.0000,,0,0.0000,0,0.0000,0.0000,,0,0.0000
prebreak,000156,2024-02-08,S,S,A,C,S,S,A,6.7468,6.9900,6.6800,0.3100,,0,0.0000,0.0000,,0,0.0000,0,0.0000,0.0000,,0,0.0000,0,0.0000,0.0000,,0,0.0000
prebreak,000408,2024-02-08,S,S,A,C,S,S,A,24.2442,25.6700,24.3400,1.3300,,0,0.0000,0.0000,,0,0.0000,0,0.0000,0.0000,,0,0.0000,0,0.0000,0.0000,,0,0.0000
prebreak,000552,2024-02-08,S,S,A,C,S,S,A,2.8353,2.9500,2.8300,0.1200,,1,2.9500,2.9203,2024-02-23,0,-0.2658,1,2.9500,2.8300,2024-02-28,1,-1.0181,1,2.9500,2.8300,2024-02-28,1,-1.0181
prebreak,000553,2024-02-08,S,S,A,C,S,S,A,6.7200,6.9800,6.6500,0.3300,,0,0.0000,0.0000,,0,0.0000,0,0.0000,0.0000,,0,0.0000,0,0.0000,0.0000,,0,0.0000
prebreak,000877,2024-02-08,S,S,A,C,S,S,A,6.6725,6.4300,6.2000,0.2300,,0,0.0000,0.0000,,0,0.0000,0,0.0000,0.0000,,0,0.0000,0,0.0000,0.0000,,0,0.0000
prebreak,002010,2024-02-08,S,S,A,C,S,S,A,4.3204,4.3800,4.2000,0.1800,,0,0.0000,0.0000,,0,0.0000,1,4.3800,4.2000,2024-02-29,1,-1.0179,1,4.3800,4.2000,2024-02-29,1,-1.0179
prebreak,002027,2024-02-08,S,S,A,C,S,S,A,5.1320,5.0900,4.8500,0.2400,,0,0.0000,0.0000,,0,0.0000,0,0.0000,0.0000,,0,0.0000,0,0.0000,0.0000,,0,0.0000
prebreak,002044,2024-02-08,S,S,A,C,S,S,A,5.3584,5.4700,5.2100,0.2600,,0,0.0000,0.0000,,0,0.0000,0,0.0000,0.0000,,0,0.0000,0,0.0000,0.0000,,0,0.0000
prebreak,002061,2024-02-08,S,S,A,C,S,S,A,3.3859,3.4200,3.2900,0.1300,,0,0.0000,0.0000,,0,0.0000,0,0.0000,0.0000,,0,0.0000,0,0.0000,0.0000,,0,0.0000
prebreak,002424,2024-02-08,S,S,A,C,S,S,A,7.5600,8.0100,7.6100,0.4000,,1,8.0100,7.8400,2024-02-23,0,-0.4399,1,8.0100,7.6100,2024-02-29,1,-1.0146,1,8.0100,7.6100,2024-02-29,1,-1.0146
prebreak,300433,2024-02-08,S,S,A,C,S,S,A,10.9019,11.7400,11.2100,0.5300,,0,0.0000,0.0000,,0,0.0000,0,0.0000,0.0000,,0,0.0000,0,0.0000,0.0000,,0,0.0000
prebreak,600219,2024-02-08,S,S,A,C,S,S,A,2.4744,2.5400,2.4300,0.1100,,0,0.0000,0.0000,,0,0.0000,0,0.0000,0.0000,,0,0.0000,0,0.0000,0.0000,,0,0.0000
prebreak,600256,2024-02-08,S,S,A,C,S,S,A,5.4254,6.2400,5.9500,0.2900,,1,6.2400,6.2372,2024-02-23,0,-0.0259,1,6.2400,5.9500,2024-02-28,1,-1.0157,1,6.2400,5.9500,2024-02-28,1,-1.0157
prebreak,600320,2024-02-08,S,S,A,C,S,S,A,3.1410,3.1800,3.0400,0.1400,,0,0.0000,0.0000,,0,0.0000,0,0.0000,0.0000,,0,0.0000,0,0.0000,0.0000,,0,0.0000
prebreak,600500,2024-02-08,S,S,A,C,S,S,A,4.2700,4.4000,4.1700,0.2300,,0,0.0000,0.0000,,0,0.0000,0,0.0000,0.0000,,0,0.0000,1,4.4000,4.4000,2024-03-15,0,-0.0145
prebreak,600575,2024-02-08,S,S,A,C,S,S,A,2.2600,2.2800,2.2000,0.0800,,0,0.0000,0.0000,,0,0.0000,0,0.0000,0.0000,,0,0.0000,0,0.0000,0.0000,,0,0.0000
prebreak,600655,2024-02-08,S,S,A,C,S,S,A,6.3756,6.0700,5.7600,0.3100,,1,6.0700,6.1423,2024-02-23,0,0.2181,1,6.0700,6.1329,2024-03-01,0,0.1880,1,6.0700,6.2076,2024-03-15,0,0.4287
prebreak,600845,2024-02-08,S,S,A,C,S,S,A,33.5291,34.6700,33.0500,1.6200,,0,0.0000,0.0000,,0,0.0000,0,0.0000,0.0000,,0,0.0000,0,0.0000,0.0000,,0,0.0000
prebreak,600928,2024-02-08,S,S,A,C,S,S,A,3.2353,3.2400,3.0900,0.1500,,0,0.0000,0.0000,,0,0.0000,0,0.0000,0.0000,,0,0.0000,0,0.0000,0.0000,,0,0.0000
prebreak,600989,2024-02-08,S,S,A,C,S,S,A,13.1084,13.6200,13.1500,0.4700,,0,0.0000,0.0000,,0,0.0000,0,0.0000,0.0000,,0,0.0000,0,0.0000,0.0000,,0,0.0000
prebreak,601212,2024-02-08,S,S,A,C,S,S,A,2.5637,2.7000,2.5600,0.1400,,0,0.0000,0.0000,,0,0.0000,0,0.0000,0.0000,,0,0.0000,1,2.7000,2.8131,2024-03-15,0,0.7925
prebreak,601399,2024-02-08,S,S,A,C,S,S,A,2.7600,2.8500,2.7400,0.1100,,0,0.0000,0.0000,,0,0.0000,1,2.8500,2.9100,2024-03-01,0,0.5254,1,2.8500,2.9300,2024-03-15,0,0.7071
prebreak,601877,2024-02-08,S,S,A,C,S,S,A,18.1245,19.8800,18.9100,0.9700,,0,0.0000,0.0000,,0,0.0000,0,0.0000,0.0000,,0,0.0000,0,0.0000,0.0000,,0,0.0000
prebreak,000768,2024-02-19,S,S,A,C,S,S,A,19.9733,19.4500,18.4900,0.9600,,0,0.0000,0.0000,,0,0.0000,0,0.0000,0.0000,,0,0.0000,0,0.0000,0.0000,,0,0.0000
prebreak,000785,2024-02-19,S,S,A,C,S,S,A,2.9004,3.1100,2.9700,0.1400,,0,0.0000,0.0000,,0,0.0000,0,0.0000,0.0000,,0,0.0000,0,0.0000,0.0000,,0,0.0000
prebreak,000830,2024-02-19,S,S,A,C,S,S,A,9.6732,9.4500,9.0500,0.4000,,0,0.0000,0.0000,,0,0.0000,0,0.0000,0.0000,,0,0.0000,0,0.0000,0.0000,,0,0.0000
prebreak,000878,2024-02-19,S,S,A,C,S,S,A,10.2713,10.5300,10.1200,0.4100,,1,10.5300,10.3658,2024-02-26,0,-0.4198,1,10.5300,10.5358,2024-03-04,0,-0.0053,1,10.5300,12.5013,2024-03-18,0,4.7855
prebreak,000958,2024-02-19,S,S,A,C,S,S,A,3.7923,3.7900,3.6400,0.1500,,0,0.0000,0.0000,,0,0.0000,0,0.0000,0.0000,,0,0.0000,0,0.0000,0.0000,,0,0.0000
prebreak,002311,2024-02-19,S,S,A,C,S,S,A,39.8786,40.1200,38.2100,1.9100,,0,0.0000,0.0000,,0,0.0000,0,0.0000,0.0000,,0,0.0000,0,0.0000,0.0000,,0,0.0000
prebreak,002312,2024-02-19,S,S,A,C,S,S,A,6.2917,6.6100,6.3400,0.2700,,1,6.6100,6.6687,2024-02-26,0,0.1985,1,6.6100,6.7653,2024-03-04,0,0.5563,1,6.6100,7.0263,2024-03-18,0,1.5221
prebreak,002539,2024-02-19,S,S,A,C,S,S,A,7.1900,8.0500,7.6800,0.3700,,0,0.0000,0.0000,,0,0.0000,0,0.0000,0.0000,,0,0.0000,0,0.0000,0.0000,,0,0.0000
prebreak,002746,2024-02-19,S,S,A,C,S,S,A,5.7047,6.2800,5.9600,0.3200,,0,0.0000,0.0000,,0,0.0000,0,0.0000,0.0000,,0,0.0000,0,0.0000,0.0000,,0,0.0000
prebreak,002984,2024-02-19,S,S,A,C,S,S,A,20.6121,20.9400,19.8800,1.0600,,0,0.0000,0.0000,,0,0.0000,0,0.0000,0.0000,,0,0.0000,0,0.0000,0.0000,,0,0.0000
prebreak,600285,2024-02-19,S,S,A,C,S,S,A,16.6588,15.7300,14.8900,0.8400,,0,0.0000,0.0000,,0,0.0000,0,0.0000,0.0000,,0,0.0000,0,0.0000,0.0000,,0,0.0000
prebreak,600339,2024-02-19,S,S,A,C,S,S,A,3.0532,2.9500,2.7900,0.1600,,0,0.0000,0.0000,,0,0.0000,0,0.0000,0.0000,,0,0.0000,0,0.0000,0.0000,,0,0.0000
prebreak,600787,2024-02-19,S,S,A,C,S,S,A,4.5952,4.8800,4.7100,0.1700,,0,0.0000,0.0000,,0,0.0000,0,0.0000,0.0000,,0,0.0000,0,0.0000,0.0000,,0,0.0000
prebreak,600848,2024-02-19,S,S,A,C,S,S,A,9.9898,9.4100,9.0600,0.3500,,0,0.0000,0.0000,,0,0.0000,0,0.0000,0.0000,,0,0.0000,0,0.0000,0.0000,,0,0.0000
prebreak,600893,2024-02-19,S,S,A,C,S,S,A,32.4199,33.6200,31.9800,1.6400,,0,0.0000,0.0000,,0,0.0000,0,0.0000,0.0000,,0,0.0000,0,0.0000,0.0000,,0,0.0000
prebreak,600897,2024-02-19,S,S,A,C,S,S,A,12.1210,12.2300,11.6100,0.6200,,0,0.0000,0.0000,,0,0.0000,0,0.0000,0.0000,,0,0.0000,0,0.0000,0.0000,,0,0.0000
prebreak,601222,2024-02-19,S,S,A,C,S,S,A,5.3402,5.8200,5.5300,0.2900,,0,0.0000,0.0000,,0,0.0000,0,0.0000,0.0000,,0,0.0000,1,5.8200,5.8742,2024-03-18,0,0.1716
prebreak,601611,2024-02-19,S,S,A,C,S,S,A,6.8482,6.8000,6.5200,0.2800,,0,0.0000,0.0000,,0,0.0000,0,0.0000,0.0000,,0,0.0000,0,0.0000,0.0000,,0,0.0000
prebreak,601717,2024-02-19,S,S,A,C,S,S,A,11.3264,11.4000,10.8500,0.5500,,0,0.0000,0.0000,,0,0.0000,0,0.0000,0.0000,,0,0.0000,0,0.0000,0.0000,,0,0.0000
prebreak,601991,2024-02-19,S,S,A,C,S,S,A,2.4488,2.4800,2.3700,0.1100,,0,0.0000,0.0000,,0,0.0000,0,0.0000,0.0000,,0,0.0000,0,0.0000,0.0000,,0,0.0000
prebreak,603195,2024-02-19,S,S,A,C,S,S,A,44.3815,42.3800,40.2700,2.1100,,0,0.0000,0.0000,,0,0.0000,0,0.0000,0.0000,,0,0.0000,0,0.0000,0.0000,,0,0.0000
prebreak,603357,2024-02-19,S,S,A,C,S,S,A,7.4868,8.2300,7.8500,0.3800,,0,0.0000,0.0000,,0,0.0000,0,0.0000,0.0000,,0,0.0000,0,0.0000,0.0000,,0,0.0000
prebreak,688016,2024-02-19,S,S,A,C,S,S,A,110.4959,116.6700,111.1500,5.5200,,0,0.0000,0.0000,,0,0.0000,0,0.0000,0.0000,,0,0.0000,0,0.0000,0.0000,,0,0.0000
prebreak,000735,2024-02-20,S,S,A,C,S,S,A,4.9832,5.7700,5.4800,0.2900,,0,0.0000,0.0000,,0,0.0000,0,0.0000,0.0000,,0,0.0000,0,0.0000,0.0000,,0,0.0000
prebreak,000959,2024-02-20,S,S,A,C,S,S,A,3.2433,3.3200,3.1700,0.1500,,0,0.0000,0.0000,,0,0.0000,0,0.0000,0.0000,,0,0.0000,0,0.0000,0.0000,,0,0.0000
prebreak,002171,2024-02-20,S,S,A,C,S,S,A,6.2500,0.0000,0.0000,0.0000,,0,0.0000,0.0000,,0,0.0000,0,0.0000,0.0000,,0,0.0000,0,0.0000,0.0000,,0,0.0000
prebreak,002233,2024-02-20,S,S,A,C,S,S,A,6.0288,6.1300,5.9300,0.2000,,0,0.0000,0.0000,,0,0.0000,0,0.0000,0.0000,,0,0.0000,0,0.0000,0.0000,,0,0.0000
prebreak,002318,2024-02-20,S,S,A,C,S,S,A,19.1503,18.3900,17.5400,0.8500,,0,0.0000,0.0000,,0,0.0000,0,0.0000,0.0000,,0,0.0000,0,0.0000,0.0000,,0,0.0000
prebreak,002320,2024-02-20,S,S,A,C,S,S,A,6.0495,5.7700,5.5500,0.2200,,0,0.0000,0.0000,,0,0.0000,0,0.0000,0.0000,,0,0.0000,0,0.0000,0.0000,,0,0.0000
prebreak,002506,2024-02-20,S,S,A,C,S,S,A,2.5400,2.8200,2.6700,0.1500,,0,0.0000,0.0000,,0,0.0000,0,0.0000,0.0000,,0,0.0000,0,0.0000,0.0000,,0,0.0000
prebreak,002839,2024-02-20,S,S,A,C,S,S,A,3.5198,3.5100,3.3500,0.1600,,1,3.5100,3.5284,2024-02-27,0,0.0984,1,3.5100,3.4938,2024-03-05,0,-0.1176,1,3.5100,3.4592,2024-03-19,0,-0.3337
prebreak,600029,2024-02-20,S,S,A,C,S,S,A,5.8700,6.0400,5.7300,0.3100,,0,0.0000,0.0000,,0,0.0000,0,0.0000,0.0000,,0,0.0000,0,0.0000,0.0000,,0,0.0000
prebreak,600073,2024-02-20,S,S,A,C,S,S,A,5.9197,6.8300,6.5100,0.3200,,0,0.0000,0.0000,,0,0.0000,0,0.0000,0.0000,,0,0.0000,0,0.0000,0.0000,,0,0.0000
prebreak,600120,2024-02-20,S,S,A,C,S,S,A,3.4817,3.4300,3.2900,0.1400,,0,0.0000,0.0000,,0,0.0000,0,0.0000,0.0000,,0,0.0000,0,0.0000,0.0000,,0,0.0000
prebreak,600354,2024-02-20,S,S,A,C,S,S,A,5.4300,6.0900,5.8300,0.2600,,0,0.0000,0.0000,,0,0.0000,1,6.0900,5.8300,2024-02-29,1,-1.0172,1,6.0900,5.8300,2024-02-29,1,-1.0172
prebreak,600600,2024-02-20,S,S,A,C,S,S,A,68.6181,65.7900,62.4100,3.3800,,1,65.7900,73.7009,2024-02-27,0,2.3242,1,65.7900,73.2413,2024-03-05,0,2.1883,1,65.7900,76.2063,2024-03-19,0,3.0650
prebreak,601311,2024-02-20,S,S,A,C,S,S,A,6.4686,7.2800,7.0100,0.2700,,0,0.0000,0.0000,,0,0.0000,0,0.0000,0.0000,,0,0.0000,1,7.2800,7.2280,2024-03-19,0,-0.2128
prebreak,601326,2024-02-20,S,S,A,C,S,S,A,2.8104,2.7700,2.6600,0.1100,,0,0.0000,0.0000,,0,0.0000,0,0.0000,0.0000,,0,0.0000,0,0.0000,0.0000,,0,0.0000
prebreak,601619,2024-02-20,S,S,A,C,S,S,A,3.0344,3.3200,3.1600,0.1600,,0,0.0000,0.0000,,0,0.0000,0,0.0000,0.0000,,0,0.0000,0,0.0000,0.0000,,0,0.0000
prebreak,601816,2024-02-20,S,S,A,C,S,S,A,4.9107,4.8600,4.6300,0.2300,,0,0.0000,0.0000,,0,0.0000,0,0.0000,0.0000,,0,0.0000,0,0.0000,0.0000,,0,0.0000
prebreak,603227,2024-02-20,S,S,A,C,S,S,A,6.2100,6.4700,6.1800,0.2900,,0,0.0000,0.0000,,0,0.0000,0,0.0000,0.0000,,0,0.0000,0,0.0000,0.0000,,0,0.0000
prebreak,603323,2024-02-20,S,S,A,C,S,S,A,3.2744,3.3000,3.1400,0.1600,,0,0.0000,0.0000,,0,0.0000,0,0.0000,0.0000,,0,0.0000,0,0.0000,0.0000,,0,0.0000
prebreak,603605,2024-02-20,S,S,A,C,S,S,A,88.9223,91.8500,87.8700,3.9800,,0,0.0000,0.0000,,0,0.0000,0,0.0000,0.0000,,0,0.0000,0,0.0000,0.0000,,0,0.0000
prebreak,000338,2024-02-21,S,S,A,C,S,S,A,14.7450,13.9400,13.2600,0.6800,,0,0.0000,0.0000,,0,0.0000,0,0.0000,0.0000,,0,0.0000,0,0.0000,0.0000,,0,0.0000
prebreak,000537,2024-02-21,S,S,A,C,S,S,A,9.1708,9.3400,8.9700,0.3700,,0,0.0000,0.0000,,0,0.0000,0,0.0000,0.0000,,0,0.0000,0,0.0000,0.0000,,0,0.0000
prebreak,000792,2024-02-21,S,S,A,C,S,S,A,15.3200,15.6900,14.9000,0.7900,,0,0.0000,0.0000,,0,0.0000,0,0.0000,0.0000,,0,0.0000,0,0.0000,0.0000,,0,0.0000
prebreak,002001,2024-02-21,S,S,A,C,S,S,A,15.8108,15.8000,15.2100,0.5900,,0,0.0000,0.0000,,0,0.0000,0,0.0000,0.0000,,0,0.0000,0,0.0000,0.0000,,0,0.0000
prebreak,002274,2024-02-21,S,S,A,C,S,S,A,6.4631,7.1300,6.8600,0.2700,,0,0.0000,0.0000,,0,0.0000,1,7.1300,6.8600,2024-03-04,1,-1.0194,1,7.1300,6.8600,2024-03-04,1,-1.0194
prebreak,002507,2024-02-21,S,S,A,C,S,S,A,12.7382,12.9200,12.3300,0.5900,,1,12.9200,12.5552,2024-02-28,0,-0.6346,1,12.9200,12.5826,2024-03-06,0,-0.5881,1,12.9200,12.3300,2024-03-08,1,-1.0160
prebreak,002521,2024-02-21,S,S,A,C,S,S,A,7.0663,7.6600,7.3300,0.3300,,0,0.0000,0.0000,,0,0.0000,0,0.0000,0.0000,,0,0.0000,1,7.6600,8.8029,2024-03-20,0,3.4434
prebreak,002818,2024-02-21,S,S,A,C,S,S,A,10.6087,10.9700,10.5300,0.4400,,0,0.0000,0.0000,,0,0.0000,0,0.0000,0.0000,,0,0.0000,1,10.9700,11.1487,2024-03-20,0,0.3869
prebreak,301216,2024-02-21,S,S,A,C,S,S,A,11.5605,13.7500,13.1000,0.6500,,0,0.0000,0.0000,,0,0.0000,0,0.0000,0.0000,,0,0.0000,0,0.0000,0.0000,,0,0.0000
prebreak,600022,2024-02-21,S,S,A,C,S,S,A,1.3700,1.3900,1.3300,0.0600,,0,0.0000,0.0000,,0,0.0000,0,0.0000,0.0000,,0,0.0000,0,0.0000,0.0000,,0,0.0000
prebreak,600309,2024-02-21,S,S,A,C,S,S,A,73.7942,67.5500,64.3400,3.2100,,0,0.0000,0.0000,,0,0.0000,0,0.0000,0.0000,,0,0.0000,0,0.0000,0.0000,,0,0.0000
prebreak,600510,2024-02-21,S,S,A,C,S,S,A,4.7711,5.6100,5.3300,0.2800,,0,0.0000,0.0000,,0,0.0000,0,0.0000,0.0000,,0,0.0000,0,0.0000,0.0000,,0,0.0000
prebreak,600547,2024-02-21,S,S,A,C,S,S,A,21.1925,20.8000,19.7200,1.0800,,0,0.0000,0.0000,,0,0.0000,0,0.0000,0.0000,,0,0.0000,0,0.0000,0.0000,,0,0.0000
prebreak,600663,2024-02-21,S,S,A,C,S,S,A,8.6767,8.3000,7.8900,0.4100,,0,0.0000,0.0000,,0,0.0000,0,0.0000,0.0000,,0,0.0000,0,0.0000,0.0000,,0,0.0000
prebreak,600688,2024-02-21,S,S,A,C,S,S,A,2.7513,2.8100,2.6800,0.1300,,0,0.0000,0.0000,,0,0.0000,0,0.0000,0.0000,,0,0.0000,0,0.0000,0.0000,,0,0.0000
prebreak,600808,2024-02-21,S,S,A,C,S,S,A,2.7200,2.8300,2.7200,0.1100,,0,0.0000,0.0000,,0,0.0000,0,0.0000,0.0000,,0,0.0000,0,0.0000,0.0000,,0,0.0000
prebreak,600827,2024-02-21,S,S,A,C,S,S,A,8.5378,8.9800,8.5400,0.4400,,0,0.0000,0.0000,,0,0.0000,0,0.0000,0.0000,,0,0.0000,0,0.0000,0.0000,,0,0.0000
prebreak,600863,2024-02-21,S,S,A,C,S,S,A,3.6786,3.5700,3.3800,0.1900,,0,0.0000,0.0000,,0,0.0000,0,0.0000,0.0000,,0,0.0000,0,0.0000,0.0000,,0,0.0000
prebreak,600894,2024-02-21,S,S,A,C,S,S,A,5.6449,6.1400,5.8500,0.2900,,1,6.1400,6.3095,2024-02-28,0,0.5681,1,6.1400,6.8860,2024-03-06,0,2.5548,1,6.1400,6.9981,2024-03-20,0,2.9411
prebreak,603886,2024-02-21,S,S,A,C,S,S,A,14.2481,16.2300,15.4000,0.8300,,0,0.0000,0.0000,,0,0.0000,0,0.0000,0.0000,,0,0.0000,0,0.0000,0.0000,,0,0.0000
prebreak,000657,2024-02-22,S,S,A,C,S,S,A,7.8707,8.0900,7.6700,0.4200,,0,0.0000,0.0000,,0,0.0000,0,0.0000,0.0000,,0,0.0000,0,0.0000,0.0000,,0,0.0000
prebreak,000822,2024-02-22,S,S,A,C,S,S,A,5.9129,5.9900,5.7200,0.2700,,0,0.0000,0.0000,,0,0.0000,0,0.0000,0.0000,,0,0.0000,0,0.0000,0.0000,,0,0.0000
prebreak,000927,2024-02-22,S,S,A,C,S,S,A,2.5659,2.6200,2.5000,0.1200,,0,0.0000,0.0000,,0,0.0000,0,0.0000,0.0000,,0,0.0000,0,0.0000,0.0000,,0,0.0000
prebreak,000937,2024-02-22,S,S,A,C,S,S,A,6.1438,5.7000,5.4600,0.2400,,0,0.0000,0.0000,,0,0.0000,0,0.0000,0.0000,,0,0.0000,0,0.0000,0.0000,,0,0.0000
prebreak,002204,2024-02-22,S,S,A,C,S,S,A,3.9939,4.0700,3.8600,0.2100,,0,0.0000,0.0000,,0,0.0000,0,0.0000,0.0000,,0,0.0000,0,0.0000,0.0000,,0,0.0000
prebreak,300760,2024-02-22,S,S,A,C,S,S,A,278.1791,290.1400,277.1200,13.0200,,0,0.0000,0.0000,,0,0.0000,0,0.0000,0.0000,,0,0.0000,0,0.0000,0.0000,,0,0.0000
prebreak,600058,2024-02-22,S,S,A,C,S,S,A,8.5337,8.7500,8.2900,0.4600,,0,0.0000,0.0000,,0,0.0000,0,0.0000,0.0000,,0,0.0000,0,0.0000,0.0000,,0,0.0000
prebreak,600208,2024-02-22,S,S,A,C,S,S,A,2.2300,2.3100,2.2000,0.1100,,0,0.0000,0.0000,,0,0.0000,0,0.0000,0.0000,,0,0.0000,0,0.0000,0.0000,,0,0.0000
prebreak,600210,2024-02-22,S,S,A,C,S,S,A,4.0386,4.1300,3.9600,0.1700,,0,0.0000,0.0000,,0,0.0000,0,0.0000,0.0000,,0,0.0000,0,0.0000,0.0000,,0,0.0000
prebreak,600489,2024-02-22,S,S,A,C,S,S,A,9.9710,9.2900,8.8100,0.4800,,0,0.0000,0.0000,,0,0.0000,0,0.0000,0.0000,,0,0.0000,0,0.0000,0.0000,,0,0.0000
prebreak,600979,2024-02-22,S,S,A,C,S,S,A,2.9096,0.0000,0.0000,0.0000,,0,0.0000,0.0000,,0,0.0000,0,0.0000,0.0000,,0,0.0000,0,0.0000,0.0000,,0,0.0000
prebreak,601200,2024-02-22,S,S,A,C,S,S,A,7.0727,7.2500,6.9100,0.3400,,0,0.0000,0.0000,,0,0.0000,0,0.0000,0.0000,,0,0.0000,0,0.0000,0.0000,,0,0.0000
prebreak,000059,2024-02-23,S,S,A,C,S,S,A,5.0272,5.1100,4.8700,0.2400,,0,0.0000,0.0000,,0,0.0000,0,0.0000,0.0000,,0,0.0000,0,0.0000,0.0000,,0,0.0000
prebreak,000563,2024-02-23,S,S,A,C,S,S,A,2.8190,2.8800,2.7600,0.1200,,1,2.8800,2.8375,2024-03-01,0,-0.3721,1,2.8800,2.7600,2024-03-08,1,-1.0176,1,2.8800,2.7600,2024-03-08,1,-1.0176
prebreak,000783,2024-02-23,S,S,A,C,S,S,A,4.9614,4.9300,4.6900,0.2400,,0,0.0000,0.0000,,0,0.0000,0,0.0000,0.0000,,0,0.0000,0,0.0000,0.0000,,0,0.0000
prebreak,001965,2024-02-23,S,S,A,C,S,S,A,9.7525,9.0100,8.5900,0.4200,,1,9.0100,9.4137,2024-03-01,0,0.9444,1,9.0100,9.9219,2024-03-08,0,2.1534,1,9.0100,9.7079,2024-03-22,0,1.6443
prebreak,002061,2024-02-23,S,S,A,C,S,S,A,3.3950,3.4600,3.3000,0.1600,,0,0.0000,0.0000,,0,0.0000,0,0.0000,0.0000,,0,0.0000,0,0.0000,0.0000,,0,0.0000
prebreak,002424,2024-02-23,S,S,A,C,S,S,A,7.8400,8.0100,7.6100,0.4000,,0,0.0000,0.0000,,0,0.0000,0,0.0000,0.0000,,0,0.0000,0,0.0000,0.0000,,0,0.0000
prebreak,300433,2024-02-23,S,S,A,C,S,S,A,11.2545,11.3300,10.7700,0.5600,,0,0.0000,0.0000,,0,0.0000,0,0.0000,0.0000,,0,0.0000,0,0.0000,0.0000,,0,0.0000
prebreak,600219,2024-02-23,S,S,A,C,S,S,A,2.5757,2.6000,2.4800,0.1200,2024-02-29（报告期 2023-12-31 00:00:00）,1,2.6000,2.6348,2024-03-01,0,0.2736,1,2.6000,2.7446,2024-03-08,0,1.1879,1,2.6000,2.8122,2024-03-22,0,1.7506
prebreak,600233,2024-02-23,S,S,A,C,S,S,A,12.2512,11.4500,10.9100,0.5400,,0,0.0000,0.0000,,0,0.0000,0,0.0000,0.0000,,0,0.0000,0,0.0000,0.0000,,0,0.0000
prebreak,600248,2024-02-23,S,S,A,C,S,S,A,3.7478,3.7800,3.5900,0.1900,,0,0.0000,0.0000,,0,0.0000,0,0.0000,0.0000,,0,0.0000,0,0.0000,0.0000,,0,0.0000
prebreak,600320,2024-02-23,S,S,A,C,S,S,A,3.1027,3.2600,3.0800,0.1800,,0,0.0000,0.0000,,0,0.0000,0,0.0000,0.0000,,0,0.0000,0,0.0000,0.0000,,0,0.0000
prebreak,600436,2024-02-23,S,S,A,C,S,S,A,209.1487,210.3200,201.5300,8.7900,,0,0.0000,0.0000,,0,0.0000,0,0.0000,0.0000,,0,0.0000,0,0.0000,0.0000,,0,0.0000
prebreak,600507,2024-02-23,S,S,A,C,S,S,A,4.1462,4.2500,4.1000,0.1500,2024-03-16（报告期 2023-12-31 00:00:00）,0,0.0000,0.0000,,0,0.0000,1,4.2500,4.3781,2024-03-08,0,0.8320,1,4.2500,4.1000,2024-03-18,1,-1.0209
prebreak,600548,2024-02-23,S,S,A,C,S,S,A,8.3217,8.4400,8.0100,0.4300,,0,0.0000,0.0000,,0,0.0000,0,0.0000,0.0000,,0,0.0000,1,8.4400,8.0100,2024-03-22,1,-1.0143
prebreak,600575,2024-02-23,S,S,A,C,S,S,A,2.2877,2.3100,2.2200,0.0900,,0,0.0000,0.0000,,0,0.0000,0,0.0000,0.0000,,0,0.0000,0,0.0000,0.0000,,0,0.0000
prebreak,600884,2024-02-23,S,S,A,C,S,S,A,11.0804,11.4100,10.8900,0.5200,,1,11.4100,10.8900,2024-02-29,1,-1.0160,1,11.4100,10.8900,2024-02-29,1,-1.0160,1,11.4100,10.8900,2024-02-29,1,-1.0160
prebreak,600959,2024-02-23,S,S,A,C,S,S,A,3.0774,3.0800,2.9200,0.1600,,0,0.0000,0.0000,,0,0.0000,0,0.0000,0.0000,,0,0.0000,0,0.0000,0.0000,,0,0.0000
prebreak,601016,2024-02-23,S,S,A,C,S,S,A,2.8325,2.9300,2.7700,0.1600,,0,0.0000,0.0000,,0,0.0000,0,0.0000,0.0000,,0,0.0000,1,2.9300,2.7950,2024-03-22,0,-0.8572
prebreak,601212,2024-02-23,S,S,A,C,S,S,A,2.5836,2.6200,2.5000,0.1200,,0,0.0000,0.0000,,0,0.0000,0,0.0000,0.0000,,0,0.0000,0,0.0000,0.0000,,0,0.0000
prebreak,601877,2024-02-23,S,S,A,C,S,S,A,18.3838,18.4900,17.7400,0.7500,,0,0.0000,0.0000,,0,0.0000,0,0.0000,0.0000,,0,0.0000,0,0.0000,0.0000,,0,0.0000
prebreak,601958,2024-02-23,S,S,A,C,S,S,A,9.2079,9.2600,8.8300,0.4300,,0,0.0000,0.0000,,0,0.0000,0,0.0000,0.0000,,0,0.0000,0,0.0000,0.0000,,0,0.0000
prebreak,000100,2024-02-26,S,S,A,C,S,S,A,4.1895,4.2900,4.1000,0.1900,,1,4.2900,4.5038,2024-03-04,0,1.1072,1,4.2900,4.5228,2024-03-11,0,1.2073,1,4.2900,4.2181,2024-03-25,0,-0.3953
prebreak,000623,2024-02-26,S,S,A,C,S,S,A,13.6295,13.9100,13.4100,0.5000,,0,0.0000,0.0000,,0,0.0000,0,0.0000,0.0000,,0,0.0000,0,0.0000,0.0000,,0,0.0000
prebreak,000685,2024-02-26,S,S,A,C,S,S,A,6.6678,6.8200,6.6000,0.2200,,0,0.0000,0.0000,,0,0.0000,0,0.0000,0.0000,,0,0.0000,0,0.0000,0.0000,,0,0.0000
prebreak,000776,2024-02-26,S,S,A,C,S,S,A,12.9406,13.1900,12.6800,0.5100,,1,13.1900,12.9958,2024-03-04,0,-0.4001,1,13.1900,12.9406,2024-03-11,0,-0.5084,1,13.1900,12.6800,2024-03-25,1,-1.0190
prebreak,000878,2024-02-26,S,S,A,C,S,S,A,10.3658,10.5400,10.0500,0.4900,,0,0.0000,0.0000,,0,0.0000,0,0.0000,0.0000,,0,0.0000,0,0.0000,0.0000,,0,0.0000
prebreak,000958,2024-02-26,S,S,A,C,S,S,A,3.7827,3.9100,3.7300,0.1800,,0,0.0000,0.0000,,0,0.0000,0,0.0000,0.0000,,0,0.0000,0,0.0000,0.0000,,0,0.0000
prebreak,002746,2024-02-26,S,S,A,C,S,S,A,5.6691,5.7800,5.5300,0.2500,,0,0.0000,0.0000,,0,0.0000,0,0.0000,0.0000,,0,0.0000,0,0.0000,0.0000,,0,0.0000
prebreak,002936,2024-02-26,S,S,A,C,S,S,A,2.0514,2.1100,2.0300,0.0800,,0,0.0000,0.0000,,0,0.0000,0,0.0000,0.0000,,0,0.0000,0,0.0000,0.0000,,0,0.0000
prebreak,600285,2024-02-26,S,S,A,C,S,S,A,17.1896,17.4800,16.6500,0.8300,,0,0.0000,0.0000,,0,0.0000,0,0.0000,0.0000,,0,0.0000,0,0.0000,0.0000,,0,0.0000
prebreak,600339,2024-02-26,S,S,A,C,S,S,A,3.0532,3.1300,2.9800,0.1500,,0,0.0000,0.0000,,0,0.0000,0,0.0000,0.0000,,0,0.0000,0,0.0000,0.0000,,0,0.0000
prebreak,600400,2024-02-26,S,S,A,C,S,S,A,2.5260,2.5800,2.4500,0.1300,,0,0.0000,0.0000,,0,0.0000,0,0.0000,0.0000,,0,0.0000,0,0.0000,0.0000,,0,0.0000
prebreak,600820,2024-02-26,S,S,A,C,S,S,A,5.3622,5.5600,5.3300,0.2300,,0,0.0000,0.0000,,0,0.0000,0,0.0000,0.0000,,0,0.0000,0,0.0000,0.0000,,0,0.0000
prebreak,600871,2024-02-26,S,S,A,C,S,S,A,1.8200,1.8500,1.7900,0.0600,,0,0.0000,0.0000,,0,0.0000,0,0.0000,0.0000,,0,0.0000,0,0.0000,0.0000,,0,0.0000
prebreak,600918,2024-02-26,S,S,A,C,S,S,A,6.6459,6.7700,6.4400,0.3300,,0,0.0000,0.0000,,0,0.0000,0,0.0000,0.0000,,0,0.0000,0,0.0000,0.0000,,0,0.0000
prebreak,601222,2024-02-26,S,S,A,C,S,S,A,5.4760,5.5200,5.2300,0.2900,,0,0.0000,0.0000,,0,0.0000,0,0.0000,0.0000,,0,0.0000,0,0.0000,0.0000,,0,0.0000
prebreak,601318,2024-02-26,S,S,A,C,S,S,A,37.6966,36.0500,34.1600,1.8900,,0,0.0000,0.0000,,0,0.0000,0,0.0000,0.0000,,0,0.0000,0,0.0000,0.0000,,0,0.0000
prebreak,601369,2024-02-26,S,S,A,C,S,S,A,6.8527,6.7800,6.4500,0.3300,,0,0.0000,0.0000,,0,0.0000,0,0.0000,0.0000,,0,0.0000,0,0.0000,0.0000,,0,0.0000
prebreak,601611,2024-02-26,S,S,A,C,S,S,A,6.8287,7.0200,6.7500,0.2700,,0,0.0000,0.0000,,0,0.0000,0,0.0000,0.0000,,0,0.0000,0,0.0000,0.0000,,0,0.0000
prebreak,601808,2024-02-26,S,S,A,C,S,S,A,13.8934,14.3600,13.6500,0.7100,,0,0.0000,0.0000,,0,0.0000,0,0.0000,0.0000,,0,0.0000,1,14.3600,15.2410,2024-03-25,0,1.2247
prebreak,601872,2024-02-26,S,S,A,C,S,S,A,6.2651,6.5500,6.2200,0.3300,,1,6.5500,7.0038,2024-03-04,0,1.3593,1,6.5500,6.8488,2024-03-11,0,0.8898,1,6.5500,7.0221,2024-03-25,0,1.4145
prebreak,601991,2024-02-26,S,S,A,C,S,S,A,2.4392,2.5300,2.4100,0.1200,,0,0.0000,0.0000,,0,0.0000,0,0.0000,0.0000,,0,0.0000,0,0.0000,0.0000,,0,0.0000
prebreak,603071,2024-02-26,S,S,A,C,S,S,A,12.4397,12.4700,11.9600,0.5100,,0,0.0000,0.0000,,0,0.0000,0,0.0000,0.0000,,0,0.0000,0,0.0000,0.0000,,0,0.0000
prebreak,603195,2024-02-26,S,S,A,C,S,S,A,44.5633,45.7400,43.9000,1.8400,,0,0.0000,0.0000,,0,0.0000,0,0.0000,0.0000,,0,0.0000,0,0.0000,0.0000,,0,0.0000
prebreak,688016,2024-02-26,S,S,A,C,S,S,A,112.8059,112.1100,106.6700,5.4400,,0,0.0000,0.0000,,0,0.0000,0,0.0000,0.0000,,0,0.0000,0,0.0000,0.0000,,0,0.0000
prebreak,688425,2024-02-26,S,S,A,C,S,S,A,3.8281,3.8800,3.7000,0.1800,,0,0.0000,0.0000,,0,0.0000,0,0.0000,0.0000,,0,0.0000,0,0.0000,0.0000,,0,0.0000
prebreak,000498,2024-02-27,S,S,A,C,S,S,A,4.9717,5.1100,4.8500,0.2600,,0,0.0000,0.0000,,0,0.0000,0,0.0000,0.0000,,0,0.0000,0,0.0000,0.0000,,0,0.0000
prebreak,000735,2024-02-27,S,S,A,C,S,S,A,5.2693,5.3000,5.0500,0.2500,,0,0.0000,0.0000,,0,0.0000,0,0.0000,0.0000,,0,0.0000,0,0.0000,0.0000,,0,0.0000
prebreak,000959,2024-02-27,S,S,A,C,S,S,A,3.2336,3.3200,3.1800,0.1400,,0,0.0000,0.0000,,0,0.0000,0,0.0000,0.0000,,0,0.0000,0,0.0000,0.0000,,0,0.0000
prebreak,000960,2024-02-27,S,S,A,C,S,S,A,13.1661,12.8000,12.2200,0.5800,,0,0.0000,0.0000,,0,0.0000,0,0.0000,0.0000,,0,0.0000,0,0.0000,0.0000,,0,0.0000
prebreak,002839,2024-02-27,S,S,A,C,S,S,A,3.5284,3.6500,3.4800,0.1700,,0,0.0000,0.0000,,0,0.0000,0,0.0000,0.0000,,0,0.0000,0,0.0000,0.0000,,0,0.0000
prebreak,600029,2024-02-27,S,S,A,C,S,S,A,5.9700,6.1200,5.8600,0.2600,,0,0.0000,0.0000,,0,0.0000,0,0.0000,0.0000,,0,0.0000,0,0.0000,0.0000,,0,0.0000
prebreak,600035,2024-02-27,S,S,A,C,S,S,A,3.4560,3.5500,3.3800,0.1700,,0,0.0000,0.0000,,0,0.0000,0,0.0000,0.0000,,0,0.0000,0,0.0000,0.0000,,0,0.0000
prebreak,600073,2024-02-27,S,S,A,C,S,S,A,6.0958,6.1100,5.8400,0.2700,,0,0.0000,0.0000,,0,0.0000,0,0.0000,0.0000,,0,0.0000,0,0.0000,0.0000,,0,0.0000
prebreak,600120,2024-02-27,S,S,A,C,S,S,A,3.5103,3.5800,3.4300,0.1500,,0,0.0000,0.0000,,0,0.0000,0,0.0000,0.0000,,0,0.0000,0,0.0000,0.0000,,0,0.0000
prebreak,600269,2024-02-27,S,S,A,C,S,S,A,4.0415,3.8800,3.6800,0.2000,,0,0.0000,0.0000,,0,0.0000,0,0.0000,0.0000,,0,0.0000,0,0.0000,0.0000,,0,0.0000
prebreak,600496,2024-02-27,S,S,A,C,S,S,A,2.6616,2.6900,2.5700,0.1200,,1,2.6900,2.5700,2024-03-05,1,-1.0164,1,2.6900,2.5700,2024-03-05,1,-1.0164,1,2.6900,2.5700,2024-03-05,1,-1.0164
prebreak,600511,2024-02-27,S,S,A,C,S,S,A,28.9767,29.9900,28.4200,1.5700,,0,0.0000,0.0000,,0,0.0000,0,0.0000,0.0000,,0,0.0000,0,0.0000,0.0000,,0,0.0000
prebreak,600549,2024-02-27,S,S,A,C,S,S,A,15.5410,15.6800,15.0400,0.6400,,0,0.0000,0.0000,,0,0.0000,0,0.0000,0.0000,,0,0.0000,0,0.0000,0.0000,,0,0.0000
prebreak,601000,2024-02-27,S,S,A,C,S,S,A,3.6901,3.6000,3.4200,0.1800,,0,0.0000,0.0000,,0,0.0000,0,0.0000,0.0000,,0,0.0000,0,0.0000,0.0000,,0,0.0000
prebreak,601228,2024-02-27,S,S,A,C,S,S,A,3.0083,3.0900,2.9600,0.1300,,0,0.0000,0.0000,,0,0.0000,0,0.0000,0.0000,,0,0.0000,1,3.0900,3.1819,2024-03-26,0,0.6882
prebreak,601311,2024-02-27,S,S,A,C,S,S,A,6.6741,6.6900,6.3600,0.3300,,0,0.0000,0.0000,,0,0.0000,0,0.0000,0.0000,,0,0.0000,0,0.0000,0.0000,,0,0.0000
prebreak,601619,2024-02-27,S,S,A,C,S,S,A,3.0713,3.1200,2.9900,0.1300,,1,3.1200,3.0436,2024-03-05,0,-0.6054,1,3.1200,3.1635,2024-03-12,0,0.3163,1,3.1200,3.0713,2024-03-26,0,-0.3927
prebreak,601668,2024-02-27,S,S,A,C,S,S,A,4.5520,4.4600,4.2700,0.1900,,0,0.0000,0.0000,,0,0.0000,0,0.0000,0.0000,,0,0.0000,0,0.0000,0.0000,,0,0.0000
prebreak,601990,2024-02-27,S,S,A,C,S,S,A,7.6244,7.6800,7.3800,0.3000,,1,7.6800,7.6819,2024-03-05,0,-0.0131,1,7.6800,7.9118,2024-03-12,0,0.7527,1,7.6800,7.4999,2024-03-26,0,-0.6194
prebreak,601992,2024-02-27,S,S,A,C,S,S,A,1.7792,1.8300,1.7500,0.0800,,0,0.0000,0.0000,,0,0.0000,0,0.0000,0.0000,,0,0.0000,0,0.0000,0.0000,,0,0.0000
prebreak,603227,2024-02-27,S,S,A,C,S,S,A,6.3858,6.4100,6.1100,0.3000,,0,0.0000,0.0000,,0,0.0000,0,0.0000,0.0000,,0,0.0000,0,0.0000,0.0000,,0,0.0000
prebreak,603323,2024-02-27,S,S,A,C,S,S,A,3.3115,3.4500,3.2600,0.1900,,0,0.0000,0.0000,,0,0.0000,0,0.0000,0.0000,,0,0.0000,0,0.0000,0.0000,,0,0.0000
prebreak,000582,2024-02-29,S,S,A,C,S,S,A,7.0925,7.2100,6.9700,0.2400,,0,0.0000,0.0000,,0,0.0000,0,0.0000,0.0000,,0,0.0000,0,0.0000,0.0000,,0,0.0000
prebreak,000657,2024-02-29,S,S,A,C,S,S,A,8.1237,8.0900,7.6700,0.4200,,0,0.0000,0.0000,,0,0.0000,0,0.0000,0.0000,,0,0.0000,0,0.0000,0.0000,,0,0.0000
prebreak,000822,2024-02-29,S,S,A,C,S,S,A,6.0312,6.0500,5.7700,0.2800,,0,0.0000,0.0000,,0,0.0000,0,0.0000,0.0000,,0,0.0000,0,0.0000,0.0000,,0,0.0000
prebreak,000858,2024-02-29,S,S,A,C,S,S,A,123.7576,124.9900,119.8600,5.1300,,0,0.0000,0.0000,,0,0.0000,0,0.0000,0.0000,,0,0.0000,0,0.0000,0.0000,,0,0.0000
prebreak,000927,2024-02-29,S,S,A,C,S,S,A,2.6240,2.6200,2.5000,0.1200,,0,0.0000,0.0000,,0,0.0000,0,0.0000,0.0000,,0,0.0000,0,0.0000,0.0000,,0,0.0000
prebreak,000937,2024-02-29,S,S,A,C,S,S,A,5.9322,6.1300,5.8300,0.3000,,0,0.0000,0.0000,,0,0.0000,0,0.0000,0.0000,,0,0.0000,0,0.0000,0.0000,,0,0.0000
prebreak,000967,2024-02-29,S,S,A,C,S,S,A,4.4866,4.4600,4.2400,0.2200,,0,0.0000,0.0000,,0,0.0000,0,0.0000,0.0000,,0,0.0000,0,0.0000,0.0000,,0,0.0000
prebreak,002155,2024-02-29,S,S,A,C,S,S,A,8.7627,9.0400,8.5700,0.4700,,0,0.0000,0.0000,,0,0.0000,0,0.0000,0.0000,,0,0.0000,0,0.0000,0.0000,,0,0.0000
prebreak,002204,2024-02-29,S,S,A,C,S,S,A,4.1486,4.0700,3.8600,0.2100,,0,0.0000,0.0000,,0,0.0000,0,0.0000,0.0000,,0,0.0000,0,0.0000,0.0000,,0,0.0000
prebreak,002249,2024-02-29,S,S,A,C,S,S,A,4.4985,4.4300,4.2000,0.2300,,1,4.4300,4.4160,2024-03-07,0,-0.0753,1,4.4300,4.4618,2024-03-14,0,0.1237,1,4.4300,4.5718,2024-03-28,0,0.6015
prebreak,002563,2024-02-29,S,S,A,C,S,S,A,4.7388,4.8400,4.6000,0.2400,,0,0.0000,0.0000,,0,0.0000,0,0.0000,0.0000,,0,0.0000,0,0.0000,0.0000,,0,0.0000
prebreak,002948,2024-02-29,S,S,A,C,S,S,A,2.9185,3.0100,2.8600,0.1500,,0,0.0000,0.0000,,0,0.0000,0,0.0000,0.0000,,0,0.0000,0,0.0000,0.0000,,0,0.0000
prebreak,300760,2024-02-29,S,S,A,C,S,S,A,272.6632,278.6900,269.1700,9.5200,,0,0.0000,0.0000,,0,0.0000,0,0.0000,0.0000,,0,0.0000,0,0.0000,0.0000,,0,0.0000
prebreak,600031,2024-02-29,S,S,A,C,S,S,A,13.1651,13.5400,12.8900,0.6500,,0,0.0000,0.0000,,0,0.0000,0,0.0000,0.0000,,0,0.0000,0,0.0000,0.0000,,0,0.0000
prebreak,600033,2024-02-29,S,S,A,C,S,S,A,2.9473,3.0200,2.9000,0.1200,,0,0.0000,0.0000,,0,0.0000,0,0.0000,0.0000,,0,0.0000,0,0.0000,0.0000,,0,0.0000
prebreak,600058,2024-02-29,S,S,A,C,S,S,A,8.5337,8.7300,8.2900,0.4400,,0,0.0000,0.0000,,0,0.0000,0,0.0000,0.0000,,0,0.0000,0,0.0000,0.0000,,0,0.0000
prebreak,600167,2024-02-29,S,S,A,C,S,S,A,5.4307,5.2700,5.0200,0.2500,,1,5.2700,5.0200,2024-03-04,1,-1.0154,1,5.2700,5.0200,2024-03-04,1,-1.0154,1,5.2700,5.0200,2024-03-04,1,-1.0154
prebreak,600208,2024-02-29,S,S,A,C,S,S,A,2.2500,2.2700,2.2000,0.0700,,0,0.0000,0.0000,,0,0.0000,0,0.0000,0.0000,,0,0.0000,0,0.0000,0.0000,,0,0.0000
prebreak,600210,2024-02-29,S,S,A,C,S,S,A,4.0904,4.1800,3.9700,0.2100,,0,0.0000,0.0000,,0,0.0000,0,0.0000,0.0000,,0,0.0000,0,0.0000,0.0000,,0,0.0000
prebreak,600251,2024-02-29,S,S,A,C,S,S,A,7.2836,7.3600,6.9900,0.3700,,0,0.0000,0.0000,,0,0.0000,0,0.0000,0.0000,,0,0.0000,0,0.0000,0.0000,,0,0.0000
prebreak,600298,2024-02-29,S,S,A,C,S,S,A,32.1275,32.5600,31.3500,1.2100,,0,0.0000,0.0000,,0,0.0000,0,0.0000,0.0000,,0,0.0000,0,0.0000,0.0000,,0,0.0000
prebreak,600346,2024-02-29,S,S,A,C,S,S,A,11.6432,11.8600,11.3400,0.5200,,0,0.0000,0.0000,,0,0.0000,0,0.0000,0.0000,,0,0.0000,0,0.0000,0.0000,,0,0.0000
prebreak,600489,2024-02-29,S,S,A,C,S,S,A,9.9234,10.2300,9.7400,0.4900,,0,0.0000,0.0000,,0,0.0000,0,0.0000,0.0000,,0,0.0000,0,0.0000,0.0000,,0,0.0000
prebreak,600648,2024-02-29,S,S,A,C,S,S,A,8.6218,8.9800,8.5000,0.4800,,0,0.0000,0.0000,,0,0.0000,0,0.0000,0.0000,,0,0.0000,0,0.0000,0.0000,,0,0.0000
prebreak,600979,2024-02-29,S,S,A,C,S,S,A,2.9290,3.0400,2.8900,0.1500,,0,0.0000,0.0000,,0,0.0000,0,0.0000,0.0000,,0,0.0000,0,0.0000,0.0000,,0,0.0000
prebreak,601089,2024-02-29,S,S,A,C,S,S,A,13.5723,13.5100,12.8300,0.6800,,0,0.0000,0.0000,,0,0.0000,0,0.0000,0.0000,,0,0.0000,0,0.0000,0.0000,,0,0.0000
prebreak,601997,2024-02-29,S,S,A,C,S,S,A,4.7282,4.8900,4.6500,0.2400,,0,0.0000,0.0000,,0,0.0000,0,0.0000,0.0000,,0,0.0000,0,0.0000,0.0000,,0,0.0000
prebreak,603126,2024-02-29,S,S,A,C,S,S,A,6.0645,6.1900,5.8700,0.3200,,0,0.0000,0.0000,,0,0.0000,0,0.0000,0.0000,,0,0.0000,0,0.0000,0.0000,,0,0.0000
prebreak,603816,2024-02-29,S,S,A,C,S,S,A,32.2098,32.8400,31.3300,1.5100,,0,0.0000,0.0000,,0,0.0000,0,0.0000,0.0000,,0,0.0000,0,0.0000,0.0000,,0,0.0000
prebreak,605499,2024-02-29,S,S,A,C,S,S,A,100.6765,102.0100,97.0800,4.9300,,1,102.0100,102.4315,2024-03-07,0,0.0697,1,102.0100,102.9997,2024-03-14,0,0.1849,1,102.0100,105.9359,2024-03-28,0,0.7801
prebreak,000059,2024-03-01,S,S,A,C,S,S,A,5.1166,5.1100,4.8800,0.2300,,0,0.0000,0.0000,,0,0.0000,0,0.0000,0.0000,,0,0.0000,0,0.0000,0.0000,,0,0.0000
prebreak,000990,2024-03-01,S,S,A,C,S,S,A,5.2965,5.2600,5.0500,0.2100,,0,0.0000,0.0000,,0,0.0000,0,0.0000,0.0000,,0,0.0000,0,0.0000,0.0000,,0,0.0000
prebreak,001965,2024-03-01,S,S,A,C,S,S,A,9.4137,9.5100,9.0300,0.4800,,0,0.0000,0.0000,,0,0.0000,0,0.0000,0.0000,,0,0.0000,0,0.0000,0.0000,,0,0.0000
prebreak,002061,2024-03-01,S,S,A,C,S,S,A,3.4860,3.5000,3.3100,0.1900,,0,0.0000,0.0000,,0,0.0000,0,0.0000,0.0000,,0,0.0000,0,0.0000,0.0000,,0,0.0000
prebreak,002424,2024-03-01,S,S,A,C,S,S,A,7.7700,8.0600,7.6800,0.3800,,0,0.0000,0.0000,,0,0.0000,0,0.0000,0.0000,,0,0.0000,0,0.0000,0.0000,,0,0.0000
prebreak,002461,2024-03-01,S,S,A,C,S,S,A,7.2733,7.5600,7.1900,0.3700,,0,0.0000,0.0000,,0,0.0000,0,0.0000,0.0000,,0,0.0000,0,0.0000,0.0000,,0,0.0000
prebreak,002588,2024-03-01,S,S,A,C,S,S,A,5.6814,5.8100,5.5200,0.2900,,0,0.0000,0.0000,,0,0.0000,0,0.0000,0.0000,,0,0.0000,0,0.0000,0.0000,,0,0.0000
prebreak,300433,2024-03-01,S,S,A,C,S,S,A,11.8930,11.3300,10.7700,0.5600,,0,0.0000,0.0000,,0,0.0000,0,0.0000,0.0000,,0,0.0000,0,0.0000,0.0000,,0,0.0000
prebreak,301219,2024-03-01,S,S,A,C,S,S,A,25.0460,25.2000,23.9200,1.2800,,0,0.0000,0.0000,,0,0.0000,0,0.0000,0.0000,,0,0.0000,0,0.0000,0.0000,,0,0.0000
prebreak,600038,2024-03-01,S,S,A,C,S,S,A,35.9595,36.1600,34.6100,1.5500,,0,0.0000,0.0000,,0,0.0000,0,0.0000,0.0000,,0,0.0000,0,0.0000,0.0000,,0,0.0000
prebreak,600125,2024-03-01,S,S,A,C,S,S,A,5.3561,5.3800,5.1500,0.2300,,0,0.0000,0.0000,,0,0.0000,0,0.0000,0.0000,,0,0.0000,0,0.0000,0.0000,,0,0.0000
prebreak,600233,2024-03-01,S,S,A,C,S,S,A,11.8950,12.1300,11.6500,0.4800,,0,0.0000,0.0000,,0,0.0000,0,0.0000,0.0000,,0,0.0000,0,0.0000,0.0000,,0,0.0000
prebreak,600248,2024-03-01,S,S,A,C,S,S,A,3.7294,3.7900,3.6400,0.1500,,0,0.0000,0.0000,,0,0.0000,0,0.0000,0.0000,,0,0.0000,0,0.0000,0.0000,,0,0.0000
prebreak,600320,2024-03-01,S,S,A,C,S,S,A,3.1506,3.2600,3.0800,0.1800,,0,0.0000,0.0000,,0,0.0000,0,0.0000,0.0000,,0,0.0000,0,0.0000,0.0000,,0,0.0000
prebreak,600436,2024-03-01,S,S,A,C,S,S,A,214.0946,216.2700,205.6700,10.6000,,0,0.0000,0.0000,,0,0.0000,0,0.0000,0.0000,,0,0.0000,0,0.0000,0.0000,,0,0.0000
prebreak,600500,2024-03-01,S,S,A,C,S,S,A,4.2100,4.2500,4.0600,0.1900,,0,0.0000,0.0000,,0,0.0000,1,4.2500,4.4000,2024-03-15,0,0.7720,1,4.2500,4.0600,2024-03-26,1,-1.0164
prebreak,600869,2024-03-01,S,S,A,C,S,S,A,3.9876,3.8900,3.7100,0.1800,,0,0.0000,0.0000,,0,0.0000,0,0.0000,0.0000,,0,0.0000,0,0.0000,0.0000,,0,0.0000
prebreak,600959,2024-03-01,S,S,A,C,S,S,A,3.1662,3.1600,2.9900,0.1700,,0,0.0000,0.0000,,0,0.0000,0,0.0000,0.0000,,0,0.0000,0,0.0000,0.0000,,0,0.0000
prebreak,601877,2024-03-01,S,S,A,C,S,S,A,19.2914,18.4900,17.7400,0.7500,,0,0.0000,0.0000,,0,0.0000,0,0.0000,0.0000,,0,0.0000,0,0.0000,0.0000,,0,0.0000
prebreak,601958,2024-03-01,S,S,A,C,S,S,A,9.3181,9.3700,8.9600,0.4100,,0,0.0000,0.0000,,0,0.0000,0,0.0000,0.0000,,0,0.0000,0,0.0000,0.0000,,0,0.0000
prebreak,603393,2024-03-01,S,S,A,C,S,S,A,27.5115,28.9600,27.6000,1.3600,,0,0.0000,0.0000,,0,0.0000,0,0.0000,0.0000,,0,0.0000,0,0.0000,0.0000,,0,0.0000
prebreak,603856,2024-03-01,S,S,A,C,S,S,A,10.4197,10.4500,9.9000,0.5500,,0,0.0000,0.0000,,0,0.0000,0,0.0000,0.0000,,0,0.0000,1,10.4500,9.9000,2024-03-25,1,-1.0138
prebreak,000100,2024-03-04,S,S,A,C,S,S,A,4.5038,4.2900,4.0800,0.2100,,1,4.2900,4.5228,2024-03-11,0,1.0923,1,4.2900,4.4561,2024-03-18,0,0.7751,1,4.2900,4.8941,2024-04-01,0,2.8595
prebreak,000768,2024-03-04,S,S,A,C,S,S,A,20.9474,20.7700,19.8600,0.9100,,1,20.7700,21.4984,2024-03-11,0,0.7826,1,20.7700,22.1871,2024-03-18,0,1.5389,1,20.7700,21.4885,2024-04-01,0,0.7718
prebreak,000776,2024-03-04,S,S,A,C,S,S,A,12.9958,13.3200,12.7800,0.5400,,0,0.0000,0.0000,,0,0.0000,0,0.0000,0.0000,,0,0.0000,0,0.0000,0.0000,,0,0.0000
prebreak,000878,2024-03-04,S,S,A,C,S,S,A,10.5358,10.7400,10.1900,0.5500,2024-03-29（报告期 2023-12-31 00:00:00）,1,10.7400,11.2823,2024-03-11,0,0.9706,1,10.7400,12.5013,2024-03-18,0,3.1855,1,10.7400,12.5296,2024-04-01,0,3.2370
prebreak,001308,2024-03-04,S,S,A,C,S,S,A,26.1561,26.4700,25.3400,1.1300,,0,0.0000,0.0000,,0,0.0000,0,0.0000,0.0000,,0,0.0000,0,0.0000,0.0000,,0,0.0000
prebreak,001872,2024-03-04,S,S,A,C,S,S,A,15.4339,16.0200,15.2500,0.7700,,0,0.0000,0.0000,,0,0.0000,0,0.0000,0.0000,,0,0.0000,0,0.0000,0.0000,,0,0.0000
prebreak,002539,2024-03-04,S,S,A,C,S,S,A,7.2557,7.4300,7.1000,0.3300,,0,0.0000,0.0000,,0,0.0000,0,0.0000,0.0000,,0,0.0000,0,0.0000,0.0000,,0,0.0000
prebreak,002746,2024-03-04,S,S,A,C,S,S,A,5.5890,5.7800,5.5300,0.2500,,0,0.0000,0.0000,,0,0.0000,0,0.0000,0.0000,,0,0.0000,1,5.7800,5.5300,2024-03-28,1,-1.0169
prebreak,600285,2024-03-04,S,S,A,C,S,S,A,18.8440,17.4800,16.6500,0.8300,,0,0.0000,0.0000,,0,0.0000,0,0.0000,0.0000,,0,0.0000,0,0.0000,0.0000,,0,0.0000
prebreak,600400,2024-03-04,S,S,A,C,S,S,A,2.4666,2.5800,2.4500,0.1300,,0,0.0000,0.0000,,0,0.0000,0,0.0000,0.0000,,0,0.0000,1,2.5800,2.6350,2024-04-01,0,0.4074
prebreak,600461,2024-03-04,S,S,A,C,S,S,A,8.0356,8.0700,7.7400,0.3300,,0,0.0000,0.0000,,0,0.0000,0,0.0000,0.0000,,0,0.0000,0,0.0000,0.0000,,0,0.0000
prebreak,600529,2024-03-04,S,S,A,C,S,S,A,25.0854,24.8900,23.8400,1.0500,,0,0.0000,0.0000,,0,0.0000,0,0.0000,0.0000,,0,0.0000,0,0.0000,0.0000,,0,0.0000
prebreak,600596,2024-03-04,S,S,A,C,S,S,A,8.1764,8.0200,7.5900,0.4300,,0,0.0000,0.0000,,0,0.0000,0,0.0000,0.0000,,0,0.0000,0,0.0000,0.0000,,0,0.0000
prebreak,600623,2024-03-04,S,S,A,C,S,S,A,5.8162,5.9200,5.6300,0.2900,,0,0.0000,0.0000,,0,0.0000,0,0.0000,0.0000,,0,0.0000,0,0.0000,0.0000,,0,0.0000
prebreak,600637,2024-03-04,S,S,A,C,S,S,A,6.8297,6.7700,6.4500,0.3200,,0,0.0000,0.0000,,0,0.0000,0,0.0000,0.0000,,0,0.0000,0,0.0000,0.0000,,0,0.0000
prebreak,600703,2024-03-04,S,S,A,C,S,S,A,13.6851,12.1600,11.6800,0.4800,,1,12.1600,13.5158,2024-03-11,0,2.8035,1,12.1600,13.2170,2024-03-18,0,2.1814,1,12.1600,12.4102,2024-04-01,0,0.5017
prebreak,600755,2024-03-04,S,S,A,C,S,S,A,6.3664,6.5000,6.3000,0.2000,,0,0.0000,0.0000,,0,0.0000,0,0.0000,0.0000,,0,0.0000,0,0.0000,0.0000,,0,0.0000
prebreak,600848,2024-03-04,S,S,A,C,S,S,A,9.7658,10.1700,9.6900,0.4800,,0,0.0000,0.0000,,0,0.0000,0,0.0000,0.0000,,0,0.0000,0,0.0000,0.0000,,0,0.0000
prebreak,600879,2024-03-04,S,S,A,C,S,S,A,7.1949,6.7700,6.4200,0.3500,,0,0.0000,0.0000,,0,0.0000,0,0.0000,0.0000,,0,0.0000,0,0.0000,0.0000,,0,0.0000
prebreak,600893,2024-03-04,S,S,A,C,S,S,A,34.5905,34.9400,33.1400,1.8000,,1,34.9400,35.2545,2024-03-11,0,0.1599,1,34.9400,35.3537,2024-03-18,0,0.2149,1,34.9400,33.1400,2024-03-27,1,-1.0141
prebreak,600918,2024-03-04,S,S,A,C,S,S,A,6.7243,6.9100,6.5800,0.3300,,0,0.0000,0.0000,,0,0.0000,0,0.0000,0.0000,,0,0.0000,0,0.0000,0.0000,,0,0.0000
prebreak,600927,2024-03-04,S,S,A,C,S,S,A,14.0559,14.5700,13.8100,0.7600,,0,0.0000,0.0000,,0,0.0000,0,0.0000,0.0000,,0,0.0000,0,0.0000,0.0000,,0,0.0000
prebreak,600993,2024-03-04,S,S,A,C,S,S,A,22.3853,22.4100,21.2200,1.1900,,0,0.0000,0.0000,,0,0.0000,1,22.4100,21.7765,2024-03-18,0,-0.5463,1,22.4100,21.2200,2024-03-22,1,-1.0137
prebreak,601222,2024-03-04,S,S,A,C,S,S,A,5.6298,5.5200,5.2300,0.2900,,0,0.0000,0.0000,,0,0.0000,0,0.0000,0.0000,,0,0.0000,0,0.0000,0.0000,,0,0.0000
prebreak,601318,2024-03-04,S,S,A,C,S,S,A,37.1613,38.0700,36.9700,1.1000,,0,0.0000,0.0000,,0,0.0000,0,0.0000,0.0000,,0,0.0000,0,0.0000,0.0000,,0,0.0000
prebreak,601611,2024-03-04,S,S,A,C,S,S,A,7.0040,7.1200,6.7800,0.3400,,0,0.0000,0.0000,,0,0.0000,0,0.0000,0.0000,,0,0.0000,0,0.0000,0.0000,,0,0.0000
prebreak,601808,2024-03-04,S,S,A,C,S,S,A,13.9029,14.0400,13.4600,0.5800,,1,14.0400,13.7416,2024-03-11,0,-0.5326,1,14.0400,13.4600,2024-03-13,1,-1.0178,1,14.0400,13.4600,2024-03-13,1,-1.0178
prebreak,601872,2024-03-04,S,S,A,C,S,S,A,7.0038,6.5500,6.2200,0.3300,,0,0.0000,0.0000,,0,0.0000,0,0.0000,0.0000,,0,0.0000,0,0.0000,0.0000,,0,0.0000
prebreak,603357,2024-03-04,S,S,A,C,S,S,A,7.5501,7.8600,7.4500,0.4100,,0,0.0000,0.0000,,0,0.0000,0,0.0000,0.0000,,0,0.0000,0,0.0000,0.0000,,0,0.0000
prebreak,605098,2024-03-04,S,S,A,C,S,S,A,35.7597,37.6400,35.7700,1.8700,,1,37.6400,37.8861,2024-03-11,0,0.1163,1,37.6400,40.7938,2024-03-18,0,1.6702,1,37.6400,39.1534,2024-04-01,0,0.7935
prebreak,688016,2024-03-04,S,S,A,C,S,S,A,119.8622,112.1100,106.6700,5.4400,,0,0.0000,0.0000,,0,0.0000,0,0.0000,0.0000,,0,0.0000,0,0.0000,0.0000,,0,0.0000
prebreak,000338,2024-03-06,S,S,A,C,S,S,A,14.9728,13.9400,13.2600,0.6800,,0,0.0000,0.0000,,0,0.0000,0,0.0000,0.0000,,0,0.0000,0,0.0000,0.0000,,0,0.0000
prebreak,000591,2024-03-06,S,S,A,C,S,S,A,5.1295,5.2000,4.9300,0.2700,,1,5.2000,5.2038,2024-03-13,0,-0.0005,1,5.2000,5.1202,2024-03-20,0,-0.3101,1,5.2000,4.9300,2024-03-25,1,-1.0140
prebreak,000728,2024-03-06,S,S,A,C,S,S,A,6.3766,6.6200,6.3200,0.3000,,0,0.0000,0.0000,,0,0.0000,0,0.0000,0.0000,,0,0.0000,0,0.0000,0.0000,,0,0.0000
prebreak,000875,2024-03-06,S,S,A,C,S,S,A,4.1749,4.1800,3.9500,0.2300,,0,0.0000,0.0000,,0,0.0000,0,0.0000,0.0000,,0,0.0000,0,0.0000,0.0000,,0,0.0000
prebreak,002003,2024-03-06,S,S,A,C,S,S,A,9.2772,9.3500,8.9200,0.4300,,0,0.0000,0.0000,,0,0.0000,0,0.0000,0.0000,,0,0.0000,0,0.0000,0.0000,,0,0.0000
prebreak,002203,2024-03-06,S,S,A,C,S,S,A,8.5356,8.9800,8.5400,0.4400,,0,0.0000,0.0000,,0,0.0000,0,0.0000,0.0000,,0,0.0000,0,0.0000,0.0000,,0,0.0000
prebreak,002274,2024-03-06,S,S,A,C,S,S,A,7.0712,6.6700,6.4100,0.2600,,0,0.0000,0.0000,,0,0.0000,0,0.0000,0.0000,,0,0.0000,0,0.0000,0.0000,,0,0.0000
prebreak,300185,2024-03-06,S,S,A,C,S,S,A,2.3188,2.3400,2.2500,0.0900,,0,0.0000,0.0000,,0,0.0000,0,0.0000,0.0000,,0,0.0000,0,0.0000,0.0000,,0,0.0000
prebreak,301216,2024-03-06,S,S,A,C,S,S,A,12.5868,11.8700,11.3200,0.5500,,1,11.8700,12.7321,2024-03-13,0,1.5500,1,11.8700,12.6546,2024-03-20,0,1.4093,1,11.8700,12.3642,2024-04-03,0,0.8815
prebreak,600252,2024-03-06,S,S,A,C,S,S,A,2.2496,2.3000,2.2100,0.0900,,0,0.0000,0.0000,,0,0.0000,0,0.0000,0.0000,,0,0.0000,0,0.0000,0.0000,,0,0.0000
prebreak,600362,2024-03-06,S,S,A,C,S,S,A,18.2687,18.4600,17.7700,0.6900,2024-03-30（报告期 2023-12-31 00:00:00）,1,18.4600,18.6739,2024-03-13,0,0.2894,1,18.4600,20.9667,2024-03-20,0,3.6102,1,18.4600,23.3147,2024-04-03,0,7.0110
prebreak,600547,2024-03-06,S,S,A,C,S,S,A,24.0416,21.7600,20.8900,0.8700,2024-03-29（报告期 2023-12-31 00:00:00）,1,21.7600,23.8757,2024-03-13,0,2.4113,1,21.7600,24.5685,2024-03-20,0,3.2071,1,21.7600,29.0177,2024-04-03,0,8.3180
prebreak,600808,2024-03-06,S,S,A,C,S,S,A,2.5700,2.6900,2.5500,0.1400,,0,0.0000,0.0000,,0,0.0000,0,0.0000,0.0000,,0,0.0000,0,0.0000,0.0000,,0,0.0000
prebreak,600827,2024-03-06,S,S,A,C,S,S,A,8.3686,8.8500,8.4600,0.3900,,0,0.0000,0.0000,,0,0.0000,0,0.0000,0.0000,,0,0.0000,0,0.0000,0.0000,,0,0.0000
prebreak,600863,2024-03-06,S,S,A,C,S,S,A,3.9830,3.5700,3.3800,0.1900,,0,0.0000,0.0000,,0,0.0000,0,0.0000,0.0000,,0,0.0000,0,0.0000,0.0000,,0,0.0000
prebreak,600968,2024-03-06,S,S,A,C,S,S,A,3.0326,3.0600,2.9100,0.1500,,0,0.0000,0.0000,,0,0.0000,0,0.0000,0.0000,,0,0.0000,0,0.0000,0.0000,,0,0.0000
prebreak,600988,2024-03-06,S,S,A,C,S,S,A,13.9912,13.1400,12.4400,0.7000,2024-03-30（报告期 2023-12-31 00:00:00）,1,13.1400,13.8438,2024-03-13,0,0.9905,1,13.1400,14.2172,2024-03-20,0,1.5236,1,13.1400,17.8329,2024-04-03,0,6.6856
prebreak,601126,2024-03-06,S,S,A,C,S,S,A,15.0927,13.4400,12.7600,0.6800,,0,0.0000,0.0000,,0,0.0000,0,0.0000,0.0000,,0,0.0000,0,0.0000,0.0000,,0,0.0000
prebreak,601969,2024-03-06,S,S,A,C,S,S,A,5.9224,5.9100,5.6500,0.2600,,0,0.0000,0.0000,,0,0.0000,0,0.0000,0.0000,,0,0.0000,0,0.0000,0.0000,,0,0.0000
prebreak,000429,2024-03-07,S,S,A,C,S,S,A,8.8208,8.6100,8.2200,0.3900,,0,0.0000,0.0000,,0,0.0000,0,0.0000,0.0000,,0,0.0000,0,0.0000,0.0000,,0,0.0000
prebreak,000581,2024-03-07,S,S,A,C,S,S,A,14.4828,15.0100,14.3600,0.6500,,0,0.0000,0.0000,,0,0.0000,0,0.0000,0.0000,,0,0.0000,0,0.0000,0.0000,,0,0.0000
prebreak,000858,2024-03-07,S,S,A,C,S,S,A,120.2776,125.3400,120.0400,5.3000,,1,125.3400,130.1173,2024-03-14,0,0.8828,1,125.3400,136.2508,2024-03-21,0,2.0394,1,125.3400,128.1424,2024-04-08,0,0.5104
prebreak,000937,2024-03-07,S,S,A,C,S,S,A,6.2241,6.1100,5.8300,0.2800,,0,0.0000,0.0000,,0,0.0000,0,0.0000,0.0000,,0,0.0000,0,0.0000,0.0000,,0,0.0000
prebreak,002563,2024-03-07,S,S,A,C,S,S,A,4.5083,4.7700,4.5600,0.2100,,0,0.0000,0.0000,,0,0.0000,0,0.0000,0.0000,,0,0.0000,0,0.0000,0.0000,,0,0.0000
prebreak,600167,2024-03-07,S,S,A,C,S,S,A,5.0491,5.2700,5.0200,0.2500,,0,0.0000,0.0000,,0,0.0000,0,0.0000,0.0000,,0,0.0000,0,0.0000,0.0000,,0,0.0000
prebreak,600298,2024-03-07,S,S,A,C,S,S,A,29.1800,32.5600,31.2300,1.3300,,0,0.0000,0.0000,,0,0.0000,0,0.0000,0.0000,,0,0.0000,0,0.0000,0.0000,,0,0.0000
prebreak,600395,2024-03-07,S,S,A,C,S,S,A,6.2512,5.9400,5.6800,0.2600,,0,0.0000,0.0000,,0,0.0000,0,0.0000,0.0000,,0,0.0000,0,0.0000,0.0000,,0,0.0000
prebreak,600888,2024-03-07,S,S,A,C,S,S,A,7.1657,6.9000,6.5900,0.3100,,0,0.0000,0.0000,,0,0.0000,0,0.0000,0.0000,,0,0.0000,0,0.0000,0.0000,,0,0.0000
prebreak,600979,2024-03-07,S,S,A,C,S,S,A,3.2210,3.0400,2.8900,0.1500,,1,3.0400,3.1918,2024-03-14,0,0.9958,1,3.0400,3.2404,2024-03-21,0,1.3199,1,3.0400,3.3572,2024-04-08,0,2.0979
prebreak,000990,2024-03-08,S,S,A,C,S,S,A,5.0990,5.2100,5.0200,0.1900,,1,5.2100,5.1625,2024-03-15,0,-0.2707,1,5.2100,5.1554,2024-03-22,0,-0.3078,1,5.2100,5.0200,2024-03-26,1,-1.0202
prebreak,001965,2024-03-08,S,S,A,C,S,S,A,9.9219,9.7000,9.2300,0.4700,,0,0.0000,0.0000,,0,0.0000,0,0.0000,0.0000,,0,0.0000,0,0.0000,0.0000,,0,0.0000
prebreak,002061,2024-03-08,S,S,A,C,S,S,A,3.3950,3.4900,3.3400,0.1500,,0,0.0000,0.0000,,0,0.0000,0,0.0000,0.0000,,0,0.0000,0,0.0000,0.0000,,0,0.0000
prebreak,002223,2024-03-08,S,S,A,C,S,S,A,33.1207,33.8400,32.2600,1.5800,,0,0.0000,0.0000,,0,0.0000,0,0.0000,0.0000,,0,0.0000,0,0.0000,0.0000,,0,0.0000
prebreak,002424,2024-03-08,S,S,A,C,S,S,A,7.6600,7.9500,7.5700,0.3800,,0,0.0000,0.0000,,0,0.0000,0,0.0000,0.0000,,0,0.0000,0,0.0000,0.0000,,0,0.0000
prebreak,002832,2024-03-08,S,S,A,C,S,S,A,27.3974,27.8000,26.5900,1.2100,,0,0.0000,0.0000,,0,0.0000,0,0.0000,0.0000,,0,0.0000,0,0.0000,0.0000,,0,0.0000
prebreak,301175,2024-03-08,S,S,A,C,S,S,A,4.3957,4.5400,4.3300,0.2100,,0,0.0000,0.0000,,0,0.0000,0,0.0000,0.0000,,0,0.0000,0,0.0000,0.0000,,0,0.0000
prebreak,600038,2024-03-08,S,S,A,C,S,S,A,36.1753,36.8600,35.2500,1.6100,,0,0.0000,0.0000,,0,0.0000,0,0.0000,0.0000,,0,0.0000,0,0.0000,0.0000,,0,0.0000
prebreak,600094,2024-03-08,S,S,A,C,S,S,A,2.8722,2.8700,2.7300,0.1400,,0,0.0000,0.0000,,0,0.0000,0,0.0000,0.0000,,0,0.0000,0,0.0000,0.0000,,0,0.0000
prebreak,600161,2024-03-08,S,S,A,C,S,S,A,22.2530,23.1700,22.0900,1.0800,,0,0.0000,0.0000,,0,0.0000,0,0.0000,0.0000,,0,0.0000,0,0.0000,0.0000,,0,0.0000
prebreak,600233,2024-03-08,S,S,A,C,S,S,A,11.7919,12.2000,11.7100,0.4900,,1,12.2000,14.0134,2024-03-15,0,3.6796,1,12.2000,14.1072,2024-03-22,0,3.8708,1,12.2000,14.9508,2024-04-09,0,5.5914
prebreak,601696,2024-03-08,S,S,A,C,S,S,A,10.4802,10.9600,10.5000,0.4600,,0,0.0000,0.0000,,0,0.0000,0,0.0000,0.0000,,0,0.0000,0,0.0000,0.0000,,0,0.0000
prebreak,601877,2024-03-08,S,S,A,C,S,S,A,19.3470,19.8600,19.0200,0.8400,,0,0.0000,0.0000,,0,0.0000,0,0.0000,0.0000,,0,0.0000,0,0.0000,0.0000,,0,0.0000
prebreak,603113,2024-03-08,S,S,A,C,S,S,A,6.4018,6.5500,6.2900,0.2600,,0,0.0000,0.0000,,0,0.0000,0,0.0000,0.0000,,0,0.0000,0,0.0000,0.0000,,0,0.0000
prebreak,000100,2024-03-11,S,S,A,C,S,S,A,4.5228,4.2900,4.0800,0.2100,,0,0.0000,0.0000,,0,0.0000,0,0.0000,0.0000,,0,0.0000,0,0.0000,0.0000,,0,0.0000
prebreak,000708,2024-03-11,S,S,A,C,S,S,A,13.8667,13.0000,12.5200,0.4800,,1,13.0000,13.3544,2024-03-18,0,0.7174,1,13.0000,13.3633,2024-03-25,0,0.7357,1,13.0000,13.2396,2024-04-10,0,0.4783
prebreak,000878,2024-03-11,S,S,A,C,S,S,A,11.2823,10.7400,10.1900,0.5500,,0,0.0000,0.0000,,0,0.0000,0,0.0000,0.0000,,0,0.0000,0,0.0000,0.0000,,0,0.0000
prebreak,002032,2024-03-11,S,S,A,C,S,S,A,50.0886,48.1600,45.7900,2.3700,,0,0.0000,0.0000,,0,0.0000,0,0.0000,0.0000,,0,0.0000,0,0.0000,0.0000,,0,0.0000
prebreak,002266,2024-03-11,S,S,A,C,S,S,A,3.2376,3.2800,3.1300,0.1500,,0,0.0000,0.0000,,0,0.0000,0,0.0000,0.0000,,0,0.0000,0,0.0000,0.0000,,0,0.0000
prebreak,002739,2024-03-11,S,S,A,C,S,S,A,13.2100,11.9900,11.4200,0.5700,,0,0.0000,0.0000,,0,0.0000,0,0.0000,0.0000,,0,0.0000,0,0.0000,0.0000,,0,0.0000
prebreak,600285,2024-03-11,S,S,A,C,S,S,A,18.7909,19.2600,18.2700,0.9900,,0,0.0000,0.0000,,0,0.0000,0,0.0000,0.0000,,0,0.0000,0,0.0000,0.0000,,0,0.0000
prebreak,600461,2024-03-11,S,S,A,C,S,S,A,8.3228,8.3900,7.9500,0.4400,,0,0.0000,0.0000,,0,0.0000,0,0.0000,0.0000,,0,0.0000,0,0.0000,0.0000,,0,0.0000
prebreak,600529,2024-03-11,S,S,A,C,S,S,A,25.9759,26.1000,24.7400,1.3600,,1,26.1000,27.9539,2024-03-18,0,1.3477,1,26.1000,26.8009,2024-03-25,0,0.5004,1,26.1000,28.5538,2024-04-10,0,1.7886
prebreak,600893,2024-03-11,S,S,A,C,S,S,A,35.2545,34.9400,33.1400,1.8000,,0,0.0000,0.0000,,0,0.0000,0,0.0000,0.0000,,0,0.0000,0,0.0000,0.0000,,0,0.0000
prebreak,600993,2024-03-11,S,S,A,C,S,S,A,22.0669,22.4100,21.2200,1.1900,,1,22.4100,21.7765,2024-03-18,0,-0.5463,1,22.4100,21.2200,2024-03-22,1,-1.0137,1,22.4100,21.2200,2024-03-22,1,-1.0137
prebreak,601222,2024-03-11,S,S,A,C,S,S,A,5.9376,5.7500,5.5100,0.2400,,0,0.0000,0.0000,,0,0.0000,0,0.0000,0.0000,,0,0.0000,0,0.0000,0.0000,,0,0.0000
prebreak,601318,2024-03-11,S,S,A,C,S,S,A,37.8810,38.2200,36.8400,1.3800,,0,0.0000,0.0000,,0,0.0000,0,0.0000,0.0000,,0,0.0000,0,0.0000,0.0000,,0,0.0000
prebreak,601600,2024-03-11,S,S,A,C,S,S,A,6.2543,5.8800,5.5800,0.3000,,0,0.0000,0.0000,,0,0.0000,0,0.0000,0.0000,,0,0.0000,0,0.0000,0.0000,,0,0.0000
prebreak,601678,2024-03-11,S,S,A,C,S,S,A,3.8674,3.9000,3.7100,0.1900,,0,0.0000,0.0000,,0,0.0000,0,0.0000,0.0000,,0,0.0000,0,0.0000,0.0000,,0,0.0000
prebreak,601808,2024-03-11,S,S,A,C,S,S,A,13.7416,14.2700,13.5500,0.7200,2024-03-27（报告期 2023-12-31 00:00:00）,1,14.2700,14.8899,2024-03-18,0,0.8453,1,14.2700,15.2410,2024-03-25,0,1.3327,1,14.2700,17.6325,2024-04-10,0,4.6521
prebreak,601872,2024-03-11,S,S,A,C,S,S,A,6.8488,7.0400,6.7100,0.3300,,0,0.0000,0.0000,,0,0.0000,0,0.0000,0.0000,,0,0.0000,0,0.0000,0.0000,,0,0.0000
prebreak,000758,2024-03-12,S,S,A,C,S,S,A,4.5160,4.5400,4.3300,0.2100,,0,0.0000,0.0000,,0,0.0000,0,0.0000,0.0000,,0,0.0000,0,0.0000,0.0000,,0,0.0000
prebreak,001227,2024-03-12,S,S,A,C,S,S,A,2.3091,2.3400,2.2600,0.0800,,0,0.0000,0.0000,,0,0.0000,0,0.0000,0.0000,,0,0.0000,0,0.0000,0.0000,,0,0.0000
prebreak,001289,2024-03-12,S,S,A,C,S,S,A,18.7139,19.0900,18.1800,0.9100,,0,0.0000,0.0000,,0,0.0000,0,0.0000,0.0000,,0,0.0000,0,0.0000,0.0000,,0,0.0000
prebreak,002415,2024-03-12,S,S,A,C,S,S,A,31.5176,32.1700,30.5500,1.6200,,0,0.0000,0.0000,,0,0.0000,0,0.0000,0.0000,,0,0.0000,0,0.0000,0.0000,,0,0.0000
prebreak,002506,2024-03-12,S,S,A,C,S,S,A,2.7400,2.7600,2.6200,0.1400,,0,0.0000,0.0000,,0,0.0000,0,0.0000,0.0000,,0,0.0000,0,0.0000,0.0000,,0,0.0000
prebreak,600269,2024-03-12,S,S,A,C,S,S,A,4.0955,4.0700,3.9300,0.1400,,0,0.0000,0.0000,,0,0.0000,0,0.0000,0.0000,,0,0.0000,0,0.0000,0.0000,,0,0.0000
prebreak,600380,2024-03-12,S,S,A,C,S,S,A,11.2138,11.6000,11.1400,0.4600,,0,0.0000,0.0000,,0,0.0000,0,0.0000,0.0000,,0,0.0000,0,0.0000,0.0000,,0,0.0000
prebreak,600406,2024-03-12,S,S,A,C,S,S,A,22.8995,23.7000,22.6900,1.0100,,0,0.0000,0.0000,,0,0.0000,0,0.0000,0.0000,,0,0.0000,0,0.0000,0.0000,,0,0.0000
prebreak,600710,2024-03-12,S,S,A,C,S,S,A,7.0347,7.4300,7.1000,0.3300,,0,0.0000,0.0000,,0,0.0000,0,0.0000,0.0000,,0,0.0000,0,0.0000,0.0000,,0,0.0000
prebreak,601158,2024-03-12,S,S,A,C,S,S,A,5.1290,5.1100,4.9200,0.1900,,0,0.0000,0.0000,,0,0.0000,0,0.0000,0.0000,,0,0.0000,0,0.0000,0.0000,,0,0.0000
prebreak,601163,2024-03-12,S,S,A,C,S,S,A,14.5615,14.8600,14.3000,0.5600,,0,0.0000,0.0000,,0,0.0000,0,0.0000,0.0000,,0,0.0000,0,0.0000,0.0000,,0,0.0000
prebreak,601311,2024-03-12,S,S,A,C,S,S,A,6.7992,6.7900,6.4800,0.3100,,0,0.0000,0.0000,,0,0.0000,0,0.0000,0.0000,,0,0.0000,0,0.0000,0.0000,,0,0.0000
prebreak,601990,2024-03-12,S,S,A,C,S,S,A,7.9118,7.8100,7.4200,0.3900,,0,0.0000,0.0000,,0,0.0000,0,0.0000,0.0000,,0,0.0000,0,0.0000,0.0000,,0,0.0000
prebreak,601992,2024-03-12,S,S,A,C,S,S,A,1.7976,1.8200,1.7300,0.0900,2024-03-29（报告期 2023-12-31 00:00:00）,0,0.0000,0.0000,,0,0.0000,0,0.0000,0.0000,,0,0.0000,1,1.8200,1.7792,2024-04-11,0,-0.4683
prebreak,000591,2024-03-13,S,S,A,C,S,S,A,5.2038,5.2000,4.9900,0.2100,,0,0.0000,0.0000,,0,0.0000,0,0.0000,0.0000,,0,0.0000,0,0.0000,0.0000,,0,0.0000
prebreak,002003,2024-03-13,S,S,A,C,S,S,A,9.4176,9.5300,9.1500,0.3800,,0,0.0000,0.0000,,0,0.0000,0,0.0000,0.0000,,0,0.0000,0,0.0000,0.0000,,0,0.0000
prebreak,002274,2024-03-13,S,S,A,C,S,S,A,6.9714,7.1200,6.8300,0.2900,,0,0.0000,0.0000,,0,0.0000,0,0.0000,0.0000,,0,0.0000,1,7.1200,7.3073,2024-04-12,0,0.6266
prebreak,300185,2024-03-13,S,S,A,C,S,S,A,2.3483,2.3500,2.2600,0.0900,,0,0.0000,0.0000,,0,0.0000,0,0.0000,0.0000,,0,0.0000,0,0.0000,0.0000,,0,0.0000
prebreak,600309,2024-03-13,S,S,A,C,S,S,A,74.0022,75.3300,71.6200,3.7100,,0,0.0000,0.0000,,0,0.0000,0,0.0000,0.0000,,0,0.0000,0,0.0000,0.0000,,0,0.0000
prebreak,600362,2024-03-13,S,S,A,C,S,S,A,18.6739,18.4600,17.7700,0.6900,2024-03-30（报告期 2023-12-31 00:00:00）,1,18.4600,20.9667,2024-03-20,0,3.6102,1,18.4600,20.3681,2024-03-27,0,2.7433,1,18.4600,23.8488,2024-04-12,0,7.7846
prebreak,600482,2024-03-13,S,S,A,C,S,S,A,19.5951,21.1500,20.1800,0.9700,,0,0.0000,0.0000,,0,0.0000,0,0.0000,0.0000,,0,0.0000,0,0.0000,0.0000,,0,0.0000
prebreak,600750,2024-03-13,S,S,A,C,S,S,A,19.5461,20.9300,20.0300,0.9000,2024-03-23（报告期 2023-12-31 00:00:00）,0,0.0000,0.0000,,0,0.0000,1,20.9300,20.9982,2024-03-27,0,0.0580,1,20.9300,21.5981,2024-04-12,0,0.7242
prebreak,600795,2024-03-13,S,S,A,C,S,S,A,4.4798,4.3500,4.1400,0.2100,,0,0.0000,0.0000,,0,0.0000,0,0.0000,0.0000,,0,0.0000,0,0.0000,0.0000,,0,0.0000
prebreak,600968,2024-03-13,S,S,A,C,S,S,A,2.9330,3.0900,2.9200,0.1700,,0,0.0000,0.0000,,0,0.0000,0,0.0000,0.0000,,0,0.0000,1,3.0900,3.4671,2024-04-12,0,2.2029
prebreak,601288,2024-03-13,S,S,A,C,S,S,A,3.6141,3.7800,3.6000,0.1800,,0,0.0000,0.0000,,0,0.0000,0,0.0000,0.0000,,0,0.0000,0,0.0000,0.0000,,0,0.0000
prebreak,000001,2024-03-14,S,S,A,C,S,S,A,8.5946,8.9200,8.5500,0.3700,2024-03-15（报告期 2023-12-31 00:00:00）,1,8.9200,8.7962,2024-03-21,0,-0.3526,1,8.9200,8.8130,2024-03-28,0,-0.3072,1,8.9200,8.5500,2024-04-11,1,-1.0177
prebreak,000423,2024-03-14,S,S,A,C,S,S,A,52.5185,54.2100,51.7900,2.4200,,0,0.0000,0.0000,,0,0.0000,0,0.0000,0.0000,,0,0.0000,0,0.0000,0.0000,,0,0.0000
prebreak,000429,2024-03-14,S,S,A,C,S,S,A,8.4441,8.6100,8.2200,0.3900,,0,0.0000,0.0000,,0,0.0000,0,0.0000,0.0000,,0,0.0000,0,0.0000,0.0000,,0,0.0000
prebreak,000858,2024-03-14,S,S,A,C,S,S,A,130.1173,123.6900,118.6500,5.0400,,0,0.0000,0.0000,,0,0.0000,0,0.0000,0.0000,,0,0.0000,0,0.0000,0.0000,,0,0.0000
prebreak,000937,2024-03-14,S,S,A,C,S,S,A,5.8592,6.1100,5.8300,0.2800,,0,0.0000,0.0000,,0,0.0000,0,0.0000,0.0000,,0,0.0000,0,0.0000,0.0000,,0,0.0000
prebreak,002163,2024-03-14,S,S,A,C,S,S,A,8.3100,8.4100,8.0500,0.3600,,0,0.0000,0.0000,,0,0.0000,0,0.0000,0.0000,,0,0.0000,0,0.0000,0.0000,,0,0.0000
prebreak,002563,2024-03-14,S,S,A,C,S,S,A,4.7217,4.7400,4.5000,0.2400,,0,0.0000,0.0000,,0,0.0000,0,0.0000,0.0000,,0,0.0000,0,0.0000,0.0000,,0,0.0000
prebreak,600298,2024-03-14,S,S,A,C,S,S,A,29.9335,32.5600,31.2300,1.3300,,0,0.0000,0.0000,,0,0.0000,0,0.0000,0.0000,,0,0.0000,0,0.0000,0.0000,,0,0.0000
prebreak,600350,2024-03-14,S,S,A,C,S,S,A,7.1283,7.5200,7.1500,0.3700,,0,0.0000,0.0000,,0,0.0000,0,0.0000,0.0000,,0,0.0000,0,0.0000,0.0000,,0,0.0000
prebreak,600395,2024-03-14,S,S,A,C,S,S,A,5.9018,5.9400,5.6800,0.2600,,0,0.0000,0.0000,,0,0.0000,0,0.0000,0.0000,,0,0.0000,0,0.0000,0.0000,,0,0.0000
prebreak,600660,2024-03-14,S,S,A,C,S,S,A,40.0686,41.4400,39.7400,1.7000,,0,0.0000,0.0000,,0,0.0000,0,0.0000,0.0000,,0,0.0000,0,0.0000,0.0000,,0,0.0000
prebreak,600941,2024-03-14,S,S,A,C,S,S,A,92.0972,95.6400,90.7100,4.9300,,0,0.0000,0.0000,,0,0.0000,0,0.0000,0.0000,,0,0.0000,0,0.0000,0.0000,,0,0.0000
prebreak,000157,2024-03-15,S,S,A,C,S,S,A,6.7918,7.1200,6.7500,0.3700,,0,0.0000,0.0000,,0,0.0000,0,0.0000,0.0000,,0,0.0000,0,0.0000,0.0000,,0,0.0000
prebreak,000990,2024-03-15,S,S,A,C,S,S,A,5.1625,5.2800,5.0300,0.2500,,0,0.0000,0.0000,,0,0.0000,0,0.0000,0.0000,,0,0.0000,0,0.0000,0.0000,,0,0.0000
prebreak,001965,2024-03-15,S,S,A,C,S,S,A,9.3959,9.7000,9.2300,0.4700,,0,0.0000,0.0000,,0,0.0000,0,0.0000,0.0000,,0,0.0000,0,0.0000,0.0000,,0,0.0000
prebreak,002027,2024-03-15,S,S,A,C,S,S,A,5.4650,5.4700,5.2100,0.2600,,0,0.0000,0.0000,,0,0.0000,0,0.0000,0.0000,,0,0.0000,0,0.0000,0.0000,,0,0.0000
prebreak,002223,2024-03-15,S,S,A,C,S,S,A,32.2950,33.9800,32.2600,1.7200,,0,0.0000,0.0000,,0,0.0000,0,0.0000,0.0000,,0,0.0000,0,0.0000,0.0000,,0,0.0000
prebreak,002424,2024-03-15,S,S,A,C,S,S,A,7.8300,8.0300,7.6200,0.4100,,0,0.0000,0.0000,,0,0.0000,0,0.0000,0.0000,,0,0.0000,0,0.0000,0.0000,,0,0.0000
prebreak,002832,2024-03-15,S,S,A,C,S,S,A,27.8511,28.0100,26.5900,1.4200,,0,0.0000,0.0000,,0,0.0000,0,0.0000,0.0000,,0,0.0000,0,0.0000,0.0000,,0,0.0000
prebreak,002966,2024-03-15,S,S,A,C,S,S,A,6.0759,6.2200,5.9700,0.2500,,0,0.0000,0.0000,,0,0.0000,0,0.0000,0.0000,,0,0.0000,0,0.0000,0.0000,,0,0.0000
prebreak,300888,2024-03-15,S,S,A,C,S,S,A,34.3354,34.6800,32.9200,1.7600,,0,0.0000,0.0000,,0,0.0000,0,0.0000,0.0000,,0,0.0000,0,0.0000,0.0000,,0,0.0000
prebreak,600094,2024-03-15,S,S,A,C,S,S,A,2.9712,3.0100,2.8400,0.1700,,0,0.0000,0.0000,,0,0.0000,0,0.0000,0.0000,,0,0.0000,0,0.0000,0.0000,,0,0.0000
prebreak,600515,2024-03-15,S,S,A,C,S,S,A,3.7181,3.7400,3.5700,0.1700,,0,0.0000,0.0000,,0,0.0000,0,0.0000,0.0000,,0,0.0000,0,0.0000,0.0000,,0,0.0000
prebreak,601238,2024-03-15,S,S,A,C,S,S,A,8.7089,8.8000,8.3900,0.4100,2024-03-29（报告期 2023-12-31 00:00:00）,1,8.8000,8.7187,2024-03-22,0,-0.2144,1,8.8000,8.6402,2024-03-29,0,-0.4059,1,8.8000,8.3900,2024-04-15,1,-1.0157
prebreak,601877,2024-03-15,S,S,A,C,S,S,A,19.7360,20.4200,19.4300,0.9900,,0,0.0000,0.0000,,0,0.0000,0,0.0000,0.0000,,0,0.0000,0,0.0000,0.0000,,0,0.0000
prebreak,605368,2024-03-15,S,S,A,C,S,S,A,10.5925,10.2100,9.7200,0.4900,2024-03-26（报告期 2023-12-31 00:00:00）,1,10.2100,11.2837,2024-03-22,0,2.1740,1,10.2100,11.2837,2024-03-29,0,2.1740,1,10.2100,11.4502,2024-04-16,0,2.5137
prebreak,000708,2024-03-18,S,S,A,C,S,S,A,13.3544,13.0000,12.5200,0.4800,,0,0.0000,0.0000,,0,0.0000,0,0.0000,0.0000,,0,0.0000,0,0.0000,0.0000,,0,0.0000
prebreak,001872,2024-03-18,S,S,A,C,S,S,A,15.7050,16.0200,15.2500,0.7700,,0,0.0000,0.0000,,0,0.0000,0,0.0000,0.0000,,0,0.0000,0,0.0000,0.0000,,0,0.0000
prebreak,600461,2024-03-18,S,S,A,C,S,S,A,8.2184,8.3500,7.9400,0.4100,,0,0.0000,0.0000,,0,0.0000,0,0.0000,0.0000,,0,0.0000,0,0.0000,0.0000,,0,0.0000
prebreak,600529,2024-03-18,S,S,A,C,S,S,A,27.9539,26.1000,24.7400,1.3600,,1,26.1000,26.8009,2024-03-25,0,0.5004,1,26.1000,28.5445,2024-04-01,0,1.7817,1,26.1000,29.9693,2024-04-17,0,2.8287
prebreak,600893,2024-03-18,S,S,A,C,S,S,A,35.3537,35.9800,34.2500,1.7300,,0,0.0000,0.0000,,0,0.0000,0,0.0000,0.0000,,0,0.0000,0,0.0000,0.0000,,0,0.0000
prebreak,600993,2024-03-18,S,S,A,C,S,S,A,21.7765,22.4100,21.2200,1.1900,2024-04-13（报告期 2023-12-31 00:00:00）,0,0.0000,0.0000,,0,0.0000,0,0.0000,0.0000,,0,0.0000,1,22.4100,24.0525,2024-04-17,0,1.3651
prebreak,601222,2024-03-18,S,S,A,C,S,S,A,5.8742,5.7500,5.5100,0.2400,,0,0.0000,0.0000,,0,0.0000,0,0.0000,0.0000,,0,0.0000,0,0.0000,0.0000,,0,0.0000
prebreak,601611,2024-03-18,S,S,A,C,S,S,A,7.0917,7.1300,6.8700,0.2600,,1,7.1300,6.9261,2024-03-25,0,-0.8046,1,7.1300,6.8700,2024-03-26,1,-1.0202,1,7.1300,6.8700,2024-03-26,1,-1.0202
prebreak,601808,2024-03-18,S,S,A,C,S,S,A,14.8899,14.2700,13.5500,0.7200,,0,0.0000,0.0000,,0,0.0000,0,0.0000,0.0000,,0,0.0000,0,0.0000,0.0000,,0,0.0000
prebreak,001289,2024-03-19,S,S,A,C,S,S,A,18.2709,18.8200,18.1700,0.6500,,0,0.0000,0.0000,,0,0.0000,0,0.0000,0.0000,,0,0.0000,0,0.0000,0.0000,,0,0.0000
prebreak,002035,2024-03-19,S,S,A,C,S,S,A,5.2821,5.2300,5.0100,0.2200,,0,0.0000,0.0000,,0,0.0000,0,0.0000,0.0000,,0,0.0000,0,0.0000,0.0000,,0,0.0000
prebreak,600269,2024-03-19,S,S,A,C,S,S,A,4.1405,4.2000,4.0300,0.1700,,0,0.0000,0.0000,,0,0.0000,0,0.0000,0.0000,,0,0.0000,0,0.0000,0.0000,,0,0.0000
prebreak,600406,2024-03-19,S,S,A,C,S,S,A,22.5931,23.1800,22.0200,1.1600,,0,0.0000,0.0000,,0,0.0000,0,0.0000,0.0000,,0,0.0000,0,0.0000,0.0000,,0,0.0000
prebreak,600428,2024-03-19,S,S,A,C,S,S,A,5.2441,4.9800,4.7800,0.2000,,0,0.0000,0.0000,,0,0.0000,0,0.0000,0.0000,,0,0.0000,0,0.0000,0.0000,,0,0.0000
prebreak,601163,2024-03-19,S,S,A,C,S,S,A,14.4991,14.7800,14.1700,0.6100,,0,0.0000,0.0000,,0,0.0000,0,0.0000,0.0000,,0,0.0000,0,0.0000,0.0000,,0,0.0000
prebreak,601990,2024-03-19,S,S,A,C,S,S,A,7.7681,8.0000,7.7000,0.3000,,0,0.0000,0.0000,,0,0.0000,0,0.0000,0.0000,,0,0.0000,0,0.0000,0.0000,,0,0.0000
prebreak,600309,2024-03-20,S,S,A,C,S,S,A,73.6523,75.1100,72.3400,2.7700,,0,0.0000,0.0000,,0,0.0000,0,0.0000,0.0000,,0,0.0000,0,0.0000,0.0000,,0,0.0000
prebreak,600795,2024-03-20,S,S,A,C,S,S,A,4.5431,4.3500,4.1400,0.2100,,0,0.0000,0.0000,,0,0.0000,0,0.0000,0.0000,,0,0.0000,0,0.0000,0.0000,,0,0.0000
prebreak,688399,2024-03-20,S,S,A,C,S,S,A,28.7420,25.1400,24.1000,1.0400,,0,0.0000,0.0000,,0,0.0000,0,0.0000,0.0000,,0,0.0000,0,0.0000,0.0000,,0,0.0000
prebreak,000001,2024-03-21,S,S,A,C,S,S,A,8.7962,9.0500,8.6900,0.3600,,0,0.0000,0.0000,,0,0.0000,0,0.0000,0.0000,,0,0.0000,1,9.0500,8.8214,2024-04-22,0,-0.6536
prebreak,000729,2024-03-21,S,S,A,C,S,S,A,8.7924,9.0100,8.5300,0.4800,,0,0.0000,0.0000,,0,0.0000,0,0.0000,0.0000,,0,0.0000,0,0.0000,0.0000,,0,0.0000
prebreak,000937,2024-03-21,S,S,A,C,S,S,A,5.6695,5.8700,5.6200,0.2500,2024-04-13（报告期 2023-12-31 00:00:00）,0,0.0000,0.0000,,0,0.0000,0,0.0000,0.0000,,0,0.0000,1,5.8700,5.8373,2024-04-22,0,-0.1484
prebreak,000967,2024-03-21,S,S,A,C,S,S,A,4.7286,4.6200,4.4000,0.2200,,0,0.0000,0.0000,,0,0.0000,0,0.0000,0.0000,,0,0.0000,0,0.0000,0.0000,,0,0.0000
prebreak,300498,2024-03-21,S,S,A,C,S,S,A,18.3148,18.6300,17.6700,0.9600,,0,0.0000,0.0000,,0,0.0000,0,0.0000,0.0000,,0,0.0000,0,0.0000,0.0000,,0,0.0000
prebreak,600350,2024-03-21,S,S,A,C,S,S,A,7.1635,7.3100,7.0100,0.3000,,0,0.0000,0.0000,,0,0.0000,0,0.0000,0.0000,,0,0.0000,0,0.0000,0.0000,,0,0.0000
prebreak,002939,2024-03-26,S,S,A,C,S,S,A,7.0766,7.5800,7.2300,0.3500,,0,0.0000,0.0000,,0,0.0000,0,0.0000,0.0000,,0,0.0000,0,0.0000,0.0000,,0,0.0000
prebreak,600428,2024-03-26,S,S,A,C,S,S,A,5.1011,4.9800,4.7800,0.2000,,0,0.0000,0.0000,,0,0.0000,0,0.0000,0.0000,,0,0.0000,0,0.0000,0.0000,,0,0.0000
prebreak,601005,2024-03-26,S,S,A,C,S,S,A,1.2900,1.3400,1.2800,0.0600,2024-03-30（报告期 2023-12-31 00:00:00）,1,1.3400,1.3300,2024-04-02,0,-0.1835,1,1.3400,1.3100,2024-04-11,0,-0.5167,1,1.3400,1.2800,2024-04-15,1,-1.0164
prebreak,601108,2024-03-26,S,S,A,C,S,S,A,7.1327,7.6900,7.2900,0.4000,,0,0.0000,0.0000,,0,0.0000,0,0.0000,0.0000,,0,0.0000,0,0.0000,0.0000,,0,0.0000
prebreak,601326,2024-03-26,S,S,A,C,S,S,A,3.0033,2.9700,2.8600,0.1100,,0,0.0000,0.0000,,0,0.0000,0,0.0000,0.0000,,0,0.0000,0,0.0000,0.0000,,0,0.0000
prebreak,601728,2024-03-28,S,S,A,C,S,S,A,5.4448,5.4900,5.2100,0.2800,,0,0.0000,0.0000,,0,0.0000,0,0.0000,0.0000,,0,0.0000,0,0.0000,0.0000,,0,0.0000
prebreak,002027,2024-03-29,S,S,A,C,S,S,A,5.5675,5.7800,5.5000,0.2800,,0,0.0000,0.0000,,0,0.0000,0,0.0000,0.0000,,0,0.0000,0,0.0000,0.0000,,0,0.0000
prebreak,002984,2024-04-01,S,S,A,C,S,S,A,21.7418,21.2300,20.1300,1.1000,,0,0.0000,0.0000,,0,0.0000,0,0.0000,0.0000,,0,0.0000,0,0.0000,0.0000,,0,0.0000
prebreak,600426,2024-04-01,S,S,A,C,S,S,A,19.3188,18.2000,17.2900,0.9100,,0,0.0000,0.0000,,0,0.0000,0,0.0000,0.0000,,0,0.0000,0,0.0000,0.0000,,0,0.0000
prebreak,600461,2024-04-01,S,S,A,C,S,S,A,8.3490,8.6100,8.2600,0.3500,,0,0.0000,0.0000,,0,0.0000,0,0.0000,0.0000,,0,0.0000,0,0.0000,0.0000,,0,0.0000
prebreak,601236,2024-04-01,S,S,A,C,S,S,A,6.8250,6.8900,6.6200,0.2700,,0,0.0000,0.0000,,0,0.0000,0,0.0000,0.0000,,0,0.0000,1,6.8900,6.8533,2024-05-06,0,-0.1551
prebreak,601611,2024-04-01,S,S,A,C,S,S,A,7.0430,7.0800,6.7100,0.3700,,0,0.0000,0.0000,,0,0.0000,0,0.0000,0.0000,,0,0.0000,0,0.0000,0.0000,,0,0.0000
prebreak,002884,2024-04-02,S,S,A,C,S,S,A,16.5981,16.0700,15.2400,0.8300,,0,0.0000,0.0000,,0,0.0000,0,0.0000,0.0000,,0,0.0000,0,0.0000,0.0000,,0,0.0000
prebreak,002939,2024-04-02,S,S,A,C,S,S,A,7.0766,7.2100,6.9100,0.3000,2024-04-23（报告期 2023-12-31 00:00:00）,0,0.0000,0.0000,,0,0.0000,0,0.0000,0.0000,,0,0.0000,1,7.2100,7.2092,2024-05-07,0,-0.0208
prebreak,600428,2024-04-02,S,S,A,C,S,S,A,5.2798,5.2100,4.9900,0.2200,,0,0.0000,0.0000,,0,0.0000,0,0.0000,0.0000,,0,0.0000,0,0.0000,0.0000,,0,0.0000
prebreak,601108,2024-04-02,S,S,A,C,S,S,A,7.1995,7.3000,6.9900,0.3100,2024-04-27（报告期 2023-12-31 00:00:00）,0,0.0000,0.0000,,0,0.0000,0,0.0000,0.0000,,0,0.0000,1,7.3000,7.3141,2024-05-07,0,0.0276
prebreak,601326,2024-04-02,S,S,A,C,S,S,A,3.0033,3.0500,2.8900,0.1600,,0,0.0000,0.0000,,0,0.0000,0,0.0000,0.0000,,0,0.0000,0,0.0000,0.0000,,0,0.0000
prebreak,600109,2024-04-03,S,S,A,C,S,S,A,8.2553,8.3700,8.0200,0.3500,2024-04-30（报告期 2023-12-31 00:00:00）,0,0.0000,0.0000,,0,0.0000,0,0.0000,0.0000,,0,0.0000,1,8.3700,8.2936,2024-05-08,0,-0.2362
prebreak,600258,2024-04-09,S,S,A,C,S,S,A,13.7848,14.2200,13.6800,0.5400,,1,14.2200,13.6800,2024-04-16,1,-1.0194,1,14.2200,13.6800,2024-04-16,1,-1.0194,1,14.2200,13.6800,2024-04-16,1,-1.0194
prebreak,600803,2024-04-09,S,S,A,C,S,S,A,15.9641,16.5400,15.7300,0.8100,,1,16.5400,16.2341,2024-04-16,0,-0.3929,1,16.5400,15.7300,2024-04-23,1,-1.0149,1,16.5400,15.7300,2024-04-23,1,-1.0149
prebreak,002939,2024-04-11,S,S,A,C,S,S,A,6.8682,7.1200,6.7800,0.3400,2024-04-23（报告期 2023-12-31 00:00:00）,0,0.0000,0.0000,,0,0.0000,0,0.0000,0.0000,,0,0.0000,1,7.1200,7.2092,2024-05-14,0,0.2464
prebreak,600035,2024-04-11,S,S,A,C,S,S,A,3.9220,3.9700,3.8000,0.1700,,0,0.0000,0.0000,,0,0.0000,0,0.0000,0.0000,,0,0.0000,0,0.0000,0.0000,,0,0.0000
prebreak,601108,2024-04-11,S,S,A,C,S,S,A,6.9035,7.3000,6.9800,0.3200,2024-04-27（报告期 2023-12-31 00:00:00）,0,0.0000,0.0000,,0,0.0000,0,0.0000,0.0000,,0,0.0000,1,7.3000,7.3332,2024-05-14,0,0.0864
prebreak,601111,2024-04-11,S,S,A,C,S,S,A,7.3000,7.5200,7.2300,0.2900,,0,0.0000,0.0000,,0,0.0000,0,0.0000,0.0000,,0,0.0000,1,7.5200,7.2300,2024-04-29,1,-1.0191
prebreak,000686,2024-04-17,S,S,A,C,S,S,A,6.3140,6.5300,6.2400,0.2900,2024-04-19（报告期 2023-12-31 00:00:00）,1,6.5300,6.2400,2024-04-23,1,-1.0165,1,6.5300,6.2400,2024-04-23,1,-1.0165,1,6.5300,6.2400,2024-04-23,1,-1.0165
prebreak,600009,2024-04-17,S,S,A,C,S,S,A,35.6061,35.8600,34.1700,1.6900,,0,0.0000,0.0000,,0,0.0000,0,0.0000,0.0000,,0,0.0000,0,0.0000,0.0000,,0,0.0000
prebreak,600426,2024-04-17,S,S,A,C,S,S,A,20.2165,18.2000,17.2900,0.9100,,0,0.0000,0.0000,,0,0.0000,0,0.0000,0.0000,,0,0.0000,0,0.0000,0.0000,,0,0.0000
prebreak,600461,2024-04-17,S,S,A,C,S,S,A,9.1847,8.6900,8.2600,0.4300,,0,0.0000,0.0000,,0,0.0000,0,0.0000,0.0000,,0,0.0000,0,0.0000,0.0000,,0,0.0000
prebreak,600871,2024-04-17,S,S,A,C,S,S,A,1.9400,1.9800,1.9000,0.0800,,1,1.9800,1.9000,2024-04-22,1,-1.0182,1,1.9800,1.9000,2024-04-22,1,-1.0182,1,1.9800,1.9000,2024-04-22,1,-1.0182
prebreak,601611,2024-04-17,S,S,A,C,S,S,A,7.6275,7.1900,6.8400,0.3500,2024-04-30（报告期 2023-12-31 00:00:00）,1,7.1900,7.5106,2024-04-24,0,0.8997,1,7.1900,7.6664,2024-05-06,0,1.3447,1,7.1900,7.6859,2024-05-20,0,1.4004
prebreak,601688,2024-04-17,S,S,A,C,S,S,A,12.6310,12.7500,12.0800,0.6700,,0,0.0000,0.0000,,0,0.0000,0,0.0000,0.0000,,0,0.0000,0,0.0000,0.0000,,0,0.0000
prebreak,000848,2024-04-18,S,S,A,C,S,S,A,7.9534,7.6100,7.2100,0.4000,,0,0.0000,0.0000,,0,0.0000,0,0.0000,0.0000,,0,0.0000,0,0.0000,0.0000,,0,0.0000
prebreak,601108,2024-04-18,S,S,A,C,S,S,A,7.0277,7.0900,6.7300,0.3600,,0,0.0000,0.0000,,0,0.0000,0,0.0000,0.0000,,0,0.0000,0,0.0000,0.0000,,0,0.0000
prebreak,601111,2024-04-18,S,S,A,C,S,S,A,7.3100,7.3400,7.0200,0.3200,,1,7.3400,7.4200,2024-04-25,0,0.2324,1,7.3400,7.2900,2024-05-07,0,-0.1736,1,7.3400,7.5500,2024-05-21,0,0.6384
prebreak,002304,2024-04-19,S,S,A,C,S,S,A,81.5793,84.1400,79.8600,4.2800,,0,0.0000,0.0000,,0,0.0000,0,0.0000,0.0000,,0,0.0000,0,0.0000,0.0000,,0,0.0000
prebreak,600808,2024-04-19,S,S,A,C,S,S,A,2.5300,2.6100,2.4900,0.1200,,0,0.0000,0.0000,,0,0.0000,0,0.0000,0.0000,,0,0.0000,0,0.0000,0.0000,,0,0.0000
prebreak,601827,2024-04-19,S,S,A,C,S,S,A,7.2430,7.2500,6.9100,0.3400,,0,0.0000,0.0000,,0,0.0000,0,0.0000,0.0000,,0,0.0000,0,0.0000,0.0000,,0,0.0000
prebreak,000750,2024-04-22,S,S,A,C,S,S,A,3.1044,3.2100,3.0600,0.1500,,1,3.2100,3.3171,2024-04-29,0,0.6975,1,3.2100,3.2301,2024-05-09,0,0.1176,1,3.2100,3.0754,2024-05-23,0,-0.9133
prebreak,002216,2024-04-22,S,S,A,C,S,S,A,11.4563,11.2300,10.6800,0.5500,,0,0.0000,0.0000,,0,0.0000,0,0.0000,0.0000,,0,0.0000,0,0.0000,0.0000,,0,0.0000
prebreak,002797,2024-04-22,S,S,A,C,S,S,A,5.1161,5.3400,5.0700,0.2700,2024-04-27（报告期 2023-12-31 00:00:00）,1,5.3400,5.7471,2024-04-29,0,1.4919,1,5.3400,5.5141,2024-05-09,0,0.6295,1,5.3400,5.3394,2024-05-23,0,-0.0173
prebreak,300498,2024-04-22,S,S,A,C,S,S,A,17.9564,18.4200,17.5200,0.9000,,0,0.0000,0.0000,,0,0.0000,0,0.0000,0.0000,,0,0.0000,0,0.0000,0.0000,,0,0.0000
prebreak,601198,2024-04-22,S,S,A,C,S,S,A,7.6919,7.7100,7.3300,0.3800,,0,0.0000,0.0000,,0,0.0000,0,0.0000,0.0000,,0,0.0000,0,0.0000,0.0000,,0,0.0000
prebreak,000778,2024-04-23,S,S,A,C,S,S,A,3.6699,3.9500,3.7700,0.1800,,0,0.0000,0.0000,,0,0.0000,0,0.0000,0.0000,,0,0.0000,0,0.0000,0.0000,,0,0.0000
prebreak,000877,2024-04-23,S,S,A,C,S,S,A,6.3389,6.7400,6.4200,0.3200,,0,0.0000,0.0000,,0,0.0000,0,0.0000,0.0000,,0,0.0000,0,0.0000,0.0000,,0,0.0000
prebreak,002061,2024-04-23,S,S,A,C,S,S,A,3.4769,3.5100,3.3500,0.1600,,0,0.0000,0.0000,,0,0.0000,0,0.0000,0.0000,,0,0.0000,0,0.0000,0.0000,,0,0.0000
prebreak,600248,2024-04-23,S,S,A,C,S,S,A,3.7386,3.7600,3.5700,0.1900,,0,0.0000,0.0000,,0,0.0000,0,0.0000,0.0000,,0,0.0000,0,0.0000,0.0000,,0,0.0000
prebreak,600258,2024-04-23,S,S,A,C,S,S,A,13.6371,13.8800,13.2900,0.5900,,0,0.0000,0.0000,,0,0.0000,0,0.0000,0.0000,,0,0.0000,0,0.0000,0.0000,,0,0.0000
prebreak,600515,2024-04-23,S,S,A,C,S,S,A,3.3393,3.4000,3.3000,0.1000,,1,3.4000,3.4889,2024-04-30,0,0.8623,1,3.4000,3.4988,2024-05-10,0,0.9619,1,3.4000,3.4390,2024-05-24,0,0.3642
prebreak,600803,2024-04-23,S,S,A,C,S,S,A,15.5085,16.6400,15.7700,0.8700,,0,0.0000,0.0000,,0,0.0000,0,0.0000,0.0000,,0,0.0000,0,0.0000,0.0000,,0,0.0000
prebreak,601238,2024-04-23,S,S,A,C,S,S,A,8.3162,8.8600,8.4200,0.4400,,0,0.0000,0.0000,,0,0.0000,0,0.0000,0.0000,,0,0.0000,0,0.0000,0.0000,,0,0.0000
prebreak,000686,2024-04-24,S,S,A,C,S,S,A,6.2669,6.5300,6.2400,0.2900,,1,6.5300,6.4742,2024-05-06,0,-0.2094,1,6.5300,6.4271,2024-05-13,0,-0.3718,1,6.5300,6.3125,2024-05-27,0,-0.7668
prebreak,600009,2024-04-24,S,S,A,C,S,S,A,35.2677,36.0800,34.8400,1.2400,,0,0.0000,0.0000,,0,0.0000,0,0.0000,0.0000,,0,0.0000,0,0.0000,0.0000,,0,0.0000
prebreak,600426,2024-04-24,S,S,A,C,S,S,A,20.3530,18.2000,17.2900,0.9100,,0,0.0000,0.0000,,0,0.0000,0,0.0000,0.0000,,0,0.0000,0,0.0000,0.0000,,0,0.0000
prebreak,600461,2024-04-24,S,S,A,C,S,S,A,9.1064,8.6900,8.2600,0.4300,,0,0.0000,0.0000,,0,0.0000,0,0.0000,0.0000,,0,0.0000,0,0.0000,0.0000,,0,0.0000
prebreak,600871,2024-04-24,S,S,A,C,S,S,A,1.8500,1.9800,1.9000,0.0800,,0,0.0000,0.0000,,0,0.0000,0,0.0000,0.0000,,0,0.0000,0,0.0000,0.0000,,0,0.0000
prebreak,601077,2024-04-24,S,S,A,C,S,S,A,3.9056,4.0800,3.8800,0.2000,,0,0.0000,0.0000,,0,0.0000,0,0.0000,0.0000,,0,0.0000,0,0.0000,0.0000,,0,0.0000
prebreak,601611,2024-04-24,S,S,A,C,S,S,A,7.5106,7.1900,6.8400,0.3500,,0,0.0000,0.0000,,0,0.0000,0,0.0000,0.0000,,0,0.0000,0,0.0000,0.0000,,0,0.0000
prebreak,601808,2024-04-24,S,S,A,C,S,S,A,17.6135,15.4700,14.7000,0.7700,,0,0.0000,0.0000,,0,0.0000,0,0.0000,0.0000,,0,0.0000,0,0.0000,0.0000,,0,0.0000
prebreak,688425,2024-04-24,S,S,A,C,S,S,A,3.6678,3.9500,3.7400,0.2100,,0,0.0000,0.0000,,0,0.0000,0,0.0000,0.0000,,0,0.0000,0,0.0000,0.0000,,0,0.0000
prebreak,000498,2024-04-25,S,S,A,C,S,S,A,4.9896,5.1000,4.8600,0.2400,,0,0.0000,0.0000,,0,0.0000,0,0.0000,0.0000,,0,0.0000,0,0.0000,0.0000,,0,0.0000
prebreak,000959,2024-04-25,S,S,A,C,S,S,A,3.0394,3.3500,3.2000,0.1500,,0,0.0000,0.0000,,0,0.0000,0,0.0000,0.0000,,0,0.0000,0,0.0000,0.0000,,0,0.0000
prebreak,001289,2024-04-25,S,S,A,C,S,S,A,17.3751,17.6500,16.9800,0.6700,,0,0.0000,0.0000,,0,0.0000,0,0.0000,0.0000,,0,0.0000,0,0.0000,0.0000,,0,0.0000
prebreak,002352,2024-04-25,S,S,A,C,S,S,A,33.3162,33.2800,31.6600,1.6200,,0,0.0000,0.0000,,0,0.0000,0,0.0000,0.0000,,0,0.0000,0,0.0000,0.0000,,0,0.0000
prebreak,002736,2024-04-25,S,S,A,C,S,S,A,7.8245,7.9100,7.5300,0.3800,,1,7.9100,8.0499,2024-05-07,0,0.3520,1,7.9100,8.1310,2024-05-14,0,0.5654,1,7.9100,7.9056,2024-05-28,0,-0.0273
prebreak,600717,2024-04-25,S,S,A,C,S,S,A,4.1464,4.3400,4.1400,0.2000,,0,0.0000,0.0000,,0,0.0000,0,0.0000,0.0000,,0,0.0000,0,0.0000,0.0000,,0,0.0000
prebreak,600782,2024-04-25,S,S,A,C,S,S,A,3.7392,3.7900,3.5900,0.2000,,0,0.0000,0.0000,,0,0.0000,0,0.0000,0.0000,,0,0.0000,0,0.0000,0.0000,,0,0.0000
prebreak,600901,2024-04-25,S,S,A,C,S,S,A,4.6004,4.7100,4.4800,0.2300,,0,0.0000,0.0000,,0,0.0000,0,0.0000,0.0000,,0,0.0000,0,0.0000,0.0000,,0,0.0000
prebreak,601111,2024-04-25,S,S,A,C,S,S,A,7.4200,7.3400,7.0100,0.3300,,1,7.3400,7.2900,2024-05-07,0,-0.1683,1,7.3400,7.2700,2024-05-14,0,-0.2289,1,7.3400,7.5600,2024-05-28,0,0.6493
prebreak,600808,2024-04-26,S,S,A,C,S,S,A,2.4100,2.6100,2.4900,0.1200,,0,0.0000,0.0000,,0,0.0000,0,0.0000,0.0000,,0,0.0000,0,0.0000,0.0000,,0,0.0000
prebreak,601727,2024-04-26,S,S,A,C,S,S,A,4.5007,4.5400,4.3600,0.1800,,0,0.0000,0.0000,,0,0.0000,0,0.0000,0.0000,,0,0.0000,0,0.0000,0.0000,,0,0.0000
prebreak,601827,2024-04-26,S,S,A,C,S,S,A,7.0694,7.3400,6.9900,0.3500,,1,7.3400,7.4805,2024-05-08,0,0.3851,1,7.3400,8.0193,2024-05-15,0,1.9238,1,7.3400,8.0193,2024-05-29,0,1.9238
prebreak,000750,2024-04-29,S,S,A,C,S,S,A,3.3171,3.1900,3.0700,0.1200,,0,0.0000,0.0000,,0,0.0000,0,0.0000,0.0000,,0,0.0000,0,0.0000,0.0000,,0,0.0000
prebreak,002216,2024-04-29,S,S,A,C,S,S,A,11.0908,11.5500,10.9700,0.5800,,0,0.0000,0.0000,,0,0.0000,0,0.0000,0.0000,,0,0.0000,0,0.0000,0.0000,,0,0.0000
prebreak,600025,2024-04-29,S,S,A,C,S,S,A,8.9238,9.2600,8.8300,0.4300,,0,0.0000,0.0000,,0,0.0000,0,0.0000,0.0000,,0,0.0000,0,0.0000,0.0000,,0,0.0000
prebreak,600741,2024-04-29,S,S,A,C,S,S,A,14.4301,15.7000,15.0000,0.7000,,0,0.0000,0.0000,,0,0.0000,0,0.0000,0.0000,,0,0.0000,0,0.0000,0.0000,,0,0.0000
prebreak,601607,2024-04-29,S,S,A,C,S,S,A,16.8795,17.0100,16.3100,0.7000,,0,0.0000,0.0000,,0,0.0000,0,0.0000,0.0000,,0,0.0000,0,0.0000,0.0000,,0,0.0000
prebreak,000778,2024-04-30,S,S,A,C,S,S,A,3.6125,3.7200,3.5500,0.1700,,0,0.0000,0.0000,,0,0.0000,0,0.0000,0.0000,,0,0.0000,0,0.0000,0.0000,,0,0.0000
prebreak,000877,2024-04-30,S,S,A,C,S,S,A,6.3193,6.7400,6.4200,0.3200,,0,0.0000,0.0000,,0,0.0000,0,0.0000,0.0000,,0,0.0000,0,0.0000,0.0000,,0,0.0000
prebreak,001965,2024-04-30,S,S,A,C,S,S,A,9.8773,10.8200,10.2900,0.5300,,0,0.0000,0.0000,,0,0.0000,0,0.0000,0.0000,,0,0.0000,0,0.0000,0.0000,,0,0.0000
prebreak,600258,2024-04-30,S,S,A,C,S,S,A,14.1633,13.9500,13.5300,0.4200,,0,0.0000,0.0000,,0,0.0000,0,0.0000,0.0000,,0,0.0000,0,0.0000,0.0000,,0,0.0000
prebreak,600548,2024-04-30,S,S,A,C,S,S,A,9.0970,9.8300,9.3700,0.4600,,0,0.0000,0.0000,,0,0.0000,0,0.0000,0.0000,,0,0.0000,1,9.8300,9.6560,2024-05-31,0,-0.3942
prebreak,600704,2024-04-30,S,S,A,C,S,S,A,4.1548,4.1700,3.9900,0.1800,,1,4.1700,4.3309,2024-05-10,0,0.8756,1,4.1700,4.3837,2024-05-17,0,1.1688,1,4.1700,4.2252,2024-05-31,0,0.2891
prebreak,600803,2024-04-30,S,S,A,C,S,S,A,15.2385,16.6400,15.7700,0.8700,,0,0.0000,0.0000,,0,0.0000,0,0.0000,0.0000,,0,0.0000,0,0.0000,0.0000,,0,0.0000
prebreak,601238,2024-04-30,S,S,A,C,S,S,A,8.6205,8.6000,8.2600,0.3400,,0,0.0000,0.0000,,0,0.0000,0,0.0000,0.0000,,0,0.0000,0,0.0000,0.0000,,0,0.0000
prebreak,000686,2024-05-06,S,S,A,C,S,S,A,6.4742,6.5300,6.2400,0.2900,,0,0.0000,0.0000,,0,0.0000,0,0.0000,0.0000,,0,0.0000,0,0.0000,0.0000,,0,0.0000
prebreak,000932,2024-05-06,S,S,A,C,S,S,A,4.6777,4.8800,4.6400,0.2400,,0,0.0000,0.0000,,0,0.0000,0,0.0000,0.0000,,0,0.0000,0,0.0000,0.0000,,0,0.0000
prebreak,003816,2024-05-06,S,S,A,C,S,S,A,3.8254,4.0500,3.8400,0.2100,,0,0.0000,0.0000,,0,0.0000,0,0.0000,0.0000,,0,0.0000,0,0.0000,0.0000,,0,0.0000
prebreak,600009,2024-05-06,S,S,A,C,S,S,A,36.2152,36.6700,34.9200,1.7500,,0,0.0000,0.0000,,0,0.0000,0,0.0000,0.0000,,0,0.0000,0,0.0000,0.0000,,0,0.0000
prebreak,600426,2024-05-06,S,S,A,C,S,S,A,22.2705,21.1000,20.0500,1.0500,,0,0.0000,0.0000,,0,0.0000,0,0.0000,0.0000,,0,0.0000,0,0.0000,0.0000,,0,0.0000
prebreak,600755,2024-05-06,S,S,A,C,S,S,A,6.4263,6.4800,6.1500,0.3300,,0,0.0000,0.0000,,0,0.0000,0,0.0000,0.0000,,0,0.0000,0,0.0000,0.0000,,0,0.0000
prebreak,601066,2024-05-06,S,S,A,C,S,S,A,22.0901,21.2700,20.5200,0.7500,,0,0.0000,0.0000,,0,0.0000,0,0.0000,0.0000,,0,0.0000,0,0.0000,0.0000,,0,0.0000
prebreak,601077,2024-05-06,S,S,A,C,S,S,A,3.9998,4.0000,3.7800,0.2200,,0,0.0000,0.0000,,0,0.0000,0,0.0000,0.0000,,0,0.0000,0,0.0000,0.0000,,0,0.0000
prebreak,601611,2024-05-06,S,S,A,C,S,S,A,7.6664,7.6700,7.3100,0.3600,,0,0.0000,0.0000,,0,0.0000,0,0.0000,0.0000,,0,0.0000,0,0.0000,0.0000,,0,0.0000
prebreak,688425,2024-05-06,S,S,A,C,S,S,A,3.8469,3.9500,3.7400,0.2100,,0,0.0000,0.0000,,0,0.0000,0,0.0000,0.0000,,0,0.0000,0,0.0000,0.0000,,0,0.0000
prebreak,000498,2024-05-07,S,S,A,C,S,S,A,5.2127,5.1500,4.9300,0.2200,,0,0.0000,0.0000,,0,0.0000,0,0.0000,0.0000,,0,0.0000,0,0.0000,0.0000,,0,0.0000
prebreak,000959,2024-05-07,S,S,A,C,S,S,A,3.1074,3.3500,3.2000,0.1500,,0,0.0000,0.0000,,0,0.0000,0,0.0000,0.0000,,0,0.0000,0,0.0000,0.0000,,0,0.0000
prebreak,001289,2024-05-07,S,S,A,C,S,S,A,17.7604,17.7800,16.8300,0.9500,,0,0.0000,0.0000,,0,0.0000,0,0.0000,0.0000,,0,0.0000,0,0.0000,0.0000,,0,0.0000
prebreak,002736,2024-05-07,S,S,A,C,S,S,A,8.0499,7.9100,7.5300,0.3800,,0,0.0000,0.0000,,0,0.0000,0,0.0000,0.0000,,0,0.0000,0,0.0000,0.0000,,0,0.0000
prebreak,600782,2024-05-07,S,S,A,C,S,S,A,3.3490,3.7900,3.5900,0.2000,,0,0.0000,0.0000,,0,0.0000,0,0.0000,0.0000,,0,0.0000,0,0.0000,0.0000,,0,0.0000
prebreak,600873,2024-05-07,S,S,A,C,S,S,A,9.8596,9.4600,8.9700,0.4900,,0,0.0000,0.0000,,0,0.0000,0,0.0000,0.0000,,0,0.0000,0,0.0000,0.0000,,0,0.0000
prebreak,600901,2024-05-07,S,S,A,C,S,S,A,4.3776,4.7100,4.4800,0.2300,,0,0.0000,0.0000,,0,0.0000,0,0.0000,0.0000,,0,0.0000,0,0.0000,0.0000,,0,0.0000
prebreak,601000,2024-05-07,S,S,A,C,S,S,A,3.8554,3.9400,3.7200,0.2200,,0,0.0000,0.0000,,0,0.0000,0,0.0000,0.0000,,0,0.0000,0,0.0000,0.0000,,0,0.0000
prebreak,601111,2024-05-07,S,S,A,C,S,S,A,7.2900,7.3400,7.0100,0.3300,,0,0.0000,0.0000,,0,0.0000,0,0.0000,0.0000,,0,0.0000,0,0.0000,0.0000,,0,0.0000
prebreak,000750,2024-05-09,S,S,A,C,S,S,A,3.2301,3.3200,3.1800,0.1400,,0,0.0000,0.0000,,0,0.0000,0,0.0000,0.0000,,0,0.0000,0,0.0000,0.0000,,0,0.0000
prebreak,000898,2024-05-09,S,S,A,C,S,S,A,2.3700,2.4900,2.3800,0.1100,,0,0.0000,0.0000,,0,0.0000,0,0.0000,0.0000,,0,0.0000,0,0.0000,0.0000,,0,0.0000
prebreak,002110,2024-05-09,S,S,A,C,S,S,A,3.4984,3.6500,3.5000,0.1500,,0,0.0000,0.0000,,0,0.0000,0,0.0000,0.0000,,0,0.0000,0,0.0000,0.0000,,0,0.0000
prebreak,002216,2024-05-09,S,S,A,C,S,S,A,11.6435,11.5500,10.9700,0.5800,,0,0.0000,0.0000,,0,0.0000,0,0.0000,0.0000,,0,0.0000,0,0.0000,0.0000,,0,0.0000
prebreak,600741,2024-05-09,S,S,A,C,S,S,A,14.1981,14.6200,13.9400,0.6800,,0,0.0000,0.0000,,0,0.0000,0,0.0000,0.0000,,0,0.0000,0,0.0000,0.0000,,0,0.0000
prebreak,601669,2024-05-09,S,S,A,C,S,S,A,4.8049,4.8600,4.6900,0.1700,,0,0.0000,0.0000,,0,0.0000,0,0.0000,0.0000,,0,0.0000,0,0.0000,0.0000,,0,0.0000
prebreak,603156,2024-05-09,S,S,A,C,S,S,A,23.0265,23.1600,22.0400,1.1200,,0,0.0000,0.0000,,0,0.0000,0,0.0000,0.0000,,0,0.0000,0,0.0000,0.0000,,0,0.0000
prebreak,000498,2024-05-14,S,S,A,C,S,S,A,5.2217,5.2900,5.0800,0.2100,,0,0.0000,0.0000,,0,0.0000,0,0.0000,0.0000,,0,0.0000,0,0.0000,0.0000,,0,0.0000
prebreak,001289,2024-05-14,S,S,A,C,S,S,A,17.7219,18.1200,17.4100,0.7100,,0,0.0000,0.0000,,0,0.0000,1,18.1200,18.2998,2024-05-28,0,0.2336,1,18.1200,17.9723,2024-06-12,0,-0.2273
prebreak,002327,2024-05-14,S,S,A,C,S,S,A,9.2081,9.2100,8.7500,0.4600,,0,0.0000,0.0000,,0,0.0000,0,0.0000,0.0000,,0,0.0000,0,0.0000,0.0000,,0,0.0000
prebreak,002415,2024-05-14,S,S,A,C,S,S,A,30.7652,30.9600,29.9200,1.0400,,0,0.0000,0.0000,,0,0.0000,0,0.0000,0.0000,,0,0.0000,0,0.0000,0.0000,,0,0.0000
prebreak,600901,2024-05-14,S,S,A,C,S,S,A,4.6603,4.5700,4.3300,0.2400,,0,0.0000,0.0000,,0,0.0000,0,0.0000,0.0000,,0,0.0000,0,0.0000,0.0000,,0,0.0000
prebreak,601000,2024-05-14,S,S,A,C,S,S,A,3.8902,3.9200,3.7500,0.1700,,0,0.0000,0.0000,,0,0.0000,0,0.0000,0.0000,,0,0.0000,0,0.0000,0.0000,,0,0.0000
prebreak,000582,2024-05-16,S,S,A,C,S,S,A,7.5423,7.8100,7.5000,0.3100,,0,0.0000,0.0000,,0,0.0000,0,0.0000,0.0000,,0,0.0000,0,0.0000,0.0000,,0,0.0000
prebreak,000898,2024-05-16,S,S,A,C,S,S,A,2.3600,2.4000,2.3100,0.0900,,0,0.0000,0.0000,,0,0.0000,0,0.0000,0.0000,,0,0.0000,0,0.0000,0.0000,,0,0.0000
prebreak,000937,2024-05-16,S,S,A,C,S,S,A,5.8081,5.8800,5.6100,0.2700,,0,0.0000,0.0000,,0,0.0000,0,0.0000,0.0000,,0,0.0000,0,0.0000,0.0000,,0,0.0000
prebreak,002004,2024-05-16,S,S,A,C,S,S,A,4.0117,4.2100,3.9900,0.2200,,0,0.0000,0.0000,,0,0.0000,0,0.0000,0.0000,,0,0.0000,0,0.0000,0.0000,,0,0.0000
prebreak,002007,2024-05-16,S,S,A,C,S,S,A,17.7627,18.4200,17.7000,0.7200,,0,0.0000,0.0000,,0,0.0000,0,0.0000,0.0000,,0,0.0000,0,0.0000,0.0000,,0,0.0000
prebreak,002948,2024-05-16,S,S,A,C,S,S,A,3.2497,3.2000,3.0200,0.1800,,0,0.0000,0.0000,,0,0.0000,0,0.0000,0.0000,,0,0.0000,0,0.0000,0.0000,,0,0.0000
prebreak,300039,2024-05-16,S,S,A,C,S,S,A,5.7969,6.0900,5.8100,0.2800,,0,0.0000,0.0000,,0,0.0000,0,0.0000,0.0000,,0,0.0000,0,0.0000,0.0000,,0,0.0000
prebreak,600328,2024-05-16,S,S,A,C,S,S,A,7.5275,7.8200,7.4500,0.3700,,0,0.0000,0.0000,,0,0.0000,0,0.0000,0.0000,,0,0.0000,0,0.0000,0.0000,,0,0.0000
prebreak,600685,2024-05-16,S,S,A,C,S,S,A,26.9917,25.8200,24.4500,1.3700,,0,0.0000,0.0000,,0,0.0000,0,0.0000,0.0000,,0,0.0000,0,0.0000,0.0000,,0,0.0000
prebreak,601298,2024-05-16,S,S,A,C,S,S,A,7.4318,7.5600,7.1600,0.4000,,0,0.0000,0.0000,,0,0.0000,0,0.0000,0.0000,,0,0.0000,0,0.0000,0.0000,,0,0.0000
prebreak,601669,2024-05-16,S,S,A,C,S,S,A,4.9164,4.9600,4.7700,0.1900,,0,0.0000,0.0000,,0,0.0000,0,0.0000,0.0000,,0,0.0000,0,0.0000,0.0000,,0,0.0000
prebreak,000552,2024-05-17,S,S,A,C,S,S,A,3.3551,3.4100,3.2300,0.1800,,0,0.0000,0.0000,,0,0.0000,0,0.0000,0.0000,,0,0.0000,0,0.0000,0.0000,,0,0.0000
prebreak,000672,2024-05-17,S,S,A,C,S,S,A,6.4099,6.0600,5.8200,0.2400,,0,0.0000,0.0000,,0,0.0000,0,0.0000,0.0000,,0,0.0000,0,0.0000,0.0000,,0,0.0000
prebreak,000968,2024-05-17,S,S,A,C,S,S,A,6.7288,6.8900,6.6300,0.2600,,0,0.0000,0.0000,,0,0.0000,0,0.0000,0.0000,,0,0.0000,0,0.0000,0.0000,,0,0.0000
prebreak,002010,2024-05-17,S,S,A,C,S,S,A,4.3111,4.4000,4.2200,0.1800,,1,4.4000,4.2182,2024-05-24,0,-1.0277,1,4.4000,4.2200,2024-05-27,1,-1.0180,1,4.4000,4.2200,2024-05-27,1,-1.0180
prebreak,002061,2024-05-17,S,S,A,C,S,S,A,3.8683,3.5100,3.3500,0.1600,,0,0.0000,0.0000,,0,0.0000,0,0.0000,0.0000,,0,0.0000,0,0.0000,0.0000,,0,0.0000
prebreak,600236,2024-05-17,S,S,A,C,S,S,A,6.1091,5.9100,5.6500,0.2600,,0,0.0000,0.0000,,0,0.0000,0,0.0000,0.0000,,0,0.0000,0,0.0000,0.0000,,0,0.0000
prebreak,600248,2024-05-17,S,S,A,C,S,S,A,3.8672,3.8800,3.7000,0.1800,,0,0.0000,0.0000,,0,0.0000,0,0.0000,0.0000,,0,0.0000,0,0.0000,0.0000,,0,0.0000
prebreak,600258,2024-05-17,S,S,A,C,S,S,A,13.8771,13.9200,13.4300,0.4900,,1,13.9200,13.4300,2024-05-23,1,-1.0210,1,13.9200,13.4300,2024-05-23,1,-1.0210,1,13.9200,13.4300,2024-05-23,1,-1.0210
prebreak,600320,2024-05-17,S,S,A,C,S,S,A,3.5336,3.6900,3.4900,0.2000,,0,0.0000,0.0000,,0,0.0000,0,0.0000,0.0000,,0,0.0000,0,0.0000,0.0000,,0,0.0000
prebreak,600436,2024-05-17,S,S,A,C,S,S,A,227.2647,234.8800,224.3200,10.5600,,0,0.0000,0.0000,,0,0.0000,0,0.0000,0.0000,,0,0.0000,0,0.0000,0.0000,,0,0.0000
prebreak,600500,2024-05-17,S,S,A,C,S,S,A,4.2800,4.3300,4.1700,0.1600,,0,0.0000,0.0000,,0,0.0000,0,0.0000,0.0000,,0,0.0000,0,0.0000,0.0000,,0,0.0000
prebreak,600704,2024-05-17,S,S,A,C,S,S,A,4.3837,4.4200,4.2700,0.1500,,0,0.0000,0.0000,,0,0.0000,0,0.0000,0.0000,,0,0.0000,0,0.0000,0.0000,,0,0.0000
prebreak,600867,2024-05-17,S,S,A,C,S,S,A,9.1687,9.4000,9.0400,0.3600,,0,0.0000,0.0000,,0,0.0000,0,0.0000,0.0000,,0,0.0000,0,0.0000,0.0000,,0,0.0000
prebreak,600919,2024-05-17,S,S,A,C,S,S,A,7.1014,7.1100,6.7600,0.3500,,0,0.0000,0.0000,,0,0.0000,0,0.0000,0.0000,,0,0.0000,0,0.0000,0.0000,,0,0.0000
prebreak,601016,2024-05-17,S,S,A,C,S,S,A,3.0295,3.1100,2.9800,0.1300,,0,0.0000,0.0000,,0,0.0000,1,3.1100,3.0201,2024-05-31,0,-0.7093,1,3.1100,2.9800,2024-06-03,1,-1.0176
prebreak,601399,2024-05-17,S,S,A,C,S,S,A,2.9500,2.9900,2.8800,0.1100,,0,0.0000,0.0000,,0,0.0000,0,0.0000,0.0000,,0,0.0000,0,0.0000,0.0000,,0,0.0000
prebreak,601877,2024-05-17,S,S,A,C,S,S,A,19.2451,19.8900,18.9300,0.9600,,1,19.8900,20.3195,2024-05-24,0,0.4313,1,19.8900,19.7916,2024-05-31,0,-0.1182,1,19.8900,18.9300,2024-06-07,1,-1.0151
prebreak,603885,2024-05-17,S,S,A,C,S,S,A,11.9885,12.0400,11.4600,0.5800,,0,0.0000,0.0000,,0,0.0000,0,0.0000,0.0000,,0,0.0000,0,0.0000,0.0000,,0,0.0000
prebreak,000932,2024-05-20,S,S,A,C,S,S,A,4.6510,4.6600,4.4200,0.2400,,0,0.0000,0.0000,,0,0.0000,0,0.0000,0.0000,,0,0.0000,0,0.0000,0.0000,,0,0.0000
prebreak,002266,2024-05-20,S,S,A,C,S,S,A,3.1420,3.2800,3.1000,0.1800,,0,0.0000,0.0000,,0,0.0000,0,0.0000,0.0000,,0,0.0000,0,0.0000,0.0000,,0,0.0000
prebreak,002302,2024-05-20,S,S,A,C,S,S,A,5.9671,5.8100,5.5800,0.2300,,0,0.0000,0.0000,,0,0.0000,0,0.0000,0.0000,,0,0.0000,0,0.0000,0.0000,,0,0.0000
prebreak,002458,2024-05-20,S,S,A,C,S,S,A,7.4496,7.3300,7.0300,0.3000,,0,0.0000,0.0000,,0,0.0000,0,0.0000,0.0000,,0,0.0000,0,0.0000,0.0000,,0,0.0000
prebreak,002493,2024-05-20,S,S,A,C,S,S,A,10.5250,10.8600,10.4600,0.4000,,0,0.0000,0.0000,,0,0.0000,0,0.0000,0.0000,,0,0.0000,0,0.0000,0.0000,,0,0.0000
prebreak,002690,2024-05-20,S,S,A,C,S,S,A,16.2071,16.6800,15.8100,0.8700,,0,0.0000,0.0000,,0,0.0000,0,0.0000,0.0000,,0,0.0000,0,0.0000,0.0000,,0,0.0000
prebreak,002746,2024-05-20,S,S,A,C,S,S,A,5.9361,5.8400,5.6200,0.2200,,0,0.0000,0.0000,,0,0.0000,0,0.0000,0.0000,,0,0.0000,0,0.0000,0.0000,,0,0.0000
prebreak,600036,2024-05-20,S,S,A,C,S,S,A,31.2019,31.3200,29.6900,1.6300,,0,0.0000,0.0000,,0,0.0000,0,0.0000,0.0000,,0,0.0000,0,0.0000,0.0000,,0,0.0000
prebreak,600118,2024-05-20,S,S,A,C,S,S,A,24.7511,25.1900,24.2400,0.9500,,0,0.0000,0.0000,,0,0.0000,1,25.1900,24.7710,2024-06-03,0,-0.4609,1,25.1900,24.2400,2024-06-06,1,-1.0195
prebreak,600415,2024-05-20,S,S,A,C,S,S,A,7.6054,7.8600,7.5500,0.3100,,0,0.0000,0.0000,,0,0.0000,0,0.0000,0.0000,,0,0.0000,0,0.0000,0.0000,,0,0.0000
prebreak,600623,2024-05-20,S,S,A,C,S,S,A,6.7321,6.7600,6.4400,0.3200,,0,0.0000,0.0000,,0,0.0000,0,0.0000,0.0000,,0,0.0000,0,0.0000,0.0000,,0,0.0000
prebreak,600755,2024-05-20,S,S,A,C,S,S,A,7.0168,7.0400,6.7700,0.2700,,0,0.0000,0.0000,,0,0.0000,0,0.0000,0.0000,,0,0.0000,0,0.0000,0.0000,,0,0.0000
prebreak,600848,2024-05-20,S,S,A,C,S,S,A,10.4380,10.6400,10.1300,0.5100,,0,0.0000,0.0000,,0,0.0000,0,0.0000,0.0000,,0,0.0000,0,0.0000,0.0000,,0,0.0000
prebreak,600871,2024-05-20,S,S,A,C,S,S,A,1.9300,1.9400,1.8700,0.0700,,0,0.0000,0.0000,,0,0.0000,0,0.0000,0.0000,,0,0.0000,0,0.0000,0.0000,,0,0.0000
prebreak,600893,2024-05-20,S,S,A,C,S,S,A,36.7710,33.1900,31.5600,1.6300,,0,0.0000,0.0000,,0,0.0000,0,0.0000,0.0000,,0,0.0000,0,0.0000,0.0000,,0,0.0000
prebreak,601222,2024-05-20,S,S,A,C,S,S,A,6.1638,6.3000,6.0500,0.2500,,0,0.0000,0.0000,,0,0.0000,0,0.0000,0.0000,,0,0.0000,0,0.0000,0.0000,,0,0.0000
prebreak,601318,2024-05-20,S,S,A,C,S,S,A,39.8996,38.1600,36.4900,1.6700,,0,0.0000,0.0000,,0,0.0000,0,0.0000,0.0000,,0,0.0000,0,0.0000,0.0000,,0,0.0000
prebreak,688006,2024-05-20,S,S,A,C,S,S,A,19.9447,21.5200,20.4700,1.0500,,0,0.0000,0.0000,,0,0.0000,0,0.0000,0.0000,,0,0.0000,0,0.0000,0.0000,,0,0.0000
prebreak,000338,2024-05-22,S,S,A,C,S,S,A,15.0731,16.7200,15.8700,0.8500,,0,0.0000,0.0000,,0,0.0000,0,0.0000,0.0000,,0,0.0000,0,0.0000,0.0000,,0,0.0000
prebreak,000537,2024-05-22,S,S,A,C,S,S,A,9.4050,9.6100,9.2200,0.3900,,0,0.0000,0.0000,,0,0.0000,0,0.0000,0.0000,,0,0.0000,0,0.0000,0.0000,,0,0.0000
prebreak,000591,2024-05-22,S,S,A,C,S,S,A,4.9250,4.9800,4.7500,0.2300,,1,4.9800,5.0087,2024-05-29,0,0.1081,1,4.9800,4.7500,2024-06-03,1,-1.0158,1,4.9800,4.7500,2024-06-03,1,-1.0158
prebreak,000651,2024-05-22,S,S,A,C,S,S,A,35.8336,36.9200,35.6300,1.2900,,0,0.0000,0.0000,,0,0.0000,0,0.0000,0.0000,,0,0.0000,0,0.0000,0.0000,,0,0.0000
prebreak,000792,2024-05-22,S,S,A,C,S,S,A,17.9300,18.3300,17.5500,0.7800,,0,0.0000,0.0000,,0,0.0000,0,0.0000,0.0000,,0,0.0000,0,0.0000,0.0000,,0,0.0000
prebreak,002304,2024-05-22,S,S,A,C,S,S,A,82.4339,85.3400,81.0600,4.2800,,0,0.0000,0.0000,,0,0.0000,0,0.0000,0.0000,,0,0.0000,0,0.0000,0.0000,,0,0.0000
prebreak,300144,2024-05-22,S,S,A,C,S,S,A,9.7045,9.8800,9.4400,0.4400,,0,0.0000,0.0000,,0,0.0000,0,0.0000,0.0000,,0,0.0000,0,0.0000,0.0000,,0,0.0000
prebreak,600372,2024-05-22,S,S,A,C,S,S,A,11.9299,12.3500,11.8100,0.5400,,0,0.0000,0.0000,,0,0.0000,0,0.0000,0.0000,,0,0.0000,0,0.0000,0.0000,,0,0.0000
prebreak,600502,2024-05-22,S,S,A,C,S,S,A,4.3181,4.4200,4.2500,0.1700,,0,0.0000,0.0000,,0,0.0000,0,0.0000,0.0000,,0,0.0000,0,0.0000,0.0000,,0,0.0000
prebreak,601727,2024-05-22,S,S,A,C,S,S,A,4.2711,4.4100,4.2500,0.1600,,0,0.0000,0.0000,,0,0.0000,0,0.0000,0.0000,,0,0.0000,0,0.0000,0.0000,,0,0.0000
prebreak,000885,2024-05-27,S,S,A,C,S,S,A,11.5609,11.9600,11.4100,0.5500,,0,0.0000,0.0000,,0,0.0000,0,0.0000,0.0000,,0,0.0000,0,0.0000,0.0000,,0,0.0000
prebreak,000932,2024-05-27,S,S,A,C,S,S,A,4.6510,4.7200,4.5600,0.1600,,0,0.0000,0.0000,,0,0.0000,0,0.0000,0.0000,,0,0.0000,0,0.0000,0.0000,,0,0.0000
prebreak,000963,2024-05-27,S,S,A,C,S,S,A,29.6678,31.4400,30.1800,1.2600,,0,0.0000,0.0000,,0,0.0000,0,0.0000,0.0000,,0,0.0000,0,0.0000,0.0000,,0,0.0000
prebreak,002266,2024-05-27,S,S,A,C,S,S,A,3.0370,3.1400,2.9800,0.1600,,0,0.0000,0.0000,,0,0.0000,0,0.0000,0.0000,,0,0.0000,0,0.0000,0.0000,,0,0.0000
prebreak,002458,2024-05-27,S,S,A,C,S,S,A,7.4709,7.6400,7.2800,0.3600,,0,0.0000,0.0000,,0,0.0000,0,0.0000,0.0000,,0,0.0000,0,0.0000,0.0000,,0,0.0000
prebreak,002493,2024-05-27,S,S,A,C,S,S,A,10.1855,10.5500,10.0200,0.5300,,0,0.0000,0.0000,,0,0.0000,0,0.0000,0.0000,,0,0.0000,0,0.0000,0.0000,,0,0.0000
prebreak,002690,2024-05-27,S,S,A,C,S,S,A,15.8379,16.6800,16.0000,0.6800,,0,0.0000,0.0000,,0,0.0000,0,0.0000,0.0000,,0,0.0000,0,0.0000,0.0000,,0,0.0000
prebreak,002746,2024-05-27,S,S,A,C,S,S,A,5.7848,6.0700,5.7800,0.2900,,0,0.0000,0.0000,,0,0.0000,0,0.0000,0.0000,,0,0.0000,0,0.0000,0.0000,,0,0.0000
prebreak,003035,2024-05-27,S,S,A,C,S,S,A,5.0365,5.1000,4.8400,0.2600,,1,5.1000,4.8400,2024-06-03,1,-1.0143,1,5.1000,4.8400,2024-06-03,1,-1.0143,1,5.1000,4.8400,2024-06-03,1,-1.0143
prebreak,600118,2024-05-27,S,S,A,C,S,S,A,23.9630,25.0200,23.7300,1.2900,,1,25.0200,24.7710,2024-06-03,0,-0.2076,1,25.0200,23.7300,2024-06-07,1,-1.0141,1,25.0200,23.7300,2024-06-07,1,-1.0141
prebreak,600415,2024-05-27,S,S,A,C,S,S,A,7.4498,7.6400,7.2800,0.3600,,0,0.0000,0.0000,,0,0.0000,0,0.0000,0.0000,,0,0.0000,0,0.0000,0.0000,,0,0.0000
prebreak,600848,2024-05-27,S,S,A,C,S,S,A,10.2792,10.6400,10.1400,0.5000,,0,0.0000,0.0000,,0,0.0000,0,0.0000,0.0000,,0,0.0000,0,0.0000,0.0000,,0,0.0000
prebreak,600871,2024-05-27,S,S,A,C,S,S,A,1.8500,1.9400,1.8700,0.0700,,0,0.0000,0.0000,,0,0.0000,0,0.0000,0.0000,,0,0.0000,0,0.0000,0.0000,,0,0.0000
prebreak,600893,2024-05-27,S,S,A,C,S,S,A,34.9275,36.0600,34.2900,1.7700,,1,36.0600,36.7511,2024-06-03,0,0.3747,1,36.0600,37.7423,2024-06-11,0,0.9344,1,36.0600,35.5915,2024-06-25,0,-0.2800
prebreak,601088,2024-05-27,S,S,A,C,S,S,A,35.9511,35.2700,33.6600,1.6100,,0,0.0000,0.0000,,0,0.0000,0,0.0000,0.0000,,0,0.0000,0,0.0000,0.0000,,0,0.0000
prebreak,601611,2024-05-27,S,S,A,C,S,S,A,7.5300,7.7400,7.3700,0.3700,,1,7.7400,7.9684,2024-06-03,0,0.6010,1,7.7400,7.9294,2024-06-11,0,0.4958,1,7.7400,7.7541,2024-06-25,0,0.0222
prebreak,601678,2024-05-27,S,S,A,C,S,S,A,3.8094,4.1000,3.8900,0.2100,,0,0.0000,0.0000,,0,0.0000,0,0.0000,0.0000,,0,0.0000,0,0.0000,0.0000,,0,0.0000
prebreak,603288,2024-05-27,S,S,A,C,S,S,A,33.5768,36.2000,34.4500,1.7500,,0,0.0000,0.0000,,0,0.0000,0,0.0000,0.0000,,0,0.0000,0,0.0000,0.0000,,0,0.0000
prebreak,688006,2024-05-27,S,S,A,C,S,S,A,19.2786,20.3900,19.6100,0.7800,,0,0.0000,0.0000,,0,0.0000,0,0.0000,0.0000,,0,0.0000,0,0.0000,0.0000,,0,0.0000
prebreak,688016,2024-05-27,S,S,A,C,S,S,A,108.6021,120.2500,115.0600,5.1900,,0,0.0000,0.0000,,0,0.0000,0,0.0000,0.0000,,0,0.0000,0,0.0000,0.0000,,0,0.0000
prebreak,000537,2024-05-29,S,S,A,C,S,S,A,9.4799,9.6100,9.2200,0.3900,,1,9.6100,10.0607,2024-06-05,0,1.1363,1,9.6100,10.6322,2024-06-13,0,2.6005,1,9.6100,9.2200,2024-06-24,1,-1.0181
prebreak,000591,2024-05-29,S,S,A,C,S,S,A,5.0087,5.0100,4.7500,0.2600,,0,0.0000,0.0000,,0,0.0000,0,0.0000,0.0000,,0,0.0000,0,0.0000,0.0000,,0,0.0000
prebreak,002081,2024-05-29,S,S,A,C,S,S,A,3.1730,3.2700,3.1400,0.1300,,0,0.0000,0.0000,,0,0.0000,0,0.0000,0.0000,,0,0.0000,0,0.0000,0.0000,,0,0.0000
prebreak,300144,2024-05-29,S,S,A,C,S,S,A,9.4355,9.8800,9.4400,0.4400,,0,0.0000,0.0000,,0,0.0000,0,0.0000,0.0000,,0,0.0000,0,0.0000,0.0000,,0,0.0000
prebreak,600072,2024-05-29,S,S,A,C,S,S,A,15.2707,16.0500,15.2700,0.7800,,0,0.0000,0.0000,,0,0.0000,0,0.0000,0.0000,,0,0.0000,0,0.0000,0.0000,,0,0.0000
prebreak,600372,2024-05-29,S,S,A,C,S,S,A,11.4801,12.3500,11.7300,0.6200,,0,0.0000,0.0000,,0,0.0000,0,0.0000,0.0000,,0,0.0000,0,0.0000,0.0000,,0,0.0000
prebreak,600502,2024-05-29,S,S,A,C,S,S,A,4.1581,4.3200,4.1400,0.1800,,0,0.0000,0.0000,,0,0.0000,0,0.0000,0.0000,,0,0.0000,0,0.0000,0.0000,,0,0.0000
prebreak,601727,2024-05-29,S,S,A,C,S,S,A,4.2612,4.3500,4.1800,0.1700,,0,0.0000,0.0000,,0,0.0000,0,0.0000,0.0000,,0,0.0000,0,0.0000,0.0000,,0,0.0000
prebreak,002007,2024-05-30,S,S,A,C,S,S,A,16.9652,17.1800,16.3300,0.8500,,0,0.0000,0.0000,,0,0.0000,0,0.0000,0.0000,,0,0.0000,0,0.0000,0.0000,,0,0.0000
prebreak,002202,2024-05-30,S,S,A,C,S,S,A,7.6336,7.8700,7.5000,0.3700,,0,0.0000,0.0000,,0,0.0000,0,0.0000,0.0000,,0,0.0000,0,0.0000,0.0000,,0,0.0000
prebreak,002608,2024-05-30,S,S,A,C,S,S,A,7.8140,8.0300,7.6300,0.4000,,0,0.0000,0.0000,,0,0.0000,0,0.0000,0.0000,,0,0.0000,0,0.0000,0.0000,,0,0.0000
prebreak,300498,2024-05-30,S,S,A,C,S,S,A,20.3802,21.2600,20.2400,1.0200,,0,0.0000,0.0000,,0,0.0000,0,0.0000,0.0000,,0,0.0000,0,0.0000,0.0000,,0,0.0000
prebreak,300760,2024-05-30,S,S,A,C,S,S,A,282.7933,292.4000,280.0400,12.3600,,0,0.0000,0.0000,,0,0.0000,0,0.0000,0.0000,,0,0.0000,0,0.0000,0.0000,,0,0.0000
prebreak,600208,2024-05-30,S,S,A,C,S,S,A,2.1000,2.1900,2.1200,0.0700,,0,0.0000,0.0000,,0,0.0000,0,0.0000,0.0000,,0,0.0000,0,0.0000,0.0000,,0,0.0000
prebreak,600298,2024-05-30,S,S,A,C,S,S,A,29.7149,30.1800,29.1000,1.0800,,0,0.0000,0.0000,,0,0.0000,0,0.0000,0.0000,,0,0.0000,0,0.0000,0.0000,,0,0.0000
prebreak,600578,2024-05-30,S,S,A,C,S,S,A,3.0739,3.1800,3.0100,0.1700,,0,0.0000,0.0000,,0,0.0000,0,0.0000,0.0000,,0,0.0000,0,0.0000,0.0000,,0,0.0000
prebreak,600685,2024-05-30,S,S,A,C,S,S,A,26.7940,27.2800,25.9000,1.3800,,1,27.2800,27.2783,2024-06-06,0,-0.0162,1,27.2800,27.5649,2024-06-14,0,0.1913,1,27.2800,25.9000,2024-06-25,1,-1.0144
prebreak,600779,2024-05-30,S,S,A,C,S,S,A,43.1232,45.0900,43.0200,2.0700,,0,0.0000,0.0000,,0,0.0000,0,0.0000,0.0000,,0,0.0000,0,0.0000,0.0000,,0,0.0000
prebreak,600888,2024-05-30,S,S,A,C,S,S,A,7.3434,7.5700,7.2000,0.3700,,0,0.0000,0.0000,,0,0.0000,0,0.0000,0.0000,,0,0.0000,0,0.0000,0.0000,,0,0.0000
prebreak,601198,2024-05-30,S,S,A,C,S,S,A,8.0963,8.2700,7.9800,0.2900,,0,0.0000,0.0000,,0,0.0000,0,0.0000,0.0000,,0,0.0000,0,0.0000,0.0000,,0,0.0000
prebreak,000617,2024-05-31,S,S,A,C,S,S,A,5.3980,5.6000,5.3300,0.2700,,0,0.0000,0.0000,,0,0.0000,1,5.6000,5.4740,2024-06-17,0,-0.4821,1,5.6000,5.3300,2024-06-20,1,-1.0151
prebreak,000968,2024-05-31,S,S,A,C,S,S,A,6.6904,6.9600,6.6400,0.3200,,0,0.0000,0.0000,,0,0.0000,0,0.0000,0.0000,,0,0.0000,0,0.0000,0.0000,,0,0.0000
prebreak,600161,2024-05-31,S,S,A,C,S,S,A,23.1008,23.5700,22.6700,0.9000,,1,23.5700,25.4239,2024-06-07,0,2.0387,1,23.5700,25.2364,2024-06-17,0,1.8305,1,23.5700,24.5173,2024-07-01,0,1.0320
prebreak,600483,2024-05-31,S,S,A,C,S,S,A,9.7178,10.1100,9.5900,0.5200,,0,0.0000,0.0000,,0,0.0000,0,0.0000,0.0000,,0,0.0000,0,0.0000,0.0000,,0,0.0000
prebreak,600704,2024-05-31,S,S,A,C,S,S,A,4.2252,4.4200,4.2100,0.2100,,0,0.0000,0.0000,,0,0.0000,0,0.0000,0.0000,,0,0.0000,0,0.0000,0.0000,,0,0.0000
prebreak,002158,2024-06-04,S,S,A,C,S,S,A,17.5933,18.2600,17.4200,0.8400,,0,0.0000,0.0000,,0,0.0000,0,0.0000,0.0000,,0,0.0000,0,0.0000,0.0000,,0,0.0000
prebreak,600406,2024-06-04,S,S,A,C,S,S,A,22.3609,21.6100,20.5300,1.0800,,0,0.0000,0.0000,,0,0.0000,0,0.0000,0.0000,,0,0.0000,0,0.0000,0.0000,,0,0.0000
prebreak,600572,2024-06-04,S,S,A,C,S,S,A,5.0141,4.7700,4.5900,0.1800,,0,0.0000,0.0000,,0,0.0000,0,0.0000,0.0000,,0,0.0000,0,0.0000,0.0000,,0,0.0000
prebreak,600956,2024-06-04,S,S,A,C,S,S,A,8.7578,8.8800,8.4300,0.4500,,0,0.0000,0.0000,,0,0.0000,0,0.0000,0.0000,,0,0.0000,0,0.0000,0.0000,,0,0.0000
prebreak,601000,2024-06-04,S,S,A,C,S,S,A,3.8062,3.8800,3.7000,0.1800,,0,0.0000,0.0000,,0,0.0000,0,0.0000,0.0000,,0,0.0000,0,0.0000,0.0000,,0,0.0000
prebreak,601100,2024-06-04,S,S,A,C,S,S,A,48.8388,49.9100,47.8200,2.0900,,0,0.0000,0.0000,,0,0.0000,0,0.0000,0.0000,,0,0.0000,0,0.0000,0.0000,,0,0.0000
prebreak,601619,2024-06-04,S,S,A,C,S,S,A,3.1687,3.3900,3.2200,0.1700,,0,0.0000,0.0000,,0,0.0000,0,0.0000,0.0000,,0,0.0000,0,0.0000,0.0000,,0,0.0000
prebreak,000617,2024-06-07,S,S,A,C,S,S,A,5.2839,5.4300,5.2300,0.2000,,1,5.4300,5.4740,2024-06-17,0,0.1993,1,5.4300,5.2300,2024-06-24,1,-1.0200,1,5.4300,5.2300,2024-06-24,1,-1.0200
prebreak,000968,2024-06-07,S,S,A,C,S,S,A,6.5368,6.9600,6.6400,0.3200,,0,0.0000,0.0000,,0,0.0000,0,0.0000,0.0000,,0,0.0000,0,0.0000,0.0000,,0,0.0000
prebreak,002966,2024-06-07,S,S,A,C,S,S,A,6.8007,6.9200,6.5800,0.3400,,0,0.0000,0.0000,,0,0.0000,0,0.0000,0.0000,,0,0.0000,0,0.0000,0.0000,,0,0.0000
prebreak,600161,2024-06-07,S,S,A,C,S,S,A,25.4239,23.5700,22.6700,0.9000,,0,0.0000,0.0000,,0,0.0000,0,0.0000,0.0000,,0,0.0000,0,0.0000,0.0000,,0,0.0000
prebreak,600320,2024-06-07,S,S,A,C,S,S,A,3.4187,3.4800,3.3200,0.1600,,0,0.0000,0.0000,,0,0.0000,0,0.0000,0.0000,,0,0.0000,0,0.0000,0.0000,,0,0.0000
prebreak,600704,2024-06-07,S,S,A,C,S,S,A,4.1636,4.2700,4.0900,0.1800,,0,0.0000,0.0000,,0,0.0000,0,0.0000,0.0000,,0,0.0000,0,0.0000,0.0000,,0,0.0000
prebreak,000100,2024-06-11,S,S,A,C,S,S,A,4.3363,4.2700,4.0500,0.2200,,0,0.0000,0.0000,,0,0.0000,0,0.0000,0.0000,,0,0.0000,0,0.0000,0.0000,,0,0.0000
prebreak,002458,2024-06-11,S,S,A,C,S,S,A,6.9241,7.6400,7.2800,0.3600,,0,0.0000,0.0000,,0,0.0000,0,0.0000,0.0000,,0,0.0000,0,0.0000,0.0000,,0,0.0000
prebreak,601088,2024-06-11,S,S,A,C,S,S,A,37.1837,37.6200,36.0500,1.5700,,0,0.0000,0.0000,,0,0.0000,0,0.0000,0.0000,,0,0.0000,0,0.0000,0.0000,,0,0.0000
prebreak,002158,2024-06-12,S,S,A,C,S,S,A,17.1542,18.2600,17.4200,0.8400,,0,0.0000,0.0000,,0,0.0000,0,0.0000,0.0000,,0,0.0000,0,0.0000,0.0000,,0,0.0000
prebreak,002352,2024-06-12,S,S,A,C,S,S,A,34.9961,35.9100,34.4100,1.5000,,0,0.0000,0.0000,,0,0.0000,0,0.0000,0.0000,,0,0.0000,0,0.0000,0.0000,,0,0.0000
prebreak,002891,2024-06-12,S,S,A,C,S,S,A,21.3502,22.3800,21.5800,0.8000,,0,0.0000,0.0000,,0,0.0000,0,0.0000,0.0000,,0,0.0000,0,0.0000,0.0000,,0,0.0000
prebreak,600011,2024-06-12,S,S,A,C,S,S,A,8.3455,8.4800,8.0500,0.4300,,0,0.0000,0.0000,,0,0.0000,0,0.0000,0.0000,,0,0.0000,0,0.0000,0.0000,,0,0.0000
prebreak,600035,2024-06-12,S,S,A,C,S,S,A,3.9444,4.0000,3.7900,0.2100,,0,0.0000,0.0000,,0,0.0000,0,0.0000,0.0000,,0,0.0000,0,0.0000,0.0000,,0,0.0000
prebreak,600116,2024-06-12,S,S,A,C,S,S,A,6.8761,7.0900,6.8300,0.2600,,0,0.0000,0.0000,,0,0.0000,0,0.0000,0.0000,,0,0.0000,0,0.0000,0.0000,,0,0.0000
prebreak,600956,2024-06-12,S,S,A,C,S,S,A,8.5306,8.9100,8.4300,0.4800,,0,0.0000,0.0000,,0,0.0000,0,0.0000,0.0000,,0,0.0000,0,0.0000,0.0000,,0,0.0000
prebreak,601000,2024-06-12,S,S,A,C,S,S,A,3.8427,3.9200,3.7000,0.2200,,0,0.0000,0.0000,,0,0.0000,0,0.0000,0.0000,,0,0.0000,0,0.0000,0.0000,,0,0.0000
prebreak,601100,2024-06-12,S,S,A,C,S,S,A,50.0767,49.9100,47.8200,2.0900,,0,0.0000,0.0000,,0,0.0000,0,0.0000,0.0000,,0,0.0000,0,0.0000,0.0000,,0,0.0000
prebreak,601326,2024-06-12,S,S,A,C,S,S,A,2.8563,2.9900,2.8300,0.1600,,0,0.0000,0.0000,,0,0.0000,0,0.0000,0.0000,,0,0.0000,1,2.9900,3.0400,2024-07-10,0,0.2981
prebreak,601390,2024-06-12,S,S,A,C,S,S,A,5.8521,6.1300,5.8700,0.2600,,0,0.0000,0.0000,,0,0.0000,0,0.0000,0.0000,,0,0.0000,0,0.0000,0.0000,,0,0.0000
prebreak,000338,2024-06-13,S,S,A,C,S,S,A,14.1435,14.7600,14.0100,0.7500,,0,0.0000,0.0000,,0,0.0000,0,0.0000,0.0000,,0,0.0000,0,0.0000,0.0000,,0,0.0000
prebreak,000537,2024-06-13,S,S,A,C,S,S,A,10.6322,9.6100,9.2200,0.3900,,0,0.0000,0.0000,,0,0.0000,0,0.0000,0.0000,,0,0.0000,0,0.0000,0.0000,,0,0.0000
prebreak,300144,2024-06-13,S,S,A,C,S,S,A,8.4799,9.4900,9.0300,0.4600,,0,0.0000,0.0000,,0,0.0000,0,0.0000,0.0000,,0,0.0000,0,0.0000,0.0000,,0,0.0000
prebreak,600372,2024-06-13,S,S,A,C,S,S,A,12.0864,12.1700,11.6000,0.5700,,0,0.0000,0.0000,,0,0.0000,0,0.0000,0.0000,,0,0.0000,0,0.0000,0.0000,,0,0.0000
prebreak,600863,2024-06-13,S,S,A,C,S,S,A,4.0874,4.1700,3.9600,0.2100,,0,0.0000,0.0000,,0,0.0000,0,0.0000,0.0000,,0,0.0000,0,0.0000,0.0000,,0,0.0000
prebreak,601018,2024-06-13,S,S,A,C,S,S,A,3.1989,3.3600,3.1800,0.1800,,0,0.0000,0.0000,,0,0.0000,0,0.0000,0.0000,,0,0.0000,0,0.0000,0.0000,,0,0.0000
prebreak,002948,2024-06-14,S,S,A,C,S,S,A,3.0707,3.1700,3.0200,0.1500,,0,0.0000,0.0000,,0,0.0000,0,0.0000,0.0000,,0,0.0000,0,0.0000,0.0000,,0,0.0000
prebreak,600025,2024-06-14,S,S,A,C,S,S,A,9.8933,10.2200,9.8100,0.4100,,0,0.0000,0.0000,,0,0.0000,0,0.0000,0.0000,,0,0.0000,0,0.0000,0.0000,,0,0.0000
prebreak,600298,2024-06-14,S,S,A,C,S,S,A,28.7939,29.5200,28.0600,1.4600,,0,0.0000,0.0000,,0,0.0000,0,0.0000,0.0000,,0,0.0000,0,0.0000,0.0000,,0,0.0000
prebreak,600328,2024-06-14,S,S,A,C,S,S,A,7.0389,7.2200,6.8900,0.3300,,0,0.0000,0.0000,,0,0.0000,0,0.0000,0.0000,,0,0.0000,0,0.0000,0.0000,,0,0.0000
prebreak,000012,2024-06-17,S,S,A,C,S,S,A,4.9021,5.2100,5.0000,0.2100,,0,0.0000,0.0000,,0,0.0000,0,0.0000,0.0000,,0,0.0000,0,0.0000,0.0000,,0,0.0000
prebreak,002966,2024-06-17,S,S,A,C,S,S,A,6.5002,6.8400,6.5800,0.2600,,0,0.0000,0.0000,,0,0.0000,0,0.0000,0.0000,,0,0.0000,0,0.0000,0.0000,,0,0.0000
prebreak,600170,2024-06-17,S,S,A,C,S,S,A,2.0755,2.1300,2.0600,0.0700,,0,0.0000,0.0000,,0,0.0000,0,0.0000,0.0000,,0,0.0000,0,0.0000,0.0000,,0,0.0000
prebreak,600704,2024-06-17,S,S,A,C,S,S,A,3.9084,4.1800,4.0000,0.1800,,0,0.0000,0.0000,,0,0.0000,0,0.0000,0.0000,,0,0.0000,0,0.0000,0.0000,,0,0.0000
prebreak,603885,2024-06-17,S,S,A,C,S,S,A,11.6976,12.0100,11.4500,0.5600,,0,0.0000,0.0000,,0,0.0000,0,0.0000,0.0000,,0,0.0000,0,0.0000,0.0000,,0,0.0000
prebreak,600027,2024-06-18,S,S,A,C,S,S,A,5.9822,6.6200,6.3100,0.3100,,0,0.0000,0.0000,,0,0.0000,0,0.0000,0.0000,,0,0.0000,0,0.0000,0.0000,,0,0.0000
prebreak,600415,2024-06-18,S,S,A,C,S,S,A,7.2576,7.6400,7.2800,0.3600,,0,0.0000,0.0000,,0,0.0000,0,0.0000,0.0000,,0,0.0000,0,0.0000,0.0000,,0,0.0000
prebreak,601088,2024-06-18,S,S,A,C,S,S,A,37.2950,38.7000,36.7500,1.9500,,0,0.0000,0.0000,,0,0.0000,0,0.0000,0.0000,,0,0.0000,0,0.0000,0.0000,,0,0.0000
prebreak,600298,2024-06-21,S,S,A,C,S,S,A,27.7178,28.7400,27.5500,1.1900,,0,0.0000,0.0000,,0,0.0000,0,0.0000,0.0000,,0,0.0000,0,0.0000,0.0000,,0,0.0000
prebreak,600643,2024-06-21,S,S,A,C,S,S,A,3.8095,4.0000,3.7900,0.2100,,0,0.0000,0.0000,,0,0.0000,0,0.0000,0.0000,,0,0.0000,0,0.0000,0.0000,,0,0.0000
prebreak,600415,2024-06-25,S,S,A,C,S,S,A,7.1752,7.3100,6.9500,0.3600,,0,0.0000,0.0000,,0,0.0000,0,0.0000,0.0000,,0,0.0000,0,0.0000,0.0000,,0,0.0000
prebreak,002508,2024-06-26,S,S,A,C,S,S,A,20.6101,21.7700,20.9100,0.8600,,0,0.0000,0.0000,,0,0.0000,0,0.0000,0.0000,,0,0.0000,0,0.0000,0.0000,,0,0.0000
prebreak,600179,2024-06-26,S,S,A,C,S,S,A,2.3800,2.1900,2.1100,0.0800,,0,0.0000,0.0000,,0,0.0000,0,0.0000,0.0000,,0,0.0000,0,0.0000,0.0000,,0,0.0000
prebreak,601000,2024-06-26,S,S,A,C,S,S,A,4.1165,3.9100,3.7000,0.2100,,0,0.0000,0.0000,,0,0.0000,0,0.0000,0.0000,,0,0.0000,0,0.0000,0.0000,,0,0.0000
prebreak,601326,2024-06-26,S,S,A,C,S,S,A,2.8563,2.9400,2.7900,0.1500,,0,0.0000,0.0000,,0,0.0000,0,0.0000,0.0000,,0,0.0000,0,0.0000,0.0000,,0,0.0000
prebreak,002371,2024-06-28,S,S,A,C,S,S,A,235.5902,249.2100,238.5100,10.7000,,0,0.0000,0.0000,,0,0.0000,0,0.0000,0.0000,,0,0.0000,1,249.2100,245.0706,2024-07-26,0,-0.4043
prebreak,600089,2024-06-28,S,S,A,C,S,S,A,13.1744,13.4400,12.8100,0.6300,,0,0.0000,0.0000,,0,0.0000,0,0.0000,0.0000,,0,0.0000,0,0.0000,0.0000,,0,0.0000
prebreak,600905,2024-06-28,S,S,A,C,S,S,A,4.1773,4.2100,4.0400,0.1700,,0,0.0000,0.0000,,0,0.0000,0,0.0000,0.0000,,0,0.0000,0,0.0000,0.0000,,0,0.0000
prebreak,601528,2024-06-28,S,S,A,C,S,S,A,4.3586,4.4100,4.2000,0.2100,,0,0.0000,0.0000,,0,0.0000,0,0.0000,0.0000,,0,0.0000,0,0.0000,0.0000,,0,0.0000
prebreak,002511,2024-07-01,S,S,A,C,S,S,A,6.9199,7.0400,6.6800,0.3600,,0,0.0000,0.0000,,0,0.0000,0,0.0000,0.0000,,0,0.0000,0,0.0000,0.0000,,0,0.0000
prebreak,600320,2024-07-01,S,S,A,C,S,S,A,3.3134,3.3400,3.1900,0.1500,,0,0.0000,0.0000,,0,0.0000,0,0.0000,0.0000,,0,0.0000,0,0.0000,0.0000,,0,0.0000
prebreak,600906,2024-07-01,S,S,A,C,S,S,A,5.6542,6.0500,5.7800,0.2700,,0,0.0000,0.0000,,0,0.0000,0,0.0000,0.0000,,0,0.0000,0,0.0000,0.0000,,0,0.0000
prebreak,600908,2024-07-01,S,S,A,C,S,S,A,4.8678,4.8200,4.5700,0.2500,,0,0.0000,0.0000,,0,0.0000,0,0.0000,0.0000,,0,0.0000,0,0.0000,0.0000,,0,0.0000
prebreak,601958,2024-07-01,S,S,A,C,S,S,A,10.1810,9.7500,9.3800,0.3700,,0,0.0000,0.0000,,0,0.0000,0,0.0000,0.0000,,0,0.0000,0,0.0000,0.0000,,0,0.0000
prebreak,000686,2024-07-02,S,S,A,C,S,S,A,5.3178,6.3100,6.0600,0.2500,,0,0.0000,0.0000,,0,0.0000,0,0.0000,0.0000,,0,0.0000,0,0.0000,0.0000,,0,0.0000
prebreak,600057,2024-07-02,S,S,A,C,S,S,A,6.4537,6.5200,6.2000,0.3200,,0,0.0000,0.0000,,0,0.0000,0,0.0000,0.0000,,0,0.0000,0,0.0000,0.0000,,0,0.0000
prebreak,600415,2024-07-02,S,S,A,C,S,S,A,6.9404,7.2600,6.9100,0.3500,,0,0.0000,0.0000,,0,0.0000,0,0.0000,0.0000,,0,0.0000,0,0.0000,0.0000,,0,0.0000
prebreak,600737,2024-07-02,S,S,A,C,S,S,A,8.4693,8.5000,8.0400,0.4600,,0,0.0000,0.0000,,0,0.0000,0,0.0000,0.0000,,0,0.0000,0,0.0000,0.0000,,0,0.0000
prebreak,600939,2024-07-02,S,S,A,C,S,S,A,2.3397,2.4300,2.3300,0.1000,,0,0.0000,0.0000,,0,0.0000,0,0.0000,0.0000,,0,0.0000,0,0.0000,0.0000,,0,0.0000
prebreak,601066,2024-07-02,S,S,A,C,S,S,A,18.4748,21.0500,20.1200,0.9300,,0,0.0000,0.0000,,0,0.0000,0,0.0000,0.0000,,0,0.0000,0,0.0000,0.0000,,0,0.0000
prebreak,601611,2024-07-02,S,S,A,C,S,S,A,8.1730,8.1100,7.7400,0.3700,,0,0.0000,0.0000,,0,0.0000,0,0.0000,0.0000,,0,0.0000,0,0.0000,0.0000,,0,0.0000
prebreak,601328,2024-07-05,S,S,A,C,S,S,A,6.5406,6.7600,6.4400,0.3200,,0,0.0000,0.0000,,0,0.0000,0,0.0000,0.0000,,0,0.0000,0,0.0000,0.0000,,0,0.0000
prebreak,601528,2024-07-05,S,S,A,C,S,S,A,4.3401,4.5300,4.3100,0.2200,,0,0.0000,0.0000,,0,0.0000,1,4.5300,4.4971,2024-07-19,0,-0.1652,1,4.5300,4.5063,2024-08-02,0,-0.1233
prebreak,601607,2024-07-05,S,S,A,C,S,S,A,17.9917,18.3100,17.3800,0.9300,,0,0.0000,0.0000,,0,0.0000,1,18.3100,18.8610,2024-07-19,0,0.5771,1,18.3100,18.5366,2024-08-02,0,0.2285
prebreak,000686,2024-07-09,S,S,A,C,S,S,A,5.1552,5.4000,5.1600,0.2400,,0,0.0000,0.0000,,0,0.0000,0,0.0000,0.0000,,0,0.0000,0,0.0000,0.0000,,0,0.0000
prebreak,600057,2024-07-09,S,S,A,C,S,S,A,6.1828,6.5200,6.2500,0.2700,,0,0.0000,0.0000,,0,0.0000,0,0.0000,0.0000,,0,0.0000,0,0.0000,0.0000,,0,0.0000
prebreak,600415,2024-07-09,S,S,A,C,S,S,A,6.9029,7.2600,6.9100,0.3500,,0,0.0000,0.0000,,0,0.0000,0,0.0000,0.0000,,0,0.0000,0,0.0000,0.0000,,0,0.0000
prebreak,600737,2024-07-09,S,S,A,C,S,S,A,8.2127,8.5900,8.1500,0.4400,,0,0.0000,0.0000,,0,0.0000,0,0.0000,0.0000,,0,0.0000,0,0.0000,0.0000,,0,0.0000
prebreak,601066,2024-07-09,S,S,A,C,S,S,A,17.8140,21.0500,20.1200,0.9300,,0,0.0000,0.0000,,0,0.0000,0,0.0000,0.0000,,0,0.0000,0,0.0000,0.0000,,0,0.0000
prebreak,601611,2024-07-09,S,S,A,C,S,S,A,7.8125,8.1100,7.7400,0.3700,,0,0.0000,0.0000,,0,0.0000,0,0.0000,0.0000,,0,0.0000,0,0.0000,0.0000,,0,0.0000
prebreak,000513,2024-07-11,S,S,A,C,S,S,A,33.1484,34.5900,32.9500,1.6400,,0,0.0000,0.0000,,0,0.0000,1,34.5900,33.5847,2024-07-25,0,-0.6286,1,34.5900,32.9500,2024-07-30,1,-1.0154
prebreak,600497,2024-07-11,S,S,A,C,S,S,A,5.5635,5.3600,5.1300,0.2300,,1,5.3600,5.5250,2024-07-18,0,0.6990,1,5.3600,5.1300,2024-07-23,1,-1.0171,1,5.3600,5.1300,2024-07-23,1,-1.0171
prebreak,000725,2024-07-12,S,S,A,C,S,S,A,4.2105,4.0800,3.9100,0.1700,,0,0.0000,0.0000,,0,0.0000,0,0.0000,0.0000,,0,0.0000,0,0.0000,0.0000,,0,0.0000
prebreak,600089,2024-07-12,S,S,A,C,S,S,A,12.6368,12.9900,12.3700,0.6200,,1,12.9900,13.0706,2024-07-19,0,0.1140,1,12.9900,12.9453,2024-07-26,0,-0.0880,1,12.9900,12.8200,2024-08-09,0,-0.2900
prebreak,600741,2024-07-12,S,S,A,C,S,S,A,13.8292,13.8500,13.1600,0.6900,,0,0.0000,0.0000,,0,0.0000,0,0.0000,0.0000,,0,0.0000,0,0.0000,0.0000,,0,0.0000
prebreak,601198,2024-07-12,S,S,A,C,S,S,A,7.7208,7.7700,7.4200,0.3500,,0,0.0000,0.0000,,0,0.0000,0,0.0000,0.0000,,0,0.0000,0,0.0000,0.0000,,0,0.0000
prebreak,601528,2024-07-12,S,S,A,C,S,S,A,4.4047,4.4500,4.2700,0.1800,,1,4.4500,4.4971,2024-07-19,0,0.2426,1,4.4500,4.4509,2024-07-26,0,-0.0138,1,4.4500,4.4047,2024-08-09,0,-0.2701
prebreak,601607,2024-07-12,S,S,A,C,S,S,A,17.8516,18.1500,17.3300,0.8200,,1,18.1500,18.8610,2024-07-19,0,0.8497,1,18.1500,18.7274,2024-07-26,0,0.6869,1,18.1500,18.1264,2024-08-09,0,-0.0456
prebreak,600057,2024-07-16,S,S,A,C,S,S,A,5.8373,6.5200,6.2500,0.2700,,0,0.0000,0.0000,,0,0.0000,0,0.0000,0.0000,,0,0.0000,0,0.0000,0.0000,,0,0.0000
prebreak,601066,2024-07-16,S,S,A,C,S,S,A,18.1347,18.6000,17.6700,0.9300,,0,0.0000,0.0000,,0,0.0000,0,0.0000,0.0000,,0,0.0000,0,0.0000,0.0000,,0,0.0000
prebreak,601611,2024-07-16,S,S,A,C,S,S,A,7.8613,7.9200,7.5300,0.3900,,0,0.0000,0.0000,,0,0.0000,0,0.0000,0.0000,,0,0.0000,0,0.0000,0.0000,,0,0.0000
prebreak,600497,2024-07-18,S,S,A,C,S,S,A,5.5250,5.3600,5.1300,0.2300,,0,0.0000,0.0000,,0,0.0000,0,0.0000,0.0000,,0,0.0000,0,0.0000,0.0000,,0,0.0000
prebreak,000690,2024-07-19,S,S,A,C,S,S,A,4.4244,4.6600,4.4100,0.2500,,0,0.0000,0.0000,,0,0.0000,0,0.0000,0.0000,,0,0.0000,0,0.0000,0.0000,,0,0.0000
prebreak,000725,2024-07-19,S,S,A,C,S,S,A,3.9853,4.0800,3.9100,0.1700,,0,0.0000,0.0000,,0,0.0000,0,0.0000,0.0000,,0,0.0000,0,0.0000,0.0000,,0,0.0000
prebreak,002608,2024-07-19,S,S,A,C,S,S,A,7.1607,7.4200,7.0900,0.3300,,0,0.0000,0.0000,,0,0.0000,0,0.0000,0.0000,,0,0.0000,0,0.0000,0.0000,,0,0.0000
prebreak,300498,2024-07-19,S,S,A,C,S,S,A,19.6192,19.2000,18.3900,0.8100,,0,0.0000,0.0000,,0,0.0000,0,0.0000,0.0000,,0,0.0000,0,0.0000,0.0000,,0,0.0000
prebreak,600741,2024-07-19,S,S,A,C,S,S,A,14.0906,14.3700,13.7600,0.6100,,0,0.0000,0.0000,,0,0.0000,0,0.0000,0.0000,,0,0.0000,0,0.0000,0.0000,,0,0.0000
prebreak,601607,2024-07-19,S,S,A,C,S,S,A,18.8610,18.6000,17.6100,0.9900,,0,0.0000,0.0000,,0,0.0000,0,0.0000,0.0000,,0,0.0000,0,0.0000,0.0000,,0,0.0000
prebreak,002027,2024-07-22,S,S,A,C,S,S,A,5.4101,5.5500,5.2900,0.2600,,0,0.0000,0.0000,,0,0.0000,0,0.0000,0.0000,,0,0.0000,0,0.0000,0.0000,,0,0.0000
prebreak,002807,2024-07-22,S,S,A,C,S,S,A,3.0848,3.2000,3.0500,0.1500,,0,0.0000,0.0000,,0,0.0000,0,0.0000,0.0000,,0,0.0000,0,0.0000,0.0000,,0,0.0000
prebreak,600585,2024-07-22,S,S,A,C,S,S,A,22.5759,23.4900,22.5100,0.9800,,0,0.0000,0.0000,,0,0.0000,0,0.0000,0.0000,,0,0.0000,0,0.0000,0.0000,,0,0.0000
prebreak,600908,2024-07-22,S,S,A,C,S,S,A,4.7310,4.9200,4.6800,0.2400,,0,0.0000,0.0000,,0,0.0000,0,0.0000,0.0000,,0,0.0000,1,4.9200,4.9624,2024-08-19,0,0.1610
prebreak,000513,2024-07-25,S,S,A,C,S,S,A,33.5847,33.8600,32.2900,1.5700,,0,0.0000,0.0000,,0,0.0000,0,0.0000,0.0000,,0,0.0000,0,0.0000,0.0000,,0,0.0000
prebreak,002001,2024-07-25,S,S,A,C,S,S,A,18.8179,19.4000,18.4400,0.9600,,0,0.0000,0.0000,,0,0.0000,0,0.0000,0.0000,,0,0.0000,0,0.0000,0.0000,,0,0.0000
prebreak,600519,2024-07-25,S,S,A,C,S,S,A,1326.7915,1421.9100,1356.1300,65.7800,,0,0.0000,0.0000,,0,0.0000,0,0.0000,0.0000,,0,0.0000,0,0.0000,0.0000,,0,0.0000
prebreak,000429,2024-07-26,S,S,A,C,S,S,A,9.5488,9.6100,9.1500,0.4600,,0,0.0000,0.0000,,0,0.0000,0,0.0000,0.0000,,0,0.0000,0,0.0000,0.0000,,0,0.0000
prebreak,000725,2024-07-26,S,S,A,C,S,S,A,3.7699,4.0400,3.8500,0.1900,,0,0.0000,0.0000,,0,0.0000,0,0.0000,0.0000,,0,0.0000,0,0.0000,0.0000,,0,0.0000
prebreak,600346,2024-07-26,S,S,A,C,S,S,A,12.9347,14.0400,13.4000,0.6400,,0,0.0000,0.0000,,0,0.0000,0,0.0000,0.0000,,0,0.0000,0,0.0000,0.0000,,0,0.0000
prebreak,600741,2024-07-26,S,S,A,C,S,S,A,13.8562,14.2600,13.7000,0.5600,,0,0.0000,0.0000,,0,0.0000,0,0.0000,0.0000,,0,0.0000,0,0.0000,0.0000,,0,0.0000
prebreak,600941,2024-07-26,S,S,A,C,S,S,A,97.0872,104.6200,99.6300,4.9900,,0,0.0000,0.0000,,0,0.0000,0,0.0000,0.0000,,0,0.0000,0,0.0000,0.0000,,0,0.0000
prebreak,601021,2024-07-26,S,S,A,C,S,S,A,51.6120,53.3100,50.7900,2.5200,,0,0.0000,0.0000,,0,0.0000,1,53.3100,51.9674,2024-08-09,0,-0.5485,1,53.3100,50.7900,2024-08-12,1,-1.0154
prebreak,601607,2024-07-26,S,S,A,C,S,S,A,18.7274,18.9900,18.1900,0.8000,,0,0.0000,0.0000,,0,0.0000,0,0.0000,0.0000,,0,0.0000,0,0.0000,0.0000,,0,0.0000
prebreak,601963,2024-07-26,S,S,A,C,S,S,A,6.6925,6.8800,6.5900,0.2900,,0,0.0000,0.0000,,0,0.0000,0,0.0000,0.0000,,0,0.0000,0,0.0000,0.0000,,0,0.0000
prebreak,002027,2024-07-29,S,S,A,C,S,S,A,5.1580,5.5500,5.2900,0.2600,,0,0.0000,0.0000,,0,0.0000,0,0.0000,0.0000,,0,0.0000,0,0.0000,0.0000,,0,0.0000
prebreak,002223,2024-07-29,S,S,A,C,S,S,A,35.0886,35.0400,33.6600,1.3800,,0,0.0000,0.0000,,0,0.0000,0,0.0000,0.0000,,0,0.0000,0,0.0000,0.0000,,0,0.0000
prebreak,600515,2024-07-29,S,S,A,C,S,S,A,3.3194,3.3800,3.2100,0.1700,,0,0.0000,0.0000,,0,0.0000,0,0.0000,0.0000,,0,0.0000,0,0.0000,0.0000,,0,0.0000
prebreak,601601,2024-07-29,S,S,A,C,S,S,A,26.7054,28.0000,26.6500,1.3500,,0,0.0000,0.0000,,0,0.0000,0,0.0000,0.0000,,0,0.0000,0,0.0000,0.0000,,0,0.0000
prebreak,600009,2024-07-30,S,S,A,C,S,S,A,32.8376,35.0900,33.5900,1.5000,,0,0.0000,0.0000,,0,0.0000,0,0.0000,0.0000,,0,0.0000,0,0.0000,0.0000,,0,0.0000
prebreak,002352,2024-07-31,S,S,A,C,S,S,A,32.8851,34.4400,32.7800,1.6600,,0,0.0000,0.0000,,0,0.0000,0,0.0000,0.0000,,0,0.0000,0,0.0000,0.0000,,0,0.0000
prebreak,002736,2024-07-31,S,S,A,C,S,S,A,8.2086,7.9100,7.4800,0.4300,2024-08-24（报告期 2024-06-30 00:00:00）,1,7.9100,8.2364,2024-08-07,0,0.7447,1,7.9100,8.3014,2024-08-14,0,0.8958,1,7.9100,7.8279,2024-09-11,0,-0.2048
prebreak,600029,2024-07-31,S,S,A,C,S,S,A,5.9200,5.9400,5.6800,0.2600,,0,0.0000,0.0000,,0,0.0000,0,0.0000,0.0000,,0,0.0000,0,0.0000,0.0000,,0,0.0000
prebreak,600030,2024-07-31,S,S,A,C,S,S,A,18.4908,18.2900,17.4600,0.8300,,0,0.0000,0.0000,,0,0.0000,0,0.0000,0.0000,,0,0.0000,0,0.0000,0.0000,,0,0.0000
prebreak,603323,2024-07-31,S,S,A,C,S,S,A,3.7283,3.7500,3.5900,0.1600,,0,0.0000,0.0000,,0,0.0000,0,0.0000,0.0000,,0,0.0000,0,0.0000,0.0000,,0,0.0000
prebreak,000513,2024-08-01,S,S,A,C,S,S,A,33.5104,34.2800,32.7200,1.5600,,0,0.0000,0.0000,,0,0.0000,0,0.0000,0.0000,,0,0.0000,0,0.0000,0.0000,,0,0.0000
prebreak,002001,2024-08-01,S,S,A,C,S,S,A,20.0999,19.4000,18.4400,0.9600,,1,19.4000,21.1479,2024-08-08,0,1.8043,1,19.4000,18.4400,2024-08-14,1,-1.0147,1,19.4000,18.4400,2024-08-14,1,-1.0147
prebreak,600000,2024-08-01,S,S,A,C,S,S,A,7.9425,8.0000,7.6200,0.3800,,0,0.0000,0.0000,,0,0.0000,0,0.0000,0.0000,,0,0.0000,0,0.0000,0.0000,,0,0.0000
prebreak,600519,2024-08-01,S,S,A,C,S,S,A,1285.6751,1421.9100,1356.1300,65.7800,,0,0.0000,0.0000,,0,0.0000,0,0.0000,0.0000,,0,0.0000,0,0.0000,0.0000,,0,0.0000
prebreak,688303,2024-08-01,S,S,A,C,S,S,A,19.7800,18.9400,18.0300,0.9100,,0,0.0000,0.0000,,0,0.0000,0,0.0000,0.0000,,0,0.0000,0,0.0000,0.0000,,0,0.0000
prebreak,600009,2024-08-06,S,S,A,C,S,S,A,33.6912,34.3900,32.7600,1.6300,,0,0.0000,0.0000,,0,0.0000,0,0.0000,0.0000,,0,0.0000,0,0.0000,0.0000,,0,0.0000
prebreak,600461,2024-08-06,S,S,A,C,S,S,A,10.3359,10.5000,10.0000,0.5000,,0,0.0000,0.0000,,0,0.0000,0,0.0000,0.0000,,0,0.0000,0,0.0000,0.0000,,0,0.0000
prebreak,601611,2024-08-06,S,S,A,C,S,S,A,7.7604,7.6200,7.2800,0.3400,,0,0.0000,0.0000,,0,0.0000,0,0.0000,0.0000,,0,0.0000,0,0.0000,0.0000,,0,0.0000
prebreak,601658,2024-08-06,S,S,A,C,S,S,A,4.3214,4.5700,4.3400,0.2300,,0,0.0000,0.0000,,0,0.0000,0,0.0000,0.0000,,0,0.0000,0,0.0000,0.0000,,0,0.0000
prebreak,002736,2024-08-07,S,S,A,C,S,S,A,8.2364,8.3600,8.0700,0.2900,,0,0.0000,0.0000,,0,0.0000,0,0.0000,0.0000,,0,0.0000,0,0.0000,0.0000,,0,0.0000
prebreak,600029,2024-08-07,S,S,A,C,S,S,A,5.9000,6.1000,5.8100,0.2900,,0,0.0000,0.0000,,0,0.0000,0,0.0000,0.0000,,0,0.0000,0,0.0000,0.0000,,0,0.0000
prebreak,600098,2024-08-07,S,S,A,C,S,S,A,5.6216,5.7300,5.4900,0.2400,,0,0.0000,0.0000,,0,0.0000,0,0.0000,0.0000,,0,0.0000,0,0.0000,0.0000,,0,0.0000
prebreak,002001,2024-08-08,S,S,A,C,S,S,A,21.1479,19.4000,18.4400,0.9600,,1,19.4000,18.4400,2024-08-14,1,-1.0147,1,19.4000,18.4400,2024-08-14,1,-1.0147,1,19.4000,18.4400,2024-08-14,1,-1.0147
prebreak,600000,2024-08-08,S,S,A,C,S,S,A,7.7664,7.9900,7.5700,0.4200,,0,0.0000,0.0000,,0,0.0000,0,0.0000,0.0000,,0,0.0000,0,0.0000,0.0000,,0,0.0000
prebreak,600028,2024-08-08,S,S,A,C,S,S,A,5.9664,6.0800,5.8500,0.2300,,0,0.0000,0.0000,,0,0.0000,0,0.0000,0.0000,,0,0.0000,0,0.0000,0.0000,,0,0.0000
prebreak,600009,2024-08-13,S,S,A,C,S,S,A,32.8279,33.7600,32.3500,1.4100,,0,0.0000,0.0000,,0,0.0000,0,0.0000,0.0000,,0,0.0000,0,0.0000,0.0000,,0,0.0000
prebreak,002003,2024-08-15,S,S,A,C,S,S,A,11.0390,11.0500,10.6200,0.4300,,0,0.0000,0.0000,,0,0.0000,0,0.0000,0.0000,,0,0.0000,0,0.0000,0.0000,,0,0.0000
prebreak,600000,2024-08-15,S,S,A,C,S,S,A,8.1001,8.1300,7.7700,0.3600,,0,0.0000,0.0000,,0,0.0000,0,0.0000,0.0000,,0,0.0000,0,0.0000,0.0000,,0,0.0000
prebreak,600863,2024-08-15,S,S,A,C,S,S,A,3.8303,3.8400,3.7000,0.1400,,0,0.0000,0.0000,,0,0.0000,0,0.0000,0.0000,,0,0.0000,0,0.0000,0.0000,,0,0.0000
prebreak,601231,2024-08-15,S,S,A,C,S,S,A,14.7484,15.0900,14.3600,0.7300,,0,0.0000,0.0000,,0,0.0000,0,0.0000,0.0000,,0,0.0000,0,0.0000,0.0000,,0,0.0000
prebreak,000429,2024-08-16,S,S,A,C,S,S,A,10.2032,9.9600,9.4900,0.4700,,0,0.0000,0.0000,,0,0.0000,0,0.0000,0.0000,,0,0.0000,0,0.0000,0.0000,,0,0.0000
prebreak,600578,2024-08-16,S,S,A,C,S,S,A,3.1371,3.1800,3.0100,0.1700,2024-08-27（报告期 2024-06-30 00:00:00）,0,0.0000,0.0000,,0,0.0000,1,3.1800,3.1749,2024-08-30,0,-0.0441,1,3.1800,3.0100,2024-09-09,1,-1.0136
prebreak,600741,2024-08-16,S,S,A,C,S,S,A,12.7203,13.6400,12.9400,0.7000,,0,0.0000,0.0000,,0,0.0000,0,0.0000,0.0000,,0,0.0000,0,0.0000,0.0000,,0,0.0000
prebreak,600941,2024-08-16,S,S,A,C,S,S,A,96.0431,96.3100,91.3000,5.0100,,0,0.0000,0.0000,,0,0.0000,0,0.0000,0.0000,,0,0.0000,0,0.0000,0.0000,,0,0.0000
prebreak,601021,2024-08-16,S,S,A,C,S,S,A,48.8281,54.3600,51.8700,2.4900,,0,0.0000,0.0000,,0,0.0000,0,0.0000,0.0000,,0,0.0000,0,0.0000,0.0000,,0,0.0000
prebreak,601198,2024-08-16,S,S,A,C,S,S,A,8.1458,8.3900,8.0300,0.3600,,0,0.0000,0.0000,,0,0.0000,0,0.0000,0.0000,,0,0.0000,0,0.0000,0.0000,,0,0.0000
prebreak,002027,2024-08-19,S,S,A,C,S,S,A,5.1400,5.3800,5.1200,0.2600,,0,0.0000,0.0000,,0,0.0000,0,0.0000,0.0000,,0,0.0000,0,0.0000,0.0000,,0,0.0000
prebreak,600585,2024-08-19,S,S,A,C,S,S,A,20.8756,21.6400,20.6300,1.0100,,0,0.0000,0.0000,,0,0.0000,0,0.0000,0.0000,,0,0.0000,0,0.0000,0.0000,,0,0.0000
prebreak,600886,2024-08-19,S,S,A,C,S,S,A,15.5969,16.0100,15.2100,0.8000,,0,0.0000,0.0000,,0,0.0000,0,0.0000,0.0000,,0,0.0000,0,0.0000,0.0000,,0,0.0000
prebreak,000848,2024-08-21,S,S,A,C,S,S,A,7.1092,7.5200,7.1900,0.3300,,0,0.0000,0.0000,,0,0.0000,0,0.0000,0.0000,,0,0.0000,0,0.0000,0.0000,,0,0.0000
prebreak,000895,2024-08-21,S,S,A,C,S,S,A,20.4783,20.7600,19.9200,0.8400,,0,0.0000,0.0000,,0,0.0000,0,0.0000,0.0000,,0,0.0000,0,0.0000,0.0000,,0,0.0000
prebreak,000951,2024-08-21,S,S,A,C,S,S,A,13.4164,14.1400,13.4200,0.7200,,0,0.0000,0.0000,,0,0.0000,0,0.0000,0.0000,,0,0.0000,0,0.0000,0.0000,,0,0.0000
prebreak,600674,2024-08-21,S,S,A,C,S,S,A,17.0629,17.9000,17.0200,0.8800,,0,0.0000,0.0000,,0,0.0000,0,0.0000,0.0000,,0,0.0000,0,0.0000,0.0000,,0,0.0000
prebreak,000429,2024-08-23,S,S,A,C,S,S,A,10.5719,10.6100,10.1000,0.5100,,0,0.0000,0.0000,,0,0.0000,0,0.0000,0.0000,,0,0.0000,0,0.0000,0.0000,,0,0.0000
prebreak,300498,2024-08-23,S,S,A,C,S,S,A,16.5294,19.1800,18.3800,0.8000,,0,0.0000,0.0000,,0,0.0000,0,0.0000,0.0000,,0,0.0000,0,0.0000,0.0000,,0,0.0000
prebreak,600578,2024-08-23,S,S,A,C,S,S,A,3.0426,3.1900,3.0600,0.1300,2024-08-27（报告期 2024-06-30 00:00:00）,1,3.1900,3.1749,2024-08-30,0,-0.1346,1,3.1900,3.0600,2024-09-06,1,-1.0180,1,3.1900,3.0600,2024-09-06,1,-1.0180
prebreak,600741,2024-08-23,S,S,A,C,S,S,A,12.2515,13.6400,12.9400,0.7000,,0,0.0000,0.0000,,0,0.0000,0,0.0000,0.0000,,0,0.0000,0,0.0000,0.0000,,0,0.0000
prebreak,601198,2024-08-23,S,S,A,C,S,S,A,7.9509,8.2200,7.8300,0.3900,2024-08-28（报告期 2024-06-30 00:00:00）,0,0.0000,0.0000,,0,0.0000,0,0.0000,0.0000,,0,0.0000,1,8.2200,8.3991,2024-09-24,0,0.4429
prebreak,601728,2024-08-23,S,S,A,C,S,S,A,5.7523,5.4900,5.2400,0.2500,,0,0.0000,0.0000,,0,0.0000,0,0.0000,0.0000,,0,0.0000,0,0.0000,0.0000,,0,0.0000
prebreak,600585,2024-08-26,S,S,A,C,S,S,A,19.8221,21.4200,20.4400,0.9800,,0,0.0000,0.0000,,0,0.0000,0,0.0000,0.0000,,0,0.0000,0,0.0000,0.0000,,0,0.0000
prebreak,600704,2024-08-26,S,S,A,C,S,S,A,4.0118,4.1400,3.9700,0.1700,2024-08-27（报告期 2024-06-30 00:00:00）,0,0.0000,0.0000,,0,0.0000,0,0.0000,0.0000,,0,0.0000,1,4.1400,4.1042,2024-09-25,0,-0.2288
prebreak,000951,2024-08-28,S,S,A,C,S,S,A,12.7456,14.1400,13.4200,0.7200,,0,0.0000,0.0000,,0,0.0000,0,0.0000,0.0000,,0,0.0000,1,14.1400,15.0521,2024-09-27,0,1.2511
prebreak,600717,2024-08-28,S,S,A,C,S,S,A,4.2560,4.4000,4.1800,0.2200,,0,0.0000,0.0000,,0,0.0000,0,0.0000,0.0000,,0,0.0000,0,0.0000,0.0000,,0,0.0000
prebreak,600104,2024-08-29,S,S,A,C,S,S,A,12.1812,12.7400,12.1100,0.6300,2024-08-30（报告期 2024-06-30 00:00:00）,0,0.0000,0.0000,,0,0.0000,0,0.0000,0.0000,,0,0.0000,1,12.7400,14.2001,2024-09-30,0,2.3008
prebreak,600741,2024-08-30,S,S,A,C,S,S,A,13.2973,12.4600,11.8500,0.6100,,0,0.0000,0.0000,,0,0.0000,0,0.0000,0.0000,,0,0.0000,0,0.0000,0.0000,,0,0.0000
prebreak,601198,2024-08-30,S,S,A,C,S,S,A,7.9704,8.0300,7.6300,0.4000,,1,8.0300,7.9022,2024-09-06,0,-0.3346,1,8.0300,7.8632,2024-09-13,0,-0.4320,1,8.0300,11.7412,2024-10-08,0,9.2569
prebreak,601669,2024-08-30,S,S,A,C,S,S,A,4.5747,5.3300,5.0800,0.2500,,0,0.0000,0.0000,,0,0.0000,0,0.0000,0.0000,,0,0.0000,1,5.3300,5.7089,2024-10-08,0,1.4984
prebreak,601728,2024-08-30,S,S,A,C,S,S,A,5.6413,5.8900,5.5900,0.3000,,0,0.0000,0.0000,,0,0.0000,0,0.0000,0.0000,,0,0.0000,0,0.0000,0.0000,,0,0.0000
prebreak,000932,2024-09-03,S,S,A,C,S,S,A,3.5418,4.1800,4.0300,0.1500,,0,0.0000,0.0000,,0,0.0000,0,0.0000,0.0000,,0,0.0000,1,4.1800,4.0300,2024-10-09,1,-1.0205
prebreak,600760,2024-09-03,S,S,A,C,S,S,A,40.5948,39.6600,37.6900,1.9700,,0,0.0000,0.0000,,0,0.0000,0,0.0000,0.0000,,0,0.0000,0,0.0000,0.0000,,0,0.0000
prebreak,601077,2024-09-03,S,S,A,C,S,S,A,4.5592,4.8100,4.6300,0.1800,,0,0.0000,0.0000,,0,0.0000,0,0.0000,0.0000,,0,0.0000,0,0.0000,0.0000,,0,0.0000
prebreak,600104,2024-09-05,S,S,A,C,S,S,A,11.7930,12.7400,12.1100,0.6300,,0,0.0000,0.0000,,0,0.0000,0,0.0000,0.0000,,0,0.0000,1,12.7400,13.2295,2024-10-14,0,0.7611
prebreak,601336,2024-09-05,S,S,A,C,S,S,A,30.3975,28.2100,26.8800,1.3300,,0,0.0000,0.0000,,0,0.0000,0,0.0000,0.0000,,0,0.0000,0,0.0000,0.0000,,0,0.0000
prebreak,002966,2024-09-09,S,S,A,C,S,S,A,6.3455,6.5900,6.3200,0.2700,,0,0.0000,0.0000,,0,0.0000,0,0.0000,0.0000,,0,0.0000,0,0.0000,0.0000,,0,0.0000
prebreak,601398,2024-09-09,S,S,A,C,S,S,A,5.1633,6.0600,5.7800,0.2800,,0,0.0000,0.0000,,0,0.0000,0,0.0000,0.0000,,0,0.0000,1,6.0600,5.7800,2024-10-09,1,-1.0158
prebreak,001872,2024-09-10,S,S,A,C,S,S,A,18.7673,20.1300,19.2500,0.8800,,0,0.0000,0.0000,,0,0.0000,0,0.0000,0.0000,,0,0.0000,1,20.1300,19.9380,2024-10-17,0,-0.2354
prebreak,601939,2024-09-11,S,S,A,C,S,S,A,6.5334,6.7500,6.4300,0.3200,,0,0.0000,0.0000,,0,0.0000,0,0.0000,0.0000,,0,0.0000,0,0.0000,0.0000,,0,0.0000
prebreak,601988,2024-09-11,S,S,A,C,S,S,A,4.2589,4.4300,4.2400,0.1900,,0,0.0000,0.0000,,0,0.0000,0,0.0000,0.0000,,0,0.0000,0,0.0000,0.0000,,0,0.0000
prebreak,600104,2024-09-12,S,S,A,C,S,S,A,11.3271,12.1500,11.7000,0.4500,,0,0.0000,0.0000,,0,0.0000,1,12.1500,14.2001,2024-09-30,0,4.5324,1,12.1500,12.5598,2024-10-21,0,0.8895
prebreak,601825,2024-09-12,S,S,A,C,S,S,A,5.9799,6.1000,5.8200,0.2800,,0,0.0000,0.0000,,0,0.0000,0,0.0000,0.0000,,0,0.0000,0,0.0000,0.0000,,0,0.0000
prebreak,002027,2024-09-18,S,S,A,C,S,S,A,4.8250,5.2300,4.9900,0.2400,,1,5.2300,5.2751,2024-09-25,0,0.1711,1,5.2300,6.3740,2024-10-09,0,4.7473,1,5.2300,6.7220,2024-10-23,0,6.1964
prebreak,002966,2024-09-18,S,S,A,C,S,S,A,6.2362,6.5900,6.2900,0.3000,,0,0.0000,0.0000,,0,0.0000,0,0.0000,0.0000,,0,0.0000,0,0.0000,0.0000,,0,0.0000
prebreak,600258,2024-09-18,S,S,A,C,S,S,A,10.4368,11.3000,10.8900,0.4100,,1,11.3000,11.3574,2024-09-25,0,0.1189,1,11.3000,12.4377,2024-10-09,0,2.7522,1,11.3000,12.9356,2024-10-23,0,3.9658
prebreak,600515,2024-09-18,S,S,A,C,S,S,A,3.0602,3.3900,3.2400,0.1500,,0,0.0000,0.0000,,0,0.0000,1,3.3900,3.4988,2024-10-09,0,0.7080,1,3.3900,3.2400,2024-10-18,1,-1.0165
prebreak,600803,2024-09-18,S,S,A,C,S,S,A,15.9527,16.2200,15.4400,0.7800,,1,16.2200,16.3066,2024-09-25,0,0.0951,1,16.2200,17.2002,2024-10-09,0,1.2401,1,16.2200,17.1560,2024-10-23,0,1.1834
prebreak,600919,2024-09-18,S,S,A,C,S,S,A,6.8029,7.0000,6.6500,0.3500,,1,7.0000,7.2185,2024-09-25,0,0.6087,1,7.0000,7.1643,2024-10-09,0,0.4540,1,7.0000,8.0768,2024-10-23,0,3.0594
prebreak,688981,2024-09-18,S,S,A,C,S,S,A,43.1700,48.5800,46.4500,2.1300,,0,0.0000,0.0000,,0,0.0000,1,48.5800,83.8900,2024-10-09,0,16.5497,1,48.5800,92.3100,2024-10-23,0,20.5002
prebreak,001872,2024-09-19,S,S,A,C,S,S,A,17.6153,20.1300,19.2500,0.8800,,0,0.0000,0.0000,,0,0.0000,1,20.1300,20.8949,2024-10-10,0,0.8513,1,20.1300,19.9751,2024-10-24,0,-0.1932
prebreak,002032,2024-09-19,S,S,A,C,S,S,A,47.4346,48.0900,45.5700,2.5200,,0,0.0000,0.0000,,0,0.0000,0,0.0000,0.0000,,0,0.0000,0,0.0000,0.0000,,0,0.0000
prebreak,000999,2024-09-20,S,S,A,C,S,S,A,27.2925,33.7900,32.0600,1.7300,,0,0.0000,0.0000,,0,0.0000,1,33.7900,34.0726,2024-10-11,0,0.1484,1,33.7900,32.0600,2024-10-17,1,-1.0142
prebreak,600363,2024-09-20,S,S,A,C,S,S,A,22.6788,25.8800,24.6800,1.2000,,1,25.8800,26.6750,2024-09-27,0,0.6457,1,25.8800,26.7650,2024-10-11,0,0.7206,1,25.8800,33.6985,2024-10-25,0,6.4949
prebreak,600674,2024-09-20,S,S,A,C,S,S,A,16.2594,16.7700,16.0100,0.7600,,0,0.0000,0.0000,,0,0.0000,0,0.0000,0.0000,,0,0.0000,0,0.0000,0.0000,,0,0.0000
prebreak,000727,2024-09-24,S,S,A,C,S,S,A,1.9900,1.9900,1.9000,0.0900,,1,1.9900,2.5000,2024-10-08,0,5.6463,1,1.9900,2.2000,2024-10-15,0,2.3151,1,1.9900,2.4500,2024-10-29,0,5.0911
prebreak,000750,2024-09-24,S,S,A,C,S,S,A,3.2390,2.9400,2.7900,0.1500,,1,2.9400,5.2118,2024-10-08,0,15.1212,1,2.9400,4.1420,2024-10-15,0,7.9933,1,2.9400,4.7015,2024-10-29,0,11.7207
prebreak,002797,2024-09-24,S,S,A,C,S,S,A,5.4133,5.2700,5.0500,0.2200,,1,5.2700,7.6452,2024-10-08,0,10.7712,1,5.2700,6.3139,2024-10-15,0,4.7237,1,5.2700,6.9502,2024-10-29,0,7.6140
prebreak,300498,2024-09-24,S,S,A,C,S,S,A,15.5627,16.0700,15.3100,0.7600,,1,16.0700,20.3774,2024-10-08,0,5.6480,1,16.0700,17.1644,2024-10-15,0,1.4230,1,16.0700,17.6857,2024-10-29,0,2.1085
prebreak,300699,2024-09-24,S,S,A,C,S,S,A,25.6581,26.2400,24.9100,1.3300,,1,26.2400,35.8807,2024-10-08,0,7.2291,1,26.2400,31.0161,2024-10-15,0,3.5738,1,26.2400,33.7530,2024-10-29,0,5.6304
prebreak,600037,2024-09-24,S,S,A,C,S,S,A,6.0725,5.8900,5.6000,0.2900,,1,5.8900,7.3681,2024-10-08,0,5.0783,1,5.8900,6.5274,2024-10-15,0,2.1813,1,5.8900,7.1406,2024-10-29,0,4.2944
prebreak,600089,2024-09-24,S,S,A,C,S,S,A,11.9814,11.6800,11.2800,0.4000,,1,11.6800,14.4393,2024-10-08,0,6.8718,1,11.6800,12.6465,2024-10-15,0,2.3925,1,11.6800,13.8996,2024-10-29,0,5.5232
prebreak,600111,2024-09-24,S,S,A,C,S,S,A,16.9485,16.7300,15.8700,0.8600,,1,16.7300,22.2760,2024-10-08,0,6.4300,1,16.7300,19.2787,2024-10-15,0,2.9469,1,16.7300,20.8421,2024-10-29,0,4.7637
prebreak,600350,2024-09-24,S,S,A,C,S,S,A,8.0311,9.0000,8.5800,0.4200,,1,9.0000,8.3080,2024-10-08,0,-1.6628,1,9.0000,8.5800,2024-10-09,1,-1.0157,1,9.0000,8.5800,2024-10-09,1,-1.0157
prebreak,600699,2024-09-24,S,S,A,C,S,S,A,14.1882,13.8900,13.2800,0.6100,,1,13.8900,18.0853,2024-10-08,0,6.8559,1,13.8900,15.7843,2024-10-15,0,3.0861,1,13.8900,16.3326,2024-10-29,0,3.9844
prebreak,600850,2024-09-24,S,S,A,C,S,S,A,14.6866,14.5800,13.8000,0.7800,,1,14.5800,18.7725,2024-10-08,0,5.3574,1,14.5800,17.0910,2024-10-15,0,3.2030,1,14.5800,19.3492,2024-10-29,0,6.0964
prebreak,601021,2024-09-24,S,S,A,C,S,S,A,49.0696,48.4500,46.0000,2.4500,,0,0.0000,0.0000,,0,0.0000,0,0.0000,0.0000,,0,0.0000,0,0.0000,0.0000,,0,0.0000
prebreak,601607,2024-09-24,S,S,A,C,S,S,A,18.4064,18.6500,17.8500,0.8000,,0,0.0000,0.0000,,0,0.0000,0,0.0000,0.0000,,0,0.0000,0,0.0000,0.0000,,0,0.0000
prebreak,601669,2024-09-24,S,S,A,C,S,S,A,4.4508,4.3300,4.1200,0.2100,,1,4.3300,5.7089,2024-10-08,0,6.5463,1,4.3300,5.2705,2024-10-15,0,4.4600,1,4.3300,5.2514,2024-10-29,0,4.3693
prebreak,601728,2024-09-24,S,S,A,C,S,S,A,5.9404,5.8100,5.5500,0.2600,,1,5.8100,6.3301,2024-10-08,0,1.9821,1,5.8100,6.1115,2024-10-15,0,1.1418,1,5.8100,6.1970,2024-10-29,0,1.4706
prebreak,601965,2024-09-24,S,S,A,C,S,S,A,15.9094,16.2300,15.5200,0.7100,,1,16.2300,15.5200,2024-09-26,1,-1.0167,1,16.2300,15.5200,2024-09-26,1,-1.0167,1,16.2300,15.5200,2024-09-26,1,-1.0167
prebreak,603179,2024-09-24,S,S,A,C,S,S,A,28.6529,28.0200,26.7600,1.2600,,0,0.0000,0.0000,,0,0.0000,0,0.0000,0.0000,,0,0.0000,0,0.0000,0.0000,,0,0.0000
prebreak,000096,2024-09-25,S,S,A,C,S,S,A,8.7784,8.8200,8.3600,0.4600,,0,0.0000,0.0000,,0,0.0000,0,0.0000,0.0000,,0,0.0000,0,0.0000,0.0000,,0,0.0000
prebreak,001965,2024-09-25,S,S,A,C,S,S,A,11.1371,12.1500,11.5200,0.6300,,1,12.1500,11.5200,2024-10-09,1,-1.0140,1,12.1500,11.5200,2024-10-09,1,-1.0140,1,12.1500,11.5200,2024-10-09,1,-1.0140
prebreak,002027,2024-09-25,S,S,A,C,S,S,A,5.2751,5.2300,4.9900,0.2400,,1,5.2300,6.3740,2024-10-09,0,4.7473,1,5.2300,6.4381,2024-10-16,0,5.0142,1,5.2300,6.6763,2024-10-30,0,6.0057
prebreak,002349,2024-09-25,S,S,A,C,S,S,A,6.9179,6.6300,6.2900,0.3400,,1,6.6300,7.4651,2024-10-09,0,2.4398,1,6.6300,7.2697,2024-10-16,0,1.8654,1,6.6300,7.5530,2024-10-30,0,2.6983
prebreak,002966,2024-09-25,S,S,A,C,S,S,A,6.7278,6.4000,6.0800,0.3200,,1,6.4000,7.0101,2024-10-09,0,1.8901,1,6.4000,7.4289,2024-10-16,0,3.1980,1,6.4000,7.0374,2024-10-30,0,1.9754
prebreak,600184,2024-09-25,S,S,A,C,S,S,A,8.6097,8.2600,7.8500,0.4100,,0,0.0000,0.0000,,0,0.0000,0,0.0000,0.0000,,0,0.0000,0,0.0000,0.0000,,0,0.0000
prebreak,600515,2024-09-25,S,S,A,C,S,S,A,3.2397,3.1400,2.9900,0.1500,,1,3.1400,3.4988,2024-10-09,0,2.3748,1,3.1400,3.4091,2024-10-16,0,1.7771,1,3.1400,3.4191,2024-10-30,0,1.8435
prebreak,600803,2024-09-25,S,S,A,C,S,S,A,16.3066,16.1200,15.4700,0.6500,,1,16.1200,17.2002,2024-10-09,0,1.6420,1,16.1200,17.0852,2024-10-16,0,1.4651,1,16.1200,16.3685,2024-10-30,0,0.3632
prebreak,600919,2024-09-25,S,S,A,C,S,S,A,7.2185,6.9400,6.6500,0.2900,,1,6.9400,7.1643,2024-10-09,0,0.7548,1,6.9400,8.1581,2024-10-16,0,4.1795,1,6.9400,8.1310,2024-10-30,0,4.0861
prebreak,601800,2024-09-25,S,S,A,C,S,S,A,7.6675,6.9200,6.6500,0.2700,,1,6.9200,8.7224,2024-10-09,0,6.6520,1,6.9200,9.5137,2024-10-16,0,9.5807,1,6.9200,9.6738,2024-10-30,0,10.1734
prebreak,603885,2024-09-25,S,S,A,C,S,S,A,10.0748,10.2500,9.7600,0.4900,,1,10.2500,12.5691,2024-10-09,0,4.7141,1,10.2500,11.4097,2024-10-16,0,2.3493,1,10.2500,12.7738,2024-10-30,0,5.1314
prebreak,688981,2024-09-25,S,S,A,C,S,S,A,44.9000,44.2300,42.3200,1.9100,,1,44.2300,83.8900,2024-10-09,0,20.7337,1,44.2300,74.0900,2024-10-16,0,15.6061,1,44.2300,85.8200,2024-10-30,0,21.7436
prebreak,000541,2024-09-26,S,S,A,C,S,S,A,4.7946,4.4200,4.1900,0.2300,,1,4.4200,5.1545,2024-10-10,0,3.1767,1,4.4200,4.9502,2024-10-17,0,2.2892,1,4.4200,5.4462,2024-10-31,0,4.4444
prebreak,000570,2024-09-26,S,S,A,C,S,S,A,4.6556,4.3500,4.1300,0.2200,,1,4.3500,4.9341,2024-10-10,0,2.6384,1,4.3500,4.7153,2024-10-17,0,1.6443,1,4.3500,5.1828,2024-10-31,0,3.7682
prebreak,001872,2024-09-26,S,S,A,C,S,S,A,19.2319,20.1300,19.2500,0.8800,,1,20.1300,20.8949,2024-10-10,0,0.8513,1,20.1300,19.9380,2024-10-17,0,-0.2354,1,20.1300,19.2500,2024-10-30,1,-1.0168
prebreak,002266,2024-09-26,S,S,A,C,S,S,A,2.9044,2.7300,2.5800,0.1500,,1,2.7300,3.1861,2024-10-10,0,3.0252,1,2.7300,3.0404,2024-10-17,0,2.0544,1,2.7300,3.3416,2024-10-31,0,4.0606
prebreak,002396,2024-09-26,S,S,A,C,S,S,A,11.0441,10.6000,10.1000,0.5000,,1,10.6000,12.3926,2024-10-10,0,3.5669,1,10.6000,11.7146,2024-10-17,0,2.2117,1,10.6000,13.1912,2024-10-31,0,5.1630
prebreak,002429,2024-09-26,S,S,A,C,S,S,A,4.7080,4.5500,4.3300,0.2200,,1,4.5500,5.1245,2024-10-10,0,2.5942,1,4.5500,4.3883,2024-10-17,0,-0.7502,1,4.5500,5.1536,2024-10-31,0,2.7262
prebreak,002472,2024-09-26,S,S,A,C,S,S,A,23.0277,21.3100,20.2200,1.0900,,1,21.3100,27.9026,2024-10-10,0,6.0295,1,21.3100,27.2441,2024-10-17,0,5.4258,1,21.3100,27.6568,2024-10-31,0,5.8043
prebreak,002690,2024-09-26,S,S,A,C,S,S,A,12.7091,11.8600,11.3300,0.5300,,1,11.8600,14.7488,2024-10-10,0,5.4301,1,11.8600,13.4567,2024-10-17,0,2.9937,1,11.8600,14.3981,2024-10-31,0,4.7688
prebreak,600132,2024-09-26,S,S,A,C,S,S,A,56.5038,49.4700,47.4400,2.0300,,1,49.4700,59.8867,2024-10-10,0,5.1096,1,49.4700,53.5872,2024-10-17,0,2.0084,1,49.4700,53.0660,2024-10-31,0,1.7518
prebreak,600339,2024-09-26,S,S,A,C,S,S,A,3.1928,2.8700,2.7200,0.1500,,0,0.0000,0.0000,,0,0.0000,0,0.0000,0.0000,,0,0.0000,0,0.0000,0.0000,,0,0.0000
prebreak,600388,2024-09-26,S,S,A,C,S,S,A,10.9991,10.9200,10.4700,0.4500,,1,10.9200,11.6208,2024-10-10,0,1.5378,1,10.9200,12.7589,2024-10-17,0,4.0655,1,10.9200,12.8641,2024-10-31,0,4.2991
prebreak,600927,2024-09-26,S,S,A,C,S,S,A,13.1043,11.8500,11.3500,0.5000,,1,11.8500,14.5168,2024-10-10,0,5.3122,1,11.8500,13.9184,2024-10-17,0,4.1163,1,11.8500,14.4089,2024-10-31,0,5.0965
prebreak,601003,2024-09-26,S,S,A,C,S,S,A,2.8732,2.4700,2.3700,0.1000,,0,0.0000,0.0000,,0,0.0000,0,0.0000,0.0000,,0,0.0000,0,0.0000,0.0000,,0,0.0000
prebreak,601066,2024-09-26,S,S,A,C,S,S,A,21.8589,19.7100,18.8700,0.8400,,1,19.7100,26.3587,2024-10-10,0,7.8923,1,19.7100,25.1574,2024-10-17,0,6.4631,1,19.7100,25.0688,2024-10-31,0,6.3577
prebreak,601077,2024-09-26,S,S,A,C,S,S,A,4.8402,4.4900,4.2800,0.2100,,0,0.0000,0.0000,,0,0.0000,0,0.0000,0.0000,,0,0.0000,0,0.0000,0.0000,,0,0.0000
prebreak,601166,2024-09-26,S,S,A,C,S,S,A,16.6580,15.0400,14.2900,0.7500,,0,0.0000,0.0000,,0,0.0000,0,0.0000,0.0000,,0,0.0000,0,0.0000,0.0000,,0,0.0000
prebreak,601318,2024-09-26,S,S,A,C,S,S,A,45.8692,40.4700,38.5800,1.8900,,1,40.4700,53.2199,2024-10-10,0,6.7255,1,40.4700,51.8553,2024-10-17,0,6.0039,1,40.4700,51.7166,2024-10-31,0,5.9306
prebreak,601611,2024-09-26,S,S,A,C,S,S,A,7.4058,6.9100,6.5800,0.3300,,0,0.0000,0.0000,,0,0.0000,0,0.0000,0.0000,,0,0.0000,0,0.0000,0.0000,,0,0.0000
prebreak,601658,2024-09-26,S,S,A,C,S,S,A,4.7143,4.2900,4.0600,0.2300,,0,0.0000,0.0000,,0,0.0000,0,0.0000,0.0000,,0,0.0000,0,0.0000,0.0000,,0,0.0000
prebreak,601799,2024-09-26,S,S,A,C,S,S,A,128.8324,131.6300,124.7600,6.8700,,0,0.0000,0.0000,,0,0.0000,0,0.0000,0.0000,,0,0.0000,0,0.0000,0.0000,,0,0.0000
prebreak,603927,2024-09-26,S,S,A,C,S,S,A,16.8598,15.8100,15.0200,0.7900,,1,15.8100,20.8965,2024-10-10,0,6.4193,1,15.8100,20.9639,2024-10-17,0,6.5046,1,15.8100,21.4649,2024-10-31,0,7.1384
prebreak,000501,2024-09-27,S,S,A,C,S,S,A,7.6588,6.7400,6.4300,0.3100,,1,6.7400,7.8947,2024-10-11,0,3.7060,1,6.7400,7.6749,2024-10-18,0,2.9973,1,6.7400,7.9234,2024-11-01,0,3.7984
prebreak,001289,2024-09-27,S,S,A,C,S,S,A,15.2076,13.7100,13.0400,0.6700,,1,13.7100,15.1295,2024-10-11,0,2.1017,1,13.7100,15.0709,2024-10-18,0,2.0144,1,13.7100,17.5209,2024-11-01,0,5.6688
prebreak,002038,2024-09-27,S,S,A,C,S,S,A,7.1776,6.6700,6.4200,0.2500,,1,6.6700,7.1876,2024-10-11,0,2.0487,1,6.6700,7.3270,2024-10-18,0,2.6059,1,6.6700,7.1278,2024-11-01,0,1.8100
prebreak,002127,2024-09-27,S,S,A,C,S,S,A,2.9111,2.6200,2.5000,0.1200,,1,2.6200,2.9014,2024-10-11,0,2.3268,1,2.6200,2.9887,2024-10-18,0,3.0541,1,2.6200,2.9984,2024-11-01,0,3.1349
prebreak,002142,2024-09-27,S,S,A,C,S,S,A,21.8772,18.0000,17.0500,0.9500,,1,18.0000,22.7058,2024-10-11,0,4.9359,1,18.0000,24.3815,2024-10-18,0,6.6987,1,18.0000,23.7391,2024-11-01,0,6.0230
prebreak,002152,2024-09-27,S,S,A,C,S,S,A,10.1439,9.0800,8.6100,0.4700,,1,9.0800,10.8017,2024-10-11,0,3.6462,1,9.0800,11.2974,2024-10-18,0,4.7003,1,9.0800,10.9542,2024-11-01,0,3.9705
prebreak,002158,2024-09-27,S,S,A,C,S,S,A,17.5354,16.5300,15.8100,0.7200,,1,16.5300,18.1072,2024-10-11,0,2.1717,1,16.5300,18.1167,2024-10-18,0,2.1849,1,16.5300,17.3543,2024-11-01,0,1.1267
prebreak,002462,2024-09-27,S,S,A,C,S,S,A,11.6712,10.9300,10.3700,0.5600,,1,10.9300,11.9773,2024-10-11,0,1.8541,1,10.9300,12.0760,2024-10-18,0,2.0303,1,10.9300,12.4216,2024-11-01,0,2.6470
prebreak,002498,2024-09-27,S,S,A,C,S,S,A,3.1544,2.8800,2.7400,0.1400,,1,2.8800,3.2330,2024-10-11,0,2.5043,1,2.8800,3.2035,2024-10-18,0,2.2939,1,2.8800,3.3018,2024-11-01,0,2.9953
prebreak,002736,2024-09-27,S,S,A,C,S,S,A,9.9822,8.1500,7.7400,0.4100,,1,8.1500,10.8829,2024-10-11,0,6.6463,1,8.1500,10.7993,2024-10-18,0,6.4426,1,8.1500,10.7157,2024-11-01,0,6.2389
prebreak,300217,2024-09-27,S,S,A,C,S,S,A,4.4160,3.7300,3.5300,0.2000,,1,3.7300,4.7328,2024-10-11,0,4.9969,1,3.7300,5.2774,2024-10-18,0,7.7180,1,3.7300,4.7031,2024-11-01,0,4.8484
prebreak,300224,2024-09-27,S,S,A,C,S,S,A,9.1676,8.1500,7.7400,0.4100,,1,8.1500,9.9437,2024-10-11,0,4.3570,1,8.1500,9.8467,2024-10-18,0,4.1205,1,8.1500,15.9390,2024-11-01,0,18.9705
prebreak,300383,2024-09-27,S,S,A,C,S,S,A,9.0386,8.0000,7.5800,0.4200,,1,8.0000,9.8937,2024-10-11,0,4.4915,1,8.0000,10.4306,2024-10-18,0,5.7691,1,8.0000,10.1820,2024-11-01,0,5.1776
prebreak,300685,2024-09-27,S,S,A,C,S,S,A,19.5598,18.8000,17.8300,0.9700,,1,18.8000,21.7085,2024-10-11,0,2.9818,1,18.8000,22.0554,2024-10-18,0,3.3392,1,18.8000,23.4429,2024-11-01,0,4.7687
prebreak,300869,2024-09-27,S,S,A,C,S,S,A,14.1927,12.6700,12.1600,0.5100,,1,12.6700,15.4705,2024-10-11,0,5.4688,1,12.6700,15.7653,2024-10-18,0,6.0466,1,12.6700,15.1953,2024-11-01,0,4.9295
prebreak,600120,2024-09-27,S,S,A,C,S,S,A,3.9495,3.5200,3.3700,0.1500,,1,3.5200,4.0271,2024-10-11,0,3.3608,1,3.5200,4.2018,2024-10-18,0,4.5245,1,3.5200,4.8325,2024-11-01,0,8.7269
prebreak,600269,2024-09-27,S,S,A,C,S,S,A,4.5444,3.9600,3.7600,0.2000,,1,3.9600,4.5072,2024-10-11,0,2.7193,1,3.9600,4.6094,2024-10-18,0,3.2301,1,3.9600,4.8232,2024-11-01,0,4.2982
prebreak,600363,2024-09-27,S,S,A,C,S,S,A,26.6750,25.8800,24.6800,1.2000,,1,25.8800,26.7650,2024-10-11,0,0.7206,1,25.8800,30.0619,2024-10-18,0,3.4663,1,25.8800,46.3666,2024-11-01,0,17.0450
prebreak,600456,2024-09-27,S,S,A,C,S,S,A,27.7041,26.2100,24.8900,1.3200,,1,26.2100,29.5243,2024-10-11,0,2.4942,1,26.2100,31.6381,2024-10-18,0,4.0945,1,26.2100,30.1017,2024-11-01,0,2.9313
prebreak,601000,2024-09-27,S,S,A,C,S,S,A,4.4999,4.5300,4.2900,0.2400,,1,4.5300,4.2900,2024-10-09,1,-1.0137,1,4.5300,4.2900,2024-10-09,1,-1.0137,1,4.5300,4.2900,2024-10-09,1,-1.0137
prebreak,601390,2024-09-27,S,S,A,C,S,S,A,5.6785,4.8600,4.6300,0.2300,,1,4.8600,6.1751,2024-10-11,0,5.6981,1,4.8600,6.1564,2024-10-18,0,5.6167,1,4.8600,6.1282,2024-11-01,0,5.4945
prebreak,601555,2024-09-27,S,S,A,C,S,S,A,7.0634,5.8000,5.5200,0.2800,,1,5.8000,7.2019,2024-10-11,0,4.9878,1,5.8000,7.3569,2024-10-18,0,5.5412,1,5.8000,7.5807,2024-11-01,0,6.3399
prebreak,601618,2024-09-27,S,S,A,C,S,S,A,2.9944,2.6100,2.4900,0.1200,,1,2.6100,3.2496,2024-10-11,0,5.3103,1,2.6100,3.2398,2024-10-18,0,5.2285,1,2.6100,3.3478,2024-11-01,0,6.1279
prebreak,601668,2024-09-27,S,S,A,C,S,S,A,5.2223,4.4500,4.2400,0.2100,,1,4.4500,5.4474,2024-10-11,0,4.7306,1,4.4500,5.6545,2024-10-18,0,5.7161,1,4.4500,5.5375,2024-11-01,0,5.1590
prebreak,601952,2024-09-27,S,S,A,C,S,S,A,9.5098,9.6400,9.1600,0.4800,,1,9.6400,9.3866,2024-10-11,0,-0.5429,1,9.6400,9.4909,2024-10-18,0,-0.3257,1,9.6400,9.5564,2024-11-01,0,-0.1894
prebreak,603323,2024-09-27,S,S,A,C,S,S,A,3.8667,3.3200,3.1600,0.1600,,1,3.3200,3.8820,2024-10-11,0,3.4948,1,3.3200,4.0127,2024-10-18,0,4.3111,1,3.3200,3.8744,2024-11-01,0,3.4468
prebreak,000825,2024-09-30,S,S,A,C,S,S,A,3.9304,3.3100,3.1400,0.1700,,1,3.3100,3.7808,2024-10-14,0,2.7529,1,3.3100,3.7010,2024-10-21,0,2.2838,1,3.3100,3.7509,2024-11-04,0,2.5770
prebreak,002065,2024-09-30,S,S,A,C,S,S,A,5.6489,4.5700,4.3500,0.2200,,1,4.5700,5.7279,2024-10-14,0,5.2441,1,4.5700,6.0242,2024-10-21,0,6.5899,1,4.5700,6.7155,2024-11-04,0,9.7302
prebreak,002117,2024-09-30,S,S,A,C,S,S,A,7.1370,6.0400,5.7900,0.2500,,1,6.0400,6.8716,2024-10-14,0,3.3061,1,6.0400,7.2129,2024-10-21,0,4.6701,1,6.0400,7.5351,2024-11-04,0,5.9583
prebreak,002203,2024-09-30,S,S,A,C,S,S,A,9.1732,8.1300,7.6900,0.4400,,1,8.1300,8.5629,2024-10-14,0,0.9692,1,8.1300,8.4176,2024-10-21,0,0.6392,1,8.1300,8.7373,2024-11-04,0,1.3652
prebreak,002226,2024-09-30,S,S,A,C,S,S,A,4.4320,3.9400,3.7500,0.1900,,1,3.9400,4.2772,2024-10-14,0,1.7579,1,3.9400,4.2772,2024-10-21,0,1.7579,1,3.9400,5.0336,2024-11-04,0,5.7365
prebreak,002287,2024-09-30,S,S,A,C,S,S,A,21.7098,17.9400,17.2100,0.7300,,1,17.9400,21.4829,2024-10-14,0,4.8316,1,17.9400,22.7878,2024-10-21,0,6.6179,1,17.9400,21.6626,2024-11-04,0,5.0775
prebreak,002304,2024-09-30,S,S,A,C,S,S,A,89.5806,67.9400,64.5200,3.4200,,1,67.9400,78.1290,2024-10-14,0,2.9623,1,67.9400,76.9369,2024-10-21,0,2.6139,1,67.9400,74.6611,2024-11-04,0,1.9489
prebreak,002507,2024-09-30,S,S,A,C,S,S,A,14.6453,11.6800,11.1200,0.5600,,1,11.6800,13.3249,2024-10-14,0,2.9197,1,11.6800,13.0908,2024-10-21,0,2.5019,1,11.6800,14.3456,2024-11-04,0,4.7412
prebreak,300664,2024-09-30,S,S,A,C,S,S,A,4.9094,3.9800,3.8200,0.1600,,1,3.9800,4.7247,2024-10-14,0,4.6327,1,3.9800,4.7150,2024-10-21,0,4.5720,1,3.9800,4.8122,2024-11-04,0,5.1792
prebreak,301216,2024-09-30,S,S,A,C,S,S,A,11.4616,9.5300,9.1500,0.3800,,1,9.5300,10.7256,2024-10-14,0,3.1254,1,9.5300,10.9317,2024-10-21,0,3.6673,1,9.5300,10.5588,2024-11-04,0,2.6867
prebreak,600000,2024-09-30,S,S,A,C,S,S,A,9.3883,8.0400,7.6400,0.4000,,1,8.0400,9.6385,2024-10-14,0,3.9785,1,8.0400,9.4161,2024-10-21,0,3.4228,1,8.0400,9.2586,2024-11-04,0,3.0292
prebreak,600015,2024-09-30,S,S,A,C,S,S,A,6.6385,5.6500,5.4100,0.2400,,1,5.6500,6.6653,2024-10-14,0,4.2098,1,5.6500,6.5045,2024-10-21,0,3.5401,1,5.6500,6.3883,2024-11-04,0,3.0565
prebreak,600267,2024-09-30,S,S,A,C,S,S,A,8.2420,6.9800,6.6400,0.3400,,1,6.9800,7.9074,2024-10-14,0,2.7102,1,6.9800,7.7831,2024-10-21,0,2.3449,1,6.9800,8.0221,2024-11-04,0,3.0475
prebreak,600502,2024-09-30,S,S,A,C,S,S,A,4.3376,3.7200,3.5200,0.2000,,1,3.7200,4.5875,2024-10-14,0,4.3204,1,3.7200,4.3643,2024-10-21,0,3.2055,1,3.7200,4.3911,2024-11-04,0,3.3393
prebreak,600688,2024-09-30,S,S,A,C,S,S,A,2.9698,2.5500,2.4400,0.1100,,1,2.5500,2.8705,2024-10-14,0,2.8939,1,2.5500,2.8109,2024-10-21,0,2.3525,1,2.5500,2.9996,2024-11-04,0,4.0670
prebreak,600877,2024-09-30,S,S,A,C,S,S,A,13.1600,10.2200,9.7400,0.4800,,1,10.2200,13.8900,2024-10-14,0,7.6248,1,10.2200,15.8200,2024-10-21,0,11.6431,1,10.2200,15.1800,2024-11-04,0,10.3106
prebreak,601288,2024-09-30,S,S,A,C,S,S,A,4.4421,4.2900,4.0600,0.2300,,1,4.2900,4.6549,2024-10-14,0,1.5715,1,4.2900,4.4791,2024-10-21,0,0.8075,1,4.2900,4.4236,2024-11-04,0,0.5662
prebreak,601727,2024-09-30,S,S,A,C,S,S,A,4.5107,3.8000,3.6000,0.2000,,1,3.8000,4.4807,2024-10-14,0,3.3870,1,3.8000,4.9597,2024-10-21,0,5.7805,1,3.8000,8.8916,2024-11-04,0,25.4274
prebreak,603035,2024-09-30,S,S,A,C,S,S,A,14.4476,12.3000,11.6600,0.6400,,1,12.3000,13.4870,2024-10-14,0,1.8389,1,12.3000,13.4198,2024-10-21,0,1.7339,1,12.3000,14.3708,2024-11-04,0,3.2190
prebreak,000727,2024-10-08,S,S,A,C,S,S,A,2.5000,1.9900,1.9000,0.0900,,1,1.9900,2.2000,2024-10-15,0,2.3151,1,1.9900,2.3400,2024-10-22,0,3.8696,1,1.9900,2.9400,2024-11-05,0,10.5321
prebreak,000823,2024-10-08,S,S,A,C,S,S,A,9.5372,7.7700,7.4900,0.2800,,1,7.7700,8.4528,2024-10-15,0,2.4158,1,7.7700,8.8497,2024-10-22,0,3.8327,1,7.7700,9.6050,2024-11-05,0,6.5283
prebreak,000967,2024-10-08,S,S,A,C,S,S,A,4.6647,3.7300,3.5500,0.1800,,1,3.7300,4.3095,2024-10-15,0,3.2019,1,3.7300,4.3959,2024-10-22,0,3.6815,1,3.7300,4.6743,2024-11-05,0,5.2269
prebreak,002029,2024-10-08,S,S,A,C,S,S,A,6.2755,4.9700,4.7900,0.1800,,1,4.9700,5.6844,2024-10-15,0,3.9454,1,4.9700,5.7928,2024-10-22,0,4.5470,1,4.9700,5.9405,2024-11-05,0,5.3675
prebreak,002216,2024-10-08,S,S,A,C,S,S,A,11.5761,9.5300,9.0400,0.4900,,1,9.5300,10.2557,2024-10-15,0,1.4654,1,9.5300,10.4138,2024-10-22,0,1.7878,1,9.5300,10.4324,2024-11-05,0,1.8257
prebreak,002437,2024-10-08,S,S,A,C,S,S,A,2.3700,1.8900,1.8000,0.0900,,1,1.8900,2.1000,2024-10-15,0,2.3159,1,1.8900,2.2800,2024-10-22,0,4.3146,1,1.8900,2.4400,2024-11-05,0,6.0913
prebreak,002758,2024-10-08,S,S,A,C,S,S,A,8.4703,6.8000,6.4800,0.3200,,1,6.8000,8.0259,2024-10-15,0,3.8124,1,6.8000,8.3499,2024-10-22,0,4.8243,1,6.8000,8.1740,2024-11-05,0,4.2750
prebreak,600008,2024-10-08,S,S,A,C,S,S,A,3.0530,2.6000,2.4800,0.1200,,1,2.6000,2.8617,2024-10-15,0,2.1626,1,2.6000,2.9255,2024-10-22,0,2.6939,1,2.6000,3.1897,2024-11-05,0,4.8950
prebreak,600089,2024-10-08,S,S,A,C,S,S,A,14.4393,11.6800,11.2800,0.4000,,1,11.6800,12.6465,2024-10-15,0,2.3925,1,11.6800,12.8007,2024-10-22,0,2.7778,1,11.6800,13.7068,2024-11-05,0,5.0415
prebreak,600332,2024-10-08,S,S,A,C,S,S,A,29.3391,23.7000,22.7100,0.9900,,1,23.7000,26.3696,2024-10-15,0,2.6766,1,23.7000,26.9691,2024-10-22,0,3.2818,1,23.7000,27.3111,2024-11-05,0,3.6271
prebreak,600459,2024-10-08,S,S,A,C,S,S,A,14.9118,12.0400,11.4200,0.6200,,1,12.0400,13.3124,2024-10-15,0,2.0361,1,12.0400,13.8097,2024-10-22,0,2.8379,1,12.0400,14.5802,2024-11-05,0,4.0798
prebreak,600573,2024-10-08,S,S,A,C,S,S,A,10.5679,9.1800,8.8200,0.3600,,1,9.1800,9.9584,2024-10-15,0,2.1416,1,9.1800,10.1845,2024-10-22,0,2.7692,1,9.1800,10.3615,2024-11-05,0,3.2605
prebreak,600598,2024-10-08,S,S,A,C,S,S,A,14.3050,12.3600,11.7900,0.5700,,1,12.3600,13.3117,2024-10-15,0,1.6521,1,12.3600,13.4138,2024-10-22,0,1.8312,1,12.3600,14.4906,2024-11-05,0,3.7191
prebreak,600628,2024-10-08,S,S,A,C,S,S,A,7.0915,5.9600,5.6500,0.3100,,1,5.9600,6.4649,2024-10-15,0,1.6131,1,5.9600,6.5544,2024-10-22,0,1.9017,1,5.9600,6.9025,2024-11-05,0,3.0239
prebreak,600685,2024-10-08,S,S,A,C,S,S,A,27.6844,25.2400,24.1800,1.0600,,1,25.2400,25.3115,2024-10-15,0,0.0493,1,25.2400,24.1800,2024-10-18,1,-1.0175,1,25.2400,24.1800,2024-10-18,1,-1.0175
prebreak,600699,2024-10-08,S,S,A,C,S,S,A,18.0853,13.8900,13.2800,0.6100,,1,13.8900,15.7843,2024-10-15,0,3.0861,1,13.8900,16.3620,2024-10-22,0,4.0325,1,13.8900,16.5382,2024-11-05,0,4.3213
prebreak,600982,2024-10-08,S,S,A,C,S,S,A,3.7890,3.1800,3.0200,0.1600,,1,3.1800,3.4591,2024-10-15,0,1.7285,1,3.1800,3.5157,2024-10-22,0,2.0817,1,3.1800,3.7231,2024-11-05,0,3.3769
prebreak,601021,2024-10-08,S,S,A,C,S,S,A,60.0620,48.4500,46.0000,2.4500,,1,48.4500,50.7986,2024-10-15,0,0.9430,1,48.4500,52.3151,2024-10-22,0,1.5616,1,48.4500,54.8362,2024-11-05,0,2.5900
prebreak,601607,2024-10-08,S,S,A,C,S,S,A,20.9839,18.6500,17.8500,0.8000,,1,18.6500,19.4125,2024-10-15,0,0.9348,1,18.6500,19.8916,2024-10-22,0,1.5333,1,18.6500,18.8664,2024-11-05,0,0.2526
prebreak,601728,2024-10-08,S,S,A,C,S,S,A,6.3301,5.8100,5.5500,0.2600,,1,5.8100,6.1115,2024-10-15,0,1.1418,1,5.8100,6.3206,2024-10-22,0,1.9455,1,5.8100,6.1020,2024-11-05,0,1.1053
prebreak,601965,2024-10-08,S,S,A,C,S,S,A,18.8559,16.2300,15.5200,0.7100,,1,16.2300,17.2678,2024-10-15,0,1.4434,1,16.2300,17.2104,2024-10-22,0,1.3626,1,16.2300,17.4400,2024-11-05,0,1.6858
prebreak,603339,2024-10-08,S,S,A,C,S,S,A,11.1368,9.3500,8.9100,0.4400,,1,9.3500,10.0154,2024-10-15,0,1.4952,1,9.3500,10.6245,2024-10-22,0,2.8785,1,9.3500,13.7857,2024-11-05,0,10.0587
prebreak,000570,2024-10-10,S,S,A,C,S,S,A,4.9341,4.3500,4.1300,0.2200,,0,0.0000,0.0000,,0,0.0000,0,0.0000,0.0000,,0,0.0000,0,0.0000,0.0000,,0,0.0000
prebreak,001219,2024-10-10,S,S,A,C,S,S,A,11.5530,10.7000,10.2900,0.4100,,0,0.0000,0.0000,,0,0.0000,0,0.0000,0.0000,,0,0.0000,0,0.0000,0.0000,,0,0.0000
prebreak,002039,2024-10-10,S,S,A,C,S,S,A,14.9573,15.6800,14.9100,0.7700,,0,0.0000,0.0000,,0,0.0000,0,0.0000,0.0000,,0,0.0000,0,0.0000,0.0000,,0,0.0000
prebreak,002732,2024-10-10,S,S,A,C,S,S,A,15.2594,13.7500,13.1400,0.6100,,0,0.0000,0.0000,,0,0.0000,0,0.0000,0.0000,,0,0.0000,0,0.0000,0.0000,,0,0.0000
prebreak,600009,2024-10-10,S,S,A,C,S,S,A,34.9343,30.4800,28.8800,1.6000,,0,0.0000,0.0000,,0,0.0000,0,0.0000,0.0000,,0,0.0000,0,0.0000,0.0000,,0,0.0000
prebreak,600388,2024-10-10,S,S,A,C,S,S,A,11.6208,10.9200,10.4700,0.4500,,0,0.0000,0.0000,,0,0.0000,0,0.0000,0.0000,,0,0.0000,0,0.0000,0.0000,,0,0.0000
prebreak,600400,2024-10-10,S,S,A,C,S,S,A,2.3200,2.1300,2.0300,0.1000,,0,0.0000,0.0000,,0,0.0000,0,0.0000,0.0000,,0,0.0000,0,0.0000,0.0000,,0,0.0000
prebreak,601009,2024-10-10,S,S,A,C,S,S,A,9.4292,9.3700,8.9400,0.4300,,0,0.0000,0.0000,,0,0.0000,0,0.0000,0.0000,,0,0.0000,0,0.0000,0.0000,,0,0.0000
prebreak,601077,2024-10-10,S,S,A,C,S,S,A,4.9036,4.4900,4.2800,0.2100,,1,4.4900,5.3024,2024-10-17,0,3.8500,1,4.4900,5.4021,2024-10-24,0,4.3245,1,4.4900,5.2209,2024-11-07,0,3.4618
prebreak,601658,2024-10-10,S,S,A,C,S,S,A,4.9792,4.2900,4.0600,0.2300,,0,0.0000,0.0000,,0,0.0000,0,0.0000,0.0000,,0,0.0000,0,0.0000,0.0000,,0,0.0000
prebreak,603987,2024-10-10,S,S,A,C,S,S,A,6.7181,5.9600,5.6700,0.2900,,0,0.0000,0.0000,,0,0.0000,0,0.0000,0.0000,,0,0.0000,0,0.0000,0.0000,,0,0.0000
prebreak,002203,2024-10-14,S,S,A,C,S,S,A,8.5629,8.1300,7.6900,0.4400,,0,0.0000,0.0000,,0,0.0000,0,0.0000,0.0000,,0,0.0000,0,0.0000,0.0000,,0,0.0000
prebreak,002391,2024-10-14,S,S,A,C,S,S,A,4.7308,4.3400,4.1500,0.1900,,0,0.0000,0.0000,,0,0.0000,0,0.0000,0.0000,,0,0.0000,0,0.0000,0.0000,,0,0.0000
prebreak,600613,2024-10-14,S,S,A,C,S,S,A,5.7335,5.1100,4.8400,0.2700,,0,0.0000,0.0000,,0,0.0000,0,0.0000,0.0000,,0,0.0000,0,0.0000,0.0000,,0,0.0000
prebreak,600795,2024-10-14,S,S,A,C,S,S,A,4.7885,4.5000,4.3300,0.1700,,0,0.0000,0.0000,,0,0.0000,0,0.0000,0.0000,,0,0.0000,0,0.0000,0.0000,,0,0.0000
prebreak,601288,2024-10-14,S,S,A,C,S,S,A,4.6549,4.2900,4.0600,0.2300,,0,0.0000,0.0000,,0,0.0000,0,0.0000,0.0000,,0,0.0000,0,0.0000,0.0000,,0,0.0000
prebreak,603035,2024-10-14,S,S,A,C,S,S,A,13.4870,12.3000,11.6600,0.6400,,0,0.0000,0.0000,,0,0.0000,0,0.0000,0.0000,,0,0.0000,0,0.0000,0.0000,,0,0.0000
prebreak,603075,2024-10-14,S,S,A,C,S,S,A,17.4373,16.2500,15.4500,0.8000,,0,0.0000,0.0000,,0,0.0000,0,0.0000,0.0000,,0,0.0000,0,0.0000,0.0000,,0,0.0000
prebreak,000012,2024-10-16,S,S,A,C,S,S,A,5.2973,4.9700,4.7500,0.2200,,0,0.0000,0.0000,,0,0.0000,0,0.0000,0.0000,,0,0.0000,0,0.0000,0.0000,,0,0.0000
prebreak,000096,2024-10-16,S,S,A,C,S,S,A,9.5738,8.8200,8.3600,0.4600,,0,0.0000,0.0000,,0,0.0000,0,0.0000,0.0000,,0,0.0000,0,0.0000,0.0000,,0,0.0000
prebreak,001965,2024-10-16,S,S,A,C,S,S,A,11.1743,11.8800,11.2900,0.5900,,0,0.0000,0.0000,,0,0.0000,0,0.0000,0.0000,,0,0.0000,0,0.0000,0.0000,,0,0.0000
prebreak,002349,2024-10-16,S,S,A,C,S,S,A,7.2697,6.6300,6.2900,0.3400,,0,0.0000,0.0000,,0,0.0000,0,0.0000,0.0000,,0,0.0000,0,0.0000,0.0000,,0,0.0000
prebreak,002932,2024-10-16,S,S,A,C,S,S,A,16.8012,14.9900,14.3800,0.6100,,0,0.0000,0.0000,,0,0.0000,0,0.0000,0.0000,,0,0.0000,0,0.0000,0.0000,,0,0.0000
prebreak,600018,2024-10-16,S,S,A,C,S,S,A,5.8032,5.4400,5.1700,0.2700,,0,0.0000,0.0000,,0,0.0000,0,0.0000,0.0000,,0,0.0000,0,0.0000,0.0000,,0,0.0000
prebreak,600919,2024-10-16,S,S,A,C,S,S,A,8.1581,6.9400,6.6500,0.2900,,0,0.0000,0.0000,,0,0.0000,0,0.0000,0.0000,,0,0.0000,0,0.0000,0.0000,,0,0.0000
prebreak,001219,2024-10-17,S,S,A,C,S,S,A,11.1141,10.7000,10.2900,0.4100,,0,0.0000,0.0000,,0,0.0000,0,0.0000,0.0000,,0,0.0000,0,0.0000,0.0000,,0,0.0000
prebreak,002039,2024-10-17,S,S,A,C,S,S,A,15.3171,15.8000,15.0500,0.7500,,0,0.0000,0.0000,,0,0.0000,0,0.0000,0.0000,,0,0.0000,0,0.0000,0.0000,,0,0.0000
prebreak,002493,2024-10-17,S,S,A,C,S,S,A,8.6807,8.4000,7.9700,0.4300,,0,0.0000,0.0000,,0,0.0000,0,0.0000,0.0000,,0,0.0000,0,0.0000,0.0000,,0,0.0000
prebreak,002746,2024-10-17,S,S,A,C,S,S,A,5.1587,5.0200,4.7800,0.2400,,0,0.0000,0.0000,,0,0.0000,0,0.0000,0.0000,,0,0.0000,0,0.0000,0.0000,,0,0.0000
prebreak,600009,2024-10-17,S,S,A,C,S,S,A,33.0173,30.4800,28.8800,1.6000,,0,0.0000,0.0000,,0,0.0000,0,0.0000,0.0000,,0,0.0000,0,0.0000,0.0000,,0,0.0000
prebreak,600115,2024-10-17,S,S,A,C,S,S,A,3.5600,3.7300,3.5400,0.1900,,0,0.0000,0.0000,,0,0.0000,0,0.0000,0.0000,,0,0.0000,0,0.0000,0.0000,,0,0.0000
prebreak,600400,2024-10-17,S,S,A,C,S,S,A,2.1800,2.1300,2.0300,0.1000,,0,0.0000,0.0000,,0,0.0000,0,0.0000,0.0000,,0,0.0000,0,0.0000,0.0000,,0,0.0000
prebreak,600495,2024-10-17,S,S,A,C,S,S,A,3.6015,3.5000,3.3200,0.1800,,0,0.0000,0.0000,,0,0.0000,0,0.0000,0.0000,,0,0.0000,0,0.0000,0.0000,,0,0.0000
prebreak,601009,2024-10-17,S,S,A,C,S,S,A,9.6289,9.3700,8.9400,0.4300,,0,0.0000,0.0000,,0,0.0000,0,0.0000,0.0000,,0,0.0000,0,0.0000,0.0000,,0,0.0000
prebreak,000848,2024-10-18,S,S,A,C,S,S,A,7.1367,6.4200,6.1500,0.2700,,0,0.0000,0.0000,,0,0.0000,0,0.0000,0.0000,,0,0.0000,0,0.0000,0.0000,,0,0.0000
prebreak,000895,2024-10-18,S,S,A,C,S,S,A,22.8724,23.3700,22.4400,0.9300,,0,0.0000,0.0000,,0,0.0000,1,23.3700,22.8908,2024-11-01,0,-0.5340,1,23.3700,22.9553,2024-11-15,0,-0.4647
prebreak,000951,2024-10-18,S,S,A,C,S,S,A,14.7856,13.0100,12.3900,0.6200,,0,0.0000,0.0000,,0,0.0000,0,0.0000,0.0000,,0,0.0000,0,0.0000,0.0000,,0,0.0000
prebreak,002011,2024-10-18,S,S,A,C,S,S,A,10.8000,10.5300,10.0800,0.4500,,0,0.0000,0.0000,,0,0.0000,0,0.0000,0.0000,,0,0.0000,0,0.0000,0.0000,,0,0.0000
prebreak,002038,2024-10-18,S,S,A,C,S,S,A,7.3270,7.3200,7.0200,0.3000,,0,0.0000,0.0000,,0,0.0000,0,0.0000,0.0000,,0,0.0000,0,0.0000,0.0000,,0,0.0000
prebreak,002448,2024-10-18,S,S,A,C,S,S,A,5.7207,5.8200,5.5700,0.2500,,0,0.0000,0.0000,,0,0.0000,0,0.0000,0.0000,,0,0.0000,0,0.0000,0.0000,,0,0.0000
prebreak,002545,2024-10-18,S,S,A,C,S,S,A,6.0549,5.6600,5.3700,0.2900,,0,0.0000,0.0000,,0,0.0000,0,0.0000,0.0000,,0,0.0000,0,0.0000,0.0000,,0,0.0000
prebreak,600029,2024-10-18,S,S,A,C,S,S,A,5.8600,5.9200,5.6700,0.2500,,0,0.0000,0.0000,,0,0.0000,0,0.0000,0.0000,,0,0.0000,0,0.0000,0.0000,,0,0.0000
prebreak,600116,2024-10-18,S,S,A,C,S,S,A,7.1553,7.3100,6.9600,0.3500,,0,0.0000,0.0000,,0,0.0000,0,0.0000,0.0000,,0,0.0000,0,0.0000,0.0000,,0,0.0000
prebreak,600127,2024-10-18,S,S,A,C,S,S,A,7.0000,6.5600,6.2500,0.3100,,0,0.0000,0.0000,,0,0.0000,0,0.0000,0.0000,,0,0.0000,0,0.0000,0.0000,,0,0.0000
prebreak,600313,2024-10-18,S,S,A,C,S,S,A,5.9506,5.3100,5.1000,0.2100,,1,5.3100,6.5896,2024-10-25,0,6.0703,1,5.3100,6.6894,2024-11-01,0,6.5454,1,5.3100,6.9490,2024-11-15,0,7.7808
prebreak,600351,2024-10-18,S,S,A,C,S,S,A,5.3446,5.4400,5.1800,0.2600,,0,0.0000,0.0000,,0,0.0000,0,0.0000,0.0000,,0,0.0000,0,0.0000,0.0000,,0,0.0000
prebreak,600674,2024-10-18,S,S,A,C,S,S,A,16.6092,16.8300,16.0100,0.8200,,0,0.0000,0.0000,,0,0.0000,0,0.0000,0.0000,,0,0.0000,0,0.0000,0.0000,,0,0.0000
prebreak,600710,2024-10-18,S,S,A,C,S,S,A,8.0921,7.8200,7.4400,0.3800,,0,0.0000,0.0000,,0,0.0000,0,0.0000,0.0000,,0,0.0000,0,0.0000,0.0000,,0,0.0000
prebreak,600873,2024-10-18,S,S,A,C,S,S,A,8.9078,8.5300,8.1700,0.3600,,0,0.0000,0.0000,,0,0.0000,0,0.0000,0.0000,,0,0.0000,0,0.0000,0.0000,,0,0.0000
prebreak,601158,2024-10-18,S,S,A,C,S,S,A,4.5244,4.1100,3.9400,0.1700,,0,0.0000,0.0000,,0,0.0000,0,0.0000,0.0000,,0,0.0000,0,0.0000,0.0000,,0,0.0000
prebreak,601568,2024-10-18,S,S,A,C,S,S,A,3.9091,3.9900,3.7800,0.2100,,0,0.0000,0.0000,,0,0.0000,0,0.0000,0.0000,,0,0.0000,0,0.0000,0.0000,,0,0.0000
prebreak,601818,2024-10-18,S,S,A,C,S,S,A,3.1694,2.8500,2.7200,0.1300,,0,0.0000,0.0000,,0,0.0000,0,0.0000,0.0000,,0,0.0000,0,0.0000,0.0000,,0,0.0000
prebreak,601952,2024-10-18,S,S,A,C,S,S,A,9.4909,9.7900,9.2900,0.5000,,0,0.0000,0.0000,,0,0.0000,0,0.0000,0.0000,,0,0.0000,0,0.0000,0.0000,,0,0.0000
prebreak,002274,2024-10-21,S,S,A,C,S,S,A,7.1257,6.4900,6.1500,0.3400,,0,0.0000,0.0000,,0,0.0000,0,0.0000,0.0000,,0,0.0000,0,0.0000,0.0000,,0,0.0000
prebreak,002283,2024-10-21,S,S,A,C,S,S,A,4.3071,4.4300,4.1900,0.2400,,0,0.0000,0.0000,,0,0.0000,0,0.0000,0.0000,,0,0.0000,0,0.0000,0.0000,,0,0.0000
prebreak,002507,2024-10-21,S,S,A,C,S,S,A,13.0908,13.4300,12.7500,0.6800,,0,0.0000,0.0000,,0,0.0000,0,0.0000,0.0000,,0,0.0000,0,0.0000,0.0000,,0,0.0000
prebreak,002818,2024-10-21,S,S,A,C,S,S,A,11.1412,9.9600,9.6100,0.3500,,0,0.0000,0.0000,,0,0.0000,0,0.0000,0.0000,,0,0.0000,0,0.0000,0.0000,,0,0.0000
prebreak,600075,2024-10-21,S,S,A,C,S,S,A,4.1403,4.3200,4.1100,0.2100,,1,4.3200,4.4190,2024-10-28,0,0.4553,1,4.3200,4.5782,2024-11-04,0,1.2131,1,4.3200,4.4687,2024-11-18,0,0.6921
prebreak,600138,2024-10-21,S,S,A,C,S,S,A,10.1666,9.9300,9.4800,0.4500,,0,0.0000,0.0000,,0,0.0000,0,0.0000,0.0000,,0,0.0000,0,0.0000,0.0000,,0,0.0000
prebreak,600177,2024-10-21,S,S,A,C,S,S,A,6.7458,6.9800,6.6300,0.3500,,0,0.0000,0.0000,,0,0.0000,0,0.0000,0.0000,,0,0.0000,0,0.0000,0.0000,,0,0.0000
prebreak,600267,2024-10-21,S,S,A,C,S,S,A,7.7831,8.0000,7.5800,0.4200,,0,0.0000,0.0000,,0,0.0000,0,0.0000,0.0000,,0,0.0000,0,0.0000,0.0000,,0,0.0000
prebreak,600688,2024-10-21,S,S,A,C,S,S,A,2.8109,2.5500,2.4400,0.1100,,0,0.0000,0.0000,,0,0.0000,0,0.0000,0.0000,,0,0.0000,0,0.0000,0.0000,,0,0.0000
prebreak,600795,2024-10-21,S,S,A,C,S,S,A,4.5966,4.8100,4.5600,0.2500,,0,0.0000,0.0000,,0,0.0000,0,0.0000,0.0000,,0,0.0000,0,0.0000,0.0000,,0,0.0000
prebreak,601288,2024-10-21,S,S,A,C,S,S,A,4.4791,4.6800,4.4400,0.2400,,0,0.0000,0.0000,,0,0.0000,0,0.0000,0.0000,,0,0.0000,0,0.0000,0.0000,,0,0.0000
prebreak,603035,2024-10-21,S,S,A,C,S,S,A,13.4198,13.5700,12.8500,0.7200,,0,0.0000,0.0000,,0,0.0000,0,0.0000,0.0000,,0,0.0000,0,0.0000,0.0000,,0,0.0000
prebreak,000429,2024-10-22,S,S,A,C,S,S,A,10.2124,10.3800,9.9300,0.4500,,0,0.0000,0.0000,,0,0.0000,0,0.0000,0.0000,,0,0.0000,0,0.0000,0.0000,,0,0.0000
prebreak,000725,2024-10-22,S,S,A,C,S,S,A,4.1910,4.2000,3.9900,0.2100,,0,0.0000,0.0000,,0,0.0000,0,0.0000,0.0000,,0,0.0000,0,0.0000,0.0000,,0,0.0000
prebreak,000813,2024-10-22,S,S,A,C,S,S,A,2.8900,2.8400,2.6900,0.1500,,0,0.0000,0.0000,,0,0.0000,0,0.0000,0.0000,,0,0.0000,0,0.0000,0.0000,,0,0.0000
prebreak,000852,2024-10-22,S,S,A,C,S,S,A,5.7300,5.8600,5.5700,0.2900,,1,5.8600,5.7400,2024-10-29,0,-0.4289,1,5.8600,5.8800,2024-11-05,0,0.0536,1,5.8600,5.9700,2024-11-19,0,0.3637
prebreak,002249,2024-10-22,S,S,A,C,S,S,A,5.0859,5.1100,4.8400,0.2700,,0,0.0000,0.0000,,0,0.0000,0,0.0000,0.0000,,0,0.0000,0,0.0000,0.0000,,0,0.0000
prebreak,002437,2024-10-22,S,S,A,C,S,S,A,2.2800,2.1800,2.0800,0.1000,,0,0.0000,0.0000,,0,0.0000,0,0.0000,0.0000,,0,0.0000,0,0.0000,0.0000,,0,0.0000
prebreak,600008,2024-10-22,S,S,A,C,S,S,A,2.9255,2.9500,2.8200,0.1300,,0,0.0000,0.0000,,0,0.0000,0,0.0000,0.0000,,0,0.0000,0,0.0000,0.0000,,0,0.0000
prebreak,600016,2024-10-22,S,S,A,C,S,S,A,3.5505,3.6300,3.4700,0.1600,,0,0.0000,0.0000,,0,0.0000,0,0.0000,0.0000,,0,0.0000,0,0.0000,0.0000,,0,0.0000
prebreak,600031,2024-10-22,S,S,A,C,S,S,A,17.0493,17.6900,16.7800,0.9100,,0,0.0000,0.0000,,0,0.0000,0,0.0000,0.0000,,0,0.0000,0,0.0000,0.0000,,0,0.0000
prebreak,600037,2024-10-22,S,S,A,C,S,S,A,6.7252,6.7400,6.4100,0.3300,,0,0.0000,0.0000,,0,0.0000,0,0.0000,0.0000,,0,0.0000,0,0.0000,0.0000,,0,0.0000
prebreak,600089,2024-10-22,S,S,A,C,S,S,A,12.8007,11.6800,11.2800,0.4000,,1,11.6800,13.8996,2024-10-29,0,5.5232,1,11.6800,13.7068,2024-11-05,0,5.0415,1,11.6800,13.4176,2024-11-19,0,4.3191
prebreak,600328,2024-10-22,S,S,A,C,S,S,A,7.8711,8.1100,7.6800,0.4300,,1,8.1100,8.5466,2024-10-29,0,1.0003,1,8.1100,8.3018,2024-11-05,0,0.4315,1,8.1100,8.2333,2024-11-19,0,0.2722
prebreak,600332,2024-10-22,S,S,A,C,S,S,A,26.9691,27.1100,25.7600,1.3500,,0,0.0000,0.0000,,0,0.0000,0,0.0000,0.0000,,0,0.0000,0,0.0000,0.0000,,0,0.0000
prebreak,600459,2024-10-22,S,S,A,C,S,S,A,13.8097,13.8000,13.0900,0.7100,,0,0.0000,0.0000,,0,0.0000,0,0.0000,0.0000,,0,0.0000,0,0.0000,0.0000,,0,0.0000
prebreak,600598,2024-10-22,S,S,A,C,S,S,A,13.4138,12.3600,11.7900,0.5700,,0,0.0000,0.0000,,0,0.0000,0,0.0000,0.0000,,0,0.0000,0,0.0000,0.0000,,0,0.0000
prebreak,600888,2024-10-22,S,S,A,C,S,S,A,7.0774,7.1500,6.8400,0.3100,,0,0.0000,0.0000,,0,0.0000,0,0.0000,0.0000,,0,0.0000,0,0.0000,0.0000,,0,0.0000
prebreak,600977,2024-10-22,S,S,A,C,S,S,A,11.3147,11.1500,10.6600,0.4900,,0,0.0000,0.0000,,0,0.0000,0,0.0000,0.0000,,0,0.0000,0,0.0000,0.0000,,0,0.0000
prebreak,601021,2024-10-22,S,S,A,C,S,S,A,52.3151,48.4500,46.0000,2.4500,,0,0.0000,0.0000,,0,0.0000,0,0.0000,0.0000,,0,0.0000,0,0.0000,0.0000,,0,0.0000
prebreak,601200,2024-10-22,S,S,A,C,S,S,A,8.0706,8.0100,7.6100,0.4000,,0,0.0000,0.0000,,0,0.0000,0,0.0000,0.0000,,0,0.0000,0,0.0000,0.0000,,0,0.0000
prebreak,601607,2024-10-22,S,S,A,C,S,S,A,19.8916,20.0500,19.0500,1.0000,,0,0.0000,0.0000,,0,0.0000,0,0.0000,0.0000,,0,0.0000,0,0.0000,0.0000,,0,0.0000
prebreak,601728,2024-10-22,S,S,A,C,S,S,A,6.3206,6.3000,5.9900,0.3100,,0,0.0000,0.0000,,0,0.0000,0,0.0000,0.0000,,0,0.0000,0,0.0000,0.0000,,0,0.0000
prebreak,601928,2024-10-22,S,S,A,C,S,S,A,10.4455,11.1200,10.7100,0.4100,,0,0.0000,0.0000,,0,0.0000,0,0.0000,0.0000,,0,0.0000,0,0.0000,0.0000,,0,0.0000
prebreak,601965,2024-10-22,S,S,A,C,S,S,A,17.2104,16.2300,15.5200,0.7100,,0,0.0000,0.0000,,0,0.0000,0,0.0000,0.0000,,0,0.0000,0,0.0000,0.0000,,0,0.0000
prebreak,603339,2024-10-22,S,S,A,C,S,S,A,10.6245,9.3500,8.9100,0.4400,,1,9.3500,10.6051,2024-10-29,0,2.8346,1,9.3500,13.7857,2024-11-05,0,10.0587,1,9.3500,12.6643,2024-11-19,0,7.5116
prebreak,000012,2024-10-23,S,S,A,C,S,S,A,5.3660,5.3600,5.0900,0.2700,,0,0.0000,0.0000,,0,0.0000,0,0.0000,0.0000,,0,0.0000,0,0.0000,0.0000,,0,0.0000
prebreak,000753,2024-10-23,S,S,A,C,S,S,A,3.1270,2.7800,2.6300,0.1500,,0,0.0000,0.0000,,0,0.0000,0,0.0000,0.0000,,0,0.0000,0,0.0000,0.0000,,0,0.0000
prebreak,000900,2024-10-23,S,S,A,C,S,S,A,3.7256,3.8100,3.6300,0.1800,,0,0.0000,0.0000,,0,0.0000,0,0.0000,0.0000,,0,0.0000,0,0.0000,0.0000,,0,0.0000
prebreak,000968,2024-10-23,S,S,A,C,S,S,A,6.4505,6.4700,6.1600,0.3100,,0,0.0000,0.0000,,0,0.0000,0,0.0000,0.0000,,0,0.0000,0,0.0000,0.0000,,0,0.0000
prebreak,000970,2024-10-23,S,S,A,C,S,S,A,9.6156,8.1600,7.7600,0.4000,,0,0.0000,0.0000,,0,0.0000,0,0.0000,0.0000,,0,0.0000,0,0.0000,0.0000,,0,0.0000
prebreak,001965,2024-10-23,S,S,A,C,S,S,A,11.7604,11.4000,10.8100,0.5900,,0,0.0000,0.0000,,0,0.0000,0,0.0000,0.0000,,0,0.0000,0,0.0000,0.0000,,0,0.0000
prebreak,002048,2024-10-23,S,S,A,C,S,S,A,13.1293,12.9800,12.3400,0.6400,,0,0.0000,0.0000,,0,0.0000,0,0.0000,0.0000,,0,0.0000,0,0.0000,0.0000,,0,0.0000
prebreak,002349,2024-10-23,S,S,A,C,S,S,A,7.5433,7.4600,7.1100,0.3500,,1,7.4600,7.5530,2024-10-30,0,0.2494,1,7.4600,7.6801,2024-11-06,0,0.6121,1,7.4600,7.8559,2024-11-20,0,1.1143
prebreak,002390,2024-10-23,S,S,A,C,S,S,A,3.3286,3.3500,3.1800,0.1700,,0,0.0000,0.0000,,0,0.0000,0,0.0000,0.0000,,0,0.0000,0,0.0000,0.0000,,0,0.0000
prebreak,002588,2024-10-23,S,S,A,C,S,S,A,6.8864,6.4700,6.1600,0.3100,,0,0.0000,0.0000,,0,0.0000,0,0.0000,0.0000,,0,0.0000,0,0.0000,0.0000,,0,0.0000
prebreak,002807,2024-10-23,S,S,A,C,S,S,A,3.4322,3.5200,3.3500,0.1700,,0,0.0000,0.0000,,0,0.0000,0,0.0000,0.0000,,0,0.0000,0,0.0000,0.0000,,0,0.0000
prebreak,002966,2024-10-23,S,S,A,C,S,S,A,7.2832,7.5600,7.2000,0.3600,,0,0.0000,0.0000,,0,0.0000,0,0.0000,0.0000,,0,0.0000,0,0.0000,0.0000,,0,0.0000
prebreak,600017,2024-10-23,S,S,A,C,S,S,A,2.8561,2.8900,2.7300,0.1600,,0,0.0000,0.0000,,0,0.0000,0,0.0000,0.0000,,0,0.0000,0,0.0000,0.0000,,0,0.0000
prebreak,600018,2024-10-23,S,S,A,C,S,S,A,5.8591,5.8800,5.5700,0.3100,,0,0.0000,0.0000,,0,0.0000,0,0.0000,0.0000,,0,0.0000,0,0.0000,0.0000,,0,0.0000
prebreak,600055,2024-10-23,S,S,A,C,S,S,A,13.9046,12.2300,11.7000,0.5300,,0,0.0000,0.0000,,0,0.0000,0,0.0000,0.0000,,0,0.0000,0,0.0000,0.0000,,0,0.0000
prebreak,600059,2024-10-23,S,S,A,C,S,S,A,8.5217,8.5900,8.1300,0.4600,,0,0.0000,0.0000,,0,0.0000,0,0.0000,0.0000,,0,0.0000,0,0.0000,0.0000,,0,0.0000
prebreak,600108,2024-10-23,S,S,A,C,S,S,A,2.7122,2.7300,2.5900,0.1400,,0,0.0000,0.0000,,0,0.0000,0,0.0000,0.0000,,0,0.0000,0,0.0000,0.0000,,0,0.0000
prebreak,600284,2024-10-23,S,S,A,C,S,S,A,5.5114,5.6400,5.4100,0.2300,,0,0.0000,0.0000,,0,0.0000,0,0.0000,0.0000,,0,0.0000,0,0.0000,0.0000,,0,0.0000
prebreak,600305,2024-10-23,S,S,A,C,S,S,A,7.6069,7.6000,7.2300,0.3700,,0,0.0000,0.0000,,0,0.0000,0,0.0000,0.0000,,0,0.0000,0,0.0000,0.0000,,0,0.0000
prebreak,600425,2024-10-23,S,S,A,C,S,S,A,3.4520,2.9800,2.8500,0.1300,,0,0.0000,0.0000,,0,0.0000,0,0.0000,0.0000,,0,0.0000,0,0.0000,0.0000,,0,0.0000
prebreak,600515,2024-10-23,S,S,A,C,S,S,A,3.4191,3.1400,2.9900,0.1500,,0,0.0000,0.0000,,0,0.0000,0,0.0000,0.0000,,0,0.0000,0,0.0000,0.0000,,0,0.0000
prebreak,600655,2024-10-23,S,S,A,C,S,S,A,5.6577,4.9600,4.7100,0.2500,,0,0.0000,0.0000,,0,0.0000,0,0.0000,0.0000,,0,0.0000,0,0.0000,0.0000,,0,0.0000
prebreak,600803,2024-10-23,S,S,A,C,S,S,A,17.1560,17.3200,16.5500,0.7700,,0,0.0000,0.0000,,0,0.0000,0,0.0000,0.0000,,0,0.0000,1,17.3200,16.9879,2024-11-20,0,-0.4482
prebreak,600959,2024-10-23,S,S,A,C,S,S,A,3.1703,2.7700,2.6200,0.1500,,0,0.0000,0.0000,,0,0.0000,0,0.0000,0.0000,,0,0.0000,0,0.0000,0.0000,,0,0.0000
prebreak,601238,2024-10-23,S,S,A,C,S,S,A,8.3178,7.3500,7.0100,0.3400,,0,0.0000,0.0000,,0,0.0000,0,0.0000,0.0000,,0,0.0000,0,0.0000,0.0000,,0,0.0000
prebreak,000541,2024-10-24,S,S,A,C,S,S,A,5.1350,5.1900,4.9200,0.2700,,0,0.0000,0.0000,,0,0.0000,0,0.0000,0.0000,,0,0.0000,0,0.0000,0.0000,,0,0.0000
prebreak,000685,2024-10-24,S,S,A,C,S,S,A,7.9030,6.7600,6.5100,0.2500,,0,0.0000,0.0000,,0,0.0000,0,0.0000,0.0000,,0,0.0000,0,0.0000,0.0000,,0,0.0000
prebreak,000800,2024-10-24,S,S,A,C,S,S,A,8.3483,8.6000,8.1700,0.4300,,1,8.6000,8.4863,2024-10-31,0,-0.2794,1,8.6000,8.8510,2024-11-07,0,0.5681,1,8.6000,8.7721,2024-11-21,0,0.3849
prebreak,000950,2024-10-24,S,S,A,C,S,S,A,5.1838,4.7300,4.5200,0.2100,,0,0.0000,0.0000,,0,0.0000,0,0.0000,0.0000,,0,0.0000,0,0.0000,0.0000,,0,0.0000
prebreak,000963,2024-10-24,S,S,A,C,S,S,A,32.3783,32.2300,30.6300,1.6000,,0,0.0000,0.0000,,0,0.0000,0,0.0000,0.0000,,0,0.0000,0,0.0000,0.0000,,0,0.0000
prebreak,001219,2024-10-24,S,S,A,C,S,S,A,11.7151,11.5000,10.9900,0.5100,,0,0.0000,0.0000,,0,0.0000,0,0.0000,0.0000,,0,0.0000,0,0.0000,0.0000,,0,0.0000
prebreak,002039,2024-10-24,S,S,A,C,S,S,A,15.4922,15.8000,15.1600,0.6400,,0,0.0000,0.0000,,0,0.0000,0,0.0000,0.0000,,0,0.0000,0,0.0000,0.0000,,0,0.0000
prebreak,002186,2024-10-24,S,S,A,C,S,S,A,9.7400,9.5900,9.1200,0.4700,,0,0.0000,0.0000,,0,0.0000,0,0.0000,0.0000,,0,0.0000,0,0.0000,0.0000,,0,0.0000
prebreak,002252,2024-10-24,S,S,A,C,S,S,A,7.2747,7.2600,6.8900,0.3700,,0,0.0000,0.0000,,0,0.0000,0,0.0000,0.0000,,0,0.0000,0,0.0000,0.0000,,0,0.0000
prebreak,002266,2024-10-24,S,S,A,C,S,S,A,3.1279,2.7300,2.5800,0.1500,,0,0.0000,0.0000,,0,0.0000,0,0.0000,0.0000,,0,0.0000,0,0.0000,0.0000,,0,0.0000
prebreak,002493,2024-10-24,S,S,A,C,S,S,A,9.2000,9.2600,8.8100,0.4500,,0,0.0000,0.0000,,0,0.0000,0,0.0000,0.0000,,0,0.0000,0,0.0000,0.0000,,0,0.0000
prebreak,002746,2024-10-24,S,S,A,C,S,S,A,5.3136,5.3600,5.1200,0.2400,,0,0.0000,0.0000,,0,0.0000,0,0.0000,0.0000,,0,0.0000,0,0.0000,0.0000,,0,0.0000
prebreak,600051,2024-10-24,S,S,A,C,S,S,A,6.1761,6.0300,5.8200,0.2100,,0,0.0000,0.0000,,0,0.0000,0,0.0000,0.0000,,0,0.0000,0,0.0000,0.0000,,0,0.0000
prebreak,600300,2024-10-24,S,S,A,C,S,S,A,2.5362,2.5300,2.4000,0.1300,,0,0.0000,0.0000,,0,0.0000,0,0.0000,0.0000,,0,0.0000,0,0.0000,0.0000,,0,0.0000
prebreak,600339,2024-10-24,S,S,A,C,S,S,A,3.3991,2.8700,2.7200,0.1500,,0,0.0000,0.0000,,0,0.0000,0,0.0000,0.0000,,0,0.0000,0,0.0000,0.0000,,0,0.0000
prebreak,600400,2024-10-24,S,S,A,C,S,S,A,2.3100,2.1300,2.0300,0.1000,,0,0.0000,0.0000,,0,0.0000,0,0.0000,0.0000,,0,0.0000,0,0.0000,0.0000,,0,0.0000
prebreak,600495,2024-10-24,S,S,A,C,S,S,A,3.7999,3.7700,3.5700,0.2000,,0,0.0000,0.0000,,0,0.0000,0,0.0000,0.0000,,0,0.0000,0,0.0000,0.0000,,0,0.0000
prebreak,600513,2024-10-24,S,S,A,C,S,S,A,9.2167,9.1800,8.7200,0.4600,,0,0.0000,0.0000,,0,0.0000,0,0.0000,0.0000,,0,0.0000,0,0.0000,0.0000,,0,0.0000
prebreak,600528,2024-10-24,S,S,A,C,S,S,A,8.0951,8.1400,7.7600,0.3800,,0,0.0000,0.0000,,0,0.0000,0,0.0000,0.0000,,0,0.0000,0,0.0000,0.0000,,0,0.0000
prebreak,600623,2024-10-24,S,S,A,C,S,S,A,6.6368,6.7200,6.3900,0.3300,,0,0.0000,0.0000,,0,0.0000,0,0.0000,0.0000,,0,0.0000,0,0.0000,0.0000,,0,0.0000
prebreak,600787,2024-10-24,S,S,A,C,S,S,A,5.0600,4.2600,4.0300,0.2300,,0,0.0000,0.0000,,0,0.0000,0,0.0000,0.0000,,0,0.0000,0,0.0000,0.0000,,0,0.0000
prebreak,600794,2024-10-24,S,S,A,C,S,S,A,3.3479,3.3000,3.1300,0.1700,,0,0.0000,0.0000,,0,0.0000,0,0.0000,0.0000,,0,0.0000,0,0.0000,0.0000,,0,0.0000
prebreak,600925,2024-10-24,S,S,A,C,S,S,A,5.2190,5.2800,5.0600,0.2200,,0,0.0000,0.0000,,0,0.0000,0,0.0000,0.0000,,0,0.0000,0,0.0000,0.0000,,0,0.0000
prebreak,601166,2024-10-24,S,S,A,C,S,S,A,17.3081,17.9100,17.1000,0.8100,,0,0.0000,0.0000,,0,0.0000,0,0.0000,0.0000,,0,0.0000,0,0.0000,0.0000,,0,0.0000
prebreak,601222,2024-10-24,S,S,A,C,S,S,A,6.6584,6.7700,6.4800,0.2900,,0,0.0000,0.0000,,0,0.0000,0,0.0000,0.0000,,0,0.0000,0,0.0000,0.0000,,0,0.0000
prebreak,601678,2024-10-24,S,S,A,C,S,S,A,3.7452,3.8200,3.6400,0.1800,,0,0.0000,0.0000,,0,0.0000,0,0.0000,0.0000,,0,0.0000,0,0.0000,0.0000,,0,0.0000
prebreak,603053,2024-10-24,S,S,A,C,S,S,A,8.9586,9.0900,8.6700,0.4200,,0,0.0000,0.0000,,0,0.0000,0,0.0000,0.0000,,0,0.0000,0,0.0000,0.0000,,0,0.0000
prebreak,688075,2024-10-24,S,S,A,C,S,S,A,36.8368,34.9600,33.2900,1.6700,,1,34.9600,37.4322,2024-10-31,0,1.4635,1,34.9600,38.2827,2024-11-07,0,1.9725,1,34.9600,39.7524,2024-11-21,0,2.8520
prebreak,000501,2024-10-25,S,S,A,C,S,S,A,7.8851,7.9200,7.5600,0.3600,,0,0.0000,0.0000,,0,0.0000,0,0.0000,0.0000,,0,0.0000,0,0.0000,0.0000,,0,0.0000
prebreak,000848,2024-10-25,S,S,A,C,S,S,A,7.7314,7.3100,6.9500,0.3600,,1,7.3100,8.2438,2024-11-01,0,2.5768,1,7.3100,8.3078,2024-11-08,0,2.7546,1,7.3100,7.8870,2024-11-22,0,1.5862
prebreak,000895,2024-10-25,S,S,A,C,S,S,A,22.6237,23.4000,22.4400,0.9600,,1,23.4000,22.8908,2024-11-01,0,-0.5486,1,23.4000,23.4343,2024-11-08,0,0.0172,1,23.4000,22.4400,2024-11-22,1,-1.0179
prebreak,000951,2024-10-25,S,S,A,C,S,S,A,14.8683,15.1600,14.4900,0.6700,,0,0.0000,0.0000,,0,0.0000,0,0.0000,0.0000,,0,0.0000,0,0.0000,0.0000,,0,0.0000
prebreak,000959,2024-10-25,S,S,A,C,S,S,A,3.1609,3.2100,3.0900,0.1200,,1,3.2100,3.2394,2024-11-01,0,0.2247,1,3.2100,3.3081,2024-11-08,0,0.7969,1,3.2100,3.0900,2024-11-22,1,-1.0197
prebreak,002011,2024-10-25,S,S,A,C,S,S,A,11.0700,11.1800,10.6200,0.5600,,0,0.0000,0.0000,,0,0.0000,0,0.0000,0.0000,,0,0.0000,0,0.0000,0.0000,,0,0.0000
prebreak,002108,2024-10-25,S,S,A,C,S,S,A,3.3694,2.9200,2.7500,0.1700,,0,0.0000,0.0000,,0,0.0000,0,0.0000,0.0000,,0,0.0000,0,0.0000,0.0000,,0,0.0000
prebreak,002221,2024-10-25,S,S,A,C,S,S,A,9.0800,8.3200,7.8900,0.4300,,0,0.0000,0.0000,,0,0.0000,0,0.0000,0.0000,,0,0.0000,0,0.0000,0.0000,,0,0.0000
prebreak,002448,2024-10-25,S,S,A,C,S,S,A,5.8856,5.9100,5.6500,0.2600,,0,0.0000,0.0000,,0,0.0000,0,0.0000,0.0000,,0,0.0000,0,0.0000,0.0000,,0,0.0000
prebreak,002545,2024-10-25,S,S,A,C,S,S,A,6.2830,6.2200,5.9200,0.3000,,0,0.0000,0.0000,,0,0.0000,0,0.0000,0.0000,,0,0.0000,0,0.0000,0.0000,,0,0.0000
prebreak,002911,2024-10-25,S,S,A,C,S,S,A,10.5037,10.3500,9.8900,0.4600,,0,0.0000,0.0000,,0,0.0000,0,0.0000,0.0000,,0,0.0000,0,0.0000,0.0000,,0,0.0000
prebreak,600029,2024-10-25,S,S,A,C,S,S,A,5.8800,6.0900,5.8100,0.2800,,0,0.0000,0.0000,,0,0.0000,0,0.0000,0.0000,,0,0.0000,0,0.0000,0.0000,,0,0.0000
prebreak,600169,2024-10-25,S,S,A,C,S,S,A,2.2800,2.1900,2.0900,0.1000,,0,0.0000,0.0000,,0,0.0000,0,0.0000,0.0000,,0,0.0000,0,0.0000,0.0000,,0,0.0000
prebreak,600269,2024-10-25,S,S,A,C,S,S,A,4.6280,4.6700,4.5000,0.1700,,0,0.0000,0.0000,,0,0.0000,0,0.0000,0.0000,,0,0.0000,0,0.0000,0.0000,,0,0.0000
prebreak,600313,2024-10-25,S,S,A,C,S,S,A,6.5896,6.1200,5.8500,0.2700,,1,6.1200,6.6894,2024-11-01,0,2.0905,1,6.1200,7.6280,2024-11-08,0,5.5643,1,6.1200,6.6096,2024-11-22,0,1.7948
prebreak,600351,2024-10-25,S,S,A,C,S,S,A,5.5523,5.5700,5.2800,0.2900,,0,0.0000,0.0000,,0,0.0000,0,0.0000,0.0000,,0,0.0000,0,0.0000,0.0000,,0,0.0000
prebreak,600674,2024-10-25,S,S,A,C,S,S,A,15.9569,16.6700,15.8200,0.8500,,0,0.0000,0.0000,,0,0.0000,0,0.0000,0.0000,,0,0.0000,0,0.0000,0.0000,,0,0.0000
prebreak,600873,2024-10-25,S,S,A,C,S,S,A,8.7548,8.9900,8.6000,0.3900,,0,0.0000,0.0000,,0,0.0000,0,0.0000,0.0000,,0,0.0000,0,0.0000,0.0000,,0,0.0000
prebreak,600874,2024-10-25,S,S,A,C,S,S,A,5.4372,5.4600,5.2000,0.2600,,1,5.4600,5.5775,2024-11-01,0,0.4358,1,5.4600,5.8208,2024-11-08,0,1.3710,1,5.4600,5.5214,2024-11-22,0,0.2200
prebreak,600903,2024-10-25,S,S,A,C,S,S,A,7.5716,7.2400,6.8800,0.3600,,0,0.0000,0.0000,,0,0.0000,0,0.0000,0.0000,,0,0.0000,0,0.0000,0.0000,,0,0.0000
prebreak,601005,2024-10-25,S,S,A,C,S,S,A,1.3200,1.3400,1.2800,0.0600,,1,1.3400,1.6900,2024-11-01,0,5.8127,1,1.3400,1.7500,2024-11-08,0,6.8120,1,1.3400,1.5300,2024-11-22,0,3.1477
prebreak,601158,2024-10-25,S,S,A,C,S,S,A,4.6000,4.6700,4.4400,0.2300,,0,0.0000,0.0000,,0,0.0000,0,0.0000,0.0000,,0,0.0000,0,0.0000,0.0000,,0,0.0000
prebreak,601390,2024-10-25,S,S,A,C,S,S,A,6.1470,6.4100,6.1000,0.3100,,0,0.0000,0.0000,,0,0.0000,0,0.0000,0.0000,,0,0.0000,0,0.0000,0.0000,,0,0.0000
prebreak,601568,2024-10-25,S,S,A,C,S,S,A,4.0824,3.9800,3.7800,0.2000,,0,0.0000,0.0000,,0,0.0000,0,0.0000,0.0000,,0,0.0000,0,0.0000,0.0000,,0,0.0000
prebreak,601816,2024-10-25,S,S,A,C,S,S,A,5.4529,5.6200,5.4200,0.2000,,0,0.0000,0.0000,,0,0.0000,0,0.0000,0.0000,,0,0.0000,0,0.0000,0.0000,,0,0.0000
prebreak,601916,2024-10-25,S,S,A,C,S,S,A,2.6279,2.7200,2.6000,0.1200,,0,0.0000,0.0000,,0,0.0000,0,0.0000,0.0000,,0,0.0000,0,0.0000,0.0000,,0,0.0000
prebreak,601952,2024-10-25,S,S,A,C,S,S,A,9.8133,9.7300,9.2200,0.5100,,0,0.0000,0.0000,,0,0.0000,0,0.0000,0.0000,,0,0.0000,0,0.0000,0.0000,,0,0.0000
prebreak,603323,2024-10-25,S,S,A,C,S,S,A,3.9282,4.0500,3.9000,0.1500,,0,0.0000,0.0000,,0,0.0000,0,0.0000,0.0000,,0,0.0000,0,0.0000,0.0000,,0,0.0000
prebreak,603811,2024-10-25,S,S,A,C,S,S,A,5.2609,5.1100,4.8600,0.2500,,0,0.0000,0.0000,,0,0.0000,0,0.0000,0.0000,,0,0.0000,0,0.0000,0.0000,,0,0.0000
prebreak,000026,2024-10-28,S,S,A,C,S,S,A,10.2153,9.6300,9.1600,0.4700,,0,0.0000,0.0000,,0,0.0000,0,0.0000,0.0000,,0,0.0000,0,0.0000,0.0000,,0,0.0000
prebreak,000411,2024-10-28,S,S,A,C,S,S,A,10.1856,9.6300,9.2200,0.4100,,0,0.0000,0.0000,,0,0.0000,0,0.0000,0.0000,,0,0.0000,0,0.0000,0.0000,,0,0.0000
prebreak,000513,2024-10-28,S,S,A,C,S,S,A,35.2741,36.3100,34.4500,1.8600,,1,36.3100,34.4500,2024-10-30,1,-1.0142,1,36.3100,34.4500,2024-10-30,1,-1.0142,1,36.3100,34.4500,2024-10-30,1,-1.0142
prebreak,000728,2024-10-28,S,S,A,C,S,S,A,8.0790,8.2200,7.8000,0.4200,,0,0.0000,0.0000,,0,0.0000,0,0.0000,0.0000,,0,0.0000,0,0.0000,0.0000,,0,0.0000
prebreak,002081,2024-10-28,S,S,A,C,S,S,A,3.5008,3.4300,3.2700,0.1600,,0,0.0000,0.0000,,0,0.0000,0,0.0000,0.0000,,0,0.0000,0,0.0000,0.0000,,0,0.0000
prebreak,002274,2024-10-28,S,S,A,C,S,S,A,7.4273,7.2800,6.9700,0.3100,,0,0.0000,0.0000,,0,0.0000,0,0.0000,0.0000,,0,0.0000,0,0.0000,0.0000,,0,0.0000
prebreak,002283,2024-10-28,S,S,A,C,S,S,A,4.5526,4.4800,4.2800,0.2000,,0,0.0000,0.0000,,0,0.0000,0,0.0000,0.0000,,0,0.0000,0,0.0000,0.0000,,0,0.0000
prebreak,002344,2024-10-28,S,S,A,C,S,S,A,3.8638,3.6500,3.4600,0.1900,,0,0.0000,0.0000,,0,0.0000,0,0.0000,0.0000,,0,0.0000,0,0.0000,0.0000,,0,0.0000
prebreak,300664,2024-10-28,S,S,A,C,S,S,A,4.9580,4.8400,4.6600,0.1800,,0,0.0000,0.0000,,0,0.0000,0,0.0000,0.0000,,0,0.0000,0,0.0000,0.0000,,0,0.0000
prebreak,600015,2024-10-28,S,S,A,C,S,S,A,6.3347,6.5800,6.2700,0.3100,,0,0.0000,0.0000,,0,0.0000,0,0.0000,0.0000,,0,0.0000,0,0.0000,0.0000,,0,0.0000
prebreak,600075,2024-10-28,S,S,A,C,S,S,A,4.4190,4.2800,4.0700,0.2100,,0,0.0000,0.0000,,0,0.0000,0,0.0000,0.0000,,0,0.0000,0,0.0000,0.0000,,0,0.0000
prebreak,600103,2024-10-28,S,S,A,C,S,S,A,2.1536,1.9800,1.9000,0.0800,,0,0.0000,0.0000,,0,0.0000,0,0.0000,0.0000,,0,0.0000,0,0.0000,0.0000,,0,0.0000
prebreak,600138,2024-10-28,S,S,A,C,S,S,A,10.2457,10.2900,9.9300,0.3600,,0,0.0000,0.0000,,0,0.0000,0,0.0000,0.0000,,0,0.0000,0,0.0000,0.0000,,0,0.0000
prebreak,600177,2024-10-28,S,S,A,C,S,S,A,6.8532,6.9400,6.7100,0.2300,,0,0.0000,0.0000,,0,0.0000,0,0.0000,0.0000,,0,0.0000,0,0.0000,0.0000,,0,0.0000
prebreak,600252,2024-10-28,S,S,A,C,S,S,A,2.4600,2.3500,2.2400,0.1100,,0,0.0000,0.0000,,0,0.0000,0,0.0000,0.0000,,0,0.0000,0,0.0000,0.0000,,0,0.0000
prebreak,600267,2024-10-28,S,S,A,C,S,S,A,8.2707,8.0100,7.5800,0.4300,,0,0.0000,0.0000,,0,0.0000,0,0.0000,0.0000,,0,0.0000,0,0.0000,0.0000,,0,0.0000
prebreak,600629,2024-10-28,S,S,A,C,S,S,A,4.3378,4.1900,4.0200,0.1700,,1,4.1900,5.7154,2024-11-04,0,8.9488,1,4.1900,7.3883,2024-11-11,0,18.7827,1,4.1900,6.2074,2024-11-25,0,11.8411
prebreak,600688,2024-10-28,S,S,A,C,S,S,A,2.9996,2.8600,2.7100,0.1500,,0,0.0000,0.0000,,0,0.0000,0,0.0000,0.0000,,0,0.0000,0,0.0000,0.0000,,0,0.0000
prebreak,600784,2024-10-28,S,S,A,C,S,S,A,5.8600,5.6600,5.4000,0.2600,,1,5.6600,5.9583,2024-11-04,0,1.1300,1,5.6600,6.1353,2024-11-11,0,1.8102,1,5.6600,5.9288,2024-11-25,0,1.0166
prebreak,600821,2024-10-28,S,S,A,C,S,S,A,5.5382,5.4800,5.2000,0.2800,,0,0.0000,0.0000,,0,0.0000,0,0.0000,0.0000,,0,0.0000,0,0.0000,0.0000,,0,0.0000
prebreak,600827,2024-10-28,S,S,A,C,S,S,A,9.1212,8.3500,7.9400,0.4100,,0,0.0000,0.0000,,0,0.0000,0,0.0000,0.0000,,0,0.0000,0,0.0000,0.0000,,0,0.0000
prebreak,603035,2024-10-28,S,S,A,C,S,S,A,13.6215,13.5700,12.8500,0.7200,,1,13.5700,14.3708,2024-11-04,0,1.0972,1,13.5700,14.9472,2024-11-11,0,1.8972,1,13.5700,13.9097,2024-11-25,0,0.4572
prebreak,000012,2024-10-30,S,S,A,C,S,S,A,5.3268,5.3600,5.0900,0.2700,,0,0.0000,0.0000,,0,0.0000,0,0.0000,0.0000,,0,0.0000,0,0.0000,0.0000,,0,0.0000
prebreak,000968,2024-10-30,S,S,A,C,S,S,A,6.2825,6.6200,6.3300,0.2900,,0,0.0000,0.0000,,0,0.0000,0,0.0000,0.0000,,0,0.0000,0,0.0000,0.0000,,0,0.0000
prebreak,000970,2024-10-30,S,S,A,C,S,S,A,9.9445,9.2600,8.7900,0.4700,,0,0.0000,0.0000,,0,0.0000,0,0.0000,0.0000,,0,0.0000,0,0.0000,0.0000,,0,0.0000
prebreak,001965,2024-10-30,S,S,A,C,S,S,A,11.0905,11.5500,10.9800,0.5700,,0,0.0000,0.0000,,0,0.0000,0,0.0000,0.0000,,0,0.0000,0,0.0000,0.0000,,0,0.0000
prebreak,002048,2024-10-30,S,S,A,C,S,S,A,12.5497,13.5700,12.8600,0.7100,,0,0.0000,0.0000,,0,0.0000,0,0.0000,0.0000,,0,0.0000,0,0.0000,0.0000,,0,0.0000
prebreak,002349,2024-10-30,S,S,A,C,S,S,A,7.5530,7.4600,7.1100,0.3500,,0,0.0000,0.0000,,0,0.0000,0,0.0000,0.0000,,0,0.0000,0,0.0000,0.0000,,0,0.0000
prebreak,002386,2024-10-30,S,S,A,C,S,S,A,4.6200,4.5300,4.3100,0.2200,,1,4.5300,4.5500,2024-11-06,0,0.0752,1,4.5300,4.6400,2024-11-13,0,0.4840,1,4.5300,4.8300,2024-11-27,0,1.3471
prebreak,002390,2024-10-30,S,S,A,C,S,S,A,3.3755,3.3500,3.1800,0.1700,,0,0.0000,0.0000,,0,0.0000,0,0.0000,0.0000,,0,0.0000,0,0.0000,0.0000,,0,0.0000
prebreak,002538,2024-10-30,S,S,A,C,S,S,A,5.4295,5.4900,5.2600,0.2300,,0,0.0000,0.0000,,0,0.0000,0,0.0000,0.0000,,0,0.0000,0,0.0000,0.0000,,0,0.0000
prebreak,002588,2024-10-30,S,S,A,C,S,S,A,6.8020,7.1100,6.7500,0.3600,,0,0.0000,0.0000,,0,0.0000,0,0.0000,0.0000,,0,0.0000,0,0.0000,0.0000,,0,0.0000
prebreak,002745,2024-10-30,S,S,A,C,S,S,A,8.1743,8.3900,7.9500,0.4400,,1,8.3900,8.3269,2024-11-06,0,-0.1577,1,8.3900,8.6755,2024-11-13,0,0.6340,1,8.3900,8.7550,2024-11-27,0,0.8145
prebreak,002932,2024-10-30,S,S,A,C,S,S,A,17.2444,17.3500,16.5300,0.8200,,0,0.0000,0.0000,,0,0.0000,0,0.0000,0.0000,,0,0.0000,0,0.0000,0.0000,,0,0.0000
prebreak,002966,2024-10-30,S,S,A,C,S,S,A,7.0374,7.3300,6.9600,0.3700,,0,0.0000,0.0000,,0,0.0000,0,0.0000,0.0000,,0,0.0000,0,0.0000,0.0000,,0,0.0000
prebreak,600018,2024-10-30,S,S,A,C,S,S,A,5.7007,5.9200,5.6300,0.2900,,0,0.0000,0.0000,,0,0.0000,0,0.0000,0.0000,,0,0.0000,0,0.0000,0.0000,,0,0.0000
prebreak,600055,2024-10-30,S,S,A,C,S,S,A,14.1229,14.2500,13.5200,0.7300,,0,0.0000,0.0000,,0,0.0000,0,0.0000,0.0000,,0,0.0000,0,0.0000,0.0000,,0,0.0000
prebreak,600059,2024-10-30,S,S,A,C,S,S,A,8.4531,8.8300,8.3800,0.4500,,1,8.8300,8.8551,2024-11-06,0,0.0409,1,8.8300,9.0316,2024-11-13,0,0.4329,1,8.8300,8.8649,2024-11-27,0,0.0627
prebreak,600279,2024-10-30,S,S,A,C,S,S,A,4.4304,4.4200,4.1900,0.2300,,0,0.0000,0.0000,,0,0.0000,0,0.0000,0.0000,,0,0.0000,0,0.0000,0.0000,,0,0.0000
prebreak,600500,2024-10-30,S,S,A,C,S,S,A,4.4200,4.3300,4.1000,0.2300,,1,4.3300,4.3900,2024-11-06,0,0.2464,1,4.3300,4.5600,2024-11-13,0,0.9851,1,4.3300,4.2500,2024-11-27,0,-0.3619
prebreak,600515,2024-10-30,S,S,A,C,S,S,A,3.4191,3.5200,3.3500,0.1700,,0,0.0000,0.0000,,0,0.0000,0,0.0000,0.0000,,0,0.0000,0,0.0000,0.0000,,0,0.0000
prebreak,600655,2024-10-30,S,S,A,C,S,S,A,5.7834,5.7200,5.4700,0.2500,,0,0.0000,0.0000,,0,0.0000,0,0.0000,0.0000,,0,0.0000,0,0.0000,0.0000,,0,0.0000
prebreak,600736,2024-10-30,S,S,A,C,S,S,A,5.4079,4.9200,4.6700,0.2500,,1,4.9200,5.7658,2024-11-06,0,3.3662,1,4.9200,5.5173,2024-11-13,0,2.3727,1,4.9200,6.1734,2024-11-27,0,4.9955
prebreak,600751,2024-10-30,S,S,A,C,S,S,A,2.7042,2.4600,2.3400,0.1200,,0,0.0000,0.0000,,0,0.0000,0,0.0000,0.0000,,0,0.0000,0,0.0000,0.0000,,0,0.0000
prebreak,600757,2024-10-30,S,S,A,C,S,S,A,7.5965,7.9800,7.6900,0.2900,,0,0.0000,0.0000,,0,0.0000,0,0.0000,0.0000,,0,0.0000,0,0.0000,0.0000,,0,0.0000
prebreak,600803,2024-10-30,S,S,A,C,S,S,A,16.3685,17.3200,16.4800,0.8400,,0,0.0000,0.0000,,0,0.0000,1,17.3200,16.9879,2024-11-13,0,-0.4108,1,17.3200,16.4800,2024-11-25,1,-1.0150
prebreak,600908,2024-10-30,S,S,A,C,S,S,A,5.2772,5.5500,5.3000,0.2500,,0,0.0000,0.0000,,0,0.0000,1,5.5500,5.4068,2024-11-13,0,-0.5893,1,5.5500,5.3000,2024-11-25,1,-1.0162
prebreak,600959,2024-10-30,S,S,A,C,S,S,A,3.3194,3.2200,3.0800,0.1400,,0,0.0000,0.0000,,0,0.0000,0,0.0000,0.0000,,0,0.0000,0,0.0000,0.0000,,0,0.0000
prebreak,601238,2024-10-30,S,S,A,C,S,S,A,8.3178,8.5500,8.1700,0.3800,,0,0.0000,0.0000,,0,0.0000,0,0.0000,0.0000,,0,0.0000,0,0.0000,0.0000,,0,0.0000
prebreak,601877,2024-10-30,S,S,A,C,S,S,A,20.5484,21.2700,20.1800,1.0900,,1,21.2700,22.5204,2024-11-06,0,1.1316,1,21.2700,22.4251,2024-11-13,0,1.0443,1,21.2700,21.6249,2024-11-27,0,0.3106
prebreak,603589,2024-10-30,S,S,A,C,S,S,A,36.7559,40.6100,39.0200,1.5900,,0,0.0000,0.0000,,0,0.0000,1,40.6100,40.6847,2024-11-13,0,0.0275,1,40.6100,39.0200,2024-11-18,1,-1.0188
prebreak,603817,2024-10-30,S,S,A,C,S,S,A,5.4855,5.3300,5.0400,0.2900,,0,0.0000,0.0000,,0,0.0000,0,0.0000,0.0000,,0,0.0000,0,0.0000,0.0000,,0,0.0000
prebreak,000541,2024-10-31,S,S,A,C,S,S,A,5.4462,5.2400,4.9800,0.2600,,0,0.0000,0.0000,,0,0.0000,0,0.0000,0.0000,,0,0.0000,0,0.0000,0.0000,,0,0.0000
prebreak,000800,2024-10-31,S,S,A,C,S,S,A,8.4863,8.8100,8.3700,0.4400,,0,0.0000,0.0000,,0,0.0000,0,0.0000,0.0000,,0,0.0000,0,0.0000,0.0000,,0,0.0000
prebreak,000950,2024-10-31,S,S,A,C,S,S,A,5.3697,5.2600,5.0400,0.2200,,0,0.0000,0.0000,,0,0.0000,0,0.0000,0.0000,,0,0.0000,0,0.0000,0.0000,,0,0.0000
prebreak,000963,2024-10-31,S,S,A,C,S,S,A,31.6402,33.7800,32.1300,1.6500,,1,33.7800,34.5445,2024-11-07,0,0.4475,1,33.7800,33.8448,2024-11-14,0,0.0237,1,33.7800,34.9854,2024-11-28,0,0.7145
prebreak,001219,2024-10-31,S,S,A,C,S,S,A,12.5356,12.1200,11.5000,0.6200,,1,12.1200,14.5485,2024-11-07,0,3.8997,1,12.1200,13.5087,2024-11-14,0,2.2235,1,12.1200,13.8807,2024-11-28,0,2.8232
prebreak,001872,2024-10-31,S,S,A,C,S,S,A,18.9625,20.1300,19.1400,0.9900,,0,0.0000,0.0000,,0,0.0000,0,0.0000,0.0000,,0,0.0000,1,20.1300,19.1400,2024-11-19,1,-1.0148
prebreak,002186,2024-10-31,S,S,A,C,S,S,A,10.1300,10.1000,9.5600,0.5400,,0,0.0000,0.0000,,0,0.0000,0,0.0000,0.0000,,0,0.0000,0,0.0000,0.0000,,0,0.0000
prebreak,002252,2024-10-31,S,S,A,C,S,S,A,7.2550,7.5600,7.2000,0.3600,,0,0.0000,0.0000,,0,0.0000,0,0.0000,0.0000,,0,0.0000,0,0.0000,0.0000,,0,0.0000
prebreak,002493,2024-10-31,S,S,A,C,S,S,A,9.2392,9.5100,9.0600,0.4500,,0,0.0000,0.0000,,0,0.0000,0,0.0000,0.0000,,0,0.0000,0,0.0000,0.0000,,0,0.0000
prebreak,002746,2024-10-31,S,S,A,C,S,S,A,5.4686,5.4800,5.2400,0.2400,,0,0.0000,0.0000,,0,0.0000,0,0.0000,0.0000,,0,0.0000,0,0.0000,0.0000,,0,0.0000
prebreak,600051,2024-10-31,S,S,A,C,S,S,A,6.3612,6.0300,5.8200,0.2100,,0,0.0000,0.0000,,0,0.0000,0,0.0000,0.0000,,0,0.0000,0,0.0000,0.0000,,0,0.0000
prebreak,600115,2024-10-31,S,S,A,C,S,S,A,3.8400,3.7600,3.5700,0.1900,,0,0.0000,0.0000,,0,0.0000,0,0.0000,0.0000,,0,0.0000,0,0.0000,0.0000,,0,0.0000
prebreak,600226,2024-10-31,S,S,A,C,S,S,A,2.3700,2.1300,2.0400,0.0900,,0,0.0000,0.0000,,0,0.0000,0,0.0000,0.0000,,0,0.0000,0,0.0000,0.0000,,0,0.0000
prebreak,600300,2024-10-31,S,S,A,C,S,S,A,2.7140,2.5300,2.4000,0.1300,,0,0.0000,0.0000,,0,0.0000,0,0.0000,0.0000,,0,0.0000,0,0.0000,0.0000,,0,0.0000
prebreak,600388,2024-10-31,S,S,A,C,S,S,A,12.8641,12.7900,12.1300,0.6600,,0,0.0000,0.0000,,0,0.0000,0,0.0000,0.0000,,0,0.0000,0,0.0000,0.0000,,0,0.0000
prebreak,600400,2024-10-31,S,S,A,C,S,S,A,2.5900,2.3100,2.2000,0.1100,,1,2.3100,2.7600,2024-11-07,0,4.0724,1,2.3100,2.5200,2024-11-14,0,1.8919,1,2.3100,3.1900,2024-11-28,0,7.9790
prebreak,600587,2024-10-31,S,S,A,C,S,S,A,16.6356,17.9500,17.0300,0.9200,,0,0.0000,0.0000,,0,0.0000,0,0.0000,0.0000,,0,0.0000,0,0.0000,0.0000,,0,0.0000
prebreak,600760,2024-10-31,S,S,A,C,S,S,A,45.6089,47.8500,45.9200,1.9300,,0,0.0000,0.0000,,0,0.0000,0,0.0000,0.0000,,0,0.0000,0,0.0000,0.0000,,0,0.0000
prebreak,600871,2024-10-31,S,S,A,C,S,S,A,2.0700,2.0400,1.9700,0.0700,,0,0.0000,0.0000,,0,0.0000,0,0.0000,0.0000,,0,0.0000,0,0.0000,0.0000,,0,0.0000
prebreak,601222,2024-10-31,S,S,A,C,S,S,A,6.9804,6.9500,6.6000,0.3500,,0,0.0000,0.0000,,0,0.0000,0,0.0000,0.0000,,0,0.0000,0,0.0000,0.0000,,0,0.0000
prebreak,601799,2024-10-31,S,S,A,C,S,S,A,133.9976,148.7500,142.0600,6.6900,,0,0.0000,0.0000,,0,0.0000,0,0.0000,0.0000,,0,0.0000,0,0.0000,0.0000,,0,0.0000
prebreak,603043,2024-10-31,S,S,A,C,S,S,A,15.0080,15.0700,14.4200,0.6500,,0,0.0000,0.0000,,0,0.0000,0,0.0000,0.0000,,0,0.0000,0,0.0000,0.0000,,0,0.0000
prebreak,603053,2024-10-31,S,S,A,C,S,S,A,9.0429,9.1400,8.8200,0.3200,,0,0.0000,0.0000,,0,0.0000,0,0.0000,0.0000,,0,0.0000,0,0.0000,0.0000,,0,0.0000
prebreak,688128,2024-10-31,S,S,A,C,S,S,A,20.3975,20.1200,19.1600,0.9600,,0,0.0000,0.0000,,0,0.0000,0,0.0000,0.0000,,0,0.0000,0,0.0000,0.0000,,0,0.0000
prebreak,000019,2024-11-04,S,S,A,C,S,S,A,6.4162,6.3200,6.0200,0.3000,,0,0.0000,0.0000,,0,0.0000,0,0.0000,0.0000,,0,0.0000,0,0.0000,0.0000,,0,0.0000
prebreak,000026,2024-11-04,S,S,A,C,S,S,A,10.2250,9.6300,9.1600,0.4700,,0,0.0000,0.0000,,0,0.0000,0,0.0000,0.0000,,0,0.0000,0,0.0000,0.0000,,0,0.0000
prebreak,000719,2024-11-04,S,S,A,C,S,S,A,9.7178,10.5600,10.0100,0.5500,,0,0.0000,0.0000,,0,0.0000,0,0.0000,0.0000,,0,0.0000,1,10.5600,10.0100,2024-11-22,1,-1.0140
prebreak,002034,2024-11-04,S,S,A,C,S,S,A,14.6146,15.0400,14.2800,0.7600,,0,0.0000,0.0000,,0,0.0000,0,0.0000,0.0000,,0,0.0000,0,0.0000,0.0000,,0,0.0000
prebreak,600138,2024-11-04,S,S,A,C,S,S,A,10.0580,10.3500,9.8700,0.4800,,1,10.3500,10.4630,2024-11-11,0,0.2190,1,10.3500,10.0580,2024-11-18,0,-0.6244,1,10.3500,9.8700,2024-11-27,1,-1.0158
prebreak,600182,2024-11-04,S,S,A,C,S,S,A,13.0889,12.9700,12.4200,0.5500,,0,0.0000,0.0000,,0,0.0000,0,0.0000,0.0000,,0,0.0000,0,0.0000,0.0000,,0,0.0000
prebreak,600821,2024-11-04,S,S,A,C,S,S,A,5.5397,5.6200,5.3500,0.2700,,0,0.0000,0.0000,,0,0.0000,0,0.0000,0.0000,,0,0.0000,0,0.0000,0.0000,,0,0.0000
prebreak,600863,2024-11-04,S,S,A,C,S,S,A,4.0753,4.2500,4.0400,0.2100,,0,0.0000,0.0000,,0,0.0000,0,0.0000,0.0000,,0,0.0000,0,0.0000,0.0000,,0,0.0000
prebreak,601139,2024-11-04,S,S,A,C,S,S,A,6.8502,6.9300,6.5800,0.3500,,0,0.0000,0.0000,,0,0.0000,0,0.0000,0.0000,,0,0.0000,0,0.0000,0.0000,,0,0.0000
prebreak,601333,2024-11-04,S,S,A,C,S,S,A,3.1987,3.2900,3.1300,0.1600,,0,0.0000,0.0000,,0,0.0000,0,0.0000,0.0000,,0,0.0000,0,0.0000,0.0000,,0,0.0000
prebreak,002083,2024-11-05,S,S,A,C,S,S,A,4.8604,4.9400,4.7000,0.2400,,1,4.9400,4.8886,2024-11-12,0,-0.2296,1,4.9400,4.7000,2024-11-14,1,-1.0150,1,4.9400,4.7000,2024-11-14,1,-1.0150
prebreak,002332,2024-11-05,S,S,A,C,S,S,A,11.8895,12.0400,11.5900,0.4500,,0,0.0000,0.0000,,0,0.0000,0,0.0000,0.0000,,0,0.0000,0,0.0000,0.0000,,0,0.0000
prebreak,600008,2024-11-05,S,S,A,C,S,S,A,3.1897,3.0800,2.9200,0.1600,,0,0.0000,0.0000,,0,0.0000,0,0.0000,0.0000,,0,0.0000,0,0.0000,0.0000,,0,0.0000
prebreak,600089,2024-11-05,S,S,A,C,S,S,A,13.7068,13.9900,13.3200,0.6700,,0,0.0000,0.0000,,0,0.0000,0,0.0000,0.0000,,0,0.0000,0,0.0000,0.0000,,0,0.0000
prebreak,600350,2024-11-05,S,S,A,C,S,S,A,8.3173,8.2800,7.8400,0.4400,,0,0.0000,0.0000,,0,0.0000,0,0.0000,0.0000,,0,0.0000,0,0.0000,0.0000,,0,0.0000
prebreak,600578,2024-11-05,S,S,A,C,S,S,A,3.5718,3.5400,3.3500,0.1900,,0,0.0000,0.0000,,0,0.0000,0,0.0000,0.0000,,0,0.0000,0,0.0000,0.0000,,0,0.0000
prebreak,600905,2024-11-05,S,S,A,C,S,S,A,4.6762,4.6500,4.4300,0.2200,,0,0.0000,0.0000,,0,0.0000,0,0.0000,0.0000,,0,0.0000,0,0.0000,0.0000,,0,0.0000
prebreak,600929,2024-11-05,S,S,A,C,S,S,A,5.6558,5.7400,5.4400,0.3000,,0,0.0000,0.0000,,0,0.0000,0,0.0000,0.0000,,0,0.0000,0,0.0000,0.0000,,0,0.0000
prebreak,600977,2024-11-05,S,S,A,C,S,S,A,11.6326,11.6500,11.1100,0.5400,,0,0.0000,0.0000,,0,0.0000,0,0.0000,0.0000,,0,0.0000,0,0.0000,0.0000,,0,0.0000
prebreak,600980,2024-11-05,S,S,A,C,S,S,A,16.6097,14.9700,14.2100,0.7600,,1,14.9700,16.3928,2024-11-12,0,1.8560,1,14.9700,15.5549,2024-11-19,0,0.7542,1,14.9700,16.3139,2024-12-03,0,1.7523
prebreak,601718,2024-11-05,S,S,A,C,S,S,A,3.0300,2.9000,2.7400,0.1600,,1,2.9000,3.0900,2024-11-12,0,1.1730,1,2.9000,2.9900,2024-11-19,0,0.5484,1,2.9000,3.0900,2024-12-03,0,1.1730
prebreak,605378,2024-11-05,S,S,A,C,S,S,A,11.8783,12.1100,11.4800,0.6300,,0,0.0000,0.0000,,0,0.0000,0,0.0000,0.0000,,0,0.0000,0,0.0000,0.0000,,0,0.0000
prebreak,000012,2024-11-06,S,S,A,C,S,S,A,5.4739,5.5200,5.2600,0.2600,,0,0.0000,0.0000,,0,0.0000,0,0.0000,0.0000,,0,0.0000,0,0.0000,0.0000,,0,0.0000
prebreak,000920,2024-11-06,S,S,A,C,S,S,A,8.7093,8.9300,8.5300,0.4000,,0,0.0000,0.0000,,0,0.0000,0,0.0000,0.0000,,0,0.0000,0,0.0000,0.0000,,0,0.0000
prebreak,001965,2024-11-06,S,S,A,C,S,S,A,10.9045,11.2900,10.7200,0.5700,,0,0.0000,0.0000,,0,0.0000,0,0.0000,0.0000,,0,0.0000,0,0.0000,0.0000,,0,0.0000
prebreak,002449,2024-11-06,S,S,A,C,S,S,A,8.1686,8.3700,7.9400,0.4300,,0,0.0000,0.0000,,0,0.0000,0,0.0000,0.0000,,0,0.0000,0,0.0000,0.0000,,0,0.0000
prebreak,002730,2024-11-06,S,S,A,C,S,S,A,7.7665,7.7500,7.3700,0.3800,,0,0.0000,0.0000,,0,0.0000,0,0.0000,0.0000,,0,0.0000,0,0.0000,0.0000,,0,0.0000
prebreak,600018,2024-11-06,S,S,A,C,S,S,A,5.6355,5.6700,5.4800,0.1900,,0,0.0000,0.0000,,0,0.0000,0,0.0000,0.0000,,0,0.0000,0,0.0000,0.0000,,0,0.0000
prebreak,600056,2024-11-06,S,S,A,C,S,S,A,11.4766,11.4500,10.9400,0.5100,,0,0.0000,0.0000,,0,0.0000,0,0.0000,0.0000,,0,0.0000,0,0.0000,0.0000,,0,0.0000
prebreak,601238,2024-11-06,S,S,A,C,S,S,A,8.3277,8.5500,8.1700,0.3800,,0,0.0000,0.0000,,0,0.0000,0,0.0000,0.0000,,0,0.0000,0,0.0000,0.0000,,0,0.0000
prebreak,603015,2024-11-06,S,S,A,C,S,S,A,8.3643,8.3300,7.9500,0.3800,,0,0.0000,0.0000,,0,0.0000,0,0.0000,0.0000,,0,0.0000,0,0.0000,0.0000,,0,0.0000
prebreak,605368,2024-11-06,S,S,A,C,S,S,A,10.7043,12.1300,11.5500,0.5800,,0,0.0000,0.0000,,0,0.0000,0,0.0000,0.0000,,0,0.0000,0,0.0000,0.0000,,0,0.0000
prebreak,000800,2024-11-07,S,S,A,C,S,S,A,8.8510,8.6300,8.1800,0.4500,,0,0.0000,0.0000,,0,0.0000,0,0.0000,0.0000,,0,0.0000,0,0.0000,0.0000,,0,0.0000
prebreak,600115,2024-11-07,S,S,A,C,S,S,A,4.0400,3.9600,3.7700,0.1900,,0,0.0000,0.0000,,0,0.0000,0,0.0000,0.0000,,0,0.0000,0,0.0000,0.0000,,0,0.0000
prebreak,600388,2024-11-07,S,S,A,C,S,S,A,12.6537,12.7900,12.1300,0.6600,,1,12.7900,12.1300,2024-11-11,1,-1.0141,1,12.7900,12.1300,2024-11-11,1,-1.0141,1,12.7900,12.1300,2024-11-11,1,-1.0141
prebreak,600871,2024-11-07,S,S,A,C,S,S,A,2.3000,2.0400,1.9700,0.0700,,1,2.0400,2.1300,2024-11-14,0,1.2628,1,2.0400,2.1300,2024-11-21,0,1.2628,1,2.0400,2.1400,2024-12-05,0,1.4055
prebreak,601077,2024-11-07,S,S,A,C,S,S,A,5.2209,5.2600,5.0100,0.2500,,0,0.0000,0.0000,,0,0.0000,1,5.2600,5.0100,2024-11-19,1,-1.0154,1,5.2600,5.0100,2024-11-19,1,-1.0154
prebreak,601222,2024-11-07,S,S,A,C,S,S,A,7.3308,7.0900,6.7400,0.3500,,0,0.0000,0.0000,,0,0.0000,0,0.0000,0.0000,,0,0.0000,0,0.0000,0.0000,,0,0.0000
prebreak,603081,2024-11-07,S,S,A,C,S,S,A,10.3613,10.2200,9.7300,0.4900,,0,0.0000,0.0000,,0,0.0000,0,0.0000,0.0000,,0,0.0000,0,0.0000,0.0000,,0,0.0000
prebreak,000333,2024-11-08,S,S,A,C,S,S,A,65.4466,66.3900,62.8900,3.5000,,1,66.3900,65.1490,2024-11-15,0,-0.3688,1,66.3900,63.4718,2024-11-22,0,-0.8477,1,66.3900,62.8900,2024-11-26,1,-1.0138
prebreak,000731,2024-11-08,S,S,A,C,S,S,A,7.1981,7.2900,6.9500,0.3400,,0,0.0000,0.0000,,0,0.0000,0,0.0000,0.0000,,0,0.0000,0,0.0000,0.0000,,0,0.0000
prebreak,002221,2024-11-08,S,S,A,C,S,S,A,9.7400,9.3100,8.8600,0.4500,,1,9.3100,9.3200,2024-11-15,0,0.0065,1,9.3100,9.7000,2024-11-22,0,0.8504,1,9.3100,9.8900,2024-12-06,0,1.2724
prebreak,002233,2024-11-08,S,S,A,C,S,S,A,7.0951,7.1800,6.8500,0.3300,,0,0.0000,0.0000,,0,0.0000,0,0.0000,0.0000,,0,0.0000,0,0.0000,0.0000,,0,0.0000
prebreak,002432,2024-11-08,S,S,A,C,S,S,A,45.3887,43.1900,41.3000,1.8900,,0,0.0000,0.0000,,0,0.0000,0,0.0000,0.0000,,0,0.0000,0,0.0000,0.0000,,0,0.0000
prebreak,002462,2024-11-08,S,S,A,C,S,S,A,13.0634,12.7100,12.1100,0.6000,,0,0.0000,0.0000,,0,0.0000,0,0.0000,0.0000,,0,0.0000,0,0.0000,0.0000,,0,0.0000
prebreak,002627,2024-11-08,S,S,A,C,S,S,A,5.1508,5.0600,4.8800,0.1800,,0,0.0000,0.0000,,0,0.0000,0,0.0000,0.0000,,0,0.0000,0,0.0000,0.0000,,0,0.0000
prebreak,002641,2024-11-08,S,S,A,C,S,S,A,4.6008,4.4100,4.2300,0.1800,,0,0.0000,0.0000,,0,0.0000,0,0.0000,0.0000,,0,0.0000,0,0.0000,0.0000,,0,0.0000
prebreak,600054,2024-11-08,S,S,A,C,S,S,A,11.8104,11.3100,10.8300,0.4800,,0,0.0000,0.0000,,0,0.0000,0,0.0000,0.0000,,0,0.0000,0,0.0000,0.0000,,0,0.0000
prebreak,600351,2024-11-08,S,S,A,C,S,S,A,5.7328,5.6600,5.4200,0.2400,,0,0.0000,0.0000,,0,0.0000,0,0.0000,0.0000,,0,0.0000,0,0.0000,0.0000,,0,0.0000
prebreak,600406,2024-11-08,S,S,A,C,S,S,A,26.0640,25.8400,24.5500,1.2900,,0,0.0000,0.0000,,0,0.0000,0,0.0000,0.0000,,0,0.0000,0,0.0000,0.0000,,0,0.0000
prebreak,600488,2024-11-08,S,S,A,C,S,S,A,4.2742,4.2500,4.0300,0.2200,,0,0.0000,0.0000,,0,0.0000,0,0.0000,0.0000,,0,0.0000,0,0.0000,0.0000,,0,0.0000
prebreak,601158,2024-11-08,S,S,A,C,S,S,A,4.7889,4.8200,4.6000,0.2200,,0,0.0000,0.0000,,0,0.0000,0,0.0000,0.0000,,0,0.0000,0,0.0000,0.0000,,0,0.0000
prebreak,601326,2024-11-08,S,S,A,C,S,S,A,3.3165,3.2700,3.1500,0.1200,,0,0.0000,0.0000,,0,0.0000,0,0.0000,0.0000,,0,0.0000,0,0.0000,0.0000,,0,0.0000
prebreak,601952,2024-11-08,S,S,A,C,S,S,A,10.0046,9.8400,9.4300,0.4100,,0,0.0000,0.0000,,0,0.0000,0,0.0000,0.0000,,0,0.0000,0,0.0000,0.0000,,0,0.0000
prebreak,603230,2024-11-08,S,S,A,C,S,S,A,11.6490,11.1900,10.6100,0.5800,,0,0.0000,0.0000,,0,0.0000,0,0.0000,0.0000,,0,0.0000,0,0.0000,0.0000,,0,0.0000
prebreak,603648,2024-11-08,S,S,A,C,S,S,A,9.0544,8.9900,8.5100,0.4800,,0,0.0000,0.0000,,0,0.0000,0,0.0000,0.0000,,0,0.0000,0,0.0000,0.0000,,0,0.0000
prebreak,000719,2024-11-11,S,S,A,C,S,S,A,10.0954,10.5600,10.0100,0.5500,,0,0.0000,0.0000,,0,0.0000,1,10.5600,10.0100,2024-11-22,1,-1.0140,1,10.5600,10.0100,2024-11-22,1,-1.0140
prebreak,002003,2024-11-11,S,S,A,C,S,S,A,11.7993,12.2700,11.6600,0.6100,,0,0.0000,0.0000,,0,0.0000,0,0.0000,0.0000,,0,0.0000,0,0.0000,0.0000,,0,0.0000
prebreak,002034,2024-11-11,S,S,A,C,S,S,A,14.9933,15.2200,14.4400,0.7800,,1,15.2200,14.7603,2024-11-18,0,-0.6039,1,15.2200,14.4400,2024-11-25,1,-1.0142,1,15.2200,14.4400,2024-11-25,1,-1.0142
prebreak,002598,2024-11-11,S,S,A,C,S,S,A,8.9034,8.5600,8.1200,0.4400,,0,0.0000,0.0000,,0,0.0000,0,0.0000,0.0000,,0,0.0000,0,0.0000,0.0000,,0,0.0000
prebreak,600138,2024-11-11,S,S,A,C,S,S,A,10.4630,10.3000,9.8000,0.5000,,0,0.0000,0.0000,,0,0.0000,0,0.0000,0.0000,,0,0.0000,0,0.0000,0.0000,,0,0.0000
prebreak,600821,2024-11-11,S,S,A,C,S,S,A,5.7231,5.7400,5.4400,0.3000,,0,0.0000,0.0000,,0,0.0000,0,0.0000,0.0000,,0,0.0000,0,0.0000,0.0000,,0,0.0000
prebreak,600863,2024-11-11,S,S,A,C,S,S,A,4.0662,4.2000,4.0100,0.1900,,0,0.0000,0.0000,,0,0.0000,0,0.0000,0.0000,,0,0.0000,0,0.0000,0.0000,,0,0.0000
prebreak,601065,2024-11-11,S,S,A,C,S,S,A,8.9499,8.8400,8.4800,0.3600,,1,8.8400,8.7202,2024-11-18,0,-0.3512,1,8.8400,8.6245,2024-11-25,0,-0.6170,1,8.8400,8.4800,2024-11-27,1,-1.0180
prebreak,601333,2024-11-11,S,S,A,C,S,S,A,3.2366,3.3200,3.1500,0.1700,,1,3.3200,3.2839,2024-11-18,0,-0.2272,1,3.3200,3.1500,2024-11-25,1,-1.0142,1,3.3200,3.1500,2024-11-25,1,-1.0142
prebreak,601811,2024-11-11,S,S,A,C,S,S,A,13.3367,13.4000,12.8500,0.5500,,0,0.0000,0.0000,,0,0.0000,0,0.0000,0.0000,,0,0.0000,0,0.0000,0.0000,,0,0.0000
prebreak,000920,2024-11-13,S,S,A,C,S,S,A,9.0100,9.1100,8.6600,0.4500,,0,0.0000,0.0000,,0,0.0000,0,0.0000,0.0000,,0,0.0000,1,9.1100,9.1748,2024-12-11,0,0.1286
prebreak,001965,2024-11-13,S,S,A,C,S,S,A,10.7463,11.2500,10.6800,0.5700,,0,0.0000,0.0000,,0,0.0000,0,0.0000,0.0000,,0,0.0000,0,0.0000,0.0000,,0,0.0000
prebreak,002349,2024-11-13,S,S,A,C,S,S,A,7.8950,7.7800,7.3800,0.4000,,0,0.0000,0.0000,,0,0.0000,0,0.0000,0.0000,,0,0.0000,0,0.0000,0.0000,,0,0.0000
prebreak,002449,2024-11-13,S,S,A,C,S,S,A,8.4671,8.3700,7.9400,0.4300,,0,0.0000,0.0000,,0,0.0000,0,0.0000,0.0000,,0,0.0000,0,0.0000,0.0000,,0,0.0000
prebreak,002588,2024-11-13,S,S,A,C,S,S,A,7.1674,7.0500,6.6800,0.3700,,0,0.0000,0.0000,,0,0.0000,0,0.0000,0.0000,,0,0.0000,0,0.0000,0.0000,,0,0.0000
prebreak,002730,2024-11-13,S,S,A,C,S,S,A,8.0138,7.7500,7.3700,0.3800,,0,0.0000,0.0000,,0,0.0000,0,0.0000,0.0000,,0,0.0000,0,0.0000,0.0000,,0,0.0000
prebreak,600757,2024-11-13,S,S,A,C,S,S,A,8.0332,8.0500,7.6700,0.3800,,0,0.0000,0.0000,,0,0.0000,0,0.0000,0.0000,,0,0.0000,0,0.0000,0.0000,,0,0.0000
prebreak,601016,2024-11-13,S,S,A,C,S,S,A,3.1805,3.1900,3.0400,0.1500,,0,0.0000,0.0000,,0,0.0000,0,0.0000,0.0000,,0,0.0000,0,0.0000,0.0000,,0,0.0000
prebreak,601238,2024-11-13,S,S,A,C,S,S,A,9.1954,8.5500,8.1700,0.3800,,0,0.0000,0.0000,,0,0.0000,0,0.0000,0.0000,,0,0.0000,0,0.0000,0.0000,,0,0.0000
prebreak,603015,2024-11-13,S,S,A,C,S,S,A,8.5920,8.3300,7.9500,0.3800,,0,0.0000,0.0000,,0,0.0000,0,0.0000,0.0000,,0,0.0000,0,0.0000,0.0000,,0,0.0000
prebreak,603856,2024-11-13,S,S,A,C,S,S,A,11.6078,11.3300,10.7700,0.5600,,0,0.0000,0.0000,,0,0.0000,0,0.0000,0.0000,,0,0.0000,0,0.0000,0.0000,,0,0.0000
prebreak,605368,2024-11-13,S,S,A,C,S,S,A,10.7595,11.0600,10.6000,0.4600,,0,0.0000,0.0000,,0,0.0000,0,0.0000,0.0000,,0,0.0000,0,0.0000,0.0000,,0,0.0000
prebreak,600578,2024-12-24,S,S,A,C,S,S,A,3.4206,3.5900,3.4000,0.1900,,0,0.0000,0.0000,,0,0.0000,0,0.0000,0.0000,,0,0.0000,0,0.0000,0.0000,,0,0.0000
prebreak,601328,2024-12-24,S,S,A,C,S,S,A,7.0097,7.0300,6.7200,0.3100,,0,0.0000,0.0000,,0,0.0000,0,0.0000,0.0000,,0,0.0000,0,0.0000,0.0000,,0,0.0000
prebreak,600388,2024-12-26,S,S,A,C,S,S,A,12.1085,12.6800,12.0700,0.6100,,0,0.0000,0.0000,,0,0.0000,0,0.0000,0.0000,,0,0.0000,0,0.0000,0.0000,,0,0.0000
prebreak,600737,2024-12-26,S,S,A,C,S,S,A,9.8278,10.0000,9.6400,0.3600,,0,0.0000,0.0000,,0,0.0000,0,0.0000,0.0000,,0,0.0000,0,0.0000,0.0000,,0,0.0000
prebreak,603357,2024-12-26,S,S,A,C,S,S,A,8.5646,8.8900,8.4500,0.4400,,0,0.0000,0.0000,,0,0.0000,0,0.0000,0.0000,,0,0.0000,0,0.0000,0.0000,,0,0.0000
prebreak,000705,2024-12-27,S,S,A,C,S,S,A,8.1114,8.9100,8.4400,0.4700,,0,0.0000,0.0000,,0,0.0000,0,0.0000,0.0000,,0,0.0000,0,0.0000,0.0000,,0,0.0000
prebreak,000707,2024-12-27,S,S,A,C,S,S,A,7.3949,7.6100,7.2200,0.3900,,0,0.0000,0.0000,,0,0.0000,0,0.0000,0.0000,,0,0.0000,0,0.0000,0.0000,,0,0.0000
prebreak,002166,2024-12-27,S,S,A,C,S,S,A,7.8040,8.3000,8.0000,0.3000,,0,0.0000,0.0000,,0,0.0000,0,0.0000,0.0000,,0,0.0000,0,0.0000,0.0000,,0,0.0000
prebreak,002275,2024-12-27,S,S,A,C,S,S,A,14.9677,14.5100,13.7500,0.7600,,1,14.5100,15.3254,2025-01-06,0,1.0577,1,14.5100,13.7500,2025-01-08,1,-1.0139,1,14.5100,13.7500,2025-01-08,1,-1.0139
prebreak,002448,2024-12-27,S,S,A,C,S,S,A,6.2540,6.8000,6.4900,0.3100,,0,0.0000,0.0000,,0,0.0000,0,0.0000,0.0000,,0,0.0000,1,6.8000,6.4900,2025-01-16,1,-1.0160
prebreak,600127,2024-12-27,S,S,A,C,S,S,A,7.0400,7.4800,7.1900,0.2900,,0,0.0000,0.0000,,0,0.0000,0,0.0000,0.0000,,0,0.0000,0,0.0000,0.0000,,0,0.0000
prebreak,600359,2024-12-27,S,S,A,C,S,S,A,6.7300,7.3600,7.0700,0.2900,,0,0.0000,0.0000,,0,0.0000,0,0.0000,0.0000,,0,0.0000,0,0.0000,0.0000,,0,0.0000
prebreak,600955,2024-12-27,S,S,A,C,S,S,A,15.5242,15.9000,15.0900,0.8100,,0,0.0000,0.0000,,0,0.0000,0,0.0000,0.0000,,0,0.0000,0,0.0000,0.0000,,0,0.0000
prebreak,601228,2024-12-27,S,S,A,C,S,S,A,3.3733,3.4100,3.2900,0.1200,,0,0.0000,0.0000,,0,0.0000,0,0.0000,0.0000,,0,0.0000,0,0.0000,0.0000,,0,0.0000
prebreak,601311,2024-12-27,S,S,A,C,S,S,A,7.8275,7.8700,7.5500,0.3200,,0,0.0000,0.0000,,0,0.0000,0,0.0000,0.0000,,0,0.0000,0,0.0000,0.0000,,0,0.0000
prebreak,601619,2024-12-27,S,S,A,C,S,S,A,3.3219,3.3200,3.1700,0.1500,,0,0.0000,0.0000,,0,0.0000,0,0.0000,0.0000,,0,0.0000,0,0.0000,0.0000,,0,0.0000
prebreak,601998,2024-12-27,S,S,A,C,S,S,A,6.4818,6.5900,6.2700,0.3200,,0,0.0000,0.0000,,0,0.0000,0,0.0000,0.0000,,0,0.0000,0,0.0000,0.0000,,0,0.0000
prebreak,601298,2025-01-06,S,S,A,C,S,S,A,8.2923,8.0800,7.6700,0.4100,,0,0.0000,0.0000,,0,0.0000,0,0.0000,0.0000,,0,0.0000,0,0.0000,0.0000,,0,0.0000
prebreak,601816,2025-01-06,S,S,A,C,S,S,A,5.7542,6.1800,5.9700,0.2100,,0,0.0000,0.0000,,0,0.0000,0,0.0000,0.0000,,0,0.0000,0,0.0000,0.0000,,0,0.0000
prebreak,601818,2025-01-06,S,S,A,C,S,S,A,3.3591,3.5500,3.3700,0.1800,,0,0.0000,0.0000,,0,0.0000,0,0.0000,0.0000,,0,0.0000,1,3.5500,3.4820,2025-02-11,0,-0.3928
prebreak,000019,2025-01-07,S,S,A,C,S,S,A,6.0710,6.9100,6.6300,0.2800,,0,0.0000,0.0000,,0,0.0000,0,0.0000,0.0000,,0,0.0000,0,0.0000,0.0000,,0,0.0000
prebreak,600033,2025-01-08,S,S,A,C,S,S,A,3.8308,3.7800,3.6200,0.1600,,0,0.0000,0.0000,,0,0.0000,0,0.0000,0.0000,,0,0.0000,0,0.0000,0.0000,,0,0.0000
prebreak,600573,2025-01-08,S,S,A,C,S,S,A,10.5384,11.3200,10.7300,0.5900,,0,0.0000,0.0000,,0,0.0000,0,0.0000,0.0000,,0,0.0000,0,0.0000,0.0000,,0,0.0000
prebreak,000598,2025-01-09,S,S,A,C,S,S,A,6.6457,7.3100,6.9500,0.3600,,0,0.0000,0.0000,,0,0.0000,0,0.0000,0.0000,,0,0.0000,0,0.0000,0.0000,,0,0.0000
prebreak,000905,2025-01-09,S,S,A,C,S,S,A,7.4200,6.5200,6.2100,0.3100,,1,6.5200,7.1943,2025-01-16,0,2.1578,1,6.5200,6.8115,2025-01-23,0,0.9238,1,6.5200,6.8311,2025-02-14,0,0.9871
prebreak,002020,2025-01-09,S,S,A,C,S,S,A,11.4524,12.5700,12.0300,0.5400,,0,0.0000,0.0000,,0,0.0000,0,0.0000,0.0000,,0,0.0000,0,0.0000,0.0000,,0,0.0000
prebreak,600018,2025-01-09,S,S,A,C,S,S,A,5.4380,5.8000,5.5200,0.2800,,0,0.0000,0.0000,,0,0.0000,0,0.0000,0.0000,,0,0.0000,0,0.0000,0.0000,,0,0.0000
prebreak,600236,2025-01-09,S,S,A,C,S,S,A,6.1633,6.4200,6.1000,0.3200,,0,0.0000,0.0000,,0,0.0000,0,0.0000,0.0000,,0,0.0000,0,0.0000,0.0000,,0,0.0000
prebreak,600642,2025-01-09,S,S,A,C,S,S,A,8.0853,8.7400,8.3000,0.4400,,0,0.0000,0.0000,,0,0.0000,0,0.0000,0.0000,,0,0.0000,0,0.0000,0.0000,,0,0.0000
prebreak,600757,2025-01-09,S,S,A,C,S,S,A,7.9513,8.3900,7.9800,0.4100,,0,0.0000,0.0000,,0,0.0000,0,0.0000,0.0000,,0,0.0000,0,0.0000,0.0000,,0,0.0000
prebreak,600886,2025-01-09,S,S,A,C,S,S,A,14.4440,15.7300,14.9800,0.7500,,0,0.0000,0.0000,,0,0.0000,0,0.0000,0.0000,,0,0.0000,0,0.0000,0.0000,,0,0.0000
prebreak,601128,2025-01-09,S,S,A,C,S,S,A,5.6542,5.9400,5.6300,0.3100,,0,0.0000,0.0000,,0,0.0000,0,0.0000,0.0000,,0,0.0000,0,0.0000,0.0000,,0,0.0000
prebreak,002275,2025-01-13,S,S,A,C,S,S,A,12.3978,14.5100,13.7500,0.7600,,0,0.0000,0.0000,,0,0.0000,0,0.0000,0.0000,,0,0.0000,0,0.0000,0.0000,,0,0.0000
prebreak,600456,2025-01-13,S,S,A,C,S,S,A,26.5787,29.3400,28.0000,1.3400,,0,0.0000,0.0000,,0,0.0000,1,29.3400,28.4968,2025-01-27,0,-0.6455,1,29.3400,28.0000,2025-02-18,1,-1.0160
prebreak,601000,2025-01-13,S,S,A,C,S,S,A,3.8701,4.3700,4.1400,0.2300,,0,0.0000,0.0000,,0,0.0000,0,0.0000,0.0000,,0,0.0000,0,0.0000,0.0000,,0,0.0000
prebreak,601298,2025-01-13,S,S,A,C,S,S,A,8.0575,8.0800,7.6700,0.4100,,0,0.0000,0.0000,,0,0.0000,0,0.0000,0.0000,,0,0.0000,0,0.0000,0.0000,,0,0.0000
prebreak,601816,2025-01-13,S,S,A,C,S,S,A,5.5307,5.8400,5.5600,0.2800,,0,0.0000,0.0000,,0,0.0000,0,0.0000,0.0000,,0,0.0000,0,0.0000,0.0000,,0,0.0000
prebreak,601998,2025-01-13,S,S,A,C,S,S,A,6.1923,6.4800,6.1800,0.3000,,0,0.0000,0.0000,,0,0.0000,0,0.0000,0.0000,,0,0.0000,0,0.0000,0.0000,,0,0.0000
prebreak,600821,2025-01-14,S,S,A,C,S,S,A,4.9992,5.0800,4.8500,0.2300,,0,0.0000,0.0000,,0,0.0000,0,0.0000,0.0000,,0,0.0000,0,0.0000,0.0000,,0,0.0000
prebreak,600660,2025-01-15,S,S,A,C,S,S,A,56.7672,57.8800,55.5300,2.3500,,0,0.0000,0.0000,,0,0.0000,0,0.0000,0.0000,,0,0.0000,0,0.0000,0.0000,,0,0.0000
prebreak,002020,2025-01-16,S,S,A,C,S,S,A,11.8310,12.5700,12.0300,0.5400,,0,0.0000,0.0000,,0,0.0000,0,0.0000,0.0000,,0,0.0000,0,0.0000,0.0000,,0,0.0000
prebreak,600018,2025-01-16,S,S,A,C,S,S,A,5.3628,5.4700,5.2200,0.2500,,0,0.0000,0.0000,,0,0.0000,0,0.0000,0.0000,,0,0.0000,0,0.0000,0.0000,,0,0.0000
prebreak,600757,2025-01-16,S,S,A,C,S,S,A,7.8786,8.3900,7.9800,0.4100,,0,0.0000,0.0000,,0,0.0000,0,0.0000,0.0000,,0,0.0000,0,0.0000,0.0000,,0,0.0000
prebreak,600886,2025-01-16,S,S,A,C,S,S,A,14.0316,14.8800,14.1900,0.6900,,0,0.0000,0.0000,,0,0.0000,0,0.0000,0.0000,,0,0.0000,0,0.0000,0.0000,,0,0.0000
prebreak,601128,2025-01-16,S,S,A,C,S,S,A,5.6234,5.9400,5.6300,0.3100,,0,0.0000,0.0000,,0,0.0000,0,0.0000,0.0000,,0,0.0000,0,0.0000,0.0000,,0,0.0000
prebreak,605507,2025-01-16,S,S,A,C,S,S,A,13.0830,14.4500,13.8800,0.5700,,0,0.0000,0.0000,,0,0.0000,0,0.0000,0.0000,,0,0.0000,0,0.0000,0.0000,,0,0.0000
prebreak,600115,2025-01-17,S,S,A,C,S,S,A,4.0900,3.8700,3.6800,0.1900,,0,0.0000,0.0000,,0,0.0000,0,0.0000,0.0000,,0,0.0000,0,0.0000,0.0000,,0,0.0000
prebreak,601077,2025-01-17,S,S,A,C,S,S,A,5.4746,5.3600,5.1100,0.2500,,0,0.0000,0.0000,,0,0.0000,0,0.0000,0.0000,,0,0.0000,0,0.0000,0.0000,,0,0.0000
prebreak,601369,2025-01-17,S,S,A,C,S,S,A,7.4977,7.6400,7.2400,0.4000,,1,7.6400,7.2400,2025-01-21,1,-1.0139,1,7.6400,7.2400,2025-01-21,1,-1.0139,1,7.6400,7.2400,2025-01-21,1,-1.0139
prebreak,603111,2025-01-17,S,S,A,C,S,S,A,5.9944,5.7900,5.5000,0.2900,,1,5.7900,6.4711,2025-01-24,0,2.3318,1,5.7900,6.3702,2025-02-10,0,1.9844,1,5.7900,6.8835,2025-02-24,0,3.7532
prebreak,002275,2025-01-20,S,S,A,C,S,S,A,12.9249,12.8500,12.2100,0.6400,,0,0.0000,0.0000,,0,0.0000,0,0.0000,0.0000,,0,0.0000,0,0.0000,0.0000,,0,0.0000
prebreak,600127,2025-01-20,S,S,A,C,S,S,A,6.4300,6.5000,6.2700,0.2300,,0,0.0000,0.0000,,0,0.0000,0,0.0000,0.0000,,0,0.0000,0,0.0000,0.0000,,0,0.0000
prebreak,600456,2025-01-20,S,S,A,C,S,S,A,28.0173,27.3300,25.9300,1.4000,,1,27.3300,28.4968,2025-01-27,0,0.8180,1,27.3300,29.4069,2025-02-11,0,1.4677,1,27.3300,27.7433,2025-02-25,0,0.2802
prebreak,601000,2025-01-20,S,S,A,C,S,S,A,3.9979,4.3700,4.1400,0.2300,,0,0.0000,0.0000,,0,0.0000,0,0.0000,0.0000,,0,0.0000,0,0.0000,0.0000,,0,0.0000
prebreak,601311,2025-01-20,S,S,A,C,S,S,A,7.5129,7.5000,7.1100,0.3900,,0,0.0000,0.0000,,0,0.0000,0,0.0000,0.0000,,0,0.0000,0,0.0000,0.0000,,0,0.0000
prebreak,601816,2025-01-20,S,S,A,C,S,S,A,5.5501,5.6800,5.4400,0.2400,,0,0.0000,0.0000,,0,0.0000,0,0.0000,0.0000,,0,0.0000,0,0.0000,0.0000,,0,0.0000
prebreak,601998,2025-01-20,S,S,A,C,S,S,A,6.1830,6.4300,6.1500,0.2800,,0,0.0000,0.0000,,0,0.0000,0,0.0000,0.0000,,0,0.0000,0,0.0000,0.0000,,0,0.0000
prebreak,002028,2025-01-21,S,S,A,C,S,S,A,77.7896,73.4600,69.6900,3.7700,,0,0.0000,0.0000,,0,0.0000,0,0.0000,0.0000,,0,0.0000,0,0.0000,0.0000,,0,0.0000
prebreak,600299,2025-01-21,S,S,A,C,S,S,A,11.2965,11.1200,10.5800,0.5400,,0,0.0000,0.0000,,0,0.0000,0,0.0000,0.0000,,0,0.0000,0,0.0000,0.0000,,0,0.0000
prebreak,600968,2025-01-21,S,S,A,C,S,S,A,3.8252,4.0800,3.8900,0.1900,,0,0.0000,0.0000,,0,0.0000,0,0.0000,0.0000,,0,0.0000,0,0.0000,0.0000,,0,0.0000
prebreak,002020,2025-01-23,S,S,A,C,S,S,A,11.3105,12.5700,12.0300,0.5400,,0,0.0000,0.0000,,0,0.0000,0,0.0000,0.0000,,0,0.0000,0,0.0000,0.0000,,0,0.0000
prebreak,002333,2025-01-23,S,S,A,C,S,S,A,5.4091,5.3600,5.1000,0.2600,,0,0.0000,0.0000,,0,0.0000,0,0.0000,0.0000,,0,0.0000,0,0.0000,0.0000,,0,0.0000
prebreak,600018,2025-01-23,S,S,A,C,S,S,A,5.4098,5.5000,5.2900,0.2100,,0,0.0000,0.0000,,0,0.0000,0,0.0000,0.0000,,0,0.0000,0,0.0000,0.0000,,0,0.0000
prebreak,600886,2025-01-23,S,S,A,C,S,S,A,13.5911,14.0200,13.4500,0.5700,,0,0.0000,0.0000,,0,0.0000,0,0.0000,0.0000,,0,0.0000,0,0.0000,0.0000,,0,0.0000
prebreak,600919,2025-01-23,S,S,A,C,S,S,A,8.9417,9.2400,8.7700,0.4700,,0,0.0000,0.0000,,0,0.0000,0,0.0000,0.0000,,0,0.0000,0,0.0000,0.0000,,0,0.0000
prebreak,605507,2025-01-23,S,S,A,C,S,S,A,13.6363,13.5200,12.8800,0.6400,,0,0.0000,0.0000,,0,0.0000,0,0.0000,0.0000,,0,0.0000,0,0.0000,0.0000,,0,0.0000
prebreak,601077,2025-01-24,S,S,A,C,S,S,A,5.5746,5.6100,5.3800,0.2300,,0,0.0000,0.0000,,0,0.0000,0,0.0000,0.0000,,0,0.0000,0,0.0000,0.0000,,0,0.0000
prebreak,601369,2025-01-24,S,S,A,C,S,S,A,7.4790,7.6400,7.2400,0.4000,,0,0.0000,0.0000,,0,0.0000,0,0.0000,0.0000,,0,0.0000,0,0.0000,0.0000,,0,0.0000
prebreak,000887,2025-01-27,S,S,A,C,S,S,A,13.8222,13.7900,13.0800,0.7100,,0,0.0000,0.0000,,0,0.0000,0,0.0000,0.0000,,0,0.0000,0,0.0000,0.0000,,0,0.0000
prebreak,600456,2025-01-27,S,S,A,C,S,S,A,28.4968,27.3300,25.9300,1.4000,,0,0.0000,0.0000,,0,0.0000,0,0.0000,0.0000,,0,0.0000,0,0.0000,0.0000,,0,0.0000
prebreak,601187,2025-01-27,S,S,A,C,S,S,A,5.2396,5.1800,4.9500,0.2300,,0,0.0000,0.0000,,0,0.0000,0,0.0000,0.0000,,0,0.0000,0,0.0000,0.0000,,0,0.0000
prebreak,601816,2025-01-27,S,S,A,C,S,S,A,5.5404,5.6300,5.4000,0.2300,,0,0.0000,0.0000,,0,0.0000,0,0.0000,0.0000,,0,0.0000,0,0.0000,0.0000,,0,0.0000
prebreak,603299,2025-01-27,S,S,A,C,S,S,A,10.2383,10.8300,10.2700,0.5600,,0,0.0000,0.0000,,0,0.0000,0,0.0000,0.0000,,0,0.0000,0,0.0000,0.0000,,0,0.0000
prebreak,002028,2025-02-05,S,S,A,C,S,S,A,75.3467,73.4600,69.6900,3.7700,,0,0.0000,0.0000,,0,0.0000,0,0.0000,0.0000,,0,0.0000,0,0.0000,0.0000,,0,0.0000
prebreak,600299,2025-02-05,S,S,A,C,S,S,A,11.0552,11.5400,10.9600,0.5800,,0,0.0000,0.0000,,0,0.0000,0,0.0000,0.0000,,0,0.0000,0,0.0000,0.0000,,0,0.0000
prebreak,600688,2025-02-05,S,S,A,C,S,S,A,2.9003,2.8400,2.7200,0.1200,,0,0.0000,0.0000,,0,0.0000,0,0.0000,0.0000,,0,0.0000,0,0.0000,0.0000,,0,0.0000
prebreak,600968,2025-02-05,S,S,A,C,S,S,A,3.7321,4.0800,3.8900,0.1900,,0,0.0000,0.0000,,0,0.0000,0,0.0000,0.0000,,0,0.0000,0,0.0000,0.0000,,0,0.0000
prebreak,600987,2025-02-05,S,S,A,C,S,S,A,6.3311,6.5100,6.1800,0.3300,,0,0.0000,0.0000,,0,0.0000,0,0.0000,0.0000,,0,0.0000,0,0.0000,0.0000,,0,0.0000
prebreak,601811,2025-02-05,S,S,A,C,S,S,A,13.4482,13.8300,13.2000,0.6300,,1,13.8300,13.9961,2025-02-12,0,0.2468,1,13.8300,13.6339,2025-02-19,0,-0.3277,1,13.8300,13.2000,2025-02-25,1,-1.0161
prebreak,603355,2025-02-05,S,S,A,C,S,S,A,22.3600,23.3700,22.2600,1.1100,,0,0.0000,0.0000,,0,0.0000,0,0.0000,0.0000,,0,0.0000,0,0.0000,0.0000,,0,0.0000
prebreak,000581,2025-02-06,S,S,A,C,S,S,A,16.4808,16.8800,16.1000,0.7800,,0,0.0000,0.0000,,0,0.0000,0,0.0000,0.0000,,0,0.0000,0,0.0000,0.0000,,0,0.0000
prebreak,002004,2025-02-06,S,S,A,C,S,S,A,3.5311,3.5700,3.4000,0.1700,,0,0.0000,0.0000,,0,0.0000,0,0.0000,0.0000,,0,0.0000,0,0.0000,0.0000,,0,0.0000
prebreak,600741,2025-02-06,S,S,A,C,S,S,A,15.1904,15.2600,14.5700,0.6900,,1,15.2600,15.6863,2025-02-13,0,0.6006,1,15.2600,15.6232,2025-02-20,0,0.5092,1,15.2600,16.1370,2025-03-06,0,1.2534
prebreak,601965,2025-02-06,S,S,A,C,S,S,A,17.0524,16.7500,15.8600,0.8900,,1,16.7500,17.2352,2025-02-13,0,0.5305,1,16.7500,17.7934,2025-02-20,0,1.1573,1,16.7500,17.6683,2025-03-06,0,1.0168
prebreak,002588,2025-02-07,S,S,A,C,S,S,A,6.7458,6.8900,6.6100,0.2800,,0,0.0000,0.0000,,0,0.0000,0,0.0000,0.0000,,0,0.0000,1,6.8900,6.7552,2025-03-07,0,-0.4999
prebreak,600018,2025-02-07,S,S,A,C,S,S,A,5.3910,5.6100,5.3200,0.2900,,0,0.0000,0.0000,,0,0.0000,0,0.0000,0.0000,,0,0.0000,0,0.0000,0.0000,,0,0.0000
prebreak,002705,2025-02-10,S,S,A,C,S,S,A,14.1739,14.8000,14.1900,0.6100,,0,0.0000,0.0000,,0,0.0000,0,0.0000,0.0000,,0,0.0000,1,14.8000,15.8194,2025-03-10,0,1.6517
prebreak,600885,2025-02-10,S,S,A,C,S,S,A,23.0961,22.3300,21.2400,1.0900,,0,0.0000,0.0000,,0,0.0000,0,0.0000,0.0000,,0,0.0000,0,0.0000,0.0000,,0,0.0000
prebreak,601077,2025-02-10,S,S,A,C,S,S,A,5.4715,5.6900,5.4400,0.2500,,0,0.0000,0.0000,,0,0.0000,0,0.0000,0.0000,,0,0.0000,0,0.0000,0.0000,,0,0.0000
prebreak,600456,2025-02-11,S,S,A,C,S,S,A,29.4069,29.6700,28.1300,1.5400,,0,0.0000,0.0000,,0,0.0000,0,0.0000,0.0000,,0,0.0000,1,29.6700,29.6417,2025-03-11,0,-0.0330
prebreak,603299,2025-02-11,S,S,A,C,S,S,A,10.1452,10.3000,9.8800,0.4200,,0,0.0000,0.0000,,0,0.0000,0,0.0000,0.0000,,0,0.0000,0,0.0000,0.0000,,0,0.0000
prebreak,002003,2025-02-12,S,S,A,C,S,S,A,12.9384,13.2400,12.6000,0.6400,,0,0.0000,0.0000,,0,0.0000,0,0.0000,0.0000,,0,0.0000,0,0.0000,0.0000,,0,0.0000
prebreak,002028,2025-02-12,S,S,A,C,S,S,A,77.3446,79.1000,75.0200,4.0800,,0,0.0000,0.0000,,0,0.0000,0,0.0000,0.0000,,0,0.0000,0,0.0000,0.0000,,0,0.0000
prebreak,600138,2025-02-12,S,S,A,C,S,S,A,9.9690,10.0700,9.7000,0.3700,,0,0.0000,0.0000,,0,0.0000,0,0.0000,0.0000,,0,0.0000,0,0.0000,0.0000,,0,0.0000
prebreak,600299,2025-02-12,S,S,A,C,S,S,A,11.0359,11.5400,10.9600,0.5800,,0,0.0000,0.0000,,0,0.0000,0,0.0000,0.0000,,0,0.0000,0,0.0000,0.0000,,0,0.0000
prebreak,600688,2025-02-12,S,S,A,C,S,S,A,3.0890,2.8400,2.7200,0.1200,,0,0.0000,0.0000,,0,0.0000,0,0.0000,0.0000,,0,0.0000,0,0.0000,0.0000,,0,0.0000
prebreak,600968,2025-02-12,S,S,A,C,S,S,A,3.7321,3.8300,3.6800,0.1500,,0,0.0000,0.0000,,0,0.0000,0,0.0000,0.0000,,0,0.0000,0,0.0000,0.0000,,0,0.0000
prebreak,603135,2025-02-12,S,S,A,C,S,S,A,9.5951,9.8800,9.5000,0.3800,,0,0.0000,0.0000,,0,0.0000,0,0.0000,0.0000,,0,0.0000,1,9.8800,10.6380,2025-03-12,0,1.9738
prebreak,002020,2025-02-14,S,S,A,C,S,S,A,11.5376,11.9000,11.3200,0.5800,,1,11.9000,11.9825,2025-02-21,0,0.1265,1,11.9000,12.1907,2025-02-28,0,0.4853,1,11.9000,12.7586,2025-03-14,0,1.4638
prebreak,002386,2025-02-14,S,S,A,C,S,S,A,4.3300,4.2100,4.0200,0.1900,,0,0.0000,0.0000,,0,0.0000,0,0.0000,0.0000,,0,0.0000,0,0.0000,0.0000,,0,0.0000
prebreak,600038,2025-02-14,S,S,A,C,S,S,A,37.5347,36.9900,35.2300,1.7600,,1,36.9900,36.9433,2025-02-21,0,-0.0425,1,36.9900,35.6619,2025-02-28,0,-0.7701,1,36.9900,37.2488,2025-03-14,0,0.1310
prebreak,600378,2025-02-14,S,S,A,C,S,S,A,27.6822,28.1700,27.0100,1.1600,,0,0.0000,0.0000,,0,0.0000,0,0.0000,0.0000,,0,0.0000,0,0.0000,0.0000,,0,0.0000
prebreak,600507,2025-02-14,S,S,A,C,S,S,A,3.9435,3.9800,3.8400,0.1400,,1,3.9800,3.9720,2025-02-21,0,-0.0786,1,3.9800,4.1241,2025-02-28,0,1.0067,1,3.9800,4.1336,2025-03-14,0,1.0746
prebreak,601886,2025-02-14,S,S,A,C,S,S,A,4.9323,4.7700,4.5200,0.2500,,0,0.0000,0.0000,,0,0.0000,0,0.0000,0.0000,,0,0.0000,0,0.0000,0.0000,,0,0.0000
prebreak,002984,2025-02-17,S,S,A,C,S,S,A,23.6605,24.7700,23.5000,1.2700,,0,0.0000,0.0000,,0,0.0000,0,0.0000,0.0000,,0,0.0000,0,0.0000,0.0000,,0,0.0000
prebreak,600388,2025-02-17,S,S,A,C,S,S,A,11.7834,12.1600,11.6800,0.4800,,0,0.0000,0.0000,,0,0.0000,0,0.0000,0.0000,,0,0.0000,0,0.0000,0.0000,,0,0.0000
prebreak,600596,2025-02-17,S,S,A,C,S,S,A,8.7014,8.0400,7.7200,0.3200,,0,0.0000,0.0000,,0,0.0000,0,0.0000,0.0000,,0,0.0000,0,0.0000,0.0000,,0,0.0000
prebreak,601678,2025-02-17,S,S,A,C,S,S,A,3.7847,3.9300,3.7600,0.1700,,0,0.0000,0.0000,,0,0.0000,0,0.0000,0.0000,,0,0.0000,0,0.0000,0.0000,,0,0.0000
prebreak,603288,2025-02-17,S,S,A,C,S,S,A,38.9453,39.7500,38.1400,1.6100,,0,0.0000,0.0000,,0,0.0000,0,0.0000,0.0000,,0,0.0000,0,0.0000,0.0000,,0,0.0000
prebreak,603606,2025-02-17,S,S,A,C,S,S,A,40.3192,44.8100,42.6700,2.1400,,0,0.0000,0.0000,,0,0.0000,0,0.0000,0.0000,,0,0.0000,0,0.0000,0.0000,,0,0.0000
prebreak,002028,2025-02-19,S,S,A,C,S,S,A,73.4971,78.4500,75.1100,3.3400,,0,0.0000,0.0000,,0,0.0000,0,0.0000,0.0000,,0,0.0000,0,0.0000,0.0000,,0,0.0000
prebreak,002179,2025-02-19,S,S,A,C,S,S,A,34.8823,37.4200,35.5800,1.8400,2025-03-15（报告期 2024-12-31 00:00:00）,1,37.4200,37.5202,2025-02-26,0,0.0390,1,37.4200,37.9068,2025-03-05,0,0.2489,1,37.4200,40.5737,2025-03-19,0,1.6974
prebreak,600968,2025-02-19,S,S,A,C,S,S,A,3.6111,3.8300,3.6400,0.1900,,0,0.0000,0.0000,,0,0.0000,0,0.0000,0.0000,,0,0.0000,0,0.0000,0.0000,,0,0.0000
prebreak,603355,2025-02-19,S,S,A,C,S,S,A,24.3200,24.5100,23.4500,1.0600,,1,24.5100,25.7500,2025-02-26,0,1.1515,1,24.5100,25.0600,2025-03-05,0,0.5010,1,24.5100,26.9000,2025-03-19,0,2.2357
prebreak,600350,2025-02-20,S,S,A,C,S,S,A,9.4804,9.1200,8.7500,0.3700,,0,0.0000,0.0000,,0,0.0000,0,0.0000,0.0000,,0,0.0000,0,0.0000,0.0000,,0,0.0000
prebreak,601288,2025-02-26,S,S,A,C,S,S,A,4.8454,5.0300,4.8200,0.2100,,0,0.0000,0.0000,,0,0.0000,0,0.0000,0.0000,,0,0.0000,0,0.0000,0.0000,,0,0.0000
prebreak,600350,2025-02-27,S,S,A,C,S,S,A,9.4066,9.5800,9.1800,0.4000,,0,0.0000,0.0000,,0,0.0000,0,0.0000,0.0000,,0,0.0000,0,0.0000,0.0000,,0,0.0000
prebreak,600350,2025-03-06,S,S,A,C,S,S,A,9.1389,9.4700,9.0400,0.4300,,0,0.0000,0.0000,,0,0.0000,0,0.0000,0.0000,,0,0.0000,0,0.0000,0.0000,,0,0.0000
prebreak,001965,2025-03-07,S,S,A,C,S,S,A,12.5792,13.0800,12.4100,0.6700,,0,0.0000,0.0000,,0,0.0000,0,0.0000,0.0000,,0,0.0000,0,0.0000,0.0000,,0,0.0000
prebreak,001965,2025-03-14,S,S,A,C,S,S,A,11.9465,13.0800,12.4100,0.6700,,0,0.0000,0.0000,,0,0.0000,0,0.0000,0.0000,,0,0.0000,0,0.0000,0.0000,,0,0.0000
prebreak,601118,2025-04-02,S,S,A,C,S,S,A,5.2282,5.2700,5.0400,0.2300,,0,0.0000,0.0000,,0,0.0000,0,0.0000,0.0000,,0,0.0000,0,0.0000,0.0000,,0,0.0000
prebreak,601225,2025-04-22,S,S,A,C,S,S,A,18.3263,18.6600,18.0000,0.6600,,0,0.0000,0.0000,,0,0.0000,0,0.0000,0.0000,,0,0.0000,0,0.0000,0.0000,,0,0.0000
prebreak,601225,2025-04-29,S,S,A,C,S,S,A,17.6938,18.7500,18.0200,0.7300,,0,0.0000,0.0000,,0,0.0000,0,0.0000,0.0000,,0,0.0000,1,18.7500,18.8595,2025-05-30,0,0.1304
prebreak,601187,2025-04-30,S,S,A,C,S,S,A,5.4378,5.8100,5.5400,0.2700,,0,0.0000,0.0000,,0,0.0000,1,5.8100,5.6739,2025-05-19,0,-0.5203,1,5.8100,6.1931,2025-06-03,0,1.4016
prebreak,601939,2025-04-30,S,S,A,C,S,S,A,8.5048,8.9100,8.4500,0.4600,,0,0.0000,0.0000,,0,0.0000,0,0.0000,0.0000,,0,0.0000,0,0.0000,0.0000,,0,0.0000
prebreak,601288,2025-05-06,S,S,A,C,S,S,A,5.0915,5.3600,5.1500,0.2100,,0,0.0000,0.0000,,0,0.0000,0,0.0000,0.0000,,0,0.0000,0,0.0000,0.0000,,0,0.0000
prebreak,000429,2025-05-07,S,S,A,C,S,S,A,12.7839,13.1000,12.5000,0.6000,,1,13.1000,13.0604,2025-05-14,0,-0.0825,1,13.1000,13.4568,2025-05-21,0,0.5776,1,13.1000,13.1065,2025-06-05,0,-0.0057
prebreak,600941,2025-05-07,S,S,A,C,S,S,A,107.1164,107.3300,103.3600,3.9700,,0,0.0000,0.0000,,0,0.0000,0,0.0000,0.0000,,0,0.0000,0,0.0000,0.0000,,0,0.0000
prebreak,601898,2025-05-07,S,S,A,C,S,S,A,9.9052,10.0100,9.6100,0.4000,,1,10.0100,10.3400,2025-05-14,0,0.8055,1,10.0100,10.4367,2025-05-21,0,1.0469,1,10.0100,10.0404,2025-06-05,0,0.0571
prebreak,002831,2025-05-08,S,S,A,C,S,S,A,14.3613,14.5100,13.7500,0.7600,,1,14.5100,15.0928,2025-05-15,0,0.7518,1,14.5100,15.8377,2025-05-22,0,1.7313,1,14.5100,16.7180,2025-06-06,0,2.8889
prebreak,600886,2025-05-08,S,S,A,C,S,S,A,14.2003,14.4000,13.8500,0.5500,,0,0.0000,0.0000,,0,0.0000,0,0.0000,0.0000,,0,0.0000,0,0.0000,0.0000,,0,0.0000
prebreak,601398,2025-05-08,S,S,A,C,S,S,A,6.6859,6.9100,6.6400,0.2700,,0,0.0000,0.0000,,0,0.0000,0,0.0000,0.0000,,0,0.0000,0,0.0000,0.0000,,0,0.0000
prebreak,000404,2025-05-12,S,S,A,C,S,S,A,6.7826,6.5700,6.3300,0.2400,,0,0.0000,0.0000,,0,0.0000,0,0.0000,0.0000,,0,0.0000,0,0.0000,0.0000,,0,0.0000
prebreak,601939,2025-05-12,S,S,A,C,S,S,A,8.8029,8.9100,8.4500,0.4600,,0,0.0000,0.0000,,0,0.0000,0,0.0000,0.0000,,0,0.0000,0,0.0000,0.0000,,0,0.0000
prebreak,601952,2025-05-12,S,S,A,C,S,S,A,9.3275,9.6000,9.2300,0.3700,,0,0.0000,0.0000,,0,0.0000,0,0.0000,0.0000,,0,0.0000,0,0.0000,0.0000,,0,0.0000
prebreak,600031,2025-05-14,S,S,A,C,S,S,A,18.7542,19.3800,18.4700,0.9100,,0,0.0000,0.0000,,0,0.0000,0,0.0000,0.0000,,0,0.0000,0,0.0000,0.0000,,0,0.0000
prebreak,605305,2025-05-14,S,S,A,C,S,S,A,25.8441,25.7900,24.7300,1.0600,,0,0.0000,0.0000,,0,0.0000,0,0.0000,0.0000,,0,0.0000,0,0.0000,0.0000,,0,0.0000
prebreak,000768,2025-05-16,S,S,A,C,S,S,A,24.3566,23.3300,22.4100,0.9200,,0,0.0000,0.0000,,0,0.0000,0,0.0000,0.0000,,0,0.0000,0,0.0000,0.0000,,0,0.0000
prebreak,002039,2025-05-16,S,S,A,C,S,S,A,15.5700,16.0300,15.4100,0.6200,,0,0.0000,0.0000,,0,0.0000,0,0.0000,0.0000,,0,0.0000,0,0.0000,0.0000,,0,0.0000
prebreak,002984,2025-05-16,S,S,A,C,S,S,A,18.2480,18.4500,17.4800,0.9700,,0,0.0000,0.0000,,0,0.0000,0,0.0000,0.0000,,0,0.0000,0,0.0000,0.0000,,0,0.0000
prebreak,000404,2025-05-19,S,S,A,C,S,S,A,6.6539,6.8800,6.5500,0.3300,,0,0.0000,0.0000,,0,0.0000,0,0.0000,0.0000,,0,0.0000,0,0.0000,0.0000,,0,0.0000
prebreak,000738,2025-05-19,S,S,A,C,S,S,A,19.2340,19.5500,18.6200,0.9300,,0,0.0000,0.0000,,0,0.0000,1,19.5500,19.3919,2025-06-03,0,-0.1858,1,19.5500,18.9182,2025-06-17,0,-0.6949
prebreak,600127,2025-05-19,S,S,A,C,S,S,A,6.9300,7.0300,6.8000,0.2300,,0,0.0000,0.0000,,0,0.0000,0,0.0000,0.0000,,0,0.0000,0,0.0000,0.0000,,0,0.0000
prebreak,600031,2025-05-21,S,S,A,C,S,S,A,18.2082,18.8100,18.0100,0.8000,,0,0.0000,0.0000,,0,0.0000,0,0.0000,0.0000,,0,0.0000,0,0.0000,0.0000,,0,0.0000
prebreak,600685,2025-05-21,S,S,A,C,S,S,A,24.2553,24.8900,24.0000,0.8900,,0,0.0000,0.0000,,0,0.0000,0,0.0000,0.0000,,0,0.0000,0,0.0000,0.0000,,0,0.0000
prebreak,601665,2025-05-21,S,S,A,C,S,S,A,6.2166,6.2700,6.0600,0.2100,,0,0.0000,0.0000,,0,0.0000,0,0.0000,0.0000,,0,0.0000,0,0.0000,0.0000,,0,0.0000
prebreak,000937,2025-05-28,S,S,A,C,S,S,A,5.4776,5.5900,5.4000,0.1900,,0,0.0000,0.0000,,0,0.0000,1,5.5900,5.6895,2025-06-12,0,0.5011,1,5.5900,5.4000,2025-06-13,1,-1.0217
prebreak,601033,2025-05-28,S,S,A,C,S,S,A,15.5545,15.6500,14.8200,0.8300,,1,15.6500,15.6409,2025-06-05,0,-0.0253,1,15.6500,15.6505,2025-06-12,0,-0.0138,1,15.6500,14.8200,2025-06-20,1,-1.0137
prebreak,601665,2025-05-28,S,S,A,C,S,S,A,6.1602,6.2900,6.0100,0.2800,,0,0.0000,0.0000,,0,0.0000,0,0.0000,0.0000,,0,0.0000,0,0.0000,0.0000,,0,0.0000
prebreak,603156,2025-05-28,S,S,A,C,S,S,A,22.4972,22.7300,21.7400,0.9900,,0,0.0000,0.0000,,0,0.0000,0,0.0000,0.0000,,0,0.0000,0,0.0000,0.0000,,0,0.0000
prebreak,002128,2025-06-03,S,S,A,C,S,S,A,17.7821,17.7700,16.8900,0.8800,,0,0.0000,0.0000,,0,0.0000,0,0.0000,0.0000,,0,0.0000,0,0.0000,0.0000,,0,0.0000
prebreak,600771,2025-06-05,S,S,A,C,S,S,A,22.2300,21.6400,20.7200,0.9200,,0,0.0000,0.0000,,0,0.0000,0,0.0000,0.0000,,0,0.0000,0,0.0000,0.0000,,0,0.0000
prebreak,601033,2025-06-05,S,S,A,C,S,S,A,15.6409,15.6500,14.8200,0.8300,,0,0.0000,0.0000,,0,0.0000,0,0.0000,0.0000,,0,0.0000,0,0.0000,0.0000,,0,0.0000
prebreak,601665,2025-06-05,S,S,A,C,S,S,A,6.2354,6.4000,6.0900,0.3100,,0,0.0000,0.0000,,0,0.0000,0,0.0000,0.0000,,0,0.0000,1,6.4000,6.0900,2025-06-30,1,-1.0151
prebreak,002511,2025-06-06,S,S,A,C,S,S,A,6.9890,7.2800,6.9700,0.3100,,0,0.0000,0.0000,,0,0.0000,0,0.0000,0.0000,,0,0.0000,0,0.0000,0.0000,,0,0.0000
prebreak,002603,2025-06-09,S,S,A,C,S,S,A,14.0411,14.2500,13.7200,0.5300,,0,0.0000,0.0000,,0,0.0000,0,0.0000,0.0000,,0,0.0000,1,14.2500,13.8888,2025-07-07,0,-0.7015
prebreak,000729,2025-06-12,S,S,A,C,S,S,A,12.5639,13.9200,13.2000,0.7200,,0,0.0000,0.0000,,0,0.0000,0,0.0000,0.0000,,0,0.0000,0,0.0000,0.0000,,0,0.0000
prebreak,601033,2025-06-12,S,S,A,C,S,S,A,15.6505,15.8400,15.0500,0.7900,,0,0.0000,0.0000,,0,0.0000,0,0.0000,0.0000,,0,0.0000,0,0.0000,0.0000,,0,0.0000
prebreak,603392,2025-06-12,S,S,A,C,S,S,A,66.6100,71.0900,67.9500,3.1400,,0,0.0000,0.0000,,0,0.0000,0,0.0000,0.0000,,0,0.0000,0,0.0000,0.0000,,0,0.0000
prebreak,603199,2025-06-16,S,S,A,C,S,S,A,35.0251,37.6400,36.0300,1.6100,,0,0.0000,0.0000,,0,0.0000,0,0.0000,0.0000,,0,0.0000,0,0.0000,0.0000,,0,0.0000
prebreak,002763,2025-06-18,S,S,A,C,S,S,A,5.9210,6.1900,5.9500,0.2400,,0,0.0000,0.0000,,0,0.0000,0,0.0000,0.0000,,0,0.0000,0,0.0000,0.0000,,0,0.0000
prebreak,002020,2025-06-20,S,S,A,C,S,S,A,12.6583,13.8300,13.2400,0.5900,,0,0.0000,0.0000,,0,0.0000,1,13.8300,14.5153,2025-07-04,0,1.1429,1,13.8300,15.6528,2025-07-18,0,3.0697
prebreak,601187,2025-06-24,S,S,A,C,S,S,A,6.5613,6.2000,5.9000,0.3000,,0,0.0000,0.0000,,0,0.0000,0,0.0000,0.0000,,0,0.0000,0,0.0000,0.0000,,0,0.0000
prebreak,600267,2025-06-25,S,S,A,C,S,S,A,9.1076,9.3400,8.8600,0.4800,,0,0.0000,0.0000,,0,0.0000,0,0.0000,0.0000,,0,0.0000,0,0.0000,0.0000,,0,0.0000
prebreak,600968,2025-06-25,S,S,A,C,S,S,A,3.9462,3.8800,3.7300,0.1500,,0,0.0000,0.0000,,0,0.0000,0,0.0000,0.0000,,0,0.0000,0,0.0000,0.0000,,0,0.0000
prebreak,000729,2025-06-26,S,S,A,C,S,S,A,12.1701,13.9200,13.2000,0.7200,,0,0.0000,0.0000,,0,0.0000,0,0.0000,0.0000,,0,0.0000,0,0.0000,0.0000,,0,0.0000
prebreak,600573,2025-06-26,S,S,A,C,S,S,A,11.8754,12.1100,11.5800,0.5300,,0,0.0000,0.0000,,0,0.0000,0,0.0000,0.0000,,0,0.0000,0,0.0000,0.0000,,0,0.0000
prebreak,601033,2025-06-26,S,S,A,C,S,S,A,15.5641,15.8400,15.2100,0.6300,,0,0.0000,0.0000,,0,0.0000,0,0.0000,0.0000,,0,0.0000,0,0.0000,0.0000,,0,0.0000
prebreak,603599,2025-06-26,S,S,A,C,S,S,A,10.4766,10.7700,10.4000,0.3700,,0,0.0000,0.0000,,0,0.0000,0,0.0000,0.0000,,0,0.0000,0,0.0000,0.0000,,0,0.0000
prebreak,601577,2025-06-27,S,S,A,C,S,S,A,9.5475,9.9500,9.4300,0.5200,,0,0.0000,0.0000,,0,0.0000,0,0.0000,0.0000,,0,0.0000,0,0.0000,0.0000,,0,0.0000
prebreak,603288,2025-06-30,S,S,A,C,S,S,A,37.4837,38.1300,37.0800,1.0500,,0,0.0000,0.0000,,0,0.0000,0,0.0000,0.0000,,0,0.0000,1,38.1300,37.6185,2025-07-28,0,-0.5144
prebreak,603606,2025-06-30,S,S,A,C,S,S,A,42.6682,41.9100,39.7700,2.1400,,0,0.0000,0.0000,,0,0.0000,0,0.0000,0.0000,,0,0.0000,0,0.0000,0.0000,,0,0.0000
prebreak,601555,2025-07-01,S,S,A,C,S,S,A,8.6275,8.1000,7.7100,0.3900,,0,0.0000,0.0000,,0,0.0000,0,0.0000,0.0000,,0,0.0000,0,0.0000,0.0000,,0,0.0000
prebreak,000513,2025-07-02,S,S,A,C,S,S,A,34.4611,35.2100,33.5500,1.6600,,0,0.0000,0.0000,,0,0.0000,0,0.0000,0.0000,,0,0.0000,0,0.0000,0.0000,,0,0.0000
prebreak,601825,2025-07-02,S,S,A,C,S,S,A,9.3545,9.5500,9.1800,0.3700,,0,0.0000,0.0000,,0,0.0000,0,0.0000,0.0000,,0,0.0000,0,0.0000,0.0000,,0,0.0000
prebreak,000729,2025-07-03,S,S,A,C,S,S,A,12.3238,12.6100,12.0100,0.6000,,0,0.0000,0.0000,,0,0.0000,0,0.0000,0.0000,,0,0.0000,0,0.0000,0.0000,,0,0.0000
prebreak,002371,2025-07-03,S,S,A,C,S,S,A,327.8729,331.7800,319.0300,12.7500,,1,331.7800,329.5314,2025-07-10,0,-0.1960,1,331.7800,319.0300,2025-07-17,1,-1.0191,1,331.7800,319.0300,2025-07-17,1,-1.0191
prebreak,300628,2025-07-03,S,S,A,C,S,S,A,33.8578,33.5700,32.0100,1.5600,,0,0.0000,0.0000,,0,0.0000,0,0.0000,0.0000,,0,0.0000,0,0.0000,0.0000,,0,0.0000
prebreak,600111,2025-07-03,S,S,A,C,S,S,A,24.5620,25.0400,24.1900,0.8500,,1,25.0400,26.9355,2025-07-10,0,2.2062,1,25.0400,29.9172,2025-07-17,0,5.7119,1,25.0400,37.3965,2025-07-31,0,14.5055
prebreak,601033,2025-07-03,S,S,A,C,S,S,A,15.2280,15.6900,15.1000,0.5900,,0,0.0000,0.0000,,0,0.0000,0,0.0000,0.0000,,0,0.0000,0,0.0000,0.0000,,0,0.0000
prebreak,603392,2025-07-03,S,S,A,C,S,S,A,61.6400,62.2200,59.6300,2.5900,,0,0.0000,0.0000,,0,0.0000,0,0.0000,0.0000,,0,0.0000,0,0.0000,0.0000,,0,0.0000
prebreak,688016,2025-07-07,S,S,A,C,S,S,A,90.0075,86.9900,85.0700,1.9200,,0,0.0000,0.0000,,0,0.0000,0,0.0000,0.0000,,0,0.0000,0,0.0000,0.0000,,0,0.0000
prebreak,000831,2025-07-08,S,S,A,C,S,S,A,35.6206,36.0800,34.5900,1.4900,,1,36.0800,37.7494,2025-07-15,0,1.1013,1,36.0800,40.4479,2025-07-22,0,2.9113,1,36.0800,41.2075,2025-08-05,0,3.4207
prebreak,000933,2025-07-08,S,S,A,C,S,S,A,16.5523,17.1000,16.3800,0.7200,,0,0.0000,0.0000,,0,0.0000,1,17.1000,18.8682,2025-07-22,0,2.4363,1,17.1000,17.2918,2025-08-05,0,0.2482
prebreak,605111,2025-07-08,S,S,A,C,S,S,A,30.8100,31.4100,30.1500,1.2600,,0,0.0000,0.0000,,0,0.0000,0,0.0000,0.0000,,0,0.0000,0,0.0000,0.0000,,0,0.0000
prebreak,605116,2025-07-08,S,S,A,C,S,S,A,20.9822,20.9700,20.1100,0.8600,,0,0.0000,0.0000,,0,0.0000,0,0.0000,0.0000,,0,0.0000,0,0.0000,0.0000,,0,0.0000
prebreak,001914,2025-07-09,S,S,A,C,S,S,A,11.5431,11.6400,11.1900,0.4500,,0,0.0000,0.0000,,0,0.0000,0,0.0000,0.0000,,0,0.0000,0,0.0000,0.0000,,0,0.0000
prebreak,600015,2025-07-09,S,S,A,C,S,S,A,7.9339,8.0100,7.6200,0.3900,,0,0.0000,0.0000,,0,0.0000,0,0.0000,0.0000,,0,0.0000,0,0.0000,0.0000,,0,0.0000
prebreak,601825,2025-07-09,S,S,A,C,S,S,A,9.5253,9.6600,9.2800,0.3800,,0,0.0000,0.0000,,0,0.0000,0,0.0000,0.0000,,0,0.0000,0,0.0000,0.0000,,0,0.0000
prebreak,300628,2025-07-10,S,S,A,C,S,S,A,33.2669,33.9500,32.5700,1.3800,,0,0.0000,0.0000,,0,0.0000,0,0.0000,0.0000,,0,0.0000,0,0.0000,0.0000,,0,0.0000
prebreak,603392,2025-07-10,S,S,A,C,S,S,A,59.9200,61.8700,59.3900,2.4800,,0,0.0000,0.0000,,0,0.0000,1,61.8700,60.7600,2025-07-24,0,-0.4663,1,61.8700,59.3900,2025-07-28,1,-1.0183
prebreak,603233,2025-07-11,S,S,A,C,S,S,A,16.1549,16.6300,15.7700,0.8600,,0,0.0000,0.0000,,0,0.0000,0,0.0000,0.0000,,0,0.0000,0,0.0000,0.0000,,0,0.0000
prebreak,600027,2025-07-14,S,S,A,C,S,S,A,5.2180,5.3700,5.1600,0.2100,,0,0.0000,0.0000,,0,0.0000,0,0.0000,0.0000,,0,0.0000,0,0.0000,0.0000,,0,0.0000
prebreak,601077,2025-07-14,S,S,A,C,S,S,A,7.1403,7.2300,6.8800,0.3500,,0,0.0000,0.0000,,0,0.0000,0,0.0000,0.0000,,0,0.0000,0,0.0000,0.0000,,0,0.0000
prebreak,002179,2025-07-16,S,S,A,C,S,S,A,38.0131,38.9600,37.6100,1.3500,,0,0.0000,0.0000,,0,0.0000,0,0.0000,0.0000,,0,0.0000,0,0.0000,0.0000,,0,0.0000
prebreak,300628,2025-07-17,S,S,A,C,S,S,A,32.3998,33.4700,31.9900,1.4800,,0,0.0000,0.0000,,0,0.0000,1,33.4700,31.9900,2025-07-31,1,-1.0166,1,33.4700,31.9900,2025-07-31,1,-1.0166
prebreak,601577,2025-07-18,S,S,A,C,S,S,A,9.7288,10.2200,9.7900,0.4300,,0,0.0000,0.0000,,0,0.0000,0,0.0000,0.0000,,0,0.0000,0,0.0000,0.0000,,0,0.0000
prebreak,603233,2025-07-18,S,S,A,C,S,S,A,16.1644,16.7300,15.9500,0.7800,,0,0.0000,0.0000,,0,0.0000,0,0.0000,0.0000,,0,0.0000,0,0.0000,0.0000,,0,0.0000
prebreak,002138,2025-07-21,S,S,A,C,S,S,A,28.3640,28.8500,27.7100,1.1400,2025-07-31（报告期 2025-06-30 00:00:00）,0,0.0000,0.0000,,0,0.0000,1,28.8500,27.7100,2025-08-01,1,-1.0186,1,28.8500,27.7100,2025-08-01,1,-1.0186
prebreak,000738,2025-07-22,S,S,A,C,S,S,A,20.7606,20.5300,19.7600,0.7700,,0,0.0000,0.0000,,0,0.0000,0,0.0000,0.0000,,0,0.0000,0,0.0000,0.0000,,0,0.0000
prebreak,300408,2025-07-22,S,S,A,C,S,S,A,33.2656,33.0800,31.4000,1.6800,,0,0.0000,0.0000,,0,0.0000,0,0.0000,0.0000,,0,0.0000,0,0.0000,0.0000,,0,0.0000
prebreak,600011,2025-07-22,S,S,A,C,S,S,A,6.9258,6.8600,6.5400,0.3200,,0,0.0000,0.0000,,0,0.0000,0,0.0000,0.0000,,0,0.0000,0,0.0000,0.0000,,0,0.0000
prebreak,300760,2025-07-24,S,S,A,C,S,S,A,226.9527,218.5000,208.8600,9.6400,,0,0.0000,0.0000,,0,0.0000,0,0.0000,0.0000,,0,0.0000,0,0.0000,0.0000,,0,0.0000
prebreak,600350,2025-07-24,S,S,A,C,S,S,A,9.5819,9.9300,9.5000,0.4300,,0,0.0000,0.0000,,0,0.0000,0,0.0000,0.0000,,0,0.0000,0,0.0000,0.0000,,0,0.0000
prebreak,603806,2025-07-24,S,S,A,C,S,S,A,13.6215,13.5500,13.0700,0.4800,,0,0.0000,0.0000,,0,0.0000,0,0.0000,0.0000,,0,0.0000,0,0.0000,0.0000,,0,0.0000
prebreak,002027,2025-07-25,S,S,A,C,S,S,A,6.8777,7.0900,6.8100,0.2800,,0,0.0000,0.0000,,0,0.0000,1,7.0900,7.1800,2025-08-08,0,0.3018,1,7.0900,7.6133,2025-08-22,0,1.8485
prebreak,002637,2025-07-25,S,S,A,C,S,S,A,11.5342,10.2900,9.8300,0.4600,2025-08-21（报告期 2025-06-30 00:00:00）,1,10.2900,10.8121,2025-08-01,0,1.1172,1,10.2900,10.6043,2025-08-08,0,0.6659,1,10.2900,10.5647,2025-08-22,0,0.5799
prebreak,002311,2025-07-28,S,S,A,C,S,S,A,53.5892,55.6400,53.3700,2.2700,2025-07-29（报告期 2025-06-30 00:00:00）,1,55.6400,55.3078,2025-08-04,0,-0.1649,1,55.6400,55.8807,2025-08-11,0,0.0874,1,55.6400,60.3861,2025-08-25,0,2.0709
prebreak,603733,2025-07-28,S,S,A,C,S,S,A,20.7076,20.8400,19.7300,1.1100,,0,0.0000,0.0000,,0,0.0000,0,0.0000,0.0000,,0,0.0000,0,0.0000,0.0000,,0,0.0000
prebreak,000738,2025-07-29,S,S,A,C,S,S,A,21.6767,21.2700,20.3200,0.9500,,1,21.2700,21.2386,2025-08-05,0,-0.0501,1,21.2700,21.0394,2025-08-12,0,-0.2596,1,21.2700,20.3200,2025-08-14,1,-1.0164
prebreak,002318,2025-07-29,S,S,A,C,S,S,A,22.0009,22.9800,22.2000,0.7800,,0,0.0000,0.0000,,0,0.0000,0,0.0000,0.0000,,0,0.0000,0,0.0000,0.0000,,0,0.0000
prebreak,600011,2025-07-29,S,S,A,C,S,S,A,6.6605,6.9700,6.6200,0.3500,2025-07-30（报告期 2025-06-30 00:00:00）,1,6.9700,7.1532,2025-08-05,0,0.5078,1,6.9700,6.9921,2025-08-12,0,0.0479,1,6.9700,7.0300,2025-08-26,0,0.1561
prebreak,600073,2025-07-29,S,S,A,C,S,S,A,7.4500,7.7400,7.4000,0.3400,,1,7.7400,7.6000,2025-08-05,0,-0.4288,1,7.7400,7.7800,2025-08-12,0,0.1003,1,7.7400,7.8600,2025-08-26,0,0.3354
prebreak,601121,2025-07-29,S,S,A,C,S,S,A,6.4374,6.4400,6.1100,0.3300,,0,0.0000,0.0000,,0,0.0000,0,0.0000,0.0000,,0,0.0000,0,0.0000,0.0000,,0,0.0000
prebreak,000400,2025-07-30,S,S,A,C,S,S,A,22.4022,23.3400,22.2300,1.1100,2025-08-21（报告期 2025-06-30 00:00:00）,0,0.0000,0.0000,,0,0.0000,0,0.0000,0.0000,,0,0.0000,1,23.3400,23.1087,2025-08-27,0,-0.2242
prebreak,000012,2025-08-01,S,S,A,C,S,S,A,4.7545,4.8800,4.6400,0.2400,2025-08-27（报告期 2025-06-30 00:00:00）,0,0.0000,0.0000,,0,0.0000,0,0.0000,0.0000,,0,0.0000,1,4.8800,4.7247,2025-08-29,0,-0.6623
prebreak,000672,2025-08-01,S,S,A,C,S,S,A,8.5745,8.8800,8.4300,0.4500,,0,0.0000,0.0000,,0,0.0000,0,0.0000,0.0000,,0,0.0000,0,0.0000,0.0000,,0,0.0000
prebreak,600989,2025-08-01,S,S,A,C,S,S,A,15.1293,15.9900,15.3300,0.6600,2025-08-08（报告期 2025-06-30 00:00:00）,0,0.0000,0.0000,,0,0.0000,0,0.0000,0.0000,,0,0.0000,1,15.9900,16.8373,2025-08-29,0,1.2645
prebreak,601686,2025-08-01,S,S,A,C,S,S,A,5.9564,5.8800,5.6700,0.2100,,0,0.0000,0.0000,,0,0.0000,0,0.0000,0.0000,,0,0.0000,0,0.0000,0.0000,,0,0.0000
prebreak,603233,2025-08-01,S,S,A,C,S,S,A,16.5735,17.0100,16.1700,0.8400,,0,0.0000,0.0000,,0,0.0000,0,0.0000,0.0000,,0,0.0000,0,0.0000,0.0000,,0,0.0000
prebreak,002311,2025-08-04,S,S,A,C,S,S,A,55.3078,55.6400,53.3700,2.2700,,0,0.0000,0.0000,,0,0.0000,0,0.0000,0.0000,,0,0.0000,0,0.0000,0.0000,,0,0.0000
prebreak,002430,2025-08-04,S,S,A,C,S,S,A,21.9725,22.8500,21.7800,1.0700,,0,0.0000,0.0000,,0,0.0000,0,0.0000,0.0000,,0,0.0000,0,0.0000,0.0000,,0,0.0000
prebreak,002812,2025-08-04,S,S,A,C,S,S,A,29.5200,30.4100,28.8900,1.5200,2025-08-19（报告期 2025-06-30 00:00:00）,1,30.4100,31.7200,2025-08-11,0,0.8461,1,30.4100,32.0700,2025-08-18,0,1.0762,1,30.4100,32.6000,2025-09-01,0,1.4247
prebreak,600063,2025-08-04,S,S,A,C,S,S,A,5.0634,5.1700,4.9600,0.2100,,0,0.0000,0.0000,,0,0.0000,0,0.0000,0.0000,,0,0.0000,0,0.0000,0.0000,,0,0.0000
prebreak,601700,2025-08-04,S,S,A,C,S,S,A,4.6700,4.8300,4.6000,0.2300,,0,0.0000,0.0000,,0,0.0000,1,4.8300,4.8000,2025-08-18,0,-0.1463,1,4.8300,4.6000,2025-08-28,1,-1.0153
prebreak,603733,2025-08-04,S,S,A,C,S,S,A,21.4587,21.4900,20.5500,0.9400,,0,0.0000,0.0000,,0,0.0000,0,0.0000,0.0000,,0,0.0000,0,0.0000,0.0000,,0,0.0000
prebreak,603878,2025-08-04,S,S,A,C,S,S,A,5.6813,5.8400,5.5500,0.2900,2025-08-27（报告期 2025-06-30 00:00:00）,0,0.0000,0.0000,,0,0.0000,0,0.0000,0.0000,,0,0.0000,1,5.8400,5.5500,2025-08-27,1,-1.0147
prebreak,000738,2025-08-05,S,S,A,C,S,S,A,21.2386,21.2700,20.3200,0.9500,,0,0.0000,0.0000,,0,0.0000,0,0.0000,0.0000,,0,0.0000,0,0.0000,0.0000,,0,0.0000
prebreak,000789,2025-08-05,S,S,A,C,S,S,A,5.8877,6.0400,5.8200,0.2200,,0,0.0000,0.0000,,0,0.0000,0,0.0000,0.0000,,0,0.0000,0,0.0000,0.0000,,0,0.0000
prebreak,002233,2025-08-05,S,S,A,C,S,S,A,7.8543,7.9600,7.6300,0.3300,2025-08-07（报告期 2025-06-30 00:00:00）,1,7.9600,8.1203,2025-08-12,0,0.4670,1,7.9600,8.2057,2025-08-19,0,0.7259,1,7.9600,8.5097,2025-09-02,0,1.6462
prebreak,002318,2025-08-05,S,S,A,C,S,S,A,21.2518,22.9800,22.2000,0.7800,,0,0.0000,0.0000,,0,0.0000,0,0.0000,0.0000,,0,0.0000,0,0.0000,0.0000,,0,0.0000
prebreak,600011,2025-08-05,S,S,A,C,S,S,A,7.1532,6.9700,6.6200,0.3500,,0,0.0000,0.0000,,0,0.0000,0,0.0000,0.0000,,0,0.0000,0,0.0000,0.0000,,0,0.0000
prebreak,601618,2025-08-05,S,S,A,C,S,S,A,3.0200,3.1200,2.9800,0.1400,,0,0.0000,0.0000,,0,0.0000,0,0.0000,0.0000,,0,0.0000,0,0.0000,0.0000,,0,0.0000
prebreak,000060,2025-08-06,S,S,A,C,S,S,A,4.8294,4.9000,4.6500,0.2500,,0,0.0000,0.0000,,0,0.0000,0,0.0000,0.0000,,0,0.0000,0,0.0000,0.0000,,0,0.0000
prebreak,000629,2025-08-06,S,S,A,C,S,S,A,2.7000,2.7900,2.6400,0.1500,2025-08-26（报告期 2025-06-30 00:00:00）,0,0.0000,0.0000,,0,0.0000,1,2.7900,2.8000,2025-08-20,0,0.0525,1,2.7900,2.8000,2025-09-03,0,0.0525
prebreak,000762,2025-08-06,S,S,A,C,S,S,A,21.7000,22.2300,21.4200,0.8100,,0,0.0000,0.0000,,0,0.0000,0,0.0000,0.0000,,0,0.0000,0,0.0000,0.0000,,0,0.0000
prebreak,002028,2025-08-06,S,S,A,C,S,S,A,76.9740,80.5500,76.3500,4.2000,,0,0.0000,0.0000,,0,0.0000,0,0.0000,0.0000,,0,0.0000,0,0.0000,0.0000,,0,0.0000
prebreak,600309,2025-08-06,S,S,A,C,S,S,A,60.0959,55.7200,53.5100,2.2100,,0,0.0000,0.0000,,0,0.0000,0,0.0000,0.0000,,0,0.0000,0,0.0000,0.0000,,0,0.0000
prebreak,600497,2025-08-06,S,S,A,C,S,S,A,5.6054,5.6500,5.3700,0.2800,,0,0.0000,0.0000,,0,0.0000,0,0.0000,0.0000,,0,0.0000,0,0.0000,0.0000,,0,0.0000
prebreak,600675,2025-08-06,S,S,A,C,S,S,A,2.9525,3.0800,2.9600,0.1200,,1,3.0800,3.0024,2025-08-13,0,-0.6659,1,3.0800,3.0423,2025-08-20,0,-0.3337,1,3.0800,2.9600,2025-08-28,1,-1.0189
prebreak,600997,2025-08-06,S,S,A,C,S,S,A,6.3067,6.2900,5.9900,0.3000,,0,0.0000,0.0000,,0,0.0000,0,0.0000,0.0000,,0,0.0000,0,0.0000,0.0000,,0,0.0000
prebreak,000937,2025-08-07,S,S,A,C,S,S,A,5.5736,5.5800,5.3000,0.2800,,0,0.0000,0.0000,,0,0.0000,0,0.0000,0.0000,,0,0.0000,0,0.0000,0.0000,,0,0.0000
prebreak,002180,2025-08-07,S,S,A,C,S,S,A,24.0300,24.3200,23.1700,1.1500,2025-08-23（报告期 2025-06-30 00:00:00）,0,0.0000,0.0000,,0,0.0000,1,24.3200,24.7100,2025-08-21,0,0.3228,1,24.3200,23.1700,2025-09-04,1,-1.0154
prebreak,002330,2025-08-07,S,S,A,C,S,S,A,5.1300,4.9100,4.6800,0.2300,2025-08-28（报告期 2025-06-30 00:00:00）,1,4.9100,4.9100,2025-08-14,0,-0.0162,1,4.9100,5.0900,2025-08-21,0,0.7659,1,4.9100,4.8400,2025-09-04,0,-0.3204
prebreak,600096,2025-08-07,S,S,A,C,S,S,A,23.4066,23.8300,22.9400,0.8900,,0,0.0000,0.0000,,0,0.0000,0,0.0000,0.0000,,0,0.0000,0,0.0000,0.0000,,0,0.0000
prebreak,600546,2025-08-07,S,S,A,C,S,S,A,10.1074,8.9400,8.5600,0.3800,,0,0.0000,0.0000,,0,0.0000,0,0.0000,0.0000,,0,0.0000,0,0.0000,0.0000,,0,0.0000
prebreak,601666,2025-08-07,S,S,A,C,S,S,A,8.2340,7.8000,7.4200,0.3800,,0,0.0000,0.0000,,0,0.0000,0,0.0000,0.0000,,0,0.0000,0,0.0000,0.0000,,0,0.0000
prebreak,002027,2025-08-08,S,S,A,C,S,S,A,7.1800,7.0500,6.7500,0.3000,2025-08-30（报告期 2025-06-30 00:00:00）,1,7.0500,7.3448,2025-08-15,0,0.9642,1,7.0500,7.6133,2025-08-22,0,1.8586,1,7.0500,7.8300,2025-09-05,0,2.5805
prebreak,002511,2025-08-08,S,S,A,C,S,S,A,7.9465,7.7200,7.3700,0.3500,,0,0.0000,0.0000,,0,0.0000,0,0.0000,0.0000,,0,0.0000,0,0.0000,0.0000,,0,0.0000
prebreak,601106,2025-08-08,S,S,A,C,S,S,A,3.0000,2.9300,2.7700,0.1600,,0,0.0000,0.0000,,0,0.0000,0,0.0000,0.0000,,0,0.0000,0,0.0000,0.0000,,0,0.0000
prebreak,601567,2025-08-08,S,S,A,C,S,S,A,22.9064,22.4500,21.6800,0.7700,,0,0.0000,0.0000,,0,0.0000,0,0.0000,0.0000,,0,0.0000,0,0.0000,0.0000,,0,0.0000
prebreak,601686,2025-08-08,S,S,A,C,S,S,A,5.8800,5.8800,5.6700,0.2100,,0,0.0000,0.0000,,0,0.0000,0,0.0000,0.0000,,0,0.0000,0,0.0000,0.0000,,0,0.0000
prebreak,603233,2025-08-08,S,S,A,C,S,S,A,16.7353,16.9700,16.3300,0.6400,,0,0.0000,0.0000,,0,0.0000,0,0.0000,0.0000,,0,0.0000,0,0.0000,0.0000,,0,0.0000
prebreak,688981,2025-08-08,S,S,A,C,S,S,A,86.6600,91.8800,87.7000,4.1800,2025-08-29（报告期 2025-06-30 00:00:00）,1,91.8800,91.8400,2025-08-15,0,-0.0263,1,91.8800,103.9700,2025-08-22,0,2.8738,1,91.8800,108.6600,2025-09-15,0,3.9951
prebreak,002812,2025-08-11,S,S,A,C,S,S,A,31.7200,30.4100,28.8900,1.5200,,0,0.0000,0.0000,,0,0.0000,0,0.0000,0.0000,,0,0.0000,0,0.0000,0.0000,,0,0.0000
prebreak,600063,2025-08-11,S,S,A,C,S,S,A,5.2207,5.3000,5.0400,0.2600,2025-08-16（报告期 2025-06-30 00:00:00）,0,0.0000,0.0000,,0,0.0000,0,0.0000,0.0000,,0,0.0000,1,5.3000,5.0400,2025-09-02,1,-1.0149
prebreak,600226,2025-08-11,S,S,A,C,S,S,A,2.8800,2.9300,2.7900,0.1400,2025-08-26（报告期 2025-06-30 00:00:00）,1,2.9300,3.2000,2025-08-18,0,1.9115,1,2.9300,3.3500,2025-08-25,0,2.9822,1,2.9300,3.5900,2025-09-08,0,4.6954
prebreak,600339,2025-08-11,S,S,A,C,S,S,A,3.4875,3.5200,3.3300,0.1900,,0,0.0000,0.0000,,0,0.0000,0,0.0000,0.0000,,0,0.0000,0,0.0000,0.0000,,0,0.0000
prebreak,600587,2025-08-11,S,S,A,C,S,S,A,17.7136,16.3100,15.6300,0.6800,,0,0.0000,0.0000,,0,0.0000,0,0.0000,0.0000,,0,0.0000,0,0.0000,0.0000,,0,0.0000
prebreak,601678,2025-08-11,S,S,A,C,S,S,A,4.4160,4.4500,4.2500,0.2000,,0,0.0000,0.0000,,0,0.0000,0,0.0000,0.0000,,0,0.0000,0,0.0000,0.0000,,0,0.0000
prebreak,601918,2025-08-11,S,S,A,C,S,S,A,6.3044,6.4500,6.1700,0.2800,,0,0.0000,0.0000,,0,0.0000,0,0.0000,0.0000,,0,0.0000,0,0.0000,0.0000,,0,0.0000
prebreak,603733,2025-08-11,S,S,A,C,S,S,A,24.6287,21.4900,20.5500,0.9400,2025-08-29（报告期 2025-06-30 00:00:00）,1,21.4900,25.0091,2025-08-18,0,3.7240,1,21.4900,25.6822,2025-08-25,0,4.4396,1,21.4900,24.0923,2025-09-08,0,2.7493
prebreak,301071,2025-08-12,S,S,A,C,S,S,A,30.3233,30.9900,29.7700,1.2200,,0,0.0000,0.0000,,0,0.0000,1,30.9900,31.3675,2025-08-26,0,0.2899,1,30.9900,29.7700,2025-08-28,1,-1.0187
prebreak,600011,2025-08-12,S,S,A,C,S,S,A,6.9921,7.3100,6.9700,0.3400,,0,0.0000,0.0000,,0,0.0000,0,0.0000,0.0000,,0,0.0000,0,0.0000,0.0000,,0,0.0000
prebreak,600166,2025-08-12,S,S,A,C,S,S,A,2.6700,2.7500,2.6300,0.1200,,0,0.0000,0.0000,,0,0.0000,0,0.0000,0.0000,,0,0.0000,0,0.0000,0.0000,,0,0.0000
prebreak,600496,2025-08-12,S,S,A,C,S,S,A,3.1769,3.2300,3.0800,0.1500,,0,0.0000,0.0000,,0,0.0000,0,0.0000,0.0000,,0,0.0000,0,0.0000,0.0000,,0,0.0000
prebreak,601339,2025-08-12,S,S,A,C,S,S,A,5.1940,5.2700,5.0800,0.1900,2025-08-15（报告期 2025-06-30 00:00:00）,1,5.2700,5.3255,2025-08-19,0,0.2707,1,5.2700,5.3442,2025-08-26,0,0.3695,1,5.2700,5.0800,2025-09-01,1,-1.0205
prebreak,603609,2025-08-12,S,S,A,C,S,S,A,9.0600,8.8900,8.4600,0.4300,,0,0.0000,0.0000,,0,0.0000,0,0.0000,0.0000,,0,0.0000,0,0.0000,0.0000,,0,0.0000
prebreak,002601,2025-08-13,S,S,A,C,S,S,A,17.4410,17.9000,17.1700,0.7300,2025-08-26（报告期 2025-06-30 00:00:00）,0,0.0000,0.0000,,0,0.0000,1,17.9000,18.4851,2025-08-27,0,0.7824,1,17.9000,18.3757,2025-09-10,0,0.6326
prebreak,600675,2025-08-13,S,S,A,C,S,S,A,3.0024,3.0800,2.9600,0.1200,,0,0.0000,0.0000,,0,0.0000,1,3.0800,2.9924,2025-08-27,0,-0.7490,1,3.0800,2.9600,2025-08-28,1,-1.0189
prebreak,601229,2025-08-13,S,S,A,C,S,S,A,9.6417,10.0100,9.6100,0.4000,,0,0.0000,0.0000,,0,0.0000,0,0.0000,0.0000,,0,0.0000,0,0.0000,0.0000,,0,0.0000
prebreak,002027,2025-08-15,S,S,A,C,S,S,A,7.3448,7.0500,6.7500,0.3000,,0,0.0000,0.0000,,0,0.0000,0,0.0000,0.0000,,0,0.0000,0,0.0000,0.0000,,0,0.0000
prebreak,600801,2025-08-15,S,S,A,C,S,S,A,14.9415,15.1300,14.6000,0.5300,,0,0.0000,0.0000,,0,0.0000,0,0.0000,0.0000,,0,0.0000,0,0.0000,0.0000,,0,0.0000
prebreak,601101,2025-08-15,S,S,A,C,S,S,A,7.5673,7.7300,7.4500,0.2800,,0,0.0000,0.0000,,0,0.0000,0,0.0000,0.0000,,0,0.0000,0,0.0000,0.0000,,0,0.0000
prebreak,601106,2025-08-15,S,S,A,C,S,S,A,2.9800,3.0700,2.9600,0.1100,,0,0.0000,0.0000,,0,0.0000,0,0.0000,0.0000,,0,0.0000,0,0.0000,0.0000,,0,0.0000
prebreak,601128,2025-08-15,S,S,A,C,S,S,A,6.6743,7.0100,6.6900,0.3200,,0,0.0000,0.0000,,0,0.0000,0,0.0000,0.0000,,0,0.0000,0,0.0000,0.0000,,0,0.0000
prebreak,600063,2025-08-18,S,S,A,C,S,S,A,5.0929,5.2900,5.0200,0.2700,,0,0.0000,0.0000,,0,0.0000,1,5.2900,5.3092,2025-09-01,0,0.0562,1,5.2900,5.0200,2025-09-02,1,-1.0143
prebreak,600985,2025-08-18,S,S,A,C,S,S,A,12.9871,13.2100,12.6800,0.5300,,0,0.0000,0.0000,,0,0.0000,0,0.0000,0.0000,,0,0.0000,0,0.0000,0.0000,,0,0.0000
prebreak,601677,2025-08-18,S,S,A,C,S,S,A,13.4799,12.9400,12.3600,0.5800,,0,0.0000,0.0000,,0,0.0000,0,0.0000,0.0000,,0,0.0000,0,0.0000,0.0000,,0,0.0000
prebreak,601678,2025-08-18,S,S,A,C,S,S,A,4.3170,4.4400,4.2600,0.1800,,0,0.0000,0.0000,,0,0.0000,0,0.0000,0.0000,,0,0.0000,0,0.0000,0.0000,,0,0.0000
prebreak,601717,2025-08-18,S,S,A,C,S,S,A,16.4884,16.8400,16.3000,0.5400,,0,0.0000,0.0000,,0,0.0000,0,0.0000,0.0000,,0,0.0000,0,0.0000,0.0000,,0,0.0000
prebreak,601899,2025-08-18,S,S,A,C,S,S,A,20.3383,20.2800,19.3000,0.9800,2025-08-27（报告期 2025-06-30 00:00:00）,1,20.2800,21.7170,2025-08-25,0,1.4497,1,20.2800,23.8389,2025-09-01,0,3.6135,1,20.2800,24.9340,2025-09-15,0,4.7303
prebreak,000911,2025-08-19,S,S,A,C,S,S,A,7.9600,7.8100,7.5100,0.3000,,0,0.0000,0.0000,,0,0.0000,0,0.0000,0.0000,,0,0.0000,0,0.0000,0.0000,,0,0.0000
prebreak,002142,2025-08-19,S,S,A,C,S,S,A,26.7042,27.5600,26.5100,1.0500,2025-08-29（报告期 2025-06-30 00:00:00）,1,27.5600,27.2621,2025-08-26,0,-0.3035,1,27.5600,27.8778,2025-09-02,0,0.2825,1,27.5600,26.5100,2025-09-16,1,-1.0193
prebreak,002753,2025-08-19,S,S,A,C,S,S,A,7.1892,7.5400,7.2500,0.2900,,0,0.0000,0.0000,,0,0.0000,0,0.0000,0.0000,,0,0.0000,0,0.0000,0.0000,,0,0.0000
prebreak,600166,2025-08-19,S,S,A,C,S,S,A,2.6900,2.7300,2.6200,0.1100,,0,0.0000,0.0000,,0,0.0000,0,0.0000,0.0000,,0,0.0000,0,0.0000,0.0000,,0,0.0000
prebreak,601628,2025-08-19,S,S,A,C,S,S,A,40.9512,40.7700,39.3000,1.4700,,0,0.0000,0.0000,,0,0.0000,0,0.0000,0.0000,,0,0.0000,0,0.0000,0.0000,,0,0.0000
prebreak,603648,2025-08-19,S,S,A,C,S,S,A,11.7200,11.7400,11.2800,0.4600,,0,0.0000,0.0000,,0,0.0000,0,0.0000,0.0000,,0,0.0000,0,0.0000,0.0000,,0,0.0000
prebreak,603833,2025-08-19,S,S,A,C,S,S,A,49.7426,51.3600,49.4400,1.9200,2025-08-30（报告期 2025-06-30 00:00:00）,1,51.3600,52.5426,2025-08-26,0,0.5952,1,51.3600,51.6970,2025-09-02,0,0.1551,1,51.3600,53.1346,2025-09-16,0,0.9033
prebreak,002928,2025-08-20,S,S,A,C,S,S,A,9.0500,9.1600,8.6800,0.4800,,0,0.0000,0.0000,,0,0.0000,0,0.0000,0.0000,,0,0.0000,0,0.0000,0.0000,,0,0.0000
prebreak,600022,2025-08-20,S,S,A,C,S,S,A,1.5400,1.5600,1.5100,0.0500,,0,0.0000,0.0000,,0,0.0000,0,0.0000,0.0000,,0,0.0000,0,0.0000,0.0000,,0,0.0000
prebreak,600547,2025-08-20,S,S,A,C,S,S,A,30.3023,31.6000,30.0500,1.5500,,0,0.0000,0.0000,,0,0.0000,0,0.0000,0.0000,,0,0.0000,0,0.0000,0.0000,,0,0.0000
prebreak,600675,2025-08-20,S,S,A,C,S,S,A,3.0423,3.0800,2.9500,0.1300,2025-08-29（报告期 2025-06-30 00:00:00）,1,3.0800,2.9924,2025-08-27,0,-0.6914,1,3.0800,3.0523,2025-09-03,0,-0.2313,1,3.0800,3.2118,2025-09-17,0,0.9956
prebreak,002271,2025-08-21,S,S,A,C,S,S,A,11.6060,11.6200,11.1300,0.4900,,0,0.0000,0.0000,,0,0.0000,0,0.0000,0.0000,,0,0.0000,0,0.0000,0.0000,,0,0.0000
prebreak,002330,2025-08-21,S,S,A,C,S,S,A,5.0900,5.1400,4.8700,0.2700,2025-08-28（报告期 2025-06-30 00:00:00）,0,0.0000,0.0000,,0,0.0000,0,0.0000,0.0000,,0,0.0000,1,5.1400,5.1400,2025-09-18,0,-0.0145
prebreak,002948,2025-08-21,S,S,A,C,S,S,A,4.9193,4.8300,4.6600,0.1700,,0,0.0000,0.0000,,0,0.0000,0,0.0000,0.0000,,0,0.0000,0,0.0000,0.0000,,0,0.0000
prebreak,300346,2025-08-21,S,S,A,C,S,S,A,33.9467,32.8100,31.2100,1.6000,2025-08-27（报告期 2025-06-30 00:00:00）,1,32.8100,36.5793,2025-08-28,0,2.3387,1,32.8100,33.1252,2025-09-04,0,0.1813,1,32.8100,35.8217,2025-09-18,0,1.8656
prebreak,600328,2025-08-21,S,S,A,C,S,S,A,8.2683,8.1200,7.7900,0.3300,,0,0.0000,0.0000,,0,0.0000,0,0.0000,0.0000,,0,0.0000,0,0.0000,0.0000,,0,0.0000
prebreak,601963,2025-08-21,S,S,A,C,S,S,A,9.6431,9.7200,9.3600,0.3600,,0,0.0000,0.0000,,0,0.0000,0,0.0000,0.0000,,0,0.0000,0,0.0000,0.0000,,0,0.0000
prebreak,603517,2025-08-21,S,S,A,C,S,S,A,16.0400,16.2900,15.4300,0.8600,2025-08-29（报告期 2025-06-30 00:00:00）,1,16.2900,16.3300,2025-08-28,0,0.0321,1,16.2900,15.9000,2025-09-04,0,-0.4676,1,16.2900,15.4300,2025-09-18,1,-1.0138
prebreak,601001,2025-08-22,S,S,A,C,S,S,A,13.6235,14.1500,13.6300,0.5200,,0,0.0000,0.0000,,0,0.0000,0,0.0000,0.0000,,0,0.0000,0,0.0000,0.0000,,0,0.0000
prebreak,601601,2025-08-22,S,S,A,C,S,S,A,39.2687,37.0500,35.3800,1.6700,,0,0.0000,0.0000,,0,0.0000,0,0.0000,0.0000,,0,0.0000,0,0.0000,0.0000,,0,0.0000
prebreak,601857,2025-08-22,S,S,A,C,S,S,A,8.2350,8.3400,8.0300,0.3100,,0,0.0000,0.0000,,0,0.0000,0,0.0000,0.0000,,0,0.0000,0,0.0000,0.0000,,0,0.0000
prebreak,000963,2025-08-25,S,S,A,C,S,S,A,44.8370,43.0900,40.8000,2.2900,,0,0.0000,0.0000,,0,0.0000,0,0.0000,0.0000,,0,0.0000,0,0.0000,0.0000,,0,0.0000
prebreak,601899,2025-08-25,S,S,A,C,S,S,A,21.7170,20.2800,19.3000,0.9800,,0,0.0000,0.0000,,0,0.0000,0,0.0000,0.0000,,0,0.0000,0,0.0000,0.0000,,0,0.0000
prebreak,000911,2025-08-26,S,S,A,C,S,S,A,8.0000,8.0900,7.7200,0.3700,,0,0.0000,0.0000,,0,0.0000,0,0.0000,0.0000,,0,0.0000,0,0.0000,0.0000,,0,0.0000
prebreak,002753,2025-08-26,S,S,A,C,S,S,A,7.3182,7.3600,7.1100,0.2500,,0,0.0000,0.0000,,0,0.0000,0,0.0000,0.0000,,0,0.0000,0,0.0000,0.0000,,0,0.0000
prebreak,600098,2025-08-26,S,S,A,C,S,S,A,6.3447,6.3700,6.1500,0.2200,,0,0.0000,0.0000,,0,0.0000,0,0.0000,0.0000,,0,0.0000,0,0.0000,0.0000,,0,0.0000
prebreak,600166,2025-08-26,S,S,A,C,S,S,A,2.8000,2.8200,2.6700,0.1500,,0,0.0000,0.0000,,0,0.0000,0,0.0000,0.0000,,0,0.0000,0,0.0000,0.0000,,0,0.0000
prebreak,601628,2025-08-26,S,S,A,C,S,S,A,41.7727,42.2900,40.2900,2.0000,2025-08-28（报告期 2025-06-30 00:00:00）,1,42.2900,40.2900,2025-09-01,1,-1.0154,1,42.2900,40.2900,2025-09-01,1,-1.0154,1,42.2900,40.2900,2025-09-01,1,-1.0154
prebreak,603833,2025-08-26,S,S,A,C,S,S,A,52.5426,51.3600,49.2800,2.0800,,0,0.0000,0.0000,,0,0.0000,0,0.0000,0.0000,,0,0.0000,0,0.0000,0.0000,,0,0.0000
prebreak,002948,2025-08-28,S,S,A,C,S,S,A,4.7063,4.9600,4.7100,0.2500,2025-08-29（报告期 2025-06-30 00:00:00）,1,4.9600,5.0936,2025-09-04,0,0.5190,1,4.9600,5.0549,2025-09-11,0,0.3642,1,4.9600,4.7100,2025-09-18,1,-1.0144
prebreak,300346,2025-08-28,S,S,A,C,S,S,A,36.5793,32.8100,31.2100,1.6000,,0,0.0000,0.0000,,0,0.0000,0,0.0000,0.0000,,0,0.0000,0,0.0000,0.0000,,0,0.0000
prebreak,600328,2025-08-28,S,S,A,C,S,S,A,8.0890,8.4300,8.0400,0.3900,,0,0.0000,0.0000,,0,0.0000,0,0.0000,0.0000,,0,0.0000,0,0.0000,0.0000,,0,0.0000
prebreak,002588,2025-08-29,S,S,A,C,S,S,A,9.5601,9.3100,8.9300,0.3800,,0,0.0000,0.0000,,0,0.0000,0,0.0000,0.0000,,0,0.0000,0,0.0000,0.0000,,0,0.0000
prebreak,002748,2025-08-29,S,S,A,C,S,S,A,9.1094,10.0000,9.5700,0.4300,,0,0.0000,0.0000,,0,0.0000,1,10.0000,9.5700,2025-09-10,1,-1.0170,1,10.0000,9.5700,2025-09-10,1,-1.0170
prebreak,601001,2025-08-29,S,S,A,C,S,S,A,12.8564,14.1500,13.6300,0.5200,,0,0.0000,0.0000,,0,0.0000,0,0.0000,0.0000,,0,0.0000,1,14.1500,13.6300,2025-09-26,1,-1.0200
prebreak,601101,2025-08-29,S,S,A,C,S,S,A,7.1360,7.7100,7.3100,0.4000,,0,0.0000,0.0000,,0,0.0000,0,0.0000,0.0000,,0,0.0000,0,0.0000,0.0000,,0,0.0000
prebreak,601857,2025-08-29,S,S,A,C,S,S,A,8.2635,8.4300,8.0800,0.3500,,1,8.4300,8.4340,2025-09-05,0,-0.0067,1,8.4300,8.2350,2025-09-12,0,-0.5750,1,8.4300,8.0800,2025-09-18,1,-1.0177
prebreak,688596,2025-08-29,S,S,A,C,S,S,A,41.0350,35.6600,33.8400,1.8200,2025-08-30（报告期 2025-06-30 00:00:00）,1,35.6600,35.8969,2025-09-05,0,0.1152,1,35.6600,35.9169,2025-09-12,0,0.1262,1,35.6600,40.5861,2025-09-26,0,2.6900
prebreak,000963,2025-09-01,S,S,A,C,S,S,A,44.1378,45.3500,43.8100,1.5400,,0,0.0000,0.0000,,0,0.0000,0,0.0000,0.0000,,0,0.0000,0,0.0000,0.0000,,0,0.0000
prebreak,600966,2025-09-01,S,S,A,C,S,S,A,5.1257,5.3800,5.1500,0.2300,,0,0.0000,0.0000,,0,0.0000,0,0.0000,0.0000,,0,0.0000,0,0.0000,0.0000,,0,0.0000
prebreak,601088,2025-09-01,S,S,A,C,S,S,A,36.1429,37.4400,35.6500,1.7900,,0,0.0000,0.0000,,0,0.0000,0,0.0000,0.0000,,0,0.0000,0,0.0000,0.0000,,0,0.0000
prebreak,603551,2025-09-01,S,S,A,C,S,S,A,11.6229,10.9000,10.4200,0.4800,,0,0.0000,0.0000,,0,0.0000,0,0.0000,0.0000,,0,0.0000,0,0.0000,0.0000,,0,0.0000
prebreak,002330,2025-09-04,S,S,A,C,S,S,A,4.8400,5.1600,4.9100,0.2500,,0,0.0000,0.0000,,0,0.0000,1,5.1600,5.1400,2025-09-18,0,-0.0956,1,5.1600,4.9100,2025-09-23,1,-1.0151
prebreak,002948,2025-09-04,S,S,A,C,S,S,A,5.0936,4.8700,4.6300,0.2400,,0,0.0000,0.0000,,0,0.0000,0,0.0000,0.0000,,0,0.0000,0,0.0000,0.0000,,0,0.0000
prebreak,300346,2025-09-04,S,S,A,C,S,S,A,33.1252,32.8100,31.2100,1.6000,,0,0.0000,0.0000,,0,0.0000,0,0.0000,0.0000,,0,0.0000,0,0.0000,0.0000,,0,0.0000
prebreak,600251,2025-09-04,S,S,A,C,S,S,A,8.2034,8.5000,8.0900,0.4100,,0,0.0000,0.0000,,0,0.0000,0,0.0000,0.0000,,0,0.0000,0,0.0000,0.0000,,0,0.0000
prebreak,600771,2025-09-04,S,S,A,C,S,S,A,19.6800,20.4600,19.4400,1.0200,,0,0.0000,0.0000,,0,0.0000,0,0.0000,0.0000,,0,0.0000,0,0.0000,0.0000,,0,0.0000
prebreak,603505,2025-09-04,S,S,A,C,S,S,A,16.4627,17.1600,16.3500,0.8100,,0,0.0000,0.0000,,0,0.0000,0,0.0000,0.0000,,0,0.0000,0,0.0000,0.0000,,0,0.0000
prebreak,000685,2025-09-08,S,S,A,C,S,S,A,9.6074,10.0900,9.5900,0.5000,,0,0.0000,0.0000,,0,0.0000,1,10.0900,9.9550,2025-09-22,0,-0.2852,1,10.0900,12.8903,2025-10-14,0,5.5817
prebreak,000963,2025-09-08,S,S,A,C,S,S,A,42.5063,45.3500,43.8100,1.5400,,0,0.0000,0.0000,,0,0.0000,0,0.0000,0.0000,,0,0.0000,0,0.0000,0.0000,,0,0.0000
prebreak,601117,2025-09-08,S,S,A,C,S,S,A,7.5452,7.7100,7.3700,0.3400,,0,0.0000,0.0000,,0,0.0000,0,0.0000,0.0000,,0,0.0000,0,0.0000,0.0000,,0,0.0000
prebreak,000599,2025-09-10,S,S,A,C,S,S,A,5.4700,5.2200,4.9800,0.2400,,0,0.0000,0.0000,,0,0.0000,0,0.0000,0.0000,,0,0.0000,0,0.0000,0.0000,,0,0.0000
prebreak,000728,2025-09-10,S,S,A,C,S,S,A,8.7128,9.0700,8.6900,0.3800,,0,0.0000,0.0000,,0,0.0000,0,0.0000,0.0000,,0,0.0000,1,9.0700,9.1431,2025-10-16,0,0.1741
prebreak,600479,2025-09-10,S,S,A,C,S,S,A,10.6359,10.7500,10.3100,0.4400,,0,0.0000,0.0000,,0,0.0000,0,0.0000,0.0000,,0,0.0000,0,0.0000,0.0000,,0,0.0000
prebreak,601061,2025-09-10,S,S,A,C,S,S,A,9.2448,8.7900,8.3600,0.4300,,0,0.0000,0.0000,,0,0.0000,0,0.0000,0.0000,,0,0.0000,0,0.0000,0.0000,,0,0.0000
prebreak,603639,2025-09-10,S,S,A,C,S,S,A,14.4253,14.9400,14.2500,0.6900,,0,0.0000,0.0000,,0,0.0000,0,0.0000,0.0000,,0,0.0000,0,0.0000,0.0000,,0,0.0000
prebreak,002330,2025-09-11,S,S,A,C,S,S,A,4.9900,4.9400,4.6800,0.2600,,0,0.0000,0.0000,,0,0.0000,0,0.0000,0.0000,,0,0.0000,0,0.0000,0.0000,,0,0.0000
prebreak,300346,2025-09-11,S,S,A,C,S,S,A,34.1898,34.4600,32.7600,1.7000,,0,0.0000,0.0000,,0,0.0000,0,0.0000,0.0000,,0,0.0000,0,0.0000,0.0000,,0,0.0000
prebreak,600061,2025-09-11,S,S,A,C,S,S,A,7.7033,7.8600,7.4800,0.3800,,0,0.0000,0.0000,,0,0.0000,0,0.0000,0.0000,,0,0.0000,1,7.8600,7.4800,2025-10-17,1,-1.0151
prebreak,600158,2025-09-11,S,S,A,C,S,S,A,9.5200,9.3700,8.8800,0.4900,,0,0.0000,0.0000,,0,0.0000,0,0.0000,0.0000,,0,0.0000,0,0.0000,0.0000,,0,0.0000
prebreak,600328,2025-09-11,S,S,A,C,S,S,A,7.9296,8.4300,8.0400,0.3900,,0,0.0000,0.0000,,0,0.0000,0,0.0000,0.0000,,0,0.0000,0,0.0000,0.0000,,0,0.0000
prebreak,600395,2025-09-11,S,S,A,C,S,S,A,5.2400,5.3600,5.1600,0.2000,,0,0.0000,0.0000,,0,0.0000,0,0.0000,0.0000,,0,0.0000,0,0.0000,0.0000,,0,0.0000
prebreak,600685,2025-09-11,S,S,A,C,S,S,A,26.6270,27.0200,25.9000,1.1200,,0,0.0000,0.0000,,0,0.0000,0,0.0000,0.0000,,0,0.0000,0,0.0000,0.0000,,0,0.0000
prebreak,600771,2025-09-11,S,S,A,C,S,S,A,20.1000,20.4600,19.4900,0.9700,,0,0.0000,0.0000,,0,0.0000,0,0.0000,0.0000,,0,0.0000,0,0.0000,0.0000,,0,0.0000
prebreak,600779,2025-09-11,S,S,A,C,S,S,A,46.8800,47.6200,45.0900,2.5300,,0,0.0000,0.0000,,0,0.0000,0,0.0000,0.0000,,0,0.0000,0,0.0000,0.0000,,0,0.0000
prebreak,603505,2025-09-11,S,S,A,C,S,S,A,17.3663,17.1600,16.3500,0.8100,,1,17.1600,16.9095,2025-09-18,0,-0.3251,1,17.1600,16.9095,2025-09-25,0,-0.3251,1,17.1600,17.6741,2025-10-17,0,0.6182
prebreak,603599,2025-09-11,S,S,A,C,S,S,A,11.8155,12.1200,11.5500,0.5700,,0,0.0000,0.0000,,0,0.0000,0,0.0000,0.0000,,0,0.0000,0,0.0000,0.0000,,0,0.0000
prebreak,688548,2025-09-11,S,S,A,C,S,S,A,10.9419,11.3300,10.7600,0.5700,,0,0.0000,0.0000,,0,0.0000,0,0.0000,0.0000,,0,0.0000,0,0.0000,0.0000,,0,0.0000
prebreak,002807,2025-09-12,S,S,A,C,S,S,A,4.2012,4.3000,4.1100,0.1900,,0,0.0000,0.0000,,0,0.0000,0,0.0000,0.0000,,0,0.0000,0,0.0000,0.0000,,0,0.0000
prebreak,300015,2025-09-12,S,S,A,C,S,S,A,12.6599,13.2400,12.6600,0.5800,,0,0.0000,0.0000,,0,0.0000,0,0.0000,0.0000,,0,0.0000,0,0.0000,0.0000,,0,0.0000
prebreak,600867,2025-09-12,S,S,A,C,S,S,A,8.0667,8.4300,8.0100,0.4200,,0,0.0000,0.0000,,0,0.0000,0,0.0000,0.0000,,0,0.0000,1,8.4300,8.3751,2025-10-20,0,-0.1458
prebreak,600919,2025-09-12,S,S,A,C,S,S,A,9.9921,10.3600,9.9600,0.4000,,0,0.0000,0.0000,,0,0.0000,0,0.0000,0.0000,,0,0.0000,0,0.0000,0.0000,,0,0.0000
prebreak,601567,2025-09-12,S,S,A,C,S,S,A,22.0720,22.9100,21.6900,1.2200,,0,0.0000,0.0000,,0,0.0000,1,22.9100,23.8378,2025-09-26,0,0.7457,1,22.9100,23.2501,2025-10-20,0,0.2643
prebreak,688538,2025-09-12,S,S,A,C,S,S,A,2.7100,2.7400,2.5900,0.1500,,0,0.0000,0.0000,,0,0.0000,0,0.0000,0.0000,,0,0.0000,0,0.0000,0.0000,,0,0.0000
prebreak,688596,2025-09-12,S,S,A,C,S,S,A,35.9169,36.3500,34.5400,1.8100,,0,0.0000,0.0000,,0,0.0000,0,0.0000,0.0000,,0,0.0000,0,0.0000,0.0000,,0,0.0000
prebreak,600115,2025-09-15,S,S,A,C,S,S,A,3.9800,4.1700,3.9600,0.2100,,1,4.1700,4.0800,2025-09-22,0,-0.4434,1,4.1700,3.9600,2025-09-23,1,-1.0145,1,4.1700,3.9600,2025-09-23,1,-1.0145
prebreak,600517,2025-09-15,S,S,A,C,S,S,A,5.7147,5.8900,5.6100,0.2800,,0,0.0000,0.0000,,0,0.0000,0,0.0000,0.0000,,0,0.0000,0,0.0000,0.0000,,0,0.0000
prebreak,603391,2025-09-15,S,S,A,C,S,S,A,46.8333,42.8700,40.6700,2.2000,,1,42.8700,50.5937,2025-09-22,0,3.4937,1,42.8700,51.8829,2025-09-29,0,4.0794,1,42.8700,48.4937,2025-10-21,0,2.5398
prebreak,688575,2025-09-15,S,S,A,C,S,S,A,14.9468,15.3800,14.8400,0.5400,,0,0.0000,0.0000,,0,0.0000,0,0.0000,0.0000,,0,0.0000,0,0.0000,0.0000,,0,0.0000
prebreak,000035,2025-09-16,S,S,A,C,S,S,A,5.0300,4.5300,4.3000,0.2300,,0,0.0000,0.0000,,0,0.0000,0,0.0000,0.0000,,0,0.0000,0,0.0000,0.0000,,0,0.0000
prebreak,000703,2025-09-16,S,S,A,C,S,S,A,6.4850,6.7600,6.5100,0.2500,,0,0.0000,0.0000,,0,0.0000,1,6.7600,6.5100,2025-09-30,1,-1.0199,1,6.7600,6.5100,2025-09-30,1,-1.0199
prebreak,002128,2025-09-16,S,S,A,C,S,S,A,21.8561,21.6300,20.6000,1.0300,,0,0.0000,0.0000,,0,0.0000,0,0.0000,0.0000,,0,0.0000,0,0.0000,0.0000,,0,0.0000
prebreak,300848,2025-09-16,S,S,A,C,S,S,A,16.8689,17.1700,16.3300,0.8400,,0,0.0000,0.0000,,0,0.0000,0,0.0000,0.0000,,0,0.0000,0,0.0000,0.0000,,0,0.0000
prebreak,600873,2025-09-16,S,S,A,C,S,S,A,10.3520,10.7300,10.2500,0.4800,,0,0.0000,0.0000,,0,0.0000,0,0.0000,0.0000,,0,0.0000,0,0.0000,0.0000,,0,0.0000
prebreak,000011,2025-09-17,S,S,A,C,S,S,A,9.3650,9.3100,8.9200,0.3900,,0,0.0000,0.0000,,0,0.0000,0,0.0000,0.0000,,0,0.0000,0,0.0000,0.0000,,0,0.0000
prebreak,000599,2025-09-17,S,S,A,C,S,S,A,5.4100,5.4700,5.2400,0.2300,,0,0.0000,0.0000,,0,0.0000,0,0.0000,0.0000,,0,0.0000,0,0.0000,0.0000,,0,0.0000
prebreak,000728,2025-09-17,S,S,A,C,S,S,A,8.9671,9.0400,8.6300,0.4100,,0,0.0000,0.0000,,0,0.0000,1,9.0400,8.9769,2025-10-09,0,-0.1706,1,9.0400,8.8791,2025-10-23,0,-0.4090
prebreak,002521,2025-09-17,S,S,A,C,S,S,A,9.3386,9.7000,9.1900,0.5100,,0,0.0000,0.0000,,0,0.0000,0,0.0000,0.0000,,0,0.0000,1,9.7000,9.1900,2025-10-15,1,-1.0138
prebreak,002895,2025-09-17,S,S,A,C,S,S,A,25.2544,26.4700,25.1100,1.3600,,0,0.0000,0.0000,,0,0.0000,1,26.4700,29.8156,2025-10-09,0,2.4437,1,26.4700,27.6259,2025-10-23,0,0.8346
prebreak,600361,2025-09-17,S,S,A,C,S,S,A,4.3028,4.4800,4.2500,0.2300,,0,0.0000,0.0000,,0,0.0000,0,0.0000,0.0000,,0,0.0000,0,0.0000,0.0000,,0,0.0000
prebreak,600479,2025-09-17,S,S,A,C,S,S,A,10.3380,10.8100,10.2900,0.5200,,0,0.0000,0.0000,,0,0.0000,0,0.0000,0.0000,,0,0.0000,0,0.0000,0.0000,,0,0.0000
prebreak,600877,2025-09-17,S,S,A,C,S,S,A,14.1500,14.5200,13.9200,0.6000,,0,0.0000,0.0000,,0,0.0000,0,0.0000,0.0000,,0,0.0000,0,0.0000,0.0000,,0,0.0000
prebreak,000529,2025-09-19,S,S,A,C,S,S,A,5.9362,6.4100,6.1200,0.2900,,0,0.0000,0.0000,,0,0.0000,0,0.0000,0.0000,,0,0.0000,0,0.0000,0.0000,,0,0.0000
prebreak,001299,2025-09-19,S,S,A,C,S,S,A,9.1939,9.3300,8.9300,0.4000,,0,0.0000,0.0000,,0,0.0000,0,0.0000,0.0000,,0,0.0000,1,9.3300,9.1287,2025-10-27,0,-0.5207
prebreak,002223,2025-09-19,S,S,A,C,S,S,A,37.5569,38.3000,36.6200,1.6800,,0,0.0000,0.0000,,0,0.0000,0,0.0000,0.0000,,0,0.0000,0,0.0000,0.0000,,0,0.0000
prebreak,002807,2025-09-19,S,S,A,C,S,S,A,3.9847,4.3000,4.1100,0.1900,,0,0.0000,0.0000,,0,0.0000,0,0.0000,0.0000,,0,0.0000,1,4.3000,4.3312,2025-10-27,0,0.1467
prebreak,300015,2025-09-19,S,S,A,C,S,S,A,12.2572,12.8100,12.1800,0.6300,,0,0.0000,0.0000,,0,0.0000,0,0.0000,0.0000,,0,0.0000,0,0.0000,0.0000,,0,0.0000
prebreak,600219,2025-09-19,S,S,A,C,S,S,A,3.5907,3.6300,3.4900,0.1400,,0,0.0000,0.0000,,0,0.0000,0,0.0000,0.0000,,0,0.0000,0,0.0000,0.0000,,0,0.0000
prebreak,600323,2025-09-19,S,S,A,C,S,S,A,25.3497,26.6800,25.5900,1.0900,,0,0.0000,0.0000,,0,0.0000,0,0.0000,0.0000,,0,0.0000,0,0.0000,0.0000,,0,0.0000
prebreak,600655,2025-09-19,S,S,A,C,S,S,A,6.0900,6.3500,6.0700,0.2800,,0,0.0000,0.0000,,0,0.0000,0,0.0000,0.0000,,0,0.0000,0,0.0000,0.0000,,0,0.0000
prebreak,600867,2025-09-19,S,S,A,C,S,S,A,7.8451,8.1600,7.8000,0.3600,,0,0.0000,0.0000,,0,0.0000,0,0.0000,0.0000,,0,0.0000,0,0.0000,0.0000,,0,0.0000
prebreak,600919,2025-09-19,S,S,A,C,S,S,A,9.7358,10.0100,9.5600,0.4500,,0,0.0000,0.0000,,0,0.0000,0,0.0000,0.0000,,0,0.0000,1,10.0100,10.3811,2025-10-27,0,0.8073
prebreak,601567,2025-09-19,S,S,A,C,S,S,A,22.2661,22.6400,21.6300,1.0100,,1,22.6400,23.8378,2025-09-26,0,1.1681,1,22.6400,25.2349,2025-10-13,0,2.5505,1,22.6400,22.9531,2025-10-27,0,0.2927
prebreak,603698,2025-09-19,S,S,A,C,S,S,A,19.2886,17.1400,16.5200,0.6200,,0,0.0000,0.0000,,0,0.0000,0,0.0000,0.0000,,0,0.0000,0,0.0000,0.0000,,0,0.0000
prebreak,688538,2025-09-19,S,S,A,C,S,S,A,2.7800,2.7400,2.5900,0.1500,,0,0.0000,0.0000,,0,0.0000,0,0.0000,0.0000,,0,0.0000,0,0.0000,0.0000,,0,0.0000
prebreak,688596,2025-09-19,S,S,A,C,S,S,A,36.7749,36.3500,34.5400,1.8100,,0,0.0000,0.0000,,0,0.0000,0,0.0000,0.0000,,0,0.0000,0,0.0000,0.0000,,0,0.0000
prebreak,000708,2025-09-22,S,S,A,C,S,S,A,12.1356,12.7400,12.1300,0.6100,,0,0.0000,0.0000,,0,0.0000,0,0.0000,0.0000,,0,0.0000,0,0.0000,0.0000,,0,0.0000
prebreak,000885,2025-09-22,S,S,A,C,S,S,A,13.9319,14.8300,14.1200,0.7100,,1,14.8300,15.4540,2025-09-29,0,0.8624,1,14.8300,14.8723,2025-10-14,0,0.0436,1,14.8300,14.4263,2025-10-28,0,-0.5841
prebreak,001201,2025-09-22,S,S,A,C,S,S,A,16.4900,16.4700,15.6800,0.7900,,0,0.0000,0.0000,,0,0.0000,0,0.0000,0.0000,,0,0.0000,0,0.0000,0.0000,,0,0.0000
prebreak,002078,2025-09-22,S,S,A,C,S,S,A,14.0750,15.2600,14.5900,0.6700,,0,0.0000,0.0000,,0,0.0000,0,0.0000,0.0000,,0,0.0000,0,0.0000,0.0000,,0,0.0000
prebreak,002311,2025-09-22,S,S,A,C,S,S,A,60.7745,60.4700,57.4300,3.0400,,0,0.0000,0.0000,,0,0.0000,0,0.0000,0.0000,,0,0.0000,0,0.0000,0.0000,,0,0.0000
prebreak,300110,2025-09-22,S,S,A,C,S,S,A,3.3000,3.5100,3.3500,0.1600,,0,0.0000,0.0000,,0,0.0000,0,0.0000,0.0000,,0,0.0000,0,0.0000,0.0000,,0,0.0000
prebreak,600153,2025-09-22,S,S,A,C,S,S,A,9.8674,10.2400,9.7200,0.5200,,0,0.0000,0.0000,,0,0.0000,0,0.0000,0.0000,,0,0.0000,0,0.0000,0.0000,,0,0.0000
prebreak,600517,2025-09-22,S,S,A,C,S,S,A,5.6855,5.9300,5.6500,0.2800,,0,0.0000,0.0000,,0,0.0000,0,0.0000,0.0000,,0,0.0000,0,0.0000,0.0000,,0,0.0000
prebreak,603606,2025-09-22,S,S,A,C,S,S,A,49.8387,49.3300,47.0300,2.3000,,0,0.0000,0.0000,,0,0.0000,0,0.0000,0.0000,,0,0.0000,0,0.0000,0.0000,,0,0.0000
prebreak,603658,2025-09-22,S,S,A,C,S,S,A,38.3022,39.9400,38.1700,1.7700,,0,0.0000,0.0000,,0,0.0000,0,0.0000,0.0000,,0,0.0000,0,0.0000,0.0000,,0,0.0000
prebreak,688575,2025-09-22,S,S,A,C,S,S,A,14.4878,15.0700,14.4000,0.6700,,0,0.0000,0.0000,,0,0.0000,0,0.0000,0.0000,,0,0.0000,1,15.0700,14.9867,2025-10-28,0,-0.1413
prebreak,000078,2025-09-24,S,S,A,C,S,S,A,2.5300,2.7000,2.5500,0.1500,,0,0.0000,0.0000,,0,0.0000,0,0.0000,0.0000,,0,0.0000,0,0.0000,0.0000,,0,0.0000
prebreak,000400,2025-09-24,S,S,A,C,S,S,A,23.9820,23.8000,22.6100,1.1900,,1,23.8000,26.3469,2025-10-09,0,2.1237,1,23.8000,26.5529,2025-10-16,0,2.2967,1,23.8000,25.9273,2025-10-30,0,1.7713
prebreak,000599,2025-09-24,S,S,A,C,S,S,A,5.5500,5.4700,5.2400,0.2300,,0,0.0000,0.0000,,0,0.0000,0,0.0000,0.0000,,0,0.0000,0,0.0000,0.0000,,0,0.0000
prebreak,002001,2025-09-24,S,S,A,C,S,S,A,22.8067,23.7100,22.7100,1.0000,,1,23.7100,24.1972,2025-10-09,0,0.4688,1,23.7100,23.0481,2025-10-16,0,-0.6795,1,23.7100,22.7100,2025-10-17,1,-1.0174
prebreak,002726,2025-09-24,S,S,A,C,S,S,A,5.4800,5.7000,5.4600,0.2400,,0,0.0000,0.0000,,0,0.0000,0,0.0000,0.0000,,0,0.0000,0,0.0000,0.0000,,0,0.0000
prebreak,600325,2025-09-24,S,S,A,C,S,S,A,5.4900,5.3900,5.1400,0.2500,,0,0.0000,0.0000,,0,0.0000,0,0.0000,0.0000,,0,0.0000,0,0.0000,0.0000,,0,0.0000
prebreak,600361,2025-09-24,S,S,A,C,S,S,A,4.0491,4.4800,4.2500,0.2300,,0,0.0000,0.0000,,0,0.0000,0,0.0000,0.0000,,0,0.0000,0,0.0000,0.0000,,0,0.0000
prebreak,600479,2025-09-24,S,S,A,C,S,S,A,10.0306,10.8100,10.2900,0.5200,,0,0.0000,0.0000,,0,0.0000,0,0.0000,0.0000,,0,0.0000,0,0.0000,0.0000,,0,0.0000
prebreak,002027,2025-09-26,S,S,A,C,S,S,A,7.7829,7.9300,7.5100,0.4200,,0,0.0000,0.0000,,0,0.0000,0,0.0000,0.0000,,0,0.0000,0,0.0000,0.0000,,0,0.0000
prebreak,002386,2025-09-26,S,S,A,C,S,S,A,5.1100,5.4700,5.2600,0.2100,,0,0.0000,0.0000,,0,0.0000,0,0.0000,0.0000,,0,0.0000,0,0.0000,0.0000,,0,0.0000
prebreak,002966,2025-09-26,S,S,A,C,S,S,A,7.9170,7.9600,7.5500,0.4100,,0,0.0000,0.0000,,0,0.0000,0,0.0000,0.0000,,0,0.0000,0,0.0000,0.0000,,0,0.0000
prebreak,300015,2025-09-26,S,S,A,C,S,S,A,12.1296,12.3200,11.8100,0.5100,,0,0.0000,0.0000,,0,0.0000,0,0.0000,0.0000,,0,0.0000,0,0.0000,0.0000,,0,0.0000
prebreak,600219,2025-09-26,S,S,A,C,S,S,A,3.4992,3.6000,3.4600,0.1400,,0,0.0000,0.0000,,0,0.0000,0,0.0000,0.0000,,0,0.0000,0,0.0000,0.0000,,0,0.0000
prebreak,600323,2025-09-26,S,S,A,C,S,S,A,26.3533,26.6800,25.5900,1.0900,,0,0.0000,0.0000,,0,0.0000,0,0.0000,0.0000,,0,0.0000,0,0.0000,0.0000,,0,0.0000
prebreak,601877,2025-09-26,S,S,A,C,S,S,A,28.4684,28.0500,26.5600,1.4900,,0,0.0000,0.0000,,0,0.0000,0,0.0000,0.0000,,0,0.0000,0,0.0000,0.0000,,0,0.0000
prebreak,603100,2025-09-26,S,S,A,C,S,S,A,23.5172,23.8900,22.8300,1.0600,,0,0.0000,0.0000,,0,0.0000,0,0.0000,0.0000,,0,0.0000,0,0.0000,0.0000,,0,0.0000
prebreak,603885,2025-09-26,S,S,A,C,S,S,A,13.3472,13.4300,12.9100,0.5200,,0,0.0000,0.0000,,0,0.0000,0,0.0000,0.0000,,0,0.0000,0,0.0000,0.0000,,0,0.0000
prebreak,688538,2025-09-26,S,S,A,C,S,S,A,2.9300,2.7400,2.5900,0.1500,,0,0.0000,0.0000,,0,0.0000,0,0.0000,0.0000,,0,0.0000,0,0.0000,0.0000,,0,0.0000
prebreak,000155,2025-09-29,S,S,A,C,S,S,A,10.2252,10.3300,9.8300,0.5000,,0,0.0000,0.0000,,0,0.0000,0,0.0000,0.0000,,0,0.0000,0,0.0000,0.0000,,0,0.0000
prebreak,000708,2025-09-29,S,S,A,C,S,S,A,12.8331,12.4400,11.8300,0.6100,,0,0.0000,0.0000,,0,0.0000,0,0.0000,0.0000,,0,0.0000,0,0.0000,0.0000,,0,0.0000
prebreak,000885,2025-09-29,S,S,A,C,S,S,A,15.4540,14.2400,13.6400,0.6000,,1,14.2400,14.8723,2025-10-14,0,1.0351,1,14.2400,14.8917,2025-10-21,0,1.0674,1,14.2400,14.2712,2025-11-04,0,0.0339
prebreak,002493,2025-09-29,S,S,A,C,S,S,A,9.4850,9.5100,9.0700,0.4400,,0,0.0000,0.0000,,0,0.0000,0,0.0000,0.0000,,0,0.0000,0,0.0000,0.0000,,0,0.0000
prebreak,002978,2025-09-29,S,S,A,C,S,S,A,31.2788,31.6200,30.0400,1.5800,,0,0.0000,0.0000,,0,0.0000,0,0.0000,0.0000,,0,0.0000,0,0.0000,0.0000,,0,0.0000
prebreak,003035,2025-09-29,S,S,A,C,S,S,A,4.7855,4.7500,4.5400,0.2100,,0,0.0000,0.0000,,0,0.0000,0,0.0000,0.0000,,0,0.0000,0,0.0000,0.0000,,0,0.0000
prebreak,600153,2025-09-29,S,S,A,C,S,S,A,9.4041,10.0000,9.5000,0.5000,,0,0.0000,0.0000,,0,0.0000,0,0.0000,0.0000,,0,0.0000,0,0.0000,0.0000,,0,0.0000
prebreak,600517,2025-09-29,S,S,A,C,S,S,A,5.7855,5.9300,5.6500,0.2800,,0,0.0000,0.0000,,0,0.0000,0,0.0000,0.0000,,0,0.0000,0,0.0000,0.0000,,0,0.0000
prebreak,002128,2025-09-30,S,S,A,C,S,S,A,21.6261,22.0800,21.0500,1.0300,,0,0.0000,0.0000,,0,0.0000,0,0.0000,0.0000,,0,0.0000,0,0.0000,0.0000,,0,0.0000
prebreak,300143,2025-09-30,S,S,A,C,S,S,A,8.7631,8.8400,8.3700,0.4700,,0,0.0000,0.0000,,0,0.0000,0,0.0000,0.0000,,0,0.0000,0,0.0000,0.0000,,0,0.0000
prebreak,600079,2025-09-30,S,S,A,C,S,S,A,20.5150,20.9500,20.1700,0.7800,,0,0.0000,0.0000,,0,0.0000,0,0.0000,0.0000,,0,0.0000,0,0.0000,0.0000,,0,0.0000
prebreak,600516,2025-09-30,S,S,A,C,S,S,A,5.2144,5.2700,4.9900,0.2800,,0,0.0000,0.0000,,0,0.0000,0,0.0000,0.0000,,0,0.0000,0,0.0000,0.0000,,0,0.0000
prebreak,600763,2025-09-30,S,S,A,C,S,S,A,44.0400,44.6900,43.0600,1.6300,,0,0.0000,0.0000,,0,0.0000,0,0.0000,0.0000,,0,0.0000,0,0.0000,0.0000,,0,0.0000
prebreak,600956,2025-09-30,S,S,A,C,S,S,A,7.7000,7.7600,7.4400,0.3200,,0,0.0000,0.0000,,0,0.0000,0,0.0000,0.0000,,0,0.0000,0,0.0000,0.0000,,0,0.0000
prebreak,603136,2025-09-30,S,S,A,C,S,S,A,11.5820,12.0100,11.5500,0.4600,,0,0.0000,0.0000,,0,0.0000,0,0.0000,0.0000,,0,0.0000,0,0.0000,0.0000,,0,0.0000
prebreak,603366,2025-09-30,S,S,A,C,S,S,A,9.4062,10.2300,9.7600,0.4700,,0,0.0000,0.0000,,0,0.0000,0,0.0000,0.0000,,0,0.0000,1,10.2300,9.7600,2025-10-31,1,-1.0159
prebreak,000792,2025-10-09,S,S,A,C,S,S,A,22.4100,20.7700,19.8800,0.8900,,0,0.0000,0.0000,,0,0.0000,0,0.0000,0.0000,,0,0.0000,0,0.0000,0.0000,,0,0.0000
prebreak,000818,2025-10-09,S,S,A,C,S,S,A,23.7800,24.2500,23.2600,0.9900,,0,0.0000,0.0000,,0,0.0000,0,0.0000,0.0000,,0,0.0000,0,0.0000,0.0000,,0,0.0000
prebreak,002443,2025-10-09,S,S,A,C,S,S,A,8.0719,7.2000,6.8400,0.3600,,1,7.2000,8.0120,2025-10-16,0,2.2390,1,7.2000,8.2814,2025-10-23,0,2.9869,1,7.2000,8.2814,2025-11-06,0,2.9869
prebreak,002726,2025-10-09,S,S,A,C,S,S,A,4.9500,5.7000,5.4600,0.2400,,0,0.0000,0.0000,,0,0.0000,0,0.0000,0.0000,,0,0.0000,0,0.0000,0.0000,,0,0.0000
prebreak,300144,2025-10-09,S,S,A,C,S,S,A,8.1690,8.7500,8.3500,0.4000,,0,0.0000,0.0000,,0,0.0000,0,0.0000,0.0000,,0,0.0000,0,0.0000,0.0000,,0,0.0000
prebreak,603439,2025-10-09,S,S,A,C,S,S,A,12.4615,13.1500,12.6400,0.5100,,0,0.0000,0.0000,,0,0.0000,0,0.0000,0.0000,,0,0.0000,0,0.0000,0.0000,,0,0.0000
prebreak,688578,2025-10-09,S,S,A,C,S,S,A,106.3738,110.9400,105.2800,5.6600,,0,0.0000,0.0000,,0,0.0000,0,0.0000,0.0000,,0,0.0000,1,110.9400,105.2800,2025-10-29,1,-1.0143
prebreak,000750,2025-10-10,S,S,A,C,S,S,A,4.5711,4.5700,4.3500,0.2200,,0,0.0000,0.0000,,0,0.0000,0,0.0000,0.0000,,0,0.0000,0,0.0000,0.0000,,0,0.0000
prebreak,000902,2025-10-10,S,S,A,C,S,S,A,14.3724,14.8100,14.0600,0.7500,,0,0.0000,0.0000,,0,0.0000,0,0.0000,0.0000,,0,0.0000,1,14.8100,15.8993,2025-11-07,0,1.4365
prebreak,002100,2025-10-10,S,S,A,C,S,S,A,7.6230,6.7800,6.4300,0.3500,,0,0.0000,0.0000,,0,0.0000,0,0.0000,0.0000,,0,0.0000,0,0.0000,0.0000,,0,0.0000
prebreak,002175,2025-10-10,S,S,A,C,S,S,A,4.7500,4.8400,4.6000,0.2400,,0,0.0000,0.0000,,0,0.0000,0,0.0000,0.0000,,0,0.0000,0,0.0000,0.0000,,0,0.0000
prebreak,002608,2025-10-10,S,S,A,C,S,S,A,8.1689,8.1800,7.7400,0.4400,,0,0.0000,0.0000,,0,0.0000,0,0.0000,0.0000,,0,0.0000,0,0.0000,0.0000,,0,0.0000
prebreak,300770,2025-10-10,S,S,A,C,S,S,A,44.5582,45.0100,42.7800,2.2300,,0,0.0000,0.0000,,0,0.0000,1,45.0100,45.8835,2025-10-24,0,0.3761,1,45.0100,44.7644,2025-11-07,0,-0.1254
prebreak,600061,2025-10-10,S,S,A,C,S,S,A,7.7716,7.7300,7.3700,0.3600,,0,0.0000,0.0000,,0,0.0000,0,0.0000,0.0000,,0,0.0000,0,0.0000,0.0000,,0,0.0000
prebreak,600257,2025-10-10,S,S,A,C,S,S,A,5.2900,5.3600,5.1200,0.2400,,0,0.0000,0.0000,,0,0.0000,0,0.0000,0.0000,,0,0.0000,0,0.0000,0.0000,,0,0.0000
prebreak,600888,2025-10-10,S,S,A,C,S,S,A,8.3909,7.6000,7.2100,0.3900,,0,0.0000,0.0000,,0,0.0000,0,0.0000,0.0000,,0,0.0000,0,0.0000,0.0000,,0,0.0000
prebreak,600975,2025-10-10,S,S,A,C,S,S,A,6.3900,6.4300,6.2000,0.2300,,0,0.0000,0.0000,,0,0.0000,0,0.0000,0.0000,,0,0.0000,0,0.0000,0.0000,,0,0.0000
prebreak,603505,2025-10-10,S,S,A,C,S,S,A,18.9550,17.2800,16.4700,0.8100,,0,0.0000,0.0000,,0,0.0000,0,0.0000,0.0000,,0,0.0000,0,0.0000,0.0000,,0,0.0000
prebreak,603899,2025-10-10,S,S,A,C,S,S,A,26.0623,26.6800,25.7400,0.9400,,0,0.0000,0.0000,,0,0.0000,0,0.0000,0.0000,,0,0.0000,0,0.0000,0.0000,,0,0.0000
prebreak,688139,2025-10-10,S,S,A,C,S,S,A,32.7251,32.8400,31.2500,1.5900,,0,0.0000,0.0000,,0,0.0000,0,0.0000,0.0000,,0,0.0000,0,0.0000,0.0000,,0,0.0000
prebreak,002386,2025-10-13,S,S,A,C,S,S,A,5.3600,5.2200,4.9600,0.2600,,0,0.0000,0.0000,,0,0.0000,0,0.0000,0.0000,,0,0.0000,0,0.0000,0.0000,,0,0.0000
prebreak,002966,2025-10-13,S,S,A,C,S,S,A,8.0126,8.0700,7.6600,0.4100,,1,8.0700,8.0986,2025-10-20,0,0.0548,1,8.0700,7.9552,2025-10-27,0,-0.2947,1,8.0700,8.0700,2025-11-10,0,-0.0151
prebreak,600219,2025-10-13,S,S,A,C,S,S,A,3.7947,3.6400,3.4600,0.1800,,1,3.6400,3.7024,2025-10-20,0,0.3309,1,3.6400,3.8778,2025-10-27,0,1.3048,1,3.6400,4.8103,2025-11-10,0,6.4822
prebreak,600323,2025-10-13,S,S,A,C,S,S,A,27.2990,26.8300,25.9300,0.9000,,0,0.0000,0.0000,,0,0.0000,0,0.0000,0.0000,,0,0.0000,0,0.0000,0.0000,,0,0.0000
prebreak,600429,2025-10-13,S,S,A,C,S,S,A,4.7100,4.8000,4.5800,0.2200,,0,0.0000,0.0000,,0,0.0000,0,0.0000,0.0000,,0,0.0000,0,0.0000,0.0000,,0,0.0000
prebreak,600704,2025-10-13,S,S,A,C,S,S,A,5.8218,5.6500,5.4200,0.2300,,0,0.0000,0.0000,,0,0.0000,0,0.0000,0.0000,,0,0.0000,0,0.0000,0.0000,,0,0.0000
prebreak,603077,2025-10-13,S,S,A,C,S,S,A,2.2400,1.9600,1.8800,0.0800,,1,1.9600,2.1200,2025-10-20,0,1.9801,1,1.9600,2.1000,2025-10-27,0,1.7303,1,1.9600,2.2900,2025-11-10,0,4.1038
prebreak,603100,2025-10-13,S,S,A,C,S,S,A,23.4390,23.9600,23.0100,0.9500,,0,0.0000,0.0000,,0,0.0000,0,0.0000,0.0000,,0,0.0000,0,0.0000,0.0000,,0,0.0000
prebreak,603260,2025-10-13,S,S,A,C,S,S,A,48.9000,50.1800,47.8000,2.3800,,0,0.0000,0.0000,,0,0.0000,0,0.0000,0.0000,,0,0.0000,0,0.0000,0.0000,,0,0.0000
prebreak,603817,2025-10-13,S,S,A,C,S,S,A,6.3396,6.3500,6.0400,0.3100,,0,0.0000,0.0000,,0,0.0000,0,0.0000,0.0000,,0,0.0000,0,0.0000,0.0000,,0,0.0000
prebreak,688334,2025-10-13,S,S,A,C,S,S,A,20.9800,19.7300,18.6900,1.0400,,1,19.7300,20.5048,2025-10-20,0,0.7301,1,19.7300,20.6434,2025-10-27,0,0.8633,1,19.7300,21.2474,2025-11-10,0,1.4437
prebreak,000623,2025-10-14,S,S,A,C,S,S,A,19.9929,18.8400,17.8900,0.9500,,0,0.0000,0.0000,,0,0.0000,0,0.0000,0.0000,,0,0.0000,0,0.0000,0.0000,,0,0.0000
prebreak,000708,2025-10-14,S,S,A,C,S,S,A,13.2823,12.4400,11.8300,0.6100,,0,0.0000,0.0000,,0,0.0000,0,0.0000,0.0000,,0,0.0000,0,0.0000,0.0000,,0,0.0000
prebreak,000885,2025-10-14,S,S,A,C,S,S,A,14.8723,14.2400,13.6400,0.6000,,0,0.0000,0.0000,,0,0.0000,0,0.0000,0.0000,,0,0.0000,0,0.0000,0.0000,,0,0.0000
prebreak,002039,2025-10-14,S,S,A,C,S,S,A,17.6261,17.0600,16.3700,0.6900,,0,0.0000,0.0000,,0,0.0000,0,0.0000,0.0000,,0,0.0000,0,0.0000,0.0000,,0,0.0000
prebreak,002690,2025-10-14,S,S,A,C,S,S,A,19.1325,20.2300,19.3100,0.9200,,0,0.0000,0.0000,,0,0.0000,1,20.2300,19.4690,2025-10-28,0,-0.8434,1,20.2300,19.3100,2025-10-29,1,-1.0161
prebreak,600153,2025-10-14,S,S,A,C,S,S,A,9.5524,9.6200,9.2500,0.3700,,0,0.0000,0.0000,,0,0.0000,0,0.0000,0.0000,,0,0.0000,0,0.0000,0.0000,,0,0.0000
prebreak,600623,2025-10-14,S,S,A,C,S,S,A,8.8222,8.8100,8.3700,0.4400,,0,0.0000,0.0000,,0,0.0000,0,0.0000,0.0000,,0,0.0000,0,0.0000,0.0000,,0,0.0000
prebreak,600966,2025-10-14,S,S,A,C,S,S,A,5.0162,5.1500,4.9200,0.2300,,0,0.0000,0.0000,,0,0.0000,0,0.0000,0.0000,,0,0.0000,1,5.1500,5.7030,2025-11-11,0,2.3856
prebreak,688271,2025-10-14,S,S,A,C,S,S,A,147.4290,153.9200,147.2300,6.6900,,0,0.0000,0.0000,,0,0.0000,0,0.0000,0.0000,,0,0.0000,1,153.9200,147.2300,2025-10-31,1,-1.0169
prebreak,000821,2025-10-15,S,S,A,C,S,S,A,12.6379,12.9000,12.3300,0.5700,,0,0.0000,0.0000,,0,0.0000,0,0.0000,0.0000,,0,0.0000,1,12.9000,14.0421,2025-11-12,0,1.9853
prebreak,000951,2025-10-15,S,S,A,C,S,S,A,17.4961,17.1000,16.2600,0.8400,,0,0.0000,0.0000,,0,0.0000,0,0.0000,0.0000,,0,0.0000,0,0.0000,0.0000,,0,0.0000
prebreak,300327,2025-10-15,S,S,A,C,S,S,A,25.5656,27.3300,26.1600,1.1700,,1,27.3300,27.8680,2025-10-22,0,0.4418,1,27.3300,28.9045,2025-10-29,0,1.3272,1,27.3300,26.1600,2025-11-04,1,-1.0171
prebreak,600516,2025-10-15,S,S,A,C,S,S,A,5.3742,5.3300,5.0500,0.2800,,0,0.0000,0.0000,,0,0.0000,0,0.0000,0.0000,,0,0.0000,0,0.0000,0.0000,,0,0.0000
prebreak,600763,2025-10-15,S,S,A,C,S,S,A,43.8300,45.3000,43.1100,2.1900,,0,0.0000,0.0000,,0,0.0000,0,0.0000,0.0000,,0,0.0000,0,0.0000,0.0000,,0,0.0000
prebreak,600956,2025-10-15,S,S,A,C,S,S,A,7.9700,7.7600,7.4400,0.3200,,0,0.0000,0.0000,,0,0.0000,0,0.0000,0.0000,,0,0.0000,0,0.0000,0.0000,,0,0.0000
prebreak,000791,2025-10-20,S,S,A,C,S,S,A,6.8402,6.9300,6.6500,0.2800,,0,0.0000,0.0000,,0,0.0000,0,0.0000,0.0000,,0,0.0000,0,0.0000,0.0000,,0,0.0000
prebreak,002061,2025-10-20,S,S,A,C,S,S,A,4.0644,4.2400,4.0600,0.1800,,0,0.0000,0.0000,,0,0.0000,0,0.0000,0.0000,,0,0.0000,0,0.0000,0.0000,,0,0.0000
prebreak,002386,2025-10-20,S,S,A,C,S,S,A,5.3000,5.4500,5.2100,0.2400,,0,0.0000,0.0000,,0,0.0000,0,0.0000,0.0000,,0,0.0000,0,0.0000,0.0000,,0,0.0000
prebreak,002511,2025-10-20,S,S,A,C,S,S,A,8.2569,8.6300,8.2200,0.4100,,1,8.6300,8.7643,2025-10-27,0,0.3113,1,8.6300,8.2200,2025-10-28,1,-1.0154,1,8.6300,8.2200,2025-10-28,1,-1.0154
prebreak,002966,2025-10-20,S,S,A,C,S,S,A,8.0986,8.2900,7.9300,0.3600,,0,0.0000,0.0000,,0,0.0000,0,0.0000,0.0000,,0,0.0000,0,0.0000,0.0000,,0,0.0000
prebreak,301175,2025-10-20,S,S,A,C,S,S,A,5.1404,5.3400,5.0900,0.2500,,0,0.0000,0.0000,,0,0.0000,0,0.0000,0.0000,,0,0.0000,0,0.0000,0.0000,,0,0.0000
prebreak,600066,2025-10-20,S,S,A,C,S,S,A,27.4277,27.9700,26.8200,1.1500,,0,0.0000,0.0000,,0,0.0000,0,0.0000,0.0000,,0,0.0000,0,0.0000,0.0000,,0,0.0000
prebreak,600219,2025-10-20,S,S,A,C,S,S,A,3.7024,3.6400,3.4600,0.1800,,0,0.0000,0.0000,,0,0.0000,0,0.0000,0.0000,,0,0.0000,0,0.0000,0.0000,,0,0.0000
prebreak,600323,2025-10-20,S,S,A,C,S,S,A,27.3569,27.7700,26.6000,1.1700,,0,0.0000,0.0000,,0,0.0000,0,0.0000,0.0000,,0,0.0000,0,0.0000,0.0000,,0,0.0000
prebreak,600970,2025-10-20,S,S,A,C,S,S,A,8.9661,9.0300,8.7000,0.3300,,0,0.0000,0.0000,,0,0.0000,0,0.0000,0.0000,,0,0.0000,0,0.0000,0.0000,,0,0.0000
prebreak,601900,2025-10-20,S,S,A,C,S,S,A,13.0358,12.7500,12.1900,0.5600,,0,0.0000,0.0000,,0,0.0000,0,0.0000,0.0000,,0,0.0000,0,0.0000,0.0000,,0,0.0000
prebreak,603100,2025-10-20,S,S,A,C,S,S,A,22.1971,23.9600,23.0100,0.9500,,0,0.0000,0.0000,,0,0.0000,0,0.0000,0.0000,,0,0.0000,1,23.9600,25.9129,2025-11-17,0,2.0353
prebreak,603260,2025-10-20,S,S,A,C,S,S,A,48.4900,50.1800,47.8000,2.3800,,0,0.0000,0.0000,,0,0.0000,1,50.1800,49.6000,2025-11-03,0,-0.2596,1,50.1800,47.8000,2025-11-05,1,-1.0154
prebreak,605507,2025-10-20,S,S,A,C,S,S,A,15.3578,15.9100,15.2600,0.6500,,0,0.0000,0.0000,,0,0.0000,0,0.0000,0.0000,,0,0.0000,0,0.0000,0.0000,,0,0.0000
prebreak,000631,2025-10-21,S,S,A,C,S,S,A,3.2956,3.3200,3.1400,0.1800,,0,0.0000,0.0000,,0,0.0000,0,0.0000,0.0000,,0,0.0000,0,0.0000,0.0000,,0,0.0000
prebreak,000708,2025-10-21,S,S,A,C,S,S,A,13.2920,13.7000,13.0400,0.6600,,0,0.0000,0.0000,,0,0.0000,0,0.0000,0.0000,,0,0.0000,0,0.0000,0.0000,,0,0.0000
prebreak,000885,2025-10-21,S,S,A,C,S,S,A,14.8917,15.1800,14.4400,0.7400,,0,0.0000,0.0000,,0,0.0000,0,0.0000,0.0000,,0,0.0000,0,0.0000,0.0000,,0,0.0000
prebreak,002039,2025-10-21,S,S,A,C,S,S,A,17.4297,17.8600,16.9400,0.9200,,0,0.0000,0.0000,,0,0.0000,0,0.0000,0.0000,,0,0.0000,0,0.0000,0.0000,,0,0.0000
prebreak,600587,2025-10-21,S,S,A,C,S,S,A,16.0731,16.5700,15.7900,0.7800,,0,0.0000,0.0000,,0,0.0000,0,0.0000,0.0000,,0,0.0000,0,0.0000,0.0000,,0,0.0000
prebreak,600623,2025-10-21,S,S,A,C,S,S,A,8.8321,9.0900,8.6400,0.4500,,0,0.0000,0.0000,,0,0.0000,0,0.0000,0.0000,,0,0.0000,0,0.0000,0.0000,,0,0.0000
prebreak,600918,2025-10-21,S,S,A,C,S,S,A,6.8448,7.0700,6.7700,0.3000,,0,0.0000,0.0000,,0,0.0000,0,0.0000,0.0000,,0,0.0000,0,0.0000,0.0000,,0,0.0000
prebreak,600966,2025-10-21,S,S,A,C,S,S,A,5.0262,5.1500,4.9000,0.2500,,0,0.0000,0.0000,,0,0.0000,1,5.1500,5.1954,2025-11-04,0,0.1657,1,5.1500,5.7428,2025-11-18,0,2.3539
prebreak,600985,2025-10-21,S,S,A,C,S,S,A,13.4009,12.6200,12.1100,0.5100,,0,0.0000,0.0000,,0,0.0000,0,0.0000,0.0000,,0,0.0000,0,0.0000,0.0000,,0,0.0000
prebreak,601375,2025-10-21,S,S,A,C,S,S,A,4.5321,4.6000,4.4300,0.1700,,0,0.0000,0.0000,,0,0.0000,0,0.0000,0.0000,,0,0.0000,0,0.0000,0.0000,,0,0.0000
prebreak,601799,2025-10-21,S,S,A,C,S,S,A,126.2309,125.0700,119.0200,6.0500,,0,0.0000,0.0000,,0,0.0000,0,0.0000,0.0000,,0,0.0000,0,0.0000,0.0000,,0,0.0000
prebreak,603071,2025-10-21,S,S,A,C,S,S,A,14.0035,14.3000,13.5700,0.7300,,0,0.0000,0.0000,,0,0.0000,0,0.0000,0.0000,,0,0.0000,0,0.0000,0.0000,,0,0.0000
prebreak,603279,2025-10-21,S,S,A,C,S,S,A,14.8412,15.3100,14.6900,0.6200,,0,0.0000,0.0000,,0,0.0000,0,0.0000,0.0000,,0,0.0000,1,15.3100,16.3528,2025-11-18,0,1.6622
prebreak,603368,2025-10-21,S,S,A,C,S,S,A,18.0048,18.4600,17.6300,0.8300,,0,0.0000,0.0000,,0,0.0000,0,0.0000,0.0000,,0,0.0000,0,0.0000,0.0000,,0,0.0000
prebreak,000703,2025-10-22,S,S,A,C,S,S,A,6.6145,6.5000,6.2200,0.2800,,1,6.5000,6.8636,2025-10-29,0,1.2800,1,6.5000,6.4751,2025-11-05,0,-0.1067,1,6.5000,7.4613,2025-11-19,0,3.4133
prebreak,002233,2025-10-22,S,S,A,C,S,S,A,8.5381,8.6700,8.2400,0.4300,,0,0.0000,0.0000,,0,0.0000,0,0.0000,0.0000,,0,0.0000,0,0.0000,0.0000,,0,0.0000
prebreak,002293,2025-10-22,S,S,A,C,S,S,A,8.4725,8.6800,8.3100,0.3700,,1,8.6800,9.0392,2025-10-29,0,0.9525,1,8.6800,9.2410,2025-11-05,0,1.4974,1,8.6800,9.1929,2025-11-19,0,1.3676
prebreak,600166,2025-10-22,S,S,A,C,S,S,A,2.7400,2.8300,2.6800,0.1500,,0,0.0000,0.0000,,0,0.0000,0,0.0000,0.0000,,0,0.0000,0,0.0000,0.0000,,0,0.0000
prebreak,600369,2025-10-22,S,S,A,C,S,S,A,4.6535,4.7000,4.5400,0.1600,,0,0.0000,0.0000,,0,0.0000,0,0.0000,0.0000,,0,0.0000,0,0.0000,0.0000,,0,0.0000
prebreak,600516,2025-10-22,S,S,A,C,S,S,A,5.2443,5.3300,5.0500,0.2800,,1,5.3300,6.2432,2025-10-29,0,3.2451,1,5.3300,6.3331,2025-11-05,0,3.5659,1,5.3300,6.9125,2025-11-19,0,5.6338
prebreak,600683,2025-10-22,S,S,A,C,S,S,A,4.7500,4.2800,4.0600,0.2200,,1,4.2800,4.9900,2025-10-29,0,3.2105,1,4.2800,5.0700,2025-11-05,0,3.5739,1,4.2800,4.9500,2025-11-19,0,3.0287
prebreak,600763,2025-10-22,S,S,A,C,S,S,A,42.2000,45.3000,43.0700,2.2300,,0,0.0000,0.0000,,0,0.0000,0,0.0000,0.0000,,0,0.0000,1,45.3000,43.7800,2025-11-19,0,-0.6966
prebreak,601179,2025-10-22,S,S,A,C,S,S,A,7.0067,6.5800,6.2600,0.3200,,0,0.0000,0.0000,,0,0.0000,0,0.0000,0.0000,,0,0.0000,0,0.0000,0.0000,,0,0.0000
prebreak,603165,2025-10-22,S,S,A,C,S,S,A,12.1276,12.1600,11.5700,0.5900,,0,0.0000,0.0000,,0,0.0000,0,0.0000,0.0000,,0,0.0000,0,0.0000,0.0000,,0,0.0000
prebreak,000591,2025-10-23,S,S,A,C,S,S,A,4.5620,4.6100,4.4400,0.1700,,1,4.6100,4.6407,2025-10-30,0,0.1596,1,4.6100,4.7291,2025-11-06,0,0.6798,1,4.6100,4.5718,2025-11-20,0,-0.2450
prebreak,000792,2025-10-23,S,S,A,C,S,S,A,22.8800,20.2800,19.2100,1.0700,,0,0.0000,0.0000,,0,0.0000,0,0.0000,0.0000,,0,0.0000,0,0.0000,0.0000,,0,0.0000
prebreak,002408,2025-10-23,S,S,A,C,S,S,A,4.9800,4.9900,4.7800,0.2100,,0,0.0000,0.0000,,0,0.0000,0,0.0000,0.0000,,0,0.0000,0,0.0000,0.0000,,0,0.0000
prebreak,002478,2025-10-23,S,S,A,C,S,S,A,6.0118,5.4400,5.2200,0.2200,,0,0.0000,0.0000,,0,0.0000,0,0.0000,0.0000,,0,0.0000,0,0.0000,0.0000,,0,0.0000
prebreak,002535,2025-10-23,S,S,A,C,S,S,A,4.1000,4.0200,3.8100,0.2100,,0,0.0000,0.0000,,0,0.0000,0,0.0000,0.0000,,0,0.0000,0,0.0000,0.0000,,0,0.0000
prebreak,002673,2025-10-23,S,S,A,C,S,S,A,8.3307,8.5100,8.1700,0.3400,,1,8.5100,8.4879,2025-10-30,0,-0.0840,1,8.5100,8.4879,2025-11-06,0,-0.0840,1,8.5100,8.1700,2025-11-17,1,-1.0184
prebreak,002791,2025-10-23,S,S,A,C,S,S,A,22.0800,22.7100,21.5900,1.1200,,0,0.0000,0.0000,,0,0.0000,1,22.7100,22.7500,2025-11-06,0,0.0203,1,22.7100,24.2200,2025-11-20,0,1.3320
prebreak,301215,2025-10-23,S,S,A,C,S,S,A,6.3262,6.4100,6.1300,0.2800,,0,0.0000,0.0000,,0,0.0000,0,0.0000,0.0000,,0,0.0000,0,0.0000,0.0000,,0,0.0000
prebreak,600109,2025-10-23,S,S,A,C,S,S,A,10.0373,10.4400,9.8900,0.5500,,0,0.0000,0.0000,,0,0.0000,0,0.0000,0.0000,,0,0.0000,0,0.0000,0.0000,,0,0.0000
prebreak,600188,2025-10-23,S,S,A,C,S,S,A,14.6552,13.6800,13.0200,0.6600,,0,0.0000,0.0000,,0,0.0000,0,0.0000,0.0000,,0,0.0000,0,0.0000,0.0000,,0,0.0000
prebreak,600309,2025-10-23,S,S,A,C,S,S,A,61.7193,62.7500,59.5000,3.2500,,0,0.0000,0.0000,,0,0.0000,0,0.0000,0.0000,,0,0.0000,1,62.7500,63.2640,2025-11-20,0,0.1434
prebreak,600491,2025-10-23,S,S,A,C,S,S,A,3.6000,3.5300,3.3700,0.1600,,0,0.0000,0.0000,,0,0.0000,0,0.0000,0.0000,,0,0.0000,0,0.0000,0.0000,,0,0.0000
prebreak,603320,2025-10-23,S,S,A,C,S,S,A,21.0535,19.2600,18.3500,0.9100,,1,19.2600,19.5639,2025-10-30,0,0.3176,1,19.2600,20.2491,2025-11-06,0,1.0701,1,19.2600,18.9481,2025-11-20,0,-0.3586
prebreak,603439,2025-10-23,S,S,A,C,S,S,A,12.3919,12.7600,12.1800,0.5800,,0,0.0000,0.0000,,0,0.0000,0,0.0000,0.0000,,0,0.0000,1,12.7600,12.1800,2025-11-20,1,-1.0161
prebreak,000750,2025-10-24,S,S,A,C,S,S,A,4.5315,4.5600,4.3900,0.1700,,0,0.0000,0.0000,,0,0.0000,0,0.0000,0.0000,,0,0.0000,0,0.0000,0.0000,,0,0.0000
prebreak,000898,2025-10-24,S,S,A,C,S,S,A,2.6900,2.7800,2.6600,0.1200,,0,0.0000,0.0000,,0,0.0000,0,0.0000,0.0000,,0,0.0000,0,0.0000,0.0000,,0,0.0000
prebreak,002060,2025-10-24,S,S,A,C,S,S,A,3.6847,3.7200,3.5600,0.1600,,0,0.0000,0.0000,,0,0.0000,0,0.0000,0.0000,,0,0.0000,0,0.0000,0.0000,,0,0.0000
prebreak,002608,2025-10-24,S,S,A,C,S,S,A,8.1885,8.3800,7.9400,0.4400,,0,0.0000,0.0000,,0,0.0000,0,0.0000,0.0000,,0,0.0000,0,0.0000,0.0000,,0,0.0000
prebreak,300219,2025-10-24,S,S,A,C,S,S,A,7.1320,7.2000,6.8500,0.3500,,0,0.0000,0.0000,,0,0.0000,0,0.0000,0.0000,,0,0.0000,0,0.0000,0.0000,,0,0.0000
prebreak,300760,2025-10-24,S,S,A,C,S,S,A,217.8871,224.4900,214.9700,9.5200,,0,0.0000,0.0000,,0,0.0000,0,0.0000,0.0000,,0,0.0000,0,0.0000,0.0000,,0,0.0000
prebreak,600061,2025-10-24,S,S,A,C,S,S,A,7.7423,7.7600,7.4600,0.3000,,0,0.0000,0.0000,,0,0.0000,0,0.0000,0.0000,,0,0.0000,0,0.0000,0.0000,,0,0.0000
prebreak,600257,2025-10-24,S,S,A,C,S,S,A,5.6100,5.7600,5.4600,0.3000,,1,5.7600,5.7300,2025-10-31,0,-0.1145,1,5.7600,6.0800,2025-11-07,0,1.0514,1,5.7600,6.1300,2025-11-21,0,1.2180
prebreak,600546,2025-10-24,S,S,A,C,S,S,A,10.7489,9.9100,9.4100,0.5000,,0,0.0000,0.0000,,0,0.0000,0,0.0000,0.0000,,0,0.0000,0,0.0000,0.0000,,0,0.0000
prebreak,603105,2025-10-24,S,S,A,C,S,S,A,9.0074,9.2000,8.8400,0.3600,,0,0.0000,0.0000,,0,0.0000,0,0.0000,0.0000,,0,0.0000,0,0.0000,0.0000,,0,0.0000
prebreak,688139,2025-10-24,S,S,A,C,S,S,A,33.5153,34.3900,32.9200,1.4700,,1,34.3900,34.4142,2025-10-31,0,-0.0013,1,34.3900,34.2166,2025-11-07,0,-0.1356,1,34.3900,32.9200,2025-11-20,1,-1.0171
prebreak,000563,2025-10-27,S,S,A,C,S,S,A,3.5820,3.6100,3.4500,0.1600,,1,3.6100,3.5527,2025-11-03,0,-0.3751,1,3.6100,3.6113,2025-11-10,0,-0.0093,1,3.6100,3.4500,2025-11-21,1,-1.0165
prebreak,002061,2025-10-27,S,S,A,C,S,S,A,4.2099,4.2200,4.0200,0.2000,,0,0.0000,0.0000,,0,0.0000,0,0.0000,0.0000,,0,0.0000,0,0.0000,0.0000,,0,0.0000
prebreak,002386,2025-10-27,S,S,A,C,S,S,A,5.4200,5.4500,5.2100,0.2400,,0,0.0000,0.0000,,0,0.0000,0,0.0000,0.0000,,0,0.0000,0,0.0000,0.0000,,0,0.0000
prebreak,002677,2025-10-27,S,S,A,C,S,S,A,7.1913,7.3000,7.0500,0.2500,,1,7.3000,7.5504,2025-11-03,0,0.9788,1,7.3000,7.7599,2025-11-10,0,1.8161,1,7.3000,8.0890,2025-11-24,0,3.1318
prebreak,301039,2025-10-27,S,S,A,C,S,S,A,8.7505,9.3300,8.8800,0.4500,,0,0.0000,0.0000,,0,0.0000,0,0.0000,0.0000,,0,0.0000,0,0.0000,0.0000,,0,0.0000
prebreak,301175,2025-10-27,S,S,A,C,S,S,A,5.3449,5.3800,5.1300,0.2500,,0,0.0000,0.0000,,0,0.0000,0,0.0000,0.0000,,0,0.0000,0,0.0000,0.0000,,0,0.0000
prebreak,600219,2025-10-27,S,S,A,C,S,S,A,3.8778,3.8800,3.6800,0.2000,,0,0.0000,0.0000,,0,0.0000,0,0.0000,0.0000,,0,0.0000,0,0.0000,0.0000,,0,0.0000
prebreak,600295,2025-10-27,S,S,A,C,S,S,A,9.7980,10.0400,9.6300,0.4100,,1,10.0400,10.8139,2025-11-03,0,1.8678,1,10.0400,11.1842,2025-11-10,0,2.7703,1,10.0400,10.4152,2025-11-24,0,0.8958
prebreak,600526,2025-10-27,S,S,A,C,S,S,A,5.3516,5.4800,5.2000,0.2800,,1,5.4800,5.7275,2025-11-03,0,0.8684,1,5.4800,5.7374,2025-11-10,0,0.9037,1,5.4800,5.2000,2025-11-21,1,-1.0142
prebreak,600959,2025-10-27,S,S,A,C,S,S,A,3.6500,3.6000,3.4700,0.1300,,0,0.0000,0.0000,,0,0.0000,0,0.0000,0.0000,,0,0.0000,0,0.0000,0.0000,,0,0.0000
prebreak,600970,2025-10-27,S,S,A,C,S,S,A,9.2690,9.1300,8.7000,0.4300,,0,0.0000,0.0000,,0,0.0000,0,0.0000,0.0000,,0,0.0000,0,0.0000,0.0000,,0,0.0000
prebreak,601686,2025-10-27,S,S,A,C,S,S,A,6.7582,6.1600,5.8500,0.3100,,0,0.0000,0.0000,,0,0.0000,0,0.0000,0.0000,,0,0.0000,0,0.0000,0.0000,,0,0.0000
prebreak,601878,2025-10-27,S,S,A,C,S,S,A,11.5209,11.6100,11.0700,0.5400,,0,0.0000,0.0000,,0,0.0000,0,0.0000,0.0000,,0,0.0000,0,0.0000,0.0000,,0,0.0000
prebreak,601900,2025-10-27,S,S,A,C,S,S,A,13.5030,12.7500,12.1900,0.5600,,1,12.7500,14.1419,2025-11-03,0,2.4667,1,12.7500,14.1896,2025-11-10,0,2.5518,1,12.7500,13.4077,2025-11-24,0,1.1564
prebreak,603100,2025-10-27,S,S,A,C,S,S,A,23.3119,23.9600,23.0100,0.9500,,0,0.0000,0.0000,,0,0.0000,0,0.0000,0.0000,,0,0.0000,1,23.9600,26.2063,2025-11-24,0,2.3439
prebreak,603939,2025-10-27,S,S,A,C,S,S,A,24.8132,25.2700,24.1700,1.1000,,0,0.0000,0.0000,,0,0.0000,0,0.0000,0.0000,,0,0.0000,0,0.0000,0.0000,,0,0.0000
prebreak,605507,2025-10-27,S,S,A,C,S,S,A,15.7607,15.9900,15.3100,0.6800,,0,0.0000,0.0000,,0,0.0000,1,15.9900,16.1844,2025-11-10,0,0.2678,1,15.9900,15.9621,2025-11-24,0,-0.0589
prebreak,688334,2025-10-27,S,S,A,C,S,S,A,20.6434,19.7300,18.6900,1.0400,,0,0.0000,0.0000,,0,0.0000,0,0.0000,0.0000,,0,0.0000,0,0.0000,0.0000,,0,0.0000
prebreak,000686,2025-10-28,S,S,A,C,S,S,A,8.4944,8.6400,8.2300,0.4100,,1,8.6400,8.7763,2025-11-04,0,0.3162,1,8.6400,10.0300,2025-11-11,0,3.3722,1,8.6400,8.9210,2025-11-25,0,0.6690
prebreak,000885,2025-10-28,S,S,A,C,S,S,A,14.4263,15.3000,14.5600,0.7400,,0,0.0000,0.0000,,0,0.0000,0,0.0000,0.0000,,0,0.0000,0,0.0000,0.0000,,0,0.0000
prebreak,001979,2025-10-28,S,S,A,C,S,S,A,9.3311,10.3900,9.9600,0.4300,,0,0.0000,0.0000,,0,0.0000,0,0.0000,0.0000,,0,0.0000,0,0.0000,0.0000,,0,0.0000
prebreak,002039,2025-10-28,S,S,A,C,S,S,A,17.5180,17.8600,17.0100,0.8500,,0,0.0000,0.0000,,0,0.0000,0,0.0000,0.0000,,0,0.0000,0,0.0000,0.0000,,0,0.0000
prebreak,600426,2025-10-28,S,S,A,C,S,S,A,18.4496,19.0200,18.0600,0.9600,,0,0.0000,0.0000,,0,0.0000,0,0.0000,0.0000,,0,0.0000,0,0.0000,0.0000,,0,0.0000
prebreak,600623,2025-10-28,S,S,A,C,S,S,A,7.7565,9.0900,8.6400,0.4500,,0,0.0000,0.0000,,0,0.0000,0,0.0000,0.0000,,0,0.0000,0,0.0000,0.0000,,0,0.0000
prebreak,600739,2025-10-28,S,S,A,C,S,S,A,12.2400,12.4900,11.9700,0.5200,,0,0.0000,0.0000,,0,0.0000,0,0.0000,0.0000,,0,0.0000,0,0.0000,0.0000,,0,0.0000
prebreak,600985,2025-10-28,S,S,A,C,S,S,A,13.2433,13.6100,13.0800,0.5300,,0,0.0000,0.0000,,0,0.0000,0,0.0000,0.0000,,0,0.0000,0,0.0000,0.0000,,0,0.0000
prebreak,601456,2025-10-28,S,S,A,C,S,S,A,11.1544,11.1300,10.7500,0.3800,,0,0.0000,0.0000,,0,0.0000,0,0.0000,0.0000,,0,0.0000,0,0.0000,0.0000,,0,0.0000
prebreak,601799,2025-10-28,S,S,A,C,S,S,A,126.2900,129.4300,123.6900,5.7400,,0,0.0000,0.0000,,0,0.0000,0,0.0000,0.0000,,0,0.0000,0,0.0000,0.0000,,0,0.0000
prebreak,688009,2025-10-28,S,S,A,C,S,S,A,5.2865,5.3500,5.1500,0.2000,,0,0.0000,0.0000,,0,0.0000,0,0.0000,0.0000,,0,0.0000,0,0.0000,0.0000,,0,0.0000
prebreak,000703,2025-10-29,S,S,A,C,S,S,A,6.8636,6.5000,6.2200,0.2800,,0,0.0000,0.0000,,0,0.0000,0,0.0000,0.0000,,0,0.0000,0,0.0000,0.0000,,0,0.0000
prebreak,000951,2025-10-29,S,S,A,C,S,S,A,16.4337,17.1100,16.2800,0.8300,,1,17.1100,17.5344,2025-11-05,0,0.4953,1,17.1100,17.3334,2025-11-12,0,0.2533,1,17.1100,16.2800,2025-11-21,1,-1.0150
prebreak,000983,2025-10-29,S,S,A,C,S,S,A,7.3444,7.4200,7.0900,0.3300,,0,0.0000,0.0000,,0,0.0000,0,0.0000,0.0000,,0,0.0000,0,0.0000,0.0000,,0,0.0000
prebreak,600011,2025-10-29,S,S,A,C,S,S,A,7.8258,7.2300,6.9300,0.3000,,1,7.2300,7.7311,2025-11-05,0,1.6509,1,7.2300,7.7216,2025-11-12,0,1.6194,1,7.2300,7.3900,2025-11-26,0,0.5147
prebreak,600155,2025-10-29,S,S,A,C,S,S,A,7.5200,7.5400,7.2500,0.2900,,0,0.0000,0.0000,,0,0.0000,0,0.0000,0.0000,,0,0.0000,1,7.5400,7.2500,2025-11-21,1,-1.0191
prebreak,600516,2025-10-29,S,S,A,C,S,S,A,6.2432,5.3300,5.0500,0.2800,,1,5.3300,6.3331,2025-11-05,0,3.5659,1,5.3300,6.3731,2025-11-12,0,3.7085,1,5.3300,6.4031,2025-11-26,0,3.8155
prebreak,600639,2025-10-29,S,S,A,C,S,S,A,10.7283,11.1500,10.6000,0.5500,,0,0.0000,0.0000,,0,0.0000,0,0.0000,0.0000,,0,0.0000,0,0.0000,0.0000,,0,0.0000
prebreak,600683,2025-10-29,S,S,A,C,S,S,A,4.9900,4.2800,4.0600,0.2200,,1,4.2800,5.0700,2025-11-05,0,3.5739,1,4.2800,4.9500,2025-11-12,0,3.0287,1,4.2800,4.6700,2025-11-26,0,1.7568
prebreak,601179,2025-10-29,S,S,A,C,S,S,A,8.1229,6.5800,6.2600,0.3200,,1,6.5800,8.8605,2025-11-05,0,7.1064,1,6.5800,9.7475,2025-11-12,0,9.8766,1,6.5800,8.2425,2025-11-26,0,5.1765
prebreak,000750,2025-10-31,S,S,A,C,S,S,A,4.5216,4.6300,4.5000,0.1300,,0,0.0000,0.0000,,0,0.0000,0,0.0000,0.0000,,0,0.0000,0,0.0000,0.0000,,0,0.0000
prebreak,000898,2025-10-31,S,S,A,C,S,S,A,2.6600,2.7700,2.6500,0.1200,,0,0.0000,0.0000,,0,0.0000,0,0.0000,0.0000,,0,0.0000,0,0.0000,0.0000,,0,0.0000
prebreak,002632,2025-10-31,S,S,A,C,S,S,A,10.5539,10.8800,10.4500,0.4300,,0,0.0000,0.0000,,0,0.0000,1,10.8800,10.6918,2025-11-14,0,-0.4566,1,10.8800,10.4500,2025-11-18,1,-1.0186
prebreak,600061,2025-10-31,S,S,A,C,S,S,A,7.6545,7.9100,7.6200,0.2900,,0,0.0000,0.0000,,0,0.0000,0,0.0000,0.0000,,0,0.0000,0,0.0000,0.0000,,0,0.0000
prebreak,600395,2025-10-31,S,S,A,C,S,S,A,5.1500,5.7700,5.5700,0.2000,,0,0.0000,0.0000,,0,0.0000,0,0.0000,0.0000,,0,0.0000,0,0.0000,0.0000,,0,0.0000
prebreak,603105,2025-10-31,S,S,A,C,S,S,A,9.2616,9.3500,8.8600,0.4900,,0,0.0000,0.0000,,0,0.0000,0,0.0000,0.0000,,0,0.0000,0,0.0000,0.0000,,0,0.0000
prebreak,688139,2025-10-31,S,S,A,C,S,S,A,34.4142,34.3400,32.8200,1.5200,,0,0.0000,0.0000,,0,0.0000,0,0.0000,0.0000,,0,0.0000,0,0.0000,0.0000,,0,0.0000
prebreak,002061,2025-11-03,S,S,A,C,S,S,A,4.0935,4.2200,4.0400,0.1800,,0,0.0000,0.0000,,0,0.0000,0,0.0000,0.0000,,0,0.0000,0,0.0000,0.0000,,0,0.0000
prebreak,002416,2025-11-03,S,S,A,C,S,S,A,11.9462,12.2700,11.7100,0.5600,,0,0.0000,0.0000,,0,0.0000,0,0.0000,0.0000,,0,0.0000,0,0.0000,0.0000,,0,0.0000
prebreak,002572,2025-11-03,S,S,A,C,S,S,A,12.0976,12.1900,11.7800,0.4100,,0,0.0000,0.0000,,0,0.0000,0,0.0000,0.0000,,0,0.0000,0,0.0000,0.0000,,0,0.0000
prebreak,300185,2025-11-03,S,S,A,C,S,S,A,3.0919,3.2000,3.0500,0.1500,,0,0.0000,0.0000,,0,0.0000,1,3.2000,3.1777,2025-11-17,0,-0.1647,1,3.2000,3.0500,2025-11-18,1,-1.0156
prebreak,301039,2025-11-03,S,S,A,C,S,S,A,9.1413,9.3300,8.8800,0.4500,,1,9.3300,9.3414,2025-11-10,0,0.0097,1,9.3300,9.6655,2025-11-17,0,0.7294,1,9.3300,9.5035,2025-12-01,0,0.3695
prebreak,600219,2025-11-03,S,S,A,C,S,S,A,4.3487,3.8800,3.6800,0.2000,,0,0.0000,0.0000,,0,0.0000,0,0.0000,0.0000,,0,0.0000,0,0.0000,0.0000,,0,0.0000
prebreak,600483,2025-11-03,S,S,A,C,S,S,A,9.9776,10.0500,9.5100,0.5400,,0,0.0000,0.0000,,0,0.0000,0,0.0000,0.0000,,0,0.0000,0,0.0000,0.0000,,0,0.0000
prebreak,600526,2025-11-03,S,S,A,C,S,S,A,5.7275,5.4800,5.2600,0.2200,,1,5.4800,5.7374,2025-11-10,0,1.1502,1,5.4800,5.8363,2025-11-17,0,1.5995,1,5.4800,5.2600,2025-11-21,1,-1.0183
prebreak,600740,2025-11-03,S,S,A,C,S,S,A,4.3105,4.1900,3.9700,0.2200,,0,0.0000,0.0000,,0,0.0000,0,0.0000,0.0000,,0,0.0000,0,0.0000,0.0000,,0,0.0000
prebreak,600959,2025-11-03,S,S,A,C,S,S,A,3.7500,3.7200,3.5800,0.1400,,0,0.0000,0.0000,,0,0.0000,0,0.0000,0.0000,,0,0.0000,0,0.0000,0.0000,,0,0.0000
prebreak,601686,2025-11-03,S,S,A,C,S,S,A,6.2905,6.1600,5.8500,0.3100,,0,0.0000,0.0000,,0,0.0000,0,0.0000,0.0000,,0,0.0000,0,0.0000,0.0000,,0,0.0000
prebreak,601878,2025-11-03,S,S,A,C,S,S,A,11.3735,11.6900,11.2300,0.4600,,0,0.0000,0.0000,,0,0.0000,0,0.0000,0.0000,,0,0.0000,0,0.0000,0.0000,,0,0.0000
prebreak,603281,2025-11-03,S,S,A,C,S,S,A,18.0180,18.1500,17.4600,0.6900,,0,0.0000,0.0000,,0,0.0000,0,0.0000,0.0000,,0,0.0000,0,0.0000,0.0000,,0,0.0000
prebreak,603393,2025-11-03,S,S,A,C,S,S,A,28.8300,30.3200,29.1500,1.1700,,0,0.0000,0.0000,,0,0.0000,0,0.0000,0.0000,,0,0.0000,0,0.0000,0.0000,,0,0.0000
prebreak,688334,2025-11-03,S,S,A,C,S,S,A,20.5246,19.7300,18.6900,1.0400,,0,0.0000,0.0000,,0,0.0000,0,0.0000,0.0000,,0,0.0000,0,0.0000,0.0000,,0,0.0000
prebreak,600426,2025-11-04,S,S,A,C,S,S,A,18.8271,19.0200,18.0600,0.9600,,0,0.0000,0.0000,,0,0.0000,0,0.0000,0.0000,,0,0.0000,0,0.0000,0.0000,,0,0.0000
prebreak,600623,2025-11-04,S,S,A,C,S,S,A,7.7170,8.0000,7.6500,0.3500,,0,0.0000,0.0000,,0,0.0000,0,0.0000,0.0000,,0,0.0000,0,0.0000,0.0000,,0,0.0000
prebreak,600966,2025-11-04,S,S,A,C,S,S,A,5.1954,5.0200,4.8400,0.1800,,0,0.0000,0.0000,,0,0.0000,0,0.0000,0.0000,,0,0.0000,0,0.0000,0.0000,,0,0.0000
prebreak,600985,2025-11-04,S,S,A,C,S,S,A,13.1349,13.6200,13.0800,0.5400,,0,0.0000,0.0000,,0,0.0000,0,0.0000,0.0000,,0,0.0000,0,0.0000,0.0000,,0,0.0000
prebreak,601225,2025-11-04,S,S,A,C,S,S,A,22.5594,22.2400,21.1900,1.0500,,0,0.0000,0.0000,,0,0.0000,0,0.0000,0.0000,,0,0.0000,0,0.0000,0.0000,,0,0.0000
prebreak,601456,2025-11-04,S,S,A,C,S,S,A,10.7074,11.3900,10.8600,0.5300,,0,0.0000,0.0000,,0,0.0000,0,0.0000,0.0000,,0,0.0000,0,0.0000,0.0000,,0,0.0000
prebreak,601788,2025-11-04,S,S,A,C,S,S,A,18.4038,19.1700,18.2500,0.9200,,0,0.0000,0.0000,,0,0.0000,0,0.0000,0.0000,,0,0.0000,0,0.0000,0.0000,,0,0.0000
prebreak,601799,2025-11-04,S,S,A,C,S,S,A,124.1915,128.7200,123.6900,5.0300,,0,0.0000,0.0000,,0,0.0000,0,0.0000,0.0000,,0,0.0000,0,0.0000,0.0000,,0,0.0000
prebreak,601838,2025-11-04,S,S,A,C,S,S,A,16.1759,17.7800,16.9000,0.8800,,0,0.0000,0.0000,,0,0.0000,0,0.0000,0.0000,,0,0.0000,0,0.0000,0.0000,,0,0.0000
prebreak,601918,2025-11-04,S,S,A,C,S,S,A,7.2456,7.3600,6.9900,0.3700,,0,0.0000,0.0000,,0,0.0000,0,0.0000,0.0000,,0,0.0000,0,0.0000,0.0000,,0,0.0000
prebreak,601995,2025-11-04,S,S,A,C,S,S,A,36.2583,39.0200,37.2700,1.7500,,0,0.0000,0.0000,,0,0.0000,0,0.0000,0.0000,,0,0.0000,0,0.0000,0.0000,,0,0.0000
prebreak,603160,2025-11-04,S,S,A,C,S,S,A,85.6196,77.8000,74.3500,3.4500,,0,0.0000,0.0000,,0,0.0000,0,0.0000,0.0000,,0,0.0000,0,0.0000,0.0000,,0,0.0000
prebreak,000498,2025-11-05,S,S,A,C,S,S,A,5.9250,6.1300,5.8300,0.3000,,0,0.0000,0.0000,,0,0.0000,0,0.0000,0.0000,,0,0.0000,0,0.0000,0.0000,,0,0.0000
prebreak,000703,2025-11-05,S,S,A,C,S,S,A,6.4751,6.9600,6.6200,0.3400,,1,6.9600,7.2421,2025-11-12,0,0.8136,1,6.9600,7.4613,2025-11-19,0,1.4578,1,6.9600,8.4176,2025-12-03,0,4.2687
prebreak,000983,2025-11-05,S,S,A,C,S,S,A,7.2951,7.4100,7.0900,0.3200,,0,0.0000,0.0000,,0,0.0000,0,0.0000,0.0000,,0,0.0000,0,0.0000,0.0000,,0,0.0000
prebreak,001289,2025-11-05,S,S,A,C,S,S,A,17.1594,17.6200,16.9700,0.6500,,0,0.0000,0.0000,,0,0.0000,0,0.0000,0.0000,,0,0.0000,0,0.0000,0.0000,,0,0.0000
prebreak,600011,2025-11-05,S,S,A,C,S,S,A,7.7311,7.2300,6.9300,0.3000,,0,0.0000,0.0000,,0,0.0000,0,0.0000,0.0000,,0,0.0000,0,0.0000,0.0000,,0,0.0000
prebreak,600166,2025-11-05,S,S,A,C,S,S,A,2.9000,2.8600,2.7000,0.1600,,0,0.0000,0.0000,,0,0.0000,0,0.0000,0.0000,,0,0.0000,0,0.0000,0.0000,,0,0.0000
prebreak,600508,2025-11-05,S,S,A,C,S,S,A,9.5746,9.1900,8.8300,0.3600,,0,0.0000,0.0000,,0,0.0000,0,0.0000,0.0000,,0,0.0000,0,0.0000,0.0000,,0,0.0000
prebreak,600639,2025-11-05,S,S,A,C,S,S,A,10.7571,11.1600,10.6000,0.5600,,0,0.0000,0.0000,,0,0.0000,0,0.0000,0.0000,,0,0.0000,0,0.0000,0.0000,,0,0.0000
prebreak,601111,2025-11-05,S,S,A,C,S,S,A,8.2600,8.7200,8.2600,0.4600,,0,0.0000,0.0000,,0,0.0000,0,0.0000,0.0000,,0,0.0000,0,0.0000,0.0000,,0,0.0000
prebreak,000027,2025-11-06,S,S,A,C,S,S,A,6.9968,7.0800,6.8000,0.2800,,0,0.0000,0.0000,,0,0.0000,0,0.0000,0.0000,,0,0.0000,0,0.0000,0.0000,,0,0.0000
prebreak,000031,2025-11-06,S,S,A,C,S,S,A,3.0000,3.0500,2.9100,0.1400,,0,0.0000,0.0000,,0,0.0000,0,0.0000,0.0000,,0,0.0000,0,0.0000,0.0000,,0,0.0000
prebreak,000166,2025-11-06,S,S,A,C,S,S,A,5.4732,5.5600,5.3500,0.2100,,0,0.0000,0.0000,,0,0.0000,0,0.0000,0.0000,,0,0.0000,0,0.0000,0.0000,,0,0.0000
prebreak,000543,2025-11-06,S,S,A,C,S,S,A,8.0240,8.1500,7.7300,0.4200,,0,0.0000,0.0000,,0,0.0000,0,0.0000,0.0000,,0,0.0000,0,0.0000,0.0000,,0,0.0000
prebreak,000728,2025-11-06,S,S,A,C,S,S,A,8.4879,8.7800,8.3500,0.4300,,0,0.0000,0.0000,,0,0.0000,0,0.0000,0.0000,,0,0.0000,0,0.0000,0.0000,,0,0.0000
prebreak,000825,2025-11-06,S,S,A,C,S,S,A,4.3494,4.3200,4.1500,0.1700,,0,0.0000,0.0000,,0,0.0000,0,0.0000,0.0000,,0,0.0000,0,0.0000,0.0000,,0,0.0000
prebreak,000875,2025-11-06,S,S,A,C,S,S,A,6.0418,6.0800,5.7800,0.3000,,0,0.0000,0.0000,,0,0.0000,0,0.0000,0.0000,,0,0.0000,0,0.0000,0.0000,,0,0.0000
prebreak,002601,2025-11-06,S,S,A,C,S,S,A,17.7990,18.7300,17.8500,0.8800,,0,0.0000,0.0000,,0,0.0000,0,0.0000,0.0000,,0,0.0000,0,0.0000,0.0000,,0,0.0000
prebreak,600109,2025-11-06,S,S,A,C,S,S,A,9.6806,10.0000,9.5500,0.4500,,0,0.0000,0.0000,,0,0.0000,0,0.0000,0.0000,,0,0.0000,0,0.0000,0.0000,,0,0.0000
prebreak,601229,2025-11-06,S,S,A,C,S,S,A,9.7737,9.5100,9.0500,0.4600,,0,0.0000,0.0000,,0,0.0000,0,0.0000,0.0000,,0,0.0000,0,0.0000,0.0000,,0,0.0000
prebreak,688558,2025-11-06,S,S,A,C,S,S,A,28.7267,31.5800,30.3300,1.2500,,0,0.0000,0.0000,,0,0.0000,0,0.0000,0.0000,,0,0.0000,0,0.0000,0.0000,,0,0.0000
prebreak,000898,2025-11-07,S,S,A,C,S,S,A,2.7700,2.7600,2.6400,0.1200,,0,0.0000,0.0000,,0,0.0000,0,0.0000,0.0000,,0,0.0000,0,0.0000,0.0000,,0,0.0000
prebreak,000987,2025-11-07,S,S,A,C,S,S,A,7.7282,7.9200,7.5900,0.3300,,0,0.0000,0.0000,,0,0.0000,0,0.0000,0.0000,,0,0.0000,0,0.0000,0.0000,,0,0.0000
prebreak,002540,2025-11-07,S,S,A,C,S,S,A,6.8466,6.7200,6.4300,0.2900,,0,0.0000,0.0000,,0,0.0000,0,0.0000,0.0000,,0,0.0000,0,0.0000,0.0000,,0,0.0000
prebreak,600298,2025-11-07,S,S,A,C,S,S,A,37.7991,40.7300,39.2000,1.5300,,0,0.0000,0.0000,,0,0.0000,0,0.0000,0.0000,,0,0.0000,0,0.0000,0.0000,,0,0.0000
prebreak,601169,2025-11-07,S,S,A,C,S,S,A,5.3615,5.4700,5.2700,0.2000,,0,0.0000,0.0000,,0,0.0000,1,5.4700,5.4277,2025-11-21,0,-0.2320,1,5.4700,5.2700,2025-12-05,1,-1.0202
prebreak,603105,2025-11-07,S,S,A,C,S,S,A,10.6406,9.3500,8.8600,0.4900,,1,9.3500,10.2592,2025-11-14,0,1.8398,1,9.3500,8.8600,2025-11-21,1,-1.0139,1,9.3500,8.8600,2025-11-21,1,-1.0139
prebreak,000739,2025-11-10,S,S,A,C,S,S,A,15.2348,15.3100,14.7000,0.6100,,0,0.0000,0.0000,,0,0.0000,0,0.0000,0.0000,,0,0.0000,0,0.0000,0.0000,,0,0.0000
prebreak,002572,2025-11-10,S,S,A,C,S,S,A,12.4504,12.5100,11.8600,0.6500,,1,12.5100,12.6083,2025-11-17,0,0.1365,1,12.5100,13.1560,2025-11-24,0,0.9787,1,12.5100,12.9518,2025-12-08,0,0.6646
prebreak,002677,2025-11-10,S,S,A,C,S,S,A,7.7599,7.8000,7.4800,0.3200,,0,0.0000,0.0000,,0,0.0000,0,0.0000,0.0000,,0,0.0000,0,0.0000,0.0000,,0,0.0000
prebreak,003031,2025-11-10,S,S,A,C,S,S,A,53.7849,56.1000,53.4000,2.7000,,0,0.0000,0.0000,,0,0.0000,0,0.0000,0.0000,,0,0.0000,1,56.1000,59.1883,2025-12-08,0,1.1273
prebreak,300012,2025-11-10,S,S,A,C,S,S,A,13.9734,14.5100,13.8300,0.6800,,0,0.0000,0.0000,,0,0.0000,0,0.0000,0.0000,,0,0.0000,0,0.0000,0.0000,,0,0.0000
prebreak,301039,2025-11-10,S,S,A,C,S,S,A,9.3414,9.3300,8.8800,0.4500,,0,0.0000,0.0000,,0,0.0000,0,0.0000,0.0000,,0,0.0000,0,0.0000,0.0000,,0,0.0000
prebreak,600483,2025-11-10,S,S,A,C,S,S,A,10.1615,10.0500,9.5100,0.5400,,0,0.0000,0.0000,,0,0.0000,0,0.0000,0.0000,,0,0.0000,0,0.0000,0.0000,,0,0.0000
prebreak,600526,2025-11-10,S,S,A,C,S,S,A,5.7374,5.4800,5.2600,0.2200,,0,0.0000,0.0000,,0,0.0000,0,0.0000,0.0000,,0,0.0000,0,0.0000,0.0000,,0,0.0000
prebreak,600740,2025-11-10,S,S,A,C,S,S,A,4.3999,4.1900,3.9700,0.2200,,0,0.0000,0.0000,,0,0.0000,0,0.0000,0.0000,,0,0.0000,0,0.0000,0.0000,,0,0.0000
prebreak,601857,2025-11-10,S,S,A,C,S,S,A,9.5976,9.6300,9.1400,0.4900,,0,0.0000,0.0000,,0,0.0000,0,0.0000,0.0000,,0,0.0000,0,0.0000,0.0000,,0,0.0000
prebreak,603885,2025-11-10,S,S,A,C,S,S,A,13.7790,13.2200,12.5800,0.6400,,0,0.0000,0.0000,,0,0.0000,0,0.0000,0.0000,,0,0.0000,0,0.0000,0.0000,,0,0.0000
prebreak,600409,2025-11-11,S,S,A,C,S,S,A,6.1430,5.7400,5.4800,0.2600,,1,5.7400,6.4118,2025-11-18,0,2.5654,1,5.7400,5.8742,2025-11-25,0,0.4989,1,5.7400,5.9737,2025-12-09,0,0.8816
prebreak,600426,2025-11-11,S,S,A,C,S,S,A,21.6135,19.0200,18.0600,0.9600,,1,19.0200,21.0121,2025-11-18,0,2.0587,1,19.0200,20.8522,2025-11-25,0,1.8923,1,19.0200,21.1110,2025-12-09,0,2.1617
prebreak,600623,2025-11-11,S,S,A,C,S,S,A,8.3387,7.9800,7.6100,0.3700,,0,0.0000,0.0000,,0,0.0000,0,0.0000,0.0000,,0,0.0000,0,0.0000,0.0000,,0,0.0000
prebreak,600966,2025-11-11,S,S,A,C,S,S,A,5.7030,5.0200,4.8400,0.1800,,1,5.0200,5.7428,2025-11-18,0,3.9916,1,5.0200,6.0115,2025-11-25,0,5.4836,1,5.0200,5.9418,2025-12-09,0,5.0968
prebreak,601117,2025-11-11,S,S,A,C,S,S,A,8.0100,8.0700,7.6500,0.4200,,0,0.0000,0.0000,,0,0.0000,0,0.0000,0.0000,,0,0.0000,0,0.0000,0.0000,,0,0.0000
prebreak,601799,2025-11-11,S,S,A,C,S,S,A,122.2507,124.8800,119.6200,5.2600,,0,0.0000,0.0000,,0,0.0000,0,0.0000,0.0000,,0,0.0000,1,124.8800,124.4312,2025-12-09,0,-0.1033
prebreak,603565,2025-11-11,S,S,A,C,S,S,A,10.9640,11.4000,10.8300,0.5700,,0,0.0000,0.0000,,0,0.0000,0,0.0000,0.0000,,0,0.0000,0,0.0000,0.0000,,0,0.0000
prebreak,605377,2025-11-11,S,S,A,C,S,S,A,8.8863,9.0900,8.7500,0.3400,,0,0.0000,0.0000,,0,0.0000,0,0.0000,0.0000,,0,0.0000,0,0.0000,0.0000,,0,0.0000
prebreak,000498,2025-11-12,S,S,A,C,S,S,A,6.1075,6.1400,5.9100,0.2300,,0,0.0000,0.0000,,0,0.0000,0,0.0000,0.0000,,0,0.0000,0,0.0000,0.0000,,0,0.0000
prebreak,000703,2025-11-12,S,S,A,C,S,S,A,7.2421,6.9600,6.6200,0.3400,,0,0.0000,0.0000,,0,0.0000,0,0.0000,0.0000,,0,0.0000,0,0.0000,0.0000,,0,0.0000
prebreak,000983,2025-11-12,S,S,A,C,S,S,A,7.1571,7.4700,7.0900,0.3800,,0,0.0000,0.0000,,0,0.0000,0,0.0000,0.0000,,0,0.0000,0,0.0000,0.0000,,0,0.0000
prebreak,600098,2025-11-12,S,S,A,C,S,S,A,6.7897,7.0000,6.7000,0.3000,,0,0.0000,0.0000,,0,0.0000,0,0.0000,0.0000,,0,0.0000,0,0.0000,0.0000,,0,0.0000
prebreak,600508,2025-11-12,S,S,A,C,S,S,A,9.4130,9.8100,9.3600,0.4500,,0,0.0000,0.0000,,0,0.0000,0,0.0000,0.0000,,0,0.0000,0,0.0000,0.0000,,0,0.0000
prebreak,600639,2025-11-12,S,S,A,C,S,S,A,10.9010,11.0700,10.6700,0.4000,,0,0.0000,0.0000,,0,0.0000,0,0.0000,0.0000,,0,0.0000,0,0.0000,0.0000,,0,0.0000
prebreak,600901,2025-11-12,S,S,A,C,S,S,A,6.1120,6.1800,5.8500,0.3300,,0,0.0000,0.0000,,0,0.0000,0,0.0000,0.0000,,0,0.0000,0,0.0000,0.0000,,0,0.0000
prebreak,601111,2025-11-12,S,S,A,C,S,S,A,8.7400,8.7200,8.2600,0.4600,,0,0.0000,0.0000,,0,0.0000,0,0.0000,0.0000,,0,0.0000,0,0.0000,0.0000,,0,0.0000
prebreak,601121,2025-11-12,S,S,A,C,S,S,A,7.6932,7.2800,6.9100,0.3700,,0,0.0000,0.0000,,0,0.0000,0,0.0000,0.0000,,0,0.0000,0,0.0000,0.0000,,0,0.0000
prebreak,601628,2025-11-12,S,S,A,C,S,S,A,43.8652,44.1500,42.3300,1.8200,,0,0.0000,0.0000,,0,0.0000,0,0.0000,0.0000,,0,0.0000,0,0.0000,0.0000,,0,0.0000
prebreak,601939,2025-11-12,S,S,A,C,S,S,A,9.2060,9.3400,8.9200,0.4200,,0,0.0000,0.0000,,0,0.0000,1,9.3400,9.3308,2025-11-26,0,-0.0387,1,9.3400,8.9200,2025-12-05,1,-1.0163
prebreak,603379,2025-11-12,S,S,A,C,S,S,A,55.5514,56.9600,54.4400,2.5200,,1,56.9600,54.4400,2025-11-17,1,-1.0165,1,56.9600,54.4400,2025-11-17,1,-1.0165,1,56.9600,54.4400,2025-11-17,1,-1.0165
prebreak,000027,2025-11-13,S,S,A,C,S,S,A,6.8600,7.0800,6.7700,0.3100,,0,0.0000,0.0000,,0,0.0000,0,0.0000,0.0000,,0,0.0000,0,0.0000,0.0000,,0,0.0000
prebreak,000031,2025-11-13,S,S,A,C,S,S,A,3.3100,3.0500,2.9100,0.1400,,0,0.0000,0.0000,,0,0.0000,0,0.0000,0.0000,,0,0.0000,0,0.0000,0.0000,,0,0.0000
prebreak,002601,2025-11-13,S,S,A,C,S,S,A,19.3601,19.6400,18.6300,1.0100,,0,0.0000,0.0000,,0,0.0000,0,0.0000,0.0000,,0,0.0000,0,0.0000,0.0000,,0,0.0000
prebreak,603218,2025-11-13,S,S,A,C,S,S,A,13.6081,14.2900,13.6700,0.6200,,0,0.0000,0.0000,,0,0.0000,0,0.0000,0.0000,,0,0.0000,0,0.0000,0.0000,,0,0.0000
prebreak,000987,2025-11-14,S,S,A,C,S,S,A,7.5425,7.8600,7.5000,0.3600,,0,0.0000,0.0000,,0,0.0000,0,0.0000,0.0000,,0,0.0000,0,0.0000,0.0000,,0,0.0000
prebreak,002540,2025-11-14,S,S,A,C,S,S,A,6.9942,7.0700,6.7200,0.3500,,1,7.0700,6.7200,2025-11-21,1,-1.0147,1,7.0700,6.7200,2025-11-21,1,-1.0147,1,7.0700,6.7200,2025-11-21,1,-1.0147
prebreak,600298,2025-11-14,S,S,A,C,S,S,A,39.9352,40.7300,39.2000,1.5300,,0,0.0000,0.0000,,0,0.0000,0,0.0000,0.0000,,0,0.0000,0,0.0000,0.0000,,0,0.0000
prebreak,601198,2025-11-14,S,S,A,C,S,S,A,12.8555,12.8200,12.2300,0.5900,,0,0.0000,0.0000,,0,0.0000,0,0.0000,0.0000,,0,0.0000,0,0.0000,0.0000,,0,0.0000
prebreak,000739,2025-11-17,S,S,A,C,S,S,A,15.2743,15.7000,15.0900,0.6100,,1,15.7000,15.6297,2025-11-24,0,-0.1347,1,15.7000,15.9753,2025-12-01,0,0.4314,1,15.7000,16.0148,2025-12-15,0,0.4961
prebreak,002572,2025-11-17,S,S,A,C,S,S,A,12.6083,12.8300,12.3700,0.4600,,1,12.8300,13.1560,2025-11-24,0,0.6872,1,12.8300,13.5274,2025-12-01,0,1.4940,1,12.8300,12.7940,2025-12-15,0,-0.0995
prebreak,002677,2025-11-17,S,S,A,C,S,S,A,8.1389,7.8500,7.5000,0.3500,,1,7.8500,8.0890,2025-11-24,0,0.6654,1,7.8500,8.3783,2025-12-01,0,1.4913,1,7.8500,7.5000,2025-12-12,1,-1.0164
prebreak,301039,2025-11-17,S,S,A,C,S,S,A,9.6655,9.5500,9.1800,0.3700,,0,0.0000,0.0000,,0,0.0000,0,0.0000,0.0000,,0,0.0000,0,0.0000,0.0000,,0,0.0000
prebreak,600740,2025-11-17,S,S,A,C,S,S,A,4.5588,4.5100,4.2900,0.2200,,0,0.0000,0.0000,,0,0.0000,0,0.0000,0.0000,,0,0.0000,0,0.0000,0.0000,,0,0.0000
prebreak,601106,2025-11-17,S,S,A,C,S,S,A,3.3600,3.4000,3.2200,0.1800,,0,0.0000,0.0000,,0,0.0000,0,0.0000,0.0000,,0,0.0000,1,3.4000,3.7900,2025-12-15,0,2.1509
prebreak,601857,2025-11-17,S,S,A,C,S,S,A,9.5976,9.8500,9.3700,0.4800,,1,9.8500,9.5101,2025-11-24,0,-0.7232,1,9.8500,9.3700,2025-11-27,1,-1.0150,1,9.8500,9.3700,2025-11-27,1,-1.0150
prebreak,603182,2025-11-17,S,S,A,C,S,S,A,15.8303,15.3200,14.5500,0.7700,,0,0.0000,0.0000,,0,0.0000,0,0.0000,0.0000,,0,0.0000,0,0.0000,0.0000,,0,0.0000
prebreak,688100,2025-11-17,S,S,A,C,S,S,A,35.0585,37.9800,36.0100,1.9700,,0,0.0000,0.0000,,0,0.0000,0,0.0000,0.0000,,0,0.0000,0,0.0000,0.0000,,0,0.0000
prebreak,688285,2025-11-17,S,S,A,C,S,S,A,9.7300,9.6400,9.1400,0.5000,,0,0.0000,0.0000,,0,0.0000,0,0.0000,0.0000,,0,0.0000,0,0.0000,0.0000,,0,0.0000
prebreak,688334,2025-11-17,S,S,A,C,S,S,A,19.9107,21.3100,20.2600,1.0500,,0,0.0000,0.0000,,0,0.0000,0,0.0000,0.0000,,0,0.0000,0,0.0000,0.0000,,0,0.0000
prebreak,000739,2025-11-24,S,S,A,C,S,S,A,15.6297,15.8100,15.0100,0.8000,,0,0.0000,0.0000,,0,0.0000,0,0.0000,0.0000,,0,0.0000,0,0.0000,0.0000,,0,0.0000
prebreak,000816,2025-11-24,S,S,A,C,S,S,A,3.4600,3.6300,3.4600,0.1700,,1,3.6300,3.9400,2025-12-01,0,1.8062,1,3.6300,3.9200,2025-12-08,0,1.6886,1,3.6300,3.4600,2025-12-17,1,-1.0156
prebreak,002010,2025-11-24,S,S,A,C,S,S,A,5.6435,6.2300,5.9300,0.3000,,0,0.0000,0.0000,,0,0.0000,0,0.0000,0.0000,,0,0.0000,0,0.0000,0.0000,,0,0.0000
prebreak,002999,2025-11-24,S,S,A,C,S,S,A,6.8940,7.5400,7.1700,0.3700,,0,0.0000,0.0000,,0,0.0000,0,0.0000,0.0000,,0,0.0000,0,0.0000,0.0000,,0,0.0000
prebreak,300017,2025-11-24,S,S,A,C,S,S,A,10.2281,11.3700,10.9500,0.4200,,0,0.0000,0.0000,,0,0.0000,0,0.0000,0.0000,,0,0.0000,0,0.0000,0.0000,,0,0.0000
prebreak,300286,2025-11-24,S,S,A,C,S,S,A,22.2627,25.7900,24.7000,1.0900,,0,0.0000,0.0000,,0,0.0000,0,0.0000,0.0000,,0,0.0000,0,0.0000,0.0000,,0,0.0000
prebreak,300636,2025-11-24,S,S,A,C,S,S,A,7.9531,8.7100,8.3300,0.3800,,0,0.0000,0.0000,,0,0.0000,0,0.0000,0.0000,,0,0.0000,0,0.0000,0.0000,,0,0.0000
prebreak,301179,2025-11-24,S,S,A,C,S,S,A,15.3888,17.5500,16.6500,0.9000,,0,0.0000,0.0000,,0,0.0000,0,0.0000,0.0000,,0,0.0000,0,0.0000,0.0000,,0,0.0000
prebreak,600125,2025-11-24,S,S,A,C,S,S,A,6.0409,6.6900,6.4000,0.2900,,0,0.0000,0.0000,,0,0.0000,0,0.0000,0.0000,,0,0.0000,0,0.0000,0.0000,,0,0.0000
prebreak,600131,2025-11-24,S,S,A,C,S,S,A,16.8129,18.9600,18.0500,0.9100,,0,0.0000,0.0000,,0,0.0000,0,0.0000,0.0000,,0,0.0000,0,0.0000,0.0000,,0,0.0000
prebreak,600526,2025-11-24,S,S,A,C,S,S,A,5.2922,5.8600,5.5600,0.3000,,0,0.0000,0.0000,,0,0.0000,0,0.0000,0.0000,,0,0.0000,0,0.0000,0.0000,,0,0.0000
prebreak,600609,2025-11-24,S,S,A,C,S,S,A,4.7892,5.0800,4.8300,0.2500,,1,5.0800,4.8300,2025-11-27,1,-1.0148,1,5.0800,4.8300,2025-11-27,1,-1.0148,1,5.0800,4.8300,2025-11-27,1,-1.0148
prebreak,600740,2025-11-24,S,S,A,C,S,S,A,3.9430,4.5100,4.2900,0.2200,,0,0.0000,0.0000,,0,0.0000,0,0.0000,0.0000,,0,0.0000,0,0.0000,0.0000,,0,0.0000
prebreak,601106,2025-11-24,S,S,A,C,S,S,A,3.0400,3.4000,3.2200,0.1800,,0,0.0000,0.0000,,0,0.0000,1,3.4000,3.7600,2025-12-08,0,1.9844,1,3.4000,4.2100,2025-12-22,0,4.4828
prebreak,688100,2025-11-24,S,S,A,C,S,S,A,34.5129,35.4700,34.0000,1.4700,,0,0.0000,0.0000,,0,0.0000,0,0.0000,0.0000,,0,0.0000,0,0.0000,0.0000,,0,0.0000
prebreak,000623,2025-11-25,S,S,A,C,S,S,A,18.7434,21.2700,20.4900,0.7800,,0,0.0000,0.0000,,0,0.0000,0,0.0000,0.0000,,0,0.0000,0,0.0000,0.0000,,0,0.0000
prebreak,000917,2025-11-25,S,S,A,C,S,S,A,8.5704,8.5900,8.1500,0.4400,,0,0.0000,0.0000,,0,0.0000,0,0.0000,0.0000,,0,0.0000,0,0.0000,0.0000,,0,0.0000
prebreak,002078,2025-11-25,S,S,A,C,S,S,A,14.1434,14.7200,14.0700,0.6500,,1,14.7200,14.6908,2025-12-02,0,-0.0622,1,14.7200,14.4171,2025-12-09,0,-0.4829,1,14.7200,14.8009,2025-12-23,0,0.1072
prebreak,002373,2025-11-25,S,S,A,C,S,S,A,11.5995,11.4500,11.0300,0.4200,,1,11.4500,11.0300,2025-12-02,1,-1.0201,1,11.4500,11.0300,2025-12-02,1,-1.0201,1,11.4500,11.0300,2025-12-02,1,-1.0201
prebreak,002840,2025-11-25,S,S,A,C,S,S,A,9.8800,11.5700,11.0100,0.5600,,0,0.0000,0.0000,,0,0.0000,0,0.0000,0.0000,,0,0.0000,0,0.0000,0.0000,,0,0.0000
prebreak,002978,2025-11-25,S,S,A,C,S,S,A,30.4882,33.4700,32.0500,1.4200,,0,0.0000,0.0000,,0,0.0000,0,0.0000,0.0000,,0,0.0000,0,0.0000,0.0000,,0,0.0000
prebreak,300194,2025-11-25,S,S,A,C,S,S,A,4.4611,4.7200,4.5100,0.2100,,0,0.0000,0.0000,,0,0.0000,0,0.0000,0.0000,,0,0.0000,1,4.7200,4.5100,2025-12-17,1,-1.0165
prebreak,300707,2025-11-25,S,S,A,C,S,S,A,14.5308,16.1700,15.4600,0.7100,,0,0.0000,0.0000,,0,0.0000,0,0.0000,0.0000,,0,0.0000,0,0.0000,0.0000,,0,0.0000
prebreak,600027,2025-11-25,S,S,A,C,S,S,A,4.9658,5.0800,4.8600,0.2200,,0,0.0000,0.0000,,0,0.0000,0,0.0000,0.0000,,0,0.0000,0,0.0000,0.0000,,0,0.0000
prebreak,600153,2025-11-25,S,S,A,C,S,S,A,9.3763,10.1900,9.7100,0.4800,,0,0.0000,0.0000,,0,0.0000,0,0.0000,0.0000,,0,0.0000,0,0.0000,0.0000,,0,0.0000
prebreak,600409,2025-11-25,S,S,A,C,S,S,A,5.8742,5.7400,5.4800,0.2600,,0,0.0000,0.0000,,0,0.0000,0,0.0000,0.0000,,0,0.0000,0,0.0000,0.0000,,0,0.0000
prebreak,600733,2025-11-25,S,S,A,C,S,S,A,7.7100,8.0200,7.6800,0.3400,,0,0.0000,0.0000,,0,0.0000,0,0.0000,0.0000,,0,0.0000,1,8.0200,8.1900,2025-12-23,0,0.4818
prebreak,601096,2025-11-25,S,S,A,C,S,S,A,4.1304,4.7600,4.5700,0.1900,,0,0.0000,0.0000,,0,0.0000,0,0.0000,0.0000,,0,0.0000,0,0.0000,0.0000,,0,0.0000
prebreak,601117,2025-11-25,S,S,A,C,S,S,A,7.3573,7.7100,7.3300,0.3800,,0,0.0000,0.0000,,0,0.0000,0,0.0000,0.0000,,0,0.0000,0,0.0000,0.0000,,0,0.0000
prebreak,601688,2025-11-25,S,S,A,C,S,S,A,20.7973,22.8800,21.7900,1.0900,,0,0.0000,0.0000,,0,0.0000,1,22.8800,22.2374,2025-12-09,0,-0.6051,1,22.8800,21.7900,2025-12-12,1,-1.0153
prebreak,601999,2025-11-25,S,S,A,C,S,S,A,7.5100,7.7800,7.4800,0.3000,,0,0.0000,0.0000,,0,0.0000,0,0.0000,0.0000,,0,0.0000,0,0.0000,0.0000,,0,0.0000
prebreak,605555,2025-11-25,S,S,A,C,S,S,A,16.7169,17.1700,16.3400,0.8300,,0,0.0000,0.0000,,0,0.0000,0,0.0000,0.0000,,0,0.0000,0,0.0000,0.0000,,0,0.0000
prebreak,688016,2025-11-25,S,S,A,C,S,S,A,92.1920,100.4900,95.6800,4.8100,,0,0.0000,0.0000,,0,0.0000,0,0.0000,0.0000,,0,0.0000,0,0.0000,0.0000,,0,0.0000
prebreak,000509,2025-11-26,S,S,A,C,S,S,A,4.0300,3.8900,3.6800,0.2100,,1,3.8900,3.9700,2025-12-03,0,0.3666,1,3.8900,3.6800,2025-12-10,1,-1.0134,1,3.8900,3.6800,2025-12-10,1,-1.0134
prebreak,000983,2025-11-26,S,S,A,C,S,S,A,6.6248,6.9000,6.5600,0.3400,,0,0.0000,0.0000,,0,0.0000,0,0.0000,0.0000,,0,0.0000,0,0.0000,0.0000,,0,0.0000
prebreak,002419,2025-11-26,S,S,A,C,S,S,A,5.3563,5.7800,5.5500,0.2300,,0,0.0000,0.0000,,0,0.0000,1,5.7800,5.6621,2025-12-10,0,-0.5312,1,5.7800,5.5500,2025-12-11,1,-1.0185
prebreak,002483,2025-11-26,S,S,A,C,S,S,A,6.3517,7.0000,6.6900,0.3100,,0,0.0000,0.0000,,0,0.0000,1,7.0000,6.8680,2025-12-10,0,-0.4427,1,7.0000,6.6900,2025-12-17,1,-1.0165
prebreak,300327,2025-11-26,S,S,A,C,S,S,A,27.7185,26.9300,25.7500,1.1800,,0,0.0000,0.0000,,0,0.0000,0,0.0000,0.0000,,0,0.0000,0,0.0000,0.0000,,0,0.0000
prebreak,600120,2025-11-26,S,S,A,C,S,S,A,6.1537,6.9500,6.6500,0.3000,,0,0.0000,0.0000,,0,0.0000,0,0.0000,0.0000,,0,0.0000,0,0.0000,0.0000,,0,0.0000
prebreak,600293,2025-11-26,S,S,A,C,S,S,A,3.0200,3.5800,3.3900,0.1900,,0,0.0000,0.0000,,0,0.0000,0,0.0000,0.0000,,0,0.0000,0,0.0000,0.0000,,0,0.0000
prebreak,600428,2025-11-26,S,S,A,C,S,S,A,6.6422,7.3900,7.0700,0.3200,,0,0.0000,0.0000,,0,0.0000,0,0.0000,0.0000,,0,0.0000,0,0.0000,0.0000,,0,0.0000
prebreak,600725,2025-11-26,S,S,A,C,S,S,A,3.6400,3.7700,3.6200,0.1500,,0,0.0000,0.0000,,0,0.0000,0,0.0000,0.0000,,0,0.0000,0,0.0000,0.0000,,0,0.0000
prebreak,600873,2025-11-26,S,S,A,C,S,S,A,9.6574,10.7300,10.2000,0.5300,,0,0.0000,0.0000,,0,0.0000,0,0.0000,0.0000,,0,0.0000,0,0.0000,0.0000,,0,0.0000
prebreak,600956,2025-11-26,S,S,A,C,S,S,A,7.7300,8.4500,8.1300,0.3200,,0,0.0000,0.0000,,0,0.0000,0,0.0000,0.0000,,0,0.0000,0,0.0000,0.0000,,0,0.0000
prebreak,601005,2025-11-26,S,S,A,C,S,S,A,1.4400,1.6100,1.5500,0.0600,,0,0.0000,0.0000,,0,0.0000,0,0.0000,0.0000,,0,0.0000,0,0.0000,0.0000,,0,0.0000
prebreak,601339,2025-11-26,S,S,A,C,S,S,A,5.1348,5.6800,5.4000,0.2800,,0,0.0000,0.0000,,0,0.0000,0,0.0000,0.0000,,0,0.0000,0,0.0000,0.0000,,0,0.0000
prebreak,603012,2025-11-26,S,S,A,C,S,S,A,5.6567,6.2300,5.9900,0.2400,,0,0.0000,0.0000,,0,0.0000,0,0.0000,0.0000,,0,0.0000,0,0.0000,0.0000,,0,0.0000
prebreak,603085,2025-11-26,S,S,A,C,S,S,A,10.3700,10.9900,10.4800,0.5100,,0,0.0000,0.0000,,0,0.0000,0,0.0000,0.0000,,0,0.0000,1,10.9900,10.4800,2025-12-17,1,-1.0157
prebreak,603358,2025-11-26,S,S,A,C,S,S,A,40.8670,48.9600,46.4700,2.4900,,0,0.0000,0.0000,,0,0.0000,0,0.0000,0.0000,,0,0.0000,0,0.0000,0.0000,,0,0.0000
prebreak,603888,2025-11-26,S,S,A,C,S,S,A,18.6480,18.4700,17.5400,0.9300,,0,0.0000,0.0000,,0,0.0000,0,0.0000,0.0000,,0,0.0000,0,0.0000,0.0000,,0,0.0000
prebreak,000591,2025-11-27,S,S,A,C,S,S,A,4.3752,4.5500,4.3500,0.2000,,0,0.0000,0.0000,,0,0.0000,0,0.0000,0.0000,,0,0.0000,0,0.0000,0.0000,,0,0.0000
prebreak,002304,2025-11-27,S,S,A,C,S,S,A,63.6359,66.1800,63.0200,3.1600,,0,0.0000,0.0000,,0,0.0000,0,0.0000,0.0000,,0,0.0000,0,0.0000,0.0000,,0,0.0000
prebreak,002412,2025-11-27,S,S,A,C,S,S,A,6.5573,6.4900,6.1600,0.3300,,0,0.0000,0.0000,,0,0.0000,0,0.0000,0.0000,,0,0.0000,0,0.0000,0.0000,,0,0.0000
prebreak,003005,2025-11-27,S,S,A,C,S,S,A,21.2168,21.9400,20.8100,1.1300,,1,21.9400,21.0277,2025-12-04,0,-0.8216,1,21.9400,20.8100,2025-12-05,1,-1.0141,1,21.9400,20.8100,2025-12-05,1,-1.0141
prebreak,301587,2025-11-27,S,S,A,C,S,S,A,23.3700,25.0900,24.0700,1.0200,,0,0.0000,0.0000,,0,0.0000,0,0.0000,0.0000,,0,0.0000,0,0.0000,0.0000,,0,0.0000
prebreak,600261,2025-11-27,S,S,A,C,S,S,A,3.2981,3.5700,3.3900,0.1800,,0,0.0000,0.0000,,0,0.0000,0,0.0000,0.0000,,0,0.0000,0,0.0000,0.0000,,0,0.0000
prebreak,600361,2025-11-27,S,S,A,C,S,S,A,4.2052,4.5900,4.3500,0.2400,,0,0.0000,0.0000,,0,0.0000,0,0.0000,0.0000,,0,0.0000,0,0.0000,0.0000,,0,0.0000
prebreak,600877,2025-11-27,S,S,A,C,S,S,A,15.8300,13.7800,13.1900,0.5900,,1,13.7800,14.8400,2025-12-04,0,1.7777,1,13.7800,15.3700,2025-12-11,0,2.6755,1,13.7800,16.3100,2025-12-25,0,4.2677
prebreak,600909,2025-11-27,S,S,A,C,S,S,A,6.2048,6.8000,6.4900,0.3100,,0,0.0000,0.0000,,0,0.0000,0,0.0000,0.0000,,0,0.0000,0,0.0000,0.0000,,0,0.0000
prebreak,603375,2025-11-27,S,S,A,C,S,S,A,39.7886,42.4900,40.3500,2.1400,,0,0.0000,0.0000,,0,0.0000,0,0.0000,0.0000,,0,0.0000,0,0.0000,0.0000,,0,0.0000
prebreak,603886,2025-11-27,S,S,A,C,S,S,A,11.9767,12.5000,11.9600,0.5400,,0,0.0000,0.0000,,0,0.0000,0,0.0000,0.0000,,0,0.0000,0,0.0000,0.0000,,0,0.0000
prebreak,000050,2025-11-28,S,S,A,C,S,S,A,9.0400,9.1000,8.6200,0.4800,,0,0.0000,0.0000,,0,0.0000,0,0.0000,0.0000,,0,0.0000,0,0.0000,0.0000,,0,0.0000
prebreak,000068,2025-11-28,S,S,A,C,S,S,A,3.7900,3.9700,3.7900,0.1800,,1,3.9700,3.7900,2025-12-04,1,-1.0161,1,3.9700,3.7900,2025-12-04,1,-1.0161,1,3.9700,3.7900,2025-12-04,1,-1.0161
prebreak,001368,2025-11-28,S,S,A,C,S,S,A,25.8323,26.3800,25.1800,1.2000,,1,26.3800,26.8917,2025-12-05,0,0.4094,1,26.3800,25.1800,2025-12-11,1,-1.0161,1,26.3800,25.1800,2025-12-11,1,-1.0161
prebreak,002063,2025-11-28,S,S,A,C,S,S,A,6.2130,6.6000,6.2700,0.3300,,0,0.0000,0.0000,,0,0.0000,0,0.0000,0.0000,,0,0.0000,0,0.0000,0.0000,,0,0.0000
prebreak,002151,2025-11-28,S,S,A,C,S,S,A,30.7700,30.9200,29.6000,1.3200,,0,0.0000,0.0000,,0,0.0000,0,0.0000,0.0000,,0,0.0000,0,0.0000,0.0000,,0,0.0000
prebreak,002332,2025-11-28,S,S,A,C,S,S,A,9.0501,9.3900,8.9900,0.4000,,0,0.0000,0.0000,,0,0.0000,1,9.3900,9.0891,2025-12-12,0,-0.7696,1,9.3900,8.9900,2025-12-15,1,-1.0172
prebreak,002400,2025-11-28,S,S,A,C,S,S,A,9.4111,8.5300,8.1000,0.4300,,0,0.0000,0.0000,,0,0.0000,0,0.0000,0.0000,,0,0.0000,0,0.0000,0.0000,,0,0.0000
prebreak,300424,2025-11-28,S,S,A,C,S,S,A,17.0100,17.3500,16.4400,0.9100,,0,0.0000,0.0000,,0,0.0000,0,0.0000,0.0000,,0,0.0000,0,0.0000,0.0000,,0,0.0000
prebreak,600031,2025-11-28,S,S,A,C,S,S,A,20.1270,20.8800,19.8700,1.0100,,0,0.0000,0.0000,,0,0.0000,0,0.0000,0.0000,,0,0.0000,0,0.0000,0.0000,,0,0.0000
prebreak,600210,2025-11-28,S,S,A,C,S,S,A,6.8910,7.0200,6.7500,0.2700,,0,0.0000,0.0000,,0,0.0000,0,0.0000,0.0000,,0,0.0000,0,0.0000,0.0000,,0,0.0000
prebreak,600298,2025-11-28,S,S,A,C,S,S,A,40.3585,40.6600,38.8400,1.8200,,0,0.0000,0.0000,,0,0.0000,0,0.0000,0.0000,,0,0.0000,0,0.0000,0.0000,,0,0.0000
prebreak,600348,2025-11-28,S,S,A,C,S,S,A,7.4404,8.5300,8.1100,0.4200,,0,0.0000,0.0000,,0,0.0000,0,0.0000,0.0000,,0,0.0000,0,0.0000,0.0000,,0,0.0000
prebreak,603599,2025-11-28,S,S,A,C,S,S,A,11.0630,11.3500,10.9100,0.4400,,0,0.0000,0.0000,,0,0.0000,0,0.0000,0.0000,,0,0.0000,0,0.0000,0.0000,,0,0.0000
prebreak,000783,2025-12-01,S,S,A,C,S,S,A,7.8036,7.8900,7.5000,0.3900,,0,0.0000,0.0000,,0,0.0000,0,0.0000,0.0000,,0,0.0000,0,0.0000,0.0000,,0,0.0000
prebreak,000912,2025-12-01,S,S,A,C,S,S,A,4.4100,4.4600,4.2200,0.2400,,0,0.0000,0.0000,,0,0.0000,0,0.0000,0.0000,,0,0.0000,0,0.0000,0.0000,,0,0.0000
prebreak,002666,2025-12-01,S,S,A,C,S,S,A,5.2400,5.3200,5.0700,0.2500,,0,0.0000,0.0000,,0,0.0000,0,0.0000,0.0000,,0,0.0000,0,0.0000,0.0000,,0,0.0000
prebreak,600467,2025-12-01,S,S,A,C,S,S,A,2.6127,2.5200,2.3900,0.1300,,0,0.0000,0.0000,,0,0.0000,0,0.0000,0.0000,,0,0.0000,0,0.0000,0.0000,,0,0.0000
prebreak,600609,2025-12-01,S,S,A,C,S,S,A,4.8985,5.0800,4.8300,0.2500,,0,0.0000,0.0000,,0,0.0000,0,0.0000,0.0000,,0,0.0000,0,0.0000,0.0000,,0,0.0000
prebreak,601399,2025-12-01,S,S,A,C,S,S,A,3.4500,3.3300,3.2000,0.1300,,0,0.0000,0.0000,,0,0.0000,0,0.0000,0.0000,,0,0.0000,0,0.0000,0.0000,,0,0.0000
prebreak,688538,2025-12-01,S,S,A,C,S,S,A,2.6900,2.7100,2.5800,0.1300,,0,0.0000,0.0000,,0,0.0000,0,0.0000,0.0000,,0,0.0000,0,0.0000,0.0000,,0,0.0000
prebreak,002446,2025-12-02,S,S,A,C,S,S,A,8.9300,8.8000,8.4300,0.3700,,0,0.0000,0.0000,,0,0.0000,0,0.0000,0.0000,,0,0.0000,0,0.0000,0.0000,,0,0.0000
prebreak,002788,2025-12-02,S,S,A,C,S,S,A,9.6342,9.7500,9.2500,0.5000,,0,0.0000,0.0000,,0,0.0000,0,0.0000,0.0000,,0,0.0000,0,0.0000,0.0000,,0,0.0000
prebreak,002950,2025-12-02,S,S,A,C,S,S,A,11.3809,11.5900,11.1300,0.4600,,0,0.0000,0.0000,,0,0.0000,0,0.0000,0.0000,,0,0.0000,0,0.0000,0.0000,,0,0.0000
prebreak,300075,2025-12-02,S,S,A,C,S,S,A,15.9800,16.4700,15.7200,0.7500,,0,0.0000,0.0000,,0,0.0000,0,0.0000,0.0000,,0,0.0000,0,0.0000,0.0000,,0,0.0000
prebreak,300194,2025-12-02,S,S,A,C,S,S,A,4.5796,4.6100,4.4200,0.1900,,0,0.0000,0.0000,,0,0.0000,0,0.0000,0.0000,,0,0.0000,0,0.0000,0.0000,,0,0.0000
prebreak,300705,2025-12-02,S,S,A,C,S,S,A,15.4135,15.9500,15.3300,0.6200,,0,0.0000,0.0000,,0,0.0000,0,0.0000,0.0000,,0,0.0000,0,0.0000,0.0000,,0,0.0000
prebreak,301566,2025-12-02,S,S,A,C,S,S,A,18.6927,17.6600,16.7700,0.8900,,0,0.0000,0.0000,,0,0.0000,0,0.0000,0.0000,,0,0.0000,0,0.0000,0.0000,,0,0.0000
prebreak,301571,2025-12-02,S,S,A,C,S,S,A,49.7093,46.2100,43.9400,2.2700,,0,0.0000,0.0000,,0,0.0000,0,0.0000,0.0000,,0,0.0000,0,0.0000,0.0000,,0,0.0000
prebreak,600027,2025-12-02,S,S,A,C,S,S,A,5.1113,5.1300,4.9300,0.2000,,0,0.0000,0.0000,,0,0.0000,0,0.0000,0.0000,,0,0.0000,0,0.0000,0.0000,,0,0.0000
prebreak,600153,2025-12-02,S,S,A,C,S,S,A,8.9223,10.1900,9.7100,0.4800,,0,0.0000,0.0000,,0,0.0000,0,0.0000,0.0000,,0,0.0000,0,0.0000,0.0000,,0,0.0000
prebreak,600733,2025-12-02,S,S,A,C,S,S,A,7.8400,7.9000,7.5200,0.3800,,0,0.0000,0.0000,,0,0.0000,1,7.9000,8.2400,2025-12-16,0,0.8784,1,7.9000,7.8400,2025-12-30,0,-0.1736
prebreak,603180,2025-12-02,S,S,A,C,S,S,A,20.9914,20.7800,19.8100,0.9700,,0,0.0000,0.0000,,0,0.0000,0,0.0000,0.0000,,0,0.0000,0,0.0000,0.0000,,0,0.0000
prebreak,688153,2025-12-02,S,S,A,C,S,S,A,38.5300,35.0300,33.3100,1.7200,,1,35.0300,38.3100,2025-12-09,0,1.8903,1,35.0300,36.2000,2025-12-16,0,0.6643,1,35.0300,38.0400,2025-12-30,0,1.7334
prebreak,688586,2025-12-02,S,S,A,C,S,S,A,12.1179,11.5400,11.1300,0.4100,,1,11.5400,11.9183,2025-12-09,0,0.9007,1,11.5400,12.0680,2025-12-16,0,1.2656,1,11.5400,12.7867,2025-12-30,0,3.0174
prebreak,000050,2025-12-05,S,S,A,C,S,S,A,9.2900,9.3700,8.9900,0.3800,,1,9.3700,8.9900,2025-12-10,1,-1.0181,1,9.3700,8.9900,2025-12-10,1,-1.0181,1,9.3700,8.9900,2025-12-10,1,-1.0181
prebreak,000419,2025-12-05,S,S,A,C,S,S,A,6.4400,6.5800,6.2400,0.3400,,0,0.0000,0.0000,,0,0.0000,1,6.5800,7.0500,2025-12-19,0,1.3668,1,6.5800,6.4900,2026-01-06,0,-0.2792
prebreak,001368,2025-12-05,S,S,A,C,S,S,A,26.8917,26.3800,25.1800,1.2000,,1,26.3800,25.1800,2025-12-11,1,-1.0161,1,26.3800,25.1800,2025-12-11,1,-1.0161,1,26.3800,25.1800,2025-12-11,1,-1.0161
prebreak,002069,2025-12-05,S,S,A,C,S,S,A,4.1300,4.0800,3.8600,0.2200,,0,0.0000,0.0000,,0,0.0000,0,0.0000,0.0000,,0,0.0000,0,0.0000,0.0000,,0,0.0000
prebreak,002151,2025-12-05,S,S,A,C,S,S,A,31.4000,31.5500,30.2600,1.2900,,1,31.5500,31.6400,2025-12-12,0,0.0511,1,31.5500,33.1200,2025-12-19,0,1.1977,1,31.5500,54.9700,2026-01-06,0,18.1250
prebreak,002400,2025-12-05,S,S,A,C,S,S,A,8.5927,8.5300,8.1000,0.4300,,0,0.0000,0.0000,,0,0.0000,0,0.0000,0.0000,,0,0.0000,0,0.0000,0.0000,,0,0.0000
prebreak,300498,2025-12-05,S,S,A,C,S,S,A,16.8919,17.8500,17.1600,0.6900,,0,0.0000,0.0000,,0,0.0000,0,0.0000,0.0000,,0,0.0000,0,0.0000,0.0000,,0,0.0000
prebreak,300525,2025-12-05,S,S,A,C,S,S,A,14.1212,13.5800,13.0300,0.5500,,1,13.5800,13.6644,2025-12-12,0,0.1347,1,13.5800,13.4956,2025-12-19,0,-0.1721,1,13.5800,14.0517,2026-01-06,0,0.8384
prebreak,300979,2025-12-05,S,S,A,C,S,S,A,57.1367,59.0100,56.3700,2.6400,,0,0.0000,0.0000,,0,0.0000,0,0.0000,0.0000,,0,0.0000,0,0.0000,0.0000,,0,0.0000
prebreak,301522,2025-12-05,S,S,A,C,S,S,A,32.1843,31.8900,30.4900,1.4000,,1,31.8900,34.1691,2025-12-12,0,1.6096,1,31.8900,34.7675,2025-12-19,0,2.0367,1,31.8900,39.1259,2026-01-06,0,5.1479
prebreak,600031,2025-12-05,S,S,A,C,S,S,A,21.0977,20.8300,19.7200,1.1100,,0,0.0000,0.0000,,0,0.0000,0,0.0000,0.0000,,0,0.0000,0,0.0000,0.0000,,0,0.0000
prebreak,600348,2025-12-05,S,S,A,C,S,S,A,7.7905,8.5300,8.1100,0.4200,,0,0.0000,0.0000,,0,0.0000,0,0.0000,0.0000,,0,0.0000,0,0.0000,0.0000,,0,0.0000
prebreak,600771,2025-12-05,S,S,A,C,S,S,A,19.0400,19.6400,18.7300,0.9100,,0,0.0000,0.0000,,0,0.0000,0,0.0000,0.0000,,0,0.0000,0,0.0000,0.0000,,0,0.0000
prebreak,603004,2025-12-05,S,S,A,C,S,S,A,23.3307,24.3700,23.1700,1.2000,,0,0.0000,0.0000,,0,0.0000,0,0.0000,0.0000,,0,0.0000,0,0.0000,0.0000,,0,0.0000
prebreak,603383,2025-12-05,S,S,A,C,S,S,A,37.8761,38.3000,36.4700,1.8300,,1,38.3000,36.4700,2025-12-11,1,-1.0153,1,38.3000,36.4700,2025-12-11,1,-1.0153,1,38.3000,36.4700,2025-12-11,1,-1.0153
prebreak,603882,2025-12-05,S,S,A,C,S,S,A,27.9341,30.3600,28.9100,1.4500,,0,0.0000,0.0000,,0,0.0000,0,0.0000,0.0000,,0,0.0000,0,0.0000,0.0000,,0,0.0000
prebreak,000157,2025-12-08,S,S,A,C,S,S,A,8.1545,7.9500,7.5600,0.3900,,0,0.0000,0.0000,,0,0.0000,0,0.0000,0.0000,,0,0.0000,0,0.0000,0.0000,,0,0.0000
prebreak,000912,2025-12-08,S,S,A,C,S,S,A,4.3700,4.4800,4.2700,0.2100,,0,0.0000,0.0000,,0,0.0000,0,0.0000,0.0000,,0,0.0000,0,0.0000,0.0000,,0,0.0000
prebreak,002333,2025-12-08,S,S,A,C,S,S,A,5.7883,5.9400,5.6400,0.3000,,0,0.0000,0.0000,,0,0.0000,0,0.0000,0.0000,,0,0.0000,1,5.9400,5.9480,2026-01-07,0,0.0116
prebreak,002386,2025-12-08,S,S,A,C,S,S,A,5.4500,5.7000,5.4100,0.2900,,0,0.0000,0.0000,,0,0.0000,0,0.0000,0.0000,,0,0.0000,0,0.0000,0.0000,,0,0.0000
prebreak,300161,2025-12-08,S,S,A,C,S,S,A,28.9398,29.0000,27.6200,1.3800,,0,0.0000,0.0000,,0,0.0000,0,0.0000,0.0000,,0,0.0000,0,0.0000,0.0000,,0,0.0000
prebreak,300182,2025-12-08,S,S,A,C,S,S,A,5.4615,6.2700,5.9700,0.3000,,0,0.0000,0.0000,,0,0.0000,0,0.0000,0.0000,,0,0.0000,0,0.0000,0.0000,,0,0.0000
prebreak,300286,2025-12-08,S,S,A,C,S,S,A,22.7459,22.9300,21.9700,0.9600,,0,0.0000,0.0000,,0,0.0000,0,0.0000,0.0000,,0,0.0000,0,0.0000,0.0000,,0,0.0000
prebreak,300597,2025-12-08,S,S,A,C,S,S,A,9.7300,9.8500,9.3400,0.5100,,0,0.0000,0.0000,,0,0.0000,0,0.0000,0.0000,,0,0.0000,1,9.8500,9.3400,2025-12-30,1,-1.0140
prebreak,300708,2025-12-08,S,S,A,C,S,S,A,9.0722,8.7600,8.4300,0.3300,,1,8.7600,8.8728,2025-12-15,0,0.3215,1,8.7600,8.4300,2025-12-17,1,-1.0195,1,8.7600,8.4300,2025-12-17,1,-1.0195
prebreak,600609,2025-12-08,S,S,A,C,S,S,A,4.7296,4.9400,4.7700,0.1700,,0,0.0000,0.0000,,0,0.0000,0,0.0000,0.0000,,0,0.0000,0,0.0000,0.0000,,0,0.0000
prebreak,601900,2025-12-08,S,S,A,C,S,S,A,12.8260,13.6500,13.0100,0.6400,,0,0.0000,0.0000,,0,0.0000,0,0.0000,0.0000,,0,0.0000,0,0.0000,0.0000,,0,0.0000
prebreak,688538,2025-12-08,S,S,A,C,S,S,A,2.6700,2.7300,2.6200,0.1100,,0,0.0000,0.0000,,0,0.0000,0,0.0000,0.0000,,0,0.0000,0,0.0000,0.0000,,0,0.0000
prebreak,000008,2025-12-10,S,S,A,C,S,S,A,2.9700,3.1400,2.9700,0.1700,,0,0.0000,0.0000,,0,0.0000,0,0.0000,0.0000,,0,0.0000,1,3.1400,3.0800,2026-01-09,0,-0.3668
prebreak,002170,2025-12-10,S,S,A,C,S,S,A,11.4890,11.6800,11.1900,0.4900,,0,0.0000,0.0000,,0,0.0000,0,0.0000,0.0000,,0,0.0000,0,0.0000,0.0000,,0,0.0000
prebreak,002419,2025-12-10,S,S,A,C,S,S,A,5.6621,5.4700,5.2600,0.2100,,1,5.4700,5.2600,2025-12-12,1,-1.0192,1,5.4700,5.2600,2025-12-12,1,-1.0192,1,5.4700,5.2600,2025-12-12,1,-1.0192
prebreak,002455,2025-12-10,S,S,A,C,S,S,A,6.8800,7.2000,6.9600,0.2400,,0,0.0000,0.0000,,0,0.0000,0,0.0000,0.0000,,0,0.0000,1,7.2000,7.1300,2026-01-09,0,-0.3143
prebreak,002686,2025-12-10,S,S,A,C,S,S,A,6.9837,6.7500,6.4500,0.3000,,0,0.0000,0.0000,,0,0.0000,0,0.0000,0.0000,,0,0.0000,0,0.0000,0.0000,,0,0.0000
prebreak,002697,2025-12-10,S,S,A,C,S,S,A,5.9260,5.8700,5.5800,0.2900,,1,5.8700,5.5800,2025-12-12,1,-1.0148,1,5.8700,5.5800,2025-12-12,1,-1.0148,1,5.8700,5.5800,2025-12-12,1,-1.0148
prebreak,300011,2025-12-10,S,S,A,C,S,S,A,8.1800,8.8000,8.3600,0.4400,,0,0.0000,0.0000,,0,0.0000,0,0.0000,0.0000,,0,0.0000,1,8.8000,8.9100,2026-01-09,0,0.2346
prebreak,300183,2025-12-10,S,S,A,C,S,S,A,14.9542,15.9000,15.1700,0.7300,,0,0.0000,0.0000,,0,0.0000,0,0.0000,0.0000,,0,0.0000,0,0.0000,0.0000,,0,0.0000
prebreak,300244,2025-12-10,S,S,A,C,S,S,A,15.0793,15.3400,14.5400,0.8000,,0,0.0000,0.0000,,0,0.0000,1,15.3400,15.2854,2025-12-24,0,-0.0827,1,15.3400,21.3230,2026-01-09,0,7.4595
prebreak,300369,2025-12-10,S,S,A,C,S,S,A,7.7800,8.2000,7.8900,0.3100,,0,0.0000,0.0000,,0,0.0000,0,0.0000,0.0000,,0,0.0000,0,0.0000,0.0000,,0,0.0000
prebreak,600713,2025-12-10,S,S,A,C,S,S,A,5.1374,5.1200,4.9300,0.1900,,1,5.1200,4.9300,2025-12-12,1,-1.0198,1,5.1200,4.9300,2025-12-12,1,-1.0198,1,5.1200,4.9300,2025-12-12,1,-1.0198
prebreak,600725,2025-12-10,S,S,A,C,S,S,A,3.5900,3.8500,3.6600,0.1900,,1,3.8500,4.0800,2025-12-17,0,1.1944,1,3.8500,4.0500,2025-12-24,0,1.0366,1,3.8500,4.1800,2026-01-09,0,1.7203
prebreak,600955,2025-12-10,S,S,A,C,S,S,A,14.8023,15.4800,14.6900,0.7900,,0,0.0000,0.0000,,0,0.0000,0,0.0000,0.0000,,0,0.0000,1,15.4800,17.2344,2026-01-09,0,2.2045
prebreak,601019,2025-12-10,S,S,A,C,S,S,A,8.2213,8.2800,7.9900,0.2900,,0,0.0000,0.0000,,0,0.0000,0,0.0000,0.0000,,0,0.0000,0,0.0000,0.0000,,0,0.0000
prebreak,601377,2025-12-10,S,S,A,C,S,S,A,7.0929,6.8000,6.4600,0.3400,,1,6.8000,7.2297,2025-12-17,0,1.2478,1,6.8000,7.3182,2025-12-24,0,1.5081,1,6.8000,7.1215,2026-01-09,0,0.9298
prebreak,000050,2025-12-12,S,S,A,C,S,S,A,8.9100,9.4600,9.0300,0.4300,,0,0.0000,0.0000,,0,0.0000,0,0.0000,0.0000,,0,0.0000,1,9.4600,9.9600,2026-01-13,0,1.1453
prebreak,000068,2025-12-12,S,S,A,C,S,S,A,3.4300,3.7800,3.6300,0.1500,,0,0.0000,0.0000,,0,0.0000,0,0.0000,0.0000,,0,0.0000,0,0.0000,0.0000,,0,0.0000
prebreak,000090,2025-12-12,S,S,A,C,S,S,A,3.6491,4.0600,3.8600,0.2000,,0,0.0000,0.0000,,0,0.0000,0,0.0000,0.0000,,0,0.0000,0,0.0000,0.0000,,0,0.0000
prebreak,000419,2025-12-12,S,S,A,C,S,S,A,5.9800,6.4900,6.1700,0.3200,,1,6.4900,7.0500,2025-12-19,0,1.7335,1,6.4900,6.7700,2025-12-26,0,0.8590,1,6.4900,6.4100,2026-01-13,0,-0.2653
prebreak,001368,2025-12-12,S,S,A,C,S,S,A,24.8314,26.3800,25.1800,1.2000,,0,0.0000,0.0000,,0,0.0000,0,0.0000,0.0000,,0,0.0000,0,0.0000,0.0000,,0,0.0000
prebreak,002271,2025-12-12,S,S,A,C,S,S,A,13.1900,13.2300,12.5800,0.6500,,0,0.0000,0.0000,,0,0.0000,0,0.0000,0.0000,,0,0.0000,0,0.0000,0.0000,,0,0.0000
prebreak,002563,2025-12-12,S,S,A,C,S,S,A,5.3448,5.7100,5.4100,0.3000,,0,0.0000,0.0000,,0,0.0000,0,0.0000,0.0000,,0,0.0000,0,0.0000,0.0000,,0,0.0000
prebreak,002863,2025-12-12,S,S,A,C,S,S,A,5.5668,5.9100,5.6100,0.3000,,0,0.0000,0.0000,,0,0.0000,0,0.0000,0.0000,,0,0.0000,0,0.0000,0.0000,,0,0.0000
prebreak,002906,2025-12-12,S,S,A,C,S,S,A,29.1279,29.5800,28.4900,1.0900,,0,0.0000,0.0000,,0,0.0000,0,0.0000,0.0000,,0,0.0000,0,0.0000,0.0000,,0,0.0000
prebreak,002972,2025-12-12,S,S,A,C,S,S,A,11.4003,12.2800,11.6500,0.6300,,0,0.0000,0.0000,,0,0.0000,1,12.2800,12.0627,2025-12-26,0,-0.3595,1,12.2800,11.6500,2026-01-08,1,-1.0142
prebreak,003008,2025-12-12,S,S,A,C,S,S,A,20.9793,22.9800,21.8000,1.1800,,0,0.0000,0.0000,,0,0.0000,0,0.0000,0.0000,,0,0.0000,0,0.0000,0.0000,,0,0.0000
prebreak,300320,2025-12-12,S,S,A,C,S,S,A,9.4684,9.9700,9.4700,0.5000,,0,0.0000,0.0000,,0,0.0000,0,0.0000,0.0000,,0,0.0000,0,0.0000,0.0000,,0,0.0000
prebreak,300932,2025-12-12,S,S,A,C,S,S,A,8.9247,9.1600,8.7300,0.4300,,0,0.0000,0.0000,,0,0.0000,0,0.0000,0.0000,,0,0.0000,0,0.0000,0.0000,,0,0.0000
prebreak,301522,2025-12-12,S,S,A,C,S,S,A,34.1691,31.8900,30.4900,1.4000,,1,31.8900,34.7675,2025-12-19,0,2.0367,1,31.8900,39.6943,2025-12-26,0,5.5537,1,31.8900,43.1651,2026-01-13,0,8.0313
prebreak,600348,2025-12-12,S,S,A,C,S,S,A,7.7711,8.5300,8.1100,0.4200,,0,0.0000,0.0000,,0,0.0000,0,0.0000,0.0000,,0,0.0000,0,0.0000,0.0000,,0,0.0000
prebreak,600771,2025-12-12,S,S,A,C,S,S,A,18.3500,19.3300,18.4100,0.9200,,0,0.0000,0.0000,,0,0.0000,0,0.0000,0.0000,,0,0.0000,0,0.0000,0.0000,,0,0.0000
prebreak,600818,2025-12-12,S,S,A,C,S,S,A,9.7900,10.8000,10.3500,0.4500,,0,0.0000,0.0000,,0,0.0000,0,0.0000,0.0000,,0,0.0000,0,0.0000,0.0000,,0,0.0000
prebreak,603004,2025-12-12,S,S,A,C,S,S,A,22.3809,24.3700,23.1700,1.2000,,0,0.0000,0.0000,,0,0.0000,0,0.0000,0.0000,,0,0.0000,1,24.3700,24.0134,2026-01-13,0,-0.3124
prebreak,603383,2025-12-12,S,S,A,C,S,S,A,36.4432,38.3000,36.4700,1.8300,,0,0.0000,0.0000,,0,0.0000,0,0.0000,0.0000,,0,0.0000,1,38.3000,39.4383,2026-01-13,0,0.6057
prebreak,603867,2025-12-12,S,S,A,C,S,S,A,25.0965,27.9800,26.6000,1.3800,,0,0.0000,0.0000,,0,0.0000,0,0.0000,0.0000,,0,0.0000,0,0.0000,0.0000,,0,0.0000
prebreak,688276,2025-12-12,S,S,A,C,S,S,A,19.8500,21.4900,20.4700,1.0200,,0,0.0000,0.0000,,0,0.0000,0,0.0000,0.0000,,0,0.0000,0,0.0000,0.0000,,0,0.0000
prebreak,000157,2025-12-15,S,S,A,C,S,S,A,8.1450,8.3200,8.0000,0.3200,,0,0.0000,0.0000,,0,0.0000,0,0.0000,0.0000,,0,0.0000,1,8.3200,8.3795,2026-01-14,0,0.1660
prebreak,000415,2025-12-15,S,S,A,C,S,S,A,3.8300,3.6200,3.4400,0.1800,,0,0.0000,0.0000,,0,0.0000,0,0.0000,0.0000,,0,0.0000,0,0.0000,0.0000,,0,0.0000
prebreak,000783,2025-12-15,S,S,A,C,S,S,A,7.7844,7.9500,7.6700,0.2800,,0,0.0000,0.0000,,0,0.0000,0,0.0000,0.0000,,0,0.0000,0,0.0000,0.0000,,0,0.0000
prebreak,000897,2025-12-15,S,S,A,C,S,S,A,2.2900,2.5400,2.4100,0.1300,,0,0.0000,0.0000,,0,0.0000,0,0.0000,0.0000,,0,0.0000,0,0.0000,0.0000,,0,0.0000
prebreak,002119,2025-12-15,S,S,A,C,S,S,A,16.1411,16.6600,16.0700,0.5900,,0,0.0000,0.0000,,0,0.0000,0,0.0000,0.0000,,0,0.0000,0,0.0000,0.0000,,0,0.0000
prebreak,002333,2025-12-15,S,S,A,C,S,S,A,5.5688,5.9400,5.6400,0.3000,,0,0.0000,0.0000,,0,0.0000,0,0.0000,0.0000,,0,0.0000,1,5.9400,5.8582,2026-01-14,0,-0.2876
prebreak,002999,2025-12-15,S,S,A,C,S,S,A,6.5775,7.1400,6.8000,0.3400,,0,0.0000,0.0000,,0,0.0000,0,0.0000,0.0000,,0,0.0000,0,0.0000,0.0000,,0,0.0000
prebreak,300067,2025-12-15,S,S,A,C,S,S,A,4.9700,4.8900,4.6500,0.2400,,0,0.0000,0.0000,,0,0.0000,0,0.0000,0.0000,,0,0.0000,0,0.0000,0.0000,,0,0.0000
prebreak,300161,2025-12-15,S,S,A,C,S,S,A,28.0004,29.0000,27.6200,1.3800,,0,0.0000,0.0000,,0,0.0000,0,0.0000,0.0000,,0,0.0000,1,29.0000,31.5579,2026-01-14,0,1.8364
prebreak,300286,2025-12-15,S,S,A,C,S,S,A,22.5487,23.0100,22.1100,0.9000,,0,0.0000,0.0000,,0,0.0000,0,0.0000,0.0000,,0,0.0000,0,0.0000,0.0000,,0,0.0000
prebreak,300597,2025-12-15,S,S,A,C,S,S,A,9.0200,9.8500,9.3400,0.5100,,0,0.0000,0.0000,,0,0.0000,1,9.8500,9.5400,2025-12-29,0,-0.6221,1,9.8500,9.3400,2025-12-30,1,-1.0140
prebreak,301314,2025-12-15,S,S,A,C,S,S,A,42.2834,46.3600,44.2000,2.1600,,0,0.0000,0.0000,,0,0.0000,0,0.0000,0.0000,,0,0.0000,0,0.0000,0.0000,,0,0.0000
prebreak,600908,2025-12-15,S,S,A,C,S,S,A,5.7672,5.9900,5.7500,0.2400,,0,0.0000,0.0000,,0,0.0000,0,0.0000,0.0000,,0,0.0000,0,0.0000,0.0000,,0,0.0000
prebreak,601968,2025-12-15,S,S,A,C,S,S,A,5.2034,5.1300,4.9400,0.1900,,0,0.0000,0.0000,,0,0.0000,0,0.0000,0.0000,,0,0.0000,0,0.0000,0.0000,,0,0.0000
prebreak,603112,2025-12-15,S,S,A,C,S,S,A,18.0290,18.4800,17.6100,0.8700,,0,0.0000,0.0000,,0,0.0000,0,0.0000,0.0000,,0,0.0000,1,18.4800,19.2177,2026-01-14,0,0.8312
prebreak,603939,2025-12-15,S,S,A,C,S,S,A,21.0432,23.0100,21.9000,1.1100,,0,0.0000,0.0000,,0,0.0000,0,0.0000,0.0000,,0,0.0000,0,0.0000,0.0000,,0,0.0000
prebreak,688601,2025-12-15,S,S,A,C,S,S,A,42.7644,40.9600,39.2200,1.7400,,0,0.0000,0.0000,,0,0.0000,0,0.0000,0.0000,,0,0.0000,0,0.0000,0.0000,,0,0.0000
prebreak,000716,2025-12-17,S,S,A,C,S,S,A,6.5500,6.3300,6.0200,0.3100,,1,6.3300,6.4100,2025-12-24,0,0.2424,1,6.3300,6.2300,2025-12-31,0,-0.3379,1,6.3300,6.3700,2026-01-16,0,0.1134
prebreak,000911,2025-12-17,S,S,A,C,S,S,A,7.3700,8.0300,7.6400,0.3900,,0,0.0000,0.0000,,0,0.0000,0,0.0000,0.0000,,0,0.0000,0,0.0000,0.0000,,0,0.0000
prebreak,000997,2025-12-17,S,S,A,C,S,S,A,25.5405,26.0000,24.8100,1.1900,,0,0.0000,0.0000,,0,0.0000,0,0.0000,0.0000,,0,0.0000,0,0.0000,0.0000,,0,0.0000
prebreak,002023,2025-12-17,S,S,A,C,S,S,A,12.4000,13.7600,13.0600,0.7000,,0,0.0000,0.0000,,0,0.0000,0,0.0000,0.0000,,0,0.0000,0,0.0000,0.0000,,0,0.0000
prebreak,002234,2025-12-17,S,S,A,C,S,S,A,8.4500,9.3200,8.9100,0.4100,,0,0.0000,0.0000,,0,0.0000,0,0.0000,0.0000,,0,0.0000,0,0.0000,0.0000,,0,0.0000
prebreak,300183,2025-12-17,S,S,A,C,S,S,A,14.5243,15.9000,15.1700,0.7300,,0,0.0000,0.0000,,0,0.0000,0,0.0000,0.0000,,0,0.0000,1,15.9000,15.8538,2026-01-16,0,-0.0798
prebreak,300244,2025-12-17,S,S,A,C,S,S,A,14.8633,15.3400,14.6000,0.7400,,1,15.3400,15.2854,2025-12-24,0,-0.0895,1,15.3400,15.5603,2025-12-31,0,0.2818,1,15.3400,24.8081,2026-01-16,0,12.7710
prebreak,600428,2025-12-17,S,S,A,C,S,S,A,6.9724,7.1000,6.7400,0.3600,,0,0.0000,0.0000,,0,0.0000,0,0.0000,0.0000,,0,0.0000,0,0.0000,0.0000,,0,0.0000
prebreak,600713,2025-12-17,S,S,A,C,S,S,A,5.0987,5.1200,4.9300,0.1900,,1,5.1200,5.1664,2025-12-24,0,0.2237,1,5.1200,5.2825,2025-12-31,0,0.8344,1,5.1200,5.3019,2026-01-16,0,0.9361
prebreak,600725,2025-12-17,S,S,A,C,S,S,A,4.0800,3.8500,3.6600,0.1900,,1,3.8500,4.0500,2025-12-24,0,1.0366,1,3.8500,4.1800,2025-12-31,0,1.7203,1,3.8500,4.4800,2026-01-16,0,3.2983
prebreak,600955,2025-12-17,S,S,A,C,S,S,A,14.7624,15.4800,14.6900,0.7900,,0,0.0000,0.0000,,0,0.0000,1,15.4800,16.1479,2025-12-31,0,0.8300,1,15.4800,17.1945,2026-01-16,0,2.1540
prebreak,601339,2025-12-17,S,S,A,C,S,S,A,5.1830,5.2000,4.9400,0.2600,,0,0.0000,0.0000,,0,0.0000,0,0.0000,0.0000,,0,0.0000,0,0.0000,0.0000,,0,0.0000
prebreak,603330,2025-12-17,S,S,A,C,S,S,A,7.3100,7.7700,7.3900,0.3800,,0,0.0000,0.0000,,0,0.0000,0,0.0000,0.0000,,0,0.0000,0,0.0000,0.0000,,0,0.0000
prebreak,000019,2025-12-18,S,S,A,C,S,S,A,6.7558,7.1500,6.8300,0.3200,,0,0.0000,0.0000,,0,0.0000,0,0.0000,0.0000,,0,0.0000,0,0.0000,0.0000,,0,0.0000
prebreak,002344,2025-12-18,S,S,A,C,S,S,A,4.7663,4.6100,4.4100,0.2000,,0,0.0000,0.0000,,0,0.0000,0,0.0000,0.0000,,0,0.0000,0,0.0000,0.0000,,0,0.0000
prebreak,002408,2025-12-18,S,S,A,C,S,S,A,4.6800,4.8100,4.5700,0.2400,,0,0.0000,0.0000,,0,0.0000,0,0.0000,0.0000,,0,0.0000,0,0.0000,0.0000,,0,0.0000
prebreak,002561,2025-12-18,S,S,A,C,S,S,A,9.4400,9.0700,8.6100,0.4600,,1,9.0700,9.3000,2025-12-25,0,0.4847,1,9.0700,8.7900,2026-01-05,0,-0.6233,1,9.0700,9.3100,2026-01-19,0,0.5064
prebreak,002601,2025-12-18,S,S,A,C,S,S,A,18.1200,18.1900,17.3700,0.8200,,0,0.0000,0.0000,,0,0.0000,0,0.0000,0.0000,,0,0.0000,0,0.0000,0.0000,,0,0.0000
prebreak,300025,2025-12-18,S,S,A,C,S,S,A,5.8000,6.5200,6.2000,0.3200,,0,0.0000,0.0000,,0,0.0000,0,0.0000,0.0000,,0,0.0000,0,0.0000,0.0000,,0,0.0000
prebreak,300504,2025-12-18,S,S,A,C,S,S,A,14.9100,14.7600,14.0000,0.7600,,0,0.0000,0.0000,,0,0.0000,0,0.0000,0.0000,,0,0.0000,0,0.0000,0.0000,,0,0.0000
prebreak,600075,2025-12-18,S,S,A,C,S,S,A,4.7000,4.7500,4.5400,0.2100,,0,0.0000,0.0000,,0,0.0000,0,0.0000,0.0000,,0,0.0000,0,0.0000,0.0000,,0,0.0000
prebreak,600372,2025-12-18,S,S,A,C,S,S,A,12.8451,12.9500,12.3600,0.5900,,1,12.9500,13.2832,2025-12-25,0,0.5478,1,12.9500,13.4625,2026-01-05,0,0.8514,1,12.9500,15.7427,2026-01-19,0,4.7138
prebreak,600613,2025-12-18,S,S,A,C,S,S,A,6.1410,6.9500,6.5900,0.3600,,0,0.0000,0.0000,,0,0.0000,0,0.0000,0.0000,,0,0.0000,0,0.0000,0.0000,,0,0.0000
prebreak,603682,2025-12-18,S,S,A,C,S,S,A,6.2437,5.9700,5.6900,0.2800,,1,5.9700,6.3209,2025-12-25,0,1.2362,1,5.9700,6.4464,2026-01-05,0,1.6840,1,5.9700,6.8034,2026-01-19,0,2.9584
prebreak,603777,2025-12-18,S,S,A,C,S,S,A,14.8400,13.9000,13.2000,0.7000,,1,13.9000,14.2100,2025-12-25,0,0.4275,1,13.9000,13.7200,2026-01-05,0,-0.2721,1,13.9000,13.2000,2026-01-19,1,-1.0145
prebreak,603886,2025-12-18,S,S,A,C,S,S,A,12.8017,12.2900,11.7800,0.5100,,1,12.2900,13.1716,2025-12-25,0,1.7091,1,12.2900,12.7733,2026-01-05,0,0.9287,1,12.2900,13.3043,2026-01-19,0,1.9693
prebreak,000090,2025-12-19,S,S,A,C,S,S,A,3.7085,3.7300,3.5600,0.1700,,0,0.0000,0.0000,,0,0.0000,0,0.0000,0.0000,,0,0.0000,0,0.0000,0.0000,,0,0.0000
prebreak,000419,2025-12-19,S,S,A,C,S,S,A,7.0500,6.4900,6.1700,0.3200,,1,6.4900,6.7700,2025-12-26,0,0.8590,1,6.4900,6.4900,2026-01-06,0,-0.0154,1,6.4900,6.5900,2026-01-20,0,0.2969
prebreak,000822,2025-12-19,S,S,A,C,S,S,A,5.3400,5.2400,4.9800,0.2600,,0,0.0000,0.0000,,0,0.0000,0,0.0000,0.0000,,0,0.0000,0,0.0000,0.0000,,0,0.0000
prebreak,000928,2025-12-19,S,S,A,C,S,S,A,6.2899,6.4000,6.1000,0.3000,,0,0.0000,0.0000,,0,0.0000,0,0.0000,0.0000,,0,0.0000,0,0.0000,0.0000,,0,0.0000
prebreak,002271,2025-12-19,S,S,A,C,S,S,A,13.5500,13.3600,12.7100,0.6500,,0,0.0000,0.0000,,0,0.0000,0,0.0000,0.0000,,0,0.0000,0,0.0000,0.0000,,0,0.0000
prebreak,300177,2025-12-19,S,S,A,C,S,S,A,9.9000,9.7700,9.2900,0.4800,,0,0.0000,0.0000,,0,0.0000,0,0.0000,0.0000,,0,0.0000,0,0.0000,0.0000,,0,0.0000
prebreak,300320,2025-12-19,S,S,A,C,S,S,A,9.2890,9.8900,9.3800,0.5100,,0,0.0000,0.0000,,0,0.0000,0,0.0000,0.0000,,0,0.0000,1,9.8900,9.9967,2026-01-20,0,0.1943
prebreak,301278,2025-12-19,S,S,A,C,S,S,A,37.3394,35.3900,33.6900,1.7000,,1,35.3900,33.6900,2025-12-24,1,-1.0152,1,35.3900,33.6900,2025-12-24,1,-1.0152,1,35.3900,33.6900,2025-12-24,1,-1.0152
prebreak,301335,2025-12-19,S,S,A,C,S,S,A,30.9453,29.0700,27.7900,1.2800,,1,29.0700,29.0940,2025-12-26,0,0.0015,1,29.0700,29.1238,2026-01-06,0,0.0248,1,29.0700,30.5173,2026-01-20,0,1.1128
prebreak,601021,2025-12-19,S,S,A,C,S,S,A,55.1609,53.4500,51.3200,2.1300,,0,0.0000,0.0000,,0,0.0000,0,0.0000,0.0000,,0,0.0000,0,0.0000,0.0000,,0,0.0000
prebreak,603383,2025-12-19,S,S,A,C,S,S,A,35.6477,36.6900,34.9200,1.7700,,0,0.0000,0.0000,,0,0.0000,1,36.6900,37.7885,2026-01-06,0,0.6045,1,36.6900,37.5823,2026-01-20,0,0.4881
prebreak,603867,2025-12-19,S,S,A,C,S,S,A,24.6015,27.9800,26.6000,1.3800,,0,0.0000,0.0000,,0,0.0000,0,0.0000,0.0000,,0,0.0000,1,27.9800,28.4724,2026-01-20,0,0.3412
prebreak,000682,2025-12-22,S,S,A,C,S,S,A,11.6210,12.0100,11.5000,0.5100,,0,0.0000,0.0000,,0,0.0000,1,12.0100,12.1588,2026-01-07,0,0.2737,1,12.0100,13.9711,2026-01-21,0,3.8251
prebreak,000786,2025-12-22,S,S,A,C,S,S,A,24.1381,24.7000,23.6600,1.0400,,0,0.0000,0.0000,,0,0.0000,1,24.7000,24.5347,2026-01-07,0,-0.1768,1,24.7000,25.8021,2026-01-21,0,1.0410
prebreak,000801,2025-12-22,S,S,A,C,S,S,A,17.3388,16.6500,16.0500,0.6000,,0,0.0000,0.0000,,0,0.0000,0,0.0000,0.0000,,0,0.0000,0,0.0000,0.0000,,0,0.0000
prebreak,001965,2025-12-22,S,S,A,C,S,S,A,9.5452,9.8300,9.4200,0.4100,,0,0.0000,0.0000,,0,0.0000,0,0.0000,0.0000,,0,0.0000,0,0.0000,0.0000,,0,0.0000
prebreak,002410,2025-12-22,S,S,A,C,S,S,A,12.0507,12.2200,11.7300,0.4900,,0,0.0000,0.0000,,0,0.0000,0,0.0000,0.0000,,0,0.0000,0,0.0000,0.0000,,0,0.0000
prebreak,002666,2025-12-22,S,S,A,C,S,S,A,6.0300,5.3200,5.1000,0.2200,,1,5.3200,5.6300,2025-12-29,0,1.3898,1,5.3200,5.4300,2026-01-07,0,0.4813,1,5.3200,5.7200,2026-01-21,0,1.7987
prebreak,002745,2025-12-22,S,S,A,C,S,S,A,9.5100,9.5500,9.1400,0.4100,,1,9.5500,9.5200,2025-12-29,0,-0.0908,1,9.5500,9.3700,2026-01-07,0,-0.4565,1,9.5500,10.5000,2026-01-21,0,2.2979
prebreak,002822,2025-12-22,S,S,A,C,S,S,A,3.8600,4.0400,3.8300,0.2100,,0,0.0000,0.0000,,0,0.0000,0,0.0000,0.0000,,0,0.0000,0,0.0000,0.0000,,0,0.0000
prebreak,003039,2025-12-22,S,S,A,C,S,S,A,14.3623,14.4900,13.8900,0.6000,,0,0.0000,0.0000,,0,0.0000,0,0.0000,0.0000,,0,0.0000,0,0.0000,0.0000,,0,0.0000
prebreak,300052,2025-12-22,S,S,A,C,S,S,A,11.7700,12.5200,11.9600,0.5600,,0,0.0000,0.0000,,0,0.0000,0,0.0000,0.0000,,0,0.0000,0,0.0000,0.0000,,0,0.0000
prebreak,300067,2025-12-22,S,S,A,C,S,S,A,5.1200,5.0100,4.7700,0.2400,,0,0.0000,0.0000,,0,0.0000,0,0.0000,0.0000,,0,0.0000,0,0.0000,0.0000,,0,0.0000
prebreak,300161,2025-12-22,S,S,A,C,S,S,A,28.1303,28.3200,27.3400,0.9800,,0,0.0000,0.0000,,0,0.0000,0,0.0000,0.0000,,0,0.0000,0,0.0000,0.0000,,0,0.0000
prebreak,300174,2025-12-22,S,S,A,C,S,S,A,15.2870,15.4900,14.8400,0.6500,,0,0.0000,0.0000,,0,0.0000,0,0.0000,0.0000,,0,0.0000,0,0.0000,0.0000,,0,0.0000
prebreak,300185,2025-12-22,S,S,A,C,S,S,A,2.8579,2.9200,2.7900,0.1300,,0,0.0000,0.0000,,0,0.0000,0,0.0000,0.0000,,0,0.0000,1,2.9200,2.9679,2026-01-21,0,0.3509
prebreak,300594,2025-12-22,S,S,A,C,S,S,A,18.4500,18.5200,17.5400,0.9800,,1,18.5200,20.1500,2025-12-29,0,1.6479,1,18.5200,19.8200,2026-01-07,0,1.3113,1,18.5200,24.4700,2026-01-21,0,6.0532
prebreak,300597,2025-12-22,S,S,A,C,S,S,A,9.0800,9.8500,9.3400,0.5100,,1,9.8500,9.5400,2025-12-29,0,-0.6221,1,9.8500,9.3400,2025-12-30,1,-1.0140,1,9.8500,9.3400,2025-12-30,1,-1.0140
prebreak,301339,2025-12-22,S,S,A,C,S,S,A,14.3822,14.4000,13.6500,0.7500,,0,0.0000,0.0000,,0,0.0000,0,0.0000,0.0000,,0,0.0000,0,0.0000,0.0000,,0,0.0000
prebreak,600186,2025-12-22,S,S,A,C,S,S,A,5.9100,5.5200,5.2600,0.2600,,0,0.0000,0.0000,,0,0.0000,0,0.0000,0.0000,,0,0.0000,0,0.0000,0.0000,,0,0.0000
prebreak,600258,2025-12-22,S,S,A,C,S,S,A,16.2983,15.2800,14.5000,0.7800,,0,0.0000,0.0000,,0,0.0000,0,0.0000,0.0000,,0,0.0000,0,0.0000,0.0000,,0,0.0000
prebreak,600736,2025-12-22,S,S,A,C,S,S,A,5.8046,5.8900,5.5900,0.3000,,0,0.0000,0.0000,,0,0.0000,0,0.0000,0.0000,,0,0.0000,0,0.0000,0.0000,,0,0.0000
prebreak,603112,2025-12-22,S,S,A,C,S,S,A,17.1473,17.6600,16.9100,0.7500,,0,0.0000,0.0000,,0,0.0000,0,0.0000,0.0000,,0,0.0000,0,0.0000,0.0000,,0,0.0000
prebreak,603113,2025-12-22,S,S,A,C,S,S,A,6.1687,6.1800,5.8700,0.3100,,0,0.0000,0.0000,,0,0.0000,0,0.0000,0.0000,,0,0.0000,0,0.0000,0.0000,,0,0.0000
prebreak,603318,2025-12-22,S,S,A,C,S,S,A,6.6800,6.8900,6.6100,0.2800,,0,0.0000,0.0000,,0,0.0000,0,0.0000,0.0000,,0,0.0000,0,0.0000,0.0000,,0,0.0000
prebreak,603885,2025-12-22,S,S,A,C,S,S,A,13.6514,13.5900,12.9900,0.6000,,0,0.0000,0.0000,,0,0.0000,0,0.0000,0.0000,,0,0.0000,0,0.0000,0.0000,,0,0.0000
prebreak,603939,2025-12-22,S,S,A,C,S,S,A,21.6014,23.0100,21.9000,1.1100,,0,0.0000,0.0000,,0,0.0000,0,0.0000,0.0000,,0,0.0000,0,0.0000,0.0000,,0,0.0000
prebreak,000997,2025-12-24,S,S,A,C,S,S,A,25.6687,26.1700,25.2400,0.9300,,1,26.1700,27.9269,2025-12-31,0,1.8665,1,26.1700,27.6606,2026-01-09,0,1.5804,1,26.1700,28.2523,2026-01-23,0,2.2162
prebreak,002116,2025-12-24,S,S,A,C,S,S,A,8.5212,8.6100,8.2200,0.3900,,0,0.0000,0.0000,,0,0.0000,0,0.0000,0.0000,,0,0.0000,0,0.0000,0.0000,,0,0.0000
prebreak,002382,2025-12-24,S,S,A,C,S,S,A,5.4400,5.6900,5.4200,0.2700,,0,0.0000,0.0000,,0,0.0000,0,0.0000,0.0000,,0,0.0000,0,0.0000,0.0000,,0,0.0000
prebreak,002860,2025-12-24,S,S,A,C,S,S,A,13.5826,13.6100,13.0800,0.5300,,0,0.0000,0.0000,,0,0.0000,0,0.0000,0.0000,,0,0.0000,0,0.0000,0.0000,,0,0.0000
prebreak,300244,2025-12-24,S,S,A,C,S,S,A,15.2854,15.3400,14.6000,0.7400,,0,0.0000,0.0000,,0,0.0000,0,0.0000,0.0000,,0,0.0000,0,0.0000,0.0000,,0,0.0000
prebreak,300928,2025-12-24,S,S,A,C,S,S,A,30.7000,31.7200,30.0300,1.6900,,0,0.0000,0.0000,,0,0.0000,0,0.0000,0.0000,,0,0.0000,0,0.0000,0.0000,,0,0.0000
prebreak,600428,2025-12-24,S,S,A,C,S,S,A,7.0307,7.2100,6.9000,0.3100,,0,0.0000,0.0000,,0,0.0000,0,0.0000,0.0000,,0,0.0000,1,7.2100,7.3608,2026-01-23,0,0.4686
prebreak,600713,2025-12-24,S,S,A,C,S,S,A,5.1664,5.3300,5.0600,0.2700,,1,5.3300,5.2825,2025-12-31,0,-0.1907,1,5.3300,5.3406,2026-01-09,0,0.0241,1,5.3300,5.4857,2026-01-23,0,0.5613
prebreak,601019,2025-12-24,S,S,A,C,S,S,A,8.3372,8.6700,8.2700,0.4000,,0,0.0000,0.0000,,0,0.0000,0,0.0000,0.0000,,0,0.0000,1,8.6700,9.0135,2026-01-23,0,0.8417
prebreak,601339,2025-12-24,S,S,A,C,S,S,A,5.4919,5.2000,4.9400,0.2600,,0,0.0000,0.0000,,0,0.0000,0,0.0000,0.0000,,0,0.0000,0,0.0000,0.0000,,0,0.0000
prebreak,601377,2025-12-24,S,S,A,C,S,S,A,7.3182,7.3700,6.9800,0.3900,,0,0.0000,0.0000,,0,0.0000,0,0.0000,0.0000,,0,0.0000,0,0.0000,0.0000,,0,0.0000
prebreak,603058,2025-12-24,S,S,A,C,S,S,A,9.7000,9.2300,8.8000,0.4300,,0,0.0000,0.0000,,0,0.0000,0,0.0000,0.0000,,0,0.0000,0,0.0000,0.0000,,0,0.0000
prebreak,603172,2025-12-24,S,S,A,C,S,S,A,18.2029,18.8400,17.9300,0.9100,,0,0.0000,0.0000,,0,0.0000,0,0.0000,0.0000,,0,0.0000,0,0.0000,0.0000,,0,0.0000
prebreak,001373,2025-12-25,S,S,A,C,S,S,A,31.1400,33.2800,31.6600,1.6200,,1,33.2800,33.8100,2026-01-05,0,0.3113,1,33.2800,37.9500,2026-01-12,0,2.8653,1,33.2800,42.9100,2026-01-26,0,5.9251
prebreak,002344,2025-12-25,S,S,A,C,S,S,A,4.8553,4.6100,4.4100,0.2000,,0,0.0000,0.0000,,0,0.0000,0,0.0000,0.0000,,0,0.0000,0,0.0000,0.0000,,0,0.0000
prebreak,002559,2025-12-25,S,S,A,C,S,S,A,10.0417,10.1000,9.6000,0.5000,,0,0.0000,0.0000,,0,0.0000,0,0.0000,0.0000,,0,0.0000,0,0.0000,0.0000,,0,0.0000
prebreak,002561,2025-12-25,S,S,A,C,S,S,A,9.3000,9.0700,8.6100,0.4600,,0,0.0000,0.0000,,0,0.0000,0,0.0000,0.0000,,0,0.0000,0,0.0000,0.0000,,0,0.0000
prebreak,002601,2025-12-25,S,S,A,C,S,S,A,19.0600,18.1900,17.3700,0.8200,,1,18.1900,19.6800,2026-01-05,0,1.7991,1,18.1900,19.9700,2026-01-12,0,2.1525,1,18.1900,21.9900,2026-01-26,0,4.6144
prebreak,002635,2025-12-25,S,S,A,C,S,S,A,13.7941,14.2000,13.5200,0.6800,,0,0.0000,0.0000,,0,0.0000,1,14.2000,14.3490,2026-01-12,0,0.2031,1,14.2000,14.4679,2026-01-26,0,0.3779
prebreak,002995,2025-12-25,S,S,A,C,S,S,A,16.4100,16.8300,16.0400,0.7900,,1,16.8300,17.3800,2026-01-05,0,0.6796,1,16.8300,19.8300,2026-01-12,0,3.7789,1,16.8300,25.1000,2026-01-26,0,10.4456
prebreak,300201,2025-12-25,S,S,A,C,S,S,A,6.4395,5.8500,5.5800,0.2700,,1,5.8500,6.8289,2026-01-05,0,3.6067,1,5.8500,7.6475,2026-01-12,0,6.6369,1,5.8500,7.9770,2026-01-26,0,7.8564
prebreak,300241,2025-12-25,S,S,A,C,S,S,A,5.7042,5.8100,5.5300,0.2800,,0,0.0000,0.0000,,0,0.0000,0,0.0000,0.0000,,0,0.0000,0,0.0000,0.0000,,0,0.0000
prebreak,300449,2025-12-25,S,S,A,C,S,S,A,7.3000,7.2500,6.9300,0.3200,,1,7.2500,7.5100,2026-01-05,0,0.7948,1,7.2500,7.9200,2026-01-12,0,2.0752,1,7.2500,7.6200,2026-01-26,0,1.1383
prebreak,300479,2025-12-25,S,S,A,C,S,S,A,18.8700,19.2100,18.1800,1.0300,,1,19.2100,19.2600,2026-01-05,0,0.0343,1,19.2100,20.3300,2026-01-12,0,1.0725,1,19.2100,20.7100,2026-01-26,0,1.4412
prebreak,300504,2025-12-25,S,S,A,C,S,S,A,15.1500,14.7600,14.0000,0.7600,,0,0.0000,0.0000,,0,0.0000,0,0.0000,0.0000,,0,0.0000,0,0.0000,0.0000,,0,0.0000
prebreak,301587,2025-12-25,S,S,A,C,S,S,A,23.5900,23.7700,22.6600,1.1100,,1,23.7700,23.4000,2026-01-05,0,-0.3494,1,23.7700,24.9200,2026-01-12,0,1.0191,1,23.7700,24.7500,2026-01-26,0,0.8661
prebreak,600372,2025-12-25,S,S,A,C,S,S,A,13.2832,12.9500,12.3600,0.5900,,0,0.0000,0.0000,,0,0.0000,0,0.0000,0.0000,,0,0.0000,0,0.0000,0.0000,,0,0.0000
prebreak,600785,2025-12-25,S,S,A,C,S,S,A,9.9898,9.8100,9.3200,0.4900,,0,0.0000,0.0000,,0,0.0000,0,0.0000,0.0000,,0,0.0000,0,0.0000,0.0000,,0,0.0000
prebreak,600981,2025-12-25,S,S,A,C,S,S,A,3.2952,3.3500,3.2200,0.1300,,0,0.0000,0.0000,,0,0.0000,0,0.0000,0.0000,,0,0.0000,0,0.0000,0.0000,,0,0.0000
prebreak,601058,2025-12-25,S,S,A,C,S,S,A,15.9836,15.8900,15.2200,0.6700,,0,0.0000,0.0000,,0,0.0000,0,0.0000,0.0000,,0,0.0000,0,0.0000,0.0000,,0,0.0000
prebreak,603682,2025-12-25,S,S,A,C,S,S,A,6.3209,5.9700,5.6900,0.2800,,0,0.0000,0.0000,,0,0.0000,0,0.0000,0.0000,,0,0.0000,0,0.0000,0.0000,,0,0.0000
prebreak,603777,2025-12-25,S,S,A,C,S,S,A,14.2100,13.9000,13.2000,0.7000,,1,13.9000,13.7200,2026-01-05,0,-0.2721,1,13.9000,14.0900,2026-01-12,0,0.2562,1,13.9000,13.2000,2026-01-19,1,-1.0145
prebreak,603886,2025-12-25,S,S,A,C,S,S,A,13.1716,12.2900,11.7800,0.5100,,0,0.0000,0.0000,,0,0.0000,0,0.0000,0.0000,,0,0.0000,0,0.0000,0.0000,,0,0.0000
prebreak,002271,2025-12-26,S,S,A,C,S,S,A,13.9500,14.0100,13.2600,0.7500,,0,0.0000,0.0000,,0,0.0000,0,0.0000,0.0000,,0,0.0000,0,0.0000,0.0000,,0,0.0000
prebreak,002563,2025-12-26,S,S,A,C,S,S,A,5.3838,5.5700,5.3200,0.2500,,0,0.0000,0.0000,,0,0.0000,0,0.0000,0.0000,,0,0.0000,0,0.0000,0.0000,,0,0.0000
prebreak,002566,2025-12-26,S,S,A,C,S,S,A,7.6231,7.8700,7.5400,0.3300,,0,0.0000,0.0000,,0,0.0000,0,0.0000,0.0000,,0,0.0000,0,0.0000,0.0000,,0,0.0000
prebreak,002758,2025-12-26,S,S,A,C,S,S,A,9.7921,9.6800,9.2800,0.4000,,1,9.6800,9.6007,2026-01-06,0,-0.2165,1,9.6800,9.6677,2026-01-13,0,-0.0491,1,9.6800,10.0984,2026-01-27,0,1.0271
prebreak,300076,2025-12-26,S,S,A,C,S,S,A,7.8700,7.2300,6.8600,0.3700,,0,0.0000,0.0000,,0,0.0000,0,0.0000,0.0000,,0,0.0000,0,0.0000,0.0000,,0,0.0000
prebreak,300177,2025-12-26,S,S,A,C,S,S,A,10.3100,9.7700,9.2900,0.4800,,0,0.0000,0.0000,,0,0.0000,0,0.0000,0.0000,,0,0.0000,0,0.0000,0.0000,,0,0.0000
prebreak,300292,2025-12-26,S,S,A,C,S,S,A,4.5000,4.6500,4.4500,0.2000,,0,0.0000,0.0000,,0,0.0000,1,4.6500,4.8100,2026-01-13,0,0.7818,1,4.6500,4.6400,2026-01-27,0,-0.0676
prebreak,300320,2025-12-26,S,S,A,C,S,S,A,9.3389,9.5500,9.1600,0.3900,,0,0.0000,0.0000,,0,0.0000,0,0.0000,0.0000,,0,0.0000,0,0.0000,0.0000,,0,0.0000
prebreak,300817,2025-12-26,S,S,A,C,S,S,A,20.0854,19.4900,18.6000,0.8900,,1,19.4900,20.8006,2026-01-06,0,1.4550,1,19.4900,22.8370,2026-01-13,0,3.7416,1,19.4900,21.0490,2026-01-27,0,1.7339
prebreak,300838,2025-12-26,S,S,A,C,S,S,A,15.6900,15.3000,14.6400,0.6600,,0,0.0000,0.0000,,0,0.0000,0,0.0000,0.0000,,0,0.0000,0,0.0000,0.0000,,0,0.0000
prebreak,301335,2025-12-26,S,S,A,C,S,S,A,29.0940,29.0700,27.7900,1.2800,,0,0.0000,0.0000,,0,0.0000,0,0.0000,0.0000,,0,0.0000,0,0.0000,0.0000,,0,0.0000
prebreak,600058,2025-12-26,S,S,A,C,S,S,A,10.4378,8.7600,8.3400,0.4200,,1,8.7600,15.2230,2026-01-20,0,15.3626,1,8.7600,14.8841,2026-01-27,0,14.5561,1,8.7600,12.7806,2026-02-10,0,9.5509
prebreak,600158,2025-12-26,S,S,A,C,S,S,A,8.8000,8.7800,8.3600,0.4200,,0,0.0000,0.0000,,0,0.0000,0,0.0000,0.0000,,0,0.0000,0,0.0000,0.0000,,0,0.0000
prebreak,600433,2025-12-26,S,S,A,C,S,S,A,3.3100,3.2300,3.0600,0.1700,,0,0.0000,0.0000,,0,0.0000,0,0.0000,0.0000,,0,0.0000,0,0.0000,0.0000,,0,0.0000
prebreak,601021,2025-12-26,S,S,A,C,S,S,A,55.8134,56.3200,54.2700,2.0500,,0,0.0000,0.0000,,0,0.0000,0,0.0000,0.0000,,0,0.0000,0,0.0000,0.0000,,0,0.0000
prebreak,603198,2025-12-26,S,S,A,C,S,S,A,38.1295,39.0800,37.6100,1.4700,,0,0.0000,0.0000,,0,0.0000,0,0.0000,0.0000,,0,0.0000,0,0.0000,0.0000,,0,0.0000
prebreak,603638,2025-12-26,S,S,A,C,S,S,A,18.9183,19.2000,18.2100,0.9900,,0,0.0000,0.0000,,0,0.0000,0,0.0000,0.0000,,0,0.0000,0,0.0000,0.0000,,0,0.0000
prebreak,603866,2025-12-26,S,S,A,C,S,S,A,5.1006,5.2800,5.0700,0.2100,,0,0.0000,0.0000,,0,0.0000,0,0.0000,0.0000,,0,0.0000,0,0.0000,0.0000,,0,0.0000
prebreak,000529,2025-12-29,S,S,A,C,S,S,A,5.9946,6.1700,5.9200,0.2500,,0,0.0000,0.0000,,0,0.0000,0,0.0000,0.0000,,0,0.0000,0,0.0000,0.0000,,0,0.0000
prebreak,000801,2025-12-29,S,S,A,C,S,S,A,17.0793,16.6500,16.0500,0.6000,,0,0.0000,0.0000,,0,0.0000,0,0.0000,0.0000,,0,0.0000,0,0.0000,0.0000,,0,0.0000
prebreak,000919,2025-12-29,S,S,A,C,S,S,A,7.4776,7.3800,7.0300,0.3500,,0,0.0000,0.0000,,0,0.0000,0,0.0000,0.0000,,0,0.0000,0,0.0000,0.0000,,0,0.0000
prebreak,001319,2025-12-29,S,S,A,C,S,S,A,26.4713,26.0100,24.8400,1.1700,,1,26.0100,26.5796,2026-01-07,0,0.4697,1,26.0100,26.5895,2026-01-14,0,0.4781,1,26.0100,29.1697,2026-01-28,0,2.6820
prebreak,002666,2025-12-29,S,S,A,C,S,S,A,5.6300,5.3200,5.1000,0.2200,,0,0.0000,0.0000,,0,0.0000,0,0.0000,0.0000,,0,0.0000,0,0.0000,0.0000,,0,0.0000
prebreak,002698,2025-12-29,S,S,A,C,S,S,A,15.8824,16.6800,16.0800,0.6000,,1,16.6800,16.0800,2026-01-06,1,-1.0205,1,16.6800,16.0800,2026-01-06,1,-1.0205,1,16.6800,16.0800,2026-01-06,1,-1.0205
prebreak,002745,2025-12-29,S,S,A,C,S,S,A,9.5200,9.5500,9.1400,0.4100,,0,0.0000,0.0000,,0,0.0000,0,0.0000,0.0000,,0,0.0000,0,0.0000,0.0000,,0,0.0000
prebreak,003039,2025-12-29,S,S,A,C,S,S,A,14.3918,14.4900,13.8900,0.6000,,1,14.4900,16.3538,2026-01-07,0,3.0861,1,14.4900,17.0602,2026-01-14,0,4.2626,1,14.4900,15.9712,2026-01-28,0,2.4488
prebreak,300052,2025-12-29,S,S,A,C,S,S,A,12.1700,12.5200,11.9600,0.5600,,0,0.0000,0.0000,,0,0.0000,0,0.0000,0.0000,,0,0.0000,0,0.0000,0.0000,,0,0.0000
prebreak,300067,2025-12-29,S,S,A,C,S,S,A,4.8700,5.1900,4.9700,0.2200,,0,0.0000,0.0000,,0,0.0000,1,5.1900,5.4500,2026-01-14,0,1.1631,1,5.1900,5.4800,2026-01-28,0,1.2994
prebreak,300161,2025-12-29,S,S,A,C,S,S,A,28.7699,28.9800,27.8700,1.1100,,1,28.9800,30.1489,2026-01-07,0,1.0326,1,28.9800,31.5579,2026-01-14,0,2.3011,1,28.9800,32.4873,2026-01-28,0,3.1379
prebreak,300174,2025-12-29,S,S,A,C,S,S,A,15.6732,15.9300,15.1700,0.7600,,0,0.0000,0.0000,,0,0.0000,1,15.9300,16.1484,2026-01-14,0,0.2713,1,15.9300,16.6122,2026-01-28,0,0.8811
prebreak,300597,2025-12-29,S,S,A,C,S,S,A,9.5400,9.2200,8.8900,0.3300,,1,9.2200,9.1400,2026-01-07,0,-0.2635,1,9.2200,11.1600,2026-01-14,0,5.8539,1,9.2200,9.8200,2026-01-28,0,1.7958
prebreak,600108,2025-12-29,S,S,A,C,S,S,A,3.2467,3.3600,3.2200,0.1400,,0,0.0000,0.0000,,0,0.0000,1,3.3600,3.4265,2026-01-14,0,0.4566,1,3.3600,3.8361,2026-01-28,0,3.3804
prebreak,600235,2025-12-29,S,S,A,C,S,S,A,6.8450,6.8700,6.6100,0.2600,,0,0.0000,0.0000,,0,0.0000,0,0.0000,0.0000,,0,0.0000,0,0.0000,0.0000,,0,0.0000
prebreak,600278,2025-12-29,S,S,A,C,S,S,A,7.6600,7.9000,7.4900,0.4100,,0,0.0000,0.0000,,0,0.0000,1,7.9000,8.3800,2026-01-14,0,1.1554,1,7.9000,8.7300,2026-01-28,0,2.0085
prebreak,600736,2025-12-29,S,S,A,C,S,S,A,7.2508,5.8900,5.5900,0.3000,,1,5.8900,6.9616,2026-01-07,0,3.5548,1,5.8900,7.0214,2026-01-14,0,3.7541,1,5.8900,7.3007,2026-01-28,0,4.6844
prebreak,603466,2025-12-29,S,S,A,C,S,S,A,9.1340,9.2400,8.8900,0.3500,,0,0.0000,0.0000,,0,0.0000,0,0.0000,0.0000,,0,0.0000,0,0.0000,0.0000,,0,0.0000
prebreak,000100,2025-12-30,S,S,A,C,S,S,A,4.4525,4.5100,4.3000,0.2100,,0,0.0000,0.0000,,0,0.0000,0,0.0000,0.0000,,0,0.0000,0,0.0000,0.0000,,0,0.0000
prebreak,000301,2025-12-30,S,S,A,C,S,S,A,11.3700,10.6200,10.0600,0.5600,,0,0.0000,0.0000,,0,0.0000,0,0.0000,0.0000,,0,0.0000,0,0.0000,0.0000,,0,0.0000
prebreak,000785,2025-12-30,S,S,A,C,S,S,A,2.9400,3.1700,3.0000,0.1700,,0,0.0000,0.0000,,0,0.0000,1,3.1700,3.3400,2026-01-15,0,0.9852,1,3.1700,3.2100,2026-01-29,0,0.2210
prebreak,002446,2025-12-30,S,S,A,C,S,S,A,10.3500,9.1800,8.7900,0.3900,,0,0.0000,0.0000,,0,0.0000,0,0.0000,0.0000,,0,0.0000,0,0.0000,0.0000,,0,0.0000
prebreak,002978,2025-12-30,S,S,A,C,S,S,A,32.2770,32.6400,31.0700,1.5700,,0,0.0000,0.0000,,0,0.0000,0,0.0000,0.0000,,0,0.0000,0,0.0000,0.0000,,0,0.0000
prebreak,300075,2025-12-30,S,S,A,C,S,S,A,15.2800,15.2700,14.4600,0.8100,,1,15.2700,15.5000,2026-01-08,0,0.2694,1,15.2700,17.1900,2026-01-15,0,2.3545,1,15.2700,15.3500,2026-01-29,0,0.0844
prebreak,300098,2025-12-30,S,S,A,C,S,S,A,6.1100,6.2900,5.9700,0.3200,,1,6.2900,6.3600,2026-01-08,0,0.2037,1,6.2900,7.1500,2026-01-15,0,2.6709,1,6.2900,6.5200,2026-01-29,0,0.7034
prebreak,300210,2025-12-30,S,S,A,C,S,S,A,9.0300,9.5500,9.0600,0.4900,,0,0.0000,0.0000,,0,0.0000,1,9.5500,11.0000,2026-01-15,0,2.9425,1,9.5500,10.0000,2026-01-29,0,0.9030
prebreak,300303,2025-12-30,S,S,A,C,S,S,A,6.7841,6.9900,6.7000,0.2900,,0,0.0000,0.0000,,0,0.0000,0,0.0000,0.0000,,0,0.0000,0,0.0000,0.0000,,0,0.0000
prebreak,300673,2025-12-30,S,S,A,C,S,S,A,17.5953,18.0100,17.2200,0.7900,,0,0.0000,0.0000,,0,0.0000,0,0.0000,0.0000,,0,0.0000,0,0.0000,0.0000,,0,0.0000
prebreak,600755,2025-12-30,S,S,A,C,S,S,A,7.1267,6.2700,5.9700,0.3000,,0,0.0000,0.0000,,0,0.0000,0,0.0000,0.0000,,0,0.0000,0,0.0000,0.0000,,0,0.0000
prebreak,603043,2025-12-30,S,S,A,C,S,S,A,16.9237,17.6800,16.7700,0.9100,,0,0.0000,0.0000,,0,0.0000,0,0.0000,0.0000,,0,0.0000,0,0.0000,0.0000,,0,0.0000
prebreak,603206,2025-12-30,S,S,A,C,S,S,A,16.8378,17.4500,16.5900,0.8600,,0,0.0000,0.0000,,0,0.0000,0,0.0000,0.0000,,0,0.0000,0,0.0000,0.0000,,0,0.0000
prebreak,688001,2025-12-30,S,S,A,C,S,S,A,30.4257,28.3900,26.9800,1.4100,,0,0.0000,0.0000,,0,0.0000,0,0.0000,0.0000,,0,0.0000,0,0.0000,0.0000,,0,0.0000
prebreak,000697,2025-12-31,S,S,A,C,S,S,A,8.6500,9.0900,8.6500,0.4400,,1,9.0900,8.9900,2026-01-09,0,-0.2428,1,9.0900,8.6500,2026-01-13,1,-1.0151,1,9.0900,8.6500,2026-01-13,1,-1.0151
prebreak,000997,2025-12-31,S,S,A,C,S,S,A,27.9269,26.1700,25.2400,0.9300,,1,26.1700,27.6606,2026-01-09,0,1.5804,1,26.1700,28.6763,2026-01-16,0,2.6719,1,26.1700,26.9408,2026-01-30,0,0.8069
prebreak,002191,2025-12-31,S,S,A,C,S,S,A,4.1900,4.2200,4.0000,0.2200,,0,0.0000,0.0000,,0,0.0000,0,0.0000,0.0000,,0,0.0000,0,0.0000,0.0000,,0,0.0000
prebreak,002419,2025-12-31,S,S,A,C,S,S,A,5.4550,5.4700,5.2600,0.2100,,0,0.0000,0.0000,,0,0.0000,0,0.0000,0.0000,,0,0.0000,0,0.0000,0.0000,,0,0.0000
prebreak,002655,2025-12-31,S,S,A,C,S,S,A,12.9109,13.1700,12.5600,0.6100,,0,0.0000,0.0000,,0,0.0000,0,0.0000,0.0000,,0,0.0000,0,0.0000,0.0000,,0,0.0000
prebreak,002675,2025-12-31,S,S,A,C,S,S,A,13.6576,13.8900,13.2000,0.6900,,0,0.0000,0.0000,,0,0.0000,0,0.0000,0.0000,,0,0.0000,0,0.0000,0.0000,,0,0.0000
prebreak,300011,2025-12-31,S,S,A,C,S,S,A,8.5800,8.5600,8.1300,0.4300,,1,8.5600,8.9100,2026-01-09,0,0.7983,1,8.5600,8.9300,2026-01-16,0,0.8448,1,8.5600,8.1300,2026-01-30,1,-1.0145
prebreak,300244,2025-12-31,S,S,A,C,S,S,A,15.5603,15.7800,15.0400,0.7400,,1,15.7800,21.3230,2026-01-09,0,7.4697,1,15.7800,24.8081,2026-01-16,0,12.1763,1,15.7800,23.4534,2026-01-30,0,10.3467
prebreak,600127,2025-12-31,S,S,A,C,S,S,A,6.7200,6.9600,6.6400,0.3200,,0,0.0000,0.0000,,0,0.0000,0,0.0000,0.0000,,0,0.0000,1,6.9600,7.2800,2026-01-30,0,0.9828
prebreak,600313,2025-12-31,S,S,A,C,S,S,A,6.4298,6.7900,6.5400,0.2500,,0,0.0000,0.0000,,0,0.0000,0,0.0000,0.0000,,0,0.0000,1,6.7900,8.8161,2026-01-30,0,8.0786
prebreak,600428,2025-12-31,S,S,A,C,S,S,A,6.8947,7.1600,6.8700,0.2900,,0,0.0000,0.0000,,0,0.0000,1,7.1600,7.1181,2026-01-16,0,-0.1633,1,7.1600,7.5939,2026-01-30,0,1.4765
prebreak,601019,2025-12-31,S,S,A,C,S,S,A,8.3469,8.5600,8.1400,0.4200,,1,8.5600,8.5305,2026-01-09,0,-0.0858,1,8.5600,8.5015,2026-01-16,0,-0.1547,1,8.5600,8.8782,2026-01-30,0,0.7418
prebreak,601121,2025-12-31,S,S,A,C,S,S,A,7.2977,7.2500,6.8900,0.3600,,0,0.0000,0.0000,,0,0.0000,0,0.0000,0.0000,,0,0.0000,0,0.0000,0.0000,,0,0.0000
prebreak,601828,2025-12-31,S,S,A,C,S,S,A,2.7000,2.8600,2.7100,0.1500,,0,0.0000,0.0000,,0,0.0000,1,2.8600,2.7400,2026-01-16,0,-0.8140,1,2.8600,2.7100,2026-01-19,1,-1.0139
prebreak,000516,2026-01-05,S,S,A,C,S,S,A,4.7200,4.5100,4.2900,0.2200,,1,4.5100,5.1200,2026-01-12,0,2.7554,1,4.5100,5.1100,2026-01-19,0,2.7100,1,4.5100,4.8400,2026-02-02,0,1.4835
prebreak,000629,2026-01-05,S,S,A,C,S,S,A,3.2100,3.1600,3.0200,0.1400,,1,3.1600,3.6300,2026-01-12,0,3.3379,1,3.1600,3.5300,2026-01-19,0,2.6240,1,3.1600,3.6100,2026-02-02,0,3.1951
prebreak,002344,2026-01-05,S,S,A,C,S,S,A,4.6674,4.9700,4.7600,0.2100,,0,0.0000,0.0000,,0,0.0000,0,0.0000,0.0000,,0,0.0000,0,0.0000,0.0000,,0,0.0000
prebreak,002535,2026-01-05,S,S,A,C,S,S,A,3.8900,3.8400,3.6900,0.1500,,0,0.0000,0.0000,,0,0.0000,0,0.0000,0.0000,,0,0.0000,0,0.0000,0.0000,,0,0.0000
prebreak,002561,2026-01-05,S,S,A,C,S,S,A,8.7900,9.6300,9.1700,0.4600,,0,0.0000,0.0000,,0,0.0000,1,9.6300,9.1700,2026-01-16,1,-1.0153,1,9.6300,9.1700,2026-01-16,1,-1.0153
prebreak,002763,2026-01-05,S,S,A,C,S,S,A,6.6899,6.5900,6.2600,0.3300,,1,6.5900,7.0116,2026-01-12,0,1.2615,1,6.5900,7.1402,2026-01-19,0,1.6511,1,6.5900,7.2964,2026-02-02,0,2.1242
prebreak,300241,2026-01-05,S,S,A,C,S,S,A,5.6445,5.7300,5.4900,0.2400,,0,0.0000,0.0000,,0,0.0000,0,0.0000,0.0000,,0,0.0000,0,0.0000,0.0000,,0,0.0000
prebreak,300449,2026-01-05,S,S,A,C,S,S,A,7.5100,7.2500,6.9300,0.3200,,0,0.0000,0.0000,,0,0.0000,0,0.0000,0.0000,,0,0.0000,0,0.0000,0.0000,,0,0.0000
prebreak,600785,2026-01-05,S,S,A,C,S,S,A,9.5074,9.8100,9.3200,0.4900,,0,0.0000,0.0000,,0,0.0000,0,0.0000,0.0000,,0,0.0000,0,0.0000,0.0000,,0,0.0000
prebreak,601058,2026-01-05,S,S,A,C,S,S,A,16.3088,16.6300,15.8300,0.8000,,0,0.0000,0.0000,,0,0.0000,0,0.0000,0.0000,,0,0.0000,0,0.0000,0.0000,,0,0.0000
prebreak,603897,2026-01-05,S,S,A,C,S,S,A,26.0869,26.8800,25.8500,1.0300,,1,26.8800,26.6419,2026-01-12,0,-0.2509,1,26.8800,25.8500,2026-01-14,1,-1.0192,1,26.8800,25.8500,2026-01-14,1,-1.0192
prebreak,688789,2026-01-05,S,S,A,C,S,S,A,79.8636,81.4100,77.3700,4.0400,,0,0.0000,0.0000,,0,0.0000,0,0.0000,0.0000,,0,0.0000,0,0.0000,0.0000,,0,0.0000
prebreak,002271,2026-01-06,S,S,A,C,S,S,A,14.2400,14.0100,13.2600,0.7500,,0,0.0000,0.0000,,0,0.0000,0,0.0000,0.0000,,0,0.0000,0,0.0000,0.0000,,0,0.0000
prebreak,002375,2026-01-06,S,S,A,C,S,S,A,4.0547,3.7200,3.5800,0.1400,,1,3.7200,3.9969,2026-01-13,0,1.9565,1,3.7200,3.9680,2026-01-20,0,1.7503,1,3.7200,4.0836,2026-02-03,0,2.5753
prebreak,002495,2026-01-06,S,S,A,C,S,S,A,2.6985,2.7200,2.6100,0.1100,,0,0.0000,0.0000,,0,0.0000,0,0.0000,0.0000,,0,0.0000,0,0.0000,0.0000,,0,0.0000
prebreak,002606,2026-01-06,S,S,A,C,S,S,A,8.9192,8.9900,8.6400,0.3500,,1,8.9900,9.2684,2026-01-13,0,0.7755,1,8.9900,11.1341,2026-01-20,0,6.1026,1,8.9900,12.4111,2026-02-03,0,9.7489
prebreak,002758,2026-01-06,S,S,A,C,S,S,A,9.6007,9.6800,9.2800,0.4000,,0,0.0000,0.0000,,0,0.0000,0,0.0000,0.0000,,0,0.0000,0,0.0000,0.0000,,0,0.0000
prebreak,002863,2026-01-06,S,S,A,C,S,S,A,5.7564,5.9600,5.7200,0.2400,,0,0.0000,0.0000,,0,0.0000,0,0.0000,0.0000,,0,0.0000,0,0.0000,0.0000,,0,0.0000
prebreak,002985,2026-01-06,S,S,A,C,S,S,A,32.6574,32.0400,30.4300,1.6100,,0,0.0000,0.0000,,0,0.0000,0,0.0000,0.0000,,0,0.0000,0,0.0000,0.0000,,0,0.0000
prebreak,300298,2026-01-06,S,S,A,C,S,S,A,17.7200,17.8600,17.0400,0.8200,,0,0.0000,0.0000,,0,0.0000,0,0.0000,0.0000,,0,0.0000,0,0.0000,0.0000,,0,0.0000
prebreak,300341,2026-01-06,S,S,A,C,S,S,A,16.9842,17.1900,16.3500,0.8400,,1,17.1900,18.1085,2026-01-13,0,1.0773,1,17.1900,18.2677,2026-01-20,0,1.2667,1,17.1900,17.0837,2026-02-03,0,-0.1420
prebreak,300817,2026-01-06,S,S,A,C,S,S,A,20.8006,19.4900,18.6000,0.8900,,0,0.0000,0.0000,,0,0.0000,0,0.0000,0.0000,,0,0.0000,0,0.0000,0.0000,,0,0.0000
prebreak,600298,2026-01-06,S,S,A,C,S,S,A,43.4690,44.1800,41.9900,2.1900,,0,0.0000,0.0000,,0,0.0000,0,0.0000,0.0000,,0,0.0000,0,0.0000,0.0000,,0,0.0000
prebreak,600350,2026-01-06,S,S,A,C,S,S,A,9.0904,9.5800,9.1700,0.4100,,0,0.0000,0.0000,,0,0.0000,1,9.5800,9.8030,2026-01-20,0,0.5257,1,9.5800,9.8030,2026-02-03,0,0.5257
prebreak,601021,2026-01-06,S,S,A,C,S,S,A,58.0084,56.3200,54.2700,2.0500,,0,0.0000,0.0000,,0,0.0000,0,0.0000,0.0000,,0,0.0000,0,0.0000,0.0000,,0,0.0000
prebreak,603223,2026-01-06,S,S,A,C,S,S,A,9.3186,9.7300,9.3400,0.3900,,0,0.0000,0.0000,,0,0.0000,1,9.7300,10.2912,2026-01-20,0,1.4191,1,9.7300,9.6560,2026-02-03,0,-0.2085
prebreak,603718,2026-01-06,S,S,A,C,S,S,A,6.4500,6.3400,6.0700,0.2700,,0,0.0000,0.0000,,0,0.0000,0,0.0000,0.0000,,0,0.0000,0,0.0000,0.0000,,0,0.0000
prebreak,000639,2026-01-07,S,S,A,C,S,S,A,3.2900,3.3900,3.2300,0.1600,,0,0.0000,0.0000,,0,0.0000,0,0.0000,0.0000,,0,0.0000,0,0.0000,0.0000,,0,0.0000
prebreak,000919,2026-01-07,S,S,A,C,S,S,A,7.5760,7.3800,7.0300,0.3500,,0,0.0000,0.0000,,0,0.0000,0,0.0000,0.0000,,0,0.0000,0,0.0000,0.0000,,0,0.0000
prebreak,001319,2026-01-07,S,S,A,C,S,S,A,26.5796,27.3200,26.1100,1.2100,,0,0.0000,0.0000,,0,0.0000,1,27.3200,30.2332,2026-01-21,0,2.3890,1,27.3200,29.8295,2026-02-04,0,2.0555
prebreak,002442,2026-01-07,S,S,A,C,S,S,A,6.3000,6.3600,6.1400,0.2200,,0,0.0000,0.0000,,0,0.0000,0,0.0000,0.0000,,0,0.0000,0,0.0000,0.0000,,0,0.0000
prebreak,002889,2026-01-07,S,S,A,C,S,S,A,15.8082,15.9700,15.1900,0.7800,,0,0.0000,0.0000,,0,0.0000,0,0.0000,0.0000,,0,0.0000,0,0.0000,0.0000,,0,0.0000
prebreak,003039,2026-01-07,S,S,A,C,S,S,A,16.3538,14.4900,13.8900,0.6000,,1,14.4900,17.0602,2026-01-14,0,4.2626,1,14.4900,17.4918,2026-01-21,0,4.9816,1,14.4900,16.1380,2026-02-04,0,2.7266
prebreak,300067,2026-01-07,S,S,A,C,S,S,A,4.9900,5.1900,4.9700,0.2200,,1,5.1900,5.4500,2026-01-14,0,1.1631,1,5.1900,5.1800,2026-01-21,0,-0.0634,1,5.1900,4.9700,2026-02-02,1,-1.0173
prebreak,300161,2026-01-07,S,S,A,C,S,S,A,30.1489,29.4000,28.1200,1.2800,,1,29.4000,31.5579,2026-01-14,0,1.6674,1,29.4000,32.6372,2026-01-21,0,2.5100,1,29.4000,31.9477,2026-02-04,0,1.9716
prebreak,300597,2026-01-07,S,S,A,C,S,S,A,9.1400,9.4800,9.0700,0.4100,,1,9.4800,11.1600,2026-01-14,0,4.0774,1,9.4800,9.9900,2026-01-21,0,1.2255,1,9.4800,9.9600,2026-02-04,0,1.1524
prebreak,600163,2026-01-07,S,S,A,C,S,S,A,5.5160,5.6600,5.3800,0.2800,,0,0.0000,0.0000,,0,0.0000,1,5.6600,5.8737,2026-01-21,0,0.7475,1,5.6600,5.9831,2026-02-04,0,1.1377
prebreak,600186,2026-01-07,S,S,A,C,S,S,A,6.1200,5.5200,5.2600,0.2600,,0,0.0000,0.0000,,0,0.0000,0,0.0000,0.0000,,0,0.0000,0,0.0000,0.0000,,0,0.0000
prebreak,600278,2026-01-07,S,S,A,C,S,S,A,7.7400,7.8000,7.4700,0.3300,,0,0.0000,0.0000,,0,0.0000,0,0.0000,0.0000,,0,0.0000,0,0.0000,0.0000,,0,0.0000
prebreak,600761,2026-01-07,S,S,A,C,S,S,A,21.5143,19.6100,18.7000,0.9100,,0,0.0000,0.0000,,0,0.0000,0,0.0000,0.0000,,0,0.0000,0,0.0000,0.0000,,0,0.0000
prebreak,601366,2026-01-07,S,S,A,C,S,S,A,4.8348,4.5500,4.3400,0.2100,,0,0.0000,0.0000,,0,0.0000,0,0.0000,0.0000,,0,0.0000,0,0.0000,0.0000,,0,0.0000
prebreak,603318,2026-01-07,S,S,A,C,S,S,A,6.6100,6.7800,6.5600,0.2200,,1,6.7800,6.9400,2026-01-14,0,0.7034,1,6.7800,7.0100,2026-01-21,0,1.0214,1,6.7800,7.1100,2026-02-04,0,1.4756
prebreak,603466,2026-01-07,S,S,A,C,S,S,A,9.9625,9.3900,9.0400,0.3500,,0,0.0000,0.0000,,0,0.0000,0,0.0000,0.0000,,0,0.0000,0,0.0000,0.0000,,0,0.0000
prebreak,603517,2026-01-07,S,S,A,C,S,S,A,12.9800,13.1300,12.6700,0.4600,,0,0.0000,0.0000,,0,0.0000,0,0.0000,0.0000,,0,0.0000,0,0.0000,0.0000,,0,0.0000
prebreak,603939,2026-01-07,S,S,A,C,S,S,A,21.7189,21.9500,20.9600,0.9900,,1,21.9500,22.3260,2026-01-14,0,0.3627,1,21.9500,21.6993,2026-01-21,0,-0.2699,1,21.9500,24.2452,2026-02-04,0,2.3001
prebreak,000301,2026-01-08,S,S,A,C,S,S,A,10.7800,10.6200,10.0600,0.5600,,0,0.0000,0.0000,,0,0.0000,0,0.0000,0.0000,,0,0.0000,0,0.0000,0.0000,,0,0.0000
prebreak,000785,2026-01-08,S,S,A,C,S,S,A,2.9600,3.0100,2.8900,0.1200,,1,3.0100,3.3400,2026-01-15,0,2.7292,1,3.0100,3.2000,2026-01-22,0,1.5633,1,3.0100,2.9900,2026-02-05,0,-0.1856
prebreak,000950,2026-01-08,S,S,A,C,S,S,A,5.8972,5.9800,5.7400,0.2400,,0,0.0000,0.0000,,0,0.0000,0,0.0000,0.0000,,0,0.0000,0,0.0000,0.0000,,0,0.0000
prebreak,300075,2026-01-08,S,S,A,C,S,S,A,15.5000,15.6600,15.0700,0.5900,,1,15.6600,17.1900,2026-01-15,0,2.5714,1,15.6600,16.0800,2026-01-22,0,0.6912,1,15.6600,15.0700,2026-01-29,1,-1.0195
prebreak,300110,2026-01-08,S,S,A,C,S,S,A,3.2500,3.2800,3.1000,0.1800,,0,0.0000,0.0000,,0,0.0000,0,0.0000,0.0000,,0,0.0000,0,0.0000,0.0000,,0,0.0000
prebreak,300375,2026-01-08,S,S,A,C,S,S,A,5.6000,5.4300,5.1700,0.2600,,0,0.0000,0.0000,,0,0.0000,0,0.0000,0.0000,,0,0.0000,0,0.0000,0.0000,,0,0.0000
prebreak,600227,2026-01-08,S,S,A,C,S,S,A,2.4500,2.4900,2.3700,0.1200,,1,2.4900,2.4800,2026-01-15,0,-0.0991,1,2.4900,2.5200,2026-01-22,0,0.2341,1,2.4900,2.4900,2026-02-05,0,-0.0158
prebreak,600755,2026-01-08,S,S,A,C,S,S,A,6.8470,7.0800,6.7500,0.3300,,0,0.0000,0.0000,,0,0.0000,0,0.0000,0.0000,,0,0.0000,0,0.0000,0.0000,,0,0.0000
prebreak,605016,2026-01-08,S,S,A,C,S,S,A,20.7055,22.0900,20.9700,1.1200,,0,0.0000,0.0000,,0,0.0000,1,22.0900,22.3349,2026-01-22,0,0.2036,1,22.0900,26.1800,2026-02-05,0,3.6345
prebreak,605377,2026-01-08,S,S,A,C,S,S,A,8.2704,8.5400,8.2100,0.3300,,0,0.0000,0.0000,,0,0.0000,0,0.0000,0.0000,,0,0.0000,0,0.0000,0.0000,,0,0.0000
prebreak,002152,2026-01-09,S,S,A,C,S,S,A,13.2915,13.4600,12.9000,0.5600,,1,13.4600,13.4100,2026-01-16,0,-0.1074,1,13.4600,13.5278,2026-01-23,0,0.1028,1,13.4600,12.9000,2026-01-27,1,-1.0176
prebreak,002166,2026-01-09,S,S,A,C,S,S,A,8.5554,8.5900,8.2700,0.3200,,0,0.0000,0.0000,,0,0.0000,0,0.0000,0.0000,,0,0.0000,0,0.0000,0.0000,,0,0.0000
prebreak,002191,2026-01-09,S,S,A,C,S,S,A,4.3000,4.3200,4.1700,0.1500,,1,4.3200,4.4000,2026-01-16,0,0.5111,1,4.3200,4.5400,2026-01-23,0,1.4439,1,4.3200,4.1700,2026-01-28,1,-1.0213
prebreak,002322,2026-01-09,S,S,A,C,S,S,A,12.2950,12.0400,11.5000,0.5400,,1,12.0400,12.7622,2026-01-16,0,1.3197,1,12.0400,13.2490,2026-01-23,0,2.2205,1,12.0400,12.8985,2026-02-06,0,1.5719
prebreak,002419,2026-01-09,S,S,A,C,S,S,A,5.9482,5.6200,5.3700,0.2500,,1,5.6200,5.6819,2026-01-16,0,0.2302,1,5.6200,5.8101,2026-01-23,0,0.7428,1,5.6200,5.6523,2026-02-06,0,0.1119
prebreak,300240,2026-01-09,S,S,A,C,S,S,A,7.6425,7.6800,7.3900,0.2900,,0,0.0000,0.0000,,0,0.0000,0,0.0000,0.0000,,0,0.0000,0,0.0000,0.0000,,0,0.0000
prebreak,300381,2026-01-09,S,S,A,C,S,S,A,6.7213,6.4700,6.2300,0.2400,,0,0.0000,0.0000,,0,0.0000,0,0.0000,0.0000,,0,0.0000,0,0.0000,0.0000,,0,0.0000
prebreak,301376,2026-01-09,S,S,A,C,S,S,A,18.3978,18.5200,17.6700,0.8500,,1,18.5200,19.0605,2026-01-16,0,0.6190,1,18.5200,19.4958,2026-01-23,0,1.1307,1,18.5200,19.6639,2026-02-06,0,1.3284
prebreak,600060,2026-01-09,S,S,A,C,S,S,A,23.4609,24.1800,22.9500,1.2300,,1,24.1800,22.9500,2026-01-14,1,-1.0143,1,24.1800,22.9500,2026-01-14,1,-1.0143,1,24.1800,22.9500,2026-01-14,1,-1.0143
prebreak,600359,2026-01-09,S,S,A,C,S,S,A,7.5000,7.3800,7.0600,0.3200,,0,0.0000,0.0000,,0,0.0000,0,0.0000,0.0000,,0,0.0000,0,0.0000,0.0000,,0,0.0000
prebreak,600719,2026-01-09,S,S,A,C,S,S,A,6.2200,5.8600,5.5700,0.2900,,0,0.0000,0.0000,,0,0.0000,0,0.0000,0.0000,,0,0.0000,0,0.0000,0.0000,,0,0.0000
prebreak,601019,2026-01-09,S,S,A,C,S,S,A,8.5305,8.6600,8.2800,0.3800,,1,8.6600,8.5015,2026-01-16,0,-0.4342,1,8.6600,9.0135,2026-01-23,0,0.9123,1,8.6600,8.6367,2026-02-06,0,-0.0785
prebreak,601828,2026-01-09,S,S,A,C,S,S,A,2.7500,2.7800,2.6700,0.1100,,0,0.0000,0.0000,,0,0.0000,0,0.0000,0.0000,,0,0.0000,0,0.0000,0.0000,,0,0.0000
prebreak,603230,2026-01-09,S,S,A,C,S,S,A,12.7228,12.9900,12.3100,0.6800,,0,0.0000,0.0000,,0,0.0000,0,0.0000,0.0000,,0,0.0000,0,0.0000,0.0000,,0,0.0000
prebreak,603700,2026-01-09,S,S,A,C,S,S,A,13.3673,13.3200,12.6400,0.6800,,0,0.0000,0.0000,,0,0.0000,0,0.0000,0.0000,,0,0.0000,0,0.0000,0.0000,,0,0.0000
prebreak,688777,2026-01-09,S,S,A,C,S,S,A,53.4898,50.4900,48.0600,2.4300,,1,50.4900,64.1399,2026-01-16,0,5.5979,1,50.4900,74.5906,2026-01-23,0,9.8959,1,50.4900,87.2550,2026-02-06,0,15.1043
prebreak,000411,2026-01-12,S,S,A,C,S,S,A,12.3301,12.7500,12.1600,0.5900,,1,12.7500,13.6488,2026-01-19,0,1.5060,1,12.7500,12.5708,2026-01-26,0,-0.3200,1,12.7500,12.1600,2026-01-27,1,-1.0158
prebreak,000503,2026-01-12,S,S,A,C,S,S,A,11.6100,9.2700,8.8300,0.4400,,1,9.2700,10.0000,2026-01-19,0,1.6420,1,9.2700,9.9500,2026-01-26,0,1.5285,1,9.2700,9.5400,2026-02-09,0,0.5972
prebreak,000516,2026-01-12,S,S,A,C,S,S,A,5.1200,4.5100,4.2900,0.2200,,1,4.5100,5.1100,2026-01-19,0,2.7100,1,4.5100,5.1600,2026-01-26,0,2.9371,1,4.5100,4.9400,2026-02-09,0,1.9377
prebreak,000812,2026-01-12,S,S,A,C,S,S,A,4.8200,4.8600,4.6500,0.2100,,0,0.0000,0.0000,,0,0.0000,0,0.0000,0.0000,,0,0.0000,0,0.0000,0.0000,,0,0.0000
prebreak,002445,2026-01-12,S,S,A,C,S,S,A,2.7300,2.7400,2.5900,0.1500,,0,0.0000,0.0000,,0,0.0000,0,0.0000,0.0000,,0,0.0000,0,0.0000,0.0000,,0,0.0000
prebreak,002529,2026-01-12,S,S,A,C,S,S,A,7.4400,7.0700,6.7300,0.3400,,1,7.0700,7.3400,2026-01-19,0,0.7778,1,7.0700,7.0400,2026-01-26,0,-0.1040,1,7.0700,6.7300,2026-01-29,1,-1.0152
prebreak,002561,2026-01-12,S,S,A,C,S,S,A,9.4200,9.6300,9.1700,0.4600,,1,9.6300,9.1700,2026-01-16,1,-1.0153,1,9.6300,9.1700,2026-01-16,1,-1.0153,1,9.6300,9.1700,2026-01-16,1,-1.0153
prebreak,002687,2026-01-12,S,S,A,C,S,S,A,4.7236,4.7500,4.5100,0.2400,,0,0.0000,0.0000,,0,0.0000,0,0.0000,0.0000,,0,0.0000,0,0.0000,0.0000,,0,0.0000
prebreak,002763,2026-01-12,S,S,A,C,S,S,A,7.0116,6.5900,6.2600,0.3300,,0,0.0000,0.0000,,0,0.0000,0,0.0000,0.0000,,0,0.0000,0,0.0000,0.0000,,0,0.0000
prebreak,301233,2026-01-12,S,S,A,C,S,S,A,39.1023,38.0600,36.0400,2.0200,,0,0.0000,0.0000,,0,0.0000,0,0.0000,0.0000,,0,0.0000,0,0.0000,0.0000,,0,0.0000
prebreak,600000,2026-01-12,S,S,A,C,S,S,A,11.1340,11.5100,10.9200,0.5900,,0,0.0000,0.0000,,0,0.0000,0,0.0000,0.0000,,0,0.0000,0,0.0000,0.0000,,0,0.0000
prebreak,600071,2026-01-12,S,S,A,C,S,S,A,22.7800,21.8500,20.8500,1.0000,,1,21.8500,21.6300,2026-01-19,0,-0.2365,1,21.8500,21.8000,2026-01-26,0,-0.0666,1,21.8500,20.8500,2026-02-06,1,-1.0160
prebreak,600469,2026-01-12,S,S,A,C,S,S,A,6.5193,6.8300,6.5600,0.2700,,1,6.8300,6.8438,2026-01-19,0,0.0319,1,6.8300,7.0208,2026-01-26,0,0.6870,1,6.8300,7.2568,2026-02-09,0,1.5605
prebreak,600476,2026-01-12,S,S,A,C,S,S,A,17.0100,16.5300,15.8100,0.7200,,1,16.5300,16.7200,2026-01-19,0,0.2463,1,16.5300,16.7400,2026-01-26,0,0.2740,1,16.5300,15.8100,2026-02-02,1,-1.0168
prebreak,600827,2026-01-12,S,S,A,C,S,S,A,9.1970,9.2400,8.8000,0.4400,,0,0.0000,0.0000,,0,0.0000,0,0.0000,0.0000,,0,0.0000,0,0.0000,0.0000,,0,0.0000
prebreak,600889,2026-01-12,S,S,A,C,S,S,A,16.3500,15.6300,14.9200,0.7100,,1,15.6300,17.0000,2026-01-19,0,1.9116,1,15.6300,17.4700,2026-01-26,0,2.5732,1,15.6300,16.5800,2026-02-09,0,1.3205
prebreak,601058,2026-01-12,S,S,A,C,S,S,A,15.8062,16.6600,15.8500,0.8100,,0,0.0000,0.0000,,0,0.0000,0,0.0000,0.0000,,0,0.0000,0,0.0000,0.0000,,0,0.0000
prebreak,603777,2026-01-12,S,S,A,C,S,S,A,14.0900,13.9100,13.2800,0.6300,,0,0.0000,0.0000,,0,0.0000,0,0.0000,0.0000,,0,0.0000,0,0.0000,0.0000,,0,0.0000
prebreak,688506,2026-01-12,S,S,A,C,S,S,A,344.0000,358.2900,339.9800,18.3100,,0,0.0000,0.0000,,0,0.0000,0,0.0000,0.0000,,0,0.0000,0,0.0000,0.0000,,0,0.0000
prebreak,688789,2026-01-12,S,S,A,C,S,S,A,81.0694,82.0800,77.9700,4.1100,,0,0.0000,0.0000,,0,0.0000,0,0.0000,0.0000,,0,0.0000,0,0.0000,0.0000,,0,0.0000
prebreak,000919,2026-01-14,S,S,A,C,S,S,A,7.7728,7.8900,7.4900,0.4000,,0,0.0000,0.0000,,0,0.0000,0,0.0000,0.0000,,0,0.0000,0,0.0000,0.0000,,0,0.0000
prebreak,002223,2026-01-14,S,S,A,C,S,S,A,44.4173,38.6200,37.0700,1.5500,,1,38.6200,40.2104,2026-01-21,0,1.0065,1,38.6200,40.6017,2026-01-28,0,1.2588,1,38.6200,38.1656,2026-02-11,0,-0.3119
prebreak,002889,2026-01-14,S,S,A,C,S,S,A,15.3694,15.8700,15.2400,0.6300,,0,0.0000,0.0000,,0,0.0000,0,0.0000,0.0000,,0,0.0000,0,0.0000,0.0000,,0,0.0000
prebreak,300067,2026-01-14,S,S,A,C,S,S,A,5.4500,5.1900,4.9700,0.2200,,0,0.0000,0.0000,,0,0.0000,0,0.0000,0.0000,,0,0.0000,0,0.0000,0.0000,,0,0.0000
prebreak,300185,2026-01-14,S,S,A,C,S,S,A,2.9779,2.9300,2.7900,0.1400,,0,0.0000,0.0000,,0,0.0000,0,0.0000,0.0000,,0,0.0000,0,0.0000,0.0000,,0,0.0000
prebreak,300597,2026-01-14,S,S,A,C,S,S,A,11.1600,9.5100,9.0700,0.4400,,1,9.5100,9.9900,2026-01-21,0,1.0738,1,9.5100,9.8200,2026-01-28,0,0.6877,1,9.5100,10.2500,2026-02-11,0,1.6643
prebreak,300832,2026-01-14,S,S,A,C,S,S,A,57.4676,57.8200,55.6500,2.1700,,0,0.0000,0.0000,,0,0.0000,0,0.0000,0.0000,,0,0.0000,0,0.0000,0.0000,,0,0.0000
prebreak,600278,2026-01-14,S,S,A,C,S,S,A,8.3800,7.8900,7.5200,0.3700,,1,7.8900,8.7600,2026-01-21,0,2.3337,1,7.8900,8.7300,2026-01-28,0,2.2526,1,7.8900,8.6600,2026-02-11,0,2.0636
prebreak,601900,2026-01-14,S,S,A,C,S,S,A,15.7631,13.2600,12.5800,0.6800,,1,13.2600,14.7427,2026-01-21,0,2.1643,1,13.2600,14.6378,2026-01-28,0,2.0101,1,13.2600,14.1706,2026-02-11,0,1.3234
prebreak,603170,2026-01-14,S,S,A,C,S,S,A,14.8973,14.4300,13.8000,0.6300,,0,0.0000,0.0000,,0,0.0000,0,0.0000,0.0000,,0,0.0000,0,0.0000,0.0000,,0,0.0000
prebreak,603390,2026-01-14,S,S,A,C,S,S,A,13.1587,13.4900,12.9300,0.5600,,0,0.0000,0.0000,,0,0.0000,0,0.0000,0.0000,,0,0.0000,0,0.0000,0.0000,,0,0.0000
prebreak,603687,2026-01-14,S,S,A,C,S,S,A,11.3951,9.8200,9.3500,0.4700,,1,9.8200,10.9860,2026-01-21,0,2.4634,1,9.8200,11.1756,2026-01-28,0,2.8665,1,9.8200,11.7842,2026-02-11,0,4.1607
prebreak,000785,2026-01-15,S,S,A,C,S,S,A,3.3400,3.0100,2.8900,0.1200,,0,0.0000,0.0000,,0,0.0000,0,0.0000,0.0000,,0,0.0000,0,0.0000,0.0000,,0,0.0000
prebreak,300020,2026-01-15,S,S,A,C,S,S,A,3.9100,3.5600,3.4000,0.1600,,1,3.5600,4.5000,2026-01-22,0,5.8544,1,3.5600,4.2800,2026-01-29,0,4.4803,1,3.5600,4.3600,2026-02-12,0,4.9799
prebreak,300075,2026-01-15,S,S,A,C,S,S,A,17.1900,15.6600,15.0700,0.5900,,1,15.6600,16.0800,2026-01-22,0,0.6912,1,15.6600,15.0700,2026-01-29,1,-1.0195,1,15.6600,15.0700,2026-01-29,1,-1.0195
prebreak,300306,2026-01-15,S,S,A,C,S,S,A,14.1931,13.6800,13.0300,0.6500,,0,0.0000,0.0000,,0,0.0000,0,0.0000,0.0000,,0,0.0000,0,0.0000,0.0000,,0,0.0000
prebreak,301078,2026-01-15,S,S,A,C,S,S,A,11.4431,10.9600,10.3900,0.5700,,0,0.0000,0.0000,,0,0.0000,0,0.0000,0.0000,,0,0.0000,0,0.0000,0.0000,,0,0.0000
prebreak,600755,2026-01-15,S,S,A,C,S,S,A,6.7217,6.9600,6.6200,0.3400,,0,0.0000,0.0000,,0,0.0000,0,0.0000,0.0000,,0,0.0000,0,0.0000,0.0000,,0,0.0000
prebreak,600796,2026-01-15,S,S,A,C,S,S,A,6.3977,6.2600,5.9600,0.3000,,1,6.2600,6.5368,2026-01-22,0,0.9062,1,6.2600,6.5567,2026-01-29,0,0.9724,1,6.2600,6.6759,2026-02-12,0,1.3695
prebreak,605377,2026-01-15,S,S,A,C,S,S,A,8.3291,8.5300,8.1600,0.3700,,0,0.0000,0.0000,,0,0.0000,0,0.0000,0.0000,,0,0.0000,0,0.0000,0.0000,,0,0.0000
prebreak,000948,2026-01-16,S,S,A,C,S,S,A,18.1638,17.2800,16.6400,0.6400,,0,0.0000,0.0000,,0,0.0000,0,0.0000,0.0000,,0,0.0000,0,0.0000,0.0000,,0,0.0000
prebreak,000997,2026-01-16,S,S,A,C,S,S,A,28.6763,28.0400,26.8700,1.1700,,0,0.0000,0.0000,,0,0.0000,0,0.0000,0.0000,,0,0.0000,0,0.0000,0.0000,,0,0.0000
prebreak,002152,2026-01-16,S,S,A,C,S,S,A,13.4100,13.6200,12.9000,0.7200,,0,0.0000,0.0000,,0,0.0000,0,0.0000,0.0000,,0,0.0000,0,0.0000,0.0000,,0,0.0000
prebreak,002166,2026-01-16,S,S,A,C,S,S,A,8.9905,8.7100,8.2800,0.4300,,0,0.0000,0.0000,,0,0.0000,0,0.0000,0.0000,,0,0.0000,0,0.0000,0.0000,,0,0.0000
prebreak,002191,2026-01-16,S,S,A,C,S,S,A,4.4000,4.3200,4.1700,0.1500,,0,0.0000,0.0000,,0,0.0000,0,0.0000,0.0000,,0,0.0000,0,0.0000,0.0000,,0,0.0000
prebreak,002322,2026-01-16,S,S,A,C,S,S,A,12.7622,12.6900,12.0600,0.6300,,1,12.6900,13.2490,2026-01-23,0,0.8714,1,12.6900,12.8596,2026-01-30,0,0.2537,1,12.6900,13.2100,2026-02-13,0,0.8096
prebreak,002419,2026-01-16,S,S,A,C,S,S,A,5.6819,5.6200,5.3700,0.2500,,0,0.0000,0.0000,,0,0.0000,0,0.0000,0.0000,,0,0.0000,0,0.0000,0.0000,,0,0.0000
prebreak,002662,2026-01-16,S,S,A,C,S,S,A,3.9494,4.0300,3.8600,0.1700,,0,0.0000,0.0000,,0,0.0000,0,0.0000,0.0000,,0,0.0000,0,0.0000,0.0000,,0,0.0000
prebreak,300146,2026-01-16,S,S,A,C,S,S,A,11.7163,12.1800,11.6500,0.5300,,0,0.0000,0.0000,,0,0.0000,0,0.0000,0.0000,,0,0.0000,0,0.0000,0.0000,,0,0.0000
prebreak,300240,2026-01-16,S,S,A,C,S,S,A,7.7720,7.8700,7.5900,0.2800,,0,0.0000,0.0000,,0,0.0000,0,0.0000,0.0000,,0,0.0000,0,0.0000,0.0000,,0,0.0000
prebreak,300369,2026-01-16,S,S,A,C,S,S,A,8.2200,7.6600,7.3100,0.3500,,0,0.0000,0.0000,,0,0.0000,0,0.0000,0.0000,,0,0.0000,0,0.0000,0.0000,,0,0.0000
prebreak,301376,2026-01-16,S,S,A,C,S,S,A,19.0605,18.5200,17.6700,0.8500,,0,0.0000,0.0000,,0,0.0000,0,0.0000,0.0000,,0,0.0000,0,0.0000,0.0000,,0,0.0000
prebreak,600060,2026-01-16,S,S,A,C,S,S,A,22.6113,24.1800,22.9500,1.2300,,1,24.1800,23.8953,2026-01-23,0,-0.2462,1,24.1800,24.0015,2026-01-30,0,-0.1599,1,24.1800,22.9500,2026-02-02,1,-1.0143
prebreak,601019,2026-01-16,S,S,A,C,S,S,A,8.5015,8.6600,8.2800,0.3800,,0,0.0000,0.0000,,0,0.0000,0,0.0000,0.0000,,0,0.0000,0,0.0000,0.0000,,0,0.0000
prebreak,601339,2026-01-16,S,S,A,C,S,S,A,5.9552,5.8100,5.5100,0.3000,,0,0.0000,0.0000,,0,0.0000,0,0.0000,0.0000,,0,0.0000,0,0.0000,0.0000,,0,0.0000
prebreak,601377,2026-01-16,S,S,A,C,S,S,A,6.7674,7.3700,6.9800,0.3900,,0,0.0000,0.0000,,0,0.0000,0,0.0000,0.0000,,0,0.0000,0,0.0000,0.0000,,0,0.0000
prebreak,603826,2026-01-16,S,S,A,C,S,S,A,13.3673,13.8600,13.2700,0.5900,,0,0.0000,0.0000,,0,0.0000,0,0.0000,0.0000,,0,0.0000,1,13.8600,14.0548,2026-02-13,0,0.3121
prebreak,000925,2026-01-19,S,S,A,C,S,S,A,9.3533,9.0800,8.6100,0.4700,,1,9.0800,9.1237,2026-01-26,0,0.0783,1,9.0800,8.6100,2026-01-30,1,-1.0141,1,9.0800,8.6100,2026-01-30,1,-1.0141
prebreak,002445,2026-01-19,S,S,A,C,S,S,A,2.6900,2.7400,2.5900,0.1500,,0,0.0000,0.0000,,0,0.0000,0,0.0000,0.0000,,0,0.0000,0,0.0000,0.0000,,0,0.0000
prebreak,002763,2026-01-19,S,S,A,C,S,S,A,7.1402,7.0500,6.6900,0.3600,,0,0.0000,0.0000,,0,0.0000,0,0.0000,0.0000,,0,0.0000,0,0.0000,0.0000,,0,0.0000
prebreak,300479,2026-01-19,S,S,A,C,S,S,A,21.3500,19.5700,18.8600,0.7100,,1,19.5700,20.7100,2026-01-26,0,1.5837,1,19.5700,20.5200,2026-02-02,0,1.3162,1,19.5700,22.4600,2026-02-24,0,4.0469
prebreak,600000,2026-01-19,S,S,A,C,S,S,A,10.6183,11.2700,10.6900,0.5800,,0,0.0000,0.0000,,0,0.0000,0,0.0000,0.0000,,0,0.0000,0,0.0000,0.0000,,0,0.0000
prebreak,600071,2026-01-19,S,S,A,C,S,S,A,21.6300,21.8500,20.8500,1.0000,,0,0.0000,0.0000,,0,0.0000,0,0.0000,0.0000,,0,0.0000,0,0.0000,0.0000,,0,0.0000
prebreak,600469,2026-01-19,S,S,A,C,S,S,A,6.8438,6.5700,6.2500,0.3200,,1,6.5700,7.0208,2026-01-26,0,1.3923,1,6.5700,7.4240,2026-02-02,0,2.6513,1,6.5700,7.6010,2026-02-24,0,3.2041
prebreak,600827,2026-01-19,S,S,A,C,S,S,A,8.9911,9.2400,8.8000,0.4400,,0,0.0000,0.0000,,0,0.0000,0,0.0000,0.0000,,0,0.0000,0,0.0000,0.0000,,0,0.0000
prebreak,600889,2026-01-19,S,S,A,C,S,S,A,17.0000,16.7700,16.0200,0.7500,,0,0.0000,0.0000,,0,0.0000,0,0.0000,0.0000,,0,0.0000,0,0.0000,0.0000,,0,0.0000
prebreak,600938,2026-01-19,S,S,A,C,S,S,A,28.9329,28.6100,27.1900,1.4200,,0,0.0000,0.0000,,0,0.0000,0,0.0000,0.0000,,0,0.0000,0,0.0000,0.0000,,0,0.0000
prebreak,603777,2026-01-19,S,S,A,C,S,S,A,13.4200,14.2100,13.5400,0.6700,,0,0.0000,0.0000,,0,0.0000,0,0.0000,0.0000,,0,0.0000,0,0.0000,0.0000,,0,0.0000
prebreak,688789,2026-01-19,S,S,A,C,S,S,A,81.5933,82.8000,79.6300,3.1700,,0,0.0000,0.0000,,0,0.0000,0,0.0000,0.0000,,0,0.0000,0,0.0000,0.0000,,0,0.0000
prebreak,000050,2026-01-20,S,S,A,C,S,S,A,10.0700,9.1300,8.8100,0.3200,,0,0.0000,0.0000,,0,0.0000,0,0.0000,0.0000,,0,0.0000,0,0.0000,0.0000,,0,0.0000
prebreak,000729,2026-01-20,S,S,A,C,S,S,A,12.3005,12.0000,11.4800,0.5200,,0,0.0000,0.0000,,0,0.0000,0,0.0000,0.0000,,0,0.0000,0,0.0000,0.0000,,0,0.0000
prebreak,000929,2026-01-20,S,S,A,C,S,S,A,10.2500,9.9000,9.3800,0.5200,,0,0.0000,0.0000,,0,0.0000,0,0.0000,0.0000,,0,0.0000,0,0.0000,0.0000,,0,0.0000
prebreak,002330,2026-01-20,S,S,A,C,S,S,A,5.0800,5.0500,4.7900,0.2600,,0,0.0000,0.0000,,0,0.0000,0,0.0000,0.0000,,0,0.0000,0,0.0000,0.0000,,0,0.0000
prebreak,002597,2026-01-20,S,S,A,C,S,S,A,22.3409,21.4000,20.5700,0.8300,,0,0.0000,0.0000,,0,0.0000,0,0.0000,0.0000,,0,0.0000,0,0.0000,0.0000,,0,0.0000
prebreak,002606,2026-01-20,S,S,A,C,S,S,A,11.1341,9.5000,9.0200,0.4800,,1,9.5000,10.9944,2026-01-27,0,3.0963,1,9.5000,12.4111,2026-02-03,0,6.0459,1,9.5000,12.9898,2026-02-25,0,7.2507
prebreak,002758,2026-01-20,S,S,A,C,S,S,A,10.1176,9.9300,9.4500,0.4800,,0,0.0000,0.0000,,0,0.0000,0,0.0000,0.0000,,0,0.0000,0,0.0000,0.0000,,0,0.0000
prebreak,002955,2026-01-20,S,S,A,C,S,S,A,27.9900,30.7300,29.1400,1.5900,,0,0.0000,0.0000,,0,0.0000,0,0.0000,0.0000,,0,0.0000,0,0.0000,0.0000,,0,0.0000
prebreak,300177,2026-01-20,S,S,A,C,S,S,A,10.0500,10.5000,10.0100,0.4900,,0,0.0000,0.0000,,0,0.0000,0,0.0000,0.0000,,0,0.0000,0,0.0000,0.0000,,0,0.0000
prebreak,300298,2026-01-20,S,S,A,C,S,S,A,18.5700,17.8600,17.0400,0.8200,,0,0.0000,0.0000,,0,0.0000,0,0.0000,0.0000,,0,0.0000,0,0.0000,0.0000,,0,0.0000
prebreak,300341,2026-01-20,S,S,A,C,S,S,A,18.2677,17.1900,16.3500,0.8400,,0,0.0000,0.0000,,0,0.0000,0,0.0000,0.0000,,0,0.0000,0,0.0000,0.0000,,0,0.0000
prebreak,300513,2026-01-20,S,S,A,C,S,S,A,10.5000,10.0300,9.6700,0.3600,,0,0.0000,0.0000,,0,0.0000,0,0.0000,0.0000,,0,0.0000,0,0.0000,0.0000,,0,0.0000
prebreak,301297,2026-01-20,S,S,A,C,S,S,A,39.4018,39.8600,37.9500,1.9100,,0,0.0000,0.0000,,0,0.0000,0,0.0000,0.0000,,0,0.0000,0,0.0000,0.0000,,0,0.0000
prebreak,600724,2026-01-20,S,S,A,C,S,S,A,6.6299,5.7000,5.4500,0.2500,,1,5.7000,6.5906,2026-01-27,0,3.5429,1,5.7000,6.6004,2026-02-03,0,3.5822,1,5.7000,6.9771,2026-02-25,0,5.0877
prebreak,603313,2026-01-20,S,S,A,C,S,S,A,9.6200,9.2300,8.8500,0.3800,,1,9.2300,9.8800,2026-01-27,0,1.6910,1,9.2300,9.2600,2026-02-03,0,0.0604,1,9.2300,9.7600,2026-02-25,0,1.3754
prebreak,688253,2026-01-20,S,S,A,C,S,S,A,34.5687,31.1800,29.7200,1.4600,,0,0.0000,0.0000,,0,0.0000,0,0.0000,0.0000,,0,0.0000,0,0.0000,0.0000,,0,0.0000
prebreak,002223,2026-01-21,S,S,A,C,S,S,A,40.2104,38.6200,37.0700,1.5500,,0,0.0000,0.0000,,0,0.0000,0,0.0000,0.0000,,0,0.0000,0,0.0000,0.0000,,0,0.0000
prebreak,002831,2026-01-21,S,S,A,C,S,S,A,18.9448,19.7600,18.8200,0.9400,,1,19.7600,19.9309,2026-01-28,0,0.1657,1,19.7600,20.9869,2026-02-04,0,1.2884,1,19.7600,21.8890,2026-02-26,0,2.2475
prebreak,300032,2026-01-21,S,S,A,C,S,S,A,5.6600,5.5400,5.2700,0.2700,,1,5.5400,5.6200,2026-01-28,0,0.2805,1,5.5400,5.4600,2026-02-04,0,-0.3117,1,5.5400,5.2700,2026-02-06,1,-1.0150
prebreak,300067,2026-01-21,S,S,A,C,S,S,A,5.1800,5.1900,4.9700,0.2200,,0,0.0000,0.0000,,0,0.0000,0,0.0000,0.0000,,0,0.0000,0,0.0000,0.0000,,0,0.0000
prebreak,300832,2026-01-21,S,S,A,C,S,S,A,55.3814,57.7000,55.1300,2.5700,,0,0.0000,0.0000,,0,0.0000,0,0.0000,0.0000,,0,0.0000,0,0.0000,0.0000,,0,0.0000
prebreak,301059,2026-01-21,S,S,A,C,S,S,A,13.6940,12.7700,12.3100,0.4600,,0,0.0000,0.0000,,0,0.0000,0,0.0000,0.0000,,0,0.0000,0,0.0000,0.0000,,0,0.0000
prebreak,600187,2026-01-21,S,S,A,C,S,S,A,2.7000,2.6200,2.5000,0.1200,,1,2.6200,2.6500,2026-01-28,0,0.2332,1,2.6200,2.5000,2026-01-30,1,-1.0160,1,2.6200,2.5000,2026-01-30,1,-1.0160
prebreak,600989,2026-01-21,S,S,A,C,S,S,A,21.3477,18.7200,17.8200,0.9000,,0,0.0000,0.0000,,0,0.0000,0,0.0000,0.0000,,0,0.0000,0,0.0000,0.0000,,0,0.0000
prebreak,601900,2026-01-21,S,S,A,C,S,S,A,14.7427,13.2600,12.5800,0.6800,,0,0.0000,0.0000,,0,0.0000,0,0.0000,0.0000,,0,0.0000,0,0.0000,0.0000,,0,0.0000
prebreak,603390,2026-01-21,S,S,A,C,S,S,A,13.4673,13.7200,13.0400,0.6800,,0,0.0000,0.0000,,0,0.0000,0,0.0000,0.0000,,0,0.0000,0,0.0000,0.0000,,0,0.0000
prebreak,603602,2026-01-21,S,S,A,C,S,S,A,16.2800,15.0200,14.4800,0.5400,,0,0.0000,0.0000,,0,0.0000,0,0.0000,0.0000,,0,0.0000,0,0.0000,0.0000,,0,0.0000
prebreak,603687,2026-01-21,S,S,A,C,S,S,A,10.9860,9.8200,9.3500,0.4700,,0,0.0000,0.0000,,0,0.0000,0,0.0000,0.0000,,0,0.0000,0,0.0000,0.0000,,0,0.0000
prebreak,605296,2026-01-21,S,S,A,C,S,S,A,28.4000,29.1000,28.0300,1.0700,,0,0.0000,0.0000,,0,0.0000,1,29.1000,28.0300,2026-02-02,1,-1.0200,1,29.1000,28.0300,2026-02-02,1,-1.0200
prebreak,000785,2026-01-22,S,S,A,C,S,S,A,3.2000,3.0100,2.8900,0.1200,,0,0.0000,0.0000,,0,0.0000,0,0.0000,0.0000,,0,0.0000,0,0.0000,0.0000,,0,0.0000
prebreak,002244,2026-01-22,S,S,A,C,S,S,A,10.8511,10.3700,9.9100,0.4600,,0,0.0000,0.0000,,0,0.0000,0,0.0000,0.0000,,0,0.0000,0,0.0000,0.0000,,0,0.0000
prebreak,300075,2026-01-22,S,S,A,C,S,S,A,16.0800,15.6600,15.0700,0.5900,,0,0.0000,0.0000,,0,0.0000,0,0.0000,0.0000,,0,0.0000,0,0.0000,0.0000,,0,0.0000
prebreak,300306,2026-01-22,S,S,A,C,S,S,A,14.6143,13.6800,13.0300,0.6500,,0,0.0000,0.0000,,0,0.0000,0,0.0000,0.0000,,0,0.0000,0,0.0000,0.0000,,0,0.0000
prebreak,600796,2026-01-22,S,S,A,C,S,S,A,6.5368,6.2600,5.9600,0.3000,,0,0.0000,0.0000,,0,0.0000,0,0.0000,0.0000,,0,0.0000,0,0.0000,0.0000,,0,0.0000
prebreak,605377,2026-01-22,S,S,A,C,S,S,A,8.5148,8.5800,8.1200,0.4600,,0,0.0000,0.0000,,0,0.0000,0,0.0000,0.0000,,0,0.0000,0,0.0000,0.0000,,0,0.0000
prebreak,688522,2026-01-22,S,S,A,C,S,S,A,30.8532,29.2800,27.8800,1.4000,,0,0.0000,0.0000,,0,0.0000,0,0.0000,0.0000,,0,0.0000,0,0.0000,0.0000,,0,0.0000
prebreak,000948,2026-01-23,S,S,A,C,S,S,A,17.8247,18.3300,17.4300,0.9000,,0,0.0000,0.0000,,0,0.0000,0,0.0000,0.0000,,0,0.0000,0,0.0000,0.0000,,0,0.0000
prebreak,002127,2026-01-23,S,S,A,C,S,S,A,3.3203,3.3400,3.1900,0.1500,,0,0.0000,0.0000,,0,0.0000,0,0.0000,0.0000,,0,0.0000,0,0.0000,0.0000,,0,0.0000
prebreak,002139,2026-01-23,S,S,A,C,S,S,A,14.3184,14.5900,14.0100,0.5800,,0,0.0000,0.0000,,0,0.0000,0,0.0000,0.0000,,0,0.0000,0,0.0000,0.0000,,0,0.0000
prebreak,002152,2026-01-23,S,S,A,C,S,S,A,13.5278,13.6200,12.9000,0.7200,,0,0.0000,0.0000,,0,0.0000,0,0.0000,0.0000,,0,0.0000,0,0.0000,0.0000,,0,0.0000
prebreak,002191,2026-01-23,S,S,A,C,S,S,A,4.5400,4.5600,4.3800,0.1800,,0,0.0000,0.0000,,0,0.0000,0,0.0000,0.0000,,0,0.0000,0,0.0000,0.0000,,0,0.0000
prebreak,002296,2026-01-23,S,S,A,C,S,S,A,13.0425,11.3700,10.9300,0.4400,,0,0.0000,0.0000,,0,0.0000,0,0.0000,0.0000,,0,0.0000,0,0.0000,0.0000,,0,0.0000
prebreak,002483,2026-01-23,S,S,A,C,S,S,A,7.3648,7.1500,6.8000,0.3500,,0,0.0000,0.0000,,0,0.0000,0,0.0000,0.0000,,0,0.0000,0,0.0000,0.0000,,0,0.0000
prebreak,002662,2026-01-23,S,S,A,C,S,S,A,4.3040,4.0300,3.8600,0.1700,,0,0.0000,0.0000,,0,0.0000,0,0.0000,0.0000,,0,0.0000,0,0.0000,0.0000,,0,0.0000
prebreak,300369,2026-01-23,S,S,A,C,S,S,A,8.1300,7.6600,7.3100,0.3500,,0,0.0000,0.0000,,0,0.0000,0,0.0000,0.0000,,0,0.0000,0,0.0000,0.0000,,0,0.0000
prebreak,300381,2026-01-23,S,S,A,C,S,S,A,7.0683,7.0900,6.8100,0.2800,,0,0.0000,0.0000,,0,0.0000,0,0.0000,0.0000,,0,0.0000,0,0.0000,0.0000,,0,0.0000
prebreak,300565,2026-01-23,S,S,A,C,S,S,A,13.1400,13.1200,12.4300,0.6900,,0,0.0000,0.0000,,0,0.0000,0,0.0000,0.0000,,0,0.0000,0,0.0000,0.0000,,0,0.0000
prebreak,300968,2026-01-23,S,S,A,C,S,S,A,15.3000,15.4100,14.6700,0.7400,,0,0.0000,0.0000,,0,0.0000,0,0.0000,0.0000,,0,0.0000,0,0.0000,0.0000,,0,0.0000
prebreak,301223,2026-01-23,S,S,A,C,S,S,A,19.7834,18.8000,18.1000,0.7000,,0,0.0000,0.0000,,0,0.0000,0,0.0000,0.0000,,0,0.0000,0,0.0000,0.0000,,0,0.0000
prebreak,301376,2026-01-23,S,S,A,C,S,S,A,19.4958,19.8000,18.7600,1.0400,,0,0.0000,0.0000,,0,0.0000,0,0.0000,0.0000,,0,0.0000,0,0.0000,0.0000,,0,0.0000
prebreak,600060,2026-01-23,S,S,A,C,S,S,A,23.8953,23.5600,22.4500,1.1100,,0,0.0000,0.0000,,0,0.0000,0,0.0000,0.0000,,0,0.0000,0,0.0000,0.0000,,0,0.0000
prebreak,600859,2026-01-23,S,S,A,C,S,S,A,15.9000,16.3000,15.4500,0.8500,,0,0.0000,0.0000,,0,0.0000,0,0.0000,0.0000,,0,0.0000,0,0.0000,0.0000,,0,0.0000
prebreak,601019,2026-01-23,S,S,A,C,S,S,A,9.0135,8.6600,8.2800,0.3800,,0,0.0000,0.0000,,0,0.0000,0,0.0000,0.0000,,0,0.0000,0,0.0000,0.0000,,0,0.0000
prebreak,601108,2026-01-23,S,S,A,C,S,S,A,9.0203,9.0600,8.6000,0.4600,,1,9.0600,9.2590,2026-01-30,0,0.4173,1,9.0600,8.8214,2026-02-06,0,-0.5334,1,9.0600,8.6000,2026-02-24,1,-1.0143
prebreak,603826,2026-01-23,S,S,A,C,S,S,A,13.4284,13.8600,13.2700,0.5900,,0,0.0000,0.0000,,0,0.0000,1,13.8600,14.8950,2026-02-06,0,1.7353,1,13.8600,15.8040,2026-03-02,0,3.2750
prebreak,000503,2026-01-26,S,S,A,C,S,S,A,9.9500,10.3100,9.8100,0.5000,,0,0.0000,0.0000,,0,0.0000,0,0.0000,0.0000,,0,0.0000,0,0.0000,0.0000,,0,0.0000
prebreak,000516,2026-01-26,S,S,A,C,S,S,A,5.1600,5.2700,5.0100,0.2600,,0,0.0000,0.0000,,0,0.0000,0,0.0000,0.0000,,0,0.0000,0,0.0000,0.0000,,0,0.0000
prebreak,000925,2026-01-26,S,S,A,C,S,S,A,9.1237,9.0800,8.6100,0.4700,,0,0.0000,0.0000,,0,0.0000,0,0.0000,0.0000,,0,0.0000,0,0.0000,0.0000,,0,0.0000
prebreak,002445,2026-01-26,S,S,A,C,S,S,A,2.7800,2.7400,2.6000,0.1400,,0,0.0000,0.0000,,0,0.0000,0,0.0000,0.0000,,0,0.0000,0,0.0000,0.0000,,0,0.0000
prebreak,002594,2026-01-26,S,S,A,C,S,S,A,92.2853,96.0900,91.9800,4.1100,,0,0.0000,0.0000,,0,0.0000,0,0.0000,0.0000,,0,0.0000,1,96.0900,94.8557,2026-03-03,0,-0.3179
prebreak,300449,2026-01-26,S,S,A,C,S,S,A,7.6200,7.6900,7.3400,0.3500,,0,0.0000,0.0000,,0,0.0000,0,0.0000,0.0000,,0,0.0000,1,7.6900,8.5500,2026-03-03,0,2.4389
prebreak,300479,2026-01-26,S,S,A,C,S,S,A,20.7100,19.5700,18.8600,0.7100,,0,0.0000,0.0000,,0,0.0000,0,0.0000,0.0000,,0,0.0000,0,0.0000,0.0000,,0,0.0000
prebreak,600000,2026-01-26,S,S,A,C,S,S,A,9.8831,11.2700,10.6900,0.5800,,0,0.0000,0.0000,,0,0.0000,0,0.0000,0.0000,,0,0.0000,0,0.0000,0.0000,,0,0.0000
prebreak,600071,2026-01-26,S,S,A,C,S,S,A,21.8000,22.4800,21.3900,1.0900,,1,22.4800,21.3900,2026-01-30,1,-1.0150,1,22.4800,21.3900,2026-01-30,1,-1.0150,1,22.4800,21.3900,2026-01-30,1,-1.0150
prebreak,600469,2026-01-26,S,S,A,C,S,S,A,7.0208,7.1200,6.7700,0.3500,,0,0.0000,0.0000,,0,0.0000,0,0.0000,0.0000,,0,0.0000,0,0.0000,0.0000,,0,0.0000
prebreak,600476,2026-01-26,S,S,A,C,S,S,A,16.7400,17.2500,16.4000,0.8500,,0,0.0000,0.0000,,0,0.0000,0,0.0000,0.0000,,0,0.0000,0,0.0000,0.0000,,0,0.0000
prebreak,600784,2026-01-26,S,S,A,C,S,S,A,7.1526,7.3100,7.0400,0.2700,,0,0.0000,0.0000,,0,0.0000,0,0.0000,0.0000,,0,0.0000,0,0.0000,0.0000,,0,0.0000
prebreak,600814,2026-01-26,S,S,A,C,S,S,A,8.0853,8.1300,7.8100,0.3200,,0,0.0000,0.0000,,0,0.0000,1,8.1300,10.5731,2026-02-09,0,7.6105,1,8.1300,8.0557,2026-03-03,0,-0.2514
prebreak,600938,2026-01-26,S,S,A,C,S,S,A,32.9244,30.1300,28.5600,1.5700,,0,0.0000,0.0000,,0,0.0000,0,0.0000,0.0000,,0,0.0000,0,0.0000,0.0000,,0,0.0000
prebreak,601118,2026-01-26,S,S,A,C,S,S,A,6.8500,6.1600,5.8500,0.3100,,0,0.0000,0.0000,,0,0.0000,0,0.0000,0.0000,,0,0.0000,0,0.0000,0.0000,,0,0.0000
prebreak,603777,2026-01-26,S,S,A,C,S,S,A,13.3800,13.6100,12.9500,0.6600,,0,0.0000,0.0000,,0,0.0000,0,0.0000,0.0000,,0,0.0000,0,0.0000,0.0000,,0,0.0000
prebreak,688789,2026-01-26,S,S,A,C,S,S,A,76.5721,82.4600,78.3200,4.1400,,0,0.0000,0.0000,,0,0.0000,0,0.0000,0.0000,,0,0.0000,1,82.4600,84.3410,2026-03-03,0,0.4389
prebreak,000050,2026-01-27,S,S,A,C,S,S,A,10.4400,10.3200,9.9300,0.3900,,0,0.0000,0.0000,,0,0.0000,0,0.0000,0.0000,,0,0.0000,0,0.0000,0.0000,,0,0.0000
prebreak,000560,2026-01-27,S,S,A,C,S,S,A,2.9800,3.0500,2.9200,0.1300,,0,0.0000,0.0000,,0,0.0000,0,0.0000,0.0000,,0,0.0000,0,0.0000,0.0000,,0,0.0000
prebreak,000582,2026-01-27,S,S,A,C,S,S,A,9.8005,9.9100,9.4600,0.4500,,0,0.0000,0.0000,,0,0.0000,0,0.0000,0.0000,,0,0.0000,0,0.0000,0.0000,,0,0.0000
prebreak,000729,2026-01-27,S,S,A,C,S,S,A,11.8678,12.0000,11.4800,0.5200,,0,0.0000,0.0000,,0,0.0000,0,0.0000,0.0000,,0,0.0000,0,0.0000,0.0000,,0,0.0000
prebreak,000822,2026-01-27,S,S,A,C,S,S,A,5.8200,5.6100,5.3200,0.2900,,1,5.6100,5.4100,2026-02-03,0,-0.7039,1,5.6100,6.4500,2026-02-10,0,2.8800,1,5.6100,6.6100,2026-03-04,0,3.4314
prebreak,000929,2026-01-27,S,S,A,C,S,S,A,10.1400,9.9000,9.3800,0.5200,,1,9.9000,10.0800,2026-02-03,0,0.3315,1,9.9000,9.9600,2026-02-10,0,0.1008,1,9.9000,10.1200,2026-03-04,0,0.4083
prebreak,002330,2026-01-27,S,S,A,C,S,S,A,5.1700,5.2600,5.0100,0.2500,,1,5.2600,5.2100,2026-02-03,0,-0.2159,1,5.2600,5.3300,2026-02-10,0,0.2638,1,5.2600,5.0100,2026-03-02,1,-1.0154
prebreak,002906,2026-01-27,S,S,A,C,S,S,A,32.8575,34.2000,32.3700,1.8300,,0,0.0000,0.0000,,0,0.0000,0,0.0000,0.0000,,0,0.0000,0,0.0000,0.0000,,0,0.0000
prebreak,300177,2026-01-27,S,S,A,C,S,S,A,9.9600,10.5000,10.0100,0.4900,,0,0.0000,0.0000,,0,0.0000,0,0.0000,0.0000,,0,0.0000,0,0.0000,0.0000,,0,0.0000
prebreak,300341,2026-01-27,S,S,A,C,S,S,A,17.8697,17.1900,16.3500,0.8400,,0,0.0000,0.0000,,0,0.0000,0,0.0000,0.0000,,0,0.0000,0,0.0000,0.0000,,0,0.0000
prebreak,300529,2026-01-27,S,S,A,C,S,S,A,20.1082,20.1500,19.3200,0.8300,,0,0.0000,0.0000,,0,0.0000,0,0.0000,0.0000,,0,0.0000,0,0.0000,0.0000,,0,0.0000
prebreak,301297,2026-01-27,S,S,A,C,S,S,A,40.5691,40.2400,38.2000,2.0400,,1,40.2400,39.9006,2026-02-03,0,-0.1812,1,40.2400,38.2000,2026-02-04,1,-1.0144,1,40.2400,38.2000,2026-02-04,1,-1.0144
prebreak,600129,2026-01-27,S,S,A,C,S,S,A,18.0300,18.8800,17.9200,0.9600,,0,0.0000,0.0000,,0,0.0000,1,18.8800,17.9500,2026-02-10,0,-0.9831,1,18.8800,17.9200,2026-02-11,1,-1.0143
prebreak,600540,2026-01-27,S,S,A,C,S,S,A,4.8500,4.7600,4.5200,0.2400,,1,4.7600,4.9400,2026-02-03,0,0.7345,1,4.7600,4.8300,2026-02-10,0,0.2764,1,4.7600,5.3500,2026-03-04,0,2.4417
prebreak,600628,2026-01-27,S,S,A,C,S,S,A,7.9500,8.6200,8.2100,0.4100,,0,0.0000,0.0000,,0,0.0000,0,0.0000,0.0000,,0,0.0000,0,0.0000,0.0000,,0,0.0000
prebreak,603600,2026-01-27,S,S,A,C,S,S,A,11.5262,11.9300,11.4200,0.5100,,0,0.0000,0.0000,,0,0.0000,0,0.0000,0.0000,,0,0.0000,0,0.0000,0.0000,,0,0.0000
prebreak,605499,2026-01-27,S,S,A,C,S,S,A,186.5444,214.0700,203.8200,10.2500,,0,0.0000,0.0000,,0,0.0000,0,0.0000,0.0000,,0,0.0000,0,0.0000,0.0000,,0,0.0000
prebreak,000829,2026-01-28,S,S,A,C,S,S,A,10.3600,10.8700,10.4400,0.4300,,0,0.0000,0.0000,,0,0.0000,1,10.8700,10.9700,2026-02-11,0,0.2132,1,10.8700,10.4400,2026-03-04,1,-1.0186
prebreak,002223,2026-01-28,S,S,A,C,S,S,A,40.6017,41.3600,39.3800,1.9800,,0,0.0000,0.0000,,0,0.0000,0,0.0000,0.0000,,0,0.0000,0,0.0000,0.0000,,0,0.0000
prebreak,002416,2026-01-28,S,S,A,C,S,S,A,12.7311,12.1600,11.5500,0.6100,,0,0.0000,0.0000,,0,0.0000,0,0.0000,0.0000,,0,0.0000,0,0.0000,0.0000,,0,0.0000
prebreak,002831,2026-01-28,S,S,A,C,S,S,A,19.9309,19.5900,18.6900,0.9000,,0,0.0000,0.0000,,0,0.0000,0,0.0000,0.0000,,0,0.0000,0,0.0000,0.0000,,0,0.0000
prebreak,300185,2026-01-28,S,S,A,C,S,S,A,3.0778,3.0600,2.9100,0.1500,,0,0.0000,0.0000,,0,0.0000,0,0.0000,0.0000,,0,0.0000,0,0.0000,0.0000,,0,0.0000
prebreak,300597,2026-01-28,S,S,A,C,S,S,A,9.8200,10.2900,9.7900,0.5000,,0,0.0000,0.0000,,0,0.0000,0,0.0000,0.0000,,0,0.0000,0,0.0000,0.0000,,0,0.0000
prebreak,300883,2026-01-28,S,S,A,C,S,S,A,6.6500,6.8800,6.5900,0.2900,,0,0.0000,0.0000,,0,0.0000,0,0.0000,0.0000,,0,0.0000,0,0.0000,0.0000,,0,0.0000
prebreak,301059,2026-01-28,S,S,A,C,S,S,A,13.5658,12.7700,12.3100,0.4600,,0,0.0000,0.0000,,0,0.0000,0,0.0000,0.0000,,0,0.0000,0,0.0000,0.0000,,0,0.0000
prebreak,600048,2026-01-28,S,S,A,C,S,S,A,6.7496,6.6000,6.2800,0.3200,,1,6.6000,7.1367,2026-02-04,0,1.6604,1,6.6000,6.8290,2026-02-11,0,0.6994,1,6.6000,6.5213,2026-03-05,0,-0.2615
prebreak,600187,2026-01-28,S,S,A,C,S,S,A,2.6500,2.6200,2.5000,0.1200,,0,0.0000,0.0000,,0,0.0000,0,0.0000,0.0000,,0,0.0000,0,0.0000,0.0000,,0,0.0000
prebreak,600824,2026-01-28,S,S,A,C,S,S,A,4.8300,4.8800,4.6800,0.2000,,0,0.0000,0.0000,,0,0.0000,0,0.0000,0.0000,,0,0.0000,0,0.0000,0.0000,,0,0.0000
prebreak,603466,2026-01-28,S,S,A,C,S,S,A,9.1439,9.3900,9.0400,0.3500,,0,0.0000,0.0000,,0,0.0000,0,0.0000,0.0000,,0,0.0000,0,0.0000,0.0000,,0,0.0000
prebreak,603602,2026-01-28,S,S,A,C,S,S,A,15.3900,15.0200,14.4800,0.5400,,0,0.0000,0.0000,,0,0.0000,0,0.0000,0.0000,,0,0.0000,0,0.0000,0.0000,,0,0.0000
prebreak,605296,2026-01-28,S,S,A,C,S,S,A,27.5400,28.8000,27.4400,1.3600,,1,28.8000,28.2800,2026-02-04,0,-0.3982,1,28.8000,28.0300,2026-02-11,0,-0.5819,1,28.8000,27.4400,2026-02-13,1,-1.0155
prebreak,688298,2026-01-28,S,S,A,C,S,S,A,25.8100,25.4500,24.4500,1.0000,,0,0.0000,0.0000,,0,0.0000,0,0.0000,0.0000,,0,0.0000,0,0.0000,0.0000,,0,0.0000
prebreak,000785,2026-01-29,S,S,A,C,S,S,A,3.2100,3.2900,3.1300,0.1600,,0,0.0000,0.0000,,0,0.0000,0,0.0000,0.0000,,0,0.0000,0,0.0000,0.0000,,0,0.0000
prebreak,000958,2026-01-29,S,S,A,C,S,S,A,6.6100,6.8600,6.5100,0.3500,,0,0.0000,0.0000,,0,0.0000,0,0.0000,0.0000,,0,0.0000,0,0.0000,0.0000,,0,0.0000
prebreak,300075,2026-01-29,S,S,A,C,S,S,A,15.3500,15.6600,15.0700,0.5900,,0,0.0000,0.0000,,0,0.0000,0,0.0000,0.0000,,0,0.0000,0,0.0000,0.0000,,0,0.0000
prebreak,300107,2026-01-29,S,S,A,C,S,S,A,7.5300,6.9700,6.7900,0.1800,,1,6.9700,7.3600,2026-02-05,0,2.1359,1,6.9700,8.6800,2026-02-12,0,9.4646,1,6.9700,8.5900,2026-03-06,0,8.9649
prebreak,300231,2026-01-29,S,S,A,C,S,S,A,11.1747,11.1400,10.6500,0.4900,,0,0.0000,0.0000,,0,0.0000,0,0.0000,0.0000,,0,0.0000,0,0.0000,0.0000,,0,0.0000
prebreak,300359,2026-01-29,S,S,A,C,S,S,A,5.6800,5.8300,5.5400,0.2900,,0,0.0000,0.0000,,0,0.0000,0,0.0000,0.0000,,0,0.0000,0,0.0000,0.0000,,0,0.0000
prebreak,300936,2026-01-29,S,S,A,C,S,S,A,40.2500,42.0700,39.9200,2.1500,,0,0.0000,0.0000,,0,0.0000,0,0.0000,0.0000,,0,0.0000,0,0.0000,0.0000,,0,0.0000
prebreak,601077,2026-01-29,S,S,A,C,S,S,A,6.3577,6.1200,5.8100,0.3100,,0,0.0000,0.0000,,0,0.0000,0,0.0000,0.0000,,0,0.0000,0,0.0000,0.0000,,0,0.0000
prebreak,601918,2026-01-29,S,S,A,C,S,S,A,7.1672,7.0500,6.7700,0.2800,,1,7.0500,6.7700,2026-02-02,1,-1.0185,1,7.0500,6.7700,2026-02-02,1,-1.0185,1,7.0500,6.7700,2026-02-02,1,-1.0185
prebreak,603206,2026-01-29,S,S,A,C,S,S,A,16.9473,18.0700,17.2600,0.8100,,0,0.0000,0.0000,,0,0.0000,0,0.0000,0.0000,,0,0.0000,0,0.0000,0.0000,,0,0.0000
prebreak,603559,2026-01-29,S,S,A,C,S,S,A,6.7300,6.9000,6.5700,0.3300,,0,0.0000,0.0000,,0,0.0000,0,0.0000,0.0000,,0,0.0000,0,0.0000,0.0000,,0,0.0000
prebreak,605555,2026-01-29,S,S,A,C,S,S,A,17.8163,19.0600,18.0800,0.9800,,0,0.0000,0.0000,,0,0.0000,1,19.0600,18.2875,2026-02-12,0,-0.8026,1,19.0600,18.0800,2026-02-13,1,-1.0142
prebreak,688522,2026-01-29,S,S,A,C,S,S,A,29.2421,29.2800,27.8800,1.4000,,0,0.0000,0.0000,,0,0.0000,0,0.0000,0.0000,,0,0.0000,0,0.0000,0.0000,,0,0.0000
prebreak,000099,2026-01-30,S,S,A,C,S,S,A,19.7051,21.5200,20.6800,0.8400,,0,0.0000,0.0000,,0,0.0000,0,0.0000,0.0000,,0,0.0000,1,21.5200,21.4052,2026-03-09,0,-0.1561
prebreak,000761,2026-01-30,S,S,A,C,S,S,A,3.6100,3.4700,3.3100,0.1600,,0,0.0000,0.0000,,0,0.0000,0,0.0000,0.0000,,0,0.0000,0,0.0000,0.0000,,0,0.0000
prebreak,000948,2026-01-30,S,S,A,C,S,S,A,16.8472,18.3300,17.4300,0.9000,,0,0.0000,0.0000,,0,0.0000,0,0.0000,0.0000,,0,0.0000,0,0.0000,0.0000,,0,0.0000
prebreak,001260,2026-01-30,S,S,A,C,S,S,A,21.6703,20.3100,19.3000,1.0100,,0,0.0000,0.0000,,0,0.0000,0,0.0000,0.0000,,0,0.0000,0,0.0000,0.0000,,0,0.0000
prebreak,002099,2026-01-30,S,S,A,C,S,S,A,6.3300,6.6000,6.3000,0.3000,,1,6.6000,7.5100,2026-02-06,0,3.0147,1,6.6000,7.4800,2026-02-13,0,2.9148,1,6.6000,7.5300,2026-03-09,0,3.0813
prebreak,002127,2026-01-30,S,S,A,C,S,S,A,3.1538,3.3600,3.1900,0.1700,,0,0.0000,0.0000,,0,0.0000,0,0.0000,0.0000,,0,0.0000,0,0.0000,0.0000,,0,0.0000
prebreak,002152,2026-01-30,S,S,A,C,S,S,A,12.6541,13.6200,12.9000,0.7200,,0,0.0000,0.0000,,0,0.0000,0,0.0000,0.0000,,0,0.0000,0,0.0000,0.0000,,0,0.0000
prebreak,002191,2026-01-30,S,S,A,C,S,S,A,4.0000,4.5700,4.3400,0.2300,,0,0.0000,0.0000,,0,0.0000,0,0.0000,0.0000,,0,0.0000,0,0.0000,0.0000,,0,0.0000
prebreak,002293,2026-01-30,S,S,A,C,S,S,A,10.0383,9.9200,9.4500,0.4700,,1,9.9200,9.4500,2026-02-03,1,-1.0154,1,9.9200,9.4500,2026-02-03,1,-1.0154,1,9.9200,9.4500,2026-02-03,1,-1.0154
prebreak,002439,2026-01-30,S,S,A,C,S,S,A,14.1900,15.2300,14.4700,0.7600,,0,0.0000,0.0000,,0,0.0000,0,0.0000,0.0000,,0,0.0000,0,0.0000,0.0000,,0,0.0000
prebreak,002662,2026-01-30,S,S,A,C,S,S,A,4.1267,4.0300,3.8600,0.1700,,0,0.0000,0.0000,,0,0.0000,0,0.0000,0.0000,,0,0.0000,0,0.0000,0.0000,,0,0.0000
prebreak,002845,2026-01-30,S,S,A,C,S,S,A,14.5488,14.8700,14.2600,0.6100,,0,0.0000,0.0000,,0,0.0000,0,0.0000,0.0000,,0,0.0000,0,0.0000,0.0000,,0,0.0000
prebreak,300251,2026-01-30,S,S,A,C,S,S,A,19.3320,17.4000,16.6200,0.7800,,1,17.4000,20.2215,2026-02-06,0,3.5981,1,17.4000,26.9028,2026-02-13,0,12.1584,1,17.4000,16.6200,2026-03-09,1,-1.0163
prebreak,300417,2026-01-30,S,S,A,C,S,S,A,13.1504,13.9900,13.2600,0.7300,,1,13.9900,13.9562,2026-02-06,0,-0.0609,1,13.9900,14.4734,2026-02-13,0,0.6472,1,13.9900,13.2600,2026-03-04,1,-1.0139
prebreak,300565,2026-01-30,S,S,A,C,S,S,A,12.5600,13.1200,12.4300,0.6900,,0,0.0000,0.0000,,0,0.0000,0,0.0000,0.0000,,0,0.0000,0,0.0000,0.0000,,0,0.0000
prebreak,300968,2026-01-30,S,S,A,C,S,S,A,14.1500,15.4100,14.6700,0.7400,,0,0.0000,0.0000,,0,0.0000,0,0.0000,0.0000,,0,0.0000,0,0.0000,0.0000,,0,0.0000
prebreak,600019,2026-01-30,S,S,A,C,S,S,A,7.0683,7.2100,6.8800,0.3300,,0,0.0000,0.0000,,0,0.0000,0,0.0000,0.0000,,0,0.0000,0,0.0000,0.0000,,0,0.0000
prebreak,600060,2026-01-30,S,S,A,C,S,S,A,24.0015,24.3500,23.0700,1.2800,,1,24.3500,23.4416,2026-02-06,0,-0.7237,1,24.3500,23.0700,2026-02-12,1,-1.0138,1,24.3500,23.0700,2026-02-12,1,-1.0138
prebreak,600178,2026-01-30,S,S,A,C,S,S,A,12.2944,13.2800,12.6900,0.5900,,0,0.0000,0.0000,,0,0.0000,0,0.0000,0.0000,,0,0.0000,0,0.0000,0.0000,,0,0.0000
prebreak,600354,2026-01-30,S,S,A,C,S,S,A,7.9200,6.9900,6.6500,0.3400,,1,6.9900,6.8100,2026-02-06,0,-0.5447,1,6.9900,6.6500,2026-02-12,1,-1.0150,1,6.9900,6.6500,2026-02-12,1,-1.0150
prebreak,600369,2026-01-30,S,S,A,C,S,S,A,4.4969,4.5700,4.4000,0.1700,,0,0.0000,0.0000,,0,0.0000,0,0.0000,0.0000,,0,0.0000,0,0.0000,0.0000,,0,0.0000
prebreak,600398,2026-01-30,S,S,A,C,S,S,A,5.7498,5.9200,5.6600,0.2600,,1,5.9200,5.8811,2026-02-06,0,-0.1669,1,5.9200,5.7029,2026-02-13,0,-0.8519,1,5.9200,5.7404,2026-03-09,0,-0.7077
prebreak,600859,2026-01-30,S,S,A,C,S,S,A,14.5000,16.3000,15.4500,0.8500,,0,0.0000,0.0000,,0,0.0000,0,0.0000,0.0000,,0,0.0000,0,0.0000,0.0000,,0,0.0000
prebreak,601019,2026-01-30,S,S,A,C,S,S,A,8.8782,9.1000,8.6900,0.4100,,0,0.0000,0.0000,,0,0.0000,0,0.0000,0.0000,,0,0.0000,0,0.0000,0.0000,,0,0.0000
prebreak,688475,2026-01-30,S,S,A,C,S,S,A,30.1820,32.0800,30.5000,1.5800,,0,0.0000,0.0000,,0,0.0000,0,0.0000,0.0000,,0,0.0000,0,0.0000,0.0000,,0,0.0000
prebreak,000050,2026-02-03,S,S,A,C,S,S,A,9.3000,10.6700,10.1200,0.5500,,0,0.0000,0.0000,,0,0.0000,0,0.0000,0.0000,,0,0.0000,0,0.0000,0.0000,,0,0.0000
prebreak,000525,2026-02-03,S,S,A,C,S,S,A,5.6400,5.9700,5.6700,0.3000,,0,0.0000,0.0000,,0,0.0000,0,0.0000,0.0000,,0,0.0000,0,0.0000,0.0000,,0,0.0000
prebreak,000795,2026-02-03,S,S,A,C,S,S,A,10.0477,10.6400,10.2200,0.4200,,0,0.0000,0.0000,,0,0.0000,1,10.6400,10.7182,2026-02-25,0,0.1668,1,10.6400,10.2200,2026-03-03,1,-1.0186
prebreak,000881,2026-02-03,S,S,A,C,S,S,A,8.3300,9.4300,8.9400,0.4900,,0,0.0000,0.0000,,0,0.0000,0,0.0000,0.0000,,0,0.0000,0,0.0000,0.0000,,0,0.0000
prebreak,002045,2026-02-03,S,S,A,C,S,S,A,13.7479,15.1800,14.5100,0.6700,,0,0.0000,0.0000,,0,0.0000,0,0.0000,0.0000,,0,0.0000,0,0.0000,0.0000,,0,0.0000
prebreak,002063,2026-02-03,S,S,A,C,S,S,A,6.4914,6.9400,6.6200,0.3200,,0,0.0000,0.0000,,0,0.0000,0,0.0000,0.0000,,0,0.0000,1,6.9400,7.3662,2026-03-11,0,1.3145
prebreak,002085,2026-02-03,S,S,A,C,S,S,A,15.8691,16.9300,16.0300,0.9000,,0,0.0000,0.0000,,0,0.0000,0,0.0000,0.0000,,0,0.0000,0,0.0000,0.0000,,0,0.0000
prebreak,002219,2026-02-03,S,S,A,C,S,S,A,2.3900,2.2700,2.1700,0.1000,,0,0.0000,0.0000,,0,0.0000,0,0.0000,0.0000,,0,0.0000,0,0.0000,0.0000,,0,0.0000
prebreak,002605,2026-02-03,S,S,A,C,S,S,A,25.1412,23.6700,22.4500,1.2200,,0,0.0000,0.0000,,0,0.0000,0,0.0000,0.0000,,0,0.0000,0,0.0000,0.0000,,0,0.0000
prebreak,300292,2026-02-03,S,S,A,C,S,S,A,4.7600,4.7300,4.4800,0.2500,,0,0.0000,0.0000,,0,0.0000,0,0.0000,0.0000,,0,0.0000,0,0.0000,0.0000,,0,0.0000
prebreak,300341,2026-02-03,S,S,A,C,S,S,A,17.0837,18.6100,17.6700,0.9400,,0,0.0000,0.0000,,0,0.0000,0,0.0000,0.0000,,0,0.0000,0,0.0000,0.0000,,0,0.0000
prebreak,300525,2026-02-03,S,S,A,C,S,S,A,13.3268,14.4100,13.7300,0.6800,,0,0.0000,0.0000,,0,0.0000,0,0.0000,0.0000,,0,0.0000,0,0.0000,0.0000,,0,0.0000
prebreak,300529,2026-02-03,S,S,A,C,S,S,A,19.9042,20.1800,19.3200,0.8600,,0,0.0000,0.0000,,0,0.0000,0,0.0000,0.0000,,0,0.0000,0,0.0000,0.0000,,0,0.0000
prebreak,300541,2026-02-03,S,S,A,C,S,S,A,16.3001,15.6500,15.0900,0.5600,,0,0.0000,0.0000,,0,0.0000,0,0.0000,0.0000,,0,0.0000,0,0.0000,0.0000,,0,0.0000
prebreak,300628,2026-02-03,S,S,A,C,S,S,A,37.2066,36.3300,34.5100,1.8200,,0,0.0000,0.0000,,0,0.0000,0,0.0000,0.0000,,0,0.0000,0,0.0000,0.0000,,0,0.0000
prebreak,300691,2026-02-03,S,S,A,C,S,S,A,17.2900,18.2300,17.3600,0.8700,,0,0.0000,0.0000,,0,0.0000,0,0.0000,0.0000,,0,0.0000,0,0.0000,0.0000,,0,0.0000
prebreak,300760,2026-02-03,S,S,A,C,S,S,A,186.2441,192.9200,184.4900,8.4300,,0,0.0000,0.0000,,0,0.0000,0,0.0000,0.0000,,0,0.0000,0,0.0000,0.0000,,0,0.0000
prebreak,301297,2026-02-03,S,S,A,C,S,S,A,39.9006,40.2400,38.2000,2.0400,,0,0.0000,0.0000,,0,0.0000,0,0.0000,0.0000,,0,0.0000,0,0.0000,0.0000,,0,0.0000
prebreak,600088,2026-02-03,S,S,A,C,S,S,A,18.1442,17.5200,16.7800,0.7400,,0,0.0000,0.0000,,0,0.0000,0,0.0000,0.0000,,0,0.0000,0,0.0000,0.0000,,0,0.0000
prebreak,600129,2026-02-03,S,S,A,C,S,S,A,17.8100,18.2200,17.3800,0.8400,,0,0.0000,0.0000,,0,0.0000,0,0.0000,0.0000,,0,0.0000,0,0.0000,0.0000,,0,0.0000
prebreak,600348,2026-02-03,S,S,A,C,S,S,A,8.9285,8.3200,7.9000,0.4200,,0,0.0000,0.0000,,0,0.0000,0,0.0000,0.0000,,0,0.0000,0,0.0000,0.0000,,0,0.0000
prebreak,600350,2026-02-03,S,S,A,C,S,S,A,9.8030,9.9900,9.6300,0.3600,,0,0.0000,0.0000,,0,0.0000,0,0.0000,0.0000,,0,0.0000,0,0.0000,0.0000,,0,0.0000
prebreak,600926,2026-02-03,S,S,A,C,S,S,A,15.5751,16.0500,15.2900,0.7600,,0,0.0000,0.0000,,0,0.0000,0,0.0000,0.0000,,0,0.0000,0,0.0000,0.0000,,0,0.0000
prebreak,603313,2026-02-03,S,S,A,C,S,S,A,9.2600,9.2300,8.8500,0.3800,,0,0.0000,0.0000,,0,0.0000,0,0.0000,0.0000,,0,0.0000,0,0.0000,0.0000,,0,0.0000
prebreak,605499,2026-02-03,S,S,A,C,S,S,A,192.7294,214.0700,203.8200,10.2500,,0,0.0000,0.0000,,0,0.0000,0,0.0000,0.0000,,0,0.0000,0,0.0000,0.0000,,0,0.0000
prebreak,688050,2026-02-03,S,S,A,C,S,S,A,59.3916,61.1100,58.8500,2.2600,,0,0.0000,0.0000,,0,0.0000,0,0.0000,0.0000,,0,0.0000,1,61.1100,58.8500,2026-03-03,1,-1.0199
prebreak,000069,2026-02-04,S,S,A,C,S,S,A,2.7800,2.7900,2.6400,0.1500,,0,0.0000,0.0000,,0,0.0000,0,0.0000,0.0000,,0,0.0000,0,0.0000,0.0000,,0,0.0000
prebreak,000096,2026-02-04,S,S,A,C,S,S,A,11.2300,11.3500,10.9100,0.4400,,0,0.0000,0.0000,,0,0.0000,0,0.0000,0.0000,,0,0.0000,1,11.3500,11.1800,2026-03-12,0,-0.4057
prebreak,000786,2026-02-04,S,S,A,C,S,S,A,28.5884,25.1800,24.2800,0.9000,,0,0.0000,0.0000,,0,0.0000,0,0.0000,0.0000,,0,0.0000,0,0.0000,0.0000,,0,0.0000
prebreak,000829,2026-02-04,S,S,A,C,S,S,A,10.3500,10.6000,10.0800,0.5200,,0,0.0000,0.0000,,0,0.0000,0,0.0000,0.0000,,0,0.0000,0,0.0000,0.0000,,0,0.0000
prebreak,002416,2026-02-04,S,S,A,C,S,S,A,12.4057,12.5700,12.0000,0.5700,,1,12.5700,12.9800,2026-02-11,0,0.7021,1,12.5700,13.6788,2026-02-26,0,1.9273,1,12.5700,12.0000,2026-03-09,1,-1.0161
prebreak,002831,2026-02-04,S,S,A,C,S,S,A,20.9869,19.5900,18.6900,0.9000,,0,0.0000,0.0000,,0,0.0000,0,0.0000,0.0000,,0,0.0000,0,0.0000,0.0000,,0,0.0000
prebreak,300597,2026-02-04,S,S,A,C,S,S,A,9.9600,10.0500,9.5400,0.5100,,0,0.0000,0.0000,,0,0.0000,0,0.0000,0.0000,,0,0.0000,0,0.0000,0.0000,,0,0.0000
prebreak,300708,2026-02-04,S,S,A,C,S,S,A,10.2187,10.3600,9.8800,0.4800,,0,0.0000,0.0000,,0,0.0000,1,10.3600,10.8169,2026-02-26,0,0.9348,1,10.3600,11.8637,2026-03-12,0,3.1143
prebreak,300783,2026-02-04,S,S,A,C,S,S,A,23.9379,24.4900,23.2900,1.2000,,0,0.0000,0.0000,,0,0.0000,0,0.0000,0.0000,,0,0.0000,0,0.0000,0.0000,,0,0.0000
prebreak,600038,2026-02-04,S,S,A,C,S,S,A,37.5754,38.4700,36.8500,1.6200,,0,0.0000,0.0000,,0,0.0000,0,0.0000,0.0000,,0,0.0000,0,0.0000,0.0000,,0,0.0000
prebreak,600186,2026-02-04,S,S,A,C,S,S,A,5.8600,6.3200,6.0500,0.2700,,1,6.3200,6.6300,2026-02-11,0,1.1296,1,6.3200,6.3000,2026-02-26,0,-0.0918,1,6.3200,6.0500,2026-03-03,1,-1.0172
prebreak,600320,2026-02-04,S,S,A,C,S,S,A,5.2485,5.3400,5.0600,0.2800,,0,0.0000,0.0000,,0,0.0000,0,0.0000,0.0000,,0,0.0000,0,0.0000,0.0000,,0,0.0000
prebreak,600609,2026-02-04,S,S,A,C,S,S,A,4.7395,4.8000,4.6200,0.1800,,0,0.0000,0.0000,,0,0.0000,0,0.0000,0.0000,,0,0.0000,0,0.0000,0.0000,,0,0.0000
prebreak,600845,2026-02-04,S,S,A,C,S,S,A,22.4601,24.2600,23.0700,1.1900,,0,0.0000,0.0000,,0,0.0000,0,0.0000,0.0000,,0,0.0000,0,0.0000,0.0000,,0,0.0000
prebreak,603281,2026-02-04,S,S,A,C,S,S,A,22.1690,21.6900,20.7100,0.9800,,0,0.0000,0.0000,,0,0.0000,0,0.0000,0.0000,,0,0.0000,0,0.0000,0.0000,,0,0.0000
prebreak,603602,2026-02-04,S,S,A,C,S,S,A,14.0700,15.0200,14.4800,0.5400,,0,0.0000,0.0000,,0,0.0000,0,0.0000,0.0000,,0,0.0000,0,0.0000,0.0000,,0,0.0000
prebreak,603956,2026-02-04,S,S,A,C,S,S,A,7.0200,6.8700,6.5200,0.3500,,0,0.0000,0.0000,,0,0.0000,0,0.0000,0.0000,,0,0.0000,0,0.0000,0.0000,,0,0.0000
prebreak,605089,2026-02-04,S,S,A,C,S,S,A,28.6577,26.4800,25.2000,1.2800,,0,0.0000,0.0000,,0,0.0000,0,0.0000,0.0000,,0,0.0000,0,0.0000,0.0000,,0,0.0000
prebreak,688439,2026-02-04,S,S,A,C,S,S,A,60.4992,66.5700,63.3200,3.2500,,0,0.0000,0.0000,,0,0.0000,0,0.0000,0.0000,,0,0.0000,0,0.0000,0.0000,,0,0.0000
prebreak,000532,2026-02-05,S,S,A,C,S,S,A,15.8763,16.0500,15.3800,0.6700,,0,0.0000,0.0000,,0,0.0000,0,0.0000,0.0000,,0,0.0000,0,0.0000,0.0000,,0,0.0000
prebreak,000785,2026-02-05,S,S,A,C,S,S,A,2.9900,3.2900,3.1300,0.1600,,0,0.0000,0.0000,,0,0.0000,0,0.0000,0.0000,,0,0.0000,0,0.0000,0.0000,,0,0.0000
prebreak,002299,2026-02-05,S,S,A,C,S,S,A,17.0338,16.9800,16.1300,0.8500,,1,16.9800,17.9828,2026-02-12,0,1.1639,1,16.9800,19.0802,2026-02-27,0,2.4541,1,16.9800,18.2992,2026-03-13,0,1.5358
prebreak,002649,2026-02-05,S,S,A,C,S,S,A,13.2428,14.3600,13.7000,0.6600,,0,0.0000,0.0000,,0,0.0000,0,0.0000,0.0000,,0,0.0000,0,0.0000,0.0000,,0,0.0000
prebreak,002867,2026-02-05,S,S,A,C,S,S,A,12.1180,12.1200,11.5500,0.5700,,0,0.0000,0.0000,,0,0.0000,0,0.0000,0.0000,,0,0.0000,0,0.0000,0.0000,,0,0.0000
prebreak,300075,2026-02-05,S,S,A,C,S,S,A,14.8200,15.2500,14.5000,0.7500,,0,0.0000,0.0000,,0,0.0000,0,0.0000,0.0000,,0,0.0000,0,0.0000,0.0000,,0,0.0000
prebreak,300303,2026-02-05,S,S,A,C,S,S,A,6.9717,7.1200,6.7500,0.3700,,1,7.1200,7.3667,2026-02-12,0,0.6518,1,7.1200,9.1047,2026-02-27,0,5.3462,1,7.1200,10.2700,2026-03-13,0,8.4935
prebreak,300590,2026-02-05,S,S,A,C,S,S,A,12.2826,12.6100,12.0800,0.5300,,0,0.0000,0.0000,,0,0.0000,0,0.0000,0.0000,,0,0.0000,0,0.0000,0.0000,,0,0.0000
prebreak,301101,2026-02-05,S,S,A,C,S,S,A,39.7032,44.9800,42.7300,2.2500,,0,0.0000,0.0000,,0,0.0000,0,0.0000,0.0000,,0,0.0000,0,0.0000,0.0000,,0,0.0000
prebreak,301301,2026-02-05,S,S,A,C,S,S,A,10.7066,11.3100,10.7300,0.5800,,0,0.0000,0.0000,,0,0.0000,0,0.0000,0.0000,,0,0.0000,0,0.0000,0.0000,,0,0.0000
prebreak,600171,2026-02-05,S,S,A,C,S,S,A,31.0635,33.2700,31.7700,1.5000,,0,0.0000,0.0000,,0,0.0000,0,0.0000,0.0000,,0,0.0000,0,0.0000,0.0000,,0,0.0000
prebreak,600739,2026-02-05,S,S,A,C,S,S,A,12.0500,12.6500,12.1100,0.5400,,0,0.0000,0.0000,,0,0.0000,0,0.0000,0.0000,,0,0.0000,0,0.0000,0.0000,,0,0.0000
prebreak,600796,2026-02-05,S,S,A,C,S,S,A,7.2421,6.6200,6.3200,0.3000,,1,6.6200,6.6759,2026-02-12,0,0.1693,1,6.6200,6.9739,2026-02-27,0,1.1621,1,6.6200,7.0037,2026-03-13,0,1.2614
prebreak,601077,2026-02-05,S,S,A,C,S,S,A,6.4559,6.3900,6.0800,0.3100,,0,0.0000,0.0000,,0,0.0000,0,0.0000,0.0000,,0,0.0000,0,0.0000,0.0000,,0,0.0000
prebreak,601088,2026-02-05,S,S,A,C,S,S,A,40.8344,40.3700,38.8000,1.5700,,0,0.0000,0.0000,,0,0.0000,0,0.0000,0.0000,,0,0.0000,0,0.0000,0.0000,,0,0.0000
prebreak,601225,2026-02-05,S,S,A,C,S,S,A,21.1033,21.3200,20.3400,0.9800,,0,0.0000,0.0000,,0,0.0000,0,0.0000,0.0000,,0,0.0000,0,0.0000,0.0000,,0,0.0000
prebreak,601999,2026-02-05,S,S,A,C,S,S,A,7.6600,7.7500,7.3400,0.4100,,1,7.7500,7.5800,2026-02-12,0,-0.4287,1,7.7500,7.6100,2026-02-27,0,-0.3556,1,7.7500,7.3400,2026-03-02,1,-1.0137
prebreak,603042,2026-02-05,S,S,A,C,S,S,A,14.3593,14.1700,13.4400,0.7300,,1,14.1700,14.7590,2026-02-12,0,0.7916,1,14.1700,15.0050,2026-02-27,0,1.1284,1,14.1700,15.6123,2026-03-13,0,1.9597
prebreak,603160,2026-02-05,S,S,A,C,S,S,A,76.6441,85.2000,80.8500,4.3500,,0,0.0000,0.0000,,0,0.0000,0,0.0000,0.0000,,0,0.0000,0,0.0000,0.0000,,0,0.0000
prebreak,603317,2026-02-05,S,S,A,C,S,S,A,14.0201,12.6200,12.0500,0.5700,2026-03-12（报告期 2025-12-31 00:00:00）,1,12.6200,12.9959,2026-02-12,0,0.6422,1,12.6200,12.9669,2026-02-27,0,0.5914,1,12.6200,12.0500,2026-03-12,1,-1.0162
prebreak,603559,2026-02-05,S,S,A,C,S,S,A,6.5500,6.9000,6.5700,0.3300,,0,0.0000,0.0000,,0,0.0000,0,0.0000,0.0000,,0,0.0000,0,0.0000,0.0000,,0,0.0000
prebreak,603927,2026-02-05,S,S,A,C,S,S,A,18.8195,20.4400,19.4700,0.9700,,0,0.0000,0.0000,,0,0.0000,0,0.0000,0.0000,,0,0.0000,0,0.0000,0.0000,,0,0.0000
prebreak,603985,2026-02-05,S,S,A,C,S,S,A,15.1430,17.1100,16.2600,0.8500,,1,17.1100,17.5471,2026-02-12,0,0.4986,1,17.1100,17.9860,2026-02-27,0,1.0146,1,17.1100,17.9860,2026-03-13,0,1.0146
prebreak,605098,2026-02-05,S,S,A,C,S,S,A,45.2750,42.6900,40.7100,1.9800,,0,0.0000,0.0000,,0,0.0000,0,0.0000,0.0000,,0,0.0000,0,0.0000,0.0000,,0,0.0000
prebreak,688009,2026-02-05,S,S,A,C,S,S,A,5.4511,5.5400,5.2500,0.2900,,0,0.0000,0.0000,,0,0.0000,0,0.0000,0.0000,,0,0.0000,0,0.0000,0.0000,,0,0.0000
prebreak,000761,2026-02-06,S,S,A,C,S,S,A,3.7100,3.4700,3.3100,0.1600,,0,0.0000,0.0000,,0,0.0000,0,0.0000,0.0000,,0,0.0000,0,0.0000,0.0000,,0,0.0000
prebreak,001260,2026-02-06,S,S,A,C,S,S,A,22.8280,20.3100,19.3000,1.0100,,0,0.0000,0.0000,,0,0.0000,0,0.0000,0.0000,,0,0.0000,0,0.0000,0.0000,,0,0.0000
prebreak,002079,2026-02-06,S,S,A,C,S,S,A,10.7274,10.0600,9.7200,0.3400,,1,10.0600,11.2168,2026-02-13,0,3.3777,1,10.0600,10.8972,2026-03-02,0,2.4382,1,10.0600,10.3578,2026-03-16,0,0.8528
prebreak,002099,2026-02-06,S,S,A,C,S,S,A,7.5100,6.6000,6.3000,0.3000,,1,6.6000,7.4800,2026-02-13,0,2.9148,1,6.6000,7.9900,2026-03-02,0,4.6137,1,6.6000,7.2600,2026-03-16,0,2.1819
prebreak,002142,2026-02-06,S,S,A,C,S,S,A,31.3758,30.5800,29.0000,1.5800,,0,0.0000,0.0000,,0,0.0000,0,0.0000,0.0000,,0,0.0000,0,0.0000,0.0000,,0,0.0000
prebreak,002152,2026-02-06,S,S,A,C,S,S,A,12.4087,12.8000,12.3200,0.4800,,0,0.0000,0.0000,,0,0.0000,0,0.0000,0.0000,,0,0.0000,0,0.0000,0.0000,,0,0.0000
prebreak,002415,2026-02-06,S,S,A,C,S,S,A,31.9066,31.7900,30.4200,1.3700,,0,0.0000,0.0000,,0,0.0000,0,0.0000,0.0000,,0,0.0000,0,0.0000,0.0000,,0,0.0000
prebreak,002662,2026-02-06,S,S,A,C,S,S,A,4.1070,4.2000,3.9900,0.2100,,0,0.0000,0.0000,,0,0.0000,0,0.0000,0.0000,,0,0.0000,0,0.0000,0.0000,,0,0.0000
prebreak,002845,2026-02-06,S,S,A,C,S,S,A,14.5090,14.8400,14.1700,0.6700,,0,0.0000,0.0000,,0,0.0000,0,0.0000,0.0000,,0,0.0000,0,0.0000,0.0000,,0,0.0000
prebreak,300011,2026-02-06,S,S,A,C,S,S,A,8.9300,8.4600,8.0800,0.3800,,0,0.0000,0.0000,,0,0.0000,0,0.0000,0.0000,,0,0.0000,0,0.0000,0.0000,,0,0.0000
prebreak,300146,2026-02-06,S,S,A,C,S,S,A,11.8123,12.0100,11.4100,0.6000,,0,0.0000,0.0000,,0,0.0000,0,0.0000,0.0000,,0,0.0000,0,0.0000,0.0000,,0,0.0000
prebreak,300251,2026-02-06,S,S,A,C,S,S,A,20.2215,17.4000,16.6200,0.7800,,1,17.4000,26.9028,2026-02-13,0,12.1584,1,17.4000,18.4821,2026-03-02,0,1.3694,1,17.4000,16.6200,2026-03-09,1,-1.0163
prebreak,300565,2026-02-06,S,S,A,C,S,S,A,12.4500,12.8000,12.2600,0.5400,,0,0.0000,0.0000,,0,0.0000,0,0.0000,0.0000,,0,0.0000,0,0.0000,0.0000,,0,0.0000
prebreak,300566,2026-02-06,S,S,A,C,S,S,A,20.0404,20.0400,19.2200,0.8200,,0,0.0000,0.0000,,0,0.0000,0,0.0000,0.0000,,0,0.0000,0,0.0000,0.0000,,0,0.0000
prebreak,300968,2026-02-06,S,S,A,C,S,S,A,13.7100,14.1800,13.5500,0.6300,,0,0.0000,0.0000,,0,0.0000,0,0.0000,0.0000,,0,0.0000,0,0.0000,0.0000,,0,0.0000
prebreak,600019,2026-02-06,S,S,A,C,S,S,A,6.8746,7.2100,6.8800,0.3300,,0,0.0000,0.0000,,0,0.0000,0,0.0000,0.0000,,0,0.0000,0,0.0000,0.0000,,0,0.0000
prebreak,600032,2026-02-06,S,S,A,C,S,S,A,7.9060,8.1700,7.7600,0.4100,,0,0.0000,0.0000,,0,0.0000,1,8.1700,8.3546,2026-03-02,0,0.4348,1,8.1700,8.6038,2026-03-16,0,1.0424
prebreak,600060,2026-02-06,S,S,A,C,S,S,A,23.4416,24.3500,23.0700,1.2800,,0,0.0000,0.0000,,0,0.0000,0,0.0000,0.0000,,0,0.0000,0,0.0000,0.0000,,0,0.0000
prebreak,600335,2026-02-06,S,S,A,C,S,S,A,6.4045,6.5600,6.3400,0.2200,,0,0.0000,0.0000,,0,0.0000,0,0.0000,0.0000,,0,0.0000,0,0.0000,0.0000,,0,0.0000
prebreak,600354,2026-02-06,S,S,A,C,S,S,A,6.8100,6.9900,6.6500,0.3400,,0,0.0000,0.0000,,0,0.0000,0,0.0000,0.0000,,0,0.0000,0,0.0000,0.0000,,0,0.0000
prebreak,600398,2026-02-06,S,S,A,C,S,S,A,5.8811,5.9200,5.6300,0.2900,,0,0.0000,0.0000,,0,0.0000,1,5.9200,5.9186,2026-03-02,0,-0.0203,1,5.9200,5.8998,2026-03-16,0,-0.0850
prebreak,600746,2026-02-06,S,S,A,C,S,S,A,7.6700,7.8800,7.4800,0.4000,,0,0.0000,0.0000,,0,0.0000,0,0.0000,0.0000,,0,0.0000,0,0.0000,0.0000,,0,0.0000
prebreak,600809,2026-02-06,S,S,A,C,S,S,A,166.6515,164.2100,156.2300,7.9800,,0,0.0000,0.0000,,0,0.0000,0,0.0000,0.0000,,0,0.0000,0,0.0000,0.0000,,0,0.0000
prebreak,600866,2026-02-06,S,S,A,C,S,S,A,6.7458,6.8900,6.5400,0.3500,,0,0.0000,0.0000,,0,0.0000,1,6.8900,7.2084,2026-03-02,0,0.8943,1,6.8900,7.4398,2026-03-16,0,1.5548
prebreak,603082,2026-02-06,S,S,A,C,S,S,A,37.0281,37.9400,36.4100,1.5300,,1,37.9400,38.1926,2026-02-13,0,0.1461,1,37.9400,39.2387,2026-03-02,0,0.8294,1,37.9400,37.4130,2026-03-16,0,-0.3631
prebreak,603826,2026-02-06,S,S,A,C,S,S,A,14.8950,13.8600,13.2700,0.5900,,1,13.8600,14.0548,2026-02-13,0,0.3121,1,13.8600,15.8040,2026-03-02,0,3.2750,1,13.8600,18.4545,2026-03-16,0,7.7646
prebreak,000726,2026-02-09,S,S,A,C,S,S,A,7.4515,7.5800,7.2200,0.3600,,0,0.0000,0.0000,,0,0.0000,0,0.0000,0.0000,,0,0.0000,0,0.0000,0.0000,,0,0.0000
prebreak,001914,2026-02-09,S,S,A,C,S,S,A,11.3908,11.5300,11.0600,0.4700,,0,0.0000,0.0000,,0,0.0000,1,11.5300,11.0600,2026-03-02,1,-1.0180,1,11.5300,11.0600,2026-03-02,1,-1.0180
prebreak,002376,2026-02-09,S,S,A,C,S,S,A,7.8645,7.7600,7.4800,0.2800,,0,0.0000,0.0000,,0,0.0000,0,0.0000,0.0000,,0,0.0000,0,0.0000,0.0000,,0,0.0000
prebreak,002526,2026-02-09,S,S,A,C,S,S,A,3.8148,3.8700,3.6900,0.1800,,1,3.8700,3.8845,2026-02-24,0,0.0643,1,3.8700,3.6900,2026-03-03,1,-1.0157,1,3.8700,3.6900,2026-03-03,1,-1.0157
prebreak,002584,2026-02-09,S,S,A,C,S,S,A,8.8900,8.9400,8.5400,0.4000,,0,0.0000,0.0000,,0,0.0000,0,0.0000,0.0000,,0,0.0000,0,0.0000,0.0000,,0,0.0000
prebreak,002594,2026-02-09,S,S,A,C,S,S,A,89.7248,93.5000,89.5000,4.0000,,0,0.0000,0.0000,,0,0.0000,1,93.5000,94.8557,2026-03-03,0,0.3209,1,93.5000,102.4872,2026-03-17,0,2.2276
prebreak,002933,2026-02-09,S,S,A,C,S,S,A,35.8649,36.5000,34.8200,1.6800,,1,36.5000,37.1040,2026-02-24,0,0.3428,1,36.5000,34.8200,2026-03-03,1,-1.0159,1,36.5000,34.8200,2026-03-03,1,-1.0159
prebreak,600000,2026-02-09,S,S,A,C,S,S,A,9.7208,9.8400,9.4400,0.4000,,0,0.0000,0.0000,,0,0.0000,0,0.0000,0.0000,,0,0.0000,0,0.0000,0.0000,,0,0.0000
prebreak,600188,2026-02-09,S,S,A,C,S,S,A,15.6604,14.2300,13.5100,0.7200,,0,0.0000,0.0000,,0,0.0000,0,0.0000,0.0000,,0,0.0000,0,0.0000,0.0000,,0,0.0000
prebreak,600520,2026-02-09,S,S,A,C,S,S,A,28.3600,28.0100,26.6000,1.4100,,0,0.0000,0.0000,,0,0.0000,0,0.0000,0.0000,,0,0.0000,0,0.0000,0.0000,,0,0.0000
prebreak,600675,2026-02-09,S,S,A,C,S,S,A,2.9525,2.8300,2.6900,0.1400,,0,0.0000,0.0000,,0,0.0000,0,0.0000,0.0000,,0,0.0000,0,0.0000,0.0000,,0,0.0000
prebreak,601229,2026-02-09,S,S,A,C,S,S,A,9.6370,9.2300,8.8700,0.3600,,0,0.0000,0.0000,,0,0.0000,0,0.0000,0.0000,,0,0.0000,0,0.0000,0.0000,,0,0.0000
prebreak,601825,2026-02-09,S,S,A,C,S,S,A,8.3742,8.4100,8.0400,0.3700,,0,0.0000,0.0000,,0,0.0000,0,0.0000,0.0000,,0,0.0000,0,0.0000,0.0000,,0,0.0000
prebreak,603027,2026-02-09,S,S,A,C,S,S,A,10.6323,10.1200,9.6300,0.4900,,0,0.0000,0.0000,,0,0.0000,0,0.0000,0.0000,,0,0.0000,0,0.0000,0.0000,,0,0.0000
prebreak,603029,2026-02-09,S,S,A,C,S,S,A,20.2265,20.3200,19.2900,1.0300,,0,0.0000,0.0000,,0,0.0000,0,0.0000,0.0000,,0,0.0000,0,0.0000,0.0000,,0,0.0000
prebreak,603125,2026-02-09,S,S,A,C,S,S,A,17.9314,19.1000,18.1000,1.0000,,1,19.1000,20.2677,2026-02-24,0,1.1525,1,19.1000,18.3009,2026-03-03,0,-0.8132,1,19.1000,18.1000,2026-03-04,1,-1.0139
prebreak,603218,2026-02-09,S,S,A,C,S,S,A,13.3390,13.3900,12.8300,0.5600,,0,0.0000,0.0000,,0,0.0000,0,0.0000,0.0000,,0,0.0000,0,0.0000,0.0000,,0,0.0000
prebreak,603777,2026-02-09,S,S,A,C,S,S,A,13.5500,14.0000,13.2700,0.7300,,0,0.0000,0.0000,,0,0.0000,0,0.0000,0.0000,,0,0.0000,0,0.0000,0.0000,,0,0.0000
prebreak,603897,2026-02-09,S,S,A,C,S,S,A,26.0966,26.2800,25.0200,1.2600,,0,0.0000,0.0000,,0,0.0000,0,0.0000,0.0000,,0,0.0000,0,0.0000,0.0000,,0,0.0000
prebreak,000050,2026-02-10,S,S,A,C,S,S,A,9.7000,10.6700,10.1200,0.5500,,0,0.0000,0.0000,,0,0.0000,0,0.0000,0.0000,,0,0.0000,0,0.0000,0.0000,,0,0.0000
prebreak,000729,2026-02-10,S,S,A,C,S,S,A,12.6249,12.3400,11.7300,0.6100,,0,0.0000,0.0000,,0,0.0000,0,0.0000,0.0000,,0,0.0000,0,0.0000,0.0000,,0,0.0000
prebreak,000839,2026-02-10,S,S,A,C,S,S,A,3.2700,2.9800,2.8300,0.1500,,1,2.9800,3.7700,2026-02-25,0,5.2483,1,2.9800,3.1600,2026-03-04,0,1.1841,1,2.9800,3.7200,2026-03-18,0,4.9151
prebreak,000881,2026-02-10,S,S,A,C,S,S,A,8.3900,8.5600,8.1900,0.3700,,0,0.0000,0.0000,,0,0.0000,0,0.0000,0.0000,,0,0.0000,0,0.0000,0.0000,,0,0.0000
prebreak,002219,2026-02-10,S,S,A,C,S,S,A,2.4100,2.4600,2.3500,0.1100,,0,0.0000,0.0000,,0,0.0000,0,0.0000,0.0000,,0,0.0000,0,0.0000,0.0000,,0,0.0000
prebreak,002247,2026-02-10,S,S,A,C,S,S,A,3.0700,2.9600,2.8000,0.1600,,0,0.0000,0.0000,,0,0.0000,0,0.0000,0.0000,,0,0.0000,0,0.0000,0.0000,,0,0.0000
prebreak,002469,2026-02-10,S,S,A,C,S,S,A,8.7648,9.0300,8.6300,0.4000,,0,0.0000,0.0000,,0,0.0000,1,9.0300,8.8230,2026-03-04,0,-0.5342,1,9.0300,9.2016,2026-03-18,0,0.4115
prebreak,300691,2026-02-10,S,S,A,C,S,S,A,17.5900,17.7600,16.9500,0.8100,,1,17.7600,17.9000,2026-02-25,0,0.1561,1,17.7600,16.9500,2026-03-03,1,-1.0160,1,17.7600,16.9500,2026-03-03,1,-1.0160
prebreak,300760,2026-02-10,S,S,A,C,S,S,A,188.4317,191.9200,185.1000,6.8200,,0,0.0000,0.0000,,0,0.0000,0,0.0000,0.0000,,0,0.0000,0,0.0000,0.0000,,0,0.0000
prebreak,301559,2026-02-10,S,S,A,C,S,S,A,17.5993,18.1700,17.2300,0.9400,,0,0.0000,0.0000,,0,0.0000,0,0.0000,0.0000,,0,0.0000,0,0.0000,0.0000,,0,0.0000
prebreak,600129,2026-02-10,S,S,A,C,S,S,A,17.9500,18.4200,17.4600,0.9600,,0,0.0000,0.0000,,0,0.0000,0,0.0000,0.0000,,0,0.0000,0,0.0000,0.0000,,0,0.0000
prebreak,600546,2026-02-10,S,S,A,C,S,S,A,10.9141,10.4000,9.8600,0.5400,,0,0.0000,0.0000,,0,0.0000,0,0.0000,0.0000,,0,0.0000,0,0.0000,0.0000,,0,0.0000
prebreak,600694,2026-02-10,S,S,A,C,S,S,A,15.5721,16.0000,15.3000,0.7000,,0,0.0000,0.0000,,0,0.0000,0,0.0000,0.0000,,0,0.0000,0,0.0000,0.0000,,0,0.0000
prebreak,600888,2026-02-10,S,S,A,C,S,S,A,8.4799,8.8200,8.3700,0.4500,,0,0.0000,0.0000,,0,0.0000,0,0.0000,0.0000,,0,0.0000,0,0.0000,0.0000,,0,0.0000
prebreak,600926,2026-02-10,S,S,A,C,S,S,A,16.1257,16.0500,15.4600,0.5900,,0,0.0000,0.0000,,0,0.0000,0,0.0000,0.0000,,0,0.0000,0,0.0000,0.0000,,0,0.0000
prebreak,603004,2026-02-10,S,S,A,C,S,S,A,24.6170,24.4000,23.1200,1.2800,,0,0.0000,0.0000,,0,0.0000,0,0.0000,0.0000,,0,0.0000,0,0.0000,0.0000,,0,0.0000
prebreak,603313,2026-02-10,S,S,A,C,S,S,A,9.6000,10.1300,9.6700,0.4600,,0,0.0000,0.0000,,0,0.0000,0,0.0000,0.0000,,0,0.0000,0,0.0000,0.0000,,0,0.0000
prebreak,605258,2026-02-10,S,S,A,C,S,S,A,33.4113,33.9100,32.2200,1.6900,,0,0.0000,0.0000,,0,0.0000,0,0.0000,0.0000,,0,0.0000,0,0.0000,0.0000,,0,0.0000
prebreak,605499,2026-02-10,S,S,A,C,S,S,A,205.4561,212.1500,202.5900,9.5600,,0,0.0000,0.0000,,0,0.0000,0,0.0000,0.0000,,0,0.0000,0,0.0000,0.0000,,0,0.0000
prebreak,000069,2026-02-11,S,S,A,C,S,S,A,2.6900,2.8200,2.6800,0.1400,,0,0.0000,0.0000,,0,0.0000,0,0.0000,0.0000,,0,0.0000,0,0.0000,0.0000,,0,0.0000
prebreak,000096,2026-02-11,S,S,A,C,S,S,A,10.9800,11.2900,10.8800,0.4100,,0,0.0000,0.0000,,0,0.0000,1,11.2900,11.8400,2026-03-05,0,1.3197,1,11.2900,10.8800,2026-03-17,1,-1.0203
prebreak,000156,2026-02-11,S,S,A,C,S,S,A,9.3800,8.2900,8.0500,0.2400,,1,8.2900,8.5200,2026-02-26,0,0.9315,1,8.2900,8.0500,2026-03-03,1,-1.0256,1,8.2900,8.0500,2026-03-03,1,-1.0256
prebreak,000786,2026-02-11,S,S,A,C,S,S,A,27.8435,25.1800,24.2800,0.9000,,0,0.0000,0.0000,,0,0.0000,0,0.0000,0.0000,,0,0.0000,0,0.0000,0.0000,,0,0.0000
prebreak,000897,2026-02-11,S,S,A,C,S,S,A,2.2800,2.3400,2.2500,0.0900,,1,2.3400,2.2700,2026-02-26,0,-0.7970,1,2.3400,2.2500,2026-02-27,1,-1.0191,1,2.3400,2.2500,2026-02-27,1,-1.0191
prebreak,000912,2026-02-11,S,S,A,C,S,S,A,4.7200,4.7100,4.5000,0.2100,,0,0.0000,0.0000,,0,0.0000,0,0.0000,0.0000,,0,0.0000,0,0.0000,0.0000,,0,0.0000
prebreak,001319,2026-02-11,S,S,A,C,S,S,A,30.0855,27.2700,26.0500,1.2200,,0,0.0000,0.0000,,0,0.0000,0,0.0000,0.0000,,0,0.0000,0,0.0000,0.0000,,0,0.0000
prebreak,002568,2026-02-11,S,S,A,C,S,S,A,20.4295,22.1400,21.1500,0.9900,,0,0.0000,0.0000,,0,0.0000,0,0.0000,0.0000,,0,0.0000,0,0.0000,0.0000,,0,0.0000
prebreak,002572,2026-02-11,S,S,A,C,S,S,A,13.5924,14.2200,13.5000,0.7200,,0,0.0000,0.0000,,0,0.0000,0,0.0000,0.0000,,0,0.0000,0,0.0000,0.0000,,0,0.0000
prebreak,002727,2026-02-11,S,S,A,C,S,S,A,13.6258,14.0600,13.4300,0.6300,,0,0.0000,0.0000,,0,0.0000,0,0.0000,0.0000,,0,0.0000,0,0.0000,0.0000,,0,0.0000
prebreak,002831,2026-02-11,S,S,A,C,S,S,A,21.8890,19.5900,18.6900,0.9000,,0,0.0000,0.0000,,0,0.0000,0,0.0000,0.0000,,0,0.0000,0,0.0000,0.0000,,0,0.0000
prebreak,300099,2026-02-11,S,S,A,C,S,S,A,8.1806,8.3200,7.9900,0.3300,,0,0.0000,0.0000,,0,0.0000,0,0.0000,0.0000,,0,0.0000,0,0.0000,0.0000,,0,0.0000
prebreak,300100,2026-02-11,S,S,A,C,S,S,A,35.2013,35.9900,34.3400,1.6500,,1,35.9900,36.2876,2026-02-26,0,0.1637,1,35.9900,34.3400,2026-03-03,1,-1.0159,1,35.9900,34.3400,2026-03-03,1,-1.0159
prebreak,300783,2026-02-11,S,S,A,C,S,S,A,23.1632,24.7300,23.4400,1.2900,,0,0.0000,0.0000,,0,0.0000,0,0.0000,0.0000,,0,0.0000,0,0.0000,0.0000,,0,0.0000
prebreak,300898,2026-02-11,S,S,A,C,S,S,A,27.5497,28.8900,27.5100,1.3800,,0,0.0000,0.0000,,0,0.0000,0,0.0000,0.0000,,0,0.0000,0,0.0000,0.0000,,0,0.0000
prebreak,301039,2026-02-11,S,S,A,C,S,S,A,9.5130,9.8100,9.4200,0.3900,,0,0.0000,0.0000,,0,0.0000,0,0.0000,0.0000,,0,0.0000,0,0.0000,0.0000,,0,0.0000
prebreak,600038,2026-02-11,S,S,A,C,S,S,A,37.2781,38.0700,36.3300,1.7400,,0,0.0000,0.0000,,0,0.0000,0,0.0000,0.0000,,0,0.0000,0,0.0000,0.0000,,0,0.0000
prebreak,600236,2026-02-11,S,S,A,C,S,S,A,8.3617,8.2900,7.8600,0.4300,,0,0.0000,0.0000,,0,0.0000,0,0.0000,0.0000,,0,0.0000,0,0.0000,0.0000,,0,0.0000
prebreak,600323,2026-02-11,S,S,A,C,S,S,A,28.3863,29.1900,27.9300,1.2600,,0,0.0000,0.0000,,0,0.0000,0,0.0000,0.0000,,0,0.0000,0,0.0000,0.0000,,0,0.0000
prebreak,600436,2026-02-11,S,S,A,C,S,S,A,165.6806,167.0100,159.9200,7.0900,,0,0.0000,0.0000,,0,0.0000,0,0.0000,0.0000,,0,0.0000,0,0.0000,0.0000,,0,0.0000
prebreak,600867,2026-02-11,S,S,A,C,S,S,A,8.5293,8.5500,8.1500,0.4000,,0,0.0000,0.0000,,0,0.0000,0,0.0000,0.0000,,0,0.0000,0,0.0000,0.0000,,0,0.0000
prebreak,603113,2026-02-11,S,S,A,C,S,S,A,7.0698,6.4800,6.1900,0.2900,,0,0.0000,0.0000,,0,0.0000,0,0.0000,0.0000,,0,0.0000,0,0.0000,0.0000,,0,0.0000
prebreak,603233,2026-02-11,S,S,A,C,S,S,A,18.7932,19.6400,18.6700,0.9700,,0,0.0000,0.0000,,0,0.0000,0,0.0000,0.0000,,0,0.0000,0,0.0000,0.0000,,0,0.0000
prebreak,603281,2026-02-11,S,S,A,C,S,S,A,22.8376,21.6900,20.7100,0.9800,,0,0.0000,0.0000,,0,0.0000,0,0.0000,0.0000,,0,0.0000,0,0.0000,0.0000,,0,0.0000
prebreak,605089,2026-02-11,S,S,A,C,S,S,A,27.8021,29.6400,28.1400,1.5000,,0,0.0000,0.0000,,0,0.0000,0,0.0000,0.0000,,0,0.0000,0,0.0000,0.0000,,0,0.0000
prebreak,000708,2026-02-12,S,S,A,C,S,S,A,15.4152,15.8500,15.0800,0.7700,,0,0.0000,0.0000,,0,0.0000,0,0.0000,0.0000,,0,0.0000,0,0.0000,0.0000,,0,0.0000
prebreak,000785,2026-02-12,S,S,A,C,S,S,A,2.9400,3.0400,2.9200,0.1200,,0,0.0000,0.0000,,0,0.0000,0,0.0000,0.0000,,0,0.0000,0,0.0000,0.0000,,0,0.0000
prebreak,002867,2026-02-12,S,S,A,C,S,S,A,11.9092,12.4000,11.8700,0.5300,,0,0.0000,0.0000,,0,0.0000,0,0.0000,0.0000,,0,0.0000,0,0.0000,0.0000,,0,0.0000
prebreak,002984,2026-02-12,S,S,A,C,S,S,A,20.9114,21.6100,20.6400,0.9700,,0,0.0000,0.0000,,0,0.0000,0,0.0000,0.0000,,0,0.0000,0,0.0000,0.0000,,0,0.0000
prebreak,002991,2026-02-12,S,S,A,C,S,S,A,56.8218,59.9800,57.4900,2.4900,,0,0.0000,0.0000,,0,0.0000,0,0.0000,0.0000,,0,0.0000,0,0.0000,0.0000,,0,0.0000
prebreak,300261,2026-02-12,S,S,A,C,S,S,A,7.0500,7.3600,7.0400,0.3200,,1,7.3600,7.4200,2026-02-27,0,0.1699,1,7.3600,7.0400,2026-03-03,1,-1.0169,1,7.3600,7.0400,2026-03-03,1,-1.0169
prebreak,600739,2026-02-12,S,S,A,C,S,S,A,12.0200,12.3200,11.8900,0.4300,,0,0.0000,0.0000,,0,0.0000,0,0.0000,0.0000,,0,0.0000,0,0.0000,0.0000,,0,0.0000
prebreak,600796,2026-02-12,S,S,A,C,S,S,A,6.6759,6.6200,6.3200,0.3000,,0,0.0000,0.0000,,0,0.0000,0,0.0000,0.0000,,0,0.0000,0,0.0000,0.0000,,0,0.0000
prebreak,600862,2026-02-12,S,S,A,C,S,S,A,25.8766,26.1600,24.8100,1.3500,,0,0.0000,0.0000,,0,0.0000,0,0.0000,0.0000,,0,0.0000,0,0.0000,0.0000,,0,0.0000
prebreak,600985,2026-02-12,S,S,A,C,S,S,A,12.6816,11.2600,10.8400,0.4200,,0,0.0000,0.0000,,0,0.0000,0,0.0000,0.0000,,0,0.0000,0,0.0000,0.0000,,0,0.0000
prebreak,601077,2026-02-12,S,S,A,C,S,S,A,6.5935,6.7100,6.3800,0.3300,,0,0.0000,0.0000,,0,0.0000,1,6.7100,6.5444,2026-03-06,0,-0.5171,1,6.7100,6.9571,2026-03-20,0,0.7328
prebreak,601088,2026-02-12,S,S,A,C,S,S,A,41.5173,42.0900,39.9600,2.1300,,0,0.0000,0.0000,,0,0.0000,1,42.0900,44.7071,2026-03-06,0,1.2129,1,42.0900,48.3360,2026-03-20,0,2.9155
prebreak,601225,2026-02-12,S,S,A,C,S,S,A,22.3965,21.3200,20.3400,0.9800,,0,0.0000,0.0000,,0,0.0000,0,0.0000,0.0000,,0,0.0000,0,0.0000,0.0000,,0,0.0000
prebreak,601918,2026-02-12,S,S,A,C,S,S,A,7.4441,7.0500,6.7700,0.2800,,0,0.0000,0.0000,,0,0.0000,0,0.0000,0.0000,,0,0.0000,0,0.0000,0.0000,,0,0.0000
prebreak,603288,2026-02-12,S,S,A,C,S,S,A,35.1308,35.3700,33.7100,1.6600,,0,0.0000,0.0000,,0,0.0000,0,0.0000,0.0000,,0,0.0000,0,0.0000,0.0000,,0,0.0000
prebreak,603317,2026-02-12,S,S,A,C,S,S,A,12.9959,13.0900,12.4900,0.6000,,0,0.0000,0.0000,,0,0.0000,0,0.0000,0.0000,,0,0.0000,0,0.0000,0.0000,,0,0.0000
prebreak,688522,2026-02-12,S,S,A,C,S,S,A,29.7482,30.0000,28.7400,1.2600,,0,0.0000,0.0000,,0,0.0000,0,0.0000,0.0000,,0,0.0000,0,0.0000,0.0000,,0,0.0000
prebreak,000402,2026-02-24,S,S,A,C,S,S,A,2.8200,2.9500,2.7900,0.1600,,0,0.0000,0.0000,,0,0.0000,0,0.0000,0.0000,,0,0.0000,0,0.0000,0.0000,,0,0.0000
prebreak,000600,2026-02-24,S,S,A,C,S,S,A,8.4887,8.4800,8.1000,0.3800,,0,0.0000,0.0000,,0,0.0000,0,0.0000,0.0000,,0,0.0000,0,0.0000,0.0000,,0,0.0000
prebreak,000930,2026-02-24,S,S,A,C,S,S,A,6.6371,6.5700,6.2700,0.3000,,0,0.0000,0.0000,,0,0.0000,0,0.0000,0.0000,,0,0.0000,0,0.0000,0.0000,,0,0.0000
prebreak,001914,2026-02-24,S,S,A,C,S,S,A,11.0217,11.5300,11.0600,0.4700,,1,11.5300,11.0600,2026-03-02,1,-1.0180,1,11.5300,11.0600,2026-03-02,1,-1.0180,1,11.5300,11.0600,2026-03-02,1,-1.0180
prebreak,002274,2026-02-24,S,S,A,C,S,S,A,6.3182,6.3300,6.0100,0.3200,,0,0.0000,0.0000,,0,0.0000,0,0.0000,0.0000,,0,0.0000,0,0.0000,0.0000,,0,0.0000
prebreak,002556,2026-02-24,S,S,A,C,S,S,A,6.3914,6.3900,6.1100,0.2800,,0,0.0000,0.0000,,0,0.0000,0,0.0000,0.0000,,0,0.0000,0,0.0000,0.0000,,0,0.0000
prebreak,002584,2026-02-24,S,S,A,C,S,S,A,8.8600,9.0000,8.6300,0.3700,,0,0.0000,0.0000,,0,0.0000,0,0.0000,0.0000,,0,0.0000,0,0.0000,0.0000,,0,0.0000
prebreak,002594,2026-02-24,S,S,A,C,S,S,A,90.5318,92.7900,89.3300,3.4600,,1,92.7900,94.8557,2026-03-03,0,0.5763,1,92.7900,96.2405,2026-03-10,0,0.9762,1,92.7900,106.2431,2026-03-24,0,3.8654
prebreak,002791,2026-02-24,S,S,A,C,S,S,A,24.0800,22.2900,21.4400,0.8500,,1,22.2900,23.2700,2026-03-03,0,1.1323,1,22.2900,23.2500,2026-03-10,0,1.1088,1,22.2900,21.4400,2026-03-20,1,-1.0193
prebreak,002933,2026-02-24,S,S,A,C,S,S,A,37.1040,36.5400,35.1200,1.4200,,0,0.0000,0.0000,,0,0.0000,0,0.0000,0.0000,,0,0.0000,0,0.0000,0.0000,,0,0.0000
prebreak,300144,2026-02-24,S,S,A,C,S,S,A,8.0633,8.3000,7.9700,0.3300,,0,0.0000,0.0000,,0,0.0000,0,0.0000,0.0000,,0,0.0000,0,0.0000,0.0000,,0,0.0000
prebreak,300449,2026-02-24,S,S,A,C,S,S,A,8.7000,7.3900,7.0600,0.3300,,1,7.3900,8.5500,2026-03-03,0,3.4959,1,7.3900,8.7100,2026-03-10,0,3.9805,1,7.3900,7.5700,2026-03-24,0,0.5281
prebreak,301036,2026-02-24,S,S,A,C,S,S,A,33.5886,33.2000,31.8100,1.3900,,0,0.0000,0.0000,,0,0.0000,0,0.0000,0.0000,,0,0.0000,0,0.0000,0.0000,,0,0.0000
prebreak,600361,2026-02-24,S,S,A,C,S,S,A,4.4296,4.4900,4.2900,0.2000,,0,0.0000,0.0000,,0,0.0000,0,0.0000,0.0000,,0,0.0000,0,0.0000,0.0000,,0,0.0000
prebreak,600523,2026-02-24,S,S,A,C,S,S,A,15.4066,15.6000,14.8100,0.7900,,0,0.0000,0.0000,,0,0.0000,0,0.0000,0.0000,,0,0.0000,0,0.0000,0.0000,,0,0.0000
prebreak,600675,2026-02-24,S,S,A,C,S,S,A,2.8627,2.9700,2.8300,0.1400,,0,0.0000,0.0000,,0,0.0000,0,0.0000,0.0000,,0,0.0000,0,0.0000,0.0000,,0,0.0000
prebreak,600821,2026-02-24,S,S,A,C,S,S,A,6.7200,5.5500,5.3700,0.1800,,1,5.5500,7.1500,2026-03-03,0,8.8599,1,5.5500,9.6600,2026-03-10,0,22.7955,1,5.5500,11.0700,2026-03-24,0,30.6239
prebreak,601229,2026-02-24,S,S,A,C,S,S,A,9.6565,9.9200,9.6000,0.3200,,0,0.0000,0.0000,,0,0.0000,0,0.0000,0.0000,,0,0.0000,0,0.0000,0.0000,,0,0.0000
prebreak,603027,2026-02-24,S,S,A,C,S,S,A,9.9008,10.1200,9.6300,0.4900,,0,0.0000,0.0000,,0,0.0000,0,0.0000,0.0000,,0,0.0000,1,10.1200,9.6300,2026-03-18,1,-1.0151
prebreak,603125,2026-02-24,S,S,A,C,S,S,A,20.2677,19.1000,18.1000,1.0000,,0,0.0000,0.0000,,0,0.0000,0,0.0000,0.0000,,0,0.0000,0,0.0000,0.0000,,0,0.0000
prebreak,603258,2026-02-24,S,S,A,C,S,S,A,19.1400,19.2900,18.3700,0.9200,,0,0.0000,0.0000,,0,0.0000,0,0.0000,0.0000,,0,0.0000,0,0.0000,0.0000,,0,0.0000
prebreak,603777,2026-02-24,S,S,A,C,S,S,A,12.9600,13.5700,12.9000,0.6700,,0,0.0000,0.0000,,0,0.0000,0,0.0000,0.0000,,0,0.0000,1,13.5700,12.9000,2026-03-13,1,-1.0148
prebreak,603887,2026-02-24,S,S,A,C,S,S,A,15.8600,14.7000,13.9700,0.7300,,0,0.0000,0.0000,,0,0.0000,0,0.0000,0.0000,,0,0.0000,0,0.0000,0.0000,,0,0.0000
prebreak,000637,2026-02-25,S,S,A,C,S,S,A,5.0100,4.9200,4.7200,0.2000,,0,0.0000,0.0000,,0,0.0000,0,0.0000,0.0000,,0,0.0000,0,0.0000,0.0000,,0,0.0000
prebreak,000795,2026-02-25,S,S,A,C,S,S,A,10.7182,10.3500,9.8500,0.5000,,0,0.0000,0.0000,,0,0.0000,0,0.0000,0.0000,,0,0.0000,0,0.0000,0.0000,,0,0.0000
prebreak,000881,2026-02-25,S,S,A,C,S,S,A,8.5600,8.6400,8.2200,0.4200,,0,0.0000,0.0000,,0,0.0000,0,0.0000,0.0000,,0,0.0000,0,0.0000,0.0000,,0,0.0000
prebreak,001269,2026-02-25,S,S,A,C,S,S,A,24.9600,24.6000,23.4800,1.1200,,0,0.0000,0.0000,,0,0.0000,0,0.0000,0.0000,,0,0.0000,0,0.0000,0.0000,,0,0.0000
prebreak,001323,2026-02-25,S,S,A,C,S,S,A,25.7316,25.9700,24.9500,1.0200,,0,0.0000,0.0000,,0,0.0000,0,0.0000,0.0000,,0,0.0000,0,0.0000,0.0000,,0,0.0000
prebreak,002085,2026-02-25,S,S,A,C,S,S,A,15.9089,15.8900,15.3100,0.5800,,1,15.8900,16.0284,2026-03-04,0,0.2177,1,15.8900,16.4867,2026-03-11,0,1.0073,1,15.8900,15.3100,2026-03-18,1,-1.0202
prebreak,002247,2026-02-25,S,S,A,C,S,S,A,3.1000,2.9600,2.8000,0.1600,,0,0.0000,0.0000,,0,0.0000,0,0.0000,0.0000,,0,0.0000,0,0.0000,0.0000,,0,0.0000
prebreak,002479,2026-02-25,S,S,A,C,S,S,A,5.3166,5.3500,5.0800,0.2700,,0,0.0000,0.0000,,0,0.0000,0,0.0000,0.0000,,0,0.0000,0,0.0000,0.0000,,0,0.0000
prebreak,002587,2026-02-25,S,S,A,C,S,S,A,6.9909,7.1400,6.8100,0.3300,,0,0.0000,0.0000,,0,0.0000,0,0.0000,0.0000,,0,0.0000,0,0.0000,0.0000,,0,0.0000
prebreak,300160,2026-02-25,S,S,A,C,S,S,A,5.8810,6.0000,5.7300,0.2700,,0,0.0000,0.0000,,0,0.0000,0,0.0000,0.0000,,0,0.0000,1,6.0000,5.7300,2026-03-23,1,-1.0163
prebreak,301090,2026-02-25,S,S,A,C,S,S,A,7.7800,7.9000,7.5000,0.4000,,0,0.0000,0.0000,,0,0.0000,1,7.9000,8.0500,2026-03-11,0,0.3598,1,7.9000,7.5000,2026-03-24,1,-1.0144
prebreak,600088,2026-02-25,S,S,A,C,S,S,A,16.8468,17.5200,16.7800,0.7400,,0,0.0000,0.0000,,0,0.0000,0,0.0000,0.0000,,0,0.0000,0,0.0000,0.0000,,0,0.0000
prebreak,600251,2026-02-25,S,S,A,C,S,S,A,11.1346,10.1800,9.6800,0.5000,,0,0.0000,0.0000,,0,0.0000,0,0.0000,0.0000,,0,0.0000,0,0.0000,0.0000,,0,0.0000
prebreak,600546,2026-02-25,S,S,A,C,S,S,A,11.2640,11.0900,10.5700,0.5200,,0,0.0000,0.0000,,0,0.0000,0,0.0000,0.0000,,0,0.0000,0,0.0000,0.0000,,0,0.0000
prebreak,600758,2026-02-25,S,S,A,C,S,S,A,3.9300,3.9300,3.7700,0.1600,,0,0.0000,0.0000,,0,0.0000,0,0.0000,0.0000,,0,0.0000,0,0.0000,0.0000,,0,0.0000
prebreak,601921,2026-02-25,S,S,A,C,S,S,A,7.9181,8.3000,7.9200,0.3800,,0,0.0000,0.0000,,0,0.0000,0,0.0000,0.0000,,0,0.0000,0,0.0000,0.0000,,0,0.0000
prebreak,603004,2026-02-25,S,S,A,C,S,S,A,25.1513,25.4500,24.2900,1.1600,,0,0.0000,0.0000,,0,0.0000,0,0.0000,0.0000,,0,0.0000,0,0.0000,0.0000,,0,0.0000
prebreak,603313,2026-02-25,S,S,A,C,S,S,A,9.7600,9.7600,9.3300,0.4300,,0,0.0000,0.0000,,0,0.0000,0,0.0000,0.0000,,0,0.0000,0,0.0000,0.0000,,0,0.0000
prebreak,603899,2026-02-25,S,S,A,C,S,S,A,25.7946,26.8100,25.4800,1.3300,,0,0.0000,0.0000,,0,0.0000,0,0.0000,0.0000,,0,0.0000,0,0.0000,0.0000,,0,0.0000
prebreak,605499,2026-02-25,S,S,A,C,S,S,A,197.6850,205.8600,195.3700,10.4900,,0,0.0000,0.0000,,0,0.0000,0,0.0000,0.0000,,0,0.0000,0,0.0000,0.0000,,0,0.0000
prebreak,000012,2026-02-26,S,S,A,C,S,S,A,5.0131,4.8300,4.6100,0.2200,,1,4.8300,4.7843,2026-03-05,0,-0.2241,1,4.8300,4.9137,2026-03-12,0,0.3633,1,4.8300,4.6100,2026-03-19,1,-1.0161
prebreak,000069,2026-02-26,S,S,A,C,S,S,A,2.5900,2.8200,2.6800,0.1400,,0,0.0000,0.0000,,0,0.0000,0,0.0000,0.0000,,0,0.0000,0,0.0000,0.0000,,0,0.0000
prebreak,000096,2026-02-26,S,S,A,C,S,S,A,10.7800,11.2800,10.7400,0.5400,,1,11.2800,11.8400,2026-03-05,0,1.0205,1,11.2800,11.1800,2026-03-12,0,-0.2009,1,11.2800,10.7400,2026-03-17,1,-1.0152
prebreak,000156,2026-02-26,S,S,A,C,S,S,A,8.5200,8.2900,8.0500,0.2400,,0,0.0000,0.0000,,0,0.0000,0,0.0000,0.0000,,0,0.0000,0,0.0000,0.0000,,0,0.0000
prebreak,000552,2026-02-26,S,S,A,C,S,S,A,2.5300,2.5500,2.4400,0.1100,,0,0.0000,0.0000,,0,0.0000,0,0.0000,0.0000,,0,0.0000,0,0.0000,0.0000,,0,0.0000
prebreak,000739,2026-02-26,S,S,A,C,S,S,A,17.9302,18.6500,17.7300,0.9200,,0,0.0000,0.0000,,0,0.0000,0,0.0000,0.0000,,0,0.0000,0,0.0000,0.0000,,0,0.0000
prebreak,000786,2026-02-26,S,S,A,C,S,S,A,27.3307,28.2100,26.8100,1.4000,,0,0.0000,0.0000,,0,0.0000,0,0.0000,0.0000,,0,0.0000,0,0.0000,0.0000,,0,0.0000
prebreak,000897,2026-02-26,S,S,A,C,S,S,A,2.2700,2.3200,2.2200,0.1000,,0,0.0000,0.0000,,0,0.0000,0,0.0000,0.0000,,0,0.0000,1,2.3200,2.2200,2026-03-19,1,-1.0170
prebreak,002333,2026-02-26,S,S,A,C,S,S,A,6.0278,6.2900,5.9700,0.3200,,0,0.0000,0.0000,,0,0.0000,0,0.0000,0.0000,,0,0.0000,0,0.0000,0.0000,,0,0.0000
prebreak,002386,2026-02-26,S,S,A,C,S,S,A,6.3400,6.1300,5.8200,0.3100,,0,0.0000,0.0000,,0,0.0000,0,0.0000,0.0000,,0,0.0000,0,0.0000,0.0000,,0,0.0000
prebreak,002395,2026-02-26,S,S,A,C,S,S,A,19.4889,19.9000,18.9200,0.9800,,0,0.0000,0.0000,,0,0.0000,0,0.0000,0.0000,,0,0.0000,0,0.0000,0.0000,,0,0.0000
prebreak,002442,2026-02-26,S,S,A,C,S,S,A,6.6800,6.5300,6.2000,0.3300,,0,0.0000,0.0000,,0,0.0000,0,0.0000,0.0000,,0,0.0000,0,0.0000,0.0000,,0,0.0000
prebreak,002568,2026-02-26,S,S,A,C,S,S,A,19.1607,22.1400,21.1500,0.9900,,0,0.0000,0.0000,,0,0.0000,0,0.0000,0.0000,,0,0.0000,0,0.0000,0.0000,,0,0.0000
prebreak,002572,2026-02-26,S,S,A,C,S,S,A,13.0911,14.0300,13.3200,0.7100,,0,0.0000,0.0000,,0,0.0000,0,0.0000,0.0000,,0,0.0000,0,0.0000,0.0000,,0,0.0000
prebreak,300708,2026-02-26,S,S,A,C,S,S,A,10.8169,10.0900,9.6500,0.4400,,0,0.0000,0.0000,,0,0.0000,0,0.0000,0.0000,,0,0.0000,0,0.0000,0.0000,,0,0.0000
prebreak,300783,2026-02-26,S,S,A,C,S,S,A,21.1468,24.7300,23.4400,1.2900,,0,0.0000,0.0000,,0,0.0000,0,0.0000,0.0000,,0,0.0000,0,0.0000,0.0000,,0,0.0000
prebreak,301039,2026-02-26,S,S,A,C,S,S,A,9.6655,9.9300,9.4200,0.5100,,0,0.0000,0.0000,,0,0.0000,0,0.0000,0.0000,,0,0.0000,0,0.0000,0.0000,,0,0.0000
prebreak,600038,2026-02-26,S,S,A,C,S,S,A,38.6756,38.4900,36.7300,1.7600,,0,0.0000,0.0000,,0,0.0000,0,0.0000,0.0000,,0,0.0000,0,0.0000,0.0000,,0,0.0000
prebreak,600048,2026-02-26,S,S,A,C,S,S,A,6.7198,6.9300,6.6500,0.2800,,0,0.0000,0.0000,,0,0.0000,0,0.0000,0.0000,,0,0.0000,0,0.0000,0.0000,,0,0.0000
prebreak,600066,2026-02-26,S,S,A,C,S,S,A,27.9934,30.8700,29.3900,1.4800,,0,0.0000,0.0000,,0,0.0000,0,0.0000,0.0000,,0,0.0000,1,30.8700,30.8314,2026-03-26,0,-0.0419
prebreak,600108,2026-02-26,S,S,A,C,S,S,A,3.6063,3.5900,3.4000,0.1900,,1,3.5900,5.0149,2026-03-05,0,7.4805,1,3.5900,6.9529,2026-03-12,0,17.6742,1,3.5900,4.7951,2026-03-26,0,6.3245
prebreak,600320,2026-02-26,S,S,A,C,S,S,A,5.4655,5.1900,4.9900,0.2000,,0,0.0000,0.0000,,0,0.0000,0,0.0000,0.0000,,0,0.0000,0,0.0000,0.0000,,0,0.0000
prebreak,600323,2026-02-26,S,S,A,C,S,S,A,27.0624,28.7800,27.3000,1.4800,,0,0.0000,0.0000,,0,0.0000,0,0.0000,0.0000,,0,0.0000,0,0.0000,0.0000,,0,0.0000
prebreak,600436,2026-02-26,S,S,A,C,S,S,A,161.1429,167.6700,160.7900,6.8800,,0,0.0000,0.0000,,0,0.0000,0,0.0000,0.0000,,0,0.0000,0,0.0000,0.0000,,0,0.0000
prebreak,600657,2026-02-26,S,S,A,C,S,S,A,3.4300,3.6300,3.4800,0.1500,,0,0.0000,0.0000,,0,0.0000,0,0.0000,0.0000,,0,0.0000,0,0.0000,0.0000,,0,0.0000
prebreak,601101,2026-02-26,S,S,A,C,S,S,A,7.7732,7.8100,7.4000,0.4100,,0,0.0000,0.0000,,0,0.0000,0,0.0000,0.0000,,0,0.0000,0,0.0000,0.0000,,0,0.0000
prebreak,603020,2026-02-26,S,S,A,C,S,S,A,10.8426,11.0800,10.6000,0.4800,,0,0.0000,0.0000,,0,0.0000,1,11.0800,11.2099,2026-03-12,0,0.2530,1,11.0800,10.6000,2026-03-18,1,-1.0169
prebreak,603113,2026-02-26,S,S,A,C,S,S,A,7.1490,7.1900,6.8900,0.3000,,0,0.0000,0.0000,,0,0.0000,0,0.0000,0.0000,,0,0.0000,0,0.0000,0.0000,,0,0.0000
prebreak,603956,2026-02-26,S,S,A,C,S,S,A,6.8400,7.0900,6.7500,0.3400,,0,0.0000,0.0000,,0,0.0000,0,0.0000,0.0000,,0,0.0000,0,0.0000,0.0000,,0,0.0000
prebreak,000708,2026-02-27,S,S,A,C,S,S,A,17.4802,15.8500,15.0800,0.7700,,0,0.0000,0.0000,,0,0.0000,0,0.0000,0.0000,,0,0.0000,0,0.0000,0.0000,,0,0.0000
prebreak,000723,2026-02-27,S,S,A,C,S,S,A,5.2400,5.0500,4.8100,0.2400,,0,0.0000,0.0000,,0,0.0000,0,0.0000,0.0000,,0,0.0000,0,0.0000,0.0000,,0,0.0000
prebreak,000785,2026-02-27,S,S,A,C,S,S,A,2.9600,3.0200,2.8800,0.1400,,0,0.0000,0.0000,,0,0.0000,0,0.0000,0.0000,,0,0.0000,0,0.0000,0.0000,,0,0.0000
prebreak,002739,2026-02-27,S,S,A,C,S,S,A,10.9400,11.9600,11.3400,0.6200,,0,0.0000,0.0000,,0,0.0000,0,0.0000,0.0000,,0,0.0000,0,0.0000,0.0000,,0,0.0000
prebreak,002867,2026-02-27,S,S,A,C,S,S,A,11.6625,12.0500,11.5800,0.4700,,0,0.0000,0.0000,,0,0.0000,0,0.0000,0.0000,,0,0.0000,0,0.0000,0.0000,,0,0.0000
prebreak,002984,2026-02-27,S,S,A,C,S,S,A,20.5926,21.2400,20.2800,0.9600,,0,0.0000,0.0000,,0,0.0000,0,0.0000,0.0000,,0,0.0000,0,0.0000,0.0000,,0,0.0000
prebreak,600057,2026-02-27,S,S,A,C,S,S,A,8.3328,8.3900,7.9400,0.4500,,0,0.0000,0.0000,,0,0.0000,0,0.0000,0.0000,,0,0.0000,0,0.0000,0.0000,,0,0.0000
prebreak,600300,2026-02-27,S,S,A,C,S,S,A,3.5865,3.6800,3.5000,0.1800,,0,0.0000,0.0000,,0,0.0000,0,0.0000,0.0000,,0,0.0000,0,0.0000,0.0000,,0,0.0000
prebreak,601088,2026-02-27,S,S,A,C,S,S,A,41.2246,41.8300,40.0200,1.8100,,1,41.8300,44.7071,2026-03-06,0,1.5710,1,41.8300,47.7214,2026-03-13,0,3.2353,1,41.8300,46.3362,2026-03-27,0,2.4705
prebreak,601225,2026-02-27,S,S,A,C,S,S,A,22.7031,22.8500,21.7100,1.1400,,1,22.8500,23.9005,2026-03-06,0,0.9057,1,22.8500,25.1362,2026-03-13,0,1.9890,1,22.8500,25.0213,2026-03-27,0,1.8882
prebreak,601918,2026-02-27,S,S,A,C,S,S,A,7.6415,7.5800,7.2500,0.3300,,1,7.5800,7.8883,2026-03-06,0,0.9163,1,7.5800,8.1746,2026-03-13,0,1.7833,1,7.5800,7.8883,2026-03-27,0,0.9163
prebreak,603043,2026-02-27,S,S,A,C,S,S,A,17.2540,17.6900,17.0100,0.6800,,0,0.0000,0.0000,,0,0.0000,0,0.0000,0.0000,,0,0.0000,0,0.0000,0.0000,,0,0.0000
prebreak,603317,2026-02-27,S,S,A,C,S,S,A,12.9669,13.1600,12.7000,0.4600,,0,0.0000,0.0000,,0,0.0000,0,0.0000,0.0000,,0,0.0000,0,0.0000,0.0000,,0,0.0000
prebreak,603477,2026-02-27,S,S,A,C,S,S,A,17.7186,17.7700,17.0500,0.7200,,0,0.0000,0.0000,,0,0.0000,0,0.0000,0.0000,,0,0.0000,0,0.0000,0.0000,,0,0.0000
prebreak,605555,2026-02-27,S,S,A,C,S,S,A,17.3255,17.9300,17.0400,0.8900,,0,0.0000,0.0000,,0,0.0000,0,0.0000,0.0000,,0,0.0000,0,0.0000,0.0000,,0,0.0000
prebreak,688692,2026-02-27,S,S,A,C,S,S,A,255.7095,300.3500,285.3700,14.9800,,0,0.0000,0.0000,,0,0.0000,0,0.0000,0.0000,,0,0.0000,0,0.0000,0.0000,,0,0.0000
prebreak,000581,2026-03-04,S,S,A,C,S,S,A,22.7391,20.7200,19.8300,0.8900,,0,0.0000,0.0000,,0,0.0000,0,0.0000,0.0000,,0,0.0000,0,0.0000,0.0000,,0,0.0000
prebreak,000590,2026-03-04,S,S,A,C,S,S,A,11.4000,12.7300,12.0700,0.6600,,0,0.0000,0.0000,,0,0.0000,0,0.0000,0.0000,,0,0.0000,0,0.0000,0.0000,,0,0.0000
prebreak,000637,2026-03-04,S,S,A,C,S,S,A,5.1300,4.9200,4.7200,0.2000,,1,4.9200,5.0100,2026-03-11,0,0.4310,1,4.9200,4.7200,2026-03-18,1,-1.0181,1,4.9200,4.7200,2026-03-18,1,-1.0181
prebreak,000677,2026-03-04,S,S,A,C,S,S,A,3.8700,4.1300,3.9300,0.2000,,1,4.1300,4.6400,2026-03-11,0,2.5327,1,4.1300,4.6900,2026-03-18,0,2.7825,1,4.1300,5.0800,2026-04-01,0,4.7313
prebreak,000795,2026-03-04,S,S,A,C,S,S,A,10.1167,10.3500,9.8500,0.5000,,0,0.0000,0.0000,,0,0.0000,0,0.0000,0.0000,,0,0.0000,0,0.0000,0.0000,,0,0.0000
prebreak,000881,2026-03-04,S,S,A,C,S,S,A,8.4100,8.8300,8.4500,0.3800,,0,0.0000,0.0000,,0,0.0000,0,0.0000,0.0000,,0,0.0000,0,0.0000,0.0000,,0,0.0000
prebreak,000931,2026-03-04,S,S,A,C,S,S,A,4.8756,5.2800,5.0100,0.2700,,0,0.0000,0.0000,,0,0.0000,0,0.0000,0.0000,,0,0.0000,0,0.0000,0.0000,,0,0.0000
prebreak,002469,2026-03-04,S,S,A,C,S,S,A,8.8230,9.0900,8.6200,0.4700,,1,9.0900,9.2501,2026-03-11,0,0.3258,1,9.0900,9.2016,2026-03-18,0,0.2226,1,9.0900,8.6200,2026-03-20,1,-1.0141
prebreak,002540,2026-03-04,S,S,A,C,S,S,A,7.2991,7.4000,7.0600,0.3400,,0,0.0000,0.0000,,0,0.0000,0,0.0000,0.0000,,0,0.0000,0,0.0000,0.0000,,0,0.0000
prebreak,002587,2026-03-04,S,S,A,C,S,S,A,6.3256,7.2000,6.8300,0.3700,,0,0.0000,0.0000,,0,0.0000,0,0.0000,0.0000,,0,0.0000,0,0.0000,0.0000,,0,0.0000
prebreak,300026,2026-03-04,S,S,A,C,S,S,A,3.4995,3.7300,3.5500,0.1800,,0,0.0000,0.0000,,0,0.0000,0,0.0000,0.0000,,0,0.0000,0,0.0000,0.0000,,0,0.0000
prebreak,300541,2026-03-04,S,S,A,C,S,S,A,14.7912,16.6800,15.8000,0.8800,,0,0.0000,0.0000,,0,0.0000,0,0.0000,0.0000,,0,0.0000,0,0.0000,0.0000,,0,0.0000
prebreak,301090,2026-03-04,S,S,A,C,S,S,A,7.3400,7.8800,7.4700,0.4100,,1,7.8800,8.0500,2026-03-11,0,0.3998,1,7.8800,8.9700,2026-03-18,0,2.6423,1,7.8800,7.4700,2026-03-24,1,-1.0140
prebreak,301559,2026-03-04,S,S,A,C,S,S,A,17.4116,18.3200,17.4600,0.8600,,1,18.3200,18.5079,2026-03-11,0,0.2021,1,18.3200,17.4600,2026-03-17,1,-1.0156,1,18.3200,17.4600,2026-03-17,1,-1.0156
prebreak,600150,2026-03-04,S,S,A,C,S,S,A,38.1248,35.1100,33.3700,1.7400,,0,0.0000,0.0000,,0,0.0000,0,0.0000,0.0000,,0,0.0000,0,0.0000,0.0000,,0,0.0000
prebreak,600298,2026-03-04,S,S,A,C,S,S,A,41.5594,43.8200,41.8100,2.0100,,0,0.0000,0.0000,,0,0.0000,0,0.0000,0.0000,,0,0.0000,0,0.0000,0.0000,,0,0.0000
prebreak,600395,2026-03-04,S,S,A,C,S,S,A,6.0400,4.9500,4.7200,0.2300,,0,0.0000,0.0000,,0,0.0000,0,0.0000,0.0000,,0,0.0000,0,0.0000,0.0000,,0,0.0000
prebreak,600463,2026-03-04,S,S,A,C,S,S,A,11.0500,11.1600,10.6700,0.4900,,0,0.0000,0.0000,,0,0.0000,0,0.0000,0.0000,,0,0.0000,0,0.0000,0.0000,,0,0.0000
prebreak,600606,2026-03-04,S,S,A,C,S,S,A,1.6100,1.7100,1.6300,0.0800,,0,0.0000,0.0000,,0,0.0000,0,0.0000,0.0000,,0,0.0000,0,0.0000,0.0000,,0,0.0000
prebreak,600758,2026-03-04,S,S,A,C,S,S,A,4.0600,3.9300,3.7700,0.1600,,0,0.0000,0.0000,,0,0.0000,0,0.0000,0.0000,,0,0.0000,0,0.0000,0.0000,,0,0.0000
prebreak,600779,2026-03-04,S,S,A,C,S,S,A,35.4900,39.2600,37.9300,1.3300,,0,0.0000,0.0000,,0,0.0000,0,0.0000,0.0000,,0,0.0000,0,0.0000,0.0000,,0,0.0000
prebreak,601921,2026-03-04,S,S,A,C,S,S,A,7.5493,8.0000,7.6100,0.3900,,0,0.0000,0.0000,,0,0.0000,0,0.0000,0.0000,,0,0.0000,0,0.0000,0.0000,,0,0.0000
prebreak,601963,2026-03-04,S,S,A,C,S,S,A,10.1840,10.4200,9.9100,0.5100,,0,0.0000,0.0000,,0,0.0000,0,0.0000,0.0000,,0,0.0000,0,0.0000,0.0000,,0,0.0000
prebreak,603313,2026-03-04,S,S,A,C,S,S,A,8.8100,9.7600,9.3300,0.4300,,0,0.0000,0.0000,,0,0.0000,0,0.0000,0.0000,,0,0.0000,0,0.0000,0.0000,,0,0.0000
prebreak,603997,2026-03-04,S,S,A,C,S,S,A,13.0874,14.6800,13.9600,0.7200,,0,0.0000,0.0000,,0,0.0000,0,0.0000,0.0000,,0,0.0000,0,0.0000,0.0000,,0,0.0000
prebreak,605499,2026-03-04,S,S,A,C,S,S,A,174.8498,205.8600,195.3700,10.4900,,0,0.0000,0.0000,,0,0.0000,0,0.0000,0.0000,,0,0.0000,0,0.0000,0.0000,,0,0.0000
prebreak,000012,2026-03-05,S,S,A,C,S,S,A,4.7843,4.8300,4.6100,0.2200,,0,0.0000,0.0000,,0,0.0000,0,0.0000,0.0000,,0,0.0000,0,0.0000,0.0000,,0,0.0000
prebreak,000069,2026-03-05,S,S,A,C,S,S,A,2.4200,2.8200,2.6800,0.1400,,0,0.0000,0.0000,,0,0.0000,0,0.0000,0.0000,,0,0.0000,0,0.0000,0.0000,,0,0.0000
prebreak,000096,2026-03-05,S,S,A,C,S,S,A,11.8400,11.2800,10.7400,0.5400,,0,0.0000,0.0000,,0,0.0000,0,0.0000,0.0000,,0,0.0000,0,0.0000,0.0000,,0,0.0000
prebreak,000786,2026-03-05,S,S,A,C,S,S,A,27.1759,28.2100,26.8100,1.4000,,0,0.0000,0.0000,,0,0.0000,0,0.0000,0.0000,,0,0.0000,0,0.0000,0.0000,,0,0.0000
prebreak,000791,2026-03-05,S,S,A,C,S,S,A,7.9120,6.6400,6.3700,0.2700,2026-03-28（报告期 2025-12-31 00:00:00）,1,6.6400,8.6623,2026-03-12,0,7.4666,1,6.6400,7.9997,2026-03-19,0,5.0141,1,6.6400,7.0838,2026-04-02,0,1.6240
prebreak,000897,2026-03-05,S,S,A,C,S,S,A,2.1800,2.3200,2.2200,0.1000,,0,0.0000,0.0000,,0,0.0000,1,2.3200,2.2200,2026-03-19,1,-1.0170,1,2.3200,2.2200,2026-03-19,1,-1.0170
prebreak,001319,2026-03-05,S,S,A,C,S,S,A,26.1956,30.5300,29.0800,1.4500,,0,0.0000,0.0000,,0,0.0000,0,0.0000,0.0000,,0,0.0000,0,0.0000,0.0000,,0,0.0000
prebreak,002027,2026-03-05,S,S,A,C,S,S,A,6.3927,7.1100,6.7800,0.3300,,0,0.0000,0.0000,,0,0.0000,0,0.0000,0.0000,,0,0.0000,0,0.0000,0.0000,,0,0.0000
prebreak,002333,2026-03-05,S,S,A,C,S,S,A,5.7784,6.2900,5.9700,0.3200,,0,0.0000,0.0000,,0,0.0000,0,0.0000,0.0000,,0,0.0000,0,0.0000,0.0000,,0,0.0000
prebreak,002386,2026-03-05,S,S,A,C,S,S,A,6.1000,6.1300,5.8200,0.3100,,0,0.0000,0.0000,,0,0.0000,0,0.0000,0.0000,,0,0.0000,0,0.0000,0.0000,,0,0.0000
prebreak,002442,2026-03-05,S,S,A,C,S,S,A,6.4300,6.8000,6.4700,0.3300,,1,6.8000,6.7400,2026-03-12,0,-0.1974,1,6.8000,6.4700,2026-03-19,1,-1.0150,1,6.8000,6.4700,2026-03-19,1,-1.0150
prebreak,002568,2026-03-05,S,S,A,C,S,S,A,18.5607,18.9800,18.1200,0.8600,,0,0.0000,0.0000,,0,0.0000,0,0.0000,0.0000,,0,0.0000,0,0.0000,0.0000,,0,0.0000
prebreak,002572,2026-03-05,S,S,A,C,S,S,A,11.9491,14.0300,13.3200,0.7100,,0,0.0000,0.0000,,0,0.0000,0,0.0000,0.0000,,0,0.0000,0,0.0000,0.0000,,0,0.0000
prebreak,002588,2026-03-05,S,S,A,C,S,S,A,10.2565,10.7500,10.2100,0.5400,,1,10.7500,11.1290,2026-03-12,0,0.6862,1,10.7500,10.2100,2026-03-19,1,-1.0145,1,10.7500,10.2100,2026-03-19,1,-1.0145
prebreak,300015,2026-03-05,S,S,A,C,S,S,A,10.0670,10.5200,10.0000,0.5200,,0,0.0000,0.0000,,0,0.0000,0,0.0000,0.0000,,0,0.0000,0,0.0000,0.0000,,0,0.0000
prebreak,300307,2026-03-05,S,S,A,C,S,S,A,6.9706,7.5200,7.1500,0.3700,,0,0.0000,0.0000,,0,0.0000,0,0.0000,0.0000,,0,0.0000,0,0.0000,0.0000,,0,0.0000
prebreak,600038,2026-03-05,S,S,A,C,S,S,A,36.7230,39.0300,37.5600,1.4700,,0,0.0000,0.0000,,0,0.0000,0,0.0000,0.0000,,0,0.0000,0,0.0000,0.0000,,0,0.0000
prebreak,600048,2026-03-05,S,S,A,C,S,S,A,6.5213,6.9100,6.6100,0.3000,,0,0.0000,0.0000,,0,0.0000,0,0.0000,0.0000,,0,0.0000,0,0.0000,0.0000,,0,0.0000
prebreak,600066,2026-03-05,S,S,A,C,S,S,A,29.3040,30.8700,29.3900,1.4800,2026-03-31（报告期 2025-12-31 00:00:00）,0,0.0000,0.0000,,0,0.0000,0,0.0000,0.0000,,0,0.0000,1,30.8700,36.0643,2026-04-02,0,3.4916
prebreak,600320,2026-03-05,S,S,A,C,S,S,A,5.3964,5.1900,4.9900,0.2000,,0,0.0000,0.0000,,0,0.0000,0,0.0000,0.0000,,0,0.0000,0,0.0000,0.0000,,0,0.0000
prebreak,600323,2026-03-05,S,S,A,C,S,S,A,27.5296,28.7800,27.3000,1.4800,,0,0.0000,0.0000,,0,0.0000,0,0.0000,0.0000,,0,0.0000,0,0.0000,0.0000,,0,0.0000
prebreak,600436,2026-03-05,S,S,A,C,S,S,A,155.2112,162.0700,153.8900,8.1800,,0,0.0000,0.0000,,0,0.0000,0,0.0000,0.0000,,0,0.0000,0,0.0000,0.0000,,0,0.0000
prebreak,600657,2026-03-05,S,S,A,C,S,S,A,3.2200,3.6300,3.4800,0.1500,,0,0.0000,0.0000,,0,0.0000,0,0.0000,0.0000,,0,0.0000,0,0.0000,0.0000,,0,0.0000
prebreak,601968,2026-03-05,S,S,A,C,S,S,A,5.7098,6.1000,5.8100,0.2900,,0,0.0000,0.0000,,0,0.0000,0,0.0000,0.0000,,0,0.0000,0,0.0000,0.0000,,0,0.0000
prebreak,603020,2026-03-05,S,S,A,C,S,S,A,10.1574,11.0800,10.6000,0.4800,,1,11.0800,11.2099,2026-03-12,0,0.2530,1,11.0800,10.6000,2026-03-18,1,-1.0169,1,11.0800,10.6000,2026-03-18,1,-1.0169
prebreak,603956,2026-03-05,S,S,A,C,S,S,A,6.1500,7.0900,6.7500,0.3400,,0,0.0000,0.0000,,0,0.0000,0,0.0000,0.0000,,0,0.0000,0,0.0000,0.0000,,0,0.0000
prebreak,000065,2026-03-06,S,S,A,C,S,S,A,13.3025,12.2300,11.6000,0.6300,,0,0.0000,0.0000,,0,0.0000,0,0.0000,0.0000,,0,0.0000,0,0.0000,0.0000,,0,0.0000
prebreak,000708,2026-03-06,S,S,A,C,S,S,A,17.1118,17.5800,16.7500,0.8300,,0,0.0000,0.0000,,0,0.0000,0,0.0000,0.0000,,0,0.0000,0,0.0000,0.0000,,0,0.0000
prebreak,000723,2026-03-06,S,S,A,C,S,S,A,5.3000,5.0500,4.8100,0.2400,,1,5.0500,5.4700,2026-03-13,0,1.7329,1,5.0500,5.0400,2026-03-20,0,-0.0576,1,5.0500,4.8100,2026-03-31,1,-1.0154
prebreak,000957,2026-03-06,S,S,A,C,S,S,A,11.1598,12.2600,11.7100,0.5500,,0,0.0000,0.0000,,0,0.0000,0,0.0000,0.0000,,0,0.0000,0,0.0000,0.0000,,0,0.0000
prebreak,002746,2026-03-06,S,S,A,C,S,S,A,6.2561,6.3200,6.0000,0.3200,,1,6.3200,6.2658,2026-03-13,0,-0.1843,1,6.3200,6.0000,2026-03-20,1,-1.0144,1,6.3200,6.0000,2026-03-20,1,-1.0144
prebreak,002867,2026-03-06,S,S,A,C,S,S,A,11.3493,11.7800,11.2300,0.5500,,0,0.0000,0.0000,,0,0.0000,0,0.0000,0.0000,,0,0.0000,0,0.0000,0.0000,,0,0.0000
prebreak,002991,2026-03-06,S,S,A,C,S,S,A,52.8993,57.4300,54.9800,2.4500,,0,0.0000,0.0000,,0,0.0000,0,0.0000,0.0000,,0,0.0000,0,0.0000,0.0000,,0,0.0000
prebreak,300110,2026-03-06,S,S,A,C,S,S,A,3.2700,3.2800,3.1000,0.1800,,0,0.0000,0.0000,,0,0.0000,0,0.0000,0.0000,,0,0.0000,0,0.0000,0.0000,,0,0.0000
prebreak,300193,2026-03-06,S,S,A,C,S,S,A,9.5452,9.5500,9.0700,0.4800,,0,0.0000,0.0000,,0,0.0000,0,0.0000,0.0000,,0,0.0000,0,0.0000,0.0000,,0,0.0000
prebreak,600057,2026-03-06,S,S,A,C,S,S,A,8.1857,8.5500,8.1100,0.4400,,1,8.5500,8.5583,2026-03-13,0,0.0040,1,8.5500,8.1100,2026-03-18,1,-1.0141,1,8.5500,8.1100,2026-03-18,1,-1.0141
prebreak,600153,2026-03-06,S,S,A,C,S,S,A,8.8646,9.2700,8.8200,0.4500,,0,0.0000,0.0000,,0,0.0000,1,9.2700,8.8200,2026-03-18,1,-1.0150,1,9.2700,8.8200,2026-03-18,1,-1.0150
prebreak,600796,2026-03-06,S,S,A,C,S,S,A,6.9838,7.0000,6.7500,0.2500,,0,0.0000,0.0000,,0,0.0000,0,0.0000,0.0000,,0,0.0000,0,0.0000,0.0000,,0,0.0000
prebreak,601088,2026-03-06,S,S,A,C,S,S,A,44.7071,41.8300,40.0200,1.8100,2026-03-28（报告期 2025-12-31 00:00:00）,1,41.8300,47.7214,2026-03-13,0,3.2353,1,41.8300,48.3360,2026-03-20,0,3.5746,1,41.8300,46.4143,2026-04-03,0,2.5136
prebreak,601225,2026-03-06,S,S,A,C,S,S,A,23.9005,22.8500,21.7100,1.1400,,1,22.8500,25.1362,2026-03-13,0,1.9890,1,22.8500,26.0175,2026-03-20,0,2.7616,1,22.8500,24.2933,2026-04-03,0,1.2500
prebreak,601599,2026-03-06,S,S,A,C,S,S,A,4.1300,4.2100,3.9900,0.2200,,0,0.0000,0.0000,,0,0.0000,0,0.0000,0.0000,,0,0.0000,0,0.0000,0.0000,,0,0.0000
prebreak,603043,2026-03-06,S,S,A,C,S,S,A,16.7197,17.4900,16.7400,0.7500,,0,0.0000,0.0000,,0,0.0000,0,0.0000,0.0000,,0,0.0000,0,0.0000,0.0000,,0,0.0000
prebreak,603199,2026-03-06,S,S,A,C,S,S,A,40.4534,39.8700,38.4200,1.4500,,0,0.0000,0.0000,,0,0.0000,0,0.0000,0.0000,,0,0.0000,0,0.0000,0.0000,,0,0.0000
prebreak,603310,2026-03-06,S,S,A,C,S,S,A,17.3646,17.6100,16.7600,0.8500,,0,0.0000,0.0000,,0,0.0000,0,0.0000,0.0000,,0,0.0000,0,0.0000,0.0000,,0,0.0000
prebreak,605066,2026-03-06,S,S,A,C,S,S,A,8.8975,8.4000,7.9900,0.4100,,1,8.4000,8.6210,2026-03-13,0,0.5231,1,8.4000,7.9900,2026-03-20,1,-1.0149,1,8.4000,7.9900,2026-03-20,1,-1.0149
prebreak,605555,2026-03-06,S,S,A,C,S,S,A,15.9905,17.9300,17.0400,0.8900,,0,0.0000,0.0000,,0,0.0000,0,0.0000,0.0000,,0,0.0000,0,0.0000,0.0000,,0,0.0000
prebreak,000528,2026-03-10,S,S,A,C,S,S,A,10.2791,11.5700,10.9800,0.5900,,0,0.0000,0.0000,,0,0.0000,0,0.0000,0.0000,,0,0.0000,0,0.0000,0.0000,,0,0.0000
prebreak,000537,2026-03-10,S,S,A,C,S,S,A,10.1776,8.8300,8.4400,0.3900,,1,8.8300,11.4965,2026-03-17,0,6.8158,1,8.8300,11.7623,2026-03-24,0,7.4968,1,8.8300,9.9217,2026-04-08,0,2.7802
prebreak,000712,2026-03-10,S,S,A,C,S,S,A,11.2900,13.3800,12.6900,0.6900,,0,0.0000,0.0000,,0,0.0000,0,0.0000,0.0000,,0,0.0000,0,0.0000,0.0000,,0,0.0000
prebreak,001914,2026-03-10,S,S,A,C,S,S,A,10.2934,11.6200,11.0500,0.5700,,0,0.0000,0.0000,,0,0.0000,0,0.0000,0.0000,,0,0.0000,0,0.0000,0.0000,,0,0.0000
prebreak,002016,2026-03-10,S,S,A,C,S,S,A,5.9843,6.4300,6.1100,0.3200,,0,0.0000,0.0000,,0,0.0000,0,0.0000,0.0000,,0,0.0000,1,6.4300,6.1100,2026-04-01,1,-1.0146
prebreak,002344,2026-03-10,S,S,A,C,S,S,A,4.7366,5.0400,4.8000,0.2400,,0,0.0000,0.0000,,0,0.0000,0,0.0000,0.0000,,0,0.0000,0,0.0000,0.0000,,0,0.0000
prebreak,002526,2026-03-10,S,S,A,C,S,S,A,3.8447,3.8700,3.7200,0.1500,,0,0.0000,0.0000,,0,0.0000,0,0.0000,0.0000,,0,0.0000,0,0.0000,0.0000,,0,0.0000
prebreak,002594,2026-03-10,S,S,A,C,S,S,A,96.2405,92.6200,88.5900,4.0300,2026-03-26（报告期 2025-12-31 00:00:00）,1,92.6200,102.4872,2026-03-17,0,2.4294,1,92.6200,106.2431,2026-03-24,0,3.3608,1,92.6200,100.8433,2026-04-08,0,2.0218
prebreak,300088,2026-03-10,S,S,A,C,S,S,A,6.7033,6.8400,6.4900,0.3500,,0,0.0000,0.0000,,0,0.0000,0,0.0000,0.0000,,0,0.0000,0,0.0000,0.0000,,0,0.0000
prebreak,300105,2026-03-10,S,S,A,C,S,S,A,7.9197,7.4800,7.2300,0.2500,,1,7.4800,7.4015,2026-03-17,0,-0.3364,1,7.4800,7.2300,2026-03-20,1,-1.0221,1,7.4800,7.2300,2026-03-20,1,-1.0221
prebreak,300144,2026-03-10,S,S,A,C,S,S,A,7.9095,7.8900,7.5500,0.3400,,0,0.0000,0.0000,,0,0.0000,0,0.0000,0.0000,,0,0.0000,0,0.0000,0.0000,,0,0.0000
prebreak,600072,2026-03-10,S,S,A,C,S,S,A,13.1900,13.3300,12.6500,0.6800,,1,13.3300,13.5400,2026-03-17,0,0.2937,1,13.3300,12.6500,2026-03-20,1,-1.0143,1,13.3300,12.6500,2026-03-20,1,-1.0143
prebreak,600707,2026-03-10,S,S,A,C,S,S,A,6.4266,6.7600,6.4300,0.3300,,0,0.0000,0.0000,,0,0.0000,0,0.0000,0.0000,,0,0.0000,0,0.0000,0.0000,,0,0.0000
prebreak,601229,2026-03-10,S,S,A,C,S,S,A,9.3441,9.6700,9.2800,0.3900,,0,0.0000,0.0000,,0,0.0000,0,0.0000,0.0000,,0,0.0000,0,0.0000,0.0000,,0,0.0000
prebreak,603027,2026-03-10,S,S,A,C,S,S,A,9.3447,9.4400,9.0300,0.4100,,0,0.0000,0.0000,,0,0.0000,0,0.0000,0.0000,,0,0.0000,0,0.0000,0.0000,,0,0.0000
prebreak,603338,2026-03-10,S,S,A,C,S,S,A,52.0469,57.1300,54.4700,2.6600,,0,0.0000,0.0000,,0,0.0000,0,0.0000,0.0000,,0,0.0000,0,0.0000,0.0000,,0,0.0000
prebreak,603527,2026-03-10,S,S,A,C,S,S,A,10.8755,10.9700,10.4400,0.5300,,1,10.9700,12.6434,2026-03-17,0,3.1396,1,10.9700,10.4400,2026-03-20,1,-1.0151,1,10.9700,10.4400,2026-03-20,1,-1.0151
prebreak,603777,2026-03-10,S,S,A,C,S,S,A,13.1300,13.3300,12.6900,0.6400,,1,13.3300,13.4700,2026-03-17,0,0.2028,1,13.3300,12.6900,2026-03-23,1,-1.0152,1,13.3300,12.6900,2026-03-23,1,-1.0152
prebreak,603970,2026-03-10,S,S,A,C,S,S,A,13.2515,13.7100,13.0000,0.7100,,0,0.0000,0.0000,,0,0.0000,0,0.0000,0.0000,,0,0.0000,0,0.0000,0.0000,,0,0.0000
prebreak,000560,2026-03-11,S,S,A,C,S,S,A,3.2100,3.3100,3.1400,0.1700,,0,0.0000,0.0000,,0,0.0000,0,0.0000,0.0000,,0,0.0000,0,0.0000,0.0000,,0,0.0000
prebreak,000590,2026-03-11,S,S,A,C,S,S,A,12.2300,12.7300,12.0700,0.6600,,0,0.0000,0.0000,,0,0.0000,0,0.0000,0.0000,,0,0.0000,0,0.0000,0.0000,,0,0.0000
prebreak,000637,2026-03-11,S,S,A,C,S,S,A,5.0100,4.9200,4.7200,0.2000,,0,0.0000,0.0000,,0,0.0000,0,0.0000,0.0000,,0,0.0000,0,0.0000,0.0000,,0,0.0000
prebreak,000795,2026-03-11,S,S,A,C,S,S,A,9.9096,10.3500,9.8500,0.5000,,0,0.0000,0.0000,,0,0.0000,0,0.0000,0.0000,,0,0.0000,0,0.0000,0.0000,,0,0.0000
prebreak,000928,2026-03-11,S,S,A,C,S,S,A,6.7915,6.6100,6.3800,0.2300,,0,0.0000,0.0000,,0,0.0000,0,0.0000,0.0000,,0,0.0000,0,0.0000,0.0000,,0,0.0000
prebreak,000931,2026-03-11,S,S,A,C,S,S,A,5.2139,5.2800,5.0100,0.2700,,0,0.0000,0.0000,,0,0.0000,0,0.0000,0.0000,,0,0.0000,1,5.2800,5.2537,2026-04-09,0,-0.1123
prebreak,000965,2026-03-11,S,S,A,C,S,S,A,3.9676,4.0000,3.8300,0.1700,,0,0.0000,0.0000,,0,0.0000,0,0.0000,0.0000,,0,0.0000,0,0.0000,0.0000,,0,0.0000
prebreak,002469,2026-03-11,S,S,A,C,S,S,A,9.2501,9.0900,8.6200,0.4700,,1,9.0900,9.2016,2026-03-18,0,0.2226,1,9.0900,8.6200,2026-03-20,1,-1.0141,1,9.0900,8.6200,2026-03-20,1,-1.0141
prebreak,002540,2026-03-11,S,S,A,C,S,S,A,7.1515,7.4000,7.0600,0.3400,,0,0.0000,0.0000,,0,0.0000,0,0.0000,0.0000,,0,0.0000,0,0.0000,0.0000,,0,0.0000
prebreak,002587,2026-03-11,S,S,A,C,S,S,A,7.1101,7.2000,6.8300,0.3700,,0,0.0000,0.0000,,0,0.0000,0,0.0000,0.0000,,0,0.0000,0,0.0000,0.0000,,0,0.0000
prebreak,300498,2026-03-11,S,S,A,C,S,S,A,16.8723,16.1300,15.3400,0.7900,,1,16.1300,17.0494,2026-03-18,0,1.1475,1,16.1300,16.5771,2026-03-25,0,0.5501,1,16.1300,16.3213,2026-04-09,0,0.2265
prebreak,600298,2026-03-11,S,S,A,C,S,S,A,41.6480,43.8200,41.8100,2.0100,,0,0.0000,0.0000,,0,0.0000,0,0.0000,0.0000,,0,0.0000,0,0.0000,0.0000,,0,0.0000
prebreak,600328,2026-03-11,S,S,A,C,S,S,A,9.9020,9.2100,8.7600,0.4500,,1,9.2100,10.4400,2026-03-18,0,2.7160,1,9.2100,9.5135,2026-03-25,0,0.6585,1,9.2100,8.7600,2026-03-31,1,-1.0149
prebreak,600851,2026-03-11,S,S,A,C,S,S,A,8.9223,7.8700,7.4800,0.3900,,0,0.0000,0.0000,,0,0.0000,0,0.0000,0.0000,,0,0.0000,0,0.0000,0.0000,,0,0.0000
prebreak,601882,2026-03-11,S,S,A,C,S,S,A,21.9166,21.3500,20.3100,1.0400,,1,21.3500,20.9808,2026-03-18,0,-0.3704,1,21.3500,20.3100,2026-03-20,1,-1.0150,1,21.3500,20.3100,2026-03-20,1,-1.0150
prebreak,603997,2026-03-11,S,S,A,C,S,S,A,12.9981,14.6800,13.9600,0.7200,,0,0.0000,0.0000,,0,0.0000,0,0.0000,0.0000,,0,0.0000,0,0.0000,0.0000,,0,0.0000
prebreak,000717,2026-03-16,S,S,A,C,S,S,A,2.6900,2.7700,2.6200,0.1500,,1,2.7700,2.6200,2026-03-19,1,-1.0134,1,2.7700,2.6200,2026-03-19,1,-1.0134,1,2.7700,2.6200,2026-03-19,1,-1.0134
prebreak,000911,2026-03-16,S,S,A,C,S,S,A,7.1300,6.7400,6.4700,0.2700,,0,0.0000,0.0000,,0,0.0000,0,0.0000,0.0000,,0,0.0000,0,0.0000,0.0000,,0,0.0000
prebreak,002198,2026-03-16,S,S,A,C,S,S,A,7.9900,7.3900,7.0400,0.3500,,0,0.0000,0.0000,,0,0.0000,0,0.0000,0.0000,,0,0.0000,0,0.0000,0.0000,,0,0.0000
prebreak,002672,2026-03-16,S,S,A,C,S,S,A,4.9800,5.1700,4.9400,0.2300,,0,0.0000,0.0000,,0,0.0000,0,0.0000,0.0000,,0,0.0000,0,0.0000,0.0000,,0,0.0000
prebreak,002696,2026-03-16,S,S,A,C,S,S,A,7.6508,7.8000,7.4000,0.4000,,0,0.0000,0.0000,,0,0.0000,0,0.0000,0.0000,,0,0.0000,0,0.0000,0.0000,,0,0.0000
prebreak,002847,2026-03-16,S,S,A,C,S,S,A,60.5697,62.3800,59.5900,2.7900,,0,0.0000,0.0000,,0,0.0000,0,0.0000,0.0000,,0,0.0000,0,0.0000,0.0000,,0,0.0000
prebreak,300022,2026-03-16,S,S,A,C,S,S,A,8.2400,8.3500,7.9700,0.3800,,1,8.3500,8.3400,2026-03-23,0,-0.0430,1,8.3500,9.2600,2026-03-30,0,2.3765,1,8.3500,9.6700,2026-04-14,0,3.4548
prebreak,300928,2026-03-16,S,S,A,C,S,S,A,32.7800,34.5700,33.1700,1.4000,,0,0.0000,0.0000,,0,0.0000,0,0.0000,0.0000,,0,0.0000,0,0.0000,0.0000,,0,0.0000
prebreak,600423,2026-03-16,S,S,A,C,S,S,A,4.0700,4.0000,3.8100,0.1900,,0,0.0000,0.0000,,0,0.0000,0,0.0000,0.0000,,0,0.0000,0,0.0000,0.0000,,0,0.0000
prebreak,600428,2026-03-16,S,S,A,C,S,S,A,8.2445,7.5600,7.2100,0.3500,,0,0.0000,0.0000,,0,0.0000,0,0.0000,0.0000,,0,0.0000,0,0.0000,0.0000,,0,0.0000
prebreak,600449,2026-03-16,S,S,A,C,S,S,A,13.1256,13.7200,13.1900,0.5300,,1,13.7200,13.1900,2026-03-20,1,-1.0190,1,13.7200,13.1900,2026-03-20,1,-1.0190,1,13.7200,13.1900,2026-03-20,1,-1.0190
prebreak,600809,2026-03-16,S,S,A,C,S,S,A,153.0129,154.4900,148.2900,6.2000,,0,0.0000,0.0000,,0,0.0000,0,0.0000,0.0000,,0,0.0000,0,0.0000,0.0000,,0,0.0000
prebreak,600866,2026-03-16,S,S,A,C,S,S,A,7.4398,7.2700,6.9200,0.3500,,0,0.0000,0.0000,,0,0.0000,0,0.0000,0.0000,,0,0.0000,0,0.0000,0.0000,,0,0.0000
prebreak,601108,2026-03-16,S,S,A,C,S,S,A,8.2346,8.4600,8.1600,0.3000,,0,0.0000,0.0000,,0,0.0000,0,0.0000,0.0000,,0,0.0000,0,0.0000,0.0000,,0,0.0000
prebreak,601187,2026-03-16,S,S,A,C,S,S,A,7.5547,7.3800,7.0300,0.3500,,0,0.0000,0.0000,,0,0.0000,0,0.0000,0.0000,,0,0.0000,0,0.0000,0.0000,,0,0.0000
prebreak,601998,2026-03-16,S,S,A,C,S,S,A,7.3693,7.3700,6.9900,0.3800,2026-03-21（报告期 2025-12-31 00:00:00）,1,7.3700,7.6812,2026-03-23,0,0.8037,1,7.3700,8.0711,2026-03-30,0,1.8291,1,7.3700,8.0711,2026-04-14,0,1.8291
prebreak,000795,2026-03-18,S,S,A,C,S,S,A,9.4166,10.3500,9.8500,0.5000,,0,0.0000,0.0000,,0,0.0000,0,0.0000,0.0000,,0,0.0000,0,0.0000,0.0000,,0,0.0000
prebreak,001269,2026-03-18,S,S,A,C,S,S,A,24.5800,26.2300,25.1300,1.1000,,0,0.0000,0.0000,,0,0.0000,0,0.0000,0.0000,,0,0.0000,0,0.0000,0.0000,,0,0.0000
prebreak,001313,2026-03-18,S,S,A,C,S,S,A,7.4600,7.8400,7.4400,0.4000,,0,0.0000,0.0000,,0,0.0000,1,7.8400,7.8600,2026-04-01,0,0.0351,1,7.8400,8.1400,2026-04-16,0,0.7346
prebreak,002247,2026-03-18,S,S,A,C,S,S,A,3.0500,3.1300,2.9800,0.1500,,0,0.0000,0.0000,,0,0.0000,0,0.0000,0.0000,,0,0.0000,0,0.0000,0.0000,,0,0.0000
prebreak,002479,2026-03-18,S,S,A,C,S,S,A,5.3460,5.6100,5.3400,0.2700,,1,5.6100,5.8070,2026-03-25,0,0.7135,1,5.6100,5.6697,2026-04-01,0,0.2052,1,5.6100,5.3400,2026-04-07,1,-1.0152
prebreak,002587,2026-03-18,S,S,A,C,S,S,A,7.2292,7.2000,6.8300,0.3700,,0,0.0000,0.0000,,0,0.0000,0,0.0000,0.0000,,0,0.0000,0,0.0000,0.0000,,0,0.0000
prebreak,002615,2026-03-18,S,S,A,C,S,S,A,8.4800,9.0900,8.6300,0.4600,,0,0.0000,0.0000,,0,0.0000,0,0.0000,0.0000,,0,0.0000,0,0.0000,0.0000,,0,0.0000
prebreak,300138,2026-03-18,S,S,A,C,S,S,A,13.6085,13.7900,13.0600,0.7300,,0,0.0000,0.0000,,0,0.0000,0,0.0000,0.0000,,0,0.0000,0,0.0000,0.0000,,0,0.0000
prebreak,300259,2026-03-18,S,S,A,C,S,S,A,4.9893,4.8700,4.6100,0.2600,,0,0.0000,0.0000,,0,0.0000,0,0.0000,0.0000,,0,0.0000,0,0.0000,0.0000,,0,0.0000
prebreak,300541,2026-03-18,S,S,A,C,S,S,A,15.7442,16.6800,15.8000,0.8800,,0,0.0000,0.0000,,0,0.0000,0,0.0000,0.0000,,0,0.0000,0,0.0000,0.0000,,0,0.0000
prebreak,600298,2026-03-18,S,S,A,C,S,S,A,40.7128,42.8700,40.6500,2.2200,,0,0.0000,0.0000,,0,0.0000,0,0.0000,0.0000,,0,0.0000,0,0.0000,0.0000,,0,0.0000
prebreak,600540,2026-03-18,S,S,A,C,S,S,A,5.1900,5.0500,4.7900,0.2600,,0,0.0000,0.0000,,0,0.0000,0,0.0000,0.0000,,0,0.0000,0,0.0000,0.0000,,0,0.0000
prebreak,600929,2026-03-18,S,S,A,C,S,S,A,6.1317,6.6300,6.3200,0.3100,,0,0.0000,0.0000,,0,0.0000,0,0.0000,0.0000,,0,0.0000,1,6.6300,6.8795,2026-04-16,0,0.7880
prebreak,601882,2026-03-18,S,S,A,C,S,S,A,20.9808,21.3500,20.3100,1.0400,,0,0.0000,0.0000,,0,0.0000,0,0.0000,0.0000,,0,0.0000,0,0.0000,0.0000,,0,0.0000
prebreak,601963,2026-03-18,S,S,A,C,S,S,A,10.9816,11.0600,10.5600,0.5000,,0,0.0000,0.0000,,0,0.0000,0,0.0000,0.0000,,0,0.0000,0,0.0000,0.0000,,0,0.0000
prebreak,603168,2026-03-18,S,S,A,C,S,S,A,7.8000,7.3600,7.0400,0.3200,,1,7.3600,7.0400,2026-03-20,1,-1.0169,1,7.3600,7.0400,2026-03-20,1,-1.0169,1,7.3600,7.0400,2026-03-20,1,-1.0169
prebreak,603223,2026-03-18,S,S,A,C,S,S,A,8.8026,9.4000,8.9500,0.4500,,0,0.0000,0.0000,,0,0.0000,0,0.0000,0.0000,,0,0.0000,0,0.0000,0.0000,,0,0.0000
prebreak,603766,2026-03-18,S,S,A,C,S,S,A,14.8396,15.0300,14.3700,0.6600,,0,0.0000,0.0000,,0,0.0000,0,0.0000,0.0000,,0,0.0000,0,0.0000,0.0000,,0,0.0000
prebreak,000903,2026-03-24,S,S,A,C,S,S,A,2.4800,2.7900,2.6500,0.1400,,0,0.0000,0.0000,,0,0.0000,0,0.0000,0.0000,,0,0.0000,0,0.0000,0.0000,,0,0.0000
prebreak,001914,2026-03-24,S,S,A,C,S,S,A,9.4680,10.5700,10.0800,0.4900,,0,0.0000,0.0000,,0,0.0000,0,0.0000,0.0000,,0,0.0000,0,0.0000,0.0000,,0,0.0000
prebreak,002226,2026-03-24,S,S,A,C,S,S,A,5.3576,6.3300,6.0200,0.3100,,0,0.0000,0.0000,,0,0.0000,0,0.0000,0.0000,,0,0.0000,0,0.0000,0.0000,,0,0.0000
prebreak,002526,2026-03-24,S,S,A,C,S,S,A,3.3168,3.9200,3.7400,0.1800,,0,0.0000,0.0000,,0,0.0000,0,0.0000,0.0000,,0,0.0000,0,0.0000,0.0000,,0,0.0000
prebreak,002556,2026-03-24,S,S,A,C,S,S,A,5.6562,6.6900,6.3700,0.3200,,0,0.0000,0.0000,,0,0.0000,0,0.0000,0.0000,,0,0.0000,0,0.0000,0.0000,,0,0.0000
prebreak,002559,2026-03-24,S,S,A,C,S,S,A,9.4557,10.7300,10.2100,0.5200,2026-04-21（报告期 2025-12-31 00:00:00）,0,0.0000,0.0000,,0,0.0000,0,0.0000,0.0000,,0,0.0000,1,10.7300,10.8065,2026-04-22,0,0.1313
prebreak,002594,2026-03-24,S,S,A,C,S,S,A,106.2431,92.6200,88.5900,4.0300,,0,0.0000,0.0000,,0,0.0000,0,0.0000,0.0000,,0,0.0000,0,0.0000,0.0000,,0,0.0000
prebreak,002635,2026-03-24,S,S,A,C,S,S,A,13.1995,15.0900,14.3200,0.7700,2026-03-28（报告期 2025-12-31 00:00:00）,0,0.0000,0.0000,,0,0.0000,0,0.0000,0.0000,,0,0.0000,1,15.0900,17.2525,2026-04-22,0,2.7918
prebreak,002687,2026-03-24,S,S,A,C,S,S,A,4.6060,5.2300,4.9800,0.2500,2026-04-17（报告期 2025-12-31 00:00:00）,0,0.0000,0.0000,,0,0.0000,0,0.0000,0.0000,,0,0.0000,1,5.2300,4.9800,2026-04-20,1,-1.0153
prebreak,002724,2026-03-24,S,S,A,C,S,S,A,6.9036,7.6300,7.2500,0.3800,,0,0.0000,0.0000,,0,0.0000,0,0.0000,0.0000,,0,0.0000,0,0.0000,0.0000,,0,0.0000
prebreak,002933,2026-03-24,S,S,A,C,S,S,A,31.8577,38.4300,36.5800,1.8500,,0,0.0000,0.0000,,0,0.0000,0,0.0000,0.0000,,0,0.0000,0,0.0000,0.0000,,0,0.0000
prebreak,300105,2026-03-24,S,S,A,C,S,S,A,7.0691,8.0900,7.6900,0.4000,,0,0.0000,0.0000,,0,0.0000,0,0.0000,0.0000,,0,0.0000,0,0.0000,0.0000,,0,0.0000
prebreak,300119,2026-03-24,S,S,A,C,S,S,A,17.2327,19.5800,18.6900,0.8900,,0,0.0000,0.0000,,0,0.0000,0,0.0000,0.0000,,0,0.0000,0,0.0000,0.0000,,0,0.0000
prebreak,300230,2026-03-24,S,S,A,C,S,S,A,4.4805,5.1900,4.9800,0.2100,,0,0.0000,0.0000,,0,0.0000,0,0.0000,0.0000,,0,0.0000,0,0.0000,0.0000,,0,0.0000
prebreak,300998,2026-03-24,S,S,A,C,S,S,A,22.0186,24.7100,23.4300,1.2800,2026-04-04（报告期 2025-12-31 00:00:00）,0,0.0000,0.0000,,0,0.0000,0,0.0000,0.0000,,0,0.0000,1,24.7100,25.9813,2026-04-22,0,0.9779
prebreak,301429,2026-03-24,S,S,A,C,S,S,A,19.0933,21.7700,20.8900,0.8800,,0,0.0000,0.0000,,0,0.0000,0,0.0000,0.0000,,0,0.0000,0,0.0000,0.0000,,0,0.0000
prebreak,600028,2026-03-24,S,S,A,C,S,S,A,5.8061,6.4800,6.1600,0.3200,,0,0.0000,0.0000,,0,0.0000,0,0.0000,0.0000,,0,0.0000,0,0.0000,0.0000,,0,0.0000
prebreak,600252,2026-03-24,S,S,A,C,S,S,A,2.4000,2.6800,2.5400,0.1400,2026-03-31（报告期 2025-12-31 00:00:00）,0,0.0000,0.0000,,0,0.0000,1,2.6800,2.5400,2026-04-07,1,-1.0139,1,2.6800,2.5400,2026-04-07,1,-1.0139
prebreak,600261,2026-03-24,S,S,A,C,S,S,A,3.4423,3.9100,3.7200,0.1900,2026-04-21（报告期 2025-12-31 00:00:00）,0,0.0000,0.0000,,0,0.0000,0,0.0000,0.0000,,0,0.0000,1,3.9100,3.9038,2026-04-22,0,-0.0480
prebreak,600310,2026-03-24,S,S,A,C,S,S,A,5.1403,4.0000,3.8200,0.1800,2026-03-27（报告期 2025-12-31 00:00:00）,1,4.0000,6.3036,2026-03-31,0,12.7730,1,4.0000,4.5438,2026-04-08,0,3.0022,1,4.0000,4.7725,2026-04-22,0,4.2719
prebreak,600318,2026-03-24,S,S,A,C,S,S,A,7.8054,8.9400,8.5700,0.3700,,0,0.0000,0.0000,,0,0.0000,0,0.0000,0.0000,,0,0.0000,0,0.0000,0.0000,,0,0.0000
prebreak,600613,2026-03-24,S,S,A,C,S,S,A,5.6383,6.3700,6.1000,0.2700,,0,0.0000,0.0000,,0,0.0000,1,6.3700,6.4071,2026-04-08,0,0.1195,1,6.3700,6.1000,2026-04-10,1,-1.0173
prebreak,600854,2026-03-24,S,S,A,C,S,S,A,4.8220,5.3900,5.1400,0.2500,,0,0.0000,0.0000,,0,0.0000,0,0.0000,0.0000,,0,0.0000,0,0.0000,0.0000,,0,0.0000
prebreak,601007,2026-03-24,S,S,A,C,S,S,A,7.4469,8.0400,7.7500,0.2900,2026-03-31（报告期 2025-12-31 00:00:00）,1,8.0400,8.1906,2026-03-31,0,0.4981,1,8.0400,7.7500,2026-04-03,1,-1.0204,1,8.0400,7.7500,2026-04-03,1,-1.0204
prebreak,601083,2026-03-24,S,S,A,C,S,S,A,11.2127,11.8400,11.2400,0.6000,,0,0.0000,0.0000,,0,0.0000,0,0.0000,0.0000,,0,0.0000,0,0.0000,0.0000,,0,0.0000
prebreak,601139,2026-03-24,S,S,A,C,S,S,A,7.2870,6.8000,6.5400,0.2600,,0,0.0000,0.0000,,0,0.0000,0,0.0000,0.0000,,0,0.0000,0,0.0000,0.0000,,0,0.0000
prebreak,603008,2026-03-24,S,S,A,C,S,S,A,17.5600,19.2600,18.3800,0.8800,,0,0.0000,0.0000,,0,0.0000,0,0.0000,0.0000,,0,0.0000,0,0.0000,0.0000,,0,0.0000
prebreak,603027,2026-03-24,S,S,A,C,S,S,A,8.7790,9.5000,9.1500,0.3500,,0,0.0000,0.0000,,0,0.0000,0,0.0000,0.0000,,0,0.0000,1,9.5000,9.1500,2026-04-14,1,-1.0200
prebreak,603029,2026-03-24,S,S,A,C,S,S,A,18.0823,20.4000,19.6300,0.7700,,0,0.0000,0.0000,,0,0.0000,0,0.0000,0.0000,,0,0.0000,0,0.0000,0.0000,,0,0.0000
prebreak,603395,2026-03-24,S,S,A,C,S,S,A,29.2953,31.7400,30.5700,1.1700,,0,0.0000,0.0000,,0,0.0000,0,0.0000,0.0000,,0,0.0000,0,0.0000,0.0000,,0,0.0000
prebreak,603527,2026-03-24,S,S,A,C,S,S,A,10.3392,10.9700,10.4400,0.5300,,0,0.0000,0.0000,,0,0.0000,0,0.0000,0.0000,,0,0.0000,0,0.0000,0.0000,,0,0.0000
prebreak,603777,2026-03-24,S,S,A,C,S,S,A,13.0600,13.3300,12.6900,0.6400,,1,13.3300,13.1100,2026-03-31,0,-0.3594,1,13.3300,12.6900,2026-04-03,1,-1.0152,1,13.3300,12.6900,2026-04-03,1,-1.0152
prebreak,605001,2026-03-24,S,S,A,C,S,S,A,7.0676,8.1800,7.7600,0.4200,,0,0.0000,0.0000,,0,0.0000,0,0.0000,0.0000,,0,0.0000,0,0.0000,0.0000,,0,0.0000
prebreak,000590,2026-03-25,S,S,A,C,S,S,A,11.9900,12.4700,11.8300,0.6400,,0,0.0000,0.0000,,0,0.0000,0,0.0000,0.0000,,0,0.0000,0,0.0000,0.0000,,0,0.0000
prebreak,000881,2026-03-25,S,S,A,C,S,S,A,7.6800,8.6200,8.1600,0.4600,,0,0.0000,0.0000,,0,0.0000,0,0.0000,0.0000,,0,0.0000,0,0.0000,0.0000,,0,0.0000
prebreak,000927,2026-03-25,S,S,A,C,S,S,A,2.9864,2.9400,2.8200,0.1200,2026-03-31（报告期 2025-12-31 00:00:00）,1,2.9400,3.1141,2026-04-01,0,1.4316,1,2.9400,2.9766,2026-04-09,0,0.2862,1,2.9400,2.8200,2026-04-20,1,-1.0180
prebreak,000965,2026-03-25,S,S,A,C,S,S,A,3.7882,4.1200,3.9100,0.2100,2026-03-27（报告期 2025-12-31 00:00:00）,1,4.1200,3.9100,2026-03-27,1,-1.0143,1,4.1200,3.9100,2026-03-27,1,-1.0143,1,4.1200,3.9100,2026-03-27,1,-1.0143
prebreak,001313,2026-03-25,S,S,A,C,S,S,A,6.8300,7.8400,7.4400,0.4000,,1,7.8400,7.8600,2026-04-01,0,0.0351,1,7.8400,7.7700,2026-04-09,0,-0.1898,1,7.8400,8.4100,2026-04-23,0,1.4092
prebreak,001387,2026-03-25,S,S,A,C,S,S,A,12.9553,14.1100,13.4200,0.6900,,0,0.0000,0.0000,,0,0.0000,0,0.0000,0.0000,,0,0.0000,0,0.0000,0.0000,,0,0.0000
prebreak,002051,2026-03-25,S,S,A,C,S,S,A,8.8177,9.1500,8.6700,0.4800,,1,9.1500,8.9367,2026-04-01,0,-0.4585,1,9.1500,11.4065,2026-04-09,0,4.6835,1,9.1500,10.7221,2026-04-23,0,3.2586
prebreak,002063,2026-03-25,S,S,A,C,S,S,A,7.0679,6.7700,6.5300,0.2400,,0,0.0000,0.0000,,0,0.0000,0,0.0000,0.0000,,0,0.0000,0,0.0000,0.0000,,0,0.0000
prebreak,002479,2026-03-25,S,S,A,C,S,S,A,5.8070,5.6100,5.3400,0.2700,,1,5.6100,5.6697,2026-04-01,0,0.2052,1,5.6100,5.3400,2026-04-07,1,-1.0152,1,5.6100,5.3400,2026-04-07,1,-1.0152
prebreak,002566,2026-03-25,S,S,A,C,S,S,A,7.7813,8.4300,8.0100,0.4200,,0,0.0000,0.0000,,0,0.0000,0,0.0000,0.0000,,0,0.0000,0,0.0000,0.0000,,0,0.0000
prebreak,002587,2026-03-25,S,S,A,C,S,S,A,6.8618,7.2000,6.8300,0.3700,,0,0.0000,0.0000,,0,0.0000,0,0.0000,0.0000,,0,0.0000,0,0.0000,0.0000,,0,0.0000
prebreak,002671,2026-03-25,S,S,A,C,S,S,A,5.5000,6.0300,5.7700,0.2600,,0,0.0000,0.0000,,0,0.0000,0,0.0000,0.0000,,0,0.0000,0,0.0000,0.0000,,0,0.0000
prebreak,002863,2026-03-25,S,S,A,C,S,S,A,5.3474,6.1100,5.8100,0.3000,,0,0.0000,0.0000,,0,0.0000,0,0.0000,0.0000,,0,0.0000,0,0.0000,0.0000,,0,0.0000
prebreak,003008,2026-03-25,S,S,A,C,S,S,A,22.0224,24.4100,23.2000,1.2100,,0,0.0000,0.0000,,0,0.0000,0,0.0000,0.0000,,0,0.0000,0,0.0000,0.0000,,0,0.0000
prebreak,300138,2026-03-25,S,S,A,C,S,S,A,12.7719,13.7900,13.0600,0.7300,,0,0.0000,0.0000,,0,0.0000,0,0.0000,0.0000,,0,0.0000,0,0.0000,0.0000,,0,0.0000
prebreak,300187,2026-03-25,S,S,A,C,S,S,A,5.5875,5.7800,5.5200,0.2600,,0,0.0000,0.0000,,0,0.0000,0,0.0000,0.0000,,0,0.0000,0,0.0000,0.0000,,0,0.0000
prebreak,300292,2026-03-25,S,S,A,C,S,S,A,4.8400,5.1100,4.8900,0.2200,,0,0.0000,0.0000,,0,0.0000,0,0.0000,0.0000,,0,0.0000,0,0.0000,0.0000,,0,0.0000
prebreak,600128,2026-03-25,S,S,A,C,S,S,A,10.5566,11.4000,10.8300,0.5700,,0,0.0000,0.0000,,0,0.0000,0,0.0000,0.0000,,0,0.0000,0,0.0000,0.0000,,0,0.0000
prebreak,600298,2026-03-25,S,S,A,C,S,S,A,39.3347,42.8700,40.6500,2.2200,,0,0.0000,0.0000,,0,0.0000,0,0.0000,0.0000,,0,0.0000,0,0.0000,0.0000,,0,0.0000
prebreak,600929,2026-03-25,S,S,A,C,S,S,A,5.6930,6.6300,6.3200,0.3100,2026-04-21（报告期 2025-12-31 00:00:00）,0,0.0000,0.0000,,0,0.0000,0,0.0000,0.0000,,0,0.0000,1,6.6300,7.0290,2026-04-23,0,1.2701
prebreak,601021,2026-03-25,S,S,A,C,S,S,A,45.3824,49.1300,47.0900,2.0400,,0,0.0000,0.0000,,0,0.0000,0,0.0000,0.0000,,0,0.0000,0,0.0000,0.0000,,0,0.0000
prebreak,603168,2026-03-25,S,S,A,C,S,S,A,6.7300,7.3600,7.0400,0.3200,,0,0.0000,0.0000,,0,0.0000,0,0.0000,0.0000,,0,0.0000,0,0.0000,0.0000,,0,0.0000
prebreak,603577,2026-03-25,S,S,A,C,S,S,A,11.2452,12.2000,11.5700,0.6300,,0,0.0000,0.0000,,0,0.0000,0,0.0000,0.0000,,0,0.0000,0,0.0000,0.0000,,0,0.0000
prebreak,603801,2026-03-25,S,S,A,C,S,S,A,8.6781,9.3000,8.8000,0.5000,,0,0.0000,0.0000,,0,0.0000,0,0.0000,0.0000,,0,0.0000,0,0.0000,0.0000,,0,0.0000
prebreak,603982,2026-03-25,S,S,A,C,S,S,A,7.8200,8.3700,7.9800,0.3900,,0,0.0000,0.0000,,0,0.0000,0,0.0000,0.0000,,0,0.0000,0,0.0000,0.0000,,0,0.0000
prebreak,605499,2026-03-25,S,S,A,C,S,S,A,173.7114,184.0200,174.7300,9.2900,,0,0.0000,0.0000,,0,0.0000,0,0.0000,0.0000,,0,0.0000,0,0.0000,0.0000,,0,0.0000
prebreak,000025,2026-03-27,S,S,A,C,S,S,A,15.8549,17.1400,16.2800,0.8600,,0,0.0000,0.0000,,0,0.0000,0,0.0000,0.0000,,0,0.0000,0,0.0000,0.0000,,0,0.0000
prebreak,000100,2026-03-27,S,S,A,C,S,S,A,4.2466,4.3300,4.1100,0.2200,,0,0.0000,0.0000,,0,0.0000,0,0.0000,0.0000,,0,0.0000,0,0.0000,0.0000,,0,0.0000
prebreak,000541,2026-03-27,S,S,A,C,S,S,A,5.6164,6.2600,5.9700,0.2900,,0,0.0000,0.0000,,0,0.0000,0,0.0000,0.0000,,0,0.0000,0,0.0000,0.0000,,0,0.0000
prebreak,000885,2026-03-27,S,S,A,C,S,S,A,13.3889,14.2600,13.5700,0.6900,,0,0.0000,0.0000,,0,0.0000,0,0.0000,0.0000,,0,0.0000,0,0.0000,0.0000,,0,0.0000
prebreak,000957,2026-03-27,S,S,A,C,S,S,A,11.0603,11.6000,11.0400,0.5600,,1,11.6000,11.0400,2026-04-03,1,-1.0151,1,11.6000,11.0400,2026-04-03,1,-1.0151,1,11.6000,11.0400,2026-04-03,1,-1.0151
prebreak,000958,2026-03-27,S,S,A,C,S,S,A,6.4300,6.9800,6.6500,0.3300,,0,0.0000,0.0000,,0,0.0000,0,0.0000,0.0000,,0,0.0000,0,0.0000,0.0000,,0,0.0000
prebreak,000963,2026-03-27,S,S,A,C,S,S,A,34.7424,35.7400,33.9900,1.7500,,1,35.7400,35.5356,2026-04-03,0,-0.1323,1,35.7400,34.2039,2026-04-13,0,-0.8928,1,35.7400,33.9900,2026-04-14,1,-1.0149
prebreak,002078,2026-03-27,S,S,A,C,S,S,A,14.7714,16.7000,15.9100,0.7900,,0,0.0000,0.0000,,0,0.0000,0,0.0000,0.0000,,0,0.0000,0,0.0000,0.0000,,0,0.0000
prebreak,002242,2026-03-27,S,S,A,C,S,S,A,9.4421,10.5200,10.1000,0.4200,2026-03-28（报告期 2025-12-31 00:00:00）,0,0.0000,0.0000,,0,0.0000,0,0.0000,0.0000,,0,0.0000,1,10.5200,10.1000,2026-04-23,1,-1.0184
prebreak,002705,2026-03-27,S,S,A,C,S,S,A,14.5061,13.6100,12.9600,0.6500,,1,13.6100,14.0967,2026-04-03,0,0.7324,1,13.6100,14.7304,2026-04-13,0,1.7066,1,13.6100,16.4559,2026-04-27,0,4.3596
prebreak,002799,2026-03-27,S,S,A,C,S,S,A,8.3700,9.0600,8.6200,0.4400,,0,0.0000,0.0000,,0,0.0000,0,0.0000,0.0000,,0,0.0000,0,0.0000,0.0000,,0,0.0000
prebreak,002840,2026-03-27,S,S,A,C,S,S,A,11.3600,10.4000,9.8800,0.5200,2026-04-27（报告期 2025-12-31 00:00:00）,1,10.4000,11.7600,2026-04-03,0,2.5985,1,10.4000,12.7600,2026-04-13,0,4.5204,1,10.4000,11.8300,2026-04-27,0,2.7331
prebreak,002883,2026-03-27,S,S,A,C,S,S,A,9.6700,10.5100,9.9900,0.5200,,0,0.0000,0.0000,,0,0.0000,0,0.0000,0.0000,,0,0.0000,0,0.0000,0.0000,,0,0.0000
prebreak,002962,2026-03-27,S,S,A,C,S,S,A,13.6232,15.8900,15.1400,0.7500,,0,0.0000,0.0000,,0,0.0000,1,15.8900,16.4991,2026-04-13,0,0.7955,1,15.8900,16.8872,2026-04-27,0,1.3127
prebreak,003017,2026-03-27,S,S,A,C,S,S,A,25.3235,28.0700,26.6300,1.4400,,0,0.0000,0.0000,,0,0.0000,0,0.0000,0.0000,,0,0.0000,0,0.0000,0.0000,,0,0.0000
prebreak,300110,2026-03-27,S,S,A,C,S,S,A,3.1300,3.3700,3.2200,0.1500,,1,3.3700,3.4000,2026-04-03,0,0.1828,1,3.3700,3.2200,2026-04-07,1,-1.0164,1,3.3700,3.2200,2026-04-07,1,-1.0164
prebreak,300193,2026-03-27,S,S,A,C,S,S,A,8.1857,9.6200,9.1700,0.4500,,0,0.0000,0.0000,,0,0.0000,0,0.0000,0.0000,,0,0.0000,0,0.0000,0.0000,,0,0.0000
prebreak,300261,2026-03-27,S,S,A,C,S,S,A,6.4100,7.3600,7.0200,0.3400,,0,0.0000,0.0000,,0,0.0000,0,0.0000,0.0000,,0,0.0000,0,0.0000,0.0000,,0,0.0000
prebreak,300422,2026-03-27,S,S,A,C,S,S,A,5.0200,5.3200,5.1200,0.2000,2026-04-24（报告期 2025-12-31 00:00:00）,0,0.0000,0.0000,,0,0.0000,0,0.0000,0.0000,,0,0.0000,1,5.3200,5.5200,2026-04-27,0,0.9792
prebreak,300532,2026-03-27,S,S,A,C,S,S,A,7.3481,8.2000,7.8600,0.3400,,0,0.0000,0.0000,,0,0.0000,0,0.0000,0.0000,,0,0.0000,0,0.0000,0.0000,,0,0.0000
prebreak,301006,2026-03-27,S,S,A,C,S,S,A,16.4975,19.1000,18.2200,0.8800,,0,0.0000,0.0000,,0,0.0000,0,0.0000,0.0000,,0,0.0000,0,0.0000,0.0000,,0,0.0000
prebreak,301298,2026-03-27,S,S,A,C,S,S,A,15.3584,16.8700,16.0100,0.8600,,0,0.0000,0.0000,,0,0.0000,0,0.0000,0.0000,,0,0.0000,0,0.0000,0.0000,,0,0.0000
prebreak,301508,2026-03-27,S,S,A,C,S,S,A,29.1150,32.7300,31.3100,1.4200,,0,0.0000,0.0000,,0,0.0000,0,0.0000,0.0000,,0,0.0000,0,0.0000,0.0000,,0,0.0000
prebreak,600051,2026-03-27,S,S,A,C,S,S,A,7.5961,8.2900,7.8900,0.4000,,0,0.0000,0.0000,,0,0.0000,0,0.0000,0.0000,,0,0.0000,0,0.0000,0.0000,,0,0.0000
prebreak,600195,2026-03-27,S,S,A,C,S,S,A,7.3999,8.1500,7.7700,0.3800,,1,8.1500,7.7700,2026-04-03,1,-1.0157,1,8.1500,7.7700,2026-04-03,1,-1.0157,1,8.1500,7.7700,2026-04-03,1,-1.0157
prebreak,600218,2026-03-27,S,S,A,C,S,S,A,9.4440,11.0700,10.4900,0.5800,,0,0.0000,0.0000,,0,0.0000,0,0.0000,0.0000,,0,0.0000,0,0.0000,0.0000,,0,0.0000
prebreak,600329,2026-03-27,S,S,A,C,S,S,A,41.4576,40.1100,38.8700,1.2400,,0,0.0000,0.0000,,0,0.0000,0,0.0000,0.0000,,0,0.0000,0,0.0000,0.0000,,0,0.0000
prebreak,600356,2026-03-27,S,S,A,C,S,S,A,8.4414,9.3200,8.8900,0.4300,,0,0.0000,0.0000,,0,0.0000,0,0.0000,0.0000,,0,0.0000,1,9.3200,9.3295,2026-04-27,0,0.0056
prebreak,600561,2026-03-27,S,S,A,C,S,S,A,6.6300,7.2600,6.9100,0.3500,,0,0.0000,0.0000,,0,0.0000,0,0.0000,0.0000,,0,0.0000,0,0.0000,0.0000,,0,0.0000
prebreak,600742,2026-03-27,S,S,A,C,S,S,A,10.0952,10.7300,10.3200,0.4100,,0,0.0000,0.0000,,0,0.0000,0,0.0000,0.0000,,0,0.0000,0,0.0000,0.0000,,0,0.0000
prebreak,600794,2026-03-27,S,S,A,C,S,S,A,3.7269,4.1400,3.9300,0.2100,,0,0.0000,0.0000,,0,0.0000,0,0.0000,0.0000,,0,0.0000,0,0.0000,0.0000,,0,0.0000
prebreak,601107,2026-03-27,S,S,A,C,S,S,A,6.0230,6.1100,5.8100,0.3000,,0,0.0000,0.0000,,0,0.0000,0,0.0000,0.0000,,0,0.0000,0,0.0000,0.0000,,0,0.0000
prebreak,601999,2026-03-27,S,S,A,C,S,S,A,7.9400,7.3500,7.0600,0.2900,,0,0.0000,0.0000,,0,0.0000,0,0.0000,0.0000,,0,0.0000,0,0.0000,0.0000,,0,0.0000
prebreak,603053,2026-03-27,S,S,A,C,S,S,A,9.9714,10.0800,9.5600,0.5200,,0,0.0000,0.0000,,0,0.0000,0,0.0000,0.0000,,0,0.0000,0,0.0000,0.0000,,0,0.0000
prebreak,603081,2026-03-27,S,S,A,C,S,S,A,11.6926,12.5000,11.9300,0.5700,,0,0.0000,0.0000,,0,0.0000,0,0.0000,0.0000,,0,0.0000,0,0.0000,0.0000,,0,0.0000
prebreak,603787,2026-03-27,S,S,A,C,S,S,A,14.8490,13.9200,13.3000,0.6200,,1,13.9200,14.3834,2026-04-03,0,0.7299,1,13.9200,13.3000,2026-04-07,1,-1.0164,1,13.9200,13.3000,2026-04-07,1,-1.0164
prebreak,603995,2026-03-27,S,S,A,C,S,S,A,17.0176,18.9900,18.0600,0.9300,2026-04-10（报告期 2025-12-31 00:00:00）,0,0.0000,0.0000,,0,0.0000,0,0.0000,0.0000,,0,0.0000,1,18.9900,19.0036,2026-04-27,0,-0.0009
prebreak,605005,2026-03-27,S,S,A,C,S,S,A,20.1950,19.8600,19.0800,0.7800,,0,0.0000,0.0000,,0,0.0000,0,0.0000,0.0000,,0,0.0000,0,0.0000,0.0000,,0,0.0000
prebreak,000030,2026-03-30,S,S,A,C,S,S,A,4.8679,5.2500,5.0400,0.2100,,1,5.2500,5.0400,2026-04-01,1,-1.0184,1,5.2500,5.0400,2026-04-01,1,-1.0184,1,5.2500,5.0400,2026-04-01,1,-1.0184
prebreak,000717,2026-03-30,S,S,A,C,S,S,A,2.5300,2.7700,2.6200,0.1500,,0,0.0000,0.0000,,0,0.0000,0,0.0000,0.0000,,0,0.0000,0,0.0000,0.0000,,0,0.0000
prebreak,002198,2026-03-30,S,S,A,C,S,S,A,7.9000,8.1200,7.6800,0.4400,,0,0.0000,0.0000,,0,0.0000,0,0.0000,0.0000,,0,0.0000,0,0.0000,0.0000,,0,0.0000
prebreak,002233,2026-03-30,S,S,A,C,S,S,A,8.9465,9.2400,8.8200,0.4200,,0,0.0000,0.0000,,0,0.0000,0,0.0000,0.0000,,0,0.0000,1,9.2400,9.3074,2026-04-28,0,0.1437
prebreak,002352,2026-03-30,S,S,A,C,S,S,A,36.3176,36.7500,34.8500,1.9000,2026-03-31（报告期 2025-12-31 00:00:00）,1,36.7500,37.3352,2026-04-07,0,0.2931,1,36.7500,36.7325,2026-04-14,0,-0.0239,1,36.7500,36.5745,2026-04-28,0,-0.1070
prebreak,002483,2026-03-30,S,S,A,C,S,S,A,6.7901,7.8900,7.5300,0.3600,,0,0.0000,0.0000,,0,0.0000,0,0.0000,0.0000,,0,0.0000,0,0.0000,0.0000,,0,0.0000
prebreak,002573,2026-03-30,S,S,A,C,S,S,A,3.8400,4.1800,3.9800,0.2000,,0,0.0000,0.0000,,0,0.0000,0,0.0000,0.0000,,0,0.0000,0,0.0000,0.0000,,0,0.0000
prebreak,002686,2026-03-30,S,S,A,C,S,S,A,7.8604,7.2400,6.9300,0.3100,,1,7.2400,6.9300,2026-04-13,1,-1.0171,1,7.2400,6.9300,2026-04-13,1,-1.0171,1,7.2400,6.9300,2026-04-13,1,-1.0171
prebreak,002696,2026-03-30,S,S,A,C,S,S,A,6.9967,7.8000,7.4000,0.4000,,0,0.0000,0.0000,,0,0.0000,0,0.0000,0.0000,,0,0.0000,0,0.0000,0.0000,,0,0.0000
prebreak,002817,2026-03-30,S,S,A,C,S,S,A,8.0817,8.5800,8.1400,0.4400,,0,0.0000,0.0000,,0,0.0000,0,0.0000,0.0000,,0,0.0000,0,0.0000,0.0000,,0,0.0000
prebreak,002845,2026-03-30,S,S,A,C,S,S,A,13.4719,16.0300,15.2200,0.8100,,0,0.0000,0.0000,,0,0.0000,0,0.0000,0.0000,,0,0.0000,0,0.0000,0.0000,,0,0.0000
prebreak,002847,2026-03-30,S,S,A,C,S,S,A,58.9258,61.8100,58.6500,3.1600,,0,0.0000,0.0000,,0,0.0000,0,0.0000,0.0000,,0,0.0000,0,0.0000,0.0000,,0,0.0000
prebreak,002884,2026-03-30,S,S,A,C,S,S,A,17.4643,17.1500,16.4100,0.7400,,0,0.0000,0.0000,,0,0.0000,0,0.0000,0.0000,,0,0.0000,0,0.0000,0.0000,,0,0.0000
prebreak,300070,2026-03-30,S,S,A,C,S,S,A,3.9451,4.3200,4.1200,0.2000,,0,0.0000,0.0000,,0,0.0000,0,0.0000,0.0000,,0,0.0000,0,0.0000,0.0000,,0,0.0000
prebreak,300106,2026-03-30,S,S,A,C,S,S,A,10.1100,11.2700,10.7800,0.4900,2026-04-23（报告期 2025-12-31 00:00:00）,0,0.0000,0.0000,,0,0.0000,0,0.0000,0.0000,,0,0.0000,1,11.2700,10.7800,2026-04-28,1,-1.0168
prebreak,300240,2026-03-30,S,S,A,C,S,S,A,7.0845,7.9800,7.5800,0.4000,,0,0.0000,0.0000,,0,0.0000,0,0.0000,0.0000,,0,0.0000,0,0.0000,0.0000,,0,0.0000
prebreak,300566,2026-03-30,S,S,A,C,S,S,A,17.5689,20.8000,19.8200,0.9800,,0,0.0000,0.0000,,0,0.0000,0,0.0000,0.0000,,0,0.0000,0,0.0000,0.0000,,0,0.0000
prebreak,300685,2026-03-30,S,S,A,C,S,S,A,22.2402,19.8800,18.9700,0.9100,,0,0.0000,0.0000,,0,0.0000,0,0.0000,0.0000,,0,0.0000,0,0.0000,0.0000,,0,0.0000
prebreak,300741,2026-03-30,S,S,A,C,S,S,A,15.9995,17.8600,17.0900,0.7700,,0,0.0000,0.0000,,0,0.0000,0,0.0000,0.0000,,0,0.0000,1,17.8600,17.0900,2026-04-16,1,-1.0170
prebreak,301131,2026-03-30,S,S,A,C,S,S,A,42.0372,45.2500,43.2400,2.0100,,0,0.0000,0.0000,,0,0.0000,0,0.0000,0.0000,,0,0.0000,0,0.0000,0.0000,,0,0.0000
prebreak,301277,2026-03-30,S,S,A,C,S,S,A,11.6444,12.4200,11.8900,0.5300,,0,0.0000,0.0000,,0,0.0000,0,0.0000,0.0000,,0,0.0000,0,0.0000,0.0000,,0,0.0000
prebreak,600166,2026-03-30,S,S,A,C,S,S,A,2.9100,3.1500,2.9900,0.1600,2026-04-25（报告期 2025-12-31 00:00:00）,0,0.0000,0.0000,,0,0.0000,1,3.1500,3.4800,2026-04-14,0,2.0462,1,3.1500,3.6400,2026-04-28,0,3.0456
prebreak,600358,2026-03-30,S,S,A,C,S,S,A,6.4300,6.5100,6.2300,0.2800,,0,0.0000,0.0000,,0,0.0000,0,0.0000,0.0000,,0,0.0000,0,0.0000,0.0000,,0,0.0000
prebreak,600371,2026-03-30,S,S,A,C,S,S,A,8.7579,9.7000,9.2700,0.4300,,0,0.0000,0.0000,,0,0.0000,0,0.0000,0.0000,,0,0.0000,0,0.0000,0.0000,,0,0.0000
prebreak,600449,2026-03-30,S,S,A,C,S,S,A,12.7797,13.9400,13.3600,0.5800,,0,0.0000,0.0000,,0,0.0000,0,0.0000,0.0000,,0,0.0000,0,0.0000,0.0000,,0,0.0000
prebreak,600717,2026-03-30,S,S,A,C,S,S,A,4.5204,4.7500,4.5400,0.2100,,0,0.0000,0.0000,,0,0.0000,0,0.0000,0.0000,,0,0.0000,0,0.0000,0.0000,,0,0.0000
prebreak,600809,2026-03-30,S,S,A,C,S,S,A,139.6028,143.4000,137.8400,5.5600,,0,0.0000,0.0000,,0,0.0000,0,0.0000,0.0000,,0,0.0000,0,0.0000,0.0000,,0,0.0000
prebreak,600866,2026-03-30,S,S,A,C,S,S,A,6.7643,7.2700,6.9200,0.3500,,0,0.0000,0.0000,,0,0.0000,0,0.0000,0.0000,,0,0.0000,0,0.0000,0.0000,,0,0.0000
prebreak,600901,2026-03-30,S,S,A,C,S,S,A,6.4028,6.4600,6.1900,0.2700,,0,0.0000,0.0000,,0,0.0000,0,0.0000,0.0000,,0,0.0000,0,0.0000,0.0000,,0,0.0000
prebreak,601111,2026-03-30,S,S,A,C,S,S,A,6.8500,7.4700,7.1600,0.3100,,0,0.0000,0.0000,,0,0.0000,0,0.0000,0.0000,,0,0.0000,0,0.0000,0.0000,,0,0.0000
prebreak,601866,2026-03-30,S,S,A,C,S,S,A,2.7134,2.9200,2.7900,0.1300,2026-03-31（报告期 2025-12-31 00:00:00）,1,2.9200,3.0414,2026-04-07,0,0.9163,1,2.9200,2.7900,2026-04-13,1,-1.0164,1,2.9200,2.7900,2026-04-13,1,-1.0164
prebreak,601998,2026-03-30,S,S,A,C,S,S,A,8.0711,7.3700,6.9900,0.3800,,0,0.0000,0.0000,,0,0.0000,0,0.0000,0.0000,,0,0.0000,0,0.0000,0.0000,,0,0.0000
prebreak,603183,2026-03-30,S,S,A,C,S,S,A,4.6644,4.9800,4.7600,0.2200,,0,0.0000,0.0000,,0,0.0000,0,0.0000,0.0000,,0,0.0000,0,0.0000,0.0000,,0,0.0000
prebreak,603707,2026-03-30,S,S,A,C,S,S,A,9.6955,10.0600,9.6600,0.4000,,0,0.0000,0.0000,,0,0.0000,0,0.0000,0.0000,,0,0.0000,0,0.0000,0.0000,,0,0.0000
prebreak,603819,2026-03-30,S,S,A,C,S,S,A,12.8554,13.0300,12.4800,0.5500,,1,13.0300,13.1045,2026-04-07,0,0.1174,1,13.0300,13.8818,2026-04-14,0,1.5297,1,13.0300,14.0711,2026-04-28,0,1.8738
prebreak,603860,2026-03-30,S,S,A,C,S,S,A,31.4855,33.4100,32.1400,1.2700,,0,0.0000,0.0000,,0,0.0000,0,0.0000,0.0000,,0,0.0000,0,0.0000,0.0000,,0,0.0000
prebreak,688475,2026-03-30,S,S,A,C,S,S,A,26.0873,26.5400,25.1700,1.3700,,0,0.0000,0.0000,,0,0.0000,0,0.0000,0.0000,,0,0.0000,0,0.0000,0.0000,,0,0.0000
prebreak,000068,2026-04-01,S,S,A,C,S,S,A,3.3500,3.5500,3.4200,0.1300,,0,0.0000,0.0000,,0,0.0000,0,0.0000,0.0000,,0,0.0000,0,0.0000,0.0000,,0,0.0000
prebreak,000690,2026-04-01,S,S,A,C,S,S,A,4.7175,4.5500,4.3400,0.2100,,0,0.0000,0.0000,,0,0.0000,0,0.0000,0.0000,,0,0.0000,0,0.0000,0.0000,,0,0.0000
prebreak,000709,2026-04-01,S,S,A,C,S,S,A,2.3052,2.3600,2.2700,0.0900,2026-04-29（报告期 2025-12-31 00:00:00）,0,0.0000,0.0000,,0,0.0000,0,0.0000,0.0000,,0,0.0000,1,2.3600,2.2700,2026-04-30,1,-1.0193
prebreak,000790,2026-04-01,S,S,A,C,S,S,A,4.2100,4.2800,4.1100,0.1700,,0,0.0000,0.0000,,0,0.0000,0,0.0000,0.0000,,0,0.0000,0,0.0000,0.0000,,0,0.0000
prebreak,000881,2026-04-01,S,S,A,C,S,S,A,7.7800,8.6200,8.1600,0.4600,,0,0.0000,0.0000,,0,0.0000,0,0.0000,0.0000,,0,0.0000,0,0.0000,0.0000,,0,0.0000
prebreak,001313,2026-04-01,S,S,A,C,S,S,A,7.8600,7.8400,7.4400,0.4000,2026-04-27（报告期 2025-12-31 00:00:00）,1,7.8400,7.7700,2026-04-09,0,-0.1898,1,7.8400,8.1400,2026-04-16,0,0.7346,1,7.8400,8.4700,2026-04-30,0,1.5591
prebreak,002051,2026-04-01,S,S,A,C,S,S,A,8.9367,9.1500,8.6700,0.4800,2026-04-25（报告期 2025-12-31 00:00:00）,1,9.1500,11.4065,2026-04-09,0,4.6835,1,9.1500,11.4957,2026-04-16,0,4.8694,1,9.1500,10.0377,2026-04-30,0,1.8337
prebreak,002479,2026-04-01,S,S,A,C,S,S,A,5.6697,5.6100,5.3400,0.2700,,1,5.6100,5.3400,2026-04-07,1,-1.0152,1,5.6100,5.3400,2026-04-07,1,-1.0152,1,5.6100,5.3400,2026-04-07,1,-1.0152
prebreak,002566,2026-04-01,S,S,A,C,S,S,A,8.2065,8.4300,8.0100,0.4200,,0,0.0000,0.0000,,0,0.0000,0,0.0000,0.0000,,0,0.0000,0,0.0000,0.0000,,0,0.0000
prebreak,002587,2026-04-01,S,S,A,C,S,S,A,6.8221,7.3300,7.0400,0.2900,,0,0.0000,0.0000,,0,0.0000,0,0.0000,0.0000,,0,0.0000,0,0.0000,0.0000,,0,0.0000
prebreak,002671,2026-04-01,S,S,A,C,S,S,A,5.4100,6.0300,5.7700,0.2600,,0,0.0000,0.0000,,0,0.0000,0,0.0000,0.0000,,0,0.0000,0,0.0000,0.0000,,0,0.0000
prebreak,002863,2026-04-01,S,S,A,C,S,S,A,5.5369,6.1100,5.8100,0.3000,,0,0.0000,0.0000,,0,0.0000,0,0.0000,0.0000,,0,0.0000,0,0.0000,0.0000,,0,0.0000
prebreak,300112,2026-04-01,S,S,A,C,S,S,A,7.8700,8.9200,8.4500,0.4700,,0,0.0000,0.0000,,0,0.0000,0,0.0000,0.0000,,0,0.0000,0,0.0000,0.0000,,0,0.0000
prebreak,300138,2026-04-01,S,S,A,C,S,S,A,11.7992,12.9100,12.2700,0.6400,,0,0.0000,0.0000,,0,0.0000,0,0.0000,0.0000,,0,0.0000,0,0.0000,0.0000,,0,0.0000
prebreak,300187,2026-04-01,S,S,A,C,S,S,A,5.1898,5.7800,5.5200,0.2600,2026-04-22（报告期 2025-12-31 00:00:00）,0,0.0000,0.0000,,0,0.0000,0,0.0000,0.0000,,0,0.0000,1,5.7800,5.5875,2026-04-30,0,-0.7570
prebreak,300292,2026-04-01,S,S,A,C,S,S,A,4.6700,5.1100,4.8900,0.2200,,0,0.0000,0.0000,,0,0.0000,0,0.0000,0.0000,,0,0.0000,0,0.0000,0.0000,,0,0.0000
prebreak,300355,2026-04-01,S,S,A,C,S,S,A,3.7400,4.3400,4.1500,0.1900,,0,0.0000,0.0000,,0,0.0000,1,4.3400,4.1500,2026-04-13,1,-1.0167,1,4.3400,4.1500,2026-04-13,1,-1.0167
prebreak,300541,2026-04-01,S,S,A,C,S,S,A,13.7588,13.8800,13.1700,0.7100,,0,0.0000,0.0000,,0,0.0000,0,0.0000,0.0000,,0,0.0000,0,0.0000,0.0000,,0,0.0000
prebreak,300628,2026-04-01,S,S,A,C,S,S,A,31.7700,33.9000,32.1500,1.7500,2026-04-22（报告期 2025-12-31 00:00:00）,0,0.0000,0.0000,,0,0.0000,1,33.9000,34.4449,2026-04-16,0,0.2964,1,33.9000,35.2753,2026-04-30,0,0.7707
prebreak,300999,2026-04-01,S,S,A,C,S,S,A,28.5962,29.1500,27.9000,1.2500,,0,0.0000,0.0000,,0,0.0000,0,0.0000,0.0000,,0,0.0000,0,0.0000,0.0000,,0,0.0000
prebreak,301297,2026-04-01,S,S,A,C,S,S,A,33.9340,35.9400,34.4800,1.4600,2026-04-24（报告期 2025-12-31 00:00:00）,0,0.0000,0.0000,,0,0.0000,0,0.0000,0.0000,,0,0.0000,1,35.9400,43.1035,2026-04-30,0,4.8847
prebreak,600099,2026-04-01,S,S,A,C,S,S,A,11.2474,11.5900,10.9900,0.6000,,0,0.0000,0.0000,,0,0.0000,0,0.0000,0.0000,,0,0.0000,0,0.0000,0.0000,,0,0.0000
prebreak,600350,2026-04-01,S,S,A,C,S,S,A,10.2556,10.3900,9.9500,0.4400,,0,0.0000,0.0000,,0,0.0000,0,0.0000,0.0000,,0,0.0000,0,0.0000,0.0000,,0,0.0000
prebreak,600578,2026-04-01,S,S,A,C,S,S,A,5.0587,5.3500,5.1400,0.2100,,0,0.0000,0.0000,,0,0.0000,0,0.0000,0.0000,,0,0.0000,0,0.0000,0.0000,,0,0.0000
prebreak,600929,2026-04-01,S,S,A,C,S,S,A,5.9722,6.6300,6.3200,0.3100,2026-04-21（报告期 2025-12-31 00:00:00）,0,0.0000,0.0000,,0,0.0000,1,6.6300,6.8795,2026-04-16,0,0.7880,1,6.6300,6.9094,2026-04-30,0,0.8844
prebreak,601718,2026-04-01,S,S,A,C,S,S,A,3.0600,3.1500,2.9800,0.1700,,0,0.0000,0.0000,,0,0.0000,0,0.0000,0.0000,,0,0.0000,0,0.0000,0.0000,,0,0.0000
prebreak,603168,2026-04-01,S,S,A,C,S,S,A,7.1600,7.3600,7.0400,0.3200,,0,0.0000,0.0000,,0,0.0000,0,0.0000,0.0000,,0,0.0000,0,0.0000,0.0000,,0,0.0000
prebreak,605499,2026-04-01,S,S,A,C,S,S,A,159.6719,184.0200,174.7300,9.2900,,0,0.0000,0.0000,,0,0.0000,0,0.0000,0.0000,,0,0.0000,0,0.0000,0.0000,,0,0.0000
prebreak,000030,2026-04-07,S,S,A,C,S,S,A,4.6366,5.2500,5.0400,0.2100,2026-04-15（报告期 2025-12-31 00:00:00）,0,0.0000,0.0000,,0,0.0000,1,5.2500,5.4463,2026-04-21,0,0.9150,1,5.2500,5.0400,2026-04-23,1,-1.0184
prebreak,000707,2026-04-07,S,S,A,C,S,S,A,6.1000,6.2600,5.9600,0.3000,,0,0.0000,0.0000,,0,0.0000,0,0.0000,0.0000,,0,0.0000,1,6.2600,5.9600,2026-04-24,1,-1.0152
prebreak,000717,2026-04-07,S,S,A,C,S,S,A,2.4200,2.7700,2.6200,0.1500,,0,0.0000,0.0000,,0,0.0000,0,0.0000,0.0000,,0,0.0000,0,0.0000,0.0000,,0,0.0000
prebreak,001289,2026-04-07,S,S,A,C,S,S,A,15.3001,18.5700,17.6900,0.8800,,0,0.0000,0.0000,,0,0.0000,0,0.0000,0.0000,,0,0.0000,0,0.0000,0.0000,,0,0.0000
prebreak,002352,2026-04-07,S,S,A,C,S,S,A,37.3352,38.2700,36.8200,1.4500,,0,0.0000,0.0000,,0,0.0000,0,0.0000,0.0000,,0,0.0000,0,0.0000,0.0000,,0,0.0000
prebreak,002454,2026-04-07,S,S,A,C,S,S,A,6.4895,6.2100,5.9300,0.2800,,1,6.2100,7.3286,2026-04-14,0,3.9757,1,6.2100,7.2517,2026-04-21,0,3.7011,1,6.2100,6.7062,2026-05-08,0,1.7543
prebreak,002573,2026-04-07,S,S,A,C,S,S,A,3.5800,3.9300,3.7600,0.1700,,0,0.0000,0.0000,,0,0.0000,0,0.0000,0.0000,,0,0.0000,0,0.0000,0.0000,,0,0.0000
prebreak,002817,2026-04-07,S,S,A,C,S,S,A,7.9030,8.5800,8.1400,0.4400,,0,0.0000,0.0000,,0,0.0000,0,0.0000,0.0000,,0,0.0000,0,0.0000,0.0000,,0,0.0000
prebreak,002847,2026-04-07,S,S,A,C,S,S,A,57.8494,59.8900,57.0000,2.8900,,0,0.0000,0.0000,,0,0.0000,0,0.0000,0.0000,,0,0.0000,0,0.0000,0.0000,,0,0.0000
prebreak,002884,2026-04-07,S,S,A,C,S,S,A,16.8967,17.7600,17.0000,0.7600,,0,0.0000,0.0000,,0,0.0000,0,0.0000,0.0000,,0,0.0000,0,0.0000,0.0000,,0,0.0000
prebreak,300070,2026-04-07,S,S,A,C,S,S,A,3.8353,4.0200,3.8500,0.1700,,1,4.0200,4.1749,2026-04-14,0,0.8924,1,4.0200,4.0650,2026-04-21,0,0.2465,1,4.0200,3.9152,2026-05-08,0,-0.6342
prebreak,300106,2026-04-07,S,S,A,C,S,S,A,9.7200,11.2700,10.7800,0.4900,2026-04-23（报告期 2025-12-31 00:00:00）,0,0.0000,0.0000,,0,0.0000,0,0.0000,0.0000,,0,0.0000,1,11.2700,10.7800,2026-04-28,1,-1.0168
prebreak,300381,2026-04-07,S,S,A,C,S,S,A,6.3942,6.7200,6.3800,0.3400,2026-04-25（报告期 2025-12-31 00:00:00）,0,0.0000,0.0000,,0,0.0000,0,0.0000,0.0000,,0,0.0000,1,6.7200,7.3062,2026-05-08,0,1.7081
prebreak,301109,2026-04-07,S,S,A,C,S,S,A,14.5337,16.7600,16.0000,0.7600,,0,0.0000,0.0000,,0,0.0000,0,0.0000,0.0000,,0,0.0000,0,0.0000,0.0000,,0,0.0000
prebreak,301277,2026-04-07,S,S,A,C,S,S,A,12.0179,12.4200,11.8900,0.5300,,0,0.0000,0.0000,,0,0.0000,0,0.0000,0.0000,,0,0.0000,0,0.0000,0.0000,,0,0.0000
prebreak,600011,2026-04-07,S,S,A,C,S,S,A,6.3668,7.3200,6.9800,0.3400,,0,0.0000,0.0000,,0,0.0000,0,0.0000,0.0000,,0,0.0000,0,0.0000,0.0000,,0,0.0000
prebreak,600098,2026-04-07,S,S,A,C,S,S,A,6.7182,7.6000,7.2300,0.3700,,0,0.0000,0.0000,,0,0.0000,0,0.0000,0.0000,,0,0.0000,0,0.0000,0.0000,,0,0.0000
prebreak,600166,2026-04-07,S,S,A,C,S,S,A,3.0000,3.1500,2.9900,0.1600,2026-04-25（报告期 2025-12-31 00:00:00）,1,3.1500,3.4800,2026-04-14,0,2.0462,1,3.1500,3.3800,2026-04-21,0,1.4216,1,3.1500,3.6100,2026-05-08,0,2.8582
prebreak,600371,2026-04-07,S,S,A,C,S,S,A,8.4222,9.7000,9.2700,0.4300,,0,0.0000,0.0000,,0,0.0000,0,0.0000,0.0000,,0,0.0000,0,0.0000,0.0000,,0,0.0000
prebreak,600449,2026-04-07,S,S,A,C,S,S,A,12.1570,12.9900,12.4600,0.5300,,0,0.0000,0.0000,,0,0.0000,0,0.0000,0.0000,,0,0.0000,1,12.9900,13.2343,2026-05-08,0,0.4420
prebreak,600866,2026-04-07,S,S,A,C,S,S,A,6.4682,6.8700,6.5200,0.3500,,0,0.0000,0.0000,,0,0.0000,0,0.0000,0.0000,,0,0.0000,0,0.0000,0.0000,,0,0.0000
prebreak,600873,2026-04-07,S,S,A,C,S,S,A,10.7231,11.2500,10.7500,0.5000,,0,0.0000,0.0000,,0,0.0000,0,0.0000,0.0000,,0,0.0000,0,0.0000,0.0000,,0,0.0000
prebreak,600901,2026-04-07,S,S,A,C,S,S,A,6.4418,6.6500,6.3800,0.2700,,0,0.0000,0.0000,,0,0.0000,0,0.0000,0.0000,,0,0.0000,0,0.0000,0.0000,,0,0.0000
prebreak,601111,2026-04-07,S,S,A,C,S,S,A,6.7000,7.0200,6.6800,0.3400,,1,7.0200,6.9100,2026-04-14,0,-0.3390,1,7.0200,7.1500,2026-04-21,0,0.3664,1,7.0200,6.6800,2026-04-27,1,-1.0151
prebreak,603183,2026-04-07,S,S,A,C,S,S,A,4.4247,4.9800,4.7600,0.2200,,0,0.0000,0.0000,,0,0.0000,0,0.0000,0.0000,,0,0.0000,0,0.0000,0.0000,,0,0.0000
prebreak,603309,2026-04-07,S,S,A,C,S,S,A,13.9812,15.5200,14.7300,0.7900,,0,0.0000,0.0000,,0,0.0000,0,0.0000,0.0000,,0,0.0000,0,0.0000,0.0000,,0,0.0000
prebreak,603819,2026-04-07,S,S,A,C,S,S,A,13.1045,13.0300,12.4800,0.5500,2026-04-29（报告期 2025-12-31 00:00:00）,1,13.0300,13.8818,2026-04-14,0,1.5297,1,13.0300,14.4199,2026-04-21,0,2.5076,1,13.0300,15.2471,2026-05-08,0,4.0105
prebreak,603860,2026-04-07,S,S,A,C,S,S,A,30.8996,33.4100,32.1400,1.2700,,0,0.0000,0.0000,,0,0.0000,0,0.0000,0.0000,,0,0.0000,0,0.0000,0.0000,,0,0.0000
prebreak,000027,2026-04-08,S,S,A,C,S,S,A,6.6255,7.2000,6.8600,0.3400,,0,0.0000,0.0000,,0,0.0000,0,0.0000,0.0000,,0,0.0000,0,0.0000,0.0000,,0,0.0000
prebreak,000528,2026-04-08,S,S,A,C,S,S,A,9.4024,9.2900,8.8000,0.4900,,0,0.0000,0.0000,,0,0.0000,0,0.0000,0.0000,,0,0.0000,0,0.0000,0.0000,,0,0.0000
prebreak,000719,2026-04-08,S,S,A,C,S,S,A,12.7016,12.5800,12.1100,0.4700,,0,0.0000,0.0000,,0,0.0000,0,0.0000,0.0000,,0,0.0000,0,0.0000,0.0000,,0,0.0000
prebreak,000752,2026-04-08,S,S,A,C,S,S,A,9.0900,10.5200,10.0500,0.4700,,0,0.0000,0.0000,,0,0.0000,0,0.0000,0.0000,,0,0.0000,0,0.0000,0.0000,,0,0.0000
prebreak,001239,2026-04-08,S,S,A,C,S,S,A,15.3700,16.6300,15.7700,0.8600,,0,0.0000,0.0000,,0,0.0000,0,0.0000,0.0000,,0,0.0000,0,0.0000,0.0000,,0,0.0000
prebreak,001914,2026-04-08,S,S,A,C,S,S,A,9.5069,9.7500,9.3000,0.4500,,0,0.0000,0.0000,,0,0.0000,1,9.7500,9.9244,2026-04-22,0,0.3709,1,9.7500,10.3614,2026-05-11,0,1.3414
prebreak,002376,2026-04-08,S,S,A,C,S,S,A,6.8645,7.4700,7.2000,0.2700,,0,0.0000,0.0000,,0,0.0000,0,0.0000,0.0000,,0,0.0000,0,0.0000,0.0000,,0,0.0000
prebreak,002526,2026-04-08,S,S,A,C,S,S,A,3.5459,3.9200,3.7400,0.1800,,0,0.0000,0.0000,,0,0.0000,0,0.0000,0.0000,,0,0.0000,0,0.0000,0.0000,,0,0.0000
prebreak,002559,2026-04-08,S,S,A,C,S,S,A,9.8132,9.4700,9.0800,0.3900,,0,0.0000,0.0000,,0,0.0000,0,0.0000,0.0000,,0,0.0000,0,0.0000,0.0000,,0,0.0000
prebreak,002635,2026-04-08,S,S,A,C,S,S,A,14.1904,15.1600,14.4100,0.7500,,1,15.1600,15.7066,2026-04-15,0,0.7130,1,15.1600,17.2525,2026-04-22,0,2.7729,1,15.1600,16.4300,2026-05-11,0,1.6769
prebreak,002687,2026-04-08,S,S,A,C,S,S,A,4.8020,5.2300,4.9800,0.2500,2026-04-17（报告期 2025-12-31 00:00:00）,0,0.0000,0.0000,,0,0.0000,1,5.2300,4.9800,2026-04-20,1,-1.0153,1,5.2300,4.9800,2026-04-20,1,-1.0153
prebreak,002833,2026-04-08,S,S,A,C,S,S,A,17.5528,17.6500,16.7300,0.9200,2026-04-28（报告期 2025-12-31 00:00:00）,1,17.6500,17.2717,2026-04-15,0,-0.4255,1,17.6500,17.5528,2026-04-22,0,-0.1202,1,17.6500,21.3909,2026-05-11,0,4.0491
prebreak,002933,2026-04-08,S,S,A,C,S,S,A,33.0668,33.6500,31.9300,1.7200,,0,0.0000,0.0000,,0,0.0000,0,0.0000,0.0000,,0,0.0000,0,0.0000,0.0000,,0,0.0000
prebreak,300119,2026-04-08,S,S,A,C,S,S,A,18.2199,19.5800,18.6900,0.8900,,0,0.0000,0.0000,,0,0.0000,0,0.0000,0.0000,,0,0.0000,0,0.0000,0.0000,,0,0.0000
prebreak,300230,2026-04-08,S,S,A,C,S,S,A,4.5954,4.6500,4.4300,0.2200,,0,0.0000,0.0000,,0,0.0000,0,0.0000,0.0000,,0,0.0000,0,0.0000,0.0000,,0,0.0000
prebreak,300962,2026-04-08,S,S,A,C,S,S,A,16.7046,16.7500,15.8600,0.8900,,0,0.0000,0.0000,,0,0.0000,0,0.0000,0.0000,,0,0.0000,0,0.0000,0.0000,,0,0.0000
prebreak,300966,2026-04-08,S,S,A,C,S,S,A,21.4968,21.6000,20.5400,1.0600,,0,0.0000,0.0000,,0,0.0000,0,0.0000,0.0000,,0,0.0000,0,0.0000,0.0000,,0,0.0000
prebreak,301058,2026-04-08,S,S,A,C,S,S,A,9.8694,10.0400,9.5900,0.4500,2026-04-24（报告期 2025-12-31 00:00:00）,0,0.0000,0.0000,,0,0.0000,0,0.0000,0.0000,,0,0.0000,1,10.0400,9.9972,2026-05-11,0,-0.1119
prebreak,301587,2026-04-08,S,S,A,C,S,S,A,25.7500,25.4400,24.2700,1.1700,,0,0.0000,0.0000,,0,0.0000,0,0.0000,0.0000,,0,0.0000,0,0.0000,0.0000,,0,0.0000
prebreak,600071,2026-04-08,S,S,A,C,S,S,A,20.3000,19.1100,18.1200,0.9900,2026-04-21（报告期 2025-12-31 00:00:00）,1,19.1100,20.0600,2026-04-15,0,0.9443,1,19.1100,21.1000,2026-04-22,0,1.9942,1,19.1100,20.4100,2026-05-11,0,1.2976
prebreak,600276,2026-04-08,S,S,A,C,S,S,A,57.2165,56.6300,54.1900,2.4400,,0,0.0000,0.0000,,0,0.0000,0,0.0000,0.0000,,0,0.0000,0,0.0000,0.0000,,0,0.0000
prebreak,600502,2026-04-08,S,S,A,C,S,S,A,5.3337,4.8800,4.6300,0.2500,,0,0.0000,0.0000,,0,0.0000,0,0.0000,0.0000,,0,0.0000,0,0.0000,0.0000,,0,0.0000
prebreak,600512,2026-04-08,S,S,A,C,S,S,A,2.5467,2.6300,2.5000,0.1300,,0,0.0000,0.0000,,0,0.0000,0,0.0000,0.0000,,0,0.0000,0,0.0000,0.0000,,0,0.0000
prebreak,600613,2026-04-08,S,S,A,C,S,S,A,6.4071,6.3700,6.1000,0.2700,,1,6.3700,6.1000,2026-04-10,1,-1.0173,1,6.3700,6.1000,2026-04-10,1,-1.0173,1,6.3700,6.1000,2026-04-10,1,-1.0173
prebreak,600795,2026-04-08,S,S,A,C,S,S,A,4.6966,4.7800,4.5500,0.2300,,0,0.0000,0.0000,,0,0.0000,0,0.0000,0.0000,,0,0.0000,0,0.0000,0.0000,,0,0.0000
prebreak,600894,2026-04-08,S,S,A,C,S,S,A,9.4884,9.1800,8.7200,0.4600,,1,9.1800,9.3932,2026-04-15,0,0.4480,1,9.1800,9.4217,2026-04-22,0,0.5100,1,9.1800,8.7936,2026-05-11,0,-0.8546
prebreak,600992,2026-04-08,S,S,A,C,S,S,A,12.2600,13.7700,13.1700,0.6000,,0,0.0000,0.0000,,0,0.0000,0,0.0000,0.0000,,0,0.0000,0,0.0000,0.0000,,0,0.0000
prebreak,601007,2026-04-08,S,S,A,C,S,S,A,8.2494,8.0400,7.7500,0.2900,,0,0.0000,0.0000,,0,0.0000,0,0.0000,0.0000,,0,0.0000,0,0.0000,0.0000,,0,0.0000
prebreak,601022,2026-04-08,S,S,A,C,S,S,A,9.0821,9.1900,8.7700,0.4200,,0,0.0000,0.0000,,0,0.0000,0,0.0000,0.0000,,0,0.0000,0,0.0000,0.0000,,0,0.0000
prebreak,601083,2026-04-08,S,S,A,C,S,S,A,12.4901,11.8400,11.2400,0.6000,,0,0.0000,0.0000,,0,0.0000,0,0.0000,0.0000,,0,0.0000,0,0.0000,0.0000,,0,0.0000
prebreak,601333,2026-04-08,S,S,A,C,S,S,A,3.0629,3.0900,2.9700,0.1200,,0,0.0000,0.0000,,0,0.0000,0,0.0000,0.0000,,0,0.0000,1,3.0900,3.0435,2026-05-11,0,-0.4064
prebreak,603395,2026-04-08,S,S,A,C,S,S,A,28.6372,30.4500,28.9800,1.4700,,0,0.0000,0.0000,,0,0.0000,0,0.0000,0.0000,,0,0.0000,0,0.0000,0.0000,,0,0.0000
prebreak,605001,2026-04-08,S,S,A,C,S,S,A,7.4515,8.1800,7.7600,0.4200,,0,0.0000,0.0000,,0,0.0000,0,0.0000,0.0000,,0,0.0000,0,0.0000,0.0000,,0,0.0000
prebreak,605018,2026-04-08,S,S,A,C,S,S,A,11.8581,10.6100,10.1600,0.4500,2026-04-25（报告期 2025-12-31 00:00:00）,1,10.6100,12.0856,2026-04-15,0,3.2592,1,10.6100,12.5504,2026-04-22,0,4.2915,1,10.6100,13.0153,2026-05-11,0,5.3238
prebreak,000012,2026-04-10,S,S,A,C,S,S,A,4.4661,4.5200,4.3100,0.2100,,0,0.0000,0.0000,,0,0.0000,0,0.0000,0.0000,,0,0.0000,0,0.0000,0.0000,,0,0.0000
prebreak,000151,2026-04-10,S,S,A,C,S,S,A,11.9100,12.0500,11.4700,0.5800,,0,0.0000,0.0000,,0,0.0000,0,0.0000,0.0000,,0,0.0000,0,0.0000,0.0000,,0,0.0000
prebreak,000401,2026-04-10,S,S,A,C,S,S,A,4.6297,4.8800,4.6400,0.2400,,0,0.0000,0.0000,,0,0.0000,0,0.0000,0.0000,,0,0.0000,0,0.0000,0.0000,,0,0.0000
prebreak,000563,2026-04-10,S,S,A,C,S,S,A,3.3476,3.4200,3.2400,0.1800,,0,0.0000,0.0000,,0,0.0000,0,0.0000,0.0000,,0,0.0000,0,0.0000,0.0000,,0,0.0000
prebreak,000598,2026-04-10,S,S,A,C,S,S,A,6.4696,6.5300,6.3300,0.2000,,0,0.0000,0.0000,,0,0.0000,0,0.0000,0.0000,,0,0.0000,0,0.0000,0.0000,,0,0.0000
prebreak,000897,2026-04-10,S,S,A,C,S,S,A,2.1000,2.2800,2.1900,0.0900,,0,0.0000,0.0000,,0,0.0000,0,0.0000,0.0000,,0,0.0000,0,0.0000,0.0000,,0,0.0000
prebreak,000935,2026-04-10,S,S,A,C,S,S,A,26.4700,28.7900,27.5800,1.2100,,0,0.0000,0.0000,,0,0.0000,0,0.0000,0.0000,,0,0.0000,0,0.0000,0.0000,,0,0.0000
prebreak,002406,2026-04-10,S,S,A,C,S,S,A,7.0167,6.8900,6.5500,0.3400,,0,0.0000,0.0000,,0,0.0000,0,0.0000,0.0000,,0,0.0000,0,0.0000,0.0000,,0,0.0000
prebreak,002449,2026-04-10,S,S,A,C,S,S,A,8.1200,7.8600,7.4800,0.3800,,0,0.0000,0.0000,,0,0.0000,0,0.0000,0.0000,,0,0.0000,0,0.0000,0.0000,,0,0.0000
prebreak,002511,2026-04-10,S,S,A,C,S,S,A,8.3465,9.0000,8.5900,0.4100,,0,0.0000,0.0000,,0,0.0000,0,0.0000,0.0000,,0,0.0000,0,0.0000,0.0000,,0,0.0000
prebreak,002572,2026-04-10,S,S,A,C,S,S,A,11.6427,11.9000,11.4400,0.4600,2026-04-18（报告期 2025-12-31 00:00:00）,1,11.9000,12.0976,2026-04-17,0,0.4097,1,11.9000,11.7355,2026-04-24,0,-0.3770,1,11.9000,11.4400,2026-04-30,1,-1.0190
prebreak,002626,2026-04-10,S,S,A,C,S,S,A,17.6590,17.5200,16.6800,0.8400,,0,0.0000,0.0000,,0,0.0000,0,0.0000,0.0000,,0,0.0000,0,0.0000,0.0000,,0,0.0000
prebreak,002832,2026-04-10,S,S,A,C,S,S,A,16.8283,17.1000,16.2500,0.8500,2026-04-29（报告期 2025-12-31 00:00:00）,1,17.1000,17.2053,2026-04-17,0,0.1085,1,17.1000,17.4372,2026-04-24,0,0.3812,1,17.1000,19.8924,2026-05-13,0,3.2678
prebreak,300052,2026-04-10,S,S,A,C,S,S,A,12.6000,13.3400,12.7600,0.5800,,1,13.3400,13.5600,2026-04-20,0,0.3616,1,13.3400,12.7600,2026-04-22,1,-1.0169,1,13.3400,12.7600,2026-04-22,1,-1.0169
prebreak,300453,2026-04-10,S,S,A,C,S,S,A,9.7201,9.9300,9.5900,0.3400,,0,0.0000,0.0000,,0,0.0000,1,9.9300,9.5900,2026-04-23,1,-1.0216,1,9.9300,9.5900,2026-04-23,1,-1.0216
prebreak,300470,2026-04-10,S,S,A,C,S,S,A,38.3068,36.1800,34.4700,1.7100,,0,0.0000,0.0000,,0,0.0000,0,0.0000,0.0000,,0,0.0000,0,0.0000,0.0000,,0,0.0000
prebreak,300847,2026-04-10,S,S,A,C,S,S,A,15.6703,15.8000,14.9900,0.8100,,0,0.0000,0.0000,,0,0.0000,0,0.0000,0.0000,,0,0.0000,0,0.0000,0.0000,,0,0.0000
prebreak,300883,2026-04-10,S,S,A,C,S,S,A,6.7500,7.2500,6.9500,0.3000,2026-04-13（报告期 2025-12-31 00:00:00）,0,0.0000,0.0000,,0,0.0000,0,0.0000,0.0000,,0,0.0000,1,7.2500,7.7500,2026-05-13,0,1.6472
prebreak,300898,2026-04-10,S,S,A,C,S,S,A,22.6857,23.0500,21.9000,1.1500,2026-04-17（报告期 2025-12-31 00:00:00）,1,23.0500,23.6585,2026-04-17,0,0.5136,1,23.0500,23.1429,2026-04-24,0,0.0655,1,23.0500,23.5223,2026-05-13,0,0.3952
prebreak,600007,2026-04-10,S,S,A,C,S,S,A,20.1835,20.5400,19.7800,0.7600,,0,0.0000,0.0000,,0,0.0000,0,0.0000,0.0000,,0,0.0000,0,0.0000,0.0000,,0,0.0000
prebreak,600038,2026-04-10,S,S,A,C,S,S,A,33.3728,33.8700,32.8200,1.0500,,0,0.0000,0.0000,,0,0.0000,0,0.0000,0.0000,,0,0.0000,0,0.0000,0.0000,,0,0.0000
prebreak,600048,2026-04-10,S,S,A,C,S,S,A,5.5585,5.7000,5.4200,0.2800,,0,0.0000,0.0000,,0,0.0000,0,0.0000,0.0000,,0,0.0000,0,0.0000,0.0000,,0,0.0000
prebreak,600323,2026-04-10,S,S,A,C,S,S,A,28.5128,29.6300,28.1700,1.4600,2026-04-24（报告期 2025-12-31 00:00:00）,0,0.0000,0.0000,,0,0.0000,1,29.6300,30.4987,2026-04-28,0,0.5792,1,29.6300,29.6518,2026-05-15,0,-0.0005
prebreak,600425,2026-04-10,S,S,A,C,S,S,A,3.9547,4.0500,3.8500,0.2000,,0,0.0000,0.0000,,0,0.0000,0,0.0000,0.0000,,0,0.0000,0,0.0000,0.0000,,0,0.0000
prebreak,600566,2026-04-10,S,S,A,C,S,S,A,23.4731,25.7400,24.4400,1.3000,,0,0.0000,0.0000,,0,0.0000,0,0.0000,0.0000,,0,0.0000,0,0.0000,0.0000,,0,0.0000
prebreak,600567,2026-04-10,S,S,A,C,S,S,A,1.5600,1.5700,1.5000,0.0700,,0,0.0000,0.0000,,0,0.0000,0,0.0000,0.0000,,0,0.0000,0,0.0000,0.0000,,0,0.0000
prebreak,600793,2026-04-10,S,S,A,C,S,S,A,18.5900,18.7900,17.9400,0.8500,,0,0.0000,0.0000,,0,0.0000,0,0.0000,0.0000,,0,0.0000,0,0.0000,0.0000,,0,0.0000
prebreak,601186,2026-04-10,S,S,A,C,S,S,A,6.6669,6.7200,6.5600,0.1600,,0,0.0000,0.0000,,0,0.0000,0,0.0000,0.0000,,0,0.0000,0,0.0000,0.0000,,0,0.0000
prebreak,601188,2026-04-10,S,S,A,C,S,S,A,3.2617,3.4300,3.2800,0.1500,,0,0.0000,0.0000,,0,0.0000,0,0.0000,0.0000,,0,0.0000,0,0.0000,0.0000,,0,0.0000
prebreak,601577,2026-04-10,S,S,A,C,S,S,A,9.1983,9.4500,9.1400,0.3100,,0,0.0000,0.0000,,0,0.0000,0,0.0000,0.0000,,0,0.0000,0,0.0000,0.0000,,0,0.0000
prebreak,603209,2026-04-10,S,S,A,C,S,S,A,14.7034,14.9800,14.2100,0.7700,,1,14.9800,14.2100,2026-04-14,1,-1.0142,1,14.9800,14.2100,2026-04-14,1,-1.0142,1,14.9800,14.2100,2026-04-14,1,-1.0142
prebreak,000025,2026-04-13,S,S,A,C,S,S,A,16.1228,16.1700,15.4300,0.7400,,0,0.0000,0.0000,,0,0.0000,0,0.0000,0.0000,,0,0.0000,0,0.0000,0.0000,,0,0.0000
prebreak,000570,2026-04-13,S,S,A,C,S,S,A,5.7201,5.7900,5.5200,0.2700,,0,0.0000,0.0000,,0,0.0000,0,0.0000,0.0000,,0,0.0000,0,0.0000,0.0000,,0,0.0000
prebreak,000800,2026-04-13,S,S,A,C,S,S,A,7.1181,6.7400,6.4000,0.3400,,1,6.7400,6.9692,2026-04-20,0,0.6587,1,6.7400,6.9593,2026-04-27,0,0.6295,1,6.7400,6.4000,2026-05-13,1,-1.0144
prebreak,000957,2026-04-13,S,S,A,C,S,S,A,11.8163,11.6000,11.0400,0.5600,2026-04-25（报告期 2025-12-31 00:00:00）,1,11.6000,12.0052,2026-04-20,0,0.7075,1,11.6000,12.3932,2026-04-27,0,1.3997,1,11.6000,11.7069,2026-05-14,0,0.1750
prebreak,000958,2026-04-13,S,S,A,C,S,S,A,6.0900,6.1800,5.9600,0.2200,,0,0.0000,0.0000,,0,0.0000,0,0.0000,0.0000,,0,0.0000,0,0.0000,0.0000,,0,0.0000
prebreak,001201,2026-04-13,S,S,A,C,S,S,A,12.9200,13.7100,13.1000,0.6100,,1,13.7100,13.1000,2026-04-20,1,-1.0165,1,13.7100,13.1000,2026-04-20,1,-1.0165,1,13.7100,13.1000,2026-04-20,1,-1.0165
prebreak,002039,2026-04-13,S,S,A,C,S,S,A,20.3755,18.6700,17.7300,0.9400,,0,0.0000,0.0000,,0,0.0000,0,0.0000,0.0000,,0,0.0000,0,0.0000,0.0000,,0,0.0000
prebreak,002078,2026-04-13,S,S,A,C,S,S,A,14.2892,15.3000,14.6300,0.6700,,0,0.0000,0.0000,,0,0.0000,0,0.0000,0.0000,,0,0.0000,0,0.0000,0.0000,,0,0.0000
prebreak,002267,2026-04-13,S,S,A,C,S,S,A,7.4832,7.6700,7.3700,0.3000,,0,0.0000,0.0000,,0,0.0000,0,0.0000,0.0000,,0,0.0000,0,0.0000,0.0000,,0,0.0000
prebreak,002302,2026-04-13,S,S,A,C,S,S,A,5.6700,6.6100,6.2800,0.3300,,0,0.0000,0.0000,,0,0.0000,0,0.0000,0.0000,,0,0.0000,0,0.0000,0.0000,,0,0.0000
prebreak,002311,2026-04-13,S,S,A,C,S,S,A,46.8356,51.5800,49.1000,2.4800,,0,0.0000,0.0000,,0,0.0000,0,0.0000,0.0000,,0,0.0000,0,0.0000,0.0000,,0,0.0000
prebreak,002686,2026-04-13,S,S,A,C,S,S,A,6.8641,7.2400,6.9300,0.3100,2026-04-24（报告期 2025-12-31 00:00:00）,1,7.2400,8.4382,2026-04-20,0,3.8450,1,7.2400,7.6611,2026-04-27,0,1.3399,1,7.2400,7.8803,2026-05-14,0,2.0465
prebreak,002714,2026-04-13,S,S,A,C,S,S,A,43.6828,51.0100,48.3600,2.6500,,0,0.0000,0.0000,,0,0.0000,0,0.0000,0.0000,,0,0.0000,0,0.0000,0.0000,,0,0.0000
prebreak,002823,2026-04-13,S,S,A,C,S,S,A,15.5296,14.8300,14.2700,0.5600,,0,0.0000,0.0000,,0,0.0000,0,0.0000,0.0000,,0,0.0000,0,0.0000,0.0000,,0,0.0000
prebreak,002962,2026-04-13,S,S,A,C,S,S,A,16.4991,13.8800,13.2300,0.6500,2026-04-29（报告期 2025-12-31 00:00:00）,1,13.8800,17.9918,2026-04-20,0,6.3056,1,13.8800,16.8872,2026-04-27,0,4.6073,1,13.8800,19.1760,2026-05-14,0,8.1263
prebreak,300193,2026-04-13,S,S,A,C,S,S,A,8.2628,8.3400,7.9200,0.4200,,0,0.0000,0.0000,,0,0.0000,0,0.0000,0.0000,,0,0.0000,0,0.0000,0.0000,,0,0.0000
prebreak,300261,2026-04-13,S,S,A,C,S,S,A,6.2700,6.5500,6.2300,0.3200,,0,0.0000,0.0000,,0,0.0000,0,0.0000,0.0000,,0,0.0000,0,0.0000,0.0000,,0,0.0000
prebreak,600153,2026-04-13,S,S,A,C,S,S,A,8.2118,8.4300,8.1500,0.2800,,0,0.0000,0.0000,,0,0.0000,0,0.0000,0.0000,,0,0.0000,0,0.0000,0.0000,,0,0.0000
prebreak,600195,2026-04-13,S,S,A,C,S,S,A,7.7967,7.5700,7.1700,0.4000,,0,0.0000,0.0000,,0,0.0000,0,0.0000,0.0000,,0,0.0000,0,0.0000,0.0000,,0,0.0000
prebreak,600218,2026-04-13,S,S,A,C,S,S,A,9.6632,9.5100,9.0300,0.4800,,0,0.0000,0.0000,,0,0.0000,0,0.0000,0.0000,,0,0.0000,0,0.0000,0.0000,,0,0.0000
prebreak,600300,2026-04-13,S,S,A,C,S,S,A,3.4023,3.7200,3.5400,0.1800,,0,0.0000,0.0000,,0,0.0000,0,0.0000,0.0000,,0,0.0000,0,0.0000,0.0000,,0,0.0000
prebreak,600383,2026-04-13,S,S,A,C,S,S,A,2.7900,3.2200,3.0600,0.1600,,0,0.0000,0.0000,,0,0.0000,0,0.0000,0.0000,,0,0.0000,1,3.2200,3.0600,2026-05-13,1,-1.0147
prebreak,600563,2026-04-13,S,S,A,C,S,S,A,117.5624,120.8500,115.6400,5.2100,,0,0.0000,0.0000,,0,0.0000,0,0.0000,0.0000,,0,0.0000,0,0.0000,0.0000,,0,0.0000
prebreak,600698,2026-04-13,S,S,A,C,S,S,A,7.5800,7.9500,7.5400,0.4100,2026-04-25（报告期 2025-12-31 00:00:00）,0,0.0000,0.0000,,0,0.0000,0,0.0000,0.0000,,0,0.0000,1,7.9500,7.6000,2026-05-14,0,-0.8679
prebreak,600733,2026-04-13,S,S,A,C,S,S,A,7.3100,7.3600,7.0400,0.3200,,0,0.0000,0.0000,,0,0.0000,0,0.0000,0.0000,,0,0.0000,0,0.0000,0.0000,,0,0.0000
prebreak,600787,2026-04-13,S,S,A,C,S,S,A,5.2745,5.4200,5.1900,0.2300,,0,0.0000,0.0000,,0,0.0000,0,0.0000,0.0000,,0,0.0000,0,0.0000,0.0000,,0,0.0000
prebreak,600794,2026-04-13,S,S,A,C,S,S,A,3.6375,3.7900,3.6000,0.1900,,0,0.0000,0.0000,,0,0.0000,0,0.0000,0.0000,,0,0.0000,0,0.0000,0.0000,,0,0.0000
prebreak,600812,2026-04-13,S,S,A,C,S,S,A,5.3768,5.7400,5.4800,0.2600,,0,0.0000,0.0000,,0,0.0000,0,0.0000,0.0000,,0,0.0000,0,0.0000,0.0000,,0,0.0000
prebreak,600863,2026-04-13,S,S,A,C,S,S,A,4.5871,4.9100,4.6600,0.2500,,0,0.0000,0.0000,,0,0.0000,0,0.0000,0.0000,,0,0.0000,0,0.0000,0.0000,,0,0.0000
prebreak,601003,2026-04-13,S,S,A,C,S,S,A,4.4705,4.6100,4.3700,0.2400,2026-04-30（报告期 2025-12-31 00:00:00）,0,0.0000,0.0000,,0,0.0000,1,4.6100,4.3700,2026-05-12,1,-1.0140,1,4.6100,4.3700,2026-05-12,1,-1.0140
prebreak,603348,2026-04-13,S,S,A,C,S,S,A,20.5400,19.7600,18.9700,0.7900,,0,0.0000,0.0000,,0,0.0000,0,0.0000,0.0000,,0,0.0000,0,0.0000,0.0000,,0,0.0000
prebreak,603529,2026-04-13,S,S,A,C,S,S,A,28.8174,28.8000,27.4900,1.3100,,0,0.0000,0.0000,,0,0.0000,0,0.0000,0.0000,,0,0.0000,0,0.0000,0.0000,,0,0.0000
prebreak,603566,2026-04-13,S,S,A,C,S,S,A,12.1415,12.3900,11.7800,0.6100,,0,0.0000,0.0000,,0,0.0000,0,0.0000,0.0000,,0,0.0000,0,0.0000,0.0000,,0,0.0000
prebreak,603995,2026-04-13,S,S,A,C,S,S,A,17.7088,17.4100,16.6200,0.7900,,1,17.4100,17.8451,2026-04-20,0,0.5336,1,17.4100,19.0036,2026-04-27,0,1.9992,1,17.4100,19.0133,2026-05-14,0,2.0115
prebreak,605005,2026-04-13,S,S,A,C,S,S,A,20.5900,20.5800,19.7400,0.8400,,1,20.5800,21.0937,2026-04-20,0,0.5925,1,20.5800,19.7400,2026-04-24,1,-1.0180,1,20.5800,19.7400,2026-04-24,1,-1.0180
prebreak,605066,2026-04-13,S,S,A,C,S,S,A,7.9890,8.1400,7.8000,0.3400,,0,0.0000,0.0000,,0,0.0000,0,0.0000,0.0000,,0,0.0000,0,0.0000,0.0000,,0,0.0000
prebreak,000008,2026-04-14,S,S,A,C,S,S,A,2.7300,2.8200,2.6800,0.1400,2026-04-18（报告期 2025-12-31 00:00:00）,0,0.0000,0.0000,,0,0.0000,0,0.0000,0.0000,,0,0.0000,1,2.8200,2.6800,2026-05-15,1,-1.0147
prebreak,000030,2026-04-14,S,S,A,C,S,S,A,5.0029,5.2500,5.0400,0.2100,2026-04-15（报告期 2025-12-31 00:00:00）,1,5.2500,5.4463,2026-04-21,0,0.9150,1,5.2500,5.0400,2026-04-23,1,-1.0184,1,5.2500,5.0400,2026-04-23,1,-1.0184
prebreak,000099,2026-04-14,S,S,A,C,S,S,A,17.8062,17.4000,16.7000,0.7000,,0,0.0000,0.0000,,0,0.0000,0,0.0000,0.0000,,0,0.0000,0,0.0000,0.0000,,0,0.0000
prebreak,002817,2026-04-14,S,S,A,C,S,S,A,7.8931,8.1500,7.7400,0.4100,,0,0.0000,0.0000,,0,0.0000,0,0.0000,0.0000,,0,0.0000,0,0.0000,0.0000,,0,0.0000
prebreak,002845,2026-04-14,S,S,A,C,S,S,A,13.8907,14.0900,13.4400,0.6500,,0,0.0000,0.0000,,0,0.0000,0,0.0000,0.0000,,0,0.0000,0,0.0000,0.0000,,0,0.0000
prebreak,002884,2026-04-14,S,S,A,C,S,S,A,17.3697,17.6800,16.7300,0.9500,,1,17.6800,17.9563,2026-04-21,0,0.2765,1,17.6800,17.3224,2026-04-28,0,-0.3903,1,17.6800,17.5400,2026-05-15,0,-0.1614
prebreak,300070,2026-04-14,S,S,A,C,S,S,A,4.1749,4.0200,3.8500,0.1700,,1,4.0200,4.0650,2026-04-21,0,0.2465,1,4.0200,3.9152,2026-04-28,0,-0.6342,1,4.0200,3.8500,2026-05-14,1,-1.0173
prebreak,300381,2026-04-14,S,S,A,C,S,S,A,6.3050,6.5200,6.2000,0.3200,2026-04-25（报告期 2025-12-31 00:00:00）,0,0.0000,0.0000,,0,0.0000,0,0.0000,0.0000,,0,0.0000,1,6.5200,7.4054,2026-05-15,0,2.7496
prebreak,300566,2026-04-14,S,S,A,C,S,S,A,18.3729,18.5600,17.6900,0.8700,,0,0.0000,0.0000,,0,0.0000,0,0.0000,0.0000,,0,0.0000,0,0.0000,0.0000,,0,0.0000
prebreak,300741,2026-04-14,S,S,A,C,S,S,A,16.2483,17.8600,17.0900,0.7700,,1,17.8600,17.0900,2026-04-16,1,-1.0170,1,17.8600,17.0900,2026-04-16,1,-1.0170,1,17.8600,17.0900,2026-04-16,1,-1.0170
prebreak,600098,2026-04-14,S,S,A,C,S,S,A,6.9008,7.1000,6.7700,0.3300,2026-04-18（报告期 2025-12-31 00:00:00）,0,0.0000,0.0000,,0,0.0000,0,0.0000,0.0000,,0,0.0000,1,7.1000,6.9585,2026-05-15,0,-0.4448
prebreak,600166,2026-04-14,S,S,A,C,S,S,A,3.4800,3.0700,2.9200,0.1500,2026-04-25（报告期 2025-12-31 00:00:00）,1,3.0700,3.3800,2026-04-21,0,2.0498,1,3.0700,3.6400,2026-04-28,0,3.7821,1,3.0700,3.4100,2026-05-15,0,2.2497
prebreak,600371,2026-04-14,S,S,A,C,S,S,A,8.6295,8.8100,8.4100,0.4000,,0,0.0000,0.0000,,0,0.0000,0,0.0000,0.0000,,0,0.0000,0,0.0000,0.0000,,0,0.0000
prebreak,600449,2026-04-14,S,S,A,C,S,S,A,12.6215,12.9300,12.2600,0.6700,,0,0.0000,0.0000,,0,0.0000,0,0.0000,0.0000,,0,0.0000,0,0.0000,0.0000,,0,0.0000
prebreak,600713,2026-04-14,S,S,A,C,S,S,A,5.7759,5.3000,5.0800,0.2200,,1,5.3000,5.6211,2026-04-21,0,1.4405,1,5.3000,5.2535,2026-04-28,0,-0.2295,1,5.3000,5.0800,2026-04-30,1,-1.0177
prebreak,600873,2026-04-14,S,S,A,C,S,S,A,10.3330,10.9000,10.4000,0.5000,,0,0.0000,0.0000,,0,0.0000,0,0.0000,0.0000,,0,0.0000,0,0.0000,0.0000,,0,0.0000
prebreak,600901,2026-04-14,S,S,A,C,S,S,A,6.6269,6.6600,6.3600,0.3000,,0,0.0000,0.0000,,0,0.0000,0,0.0000,0.0000,,0,0.0000,0,0.0000,0.0000,,0,0.0000
prebreak,601111,2026-04-14,S,S,A,C,S,S,A,6.9100,7.0200,6.6800,0.3400,,0,0.0000,0.0000,,0,0.0000,0,0.0000,0.0000,,0,0.0000,0,0.0000,0.0000,,0,0.0000
prebreak,601113,2026-04-14,S,S,A,C,S,S,A,4.4400,4.6000,4.3700,0.2300,2026-04-23（报告期 2025-12-31 00:00:00）,1,4.6000,4.7200,2026-04-21,0,0.5062,1,4.6000,4.4700,2026-04-28,0,-0.5801,1,4.6000,4.3700,2026-05-15,1,-1.0146
prebreak,601187,2026-04-14,S,S,A,C,S,S,A,7.5153,7.6500,7.2900,0.3600,,0,0.0000,0.0000,,0,0.0000,0,0.0000,0.0000,,0,0.0000,0,0.0000,0.0000,,0,0.0000
prebreak,601988,2026-04-14,S,S,A,C,S,S,A,5.6151,5.6700,5.4600,0.2100,,0,0.0000,0.0000,,0,0.0000,0,0.0000,0.0000,,0,0.0000,0,0.0000,0.0000,,0,0.0000
prebreak,603082,2026-04-14,S,S,A,C,S,S,A,36.7912,35.7700,34.1300,1.6400,,0,0.0000,0.0000,,0,0.0000,0,0.0000,0.0000,,0,0.0000,0,0.0000,0.0000,,0,0.0000
prebreak,603183,2026-04-14,S,S,A,C,S,S,A,4.4746,4.6500,4.4600,0.1900,,0,0.0000,0.0000,,0,0.0000,0,0.0000,0.0000,,0,0.0000,0,0.0000,0.0000,,0,0.0000
prebreak,603309,2026-04-14,S,S,A,C,S,S,A,13.5711,15.5200,14.7300,0.7900,,0,0.0000,0.0000,,0,0.0000,0,0.0000,0.0000,,0,0.0000,0,0.0000,0.0000,,0,0.0000
prebreak,603707,2026-04-14,S,S,A,C,S,S,A,9.5573,9.9200,9.4700,0.4500,,0,0.0000,0.0000,,0,0.0000,0,0.0000,0.0000,,0,0.0000,0,0.0000,0.0000,,0,0.0000
prebreak,000402,2026-04-15,S,S,A,C,S,S,A,2.8800,2.5800,2.4500,0.1300,2026-04-29（报告期 2025-12-31 00:00:00）,1,2.5800,2.7500,2026-04-22,0,1.2918,1,2.5800,2.8800,2026-04-29,0,2.2912,1,2.5800,2.9600,2026-05-18,0,2.9062
prebreak,000528,2026-04-15,S,S,A,C,S,S,A,9.3157,9.5000,9.1200,0.3800,,0,0.0000,0.0000,,0,0.0000,0,0.0000,0.0000,,0,0.0000,0,0.0000,0.0000,,0,0.0000
prebreak,000550,2026-04-15,S,S,A,C,S,S,A,17.8753,18.4300,17.5100,0.9200,,1,18.4300,18.6286,2026-04-22,0,0.2005,1,18.4300,18.4741,2026-04-29,0,0.0326,1,18.4300,17.5100,2026-05-18,1,-1.0146
prebreak,000656,2026-04-15,S,S,A,C,S,S,A,1.4300,1.3900,1.3400,0.0500,,0,0.0000,0.0000,,0,0.0000,0,0.0000,0.0000,,0,0.0000,0,0.0000,0.0000,,0,0.0000
prebreak,000719,2026-04-15,S,S,A,C,S,S,A,12.9278,12.5800,12.1100,0.4700,,0,0.0000,0.0000,,0,0.0000,0,0.0000,0.0000,,0,0.0000,0,0.0000,0.0000,,0,0.0000
prebreak,001239,2026-04-15,S,S,A,C,S,S,A,15.4500,16.7300,15.9700,0.7600,,0,0.0000,0.0000,,0,0.0000,0,0.0000,0.0000,,0,0.0000,0,0.0000,0.0000,,0,0.0000
prebreak,002236,2026-04-15,S,S,A,C,S,S,A,18.4747,16.8500,16.1700,0.6800,2026-04-18（报告期 2025-12-31 00:00:00）,1,16.8500,18.2592,2026-04-22,0,2.0522,1,16.8500,17.9163,2026-04-29,0,1.5483,1,16.8500,17.4069,2026-05-18,0,0.7997
prebreak,002551,2026-04-15,S,S,A,C,S,S,A,3.4500,3.8700,3.6700,0.2000,,0,0.0000,0.0000,,0,0.0000,0,0.0000,0.0000,,0,0.0000,0,0.0000,0.0000,,0,0.0000
prebreak,002559,2026-04-15,S,S,A,C,S,S,A,10.3099,9.4700,9.0800,0.3900,,0,0.0000,0.0000,,0,0.0000,0,0.0000,0.0000,,0,0.0000,0,0.0000,0.0000,,0,0.0000
prebreak,002726,2026-04-15,S,S,A,C,S,S,A,3.2900,3.4600,3.2900,0.1700,,0,0.0000,0.0000,,0,0.0000,0,0.0000,0.0000,,0,0.0000,0,0.0000,0.0000,,0,0.0000
prebreak,002933,2026-04-15,S,S,A,C,S,S,A,32.8770,33.5600,32.1600,1.4000,,0,0.0000,0.0000,,0,0.0000,0,0.0000,0.0000,,0,0.0000,0,0.0000,0.0000,,0,0.0000
prebreak,300105,2026-04-15,S,S,A,C,S,S,A,6.4922,6.6800,6.3700,0.3100,,0,0.0000,0.0000,,0,0.0000,1,6.6800,6.7367,2026-04-29,0,0.1663,1,6.6800,6.5607,2026-05-18,0,-0.4011
prebreak,300119,2026-04-15,S,S,A,C,S,S,A,18.6012,19.5800,18.6900,0.8900,,0,0.0000,0.0000,,0,0.0000,0,0.0000,0.0000,,0,0.0000,0,0.0000,0.0000,,0,0.0000
prebreak,300439,2026-04-15,S,S,A,C,S,S,A,9.9619,10.5500,10.0300,0.5200,2026-04-29（报告期 2025-12-31 00:00:00）,0,0.0000,0.0000,,0,0.0000,0,0.0000,0.0000,,0,0.0000,1,10.5500,10.0300,2026-05-14,1,-1.0148
prebreak,300504,2026-04-15,S,S,A,C,S,S,A,15.6100,15.3700,14.6000,0.7700,,0,0.0000,0.0000,,0,0.0000,0,0.0000,0.0000,,0,0.0000,0,0.0000,0.0000,,0,0.0000
prebreak,301587,2026-04-15,S,S,A,C,S,S,A,26.9800,25.4400,24.2700,1.1700,,0,0.0000,0.0000,,0,0.0000,0,0.0000,0.0000,,0,0.0000,0,0.0000,0.0000,,0,0.0000
prebreak,600252,2026-04-15,S,S,A,C,S,S,A,2.6500,2.6800,2.5400,0.1400,,0,0.0000,0.0000,,0,0.0000,0,0.0000,0.0000,,0,0.0000,0,0.0000,0.0000,,0,0.0000
prebreak,600303,2026-04-15,S,S,A,C,S,S,A,3.0200,3.4800,3.3200,0.1600,,0,0.0000,0.0000,,0,0.0000,0,0.0000,0.0000,,0,0.0000,0,0.0000,0.0000,,0,0.0000
prebreak,600318,2026-04-15,S,S,A,C,S,S,A,7.6459,7.8300,7.4500,0.3800,,0,0.0000,0.0000,,0,0.0000,0,0.0000,0.0000,,0,0.0000,0,0.0000,0.0000,,0,0.0000
prebreak,600325,2026-04-15,S,S,A,C,S,S,A,3.5400,3.5300,3.3400,0.1900,,0,0.0000,0.0000,,0,0.0000,0,0.0000,0.0000,,0,0.0000,0,0.0000,0.0000,,0,0.0000
prebreak,600622,2026-04-15,S,S,A,C,S,S,A,2.6100,2.6300,2.5000,0.1300,,0,0.0000,0.0000,,0,0.0000,0,0.0000,0.0000,,0,0.0000,0,0.0000,0.0000,,0,0.0000
prebreak,600675,2026-04-15,S,S,A,C,S,S,A,2.6533,2.6400,2.5100,0.1300,,0,0.0000,0.0000,,0,0.0000,0,0.0000,0.0000,,0,0.0000,0,0.0000,0.0000,,0,0.0000
prebreak,600707,2026-04-15,S,S,A,C,S,S,A,7.1528,5.7100,5.4200,0.2900,2026-04-16（报告期 2025-12-31 00:00:00）,1,5.7100,8.8142,2026-04-22,0,10.6823,1,5.7100,8.7545,2026-04-29,0,10.4766,1,5.7100,10.8138,2026-05-18,0,17.5731
prebreak,600784,2026-04-15,S,S,A,C,S,S,A,7.1526,7.2200,6.8800,0.3400,2026-04-22（报告期 2025-12-31 00:00:00）,1,7.2200,7.5698,2026-04-22,0,1.0120,1,7.2200,7.5201,2026-04-29,0,0.8660,1,7.2200,7.8778,2026-05-18,0,1.9172
prebreak,600864,2026-04-15,S,S,A,C,S,S,A,7.1414,6.6300,6.3000,0.3300,,0,0.0000,0.0000,,0,0.0000,0,0.0000,0.0000,,0,0.0000,0,0.0000,0.0000,,0,0.0000
prebreak,600992,2026-04-15,S,S,A,C,S,S,A,11.9300,12.3400,11.8300,0.5100,,0,0.0000,0.0000,,0,0.0000,1,12.3400,12.0300,2026-04-29,0,-0.6258,1,12.3400,11.8300,2026-04-30,1,-1.0178
prebreak,601007,2026-04-15,S,S,A,C,S,S,A,7.9166,8.2000,7.8300,0.3700,,0,0.0000,0.0000,,0,0.0000,0,0.0000,0.0000,,0,0.0000,0,0.0000,0.0000,,0,0.0000
prebreak,601156,2026-04-15,S,S,A,C,S,S,A,16.6290,17.1000,16.3500,0.7500,,0,0.0000,0.0000,,0,0.0000,0,0.0000,0.0000,,0,0.0000,0,0.0000,0.0000,,0,0.0000
prebreak,601333,2026-04-15,S,S,A,C,S,S,A,2.9563,3.0600,2.9300,0.1300,,0,0.0000,0.0000,,0,0.0000,0,0.0000,0.0000,,0,0.0000,1,3.0600,2.9660,2026-05-18,0,-0.7405
prebreak,603218,2026-04-15,S,S,A,C,S,S,A,13.5505,13.7400,13.1600,0.5800,,0,0.0000,0.0000,,0,0.0000,0,0.0000,0.0000,,0,0.0000,0,0.0000,0.0000,,0,0.0000
prebreak,603258,2026-04-15,S,S,A,C,S,S,A,18.0100,18.4300,17.5700,0.8600,,0,0.0000,0.0000,,0,0.0000,0,0.0000,0.0000,,0,0.0000,0,0.0000,0.0000,,0,0.0000
prebreak,603527,2026-04-15,S,S,A,C,S,S,A,11.5410,10.8300,10.2900,0.5400,,0,0.0000,0.0000,,0,0.0000,0,0.0000,0.0000,,0,0.0000,0,0.0000,0.0000,,0,0.0000
prebreak,000419,2026-04-16,S,S,A,C,S,S,A,5.9600,5.9200,5.6800,0.2400,,0,0.0000,0.0000,,0,0.0000,0,0.0000,0.0000,,0,0.0000,0,0.0000,0.0000,,0,0.0000
prebreak,000709,2026-04-16,S,S,A,C,S,S,A,2.2856,2.3400,2.2700,0.0700,2026-04-29（报告期 2025-12-31 00:00:00）,0,0.0000,0.0000,,0,0.0000,1,2.3400,2.2700,2026-04-30,1,-1.0248,1,2.3400,2.2700,2026-04-30,1,-1.0248
prebreak,000795,2026-04-16,S,S,A,C,S,S,A,9.1997,8.7800,8.4000,0.3800,,0,0.0000,0.0000,,0,0.0000,0,0.0000,0.0000,,0,0.0000,0,0.0000,0.0000,,0,0.0000
prebreak,000881,2026-04-16,S,S,A,C,S,S,A,7.5600,7.7900,7.4600,0.3300,,0,0.0000,0.0000,,0,0.0000,0,0.0000,0.0000,,0,0.0000,0,0.0000,0.0000,,0,0.0000
prebreak,000965,2026-04-16,S,S,A,C,S,S,A,3.6287,3.7400,3.5400,0.2000,,0,0.0000,0.0000,,0,0.0000,0,0.0000,0.0000,,0,0.0000,0,0.0000,0.0000,,0,0.0000
prebreak,002063,2026-04-16,S,S,A,C,S,S,A,6.4715,6.4800,6.2000,0.2800,,0,0.0000,0.0000,,0,0.0000,0,0.0000,0.0000,,0,0.0000,0,0.0000,0.0000,,0,0.0000
prebreak,002073,2026-04-16,S,S,A,C,S,S,A,7.2346,7.2900,7.0100,0.2800,,0,0.0000,0.0000,,0,0.0000,0,0.0000,0.0000,,0,0.0000,0,0.0000,0.0000,,0,0.0000
prebreak,002224,2026-04-16,S,S,A,C,S,S,A,4.3717,4.4500,4.2800,0.1700,,0,0.0000,0.0000,,0,0.0000,0,0.0000,0.0000,,0,0.0000,0,0.0000,0.0000,,0,0.0000
prebreak,002262,2026-04-16,S,S,A,C,S,S,A,22.4773,22.6100,21.5100,1.1000,,0,0.0000,0.0000,,0,0.0000,0,0.0000,0.0000,,0,0.0000,0,0.0000,0.0000,,0,0.0000
prebreak,002469,2026-04-16,S,S,A,C,S,S,A,8.5998,8.3600,8.0400,0.3200,,0,0.0000,0.0000,,0,0.0000,0,0.0000,0.0000,,0,0.0000,0,0.0000,0.0000,,0,0.0000
prebreak,002479,2026-04-16,S,S,A,C,S,S,A,5.6010,5.8300,5.5500,0.2800,,0,0.0000,0.0000,,0,0.0000,0,0.0000,0.0000,,0,0.0000,0,0.0000,0.0000,,0,0.0000
prebreak,002566,2026-04-16,S,S,A,C,S,S,A,7.8703,8.4300,8.0100,0.4200,,0,0.0000,0.0000,,0,0.0000,0,0.0000,0.0000,,0,0.0000,0,0.0000,0.0000,,0,0.0000
prebreak,002587,2026-04-16,S,S,A,C,S,S,A,6.5143,6.6400,6.3200,0.3200,2026-04-27（报告期 2025-12-31 00:00:00）,0,0.0000,0.0000,,0,0.0000,1,6.6400,6.9512,2026-04-30,0,0.9561,1,6.6400,7.0207,2026-05-19,0,1.1732
prebreak,300026,2026-04-16,S,S,A,C,S,S,A,3.6291,3.6600,3.4700,0.1900,,0,0.0000,0.0000,,0,0.0000,0,0.0000,0.0000,,0,0.0000,0,0.0000,0.0000,,0,0.0000
prebreak,300039,2026-04-16,S,S,A,C,S,S,A,5.8981,5.9600,5.7200,0.2400,,0,0.0000,0.0000,,0,0.0000,0,0.0000,0.0000,,0,0.0000,0,0.0000,0.0000,,0,0.0000
prebreak,300292,2026-04-16,S,S,A,C,S,S,A,5.0200,5.1100,4.8900,0.2200,,0,0.0000,0.0000,,0,0.0000,0,0.0000,0.0000,,0,0.0000,0,0.0000,0.0000,,0,0.0000
prebreak,300522,2026-04-16,S,S,A,C,S,S,A,13.4590,11.2100,10.7500,0.4600,,1,11.2100,13.4191,2026-04-23,0,4.7809,1,11.2100,13.2100,2026-04-30,0,4.3266,1,11.2100,13.6600,2026-05-19,0,5.3042
prebreak,301090,2026-04-16,S,S,A,C,S,S,A,7.7500,8.0100,7.6500,0.3600,2026-04-27（报告期 2025-12-31 00:00:00）,1,8.0100,8.5900,2026-04-23,0,1.5932,1,8.0100,9.1800,2026-04-30,0,3.2310,1,8.0100,8.1700,2026-05-19,0,0.4273
prebreak,301552,2026-04-16,S,S,A,C,S,S,A,31.7555,28.6500,27.1500,1.5000,,1,28.6500,31.9057,2026-04-23,0,2.1546,1,28.6500,30.7490,2026-04-30,0,1.3840,1,28.6500,30.2000,2026-05-19,0,1.0182
prebreak,600031,2026-04-16,S,S,A,C,S,S,A,20.1963,20.9800,19.9800,1.0000,,0,0.0000,0.0000,,0,0.0000,0,0.0000,0.0000,,0,0.0000,1,20.9800,19.9800,2026-05-18,1,-1.0153
prebreak,600433,2026-04-16,S,S,A,C,S,S,A,3.6900,3.7200,3.5300,0.1900,,1,3.7200,3.9200,2026-04-23,0,1.0371,1,3.7200,4.8400,2026-04-30,0,5.8761,1,3.7200,4.2800,2026-05-19,0,2.9306
prebreak,600606,2026-04-16,S,S,A,C,S,S,A,1.4900,1.5000,1.4400,0.0600,,0,0.0000,0.0000,,0,0.0000,0,0.0000,0.0000,,0,0.0000,0,0.0000,0.0000,,0,0.0000
prebreak,600764,2026-04-16,S,S,A,C,S,S,A,24.2800,24.6000,23.7500,0.8500,,1,24.6000,24.6900,2026-04-23,0,0.0838,1,24.6000,23.7500,2026-04-27,1,-1.0214,1,24.6000,23.7500,2026-04-27,1,-1.0214
prebreak,600975,2026-04-16,S,S,A,C,S,S,A,5.7500,5.5100,5.2400,0.2700,,0,0.0000,0.0000,,0,0.0000,0,0.0000,0.0000,,0,0.0000,0,0.0000,0.0000,,0,0.0000
prebreak,601633,2026-04-16,S,S,A,C,S,S,A,20.4597,21.1000,20.2000,0.9000,,0,0.0000,0.0000,,0,0.0000,0,0.0000,0.0000,,0,0.0000,0,0.0000,0.0000,,0,0.0000
prebreak,603577,2026-04-16,S,S,A,C,S,S,A,11.1060,10.7100,10.2500,0.4600,,0,0.0000,0.0000,,0,0.0000,0,0.0000,0.0000,,0,0.0000,0,0.0000,0.0000,,0,0.0000
prebreak,603766,2026-04-16,S,S,A,C,S,S,A,15.2156,14.9900,14.2600,0.7300,,0,0.0000,0.0000,,0,0.0000,0,0.0000,0.0000,,0,0.0000,0,0.0000,0.0000,,0,0.0000
prebreak,000829,2026-04-17,S,S,A,C,S,S,A,10.9700,10.9400,10.3700,0.5700,2026-04-29（报告期 2025-12-31 00:00:00）,1,10.9400,11.9000,2026-04-24,0,1.6686,1,10.9400,11.7900,2026-05-06,0,1.4757,1,10.9400,10.3700,2026-05-15,1,-1.0140
prebreak,000897,2026-04-17,S,S,A,C,S,S,A,2.1100,2.1400,2.0700,0.0700,2026-04-29（报告期 2025-12-31 00:00:00）,0,0.0000,0.0000,,0,0.0000,1,2.1400,2.1700,2026-05-06,0,0.4051,1,2.1400,2.0700,2026-05-15,1,-1.0226
prebreak,000913,2026-04-17,S,S,A,C,S,S,A,14.7243,14.3000,13.6700,0.6300,,0,0.0000,0.0000,,0,0.0000,0,0.0000,0.0000,,0,0.0000,0,0.0000,0.0000,,0,0.0000
prebreak,002390,2026-04-17,S,S,A,C,S,S,A,3.1392,3.3500,3.1700,0.1800,,0,0.0000,0.0000,,0,0.0000,0,0.0000,0.0000,,0,0.0000,0,0.0000,0.0000,,0,0.0000
prebreak,002406,2026-04-17,S,S,A,C,S,S,A,7.3704,7.1300,6.8400,0.2900,,0,0.0000,0.0000,,0,0.0000,0,0.0000,0.0000,,0,0.0000,0,0.0000,0.0000,,0,0.0000
prebreak,002449,2026-04-17,S,S,A,C,S,S,A,8.2200,8.2700,7.9800,0.2900,,0,0.0000,0.0000,,0,0.0000,0,0.0000,0.0000,,0,0.0000,0,0.0000,0.0000,,0,0.0000
prebreak,002461,2026-04-17,S,S,A,C,S,S,A,9.5175,9.5800,9.1200,0.4600,,0,0.0000,0.0000,,0,0.0000,0,0.0000,0.0000,,0,0.0000,0,0.0000,0.0000,,0,0.0000
prebreak,002511,2026-04-17,S,S,A,C,S,S,A,8.6350,8.6700,8.2600,0.4100,,0,0.0000,0.0000,,0,0.0000,0,0.0000,0.0000,,0,0.0000,0,0.0000,0.0000,,0,0.0000
prebreak,002626,2026-04-17,S,S,A,C,S,S,A,17.5034,18.0000,17.3100,0.6900,,0,0.0000,0.0000,,0,0.0000,0,0.0000,0.0000,,0,0.0000,0,0.0000,0.0000,,0,0.0000
prebreak,002727,2026-04-17,S,S,A,C,S,S,A,12.2799,12.5500,12.1100,0.4400,2026-04-29（报告期 2025-12-31 00:00:00）,0,0.0000,0.0000,,0,0.0000,1,12.5500,12.6336,2026-05-06,0,0.1682,1,12.5500,12.1100,2026-05-18,1,-1.0210
prebreak,300181,2026-04-17,S,S,A,C,S,S,A,15.1868,15.7300,14.9500,0.7800,2026-04-27（报告期 2025-12-31 00:00:00）,1,15.7300,16.1817,2026-04-24,0,0.5634,1,15.7300,14.9500,2026-04-28,1,-1.0147,1,15.7300,14.9500,2026-04-28,1,-1.0147
prebreak,300453,2026-04-17,S,S,A,C,S,S,A,9.1425,9.8600,9.4400,0.4200,2026-04-27（报告期 2025-12-31 00:00:00）,1,9.8600,9.8375,2026-04-24,0,-0.0713,1,9.8600,10.0235,2026-05-06,0,0.3712,1,9.8600,9.4400,2026-05-18,1,-1.0172
prebreak,300470,2026-04-17,S,S,A,C,S,S,A,36.1033,36.1800,34.4700,1.7100,,0,0.0000,0.0000,,0,0.0000,0,0.0000,0.0000,,0,0.0000,0,0.0000,0.0000,,0,0.0000
prebreak,300636,2026-04-17,S,S,A,C,S,S,A,8.0028,8.2400,7.8800,0.3600,,0,0.0000,0.0000,,0,0.0000,0,0.0000,0.0000,,0,0.0000,0,0.0000,0.0000,,0,0.0000
prebreak,300888,2026-04-17,S,S,A,C,S,S,A,33.1327,33.1500,31.9100,1.2400,,0,0.0000,0.0000,,0,0.0000,0,0.0000,0.0000,,0,0.0000,0,0.0000,0.0000,,0,0.0000
prebreak,600038,2026-04-17,S,S,A,C,S,S,A,33.7594,34.3100,32.9900,1.3200,,0,0.0000,0.0000,,0,0.0000,0,0.0000,0.0000,,0,0.0000,0,0.0000,0.0000,,0,0.0000
prebreak,600056,2026-04-17,S,S,A,C,S,S,A,10.6092,10.2000,9.6900,0.5100,,0,0.0000,0.0000,,0,0.0000,0,0.0000,0.0000,,0,0.0000,0,0.0000,0.0000,,0,0.0000
prebreak,600125,2026-04-17,S,S,A,C,S,S,A,5.9816,6.2700,5.9700,0.3000,,0,0.0000,0.0000,,0,0.0000,0,0.0000,0.0000,,0,0.0000,0,0.0000,0.0000,,0,0.0000
prebreak,600483,2026-04-17,S,S,A,C,S,S,A,9.8905,9.9500,9.5200,0.4300,,0,0.0000,0.0000,,0,0.0000,0,0.0000,0.0000,,0,0.0000,0,0.0000,0.0000,,0,0.0000
prebreak,600566,2026-04-17,S,S,A,C,S,S,A,23.2582,25.5200,24.4500,1.0700,,0,0.0000,0.0000,,0,0.0000,0,0.0000,0.0000,,0,0.0000,0,0.0000,0.0000,,0,0.0000
prebreak,600567,2026-04-17,S,S,A,C,S,S,A,1.5300,1.5700,1.5200,0.0500,,0,0.0000,0.0000,,0,0.0000,0,0.0000,0.0000,,0,0.0000,0,0.0000,0.0000,,0,0.0000
prebreak,600754,2026-04-17,S,S,A,C,S,S,A,26.4217,27.1200,25.8200,1.3000,,0,0.0000,0.0000,,0,0.0000,0,0.0000,0.0000,,0,0.0000,0,0.0000,0.0000,,0,0.0000
prebreak,600817,2026-04-17,S,S,A,C,S,S,A,11.8184,12.1500,11.7200,0.4300,,0,0.0000,0.0000,,0,0.0000,0,0.0000,0.0000,,0,0.0000,0,0.0000,0.0000,,0,0.0000
prebreak,603519,2026-04-17,S,S,A,C,S,S,A,13.1751,13.5300,12.8200,0.7100,2026-04-18（报告期 2025-12-31 00:00:00）,0,0.0000,0.0000,,0,0.0000,1,13.5300,13.6519,2026-05-06,0,0.1572,1,13.5300,12.8200,2026-05-14,1,-1.0139
prebreak,603858,2026-04-17,S,S,A,C,S,S,A,16.4982,16.9000,16.0500,0.8500,,0,0.0000,0.0000,,0,0.0000,0,0.0000,0.0000,,0,0.0000,0,0.0000,0.0000,,0,0.0000
prebreak,000570,2026-04-20,S,S,A,C,S,S,A,6.6768,5.7900,5.5200,0.2700,,1,5.7900,6.6768,2026-04-27,0,3.2660,1,5.7900,6.5472,2026-05-07,0,2.7865,1,5.7900,6.0300,2026-05-21,0,0.8720
prebreak,001201,2026-04-20,S,S,A,C,S,S,A,13.2400,13.7100,13.1000,0.6100,,0,0.0000,0.0000,,0,0.0000,0,0.0000,0.0000,,0,0.0000,0,0.0000,0.0000,,0,0.0000
prebreak,002039,2026-04-20,S,S,A,C,S,S,A,20.5817,20.7500,19.9100,0.8400,,0,0.0000,0.0000,,0,0.0000,0,0.0000,0.0000,,0,0.0000,0,0.0000,0.0000,,0,0.0000
prebreak,002078,2026-04-20,S,S,A,C,S,S,A,13.8758,15.3000,14.6300,0.6700,,0,0.0000,0.0000,,0,0.0000,0,0.0000,0.0000,,0,0.0000,0,0.0000,0.0000,,0,0.0000
prebreak,002302,2026-04-20,S,S,A,C,S,S,A,5.6300,5.7300,5.5300,0.2000,,0,0.0000,0.0000,,0,0.0000,0,0.0000,0.0000,,0,0.0000,1,5.7300,5.5300,2026-05-14,1,-1.0211
prebreak,002714,2026-04-20,S,S,A,C,S,S,A,44.8201,46.2500,44.6100,1.6400,,0,0.0000,0.0000,,0,0.0000,0,0.0000,0.0000,,0,0.0000,0,0.0000,0.0000,,0,0.0000
prebreak,002823,2026-04-20,S,S,A,C,S,S,A,15.6971,16.0400,15.3500,0.6900,,0,0.0000,0.0000,,0,0.0000,1,16.0400,16.6234,2026-05-07,0,0.8273,1,16.0400,16.0800,2026-05-21,0,0.0403
prebreak,300052,2026-04-20,S,S,A,C,S,S,A,13.5600,12.8500,12.3000,0.5500,,1,12.8500,12.3000,2026-04-24,1,-1.0171,1,12.8500,12.3000,2026-04-24,1,-1.0171,1,12.8500,12.3000,2026-04-24,1,-1.0171
prebreak,300193,2026-04-20,S,S,A,C,S,S,A,8.4075,8.4600,8.1500,0.3100,,1,8.4600,8.4749,2026-04-27,0,0.0274,1,8.4600,8.5232,2026-05-07,0,0.1829,1,8.4600,8.1500,2026-05-20,1,-1.0201
prebreak,300194,2026-04-20,S,S,A,C,S,S,A,4.1256,4.2800,4.0800,0.2000,,0,0.0000,0.0000,,0,0.0000,0,0.0000,0.0000,,0,0.0000,0,0.0000,0.0000,,0,0.0000
prebreak,300261,2026-04-20,S,S,A,C,S,S,A,6.2100,6.3100,6.0400,0.2700,,0,0.0000,0.0000,,0,0.0000,0,0.0000,0.0000,,0,0.0000,0,0.0000,0.0000,,0,0.0000
prebreak,300705,2026-04-20,S,S,A,C,S,S,A,13.3925,13.9000,13.2900,0.6100,,0,0.0000,0.0000,,0,0.0000,0,0.0000,0.0000,,0,0.0000,0,0.0000,0.0000,,0,0.0000
prebreak,301301,2026-04-20,S,S,A,C,S,S,A,10.0583,10.5200,10.0200,0.5000,,0,0.0000,0.0000,,0,0.0000,0,0.0000,0.0000,,0,0.0000,0,0.0000,0.0000,,0,0.0000
prebreak,600051,2026-04-20,S,S,A,C,S,S,A,7.4971,7.7500,7.5000,0.2500,,0,0.0000,0.0000,,0,0.0000,0,0.0000,0.0000,,0,0.0000,0,0.0000,0.0000,,0,0.0000
prebreak,600153,2026-04-20,S,S,A,C,S,S,A,8.2591,8.5800,8.1300,0.4500,2026-04-22（报告期 2025-12-31 00:00:00）,0,0.0000,0.0000,,0,0.0000,1,8.5800,9.4322,2026-05-07,0,1.8782,1,8.5800,9.0349,2026-05-21,0,0.9958
prebreak,600195,2026-04-20,S,S,A,C,S,S,A,7.8760,8.0600,7.7000,0.3600,,0,0.0000,0.0000,,0,0.0000,0,0.0000,0.0000,,0,0.0000,0,0.0000,0.0000,,0,0.0000
prebreak,600285,2026-04-20,S,S,A,C,S,S,A,20.1020,20.6500,19.9100,0.7400,2026-04-28（报告期 2025-12-31 00:00:00）,0,0.0000,0.0000,,0,0.0000,1,20.6500,21.0805,2026-05-07,0,0.5602,1,20.6500,20.4725,2026-05-21,0,-0.2609
prebreak,600300,2026-04-20,S,S,A,C,S,S,A,3.4411,3.4400,3.2700,0.1700,,0,0.0000,0.0000,,0,0.0000,0,0.0000,0.0000,,0,0.0000,0,0.0000,0.0000,,0,0.0000
prebreak,600495,2026-04-20,S,S,A,C,S,S,A,4.4774,4.5200,4.2900,0.2300,,0,0.0000,0.0000,,0,0.0000,0,0.0000,0.0000,,0,0.0000,0,0.0000,0.0000,,0,0.0000
prebreak,600692,2026-04-20,S,S,A,C,S,S,A,7.5000,7.6300,7.2400,0.3900,,0,0.0000,0.0000,,0,0.0000,0,0.0000,0.0000,,0,0.0000,0,0.0000,0.0000,,0,0.0000
prebreak,600698,2026-04-20,S,S,A,C,S,S,A,7.3500,7.7000,7.3000,0.4000,2026-04-25（报告期 2025-12-31 00:00:00）,0,0.0000,0.0000,,0,0.0000,0,0.0000,0.0000,,0,0.0000,1,7.7000,7.3000,2026-05-20,1,-1.0140
prebreak,600733,2026-04-20,S,S,A,C,S,S,A,7.3100,7.3700,7.1100,0.2600,2026-04-24（报告期 2025-12-31 00:00:00）,1,7.3700,7.4100,2026-04-27,0,0.1322,1,7.3700,7.1100,2026-04-30,1,-1.0209,1,7.3700,7.1100,2026-04-30,1,-1.0209
prebreak,601009,2026-04-20,S,S,A,C,S,S,A,11.0772,11.1000,10.6500,0.4500,,0,0.0000,0.0000,,0,0.0000,0,0.0000,0.0000,,0,0.0000,0,0.0000,0.0000,,0,0.0000
prebreak,601107,2026-04-20,S,S,A,C,S,S,A,5.7855,5.5000,5.2200,0.2800,,0,0.0000,0.0000,,0,0.0000,0,0.0000,0.0000,,0,0.0000,0,0.0000,0.0000,,0,0.0000
prebreak,601222,2026-04-20,S,S,A,C,S,S,A,6.2400,6.0300,5.7600,0.2700,,0,0.0000,0.0000,,0,0.0000,0,0.0000,0.0000,,0,0.0000,0,0.0000,0.0000,,0,0.0000
prebreak,601798,2026-04-20,S,S,A,C,S,S,A,9.2300,9.4500,8.9900,0.4600,,0,0.0000,0.0000,,0,0.0000,0,0.0000,0.0000,,0,0.0000,0,0.0000,0.0000,,0,0.0000
prebreak,601991,2026-04-20,S,S,A,C,S,S,A,3.9600,3.9700,3.8200,0.1500,,0,0.0000,0.0000,,0,0.0000,0,0.0000,0.0000,,0,0.0000,0,0.0000,0.0000,,0,0.0000
prebreak,603529,2026-04-20,S,S,A,C,S,S,A,28.3205,29.0900,27.8000,1.2900,,0,0.0000,0.0000,,0,0.0000,0,0.0000,0.0000,,0,0.0000,0,0.0000,0.0000,,0,0.0000
prebreak,603565,2026-04-20,S,S,A,C,S,S,A,11.5113,11.4200,10.9000,0.5200,,0,0.0000,0.0000,,0,0.0000,0,0.0000,0.0000,,0,0.0000,0,0.0000,0.0000,,0,0.0000
prebreak,603928,2026-04-20,S,S,A,C,S,S,A,11.8216,11.5800,11.1300,0.4500,,0,0.0000,0.0000,,0,0.0000,0,0.0000,0.0000,,0,0.0000,0,0.0000,0.0000,,0,0.0000
prebreak,603995,2026-04-20,S,S,A,C,S,S,A,17.8451,17.4100,16.6200,0.7900,,0,0.0000,0.0000,,0,0.0000,0,0.0000,0.0000,,0,0.0000,0,0.0000,0.0000,,0,0.0000
prebreak,605005,2026-04-20,S,S,A,C,S,S,A,21.0937,21.2500,20.2200,1.0300,,0,0.0000,0.0000,,0,0.0000,0,0.0000,0.0000,,0,0.0000,0,0.0000,0.0000,,0,0.0000
prebreak,605066,2026-04-20,S,S,A,C,S,S,A,7.8112,8.2400,7.8700,0.3700,,0,0.0000,0.0000,,0,0.0000,0,0.0000,0.0000,,0,0.0000,0,0.0000,0.0000,,0,0.0000
prebreak,688575,2026-04-20,S,S,A,C,S,S,A,14.4679,15.0200,14.2900,0.7300,,0,0.0000,0.0000,,0,0.0000,0,0.0000,0.0000,,0,0.0000,0,0.0000,0.0000,,0,0.0000
prebreak,000099,2026-04-21,S,S,A,C,S,S,A,18.1144,17.4000,16.7000,0.7000,,0,0.0000,0.0000,,0,0.0000,0,0.0000,0.0000,,0,0.0000,0,0.0000,0.0000,,0,0.0000
prebreak,000705,2026-04-21,S,S,A,C,S,S,A,8.6200,9.0900,8.6900,0.4000,,0,0.0000,0.0000,,0,0.0000,0,0.0000,0.0000,,0,0.0000,0,0.0000,0.0000,,0,0.0000
prebreak,002033,2026-04-21,S,S,A,C,S,S,A,10.2752,9.0500,8.6000,0.4500,,1,9.0500,9.0641,2026-04-28,0,0.0160,1,9.0500,8.8622,2026-05-08,0,-0.4323,1,9.0500,8.6000,2026-05-18,1,-1.0147
prebreak,002233,2026-04-21,S,S,A,C,S,S,A,8.7186,8.8900,8.5600,0.3300,,1,8.8900,9.3074,2026-04-28,0,1.2437,1,8.8900,8.5600,2026-04-30,1,-1.0198,1,8.8900,8.5600,2026-04-30,1,-1.0198
prebreak,002583,2026-04-21,S,S,A,C,S,S,A,10.6700,11.0000,10.6300,0.3700,,0,0.0000,0.0000,,0,0.0000,0,0.0000,0.0000,,0,0.0000,0,0.0000,0.0000,,0,0.0000
prebreak,002817,2026-04-21,S,S,A,C,S,S,A,7.6945,8.0700,7.7400,0.3300,,0,0.0000,0.0000,,0,0.0000,0,0.0000,0.0000,,0,0.0000,0,0.0000,0.0000,,0,0.0000
prebreak,300070,2026-04-21,S,S,A,C,S,S,A,4.0650,4.1900,4.0000,0.1900,,0,0.0000,0.0000,,0,0.0000,0,0.0000,0.0000,,0,0.0000,0,0.0000,0.0000,,0,0.0000
prebreak,300928,2026-04-21,S,S,A,C,S,S,A,30.0300,29.7200,28.5700,1.1500,,0,0.0000,0.0000,,0,0.0000,0,0.0000,0.0000,,0,0.0000,0,0.0000,0.0000,,0,0.0000
prebreak,301048,2026-04-21,S,S,A,C,S,S,A,10.7965,10.9800,10.5100,0.4700,,0,0.0000,0.0000,,0,0.0000,0,0.0000,0.0000,,0,0.0000,0,0.0000,0.0000,,0,0.0000
prebreak,600098,2026-04-21,S,S,A,C,S,S,A,6.8047,6.9700,6.6200,0.3500,,0,0.0000,0.0000,,0,0.0000,0,0.0000,0.0000,,0,0.0000,0,0.0000,0.0000,,0,0.0000
prebreak,600380,2026-04-21,S,S,A,C,S,S,A,10.7054,11.1700,10.6600,0.5100,,0,0.0000,0.0000,,0,0.0000,0,0.0000,0.0000,,0,0.0000,0,0.0000,0.0000,,0,0.0000
prebreak,600449,2026-04-21,S,S,A,C,S,S,A,12.5227,12.9900,12.3800,0.6100,,0,0.0000,0.0000,,0,0.0000,1,12.9900,13.2343,2026-05-08,0,0.3841,1,12.9900,14.6872,2026-05-22,0,2.7644
prebreak,600674,2026-04-21,S,S,A,C,S,S,A,14.7044,14.3800,13.7800,0.6000,,0,0.0000,0.0000,,0,0.0000,0,0.0000,0.0000,,0,0.0000,0,0.0000,0.0000,,0,0.0000
prebreak,600998,2026-04-21,S,S,A,C,S,S,A,5.1635,5.2200,4.9900,0.2300,,0,0.0000,0.0000,,0,0.0000,0,0.0000,0.0000,,0,0.0000,0,0.0000,0.0000,,0,0.0000
prebreak,601187,2026-04-21,S,S,A,C,S,S,A,7.6828,7.7000,7.3800,0.3200,,0,0.0000,0.0000,,0,0.0000,0,0.0000,0.0000,,0,0.0000,0,0.0000,0.0000,,0,0.0000
prebreak,601998,2026-04-21,S,S,A,C,S,S,A,8.2271,8.2800,7.9200,0.3600,,0,0.0000,0.0000,,0,0.0000,0,0.0000,0.0000,,0,0.0000,0,0.0000,0.0000,,0,0.0000
prebreak,603136,2026-04-21,S,S,A,C,S,S,A,10.6617,11.3600,10.7900,0.5700,,1,11.3600,10.7900,2026-04-28,1,-1.0145,1,11.3600,10.7900,2026-04-28,1,-1.0145,1,11.3600,10.7900,2026-04-28,1,-1.0145
prebreak,603299,2026-04-21,S,S,A,C,S,S,A,11.0144,11.1000,10.5900,0.5100,,0,0.0000,0.0000,,0,0.0000,0,0.0000,0.0000,,0,0.0000,0,0.0000,0.0000,,0,0.0000
prebreak,603700,2026-04-21,S,S,A,C,S,S,A,12.7340,13.3800,12.8800,0.5000,,0,0.0000,0.0000,,0,0.0000,0,0.0000,0.0000,,0,0.0000,0,0.0000,0.0000,,0,0.0000
prebreak,603707,2026-04-21,S,S,A,C,S,S,A,9.2907,9.8200,9.3300,0.4900,,0,0.0000,0.0000,,0,0.0000,0,0.0000,0.0000,,0,0.0000,0,0.0000,0.0000,,0,0.0000
prebreak,000402,2026-04-22,S,S,A,C,S,S,A,2.7500,2.5800,2.4500,0.1300,,0,0.0000,0.0000,,0,0.0000,0,0.0000,0.0000,,0,0.0000,0,0.0000,0.0000,,0,0.0000
prebreak,000550,2026-04-22,S,S,A,C,S,S,A,18.6286,18.4300,17.5100,0.9200,,0,0.0000,0.0000,,0,0.0000,0,0.0000,0.0000,,0,0.0000,0,0.0000,0.0000,,0,0.0000
prebreak,002236,2026-04-22,S,S,A,C,S,S,A,18.2592,16.8500,16.1700,0.6800,,0,0.0000,0.0000,,0,0.0000,0,0.0000,0.0000,,0,0.0000,0,0.0000,0.0000,,0,0.0000
prebreak,002559,2026-04-22,S,S,A,C,S,S,A,10.8065,10.9100,10.5100,0.4000,,0,0.0000,0.0000,,0,0.0000,1,10.9100,10.9853,2026-05-11,0,0.1673,1,10.9100,10.9100,2026-05-25,0,-0.0207
prebreak,002687,2026-04-22,S,S,A,C,S,S,A,4.7530,4.8600,4.6200,0.2400,,0,0.0000,0.0000,,0,0.0000,0,0.0000,0.0000,,0,0.0000,0,0.0000,0.0000,,0,0.0000
prebreak,002726,2026-04-22,S,S,A,C,S,S,A,3.4200,3.4600,3.2900,0.1700,,0,0.0000,0.0000,,0,0.0000,0,0.0000,0.0000,,0,0.0000,0,0.0000,0.0000,,0,0.0000
prebreak,300119,2026-04-22,S,S,A,C,S,S,A,17.9854,18.6300,17.8300,0.8000,,0,0.0000,0.0000,,0,0.0000,0,0.0000,0.0000,,0,0.0000,0,0.0000,0.0000,,0,0.0000
prebreak,300411,2026-04-22,S,S,A,C,S,S,A,10.7600,11.0900,10.5700,0.5200,,0,0.0000,0.0000,,0,0.0000,0,0.0000,0.0000,,0,0.0000,0,0.0000,0.0000,,0,0.0000
prebreak,301587,2026-04-22,S,S,A,C,S,S,A,28.4400,28.1100,26.7700,1.3400,,0,0.0000,0.0000,,0,0.0000,0,0.0000,0.0000,,0,0.0000,0,0.0000,0.0000,,0,0.0000
prebreak,600106,2026-04-22,S,S,A,C,S,S,A,6.2138,6.2700,5.9700,0.3000,2026-04-23（报告期 2025-12-31 00:00:00）,0,0.0000,0.0000,,0,0.0000,1,6.2700,5.9700,2026-05-11,1,-1.0153,1,6.2700,5.9700,2026-05-11,1,-1.0153
prebreak,600303,2026-04-22,S,S,A,C,S,S,A,3.1200,3.1400,2.9800,0.1600,,0,0.0000,0.0000,,0,0.0000,0,0.0000,0.0000,,0,0.0000,0,0.0000,0.0000,,0,0.0000
prebreak,600358,2026-04-22,S,S,A,C,S,S,A,6.1200,6.5500,6.2200,0.3300,,0,0.0000,0.0000,,0,0.0000,1,6.5500,6.4800,2026-05-11,0,-0.2271,1,6.5500,6.2200,2026-05-21,1,-1.0145
prebreak,600512,2026-04-22,S,S,A,C,S,S,A,2.4572,2.5600,2.4400,0.1200,,0,0.0000,0.0000,,0,0.0000,0,0.0000,0.0000,,0,0.0000,0,0.0000,0.0000,,0,0.0000
prebreak,600864,2026-04-22,S,S,A,C,S,S,A,7.3791,7.3000,6.9900,0.3100,,0,0.0000,0.0000,,0,0.0000,0,0.0000,0.0000,,0,0.0000,0,0.0000,0.0000,,0,0.0000
prebreak,600976,2026-04-22,S,S,A,C,S,S,A,31.9781,33.8000,32.0900,1.7100,,0,0.0000,0.0000,,0,0.0000,0,0.0000,0.0000,,0,0.0000,0,0.0000,0.0000,,0,0.0000
prebreak,601156,2026-04-22,S,S,A,C,S,S,A,16.5235,16.7700,16.1700,0.6000,,0,0.0000,0.0000,,0,0.0000,0,0.0000,0.0000,,0,0.0000,0,0.0000,0.0000,,0,0.0000
prebreak,603062,2026-04-22,S,S,A,C,S,S,A,48.5059,50.2200,48.0200,2.2000,,1,50.2200,53.2633,2026-04-29,0,1.3651,1,50.2200,54.7347,2026-05-11,0,2.0335,1,50.2200,48.0200,2026-05-21,1,-1.0167
prebreak,603218,2026-04-22,S,S,A,C,S,S,A,14.1655,13.9600,13.2300,0.7300,,0,0.0000,0.0000,,0,0.0000,0,0.0000,0.0000,,0,0.0000,0,0.0000,0.0000,,0,0.0000
prebreak,000913,2026-04-24,S,S,A,C,S,S,A,13.0121,14.3000,13.6700,0.6300,,0,0.0000,0.0000,,0,0.0000,0,0.0000,0.0000,,0,0.0000,0,0.0000,0.0000,,0,0.0000
prebreak,000919,2026-04-24,S,S,A,C,S,S,A,7.2415,7.3600,7.0000,0.3600,,0,0.0000,0.0000,,0,0.0000,0,0.0000,0.0000,,0,0.0000,0,0.0000,0.0000,,0,0.0000
prebreak,002349,2026-04-24,S,S,A,C,S,S,A,7.1769,7.3800,7.0600,0.3200,,0,0.0000,0.0000,,0,0.0000,0,0.0000,0.0000,,0,0.0000,0,0.0000,0.0000,,0,0.0000
prebreak,002449,2026-04-24,S,S,A,C,S,S,A,7.9000,8.3500,8.0300,0.3200,,0,0.0000,0.0000,,0,0.0000,0,0.0000,0.0000,,0,0.0000,1,8.3500,8.0300,2026-05-15,1,-1.0192
prebreak,002511,2026-04-24,S,S,A,C,S,S,A,8.6847,8.9400,8.5100,0.4300,,1,8.9400,8.5100,2026-04-30,1,-1.0152,1,8.9400,8.5100,2026-04-30,1,-1.0152,1,8.9400,8.5100,2026-04-30,1,-1.0152
prebreak,002626,2026-04-24,S,S,A,C,S,S,A,15.6072,18.0000,17.1800,0.8200,,0,0.0000,0.0000,,0,0.0000,0,0.0000,0.0000,,0,0.0000,0,0.0000,0.0000,,0,0.0000
prebreak,300181,2026-04-24,S,S,A,C,S,S,A,16.1817,15.6800,15.0400,0.6400,,0,0.0000,0.0000,,0,0.0000,0,0.0000,0.0000,,0,0.0000,0,0.0000,0.0000,,0,0.0000
prebreak,300453,2026-04-24,S,S,A,C,S,S,A,9.8375,9.8600,9.4400,0.4200,2026-04-27（报告期 2025-12-31 00:00:00）,1,9.8600,10.0235,2026-05-06,0,0.3712,1,9.8600,10.0431,2026-05-13,0,0.4178,1,9.8600,9.4400,2026-05-18,1,-1.0172
prebreak,300470,2026-04-24,S,S,A,C,S,S,A,33.2111,36.1800,34.4700,1.7100,,0,0.0000,0.0000,,0,0.0000,0,0.0000,0.0000,,0,0.0000,0,0.0000,0.0000,,0,0.0000
prebreak,300888,2026-04-24,S,S,A,C,S,S,A,30.8361,33.1500,31.9100,1.2400,,0,0.0000,0.0000,,0,0.0000,0,0.0000,0.0000,,0,0.0000,0,0.0000,0.0000,,0,0.0000
prebreak,301047,2026-04-24,S,S,A,C,S,S,A,71.3393,74.3000,70.7300,3.5700,,0,0.0000,0.0000,,0,0.0000,0,0.0000,0.0000,,0,0.0000,0,0.0000,0.0000,,0,0.0000
prebreak,600056,2026-04-24,S,S,A,C,S,S,A,10.3415,10.8200,10.3000,0.5200,,0,0.0000,0.0000,,0,0.0000,0,0.0000,0.0000,,0,0.0000,0,0.0000,0.0000,,0,0.0000
prebreak,600258,2026-04-24,S,S,A,C,S,S,A,14.5817,14.9000,14.2000,0.7000,,1,14.9000,14.4370,2026-05-06,0,-0.6771,1,14.9000,14.2000,2026-05-11,1,-1.0155,1,14.9000,14.2000,2026-05-11,1,-1.0155
prebreak,600609,2026-04-24,S,S,A,C,S,S,A,3.9148,4.0700,3.9000,0.1700,,1,4.0700,4.1434,2026-05-06,0,0.4131,1,4.0700,4.1036,2026-05-13,0,0.1794,1,4.0700,3.9000,2026-05-18,1,-1.0176
prebreak,600731,2026-04-24,S,S,A,C,S,S,A,6.9600,6.9500,6.6100,0.3400,,0,0.0000,0.0000,,0,0.0000,0,0.0000,0.0000,,0,0.0000,0,0.0000,0.0000,,0,0.0000
prebreak,600817,2026-04-24,S,S,A,C,S,S,A,12.0580,12.2900,11.7600,0.5300,,0,0.0000,0.0000,,0,0.0000,0,0.0000,0.0000,,0,0.0000,0,0.0000,0.0000,,0,0.0000
prebreak,600845,2026-04-24,S,S,A,C,S,S,A,22.8364,22.9800,21.8500,1.1300,,0,0.0000,0.0000,,0,0.0000,0,0.0000,0.0000,,0,0.0000,0,0.0000,0.0000,,0,0.0000
prebreak,600886,2026-04-24,S,S,A,C,S,S,A,12.9107,13.3000,12.7600,0.5400,2026-04-30（报告期 2025-12-31 00:00:00）,1,13.3000,13.1907,2026-05-06,0,-0.2210,1,13.3000,13.1038,2026-05-13,0,-0.3818,1,13.3000,12.7600,2026-05-15,1,-1.0181
prebreak,603519,2026-04-24,S,S,A,C,S,S,A,13.1657,13.4800,12.9200,0.5600,,1,13.4800,13.6519,2026-05-06,0,0.2886,1,13.4800,13.5397,2026-05-13,0,0.0883,1,13.4800,12.9200,2026-05-14,1,-1.0177
prebreak,603939,2026-04-24,S,S,A,C,S,S,A,23.5892,24.2900,23.1600,1.1300,,0,0.0000,0.0000,,0,0.0000,0,0.0000,0.0000,,0,0.0000,0,0.0000,0.0000,,0,0.0000
prebreak,603967,2026-04-24,S,S,A,C,S,S,A,14.0669,12.8400,12.3600,0.4800,,1,12.8400,13.5990,2026-05-06,0,1.5599,1,12.8400,13.7200,2026-05-13,0,1.8118,1,12.8400,12.3600,2026-05-26,1,-1.0197
prebreak,605296,2026-04-24,S,S,A,C,S,S,A,29.3700,31.0600,29.4600,1.6000,,0,0.0000,0.0000,,0,0.0000,0,0.0000,0.0000,,0,0.0000,0,0.0000,0.0000,,0,0.0000
prebreak,688285,2026-04-24,S,S,A,C,S,S,A,9.1400,8.7600,8.3900,0.3700,,0,0.0000,0.0000,,0,0.0000,0,0.0000,0.0000,,0,0.0000,0,0.0000,0.0000,,0,0.0000
prebreak,688571,2026-04-24,S,S,A,C,S,S,A,7.9769,7.8200,7.4100,0.4100,,0,0.0000,0.0000,,0,0.0000,0,0.0000,0.0000,,0,0.0000,0,0.0000,0.0000,,0,0.0000
prebreak,002039,2026-04-27,S,S,A,C,S,S,A,20.1006,20.7500,19.9100,0.8400,,0,0.0000,0.0000,,0,0.0000,0,0.0000,0.0000,,0,0.0000,0,0.0000,0.0000,,0,0.0000
prebreak,002078,2026-04-27,S,S,A,C,S,S,A,14.1809,14.5500,13.8000,0.7500,,1,14.5500,14.4466,2026-05-07,0,-0.1525,1,14.5500,13.8000,2026-05-13,1,-1.0141,1,14.5500,13.8000,2026-05-13,1,-1.0141
prebreak,002714,2026-04-27,S,S,A,C,S,S,A,41.7938,46.2500,43.8600,2.3900,,0,0.0000,0.0000,,0,0.0000,0,0.0000,0.0000,,0,0.0000,0,0.0000,0.0000,,0,0.0000
prebreak,002719,2026-04-27,S,S,A,C,S,S,A,8.4700,8.6200,8.1900,0.4300,,0,0.0000,0.0000,,0,0.0000,0,0.0000,0.0000,,0,0.0000,0,0.0000,0.0000,,0,0.0000
prebreak,300261,2026-04-27,S,S,A,C,S,S,A,5.9600,6.2700,5.9900,0.2800,,0,0.0000,0.0000,,0,0.0000,0,0.0000,0.0000,,0,0.0000,0,0.0000,0.0000,,0,0.0000
prebreak,300422,2026-04-27,S,S,A,C,S,S,A,5.5200,4.7000,4.5100,0.1900,,1,4.7000,5.8500,2026-05-07,0,6.0300,1,4.7000,5.8200,2026-05-14,0,5.8722,1,4.7000,5.4400,2026-05-28,0,3.8735
prebreak,301020,2026-04-27,S,S,A,C,S,S,A,22.8549,23.1500,21.9200,1.2300,,0,0.0000,0.0000,,0,0.0000,0,0.0000,0.0000,,0,0.0000,0,0.0000,0.0000,,0,0.0000
prebreak,600051,2026-04-27,S,S,A,C,S,S,A,7.4179,7.5400,7.1900,0.3500,,0,0.0000,0.0000,,0,0.0000,0,0.0000,0.0000,,0,0.0000,0,0.0000,0.0000,,0,0.0000
prebreak,600153,2026-04-27,S,S,A,C,S,S,A,8.5146,8.5600,8.2000,0.3600,,1,8.5600,9.4322,2026-05-07,0,2.4033,1,8.5600,9.6309,2026-05-14,0,2.9548,1,8.5600,8.8078,2026-05-28,0,0.6699
prebreak,600195,2026-04-27,S,S,A,C,S,S,A,7.5189,7.9400,7.5600,0.3800,,0,0.0000,0.0000,,0,0.0000,0,0.0000,0.0000,,0,0.0000,0,0.0000,0.0000,,0,0.0000
prebreak,600692,2026-04-27,S,S,A,C,S,S,A,7.4200,7.5600,7.1900,0.3700,,0,0.0000,0.0000,,0,0.0000,0,0.0000,0.0000,,0,0.0000,0,0.0000,0.0000,,0,0.0000
prebreak,600733,2026-04-27,S,S,A,C,S,S,A,7.4100,7.3700,7.0200,0.3500,,1,7.3700,7.1200,2026-05-07,0,-0.7298,1,7.3700,7.0200,2026-05-12,1,-1.0154,1,7.3700,7.0200,2026-05-12,1,-1.0154
prebreak,601009,2026-04-27,S,S,A,C,S,S,A,11.4304,11.3800,10.8300,0.5500,,0,0.0000,0.0000,,0,0.0000,0,0.0000,0.0000,,0,0.0000,0,0.0000,0.0000,,0,0.0000
prebreak,601222,2026-04-27,S,S,A,C,S,S,A,6.0500,6.3300,6.0300,0.3000,,0,0.0000,0.0000,,0,0.0000,0,0.0000,0.0000,,0,0.0000,0,0.0000,0.0000,,0,0.0000
prebreak,601798,2026-04-27,S,S,A,C,S,S,A,8.7500,9.3100,8.9300,0.3800,,0,0.0000,0.0000,,0,0.0000,0,0.0000,0.0000,,0,0.0000,0,0.0000,0.0000,,0,0.0000
prebreak,603187,2026-04-27,S,S,A,C,S,S,A,14.3799,15.0200,14.2700,0.7500,,0,0.0000,0.0000,,0,0.0000,0,0.0000,0.0000,,0,0.0000,0,0.0000,0.0000,,0,0.0000
prebreak,603565,2026-04-27,S,S,A,C,S,S,A,10.2702,11.4200,10.9000,0.5200,,0,0.0000,0.0000,,0,0.0000,0,0.0000,0.0000,,0,0.0000,0,0.0000,0.0000,,0,0.0000
prebreak,605005,2026-04-27,S,S,A,C,S,S,A,19.9086,21.2500,20.2200,1.0300,,0,0.0000,0.0000,,0,0.0000,0,0.0000,0.0000,,0,0.0000,0,0.0000,0.0000,,0,0.0000
prebreak,000099,2026-04-28,S,S,A,C,S,S,A,17.5775,18.0900,17.4400,0.6500,,0,0.0000,0.0000,,0,0.0000,0,0.0000,0.0000,,0,0.0000,0,0.0000,0.0000,,0,0.0000
prebreak,002033,2026-04-28,S,S,A,C,S,S,A,9.0641,9.0500,8.6000,0.4500,,0,0.0000,0.0000,,0,0.0000,0,0.0000,0.0000,,0,0.0000,0,0.0000,0.0000,,0,0.0000
prebreak,002233,2026-04-28,S,S,A,C,S,S,A,9.3074,8.8600,8.5600,0.3000,,1,8.8600,8.5600,2026-04-30,1,-1.0218,1,8.8600,8.5600,2026-04-30,1,-1.0218,1,8.8600,8.5600,2026-04-30,1,-1.0218
prebreak,002454,2026-04-28,S,S,A,C,S,S,A,7.2937,7.4900,7.1400,0.3500,,0,0.0000,0.0000,,0,0.0000,0,0.0000,0.0000,,0,0.0000,0,0.0000,0.0000,,0,0.0000
prebreak,002583,2026-04-28,S,S,A,C,S,S,A,10.2100,10.9700,10.5600,0.4100,,0,0.0000,0.0000,,0,0.0000,0,0.0000,0.0000,,0,0.0000,0,0.0000,0.0000,,0,0.0000
prebreak,002817,2026-04-28,S,S,A,C,S,S,A,7.9526,8.0700,7.7400,0.3300,,0,0.0000,0.0000,,0,0.0000,0,0.0000,0.0000,,0,0.0000,0,0.0000,0.0000,,0,0.0000
prebreak,300106,2026-04-28,S,S,A,C,S,S,A,10.8700,9.9300,9.4500,0.4800,,0,0.0000,0.0000,,0,0.0000,0,0.0000,0.0000,,0,0.0000,0,0.0000,0.0000,,0,0.0000
prebreak,300240,2026-04-28,S,S,A,C,S,S,A,6.7657,7.1200,6.8700,0.2500,,0,0.0000,0.0000,,0,0.0000,0,0.0000,0.0000,,0,0.0000,0,0.0000,0.0000,,0,0.0000
prebreak,300417,2026-04-28,S,S,A,C,S,S,A,13.4091,12.8400,12.2300,0.6100,,0,0.0000,0.0000,,0,0.0000,0,0.0000,0.0000,,0,0.0000,0,0.0000,0.0000,,0,0.0000
prebreak,300519,2026-04-28,S,S,A,C,S,S,A,15.7314,15.2000,14.4900,0.7100,,0,0.0000,0.0000,,0,0.0000,0,0.0000,0.0000,,0,0.0000,0,0.0000,0.0000,,0,0.0000
prebreak,300800,2026-04-28,S,S,A,C,S,S,A,12.2760,12.0200,11.5200,0.5000,,0,0.0000,0.0000,,0,0.0000,0,0.0000,0.0000,,0,0.0000,0,0.0000,0.0000,,0,0.0000
prebreak,301035,2026-04-28,S,S,A,C,S,S,A,65.5161,59.9100,56.8800,3.0300,,0,0.0000,0.0000,,0,0.0000,0,0.0000,0.0000,,0,0.0000,0,0.0000,0.0000,,0,0.0000
prebreak,301048,2026-04-28,S,S,A,C,S,S,A,10.2137,10.9800,10.4900,0.4900,,0,0.0000,0.0000,,0,0.0000,0,0.0000,0.0000,,0,0.0000,0,0.0000,0.0000,,0,0.0000
prebreak,301098,2026-04-28,S,S,A,C,S,S,A,9.1500,8.8500,8.4900,0.3600,,0,0.0000,0.0000,,0,0.0000,0,0.0000,0.0000,,0,0.0000,0,0.0000,0.0000,,0,0.0000
prebreak,600323,2026-04-28,S,S,A,C,S,S,A,30.4987,28.7500,27.5100,1.2400,,1,28.7500,30.5960,2026-05-08,0,1.4702,1,28.7500,29.6518,2026-05-15,0,0.7092,1,28.7500,29.8367,2026-05-29,0,0.8582
prebreak,600449,2026-04-28,S,S,A,C,S,S,A,12.6907,12.8300,12.3000,0.5300,,1,12.8300,13.2343,2026-05-08,0,0.7440,1,12.8300,14.6477,2026-05-15,0,3.4090,1,12.8300,14.2721,2026-05-29,0,2.7008
prebreak,600639,2026-04-28,S,S,A,C,S,S,A,10.5939,11.0900,10.5800,0.5100,,0,0.0000,0.0000,,0,0.0000,0,0.0000,0.0000,,0,0.0000,0,0.0000,0.0000,,0,0.0000
prebreak,600674,2026-04-28,S,S,A,C,S,S,A,14.8885,14.9400,14.3200,0.6200,,0,0.0000,0.0000,,0,0.0000,0,0.0000,0.0000,,0,0.0000,0,0.0000,0.0000,,0,0.0000
prebreak,603136,2026-04-28,S,S,A,C,S,S,A,10.5540,11.3600,10.7900,0.5700,,0,0.0000,0.0000,,0,0.0000,0,0.0000,0.0000,,0,0.0000,0,0.0000,0.0000,,0,0.0000
prebreak,603183,2026-04-28,S,S,A,C,S,S,A,4.7942,4.7300,4.5100,0.2200,,0,0.0000,0.0000,,0,0.0000,0,0.0000,0.0000,,0,0.0000,0,0.0000,0.0000,,0,0.0000
prebreak,605122,2026-04-28,S,S,A,C,S,S,A,13.8400,13.1700,12.5700,0.6000,,0,0.0000,0.0000,,0,0.0000,0,0.0000,0.0000,,0,0.0000,0,0.0000,0.0000,,0,0.0000
prebreak,000049,2026-04-29,S,S,A,C,S,S,A,29.4706,27.8200,26.7500,1.0700,,0,0.0000,0.0000,,0,0.0000,0,0.0000,0.0000,,0,0.0000,0,0.0000,0.0000,,0,0.0000
prebreak,000550,2026-04-29,S,S,A,C,S,S,A,18.4741,18.8900,18.0500,0.8400,,0,0.0000,0.0000,,0,0.0000,0,0.0000,0.0000,,0,0.0000,0,0.0000,0.0000,,0,0.0000
prebreak,000719,2026-04-29,S,S,A,C,S,S,A,12.8995,13.7800,13.1100,0.6700,,0,0.0000,0.0000,,0,0.0000,0,0.0000,0.0000,,0,0.0000,0,0.0000,0.0000,,0,0.0000
prebreak,002236,2026-04-29,S,S,A,C,S,S,A,17.9163,18.3500,17.4700,0.8800,,0,0.0000,0.0000,,0,0.0000,0,0.0000,0.0000,,0,0.0000,0,0.0000,0.0000,,0,0.0000
prebreak,002559,2026-04-29,S,S,A,C,S,S,A,10.4092,10.8600,10.3100,0.5500,,1,10.8600,10.9853,2026-05-11,0,0.2126,1,10.8600,11.1343,2026-05-18,0,0.4833,1,10.8600,10.3100,2026-05-26,1,-1.0144
prebreak,002616,2026-04-29,S,S,A,C,S,S,A,5.6974,5.7200,5.4900,0.2300,,0,0.0000,0.0000,,0,0.0000,0,0.0000,0.0000,,0,0.0000,0,0.0000,0.0000,,0,0.0000
prebreak,002687,2026-04-29,S,S,A,C,S,S,A,4.8902,4.8600,4.6200,0.2400,,0,0.0000,0.0000,,0,0.0000,0,0.0000,0.0000,,0,0.0000,0,0.0000,0.0000,,0,0.0000
prebreak,002763,2026-04-29,S,S,A,C,S,S,A,7.8570,7.5300,7.2800,0.2500,,1,7.5300,9.0516,2026-05-11,0,6.0598,1,7.5300,8.4100,2026-05-18,0,3.4949,1,7.5300,8.2900,2026-06-01,0,3.0152
prebreak,300025,2026-04-29,S,S,A,C,S,S,A,5.6700,5.4200,5.2000,0.2200,,0,0.0000,0.0000,,0,0.0000,0,0.0000,0.0000,,0,0.0000,0,0.0000,0.0000,,0,0.0000
prebreak,300119,2026-04-29,S,S,A,C,S,S,A,17.7312,18.3400,17.4600,0.8800,,0,0.0000,0.0000,,0,0.0000,0,0.0000,0.0000,,0,0.0000,0,0.0000,0.0000,,0,0.0000
prebreak,301233,2026-04-29,S,S,A,C,S,S,A,39.8648,39.5400,38.0500,1.4900,,0,0.0000,0.0000,,0,0.0000,0,0.0000,0.0000,,0,0.0000,0,0.0000,0.0000,,0,0.0000
prebreak,301318,2026-04-29,S,S,A,C,S,S,A,24.5490,27.0700,25.9400,1.1300,,0,0.0000,0.0000,,0,0.0000,0,0.0000,0.0000,,0,0.0000,0,0.0000,0.0000,,0,0.0000
prebreak,600106,2026-04-29,S,S,A,C,S,S,A,5.9752,6.2400,5.9600,0.2800,,1,6.2400,6.0249,2026-05-11,0,-0.7846,1,6.2400,5.9600,2026-05-12,1,-1.0163,1,6.2400,5.9600,2026-05-12,1,-1.0163
prebreak,600303,2026-04-29,S,S,A,C,S,S,A,3.2900,3.1400,2.9800,0.1600,,0,0.0000,0.0000,,0,0.0000,0,0.0000,0.0000,,0,0.0000,0,0.0000,0.0000,,0,0.0000
prebreak,600750,2026-04-29,S,S,A,C,S,S,A,23.1119,26.7500,25.4300,1.3200,,0,0.0000,0.0000,,0,0.0000,0,0.0000,0.0000,,0,0.0000,0,0.0000,0.0000,,0,0.0000
prebreak,600784,2026-04-29,S,S,A,C,S,S,A,7.5201,7.2200,6.8800,0.3400,,0,0.0000,0.0000,,0,0.0000,0,0.0000,0.0000,,0,0.0000,0,0.0000,0.0000,,0,0.0000
prebreak,600864,2026-04-29,S,S,A,C,S,S,A,6.1905,7.3000,6.9900,0.3100,,0,0.0000,0.0000,,0,0.0000,0,0.0000,0.0000,,0,0.0000,0,0.0000,0.0000,,0,0.0000
prebreak,603836,2026-04-29,S,S,A,C,S,S,A,9.8540,9.3800,8.9900,0.3900,,0,0.0000,0.0000,,0,0.0000,0,0.0000,0.0000,,0,0.0000,0,0.0000,0.0000,,0,0.0000
prebreak,000419,2026-04-30,S,S,A,C,S,S,A,5.8300,5.7500,5.4600,0.2900,,0,0.0000,0.0000,,0,0.0000,0,0.0000,0.0000,,0,0.0000,0,0.0000,0.0000,,0,0.0000
prebreak,000928,2026-04-30,S,S,A,C,S,S,A,6.2706,6.4300,6.2000,0.2300,,0,0.0000,0.0000,,0,0.0000,0,0.0000,0.0000,,0,0.0000,0,0.0000,0.0000,,0,0.0000
prebreak,002110,2026-04-30,S,S,A,C,S,S,A,3.4087,3.7900,3.6000,0.1900,,0,0.0000,0.0000,,0,0.0000,0,0.0000,0.0000,,0,0.0000,0,0.0000,0.0000,,0,0.0000
prebreak,002587,2026-04-30,S,S,A,C,S,S,A,6.9512,6.6000,6.3000,0.3000,,0,0.0000,0.0000,,0,0.0000,0,0.0000,0.0000,,0,0.0000,0,0.0000,0.0000,,0,0.0000
prebreak,003008,2026-04-30,S,S,A,C,S,S,A,22.9095,23.2200,22.1800,1.0400,,0,0.0000,0.0000,,0,0.0000,0,0.0000,0.0000,,0,0.0000,0,0.0000,0.0000,,0,0.0000
prebreak,300292,2026-04-30,S,S,A,C,S,S,A,5.1100,5.1800,4.9100,0.2700,,0,0.0000,0.0000,,0,0.0000,0,0.0000,0.0000,,0,0.0000,0,0.0000,0.0000,,0,0.0000
prebreak,300498,2026-04-30,S,S,A,C,S,S,A,16.1738,17.0400,16.1700,0.8700,,0,0.0000,0.0000,,0,0.0000,0,0.0000,0.0000,,0,0.0000,0,0.0000,0.0000,,0,0.0000
prebreak,300583,2026-04-30,S,S,A,C,S,S,A,15.1134,14.4300,13.7000,0.7300,,1,14.4300,15.4133,2026-05-12,0,1.3311,1,14.4300,14.8735,2026-05-19,0,0.5922,1,14.4300,13.7000,2026-05-26,1,-1.0144
prebreak,300886,2026-04-30,S,S,A,C,S,S,A,29.8793,29.9800,28.6000,1.3800,,0,0.0000,0.0000,,0,0.0000,0,0.0000,0.0000,,0,0.0000,0,0.0000,0.0000,,0,0.0000
prebreak,600037,2026-04-30,S,S,A,C,S,S,A,7.9306,7.6300,7.3300,0.3000,,1,7.6300,8.0299,2026-05-12,0,1.3128,1,7.6300,8.0398,2026-05-19,0,1.3459,1,7.6300,7.3300,2026-05-28,1,-1.0187
prebreak,600350,2026-04-30,S,S,A,C,S,S,A,10.3037,9.9000,9.4400,0.4600,,0,0.0000,0.0000,,0,0.0000,0,0.0000,0.0000,,0,0.0000,0,0.0000,0.0000,,0,0.0000
prebreak,601633,2026-04-30,S,S,A,C,S,S,A,19.4338,19.9700,19.2700,0.7000,,0,0.0000,0.0000,,0,0.0000,0,0.0000,0.0000,,0,0.0000,0,0.0000,0.0000,,0,0.0000
prebreak,601666,2026-04-30,S,S,A,C,S,S,A,8.5515,7.9400,7.5900,0.3500,,1,7.9400,7.9563,2026-05-12,0,0.0292,1,7.9400,7.5900,2026-05-14,1,-1.0166,1,7.9400,7.5900,2026-05-14,1,-1.0166
prebreak,603768,2026-04-30,S,S,A,C,S,S,A,11.8700,11.2200,10.7200,0.5000,,1,11.2200,12.0300,2026-05-12,0,1.6019,1,11.2200,11.9100,2026-05-19,0,1.3621,1,11.2200,10.7200,2026-05-27,1,-1.0164
prebreak,688139,2026-04-30,S,S,A,C,S,S,A,31.0162,33.9500,32.2500,1.7000,,0,0.0000,0.0000,,0,0.0000,1,33.9500,33.0708,2026-05-19,0,-0.5320,1,33.9500,32.2500,2026-05-20,1,-1.0145
prebreak,000897,2026-05-06,S,S,A,C,S,S,A,2.1700,2.1300,2.0500,0.0800,,0,0.0000,0.0000,,0,0.0000,0,0.0000,0.0000,,0,0.0000,0,0.0000,0.0000,,0,0.0000
prebreak,000953,2026-05-06,S,S,A,C,S,S,A,6.9500,6.7000,6.4400,0.2600,,0,0.0000,0.0000,,0,0.0000,0,0.0000,0.0000,,0,0.0000,0,0.0000,0.0000,,0,0.0000
prebreak,001256,2026-05-06,S,S,A,C,S,S,A,25.0196,24.2700,23.0800,1.1900,,0,0.0000,0.0000,,0,0.0000,0,0.0000,0.0000,,0,0.0000,0,0.0000,0.0000,,0,0.0000
prebreak,002449,2026-05-06,S,S,A,C,S,S,A,8.0200,8.1800,7.7700,0.4100,,0,0.0000,0.0000,,0,0.0000,0,0.0000,0.0000,,0,0.0000,0,0.0000,0.0000,,0,0.0000
prebreak,002511,2026-05-06,S,S,A,C,S,S,A,8.3763,9.0100,8.5600,0.4500,,0,0.0000,0.0000,,0,0.0000,0,0.0000,0.0000,,0,0.0000,0,0.0000,0.0000,,0,0.0000
prebreak,002626,2026-05-06,S,S,A,C,S,S,A,14.8390,18.0000,17.1800,0.8200,,0,0.0000,0.0000,,0,0.0000,0,0.0000,0.0000,,0,0.0000,0,0.0000,0.0000,,0,0.0000
prebreak,002946,2026-05-06,S,S,A,C,S,S,A,19.0042,18.2400,17.4100,0.8300,,1,18.2400,17.8024,2026-05-13,0,-0.5436,1,18.2400,17.4100,2026-05-15,1,-1.0161,1,18.2400,17.4100,2026-05-15,1,-1.0161
prebreak,300181,2026-05-06,S,S,A,C,S,S,A,14.8454,15.4500,14.7100,0.7400,,0,0.0000,0.0000,,0,0.0000,0,0.0000,0.0000,,0,0.0000,0,0.0000,0.0000,,0,0.0000
prebreak,300453,2026-05-06,S,S,A,C,S,S,A,10.0235,10.0900,9.6600,0.4300,,0,0.0000,0.0000,,0,0.0000,0,0.0000,0.0000,,0,0.0000,0,0.0000,0.0000,,0,0.0000
prebreak,600039,2026-05-06,S,S,A,C,S,S,A,7.6325,9.1700,8.6900,0.4800,,0,0.0000,0.0000,,0,0.0000,0,0.0000,0.0000,,0,0.0000,0,0.0000,0.0000,,0,0.0000
prebreak,600258,2026-05-06,S,S,A,C,S,S,A,14.4370,15.0600,14.3300,0.7300,,0,0.0000,0.0000,,0,0.0000,0,0.0000,0.0000,,0,0.0000,0,0.0000,0.0000,,0,0.0000
prebreak,600439,2026-05-06,S,S,A,C,S,S,A,2.6500,2.5500,2.4300,0.1200,,0,0.0000,0.0000,,0,0.0000,0,0.0000,0.0000,,0,0.0000,0,0.0000,0.0000,,0,0.0000
prebreak,600817,2026-05-06,S,S,A,C,S,S,A,11.3104,12.4300,11.8100,0.6200,,0,0.0000,0.0000,,0,0.0000,0,0.0000,0.0000,,0,0.0000,0,0.0000,0.0000,,0,0.0000
prebreak,600845,2026-05-06,S,S,A,C,S,S,A,23.7673,23.0900,22.1400,0.9500,,0,0.0000,0.0000,,0,0.0000,0,0.0000,0.0000,,0,0.0000,0,0.0000,0.0000,,0,0.0000
prebreak,600876,2026-05-06,S,S,A,C,S,S,A,9.4100,10.0100,9.4800,0.5300,,0,0.0000,0.0000,,0,0.0000,1,10.0100,9.4800,2026-05-15,1,-1.0137,1,10.0100,9.4800,2026-05-15,1,-1.0137
prebreak,600886,2026-05-06,S,S,A,C,S,S,A,13.1907,13.2000,12.7400,0.4600,,0,0.0000,0.0000,,0,0.0000,0,0.0000,0.0000,,0,0.0000,0,0.0000,0.0000,,0,0.0000
prebreak,603818,2026-05-06,S,S,A,C,S,S,A,3.7500,3.4700,3.2900,0.1800,,1,3.4700,3.7900,2026-05-13,0,1.7620,1,3.4700,3.6900,2026-05-20,0,1.2068,1,3.4700,3.2900,2026-05-27,1,-1.0140
prebreak,603939,2026-05-06,S,S,A,C,S,S,A,22.4141,23.3200,22.3300,0.9900,,1,23.3200,22.9135,2026-05-13,0,-0.4282,1,23.3200,22.3300,2026-05-18,1,-1.0173,1,23.3200,22.3300,2026-05-18,1,-1.0173
prebreak,603967,2026-05-06,S,S,A,C,S,S,A,13.5990,12.8400,12.3600,0.4800,,0,0.0000,0.0000,,0,0.0000,0,0.0000,0.0000,,0,0.0000,0,0.0000,0.0000,,0,0.0000
prebreak,605296,2026-05-06,S,S,A,C,S,S,A,30.1700,31.0600,29.4600,1.6000,,0,0.0000,0.0000,,0,0.0000,0,0.0000,0.0000,,0,0.0000,0,0.0000,0.0000,,0,0.0000
prebreak,688571,2026-05-06,S,S,A,C,S,S,A,8.7235,8.1400,7.7200,0.4200,,0,0.0000,0.0000,,0,0.0000,0,0.0000,0.0000,,0,0.0000,0,0.0000,0.0000,,0,0.0000
prebreak,000605,2026-05-07,S,S,A,C,S,S,A,7.1542,6.8700,6.5200,0.3500,,0,0.0000,0.0000,,0,0.0000,0,0.0000,0.0000,,0,0.0000,0,0.0000,0.0000,,0,0.0000
prebreak,002039,2026-05-07,S,S,A,C,S,S,A,20.4639,20.8500,19.8100,1.0400,,0,0.0000,0.0000,,0,0.0000,0,0.0000,0.0000,,0,0.0000,0,0.0000,0.0000,,0,0.0000
prebreak,002714,2026-05-07,S,S,A,C,S,S,A,43.5839,46.2500,43.8600,2.3900,,0,0.0000,0.0000,,0,0.0000,0,0.0000,0.0000,,0,0.0000,0,0.0000,0.0000,,0,0.0000
prebreak,002962,2026-05-07,S,S,A,C,S,S,A,17.7132,0.0000,0.0000,0.0000,,0,0.0000,0.0000,,0,0.0000,0,0.0000,0.0000,,0,0.0000,0,0.0000,0.0000,,0,0.0000
prebreak,300052,2026-05-07,S,S,A,C,S,S,A,14.2700,12.8500,12.3000,0.5500,,1,12.8500,14.4400,2026-05-14,0,2.8713,1,12.8500,14.9800,2026-05-21,0,3.8525,1,12.8500,12.3000,2026-05-28,1,-1.0171
prebreak,600051,2026-05-07,S,S,A,C,S,S,A,7.5961,7.5200,7.1900,0.3300,,0,0.0000,0.0000,,0,0.0000,0,0.0000,0.0000,,0,0.0000,0,0.0000,0.0000,,0,0.0000
prebreak,600153,2026-05-07,S,S,A,C,S,S,A,9.4322,8.5600,8.2000,0.3600,,0,0.0000,0.0000,,0,0.0000,0,0.0000,0.0000,,0,0.0000,0,0.0000,0.0000,,0,0.0000
prebreak,600733,2026-05-07,S,S,A,C,S,S,A,7.1200,7.3700,7.0200,0.3500,,0,0.0000,0.0000,,0,0.0000,0,0.0000,0.0000,,0,0.0000,0,0.0000,0.0000,,0,0.0000
prebreak,600863,2026-05-07,S,S,A,C,S,S,A,4.6349,4.5400,4.3100,0.2300,,0,0.0000,0.0000,,0,0.0000,0,0.0000,0.0000,,0,0.0000,0,0.0000,0.0000,,0,0.0000
prebreak,601009,2026-05-07,S,S,A,C,S,S,A,11.1655,11.6200,11.0600,0.5600,,0,0.0000,0.0000,,0,0.0000,0,0.0000,0.0000,,0,0.0000,0,0.0000,0.0000,,0,0.0000
prebreak,601107,2026-05-07,S,S,A,C,S,S,A,5.8235,5.9300,5.6400,0.2900,,0,0.0000,0.0000,,0,0.0000,0,0.0000,0.0000,,0,0.0000,0,0.0000,0.0000,,0,0.0000
prebreak,601222,2026-05-07,S,S,A,C,S,S,A,6.2900,6.3300,6.0300,0.3000,,0,0.0000,0.0000,,0,0.0000,0,0.0000,0.0000,,0,0.0000,0,0.0000,0.0000,,0,0.0000
prebreak,603565,2026-05-07,S,S,A,C,S,S,A,10.9738,11.4200,10.9000,0.5200,,0,0.0000,0.0000,,0,0.0000,0,0.0000,0.0000,,0,0.0000,0,0.0000,0.0000,,0,0.0000
prebreak,603787,2026-05-07,S,S,A,C,S,S,A,11.8376,12.0000,11.5000,0.5000,,0,0.0000,0.0000,,0,0.0000,0,0.0000,0.0000,,0,0.0000,0,0.0000,0.0000,,0,0.0000
prebreak,605005,2026-05-07,S,S,A,C,S,S,A,18.6940,21.2500,20.2200,1.0300,,0,0.0000,0.0000,,0,0.0000,0,0.0000,0.0000,,0,0.0000,0,0.0000,0.0000,,0,0.0000
prebreak,688391,2026-05-07,S,S,A,C,S,S,A,32.1296,31.1800,29.7300,1.4500,,1,31.1800,33.0017,2026-05-14,0,1.2392,1,31.1800,32.1098,2026-05-21,0,0.6245,1,31.1800,29.7300,2026-06-02,1,-1.0157
prebreak,002033,2026-05-08,S,S,A,C,S,S,A,8.8622,9.0500,8.6000,0.4500,,0,0.0000,0.0000,,0,0.0000,0,0.0000,0.0000,,0,0.0000,0,0.0000,0.0000,,0,0.0000
prebreak,002233,2026-05-08,S,S,A,C,S,S,A,8.8500,8.8600,8.5600,0.3000,,0,0.0000,0.0000,,0,0.0000,0,0.0000,0.0000,,0,0.0000,0,0.0000,0.0000,,0,0.0000
prebreak,002736,2026-05-08,S,S,A,C,S,S,A,10.3811,10.7800,10.2500,0.5300,,0,0.0000,0.0000,,0,0.0000,0,0.0000,0.0000,,0,0.0000,0,0.0000,0.0000,,0,0.0000
prebreak,002817,2026-05-08,S,S,A,C,S,S,A,8.1611,8.0700,7.7400,0.3300,,0,0.0000,0.0000,,0,0.0000,0,0.0000,0.0000,,0,0.0000,0,0.0000,0.0000,,0,0.0000
prebreak,300566,2026-05-08,S,S,A,C,S,S,A,20.3382,19.0800,18.1200,0.9600,,1,19.0800,19.9809,2026-05-15,0,0.9227,1,19.0800,22.9190,2026-05-22,0,3.9813,1,19.0800,26.7603,2026-06-05,0,7.9802
prebreak,300800,2026-05-08,S,S,A,C,S,S,A,12.7718,12.0200,11.5200,0.5000,,0,0.0000,0.0000,,0,0.0000,0,0.0000,0.0000,,0,0.0000,0,0.0000,0.0000,,0,0.0000
prebreak,300928,2026-05-08,S,S,A,C,S,S,A,36.0200,30.5200,29.0500,1.4700,,1,30.5200,35.8400,2026-05-15,0,3.6010,1,30.5200,35.5000,2026-05-22,0,3.3698,1,30.5200,32.1600,2026-06-05,0,1.0992
prebreak,301035,2026-05-08,S,S,A,C,S,S,A,59.8851,59.9100,56.8800,3.0300,,0,0.0000,0.0000,,0,0.0000,0,0.0000,0.0000,,0,0.0000,0,0.0000,0.0000,,0,0.0000
prebreak,600449,2026-05-08,S,S,A,C,S,S,A,13.2343,12.8300,12.3700,0.4600,,1,12.8300,14.6477,2026-05-15,0,3.9278,1,12.8300,14.6872,2026-05-22,0,4.0137,1,12.8300,12.8600,2026-06-05,0,0.0440
prebreak,600639,2026-05-08,S,S,A,C,S,S,A,9.9510,11.0900,10.5800,0.5100,,0,0.0000,0.0000,,0,0.0000,0,0.0000,0.0000,,0,0.0000,0,0.0000,0.0000,,0,0.0000
prebreak,600998,2026-05-08,S,S,A,C,S,S,A,4.8468,5.0100,4.8100,0.2000,,0,0.0000,0.0000,,0,0.0000,0,0.0000,0.0000,,0,0.0000,0,0.0000,0.0000,,0,0.0000
prebreak,603136,2026-05-08,S,S,A,C,S,S,A,10.3386,11.3600,10.7900,0.5700,,0,0.0000,0.0000,,0,0.0000,0,0.0000,0.0000,,0,0.0000,0,0.0000,0.0000,,0,0.0000
prebreak,603515,2026-05-08,S,S,A,C,S,S,A,19.7709,19.0300,18.0700,0.9600,,0,0.0000,0.0000,,0,0.0000,0,0.0000,0.0000,,0,0.0000,0,0.0000,0.0000,,0,0.0000
prebreak,000019,2026-05-11,S,S,A,C,S,S,A,7.3343,7.8000,7.4000,0.4000,,0,0.0000,0.0000,,0,0.0000,0,0.0000,0.0000,,0,0.0000,0,0.0000,0.0000,,0,0.0000
prebreak,000049,2026-05-11,S,S,A,C,S,S,A,28.4099,27.8200,26.7500,1.0700,,0,0.0000,0.0000,,0,0.0000,0,0.0000,0.0000,,0,0.0000,0,0.0000,0.0000,,0,0.0000
prebreak,000550,2026-05-11,S,S,A,C,S,S,A,18.2713,18.8800,17.9000,0.9800,,0,0.0000,0.0000,,0,0.0000,0,0.0000,0.0000,,0,0.0000,0,0.0000,0.0000,,0,0.0000
prebreak,000719,2026-05-11,S,S,A,C,S,S,A,13.1822,13.2000,12.4900,0.7100,,0,0.0000,0.0000,,0,0.0000,0,0.0000,0.0000,,0,0.0000,0,0.0000,0.0000,,0,0.0000
prebreak,300326,2026-05-11,S,S,A,C,S,S,A,7.0818,6.9000,6.5500,0.3500,,0,0.0000,0.0000,,0,0.0000,0,0.0000,0.0000,,0,0.0000,0,0.0000,0.0000,,0,0.0000
prebreak,600261,2026-05-11,S,S,A,C,S,S,A,3.5673,3.6400,3.5000,0.1400,,0,0.0000,0.0000,,0,0.0000,0,0.0000,0.0000,,0,0.0000,0,0.0000,0.0000,,0,0.0000
prebreak,600358,2026-05-11,S,S,A,C,S,S,A,6.4800,6.0800,5.8200,0.2600,,1,6.0800,6.6600,2026-05-18,0,2.2116,1,6.0800,6.1000,2026-05-25,0,0.0591,1,6.0800,5.8200,2026-05-27,1,-1.0171
prebreak,601007,2026-05-11,S,S,A,C,S,S,A,7.3784,7.5700,7.2900,0.2800,,0,0.0000,0.0000,,0,0.0000,0,0.0000,0.0000,,0,0.0000,0,0.0000,0.0000,,0,0.0000
prebreak,000739,2026-05-13,S,S,A,C,S,S,A,18.0300,17.9900,17.0300,0.9600,,0,0.0000,0.0000,,0,0.0000,0,0.0000,0.0000,,0,0.0000,0,0.0000,0.0000,,0,0.0000
prebreak,002511,2026-05-13,S,S,A,C,S,S,A,8.0679,9.0100,8.5600,0.4500,,0,0.0000,0.0000,,0,0.0000,0,0.0000,0.0000,,0,0.0000,0,0.0000,0.0000,,0,0.0000
prebreak,600258,2026-05-13,S,S,A,C,S,S,A,13.7523,15.0600,14.3300,0.7300,,0,0.0000,0.0000,,0,0.0000,0,0.0000,0.0000,,0,0.0000,0,0.0000,0.0000,,0,0.0000
prebreak,600439,2026-05-13,S,S,A,C,S,S,A,2.6200,2.6800,2.5300,0.1500,,0,0.0000,0.0000,,0,0.0000,0,0.0000,0.0000,,0,0.0000,0,0.0000,0.0000,,0,0.0000
prebreak,600712,2026-05-13,S,S,A,C,S,S,A,6.2600,6.1100,5.8000,0.3100,,0,0.0000,0.0000,,0,0.0000,0,0.0000,0.0000,,0,0.0000,0,0.0000,0.0000,,0,0.0000
prebreak,600817,2026-05-13,S,S,A,C,S,S,A,10.6586,12.4300,11.8100,0.6200,,0,0.0000,0.0000,,0,0.0000,0,0.0000,0.0000,,0,0.0000,0,0.0000,0.0000,,0,0.0000
prebreak,600845,2026-05-13,S,S,A,C,S,S,A,23.9455,23.0900,22.1400,0.9500,,0,0.0000,0.0000,,0,0.0000,0,0.0000,0.0000,,0,0.0000,0,0.0000,0.0000,,0,0.0000
prebreak,600867,2026-05-13,S,S,A,C,S,S,A,8.7125,9.0100,8.6500,0.3600,,0,0.0000,0.0000,,0,0.0000,0,0.0000,0.0000,,0,0.0000,0,0.0000,0.0000,,0,0.0000
prebreak,603939,2026-05-13,S,S,A,C,S,S,A,22.9135,23.3200,22.3300,0.9900,,0,0.0000,0.0000,,0,0.0000,0,0.0000,0.0000,,0,0.0000,0,0.0000,0.0000,,0,0.0000
prebreak,605296,2026-05-13,S,S,A,C,S,S,A,28.7000,31.0600,29.4600,1.6000,,1,31.0600,29.4600,2026-05-18,1,-1.0141,1,31.0600,29.4600,2026-05-18,1,-1.0141,1,31.0600,29.4600,2026-05-18,1,-1.0141
prebreak,000428,2026-05-15,S,S,A,C,S,S,A,3.7000,3.9100,3.7300,0.1800,,1,3.9100,3.7300,2026-05-22,1,-1.0159,1,3.9100,3.7300,2026-05-22,1,-1.0159,1,3.9100,3.7300,2026-05-22,1,-1.0159
prebreak,000705,2026-05-15,S,S,A,C,S,S,A,7.6400,8.3600,7.9300,0.4300,,0,0.0000,0.0000,,0,0.0000,0,0.0000,0.0000,,0,0.0000,0,0.0000,0.0000,,0,0.0000
prebreak,002576,2026-05-15,S,S,A,C,S,S,A,18.8571,19.5400,18.6200,0.9200,,1,19.5400,19.5536,2026-05-22,0,-0.0013,1,19.5400,18.6200,2026-05-28,1,-1.0155,1,19.5400,18.6200,2026-05-28,1,-1.0155
prebreak,300566,2026-05-15,S,S,A,C,S,S,A,19.9809,20.6400,19.7100,0.9300,,1,20.6400,22.9190,2026-05-22,0,2.4321,1,20.6400,23.3359,2026-05-29,0,2.8801,1,20.6400,32.2600,2026-06-12,0,12.4699
prebreak,300685,2026-05-15,S,S,A,C,S,S,A,19.6300,20.4000,19.3900,1.0100,,0,0.0000,0.0000,,0,0.0000,1,20.4000,20.4100,2026-05-29,0,-0.0055,1,20.4000,19.3900,2026-06-05,1,-1.0147
prebreak,301035,2026-05-15,S,S,A,C,S,S,A,56.1135,59.9100,56.8800,3.0300,,0,0.0000,0.0000,,0,0.0000,0,0.0000,0.0000,,0,0.0000,0,0.0000,0.0000,,0,0.0000
prebreak,600323,2026-05-15,S,S,A,C,S,S,A,29.6518,28.7500,27.5100,1.2400,,0,0.0000,0.0000,,0,0.0000,0,0.0000,0.0000,,0,0.0000,0,0.0000,0.0000,,0,0.0000
prebreak,600351,2026-05-15,S,S,A,C,S,S,A,6.3938,7.0300,6.6800,0.3500,,0,0.0000,0.0000,,0,0.0000,0,0.0000,0.0000,,0,0.0000,0,0.0000,0.0000,,0,0.0000
prebreak,600449,2026-05-15,S,S,A,C,S,S,A,14.6477,12.8300,12.3700,0.4600,,1,12.8300,14.6872,2026-05-22,0,4.0137,1,12.8300,14.2721,2026-05-29,0,3.1118,1,12.8300,12.3700,2026-06-11,1,-1.0206
prebreak,000019,2026-05-18,S,S,A,C,S,S,A,6.9127,7.8000,7.4000,0.4000,,0,0.0000,0.0000,,0,0.0000,0,0.0000,0.0000,,0,0.0000,0,0.0000,0.0000,,0,0.0000
prebreak,000049,2026-05-18,S,S,A,C,S,S,A,26.8834,27.8200,26.7500,1.0700,,0,0.0000,0.0000,,0,0.0000,0,0.0000,0.0000,,0,0.0000,0,0.0000,0.0000,,0,0.0000
prebreak,000550,2026-05-18,S,S,A,C,S,S,A,17.4697,18.8700,17.9000,0.9700,,0,0.0000,0.0000,,0,0.0000,0,0.0000,0.0000,,0,0.0000,0,0.0000,0.0000,,0,0.0000
prebreak,300357,2026-05-18,S,S,A,C,S,S,A,23.3577,25.9500,24.6200,1.3300,,0,0.0000,0.0000,,0,0.0000,0,0.0000,0.0000,,0,0.0000,0,0.0000,0.0000,,0,0.0000
prebreak,600261,2026-05-18,S,S,A,C,S,S,A,3.2308,3.6400,3.5000,0.1400,,0,0.0000,0.0000,,0,0.0000,0,0.0000,0.0000,,0,0.0000,0,0.0000,0.0000,,0,0.0000
prebreak,600358,2026-05-18,S,S,A,C,S,S,A,6.6600,6.0800,5.8200,0.2600,,0,0.0000,0.0000,,0,0.0000,0,0.0000,0.0000,,0,0.0000,0,0.0000,0.0000,,0,0.0000
prebreak,600784,2026-05-18,S,S,A,C,S,S,A,7.8778,7.3800,7.0200,0.3600,,1,7.3800,8.0665,2026-05-25,0,1.8902,1,7.3800,7.5996,2026-06-01,0,0.5940,1,7.3800,7.0200,2026-06-09,1,-1.0150
prebreak,603229,2026-05-18,S,S,A,C,S,S,A,9.8866,10.3400,9.8900,0.4500,,1,10.3400,9.8900,2026-05-25,1,-1.0168,1,10.3400,9.8900,2026-05-25,1,-1.0168,1,10.3400,9.8900,2026-05-25,1,-1.0168
prebreak,688105,2026-05-18,S,S,A,C,S,S,A,15.6189,15.7900,14.9700,0.8200,,0,0.0000,0.0000,,0,0.0000,0,0.0000,0.0000,,0,0.0000,0,0.0000,0.0000,,0,0.0000
prebreak,688578,2026-05-18,S,S,A,C,S,S,A,89.3485,96.8100,91.8200,4.9900,,0,0.0000,0.0000,,0,0.0000,0,0.0000,0.0000,,0,0.0000,0,0.0000,0.0000,,0,0.0000
prebreak,000068,2026-05-19,S,S,A,C,S,S,A,3.3200,3.3400,3.2100,0.1300,,0,0.0000,0.0000,,0,0.0000,1,3.3400,3.2100,2026-06-01,1,-1.0189,1,3.3400,3.2100,2026-06-01,1,-1.0189
prebreak,300729,2026-05-19,S,S,A,C,S,S,A,12.2312,12.5500,12.0300,0.5200,,0,0.0000,0.0000,,0,0.0000,0,0.0000,0.0000,,0,0.0000,0,0.0000,0.0000,,0,0.0000
prebreak,600350,2026-05-19,S,S,A,C,S,S,A,11.1319,10.9700,10.4100,0.5600,,0,0.0000,0.0000,,0,0.0000,0,0.0000,0.0000,,0,0.0000,0,0.0000,0.0000,,0,0.0000
prebreak,600929,2026-05-19,S,S,A,C,S,S,A,6.1217,7.0200,6.7000,0.3200,,0,0.0000,0.0000,,0,0.0000,0,0.0000,0.0000,,0,0.0000,0,0.0000,0.0000,,0,0.0000
prebreak,601666,2026-05-19,S,S,A,C,S,S,A,7.5198,7.9400,7.5900,0.3500,,1,7.9400,7.7083,2026-05-26,0,-0.6790,1,7.9400,7.5900,2026-05-27,1,-1.0166,1,7.9400,7.5900,2026-05-27,1,-1.0166
prebreak,688267,2026-05-19,S,S,A,C,S,S,A,26.2183,24.6600,23.4300,1.2300,,0,0.0000,0.0000,,0,0.0000,0,0.0000,0.0000,,0,0.0000,0,0.0000,0.0000,,0,0.0000
prebreak,000652,2026-05-20,S,S,A,C,S,S,A,3.8600,4.4500,4.2500,0.2000,,0,0.0000,0.0000,,0,0.0000,0,0.0000,0.0000,,0,0.0000,0,0.0000,0.0000,,0,0.0000
prebreak,301047,2026-05-20,S,S,A,C,S,S,A,67.7200,71.8300,68.4200,3.4100,,0,0.0000,0.0000,,0,0.0000,0,0.0000,0.0000,,0,0.0000,0,0.0000,0.0000,,0,0.0000
prebreak,600006,2026-05-20,S,S,A,C,S,S,A,6.7100,6.9900,6.6400,0.3500,,0,0.0000,0.0000,,0,0.0000,0,0.0000,0.0000,,0,0.0000,0,0.0000,0.0000,,0,0.0000
prebreak,600258,2026-05-20,S,S,A,C,S,S,A,12.9808,15.0600,14.3300,0.7300,,0,0.0000,0.0000,,0,0.0000,0,0.0000,0.0000,,0,0.0000,0,0.0000,0.0000,,0,0.0000
prebreak,600439,2026-05-20,S,S,A,C,S,S,A,2.4900,2.6800,2.5300,0.1500,,0,0.0000,0.0000,,0,0.0000,0,0.0000,0.0000,,0,0.0000,1,2.6800,2.5300,2026-06-09,1,-1.0129
prebreak,600845,2026-05-20,S,S,A,C,S,S,A,23.9100,23.0900,22.1400,0.9500,,1,23.0900,22.1400,2026-05-25,1,-1.0178,1,23.0900,22.1400,2026-05-25,1,-1.0178,1,23.0900,22.1400,2026-05-25,1,-1.0178
prebreak,603517,2026-05-20,S,S,A,C,S,S,A,13.5900,13.2400,12.5300,0.7100,,1,13.2400,13.5100,2026-05-27,0,0.3659,1,13.2400,13.1900,2026-06-03,0,-0.0846,1,13.2400,12.5300,2026-06-05,1,-1.0135
prebreak,603939,2026-05-20,S,S,A,C,S,S,A,21.3664,23.4100,22.3100,1.1000,,0,0.0000,0.0000,,0,0.0000,0,0.0000,0.0000,,0,0.0000,0,0.0000,0.0000,,0,0.0000
prebreak,603967,2026-05-20,S,S,A,C,S,S,A,13.1500,14.0200,13.3700,0.6500,,0,0.0000,0.0000,,0,0.0000,0,0.0000,0.0000,,0,0.0000,0,0.0000,0.0000,,0,0.0000
prebreak,605296,2026-05-20,S,S,A,C,S,S,A,28.9100,31.0600,29.4600,1.6000,,0,0.0000,0.0000,,0,0.0000,0,0.0000,0.0000,,0,0.0000,0,0.0000,0.0000,,0,0.0000
prebreak,000428,2026-05-22,S,S,A,C,S,S,A,3.7000,3.9100,3.7300,0.1800,,0,0.0000,0.0000,,0,0.0000,0,0.0000,0.0000,,0,0.0000,0,0.0000,0.0000,,0,0.0000
prebreak,000983,2026-05-22,S,S,A,C,S,S,A,6.3191,6.7200,6.4600,0.2600,,1,6.7200,6.4600,2026-05-26,1,-1.0190,1,6.7200,6.4600,2026-05-26,1,-1.0190,1,6.7200,6.4600,2026-05-26,1,-1.0190
prebreak,002419,2026-05-22,S,S,A,C,S,S,A,4.9400,5.4200,5.1400,0.2800,,0,0.0000,0.0000,,0,0.0000,0,0.0000,0.0000,,0,0.0000,0,0.0000,0.0000,,0,0.0000
prebreak,002567,2026-05-22,S,S,A,C,S,S,A,3.9100,4.2800,4.0600,0.2200,,0,0.0000,0.0000,,0,0.0000,0,0.0000,0.0000,,0,0.0000,0,0.0000,0.0000,,0,0.0000
prebreak,002576,2026-05-22,S,S,A,C,S,S,A,19.5536,19.3000,18.3000,1.0000,,1,19.3000,18.3000,2026-05-28,1,-1.0140,1,19.3000,18.3000,2026-05-28,1,-1.0140,1,19.3000,18.3000,2026-05-28,1,-1.0140
prebreak,002642,2026-05-22,S,S,A,C,S,S,A,8.5600,8.0900,7.7000,0.3900,,0,0.0000,0.0000,,0,0.0000,0,0.0000,0.0000,,0,0.0000,0,0.0000,0.0000,,0,0.0000
prebreak,300685,2026-05-22,S,S,A,C,S,S,A,18.9600,19.8400,18.8800,0.9600,,1,19.8400,20.4100,2026-05-29,0,0.5777,1,19.8400,18.8800,2026-06-08,1,-1.0151,1,19.8400,18.8800,2026-06-08,1,-1.0151
prebreak,600323,2026-05-22,S,S,A,C,S,S,A,29.6712,30.5200,29.2600,1.2600,,0,0.0000,0.0000,,0,0.0000,0,0.0000,0.0000,,0,0.0000,0,0.0000,0.0000,,0,0.0000
prebreak,600351,2026-05-22,S,S,A,C,S,S,A,6.2962,6.4700,6.1900,0.2800,,0,0.0000,0.0000,,0,0.0000,0,0.0000,0.0000,,0,0.0000,0,0.0000,0.0000,,0,0.0000
prebreak,600380,2026-05-22,S,S,A,C,S,S,A,9.8940,10.2700,9.8300,0.4400,,0,0.0000,0.0000,,0,0.0000,0,0.0000,0.0000,,0,0.0000,0,0.0000,0.0000,,0,0.0000
prebreak,600398,2026-05-22,S,S,A,C,S,S,A,5.8500,6.1200,5.8200,0.3000,,0,0.0000,0.0000,,0,0.0000,0,0.0000,0.0000,,0,0.0000,0,0.0000,0.0000,,0,0.0000
prebreak,600449,2026-05-22,S,S,A,C,S,S,A,14.6872,12.8300,12.3700,0.4600,,0,0.0000,0.0000,,0,0.0000,0,0.0000,0.0000,,0,0.0000,0,0.0000,0.0000,,0,0.0000
prebreak,600901,2026-05-22,S,S,A,C,S,S,A,6.1494,6.7000,6.3600,0.3400,,0,0.0000,0.0000,,0,0.0000,0,0.0000,0.0000,,0,0.0000,0,0.0000,0.0000,,0,0.0000
prebreak,600971,2026-05-22,S,S,A,C,S,S,A,7.0237,7.6600,7.3200,0.3400,,0,0.0000,0.0000,,0,0.0000,0,0.0000,0.0000,,0,0.0000,0,0.0000,0.0000,,0,0.0000
prebreak,603309,2026-05-22,S,S,A,C,S,S,A,13.5711,13.8200,13.1100,0.7100,,0,0.0000,0.0000,,0,0.0000,0,0.0000,0.0000,,0,0.0000,0,0.0000,0.0000,,0,0.0000
prebreak,000550,2026-05-25,S,S,A,C,S,S,A,16.5523,18.8700,17.9000,0.9700,,0,0.0000,0.0000,,0,0.0000,0,0.0000,0.0000,,0,0.0000,0,0.0000,0.0000,,0,0.0000
prebreak,001286,2026-05-25,S,S,A,C,S,S,A,11.2607,11.6500,11.0300,0.6200,,1,11.6500,13.2337,2026-06-01,0,2.5385,1,11.6500,11.5398,2026-06-08,0,-0.1919,1,11.6500,11.0300,2026-06-18,1,-1.0137
prebreak,003037,2026-05-25,S,S,A,C,S,S,A,7.0876,7.2900,6.9300,0.3600,,1,7.2900,7.3754,2026-06-01,0,0.2218,1,7.2900,6.9300,2026-06-04,1,-1.0148,1,7.2900,6.9300,2026-06-04,1,-1.0148
prebreak,300326,2026-05-25,S,S,A,C,S,S,A,6.8949,7.1400,6.8000,0.3400,,0,0.0000,0.0000,,0,0.0000,0,0.0000,0.0000,,0,0.0000,0,0.0000,0.0000,,0,0.0000
prebreak,300357,2026-05-25,S,S,A,C,S,S,A,22.6523,24.3800,23.1300,1.2500,,0,0.0000,0.0000,,0,0.0000,0,0.0000,0.0000,,0,0.0000,0,0.0000,0.0000,,0,0.0000
prebreak,600071,2026-05-25,S,S,A,C,S,S,A,18.9000,20.6000,19.5700,1.0300,,0,0.0000,0.0000,,0,0.0000,0,0.0000,0.0000,,0,0.0000,0,0.0000,0.0000,,0,0.0000
prebreak,600261,2026-05-25,S,S,A,C,S,S,A,3.3173,3.4100,3.2400,0.1700,,0,0.0000,0.0000,,0,0.0000,0,0.0000,0.0000,,0,0.0000,0,0.0000,0.0000,,0,0.0000
prebreak,600358,2026-05-25,S,S,A,C,S,S,A,6.1000,6.0800,5.8200,0.2600,,0,0.0000,0.0000,,0,0.0000,0,0.0000,0.0000,,0,0.0000,0,0.0000,0.0000,,0,0.0000
prebreak,600827,2026-05-25,S,S,A,C,S,S,A,7.7557,8.4500,8.0500,0.4000,,1,8.4500,8.3734,2026-06-01,0,-0.2074,1,8.4500,8.0500,2026-06-03,1,-1.0154,1,8.4500,8.0500,2026-06-03,1,-1.0154
prebreak,603060,2026-05-25,S,S,A,C,S,S,A,6.7372,6.9200,6.5700,0.3500,,1,6.9200,6.9549,2026-06-01,0,0.0846,1,6.9200,7.2220,2026-06-08,0,0.8473,1,6.9200,6.5700,2026-06-22,1,-1.0144
prebreak,603229,2026-05-25,S,S,A,C,S,S,A,9.8568,10.3400,9.8900,0.4500,,0,0.0000,0.0000,,0,0.0000,0,0.0000,0.0000,,0,0.0000,0,0.0000,0.0000,,0,0.0000
prebreak,688578,2026-05-25,S,S,A,C,S,S,A,89.7657,96.8100,91.8200,4.9900,,0,0.0000,0.0000,,0,0.0000,0,0.0000,0.0000,,0,0.0000,0,0.0000,0.0000,,0,0.0000
prebreak,000541,2026-05-28,S,S,A,C,S,S,A,4.9032,5.8000,5.5300,0.2700,,0,0.0000,0.0000,,0,0.0000,0,0.0000,0.0000,,0,0.0000,0,0.0000,0.0000,,0,0.0000
prebreak,000958,2026-05-28,S,S,A,C,S,S,A,6.0300,6.3000,6.0000,0.3000,,1,6.3000,6.2100,2026-06-04,0,-0.3158,1,6.3000,6.0000,2026-06-08,1,-1.0153,1,6.3000,6.0000,2026-06-08,1,-1.0153
prebreak,001279,2026-05-28,S,S,A,C,S,S,A,30.5229,30.9100,29.5100,1.4000,,0,0.0000,0.0000,,0,0.0000,0,0.0000,0.0000,,0,0.0000,0,0.0000,0.0000,,0,0.0000
prebreak,002612,2026-05-28,S,S,A,C,S,S,A,13.0000,15.8100,14.9900,0.8200,,0,0.0000,0.0000,,0,0.0000,0,0.0000,0.0000,,0,0.0000,0,0.0000,0.0000,,0,0.0000
prebreak,002761,2026-05-28,S,S,A,C,S,S,A,7.6742,8.8500,8.5100,0.3400,,0,0.0000,0.0000,,0,0.0000,0,0.0000,0.0000,,0,0.0000,0,0.0000,0.0000,,0,0.0000
prebreak,002823,2026-05-28,S,S,A,C,S,S,A,17.6800,16.7900,16.0000,0.7900,,1,16.7900,20.8500,2026-06-04,0,5.1199,1,16.7900,17.2800,2026-06-11,0,0.6037,1,16.7900,16.0000,2026-06-22,1,-1.0155
prebreak,300311,2026-05-28,S,S,A,C,S,S,A,5.4800,5.7200,5.4300,0.2900,,0,0.0000,0.0000,,0,0.0000,0,0.0000,0.0000,,0,0.0000,0,0.0000,0.0000,,0,0.0000
prebreak,300673,2026-05-28,S,S,A,C,S,S,A,15.1646,16.2400,15.3900,0.8500,,0,0.0000,0.0000,,0,0.0000,0,0.0000,0.0000,,0,0.0000,0,0.0000,0.0000,,0,0.0000
prebreak,600329,2026-05-28,S,S,A,C,S,S,A,36.5980,38.2800,36.5800,1.7000,,0,0.0000,0.0000,,0,0.0000,0,0.0000,0.0000,,0,0.0000,0,0.0000,0.0000,,0,0.0000
prebreak,600665,2026-05-28,S,S,A,C,S,S,A,3.2700,3.5600,3.3800,0.1800,,1,3.5600,3.3800,2026-06-02,1,-1.0144,1,3.5600,3.3800,2026-06-02,1,-1.0144,1,3.5600,3.3800,2026-06-02,1,-1.0144
prebreak,601066,2026-05-28,S,S,A,C,S,S,A,23.1000,23.0400,21.8600,1.1800,,1,23.0400,25.0700,2026-06-04,0,1.7044,1,23.0400,24.5900,2026-06-11,0,1.2979,1,23.0400,30.2500,2026-06-26,0,6.0915
prebreak,601222,2026-05-28,S,S,A,C,S,S,A,6.4800,6.5600,6.2600,0.3000,,1,6.5600,6.2600,2026-06-03,1,-1.0160,1,6.5600,6.2600,2026-06-03,1,-1.0160,1,6.5600,6.2600,2026-06-03,1,-1.0160
prebreak,603197,2026-05-28,S,S,A,C,S,S,A,32.6960,35.5700,33.7600,1.8100,,0,0.0000,0.0000,,0,0.0000,0,0.0000,0.0000,,0,0.0000,0,0.0000,0.0000,,0,0.0000
prebreak,603565,2026-05-28,S,S,A,C,S,S,A,10.3300,10.6100,10.1800,0.4300,,0,0.0000,0.0000,,0,0.0000,0,0.0000,0.0000,,0,0.0000,0,0.0000,0.0000,,0,0.0000
prebreak,605066,2026-05-28,S,S,A,C,S,S,A,7.8900,8.0600,7.6600,0.4000,,0,0.0000,0.0000,,0,0.0000,0,0.0000,0.0000,,0,0.0000,0,0.0000,0.0000,,0,0.0000
prebreak,688271,2026-05-28,S,S,A,C,S,S,A,121.9608,114.4900,108.7400,5.7500,,0,0.0000,0.0000,,0,0.0000,0,0.0000,0.0000,,0,0.0000,0,0.0000,0.0000,,0,0.0000
prebreak,688391,2026-05-28,S,S,A,C,S,S,A,34.1414,34.5100,32.6900,1.8200,,0,0.0000,0.0000,,0,0.0000,0,0.0000,0.0000,,0,0.0000,0,0.0000,0.0000,,0,0.0000
prebreak,001286,2026-06-01,S,S,A,C,S,S,A,13.2337,11.6500,11.0300,0.6200,,1,11.6500,11.5398,2026-06-08,0,-0.1919,1,11.6500,11.6649,2026-06-15,0,0.0098,1,11.6500,11.0300,2026-06-18,1,-1.0137
prebreak,600221,2026-06-01,S,S,A,C,S,S,A,1.5200,1.5200,1.4500,0.0700,,0,0.0000,0.0000,,0,0.0000,0,0.0000,0.0000,,0,0.0000,0,0.0000,0.0000,,0,0.0000
prebreak,600261,2026-06-01,S,S,A,C,S,S,A,3.2308,3.4100,3.2400,0.1700,,0,0.0000,0.0000,,0,0.0000,0,0.0000,0.0000,,0,0.0000,0,0.0000,0.0000,,0,0.0000
prebreak,600276,2026-06-01,S,S,A,C,S,S,A,49.1700,54.9700,52.3700,2.6000,,0,0.0000,0.0000,,0,0.0000,0,0.0000,0.0000,,0,0.0000,0,0.0000,0.0000,,0,0.0000
prebreak,600358,2026-06-01,S,S,A,C,S,S,A,5.8900,6.0800,5.8200,0.2600,,0,0.0000,0.0000,,0,0.0000,0,0.0000,0.0000,,0,0.0000,0,0.0000,0.0000,,0,0.0000
prebreak,600604,2026-06-01,S,S,A,C,S,S,A,4.5600,5.0000,4.8200,0.1800,,0,0.0000,0.0000,,0,0.0000,0,0.0000,0.0000,,0,0.0000,0,0.0000,0.0000,,0,0.0000
prebreak,600795,2026-06-01,S,S,A,C,S,S,A,5.0945,4.8700,4.6800,0.1900,,1,4.8700,4.8519,2026-06-08,0,-0.1147,1,4.8700,4.8810,2026-06-15,0,0.0384,1,4.8700,4.6800,2026-06-18,1,-1.0188
prebreak,600827,2026-06-01,S,S,A,C,S,S,A,8.3734,8.4500,8.0500,0.4000,,0,0.0000,0.0000,,0,0.0000,0,0.0000,0.0000,,0,0.0000,0,0.0000,0.0000,,0,0.0000
prebreak,603060,2026-06-01,S,S,A,C,S,S,A,6.9549,6.9200,6.5700,0.3500,,0,0.0000,0.0000,,0,0.0000,0,0.0000,0.0000,,0,0.0000,0,0.0000,0.0000,,0,0.0000
prebreak,603194,2026-06-01,S,S,A,C,S,S,A,34.3953,35.8600,34.1200,1.7400,,0,0.0000,0.0000,,0,0.0000,0,0.0000,0.0000,,0,0.0000,0,0.0000,0.0000,,0,0.0000
prebreak,603229,2026-06-01,S,S,A,C,S,S,A,9.6186,10.3400,9.8900,0.4500,,0,0.0000,0.0000,,0,0.0000,0,0.0000,0.0000,,0,0.0000,0,0.0000,0.0000,,0,0.0000
prebreak,603788,2026-06-01,S,S,A,C,S,S,A,15.6609,16.5900,15.8100,0.7800,,0,0.0000,0.0000,,0,0.0000,0,0.0000,0.0000,,0,0.0000,0,0.0000,0.0000,,0,0.0000
prebreak,000739,2026-06-03,S,S,A,C,S,S,A,16.4500,16.9800,16.2700,0.7100,,0,0.0000,0.0000,,0,0.0000,0,0.0000,0.0000,,0,0.0000,0,0.0000,0.0000,,0,0.0000
prebreak,002511,2026-06-03,S,S,A,C,S,S,A,7.2100,8.3400,7.9500,0.3900,,0,0.0000,0.0000,,0,0.0000,0,0.0000,0.0000,,0,0.0000,0,0.0000,0.0000,,0,0.0000
prebreak,002701,2026-06-03,S,S,A,C,S,S,A,4.8388,5.0200,4.8300,0.1900,,0,0.0000,0.0000,,0,0.0000,0,0.0000,0.0000,,0,0.0000,0,0.0000,0.0000,,0,0.0000
prebreak,002946,2026-06-03,S,S,A,C,S,S,A,17.1282,17.8800,17.0600,0.8200,,0,0.0000,0.0000,,0,0.0000,0,0.0000,0.0000,,0,0.0000,0,0.0000,0.0000,,0,0.0000
prebreak,301581,2026-06-03,S,S,A,C,S,S,A,50.7529,50.4900,48.5400,1.9500,,0,0.0000,0.0000,,0,0.0000,0,0.0000,0.0000,,0,0.0000,0,0.0000,0.0000,,0,0.0000
prebreak,600006,2026-06-03,S,S,A,C,S,S,A,6.1000,6.2800,6.0000,0.2800,,0,0.0000,0.0000,,0,0.0000,0,0.0000,0.0000,,0,0.0000,0,0.0000,0.0000,,0,0.0000
prebreak,600012,2026-06-03,S,S,A,C,S,S,A,15.6209,15.6900,14.9200,0.7700,,1,15.6900,16.5363,2026-06-10,0,1.0830,1,15.6900,15.6401,2026-06-17,0,-0.0802,1,15.6900,14.9200,2026-06-22,1,-1.0149
prebreak,600055,2026-06-03,S,S,A,C,S,S,A,12.6600,14.5900,13.8900,0.7000,,0,0.0000,0.0000,,0,0.0000,0,0.0000,0.0000,,0,0.0000,0,0.0000,0.0000,,0,0.0000
prebreak,600439,2026-06-03,S,S,A,C,S,S,A,2.6200,2.6800,2.5300,0.1500,,1,2.6800,2.5300,2026-06-09,1,-1.0129,1,2.6800,2.5300,2026-06-09,1,-1.0129,1,2.6800,2.5300,2026-06-09,1,-1.0129
prebreak,600566,2026-06-03,S,S,A,C,S,S,A,25.7709,27.3900,25.9700,1.4200,,0,0.0000,0.0000,,0,0.0000,0,0.0000,0.0000,,0,0.0000,0,0.0000,0.0000,,0,0.0000
prebreak,600712,2026-06-03,S,S,A,C,S,S,A,5.8500,6.3100,5.9900,0.3200,,0,0.0000,0.0000,,0,0.0000,0,0.0000,0.0000,,0,0.0000,0,0.0000,0.0000,,0,0.0000
prebreak,600906,2026-06-03,S,S,A,C,S,S,A,6.7357,6.4500,6.1900,0.2600,,0,0.0000,0.0000,,0,0.0000,0,0.0000,0.0000,,0,0.0000,0,0.0000,0.0000,,0,0.0000
prebreak,603517,2026-06-03,S,S,A,C,S,S,A,13.1900,12.1600,11.5900,0.5700,,0,0.0000,0.0000,,0,0.0000,0,0.0000,0.0000,,0,0.0000,0,0.0000,0.0000,,0,0.0000
prebreak,603858,2026-06-03,S,S,A,C,S,S,A,14.9956,15.2200,14.5300,0.6900,,0,0.0000,0.0000,,0,0.0000,1,15.2200,15.2131,2026-06-17,0,-0.0268,1,15.2200,14.5300,2026-06-22,1,-1.0161
prebreak,001218,2026-06-05,S,S,A,C,S,S,A,24.1922,28.0300,26.6600,1.3700,,0,0.0000,0.0000,,0,0.0000,0,0.0000,0.0000,,0,0.0000,0,0.0000,0.0000,,0,0.0000
prebreak,002419,2026-06-05,S,S,A,C,S,S,A,4.7900,5.1200,4.8600,0.2600,,0,0.0000,0.0000,,0,0.0000,0,0.0000,0.0000,,0,0.0000,0,0.0000,0.0000,,0,0.0000
prebreak,002576,2026-06-05,S,S,A,C,S,S,A,16.1703,19.3000,18.3000,1.0000,,0,0.0000,0.0000,,0,0.0000,0,0.0000,0.0000,,0,0.0000,0,0.0000,0.0000,,0,0.0000
prebreak,600323,2026-06-05,S,S,A,C,S,S,A,29.1164,30.3800,28.8700,1.5100,,0,0.0000,0.0000,,0,0.0000,0,0.0000,0.0000,,0,0.0000,0,0.0000,0.0000,,0,0.0000
prebreak,600380,2026-06-05,S,S,A,C,S,S,A,9.6887,10.0800,9.6300,0.4500,,0,0.0000,0.0000,,0,0.0000,0,0.0000,0.0000,,0,0.0000,1,10.0800,10.2500,2026-07-06,0,0.3605
prebreak,600398,2026-06-05,S,S,A,C,S,S,A,5.7700,5.8800,5.5900,0.2900,,1,5.8800,5.9600,2026-06-12,0,0.2603,1,5.8800,5.5900,2026-06-18,1,-1.0148,1,5.8800,5.5900,2026-06-18,1,-1.0148
prebreak,600449,2026-06-05,S,S,A,C,S,S,A,12.8600,15.0500,14.3100,0.7400,,0,0.0000,0.0000,,0,0.0000,0,0.0000,0.0000,,0,0.0000,0,0.0000,0.0000,,0,0.0000
prebreak,600901,2026-06-05,S,S,A,C,S,S,A,6.2859,6.3400,6.0300,0.3100,,0,0.0000,0.0000,,0,0.0000,0,0.0000,0.0000,,0,0.0000,0,0.0000,0.0000,,0,0.0000
prebreak,600971,2026-06-05,S,S,A,C,S,S,A,8.3800,7.6600,7.3200,0.3400,,0,0.0000,0.0000,,0,0.0000,0,0.0000,0.0000,,0,0.0000,0,0.0000,0.0000,,0,0.0000
prebreak,601187,2026-06-05,S,S,A,C,S,S,A,7.2297,7.1500,6.8300,0.3200,,0,0.0000,0.0000,,0,0.0000,0,0.0000,0.0000,,0,0.0000,0,0.0000,0.0000,,0,0.0000
prebreak,000709,2026-06-09,S,S,A,C,S,S,A,2.0600,2.2400,2.1400,0.1000,,0,0.0000,0.0000,,0,0.0000,0,0.0000,0.0000,,0,0.0000,0,0.0000,0.0000,,0,0.0000
prebreak,000729,2026-06-09,S,S,A,C,S,S,A,10.9534,12.2800,11.6600,0.6200,,0,0.0000,0.0000,,0,0.0000,0,0.0000,0.0000,,0,0.0000,0,0.0000,0.0000,,0,0.0000
prebreak,000881,2026-06-09,S,S,A,C,S,S,A,7.4400,8.2500,7.8400,0.4100,,0,0.0000,0.0000,,0,0.0000,0,0.0000,0.0000,,0,0.0000,0,0.0000,0.0000,,0,0.0000
prebreak,000965,2026-06-09,S,S,A,C,S,S,A,3.3097,3.8000,3.6200,0.1800,,0,0.0000,0.0000,,0,0.0000,0,0.0000,0.0000,,0,0.0000,0,0.0000,0.0000,,0,0.0000
prebreak,002007,2026-06-09,S,S,A,C,S,S,A,12.6986,13.4000,12.7600,0.6400,,0,0.0000,0.0000,,0,0.0000,0,0.0000,0.0000,,0,0.0000,0,0.0000,0.0000,,0,0.0000
prebreak,002060,2026-06-09,S,S,A,C,S,S,A,3.3500,3.7400,3.5900,0.1500,,0,0.0000,0.0000,,0,0.0000,0,0.0000,0.0000,,0,0.0000,0,0.0000,0.0000,,0,0.0000
prebreak,002249,2026-06-09,S,S,A,C,S,S,A,8.3600,10.0700,9.5500,0.5200,,0,0.0000,0.0000,,0,0.0000,0,0.0000,0.0000,,0,0.0000,0,0.0000,0.0000,,0,0.0000
prebreak,002587,2026-06-09,S,S,A,C,S,S,A,7.1300,7.3800,7.0300,0.3500,,0,0.0000,0.0000,,0,0.0000,1,7.3800,7.0300,2026-06-24,1,-1.0154,1,7.3800,7.0300,2026-06-24,1,-1.0154
prebreak,002955,2026-06-09,S,S,A,C,S,S,A,28.6000,25.9400,24.6200,1.3200,,1,25.9400,32.7900,2026-06-16,0,5.1712,1,25.9400,33.9000,2026-06-24,0,6.0116,1,25.9400,32.9600,2026-07-08,0,5.2999
prebreak,300298,2026-06-09,S,S,A,C,S,S,A,14.5000,15.8800,15.0700,0.8100,,0,0.0000,0.0000,,0,0.0000,0,0.0000,0.0000,,0,0.0000,0,0.0000,0.0000,,0,0.0000
prebreak,301303,2026-06-09,S,S,A,C,S,S,A,15.5900,14.2900,13.5400,0.7500,,1,14.2900,16.2300,2026-06-16,0,2.5706,1,14.2900,17.4600,2026-06-24,0,4.2095,1,14.2900,14.0400,2026-07-08,0,-0.3476
prebreak,600350,2026-06-09,S,S,A,C,S,S,A,11.1607,10.9700,10.4100,0.5600,,0,0.0000,0.0000,,0,0.0000,0,0.0000,0.0000,,0,0.0000,0,0.0000,0.0000,,0,0.0000
prebreak,600521,2026-06-09,S,S,A,C,S,S,A,14.6369,16.7800,15.9200,0.8600,,0,0.0000,0.0000,,0,0.0000,0,0.0000,0.0000,,0,0.0000,1,16.7800,16.3500,2026-07-08,0,-0.5145
prebreak,600694,2026-06-09,S,S,A,C,S,S,A,14.1400,15.2300,14.5500,0.6800,,0,0.0000,0.0000,,0,0.0000,0,0.0000,0.0000,,0,0.0000,0,0.0000,0.0000,,0,0.0000
prebreak,601033,2026-06-09,S,S,A,C,S,S,A,13.9900,14.7000,14.0700,0.6300,,0,0.0000,0.0000,,0,0.0000,0,0.0000,0.0000,,0,0.0000,0,0.0000,0.0000,,0,0.0000
prebreak,300070,2026-06-12,S,S,A,C,S,S,A,3.5356,3.5400,3.3600,0.1800,,1,3.5400,3.3600,2026-06-18,1,-1.0143,1,3.5400,3.3600,2026-06-18,1,-1.0143,1,3.5400,3.3600,2026-06-18,1,-1.0143
prebreak,600011,2026-06-12,S,S,A,C,S,S,A,7.6269,7.1700,6.8400,0.3300,,0,0.0000,0.0000,,0,0.0000,0,0.0000,0.0000,,0,0.0000,0,0.0000,0.0000,,0,0.0000
prebreak,600155,2026-06-12,S,S,A,C,S,S,A,5.3800,5.8000,5.5500,0.2500,,0,0.0000,0.0000,,0,0.0000,1,5.8000,5.5500,2026-06-25,1,-1.0170,1,5.8000,5.5500,2026-06-25,1,-1.0170
prebreak,600380,2026-06-12,S,S,A,C,S,S,A,9.8158,9.8400,9.3300,0.5100,,0,0.0000,0.0000,,0,0.0000,0,0.0000,0.0000,,0,0.0000,0,0.0000,0.0000,,0,0.0000
prebreak,600398,2026-06-12,S,S,A,C,S,S,A,5.9600,5.8800,5.6700,0.2100,,0,0.0000,0.0000,,0,0.0000,0,0.0000,0.0000,,0,0.0000,0,0.0000,0.0000,,0,0.0000
prebreak,600449,2026-06-12,S,S,A,C,S,S,A,12.9000,15.0500,14.3100,0.7400,,0,0.0000,0.0000,,0,0.0000,0,0.0000,0.0000,,0,0.0000,0,0.0000,0.0000,,0,0.0000
prebreak,600496,2026-06-12,S,S,A,C,S,S,A,3.6200,3.9300,3.7600,0.1700,,0,0.0000,0.0000,,0,0.0000,0,0.0000,0.0000,,0,0.0000,0,0.0000,0.0000,,0,0.0000
prebreak,600901,2026-06-12,S,S,A,C,S,S,A,6.5100,6.3400,6.0300,0.3100,,0,0.0000,0.0000,,0,0.0000,0,0.0000,0.0000,,0,0.0000,0,0.0000,0.0000,,0,0.0000
prebreak,601326,2026-06-12,S,S,A,C,S,S,A,3.3553,3.2900,3.1200,0.1700,,0,0.0000,0.0000,,0,0.0000,0,0.0000,0.0000,,0,0.0000,0,0.0000,0.0000,,0,0.0000
prebreak,000656,2026-06-15,S,S,A,C,S,S,A,1.3600,1.4700,1.4000,0.0700,,0,0.0000,0.0000,,0,0.0000,0,0.0000,0.0000,,0,0.0000,1,1.4700,1.4000,2026-07-08,1,-1.0153
prebreak,001239,2026-06-15,S,S,A,C,S,S,A,14.1100,13.3900,12.6800,0.7100,,1,13.3900,14.7000,2026-06-23,0,1.8296,1,13.3900,13.2200,2026-06-30,0,-0.2536,1,13.3900,12.6800,2026-07-08,1,-1.0137
prebreak,001914,2026-06-15,S,S,A,C,S,S,A,9.1670,9.4100,8.9800,0.4300,,0,0.0000,0.0000,,0,0.0000,0,0.0000,0.0000,,0,0.0000,0,0.0000,0.0000,,0,0.0000
prebreak,600229,2026-06-15,S,S,A,C,S,S,A,5.8100,6.2100,5.8900,0.3200,,0,0.0000,0.0000,,0,0.0000,0,0.0000,0.0000,,0,0.0000,0,0.0000,0.0000,,0,0.0000
prebreak,600663,2026-06-15,S,S,A,C,S,S,A,6.7800,7.2000,6.8600,0.3400,,0,0.0000,0.0000,,0,0.0000,0,0.0000,0.0000,,0,0.0000,0,0.0000,0.0000,,0,0.0000
prebreak,600827,2026-06-15,S,S,A,C,S,S,A,7.9910,8.0500,7.6800,0.3700,,0,0.0000,0.0000,,0,0.0000,0,0.0000,0.0000,,0,0.0000,0,0.0000,0.0000,,0,0.0000
prebreak,601008,2026-06-15,S,S,A,C,S,S,A,4.6000,4.8100,4.5600,0.2500,,0,0.0000,0.0000,,0,0.0000,0,0.0000,0.0000,,0,0.0000,0,0.0000,0.0000,,0,0.0000
prebreak,601825,2026-06-15,S,S,A,C,S,S,A,8.3938,8.7800,8.3200,0.4600,,0,0.0000,0.0000,,0,0.0000,0,0.0000,0.0000,,0,0.0000,0,0.0000,0.0000,,0,0.0000
prebreak,603194,2026-06-15,S,S,A,C,S,S,A,37.9500,36.3600,34.5100,1.8500,,0,0.0000,0.0000,,0,0.0000,0,0.0000,0.0000,,0,0.0000,0,0.0000,0.0000,,0,0.0000
prebreak,603877,2026-06-15,S,S,A,C,S,S,A,13.2600,13.7000,13.1100,0.5900,,0,0.0000,0.0000,,0,0.0000,0,0.0000,0.0000,,0,0.0000,0,0.0000,0.0000,,0,0.0000
prebreak,603883,2026-06-15,S,S,A,C,S,S,A,11.8945,11.7700,11.2300,0.5400,,0,0.0000,0.0000,,0,0.0000,0,0.0000,0.0000,,0,0.0000,0,0.0000,0.0000,,0,0.0000
prebreak,603886,2026-06-15,S,S,A,C,S,S,A,13.1400,11.5000,10.9600,0.5400,,0,0.0000,0.0000,,0,0.0000,0,0.0000,0.0000,,0,0.0000,0,0.0000,0.0000,,0,0.0000
prebreak,688578,2026-06-15,S,S,A,C,S,S,A,84.7000,91.2500,86.6500,4.6000,,0,0.0000,0.0000,,0,0.0000,1,91.2500,109.2000,2026-06-30,0,3.8846,1,91.2500,118.1500,2026-07-14,0,5.8291
prebreak,000729,2026-06-16,S,S,A,C,S,S,A,10.7666,12.2800,11.6600,0.6200,,0,0.0000,0.0000,,0,0.0000,0,0.0000,0.0000,,0,0.0000,0,0.0000,0.0000,,0,0.0000
prebreak,000795,2026-06-16,S,S,A,C,S,S,A,9.6700,9.1100,8.7100,0.4000,,1,9.1100,9.3700,2026-06-24,0,0.6323,1,9.1100,8.7100,2026-06-26,1,-1.0167,1,9.1100,8.7100,2026-06-26,1,-1.0167
prebreak,000881,2026-06-16,S,S,A,C,S,S,A,7.1000,8.0400,7.7000,0.3400,,0,0.0000,0.0000,,0,0.0000,0,0.0000,0.0000,,0,0.0000,0,0.0000,0.0000,,0,0.0000
prebreak,002587,2026-06-16,S,S,A,C,S,S,A,6.9900,7.1600,6.8200,0.3400,,0,0.0000,0.0000,,0,0.0000,0,0.0000,0.0000,,0,0.0000,0,0.0000,0.0000,,0,0.0000
prebreak,002668,2026-06-16,S,S,A,C,S,S,A,9.9200,9.7900,9.3600,0.4300,,0,0.0000,0.0000,,0,0.0000,0,0.0000,0.0000,,0,0.0000,0,0.0000,0.0000,,0,0.0000
prebreak,300298,2026-06-16,S,S,A,C,S,S,A,14.6500,15.8800,15.0700,0.8100,,0,0.0000,0.0000,,0,0.0000,0,0.0000,0.0000,,0,0.0000,0,0.0000,0.0000,,0,0.0000
prebreak,301303,2026-06-16,S,S,A,C,S,S,A,16.2300,14.2900,13.5400,0.7500,,1,14.2900,17.4600,2026-06-24,0,4.2095,1,14.2900,16.8300,2026-07-01,0,3.3701,1,14.2900,13.5400,2026-07-09,1,-1.0139
prebreak,600025,2026-06-16,S,S,A,C,S,S,A,9.3229,9.6600,9.2400,0.4200,,0,0.0000,0.0000,,0,0.0000,0,0.0000,0.0000,,0,0.0000,1,9.6600,9.8100,2026-07-15,0,0.3394
prebreak,600298,2026-06-16,S,S,A,C,S,S,A,34.7300,35.6500,33.8400,1.8100,,1,35.6500,35.7200,2026-06-24,0,0.0237,1,35.6500,36.6500,2026-07-01,0,0.5372,1,35.6500,38.0400,2026-07-15,0,1.3046
prebreak,600350,2026-06-16,S,S,A,C,S,S,A,10.6504,11.1400,10.5900,0.5500,,0,0.0000,0.0000,,0,0.0000,0,0.0000,0.0000,,0,0.0000,0,0.0000,0.0000,,0,0.0000
prebreak,600521,2026-06-16,S,S,A,C,S,S,A,14.2595,16.7800,15.9200,0.8600,,0,0.0000,0.0000,,0,0.0000,0,0.0000,0.0000,,0,0.0000,1,16.7800,15.9200,2026-07-09,1,-1.0142
prebreak,600694,2026-06-16,S,S,A,C,S,S,A,14.6000,15.2300,14.5500,0.6800,,0,0.0000,0.0000,,0,0.0000,0,0.0000,0.0000,,0,0.0000,0,0.0000,0.0000,,0,0.0000
prebreak,601728,2026-06-16,S,S,A,C,S,S,A,5.9600,6.1500,5.9000,0.2500,,0,0.0000,0.0000,,0,0.0000,0,0.0000,0.0000,,0,0.0000,0,0.0000,0.0000,,0,0.0000
prebreak,601963,2026-06-16,S,S,A,C,S,S,A,11.1664,11.2600,10.8000,0.4600,,0,0.0000,0.0000,,0,0.0000,0,0.0000,0.0000,,0,0.0000,0,0.0000,0.0000,,0,0.0000
prebreak,002461,2026-06-17,S,S,A,C,S,S,A,8.6200,9.4200,9.0000,0.4200,,0,0.0000,0.0000,,0,0.0000,0,0.0000,0.0000,,0,0.0000,0,0.0000,0.0000,,0,0.0000
prebreak,002511,2026-06-17,S,S,A,C,S,S,A,6.8700,7.0000,6.6800,0.3200,,0,0.0000,0.0000,,0,0.0000,0,0.0000,0.0000,,0,0.0000,0,0.0000,0.0000,,0,0.0000
prebreak,002701,2026-06-17,S,S,A,C,S,S,A,4.3600,5.0200,4.8300,0.1900,,0,0.0000,0.0000,,0,0.0000,0,0.0000,0.0000,,0,0.0000,0,0.0000,0.0000,,0,0.0000
prebreak,002727,2026-06-17,S,S,A,C,S,S,A,10.7600,11.2600,10.7000,0.5600,,0,0.0000,0.0000,,0,0.0000,0,0.0000,0.0000,,0,0.0000,1,11.2600,11.5300,2026-07-16,0,0.4666
prebreak,002946,2026-06-17,S,S,A,C,S,S,A,15.3900,16.7100,15.8300,0.8800,,0,0.0000,0.0000,,0,0.0000,0,0.0000,0.0000,,0,0.0000,0,0.0000,0.0000,,0,0.0000
prebreak,300181,2026-06-17,S,S,A,C,S,S,A,13.0400,13.4600,12.9600,0.5000,,1,13.4600,12.9600,2026-06-25,1,-1.0198,1,13.4600,12.9600,2026-06-25,1,-1.0198,1,13.4600,12.9600,2026-06-25,1,-1.0198
prebreak,301339,2026-06-17,S,S,A,C,S,S,A,11.2100,11.5400,10.9500,0.5900,,0,0.0000,0.0000,,0,0.0000,0,0.0000,0.0000,,0,0.0000,0,0.0000,0.0000,,0,0.0000
prebreak,600007,2026-06-17,S,S,A,C,S,S,A,17.3609,20.7500,19.7500,1.0000,,0,0.0000,0.0000,,0,0.0000,0,0.0000,0.0000,,0,0.0000,0,0.0000,0.0000,,0,0.0000
prebreak,600059,2026-06-17,S,S,A,C,S,S,A,7.7787,8.0800,7.6400,0.4400,,0,0.0000,0.0000,,0,0.0000,0,0.0000,0.0000,,0,0.0000,0,0.0000,0.0000,,0,0.0000
prebreak,600161,2026-06-17,S,S,A,C,S,S,A,12.2704,13.1600,12.5600,0.6000,,0,0.0000,0.0000,,0,0.0000,0,0.0000,0.0000,,0,0.0000,0,0.0000,0.0000,,0,0.0000
prebreak,600928,2026-06-17,S,S,A,C,S,S,A,3.4091,3.5500,3.3600,0.1900,,0,0.0000,0.0000,,0,0.0000,0,0.0000,0.0000,,0,0.0000,0,0.0000,0.0000,,0,0.0000
prebreak,603569,2026-06-17,S,S,A,C,S,S,A,5.3200,5.9200,5.6200,0.3000,,0,0.0000,0.0000,,0,0.0000,0,0.0000,0.0000,,0,0.0000,0,0.0000,0.0000,,0,0.0000
prebreak,603858,2026-06-17,S,S,A,C,S,S,A,15.2131,15.2200,14.6000,0.6200,,0,0.0000,0.0000,,0,0.0000,0,0.0000,0.0000,,0,0.0000,0,0.0000,0.0000,,0,0.0000
prebreak,603939,2026-06-17,S,S,A,C,S,S,A,19.3688,21.2300,20.1800,1.0500,,0,0.0000,0.0000,,0,0.0000,0,0.0000,0.0000,,0,0.0000,0,0.0000,0.0000,,0,0.0000
prebreak,000589,2026-06-18,S,S,A,C,S,S,A,4.2500,4.5600,4.3200,0.2400,,0,0.0000,0.0000,,0,0.0000,0,0.0000,0.0000,,0,0.0000,0,0.0000,0.0000,,0,0.0000
prebreak,000650,2026-06-18,S,S,A,C,S,S,A,4.9924,5.2200,4.9500,0.2700,,0,0.0000,0.0000,,0,0.0000,1,5.2200,5.2260,2026-07-03,0,0.0074,1,5.2200,5.4100,2026-07-17,0,0.6886
prebreak,000686,2026-06-18,S,S,A,C,S,S,A,7.8100,8.0400,7.6200,0.4200,,1,8.0400,8.4100,2026-06-26,0,0.8658,1,8.0400,8.6100,2026-07-03,0,1.3417,1,8.0400,7.9400,2026-07-17,0,-0.2525
prebreak,000958,2026-06-18,S,S,A,C,S,S,A,5.8200,6.3000,6.0000,0.3000,,0,0.0000,0.0000,,0,0.0000,0,0.0000,0.0000,,0,0.0000,0,0.0000,0.0000,,0,0.0000
prebreak,300595,2026-06-18,S,S,A,C,S,S,A,11.0200,12.3000,11.7100,0.5900,,0,0.0000,0.0000,,0,0.0000,0,0.0000,0.0000,,0,0.0000,0,0.0000,0.0000,,0,0.0000
prebreak,600329,2026-06-18,S,S,A,C,S,S,A,35.6374,36.6400,34.7100,1.9300,,0,0.0000,0.0000,,0,0.0000,0,0.0000,0.0000,,0,0.0000,0,0.0000,0.0000,,0,0.0000
prebreak,600587,2026-06-18,S,S,A,C,S,S,A,11.9387,12.8000,12.2300,0.5700,,0,0.0000,0.0000,,0,0.0000,0,0.0000,0.0000,,0,0.0000,1,12.8000,13.0900,2026-07-17,0,0.4914
prebreak,601107,2026-06-18,S,S,A,C,S,S,A,5.3100,5.7200,5.4500,0.2700,,0,0.0000,0.0000,,0,0.0000,0,0.0000,0.0000,,0,0.0000,0,0.0000,0.0000,,0,0.0000
prebreak,601456,2026-06-18,S,S,A,C,S,S,A,9.1082,8.9100,8.4700,0.4400,,1,8.9100,8.8401,2026-06-26,0,-0.1742,1,8.9100,8.9593,2026-07-03,0,0.0965,1,8.9100,8.9096,2026-07-17,0,-0.0163
prebreak,601788,2026-06-18,S,S,A,C,S,S,A,14.1900,14.4400,13.7700,0.6700,,1,14.4400,14.5100,2026-06-26,0,0.0880,1,14.4400,14.9400,2026-07-03,0,0.7294,1,14.4400,14.6100,2026-07-17,0,0.2372
prebreak,601995,2026-06-18,S,S,A,C,S,S,A,33.4000,33.0500,31.2900,1.7600,,1,33.0500,35.5600,2026-06-26,0,1.4110,1,33.0500,36.3800,2026-07-03,0,1.8766,1,33.0500,35.3800,2026-07-17,0,1.3088
prebreak,603195,2026-06-18,S,S,A,C,S,S,A,39.3500,40.8200,38.9000,1.9200,,0,0.0000,0.0000,,0,0.0000,0,0.0000,0.0000,,0,0.0000,0,0.0000,0.0000,,0,0.0000
prebreak,603658,2026-06-18,S,S,A,C,S,S,A,30.4900,32.4100,30.8100,1.6000,,0,0.0000,0.0000,,0,0.0000,0,0.0000,0.0000,,0,0.0000,1,32.4100,32.2300,2026-07-17,0,-0.1278
prebreak,688016,2026-06-18,S,S,A,C,S,S,A,89.1800,104.3000,98.9800,5.3200,,0,0.0000,0.0000,,0,0.0000,0,0.0000,0.0000,,0,0.0000,0,0.0000,0.0000,,0,0.0000
prebreak,688128,2026-06-18,S,S,A,C,S,S,A,26.7700,27.5000,26.1100,1.3900,,0,0.0000,0.0000,,0,0.0000,0,0.0000,0.0000,,0,0.0000,0,0.0000,0.0000,,0,0.0000
prebreak,688271,2026-06-18,S,S,A,C,S,S,A,103.3112,115.5900,109.8900,5.7000,,0,0.0000,0.0000,,0,0.0000,0,0.0000,0.0000,,0,0.0000,0,0.0000,0.0000,,0,0.0000
prebreak,000333,2026-06-22,S,S,A,C,S,S,A,74.4931,80.9300,76.8200,4.1100,,0,0.0000,0.0000,,0,0.0000,0,0.0000,0.0000,,0,0.0000,0,0.0000,0.0000,,0,0.0000
prebreak,002567,2026-06-22,S,S,A,C,S,S,A,3.2500,3.7300,3.5400,0.1900,,0,0.0000,0.0000,,0,0.0000,0,0.0000,0.0000,,0,0.0000,0,0.0000,0.0000,,0,0.0000
prebreak,300070,2026-06-22,S,S,A,C,S,S,A,3.3958,3.5400,3.3600,0.1800,,0,0.0000,0.0000,,0,0.0000,0,0.0000,0.0000,,0,0.0000,0,0.0000,0.0000,,0,0.0000
prebreak,300146,2026-06-22,S,S,A,C,S,S,A,10.2800,9.8200,9.3200,0.5000,,1,9.8200,9.3200,2026-06-26,1,-1.0143,1,9.8200,9.3200,2026-06-26,1,-1.0143,1,9.8200,9.3200,2026-06-26,1,-1.0143
prebreak,600380,2026-06-22,S,S,A,C,S,S,A,9.5616,9.9400,9.4600,0.4800,,0,0.0000,0.0000,,0,0.0000,0,0.0000,0.0000,,0,0.0000,0,0.0000,0.0000,,0,0.0000
prebreak,600496,2026-06-22,S,S,A,C,S,S,A,3.3900,3.9300,3.7600,0.1700,,0,0.0000,0.0000,,0,0.0000,0,0.0000,0.0000,,0,0.0000,0,0.0000,0.0000,,0,0.0000
prebreak,600901,2026-06-22,S,S,A,C,S,S,A,6.1100,6.3400,6.0300,0.3100,,0,0.0000,0.0000,,0,0.0000,0,0.0000,0.0000,,0,0.0000,0,0.0000,0.0000,,0,0.0000
prebreak,601377,2026-06-22,S,S,A,C,S,S,A,6.1379,5.8300,5.6100,0.2200,,1,5.8300,5.9707,2026-06-29,0,0.6188,1,5.8300,6.1084,2026-07-06,0,1.2444,1,5.8300,6.0985,2026-07-20,0,1.1997
prebreak,601568,2026-06-22,S,S,A,C,S,S,A,3.6300,3.7600,3.6200,0.1400,,0,0.0000,0.0000,,0,0.0000,0,0.0000,0.0000,,0,0.0000,0,0.0000,0.0000,,0,0.0000
prebreak,601988,2026-06-22,S,S,A,C,S,S,A,5.8209,6.1700,5.8800,0.2900,,0,0.0000,0.0000,,0,0.0000,0,0.0000,0.0000,,0,0.0000,0,0.0000,0.0000,,0,0.0000
prebreak,001239,2026-06-23,S,S,A,C,S,S,A,14.7000,13.3900,12.6800,0.7100,,0,0.0000,0.0000,,0,0.0000,0,0.0000,0.0000,,0,0.0000,0,0.0000,0.0000,,0,0.0000
prebreak,001914,2026-06-23,S,S,A,C,S,S,A,8.5067,9.4100,8.9800,0.4300,,0,0.0000,0.0000,,0,0.0000,0,0.0000,0.0000,,0,0.0000,0,0.0000,0.0000,,0,0.0000
prebreak,002303,2026-06-23,S,S,A,C,S,S,A,3.5100,3.3200,3.1900,0.1300,,1,3.3200,4.3000,2026-06-30,0,7.5143,1,3.3200,4.1500,2026-07-07,0,6.3612,1,3.3200,4.1300,2026-07-21,0,6.2074
prebreak,002594,2026-06-23,S,S,A,C,S,S,A,84.6837,91.7400,88.3700,3.3700,,0,0.0000,0.0000,,0,0.0000,0,0.0000,0.0000,,0,0.0000,0,0.0000,0.0000,,0,0.0000
prebreak,600109,2026-06-23,S,S,A,C,S,S,A,8.8780,8.8300,8.3700,0.4600,,0,0.0000,0.0000,,0,0.0000,0,0.0000,0.0000,,0,0.0000,0,0.0000,0.0000,,0,0.0000
prebreak,601136,2026-06-23,S,S,A,C,S,S,A,14.7500,14.0600,13.3900,0.6700,,0,0.0000,0.0000,,0,0.0000,0,0.0000,0.0000,,0,0.0000,0,0.0000,0.0000,,0,0.0000
prebreak,601500,2026-06-23,S,S,A,C,S,S,A,3.8400,4.1100,3.9100,0.2000,,0,0.0000,0.0000,,0,0.0000,0,0.0000,0.0000,,0,0.0000,0,0.0000,0.0000,,0,0.0000
prebreak,601825,2026-06-23,S,S,A,C,S,S,A,8.1498,8.7800,8.3200,0.4600,,0,0.0000,0.0000,,0,0.0000,0,0.0000,0.0000,,0,0.0000,0,0.0000,0.0000,,0,0.0000
prebreak,603049,2026-06-23,S,S,A,C,S,S,A,44.2900,45.7800,43.7200,2.0600,,0,0.0000,0.0000,,0,0.0000,1,45.7800,48.7900,2026-07-07,0,1.4434,1,45.7800,48.3300,2026-07-21,0,1.2202
prebreak,603194,2026-06-23,S,S,A,C,S,S,A,36.5400,37.9700,36.1400,1.8300,,1,37.9700,36.1400,2026-06-30,1,-1.0151,1,37.9700,36.1400,2026-06-30,1,-1.0151,1,37.9700,36.1400,2026-06-30,1,-1.0151
prebreak,000333,2026-06-29,S,S,A,C,S,S,A,77.2700,75.9200,72.1800,3.7400,,1,75.9200,80.0000,2026-07-06,0,1.0748,1,75.9200,80.4000,2026-07-13,0,1.1817,1,75.9200,84.1300,2026-07-27,0,2.1784
prebreak,002567,2026-06-29,S,S,A,C,S,S,A,3.3500,3.7300,3.5400,0.1900,,0,0.0000,0.0000,,0,0.0000,0,0.0000,0.0000,,0,0.0000,0,0.0000,0.0000,,0,0.0000
prebreak,002576,2026-06-29,S,S,A,C,S,S,A,13.9900,16.5000,15.6600,0.8400,,0,0.0000,0.0000,,0,0.0000,0,0.0000,0.0000,,0,0.0000,0,0.0000,0.0000,,0,0.0000
prebreak,002839,2026-06-29,S,S,A,C,S,S,A,3.9800,4.2300,4.0300,0.2000,,0,0.0000,0.0000,,0,0.0000,0,0.0000,0.0000,,0,0.0000,0,0.0000,0.0000,,0,0.0000
prebreak,300146,2026-06-29,S,S,A,C,S,S,A,9.3700,9.8200,9.3200,0.5000,,0,0.0000,0.0000,,0,0.0000,0,0.0000,0.0000,,0,0.0000,1,9.8200,9.9800,2026-07-27,0,0.3049
prebreak,600269,2026-06-29,S,S,A,C,S,S,A,3.8880,4.1100,3.9000,0.2100,,1,4.1100,4.1376,2026-07-06,0,0.1165,1,4.1100,4.1400,2026-07-13,0,0.1279,1,4.1100,3.9000,2026-07-16,1,-1.0142
prebreak,600901,2026-06-29,S,S,A,C,S,S,A,5.9400,6.3400,6.0300,0.3100,,0,0.0000,0.0000,,0,0.0000,0,0.0000,0.0000,,0,0.0000,0,0.0000,0.0000,,0,0.0000
prebreak,601326,2026-06-29,S,S,A,C,S,S,A,3.1329,3.2800,3.1000,0.1800,,0,0.0000,0.0000,,0,0.0000,0,0.0000,0.0000,,0,0.0000,1,3.2800,3.4200,2026-07-27,0,0.7634
prebreak,601377,2026-06-29,S,S,A,C,S,S,A,5.9707,5.8300,5.6100,0.2200,,0,0.0000,0.0000,,0,0.0000,0,0.0000,0.0000,,0,0.0000,0,0.0000,0.0000,,0,0.0000
prebreak,601555,2026-06-29,S,S,A,C,S,S,A,7.6888,7.9000,7.5300,0.3700,,1,7.9000,7.9516,2026-07-06,0,0.1232,1,7.9000,7.6888,2026-07-13,0,-0.5866,1,7.9000,7.6888,2026-07-27,0,-0.5866
prebreak,601988,2026-06-29,S,S,A,C,S,S,A,5.6837,6.1700,5.8800,0.2900,,0,0.0000,0.0000,,0,0.0000,0,0.0000,0.0000,,0,0.0000,0,0.0000,0.0000,,0,0.0000
prebreak,001914,2026-06-30,S,S,A,C,S,S,A,7.9240,9.4100,8.9800,0.4300,,0,0.0000,0.0000,,0,0.0000,0,0.0000,0.0000,,0,0.0000,0,0.0000,0.0000,,0,0.0000
prebreak,600109,2026-06-30,S,S,A,C,S,S,A,8.6996,8.8300,8.3700,0.4600,,0,0.0000,0.0000,,0,0.0000,0,0.0000,0.0000,,0,0.0000,0,0.0000,0.0000,,0,0.0000
prebreak,601136,2026-06-30,S,S,A,C,S,S,A,13.8841,14.0600,13.3900,0.6700,,1,14.0600,14.1827,2026-07-07,0,0.1670,1,14.0600,13.9637,2026-07-14,0,-0.1596,1,14.0600,13.9000,2026-07-28,0,-0.2546
prebreak,603194,2026-06-30,S,S,A,C,S,S,A,36.5600,37.9700,36.1400,1.8300,,0,0.0000,0.0000,,0,0.0000,0,0.0000,0.0000,,0,0.0000,0,0.0000,0.0000,,0,0.0000
prebreak,605300,2026-06-30,S,S,A,C,S,S,A,9.7500,9.3100,8.8700,0.4400,,1,9.3100,8.8700,2026-07-07,1,-1.0155,1,9.3100,8.8700,2026-07-07,1,-1.0155,1,9.3100,8.8700,2026-07-07,1,-1.0155
prebreak,002262,2026-07-01,S,S,A,C,S,S,A,19.5700,19.6600,18.6700,0.9900,,0,0.0000,0.0000,,0,0.0000,0,0.0000,0.0000,,0,0.0000,0,0.0000,0.0000,,0,0.0000
prebreak,002332,2026-07-01,S,S,A,C,S,S,A,8.1600,8.2200,7.9000,0.3200,,1,8.2200,8.2900,2026-07-08,0,0.1991,1,8.2200,8.7100,2026-07-15,0,1.5108,1,8.2200,8.4700,2026-07-29,0,0.7612
prebreak,300298,2026-07-01,S,S,A,C,S,S,A,14.3800,15.0000,14.2500,0.7500,,0,0.0000,0.0000,,0,0.0000,0,0.0000,0.0000,,0,0.0000,0,0.0000,0.0000,,0,0.0000
prebreak,300999,2026-07-01,S,S,A,C,S,S,A,24.2100,26.1300,24.8000,1.3300,,0,0.0000,0.0000,,0,0.0000,0,0.0000,0.0000,,0,0.0000,1,26.1300,26.2700,2026-07-29,0,0.0903
prebreak,600008,2026-07-01,S,S,A,C,S,S,A,2.7300,3.1100,2.9500,0.1600,,0,0.0000,0.0000,,0,0.0000,0,0.0000,0.0000,,0,0.0000,0,0.0000,0.0000,,0,0.0000
prebreak,600064,2026-07-01,S,S,A,C,S,S,A,6.9368,7.1100,6.7600,0.3500,,0,0.0000,0.0000,,0,0.0000,0,0.0000,0.0000,,0,0.0000,0,0.0000,0.0000,,0,0.0000
prebreak,600298,2026-07-01,S,S,A,C,S,S,A,36.6500,35.6500,33.8400,1.8100,,0,0.0000,0.0000,,0,0.0000,0,0.0000,0.0000,,0,0.0000,0,0.0000,0.0000,,0,0.0000
prebreak,600690,2026-07-01,S,S,A,C,S,S,A,20.3000,21.3000,20.2800,1.0200,,0,0.0000,0.0000,,0,0.0000,0,0.0000,0.0000,,0,0.0000,0,0.0000,0.0000,,0,0.0000
prebreak,601328,2026-07-01,S,S,A,C,S,S,A,6.2777,6.5100,6.2000,0.3100,,0,0.0000,0.0000,,0,0.0000,0,0.0000,0.0000,,0,0.0000,0,0.0000,0.0000,,0,0.0000
prebreak,601665,2026-07-01,S,S,A,C,S,S,A,5.7071,6.3900,6.1700,0.2200,,0,0.0000,0.0000,,0,0.0000,0,0.0000,0.0000,,0,0.0000,0,0.0000,0.0000,,0,0.0000
prebreak,601963,2026-07-01,S,S,A,C,S,S,A,9.8339,11.9600,11.4400,0.5200,,0,0.0000,0.0000,,0,0.0000,0,0.0000,0.0000,,0,0.0000,0,0.0000,0.0000,,0,0.0000
prebreak,000589,2026-07-03,S,S,A,C,S,S,A,4.2800,4.3800,4.1500,0.2300,,0,0.0000,0.0000,,0,0.0000,0,0.0000,0.0000,,0,0.0000,0,0.0000,0.0000,,0,0.0000
prebreak,000623,2026-07-03,S,S,A,C,S,S,A,18.1730,17.1900,16.5700,0.6200,,0,0.0000,0.0000,,0,0.0000,0,0.0000,0.0000,,0,0.0000,0,0.0000,0.0000,,0,0.0000
prebreak,000650,2026-07-03,S,S,A,C,S,S,A,5.2260,5.2200,4.9500,0.2700,,1,5.2200,5.1189,2026-07-10,0,-0.3889,1,5.2200,5.4100,2026-07-17,0,0.6886,1,5.2200,5.4300,2026-07-31,0,0.7626
prebreak,000686,2026-07-03,S,S,A,C,S,S,A,8.6100,8.0400,7.6200,0.4200,,0,0.0000,0.0000,,0,0.0000,0,0.0000,0.0000,,0,0.0000,0,0.0000,0.0000,,0,0.0000
prebreak,000800,2026-07-03,S,S,A,C,S,S,A,6.1452,6.1800,5.8600,0.3200,,0,0.0000,0.0000,,0,0.0000,0,0.0000,0.0000,,0,0.0000,0,0.0000,0.0000,,0,0.0000
prebreak,000958,2026-07-03,S,S,A,C,S,S,A,5.6400,5.7700,5.5200,0.2500,,0,0.0000,0.0000,,0,0.0000,0,0.0000,0.0000,,0,0.0000,0,0.0000,0.0000,,0,0.0000
prebreak,002603,2026-07-03,S,S,A,C,S,S,A,15.6200,15.1300,14.3800,0.7500,,0,0.0000,0.0000,,0,0.0000,0,0.0000,0.0000,,0,0.0000,0,0.0000,0.0000,,0,0.0000
prebreak,600197,2026-07-03,S,S,A,C,S,S,A,10.0200,10.3000,9.7800,0.5200,,0,0.0000,0.0000,,0,0.0000,0,0.0000,0.0000,,0,0.0000,0,0.0000,0.0000,,0,0.0000
prebreak,600285,2026-07-03,S,S,A,C,S,S,A,20.7300,21.0400,20.0500,0.9900,,0,0.0000,0.0000,,0,0.0000,0,0.0000,0.0000,,0,0.0000,0,0.0000,0.0000,,0,0.0000
prebreak,600329,2026-07-03,S,S,A,C,S,S,A,37.6434,36.6400,34.7100,1.9300,,0,0.0000,0.0000,,0,0.0000,0,0.0000,0.0000,,0,0.0000,0,0.0000,0.0000,,0,0.0000
prebreak,601009,2026-07-03,S,S,A,C,S,S,A,10.4300,11.6700,11.1300,0.5400,,0,0.0000,0.0000,,0,0.0000,0,0.0000,0.0000,,0,0.0000,0,0.0000,0.0000,,0,0.0000
prebreak,601107,2026-07-03,S,S,A,C,S,S,A,5.2100,5.7200,5.4500,0.2700,,0,0.0000,0.0000,,0,0.0000,0,0.0000,0.0000,,0,0.0000,1,5.7200,5.4500,2026-07-22,1,-1.0155
prebreak,601375,2026-07-03,S,S,A,C,S,S,A,4.0700,4.1400,3.9300,0.2100,,0,0.0000,0.0000,,0,0.0000,0,0.0000,0.0000,,0,0.0000,0,0.0000,0.0000,,0,0.0000
prebreak,601456,2026-07-03,S,S,A,C,S,S,A,8.9593,8.9100,8.4700,0.4400,,0,0.0000,0.0000,,0,0.0000,0,0.0000,0.0000,,0,0.0000,0,0.0000,0.0000,,0,0.0000
prebreak,601788,2026-07-03,S,S,A,C,S,S,A,14.9400,14.4400,13.7700,0.6700,,1,14.4400,14.9800,2026-07-10,0,0.7891,1,14.4400,14.6100,2026-07-17,0,0.2372,1,14.4400,14.8000,2026-07-31,0,0.5206
prebreak,603368,2026-07-03,S,S,A,C,S,S,A,15.5800,16.1200,15.4000,0.7200,,0,0.0000,0.0000,,0,0.0000,1,16.1200,15.6300,2026-07-17,0,-0.6971,1,16.1200,15.4000,2026-07-21,1,-1.0164
prebreak,603658,2026-07-03,S,S,A,C,S,S,A,31.0200,32.2500,30.7400,1.5100,,0,0.0000,0.0000,,0,0.0000,1,32.2500,32.2300,2026-07-17,0,-0.0295,1,32.2500,33.1100,2026-07-31,0,0.5529
prebreak,000333,2026-07-06,S,S,A,C,S,S,A,80.0000,75.9200,72.1800,3.7400,,0,0.0000,0.0000,,0,0.0000,0,0.0000,0.0000,,0,0.0000,0,0.0000,0.0000,,0,0.0000
prebreak,000876,2026-07-06,S,S,A,C,S,S,A,7.2900,6.6500,6.3500,0.3000,,1,6.6500,7.0400,2026-07-13,0,1.2823,1,6.6500,7.1300,2026-07-20,0,1.5821,1,6.6500,7.0600,2026-08-03,0,1.3490
prebreak,002293,2026-07-06,S,S,A,C,S,S,A,11.2400,10.4400,9.9700,0.4700,,0,0.0000,0.0000,,0,0.0000,0,0.0000,0.0000,,0,0.0000,0,0.0000,0.0000,,0,0.0000
prebreak,002567,2026-07-06,S,S,A,C,S,S,A,3.6600,3.4500,3.3000,0.1500,,0,0.0000,0.0000,,0,0.0000,0,0.0000,0.0000,,0,0.0000,0,0.0000,0.0000,,0,0.0000
prebreak,002576,2026-07-06,S,S,A,C,S,S,A,14.9200,16.5000,15.6600,0.8400,,0,0.0000,0.0000,,0,0.0000,0,0.0000,0.0000,,0,0.0000,0,0.0000,0.0000,,0,0.0000
prebreak,002839,2026-07-06,S,S,A,C,S,S,A,4.1900,4.0700,3.8600,0.2100,,0,0.0000,0.0000,,0,0.0000,0,0.0000,0.0000,,0,0.0000,0,0.0000,0.0000,,0,0.0000
prebreak,600269,2026-07-06,S,S,A,C,S,S,A,4.1376,3.9400,3.7400,0.2000,,0,0.0000,0.0000,,0,0.0000,0,0.0000,0.0000,,0,0.0000,0,0.0000,0.0000,,0,0.0000
prebreak,600380,2026-07-06,S,S,A,C,S,S,A,10.2500,9.9400,9.4600,0.4800,,0,0.0000,0.0000,,0,0.0000,0,0.0000,0.0000,,0,0.0000,0,0.0000,0.0000,,0,0.0000
prebreak,600901,2026-07-06,S,S,A,C,S,S,A,6.1500,6.6300,6.2900,0.3400,,0,0.0000,0.0000,,0,0.0000,0,0.0000,0.0000,,0,0.0000,1,6.6300,6.4400,2026-08-03,0,-0.5733
prebreak,601000,2026-07-06,S,S,A,C,S,S,A,4.1900,4.2100,4.0300,0.1800,,0,0.0000,0.0000,,0,0.0000,0,0.0000,0.0000,,0,0.0000,0,0.0000,0.0000,,0,0.0000
prebreak,601326,2026-07-06,S,S,A,C,S,S,A,3.2200,3.2800,3.1000,0.1800,,0,0.0000,0.0000,,0,0.0000,1,3.2800,3.3747,2026-07-20,0,0.5118,1,3.2800,3.6000,2026-08-03,0,1.7628
prebreak,601377,2026-07-06,S,S,A,C,S,S,A,6.1084,5.8300,5.6100,0.2200,,0,0.0000,0.0000,,0,0.0000,0,0.0000,0.0000,,0,0.0000,0,0.0000,0.0000,,0,0.0000
prebreak,601555,2026-07-06,S,S,A,C,S,S,A,7.9516,7.3600,7.0500,0.3100,,0,0.0000,0.0000,,0,0.0000,0,0.0000,0.0000,,0,0.0000,0,0.0000,0.0000,,0,0.0000
prebreak,601988,2026-07-06,S,S,A,C,S,S,A,5.5269,5.6700,5.3900,0.2800,,0,0.0000,0.0000,,0,0.0000,0,0.0000,0.0000,,0,0.0000,0,0.0000,0.0000,,0,0.0000
prebreak,000429,2026-07-08,S,S,A,C,S,S,A,14.0939,13.4300,12.7100,0.7200,,1,13.4300,13.3662,2026-07-15,0,-0.1027,1,13.4300,13.6534,2026-07-22,0,0.2960,1,13.4300,13.5960,2026-08-05,0,0.2162
prebreak,002262,2026-07-08,S,S,A,C,S,S,A,19.6200,19.6600,18.6700,0.9900,,0,0.0000,0.0000,,0,0.0000,0,0.0000,0.0000,,0,0.0000,0,0.0000,0.0000,,0,0.0000
prebreak,002332,2026-07-08,S,S,A,C,S,S,A,8.2900,8.5300,8.2100,0.3200,,1,8.5300,8.7100,2026-07-15,0,0.5419,1,8.5300,8.3500,2026-07-22,0,-0.5824,1,8.5300,8.2100,2026-07-24,1,-1.0196
prebreak,002797,2026-07-08,S,S,A,C,S,S,A,6.4387,6.7600,6.4400,0.3200,,0,0.0000,0.0000,,0,0.0000,0,0.0000,0.0000,,0,0.0000,0,0.0000,0.0000,,0,0.0000
prebreak,300999,2026-07-08,S,S,A,C,S,S,A,24.2700,24.9300,23.8900,1.0400,,0,0.0000,0.0000,,0,0.0000,0,0.0000,0.0000,,0,0.0000,0,0.0000,0.0000,,0,0.0000
prebreak,600025,2026-07-08,S,S,A,C,S,S,A,9.4900,9.0900,8.6300,0.4600,,0,0.0000,0.0000,,0,0.0000,0,0.0000,0.0000,,0,0.0000,0,0.0000,0.0000,,0,0.0000
prebreak,600690,2026-07-08,S,S,A,C,S,S,A,20.2900,20.7900,20.0600,0.7300,,1,20.7900,21.0200,2026-07-15,0,0.2932,1,20.7900,21.9200,2026-07-22,0,1.5253,1,20.7900,22.3400,2026-08-05,0,2.1003
prebreak,600975,2026-07-08,S,S,A,C,S,S,A,4.7900,4.8900,4.6900,0.2000,,0,0.0000,0.0000,,0,0.0000,0,0.0000,0.0000,,0,0.0000,0,0.0000,0.0000,,0,0.0000
prebreak,601328,2026-07-08,S,S,A,C,S,S,A,6.5993,6.4900,6.2000,0.2900,,0,0.0000,0.0000,,0,0.0000,0,0.0000,0.0000,,0,0.0000,0,0.0000,0.0000,,0,0.0000
prebreak,601665,2026-07-08,S,S,A,C,S,S,A,5.9518,6.3900,6.1700,0.2200,,0,0.0000,0.0000,,0,0.0000,0,0.0000,0.0000,,0,0.0000,0,0.0000,0.0000,,0,0.0000
prebreak,603855,2026-07-08,S,S,A,C,S,S,A,16.7800,17.0700,16.3200,0.7500,,0,0.0000,0.0000,,0,0.0000,0,0.0000,0.0000,,0,0.0000,0,0.0000,0.0000,,0,0.0000
prebreak,002232,2026-07-09,S,S,A,C,S,S,A,14.2200,15.4200,14.6200,0.8000,,0,0.0000,0.0000,,0,0.0000,0,0.0000,0.0000,,0,0.0000,0,0.0000,0.0000,,0,0.0000
prebreak,002461,2026-07-09,S,S,A,C,S,S,A,7.6900,7.9800,7.6400,0.3400,,0,0.0000,0.0000,,0,0.0000,0,0.0000,0.0000,,0,0.0000,0,0.0000,0.0000,,0,0.0000
prebreak,002727,2026-07-09,S,S,A,C,S,S,A,10.0500,10.5400,9.9900,0.5500,,1,10.5400,11.5300,2026-07-16,0,1.7843,1,10.5400,11.3000,2026-07-23,0,1.3664,1,10.5400,11.3200,2026-08-05,0,1.4027
prebreak,002946,2026-07-09,S,S,A,C,S,S,A,14.0300,16.7100,15.8300,0.8800,,0,0.0000,0.0000,,0,0.0000,0,0.0000,0.0000,,0,0.0000,1,16.7100,17.3000,2026-08-05,0,0.6556
prebreak,300181,2026-07-09,S,S,A,C,S,S,A,13.3200,13.4600,12.9600,0.5000,,0,0.0000,0.0000,,0,0.0000,0,0.0000,0.0000,,0,0.0000,0,0.0000,0.0000,,0,0.0000
prebreak,600886,2026-07-09,S,S,A,C,S,S,A,13.2583,13.3400,12.7800,0.5600,,0,0.0000,0.0000,,0,0.0000,0,0.0000,0.0000,,0,0.0000,0,0.0000,0.0000,,0,0.0000
prebreak,600928,2026-07-09,S,S,A,C,S,S,A,3.3800,3.5500,3.3600,0.1900,,0,0.0000,0.0000,,0,0.0000,0,0.0000,0.0000,,0,0.0000,0,0.0000,0.0000,,0,0.0000
prebreak,600958,2026-07-09,S,S,A,C,S,S,A,9.0669,9.6200,9.1300,0.4900,,0,0.0000,0.0000,,0,0.0000,0,0.0000,0.0000,,0,0.0000,0,0.0000,0.0000,,0,0.0000
prebreak,601398,2026-07-09,S,S,A,C,S,S,A,7.2700,7.2900,6.9400,0.3500,,0,0.0000,0.0000,,0,0.0000,0,0.0000,0.0000,,0,0.0000,0,0.0000,0.0000,,0,0.0000
prebreak,601577,2026-07-09,S,S,A,C,S,S,A,8.7008,8.8500,8.4400,0.4100,,0,0.0000,0.0000,,0,0.0000,0,0.0000,0.0000,,0,0.0000,0,0.0000,0.0000,,0,0.0000
prebreak,601881,2026-07-09,S,S,A,C,S,S,A,12.9621,12.0500,11.5200,0.5300,,0,0.0000,0.0000,,0,0.0000,0,0.0000,0.0000,,0,0.0000,0,0.0000,0.0000,,0,0.0000
prebreak,603519,2026-07-09,S,S,A,C,S,S,A,14.5500,11.8400,11.3000,0.5400,,0,0.0000,0.0000,,0,0.0000,0,0.0000,0.0000,,0,0.0000,0,0.0000,0.0000,,0,0.0000
prebreak,603858,2026-07-09,S,S,A,C,S,S,A,15.4306,15.4300,14.7500,0.6800,,0,0.0000,0.0000,,0,0.0000,0,0.0000,0.0000,,0,0.0000,0,0.0000,0.0000,,0,0.0000
prebreak,000623,2026-07-10,S,S,A,C,S,S,A,17.6400,18.6100,17.6800,0.9300,,1,18.6100,18.0600,2026-07-17,0,-0.6062,1,18.6100,17.6800,2026-07-24,1,-1.0146,1,18.6100,17.6800,2026-07-24,1,-1.0146
prebreak,000650,2026-07-10,S,S,A,C,S,S,A,5.1189,5.2200,4.9500,0.2700,,1,5.2200,5.4100,2026-07-17,0,0.6886,1,5.2200,5.2600,2026-07-24,0,0.1334,1,5.2200,5.3900,2026-08-05,0,0.6145
prebreak,000686,2026-07-10,S,S,A,C,S,S,A,8.1500,8.7800,8.3400,0.4400,,0,0.0000,0.0000,,0,0.0000,0,0.0000,0.0000,,0,0.0000,0,0.0000,0.0000,,0,0.0000
prebreak,002603,2026-07-10,S,S,A,C,S,S,A,15.5100,15.4700,14.7500,0.7200,,1,15.4700,16.5000,2026-07-17,0,1.4133,1,15.4700,16.4000,2026-07-24,0,1.2745,1,15.4700,16.4400,2026-08-05,0,1.3300
prebreak,002867,2026-07-10,S,S,A,C,S,S,A,11.2544,11.5600,11.1600,0.4000,,0,0.0000,0.0000,,0,0.0000,0,0.0000,0.0000,,0,0.0000,0,0.0000,0.0000,,0,0.0000
prebreak,600285,2026-07-10,S,S,A,C,S,S,A,21.7200,21.0400,20.0500,0.9900,,1,21.0400,22.4000,2026-07-17,0,1.3567,1,21.0400,21.9100,2026-07-24,0,0.8621,1,21.0400,22.4700,2026-08-05,0,1.4274
prebreak,600329,2026-07-10,S,S,A,C,S,S,A,37.0500,38.0900,36.5300,1.5600,,0,0.0000,0.0000,,0,0.0000,0,0.0000,0.0000,,0,0.0000,0,0.0000,0.0000,,0,0.0000
prebreak,600739,2026-07-10,S,S,A,C,S,S,A,10.1000,10.3400,9.8200,0.5200,,1,10.3400,10.5400,2026-07-17,0,0.3693,1,10.3400,10.5000,2026-07-24,0,0.2924,1,10.3400,10.8900,2026-08-05,0,1.0419
prebreak,601009,2026-07-10,S,S,A,C,S,S,A,10.6400,10.7900,10.3600,0.4300,,0,0.0000,0.0000,,0,0.0000,0,0.0000,0.0000,,0,0.0000,0,0.0000,0.0000,,0,0.0000
prebreak,601107,2026-07-10,S,S,A,C,S,S,A,5.1900,5.7200,5.4500,0.2700,,0,0.0000,0.0000,,0,0.0000,1,5.7200,5.4500,2026-07-22,1,-1.0155,1,5.7200,5.4500,2026-07-22,1,-1.0155
prebreak,601456,2026-07-10,S,S,A,C,S,S,A,8.8103,9.0800,8.6700,0.4100,,0,0.0000,0.0000,,0,0.0000,0,0.0000,0.0000,,0,0.0000,0,0.0000,0.0000,,0,0.0000
prebreak,601658,2026-07-10,S,S,A,C,S,S,A,4.9447,4.9900,4.7900,0.2000,,0,0.0000,0.0000,,0,0.0000,0,0.0000,0.0000,,0,0.0000,0,0.0000,0.0000,,0,0.0000
prebreak,601838,2026-07-10,S,S,A,C,S,S,A,18.0790,18.2000,17.2500,0.9500,,0,0.0000,0.0000,,0,0.0000,0,0.0000,0.0000,,0,0.0000,0,0.0000,0.0000,,0,0.0000
prebreak,603658,2026-07-10,S,S,A,C,S,S,A,30.7800,31.4200,29.9800,1.4400,,1,31.4200,32.2300,2026-07-17,0,0.5456,1,31.4200,31.4600,2026-07-24,0,0.0112,1,31.4200,32.6600,2026-08-05,0,0.8440
prebreak,688271,2026-07-10,S,S,A,C,S,S,A,108.8222,107.7800,102.6100,5.1700,,0,0.0000,0.0000,,0,0.0000,0,0.0000,0.0000,,0,0.0000,0,0.0000,0.0000,,0,0.0000
prebreak,002387,2026-07-14,S,S,A,C,S,S,A,7.4400,8.2700,7.8800,0.3900,,0,0.0000,0.0000,,0,0.0000,0,0.0000,0.0000,,0,0.0000,0,0.0000,0.0000,,0,0.0000
prebreak,003037,2026-07-14,S,S,A,C,S,S,A,5.6500,5.6600,5.3700,0.2900,,0,0.0000,0.0000,,0,0.0000,0,0.0000,0.0000,,0,0.0000,0,0.0000,0.0000,,0,0.0000
prebreak,600368,2026-07-14,S,S,A,C,S,S,A,3.8400,3.6400,3.4600,0.1800,,1,3.6400,3.7200,2026-07-21,0,0.4288,1,3.6400,3.8000,2026-07-28,0,0.8730,1,3.6400,3.9200,2026-08-05,0,1.5392
prebreak,600621,2026-07-14,S,S,A,C,S,S,A,13.7628,13.4100,12.8000,0.6100,,0,0.0000,0.0000,,0,0.0000,0,0.0000,0.0000,,0,0.0000,0,0.0000,0.0000,,0,0.0000
prebreak,601333,2026-07-14,S,S,A,C,S,S,A,2.9800,3.0100,2.8800,0.1300,,0,0.0000,0.0000,,0,0.0000,0,0.0000,0.0000,,0,0.0000,0,0.0000,0.0000,,0,0.0000
prebreak,603049,2026-07-14,S,S,A,C,S,S,A,47.4300,49.2300,46.8100,2.4200,,0,0.0000,0.0000,,0,0.0000,0,0.0000,0.0000,,0,0.0000,0,0.0000,0.0000,,0,0.0000
prebreak,603194,2026-07-14,S,S,A,C,S,S,A,33.6000,34.1200,32.5100,1.6100,,0,0.0000,0.0000,,0,0.0000,0,0.0000,0.0000,,0,0.0000,0,0.0000,0.0000,,0,0.0000
prebreak,603883,2026-07-14,S,S,A,C,S,S,A,11.9400,11.7700,11.2100,0.5600,,1,11.7700,12.3000,2026-07-21,0,0.9299,1,11.7700,12.3200,2026-07-28,0,0.9656,1,11.7700,12.5600,2026-08-05,0,1.3939
prebreak,000429,2026-07-15,S,S,A,C,S,S,A,13.3662,13.4300,12.7100,0.7200,,0,0.0000,0.0000,,0,0.0000,0,0.0000,0.0000,,0,0.0000,0,0.0000,0.0000,,0,0.0000
prebreak,000937,2026-07-15,S,S,A,C,S,S,A,4.4900,4.3500,4.1200,0.2300,,0,0.0000,0.0000,,0,0.0000,0,0.0000,0.0000,,0,0.0000,0,0.0000,0.0000,,0,0.0000
prebreak,002007,2026-07-15,S,S,A,C,S,S,A,13.3200,13.0500,12.4000,0.6500,,1,13.0500,13.1900,2026-07-22,0,0.2000,1,13.0500,13.2600,2026-07-29,0,0.3076,1,13.0500,13.3000,2026-08-05,0,0.3691
prebreak,002332,2026-07-15,S,S,A,C,S,S,A,8.7100,8.4900,8.0600,0.4300,,1,8.4900,8.3500,2026-07-22,0,-0.3404,1,8.4900,8.4700,2026-07-29,0,-0.0615,1,8.4900,8.6000,2026-08-05,0,0.2406
prebreak,002797,2026-07-15,S,S,A,C,S,S,A,6.4782,6.5200,6.2700,0.2500,,0,0.0000,0.0000,,0,0.0000,0,0.0000,0.0000,,0,0.0000,0,0.0000,0.0000,,0,0.0000
prebreak,300999,2026-07-15,S,S,A,C,S,S,A,25.2900,24.8200,23.7200,1.1000,,0,0.0000,0.0000,,0,0.0000,0,0.0000,0.0000,,0,0.0000,0,0.0000,0.0000,,0,0.0000
prebreak,600025,2026-07-15,S,S,A,C,S,S,A,9.8100,9.0900,8.6300,0.4600,,0,0.0000,0.0000,,0,0.0000,0,0.0000,0.0000,,0,0.0000,0,0.0000,0.0000,,0,0.0000
prebreak,600690,2026-07-15,S,S,A,C,S,S,A,21.0200,20.4900,19.6200,0.8700,,0,0.0000,0.0000,,0,0.0000,0,0.0000,0.0000,,0,0.0000,0,0.0000,0.0000,,0,0.0000
prebreak,601033,2026-07-15,S,S,A,C,S,S,A,14.0300,14.1100,13.5200,0.5900,,0,0.0000,0.0000,,0,0.0000,0,0.0000,0.0000,,0,0.0000,0,0.0000,0.0000,,0,0.0000
prebreak,601328,2026-07-15,S,S,A,C,S,S,A,6.8300,6.4900,6.2000,0.2900,,0,0.0000,0.0000,,0,0.0000,0,0.0000,0.0000,,0,0.0000,0,0.0000,0.0000,,0,0.0000
prebreak,601665,2026-07-15,S,S,A,C,S,S,A,6.1900,6.3900,6.1700,0.2200,,0,0.0000,0.0000,,0,0.0000,0,0.0000,0.0000,,0,0.0000,0,0.0000,0.0000,,0,0.0000
prebreak,002807,2026-07-16,S,S,A,C,S,S,A,3.9800,4.0300,3.8200,0.2100,,1,4.0300,3.9600,2026-07-23,0,-0.3477,1,4.0300,4.1200,2026-07-30,0,0.4137,1,4.0300,4.0400,2026-08-05,0,0.0330
prebreak,301267,2026-07-16,S,S,A,C,S,S,A,16.9100,15.2800,14.4700,0.8100,,0,0.0000,0.0000,,0,0.0000,0,0.0000,0.0000,,0,0.0000,0,0.0000,0.0000,,0,0.0000
prebreak,600928,2026-07-16,S,S,A,C,S,S,A,3.5700,3.5100,3.3400,0.1700,,0,0.0000,0.0000,,0,0.0000,0,0.0000,0.0000,,0,0.0000,0,0.0000,0.0000,,0,0.0000
prebreak,600958,2026-07-16,S,S,A,C,S,S,A,8.9985,9.1700,8.7400,0.4300,,0,0.0000,0.0000,,0,0.0000,0,0.0000,0.0000,,0,0.0000,0,0.0000,0.0000,,0,0.0000
prebreak,601881,2026-07-16,S,S,A,C,S,S,A,12.9000,13.2100,12.5300,0.6800,,0,0.0000,0.0000,,0,0.0000,0,0.0000,0.0000,,0,0.0000,0,0.0000,0.0000,,0,0.0000
prebreak,603858,2026-07-16,S,S,A,C,S,S,A,15.9841,15.4300,14.7500,0.6800,,0,0.0000,0.0000,,0,0.0000,0,0.0000,0.0000,,0,0.0000,0,0.0000,0.0000,,0,0.0000
prebreak,002415,2026-07-20,S,S,A,C,S,S,A,34.2800,32.9700,31.3000,1.6700,,0,0.0000,0.0000,,0,0.0000,0,0.0000,0.0000,,0,0.0000,0,0.0000,0.0000,,0,0.0000
prebreak,002736,2026-07-20,S,S,A,C,S,S,A,10.3100,10.4400,9.8900,0.5500,,0,0.0000,0.0000,,0,0.0000,0,0.0000,0.0000,,0,0.0000,0,0.0000,0.0000,,0,0.0000
prebreak,300146,2026-07-20,S,S,A,C,S,S,A,10.2800,9.4700,8.9800,0.4900,,1,9.4700,9.9800,2026-07-27,0,1.0255,1,9.4700,10.3200,2026-08-03,0,1.7189,1,9.4700,10.3000,2026-08-05,0,1.6781
prebreak,600030,2026-07-20,S,S,A,C,S,S,A,28.2800,28.8900,27.3500,1.5400,,0,0.0000,0.0000,,0,0.0000,0,0.0000,0.0000,,0,0.0000,0,0.0000,0.0000,,0,0.0000
prebreak,600269,2026-07-20,S,S,A,C,S,S,A,4.0700,4.1900,3.9900,0.2000,,0,0.0000,0.0000,,0,0.0000,0,0.0000,0.0000,,0,0.0000,0,0.0000,0.0000,,0,0.0000
prebreak,600901,2026-07-20,S,S,A,C,S,S,A,6.5600,6.2000,5.8800,0.3200,,1,6.2000,6.5500,2026-07-27,0,1.0783,1,6.2000,6.4400,2026-08-03,0,0.7348,1,6.2000,6.3700,2026-08-05,0,0.5162
prebreak,601326,2026-07-20,S,S,A,C,S,S,A,3.3747,3.2300,3.0700,0.1600,,1,3.2300,3.4200,2026-07-27,0,1.1714,1,3.2300,3.6000,2026-08-03,0,2.2957,1,3.2300,3.4500,2026-08-05,0,1.3588
prebreak,601668,2026-07-20,S,S,A,C,S,S,A,4.6500,4.4400,4.2100,0.2300,,1,4.4400,4.6300,2026-07-27,0,0.8109,1,4.4400,4.7600,2026-08-03,0,1.3758,1,4.4400,4.5800,2026-08-05,0,0.5936
prebreak,601988,2026-07-20,S,S,A,C,S,S,A,6.0800,5.9900,5.7400,0.2500,,0,0.0000,0.0000,,0,0.0000,0,0.0000,0.0000,,0,0.0000,0,0.0000,0.0000,,0,0.0000
prebreak,601998,2026-07-20,S,S,A,C,S,S,A,7.5500,7.6200,7.2400,0.3800,,0,0.0000,0.0000,,0,0.0000,0,0.0000,0.0000,,0,0.0000,0,0.0000,0.0000,,0,0.0000
prebreak,000728,2026-07-21,S,S,A,C,S,S,A,7.4200,7.5500,7.1900,0.3600,,0,0.0000,0.0000,,0,0.0000,0,0.0000,0.0000,,0,0.0000,0,0.0000,0.0000,,0,0.0000
prebreak,001914,2026-07-21,S,S,A,C,S,S,A,8.7397,8.4200,8.0200,0.4000,,0,0.0000,0.0000,,0,0.0000,0,0.0000,0.0000,,0,0.0000,0,0.0000,0.0000,,0,0.0000
prebreak,002236,2026-07-21,S,S,A,C,S,S,A,16.5100,17.0300,16.1500,0.8800,,0,0.0000,0.0000,,0,0.0000,0,0.0000,0.0000,,0,0.0000,0,0.0000,0.0000,,0,0.0000
prebreak,600109,2026-07-21,S,S,A,C,S,S,A,8.6600,8.7200,8.3000,0.4200,,0,0.0000,0.0000,,0,0.0000,0,0.0000,0.0000,,0,0.0000,0,0.0000,0.0000,,0,0.0000
prebreak,600479,2026-07-21,S,S,A,C,S,S,A,9.7200,9.8600,9.3300,0.5300,,0,0.0000,0.0000,,0,0.0000,0,0.0000,0.0000,,0,0.0000,0,0.0000,0.0000,,0,0.0000
prebreak,600519,2026-07-21,S,S,A,C,S,S,A,1308.0000,1229.3200,1167.9400,61.3800,,0,0.0000,0.0000,,0,0.0000,0,0.0000,0.0000,,0,0.0000,0,0.0000,0.0000,,0,0.0000
prebreak,600827,2026-07-21,S,S,A,C,S,S,A,7.6700,7.7000,7.3700,0.3300,,0,0.0000,0.0000,,0,0.0000,0,0.0000,0.0000,,0,0.0000,0,0.0000,0.0000,,0,0.0000
prebreak,601008,2026-07-21,S,S,A,C,S,S,A,4.3100,4.2500,4.0500,0.2000,,0,0.0000,0.0000,,0,0.0000,0,0.0000,0.0000,,0,0.0000,0,0.0000,0.0000,,0,0.0000
prebreak,601333,2026-07-21,S,S,A,C,S,S,A,3.0100,3.0600,2.9500,0.1100,,0,0.0000,0.0000,,0,0.0000,0,0.0000,0.0000,,0,0.0000,0,0.0000,0.0000,,0,0.0000
prebreak,603194,2026-07-21,S,S,A,C,S,S,A,33.9200,34.2400,32.5300,1.7100,,0,0.0000,0.0000,,0,0.0000,0,0.0000,0.0000,,0,0.0000,0,0.0000,0.0000,,0,0.0000
prebreak,000552,2026-07-23,S,S,A,C,S,S,A,2.6100,2.5700,2.4500,0.1200,,0,0.0000,0.0000,,0,0.0000,0,0.0000,0.0000,,0,0.0000,0,0.0000,0.0000,,0,0.0000
prebreak,000883,2026-07-23,S,S,A,C,S,S,A,4.7900,4.4200,4.2300,0.1900,,0,0.0000,0.0000,,0,0.0000,0,0.0000,0.0000,,0,0.0000,0,0.0000,0.0000,,0,0.0000
prebreak,000900,2026-07-23,S,S,A,C,S,S,A,3.7200,3.8300,3.6400,0.1900,,0,0.0000,0.0000,,0,0.0000,0,0.0000,0.0000,,0,0.0000,0,0.0000,0.0000,,0,0.0000
prebreak,002807,2026-07-23,S,S,A,C,S,S,A,3.9600,4.0800,3.8900,0.1900,,0,0.0000,0.0000,,0,0.0000,0,0.0000,0.0000,,0,0.0000,0,0.0000,0.0000,,0,0.0000
prebreak,600059,2026-07-23,S,S,A,C,S,S,A,7.8300,7.7500,7.3400,0.4100,,0,0.0000,0.0000,,0,0.0000,0,0.0000,0.0000,,0,0.0000,0,0.0000,0.0000,,0,0.0000
prebreak,600704,2026-07-23,S,S,A,C,S,S,A,4.9700,5.0700,4.8300,0.2400,,0,0.0000,0.0000,,0,0.0000,0,0.0000,0.0000,,0,0.0000,0,0.0000,0.0000,,0,0.0000
prebreak,600886,2026-07-23,S,S,A,C,S,S,A,14.6006,13.3500,12.7800,0.5700,,0,0.0000,0.0000,,0,0.0000,0,0.0000,0.0000,,0,0.0000,0,0.0000,0.0000,,0,0.0000
prebreak,600928,2026-07-23,S,S,A,C,S,S,A,3.5700,3.6600,3.4800,0.1800,,0,0.0000,0.0000,,0,0.0000,0,0.0000,0.0000,,0,0.0000,0,0.0000,0.0000,,0,0.0000
prebreak,600958,2026-07-23,S,S,A,C,S,S,A,9.1200,9.2200,8.8400,0.3800,,0,0.0000,0.0000,,0,0.0000,0,0.0000,0.0000,,0,0.0000,0,0.0000,0.0000,,0,0.0000
prebreak,601398,2026-07-23,S,S,A,C,S,S,A,7.6800,7.7600,7.3500,0.4100,,0,0.0000,0.0000,,0,0.0000,0,0.0000,0.0000,,0,0.0000,0,0.0000,0.0000,,0,0.0000
prebreak,601518,2026-07-23,S,S,A,C,S,S,A,2.7700,2.8600,2.7100,0.1500,,0,0.0000,0.0000,,0,0.0000,0,0.0000,0.0000,,0,0.0000,0,0.0000,0.0000,,0,0.0000
prebreak,601598,2026-07-23,S,S,A,C,S,S,A,5.9900,5.4900,5.2300,0.2600,,0,0.0000,0.0000,,0,0.0000,0,0.0000,0.0000,,0,0.0000,0,0.0000,0.0000,,0,0.0000
prebreak,601881,2026-07-23,S,S,A,C,S,S,A,12.8600,13.0500,12.5400,0.5100,,0,0.0000,0.0000,,0,0.0000,0,0.0000,0.0000,,0,0.0000,0,0.0000,0.0000,,0,0.0000
prebreak,601919,2026-07-23,S,S,A,C,S,S,A,15.2700,15.1800,14.4500,0.7300,,0,0.0000,0.0000,,0,0.0000,0,0.0000,0.0000,,0,0.0000,0,0.0000,0.0000,,0,0.0000
prebreak,603858,2026-07-23,S,S,A,C,S,S,A,15.6184,15.4300,14.7500,0.6800,,0,0.0000,0.0000,,0,0.0000,0,0.0000,0.0000,,0,0.0000,0,0.0000,0.0000,,0,0.0000
prebreak,000999,2026-07-27,S,S,A,C,S,S,A,24.9900,24.4700,23.2600,1.2100,,0,0.0000,0.0000,,0,0.0000,0,0.0000,0.0000,,0,0.0000,0,0.0000,0.0000,,0,0.0000
prebreak,002736,2026-07-27,S,S,A,C,S,S,A,10.1300,10.4700,9.9300,0.5400,,0,0.0000,0.0000,,0,0.0000,0,0.0000,0.0000,,0,0.0000,0,0.0000,0.0000,,0,0.0000
prebreak,300146,2026-07-27,S,S,A,C,S,S,A,9.9800,9.4700,8.9800,0.4900,,0,0.0000,0.0000,,0,0.0000,0,0.0000,0.0000,,0,0.0000,0,0.0000,0.0000,,0,0.0000
prebreak,600030,2026-07-27,S,S,A,C,S,S,A,28.2600,28.7800,27.7100,1.0700,,0,0.0000,0.0000,,0,0.0000,0,0.0000,0.0000,,0,0.0000,0,0.0000,0.0000,,0,0.0000
prebreak,600380,2026-07-27,S,S,A,C,S,S,A,10.1700,10.7200,10.2200,0.5000,,0,0.0000,0.0000,,0,0.0000,0,0.0000,0.0000,,0,0.0000,0,0.0000,0.0000,,0,0.0000
prebreak,601163,2026-07-27,S,S,A,C,S,S,A,12.6200,12.8900,12.3300,0.5600,,0,0.0000,0.0000,,0,0.0000,0,0.0000,0.0000,,0,0.0000,0,0.0000,0.0000,,0,0.0000
prebreak,601988,2026-07-27,S,S,A,C,S,S,A,6.0000,6.0900,5.7900,0.3000,,0,0.0000,0.0000,,0,0.0000,0,0.0000,0.0000,,0,0.0000,0,0.0000,0.0000,,0,0.0000
prebreak,000028,2026-07-28,S,S,A,C,S,S,A,20.3400,20.8100,20.0100,0.8000,,0,0.0000,0.0000,,0,0.0000,0,0.0000,0.0000,,0,0.0000,0,0.0000,0.0000,,0,0.0000
prebreak,000728,2026-07-28,S,S,A,C,S,S,A,7.1000,7.4200,7.0600,0.3600,,0,0.0000,0.0000,,0,0.0000,0,0.0000,0.0000,,0,0.0000,0,0.0000,0.0000,,0,0.0000
prebreak,600079,2026-07-28,S,S,A,C,S,S,A,17.1186,17.3000,16.7000,0.6000,,0,0.0000,0.0000,,0,0.0000,0,0.0000,0.0000,,0,0.0000,0,0.0000,0.0000,,0,0.0000
prebreak,600479,2026-07-28,S,S,A,C,S,S,A,9.5700,9.8600,9.3300,0.5300,,0,0.0000,0.0000,,0,0.0000,0,0.0000,0.0000,,0,0.0000,0,0.0000,0.0000,,0,0.0000
prebreak,600519,2026-07-28,S,S,A,C,S,S,A,1320.0000,1322.6400,1277.0200,45.6200,,0,0.0000,0.0000,,0,0.0000,0,0.0000,0.0000,,0,0.0000,0,0.0000,0.0000,,0,0.0000
prebreak,600827,2026-07-28,S,S,A,C,S,S,A,7.5900,7.7100,7.4000,0.3100,,0,0.0000,0.0000,,0,0.0000,0,0.0000,0.0000,,0,0.0000,0,0.0000,0.0000,,0,0.0000
prebreak,601018,2026-07-28,S,S,A,C,S,S,A,3.4100,3.4600,3.3200,0.1400,,0,0.0000,0.0000,,0,0.0000,0,0.0000,0.0000,,0,0.0000,0,0.0000,0.0000,,0,0.0000
prebreak,601156,2026-07-28,S,S,A,C,S,S,A,17.0300,16.4800,15.6800,0.8000,,0,0.0000,0.0000,,0,0.0000,0,0.0000,0.0000,,0,0.0000,0,0.0000,0.0000,,0,0.0000
prebreak,601288,2026-07-28,S,S,A,C,S,S,A,6.9600,6.4300,6.1900,0.2400,,0,0.0000,0.0000,,0,0.0000,0,0.0000,0.0000,,0,0.0000,0,0.0000,0.0000,,0,0.0000
prebreak,000429,2026-07-29,S,S,A,C,S,S,A,14.0747,13.4300,12.7100,0.7200,,1,13.4300,13.5960,2026-08-05,0,0.2162,1,13.4300,13.5960,2026-08-05,0,0.2162,1,13.4300,13.5960,2026-08-05,0,0.2162
prebreak,000656,2026-07-29,S,S,A,C,S,S,A,1.2300,1.2700,1.2100,0.0600,,0,0.0000,0.0000,,0,0.0000,0,0.0000,0.0000,,0,0.0000,0,0.0000,0.0000,,0,0.0000
prebreak,000795,2026-07-29,S,S,A,C,S,S,A,8.3700,8.4200,8.0600,0.3600,,0,0.0000,0.0000,,0,0.0000,0,0.0000,0.0000,,0,0.0000,0,0.0000,0.0000,,0,0.0000
prebreak,000937,2026-07-29,S,S,A,C,S,S,A,4.7800,4.3500,4.1200,0.2300,,0,0.0000,0.0000,,0,0.0000,0,0.0000,0.0000,,0,0.0000,0,0.0000,0.0000,,0,0.0000
prebreak,002007,2026-07-29,S,S,A,C,S,S,A,13.2600,13.3100,12.6200,0.6900,,0,0.0000,0.0000,,0,0.0000,0,0.0000,0.0000,,0,0.0000,0,0.0000,0.0000,,0,0.0000
prebreak,002332,2026-07-29,S,S,A,C,S,S,A,8.4700,8.5600,8.1500,0.4100,,0,0.0000,0.0000,,0,0.0000,0,0.0000,0.0000,,0,0.0000,0,0.0000,0.0000,,0,0.0000
prebreak,300999,2026-07-29,S,S,A,C,S,S,A,26.2700,26.4500,25.4500,1.0000,,0,0.0000,0.0000,,0,0.0000,0,0.0000,0.0000,,0,0.0000,0,0.0000,0.0000,,0,0.0000
prebreak,600210,2026-07-29,S,S,A,C,S,S,A,6.2500,6.2700,6.0000,0.2700,,0,0.0000,0.0000,,0,0.0000,0,0.0000,0.0000,,0,0.0000,0,0.0000,0.0000,,0,0.0000
prebreak,600582,2026-07-29,S,S,A,C,S,S,A,4.9200,4.9500,4.7700,0.1800,,0,0.0000,0.0000,,0,0.0000,0,0.0000,0.0000,,0,0.0000,0,0.0000,0.0000,,0,0.0000
prebreak,600660,2026-07-29,S,S,A,C,S,S,A,59.1000,56.9100,53.9200,2.9900,,0,0.0000,0.0000,,0,0.0000,0,0.0000,0.0000,,0,0.0000,0,0.0000,0.0000,,0,0.0000
prebreak,600941,2026-07-29,S,S,A,C,S,S,A,97.3000,97.9900,93.6000,4.3900,,1,97.9900,95.9900,2026-08-05,0,-0.4723,1,97.9900,95.9900,2026-08-05,0,-0.4723,1,97.9900,95.9900,2026-08-05,0,-0.4723
prebreak,601328,2026-07-29,S,S,A,C,S,S,A,7.0900,7.1700,6.8800,0.2900,,1,7.1700,6.9300,2026-08-05,0,-0.8459,1,7.1700,6.9300,2026-08-05,0,-0.8459,1,7.1700,6.9300,2026-08-05,0,-0.8459
prebreak,000883,2026-07-30,S,S,A,C,S,S,A,4.7600,4.4200,4.2300,0.1900,,0,0.0000,0.0000,,0,0.0000,0,0.0000,0.0000,,0,0.0000,0,0.0000,0.0000,,0,0.0000
prebreak,001965,2026-07-30,S,S,A,C,S,S,A,10.3270,10.0600,9.6300,0.4300,,1,10.0600,9.6300,2026-08-05,1,-1.0172,1,10.0600,9.6300,2026-08-05,1,-1.0172,1,10.0600,9.6300,2026-08-05,1,-1.0172
prebreak,002727,2026-07-30,S,S,A,C,S,S,A,11.6800,10.5400,9.9900,0.5500,,0,0.0000,0.0000,,0,0.0000,0,0.0000,0.0000,,0,0.0000,0,0.0000,0.0000,,0,0.0000
prebreak,002807,2026-07-30,S,S,A,C,S,S,A,4.1200,4.0800,3.8700,0.2100,,0,0.0000,0.0000,,0,0.0000,0,0.0000,0.0000,,0,0.0000,0,0.0000,0.0000,,0,0.0000
prebreak,301267,2026-07-30,S,S,A,C,S,S,A,16.5800,15.2800,14.4700,0.8100,,0,0.0000,0.0000,,0,0.0000,0,0.0000,0.0000,,0,0.0000,0,0.0000,0.0000,,0,0.0000
prebreak,600704,2026-07-30,S,S,A,C,S,S,A,5.0200,5.0500,4.8300,0.2200,,0,0.0000,0.0000,,0,0.0000,0,0.0000,0.0000,,0,0.0000,0,0.0000,0.0000,,0,0.0000
prebreak,600886,2026-07-30,S,S,A,C,S,S,A,14.8999,14.8500,14.0800,0.7700,,0,0.0000,0.0000,,0,0.0000,0,0.0000,0.0000,,0,0.0000,0,0.0000,0.0000,,0,0.0000
prebreak,600887,2026-07-30,S,S,A,C,S,S,A,27.6900,25.4200,24.3300,1.0900,,0,0.0000,0.0000,,0,0.0000,0,0.0000,0.0000,,0,0.0000,0,0.0000,0.0000,,0,0.0000
prebreak,600928,2026-07-30,S,S,A,C,S,S,A,3.6800,3.6400,3.4900,0.1500,,0,0.0000,0.0000,,0,0.0000,0,0.0000,0.0000,,0,0.0000,0,0.0000,0.0000,,0,0.0000
prebreak,600958,2026-07-30,S,S,A,C,S,S,A,9.2000,9.3000,8.8200,0.4800,,0,0.0000,0.0000,,0,0.0000,0,0.0000,0.0000,,0,0.0000,0,0.0000,0.0000,,0,0.0000
prebreak,601398,2026-07-30,S,S,A,C,S,S,A,8.1500,7.7600,7.3500,0.4100,,0,0.0000,0.0000,,0,0.0000,0,0.0000,0.0000,,0,0.0000,0,0.0000,0.0000,,0,0.0000
prebreak,601881,2026-07-30,S,S,A,C,S,S,A,12.5700,12.8600,12.2600,0.6000,,0,0.0000,0.0000,,0,0.0000,0,0.0000,0.0000,,0,0.0000,0,0.0000,0.0000,,0,0.0000
prebreak,601919,2026-07-30,S,S,A,C,S,S,A,15.7000,15.7300,15.0900,0.6400,,0,0.0000,0.0000,,0,0.0000,0,0.0000,0.0000,,0,0.0000,0,0.0000,0.0000,,0,0.0000
prebreak,603170,2026-07-30,S,S,A,C,S,S,A,13.3300,12.0900,11.4900,0.6000,,1,12.0900,13.1300,2026-08-05,0,1.7169,1,12.0900,13.1300,2026-08-05,0,1.7169,1,12.0900,13.1300,2026-08-05,0,1.7169
prebreak,603858,2026-07-30,S,S,A,C,S,S,A,15.4405,15.8900,15.1700,0.7200,,0,0.0000,0.0000,,0,0.0000,0,0.0000,0.0000,,0,0.0000,0,0.0000,0.0000,,0,0.0000
prebreak,000589,2026-07-31,S,S,A,C,S,S,A,4.3700,4.4200,4.2200,0.2000,,1,4.4200,4.3300,2026-08-05,0,-0.4665,1,4.4200,4.3300,2026-08-05,0,-0.4665,1,4.4200,4.3300,2026-08-05,0,-0.4665
prebreak,000623,2026-07-31,S,S,A,C,S,S,A,18.3700,18.4900,17.5700,0.9200,,0,0.0000,0.0000,,0,0.0000,0,0.0000,0.0000,,0,0.0000,0,0.0000,0.0000,,0,0.0000
prebreak,000650,2026-07-31,S,S,A,C,S,S,A,5.4300,5.5300,5.2400,0.2900,,0,0.0000,0.0000,,0,0.0000,0,0.0000,0.0000,,0,0.0000,0,0.0000,0.0000,,0,0.0000
prebreak,002032,2026-07-31,S,S,A,C,S,S,A,43.5900,43.9900,42.1200,1.8700,,0,0.0000,0.0000,,0,0.0000,0,0.0000,0.0000,,0,0.0000,0,0.0000,0.0000,,0,0.0000
prebreak,002351,2026-07-31,S,S,A,C,S,S,A,10.4000,10.2100,9.6900,0.5200,,0,0.0000,0.0000,,0,0.0000,0,0.0000,0.0000,,0,0.0000,0,0.0000,0.0000,,0,0.0000
prebreak,002603,2026-07-31,S,S,A,C,S,S,A,16.8900,17.0100,16.1800,0.8300,,0,0.0000,0.0000,,0,0.0000,0,0.0000,0.0000,,0,0.0000,0,0.0000,0.0000,,0,0.0000
prebreak,002867,2026-07-31,S,S,A,C,S,S,A,12.9200,12.5200,12.0000,0.5200,,0,0.0000,0.0000,,0,0.0000,0,0.0000,0.0000,,0,0.0000,0,0.0000,0.0000,,0,0.0000
prebreak,600009,2026-07-31,S,S,A,C,S,S,A,24.6800,24.5800,23.5700,1.0100,,0,0.0000,0.0000,,0,0.0000,0,0.0000,0.0000,,0,0.0000,0,0.0000,0.0000,,0,0.0000
prebreak,600036,2026-07-31,S,S,A,C,S,S,A,39.6200,40.6300,38.6100,2.0200,,0,0.0000,0.0000,,0,0.0000,0,0.0000,0.0000,,0,0.0000,0,0.0000,0.0000,,0,0.0000
prebreak,600285,2026-07-31,S,S,A,C,S,S,A,23.0000,22.7900,21.8100,0.9800,,0,0.0000,0.0000,,0,0.0000,0,0.0000,0.0000,,0,0.0000,0,0.0000,0.0000,,0,0.0000
prebreak,600587,2026-07-31,S,S,A,C,S,S,A,12.9800,12.5600,11.9300,0.6300,,0,0.0000,0.0000,,0,0.0000,0,0.0000,0.0000,,0,0.0000,0,0.0000,0.0000,,0,0.0000
prebreak,600861,2026-07-31,S,S,A,C,S,S,A,13.7600,12.8400,12.3200,0.5200,,0,0.0000,0.0000,,0,0.0000,0,0.0000,0.0000,,0,0.0000,0,0.0000,0.0000,,0,0.0000
prebreak,600900,2026-07-31,S,S,A,C,S,S,A,29.0900,29.6300,28.2400,1.3900,,0,0.0000,0.0000,,0,0.0000,0,0.0000,0.0000,,0,0.0000,0,0.0000,0.0000,,0,0.0000
prebreak,600993,2026-07-31,S,S,A,C,S,S,A,24.2995,23.4200,22.3500,1.0700,,0,0.0000,0.0000,,0,0.0000,0,0.0000,0.0000,,0,0.0000,0,0.0000,0.0000,,0,0.0000
prebreak,601788,2026-07-31,S,S,A,C,S,S,A,14.8000,14.8800,14.2900,0.5900,,0,0.0000,0.0000,,0,0.0000,0,0.0000,0.0000,,0,0.0000,0,0.0000,0.0000,,0,0.0000
prebreak,603043,2026-07-31,S,S,A,C,S,S,A,14.1700,13.6300,12.9400,0.6900,,0,0.0000,0.0000,,0,0.0000,0,0.0000,0.0000,,0,0.0000,0,0.0000,0.0000,,0,0.0000
prebreak,603288,2026-07-31,S,S,A,C,S,S,A,38.4400,37.1700,35.5900,1.5800,,0,0.0000,0.0000,,0,0.0000,0,0.0000,0.0000,,0,0.0000,0,0.0000,0.0000,,0,0.0000
prebreak,603368,2026-07-31,S,S,A,C,S,S,A,15.7700,15.7000,14.9300,0.7700,,0,0.0000,0.0000,,0,0.0000,0,0.0000,0.0000,,0,0.0000,0,0.0000,0.0000,,0,0.0000
prebreak,688009,2026-07-31,S,S,A,C,S,S,A,5.1100,5.1500,4.8900,0.2600,,0,0.0000,0.0000,,0,0.0000,0,0.0000,0.0000,,0,0.0000,0,0.0000,0.0000,,0,0.0000
