mode,code,date,grade,PT,TY,DN,DL,LK,SF,close,trigger,stop,risk,prbook_warn,triggered_5d,entry_5d,exit_5d,exit_date_5d,stopped_5d,r_5d,triggered_10d,entry_10d,exit_10d,exit_date_10d,stopped_10d,r_10d,triggered_20d,entry_20d,exit_20d,exit_date_20d,stopped_20d,r_20d
prebreak,600207,2001-03-28,S,S,A,C,S,S,A,16.8095,16.86,16.12,0.74,,1,16.86,16.4525,2001-04-04,0,-0.5676,1,16.86,16.12,2001-04-06,1,-1.0167,1,16.86,16.12,2001-04-06,1,-1.0167
prebreak,600875,2010-04-20,S,S,A,C,S,S,A,19.6364,18.27,17.48,0.79,,1,18.27,20.9683,2010-04-27,0,3.3959,1,18.27,20.5366,2010-05-05,0,2.8497,1,18.27,19.0784,2010-05-19,0,1.0051
prebreak,601628,2010-06-02,S,S,A,C,S,S,A,18.1533,18.83,17.93,0.9,,0,0.0,0.0,,0,0.0,1,18.83,18.9876,2010-06-22,0,0.1592,1,18.83,19.5359,2010-07-06,0,0.7679
prebreak,600054,2010-08-05,S,S,A,C,S,S,A,11.486,11.51,11.01,0.5,,1,11.51,12.1582,2010-08-12,0,1.2781,1,11.51,12.2277,2010-08-19,0,1.4171,1,11.51,12.8884,2010-09-02,0,2.7376
prebreak,002028,2011-03-01,S,S,A,C,S,S,A,12.0441,12.18,11.64,0.54,,1,12.18,12.1613,2011-03-04,0,-0.0517,1,12.18,12.1613,2011-03-04,0,-0.0517,1,12.18,12.1613,2011-03-04,0,-0.0517
prebreak,600600,2011-04-14,S,S,A,C,S,S,A,26.0138,26.21,25.05,1.16,,0,0.0,0.0,,0,0.0,1,26.21,25.9823,2011-04-28,0,-0.2134,1,26.21,27.582,2011-05-13,0,1.1649
prebreak,601601,2011-09-20,S,S,A,C,S,S,A,12.9118,13.18,12.62,0.56,,1,13.18,12.62,2011-09-23,1,-1.0173,1,13.18,12.62,2011-09-23,1,-1.0173,1,13.18,12.62,2011-09-23,1,-1.0173
prebreak,601601,2011-09-27,S,S,A,C,S,S,A,11.9249,13.18,12.62,0.56,,0,0.0,0.0,,0,0.0,0,0.0,0.0,,0,0.0,1,13.18,12.8739,2011-11-01,0,-0.5642
prebreak,600009,2011-10-11,S,S,A,C,S,S,A,9.8022,10.11,9.61,0.5,,1,10.11,10.3435,2011-10-18,0,0.4514,1,10.11,10.688,2011-10-25,0,1.14,1,10.11,10.7619,2011-11-08,0,1.2875
prebreak,601001,2011-10-26,S,S,A,C,S,S,A,11.8739,12.51,11.88,0.63,,0,0.0,0.0,,0,0.0,1,12.51,12.4988,2011-11-09,0,-0.0328,1,12.51,12.2645,2011-11-10,0,-0.4046
prebreak,600779,2011-11-17,S,S,A,C,S,S,A,18.6711,19.51,18.61,0.9,,0,0.0,0.0,,0,0.0,1,19.51,18.61,2011-11-30,1,-1.0158,1,19.51,18.61,2011-11-30,1,-1.0158
prebreak,000858,2011-11-21,S,S,A,C,S,S,A,24.2519,25.19,24.18,1.01,,1,25.19,26.0622,2011-11-28,0,0.844,1,25.19,24.6519,2011-12-05,0,-0.5513,1,25.19,24.18,2011-12-06,1,-1.0183
prebreak,601601,2011-11-29,S,S,A,C,S,S,A,11.9566,12.21,11.64,0.57,,1,12.21,12.0704,2011-12-05,0,-0.261,1,12.21,12.0704,2011-12-05,0,-0.261,1,12.21,12.0704,2011-12-05,0,-0.261
prebreak,000538,2012-04-05,S,S,A,C,S,S,A,17.2378,18.17,17.4,0.77,,0,0.0,0.0,,0,0.0,0,0.0,0.0,,0,0.0,1,18.17,18.1582,2012-05-08,0,-0.0332
prebreak,601001,2012-04-19,S,S,A,C,S,S,A,10.3193,10.54,10.02,0.52,,1,10.54,10.5771,2012-04-26,0,0.0559,1,10.54,11.0146,2012-05-07,0,0.8967,1,10.54,10.02,2012-05-18,1,-1.0148
prebreak,002299,2012-04-20,S,S,A,C,S,S,A,11.0102,11.2,10.7,0.5,,1,11.2,10.8131,2012-04-27,0,-0.7904,1,11.2,11.033,2012-05-02,0,-0.3508,1,11.2,11.033,2012-05-02,0,-0.3508
prebreak,600508,2012-04-26,S,S,A,C,S,S,A,11.3971,11.24,10.71,0.53,,1,11.24,11.8415,2012-05-08,0,1.1181,1,11.24,11.3448,2012-05-15,0,0.1816,1,11.24,11.4024,2012-05-29,0,0.29
prebreak,600875,2012-04-26,S,S,A,C,S,S,A,18.3726,18.5,17.56,0.94,,1,18.5,18.5041,2012-05-07,0,-0.0106,1,18.5,18.1013,2012-05-14,0,-0.4388,1,18.5,17.56,2012-05-21,1,-1.0143
prebreak,000858,2012-05-03,S,S,A,C,S,S,A,24.557,23.67,22.58,1.09,,1,23.67,24.1299,2012-05-10,0,0.4051,1,23.67,23.5563,2012-05-17,0,-0.1208,1,23.67,22.58,2012-05-24,1,-1.0159
prebreak,600875,2012-05-14,S,S,A,C,S,S,A,18.1013,18.67,17.72,0.95,,0,0.0,0.0,,0,0.0,1,18.67,18.3233,2012-05-29,0,-0.3797,1,18.67,18.2822,2012-05-31,0,-0.4229
prebreak,000538,2012-05-22,S,S,A,C,S,S,A,18.1928,18.37,17.64,0.73,,0,0.0,0.0,,0,0.0,1,18.37,18.4904,2012-06-05,0,0.1457,1,18.37,20.3147,2012-06-19,0,2.6432
prebreak,600875,2012-05-22,S,S,A,C,S,S,A,18.0274,18.29,17.47,0.82,,1,18.29,18.3233,2012-05-29,0,0.0236,1,18.29,17.5506,2012-06-05,0,-0.9181,1,18.29,17.47,2012-06-07,1,-1.0163
prebreak,601318,2012-05-31,S,S,A,C,S,S,A,13.5011,13.78,13.18,0.6,,0,0.0,0.0,,0,0.0,1,13.78,14.5454,2012-06-14,0,1.2574,1,13.78,14.858,2012-07-02,0,1.7781
prebreak,601628,2012-06-11,S,S,A,C,S,S,A,13.4623,13.62,13.11,0.51,,1,13.62,14.3598,2012-06-18,0,1.4294,1,13.62,14.0633,2012-06-26,0,0.8484,1,13.62,14.9368,2012-07-10,0,2.56
prebreak,000422,2012-09-03,S,S,A,C,S,S,A,10.9051,11.82,11.22,0.6,,0,0.0,0.0,,0,0.0,1,11.82,11.6101,2012-09-14,0,-0.3646,1,11.82,11.6101,2012-09-14,0,-0.3646
prebreak,000538,2012-09-05,S,S,A,C,S,S,A,20.3321,20.67,19.63,1.04,,1,20.67,21.5187,2012-09-12,0,0.8004,1,20.67,21.366,2012-09-19,0,0.6537,1,20.67,22.0947,2012-10-10,0,1.3539
prebreak,600547,2012-09-14,S,S,A,C,S,S,A,19.023,17.05,16.24,0.81,,1,17.05,19.977,2012-09-21,0,3.5953,1,17.05,20.001,2012-09-28,0,3.6249,1,17.05,18.6442,2012-10-19,0,1.951
prebreak,601888,2012-09-24,S,S,A,C,S,S,A,11.8592,12.87,12.3,0.57,,0,0.0,0.0,,0,0.0,0,0.0,0.0,,0,0.0,1,12.87,12.9111,2012-10-29,0,0.0548
prebreak,000568,2012-10-18,S,S,A,C,S,S,A,26.5707,26.08,24.92,1.16,,1,26.08,25.5586,2012-10-25,0,-0.4663,1,26.08,26.1764,2012-11-01,0,0.0659,1,26.08,24.92,2012-11-06,1,-1.0165
prebreak,600141,2012-12-06,S,S,A,C,S,S,A,10.1652,10.83,10.29,0.54,,1,10.83,10.5181,2012-12-13,0,-0.5924,1,10.83,11.4807,2012-12-20,0,1.1891,1,10.83,11.7054,2013-01-08,0,1.6048
prebreak,002353,2012-12-18,S,S,A,C,S,S,A,20.3968,21.65,20.63,1.02,,1,21.65,21.6998,2012-12-25,0,0.0326,1,21.65,21.7368,2013-01-04,0,0.069,1,21.65,27.6162,2013-01-18,0,5.8294
prebreak,002393,2013-05-10,S,S,A,C,S,S,A,16.8956,17.36,16.49,0.87,,1,17.36,18.1686,2013-05-17,0,0.9137,1,17.36,17.9263,2013-05-24,0,0.6354,1,17.36,16.8291,2013-06-07,0,-0.625
prebreak,002393,2013-05-17,S,S,A,C,S,S,A,18.1686,17.36,16.49,0.87,,1,17.36,17.9073,2013-05-22,0,0.6136,1,17.36,17.9073,2013-05-22,0,0.6136,1,17.36,17.9073,2013-05-22,0,0.6136
prebreak,601808,2013-07-10,S,S,A,C,S,S,A,12.0256,13.36,12.75,0.61,,0,0.0,0.0,,0,0.0,0,0.0,0.0,,0,0.0,1,13.36,13.1583,2013-08-07,0,-0.347
prebreak,600062,2014-02-14,S,S,A,C,S,S,A,11.487,11.73,11.22,0.51,,1,11.73,11.5752,2014-02-21,0,-0.3208,1,11.73,11.22,2014-02-25,1,-1.0169,1,11.73,11.22,2014-02-25,1,-1.0169
prebreak,601336,2014-02-19,S,S,A,C,S,S,A,16.5741,16.76,16.02,0.74,,1,16.76,16.02,2014-02-24,1,-1.0166,1,16.76,16.02,2014-02-24,1,-1.0166,1,16.76,16.02,2014-02-24,1,-1.0166
prebreak,600309,2014-03-21,S,S,A,C,S,S,A,10.2445,10.72,10.19,0.53,,0,0.0,0.0,,0,0.0,1,10.72,10.7885,2014-04-04,0,0.1138,1,10.72,10.19,2014-04-18,1,-1.0147
prebreak,600600,2014-05-16,S,S,A,C,S,S,A,32.7913,33.29,31.81,1.48,,1,33.29,34.7723,2014-05-23,0,0.9838,1,33.29,34.2247,2014-05-30,0,0.6141,1,33.29,32.9362,2014-06-16,0,-0.256
prebreak,000917,2014-06-03,S,S,A,C,S,S,A,13.9795,14.22,13.7,0.52,,1,14.22,13.902,2014-06-09,0,-0.632,1,14.22,13.902,2014-06-09,0,-0.632,1,14.22,13.902,2014-06-09,0,-0.632
prebreak,000917,2014-06-10,S,S,A,C,S,S,A,14.1926,14.45,13.74,0.71,,1,14.45,14.2895,2014-06-17,0,-0.2414,1,14.45,14.0182,2014-06-24,0,-0.6232,1,14.45,16.537,2014-07-08,0,2.9222
prebreak,000917,2014-06-24,S,S,A,C,S,S,A,14.0182,14.74,14.08,0.66,,1,14.74,14.6867,2014-07-01,0,-0.0977,1,14.74,16.537,2014-07-08,0,2.7041,1,14.74,15.3921,2014-07-22,0,0.9705
prebreak,600332,2014-07-14,S,S,A,C,S,S,A,18.5504,20.39,19.46,0.93,,0,0.0,0.0,,0,0.0,0,0.0,0.0,,0,0.0,1,20.39,21.2752,2014-08-11,0,0.9346
prebreak,600535,2014-07-25,S,S,A,C,S,S,A,21.7159,22.03,21.09,0.94,,1,22.03,22.625,2014-08-01,0,0.6147,1,22.03,22.1929,2014-08-08,0,0.1554,1,22.03,22.2378,2014-08-22,0,0.2031
prebreak,600138,2014-09-02,S,S,A,C,S,S,A,14.4916,13.76,13.1,0.66,,1,13.76,15.1121,2014-09-05,0,2.0316,1,13.76,15.1121,2014-09-05,0,2.0316,1,13.76,15.1121,2014-09-05,0,2.0316
prebreak,600058,2014-09-18,S,S,A,C,S,S,A,12.0634,12.28,11.69,0.59,,0,0.0,0.0,,0,0.0,1,12.28,12.322,2014-10-09,0,0.0553,1,12.28,11.69,2014-10-22,1,-1.0152
prebreak,600315,2014-09-18,S,S,A,C,S,S,A,31.4898,32.41,30.82,1.59,,0,0.0,0.0,,0,0.0,1,32.41,32.8049,2014-10-09,0,0.2327,1,32.41,32.1829,2014-10-10,0,-0.1582
prebreak,601888,2014-09-26,S,S,A,C,S,S,A,16.9176,17.41,16.55,0.86,,1,17.41,16.55,2014-09-30,1,-1.0148,1,17.41,16.55,2014-09-30,1,-1.0148,1,17.41,16.55,2014-09-30,1,-1.0148
prebreak,600594,2014-10-14,S,S,A,C,S,S,A,16.3916,16.58,15.88,0.7,,1,16.58,16.6708,2014-10-21,0,0.1117,1,16.58,15.88,2014-10-28,1,-1.0174,1,16.58,15.88,2014-10-28,1,-1.0174
prebreak,002051,2014-10-24,S,S,A,C,S,S,A,10.733,11.35,10.78,0.57,,1,11.35,11.4525,2014-10-31,0,0.1646,1,11.35,14.0827,2014-11-07,0,4.7761,1,11.35,14.3599,2014-11-21,0,5.262
prebreak,600648,2014-10-24,S,S,A,C,S,S,A,20.9791,21.44,20.64,0.8,,1,21.44,21.7709,2014-10-31,0,0.393,1,21.44,21.4617,2014-11-07,0,0.0068,1,21.44,23.8598,2014-11-21,0,3.0024
prebreak,600486,2014-10-29,S,S,A,C,S,S,A,13.7869,13.36,12.73,0.63,,1,13.36,13.4459,2014-11-05,0,0.1201,1,13.36,13.4123,2014-11-12,0,0.0669,1,13.36,14.7038,2014-11-26,0,2.1156
prebreak,002051,2014-10-31,S,S,A,C,S,S,A,11.4525,11.04,10.54,0.5,,1,11.04,14.0827,2014-11-07,0,6.0648,1,11.04,14.4247,2014-11-14,0,6.7484,1,11.04,15.3329,2014-11-28,0,8.5637
prebreak,000538,2014-11-04,S,S,A,C,S,S,A,27.7337,29.03,27.65,1.38,,0,0.0,0.0,,0,0.0,1,29.03,28.2231,2014-11-18,0,-0.6003,1,29.03,28.2231,2014-11-18,0,-0.6003
prebreak,000917,2014-11-05,S,S,A,C,S,S,A,17.247,18.1,17.17,0.93,,0,0.0,0.0,,0,0.0,0,0.0,0.0,,0,0.0,1,18.1,18.5482,2014-12-03,0,0.4669
prebreak,002428,2014-11-05,S,S,A,C,S,S,A,13.5918,14.06,13.48,0.58,,0,0.0,0.0,,0,0.0,0,0.0,0.0,,0,0.0,1,14.06,15.9547,2014-12-03,0,3.2463
prebreak,600654,2014-11-05,S,S,A,C,S,S,A,10.2994,10.5,10.0,0.5,,1,10.5,10.9332,2014-11-12,0,0.85,1,10.5,11.161,2014-11-25,0,1.3052,1,10.5,10.0,2014-12-09,1,-1.0153
prebreak,600292,2014-11-06,S,S,A,C,S,S,A,17.0662,15.94,15.28,0.66,,1,15.94,17.7538,2014-11-13,0,2.7281,1,15.94,16.357,2014-11-20,0,0.613,1,15.94,16.8564,2014-12-04,0,1.3692
prebreak,600436,2014-11-06,S,S,A,C,S,S,A,20.4976,22.17,21.11,1.06,,0,0.0,0.0,,0,0.0,1,22.17,21.4908,2014-11-18,0,-0.6563,1,22.17,21.4908,2014-11-18,0,-0.6563
prebreak,000701,2014-11-12,S,S,A,C,S,S,A,11.7466,12.33,11.81,0.52,,0,0.0,0.0,,0,0.0,1,12.33,12.2475,2014-11-26,0,-0.1766,1,12.33,11.81,2014-12-05,1,-1.0174
prebreak,000917,2014-11-12,S,S,A,C,S,S,A,16.7711,17.81,17.08,0.73,,0,0.0,0.0,,0,0.0,1,17.81,17.8199,2014-11-26,0,-0.005,1,17.81,17.08,2014-12-09,1,-1.0179
prebreak,002428,2014-11-12,S,S,A,C,S,S,A,13.423,13.72,13.01,0.71,,1,13.72,13.6414,2014-11-19,0,-0.1253,1,13.72,14.4059,2014-11-26,0,0.9508,1,13.72,15.1207,2014-12-10,0,1.9569
prebreak,300070,2014-11-12,S,S,A,C,S,S,A,10.7235,11.16,10.6,0.56,,1,11.16,11.2285,2014-11-19,0,0.107,1,11.16,11.1022,2014-11-20,0,-0.1183,1,11.16,11.1022,2014-11-20,0,-0.1183
prebreak,600706,2014-11-12,S,S,A,C,S,S,A,12.3416,11.62,11.03,0.59,,1,11.62,12.4161,2014-11-19,0,1.3335,1,11.62,13.8159,2014-11-26,0,3.7046,1,11.62,12.8634,2014-12-10,0,2.0911
prebreak,600111,2014-11-13,S,S,A,C,S,S,A,14.5046,13.99,13.44,0.55,,1,13.99,13.9438,2014-11-18,0,-0.1033,1,13.99,13.9438,2014-11-18,0,-0.1033,1,13.99,13.9438,2014-11-18,0,-0.1033
prebreak,600436,2014-11-13,S,S,A,C,S,S,A,21.2056,22.17,21.11,1.06,,1,22.17,21.4908,2014-11-18,0,-0.6563,1,22.17,21.4908,2014-11-18,0,-0.6563,1,22.17,21.4908,2014-11-18,0,-0.6563
prebreak,600309,2014-11-14,S,S,A,C,S,S,A,11.1859,11.74,11.16,0.58,,0,0.0,0.0,,0,0.0,0,0.0,0.0,,0,0.0,1,11.74,12.7254,2014-12-12,0,1.6824
prebreak,600648,2014-11-14,S,S,A,C,S,S,A,24.7798,22.06,21.12,0.94,,1,22.06,23.7089,2014-11-19,0,1.7353,1,22.06,23.7089,2014-11-19,0,1.7353,1,22.06,23.7089,2014-11-19,0,1.7353
prebreak,000049,2014-11-17,S,S,A,C,S,S,A,20.2255,20.42,19.6,0.82,,0,0.0,0.0,,0,0.0,0,0.0,0.0,,0,0.0,1,20.42,19.9439,2014-12-08,0,-0.5992
prebreak,600729,2014-11-17,S,S,A,C,S,S,A,12.7187,13.07,12.4,0.67,,0,0.0,0.0,,0,0.0,1,13.07,13.2118,2014-12-01,0,0.1966,1,13.07,14.4091,2014-12-15,0,1.9825
prebreak,000826,2014-11-21,S,S,A,C,S,S,A,16.7623,17.04,16.35,0.69,,1,17.04,17.2064,2014-11-27,0,0.2222,1,17.04,17.2064,2014-11-27,0,0.2222,1,17.04,17.2064,2014-11-27,0,0.2222
prebreak,601601,2014-11-21,S,S,A,C,S,S,A,14.1737,13.52,13.01,0.51,,1,13.52,16.21,2014-11-28,0,5.251,1,13.52,17.9305,2014-12-05,0,8.6224,1,13.52,17.8969,2014-12-19,0,8.5565
prebreak,600535,2014-11-24,S,S,A,C,S,S,A,22.3724,23.19,22.21,0.98,,1,23.19,23.2815,2014-12-01,0,0.0753,1,23.19,23.158,2014-12-03,0,-0.0506,1,23.19,23.158,2014-12-03,0,-0.0506
prebreak,300257,2014-11-25,S,S,A,C,S,S,A,16.9947,16.36,15.65,0.71,,1,16.36,16.6997,2014-12-02,0,0.4607,1,16.36,16.2456,2014-12-09,0,-0.1785,1,16.36,17.388,2014-12-23,0,1.4294
prebreak,002428,2014-11-26,S,S,A,C,S,S,A,14.4059,14.08,13.39,0.69,,1,14.08,15.9547,2014-12-03,0,2.6998,1,14.08,15.1207,2014-12-10,0,1.4919,1,14.08,14.3364,2014-12-24,0,0.3559
prebreak,600805,2014-11-26,S,S,A,C,S,S,A,10.4757,10.56,10.02,0.54,,1,10.56,10.9583,2014-12-03,0,0.7223,1,10.56,11.4599,2014-12-10,0,1.6505,1,10.56,10.8637,2014-12-24,0,0.5472
prebreak,600292,2014-11-27,S,S,A,C,S,S,A,17.4498,15.94,15.28,0.66,,1,15.94,16.8564,2014-12-04,0,1.3692,1,15.94,17.6091,2014-12-11,0,2.5089,1,15.94,16.6827,2014-12-25,0,1.1062
prebreak,601601,2014-11-28,S,S,A,C,S,S,A,16.21,13.52,13.01,0.51,,1,13.52,17.9305,2014-12-05,0,8.6224,1,13.52,16.4923,2014-12-12,0,5.8041,1,13.52,20.1079,2014-12-26,0,12.8892
prebreak,000869,2014-12-02,S,S,A,C,S,S,A,25.5879,25.16,24.04,1.12,,1,25.16,26.7687,2014-12-09,0,1.4184,1,25.16,28.1907,2014-12-16,0,2.6872,1,25.16,28.8726,2014-12-30,0,3.2957
prebreak,002304,2014-12-03,S,S,A,C,S,S,A,33.4318,31.24,29.8,1.44,,1,31.24,35.3875,2014-12-10,0,2.8619,1,31.24,33.837,2014-12-17,0,1.7858,1,31.24,39.539,2014-12-31,0,5.7431
prebreak,600329,2014-12-08,S,S,A,C,S,S,A,10.999,11.54,10.96,0.58,,1,11.54,11.581,2014-12-15,0,0.0555,1,11.54,11.3409,2014-12-17,0,-0.3581,1,11.54,11.3409,2014-12-17,0,-0.3581
prebreak,000701,2014-12-10,S,S,A,C,S,S,A,12.385,12.67,12.1,0.57,,1,12.67,13.2002,2014-12-17,0,0.9126,1,12.67,12.1,2014-12-22,1,-1.0163,1,12.67,12.1,2014-12-22,1,-1.0163
prebreak,002038,2015-01-05,S,S,A,C,S,S,A,15.9656,16.01,15.25,0.76,,1,16.01,16.0688,2015-01-08,0,0.0613,1,16.01,16.0688,2015-01-08,0,0.0613,1,16.01,16.0688,2015-01-08,0,0.0613
prebreak,002186,2015-01-07,S,S,A,C,S,S,A,17.9385,18.36,17.57,0.79,,0,0.0,0.0,,0,0.0,0,0.0,0.0,,0,0.0,1,18.36,18.4248,2015-01-28,0,0.0643
prebreak,600138,2015-01-16,S,S,A,C,S,S,A,16.1847,15.83,15.12,0.71,,1,15.83,16.7428,2015-01-23,0,1.2678,1,15.83,16.2982,2015-01-30,0,0.642,1,15.83,16.459,2015-02-13,0,0.8684
prebreak,000049,2015-01-21,S,S,A,C,S,S,A,19.4304,18.12,17.2,0.92,,1,18.12,20.7721,2015-01-28,0,2.8659,1,18.12,19.5408,2015-02-04,0,1.5284,1,18.12,21.2249,2015-02-25,0,3.3578
prebreak,600097,2015-01-26,S,S,A,C,S,S,A,13.4397,12.05,11.48,0.57,,1,12.05,13.1364,2015-01-29,0,1.8888,1,12.05,13.1364,2015-01-29,0,1.8888,1,12.05,13.1364,2015-01-29,0,1.8888
prebreak,002008,2015-01-27,S,S,A,C,S,S,A,15.805,16.34,15.51,0.83,,0,0.0,0.0,,0,0.0,1,16.34,15.51,2015-02-06,1,-1.0143,1,16.34,15.51,2015-02-06,1,-1.0143
prebreak,002422,2015-01-27,S,S,A,C,S,S,A,13.7389,12.31,11.74,0.57,,1,12.31,14.0847,2015-02-03,0,3.0952,1,12.31,13.2305,2015-02-10,0,1.5974,1,12.31,14.8306,2015-03-03,0,4.403
prebreak,000553,2015-01-29,S,S,A,C,S,S,A,13.4086,14.06,13.34,0.72,,1,14.06,13.34,2015-02-05,1,-1.0142,1,14.06,13.34,2015-02-05,1,-1.0142,1,14.06,13.34,2015-02-05,1,-1.0142
prebreak,600983,2015-02-03,S,S,A,C,S,S,A,10.375,10.73,10.22,0.51,,0,0.0,0.0,,0,0.0,0,0.0,0.0,,0,0.0,1,10.73,10.22,2015-03-09,1,-1.0154
prebreak,000423,2015-02-09,S,S,A,C,S,S,A,27.7975,29.52,28.05,1.47,,0,0.0,0.0,,0,0.0,0,0.0,0.0,,0,0.0,1,29.52,28.7952,2015-03-06,0,-0.508
prebreak,002038,2015-02-09,S,S,A,C,S,S,A,15.8744,16.81,16.2,0.61,,0,0.0,0.0,,0,0.0,1,16.81,16.8266,2015-02-27,0,0.0062,1,16.81,16.8266,2015-02-27,0,0.0062
prebreak,000919,2015-02-10,S,S,A,C,S,S,A,11.0491,11.99,11.39,0.6,,0,0.0,0.0,,0,0.0,1,11.99,11.9073,2015-03-03,0,-0.1529,1,11.99,12.9388,2015-03-17,0,1.5651
prebreak,600847,2015-02-10,S,S,A,C,S,S,A,15.72,16.2,15.41,0.79,,1,16.2,17.89,2015-02-17,0,2.1223,1,16.2,17.68,2015-03-03,0,1.8567,1,16.2,20.2,2015-03-17,0,5.0445
prebreak,600983,2015-02-10,S,S,A,C,S,S,A,9.7227,10.73,10.22,0.51,,0,0.0,0.0,,0,0.0,0,0.0,0.0,,0,0.0,1,10.73,10.22,2015-03-09,1,-1.0154
prebreak,000513,2015-02-11,S,S,A,C,S,S,A,12.1071,12.72,12.13,0.59,,0,0.0,0.0,,0,0.0,1,12.72,12.6382,2015-03-03,0,-0.1549,1,12.72,12.6382,2015-03-03,0,-0.1549
prebreak,000917,2015-02-13,S,S,A,C,S,S,A,17.2858,17.09,16.22,0.87,,1,17.09,19.7718,2015-02-27,0,3.0657,1,17.09,19.6165,2015-03-06,0,2.8872,1,17.09,22.3259,2015-03-20,0,5.9995
prebreak,000963,2015-02-13,S,S,A,C,S,S,A,12.1864,12.93,12.31,0.62,,0,0.0,0.0,,0,0.0,1,12.93,12.6138,2015-03-06,0,-0.5255,1,12.93,12.6138,2015-03-06,0,-0.5255
prebreak,600062,2015-02-13,S,S,A,C,S,S,A,13.6701,12.79,12.2,0.59,,1,12.79,13.8276,2015-02-27,0,1.7411,1,12.79,14.3508,2015-03-06,0,2.6273,1,12.79,16.0272,2015-04-27,0,5.4669
prebreak,600557,2015-02-13,S,S,A,C,S,S,A,18.6373,19.5,18.71,0.79,,0,0.0,0.0,,0,0.0,1,19.5,19.6409,2015-03-06,0,0.1595,1,19.5,20.6445,2015-03-20,0,1.4291
prebreak,000919,2015-02-17,S,S,A,C,S,S,A,11.668,11.99,11.39,0.6,,1,11.99,11.9073,2015-03-03,0,-0.1529,1,11.99,13.3596,2015-03-10,0,2.2661,1,11.99,15.043,2015-03-24,0,5.0699
prebreak,000999,2015-02-26,S,S,A,C,S,S,A,11.4223,11.77,11.27,0.5,,1,11.77,11.3939,2015-03-05,0,-0.7696,1,11.77,11.27,2015-03-06,1,-1.0173,1,11.77,11.27,2015-03-06,1,-1.0173
prebreak,600054,2015-02-26,S,S,A,C,S,S,A,9.6365,9.97,9.46,0.51,,1,9.97,10.0017,2015-03-05,0,0.0473,1,9.97,9.984,2015-03-06,0,0.0126,1,9.97,9.984,2015-03-06,0,0.0126
prebreak,000963,2015-02-27,S,S,A,C,S,S,A,12.4667,12.57,11.96,0.61,,1,12.57,12.6138,2015-03-06,0,0.0562,1,12.57,12.6138,2015-03-06,0,0.0562,1,12.57,12.6138,2015-03-06,0,0.0562
prebreak,600557,2015-02-27,S,S,A,C,S,S,A,19.0842,19.25,18.5,0.75,,1,19.25,19.6409,2015-03-06,0,0.5014,1,19.25,20.0487,2015-03-13,0,1.0447,1,19.25,20.8876,2015-03-27,0,2.1626
prebreak,600315,2015-03-09,S,S,A,C,S,S,A,34.7241,34.33,32.68,1.65,,1,34.33,36.208,2015-03-12,0,1.1216,1,34.33,36.208,2015-03-12,0,1.1216,1,34.33,36.208,2015-03-12,0,1.1216
prebreak,002186,2015-03-11,S,S,A,C,S,S,A,18.8738,19.47,18.62,0.85,,1,19.47,20.0616,2015-03-18,0,0.6781,1,19.47,22.1191,2015-03-25,0,3.0973,1,19.47,22.0537,2015-04-09,0,3.0203
prebreak,002140,2015-03-12,S,S,A,C,S,S,A,14.7146,14.86,14.11,0.75,,1,14.86,15.5019,2015-03-19,0,0.8402,1,14.86,16.2965,2015-03-26,0,1.899,1,14.86,16.7305,2015-04-10,0,2.4774
prebreak,000963,2015-03-13,S,S,A,C,S,S,A,13.5038,13.02,12.36,0.66,,1,13.02,14.8119,2015-03-20,0,2.6983,1,13.02,14.4685,2015-03-27,0,2.1784,1,13.02,16.3863,2015-04-13,0,5.0823
prebreak,000869,2015-03-19,S,S,A,C,S,S,A,30.0868,29.83,28.63,1.2,,1,29.83,32.5399,2015-03-26,0,2.238,1,29.83,33.1886,2015-04-02,0,2.7782,1,29.83,37.5877,2015-04-17,0,6.4418
prebreak,002566,2015-03-20,S,S,A,C,S,S,A,14.455,13.95,13.3,0.65,,1,13.95,14.9279,2015-03-27,0,1.4872,1,13.95,15.9014,2015-04-03,0,2.984,1,13.95,15.7253,2015-04-20,0,2.7132
prebreak,600859,2015-03-23,S,S,A,C,S,S,A,15.2531,14.39,13.68,0.71,,1,14.39,15.8908,2015-03-30,0,2.0971,1,14.39,18.3395,2015-04-07,0,5.5437,1,14.39,18.0589,2015-04-21,0,5.1488
prebreak,000869,2015-03-26,S,S,A,C,S,S,A,32.5399,30.83,29.79,1.04,,1,30.83,33.1886,2015-04-02,0,2.2439,1,30.83,38.0949,2015-04-10,0,6.9586,1,30.83,37.9369,2015-04-24,0,6.8067
prebreak,002041,2015-03-31,S,S,A,C,S,S,A,16.1354,13.5,12.91,0.59,,1,13.5,17.3682,2015-04-08,0,6.5348,1,13.5,16.2439,2015-04-15,0,4.6304,1,13.5,16.9301,2015-04-29,0,5.7927
prebreak,000538,2015-04-02,S,S,A,C,S,S,A,35.8538,36.45,34.64,1.81,,1,36.45,35.7328,2015-04-09,0,-0.4113,1,36.45,35.7328,2015-04-09,0,-0.4113,1,36.45,35.7328,2015-04-09,0,-0.4113
prebreak,600535,2015-04-30,S,S,A,C,S,S,A,26.8952,28.51,27.17,1.34,,0,0.0,0.0,,0,0.0,0,0.0,0.0,,0,0.0,1,28.51,31.2219,2015-05-29,0,2.0064
prebreak,000553,2015-05-04,S,S,A,C,S,S,A,15.0943,15.98,15.23,0.75,,0,0.0,0.0,,0,0.0,0,0.0,0.0,,0,0.0,1,15.98,17.4879,2015-06-01,0,1.993
prebreak,000553,2015-05-25,S,S,A,C,S,S,A,18.162,14.78,14.12,0.66,,1,14.78,16.7649,2015-05-28,0,2.9885,1,14.78,16.7649,2015-05-28,0,2.9885,1,14.78,16.7649,2015-05-28,0,2.9885
prebreak,601877,2016-08-29,S,S,A,C,S,S,A,16.6409,17.02,16.36,0.66,,1,17.02,19.0432,2016-09-13,0,3.0439,1,17.02,19.0029,2016-09-22,0,2.9829,1,17.02,18.3988,2016-10-13,0,2.0681
prebreak,600566,2016-09-28,S,S,A,C,S,S,A,20.1432,20.29,19.44,0.85,,1,20.29,21.6508,2016-10-12,0,1.5818,1,20.29,22.2902,2016-10-19,0,2.3335,1,20.29,23.2324,2016-11-02,0,3.4413
prebreak,002649,2016-10-14,S,S,A,C,S,S,A,11.8249,11.96,11.41,0.55,,0,0.0,0.0,,0,0.0,0,0.0,0.0,,0,0.0,1,11.96,13.916,2016-11-11,0,3.5376
prebreak,000423,2016-10-26,S,S,A,C,S,S,A,46.0157,46.57,44.31,2.26,,0,0.0,0.0,,0,0.0,0,0.0,0.0,,0,0.0,1,46.57,44.8941,2016-11-21,0,-0.7567
prebreak,000423,2016-11-16,S,S,A,C,S,S,A,45.3303,46.25,44.66,1.59,,1,46.25,44.8941,2016-11-21,0,-0.8743,1,46.25,44.8941,2016-11-21,0,-0.8743,1,46.25,44.8941,2016-11-21,0,-0.8743
prebreak,600156,2016-12-13,S,S,A,C,S,S,A,11.8535,11.92,11.33,0.59,,1,11.92,11.6639,2016-12-16,0,-0.4491,1,11.92,11.6639,2016-12-16,0,-0.4491,1,11.92,11.6639,2016-12-16,0,-0.4491
prebreak,600501,2016-12-14,S,S,A,C,S,S,A,17.844,18.93,18.05,0.88,,0,0.0,0.0,,0,0.0,0,0.0,0.0,,0,0.0,1,18.93,20.871,2017-01-12,0,2.1879
prebreak,603099,2016-12-15,S,S,A,C,S,S,A,20.9737,20.8,19.87,0.93,,1,20.8,20.1453,2016-12-22,0,-0.7206,1,20.8,19.87,2016-12-26,1,-1.0164,1,20.8,19.87,2016-12-26,1,-1.0164
prebreak,002598,2016-12-27,S,S,A,C,S,S,A,12.0274,12.24,11.63,0.61,,1,12.24,12.2109,2017-01-04,0,-0.063,1,12.24,12.106,2017-01-11,0,-0.2347,1,12.24,11.63,2017-01-13,1,-1.0146
prebreak,600501,2016-12-28,S,S,A,C,S,S,A,18.3601,18.59,17.88,0.71,,1,18.59,20.9107,2017-01-05,0,3.2466,1,18.59,20.871,2017-01-12,0,3.1907,1,18.59,19.9579,2017-01-26,0,1.9055
prebreak,600703,2016-12-30,S,S,A,C,S,S,A,12.5886,11.85,11.28,0.57,,1,11.85,12.9646,2017-01-09,0,1.9384,1,11.85,13.1808,2017-01-16,0,2.3176,1,11.85,13.6509,2017-02-06,0,3.1417
prebreak,002179,2017-01-04,S,S,A,C,S,S,A,11.5415,10.92,10.4,0.52,,1,10.92,11.5893,2017-01-11,0,1.2703,1,10.92,11.3922,2017-01-18,0,0.8915,1,10.92,12.0014,2017-02-08,0,2.0623
prebreak,600501,2017-01-05,S,S,A,C,S,S,A,20.9107,18.59,17.88,0.71,,1,18.59,20.871,2017-01-12,0,3.1907,1,18.59,19.4022,2017-01-19,0,1.1233,1,18.59,20.7419,2017-02-09,0,3.0091
prebreak,002008,2017-01-09,S,S,A,C,S,S,A,20.387,21.3,20.25,1.05,,0,0.0,0.0,,0,0.0,0,0.0,0.0,,0,0.0,1,21.3,21.7035,2017-02-13,0,0.3686
prebreak,002453,2017-02-03,S,S,A,C,S,S,A,10.13,10.9,10.38,0.52,,1,10.9,10.94,2017-02-10,0,0.0609,1,10.9,10.95,2017-02-17,0,0.0802,1,10.9,10.38,2017-02-27,1,-1.0153
prebreak,000400,2017-02-08,S,S,A,C,S,S,A,16.6112,16.98,16.2,0.78,,1,16.98,17.0537,2017-02-15,0,0.0778,1,16.98,16.2,2017-02-17,1,-1.0159,1,16.98,16.2,2017-02-17,1,-1.0159
prebreak,300084,2017-02-09,S,S,A,C,S,S,A,12.015,12.27,11.68,0.59,,0,0.0,0.0,,0,0.0,0,0.0,0.0,,0,0.0,1,12.27,12.2035,2017-03-09,0,-0.1284
prebreak,002188,2017-02-10,S,S,A,C,S,S,A,28.39,28.86,27.55,1.31,,0,0.0,0.0,,0,0.0,0,0.0,0.0,,0,0.0,1,28.86,28.19,2017-03-02,0,-0.5279
prebreak,002462,2017-02-21,S,S,A,C,S,S,A,31.1427,32.78,31.19,1.59,,0,0.0,0.0,,0,0.0,1,32.78,32.5315,2017-03-07,0,-0.1718,1,32.78,32.5315,2017-03-07,0,-0.1718
prebreak,600526,2017-02-21,S,S,A,C,S,S,A,12.4415,12.54,11.9,0.64,,1,12.54,12.3257,2017-02-28,0,-0.3495,1,12.54,12.3257,2017-03-01,0,-0.3495,1,12.54,12.3257,2017-03-01,0,-0.3495
prebreak,000400,2017-03-01,S,S,A,C,S,S,A,16.4453,16.83,16.25,0.58,,0,0.0,0.0,,0,0.0,0,0.0,0.0,,0,0.0,1,16.83,16.6296,2017-03-29,0,-0.3673
prebreak,000400,2017-03-08,S,S,A,C,S,S,A,16.4084,16.68,16.06,0.62,,0,0.0,0.0,,0,0.0,0,0.0,0.0,,0,0.0,1,16.68,16.6296,2017-03-29,0,-0.1016
prebreak,002009,2017-03-13,S,S,A,C,S,S,A,14.4439,14.65,14.1,0.55,,1,14.65,14.4439,2017-03-20,0,-0.3947,1,14.65,14.4536,2017-03-21,0,-0.3771,1,14.65,14.4536,2017-03-21,0,-0.3771
prebreak,600129,2017-03-13,S,S,A,C,S,S,A,17.2187,17.81,17.02,0.79,,0,0.0,0.0,,0,0.0,1,17.81,17.6713,2017-03-27,0,-0.1926,1,17.81,17.02,2017-03-30,1,-1.0165
prebreak,002023,2017-03-14,S,S,A,C,S,S,A,13.9556,14.45,13.82,0.63,,0,0.0,0.0,,0,0.0,0,0.0,0.0,,0,0.0,1,14.45,14.0146,2017-04-13,0,-0.7081
prebreak,000400,2017-03-15,S,S,A,C,S,S,A,15.8645,16.4,15.82,0.58,,0,0.0,0.0,,0,0.0,1,16.4,16.6296,2017-03-29,0,0.3742,1,16.4,17.0629,2017-04-14,0,1.1207
prebreak,002023,2017-03-21,S,S,A,C,S,S,A,13.5429,14.0,13.45,0.55,,0,0.0,0.0,,0,0.0,0,0.0,0.0,,0,0.0,1,14.0,13.45,2017-04-18,1,-1.0187
prebreak,002373,2017-03-31,S,S,A,C,S,S,A,12.7911,13.87,13.24,0.63,,1,13.87,14.5822,2017-04-11,0,1.113,1,13.87,13.6672,2017-04-18,0,-0.3385,1,13.87,13.24,2017-04-19,1,-1.0161
prebreak,002573,2017-04-05,S,S,A,C,S,S,A,17.5401,17.33,16.65,0.68,,1,17.33,18.5107,2017-04-12,0,1.7158,1,17.33,20.0583,2017-04-19,0,3.9904,1,17.33,19.9184,2017-05-04,0,3.7847
prebreak,600967,2017-04-06,S,S,A,C,S,S,A,13.7995,13.06,12.46,0.6,,1,13.06,14.6653,2017-04-13,0,2.6572,1,13.06,14.3914,2017-04-20,0,2.2011,1,13.06,12.46,2017-05-05,1,-1.0159
prebreak,600150,2017-04-07,S,S,A,C,S,S,A,28.3083,27.59,26.25,1.34,,1,27.59,30.0963,2017-04-14,0,1.8535,1,27.59,27.2838,2017-04-21,0,-0.244,1,27.59,26.25,2017-04-25,1,-1.015
prebreak,603989,2017-04-07,S,S,A,C,S,S,A,25.0523,25.45,24.15,1.3,,0,0.0,0.0,,0,0.0,0,0.0,0.0,,0,0.0,1,25.45,25.4447,2017-05-04,0,-0.0189
prebreak,603968,2017-04-19,S,S,A,C,S,S,A,18.8255,19.19,18.42,0.77,,1,19.19,19.1725,2017-04-24,0,-0.0416,1,19.19,19.1725,2017-04-24,0,-0.0416,1,19.19,19.1725,2017-04-24,0,-0.0416
prebreak,002275,2017-04-20,S,S,A,C,S,S,A,14.5238,13.7,13.14,0.56,,1,13.7,13.14,2017-04-27,1,-1.018,1,13.7,13.14,2017-04-27,1,-1.018,1,13.7,13.14,2017-04-27,1,-1.018
prebreak,002048,2017-04-25,S,S,A,C,S,S,A,17.4085,16.83,16.05,0.78,,1,16.83,16.05,2017-04-27,1,-1.0158,1,16.83,16.05,2017-04-27,1,-1.0158,1,16.83,16.05,2017-04-27,1,-1.0158
prebreak,002424,2017-04-25,S,S,A,C,S,S,A,15.8732,16.56,15.75,0.81,,0,0.0,0.0,,0,0.0,0,0.0,0.0,,0,0.0,1,16.56,16.5847,2017-05-24,0,0.0149
prebreak,600600,2017-04-27,S,S,A,C,S,S,A,26.8958,28.11,26.85,1.26,,0,0.0,0.0,,0,0.0,0,0.0,0.0,,0,0.0,1,28.11,28.031,2017-05-26,0,-0.0796
prebreak,600756,2017-04-27,S,S,A,C,S,S,A,19.2226,20.14,19.26,0.88,,0,0.0,0.0,,0,0.0,0,0.0,0.0,,0,0.0,1,20.14,20.9034,2017-05-26,0,0.8496
prebreak,600706,2017-04-28,S,S,A,C,S,S,A,16.4002,16.21,15.41,0.8,,1,16.21,15.8949,2017-05-08,0,-0.409,1,16.21,15.41,2017-05-09,1,-1.0148,1,16.21,15.41,2017-05-09,1,-1.0148
prebreak,002268,2017-05-02,S,S,A,C,S,S,A,19.0353,19.55,18.65,0.9,,0,0.0,0.0,,0,0.0,1,19.55,19.409,2017-05-16,0,-0.1731,1,19.55,19.0475,2017-05-17,0,-0.5744
prebreak,300001,2017-05-02,S,S,A,C,S,S,A,16.1158,16.52,15.77,0.75,,1,16.52,15.9117,2017-05-08,0,-0.8273,1,16.52,15.9117,2017-05-08,0,-0.8273,1,16.52,15.9117,2017-05-08,0,-0.8273
prebreak,600897,2017-05-04,S,S,A,C,S,S,A,13.2845,13.48,12.94,0.54,,0,0.0,0.0,,0,0.0,0,0.0,0.0,,0,0.0,1,13.48,13.6471,2017-06-05,0,0.2902
prebreak,000669,2017-05-09,S,S,A,C,S,S,A,10.8668,11.93,11.34,0.59,,0,0.0,0.0,,0,0.0,1,11.93,11.34,2017-05-19,1,-1.0147,1,11.93,11.34,2017-05-19,1,-1.0147
prebreak,002643,2017-05-09,S,S,A,C,S,S,A,13.2298,12.88,12.31,0.57,,1,12.88,13.7181,2017-05-16,0,1.4522,1,12.88,13.0814,2017-05-23,0,0.336,1,12.88,12.31,2017-06-01,1,-1.0165
prebreak,600004,2017-05-12,S,S,A,C,S,S,A,10.0425,10.41,9.9,0.51,,1,10.41,10.3355,2017-05-18,0,-0.1615,1,10.41,10.3355,2017-05-18,0,-0.1615,1,10.41,10.3355,2017-05-18,0,-0.1615
prebreak,000669,2017-05-16,S,S,A,C,S,S,A,11.3923,11.93,11.34,0.59,,1,11.93,11.34,2017-05-19,1,-1.0147,1,11.93,11.34,2017-05-19,1,-1.0147,1,11.93,11.34,2017-05-19,1,-1.0147
prebreak,002643,2017-05-16,S,S,A,C,S,S,A,13.7181,12.88,12.31,0.57,,1,12.88,13.0814,2017-05-23,0,0.336,1,12.88,12.31,2017-06-01,1,-1.0165,1,12.88,12.31,2017-06-01,1,-1.0165
prebreak,600566,2017-05-16,S,S,A,C,S,S,A,22.662,22.73,21.58,1.15,,1,22.73,22.5726,2017-05-19,0,-0.1518,1,22.73,22.5726,2017-05-19,0,-0.1518,1,22.73,22.5726,2017-05-19,0,-0.1518
prebreak,002223,2017-05-17,S,S,A,C,S,S,A,18.8114,19.85,18.87,0.98,,0,0.0,0.0,,0,0.0,0,0.0,0.0,,0,0.0,1,19.85,20.1292,2017-06-09,0,0.2693
prebreak,002232,2017-05-17,S,S,A,C,S,S,A,13.6077,12.1,11.59,0.51,,1,12.1,13.5883,2017-05-24,0,2.8983,1,12.1,13.6756,2017-06-02,0,3.0694,1,12.1,12.1683,2017-06-16,0,0.1158
prebreak,603369,2017-05-19,S,S,A,C,S,S,A,10.4845,10.89,10.35,0.54,,0,0.0,0.0,,0,0.0,0,0.0,0.0,,0,0.0,1,10.89,10.8854,2017-06-20,0,-0.0238
prebreak,002232,2017-05-24,S,S,A,C,S,S,A,13.5883,12.1,11.59,0.51,,1,12.1,13.6756,2017-06-02,0,3.0694,1,12.1,12.987,2017-06-09,0,1.72,1,12.1,11.7285,2017-06-23,0,-0.7461
prebreak,002019,2017-05-31,S,S,A,C,S,S,A,13.4115,13.78,13.12,0.66,,1,13.78,13.8018,2017-06-07,0,0.0172,1,13.78,13.9784,2017-06-14,0,0.2846,1,13.78,15.0194,2017-06-28,0,1.8608
prebreak,600332,2017-06-05,S,S,A,C,S,S,A,22.6207,23.37,22.31,1.06,,1,23.37,23.9393,2017-06-12,0,0.52,1,23.37,23.2841,2017-06-19,0,-0.0977,1,23.37,23.9802,2017-07-03,0,0.5586
prebreak,002597,2017-06-08,S,S,A,C,S,S,A,16.3879,16.19,15.42,0.77,,1,16.19,17.1105,2017-06-15,0,1.1787,1,16.19,17.4178,2017-06-22,0,1.5776,1,16.19,17.584,2017-07-06,0,1.7932
prebreak,600729,2017-06-08,S,S,A,C,S,S,A,15.5265,15.74,14.99,0.75,,1,15.74,15.4786,2017-06-15,0,-0.3643,1,15.74,15.4786,2017-06-15,0,-0.3643,1,15.74,15.4786,2017-06-15,0,-0.3643
prebreak,603589,2017-06-09,S,S,A,C,S,S,A,28.3982,28.17,27.09,1.08,,1,28.17,28.3129,2017-06-14,0,0.1124,1,28.17,28.3129,2017-06-14,0,0.1124,1,28.17,28.3129,2017-06-14,0,0.1124
prebreak,000998,2017-06-13,S,S,A,C,S,S,A,20.8417,21.14,20.13,1.01,,0,0.0,0.0,,0,0.0,0,0.0,0.0,,0,0.0,1,21.14,21.9078,2017-07-11,0,0.7438
prebreak,600335,2017-06-13,S,S,A,C,S,S,A,9.7998,10.61,10.07,0.54,,1,10.61,10.3603,2017-06-20,0,-0.477,1,10.61,10.703,2017-06-27,0,0.1572,1,10.61,10.437,2017-07-11,0,-0.3352
prebreak,000581,2017-06-15,S,S,A,C,S,S,A,13.9501,14.34,13.73,0.61,,1,14.34,14.4526,2017-06-22,0,0.1667,1,14.34,15.8573,2017-06-29,0,2.468,1,14.34,15.9018,2017-07-13,0,2.5409
prebreak,600729,2017-06-15,S,S,A,C,S,S,A,15.4786,15.98,15.22,0.76,,0,0.0,0.0,,0,0.0,1,15.98,16.2325,2017-06-29,0,0.316,1,15.98,16.1008,2017-07-13,0,0.1429
prebreak,600420,2017-06-16,S,S,A,C,S,S,A,13.7298,14.16,13.55,0.61,,0,0.0,0.0,,0,0.0,0,0.0,0.0,,0,0.0,1,14.16,13.55,2017-07-14,1,-1.017
prebreak,002142,2017-06-19,S,S,A,C,S,S,A,10.3964,10.79,10.28,0.51,,1,10.79,10.8073,2017-06-26,0,0.0179,1,10.79,11.3591,2017-07-03,0,1.0992,1,10.79,12.747,2017-07-17,0,3.8187
prebreak,600085,2017-06-19,S,S,A,C,S,S,A,28.7273,29.67,28.51,1.16,,1,29.67,30.7456,2017-06-26,0,0.9072,1,29.67,30.1689,2017-07-03,0,0.4104,1,29.67,28.6661,2017-07-17,0,-0.8843
prebreak,002583,2017-06-20,S,S,A,C,S,S,A,14.8976,15.14,14.63,0.51,,1,15.14,15.482,2017-06-27,0,0.6476,1,15.14,16.1357,2017-07-04,0,1.9286,1,15.14,15.8287,2017-07-18,0,1.3269
prebreak,000400,2017-06-21,S,S,A,C,S,S,A,15.4958,15.79,15.06,0.73,,1,15.79,16.4084,2017-06-28,0,0.8301,1,15.79,16.731,2017-07-05,0,1.2718,1,15.79,15.7948,2017-07-19,0,-0.0098
prebreak,600315,2017-06-21,S,S,A,C,S,S,A,28.5305,27.18,26.14,1.04,,1,27.18,29.334,2017-06-28,0,2.05,1,27.18,29.2312,2017-07-05,0,1.9512,1,27.18,28.5488,2017-07-19,0,1.2954
prebreak,600056,2017-06-23,S,S,A,C,S,S,A,15.244,15.61,14.98,0.63,,1,15.61,15.4875,2017-06-28,0,-0.2131,1,15.61,15.4875,2017-06-28,0,-0.2131,1,15.61,15.4875,2017-06-28,0,-0.2131
prebreak,000998,2017-06-27,S,S,A,C,S,S,A,20.2174,20.86,19.97,0.89,,1,20.86,22.0999,2017-07-04,0,1.3745,1,20.86,21.9078,2017-07-11,0,1.1588,1,20.86,22.355,2017-07-25,0,1.6609
prebreak,002583,2017-07-04,S,S,A,C,S,S,A,16.1357,15.4,14.63,0.77,,1,15.4,15.8782,2017-07-11,0,0.6054,1,15.4,15.8287,2017-07-18,0,0.5412,1,15.4,16.3437,2017-08-01,0,1.2097
prebreak,002142,2017-07-10,S,S,A,C,S,S,A,11.318,10.74,10.22,0.52,,1,10.74,12.747,2017-07-17,0,3.8415,1,10.74,12.4983,2017-07-24,0,3.3635,1,10.74,11.8687,2017-08-07,0,2.1535
prebreak,601969,2017-07-19,S,S,A,C,S,S,A,11.2795,10.43,9.9,0.53,,1,10.43,11.194,2017-07-26,0,1.4257,1,10.43,11.8492,2017-08-02,0,2.661,1,10.43,10.7098,2017-08-16,0,0.5127
prebreak,300463,2017-07-21,S,S,A,C,S,S,A,20.2445,23.65,22.59,1.06,,0,0.0,0.0,,0,0.0,0,0.0,0.0,,0,0.0,1,23.65,23.4025,2017-08-18,0,-0.2503
prebreak,000999,2017-07-25,S,S,A,C,S,S,A,13.7967,14.27,13.65,0.62,,0,0.0,0.0,,0,0.0,0,0.0,0.0,,0,0.0,1,14.27,14.3023,2017-08-22,0,0.0346
prebreak,000513,2017-07-26,S,S,A,C,S,S,A,21.0998,22.03,20.95,1.08,,0,0.0,0.0,,0,0.0,0,0.0,0.0,,0,0.0,1,22.03,21.7871,2017-08-23,0,-0.2403
prebreak,000792,2017-07-27,S,S,A,C,S,S,A,10.92,10.75,10.23,0.52,,1,10.75,12.45,2017-08-03,0,3.2515,1,10.75,11.36,2017-08-10,0,1.1566,1,10.75,11.08,2017-08-24,0,0.6185
prebreak,300050,2017-07-31,S,S,A,C,S,S,A,10.3374,10.36,9.84,0.52,,1,10.36,10.0782,2017-08-03,0,-0.5567,1,10.36,10.0782,2017-08-03,0,-0.5567,1,10.36,10.0782,2017-08-03,0,-0.5567
prebreak,600872,2017-07-31,S,S,A,C,S,S,A,17.1783,16.7,15.93,0.77,,1,16.7,17.494,2017-08-07,0,1.0141,1,16.7,19.6684,2017-08-14,0,3.8361,1,16.7,19.2353,2017-08-28,0,3.2741
prebreak,300476,2017-08-03,S,S,A,C,S,S,A,12.6526,12.4,11.81,0.59,,1,12.4,12.3384,2017-08-08,0,-0.1203,1,12.4,12.3384,2017-08-08,0,-0.1203,1,12.4,12.3384,2017-08-08,0,-0.1203
prebreak,603188,2017-08-03,S,S,A,C,S,S,A,19.0791,18.66,17.72,0.94,,1,18.66,18.6215,2017-08-08,0,-0.056,1,18.66,18.6215,2017-08-08,0,-0.056,1,18.66,18.6215,2017-08-08,0,-0.056
prebreak,002048,2017-08-04,S,S,A,C,S,S,A,14.2404,15.02,14.31,0.71,,0,0.0,0.0,,0,0.0,0,0.0,0.0,,0,0.0,1,15.02,16.0113,2017-09-01,0,1.3792
prebreak,600990,2017-08-04,S,S,A,C,S,S,A,34.4005,34.65,33.2,1.45,,0,0.0,0.0,,0,0.0,1,34.65,34.2336,2017-08-18,0,-0.3051,1,34.65,34.2509,2017-08-21,0,-0.2932
prebreak,002038,2017-08-08,S,S,A,C,S,S,A,15.6402,16.26,15.55,0.71,,0,0.0,0.0,,0,0.0,0,0.0,0.0,,0,0.0,1,16.26,16.9986,2017-09-05,0,1.0222
prebreak,300003,2017-08-08,S,S,A,C,S,S,A,18.3062,19.49,18.52,0.97,,1,19.49,19.2953,2017-08-14,0,-0.2159,1,19.49,19.2953,2017-08-14,0,-0.2159,1,19.49,19.2953,2017-08-14,0,-0.2159
prebreak,603919,2017-08-08,S,S,A,C,S,S,A,13.9537,13.05,12.41,0.64,,1,13.05,14.7748,2017-08-15,0,2.6779,1,13.05,13.8392,2017-08-22,0,1.2169,1,13.05,13.6911,2017-09-05,0,0.9856
prebreak,000400,2017-08-09,S,S,A,C,S,S,A,15.285,16.25,15.44,0.81,,0,0.0,0.0,,0,0.0,0,0.0,0.0,,0,0.0,1,16.25,16.0266,2017-09-05,0,-0.2909
prebreak,600315,2017-08-09,S,S,A,C,S,S,A,28.8012,29.28,28.04,1.24,,0,0.0,0.0,,0,0.0,1,29.28,29.2218,2017-08-22,0,-0.0648,1,29.28,29.2218,2017-08-22,0,-0.0648
prebreak,000860,2017-08-14,S,S,A,C,S,S,A,16.0101,15.49,14.84,0.65,,1,15.49,15.7621,2017-08-17,0,0.4002,1,15.49,15.7621,2017-08-17,0,0.4002,1,15.49,15.7621,2017-08-17,0,0.4002
prebreak,600315,2017-08-16,S,S,A,C,S,S,A,28.3618,28.85,27.75,1.1,,1,28.85,29.2218,2017-08-22,0,0.3179,1,28.85,29.2218,2017-08-22,0,0.3179,1,28.85,29.2218,2017-08-22,0,0.3179
prebreak,000756,2017-08-21,S,S,A,C,S,S,A,10.9959,10.68,10.17,0.51,,1,10.68,10.7277,2017-08-24,0,0.0775,1,10.68,10.7277,2017-08-24,0,0.0775,1,10.68,10.7277,2017-08-24,0,0.0775
prebreak,002311,2017-08-21,S,S,A,C,S,S,A,16.5294,16.94,16.12,0.82,,1,16.94,16.8179,2017-08-28,0,-0.1646,1,16.94,16.8539,2017-08-29,0,-0.1206,1,16.94,16.8539,2017-08-29,0,-0.1206
prebreak,002673,2017-08-23,S,S,A,C,S,S,A,14.3489,13.55,13.02,0.53,,1,13.55,14.5475,2017-08-30,0,1.8614,1,13.55,14.3128,2017-09-06,0,1.419,1,13.55,14.3038,2017-09-20,0,1.4019
prebreak,300054,2017-08-25,S,S,A,C,S,S,A,9.5953,10.42,9.92,0.5,,0,0.0,0.0,,0,0.0,0,0.0,0.0,,0,0.0,1,10.42,10.3547,2017-09-22,0,-0.1465
prebreak,601688,2017-08-28,S,S,A,C,S,S,A,18.6385,16.3,15.66,0.64,,1,16.3,19.072,2017-09-04,0,4.3092,1,16.3,18.1069,2017-09-11,0,2.8022,1,16.3,18.1233,2017-09-25,0,2.8278
prebreak,603288,2017-08-28,S,S,A,C,S,S,A,17.3124,18.08,17.18,0.9,,0,0.0,0.0,,0,0.0,0,0.0,0.0,,0,0.0,1,18.08,19.2818,2017-09-25,0,1.3192
prebreak,000701,2017-08-29,S,S,A,C,S,S,A,14.1952,13.92,13.24,0.68,,1,13.92,13.3707,2017-09-01,0,-0.8229,1,13.92,13.3707,2017-09-01,0,-0.8229,1,13.92,13.3707,2017-09-01,0,-0.8229
prebreak,600668,2017-08-29,S,S,A,C,S,S,A,13.2769,13.53,12.98,0.55,,0,0.0,0.0,,0,0.0,0,0.0,0.0,,0,0.0,1,13.53,13.1639,2017-09-18,0,-0.6839
prebreak,300307,2017-09-01,S,S,A,C,S,S,A,10.1261,10.13,9.61,0.52,,1,10.13,9.9387,2017-09-08,0,-0.3824,1,10.13,9.9574,2017-09-15,0,-0.3464,1,10.13,9.61,2017-09-25,1,-1.0142
prebreak,002311,2017-09-04,S,S,A,C,S,S,A,16.6827,17.17,16.55,0.62,,1,17.17,16.7818,2017-09-07,0,-0.6468,1,17.17,16.7818,2017-09-07,0,-0.6468,1,17.17,16.7818,2017-09-07,0,-0.6468
prebreak,300001,2017-09-07,S,S,A,C,S,S,A,15.6304,16.0,15.35,0.65,,1,16.0,16.9735,2017-09-14,0,1.478,1,16.0,17.2362,2017-09-21,0,1.882,1,16.0,16.117,2017-10-12,0,0.1612
prebreak,600062,2017-09-08,S,S,A,C,S,S,A,14.6738,14.99,14.46,0.53,,0,0.0,0.0,,0,0.0,0,0.0,0.0,,0,0.0,1,14.99,15.05,2017-10-13,0,0.0917
prebreak,000963,2017-09-11,S,S,A,C,S,S,A,22.8613,23.76,22.59,1.17,,0,0.0,0.0,,0,0.0,1,23.76,23.7728,2017-09-25,0,-0.0045,1,23.76,23.7434,2017-09-27,0,-0.0296
prebreak,300050,2017-09-11,S,S,A,C,S,S,A,10.6963,11.06,10.5,0.56,,0,0.0,0.0,,0,0.0,1,11.06,10.8558,2017-09-25,0,-0.3795,1,11.06,10.5,2017-09-26,1,-1.0144
prebreak,000869,2017-09-12,S,S,A,C,S,S,A,30.4069,31.6,30.12,1.48,,0,0.0,0.0,,0,0.0,1,31.6,32.0363,2017-09-26,0,0.2784,1,31.6,32.9242,2017-10-17,0,0.878
prebreak,002117,2017-09-13,S,S,A,C,S,S,A,10.6717,11.26,10.73,0.53,,1,11.26,10.9482,2017-09-19,0,-0.6041,1,11.26,10.9482,2017-09-19,0,-0.6041,1,11.26,10.9482,2017-09-19,0,-0.6041
prebreak,600062,2017-09-15,S,S,A,C,S,S,A,14.5848,14.72,14.16,0.56,,0,0.0,0.0,,0,0.0,0,0.0,0.0,,0,0.0,1,14.72,15.2895,2017-10-20,0,0.9963
prebreak,002311,2017-09-18,S,S,A,C,S,S,A,17.3316,17.65,16.82,0.83,,0,0.0,0.0,,0,0.0,0,0.0,0.0,,0,0.0,1,17.65,17.9354,2017-10-23,0,0.3275
prebreak,300347,2017-09-18,S,S,A,C,S,S,A,17.9732,17.34,16.47,0.87,,1,17.34,18.4685,2017-09-25,0,1.2812,1,17.34,18.9258,2017-10-09,0,1.8065,1,17.34,20.323,2017-10-23,0,3.4114
prebreak,300335,2017-09-22,S,S,A,C,S,S,A,15.8851,16.54,15.73,0.81,,0,0.0,0.0,,0,0.0,1,16.54,17.0618,2017-10-13,0,0.6283,1,16.54,17.3187,2017-10-27,0,0.9452
prebreak,000988,2017-09-26,S,S,A,C,S,S,A,15.9858,16.91,16.09,0.82,,1,16.91,17.4842,2017-10-10,0,0.6841,1,16.91,16.8323,2017-10-17,0,-0.1104,1,16.91,17.5134,2017-10-31,0,0.7197
prebreak,000938,2017-09-29,S,S,A,C,S,S,A,21.7122,21.01,20.05,0.96,,1,21.01,22.0793,2017-10-13,0,1.0965,1,21.01,21.3874,2017-10-20,0,0.3762,1,21.01,22.5912,2017-11-03,0,1.6294
prebreak,600486,2017-09-29,S,S,A,C,S,S,A,27.0487,27.48,26.31,1.17,,1,27.48,29.639,2017-10-13,0,1.8263,1,27.48,29.1668,2017-10-20,0,1.423,1,27.48,31.646,2017-11-03,0,3.5406
prebreak,002179,2017-10-11,S,S,A,C,S,S,A,14.644,13.84,13.17,0.67,,1,13.84,14.7452,2017-10-18,0,1.3345,1,13.84,15.0955,2017-10-25,0,1.857,1,13.84,14.5155,2017-11-08,0,0.9919
prebreak,600161,2017-10-11,S,S,A,C,S,S,A,12.1523,11.99,11.45,0.54,,1,11.99,12.2235,2017-10-16,0,0.4152,1,11.99,12.2235,2017-10-16,0,0.4152,1,11.99,12.2235,2017-10-16,0,0.4152
prebreak,000988,2017-10-17,S,S,A,C,S,S,A,16.8323,17.64,16.81,0.83,,0,0.0,0.0,,0,0.0,0,0.0,0.0,,0,0.0,1,17.64,17.3674,2017-11-03,0,-0.3444
prebreak,300207,2017-10-17,S,S,A,C,S,S,A,11.0082,11.85,11.33,0.52,,0,0.0,0.0,,0,0.0,0,0.0,0.0,,0,0.0,1,11.85,11.33,2017-11-08,1,-1.0167
prebreak,600754,2017-10-20,S,S,A,C,S,S,A,25.6791,28.36,27.01,1.35,,0,0.0,0.0,,0,0.0,0,0.0,0.0,,0,0.0,1,28.36,28.9054,2017-11-17,0,0.3878
prebreak,601877,2017-10-20,S,S,A,C,S,S,A,18.8106,16.9,16.04,0.86,,1,16.9,20.398,2017-10-27,0,4.0499,1,16.9,19.9316,2017-11-03,0,3.5079,1,16.9,21.9607,2017-11-17,0,5.8659
prebreak,002589,2017-10-25,S,S,A,C,S,S,A,14.4124,14.32,13.67,0.65,,1,14.32,14.7238,2017-10-30,0,0.6041,1,14.32,14.7238,2017-10-30,0,0.6041,1,14.32,14.7238,2017-10-30,0,0.6041
prebreak,600699,2017-10-26,S,S,A,C,S,S,A,26.1661,25.88,24.64,1.24,,1,25.88,26.119,2017-11-02,0,0.1767,1,25.88,28.0437,2017-11-09,0,1.728,1,25.88,24.9816,2017-11-23,0,-0.7399
prebreak,000988,2017-11-07,S,S,A,C,S,S,A,17.8636,18.1,17.17,0.93,,1,18.1,19.0506,2017-11-14,0,1.0068,1,18.1,18.5933,2017-11-21,0,0.5154,1,18.1,17.17,2017-11-24,1,-1.0142
prebreak,002035,2017-11-07,S,S,A,C,S,S,A,15.1342,15.73,14.98,0.75,,1,15.73,15.674,2017-11-14,0,-0.0906,1,15.73,15.3522,2017-11-15,0,-0.5194,1,15.73,15.3522,2017-11-15,0,-0.5194
prebreak,002597,2017-11-09,S,S,A,C,S,S,A,19.8515,18.77,17.87,0.9,,1,18.77,21.4297,2017-11-16,0,2.9375,1,18.77,20.4994,2017-11-23,0,1.9045,1,18.77,19.4861,2017-12-07,0,0.7793
prebreak,002626,2017-11-10,S,S,A,C,S,S,A,13.0454,12.47,11.86,0.61,,1,12.47,14.4655,2017-11-17,0,3.2537,1,12.47,15.5887,2017-11-24,0,5.0939,1,12.47,15.9257,2017-12-08,0,5.646
prebreak,300463,2017-11-10,S,S,A,C,S,S,A,24.0141,24.28,23.04,1.24,,1,24.28,24.0779,2017-11-15,0,-0.1777,1,24.28,24.0779,2017-11-15,0,-0.1777,1,24.28,24.0779,2017-11-15,0,-0.1777
prebreak,600585,2017-11-10,S,S,A,C,S,S,A,16.7245,17.36,16.5,0.86,,1,17.36,18.9589,2017-11-17,0,1.8427,1,17.36,19.2599,2017-11-24,0,2.1925,1,17.36,19.7082,2017-12-08,0,2.7133
prebreak,600597,2017-11-10,S,S,A,C,S,S,A,14.0496,13.08,12.48,0.6,,1,13.08,13.682,2017-11-17,0,0.9861,1,13.08,13.1619,2017-11-24,0,0.1199,1,13.08,12.48,2017-11-29,1,-1.0159
prebreak,600754,2017-11-10,S,S,A,C,S,S,A,29.2649,26.62,25.36,1.26,,1,26.62,28.9054,2017-11-17,0,1.7966,1,26.62,28.0813,2017-11-24,0,1.143,1,26.62,25.36,2017-12-01,1,-1.0154
prebreak,603313,2017-11-16,S,S,A,C,S,S,A,17.054,16.84,15.98,0.86,,1,16.84,17.0426,2017-11-23,0,0.2206,1,16.84,17.3446,2017-11-30,0,0.5715,1,16.84,15.98,2017-12-06,1,-1.0143
prebreak,002311,2017-11-20,S,S,A,C,S,S,A,20.0264,17.96,17.05,0.91,,1,17.96,17.8543,2017-11-27,0,-0.1311,1,17.96,18.5123,2017-12-04,0,0.5915,1,17.96,19.1612,2017-12-18,0,1.3041
prebreak,002321,2017-11-20,S,S,A,C,S,S,A,12.7045,13.18,12.51,0.67,,0,0.0,0.0,,0,0.0,1,13.18,13.8351,2017-12-14,0,0.9622,1,13.18,12.51,2017-12-25,1,-1.0143
prebreak,300183,2017-11-21,S,S,A,C,S,S,A,16.5393,18.57,17.77,0.8,,1,18.57,17.77,2017-11-24,1,-1.017,1,18.57,17.77,2017-11-24,1,-1.017,1,18.57,17.77,2017-11-24,1,-1.017
prebreak,600323,2017-11-24,S,S,A,C,S,S,A,12.9607,13.35,12.73,0.62,,0,0.0,0.0,,0,0.0,0,0.0,0.0,,0,0.0,1,13.35,13.2508,2017-12-22,0,-0.1763
prebreak,603883,2017-12-06,S,S,A,C,S,S,A,21.2437,21.64,20.57,1.07,,1,21.64,20.57,2017-12-12,1,-1.0147,1,21.64,20.57,2017-12-12,1,-1.0147,1,21.64,20.57,2017-12-12,1,-1.0147
prebreak,300270,2017-12-08,S,S,A,C,S,S,A,13.252,12.16,11.57,0.59,,1,12.16,12.9024,2017-12-13,0,1.2419,1,12.16,12.9024,2017-12-13,0,1.2419,1,12.16,12.9024,2017-12-13,0,1.2419
prebreak,300024,2017-12-11,S,S,A,C,S,S,A,18.9673,19.22,18.31,0.91,,1,19.22,19.3363,2017-12-18,0,0.1117,1,19.22,18.708,2017-12-25,0,-0.5783,1,19.22,19.2565,2018-01-09,0,0.024
prebreak,300055,2017-12-11,S,S,A,C,S,S,A,20.5855,20.13,19.26,0.87,,1,20.13,21.1418,2017-12-18,0,1.1447,1,20.13,21.8641,2017-12-25,0,1.9744,1,20.13,20.6733,2018-01-09,0,0.6065
prebreak,600435,2017-12-11,S,S,A,C,S,S,A,13.0681,12.43,11.93,0.5,,1,12.43,12.7938,2017-12-18,0,0.7083,1,12.43,11.93,2017-12-25,1,-1.0183,1,12.43,11.93,2017-12-25,1,-1.0183
prebreak,600521,2017-12-14,S,S,A,C,S,S,A,20.6356,17.31,16.51,0.8,,1,17.31,21.4766,2017-12-21,0,5.1885,1,17.31,20.4731,2017-12-28,0,3.9349,1,17.31,20.4943,2018-01-12,0,3.9614
prebreak,600062,2017-12-15,S,S,A,C,S,S,A,15.8709,16.41,15.78,0.63,,1,16.41,16.5892,2017-12-22,0,0.2645,1,16.41,16.9313,2017-12-29,0,0.8071,1,16.41,16.3772,2018-01-15,0,-0.0719
prebreak,002311,2017-12-18,S,S,A,C,S,S,A,19.1612,19.87,19.11,0.76,,1,19.87,20.8285,2017-12-25,0,1.2406,1,19.87,20.5852,2018-01-02,0,0.9206,1,19.87,20.0895,2018-01-16,0,0.2688
prebreak,300463,2017-12-22,S,S,A,C,S,S,A,21.504,22.25,21.33,0.92,,1,22.25,21.7687,2017-12-28,0,-0.5412,1,22.25,21.7687,2017-12-28,0,-0.5412,1,22.25,21.7687,2017-12-28,0,-0.5412
prebreak,300349,2017-12-26,S,S,A,C,S,S,A,17.3243,15.16,14.66,0.5,,1,15.16,18.0584,2018-01-03,0,5.7702,1,15.16,18.3539,2018-01-10,0,6.3607,1,15.16,17.9152,2018-01-24,0,5.4839
prebreak,002614,2017-12-28,S,S,A,C,S,S,A,14.945,15.39,14.63,0.76,,1,15.39,15.5559,2018-01-05,0,0.2027,1,15.39,16.1749,2018-01-12,0,1.0167,1,15.39,16.4518,2018-01-26,0,1.3808
prebreak,600436,2017-12-29,S,S,A,C,S,S,A,59.1317,60.77,57.9,2.87,,1,60.77,64.6332,2018-01-08,0,1.3291,1,60.77,68.2447,2018-01-15,0,2.5867,1,60.77,68.6845,2018-01-29,0,2.7398
prebreak,002617,2018-01-02,S,S,A,C,S,S,A,10.8223,11.0,10.49,0.51,,0,0.0,0.0,,0,0.0,0,0.0,0.0,,0,0.0,1,11.0,11.0353,2018-01-29,0,0.0528
prebreak,002508,2018-01-03,S,S,A,C,S,S,A,38.003,38.43,36.52,1.91,,1,38.43,39.5446,2018-01-10,0,0.5679,1,38.43,39.8054,2018-01-17,0,0.7043,1,38.43,41.0402,2018-01-31,0,1.3504
prebreak,300357,2018-01-04,S,S,A,C,S,S,A,14.4077,14.69,13.97,0.72,,0,0.0,0.0,,0,0.0,0,0.0,0.0,,0,0.0,1,14.69,13.97,2018-01-30,1,-1.0149
prebreak,002262,2018-01-05,S,S,A,C,S,S,A,13.5959,13.29,12.7,0.59,,1,13.29,13.9237,2018-01-12,0,1.0562,1,13.29,13.7962,2018-01-19,0,0.8403,1,13.29,12.7,2018-02-02,1,-1.0165
prebreak,600062,2018-01-08,S,S,A,C,S,S,A,16.7192,16.7,15.98,0.72,,1,16.7,17.1091,2018-01-11,0,0.5503,1,16.7,17.1091,2018-01-11,0,0.5503,1,16.7,17.1091,2018-01-11,0,0.5503
prebreak,600436,2018-01-08,S,S,A,C,S,S,A,64.6332,60.77,57.9,2.87,,1,60.77,68.2447,2018-01-15,0,2.5867,1,60.77,71.744,2018-01-22,0,3.8052,1,60.77,67.7582,2018-02-05,0,2.4173
prebreak,000042,2018-01-09,S,S,A,C,S,S,A,18.2027,16.05,15.26,0.79,,1,16.05,16.5037,2018-01-19,0,0.5585,1,16.05,16.2937,2018-01-26,0,0.2928,1,16.05,15.26,2018-02-02,1,-1.0148
prebreak,002617,2018-01-09,S,S,A,C,S,S,A,10.6426,10.99,10.46,0.53,,0,0.0,0.0,,0,0.0,0,0.0,0.0,,0,0.0,1,10.99,10.46,2018-02-01,1,-1.0151
prebreak,300357,2018-01-11,S,S,A,C,S,S,A,14.0143,14.69,14.06,0.63,,0,0.0,0.0,,0,0.0,0,0.0,0.0,,0,0.0,1,14.69,14.06,2018-01-30,1,-1.0171
prebreak,002262,2018-01-12,S,S,A,C,S,S,A,13.9237,14.17,13.45,0.72,,1,14.17,13.7962,2018-01-19,0,-0.5338,1,14.17,13.7962,2018-01-19,0,-0.5338,1,14.17,13.7962,2018-01-19,0,-0.5338
prebreak,601198,2018-01-19,S,S,A,C,S,S,A,13.5388,13.25,12.7,0.55,,1,13.25,13.8034,2018-01-26,0,0.9873,1,13.25,12.7,2018-02-01,1,-1.0177,1,13.25,12.7,2018-02-01,1,-1.0177
prebreak,002727,2018-01-22,S,S,A,C,S,S,A,18.7357,17.89,17.18,0.71,,1,17.89,18.9274,2018-01-29,0,1.4411,1,17.89,18.788,2018-02-05,0,1.2449,1,17.89,20.2084,2018-02-26,0,3.2442
prebreak,600009,2018-01-22,S,S,A,C,S,S,A,42.2236,41.78,40.09,1.69,,1,41.78,42.9475,2018-01-29,0,0.6716,1,41.78,45.6928,2018-02-05,0,2.295,1,41.78,40.09,2018-02-09,1,-1.0182
prebreak,603108,2018-01-23,S,S,A,C,S,S,A,12.4749,12.49,11.91,0.58,,1,12.49,13.4323,2018-01-30,0,1.6073,1,12.49,11.91,2018-02-06,1,-1.0157,1,12.49,11.91,2018-02-06,1,-1.0157
prebreak,603393,2018-01-25,S,S,A,C,S,S,A,13.0235,13.43,12.81,0.62,,0,0.0,0.0,,0,0.0,0,0.0,0.0,,0,0.0,1,13.43,13.8375,2018-06-01,0,0.6404
prebreak,002695,2018-01-30,S,S,A,C,S,S,A,15.3885,16.07,15.35,0.72,,0,0.0,0.0,,0,0.0,0,0.0,0.0,,0,0.0,1,16.07,15.5376,2018-03-06,0,-0.7559
prebreak,603108,2018-01-30,S,S,A,C,S,S,A,13.4323,12.49,11.91,0.58,,1,12.49,11.91,2018-02-06,1,-1.0157,1,12.49,11.91,2018-02-06,1,-1.0157,1,12.49,11.91,2018-02-06,1,-1.0157
prebreak,002136,2018-02-08,S,S,A,C,S,S,A,14.2461,13.5,12.85,0.65,,1,13.5,14.9686,2018-02-22,0,2.2422,1,13.5,14.9038,2018-03-01,0,2.1425,1,13.5,14.8575,2018-03-15,0,2.0713
prebreak,002727,2018-02-12,S,S,A,C,S,S,A,18.91,19.03,18.23,0.8,,1,19.03,20.2084,2018-02-26,0,1.454,1,19.03,21.3413,2018-03-05,0,2.8692,1,19.03,22.4916,2018-03-19,0,4.3062
prebreak,002737,2018-02-27,S,S,A,C,S,S,A,12.8388,11.0,10.46,0.54,,1,11.0,13.0564,2018-03-06,0,3.7903,1,11.0,13.3267,2018-03-13,0,4.2905,1,11.0,14.0567,2018-03-27,0,5.6416
prebreak,600597,2018-03-05,S,S,A,C,S,S,A,11.4853,12.1,11.56,0.54,,1,12.1,12.2833,2018-03-12,0,0.3221,1,12.1,12.4178,2018-03-19,0,0.571,1,12.1,11.56,2018-03-23,1,-1.0164
prebreak,000553,2018-03-19,S,S,A,C,S,S,A,14.0133,14.49,13.91,0.58,,0,0.0,0.0,,0,0.0,0,0.0,0.0,,0,0.0,1,14.49,14.405,2018-04-18,0,-0.1655
prebreak,300463,2018-03-19,S,S,A,C,S,S,A,21.2393,21.37,20.3,1.07,,1,21.37,21.4493,2018-03-22,0,0.0589,1,21.37,21.4493,2018-03-22,0,0.0589,1,21.37,21.4493,2018-03-22,0,0.0589
prebreak,600729,2018-03-19,S,S,A,C,S,S,A,16.6288,16.26,15.5,0.76,,1,16.26,18.9275,2018-04-11,0,3.4914,1,16.26,18.5485,2018-04-18,0,2.993,1,16.26,21.214,2018-05-04,0,6.498
prebreak,002223,2018-03-26,S,S,A,C,S,S,A,20.1292,20.17,19.2,0.97,,1,20.17,20.9361,2018-04-02,0,0.7735,1,20.17,20.4416,2018-04-11,0,0.264,1,20.17,19.2,2018-04-18,1,-1.0152
prebreak,002602,2018-03-26,S,S,A,C,S,S,A,10.2548,10.9,10.38,0.52,,1,10.9,11.0068,2018-04-02,0,0.1893,1,10.9,10.8621,2018-04-11,0,-0.0887,1,10.9,11.1707,2018-04-25,0,0.5042
prebreak,002242,2018-03-27,S,S,A,C,S,S,A,12.5784,13.16,12.53,0.63,,1,13.16,13.0912,2018-04-03,0,-0.125,1,13.16,12.53,2018-04-12,1,-1.0152,1,13.16,12.53,2018-04-12,1,-1.0152
prebreak,000999,2018-04-04,S,S,A,C,S,S,A,13.1259,13.51,12.95,0.56,,0,0.0,0.0,,0,0.0,0,0.0,0.0,,0,0.0,1,13.51,13.5731,2018-05-08,0,0.0943
prebreak,600482,2018-04-04,S,S,A,C,S,S,A,24.373,23.67,22.68,0.99,,1,23.67,24.0204,2018-04-13,0,0.3356,1,23.67,24.5635,2018-04-20,0,0.8838,1,23.67,22.68,2018-05-02,1,-1.0175
prebreak,300439,2018-04-09,S,S,A,C,S,S,A,19.2651,17.93,17.07,0.86,,1,17.93,20.3246,2018-04-12,0,2.7668,1,17.93,20.3246,2018-04-12,0,2.7668,1,17.93,20.3246,2018-04-12,0,2.7668
prebreak,300583,2018-04-10,S,S,A,C,S,S,A,26.2153,23.83,22.7,1.13,,1,23.83,26.269,2018-04-17,0,2.141,1,23.83,24.3952,2018-04-24,0,0.4838,1,23.83,27.5878,2018-05-10,0,3.3074
prebreak,000999,2018-04-13,S,S,A,C,S,S,A,12.7613,13.39,12.73,0.66,,0,0.0,0.0,,0,0.0,0,0.0,0.0,,0,0.0,1,13.39,13.8454,2018-05-15,0,0.6741
prebreak,000999,2018-04-27,S,S,A,C,S,S,A,12.5425,12.68,12.16,0.52,,1,12.68,13.5731,2018-05-08,0,1.6979,1,12.68,13.8454,2018-05-15,0,2.2211,1,12.68,13.5488,2018-05-29,0,1.6512
prebreak,000423,2018-05-03,S,S,A,C,S,S,A,41.1767,47.46,45.75,1.71,,0,0.0,0.0,,0,0.0,0,0.0,0.0,,0,0.0,1,47.46,47.3907,2018-05-31,0,-0.0616
prebreak,002242,2018-05-07,S,S,A,C,S,S,A,12.7396,12.78,12.18,0.6,,1,12.78,12.7615,2018-05-10,0,-0.047,1,12.78,12.7615,2018-05-10,0,-0.047,1,12.78,12.7615,2018-05-10,0,-0.047
prebreak,002690,2018-05-07,S,S,A,C,S,S,A,12.753,11.63,11.08,0.55,,1,11.63,12.4521,2018-05-14,0,1.4777,1,11.63,12.577,2018-05-21,0,1.7047,1,11.63,12.6193,2018-06-04,0,1.7815
prebreak,000423,2018-05-10,S,S,A,C,S,S,A,44.256,47.46,45.75,1.71,,0,0.0,0.0,,0,0.0,0,0.0,0.0,,0,0.0,1,47.46,47.1933,2018-06-04,0,-0.177
prebreak,000999,2018-05-15,S,S,A,C,S,S,A,13.8454,13.96,13.34,0.62,,1,13.96,14.103,2018-05-22,0,0.2134,1,13.96,13.5488,2018-05-29,0,-0.6799,1,13.96,13.34,2018-05-30,1,-1.0165
prebreak,600138,2018-05-16,S,S,A,C,S,S,A,21.1296,21.48,20.42,1.06,,0,0.0,0.0,,0,0.0,0,0.0,0.0,,0,0.0,1,21.48,21.5137,2018-06-04,0,0.0164
prebreak,600066,2018-05-24,S,S,A,C,S,S,A,13.1099,13.46,12.83,0.63,,0,0.0,0.0,,0,0.0,1,13.46,13.3997,2018-06-06,0,-0.112,1,13.46,13.3997,2018-06-06,0,-0.112
prebreak,600066,2018-05-31,S,S,A,C,S,S,A,13.2669,13.33,12.78,0.55,,1,13.33,13.4057,2018-06-07,0,0.1191,1,13.33,12.953,2018-06-14,0,-0.7034,1,13.33,12.78,2018-06-19,1,-1.0178
prebreak,002186,2018-06-04,S,S,A,C,S,S,A,15.6076,15.29,14.67,0.62,,1,15.29,15.7425,2018-06-07,0,0.7107,1,15.29,15.7425,2018-06-07,0,0.7107,1,15.29,15.7425,2018-06-07,0,0.7107
prebreak,002424,2018-07-09,S,S,A,C,S,S,A,10.7186,11.17,10.6,0.57,,1,11.17,11.0281,2018-07-16,0,-0.2637,1,11.17,10.9314,2018-07-17,0,-0.4333,1,11.17,10.9314,2018-07-17,0,-0.4333
prebreak,601688,2018-10-10,S,S,A,C,S,S,A,12.333,12.79,12.15,0.64,,0,0.0,0.0,,0,0.0,1,12.79,13.1345,2018-10-24,0,0.5227,1,12.79,14.0259,2018-11-07,0,1.9147
prebreak,601688,2018-10-24,S,S,A,C,S,S,A,13.1345,11.78,11.27,0.51,,1,11.78,12.8155,2018-10-29,0,2.0116,1,11.78,12.8155,2018-10-29,0,2.0116,1,11.78,12.8155,2018-10-29,0,2.0116
prebreak,601628,2018-10-25,S,S,A,C,S,S,A,20.4236,18.83,18.17,0.66,,1,18.83,19.129,2018-11-01,0,0.4311,1,18.83,19.4614,2018-11-08,0,0.9344,1,18.83,19.1553,2018-11-22,0,0.4709
prebreak,000028,2018-10-26,S,S,A,C,S,S,A,26.4305,27.8,26.55,1.25,,1,27.8,28.7211,2018-11-02,0,0.7195,1,27.8,27.591,2018-11-09,0,-0.184,1,27.8,26.8923,2018-11-23,0,-0.7426
prebreak,000999,2019-01-21,S,S,A,C,S,S,A,11.3409,11.52,11.02,0.5,,0,0.0,0.0,,0,0.0,0,0.0,0.0,,0,0.0,1,11.52,12.4577,2019-02-25,0,1.8566
prebreak,000776,2019-02-15,S,S,A,C,S,S,A,11.2674,11.42,10.87,0.55,,1,11.42,13.3309,2019-02-22,0,3.4564,1,11.42,13.8386,2019-03-01,0,4.3789,1,11.42,13.4947,2019-03-15,0,3.754
prebreak,600999,2019-02-18,S,S,A,C,S,S,A,10.971,10.24,9.73,0.51,,1,10.24,13.3047,2019-02-25,0,5.9902,1,10.24,12.4693,2019-03-04,0,4.3531,1,10.24,12.2898,2019-03-18,0,4.0014
prebreak,002151,2019-02-20,S,S,A,C,S,S,A,24.2902,21.84,20.77,1.07,,1,21.84,24.9237,2019-02-27,0,2.8646,1,21.84,25.765,2019-03-06,0,3.6504,1,21.84,26.0125,2019-03-20,0,3.8816
prebreak,300498,2019-02-20,S,S,A,C,S,S,A,23.3184,20.01,19.32,0.69,,1,20.01,22.8234,2019-02-25,0,4.0528,1,20.01,22.8234,2019-02-25,0,4.0528,1,20.01,22.8234,2019-02-25,0,4.0528
prebreak,300176,2019-03-05,S,S,A,C,S,S,A,42.4431,35.48,33.81,1.67,,1,35.48,39.7675,2019-03-08,0,2.5496,1,35.48,39.7675,2019-03-08,0,2.5496,1,35.48,39.7675,2019-03-08,0,2.5496
prebreak,600897,2019-03-29,S,S,A,C,S,S,A,14.4424,14.5,13.9,0.6,,1,14.5,14.4244,2019-04-03,0,-0.1443,1,14.5,14.4244,2019-04-03,0,-0.1443,1,14.5,14.4244,2019-04-03,0,-0.1443
prebreak,000895,2019-05-31,S,S,A,C,S,S,A,17.6014,18.1,17.28,0.82,,0,0.0,0.0,,0,0.0,0,0.0,0.0,,0,0.0,1,18.1,18.2122,2019-07-01,0,0.1199
prebreak,600388,2019-06-20,S,S,A,C,S,S,A,10.5468,10.48,9.95,0.53,,1,10.48,10.5037,2019-06-25,0,0.0297,1,10.48,10.5037,2019-06-25,0,0.0297,1,10.48,10.5037,2019-06-25,0,0.0297
prebreak,600388,2019-06-27,S,S,A,C,S,S,A,10.9432,10.48,9.95,0.53,,1,10.48,10.6129,2019-07-04,0,0.2356,1,10.48,9.95,2019-07-10,1,-1.0144,1,10.48,9.95,2019-07-10,1,-1.0144
prebreak,600885,2019-07-26,S,S,A,C,S,S,A,11.4581,11.98,11.42,0.56,,1,11.98,12.1769,2019-08-02,0,0.3351,1,11.98,11.9263,2019-08-09,0,-0.1122,1,11.98,11.6142,2019-08-23,0,-0.6691
prebreak,600315,2019-08-15,S,S,A,C,S,S,A,32.9211,29.87,28.44,1.43,,1,29.87,33.2429,2019-08-22,0,2.3413,1,29.87,32.5614,2019-08-29,0,1.865,1,29.87,31.5296,2019-09-12,0,1.144
prebreak,600104,2019-08-20,S,S,A,C,S,S,A,19.7536,20.4,19.48,0.92,,1,20.4,20.3236,2019-08-27,0,-0.0999,1,20.4,20.0386,2019-09-03,0,-0.4095,1,20.4,20.1688,2019-09-18,0,-0.268
prebreak,600885,2019-08-23,S,S,A,C,S,S,A,11.6142,12.02,11.47,0.55,,0,0.0,0.0,,0,0.0,0,0.0,0.0,,0,0.0,1,12.02,12.1201,2019-09-23,0,0.1654
prebreak,600104,2019-08-27,S,S,A,C,S,S,A,20.3236,20.16,19.45,0.71,,1,20.16,20.0386,2019-09-03,0,-0.1925,1,20.16,20.7632,2019-09-10,0,0.8275,1,20.16,19.45,2019-09-25,1,-1.0209
prebreak,600048,2019-09-20,S,S,A,C,S,S,A,11.2168,11.58,11.02,0.56,,0,0.0,0.0,,0,0.0,1,11.58,12.0861,2019-10-11,0,0.8875,1,11.58,11.9476,2019-10-25,0,0.6404
prebreak,600048,2019-09-27,S,S,A,C,S,S,A,10.9552,11.42,10.85,0.57,,1,11.42,12.0861,2019-10-11,0,1.1527,1,11.42,11.7861,2019-10-18,0,0.6266,1,11.42,11.4014,2019-11-01,0,-0.0478
prebreak,000997,2019-10-22,S,S,A,C,S,S,A,14.0067,14.95,14.24,0.71,,1,14.95,14.4153,2019-10-29,0,-0.7687,1,14.95,14.24,2019-10-30,1,-1.0154,1,14.95,14.24,2019-10-30,1,-1.0154
prebreak,002223,2019-10-25,S,S,A,C,S,S,A,19.0345,19.7,18.95,0.75,,0,0.0,0.0,,0,0.0,1,19.7,19.6067,2019-11-08,0,-0.1443,1,19.7,18.95,2019-11-11,1,-1.0193
prebreak,603180,2019-11-25,S,S,A,C,S,S,A,26.5629,28.38,27.27,1.11,,0,0.0,0.0,,0,0.0,0,0.0,0.0,,0,0.0,1,28.38,27.657,2019-12-23,0,-0.6704
prebreak,600612,2019-12-12,S,S,A,C,S,S,A,38.0335,39.55,37.53,2.02,,0,0.0,0.0,,0,0.0,0,0.0,0.0,,0,0.0,1,39.55,39.1325,2020-01-10,0,-0.2214
prebreak,300607,2019-12-13,S,S,A,C,S,S,A,14.1641,13.76,13.22,0.54,,1,13.76,16.1382,2019-12-20,0,4.382,1,13.76,16.8245,2019-12-27,0,5.652,1,13.76,16.9191,2020-01-13,0,5.8272
prebreak,600372,2019-12-13,S,S,A,C,S,S,A,12.9872,13.34,12.73,0.61,,1,13.34,13.5797,2019-12-20,0,0.3761,1,13.34,13.5033,2019-12-27,0,0.2509,1,13.34,14.5927,2020-01-13,0,2.0357
prebreak,603833,2019-12-17,S,S,A,C,S,S,A,60.7613,58.92,56.14,2.78,,1,58.92,63.9501,2019-12-24,0,1.7921,1,58.92,67.7118,2019-12-31,0,3.1444,1,58.92,65.7557,2020-01-15,0,2.4412
prebreak,601163,2019-12-24,S,S,A,C,S,S,A,12.017,12.33,11.82,0.51,,1,12.33,12.516,2019-12-31,0,0.3461,1,12.33,12.5651,2020-01-08,0,0.4423,1,12.33,12.9005,2020-01-22,0,1.0995
prebreak,002142,2019-12-30,S,S,A,C,S,S,A,22.5697,23.2,22.17,1.03,,1,23.2,23.8339,2020-01-07,0,0.5979,1,23.2,23.0883,2020-01-14,0,-0.1255,1,23.2,22.17,2020-01-22,1,-1.0165
prebreak,300024,2019-12-30,S,S,A,C,S,S,A,14.01,14.35,13.77,0.58,,1,14.35,14.74,2020-01-07,0,0.6532,1,14.35,14.64,2020-01-14,0,0.4809,1,14.35,13.77,2020-02-03,1,-1.0182
prebreak,300596,2020-01-03,S,S,A,C,S,S,A,33.7316,33.27,31.71,1.56,,1,33.27,36.5904,2020-01-10,0,2.1109,1,33.27,35.8099,2020-01-17,0,1.6109,1,33.27,31.71,2020-02-03,1,-1.0156
prebreak,002558,2020-01-07,S,S,A,C,S,S,A,18.1192,16.78,16.01,0.77,,1,16.78,17.6842,2020-01-14,0,1.1569,1,16.78,16.4514,2020-01-21,0,-0.443,1,16.78,16.01,2020-02-03,1,-1.0159
prebreak,002223,2020-01-13,S,S,A,C,S,S,A,18.2773,18.55,17.82,0.73,,1,18.55,18.8496,2020-01-20,0,0.3908,1,18.55,25.2325,2020-02-04,0,9.1291,1,18.55,25.5847,2020-02-18,0,9.6112
prebreak,300718,2020-01-13,S,S,A,C,S,S,A,13.334,12.83,12.24,0.59,,1,12.83,14.4749,2020-01-20,0,2.7697,1,12.83,14.4398,2020-02-04,0,2.7102,1,12.83,13.9717,2020-02-18,0,1.9174
prebreak,002558,2020-01-14,S,S,A,C,S,S,A,17.6842,16.78,16.01,0.77,,1,16.78,17.2128,2020-01-17,0,0.5452,1,16.78,17.2128,2020-01-17,0,0.5452,1,16.78,17.2128,2020-01-17,0,0.5452
prebreak,300024,2020-01-14,S,S,A,C,S,S,A,14.64,14.94,14.25,0.69,,1,14.94,15.2,2020-01-21,0,0.3601,1,14.94,14.25,2020-02-03,1,-1.0158,1,14.94,14.25,2020-02-03,1,-1.0158
prebreak,300423,2020-01-15,S,S,A,C,S,S,A,13.3793,13.67,13.08,0.59,,1,13.67,13.9653,2020-01-22,0,0.4826,1,13.67,13.08,2020-02-03,1,-1.017,1,13.67,13.08,2020-02-03,1,-1.017
prebreak,603578,2020-01-15,S,S,A,C,S,S,A,11.9141,10.73,10.22,0.51,,1,10.73,11.7382,2020-01-20,0,1.9596,1,10.73,11.7382,2020-01-20,0,1.9596,1,10.73,11.7382,2020-01-20,0,1.9596
prebreak,600498,2020-01-17,S,S,A,C,S,S,A,26.1592,26.91,25.98,0.93,,0,0.0,0.0,,0,0.0,0,0.0,0.0,,0,0.0,1,26.91,27.6295,2020-02-24,0,0.7511
prebreak,300233,2020-02-04,S,S,A,C,S,S,A,17.2964,18.51,17.77,0.74,,1,18.51,17.9751,2020-02-11,0,-0.7414,1,18.51,18.397,2020-02-18,0,-0.1717,1,18.51,17.77,2020-02-28,1,-1.0184
prebreak,000776,2020-02-05,S,S,A,C,S,S,A,11.3919,13.04,12.48,0.56,,0,0.0,0.0,,0,0.0,0,0.0,0.0,,0,0.0,1,13.04,12.8876,2020-02-24,0,-0.2897
prebreak,002302,2020-02-05,S,S,A,C,S,S,A,8.6141,10.98,10.44,0.54,,0,0.0,0.0,,0,0.0,0,0.0,0.0,,0,0.0,1,10.98,10.9643,2020-03-04,0,-0.0445
prebreak,603368,2020-02-05,S,S,A,C,S,S,A,21.6289,19.72,18.95,0.77,,1,19.72,20.7959,2020-02-10,0,1.3769,1,19.72,20.7959,2020-02-10,0,1.3769,1,19.72,20.7959,2020-02-10,0,1.3769
prebreak,002038,2020-02-06,S,S,A,C,S,S,A,14.2848,12.84,12.19,0.65,,1,12.84,13.325,2020-02-11,0,0.7307,1,12.84,13.325,2020-02-11,0,0.7307,1,12.84,13.325,2020-02-11,0,0.7307
prebreak,603708,2020-02-06,S,S,A,C,S,S,A,21.2903,22.3,21.27,1.03,,1,22.3,22.4534,2020-02-13,0,0.1324,1,22.3,22.116,2020-02-20,0,-0.195,1,22.3,21.27,2020-02-24,1,-1.0158
prebreak,300520,2020-02-07,S,S,A,C,S,S,A,22.2779,18.85,17.95,0.9,,1,18.85,23.4959,2020-02-14,0,5.143,1,18.85,24.0853,2020-02-21,0,5.7974,1,18.85,23.8692,2020-03-06,0,5.5574
prebreak,601211,2020-02-10,S,S,A,C,S,S,A,13.5854,15.44,14.85,0.59,,0,0.0,0.0,,0,0.0,0,0.0,0.0,,0,0.0,1,15.44,14.85,2020-03-09,1,-1.0193
prebreak,603508,2020-02-10,S,S,A,C,S,S,A,20.9707,23.48,22.52,0.96,,0,0.0,0.0,,0,0.0,1,23.48,23.8438,2020-02-24,0,0.3601,1,23.48,22.52,2020-02-25,1,-1.018
prebreak,002253,2020-02-11,S,S,A,C,S,S,A,13.2212,15.35,14.81,0.54,,0,0.0,0.0,,0,0.0,1,15.35,15.3543,2020-02-25,0,-0.0137,1,15.35,14.81,2020-02-26,1,-1.021
prebreak,603858,2020-02-11,S,S,A,C,S,S,A,17.0995,18.31,17.42,0.89,,0,0.0,0.0,,0,0.0,1,18.31,19.2183,2020-02-25,0,1.0043,1,18.31,18.0927,2020-03-10,0,-0.2597
prebreak,002262,2020-02-17,S,S,A,C,S,S,A,10.5991,11.22,10.69,0.53,,0,0.0,0.0,,0,0.0,0,0.0,0.0,,0,0.0,1,11.22,10.69,2020-03-12,1,-1.0155
prebreak,603508,2020-02-17,S,S,A,C,S,S,A,21.4352,21.5,20.52,0.98,,1,21.5,23.8438,2020-02-24,0,2.3734,1,21.5,24.5035,2020-03-02,0,3.0462,1,21.5,22.2199,2020-03-16,0,0.7174
prebreak,002232,2020-02-18,S,S,A,C,S,S,A,9.0288,10.21,9.7,0.51,,1,10.21,10.6731,2020-02-25,0,0.8923,1,10.21,10.2399,2020-03-03,0,0.0433,1,10.21,9.7,2020-03-17,1,-1.0146
prebreak,603260,2020-02-18,S,S,A,C,S,S,A,27.1699,29.15,27.74,1.41,,0,0.0,0.0,,0,0.0,0,0.0,0.0,,0,0.0,1,29.15,27.74,2020-03-09,1,-1.0151
prebreak,000776,2020-02-19,S,S,A,C,S,S,A,12.5137,13.04,12.48,0.56,,1,13.04,12.8876,2020-02-24,0,-0.2897,1,13.04,12.8876,2020-02-24,0,-0.2897,1,13.04,12.8876,2020-02-24,0,-0.2897
prebreak,002302,2020-02-19,S,S,A,C,S,S,A,9.62,10.98,10.44,0.54,,0,0.0,0.0,,0,0.0,1,10.98,10.9643,2020-03-04,0,-0.0445,1,10.98,10.9643,2020-03-05,0,-0.0445
prebreak,002558,2020-02-19,S,S,A,C,S,S,A,16.3155,16.79,16.12,0.67,,1,16.79,17.385,2020-02-26,0,0.8685,1,16.79,17.5029,2020-03-04,0,1.0443,1,16.79,16.12,2020-03-10,1,-1.0184
prebreak,603288,2020-02-19,S,S,A,C,S,S,A,45.1738,46.8,44.66,2.14,,0,0.0,0.0,,0,0.0,0,0.0,0.0,,0,0.0,1,46.8,44.66,2020-03-09,1,-1.016
prebreak,002025,2020-02-20,S,S,A,C,S,S,A,26.1819,26.38,25.05,1.33,,1,26.38,25.8426,2020-02-27,0,-0.4189,1,26.38,25.05,2020-02-28,1,-1.0144,1,26.38,25.05,2020-02-28,1,-1.0144
prebreak,600999,2020-02-20,S,S,A,C,S,S,A,13.5568,12.72,12.08,0.64,,1,12.72,13.1779,2020-02-25,0,0.6999,1,12.72,13.1779,2020-02-25,0,0.6999,1,12.72,13.1779,2020-02-25,0,0.6999
prebreak,601869,2020-02-21,S,S,A,C,S,S,A,30.6932,33.45,31.75,1.7,,1,33.45,31.75,2020-02-28,1,-1.0143,1,33.45,31.75,2020-02-28,1,-1.0143,1,33.45,31.75,2020-02-28,1,-1.0143
prebreak,600271,2020-02-24,S,S,A,C,S,S,A,23.2172,22.52,21.43,1.09,,1,22.52,23.0473,2020-03-02,0,0.4678,1,22.52,21.43,2020-03-09,1,-1.0151,1,22.52,21.43,2020-03-09,1,-1.0151
prebreak,600298,2020-02-24,S,S,A,C,S,S,A,26.9205,25.69,24.4,1.29,,1,25.69,26.9479,2020-03-02,0,0.9594,1,25.69,28.582,2020-03-09,0,2.2253,1,25.69,27.7604,2020-03-23,0,1.5888
prebreak,600498,2020-02-24,S,S,A,C,S,S,A,27.6295,23.96,22.84,1.12,,1,23.96,31.4865,2020-03-02,0,6.6996,1,23.96,32.9377,2020-03-09,0,7.9945,1,23.96,36.0883,2020-03-23,0,10.8057
prebreak,603508,2020-02-24,S,S,A,C,S,S,A,23.8438,21.5,20.52,0.98,,1,21.5,24.5035,2020-03-02,0,3.0462,1,21.5,22.2316,2020-03-09,0,0.7293,1,21.5,20.52,2020-03-19,1,-1.016
prebreak,002727,2020-02-25,S,S,A,C,S,S,A,20.014,20.79,19.77,1.02,,0,0.0,0.0,,0,0.0,0,0.0,0.0,,0,0.0,1,20.79,20.9395,2020-03-24,0,0.1309
prebreak,300142,2020-02-26,S,S,A,C,S,S,A,29.1189,30.02,28.58,1.44,,0,0.0,0.0,,0,0.0,1,30.02,31.1848,2020-03-11,0,0.7925,1,30.02,28.58,2020-03-17,1,-1.0152
prebreak,002462,2020-02-27,S,S,A,C,S,S,A,13.7284,13.98,13.45,0.53,,1,13.98,14.0155,2020-03-05,0,0.0469,1,13.98,13.45,2020-03-10,1,-1.0194,1,13.98,13.45,2020-03-10,1,-1.0194
prebreak,603332,2020-03-02,S,S,A,C,S,S,A,13.2216,12.27,11.67,0.6,,1,12.27,12.534,2020-03-09,0,0.4241,1,12.27,11.67,2020-03-13,1,-1.0149,1,12.27,11.67,2020-03-13,1,-1.0149
prebreak,002727,2020-03-03,S,S,A,C,S,S,A,19.6224,20.79,19.77,1.02,,0,0.0,0.0,,0,0.0,0,0.0,0.0,,0,0.0,1,20.79,23.0129,2020-03-31,0,2.1625
prebreak,000623,2020-03-04,S,S,A,C,S,S,A,14.5913,14.53,13.8,0.73,,1,14.53,14.1329,2020-03-09,0,-0.5588,1,14.53,14.1329,2020-03-09,0,-0.5588,1,14.53,14.1329,2020-03-09,0,-0.5588
prebreak,000777,2020-03-04,S,S,A,C,S,S,A,11.8848,10.89,10.36,0.53,,1,10.89,11.4429,2020-03-11,0,1.0268,1,10.89,10.36,2020-03-16,1,-1.015,1,10.89,10.36,2020-03-16,1,-1.015
prebreak,603790,2020-03-04,S,S,A,C,S,S,A,13.3922,13.84,13.23,0.61,,0,0.0,0.0,,0,0.0,0,0.0,0.0,,0,0.0,1,13.84,14.2569,2020-04-01,0,0.6657
prebreak,002727,2020-03-10,S,S,A,C,S,S,A,19.4444,20.18,19.27,0.91,,0,0.0,0.0,,0,0.0,1,20.18,20.9395,2020-03-24,0,0.8172,1,20.18,23.9295,2020-04-08,0,4.1009
prebreak,300491,2020-03-10,S,S,A,C,S,S,A,13.995,12.12,11.52,0.6,,1,12.12,14.7692,2020-03-17,0,4.3972,1,12.12,14.5046,2020-03-24,0,3.9565,1,12.12,13.3775,2020-04-08,0,2.0792
prebreak,002727,2020-03-17,S,S,A,C,S,S,A,16.9972,20.18,19.27,0.91,,1,20.18,20.9395,2020-03-24,0,0.8172,1,20.18,23.0129,2020-03-31,0,3.0943,1,20.18,23.5647,2020-04-15,0,3.7002
prebreak,603858,2020-03-17,S,S,A,C,S,S,A,16.3215,17.72,16.99,0.73,,0,0.0,0.0,,0,0.0,0,0.0,0.0,,0,0.0,1,17.72,17.745,2020-04-15,0,0.0158
prebreak,603856,2020-04-08,S,S,A,C,S,S,A,9.769,10.18,9.67,0.51,,0,0.0,0.0,,0,0.0,1,10.18,10.8272,2020-04-22,0,1.2531,1,10.18,10.9322,2020-05-11,0,1.4588
prebreak,603868,2020-04-30,S,S,A,C,S,S,A,29.7147,32.13,30.56,1.57,,0,0.0,0.0,,0,0.0,0,0.0,0.0,,0,0.0,1,32.13,37.3858,2020-06-02,0,3.33
prebreak,600835,2020-05-11,S,S,A,C,S,S,A,12.6591,12.77,12.17,0.6,,0,0.0,0.0,,0,0.0,0,0.0,0.0,,0,0.0,1,12.77,12.7097,2020-06-02,0,-0.1166
prebreak,600835,2020-05-18,S,S,A,C,S,S,A,11.8489,12.77,12.17,0.6,,0,0.0,0.0,,0,0.0,1,12.77,12.7266,2020-06-01,0,-0.0885,1,12.77,12.7097,2020-06-02,0,-0.1166
prebreak,002025,2020-05-27,S,S,A,C,S,S,A,26.5405,27.14,25.93,1.21,,1,27.14,26.6181,2020-06-03,0,-0.4481,1,27.14,26.6181,2020-06-03,0,-0.4481,1,27.14,26.6181,2020-06-03,0,-0.4481
prebreak,603515,2020-05-27,S,S,A,C,S,S,A,20.0931,19.7,18.95,0.75,,1,19.7,20.1478,2020-06-03,0,0.5767,1,19.7,21.1094,2020-06-10,0,1.8581,1,19.7,21.5003,2020-06-24,0,2.379
prebreak,600535,2020-06-02,S,S,A,C,S,S,A,12.3442,12.52,12.02,0.5,,1,12.52,12.2104,2020-06-05,0,-0.6378,1,12.52,12.2104,2020-06-05,0,-0.6378,1,12.52,12.2104,2020-06-05,0,-0.6378
prebreak,603351,2020-06-04,S,S,A,C,S,S,A,23.4926,21.56,20.47,1.09,,1,21.56,21.0274,2020-06-09,0,-0.5034,1,21.56,21.0274,2020-06-09,0,-0.5034,1,21.56,21.0274,2020-06-09,0,-0.5034
prebreak,300531,2020-06-05,S,S,A,C,S,S,A,17.3227,17.08,16.29,0.79,,1,17.08,16.7061,2020-06-10,0,-0.4894,1,17.08,16.7061,2020-06-10,0,-0.4894,1,17.08,16.7061,2020-06-10,0,-0.4894
prebreak,600535,2020-06-09,S,S,A,C,S,S,A,12.4444,12.52,12.02,0.5,,1,12.52,12.5672,2020-06-16,0,0.0753,1,12.52,12.798,2020-06-23,0,0.5367,1,12.52,15.4568,2020-07-09,0,5.8509
prebreak,600482,2020-06-11,S,S,A,C,S,S,A,15.3202,15.86,15.21,0.65,,0,0.0,0.0,,0,0.0,0,0.0,0.0,,0,0.0,1,15.86,17.7676,2020-07-13,0,2.9144
prebreak,300531,2020-06-12,S,S,A,C,S,S,A,17.3619,17.08,16.29,0.79,,1,17.08,18.4091,2020-06-19,0,1.6649,1,17.08,20.3566,2020-06-30,0,4.1286,1,17.08,22.4608,2020-07-14,0,6.7904
prebreak,601088,2020-06-16,S,S,A,C,S,S,A,9.6743,10.38,9.88,0.5,,0,0.0,0.0,,0,0.0,0,0.0,0.0,,0,0.0,1,10.38,10.3743,2020-07-16,0,-0.0271
prebreak,601601,2020-07-01,S,S,A,C,S,S,A,22.4568,22.5,21.36,1.14,,1,22.5,26.8068,2020-07-08,0,3.7605,1,22.5,24.727,2020-07-15,0,1.9373,1,22.5,23.8062,2020-07-29,0,1.1301
prebreak,002032,2020-07-02,S,S,A,C,S,S,A,56.8382,51.32,49.05,2.27,,1,51.32,58.3744,2020-07-09,0,3.0885,1,51.32,58.0746,2020-07-16,0,2.9566,1,51.32,63.9046,2020-07-30,0,5.5232
prebreak,601336,2020-07-06,S,S,A,C,S,S,A,43.3297,35.76,34.07,1.69,,1,35.76,43.5869,2020-07-13,0,4.6123,1,35.76,45.0439,2020-07-20,0,5.4739,1,35.76,42.4649,2020-08-03,0,3.9488
prebreak,603351,2020-07-06,S,S,A,C,S,S,A,23.1,21.88,21.08,0.8,,1,21.88,23.8852,2020-07-13,0,2.4841,1,21.88,25.063,2020-07-20,0,3.9555,1,21.88,34.1843,2020-08-03,0,15.3499
prebreak,601601,2020-07-08,S,S,A,C,S,S,A,26.8068,22.5,21.36,1.14,,1,22.5,24.727,2020-07-15,0,1.9373,1,22.5,24.5048,2020-07-22,0,1.7425,1,22.5,24.0047,2020-08-05,0,1.3041
prebreak,600036,2020-07-30,S,S,A,C,S,S,A,26.2481,26.9,25.78,1.12,,1,26.9,28.1165,2020-08-06,0,1.0672,1,26.9,28.3519,2020-08-13,0,1.2773,1,26.9,28.0253,2020-08-27,0,0.9859
prebreak,002462,2020-07-31,S,S,A,C,S,S,A,14.2529,13.22,12.59,0.63,,1,13.22,14.3514,2020-08-07,0,1.7788,1,13.22,14.0916,2020-08-14,0,1.3667,1,13.22,14.1991,2020-08-28,0,1.5372
prebreak,603657,2020-09-29,S,S,A,C,S,S,A,16.9523,17.33,16.5,0.83,,1,17.33,18.8647,2020-10-14,0,1.832,1,17.33,19.7838,2020-10-21,0,2.9387,1,17.33,20.4708,2020-11-04,0,3.7659
prebreak,002422,2020-10-28,S,S,A,C,S,S,A,21.0067,20.64,19.58,1.06,,1,20.64,21.1216,2020-11-04,0,0.4393,1,20.64,20.4942,2020-11-11,0,-0.1523,1,20.64,19.58,2020-11-24,1,-1.0142
prebreak,300583,2020-10-28,S,S,A,C,S,S,A,18.8104,18.7,17.87,0.83,,1,18.7,17.87,2020-10-30,1,-1.0165,1,18.7,17.87,2020-10-30,1,-1.0165,1,18.7,17.87,2020-10-30,1,-1.0165
prebreak,600487,2020-10-29,S,S,A,C,S,S,A,14.1158,14.77,14.12,0.65,,1,14.77,14.7871,2020-11-05,0,0.009,1,14.77,14.4131,2020-11-12,0,-0.5661,1,14.77,14.2596,2020-11-26,0,-0.802
prebreak,300422,2020-11-03,S,S,A,C,S,S,A,11.1643,12.11,11.61,0.5,,0,0.0,0.0,,0,0.0,1,12.11,11.9099,2020-11-17,0,-0.4184,1,12.11,11.8602,2020-11-19,0,-0.5178
prebreak,300616,2020-11-27,S,S,A,C,S,S,A,58.1624,52.73,50.1,2.63,,1,52.73,61.2343,2020-12-04,0,3.2163,1,52.73,60.1621,2020-12-11,0,2.8089,1,52.73,66.8846,2020-12-25,0,5.3633
prebreak,600585,2020-12-10,S,S,A,C,S,S,A,39.624,42.39,40.44,1.95,,0,0.0,0.0,,0,0.0,0,0.0,0.0,,0,0.0,1,42.39,40.44,2021-01-07,1,-1.0159
prebreak,002886,2021-01-14,S,S,A,C,S,S,A,14.8188,14.59,13.92,0.67,,1,14.59,14.6853,2021-01-21,0,0.1256,1,14.59,13.92,2021-01-25,1,-1.0159,1,14.59,13.92,2021-01-25,1,-1.0159
prebreak,002268,2021-01-21,S,S,A,C,S,S,A,16.7106,17.23,16.59,0.64,,1,17.23,18.0119,2021-01-27,0,1.2006,1,17.23,18.0119,2021-01-27,0,1.2006,1,17.23,18.0119,2021-01-27,0,1.2006
prebreak,002734,2021-02-18,S,S,A,C,S,S,A,12.3531,10.96,10.41,0.55,,1,10.96,11.6508,2021-02-25,0,1.2401,1,10.96,11.6085,2021-03-04,0,1.1632,1,10.96,11.3547,2021-03-18,0,0.702
prebreak,000935,2021-02-19,S,S,A,C,S,S,A,13.2352,12.57,11.95,0.62,,1,12.57,13.1403,2021-02-26,0,0.9038,1,12.57,13.4629,2021-03-05,0,1.4238,1,12.57,13.0075,2021-03-19,0,0.6897
prebreak,600585,2021-02-19,S,S,A,C,S,S,A,40.9345,38.57,36.78,1.79,,1,38.57,39.946,2021-02-26,0,0.7519,1,38.57,38.3509,2021-03-05,0,-0.1387,1,38.57,38.613,2021-03-19,0,0.0076
prebreak,000997,2021-02-23,S,S,A,C,S,S,A,13.3942,13.79,13.18,0.61,,1,13.79,13.8147,2021-03-02,0,0.0233,1,13.79,13.7789,2021-03-04,0,-0.0353,1,13.79,13.7789,2021-03-04,0,-0.0353
prebreak,002222,2021-03-11,S,S,A,C,S,S,A,12.2728,11.47,10.92,0.55,,1,11.47,11.9341,2021-03-18,0,0.8274,1,11.47,12.8026,2021-03-25,0,2.4056,1,11.47,14.2445,2021-04-09,0,5.0255
prebreak,300036,2021-04-30,S,S,A,C,S,S,A,15.6132,16.44,15.85,0.59,,0,0.0,0.0,,0,0.0,0,0.0,0.0,,0,0.0,1,16.44,19.327,2021-06-02,0,4.869
prebreak,000063,2021-05-20,S,S,A,C,S,S,A,26.6639,27.09,25.71,1.38,,1,27.09,27.993,2021-05-27,0,0.639,1,27.09,30.0461,2021-06-03,0,2.1259,1,27.09,31.3019,2021-06-18,0,3.0352
prebreak,603590,2021-06-02,S,S,A,C,S,S,A,35.5822,35.41,33.94,1.47,,1,35.41,37.2312,2021-06-09,0,1.2198,1,35.41,34.621,2021-06-17,0,-0.5547,1,35.41,35.1298,2021-07-01,0,-0.2088
prebreak,002930,2021-06-03,S,S,A,C,S,S,A,14.4175,14.32,13.68,0.64,,1,14.32,14.4448,2021-06-08,0,0.1779,1,14.32,14.4448,2021-06-08,0,0.1779,1,14.32,14.4448,2021-06-08,0,0.1779
prebreak,300723,2021-06-08,S,S,A,C,S,S,A,16.9156,18.03,17.11,0.92,,0,0.0,0.0,,0,0.0,0,0.0,0.0,,0,0.0,1,18.03,20.2464,2021-07-07,0,2.3928
prebreak,002151,2021-06-17,S,S,A,C,S,S,A,43.5115,43.61,41.5,2.11,,1,43.61,43.4123,2021-06-24,0,-0.1094,1,43.61,41.5,2021-07-01,1,-1.0151,1,43.61,41.5,2021-07-01,1,-1.0151
prebreak,300625,2021-07-29,S,S,A,C,S,S,A,12.4128,13.5,12.94,0.56,,1,13.5,13.4662,2021-08-05,0,-0.0786,1,13.5,13.3029,2021-08-06,0,-0.3701,1,13.5,13.3029,2021-08-06,0,-0.3701
prebreak,300348,2021-07-30,S,S,A,C,S,S,A,14.6409,16.54,15.84,0.7,,1,16.54,16.3692,2021-08-06,0,-0.2618,1,16.54,16.3692,2021-08-06,0,-0.2618,1,16.54,16.3692,2021-08-06,0,-0.2618
prebreak,603131,2021-07-30,S,S,A,C,S,S,A,17.1249,16.84,16.1,0.74,,1,16.84,19.8394,2021-08-06,0,4.0334,1,16.84,22.3043,2021-08-13,0,7.3623,1,16.84,23.0528,2021-08-27,0,8.3731
prebreak,000401,2021-08-04,S,S,A,C,S,S,A,10.8677,11.06,10.55,0.51,,1,11.06,11.0333,2021-08-11,0,-0.0687,1,11.06,11.0333,2021-08-11,0,-0.0687,1,11.06,11.0333,2021-08-11,0,-0.0687
prebreak,300348,2021-08-06,S,S,A,C,S,S,A,16.3692,16.54,15.84,0.7,,1,16.54,16.9552,2021-08-13,0,0.5749,1,16.54,15.84,2021-08-18,1,-1.0173,1,16.54,15.84,2021-08-18,1,-1.0173
prebreak,600585,2021-08-06,S,S,A,C,S,S,A,30.8115,31.04,29.46,1.58,,1,31.04,32.2701,2021-08-13,0,0.7631,1,31.04,33.0543,2021-08-20,0,1.2591,1,31.04,29.46,2021-08-30,1,-1.0143
prebreak,600371,2021-08-31,S,S,A,C,S,S,A,10.1763,10.94,10.43,0.51,,0,0.0,0.0,,0,0.0,1,10.94,10.43,2021-09-10,1,-1.0157,1,10.94,10.43,2021-09-10,1,-1.0157
prebreak,688550,2021-09-09,S,S,A,C,S,S,A,37.5117,32.28,30.7,1.58,,1,32.28,37.183,2021-09-14,0,3.0857,1,32.28,37.183,2021-09-14,0,3.0857,1,32.28,37.183,2021-09-14,0,3.0857
prebreak,600990,2021-09-10,S,S,A,C,S,S,A,23.7571,24.24,23.29,0.95,,0,0.0,0.0,,0,0.0,0,0.0,0.0,,0,0.0,1,24.24,23.29,2021-10-12,1,-1.0188
prebreak,000777,2021-09-13,S,S,A,C,S,S,A,12.6754,11.04,10.49,0.55,,1,11.04,13.2386,2021-09-22,0,3.9796,1,11.04,12.8568,2021-09-29,0,3.2859,1,11.04,11.1387,2021-10-20,0,0.1641
prebreak,002946,2021-09-17,S,S,A,C,S,S,A,13.2513,14.25,13.58,0.67,,1,14.25,14.2084,2021-09-28,0,-0.0781,1,14.25,15.1098,2021-10-12,0,1.2664,1,14.25,14.9519,2021-10-26,0,1.0307
prebreak,600990,2021-09-17,S,S,A,C,S,S,A,21.8149,24.15,22.99,1.16,,0,0.0,0.0,,0,0.0,1,24.15,22.99,2021-10-12,1,-1.0152,1,24.15,22.99,2021-10-12,1,-1.0152
prebreak,600990,2021-09-28,S,S,A,C,S,S,A,23.3417,24.15,22.99,1.16,,1,24.15,22.99,2021-10-12,1,-1.0152,1,24.15,22.99,2021-10-12,1,-1.0152,1,24.15,22.99,2021-10-12,1,-1.0152
prebreak,600566,2021-10-18,S,S,A,C,S,S,A,13.3744,13.63,12.97,0.66,,0,0.0,0.0,,0,0.0,1,13.63,13.949,2021-11-01,0,0.4673,1,13.63,16.4129,2021-11-15,0,4.1982
prebreak,600184,2021-10-19,S,S,A,C,S,S,A,11.2329,11.96,11.37,0.59,,0,0.0,0.0,,0,0.0,0,0.0,0.0,,0,0.0,1,11.96,11.8433,2021-11-11,0,-0.2131
prebreak,600990,2021-10-19,S,S,A,C,S,S,A,26.6704,24.15,22.99,1.16,,1,24.15,25.4244,2021-10-22,0,1.0821,1,24.15,25.4244,2021-10-22,0,1.0821,1,24.15,25.4244,2021-10-22,0,1.0821
prebreak,000977,2021-10-22,S,S,A,C,S,S,A,30.0198,30.35,29.04,1.31,,1,30.35,30.6007,2021-10-29,0,0.1736,1,30.35,31.3194,2021-11-05,0,0.7219,1,30.35,31.6148,2021-11-19,0,0.9473
prebreak,600566,2021-10-25,S,S,A,C,S,S,A,12.5478,13.63,12.97,0.66,,1,13.63,13.949,2021-11-01,0,0.4673,1,13.63,14.0356,2021-11-08,0,0.5985,1,13.63,14.7913,2021-11-22,0,1.7427
prebreak,603108,2021-10-26,S,S,A,C,S,S,A,10.7017,10.96,10.43,0.53,,0,0.0,0.0,,0,0.0,0,0.0,0.0,,0,0.0,1,10.96,12.6635,2021-11-23,0,3.1964
prebreak,000026,2021-10-29,S,S,A,C,S,S,A,9.5084,10.59,10.07,0.52,,0,0.0,0.0,,0,0.0,0,0.0,0.0,,0,0.0,1,10.59,10.4249,2021-11-26,0,-0.3328
prebreak,600566,2021-11-01,S,S,A,C,S,S,A,13.949,12.81,12.18,0.63,,1,12.81,14.0356,2021-11-08,0,1.9287,1,12.81,16.4129,2021-11-15,0,5.6998,1,12.81,14.2796,2021-11-29,0,2.3158
prebreak,002695,2021-11-03,S,S,A,C,S,S,A,13.677,13.56,13.05,0.51,,1,13.56,13.8771,2021-11-08,0,0.6013,1,13.56,13.8771,2021-11-08,0,0.6013,1,13.56,13.8771,2021-11-08,0,0.6013
prebreak,600104,2021-11-05,S,S,A,C,S,S,A,20.1135,18.45,17.54,0.91,,1,18.45,18.9543,2021-11-10,0,0.5384,1,18.45,18.9543,2021-11-10,0,0.5384,1,18.45,18.9543,2021-11-10,0,0.5384
prebreak,600511,2021-11-11,S,S,A,C,S,S,A,27.1297,27.32,26.16,1.16,,1,27.32,27.1561,2021-11-18,0,-0.1591,1,27.32,27.0945,2021-11-25,0,-0.2121,1,27.32,26.7515,2021-12-09,0,-0.5077
prebreak,603568,2021-11-22,S,S,A,C,S,S,A,17.3631,17.63,16.74,0.89,,1,17.63,21.2749,2021-11-29,0,4.0777,1,17.63,19.8072,2021-12-06,0,2.4297,1,17.63,22.3815,2021-12-20,0,5.3204
prebreak,300168,2021-11-29,S,S,A,C,S,S,A,11.52,11.79,11.29,0.5,,1,11.79,11.88,2021-12-06,0,0.162,1,11.79,12.14,2021-12-13,0,0.6816,1,11.79,12.7,2021-12-27,0,1.8009
prebreak,603139,2021-12-09,S,S,A,C,S,S,A,20.9221,20.15,19.14,1.01,,1,20.15,20.3642,2021-12-16,0,0.1968,1,20.15,20.5734,2021-12-23,0,0.4038,1,20.15,21.4701,2022-01-07,0,1.291
prebreak,002262,2021-12-13,S,S,A,C,S,S,A,13.8308,14.18,13.5,0.68,,0,0.0,0.0,,0,0.0,1,14.18,14.4633,2021-12-27,0,0.4005,1,14.18,14.8725,2022-01-11,0,1.002
prebreak,603568,2021-12-13,S,S,A,C,S,S,A,21.4997,17.63,16.74,0.89,,1,17.63,22.3815,2021-12-20,0,5.3204,1,17.63,21.3163,2021-12-27,0,4.1242,1,17.63,19.103,2022-01-11,0,1.639
prebreak,300383,2021-12-23,S,S,A,C,S,S,A,14.2238,14.5,13.77,0.73,,1,14.5,14.4201,2021-12-30,0,-0.1245,1,14.5,14.4201,2021-12-30,0,-0.1245,1,14.5,14.4201,2021-12-30,0,-0.1245
prebreak,300873,2021-12-23,S,S,A,C,S,S,A,20.7284,21.76,20.87,0.89,,0,0.0,0.0,,0,0.0,1,21.76,21.9947,2022-01-07,0,0.2449,1,21.76,20.87,2022-01-20,1,-1.018
prebreak,300838,2021-12-27,S,S,A,C,S,S,A,17.4093,16.92,16.15,0.77,,1,16.92,17.3811,2021-12-30,0,0.5818,1,16.92,17.3811,2021-12-30,0,0.5818,1,16.92,17.3811,2021-12-30,0,0.5818
prebreak,300873,2021-12-30,S,S,A,C,S,S,A,19.9021,21.76,20.87,0.89,,1,21.76,21.9947,2022-01-07,0,0.2449,1,21.76,21.7891,2022-01-14,0,0.0141,1,21.76,20.87,2022-01-20,1,-1.018
prebreak,600271,2022-01-04,S,S,A,C,S,S,A,13.2165,12.81,12.19,0.62,,1,12.81,12.897,2022-01-07,0,0.1245,1,12.81,12.897,2022-01-07,0,0.1245,1,12.81,12.897,2022-01-07,0,0.1245
prebreak,300383,2022-01-14,S,S,A,C,S,S,A,14.479,14.46,13.76,0.7,,1,14.46,15.5293,2022-01-21,0,1.511,1,14.46,13.76,2022-01-27,1,-1.0151,1,14.46,13.76,2022-01-27,1,-1.0151
prebreak,605177,2022-01-17,S,S,A,C,S,S,A,31.1361,27.04,25.83,1.21,,1,27.04,25.83,2022-01-24,1,-1.0164,1,27.04,25.83,2022-01-24,1,-1.0164,1,27.04,25.83,2022-01-24,1,-1.0164
prebreak,002315,2022-01-19,S,S,A,C,S,S,A,11.2757,11.3,10.73,0.57,,0,0.0,0.0,,0,0.0,0,0.0,0.0,,0,0.0,1,11.3,11.1423,2022-02-23,0,-0.2916
prebreak,002315,2022-01-26,S,S,A,C,S,S,A,10.5638,11.3,10.73,0.57,,0,0.0,0.0,,0,0.0,0,0.0,0.0,,0,0.0,1,11.3,11.1423,2022-02-23,0,-0.2916
prebreak,601952,2022-01-28,S,S,A,C,S,S,A,9.3393,11.06,10.5,0.56,,0,0.0,0.0,,0,0.0,0,0.0,0.0,,0,0.0,1,11.06,11.6807,2022-03-04,0,1.0927
prebreak,603955,2022-02-08,S,S,A,C,S,S,A,13.9101,13.93,13.27,0.66,,1,13.93,15.8473,2022-02-15,0,2.8872,1,13.93,15.5178,2022-02-22,0,2.3882,1,13.93,15.5577,2022-03-08,0,2.4487
prebreak,002315,2022-02-09,S,S,A,C,S,S,A,10.9007,11.3,10.73,0.57,,0,0.0,0.0,,0,0.0,1,11.3,11.1423,2022-02-23,0,-0.2916,1,11.3,11.1423,2022-02-23,0,-0.2916
prebreak,000028,2022-02-14,S,S,A,C,S,S,A,21.3249,21.9,21.09,0.81,,0,0.0,0.0,,0,0.0,0,0.0,0.0,,0,0.0,1,21.9,21.09,2022-03-08,1,-1.0199
prebreak,002373,2022-02-17,S,S,A,C,S,S,A,13.5333,14.21,13.53,0.68,,1,14.21,13.7707,2022-02-24,0,-0.6615,1,14.21,13.6124,2022-03-03,0,-0.8942,1,14.21,13.53,2022-03-04,1,-1.0153
prebreak,600621,2022-02-28,S,S,A,C,S,S,A,11.7569,12.39,11.85,0.54,,0,0.0,0.0,,0,0.0,0,0.0,0.0,,0,0.0,1,12.39,11.85,2022-03-24,1,-1.0168
prebreak,002977,2022-03-01,S,S,A,C,S,S,A,41.5253,41.69,39.89,1.8,,1,41.69,40.8784,2022-03-04,0,-0.4682,1,41.69,40.8784,2022-03-04,0,-0.4682,1,41.69,40.8784,2022-03-04,0,-0.4682
prebreak,600776,2022-03-02,S,S,A,C,S,S,A,10.7261,10.97,10.47,0.5,,0,0.0,0.0,,0,0.0,0,0.0,0.0,,0,0.0,1,10.97,10.47,2022-03-25,1,-1.016
prebreak,600729,2022-03-31,S,S,A,C,S,S,A,19.0417,19.31,18.48,0.83,,1,19.31,18.8813,2022-04-11,0,-0.5339,1,19.31,18.48,2022-04-12,1,-1.0171,1,19.31,18.48,2022-04-12,1,-1.0171
prebreak,600419,2022-04-18,S,S,A,C,S,S,A,13.2784,13.33,12.79,0.54,,1,13.33,12.79,2022-04-22,1,-1.0181,1,13.33,12.79,2022-04-22,1,-1.0181,1,13.33,12.79,2022-04-22,1,-1.0181
prebreak,000651,2022-05-30,S,S,A,C,S,S,A,24.3807,24.96,23.96,1.0,,0,0.0,0.0,,0,0.0,0,0.0,0.0,,0,0.0,1,24.96,25.6135,2022-06-28,0,0.6341
prebreak,600674,2022-06-06,S,S,A,C,S,S,A,10.2673,10.61,10.11,0.5,,1,10.61,10.3548,2022-06-13,0,-0.5262,1,10.61,10.4772,2022-06-14,0,-0.2815,1,10.61,10.4772,2022-06-14,0,-0.2815
prebreak,600674,2022-06-13,S,S,A,C,S,S,A,10.3548,10.65,10.11,0.54,,0,0.0,0.0,,0,0.0,0,0.0,0.0,,0,0.0,1,10.65,11.859,2022-07-11,0,2.2226
prebreak,002311,2022-07-08,S,S,A,C,S,S,A,57.6462,57.76,55.22,2.54,,1,57.76,56.7217,2022-07-13,0,-0.4258,1,57.76,56.7217,2022-07-13,0,-0.4258,1,57.76,56.7217,2022-07-13,0,-0.4258
prebreak,600419,2022-08-05,S,S,A,C,S,S,A,11.3947,12.41,11.91,0.5,,0,0.0,0.0,,0,0.0,0,0.0,0.0,,0,0.0,1,12.41,13.3115,2022-09-02,0,1.783
prebreak,002916,2022-10-20,S,S,A,C,S,S,A,56.3945,57.77,55.15,2.62,,0,0.0,0.0,,0,0.0,0,0.0,0.0,,0,0.0,1,57.77,57.0208,2022-11-08,0,-0.3025
prebreak,600332,2022-10-27,S,S,A,C,S,S,A,25.0279,24.99,23.84,1.15,,1,24.99,24.733,2022-11-03,0,-0.2398,1,24.99,24.9743,2022-11-04,0,-0.0302,1,24.99,24.9743,2022-11-04,0,-0.0302
prebreak,603043,2022-10-31,S,S,A,C,S,S,A,18.3351,20.15,19.45,0.7,,1,20.15,20.6742,2022-11-07,0,0.7265,1,20.15,20.9441,2022-11-14,0,1.1118,1,20.15,19.45,2022-11-23,1,-1.0212
prebreak,000651,2022-11-02,S,S,A,C,S,S,A,24.1276,25.26,24.12,1.14,,0,0.0,0.0,,0,0.0,1,25.26,25.9076,2022-11-16,0,0.5509,1,25.26,26.2669,2022-11-30,0,0.8658
prebreak,600977,2022-11-03,S,S,A,C,S,S,A,10.8442,10.4,9.9,0.5,,1,10.4,10.9626,2022-11-10,0,1.1086,1,10.4,11.9592,2022-11-17,0,3.1005,1,10.4,13.311,2022-12-01,0,5.8025
prebreak,600585,2022-11-04,S,S,A,C,S,S,A,21.5356,24.29,23.09,1.2,,0,0.0,0.0,,0,0.0,1,24.29,23.7814,2022-11-17,0,-0.439,1,24.29,23.7814,2022-11-17,0,-0.439
prebreak,603369,2022-11-08,S,S,A,C,S,S,A,37.7311,40.71,39.12,1.59,,0,0.0,0.0,,0,0.0,0,0.0,0.0,,0,0.0,1,40.71,41.0808,2022-12-06,0,0.2136
prebreak,600332,2022-11-10,S,S,A,C,S,S,A,25.9571,25.63,24.49,1.14,,1,25.63,26.5111,2022-11-17,0,0.7554,1,25.63,25.832,2022-11-24,0,0.16,1,25.63,29.0666,2022-12-08,0,2.9956
prebreak,601601,2022-12-02,S,S,A,C,S,S,A,20.6921,20.19,19.21,0.98,,1,20.19,21.9328,2022-12-09,0,1.7616,1,20.19,21.4382,2022-12-16,0,1.2572,1,20.19,21.2734,2022-12-30,0,1.0891
prebreak,000028,2022-12-07,S,S,A,C,S,S,A,24.7899,22.47,21.45,1.02,,1,22.47,23.8377,2022-12-14,0,1.3233,1,22.47,21.9527,2022-12-21,0,-0.5236,1,22.47,21.45,2022-12-23,1,-1.0161
prebreak,688981,2022-12-09,S,S,A,C,S,S,A,42.16,42.4,40.71,1.69,,1,42.4,43.0,2022-12-16,0,0.3357,1,42.4,41.06,2022-12-23,0,-0.8115,1,42.4,40.71,2022-12-29,1,-1.0184
prebreak,002365,2022-12-26,S,S,A,C,S,S,A,10.3292,11.45,10.93,0.52,,0,0.0,0.0,,0,0.0,0,0.0,0.0,,0,0.0,1,11.45,11.2253,2023-01-31,0,-0.4485
prebreak,603213,2022-12-26,S,S,A,C,S,S,A,12.4585,12.55,11.94,0.61,,1,12.55,12.0456,2022-12-29,0,-0.842,1,12.55,12.0456,2022-12-29,0,-0.842,1,12.55,12.0456,2022-12-29,0,-0.842
prebreak,000998,2022-12-27,S,S,A,C,S,S,A,15.8228,16.38,15.69,0.69,,0,0.0,0.0,,0,0.0,0,0.0,0.0,,0,0.0,1,16.38,17.6861,2023-02-01,0,1.8736
prebreak,603213,2023-01-03,S,S,A,C,S,S,A,12.1174,12.55,11.94,0.61,,1,12.55,14.2177,2023-01-10,0,2.7166,1,12.55,13.7869,2023-01-17,0,2.0108,1,12.55,14.8191,2023-02-07,0,3.7019
prebreak,600406,2023-01-04,S,S,A,C,S,S,A,18.4353,19.48,18.52,0.96,,1,19.48,19.7783,2023-01-11,0,0.2951,1,19.48,20.6253,2023-01-18,0,1.1768,1,19.48,19.908,2023-02-08,0,0.4302
prebreak,300442,2023-01-10,S,S,A,C,S,S,A,25.7439,22.75,21.7,1.05,,1,22.75,24.646,2023-01-13,0,1.7881,1,22.75,24.646,2023-01-13,0,1.7881,1,22.75,24.646,2023-01-13,0,1.7881
prebreak,603213,2023-01-10,S,S,A,C,S,S,A,14.2177,12.55,11.94,0.61,,1,12.55,13.3112,2023-01-13,0,1.2314,1,12.55,13.3112,2023-01-13,0,1.2314,1,12.55,13.3112,2023-01-13,0,1.2314
prebreak,600391,2023-01-13,S,S,A,C,S,S,A,18.1,17.96,17.07,0.89,,1,17.96,20.6,2023-01-20,0,2.9491,1,17.96,20.93,2023-02-03,0,3.3196,1,17.96,20.58,2023-02-17,0,2.9266
prebreak,603599,2023-01-13,S,S,A,C,S,S,A,18.9788,19.21,18.47,0.74,,1,19.21,19.7329,2023-01-20,0,0.6865,1,19.21,19.8451,2023-02-03,0,0.838,1,19.21,19.6706,2023-02-17,0,0.6023
prebreak,600391,2023-01-20,S,S,A,C,S,S,A,20.6,17.96,17.07,0.89,,1,17.96,20.93,2023-02-03,0,3.3196,1,17.96,20.92,2023-02-10,0,3.3084,1,17.96,21.02,2023-02-24,0,3.4207
prebreak,000501,2023-02-01,S,S,A,C,S,S,A,10.2572,10.44,9.91,0.53,,0,0.0,0.0,,0,0.0,0,0.0,0.0,,0,0.0,1,10.44,10.9385,2023-03-01,0,0.925
prebreak,300970,2023-02-03,S,S,A,C,S,S,A,14.579,13.07,12.5,0.57,,1,13.07,14.6969,2023-02-08,0,2.835,1,13.07,14.6969,2023-02-08,0,2.835,1,13.07,14.6969,2023-02-08,0,2.835
prebreak,603599,2023-02-03,S,S,A,C,S,S,A,19.8451,20.11,19.34,0.77,,0,0.0,0.0,,0,0.0,1,20.11,19.6706,2023-02-17,0,-0.5901,1,20.11,20.6679,2023-03-03,0,0.7042
prebreak,002258,2023-02-07,S,S,A,C,S,S,A,17.287,17.69,16.99,0.7,,1,17.69,17.5722,2023-02-14,0,-0.1874,1,17.69,17.4618,2023-02-15,0,-0.345,1,17.69,17.4618,2023-02-15,0,-0.345
prebreak,600690,2023-02-17,S,S,A,C,S,S,A,23.389,24.26,23.28,0.98,,1,24.26,23.93,2023-02-24,0,-0.3553,1,24.26,23.28,2023-03-01,1,-1.0182,1,24.26,23.28,2023-03-01,1,-1.0182
prebreak,000063,2023-02-20,S,S,A,C,S,S,A,27.6117,25.72,24.7,1.02,,1,25.72,29.2178,2023-02-27,0,3.4079,1,25.72,30.5905,2023-03-06,0,4.7528,1,25.72,31.4682,2023-03-20,0,5.6128
prebreak,002827,2023-02-20,S,S,A,C,S,S,A,10.9106,10.62,10.11,0.51,,1,10.62,10.2523,2023-02-23,0,-0.7363,1,10.62,10.2523,2023-02-23,0,-0.7363,1,10.62,10.2523,2023-02-23,0,-0.7363
prebreak,600801,2023-02-20,S,S,A,C,S,S,A,15.5377,14.19,13.65,0.54,,1,14.19,15.1482,2023-02-27,0,1.7533,1,14.19,14.7673,2023-03-06,0,1.0484,1,14.19,14.2046,2023-03-20,0,0.0071
prebreak,600993,2023-02-28,S,S,A,C,S,S,A,25.7163,22.69,21.68,1.01,,1,22.69,24.5982,2023-03-07,0,1.871,1,22.69,25.282,2023-03-14,0,2.5476,1,22.69,23.9698,2023-03-28,0,1.2493
prebreak,002179,2023-03-02,S,S,A,C,S,S,A,41.424,42.5,40.7,1.8,,1,42.5,42.0613,2023-03-08,0,-0.2615,1,42.5,42.0613,2023-03-08,0,-0.2615,1,42.5,42.0613,2023-03-08,0,-0.2615
prebreak,300244,2023-03-08,S,S,A,C,S,S,A,23.0649,23.84,22.68,1.16,,0,0.0,0.0,,0,0.0,0,0.0,0.0,,0,0.0,1,23.84,24.9862,2023-04-06,0,0.9719
prebreak,600258,2023-03-13,S,S,A,C,S,S,A,22.1683,23.46,22.41,1.05,,0,0.0,0.0,,0,0.0,0,0.0,0.0,,0,0.0,1,23.46,23.1747,2023-04-11,0,-0.2885
prebreak,300244,2023-03-15,S,S,A,C,S,S,A,22.6824,23.35,22.26,1.09,,1,23.35,23.6876,2023-03-22,0,0.2932,1,23.35,25.9736,2023-03-29,0,2.3892,1,23.35,25.7957,2023-04-13,0,2.2261
prebreak,300294,2023-03-17,S,S,A,C,S,S,A,34.7726,34.55,32.86,1.69,,1,34.55,34.059,2023-03-22,0,-0.3059,1,34.55,34.059,2023-03-22,0,-0.3059,1,34.55,34.059,2023-03-22,0,-0.3059
prebreak,300244,2023-03-22,S,S,A,C,S,S,A,23.6876,23.11,22.19,0.92,,1,23.11,25.9736,2023-03-29,0,3.0916,1,23.11,24.9862,2023-04-06,0,2.019,1,23.11,26.0448,2023-04-20,0,3.1689
prebreak,002007,2023-03-24,S,S,A,C,S,S,A,19.766,20.32,19.31,1.01,,0,0.0,0.0,,0,0.0,1,20.32,22.0099,2023-04-10,0,1.6569,1,20.32,21.1517,2023-04-24,0,0.8077
prebreak,300294,2023-03-24,S,S,A,C,S,S,A,33.7311,34.55,32.86,1.69,,0,0.0,0.0,,0,0.0,1,34.55,35.679,2023-04-10,0,0.6521,1,34.55,36.8362,2023-04-24,0,1.3364
prebreak,002007,2023-03-31,S,S,A,C,S,S,A,19.5157,20.32,19.31,1.01,,1,20.32,22.0099,2023-04-10,0,1.6569,1,20.32,22.0815,2023-04-17,0,1.7276,1,20.32,20.8209,2023-05-04,0,0.4804
prebreak,002163,2023-03-31,S,S,A,C,S,S,A,12.21,12.12,11.6,0.52,,1,12.12,12.09,2023-04-10,0,-0.0754,1,12.12,11.71,2023-04-17,0,-0.8057,1,12.12,11.6,2023-04-18,1,-1.0171
prebreak,300294,2023-03-31,S,S,A,C,S,S,A,33.6829,34.55,32.86,1.69,,1,34.55,35.679,2023-04-10,0,0.6521,1,34.55,36.9808,2023-04-17,0,1.4219,1,34.55,37.4755,2023-05-04,0,1.7145
prebreak,300947,2023-04-06,S,S,A,C,S,S,A,14.36,13.71,13.05,0.66,,1,13.71,17.76,2023-04-13,0,6.1167,1,13.71,15.97,2023-04-20,0,3.4063,1,13.71,13.72,2023-05-09,0,-0.0006
prebreak,601066,2023-04-19,S,S,A,C,S,S,A,25.18,26.24,25.08,1.16,,0,0.0,0.0,,0,0.0,0,0.0,0.0,,0,0.0,1,26.24,26.161,2023-05-11,0,-0.0852
prebreak,601995,2023-05-08,S,S,A,C,S,S,A,41.5838,40.98,39.14,1.84,,1,40.98,44.1264,2023-05-11,0,1.692,1,40.98,44.1264,2023-05-11,0,1.692,1,40.98,44.1264,2023-05-11,0,1.692
prebreak,301083,2023-05-22,S,S,A,C,S,S,A,14.3379,11.99,11.44,0.55,,1,11.99,24.6144,2023-05-29,0,22.9224,1,11.99,21.0546,2023-06-05,0,16.4541,1,11.99,22.3098,2023-06-19,0,18.7349
prebreak,000550,2023-05-24,S,S,A,C,S,S,A,11.5177,12.04,11.49,0.55,,0,0.0,0.0,,0,0.0,0,0.0,0.0,,0,0.0,1,12.04,12.1197,2023-06-21,0,0.1282
prebreak,688303,2023-05-24,S,S,A,C,S,S,A,39.8856,40.28,38.32,1.96,,1,40.28,42.0418,2023-05-31,0,0.8827,1,40.28,41.6775,2023-06-07,0,0.6969,1,40.28,39.669,2023-06-21,0,-0.3272
prebreak,600699,2023-05-25,S,S,A,C,S,S,A,14.9035,14.81,14.12,0.69,,1,14.81,14.9709,2023-06-01,0,0.2167,1,14.81,14.9901,2023-06-08,0,0.2446,1,14.81,16.6268,2023-06-26,0,2.6151
prebreak,600893,2023-06-05,S,S,A,C,S,S,A,39.4222,42.47,40.51,1.96,,0,0.0,0.0,,0,0.0,0,0.0,0.0,,0,0.0,1,42.47,42.1825,2023-07-05,0,-0.163
prebreak,603160,2023-06-05,S,S,A,C,S,S,A,49.717,51.06,48.7,2.36,,0,0.0,0.0,,0,0.0,1,51.06,49.6874,2023-06-15,0,-0.5977,1,51.06,49.6874,2023-06-15,0,-0.5977
prebreak,688586,2023-06-05,S,S,A,C,S,S,A,12.8174,13.34,12.73,0.61,,0,0.0,0.0,,0,0.0,1,13.34,13.3735,2023-06-19,0,0.0382,1,13.34,13.2954,2023-07-05,0,-0.0897
prebreak,600089,2023-06-08,S,S,A,C,S,S,A,15.2892,15.9,15.14,0.76,,1,15.9,15.7199,2023-06-13,0,-0.2527,1,15.9,15.7199,2023-06-13,0,-0.2527,1,15.9,15.7199,2023-06-13,0,-0.2527
prebreak,600699,2023-06-08,S,S,A,C,S,S,A,14.9901,14.81,14.12,0.69,,1,14.81,16.8868,2023-06-15,0,2.9916,1,14.81,16.6268,2023-06-26,0,2.6151,1,14.81,17.9939,2023-07-10,0,4.5952
prebreak,600893,2023-06-12,S,S,A,C,S,S,A,38.9185,39.89,38.46,1.43,,1,39.89,39.7444,2023-06-19,0,-0.123,1,39.89,40.9734,2023-06-28,0,0.7359,1,39.89,41.1518,2023-07-12,0,0.8606
prebreak,301022,2023-06-15,S,S,A,C,S,S,A,25.7771,23.72,22.53,1.19,,1,23.72,26.4332,2023-06-26,0,2.2634,1,23.72,24.2433,2023-07-03,0,0.4243,1,23.72,27.0699,2023-07-17,0,2.7981
prebreak,600089,2023-06-15,S,S,A,C,S,S,A,15.6157,15.9,15.14,0.76,,0,0.0,0.0,,0,0.0,0,0.0,0.0,,0,0.0,1,15.9,15.7894,2023-07-17,0,-0.1614
prebreak,002465,2023-06-16,S,S,A,C,S,S,A,9.7757,9.91,9.4,0.51,,1,9.91,9.9224,2023-06-27,0,0.0095,1,9.91,10.0103,2023-07-04,0,0.1819,1,9.91,9.9028,2023-07-18,0,-0.0289
prebreak,002831,2023-06-16,S,S,A,C,S,S,A,15.9175,15.6,14.96,0.64,,1,15.6,15.5479,2023-06-27,0,-0.0999,1,15.6,16.1979,2023-07-04,0,0.915,1,15.6,16.4145,2023-07-18,0,1.2534
prebreak,300627,2023-06-19,S,S,A,C,S,S,A,21.6983,19.96,19.02,0.94,,1,19.96,21.4369,2023-06-26,0,1.5541,1,19.96,21.4369,2023-06-26,0,1.5541,1,19.96,21.4369,2023-06-26,0,1.5541
prebreak,600893,2023-06-19,S,S,A,C,S,S,A,39.7444,39.89,38.46,1.43,,1,39.89,40.0417,2023-06-26,0,0.0848,1,39.89,40.0417,2023-06-26,0,0.0848,1,39.89,40.0417,2023-06-26,0,0.0848
prebreak,300627,2023-06-28,S,S,A,C,S,S,A,21.3132,19.96,19.02,0.94,,1,19.96,22.8193,2023-07-05,0,3.0238,1,19.96,22.4686,2023-07-12,0,2.6509,1,19.96,21.7946,2023-07-26,0,1.9343
prebreak,600893,2023-06-28,S,S,A,C,S,S,A,40.9734,41.43,39.52,1.91,,1,41.43,42.1825,2023-07-05,0,0.3773,1,41.43,41.1518,2023-07-12,0,-0.1621,1,41.43,40.0913,2023-07-26,0,-0.717
prebreak,600585,2023-07-04,S,S,A,C,S,S,A,21.2314,21.75,20.97,0.78,,0,0.0,0.0,,0,0.0,0,0.0,0.0,,0,0.0,1,21.75,23.6733,2023-08-01,0,2.443
prebreak,003037,2023-07-07,S,S,A,C,S,S,A,12.2333,12.57,11.97,0.6,,1,12.57,12.4289,2023-07-12,0,-0.2509,1,12.57,12.4289,2023-07-12,0,-0.2509,1,12.57,12.4289,2023-07-12,0,-0.2509
prebreak,301107,2023-07-07,S,S,A,C,S,S,A,16.6934,14.69,14.14,0.55,,1,14.69,18.2278,2023-07-14,0,6.408,1,14.69,15.5292,2023-07-21,0,1.5045,1,14.69,14.5257,2023-08-04,0,-0.3188
prebreak,600827,2023-07-07,S,S,A,C,S,S,A,12.026,13.01,12.38,0.63,,0,0.0,0.0,,0,0.0,0,0.0,0.0,,0,0.0,1,13.01,13.4367,2023-08-04,0,0.6612
prebreak,000408,2023-07-11,S,S,A,C,S,S,A,20.6289,21.05,20.1,0.95,,0,0.0,0.0,,0,0.0,1,21.05,20.3689,2023-07-24,0,-0.7334,1,21.05,20.3689,2023-07-24,0,-0.7334
prebreak,300629,2023-07-13,S,S,A,C,S,S,A,19.8431,21.22,20.18,1.04,,0,0.0,0.0,,0,0.0,1,21.22,20.7302,2023-07-27,0,-0.4861,1,21.22,20.5035,2023-07-31,0,-0.704
prebreak,600199,2023-07-19,S,S,A,C,S,S,A,24.99,25.89,24.76,1.13,,1,25.89,26.64,2023-07-26,0,0.6459,1,25.89,27.59,2023-08-02,0,1.4861,1,25.89,25.93,2023-08-16,0,0.018
prebreak,601966,2023-07-24,S,S,A,C,S,S,A,22.3525,21.66,20.57,1.09,,1,21.66,21.8892,2023-07-27,0,0.195,1,21.66,21.8892,2023-07-27,0,0.195,1,21.66,21.8892,2023-07-27,0,0.195
prebreak,300384,2023-07-25,S,S,A,C,S,S,A,15.7451,16.04,15.26,0.78,,1,16.04,16.0035,2023-08-01,0,-0.0624,1,16.04,15.902,2023-08-02,0,-0.1924,1,16.04,15.902,2023-08-02,0,-0.1924
prebreak,301029,2023-07-31,S,S,A,C,S,S,A,37.4691,37.81,35.99,1.82,,1,37.81,37.061,2023-08-04,0,-0.4271,1,37.81,37.061,2023-08-04,0,-0.4271,1,37.81,37.061,2023-08-04,0,-0.4271
prebreak,300384,2023-08-01,S,S,A,C,S,S,A,16.0035,16.04,15.26,0.78,,1,16.04,16.0774,2023-08-08,0,0.0322,1,16.04,15.26,2023-08-14,1,-1.015,1,16.04,15.26,2023-08-14,1,-1.015
prebreak,600862,2023-08-02,S,S,A,C,S,S,A,23.429,24.15,23.06,1.09,2023-08-25（报告期 2023-06-30 00:00:00）,0,0.0,0.0,,0,0.0,0,0.0,0.0,,0,0.0,1,24.15,23.06,2023-08-28,1,-1.0162
prebreak,002465,2023-08-08,S,S,A,C,S,S,A,10.245,10.34,9.83,0.51,2023-08-25（报告期 2023-06-30 00:00:00）,0,0.0,0.0,,0,0.0,0,0.0,0.0,,0,0.0,1,10.34,10.157,2023-09-01,0,-0.374
prebreak,300619,2023-08-10,S,S,A,C,S,S,A,32.0422,29.96,28.51,1.45,,1,29.96,28.51,2023-08-15,1,-1.0151,1,29.96,28.51,2023-08-15,1,-1.0151,1,29.96,28.51,2023-08-15,1,-1.0151
prebreak,600316,2023-08-17,S,S,A,C,S,S,A,22.1869,22.45,21.43,1.02,,1,22.45,21.43,2023-08-21,1,-1.0161,1,22.45,21.43,2023-08-21,1,-1.0161,1,22.45,21.43,2023-08-21,1,-1.0161
prebreak,000408,2023-08-22,S,S,A,C,S,S,A,20.9247,21.67,20.65,1.02,,0,0.0,0.0,,0,0.0,1,21.67,22.5629,2023-09-05,0,0.8587,1,21.67,21.9034,2023-09-19,0,0.2125
prebreak,300012,2023-08-22,S,S,A,C,S,S,A,18.6463,19.99,19.27,0.72,,1,19.99,19.27,2023-08-29,1,-1.0205,1,19.99,19.27,2023-08-29,1,-1.0205,1,19.99,19.27,2023-08-29,1,-1.0205
prebreak,600055,2023-08-22,S,S,A,C,S,S,A,17.3711,18.76,17.89,0.87,2023-08-29（报告期 2023-06-30 00:00:00）,1,18.76,18.758,2023-08-29,0,-0.0187,1,18.76,18.4531,2023-08-31,0,-0.3689,1,18.76,18.4531,2023-08-31,0,-0.3689
prebreak,603393,2023-08-22,S,S,A,C,S,S,A,24.4254,26.96,25.62,1.34,2023-08-30（报告期 2023-06-30 00:00:00）,0,0.0,0.0,,0,0.0,0,0.0,0.0,,0,0.0,1,26.96,29.162,2023-09-19,0,1.6269
prebreak,300408,2023-08-24,S,S,A,C,S,S,A,29.1317,31.69,30.12,1.57,2023-08-30（报告期 2023-06-30 00:00:00）,1,31.69,31.2536,2023-08-31,0,-0.2931,1,31.69,31.0784,2023-09-04,0,-0.4047,1,31.69,31.0784,2023-09-04,0,-0.4047
prebreak,600031,2023-08-28,S,S,A,C,S,S,A,14.7045,15.27,14.53,0.74,2023-08-31（报告期 2023-06-30 00:00:00）,1,15.27,16.1211,2023-09-04,0,1.1337,1,15.27,15.8472,2023-09-06,0,0.7638,1,15.27,15.8472,2023-09-06,0,0.7638
prebreak,000408,2023-08-29,S,S,A,C,S,S,A,21.021,21.3,20.31,0.99,,1,21.3,22.5629,2023-09-05,0,1.2585,1,21.3,21.9963,2023-09-12,0,0.6865,1,21.3,20.9281,2023-09-26,0,-0.3918
prebreak,603393,2023-08-29,S,S,A,C,S,S,A,25.1676,26.96,25.62,1.34,2023-08-30（报告期 2023-06-30 00:00:00）,0,0.0,0.0,,0,0.0,1,26.96,28.3025,2023-09-12,0,0.986,1,26.96,28.2146,2023-09-26,0,0.9204
prebreak,600862,2023-08-30,S,S,A,C,S,S,A,23.6899,23.91,22.71,1.2,,1,23.91,24.4632,2023-09-06,0,0.4455,1,23.91,23.8446,2023-09-13,0,-0.0696,1,23.91,23.8736,2023-09-27,0,-0.0455
prebreak,603195,2023-08-30,S,S,A,C,S,S,A,46.7006,46.03,44.02,2.01,,1,46.03,47.1396,2023-09-06,0,0.5343,1,46.03,46.0266,2023-09-13,0,-0.0191,1,46.03,46.3636,2023-09-27,0,0.1485
prebreak,300809,2023-08-31,S,S,A,C,S,S,A,20.5381,21.11,20.18,0.93,,0,0.0,0.0,,0,0.0,1,21.11,20.7257,2023-09-14,0,-0.4302,1,21.11,20.18,2023-09-18,1,-1.0166
prebreak,002635,2023-09-01,S,S,A,C,S,S,A,12.5949,12.25,11.73,0.52,,1,12.25,12.9775,2023-09-08,0,1.3802,1,12.25,12.6332,2023-09-15,0,0.7185,1,12.25,13.2644,2023-10-09,0,1.9316
prebreak,300997,2023-09-01,S,S,A,C,S,S,A,13.6213,12.67,12.06,0.61,,1,12.67,13.0549,2023-09-06,0,0.6148,1,12.67,13.0549,2023-09-06,0,0.6148,1,12.67,13.0549,2023-09-06,0,0.6148
prebreak,603080,2023-09-01,S,S,A,C,S,S,A,15.1966,13.45,12.8,0.65,,1,13.45,14.4725,2023-09-06,0,1.5563,1,13.45,14.4725,2023-09-06,0,1.5563,1,13.45,14.4725,2023-09-06,0,1.5563
prebreak,300400,2023-09-04,S,S,A,C,S,S,A,15.1376,14.27,13.54,0.73,,1,14.27,15.6179,2023-09-11,0,1.8304,1,14.27,15.4055,2023-09-18,0,1.5396,1,14.27,15.9689,2023-10-10,0,2.3109
prebreak,002294,2023-09-05,S,S,A,C,S,S,A,25.7808,26.72,25.64,1.08,,0,0.0,0.0,,0,0.0,1,26.72,27.5364,2023-09-19,0,0.7366,1,26.72,28.4333,2023-10-11,0,1.5666
prebreak,600161,2023-09-05,S,S,A,C,S,S,A,20.15,20.58,19.9,0.68,,0,0.0,0.0,,0,0.0,1,20.58,20.3782,2023-09-19,0,-0.3195,1,20.58,20.3782,2023-09-19,0,-0.3195
prebreak,002032,2023-09-06,S,S,A,C,S,S,A,41.0245,41.92,40.51,1.41,,1,41.92,40.51,2023-09-12,1,-1.022,1,41.92,40.51,2023-09-12,1,-1.022,1,41.92,40.51,2023-09-12,1,-1.022
prebreak,688166,2023-09-11,S,S,A,C,S,S,A,19.1505,20.03,19.04,0.99,,1,20.03,20.5738,2023-09-18,0,0.5336,1,20.03,26.1577,2023-09-25,0,6.1703,1,20.03,42.8795,2023-10-17,0,23.0504
prebreak,002294,2023-09-12,S,S,A,C,S,S,A,25.6949,26.72,25.64,1.08,,1,26.72,27.5364,2023-09-19,0,0.7366,1,26.72,27.7558,2023-09-26,0,0.9397,1,26.72,27.9562,2023-10-18,0,1.1251
prebreak,600161,2023-09-12,S,S,A,C,S,S,A,20.3293,20.58,19.63,0.95,,1,20.58,20.3782,2023-09-19,0,-0.2287,1,20.58,20.3782,2023-09-19,0,-0.2287,1,20.58,20.3782,2023-09-19,0,-0.2287
prebreak,600438,2023-09-12,S,S,A,C,S,S,A,30.297,31.04,29.58,1.46,,0,0.0,0.0,,0,0.0,0,0.0,0.0,,0,0.0,1,31.04,30.5557,2023-10-09,0,-0.3476
prebreak,603393,2023-09-12,S,S,A,C,S,S,A,28.3025,26.87,25.86,1.01,,1,26.87,29.162,2023-09-19,0,2.2476,1,26.87,28.2146,2023-09-26,0,1.3103,1,26.87,27.99,2023-10-18,0,1.088
prebreak,002028,2023-09-15,S,S,A,C,S,S,A,48.4141,50.89,48.76,2.13,,0,0.0,0.0,,0,0.0,1,50.89,48.9648,2023-10-09,0,-0.9214,1,50.89,48.76,2023-10-10,1,-1.0175
prebreak,000400,2023-09-22,S,S,A,C,S,S,A,18.0485,18.36,17.58,0.78,,1,18.36,18.5937,2023-10-09,0,0.2815,1,18.36,17.58,2023-10-13,1,-1.0173,1,18.36,17.58,2023-10-13,1,-1.0173
prebreak,002028,2023-09-22,S,S,A,C,S,S,A,48.6796,49.57,47.81,1.76,,1,49.57,48.9648,2023-10-09,0,-0.3651,1,49.57,47.81,2023-10-10,1,-1.0208,1,49.57,47.81,2023-10-10,1,-1.0208
prebreak,600161,2023-09-26,S,S,A,C,S,S,A,20.5086,20.82,20.0,0.82,,1,20.82,21.0629,2023-10-11,0,0.2768,1,20.82,22.2041,2023-10-18,0,1.6676,1,20.82,23.4268,2023-11-01,0,3.1577
prebreak,002635,2023-10-09,S,S,A,C,S,S,A,13.2644,12.82,12.22,0.6,,1,12.82,13.6565,2023-10-16,0,1.377,1,12.82,12.7958,2023-10-23,0,-0.0566,1,12.82,14.2303,2023-11-06,0,2.3327
prebreak,002557,2023-10-10,S,S,A,C,S,S,A,28.4493,30.14,28.83,1.31,,0,0.0,0.0,,0,0.0,0,0.0,0.0,,0,0.0,1,30.14,32.1211,2023-11-07,0,1.4938
prebreak,600161,2023-10-11,S,S,A,C,S,S,A,21.0629,21.38,20.62,0.76,,1,21.38,22.2041,2023-10-18,0,1.0623,1,21.38,21.6335,2023-10-25,0,0.312,1,21.38,23.8181,2023-11-08,0,3.1846
prebreak,002635,2023-10-16,S,S,A,C,S,S,A,13.6565,14.03,13.31,0.72,,0,0.0,0.0,,0,0.0,0,0.0,0.0,,0,0.0,1,14.03,14.039,2023-11-13,0,-0.0023
prebreak,603353,2023-10-16,S,S,A,C,S,S,A,21.5886,19.32,18.59,0.73,,1,19.32,24.9773,2023-10-23,0,7.7248,1,19.32,25.8343,2023-10-30,0,8.8979,1,19.32,27.6065,2023-11-13,0,11.3241
prebreak,605319,2023-10-16,S,S,A,C,S,S,A,11.72,11.31,10.74,0.57,,1,11.31,11.9948,2023-10-23,0,1.1855,1,11.31,13.4221,2023-10-30,0,3.688,1,11.31,14.9389,2023-11-13,0,6.3473
prebreak,301166,2023-10-17,S,S,A,C,S,S,A,41.1129,39.44,37.96,1.48,,1,39.44,37.96,2023-10-19,1,-1.0196,1,39.44,37.96,2023-10-19,1,-1.0196,1,39.44,37.96,2023-10-19,1,-1.0196
prebreak,300529,2023-10-24,S,S,A,C,S,S,A,18.9162,21.13,20.09,1.04,,1,21.13,21.852,2023-10-31,0,0.6783,1,21.13,21.4365,2023-11-01,0,0.2791,1,21.13,21.4365,2023-11-01,0,0.2791
prebreak,603668,2023-10-26,S,S,A,C,S,S,A,14.2454,14.76,14.17,0.59,,1,14.76,15.3691,2023-11-02,0,1.0127,1,14.76,15.3963,2023-11-09,0,1.0588,1,14.76,16.5925,2023-11-23,0,3.0849
prebreak,000887,2023-10-27,S,S,A,C,S,S,A,11.9554,12.3,11.69,0.61,,1,12.3,12.2453,2023-11-02,0,-0.1049,1,12.3,12.2453,2023-11-02,0,-0.1049,1,12.3,12.2453,2023-11-02,0,-0.1049
prebreak,002142,2023-10-27,S,S,A,C,S,S,A,22.0779,22.45,21.46,0.99,,1,22.45,22.4943,2023-11-02,0,0.0275,1,22.45,22.4943,2023-11-02,0,0.0275,1,22.45,22.4943,2023-11-02,0,0.0275
prebreak,002847,2023-10-27,S,S,A,C,S,S,A,52.517,48.08,45.73,2.35,,1,48.08,51.8488,2023-11-03,0,1.5872,1,48.08,55.2428,2023-11-10,0,3.0305,1,48.08,53.3903,2023-11-24,0,2.2427
prebreak,002019,2023-10-30,S,S,A,C,S,S,A,13.4449,13.57,12.87,0.7,,1,13.57,13.3962,2023-11-02,0,-0.2628,1,13.57,13.3962,2023-11-02,0,-0.2628,1,13.57,13.3962,2023-11-02,0,-0.2628
prebreak,300652,2023-10-30,S,S,A,C,S,S,A,18.3641,17.44,16.64,0.8,,1,17.44,18.7912,2023-11-06,0,1.6713,1,17.44,19.4355,2023-11-13,0,2.4762,1,17.44,19.7277,2023-11-27,0,2.8413
prebreak,603319,2023-10-30,S,S,A,C,S,S,A,11.6588,12.11,11.6,0.51,,1,12.11,11.8869,2023-11-02,0,-0.4553,1,12.11,11.8869,2023-11-02,0,-0.4553,1,12.11,11.8869,2023-11-02,0,-0.4553
prebreak,603926,2023-10-31,S,S,A,C,S,S,A,10.0129,10.43,9.91,0.52,,1,10.43,11.003,2023-11-07,0,1.086,1,10.43,11.2552,2023-11-14,0,1.5707,1,10.43,11.853,2023-11-28,0,2.7196
prebreak,002847,2023-11-03,S,S,A,C,S,S,A,51.8488,53.05,50.33,2.72,,1,53.05,55.2428,2023-11-10,0,0.7908,1,53.05,52.173,2023-11-17,0,-0.337,1,53.05,52.775,2023-12-01,0,-0.1158
prebreak,002389,2023-11-06,S,S,A,C,S,S,A,19.8611,20.02,19.36,0.66,,1,20.02,20.0295,2023-11-13,0,-0.0087,1,20.02,20.3861,2023-11-20,0,0.5313,1,20.02,19.36,2023-11-24,1,-1.0224
prebreak,002046,2023-11-07,S,S,A,C,S,S,A,10.2742,10.99,10.46,0.53,,1,10.99,10.9894,2023-11-10,0,-0.0168,1,10.99,10.9894,2023-11-10,0,-0.0168,1,10.99,10.9894,2023-11-10,0,-0.0168
prebreak,603706,2023-11-07,S,S,A,C,S,S,A,14.6654,13.98,13.37,0.61,,1,13.98,16.3749,2023-11-14,0,3.9061,1,13.98,15.3509,2023-11-21,0,2.2286,1,13.98,14.865,2023-12-05,0,1.4324
prebreak,600549,2023-11-10,S,S,A,C,S,S,A,16.4123,16.77,16.17,0.6,,1,16.77,16.6396,2023-11-17,0,-0.2385,1,16.77,16.6396,2023-11-17,0,-0.2385,1,16.77,16.6396,2023-11-17,0,-0.2385
prebreak,600104,2023-11-13,S,S,A,C,S,S,A,13.6271,14.4,13.73,0.67,,0,0.0,0.0,,0,0.0,1,14.4,14.618,2023-11-27,0,0.3088,1,14.4,14.2027,2023-11-29,0,-0.3106
prebreak,601233,2023-11-21,S,S,A,C,S,S,A,13.6174,13.93,13.41,0.52,,0,0.0,0.0,,0,0.0,0,0.0,0.0,,0,0.0,1,13.93,14.0988,2023-12-19,0,0.3041
prebreak,601038,2023-11-23,S,S,A,C,S,S,A,11.9431,11.3,10.77,0.53,,1,11.3,13.0305,2023-11-30,0,3.2468,1,11.3,12.768,2023-12-07,0,2.7519,1,11.3,13.3398,2023-12-21,0,3.8301
prebreak,603979,2023-11-23,S,S,A,C,S,S,A,34.6412,35.39,33.79,1.6,,0,0.0,0.0,,0,0.0,0,0.0,0.0,,0,0.0,1,35.39,35.1681,2023-12-19,0,-0.1554
prebreak,605179,2023-11-23,S,S,A,C,S,S,A,13.8174,12.22,11.66,0.56,,1,12.22,13.9952,2023-11-30,0,3.1514,1,12.22,17.4421,2023-12-07,0,9.3027,1,12.22,13.4223,2023-12-21,0,2.1291
prebreak,600523,2023-11-27,S,S,A,C,S,S,A,13.8227,13.93,13.3,0.63,,1,13.93,15.4985,2023-12-04,0,2.4713,1,13.93,14.8979,2023-12-11,0,1.5187,1,13.93,13.3,2023-12-21,1,-1.0162
prebreak,002402,2023-11-28,S,S,A,C,S,S,A,13.6274,13.91,13.27,0.64,,0,0.0,0.0,,0,0.0,1,13.91,13.8322,2023-12-12,0,-0.138,1,13.91,13.6859,2023-12-14,0,-0.3664
prebreak,300699,2023-11-28,S,S,A,C,S,S,A,24.0341,24.98,23.77,1.21,,0,0.0,0.0,,0,0.0,0,0.0,0.0,,0,0.0,1,24.98,24.5368,2023-12-26,0,-0.3817
prebreak,601038,2023-11-30,S,S,A,C,S,S,A,13.0305,11.3,10.77,0.53,,1,11.3,12.6555,2023-12-05,0,2.5397,1,11.3,12.6555,2023-12-05,0,2.5397,1,11.3,12.6555,2023-12-05,0,2.5397
prebreak,605179,2023-11-30,S,S,A,C,S,S,A,13.9952,12.22,11.66,0.56,,1,12.22,17.4421,2023-12-07,0,9.3027,1,12.22,15.4372,2023-12-14,0,5.7247,1,12.22,14.8939,2023-12-28,0,4.7553
prebreak,600380,2023-12-01,S,S,A,C,S,S,A,11.9418,12.08,11.53,0.55,,0,0.0,0.0,,0,0.0,1,12.08,11.8662,2023-12-15,0,-0.4053,1,12.08,11.7527,2023-12-18,0,-0.6114
prebreak,002635,2023-12-04,S,S,A,C,S,S,A,13.7138,14.41,13.74,0.67,,0,0.0,0.0,,0,0.0,0,0.0,0.0,,0,0.0,1,14.41,14.0581,2023-12-22,0,-0.5412
prebreak,603690,2023-12-11,S,S,A,C,S,S,A,26.0615,26.14,25.23,0.91,,0,0.0,0.0,,0,0.0,0,0.0,0.0,,0,0.0,1,26.14,25.23,2024-01-03,1,-1.0212
prebreak,300589,2023-12-12,S,S,A,C,S,S,A,13.7543,14.05,13.46,0.59,,0,0.0,0.0,,0,0.0,0,0.0,0.0,,0,0.0,1,14.05,13.46,2024-01-08,1,-1.0175
prebreak,002805,2023-12-14,S,S,A,C,S,S,A,14.01,16.32,15.49,0.83,,0,0.0,0.0,,0,0.0,1,16.32,16.05,2023-12-28,0,-0.34,1,16.32,15.67,2024-01-02,0,-0.7976
prebreak,300073,2023-12-15,S,S,A,C,S,S,A,35.6634,37.23,35.42,1.81,,0,0.0,0.0,,0,0.0,1,37.23,37.0806,2023-12-29,0,-0.0981,1,37.23,36.6438,2024-01-02,0,-0.3393
prebreak,601021,2023-12-19,S,S,A,C,S,S,A,47.5582,50.03,47.64,2.39,,0,0.0,0.0,,0,0.0,0,0.0,0.0,,0,0.0,1,50.03,49.2942,2024-01-11,0,-0.3236
prebreak,688589,2023-12-19,S,S,A,C,S,S,A,26.5365,27.28,26.01,1.27,,0,0.0,0.0,,0,0.0,1,27.28,26.5567,2024-01-03,0,-0.5855,1,27.28,26.3408,2024-01-04,0,-0.7554
prebreak,000155,2023-12-21,S,S,A,C,S,S,A,12.6554,12.51,11.89,0.62,,1,12.51,12.4711,2023-12-26,0,-0.078,1,12.51,12.4711,2023-12-26,0,-0.078,1,12.51,12.4711,2023-12-26,0,-0.078
prebreak,300393,2023-12-21,S,S,A,C,S,S,A,9.2515,10.34,9.84,0.5,,0,0.0,0.0,,0,0.0,0,0.0,0.0,,0,0.0,1,10.34,10.3433,2024-01-19,0,-0.0091
prebreak,300402,2023-12-21,S,S,A,C,S,S,A,18.0204,17.4,16.6,0.8,,1,17.4,19.1671,2023-12-28,0,2.1909,1,17.4,21.8558,2024-01-05,0,5.5497,1,17.4,17.2,2024-01-19,0,-0.2664
prebreak,002733,2023-12-25,S,S,A,C,S,S,A,14.3609,14.33,13.61,0.72,,1,14.33,14.7419,2024-01-02,0,0.5566,1,14.33,14.3414,2024-01-09,0,0.0007,1,14.33,13.61,2024-01-22,1,-1.0145
prebreak,002780,2023-12-27,S,S,A,C,S,S,A,12.8536,13.83,13.22,0.61,,1,13.83,14.3781,2024-01-04,0,0.8807,1,13.83,14.3881,2024-01-11,0,0.897,1,13.83,13.22,2024-01-18,1,-1.0166
prebreak,003042,2023-12-27,S,S,A,C,S,S,A,17.59,19.61,18.64,0.97,,1,19.61,19.7,2024-01-04,0,0.0774,1,19.61,18.64,2024-01-08,1,-1.0147,1,19.61,18.64,2024-01-08,1,-1.0147
prebreak,300433,2023-12-27,S,S,A,C,S,S,A,12.0074,12.28,11.76,0.52,,1,12.28,12.2552,2024-01-03,0,-0.0657,1,12.28,12.2552,2024-01-03,0,-0.0657,1,12.28,12.2552,2024-01-03,0,-0.0657
prebreak,000532,2023-12-28,S,S,A,C,S,S,A,11.9756,11.47,10.9,0.57,,1,11.47,12.5155,2024-01-05,0,1.8178,1,11.47,12.7511,2024-01-12,0,2.2308,1,11.47,14.8615,2024-01-26,0,5.931
prebreak,300393,2023-12-28,S,S,A,C,S,S,A,10.1581,10.34,9.84,0.5,,0,0.0,0.0,,0,0.0,0,0.0,0.0,,0,0.0,1,10.34,9.84,2024-01-22,1,-1.0151
prebreak,300073,2023-12-29,S,S,A,C,S,S,A,37.0806,37.23,35.42,1.81,,0,0.0,0.0,,0,0.0,1,37.23,37.0418,2024-01-15,0,-0.1195,1,37.23,35.42,2024-01-18,1,-1.015
prebreak,300257,2023-12-29,S,S,A,C,S,S,A,15.3627,15.61,14.86,0.75,,1,15.61,15.4504,2024-01-04,0,-0.2285,1,15.61,15.4504,2024-01-04,0,-0.2285,1,15.61,15.4504,2024-01-04,0,-0.2285
prebreak,003002,2024-01-02,S,S,A,C,S,S,A,14.4696,13.61,12.92,0.69,,1,13.61,14.18,2024-01-05,0,0.8106,1,13.61,14.18,2024-01-05,0,0.8106,1,13.61,14.18,2024-01-05,0,0.8106
prebreak,300856,2024-01-03,S,S,A,C,S,S,A,21.2339,21.03,20.06,0.97,,1,21.03,22.1783,2024-01-10,0,1.1666,1,21.03,22.5043,2024-01-17,0,1.5025,1,21.03,20.06,2024-01-31,1,-1.0158
prebreak,300911,2024-01-03,S,S,A,C,S,S,A,20.2434,21.62,20.66,0.96,,0,0.0,0.0,,0,0.0,1,21.62,20.6082,2024-01-17,0,-1.0704,1,21.62,20.66,2024-01-18,1,-1.0165
prebreak,600096,2024-01-03,S,S,A,C,S,S,A,13.9842,13.59,12.9,0.69,,1,13.59,13.8208,2024-01-08,0,0.3193,1,13.59,13.8208,2024-01-08,0,0.3193,1,13.59,13.8208,2024-01-08,0,0.3193
prebreak,605378,2024-01-03,S,S,A,C,S,S,A,12.7009,11.93,11.33,0.6,,1,11.93,14.0472,2024-01-10,0,3.5113,1,11.93,11.6852,2024-01-17,0,-0.4228,1,11.93,11.33,2024-01-18,1,-1.0145
prebreak,300783,2024-01-04,S,S,A,C,S,S,A,16.9908,17.32,16.71,0.61,,1,17.32,18.7465,2024-01-11,0,2.3154,1,17.32,18.4344,2024-01-12,0,1.8041,1,17.32,18.4344,2024-01-12,0,1.8041
prebreak,600887,2024-01-04,S,S,A,C,S,S,A,22.6845,23.57,22.49,1.08,,0,0.0,0.0,,0,0.0,0,0.0,0.0,,0,0.0,1,23.57,23.4095,2024-01-24,0,-0.1651
prebreak,603209,2024-01-04,S,S,A,C,S,S,A,17.6521,16.03,15.28,0.75,,1,16.03,16.6036,2024-01-11,0,0.748,1,16.03,15.28,2024-01-16,1,-1.0156,1,16.03,15.28,2024-01-16,1,-1.0156
prebreak,300783,2024-01-11,S,S,A,C,S,S,A,18.7465,17.32,16.71,0.61,,1,17.32,18.7757,2024-01-18,0,2.3634,1,17.32,16.71,2024-01-22,1,-1.0209,1,17.32,16.71,2024-01-22,1,-1.0209
prebreak,600258,2024-01-11,S,S,A,C,S,S,A,14.1449,14.57,13.83,0.74,,1,14.57,13.83,2024-01-18,1,-1.0143,1,14.57,13.83,2024-01-18,1,-1.0143,1,14.57,13.83,2024-01-18,1,-1.0143
prebreak,603209,2024-01-11,S,S,A,C,S,S,A,16.6036,16.03,15.28,0.75,,1,16.03,15.28,2024-01-16,1,-1.0156,1,16.03,15.28,2024-01-16,1,-1.0156,1,16.03,15.28,2024-01-16,1,-1.0156
prebreak,002507,2024-01-23,S,S,A,C,S,S,A,11.7773,13.18,12.53,0.65,,0,0.0,0.0,,0,0.0,0,0.0,0.0,,0,0.0,1,13.18,12.53,2024-02-20,1,-1.0148
prebreak,002126,2024-01-24,S,S,A,C,S,S,A,15.3619,17.92,17.04,0.88,,0,0.0,0.0,,0,0.0,0,0.0,0.0,,0,0.0,1,17.92,17.04,2024-02-28,1,-1.0148
prebreak,600977,2024-01-24,S,S,A,C,S,S,A,11.2487,12.28,11.69,0.59,,1,12.28,11.69,2024-01-29,1,-1.0152,1,12.28,11.69,2024-01-29,1,-1.0152,1,12.28,11.69,2024-01-29,1,-1.0152
prebreak,002832,2024-01-25,S,S,A,C,S,S,A,26.926,27.64,26.54,1.1,,0,0.0,0.0,,0,0.0,1,27.64,29.1053,2024-02-08,0,1.3121,1,27.64,26.54,2024-02-27,1,-1.0185
prebreak,000338,2024-02-06,S,S,A,C,S,S,A,13.8656,13.77,13.1,0.67,,1,13.77,14.5679,2024-02-21,0,1.1745,1,13.77,14.3788,2024-02-28,0,0.8925,1,13.77,14.3608,2024-03-13,0,0.8657
prebreak,000423,2024-02-07,S,S,A,C,S,S,A,52.9856,44.84,42.83,2.01,,1,44.84,49.2487,2024-02-22,0,2.1751,1,44.84,51.1965,2024-02-29,0,3.1435,1,44.84,52.5185,2024-03-14,0,3.8008
prebreak,002643,2024-02-07,S,S,A,C,S,S,A,13.5433,13.97,13.26,0.71,,1,13.97,13.5337,2024-02-20,0,-0.629,1,13.97,13.5337,2024-02-20,0,-0.629,1,13.97,13.5337,2024-02-20,0,-0.629
prebreak,600031,2024-02-07,S,S,A,C,S,S,A,12.9951,12.54,11.94,0.6,,1,12.54,13.2406,2024-02-20,0,1.1511,1,12.54,13.2406,2024-02-20,0,1.1511,1,12.54,13.2406,2024-02-20,0,1.1511
prebreak,600612,2024-02-07,S,S,A,C,S,S,A,61.6494,61.86,58.88,2.98,,1,61.86,61.569,2024-02-22,0,-0.1134,1,61.86,61.569,2024-02-29,0,-0.1134,1,61.86,67.6901,2024-03-14,0,1.9394
prebreak,601882,2024-02-07,S,S,A,C,S,S,A,23.7477,24.28,23.22,1.06,,1,24.28,23.22,2024-02-20,1,-1.0168,1,24.28,23.22,2024-02-20,1,-1.0168,1,24.28,23.22,2024-02-20,1,-1.0168
prebreak,002507,2024-02-21,S,S,A,C,S,S,A,12.7382,12.92,12.33,0.59,,1,12.92,12.5552,2024-02-28,0,-0.6346,1,12.92,12.8114,2024-03-01,0,-0.2006,1,12.92,12.8114,2024-03-01,0,-0.2006
prebreak,600884,2024-02-23,S,S,A,C,S,S,A,11.0804,11.41,10.89,0.52,,1,11.41,10.89,2024-02-29,1,-1.016,1,11.41,10.89,2024-02-29,1,-1.016,1,11.41,10.89,2024-02-29,1,-1.016
prebreak,000776,2024-02-26,S,S,A,C,S,S,A,12.9381,13.19,12.68,0.51,,1,13.19,13.0946,2024-03-01,0,-0.2065,1,13.19,13.0946,2024-03-01,0,-0.2065,1,13.19,13.0946,2024-03-01,0,-0.2065
prebreak,601808,2024-02-26,S,S,A,C,S,S,A,13.8934,14.36,13.65,0.71,,0,0.0,0.0,,0,0.0,0,0.0,0.0,,0,0.0,1,14.36,15.241,2024-03-25,0,1.2247
prebreak,000768,2024-03-04,S,S,A,C,S,S,A,20.9474,20.77,19.86,0.91,,1,20.77,21.4984,2024-03-11,0,0.7826,1,20.77,22.1871,2024-03-18,0,1.5389,1,20.77,21.4885,2024-04-01,0,0.7718
prebreak,000878,2024-03-04,S,S,A,C,S,S,A,10.5358,10.74,10.19,0.55,2024-03-29（报告期 2023-12-31 00:00:00）,1,10.74,11.2823,2024-03-11,0,0.9706,1,10.74,12.5013,2024-03-18,0,3.1855,1,10.74,12.5296,2024-04-01,0,3.237
prebreak,600893,2024-03-04,S,S,A,C,S,S,A,34.5905,34.94,33.14,1.8,,1,34.94,34.6004,2024-03-07,0,-0.2033,1,34.94,34.6004,2024-03-07,0,-0.2033,1,34.94,34.6004,2024-03-07,0,-0.2033
prebreak,601808,2024-03-04,S,S,A,C,S,S,A,13.9029,14.04,13.46,0.58,,1,14.04,13.7416,2024-03-11,0,-0.5326,1,14.04,13.7416,2024-03-11,0,-0.5326,1,14.04,13.7416,2024-03-11,0,-0.5326
prebreak,605098,2024-03-04,S,S,A,C,S,S,A,35.7597,37.64,35.77,1.87,,1,37.64,37.8861,2024-03-11,0,0.1163,1,37.64,40.7938,2024-03-18,0,1.6702,1,37.64,39.1534,2024-04-01,0,0.7935
prebreak,301216,2024-03-06,S,S,A,C,S,S,A,12.5868,11.87,11.32,0.55,,1,11.87,12.7321,2024-03-13,0,1.55,1,11.87,12.6546,2024-03-20,0,1.4093,1,11.87,12.3642,2024-04-03,0,0.8815
prebreak,600547,2024-03-06,S,S,A,C,S,S,A,24.0416,21.76,20.89,0.87,2024-03-29（报告期 2023-12-31 00:00:00）,1,21.76,23.8757,2024-03-13,0,2.4113,1,21.76,24.5685,2024-03-20,0,3.2071,1,21.76,29.0177,2024-04-03,0,8.318
prebreak,601808,2024-03-11,S,S,A,C,S,S,A,13.7416,14.27,13.55,0.72,2024-03-27（报告期 2023-12-31 00:00:00）,1,14.27,14.8899,2024-03-18,0,0.8453,1,14.27,15.241,2024-03-25,0,1.3327,1,14.27,17.6325,2024-04-10,0,4.6521
prebreak,600750,2024-03-13,S,S,A,C,S,S,A,19.5461,20.93,20.03,0.9,2024-03-23（报告期 2023-12-31 00:00:00）,0,0.0,0.0,,0,0.0,1,20.93,20.9982,2024-03-27,0,0.058,1,20.93,21.5981,2024-04-12,0,0.7242
prebreak,600258,2024-04-09,S,S,A,C,S,S,A,13.7848,14.22,13.68,0.54,,1,14.22,13.68,2024-04-16,1,-1.0194,1,14.22,13.68,2024-04-16,1,-1.0194,1,14.22,13.68,2024-04-16,1,-1.0194
prebreak,600803,2024-04-09,S,S,A,C,S,S,A,15.9641,16.54,15.73,0.81,,1,16.54,16.2341,2024-04-16,0,-0.3929,1,16.54,16.2594,2024-04-17,0,-0.3617,1,16.54,16.2594,2024-04-17,0,-0.3617
prebreak,001289,2024-05-14,S,S,A,C,S,S,A,17.7219,18.12,17.41,0.71,,0,0.0,0.0,,0,0.0,1,18.12,18.2998,2024-05-28,0,0.2336,1,18.12,17.9916,2024-05-30,0,-0.2002
prebreak,600118,2024-05-20,S,S,A,C,S,S,A,24.7511,25.19,24.24,0.95,,0,0.0,0.0,,0,0.0,1,25.19,24.771,2024-06-03,0,-0.4609,1,25.19,24.5216,2024-06-04,0,-0.7232
prebreak,600893,2024-05-27,S,S,A,C,S,S,A,34.9275,36.06,34.29,1.77,,1,36.06,36.7511,2024-06-03,0,0.3747,1,36.06,37.7423,2024-06-11,0,0.9344,1,36.06,35.5915,2024-06-25,0,-0.28
prebreak,600685,2024-05-30,S,S,A,C,S,S,A,26.794,27.28,25.9,1.38,,1,27.28,27.2783,2024-06-06,0,-0.0162,1,27.28,27.5649,2024-06-14,0,0.1913,1,27.28,25.9,2024-06-25,1,-1.0144
prebreak,600161,2024-05-31,S,S,A,C,S,S,A,23.1008,23.57,22.67,0.9,,1,23.57,25.4239,2024-06-07,0,2.0387,1,23.57,25.2364,2024-06-17,0,1.8305,1,23.57,24.5173,2024-07-01,0,1.032
prebreak,601607,2024-07-05,S,S,A,C,S,S,A,17.9917,18.31,17.38,0.93,,0,0.0,0.0,,0,0.0,1,18.31,18.861,2024-07-19,0,0.5771,1,18.31,18.5366,2024-08-02,0,0.2285
prebreak,000513,2024-07-11,S,S,A,C,S,S,A,33.1484,34.59,32.95,1.64,,0,0.0,0.0,,0,0.0,1,34.59,33.7518,2024-07-24,0,-0.5268,1,34.59,33.7518,2024-07-24,0,-0.5268
prebreak,600089,2024-07-12,S,S,A,C,S,S,A,12.6368,12.99,12.37,0.62,,1,12.99,13.0706,2024-07-19,0,0.114,1,12.99,12.9453,2024-07-26,0,-0.088,1,12.99,12.82,2024-08-09,0,-0.29
prebreak,601607,2024-07-12,S,S,A,C,S,S,A,17.8516,18.15,17.33,0.82,,1,18.15,18.861,2024-07-19,0,0.8497,1,18.15,18.7274,2024-07-26,0,0.6869,1,18.15,18.1264,2024-08-09,0,-0.0456
prebreak,601021,2024-07-26,S,S,A,C,S,S,A,51.612,53.31,50.79,2.52,,0,0.0,0.0,,0,0.0,1,53.31,53.2526,2024-08-07,0,-0.0388,1,53.31,53.2526,2024-08-07,0,-0.0388
prebreak,002001,2024-08-01,S,S,A,C,S,S,A,20.0999,19.4,18.44,0.96,,1,19.4,19.1267,2024-08-06,0,-0.2999,1,19.4,19.1267,2024-08-06,0,-0.2999,1,19.4,19.1267,2024-08-06,0,-0.2999
prebreak,002001,2024-08-08,S,S,A,C,S,S,A,21.1479,19.4,18.44,0.96,,1,19.4,18.9021,2024-08-13,0,-0.5336,1,19.4,18.9021,2024-08-13,0,-0.5336,1,19.4,18.9021,2024-08-13,0,-0.5336
prebreak,000951,2024-08-28,S,S,A,C,S,S,A,12.7456,14.14,13.42,0.72,,0,0.0,0.0,,0,0.0,0,0.0,0.0,,0,0.0,1,14.14,15.0521,2024-09-27,0,1.2511
prebreak,600104,2024-08-29,S,S,A,C,S,S,A,12.1787,12.73,12.11,0.62,2024-08-30（报告期 2024-06-30 00:00:00）,0,0.0,0.0,,0,0.0,0,0.0,0.0,,0,0.0,1,12.73,14.1971,2024-09-30,0,2.3492
prebreak,600104,2024-09-05,S,S,A,C,S,S,A,11.7905,12.73,12.11,0.62,,0,0.0,0.0,,0,0.0,0,0.0,0.0,,0,0.0,1,12.73,13.2267,2024-10-14,0,0.785
prebreak,001872,2024-09-10,S,S,A,C,S,S,A,18.7673,20.13,19.25,0.88,,0,0.0,0.0,,0,0.0,0,0.0,0.0,,0,0.0,1,20.13,20.3561,2024-10-09,0,0.2394
prebreak,600803,2024-09-18,S,S,A,C,S,S,A,15.9527,16.22,15.44,0.78,,1,16.22,16.3066,2024-09-25,0,0.0951,1,16.22,17.2002,2024-10-09,0,1.2401,1,16.22,17.156,2024-10-23,0,1.1834
prebreak,688981,2024-09-18,S,S,A,C,S,S,A,43.17,48.58,46.45,2.13,,0,0.0,0.0,,0,0.0,1,48.58,83.89,2024-10-09,0,16.5497,1,48.58,92.31,2024-10-23,0,20.5002
prebreak,001872,2024-09-19,S,S,A,C,S,S,A,17.6153,20.13,19.25,0.88,,0,0.0,0.0,,0,0.0,1,20.13,20.3561,2024-10-09,0,0.2394,1,20.13,20.3561,2024-10-09,0,0.2394
prebreak,600363,2024-09-20,S,S,A,C,S,S,A,22.6788,25.88,24.68,1.2,,1,25.88,26.675,2024-09-27,0,0.6457,1,25.88,29.6223,2024-10-08,0,3.1002,1,25.88,29.6223,2024-10-08,0,3.1002
prebreak,300498,2024-09-24,S,S,A,C,S,S,A,15.5627,16.07,15.31,0.76,,1,16.07,20.3774,2024-10-08,0,5.648,1,16.07,17.1644,2024-10-15,0,1.423,1,16.07,17.6857,2024-10-29,0,2.1085
prebreak,300699,2024-09-24,S,S,A,C,S,S,A,25.6581,26.24,24.91,1.33,,1,26.24,35.8807,2024-10-08,0,7.2291,1,26.24,31.0161,2024-10-15,0,3.5738,1,26.24,33.753,2024-10-29,0,5.6304
prebreak,600699,2024-09-24,S,S,A,C,S,S,A,14.1882,13.89,13.28,0.61,,1,13.89,18.0853,2024-10-08,0,6.8559,1,13.89,15.7843,2024-10-15,0,3.0861,1,13.89,16.3326,2024-10-29,0,3.9844
prebreak,600803,2024-09-25,S,S,A,C,S,S,A,16.3066,16.12,15.47,0.65,,1,16.12,17.2002,2024-10-09,0,1.642,1,16.12,17.0852,2024-10-16,0,1.4651,1,16.12,16.3685,2024-10-30,0,0.3632
prebreak,688981,2024-09-25,S,S,A,C,S,S,A,44.9,44.23,42.32,1.91,,1,44.23,83.89,2024-10-09,0,20.7337,1,44.23,74.09,2024-10-16,0,15.6061,1,44.23,85.82,2024-10-30,0,21.7436
prebreak,001872,2024-09-26,S,S,A,C,S,S,A,19.2319,20.13,19.25,0.88,,1,20.13,20.3561,2024-10-09,0,0.2394,1,20.13,20.3561,2024-10-09,0,0.2394,1,20.13,20.3561,2024-10-09,0,0.2394
prebreak,002396,2024-09-26,S,S,A,C,S,S,A,11.0441,10.6,10.1,0.5,,1,10.6,12.3926,2024-10-10,0,3.5669,1,10.6,11.7146,2024-10-17,0,2.2117,1,10.6,13.1912,2024-10-31,0,5.163
prebreak,002690,2024-09-26,S,S,A,C,S,S,A,12.7091,11.86,11.33,0.53,,1,11.86,14.7488,2024-10-10,0,5.4301,1,11.86,13.4567,2024-10-17,0,2.9937,1,11.86,14.3981,2024-10-31,0,4.7688
prebreak,600132,2024-09-26,S,S,A,C,S,S,A,56.5038,49.47,47.44,2.03,,1,49.47,59.8867,2024-10-10,0,5.1096,1,49.47,53.5872,2024-10-17,0,2.0084,1,49.47,53.066,2024-10-31,0,1.7518
prebreak,601066,2024-09-26,S,S,A,C,S,S,A,21.8589,19.71,18.87,0.84,,1,19.71,26.3587,2024-10-10,0,7.8923,1,19.71,25.1574,2024-10-17,0,6.4631,1,19.71,25.0688,2024-10-31,0,6.3577
prebreak,601318,2024-09-26,S,S,A,C,S,S,A,45.8692,40.47,38.58,1.89,,1,40.47,53.2199,2024-10-10,0,6.7255,1,40.47,51.8553,2024-10-17,0,6.0039,1,40.47,51.7166,2024-10-31,0,5.9306
prebreak,603927,2024-09-26,S,S,A,C,S,S,A,16.8598,15.81,15.02,0.79,,1,15.81,20.8965,2024-10-10,0,6.4193,1,15.81,20.9639,2024-10-17,0,6.5046,1,15.81,21.4649,2024-10-31,0,7.1384
prebreak,001289,2024-09-27,S,S,A,C,S,S,A,15.2076,13.71,13.04,0.67,,1,13.71,15.4126,2024-10-09,0,2.524,1,13.71,15.4126,2024-10-09,0,2.524,1,13.71,15.4126,2024-10-09,0,2.524
prebreak,002158,2024-09-27,S,S,A,C,S,S,A,17.5354,16.53,15.81,0.72,,1,16.53,19.0411,2024-10-09,0,3.468,1,16.53,19.0411,2024-10-09,0,3.468,1,16.53,19.0411,2024-10-09,0,3.468
prebreak,300685,2024-09-27,S,S,A,C,S,S,A,19.5598,18.8,17.83,0.97,,1,18.8,23.6163,2024-10-09,0,4.9474,1,18.8,23.6163,2024-10-09,0,4.9474,1,18.8,23.6163,2024-10-09,0,4.9474
prebreak,300869,2024-09-27,S,S,A,C,S,S,A,14.1927,12.67,12.16,0.51,,1,12.67,16.3551,2024-10-09,0,7.2022,1,12.67,16.3551,2024-10-09,0,7.2022,1,12.67,16.3551,2024-10-09,0,7.2022
prebreak,600363,2024-09-27,S,S,A,C,S,S,A,26.675,25.88,24.68,1.2,,1,25.88,28.0937,2024-10-09,0,1.8272,1,25.88,28.0937,2024-10-09,0,1.8272,1,25.88,28.0937,2024-10-09,0,1.8272
prebreak,600456,2024-09-27,S,S,A,C,S,S,A,27.7041,26.21,24.89,1.32,,1,26.21,30.7769,2024-10-09,0,3.4425,1,26.21,30.7769,2024-10-09,0,3.4425,1,26.21,30.7769,2024-10-09,0,3.4425
prebreak,002287,2024-09-30,S,S,A,C,S,S,A,21.7098,17.94,17.21,0.73,,1,17.94,21.4829,2024-10-14,0,4.8316,1,17.94,22.7878,2024-10-21,0,6.6179,1,17.94,21.6626,2024-11-04,0,5.0775
prebreak,002507,2024-09-30,S,S,A,C,S,S,A,14.6453,11.68,11.12,0.56,,1,11.68,13.3249,2024-10-14,0,2.9197,1,11.68,13.0908,2024-10-21,0,2.5019,1,11.68,14.3456,2024-11-04,0,4.7412
prebreak,600332,2024-10-08,S,S,A,C,S,S,A,29.3391,23.7,22.71,0.99,,1,23.7,26.3696,2024-10-15,0,2.6766,1,23.7,26.9691,2024-10-22,0,3.2818,1,23.7,27.3111,2024-11-05,0,3.6271
prebreak,600598,2024-10-08,S,S,A,C,S,S,A,14.305,12.36,11.79,0.57,,1,12.36,13.3117,2024-10-15,0,1.6521,1,12.36,13.4138,2024-10-22,0,1.8312,1,12.36,14.4906,2024-11-05,0,3.7191
prebreak,600685,2024-10-08,S,S,A,C,S,S,A,27.6844,25.24,24.18,1.06,,1,25.24,25.3115,2024-10-15,0,0.0493,1,25.24,24.18,2024-10-18,1,-1.0175,1,25.24,24.18,2024-10-18,1,-1.0175
prebreak,600699,2024-10-08,S,S,A,C,S,S,A,18.0853,13.89,13.28,0.61,,1,13.89,15.7843,2024-10-15,0,3.0861,1,13.89,16.362,2024-10-22,0,4.0325,1,13.89,16.5382,2024-11-05,0,4.3213
prebreak,601021,2024-10-08,S,S,A,C,S,S,A,60.062,48.45,46.0,2.45,,1,48.45,50.7986,2024-10-15,0,0.943,1,48.45,52.3151,2024-10-22,0,1.5616,1,48.45,54.8362,2024-11-05,0,2.59
prebreak,601607,2024-10-08,S,S,A,C,S,S,A,20.9839,18.65,17.85,0.8,,1,18.65,19.4125,2024-10-15,0,0.9348,1,18.65,19.8916,2024-10-22,0,1.5333,1,18.65,18.8664,2024-11-05,0,0.2526
prebreak,601965,2024-10-08,S,S,A,C,S,S,A,18.8559,16.23,15.52,0.71,,1,16.23,17.2678,2024-10-15,0,1.4434,1,16.23,17.2104,2024-10-22,0,1.3626,1,16.23,17.44,2024-11-05,0,1.6858
prebreak,000895,2024-10-18,S,S,A,C,S,S,A,22.8724,23.37,22.44,0.93,,0,0.0,0.0,,0,0.0,1,23.37,22.8908,2024-11-01,0,-0.534,1,23.37,22.8908,2024-11-01,0,-0.534
prebreak,600803,2024-10-23,S,S,A,C,S,S,A,17.156,17.32,16.55,0.77,,0,0.0,0.0,,0,0.0,0,0.0,0.0,,0,0.0,1,17.32,16.9879,2024-11-20,0,-0.4482
prebreak,000895,2024-10-25,S,S,A,C,S,S,A,22.6237,23.4,22.44,0.96,,1,23.4,22.8908,2024-11-01,0,-0.5486,1,23.4,22.8908,2024-11-01,0,-0.5486,1,23.4,22.8908,2024-11-01,0,-0.5486
prebreak,600803,2024-10-30,S,S,A,C,S,S,A,16.3685,17.32,16.48,0.84,,0,0.0,0.0,,0,0.0,1,17.32,16.9879,2024-11-13,0,-0.4108,1,17.32,16.48,2024-11-25,1,-1.015
prebreak,001872,2024-10-31,S,S,A,C,S,S,A,18.9625,20.13,19.14,0.99,,0,0.0,0.0,,0,0.0,0,0.0,0.0,,0,0.0,1,20.13,19.14,2024-11-19,1,-1.0148
prebreak,600980,2024-11-05,S,S,A,C,S,S,A,16.6097,14.97,14.21,0.76,,1,14.97,16.3928,2024-11-12,0,1.856,1,14.97,15.5549,2024-11-19,0,0.7542,1,14.97,16.3139,2024-12-03,0,1.7523
prebreak,002034,2024-11-11,S,S,A,C,S,S,A,14.9933,15.22,14.44,0.78,,1,15.22,14.7894,2024-11-14,0,-0.5666,1,15.22,14.7894,2024-11-14,0,-0.5666,1,15.22,14.7894,2024-11-14,0,-0.5666
prebreak,600456,2025-01-13,S,S,A,C,S,S,A,26.5787,29.34,28.0,1.34,,0,0.0,0.0,,0,0.0,1,29.34,28.3304,2025-01-24,0,-0.7696,1,29.34,28.3304,2025-01-24,0,-0.7696
prebreak,601811,2025-02-05,S,S,A,C,S,S,A,13.4482,13.83,13.2,0.63,,1,13.83,13.9961,2025-02-12,0,0.2468,1,13.83,13.6339,2025-02-19,0,-0.3277,1,13.83,13.2,2025-02-25,1,-1.0161
prebreak,600741,2025-02-06,S,S,A,C,S,S,A,15.1904,15.26,14.57,0.69,,1,15.26,15.6863,2025-02-13,0,0.6006,1,15.26,15.6232,2025-02-20,0,0.5092,1,15.26,16.137,2025-03-06,0,1.2534
prebreak,002705,2025-02-10,S,S,A,C,S,S,A,14.1739,14.8,14.19,0.61,,0,0.0,0.0,,0,0.0,0,0.0,0.0,,0,0.0,1,14.8,15.8194,2025-03-10,0,1.6517
prebreak,002020,2025-02-14,S,S,A,C,S,S,A,11.5376,11.9,11.32,0.58,,1,11.9,11.9825,2025-02-21,0,0.1265,1,11.9,11.8121,2025-02-25,0,-0.167,1,11.9,11.8121,2025-02-25,0,-0.167
prebreak,600038,2025-02-14,S,S,A,C,S,S,A,37.5347,36.99,35.23,1.76,,1,36.99,36.687,2025-02-19,0,-0.188,1,36.99,36.687,2025-02-19,0,-0.188,1,36.99,36.687,2025-02-19,0,-0.188
prebreak,002179,2025-02-19,S,S,A,C,S,S,A,34.8823,37.42,35.58,1.84,2025-03-15（报告期 2024-12-31 00:00:00）,1,37.42,37.5202,2025-02-26,0,0.039,1,37.42,37.9068,2025-03-05,0,0.2489,1,37.42,40.5737,2025-03-19,0,1.6974
prebreak,603355,2025-02-19,S,S,A,C,S,S,A,24.32,24.51,23.45,1.06,,1,24.51,25.75,2025-02-26,0,1.1515,1,24.51,25.06,2025-03-05,0,0.501,1,24.51,26.9,2025-03-19,0,2.2357
prebreak,601225,2025-04-29,S,S,A,C,S,S,A,17.6938,18.75,18.02,0.73,,0,0.0,0.0,,0,0.0,0,0.0,0.0,,0,0.0,1,18.75,18.8595,2025-05-30,0,0.1304
prebreak,000429,2025-05-07,S,S,A,C,S,S,A,12.807,13.12,12.52,0.6,,1,13.12,13.0655,2025-05-13,0,-0.1074,1,13.12,13.0655,2025-05-13,0,-0.1074,1,13.12,13.0655,2025-05-13,0,-0.1074
prebreak,000738,2025-05-19,S,S,A,C,S,S,A,19.234,19.55,18.62,0.93,,0,0.0,0.0,,0,0.0,1,19.55,19.3919,2025-06-03,0,-0.1858,1,19.55,19.234,2025-06-04,0,-0.3555
prebreak,002603,2025-06-09,S,S,A,C,S,S,A,14.0411,14.25,13.72,0.53,,0,0.0,0.0,,0,0.0,0,0.0,0.0,,0,0.0,1,14.25,13.8888,2025-07-07,0,-0.7015
prebreak,002020,2025-06-20,S,S,A,C,S,S,A,12.6583,13.83,13.24,0.59,,0,0.0,0.0,,0,0.0,1,13.83,14.5153,2025-07-04,0,1.1429,1,13.83,15.6528,2025-07-18,0,3.0697
prebreak,603288,2025-06-30,S,S,A,C,S,S,A,37.4837,38.13,37.08,1.05,,0,0.0,0.0,,0,0.0,0,0.0,0.0,,0,0.0,1,38.13,37.6185,2025-07-28,0,-0.5144
prebreak,600111,2025-07-03,S,S,A,C,S,S,A,24.562,25.04,24.19,0.85,,1,25.04,26.9355,2025-07-10,0,2.2062,1,25.04,29.9172,2025-07-17,0,5.7119,1,25.04,37.3965,2025-07-31,0,14.5055
prebreak,000831,2025-07-08,S,S,A,C,S,S,A,35.6206,36.08,34.59,1.49,,1,36.08,37.7494,2025-07-15,0,1.1013,1,36.08,40.4479,2025-07-22,0,2.9113,1,36.08,41.2075,2025-08-05,0,3.4207
prebreak,000933,2025-07-08,S,S,A,C,S,S,A,16.5523,17.1,16.38,0.72,,0,0.0,0.0,,0,0.0,1,17.1,18.8682,2025-07-22,0,2.4363,1,17.1,17.2918,2025-08-05,0,0.2482
prebreak,603392,2025-07-10,S,S,A,C,S,S,A,59.92,61.87,59.39,2.48,,0,0.0,0.0,,0,0.0,1,61.87,60.76,2025-07-24,0,-0.4663,1,61.87,59.39,2025-07-28,1,-1.0183
prebreak,300628,2025-07-17,S,S,A,C,S,S,A,32.3998,33.47,31.99,1.48,,0,0.0,0.0,,0,0.0,1,33.47,31.99,2025-07-31,1,-1.0166,1,33.47,31.99,2025-07-31,1,-1.0166
prebreak,002311,2025-07-28,S,S,A,C,S,S,A,53.5892,55.64,53.37,2.27,2025-07-29（报告期 2025-06-30 00:00:00）,1,55.64,55.0651,2025-08-01,0,-0.2717,1,55.64,55.0651,2025-08-01,0,-0.2717,1,55.64,55.0651,2025-08-01,0,-0.2717
prebreak,000738,2025-07-29,S,S,A,C,S,S,A,21.6767,21.27,20.32,0.95,,1,21.27,20.8104,2025-08-01,0,-0.5005,1,21.27,20.8104,2025-08-01,0,-0.5005,1,21.27,20.8104,2025-08-01,0,-0.5005
prebreak,000400,2025-07-30,S,S,A,C,S,S,A,22.4022,23.34,22.23,1.11,2025-08-21（报告期 2025-06-30 00:00:00）,0,0.0,0.0,,0,0.0,0,0.0,0.0,,0,0.0,1,23.34,23.2166,2025-08-25,0,-0.127
prebreak,600989,2025-08-01,S,S,A,C,S,S,A,15.1293,15.99,15.33,0.66,2025-08-08（报告期 2025-06-30 00:00:00）,0,0.0,0.0,,0,0.0,0,0.0,0.0,,0,0.0,1,15.99,16.8373,2025-08-29,0,1.2645
prebreak,002812,2025-08-04,S,S,A,C,S,S,A,29.52,30.41,28.89,1.52,,1,30.41,30.39,2025-08-07,0,-0.0284,1,30.41,30.39,2025-08-07,0,-0.0284,1,30.41,30.39,2025-08-07,0,-0.0284
prebreak,002180,2025-08-07,S,S,A,C,S,S,A,24.03,24.32,23.17,1.15,2025-08-23（报告期 2025-06-30 00:00:00）,0,0.0,0.0,,0,0.0,1,24.32,24.71,2025-08-21,0,0.3228,1,24.32,23.17,2025-09-04,1,-1.0154
prebreak,603733,2025-08-11,S,S,A,C,S,S,A,24.6287,21.49,20.55,0.94,,1,21.49,24.3166,2025-08-14,0,2.9878,1,21.49,24.3166,2025-08-14,0,2.9878,1,21.49,24.3166,2025-08-14,0,2.9878
prebreak,301071,2025-08-12,S,S,A,C,S,S,A,30.3233,30.99,29.77,1.22,,0,0.0,0.0,,0,0.0,1,30.99,31.3675,2025-08-26,0,0.2899,1,30.99,29.77,2025-08-28,1,-1.0187
prebreak,601899,2025-08-18,S,S,A,C,S,S,A,20.3383,20.28,19.3,0.98,,1,20.28,20.1428,2025-08-21,0,-0.1557,1,20.28,20.1428,2025-08-21,0,-0.1557,1,20.28,20.1428,2025-08-21,0,-0.1557
prebreak,002142,2025-08-19,S,S,A,C,S,S,A,26.7042,27.56,26.51,1.05,,1,27.56,27.2621,2025-08-26,0,-0.3035,1,27.56,26.9158,2025-08-27,0,-0.6331,1,27.56,26.9158,2025-08-27,0,-0.6331
prebreak,603833,2025-08-19,S,S,A,C,S,S,A,49.7426,51.36,49.44,1.92,,1,51.36,52.5426,2025-08-26,0,0.5952,1,51.36,51.4339,2025-08-27,0,0.0181,1,51.36,51.4339,2025-08-27,0,0.0181
prebreak,300346,2025-08-21,S,S,A,C,S,S,A,33.9467,32.81,31.21,1.6,2025-08-27（报告期 2025-06-30 00:00:00）,1,32.81,36.5793,2025-08-28,0,2.3387,1,32.81,33.1252,2025-09-04,0,0.1813,1,32.81,35.8217,2025-09-18,0,1.8656
prebreak,601628,2025-08-26,S,S,A,C,S,S,A,41.7727,42.29,40.29,2.0,2025-08-28（报告期 2025-06-30 00:00:00）,1,42.29,40.29,2025-09-01,1,-1.0154,1,42.29,40.29,2025-09-01,1,-1.0154,1,42.29,40.29,2025-09-01,1,-1.0154
prebreak,601001,2025-08-29,S,S,A,C,S,S,A,12.8564,14.15,13.63,0.52,,0,0.0,0.0,,0,0.0,0,0.0,0.0,,0,0.0,1,14.15,13.9537,2025-09-25,0,-0.398
prebreak,688596,2025-08-29,S,S,A,C,S,S,A,41.035,35.66,33.84,1.82,2025-08-30（报告期 2025-06-30 00:00:00）,1,35.66,35.8969,2025-09-05,0,0.1152,1,35.66,35.9169,2025-09-12,0,0.1262,1,35.66,40.5861,2025-09-26,0,2.69
prebreak,000685,2025-09-08,S,S,A,C,S,S,A,9.6074,10.09,9.59,0.5,,0,0.0,0.0,,0,0.0,1,10.09,9.955,2025-09-22,0,-0.2852,1,10.09,12.8903,2025-10-14,0,5.5817
prebreak,603505,2025-09-11,S,S,A,C,S,S,A,17.3663,17.16,16.35,0.81,,1,17.16,17.267,2025-09-16,0,0.1159,1,17.16,17.267,2025-09-16,0,0.1159,1,17.16,17.267,2025-09-16,0,0.1159
prebreak,603391,2025-09-15,S,S,A,C,S,S,A,46.8333,42.87,40.67,2.2,,1,42.87,50.5937,2025-09-22,0,3.4937,1,42.87,51.8829,2025-09-29,0,4.0794,1,42.87,48.4937,2025-10-21,0,2.5398
prebreak,601567,2025-09-19,S,S,A,C,S,S,A,22.2661,22.64,21.63,1.01,,1,22.64,23.8378,2025-09-26,0,1.1681,1,22.64,25.2349,2025-10-13,0,2.5505,1,22.64,22.9531,2025-10-27,0,0.2927
prebreak,000885,2025-09-22,S,S,A,C,S,S,A,13.9319,14.83,14.12,0.71,,1,14.83,15.454,2025-09-29,0,0.8624,1,14.83,14.6008,2025-10-09,0,-0.3385,1,14.83,14.6008,2025-10-09,0,-0.3385
prebreak,688575,2025-09-22,S,S,A,C,S,S,A,14.4878,15.07,14.4,0.67,,0,0.0,0.0,,0,0.0,0,0.0,0.0,,0,0.0,1,15.07,14.9867,2025-10-28,0,-0.1413
prebreak,000400,2025-09-24,S,S,A,C,S,S,A,23.982,23.8,22.61,1.19,,1,23.8,26.3469,2025-10-09,0,2.1237,1,23.8,26.5529,2025-10-16,0,2.2967,1,23.8,25.9273,2025-10-30,0,1.7713
prebreak,002001,2025-09-24,S,S,A,C,S,S,A,22.8067,23.71,22.71,1.0,,1,23.71,24.1972,2025-10-09,0,0.4688,1,23.71,23.4923,2025-10-13,0,-0.2356,1,23.71,23.4923,2025-10-13,0,-0.2356
prebreak,000885,2025-09-29,S,S,A,C,S,S,A,15.454,14.24,13.64,0.6,,1,14.24,14.8723,2025-10-14,0,1.0351,1,14.24,14.8917,2025-10-21,0,1.0674,1,14.24,14.2712,2025-11-04,0,0.0339
prebreak,000902,2025-10-10,S,S,A,C,S,S,A,14.3724,14.81,14.06,0.75,,0,0.0,0.0,,0,0.0,0,0.0,0.0,,0,0.0,1,14.81,15.8993,2025-11-07,0,1.4365
prebreak,300770,2025-10-10,S,S,A,C,S,S,A,44.5582,45.01,42.78,2.23,,0,0.0,0.0,,0,0.0,1,45.01,45.8835,2025-10-24,0,0.3761,1,45.01,44.7644,2025-11-07,0,-0.1254
prebreak,002690,2025-10-14,S,S,A,C,S,S,A,19.1325,20.23,19.31,0.92,,0,0.0,0.0,,0,0.0,1,20.23,19.469,2025-10-28,0,-0.8434,1,20.23,19.31,2025-10-29,1,-1.0161
prebreak,000821,2025-10-15,S,S,A,C,S,S,A,12.6379,12.9,12.33,0.57,,0,0.0,0.0,,0,0.0,0,0.0,0.0,,0,0.0,1,12.9,14.0421,2025-11-12,0,1.9853
prebreak,603100,2025-10-20,S,S,A,C,S,S,A,22.1971,23.96,23.01,0.95,,0,0.0,0.0,,0,0.0,0,0.0,0.0,,0,0.0,1,23.96,25.9129,2025-11-17,0,2.0353
prebreak,603260,2025-10-20,S,S,A,C,S,S,A,48.49,50.18,47.8,2.38,,0,0.0,0.0,,0,0.0,1,50.18,49.6,2025-11-03,0,-0.2596,1,50.18,48.26,2025-11-04,0,-0.8222
prebreak,603279,2025-10-21,S,S,A,C,S,S,A,14.8412,15.31,14.69,0.62,,0,0.0,0.0,,0,0.0,0,0.0,0.0,,0,0.0,1,15.31,16.3528,2025-11-18,0,1.6622
prebreak,600763,2025-10-22,S,S,A,C,S,S,A,42.2,45.3,43.07,2.23,,0,0.0,0.0,,0,0.0,0,0.0,0.0,,0,0.0,1,45.3,44.14,2025-11-18,0,-0.5353
prebreak,002791,2025-10-23,S,S,A,C,S,S,A,22.08,22.71,21.59,1.12,,0,0.0,0.0,,0,0.0,1,22.71,22.66,2025-11-04,0,-0.06,1,22.71,22.66,2025-11-04,0,-0.06
prebreak,603320,2025-10-23,S,S,A,C,S,S,A,21.0535,19.26,18.35,0.91,,1,19.26,20.5371,2025-10-28,0,1.3864,1,19.26,20.5371,2025-10-28,0,1.3864,1,19.26,20.5371,2025-10-28,0,1.3864
prebreak,603439,2025-10-23,S,S,A,C,S,S,A,12.3919,12.76,12.18,0.58,,0,0.0,0.0,,0,0.0,0,0.0,0.0,,0,0.0,1,12.76,12.4715,2025-11-18,0,-0.5138
prebreak,688139,2025-10-24,S,S,A,C,S,S,A,33.5153,34.39,32.92,1.47,,1,34.39,34.4142,2025-10-31,0,-0.0013,1,34.39,34.2166,2025-11-07,0,-0.1356,1,34.39,32.92,2025-11-20,1,-1.0171
prebreak,601900,2025-10-27,S,S,A,C,S,S,A,13.503,12.75,12.19,0.56,,1,12.75,14.1419,2025-11-03,0,2.4667,1,12.75,14.1896,2025-11-10,0,2.5518,1,12.75,13.4077,2025-11-24,0,1.1564
prebreak,603100,2025-10-27,S,S,A,C,S,S,A,23.3119,23.96,23.01,0.95,,0,0.0,0.0,,0,0.0,0,0.0,0.0,,0,0.0,1,23.96,26.2063,2025-11-24,0,2.3439
prebreak,605507,2025-10-27,S,S,A,C,S,S,A,15.7607,15.99,15.31,0.68,,0,0.0,0.0,,0,0.0,1,15.99,16.1844,2025-11-10,0,0.2678,1,15.99,15.9621,2025-11-24,0,-0.0589
prebreak,000951,2025-10-29,S,S,A,C,S,S,A,16.4337,17.11,16.28,0.83,,1,17.11,17.5344,2025-11-05,0,0.4953,1,17.11,17.3334,2025-11-12,0,0.2533,1,17.11,16.28,2025-11-21,1,-1.015
prebreak,003031,2025-11-10,S,S,A,C,S,S,A,53.7849,56.1,53.4,2.7,,0,0.0,0.0,,0,0.0,0,0.0,0.0,,0,0.0,1,56.1,59.1883,2025-12-08,0,1.1273
prebreak,600426,2025-11-11,S,S,A,C,S,S,A,21.6135,19.02,18.06,0.96,,1,19.02,21.0121,2025-11-18,0,2.0587,1,19.02,20.8522,2025-11-25,0,1.8923,1,19.02,21.111,2025-12-09,0,2.1617
prebreak,603379,2025-11-12,S,S,A,C,S,S,A,55.5514,56.96,54.44,2.52,,1,56.96,54.44,2025-11-17,1,-1.0165,1,56.96,54.44,2025-11-17,1,-1.0165,1,56.96,54.44,2025-11-17,1,-1.0165
prebreak,000739,2025-11-17,S,S,A,C,S,S,A,15.2743,15.7,15.09,0.61,,1,15.7,15.6297,2025-11-24,0,-0.1347,1,15.7,15.9753,2025-12-01,0,0.4314,1,15.7,16.0148,2025-12-15,0,0.4961
prebreak,002078,2025-11-25,S,S,A,C,S,S,A,14.1434,14.72,14.07,0.65,,1,14.72,14.6908,2025-12-02,0,-0.0622,1,14.72,14.4171,2025-12-09,0,-0.4829,1,14.72,14.8009,2025-12-23,0,0.1072
prebreak,601688,2025-11-25,S,S,A,C,S,S,A,20.7973,22.88,21.79,1.09,,0,0.0,0.0,,0,0.0,1,22.88,22.2374,2025-12-09,0,-0.6051,1,22.88,22.1381,2025-12-10,0,-0.6962
prebreak,603085,2025-11-26,S,S,A,C,S,S,A,10.37,10.99,10.48,0.51,,0,0.0,0.0,,0,0.0,0,0.0,0.0,,0,0.0,1,10.99,10.48,2025-12-17,1,-1.0157
prebreak,600877,2025-11-27,S,S,A,C,S,S,A,15.83,13.78,13.19,0.59,,1,13.78,15.25,2025-12-02,0,2.4722,1,13.78,15.25,2025-12-02,0,2.4722,1,13.78,15.25,2025-12-02,0,2.4722
prebreak,001368,2025-11-28,S,S,A,C,S,S,A,25.8323,26.38,25.18,1.2,,1,26.38,26.8917,2025-12-05,0,0.4094,1,26.38,25.18,2025-12-11,1,-1.0161,1,26.38,25.18,2025-12-11,1,-1.0161
prebreak,688153,2025-12-02,S,S,A,C,S,S,A,38.4161,34.93,33.21,1.72,,1,34.93,38.1967,2025-12-09,0,1.8826,1,34.93,36.093,2025-12-16,0,0.6603,1,34.93,37.9275,2025-12-30,0,1.7262
prebreak,001368,2025-12-05,S,S,A,C,S,S,A,26.8917,26.38,25.18,1.2,,1,26.38,25.18,2025-12-11,1,-1.0161,1,26.38,25.18,2025-12-11,1,-1.0161,1,26.38,25.18,2025-12-11,1,-1.0161
prebreak,002151,2025-12-05,S,S,A,C,S,S,A,31.4,31.55,30.26,1.29,,1,31.55,31.64,2025-12-12,0,0.0511,1,31.55,33.12,2025-12-19,0,1.1977,1,31.55,54.97,2026-01-06,0,18.125
prebreak,300525,2025-12-05,S,S,A,C,S,S,A,14.1212,13.58,13.03,0.55,,1,13.58,13.6644,2025-12-12,0,0.1347,1,13.58,13.4956,2025-12-19,0,-0.1721,1,13.58,14.0517,2026-01-06,0,0.8384
prebreak,301522,2025-12-05,S,S,A,C,S,S,A,32.1843,31.89,30.49,1.4,,1,31.89,34.1691,2025-12-12,0,1.6096,1,31.89,34.7675,2025-12-19,0,2.0367,1,31.89,39.1259,2026-01-06,0,5.1479
prebreak,603383,2025-12-05,S,S,A,C,S,S,A,37.8761,38.3,36.47,1.83,,1,38.3,37.8573,2025-12-10,0,-0.2577,1,38.3,37.8573,2025-12-10,0,-0.2577,1,38.3,37.8573,2025-12-10,0,-0.2577
prebreak,600955,2025-12-10,S,S,A,C,S,S,A,14.8023,15.48,14.69,0.79,,0,0.0,0.0,,0,0.0,0,0.0,0.0,,0,0.0,1,15.48,17.2344,2026-01-09,0,2.2045
prebreak,301522,2025-12-12,S,S,A,C,S,S,A,34.1691,31.89,30.49,1.4,,1,31.89,33.7801,2025-12-17,0,1.3319,1,31.89,33.7801,2025-12-17,0,1.3319,1,31.89,33.7801,2025-12-17,0,1.3319
prebreak,603004,2025-12-12,S,S,A,C,S,S,A,22.3809,24.37,23.17,1.2,,0,0.0,0.0,,0,0.0,0,0.0,0.0,,0,0.0,1,24.37,24.0134,2026-01-13,0,-0.3124
prebreak,603383,2025-12-12,S,S,A,C,S,S,A,36.4432,38.3,36.47,1.83,,0,0.0,0.0,,0,0.0,0,0.0,0.0,,0,0.0,1,38.3,39.4383,2026-01-13,0,0.6057
prebreak,300161,2025-12-15,S,S,A,C,S,S,A,28.0004,29.0,27.62,1.38,,0,0.0,0.0,,0,0.0,0,0.0,0.0,,0,0.0,1,29.0,31.5579,2026-01-14,0,1.8364
prebreak,603112,2025-12-15,S,S,A,C,S,S,A,18.029,18.48,17.61,0.87,,0,0.0,0.0,,0,0.0,0,0.0,0.0,,0,0.0,1,18.48,19.2177,2026-01-14,0,0.8312
prebreak,300183,2025-12-17,S,S,A,C,S,S,A,14.5243,15.9,15.17,0.73,,0,0.0,0.0,,0,0.0,0,0.0,0.0,,0,0.0,1,15.9,15.8538,2026-01-16,0,-0.0798
prebreak,300244,2025-12-17,S,S,A,C,S,S,A,14.8633,15.34,14.6,0.74,,1,15.34,15.472,2025-12-22,0,0.1625,1,15.34,15.472,2025-12-22,0,0.1625,1,15.34,15.472,2025-12-22,0,0.1625
prebreak,600955,2025-12-17,S,S,A,C,S,S,A,14.7624,15.48,14.69,0.79,,0,0.0,0.0,,0,0.0,1,15.48,16.1479,2025-12-31,0,0.83,1,15.48,17.1945,2026-01-16,0,2.154
prebreak,600372,2025-12-18,S,S,A,C,S,S,A,12.8451,12.95,12.36,0.59,,1,12.95,12.7854,2025-12-23,0,-0.2956,1,12.95,12.7854,2025-12-23,0,-0.2956,1,12.95,12.7854,2025-12-23,0,-0.2956
prebreak,603777,2025-12-18,S,S,A,C,S,S,A,14.84,13.9,13.2,0.7,,1,13.9,14.28,2025-12-23,0,0.5274,1,13.9,14.28,2025-12-23,0,0.5274,1,13.9,14.28,2025-12-23,0,0.5274
prebreak,603886,2025-12-18,S,S,A,C,S,S,A,12.8017,12.29,11.78,0.51,,1,12.29,13.1241,2025-12-23,0,1.6162,1,12.29,13.1241,2025-12-23,0,1.6162,1,12.29,13.1241,2025-12-23,0,1.6162
prebreak,300320,2025-12-19,S,S,A,C,S,S,A,9.289,9.89,9.38,0.51,,0,0.0,0.0,,0,0.0,0,0.0,0.0,,0,0.0,1,9.89,9.9967,2026-01-20,0,0.1943
prebreak,301278,2025-12-19,S,S,A,C,S,S,A,37.3394,35.39,33.69,1.7,,1,35.39,33.69,2025-12-24,1,-1.0152,1,35.39,33.69,2025-12-24,1,-1.0152,1,35.39,33.69,2025-12-24,1,-1.0152
prebreak,301335,2025-12-19,S,S,A,C,S,S,A,30.9453,29.07,27.79,1.28,,1,29.07,29.741,2025-12-24,0,0.5066,1,29.07,29.741,2025-12-24,0,0.5066,1,29.07,29.741,2025-12-24,0,0.5066
prebreak,603383,2025-12-19,S,S,A,C,S,S,A,35.6477,36.69,34.92,1.77,,0,0.0,0.0,,0,0.0,1,36.69,37.7885,2026-01-06,0,0.6045,1,36.69,37.5823,2026-01-20,0,0.4881
prebreak,603867,2025-12-19,S,S,A,C,S,S,A,24.6015,27.98,26.6,1.38,,0,0.0,0.0,,0,0.0,0,0.0,0.0,,0,0.0,1,27.98,28.4724,2026-01-20,0,0.3412
prebreak,000682,2025-12-22,S,S,A,C,S,S,A,11.621,12.01,11.5,0.51,,0,0.0,0.0,,0,0.0,1,12.01,12.1588,2026-01-07,0,0.2737,1,12.01,13.9711,2026-01-21,0,3.8251
prebreak,000786,2025-12-22,S,S,A,C,S,S,A,24.1381,24.7,23.66,1.04,,0,0.0,0.0,,0,0.0,1,24.7,24.5347,2026-01-07,0,-0.1768,1,24.7,25.8021,2026-01-21,0,1.041
prebreak,000997,2025-12-24,S,S,A,C,S,S,A,25.6687,26.17,25.24,0.93,,1,26.17,27.9269,2025-12-31,0,1.8665,1,26.17,27.6606,2026-01-09,0,1.5804,1,26.17,28.2523,2026-01-23,0,2.2162
prebreak,001373,2025-12-25,S,S,A,C,S,S,A,31.14,33.28,31.66,1.62,,1,33.28,33.81,2026-01-05,0,0.3113,1,33.28,37.95,2026-01-12,0,2.8653,1,33.28,42.91,2026-01-26,0,5.9251
prebreak,002601,2025-12-25,S,S,A,C,S,S,A,19.06,18.19,17.37,0.82,,1,18.19,19.68,2026-01-05,0,1.7991,1,18.19,19.97,2026-01-12,0,2.1525,1,18.19,21.99,2026-01-26,0,4.6144
prebreak,002635,2025-12-25,S,S,A,C,S,S,A,13.7941,14.2,13.52,0.68,,0,0.0,0.0,,0,0.0,1,14.2,14.349,2026-01-12,0,0.2031,1,14.2,13.9526,2026-01-14,0,-0.3794
prebreak,002995,2025-12-25,S,S,A,C,S,S,A,16.41,16.83,16.04,0.79,,1,16.83,17.38,2026-01-05,0,0.6796,1,16.83,19.83,2026-01-12,0,3.7789,1,16.83,25.1,2026-01-26,0,10.4456
prebreak,301587,2025-12-25,S,S,A,C,S,S,A,23.59,23.77,22.66,1.11,,1,23.77,23.55,2025-12-30,0,-0.2143,1,23.77,23.55,2025-12-30,0,-0.2143,1,23.77,23.55,2025-12-30,0,-0.2143
prebreak,603777,2025-12-25,S,S,A,C,S,S,A,14.21,13.9,13.2,0.7,,1,13.9,13.51,2025-12-30,0,-0.5719,1,13.9,13.51,2025-12-30,0,-0.5719,1,13.9,13.51,2025-12-30,0,-0.5719
prebreak,300817,2025-12-26,S,S,A,C,S,S,A,20.0854,19.49,18.6,0.89,,1,19.49,20.8006,2026-01-06,0,1.455,1,19.49,22.837,2026-01-13,0,3.7416,1,19.49,21.049,2026-01-27,0,1.7339
prebreak,001319,2025-12-29,S,S,A,C,S,S,A,26.4713,26.01,24.84,1.17,,1,26.01,26.8357,2026-01-05,0,0.6884,1,26.01,26.8357,2026-01-05,0,0.6884,1,26.01,26.8357,2026-01-05,0,0.6884
prebreak,002698,2025-12-29,S,S,A,C,S,S,A,15.8824,16.68,16.08,0.6,,1,16.68,16.2745,2026-01-05,0,-0.6965,1,16.68,16.2745,2026-01-05,0,-0.6965,1,16.68,16.2745,2026-01-05,0,-0.6965
prebreak,003039,2025-12-29,S,S,A,C,S,S,A,14.3918,14.49,13.89,0.6,,1,14.49,16.3538,2026-01-07,0,3.0861,1,14.49,17.0602,2026-01-14,0,4.2626,1,14.49,15.9712,2026-01-28,0,2.4488
prebreak,300161,2025-12-29,S,S,A,C,S,S,A,28.7699,28.98,27.87,1.11,,1,28.98,30.1489,2026-01-07,0,1.0326,1,28.98,31.5579,2026-01-14,0,2.3011,1,28.98,32.4873,2026-01-28,0,3.1379
prebreak,300174,2025-12-29,S,S,A,C,S,S,A,15.6732,15.93,15.17,0.76,,0,0.0,0.0,,0,0.0,1,15.93,16.1484,2026-01-14,0,0.2713,1,15.93,16.6122,2026-01-28,0,0.8811
prebreak,000997,2025-12-31,S,S,A,C,S,S,A,27.9269,26.17,25.24,0.93,,1,26.17,27.6606,2026-01-09,0,1.5804,1,26.17,28.6763,2026-01-16,0,2.6719,1,26.17,26.9408,2026-01-30,0,0.8069
prebreak,300244,2025-12-31,S,S,A,C,S,S,A,15.5603,15.78,15.04,0.74,,1,15.78,21.323,2026-01-09,0,7.4697,1,15.78,24.8081,2026-01-16,0,12.1763,1,15.78,23.4534,2026-01-30,0,10.3467
prebreak,603897,2026-01-05,S,S,A,C,S,S,A,26.0869,26.88,25.85,1.03,,1,26.88,26.6419,2026-01-12,0,-0.2509,1,26.88,25.85,2026-01-14,1,-1.0192,1,26.88,25.85,2026-01-14,1,-1.0192
prebreak,300341,2026-01-06,S,S,A,C,S,S,A,16.9842,17.19,16.35,0.84,,1,17.19,18.1085,2026-01-13,0,1.0773,1,17.19,18.2677,2026-01-20,0,1.2667,1,17.19,17.0837,2026-02-03,0,-0.142
prebreak,001319,2026-01-07,S,S,A,C,S,S,A,26.5796,27.32,26.11,1.21,,0,0.0,0.0,,0,0.0,1,27.32,30.2332,2026-01-21,0,2.389,1,27.32,29.8295,2026-02-04,0,2.0555
prebreak,003039,2026-01-07,S,S,A,C,S,S,A,16.3538,14.49,13.89,0.6,,1,14.49,17.0602,2026-01-14,0,4.2626,1,14.49,17.4918,2026-01-21,0,4.9816,1,14.49,16.138,2026-02-04,0,2.7266
prebreak,300161,2026-01-07,S,S,A,C,S,S,A,30.1489,29.4,28.12,1.28,,1,29.4,31.5579,2026-01-14,0,1.6674,1,29.4,32.6372,2026-01-21,0,2.51,1,29.4,31.9477,2026-02-04,0,1.9716
prebreak,603939,2026-01-07,S,S,A,C,S,S,A,21.7189,21.95,20.96,0.99,,1,21.95,22.326,2026-01-14,0,0.3627,1,21.95,21.6993,2026-01-21,0,-0.2699,1,21.95,24.2452,2026-02-04,0,2.3001
prebreak,300075,2026-01-08,S,S,A,C,S,S,A,15.5,15.66,15.07,0.59,,1,15.66,17.19,2026-01-15,0,2.5714,1,15.66,16.08,2026-01-22,0,0.6912,1,15.66,15.07,2026-01-29,1,-1.0195
prebreak,002322,2026-01-09,S,S,A,C,S,S,A,12.295,12.04,11.5,0.54,,1,12.04,12.7622,2026-01-16,0,1.3197,1,12.04,13.249,2026-01-23,0,2.2205,1,12.04,12.8985,2026-02-06,0,1.5719
prebreak,301376,2026-01-09,S,S,A,C,S,S,A,18.3978,18.52,17.67,0.85,,1,18.52,19.0605,2026-01-16,0,0.619,1,18.52,19.4958,2026-01-23,0,1.1307,1,18.52,19.6639,2026-02-06,0,1.3284
prebreak,600060,2026-01-09,S,S,A,C,S,S,A,23.4345,24.15,22.92,1.23,,1,24.15,22.92,2026-01-14,1,-1.0143,1,24.15,22.92,2026-01-14,1,-1.0143,1,24.15,22.92,2026-01-14,1,-1.0143
prebreak,688777,2026-01-09,S,S,A,C,S,S,A,53.4898,50.49,48.06,2.43,,1,50.49,64.1399,2026-01-16,0,5.5979,1,50.49,74.5906,2026-01-23,0,9.8959,1,50.49,87.255,2026-02-06,0,15.1043
prebreak,600071,2026-01-12,S,S,A,C,S,S,A,22.78,21.85,20.85,1.0,,1,21.85,21.5,2026-01-15,0,-0.3664,1,21.85,21.5,2026-01-15,0,-0.3664,1,21.85,21.5,2026-01-15,0,-0.3664
prebreak,002223,2026-01-14,S,S,A,C,S,S,A,44.4173,38.62,37.07,1.55,,1,38.62,40.2104,2026-01-21,0,1.0065,1,38.62,40.6017,2026-01-28,0,1.2588,1,38.62,38.1656,2026-02-11,0,-0.3119
prebreak,601900,2026-01-14,S,S,A,C,S,S,A,15.7631,13.26,12.58,0.68,,1,13.26,14.7427,2026-01-21,0,2.1643,1,13.26,14.6378,2026-01-28,0,2.0101,1,13.26,14.1706,2026-02-11,0,1.3234
prebreak,300075,2026-01-15,S,S,A,C,S,S,A,17.19,15.66,15.07,0.59,,1,15.66,16.04,2026-01-20,0,0.6235,1,15.66,16.04,2026-01-20,0,0.6235,1,15.66,16.04,2026-01-20,0,0.6235
prebreak,600060,2026-01-16,S,S,A,C,S,S,A,22.5858,24.15,22.92,1.23,,1,24.15,23.8685,2026-01-23,0,-0.2437,1,24.15,23.8685,2026-01-23,0,-0.2437,1,24.15,23.8685,2026-01-23,0,-0.2437
prebreak,603826,2026-01-16,S,S,A,C,S,S,A,13.3673,13.86,13.27,0.59,,0,0.0,0.0,,0,0.0,0,0.0,0.0,,0,0.0,1,13.86,14.0548,2026-02-13,0,0.3121
prebreak,300479,2026-01-19,S,S,A,C,S,S,A,21.35,19.57,18.86,0.71,,1,19.57,20.76,2026-01-22,0,1.6541,1,19.57,20.76,2026-01-22,0,1.6541,1,19.57,20.76,2026-01-22,0,1.6541
prebreak,002831,2026-01-21,S,S,A,C,S,S,A,18.9448,19.76,18.82,0.94,,1,19.76,19.9309,2026-01-28,0,0.1657,1,19.76,20.9869,2026-02-04,0,1.2884,1,19.76,21.889,2026-02-26,0,2.2475
prebreak,605296,2026-01-21,S,S,A,C,S,S,A,28.4,29.1,28.03,1.07,,0,0.0,0.0,,0,0.0,1,29.1,28.03,2026-02-02,1,-1.02,1,29.1,28.03,2026-02-02,1,-1.02
prebreak,603826,2026-01-23,S,S,A,C,S,S,A,13.4284,13.86,13.27,0.59,,0,0.0,0.0,,0,0.0,1,13.86,14.895,2026-02-06,0,1.7353,1,13.86,15.804,2026-03-02,0,3.275
prebreak,600071,2026-01-26,S,S,A,C,S,S,A,21.8,22.48,21.39,1.09,,1,22.48,21.74,2026-01-29,0,-0.6941,1,22.48,21.74,2026-01-29,0,-0.6941,1,22.48,21.74,2026-01-29,0,-0.6941
prebreak,600129,2026-01-27,S,S,A,C,S,S,A,18.03,18.88,17.92,0.96,,0,0.0,0.0,,0,0.0,1,18.88,17.95,2026-02-10,0,-0.9831,1,18.88,17.95,2026-02-10,0,-0.9831
prebreak,605296,2026-01-28,S,S,A,C,S,S,A,27.54,28.8,27.44,1.36,,1,28.8,28.09,2026-02-03,0,-0.5378,1,28.8,28.09,2026-02-03,0,-0.5378,1,28.8,28.09,2026-02-03,0,-0.5378
prebreak,605555,2026-01-29,S,S,A,C,S,S,A,17.8163,19.06,18.08,0.98,,0,0.0,0.0,,0,0.0,1,19.06,18.2875,2026-02-12,0,-0.8026,1,19.06,18.2875,2026-02-12,0,-0.8026
prebreak,000099,2026-01-30,S,S,A,C,S,S,A,19.7051,21.52,20.68,0.84,,0,0.0,0.0,,0,0.0,0,0.0,0.0,,0,0.0,1,21.52,21.4052,2026-03-09,0,-0.1561
prebreak,300251,2026-01-30,S,S,A,C,S,S,A,19.332,17.4,16.62,0.78,,1,17.4,20.2215,2026-02-06,0,3.5981,1,17.4,26.9028,2026-02-13,0,12.1584,1,17.4,16.62,2026-03-09,1,-1.0163
prebreak,688050,2026-02-03,S,S,A,C,S,S,A,59.3916,61.11,58.85,2.26,,0,0.0,0.0,,0,0.0,0,0.0,0.0,,0,0.0,1,61.11,59.213,2026-03-02,0,-0.8594
prebreak,002416,2026-02-04,S,S,A,C,S,S,A,12.4057,12.57,12.0,0.57,,1,12.57,12.98,2026-02-11,0,0.7021,1,12.57,13.6788,2026-02-26,0,1.9273,1,12.57,12.0,2026-03-09,1,-1.0161
prebreak,002299,2026-02-05,S,S,A,C,S,S,A,17.0338,16.98,16.13,0.85,,1,16.98,17.9828,2026-02-12,0,1.1639,1,16.98,19.0802,2026-02-27,0,2.4541,1,16.98,18.2992,2026-03-13,0,1.5358
prebreak,603042,2026-02-05,S,S,A,C,S,S,A,14.3593,14.17,13.44,0.73,,1,14.17,14.759,2026-02-12,0,0.7916,1,14.17,15.005,2026-02-27,0,1.1284,1,14.17,15.6123,2026-03-13,0,1.9597
prebreak,603317,2026-02-05,S,S,A,C,S,S,A,14.0201,12.62,12.05,0.57,,1,12.62,13.4017,2026-02-10,0,1.3537,1,12.62,13.4017,2026-02-10,0,1.3537,1,12.62,13.4017,2026-02-10,0,1.3537
prebreak,603985,2026-02-05,S,S,A,C,S,S,A,15.143,17.11,16.26,0.85,,1,17.11,17.5471,2026-02-12,0,0.4986,1,17.11,17.986,2026-02-27,0,1.0146,1,17.11,17.986,2026-03-13,0,1.0146
prebreak,300251,2026-02-06,S,S,A,C,S,S,A,20.2215,17.4,16.62,0.78,,1,17.4,26.9028,2026-02-13,0,12.1584,1,17.4,18.4821,2026-03-02,0,1.3694,1,17.4,16.62,2026-03-09,1,-1.0163
prebreak,603082,2026-02-06,S,S,A,C,S,S,A,37.0281,37.94,36.41,1.53,,1,37.94,38.1926,2026-02-13,0,0.1461,1,37.94,38.1926,2026-02-13,0,0.1461,1,37.94,38.1926,2026-02-13,0,0.1461
prebreak,603826,2026-02-06,S,S,A,C,S,S,A,14.895,13.86,13.27,0.59,,1,13.86,14.0548,2026-02-13,0,0.3121,1,13.86,15.804,2026-03-02,0,3.275,1,13.86,18.4545,2026-03-16,0,7.7646
prebreak,002933,2026-02-09,S,S,A,C,S,S,A,35.8649,36.5,34.82,1.68,,1,36.5,37.104,2026-02-24,0,0.3428,1,36.5,36.8941,2026-02-25,0,0.2179,1,36.5,36.8941,2026-02-25,0,0.2179
prebreak,300691,2026-02-10,S,S,A,C,S,S,A,17.59,17.76,16.95,0.81,,1,17.76,17.9,2026-02-25,0,0.1561,1,17.76,17.9,2026-02-25,0,0.1561,1,17.76,17.9,2026-02-25,0,0.1561
prebreak,300100,2026-02-11,S,S,A,C,S,S,A,35.2013,35.99,34.34,1.65,,1,35.99,36.2876,2026-02-26,0,0.1637,1,35.99,34.34,2026-03-03,1,-1.0159,1,35.99,34.34,2026-03-03,1,-1.0159
prebreak,601088,2026-02-12,S,S,A,C,S,S,A,41.5173,42.09,39.96,2.13,,0,0.0,0.0,,0,0.0,1,42.09,44.7071,2026-03-06,0,1.2129,1,42.09,48.336,2026-03-20,0,2.9155
prebreak,002791,2026-02-24,S,S,A,C,S,S,A,24.08,22.29,21.44,0.85,,1,22.29,24.71,2026-02-27,0,2.8253,1,22.29,24.71,2026-02-27,0,2.8253,1,22.29,24.71,2026-02-27,0,2.8253
prebreak,603777,2026-02-24,S,S,A,C,S,S,A,12.96,13.57,12.9,0.67,,0,0.0,0.0,,0,0.0,0,0.0,0.0,,0,0.0,1,13.57,12.9,2026-03-13,1,-1.0148
prebreak,002085,2026-02-25,S,S,A,C,S,S,A,15.9089,15.89,15.31,0.58,,1,15.89,16.0284,2026-03-04,0,0.2177,1,15.89,16.4867,2026-03-11,0,1.0073,1,15.89,15.31,2026-03-18,1,-1.0202
prebreak,000096,2026-02-26,S,S,A,C,S,S,A,10.6775,11.17,10.64,0.53,,1,11.17,11.7275,2026-03-05,0,1.0351,1,11.17,11.0737,2026-03-12,0,-0.1976,1,11.17,10.64,2026-03-17,1,-1.0154
prebreak,600066,2026-02-26,S,S,A,C,S,S,A,27.9934,30.87,29.39,1.48,,0,0.0,0.0,,0,0.0,0,0.0,0.0,,0,0.0,1,30.87,30.8314,2026-03-26,0,-0.0419
prebreak,601088,2026-02-27,S,S,A,C,S,S,A,41.2246,41.83,40.02,1.81,,1,41.83,44.7071,2026-03-06,0,1.571,1,41.83,47.7214,2026-03-13,0,3.2353,1,41.83,46.3362,2026-03-27,0,2.4705
prebreak,601225,2026-02-27,S,S,A,C,S,S,A,22.7031,22.85,21.71,1.14,,1,22.85,23.9005,2026-03-06,0,0.9057,1,22.85,25.1362,2026-03-13,0,1.989,1,22.85,25.0213,2026-03-27,0,1.8882
prebreak,301559,2026-03-04,S,S,A,C,S,S,A,17.4116,18.32,17.46,0.86,,1,18.32,18.5079,2026-03-11,0,0.2021,1,18.32,17.46,2026-03-17,1,-1.0156,1,18.32,17.46,2026-03-17,1,-1.0156
prebreak,002588,2026-03-05,S,S,A,C,S,S,A,10.2565,10.75,10.21,0.54,,1,10.75,10.4698,2026-03-10,0,-0.5338,1,10.75,10.4698,2026-03-10,0,-0.5338,1,10.75,10.4698,2026-03-10,0,-0.5338
prebreak,600066,2026-03-05,S,S,A,C,S,S,A,29.304,30.87,29.39,1.48,,0,0.0,0.0,,0,0.0,0,0.0,0.0,,0,0.0,1,30.87,30.8314,2026-03-26,0,-0.0419
prebreak,601088,2026-03-06,S,S,A,C,S,S,A,44.7071,41.83,40.02,1.81,2026-03-28（报告期 2025-12-31 00:00:00）,1,41.83,47.7214,2026-03-13,0,3.2353,1,41.83,48.336,2026-03-20,0,3.5746,1,41.83,46.4143,2026-04-03,0,2.5136
prebreak,601225,2026-03-06,S,S,A,C,S,S,A,23.9005,22.85,21.71,1.14,,1,22.85,25.1362,2026-03-13,0,1.989,1,22.85,26.0175,2026-03-20,0,2.7616,1,22.85,24.2933,2026-04-03,0,1.25
prebreak,603527,2026-03-10,S,S,A,C,S,S,A,10.8755,10.97,10.44,0.53,,1,10.97,12.6434,2026-03-17,0,3.1396,1,10.97,10.44,2026-03-20,1,-1.0151,1,10.97,10.44,2026-03-20,1,-1.0151
prebreak,603777,2026-03-10,S,S,A,C,S,S,A,13.13,13.33,12.69,0.64,,1,13.33,13.47,2026-03-17,0,0.2028,1,13.33,12.69,2026-03-23,1,-1.0152,1,13.33,12.69,2026-03-23,1,-1.0152
prebreak,300498,2026-03-11,S,S,A,C,S,S,A,16.8723,16.13,15.34,0.79,,1,16.13,17.0494,2026-03-18,0,1.1475,1,16.13,16.5771,2026-03-25,0,0.5501,1,16.13,16.3213,2026-04-09,0,0.2265
prebreak,601882,2026-03-11,S,S,A,C,S,S,A,21.9166,21.35,20.31,1.04,,1,21.35,20.9808,2026-03-18,0,-0.3704,1,21.35,20.31,2026-03-20,1,-1.015,1,21.35,20.31,2026-03-20,1,-1.015
prebreak,600449,2026-03-16,S,S,A,C,S,S,A,13.1256,13.72,13.19,0.53,,1,13.72,13.3924,2026-03-19,0,-0.6373,1,13.72,13.3924,2026-03-19,0,-0.6373,1,13.72,13.3924,2026-03-19,0,-0.6373
prebreak,002559,2026-03-24,S,S,A,C,S,S,A,9.4557,10.73,10.21,0.52,2026-04-21（报告期 2025-12-31 00:00:00）,0,0.0,0.0,,0,0.0,0,0.0,0.0,,0,0.0,1,10.73,10.6277,2026-04-21,0,-0.2123
prebreak,002635,2026-03-24,S,S,A,C,S,S,A,13.1995,15.09,14.32,0.77,2026-03-28（报告期 2025-12-31 00:00:00）,0,0.0,0.0,,0,0.0,0,0.0,0.0,,0,0.0,1,15.09,17.2525,2026-04-22,0,2.7918
prebreak,603777,2026-03-24,S,S,A,C,S,S,A,13.06,13.33,12.69,0.64,,1,13.33,13.11,2026-03-31,0,-0.3594,1,13.33,12.69,2026-04-03,1,-1.0152,1,13.33,12.69,2026-04-03,1,-1.0152
prebreak,000957,2026-03-27,S,S,A,C,S,S,A,11.0603,11.6,11.04,0.56,,1,11.6,11.1996,2026-04-02,0,-0.7303,1,11.6,11.1996,2026-04-02,0,-0.7303,1,11.6,11.1996,2026-04-02,0,-0.7303
prebreak,000963,2026-03-27,S,S,A,C,S,S,A,34.7424,35.74,33.99,1.75,,1,35.74,35.5356,2026-04-03,0,-0.1323,1,35.74,34.2039,2026-04-13,0,-0.8928,1,35.74,33.99,2026-04-14,1,-1.0149
prebreak,002705,2026-03-27,S,S,A,C,S,S,A,14.5061,13.61,12.96,0.65,,1,13.61,14.0967,2026-04-03,0,0.7324,1,13.61,14.7304,2026-04-13,0,1.7066,1,13.61,16.4559,2026-04-27,0,4.3596
prebreak,002840,2026-03-27,S,S,A,C,S,S,A,11.36,10.4,9.88,0.52,2026-04-27（报告期 2025-12-31 00:00:00）,1,10.4,11.76,2026-04-03,0,2.5985,1,10.4,12.76,2026-04-13,0,4.5204,1,10.4,11.83,2026-04-27,0,2.7331
prebreak,002962,2026-03-27,S,S,A,C,S,S,A,13.6232,15.89,15.14,0.75,,0,0.0,0.0,,0,0.0,1,15.89,16.4991,2026-04-13,0,0.7955,1,15.89,16.2901,2026-04-14,0,0.5171
prebreak,603787,2026-03-27,S,S,A,C,S,S,A,14.849,13.92,13.3,0.62,,1,13.92,14.3834,2026-04-03,0,0.7299,1,13.92,13.3,2026-04-07,1,-1.0164,1,13.92,13.3,2026-04-07,1,-1.0164
prebreak,603995,2026-03-27,S,S,A,C,S,S,A,17.0176,18.99,18.06,0.93,2026-04-10（报告期 2025-12-31 00:00:00）,0,0.0,0.0,,0,0.0,0,0.0,0.0,,0,0.0,1,18.99,19.0036,2026-04-27,0,-0.0009
prebreak,300741,2026-03-30,S,S,A,C,S,S,A,15.9995,17.86,17.09,0.77,,0,0.0,0.0,,0,0.0,0,0.0,0.0,,0,0.0,1,17.86,17.09,2026-04-16,1,-1.017
prebreak,603819,2026-03-30,S,S,A,C,S,S,A,12.8554,13.03,12.48,0.55,,1,13.03,13.1045,2026-04-07,0,0.1174,1,13.03,13.8818,2026-04-14,0,1.5297,1,13.03,14.0711,2026-04-28,0,1.8738
prebreak,301297,2026-04-01,S,S,A,C,S,S,A,33.934,35.94,34.48,1.46,2026-04-24（报告期 2025-12-31 00:00:00）,0,0.0,0.0,,0,0.0,0,0.0,0.0,,0,0.0,1,35.94,43.1035,2026-04-30,0,4.8847
prebreak,600449,2026-04-07,S,S,A,C,S,S,A,12.157,12.99,12.46,0.53,,0,0.0,0.0,,0,0.0,0,0.0,0.0,,0,0.0,1,12.99,13.2343,2026-05-08,0,0.442
prebreak,603819,2026-04-07,S,S,A,C,S,S,A,13.1045,13.03,12.48,0.55,2026-04-29（报告期 2025-12-31 00:00:00）,1,13.03,13.8818,2026-04-14,0,1.5297,1,13.03,14.4199,2026-04-21,0,2.5076,1,13.03,15.2471,2026-05-08,0,4.0105
prebreak,002635,2026-04-08,S,S,A,C,S,S,A,14.1904,15.16,14.41,0.75,,1,15.16,15.7066,2026-04-15,0,0.713,1,15.16,17.2525,2026-04-22,0,2.7729,1,15.16,16.43,2026-05-11,0,1.6769
prebreak,002832,2026-04-10,S,S,A,C,S,S,A,16.8283,17.1,16.25,0.85,2026-04-29（报告期 2025-12-31 00:00:00）,1,17.1,17.2053,2026-04-17,0,0.1085,1,17.1,17.4372,2026-04-24,0,0.3812,1,17.1,19.8924,2026-05-13,0,3.2678
prebreak,300052,2026-04-10,S,S,A,C,S,S,A,12.6,13.34,12.76,0.58,,1,13.34,13.56,2026-04-20,0,0.3616,1,13.34,12.76,2026-04-22,1,-1.0169,1,13.34,12.76,2026-04-22,1,-1.0169
prebreak,300898,2026-04-10,S,S,A,C,S,S,A,22.6857,23.05,21.9,1.15,2026-04-17（报告期 2025-12-31 00:00:00）,1,23.05,23.6585,2026-04-17,0,0.5136,1,23.05,23.1429,2026-04-24,0,0.0655,1,23.05,23.5223,2026-05-13,0,0.3952
prebreak,600323,2026-04-10,S,S,A,C,S,S,A,28.5128,29.63,28.17,1.46,2026-04-24（报告期 2025-12-31 00:00:00）,0,0.0,0.0,,0,0.0,1,29.63,30.4987,2026-04-28,0,0.5792,1,29.63,29.6518,2026-05-15,0,-0.0005
prebreak,603209,2026-04-10,S,S,A,C,S,S,A,14.7034,14.98,14.21,0.77,,1,14.98,14.21,2026-04-14,1,-1.0142,1,14.98,14.21,2026-04-14,1,-1.0142,1,14.98,14.21,2026-04-14,1,-1.0142
prebreak,000957,2026-04-13,S,S,A,C,S,S,A,11.8163,11.6,11.04,0.56,2026-04-25（报告期 2025-12-31 00:00:00）,1,11.6,12.0052,2026-04-20,0,0.7075,1,11.6,12.3932,2026-04-27,0,1.3997,1,11.6,11.7069,2026-05-14,0,0.175
prebreak,001201,2026-04-13,S,S,A,C,S,S,A,12.92,13.71,13.1,0.61,,1,13.71,13.22,2026-04-17,0,-0.8199,1,13.71,13.22,2026-04-17,0,-0.8199,1,13.71,13.22,2026-04-17,0,-0.8199
prebreak,002962,2026-04-13,S,S,A,C,S,S,A,16.4991,13.88,13.23,0.65,2026-04-29（报告期 2025-12-31 00:00:00）,1,13.88,17.9918,2026-04-20,0,6.3056,1,13.88,16.8872,2026-04-27,0,4.6073,1,13.88,19.176,2026-05-14,0,8.1263
prebreak,603995,2026-04-13,S,S,A,C,S,S,A,17.7088,17.41,16.62,0.79,,1,17.41,17.8451,2026-04-20,0,0.5336,1,17.41,19.0036,2026-04-27,0,1.9992,1,17.41,19.0133,2026-05-14,0,2.0115
prebreak,605005,2026-04-13,S,S,A,C,S,S,A,20.59,20.58,19.74,0.84,,1,20.58,21.0937,2026-04-20,0,0.5925,1,20.58,19.74,2026-04-24,1,-1.018,1,20.58,19.74,2026-04-24,1,-1.018
prebreak,300741,2026-04-14,S,S,A,C,S,S,A,16.2483,17.86,17.09,0.77,,1,17.86,17.09,2026-04-16,1,-1.017,1,17.86,17.09,2026-04-16,1,-1.017,1,17.86,17.09,2026-04-16,1,-1.017
prebreak,000550,2026-04-15,S,S,A,C,S,S,A,17.8753,18.43,17.51,0.92,,1,18.43,18.6286,2026-04-22,0,0.2005,1,18.43,18.4741,2026-04-29,0,0.0326,1,18.43,17.51,2026-05-18,1,-1.0146
prebreak,002236,2026-04-15,S,S,A,C,S,S,A,18.4747,16.85,16.17,0.68,2026-04-18（报告期 2025-12-31 00:00:00）,1,16.85,18.4257,2026-04-20,0,2.2969,1,16.85,18.4257,2026-04-20,0,2.2969,1,16.85,18.4257,2026-04-20,0,2.2969
prebreak,300439,2026-04-15,S,S,A,C,S,S,A,9.9619,10.55,10.03,0.52,2026-04-29（报告期 2025-12-31 00:00:00）,0,0.0,0.0,,0,0.0,0,0.0,0.0,,0,0.0,1,10.55,10.201,2026-05-13,0,-0.6862
prebreak,600992,2026-04-15,S,S,A,C,S,S,A,11.93,12.34,11.83,0.51,,0,0.0,0.0,,0,0.0,1,12.34,12.03,2026-04-29,0,-0.6258,1,12.34,12.03,2026-04-29,0,-0.6258
prebreak,600031,2026-04-16,S,S,A,C,S,S,A,20.1963,20.98,19.98,1.0,,0,0.0,0.0,,0,0.0,0,0.0,0.0,,0,0.0,1,20.98,19.98,2026-05-18,1,-1.0153
prebreak,600764,2026-04-16,S,S,A,C,S,S,A,24.28,24.6,23.75,0.85,,1,24.6,24.42,2026-04-22,0,-0.2336,1,24.6,24.42,2026-04-22,0,-0.2336,1,24.6,24.42,2026-04-22,0,-0.2336
prebreak,300181,2026-04-17,S,S,A,C,S,S,A,15.1868,15.73,14.95,0.78,2026-04-27（报告期 2025-12-31 00:00:00）,1,15.73,16.1817,2026-04-24,0,0.5634,1,15.73,14.95,2026-04-28,1,-1.0147,1,15.73,14.95,2026-04-28,1,-1.0147
prebreak,002823,2026-04-20,S,S,A,C,S,S,A,15.6971,16.04,15.35,0.69,,0,0.0,0.0,,0,0.0,1,16.04,16.0026,2026-05-06,0,-0.0718,1,16.04,16.0026,2026-05-06,0,-0.0718
prebreak,300052,2026-04-20,S,S,A,C,S,S,A,13.56,12.85,12.3,0.55,,1,12.85,12.3,2026-04-24,1,-1.0171,1,12.85,12.3,2026-04-24,1,-1.0171,1,12.85,12.3,2026-04-24,1,-1.0171
prebreak,600285,2026-04-20,S,S,A,C,S,S,A,20.102,20.65,19.91,0.74,2026-04-28（报告期 2025-12-31 00:00:00）,0,0.0,0.0,,0,0.0,1,20.65,21.242,2026-04-30,0,0.7783,1,20.65,21.242,2026-04-30,0,0.7783
prebreak,600449,2026-04-21,S,S,A,C,S,S,A,12.5227,12.99,12.38,0.61,,0,0.0,0.0,,0,0.0,1,12.99,13.2343,2026-05-08,0,0.3841,1,12.99,14.6872,2026-05-22,0,2.7644
prebreak,603136,2026-04-21,S,S,A,C,S,S,A,10.6617,11.36,10.79,0.57,,1,11.36,10.79,2026-04-28,1,-1.0145,1,11.36,10.79,2026-04-28,1,-1.0145,1,11.36,10.79,2026-04-28,1,-1.0145
prebreak,603062,2026-04-22,S,S,A,C,S,S,A,48.5059,50.22,48.02,2.2,,1,50.22,53.2633,2026-04-29,0,1.3651,1,50.22,54.7347,2026-05-11,0,2.0335,1,50.22,48.02,2026-05-21,1,-1.0167
prebreak,600258,2026-04-24,S,S,A,C,S,S,A,14.5817,14.9,14.2,0.7,,1,14.9,14.437,2026-05-06,0,-0.6771,1,14.9,14.437,2026-05-06,0,-0.6771,1,14.9,14.437,2026-05-06,0,-0.6771
prebreak,600886,2026-04-24,S,S,A,C,S,S,A,12.9135,13.3,12.76,0.54,2026-04-30（报告期 2025-12-31 00:00:00）,1,13.3,13.1936,2026-05-06,0,-0.2157,1,13.3,13.1453,2026-05-07,0,-0.3051,1,13.3,13.1453,2026-05-07,0,-0.3051
prebreak,002078,2026-04-27,S,S,A,C,S,S,A,14.1809,14.55,13.8,0.75,,1,14.55,14.4466,2026-05-07,0,-0.1525,1,14.55,13.8,2026-05-13,1,-1.0141,1,14.55,13.8,2026-05-13,1,-1.0141
prebreak,600323,2026-04-28,S,S,A,C,S,S,A,30.4987,28.75,27.51,1.24,,1,28.75,31.112,2026-05-06,0,1.886,1,28.75,31.112,2026-05-06,0,1.886,1,28.75,31.112,2026-05-06,0,1.886
prebreak,600449,2026-04-28,S,S,A,C,S,S,A,12.6907,12.83,12.3,0.53,,1,12.83,13.2343,2026-05-08,0,0.744,1,12.83,14.6477,2026-05-15,0,3.409,1,12.83,14.2721,2026-05-29,0,2.7008
prebreak,300583,2026-04-30,S,S,A,C,S,S,A,15.1134,14.43,13.7,0.73,,1,14.43,15.4133,2026-05-12,0,1.3311,1,14.43,14.8735,2026-05-19,0,0.5922,1,14.43,13.7,2026-05-26,1,-1.0144
prebreak,603768,2026-04-30,S,S,A,C,S,S,A,11.87,11.22,10.72,0.5,,1,11.22,12.03,2026-05-12,0,1.6019,1,11.22,11.91,2026-05-19,0,1.3621,1,11.22,10.72,2026-05-27,1,-1.0164
prebreak,688139,2026-04-30,S,S,A,C,S,S,A,31.0162,33.95,32.25,1.7,,0,0.0,0.0,,0,0.0,1,33.95,33.0708,2026-05-19,0,-0.532,1,33.95,33.0708,2026-05-19,0,-0.532
prebreak,002946,2026-05-06,S,S,A,C,S,S,A,19.0042,18.24,17.41,0.83,,1,18.24,18.2519,2026-05-11,0,-0.0024,1,18.24,18.2519,2026-05-11,0,-0.0024,1,18.24,18.2519,2026-05-11,0,-0.0024
prebreak,603939,2026-05-06,S,S,A,C,S,S,A,22.4141,23.32,22.33,0.99,,1,23.32,22.9135,2026-05-13,0,-0.4282,1,23.32,22.9135,2026-05-13,0,-0.4282,1,23.32,22.9135,2026-05-13,0,-0.4282
prebreak,300052,2026-05-07,S,S,A,C,S,S,A,14.27,12.85,12.3,0.55,,1,12.85,14.82,2026-05-12,0,3.5618,1,12.85,14.82,2026-05-12,0,3.5618,1,12.85,14.82,2026-05-12,0,3.5618
prebreak,688391,2026-05-07,S,S,A,C,S,S,A,32.1296,31.18,29.73,1.45,,1,31.18,33.0017,2026-05-14,0,1.2392,1,31.18,32.1098,2026-05-21,0,0.6245,1,31.18,29.73,2026-06-02,1,-1.0157
prebreak,300566,2026-05-08,S,S,A,C,S,S,A,20.3382,19.08,18.12,0.96,,1,19.08,19.9809,2026-05-15,0,0.9227,1,19.08,22.919,2026-05-22,0,3.9813,1,19.08,26.7603,2026-06-05,0,7.9802
prebreak,300928,2026-05-08,S,S,A,C,S,S,A,36.02,30.52,29.05,1.47,,1,30.52,35.84,2026-05-15,0,3.601,1,30.52,35.5,2026-05-22,0,3.3698,1,30.52,32.16,2026-06-05,0,1.0992
prebreak,002576,2026-05-15,S,S,A,C,S,S,A,18.8571,19.54,18.62,0.92,,1,19.54,19.5536,2026-05-22,0,-0.0013,1,19.54,18.62,2026-05-28,1,-1.0155,1,19.54,18.62,2026-05-28,1,-1.0155
prebreak,300685,2026-05-15,S,S,A,C,S,S,A,19.63,20.4,19.39,1.01,,0,0.0,0.0,,0,0.0,1,20.4,20.41,2026-05-29,0,-0.0055,1,20.4,19.39,2026-06-05,1,-1.0147
prebreak,600845,2026-05-20,S,S,A,C,S,S,A,23.91,23.09,22.14,0.95,,1,23.09,22.14,2026-05-25,1,-1.0178,1,23.09,22.14,2026-05-25,1,-1.0178,1,23.09,22.14,2026-05-25,1,-1.0178
prebreak,300685,2026-05-22,S,S,A,C,S,S,A,18.96,19.84,18.88,0.96,,1,19.84,20.41,2026-05-29,0,0.5777,1,19.84,18.88,2026-06-08,1,-1.0151,1,19.84,18.88,2026-06-08,1,-1.0151
prebreak,002823,2026-05-28,S,S,A,C,S,S,A,17.68,16.79,16.0,0.79,,1,16.79,20.85,2026-06-04,0,5.1199,1,16.79,17.28,2026-06-11,0,0.6037,1,16.79,16.0,2026-06-22,1,-1.0155
prebreak,601066,2026-05-28,S,S,A,C,S,S,A,23.1,23.04,21.86,1.18,,1,23.04,25.07,2026-06-04,0,1.7044,1,23.04,24.59,2026-06-11,0,1.2979,1,23.04,30.25,2026-06-26,0,6.0915
prebreak,600012,2026-06-03,S,S,A,C,S,S,A,15.6209,15.69,14.92,0.77,,1,15.69,15.5823,2026-06-08,0,-0.1552,1,15.69,15.5823,2026-06-08,0,-0.1552,1,15.69,15.5823,2026-06-08,0,-0.1552
prebreak,603858,2026-06-03,S,S,A,C,S,S,A,14.9956,15.22,14.53,0.69,,0,0.0,0.0,,0,0.0,1,15.22,15.2131,2026-06-17,0,-0.0268,1,15.22,14.53,2026-06-22,1,-1.0161
prebreak,002955,2026-06-09,S,S,A,C,S,S,A,28.6,25.94,24.62,1.32,,1,25.94,32.79,2026-06-16,0,5.1712,1,25.94,33.9,2026-06-24,0,6.0116,1,25.94,32.96,2026-07-08,0,5.2999
prebreak,600298,2026-06-16,S,S,A,C,S,S,A,34.73,35.65,33.84,1.81,,1,35.65,35.72,2026-06-24,0,0.0237,1,35.65,36.65,2026-07-01,0,0.5372,1,35.65,38.04,2026-07-15,0,1.3046
prebreak,002727,2026-06-17,S,S,A,C,S,S,A,10.76,11.26,10.7,0.56,,0,0.0,0.0,,0,0.0,0,0.0,0.0,,0,0.0,1,11.26,11.53,2026-07-16,0,0.4666
prebreak,300181,2026-06-17,S,S,A,C,S,S,A,13.04,13.46,12.96,0.5,,1,13.46,12.96,2026-06-25,1,-1.0198,1,13.46,12.96,2026-06-25,1,-1.0198,1,13.46,12.96,2026-06-25,1,-1.0198
prebreak,600587,2026-06-18,S,S,A,C,S,S,A,11.9387,12.8,12.23,0.57,,0,0.0,0.0,,0,0.0,0,0.0,0.0,,0,0.0,1,12.8,13.09,2026-07-17,0,0.4914
prebreak,601788,2026-06-18,S,S,A,C,S,S,A,14.19,14.44,13.77,0.67,,1,14.44,14.68,2026-06-24,0,0.3416,1,14.44,14.68,2026-06-24,0,0.3416,1,14.44,14.68,2026-06-24,0,0.3416
prebreak,603658,2026-06-18,S,S,A,C,S,S,A,30.49,32.41,30.81,1.6,,0,0.0,0.0,,0,0.0,0,0.0,0.0,,0,0.0,1,32.41,32.23,2026-07-17,0,-0.1278
prebreak,300146,2026-06-22,S,S,A,C,S,S,A,10.28,9.82,9.32,0.5,,1,9.82,9.73,2026-06-25,0,-0.1948,1,9.82,9.73,2026-06-25,0,-0.1948,1,9.82,9.73,2026-06-25,0,-0.1948
prebreak,603049,2026-06-23,S,S,A,C,S,S,A,44.29,45.78,43.72,2.06,,0,0.0,0.0,,0,0.0,1,45.78,48.79,2026-07-07,0,1.4434,1,45.78,48.33,2026-07-21,0,1.2202
prebreak,603194,2026-06-23,S,S,A,C,S,S,A,36.54,37.97,36.14,1.83,,1,37.97,36.14,2026-06-30,1,-1.0151,1,37.97,36.14,2026-06-30,1,-1.0151,1,37.97,36.14,2026-06-30,1,-1.0151
prebreak,300146,2026-06-29,S,S,A,C,S,S,A,9.37,9.82,9.32,0.5,,0,0.0,0.0,,0,0.0,0,0.0,0.0,,0,0.0,1,9.82,10.06,2026-07-17,0,0.4648
prebreak,601136,2026-06-30,S,S,A,C,S,S,A,13.8841,14.06,13.39,0.67,,1,14.06,14.1827,2026-07-07,0,0.167,1,14.06,13.9637,2026-07-14,0,-0.1596,1,14.06,13.9,2026-07-28,0,-0.2546
prebreak,300999,2026-07-01,S,S,A,C,S,S,A,24.21,26.13,24.8,1.33,,0,0.0,0.0,,0,0.0,0,0.0,0.0,,0,0.0,1,26.13,26.27,2026-07-29,0,0.0903
prebreak,601788,2026-07-03,S,S,A,C,S,S,A,14.94,14.44,13.77,0.67,,1,14.44,14.98,2026-07-10,0,0.7891,1,14.44,14.61,2026-07-17,0,0.2372,1,14.44,14.8,2026-07-31,0,0.5206
prebreak,603368,2026-07-03,S,S,A,C,S,S,A,15.58,16.12,15.4,0.72,,0,0.0,0.0,,0,0.0,1,16.12,15.63,2026-07-17,0,-0.6971,1,16.12,15.71,2026-07-20,0,-0.5861
prebreak,603658,2026-07-03,S,S,A,C,S,S,A,31.02,32.25,30.74,1.51,,0,0.0,0.0,,0,0.0,1,32.25,32.23,2026-07-17,0,-0.0295,1,32.25,33.11,2026-07-31,0,0.5529
prebreak,600690,2026-07-08,S,S,A,C,S,S,A,20.29,20.79,20.06,0.73,,1,20.79,21.02,2026-07-15,0,0.2932,1,20.79,21.92,2026-07-22,0,1.5253,1,20.79,22.34,2026-08-05,0,2.1003
prebreak,002603,2026-07-10,S,S,A,C,S,S,A,15.51,15.47,14.75,0.72,,1,15.47,16.5,2026-07-17,0,1.4133,1,15.47,16.4,2026-07-24,0,1.2745,1,15.47,16.99,2026-08-07,0,2.0935
prebreak,600285,2026-07-10,S,S,A,C,S,S,A,21.72,21.04,20.05,0.99,,1,21.04,22.4,2026-07-17,0,1.3567,1,21.04,21.91,2026-07-24,0,0.8621,1,21.04,22.24,2026-08-07,0,1.1952
prebreak,600739,2026-07-10,S,S,A,C,S,S,A,9.9606,10.2,9.68,0.52,,1,10.2,10.3946,2026-07-17,0,0.359,1,10.2,10.3946,2026-07-17,0,0.359,1,10.2,10.3946,2026-07-17,0,0.359
prebreak,603658,2026-07-10,S,S,A,C,S,S,A,30.78,31.42,29.98,1.44,,1,31.42,32.23,2026-07-17,0,0.5456,1,31.42,31.46,2026-07-24,0,0.0112,1,31.42,32.43,2026-08-07,0,0.6844
prebreak,603883,2026-07-14,S,S,A,C,S,S,A,11.94,11.77,11.21,0.56,,1,11.77,12.3,2026-07-21,0,0.9299,1,11.77,12.32,2026-07-28,0,0.9656,1,11.77,14.01,2026-08-11,0,3.9815
prebreak,002007,2026-07-15,S,S,A,C,S,S,A,13.32,13.05,12.4,0.65,,1,13.05,13.19,2026-07-22,0,0.2,1,13.05,13.26,2026-07-29,0,0.3076,1,13.05,13.37,2026-08-11,0,0.4767
prebreak,603170,2026-07-30,S,S,A,C,S,S,A,13.33,12.09,11.49,0.6,,1,12.09,13.01,2026-08-06,0,1.5171,1,12.09,13.25,2026-08-11,0,1.9168,1,12.09,13.25,2026-08-11,0,1.9168
prebreak,600196,2026-08-10,S,S,A,C,S,S,A,24.12,23.81,22.59,1.22,,1,23.81,24.33,2026-08-11,0,0.4111,1,23.81,24.33,2026-08-11,0,0.4111,1,23.81,24.33,2026-08-11,0,0.4111
prebreak,000513,2026-08-11,S,S,A,C,S,S,A,30.75,31.33,29.85,1.48,,1,30.75,30.75,2026-08-11,0,0.0,1,30.75,30.75,2026-08-11,0,0.0,1,30.75,30.75,2026-08-11,0,0.0
prebreak,000550,2026-08-11,S,S,A,C,S,S,A,16.39,17.23,16.52,0.71,,1,16.39,16.39,2026-08-11,0,0.0,1,16.39,16.39,2026-08-11,0,0.0,1,16.39,16.39,2026-08-11,0,0.0
prebreak,002287,2026-08-11,S,S,A,C,S,S,A,20.68,21.22,20.22,1.0,,1,20.68,20.68,2026-08-11,0,0.0,1,20.68,20.68,2026-08-11,0,0.0,1,20.68,20.68,2026-08-11,0,0.0
prebreak,600211,2026-08-11,S,S,A,C,S,S,A,39.25,39.68,37.72,1.96,,1,39.25,39.25,2026-08-11,0,0.0,1,39.25,39.25,2026-08-11,0,0.0,1,39.25,39.25,2026-08-11,0,0.0
prebreak,601136,2026-08-11,S,S,A,C,S,S,A,14.49,15.02,14.45,0.57,,1,14.49,14.49,2026-08-11,0,0.0,1,14.49,14.49,2026-08-11,0,0.0,1,14.49,14.49,2026-08-11,0,0.0
