日期,开盘,最高,最低,收盘,成交量,成交额,换手率,涨跌幅,振幅,涨跌额
2023-01-03,3.78120224,3.9347536,3.52208432,3.56047216,165438200,639542335.07,16.4631,,11.716621253406002,
2023-01-04,3.54127824,3.838784,3.51248736,3.6468448,130813380,499486526.69,13.0175,2.42587601078168,9.289617486338791,0.08637264
2023-01-05,3.62765088,4.01152928,3.62765088,3.81959008,144899337,583033794.19,14.4193,4.73684210526315,10.582010582010593,0.17274528
2023-01-06,3.7907992,3.84838096,3.54127824,3.57006912,108381497,410607805.22,10.7853,-6.532663316582921,8.67208672086721,-0.24952096000000035
2023-01-09,3.60845696,3.81959008,3.51248736,3.67563568,95939380,365973809.08,9.5471,2.9569892473118253,8.743169398907105,0.1055665600000002
2023-01-10,3.72362048,3.87717184,3.66603872,3.68523264,75092329,293019764.88,7.4726,0.26109660574413773,5.75916230366492,0.009596960000000099
2023-01-11,3.7428144,3.97314144,3.7428144,3.80999312,94952282,381294578.06,9.4489,3.385416666666674,6.153846153846159,0.12476047999999995
2023-01-12,3.81959008,3.81959008,3.6468448,3.70442656,66330588,256274496.4,6.6007,-2.770780856423183,4.7368421052631575,-0.1055665600000002
2023-01-13,3.75241136,3.92515664,3.65644176,3.84838096,73948100,294204642.83,7.3587,3.8860103626943143,7.349081364829399,0.14395440000000015
2023-01-16,3.7907992,3.838784,3.6948296,3.7428144,58295256,226853364.4,5.8011,-2.7431421446384108,3.8961038961039,-0.1055665600000002
2023-01-17,3.68523264,3.70442656,3.57966608,3.62765088,48340032,182296157.38,4.8104,-3.076923076923077,3.485254691689007,-0.11516351999999985
2023-01-18,3.67563568,3.67563568,3.58926304,3.62765088,25857137,97820541.5,2.5731,0.0,2.406417112299465,0.0
2023-01-19,3.6468448,3.72362048,3.59886,3.6948296,32154280,123064914.64,3.1997,1.8518518518518379,3.466666666666665,0.0671787199999998
2023-01-20,3.7428144,4.06911104,3.70442656,4.06911104,82441727,341718469.83,8.204,10.129870129870145,9.844559585492235,0.3742814400000003
2023-01-30,4.20346848,4.318632,4.00193232,4.02112624,100796003,430334752.43,10.0304,-1.1792452830188704,7.913669064748205,-0.04798480000000005
2023-01-31,4.05951408,4.08830496,3.9347536,3.97314144,51851896,214800551.26,5.1599,-1.1933174224343701,3.90243902439025,-0.04798480000000005
2023-02-01,3.99233536,4.06911104,3.95394752,4.04032016,60070058,251106789.76,5.9777,1.6908212560386549,2.9126213592233086,0.06717872000000025
2023-02-02,4.02112624,4.0307232,3.91555968,3.92515664,45242400,186164395.92,4.5022,-2.8503562945368266,2.941176470588232,-0.1151635200000003
2023-02-03,3.94435056,3.97314144,3.8867688,3.95394752,29420724,120693229.04,2.9277,0.7334963325183352,2.2222222222222223,0.028790879999999852
2023-02-06,3.89636576,4.04991712,3.86757488,3.96354448,38483440,159628948.68,3.8296,0.24271844660195274,4.7146401985111694,0.009596960000000099
2023-02-07,3.9827384,4.05951408,3.95394752,4.01152928,36423520,151768414.0,3.6246,1.210653753026647,2.669902912621353,0.047984800000000494
2023-02-08,3.97314144,3.99233536,3.89636576,3.91555968,28060923,114804449.84,2.7924,-2.392344497607668,2.463054187192121,-0.09596960000000054
2023-02-09,3.85797792,3.95394752,3.85797792,3.9347536,21046015,85960391.24,2.0943,0.4901960784313708,2.4875621890547173,0.019193920000000197
2023-02-10,3.95394752,4.02112624,3.9347536,3.97314144,24944219,103677657.68,2.4823,0.9756097560975618,2.195121951219512,0.03838783999999995
2023-02-13,3.9827384,4.18427456,3.9827384,4.06911104,47335748,201984633.0,4.7105,2.4154589371980784,5.060240963855429,0.0959696000000001
2023-02-14,4.06911104,4.078708,3.94435056,3.9827384,28161380,117010600.28,2.8024,-2.1226415094339646,3.40632603406325,-0.08637264
2023-02-15,3.95394752,3.99233536,3.92515664,3.9347536,18700708,76828860.44,1.8609,-1.2048192771084376,1.7114914425427934,-0.04798480000000005
2023-02-16,3.92515664,4.13628976,3.91555968,3.95394752,43349479,181115852.82,4.3138,0.4878048780487809,5.637254901960797,0.019193919999999753
2023-02-17,3.95394752,4.01152928,3.85797792,3.86757488,32281796,131643322.48,3.2124,-2.1844660194174748,3.9800995024875685,-0.08637264
2023-02-20,3.85797792,4.01152928,3.85797792,3.99233536,34380509,141886544.81,3.4213,3.2258064516129226,3.9800995024875685,0.1247604800000004
2023-02-21,4.0307232,4.39540768,3.97314144,4.39540768,106470554,473989012.32,10.5951,10.096153846153832,10.628019323671495,0.4030723199999997
2023-02-22,4.39540768,4.4146016,4.25145328,4.35701984,98594671,444966398.94,9.8114,-0.8733624454148381,3.8374717832957193,-0.03838783999999951
2023-02-23,4.48178032,4.54895904,4.26105024,4.28024416,75208804,343325321.79,7.4842,-1.7621145374449476,6.756756756756742,-0.07677568000000079
2023-02-24,4.318632,4.3666168,4.2226624,4.2706472,40770177,182354673.71,4.0571,-0.22421524663676085,3.409090909090913,-0.009596959999999655
2023-02-27,4.2706472,4.34742288,4.18427456,4.19387152,31735281,140915682.35,3.158,-1.7977528089887618,3.8990825688073256,-0.0767756799999999
2023-02-28,4.19387152,4.26105024,4.16508064,4.25145328,24449504,107451337.36,2.433,1.3729977116704761,2.30414746543779,0.057581759999999704
2023-03-01,4.20346848,4.29943808,4.20346848,4.28984112,26681722,118460281.46,2.6552,0.9029345372460584,2.283105022831053,0.038387840000000395
2023-03-02,4.26105024,4.4146016,4.25145328,4.28024416,42499124,191509624.62,4.2292,-0.22371364653245296,3.8374717832957193,-0.009596960000000543
2023-03-03,4.34742288,4.4625864,4.28984112,4.35701984,47176650,215023159.68,4.6947,1.7937219730941978,4.026845637583892,0.07677568000000079
2023-03-06,4.33782592,4.35701984,4.21306544,4.23225936,36454649,161396247.04,3.6277,-2.86343612334804,3.4168564920273385,-0.12476048000000084
2023-03-07,4.2226624,4.44339248,4.2226624,4.318632,48551824,218956736.67,4.8315,2.0408163265306145,5.227272727272728,0.08637264000000044
2023-03-08,4.28984112,4.30903504,4.2226624,4.30903504,25820668,114942087.76,2.5695,-0.22222222222221255,2.0454545454545556,-0.009596959999999655
2023-03-09,4.28024416,4.45298944,4.23225936,4.4146016,44344064,202098002.3,4.4128,2.4498886414253906,5.2154195011337885,0.10556655999999975
2023-03-10,4.38581072,4.52976512,4.26105024,4.47218336,61854096,284890605.34,6.1552,1.304347826086949,6.3063063063063085,0.057581759999999704
2023-03-13,4.58734688,4.6545256,4.29943808,4.37621376,65457349,300247643.83,6.5138,-2.145922746781115,8.258928571428585,-0.0959696000000001
2023-03-14,4.4146016,4.76009216,4.4146016,4.53936208,105198435,501043816.01,10.4685,3.7280701754386136,7.826086956521738,0.16314832000000035
2023-03-15,4.52976512,4.9904192,4.49137728,4.87525568,144321823,724871621.0,14.3618,7.399577167019045,11.111111111111107,0.33589360000000035
2023-03-16,4.92324048,5.36470064,4.79848,5.25913408,143960602,759029814.35,14.3258,7.874015748031482,11.800000000000002,0.3838783999999995
2023-03-17,5.28792496,5.78696688,5.26873104,5.78696688,137891018,817988945.28,13.7218,10.036496350364965,9.836065573770494,0.5278327999999997
2023-03-20,6.00769696,6.36278448,5.9021304,6.02689088,255461282,1639682565.67,25.4215,4.145936981757892,7.804878048780493,0.23992400000000025
2023-03-21,6.15165136,6.60270848,5.73898208,6.1420544,213896682,1373105529.97,21.2853,1.9108280254777066,15.050167224080266,0.1151635200000003
2023-03-22,5.64301248,5.76777296,5.52784896,5.52784896,146079382,847386252.72,14.5367,-9.999999999999998,4.340277777777782,-0.6142054400000001
2023-03-23,5.28792496,5.43187936,5.01921008,5.25913408,154494122,839981272.86,15.3741,-4.861111111111116,8.221797323135762,-0.2687148800000001
2023-03-24,5.24953712,5.3263128,5.02880704,5.11517968,117176205,630751687.63,11.6605,-2.737226277372262,5.916030534351144,-0.14395440000000015
2023-03-27,5.09598576,5.11517968,4.90404656,4.98082224,92999576,483526516.76,9.2546,-2.6266416510318913,4.305283757338542,-0.1343574399999996
2023-03-28,5.02880704,5.1343736,4.9424344,4.95203136,90887243,476675471.97,9.0444,-0.578034682080919,3.8834951456310725,-0.028790879999999852
2023-03-29,4.90404656,4.98082224,4.76968912,4.83686784,76699601,387554754.94,7.6325,-2.3255813953488413,4.4265593561368295,-0.1151635200000003
2023-03-30,4.83686784,4.88485264,4.79848,4.83686784,48893682,246553889.34,4.8655,0.0,1.8000000000000091,0.0
2023-03-31,4.87525568,4.90404656,4.78888304,4.85606176,51871006,261465320.72,5.1618,0.3968253968253954,2.4048096192384834,0.019193920000000197
2023-04-03,4.85606176,4.90404656,4.76009216,4.86565872,57736435,291626038.1,5.7455,0.19762845849802257,3.0241935483871,0.009596959999999655
2023-04-04,4.8464648,5.16316448,4.80807696,5.15356752,119775768,625941687.2,11.9192,5.9171597633136175,7.385229540918156,0.2879088000000003
2023-04-06,5.06719488,5.1343736,4.9424344,4.97122528,77531127,404658028.13,7.7153,-3.5381750465549477,3.8834951456310725,-0.18234224000000054
2023-04-07,4.9424344,4.96162832,4.68331648,4.69291344,81629422,409736655.92,8.1231,-5.598455598455598,5.942622950819667,-0.27831183999999975
2023-04-10,4.66412256,4.7504952,4.52976512,4.558556,65131845,313129453.75,6.4814,-2.862985685071562,4.872881355932184,-0.1343574399999996
2023-04-11,4.59694384,4.59694384,4.50097424,4.54895904,35639096,168687922.48,3.5465,-0.21052631578948322,2.1321961620469105,-0.009596960000000543
2023-04-12,4.53936208,4.63533168,4.52976512,4.62573472,32543932,155844518.56,3.2385,1.6877637130801704,2.330508474576266,0.0767756799999999
2023-04-13,4.62573472,4.68331648,4.58734688,4.6065408,29898444,144277514.0,2.9753,-0.414937759336087,2.092050209205023,-0.01919391999999931
2023-04-14,4.63533168,4.7504952,4.558556,4.72170432,43796366,213088956.18,4.3583,2.499999999999991,4.210526315789458,0.11516351999999941
2023-04-17,4.71210736,4.92324048,4.68331648,4.8944496,69283704,349117784.16,6.8946,3.658536585365857,5.122950819672117,0.17274528
2023-04-18,4.87525568,4.87525568,4.62573472,4.6545256,56355692,276223993.16,5.6081,-4.901960784313708,5.394190871369312,-0.23992399999999936
2023-04-19,4.63533168,4.76968912,4.59694384,4.71210736,37845940,185743229.84,3.7661,1.2371134020618513,3.7578288100208774,0.057581759999999704
2023-04-20,4.68331648,5.12477664,4.68331648,5.038404,102663643,528031438.26,10.2163,6.924643584521384,9.426229508196723,0.3262966399999998
2023-04-21,4.9424344,5.44147632,4.9424344,5.23994016,120775557,659779157.38,12.0186,4.0000000000000036,10.097087378640774,0.20153615999999985
2023-04-24,5.23994016,5.76777296,5.0863888,5.76777296,126741973,734706938.07,12.6124,10.073260073260082,13.396226415094347,0.5278328000000005
2023-04-25,5.78696688,6.0940696,5.54704288,5.65260944,150466325,896684427.64,14.9732,-1.9966722129783787,9.861591695501728,-0.1151635200000003
2023-04-26,5.57583376,5.64301248,5.21114928,5.4702672,105930197,597389891.97,10.5414,-3.2258064516129004,8.287292817679567,-0.18234223999999966
2023-04-27,5.40308848,6.01729392,5.35510368,6.01729392,103876558,631255333.14,10.337,9.999999999999986,12.365591397849466,0.5470267199999999
2023-04-28,6.0940696,6.54512672,5.758176,6.36278448,175873088,1128365721.05,17.5015,5.741626794258381,13.666666666666668,0.34549056
2023-05-04,6.0940696,6.27641184,5.87333952,5.97890608,131443592,828821917.46,13.0802,-6.03318250377074,6.862745098039211,-0.3838784000000004
2023-05-05,5.9021304,6.0940696,5.68140032,5.96930912,114340222,698317653.14,11.3783,-0.16051364365970988,7.2635135135135185,-0.009596959999999655
2023-05-08,5.82535472,6.01729392,5.53744592,5.58543072,107438840,636320393.0,10.6915,-6.430868167202575,8.665511265164653,-0.3838784000000004
2023-05-09,5.47986416,5.54704288,5.24953712,5.278328,112007345,626538636.4,11.1461,-5.498281786941572,5.667276051188298,-0.3071027199999996
2023-05-10,5.278328,5.278328,4.9904192,5.1343736,75682057,401914218.37,7.5313,-2.7272727272727337,5.769230769230775,-0.14395440000000015
2023-05-11,5.12477664,5.28792496,4.98082224,5.23994016,65419772,352418072.0,6.5101,2.0560747663551426,6.165703275529856,0.10556655999999975
2023-05-12,5.16316448,5.25913408,5.00961312,5.01921008,41974884,222743230.72,4.177,-4.212454212454208,4.980842911877393,-0.22073008000000005
2023-05-15,5.36470064,5.45107328,5.06719488,5.16316448,84677004,464891795.5,8.4264,2.8680688336520044,7.575757575757584,0.14395440000000015
2023-05-16,5.1343736,5.14397056,4.85606176,4.88485264,58605735,303540493.14,5.832,-5.390334572490707,5.9288537549406986,-0.27831183999999975
2023-05-17,4.87525568,5.00001616,4.76968912,4.9424344,29037617,148711016.18,2.8896,1.178781925343797,4.828973843058363,0.057581759999999704
2023-05-18,4.95203136,5.07679184,4.8944496,5.04800096,39922658,207931229.84,3.9728,2.1359223300970953,3.7254901960784426,0.10556656000000064
2023-05-19,5.01921008,5.038404,4.86565872,4.87525568,36424380,185828968.36,3.6247,-3.4220532319391594,3.5502958579881656,-0.17274528
2023-05-22,4.87525568,5.04800096,4.83686784,5.02880704,39987753,207511083.67,3.9793,3.149606299212593,4.3650793650793736,0.1535513599999998
2023-05-23,5.02880704,5.04800096,4.87525568,4.87525568,33061244,169588281.08,3.29,-3.0534351145038108,3.543307086614173,-0.1535513599999998
2023-05-24,4.87525568,4.87525568,4.53936208,4.59694384,52430041,253757416.43,5.2174,-5.708661417322847,7.399577167019035,-0.27831184000000064
2023-05-25,4.62573472,4.62573472,4.45298944,4.54895904,33951856,160312548.32,3.3786,-1.043841336116913,3.8793103448275863,-0.04798480000000005
2023-05-26,4.558556,4.64492864,4.558556,4.59694384,22673801,108523362.88,2.2563,1.0548523206751037,1.8947368421052533,0.04798480000000005
2023-05-29,4.63533168,4.63533168,4.4625864,4.48178032,30075074,141500087.76,2.9928,-2.5052192066805756,3.870967741935484,-0.11516351999999941
2023-05-30,4.44339248,4.56815296,4.38581072,4.53936208,26034404,121858568.22,2.5907,1.2847965738757905,4.15754923413566,0.057581759999999704
2023-05-31,4.52016816,4.61613776,4.4625864,4.57774992,22784928,108353166.56,2.2674,0.8456659619450191,3.4408602150537586,0.03838783999999951
2023-06-01,4.56815296,4.63533168,4.47218336,4.58734688,23470239,111773199.53,2.3356,0.20964360587003572,3.648068669527905,0.009596960000000543
2023-06-02,4.61613776,4.73130128,4.59694384,4.69291344,32501236,158303071.64,3.2343,2.3012552301255207,2.9227557411273595,0.10556655999999975
2023-06-05,4.68331648,4.7025104,4.59694384,4.63533168,24744096,119729273.56,2.4623,-1.2269938650306678,2.2964509394572166,-0.057581759999999704
2023-06-06,4.63533168,4.69291344,4.56815296,4.58734688,23518128,113535020.72,2.3403,-1.0351966873705987,2.731092436974789,-0.04798480000000005
2023-06-07,4.52976512,4.64492864,4.5105712,4.62573472,23167781,111019223.67,2.3055,0.8368200836819994,2.97872340425531,0.03838783999999951
2023-06-08,4.6065408,4.7504952,4.58734688,4.73130128,35691592,174675667.45,3.5518,2.282157676348562,3.5564853556485234,0.10556656000000064
2023-06-09,4.77928608,4.79848,4.58734688,4.62573472,34028081,164964641.48,3.3862,-2.2312373225152227,4.602510460251035,-0.10556656000000064
2023-06-12,4.6065408,4.61613776,4.4625864,4.52016816,28948159,136117869.88,2.8807,-2.2821576763485396,3.4408602150537586,-0.10556655999999975
2023-06-13,4.5105712,4.558556,4.2226624,4.28984112,69535400,313538638.5,6.9196,-5.095541401273884,7.954545454545463,-0.2303270399999997
2023-06-14,4.28024416,4.29943808,4.18427456,4.2226624,36833575,162283207.2,3.6654,-1.5659955257270708,2.752293577981637,-0.06717872000000025
2023-06-15,4.2226624,4.23225936,4.16508064,4.20346848,21924136,95888671.64,2.1817,-0.454545454545463,1.6129032258064364,-0.019193920000000197
2023-06-16,4.18427456,4.32822896,4.18427456,4.28024416,30734226,137487186.36,3.0584,1.82648401826484,3.4403669724770465,0.0767756799999999
2023-06-19,4.28984112,4.29943808,4.18427456,4.19387152,25200916,110508701.24,2.5078,-2.0179372197309364,2.752293577981637,-0.08637263999999956
2023-06-20,4.21306544,4.21306544,4.09790192,4.10749888,24530756,105405243.14,2.4411,-2.0594965675057364,2.810304449648719,-0.08637264000000044
2023-06-21,4.11709584,4.13628976,4.02112624,4.02112624,19765490,83808155.2,1.9669,-2.102803738317749,2.8639618138424896,-0.08637263999999956
2023-06-26,3.96354448,4.02112624,3.90596272,3.91555968,19442044,79895244.12,1.9347,-2.6252983293556187,2.9484029484029444,-0.1055665600000002
2023-06-27,3.90596272,4.08830496,3.90596272,4.05951408,25388480,106675895.84,2.5265,3.676470588235281,4.668304668304671,0.1439543999999997
2023-06-28,4.06911104,4.078708,3.95394752,3.99233536,17081966,71061299.98,1.6999,-1.6548463356973797,3.1553398058252413,-0.06717871999999936
2023-06-29,4.00193232,4.078708,3.9827384,4.04032016,14840422,62394394.34,1.4768,1.2019230769230838,2.4096385542168584,0.04798480000000005
2023-06-30,4.04032016,4.078708,4.00193232,4.05951408,12810194,53999421.2,1.2748,0.47505938242278223,1.9184652278177432,0.01919391999999931
2023-07-03,4.078708,4.2226624,4.05951408,4.1746776,33284726,144656064.84,3.3122,2.8368794326241176,4.018912529550836,0.1151635200000003
2023-07-04,4.16508064,4.1746776,4.05951408,4.08830496,20851526,89146184.56,2.075,-2.0689655172413723,2.836879432624121,-0.08637263999999956
2023-07-05,4.08830496,4.13628976,4.04032016,4.05951408,12532100,53365245.6,1.2471,-0.7042253521126973,2.375296912114017,-0.02879088000000074
2023-07-06,4.05951408,4.078708,4.02112624,4.0307232,10954320,46107390.36,1.0901,-0.7092198581560294,1.4319809069212337,-0.028790879999999852
2023-07-07,4.02112624,4.078708,4.01152928,4.02112624,11222952,47248607.92,1.1168,-0.23809523809522615,1.6746411483253425,-0.009596959999999655
2023-07-10,4.04032016,4.06911104,4.00193232,4.04032016,9533560,40059504.24,0.9487,0.4773269689737569,1.6786570743405338,0.019193920000000197
2023-07-11,4.04032016,4.04991712,3.9827384,4.01152928,12099801,50493888.95,1.2041,-0.7125890736341955,1.6867469879518024,-0.028790879999999852
2023-07-12,4.01152928,4.02112624,3.92515664,3.9347536,16221516,66944930.28,1.6142,-1.9138755980861344,2.444987775061127,-0.07677568000000035
2023-07-13,3.9444216,4.0120955,3.9444216,4.0024278,12481216,51476503.49,1.242,1.7199094753989286,1.7156862745098027,0.06767420000000035
2023-07-14,3.9927601,4.2151172,3.9927601,4.0701017,26738283,113414176.69,2.6608,1.6908212560386549,5.569007263922518,0.06767389999999995
2023-07-17,4.0797694,4.157111,3.9927601,4.0991048,19123040,80785650.08,1.903,0.7125890736342066,4.1162227602905475,0.029003099999999726
2023-07-18,4.1087725,4.1474433,4.060434,4.1281079,14220404,60430601.04,1.4151,0.7075471698113178,2.1428571428571446,0.029003099999999726
2023-07-19,4.1184402,4.1474433,4.1087725,4.1474433,12058788,51566660.44,1.2,0.4683840749414525,0.9411764705882409,0.019335400000000114
2023-07-20,4.1474433,4.2054495,4.1281079,4.1377756,21276604,91631341.16,2.1173,-0.2331002331002252,1.8735362997658191,-0.009667699999999613
2023-07-21,4.157111,4.2054495,4.1087725,4.1861141,23729184,102047685.8,2.3613,1.1682242990654235,2.352941176470602,0.04833849999999984
2023-07-24,4.2247849,4.2247849,4.0991048,4.1087725,20724872,88685970.8,2.0624,-1.8475750577367278,3.0660377358490636,-0.07734160000000045
2023-07-25,4.1281079,4.253788,4.1184402,4.2344526,34281404,149340913.64,3.4114,3.0588235294117805,3.2863849765258193,0.1256801000000003
2023-07-26,4.2441203,4.2731234,4.2054495,4.2344526,23027396,101032029.04,2.2915,0.0,1.6091954022988495,0.0
2023-07-27,4.1861141,4.2731234,4.1764464,4.1861141,22205792,96949254.28,2.2097,-1.1415525114155223,2.3148148148148286,-0.04833849999999984
2023-07-28,4.1861141,4.2151172,4.1184402,4.1957818,18705440,80767483.4,1.8614,0.2309468822170757,2.347417840375579,0.009667699999999613
2023-07-31,4.2151172,4.6114929,4.2151172,4.447142,87236709,401609801.9,8.6811,5.990783410138256,9.403669724770646,0.2513602000000006
2023-08-01,4.3698004,4.543819,4.3311296,4.4761451,68662437,316654219.78,6.8328,0.6521739130434634,4.9107142857142945,0.029003099999999726
2023-08-02,4.4761451,4.5244836,4.4084712,4.447142,33423177,154012747.43,3.326,-0.647948164146861,2.6315789473684164,-0.029003099999999726
2023-08-03,4.447142,4.447142,4.3407973,4.3988035,26658016,120899627.52,2.6528,-1.0869565217391464,2.4498886414253938,-0.04833850000000073
2023-08-04,4.4278066,4.4664774,4.3794681,4.3891358,24187412,110290566.96,2.4069,-0.2197802197802079,1.9867549668873983,-0.009667699999999613
2023-08-07,4.3698004,4.7758438,4.350465,4.4761451,69613296,325708850.48,6.9274,1.982378854625555,9.777777777777775,0.08700930000000007
2023-08-08,4.447142,4.4761451,4.3021265,4.3117942,46433240,210106015.8,4.6207,-3.6717062634989306,4.044943820224722,-0.16435090000000052
2023-08-09,4.4374743,4.447142,4.2054495,4.2344526,34257800,153201596.0,3.4091,-1.7937219730941645,5.7471264367816115,-0.07734159999999957
2023-08-10,4.2247849,4.253788,4.1667787,4.2151172,21933008,95360755.44,2.1826,-0.45662100456621557,2.0881670533642707,-0.019335400000000114
2023-08-11,4.2247849,4.2634557,4.060434,4.0701017,27118249,116038809.21,2.6986,-3.440366972477049,4.9999999999999964,-0.14501549999999952
2023-08-14,4.0120955,4.2054495,3.963757,4.1474433,21083489,89146508.56,2.0981,1.9002375296911955,6.097560975609758,0.07734159999999957
2023-08-15,4.1377756,4.1377756,4.0410986,4.0894371,13977192,59104901.16,1.3909,-1.3986013986014068,2.3923444976076698,-0.05800620000000034
2023-08-16,4.0701017,4.1377756,4.0217632,4.0507663,12105801,50918183.24,1.2047,-0.9456264775413503,2.884615384615402,-0.03867079999999934
2023-08-17,4.0410986,4.1667787,4.0120955,4.157111,19187968,81339247.6,1.9094,2.6252983293555854,3.8554216867469884,0.10634469999999929
2023-08-18,4.1184402,4.2151172,4.0797694,4.0797694,15077492,64793707.56,1.5004,-1.8604651162790642,3.317535545023694,-0.07734159999999957
2023-08-21,4.0797694,4.1764464,4.0797694,4.0991048,13038940,55676313.4,1.2975,0.4739336492890933,2.3696682464454897,0.019335400000000114
2023-08-22,4.0991048,4.1281079,4.0120955,4.0701017,17524924,73777692.56,1.7439,-0.7075471698113178,2.891566265060236,-0.029003099999999726
2023-08-23,4.0701017,4.0701017,3.9444216,3.9444216,17344380,71496534.76,1.726,-3.087885985748229,3.186274509803929,-0.1256801000000003
2023-08-24,3.9444216,3.9927601,3.86708,3.86708,18053908,73016695.8,1.7966,-1.9607843137254943,3.249999999999996,-0.07734160000000001
2023-08-25,3.8477446,3.963757,3.7994061,3.8864154,16626668,67000897.32,1.6546,0.5000000000000115,4.325699745547076,0.019335400000000114
2023-08-28,4.060434,4.1377756,3.963757,4.0120955,27556117,115458008.39,2.7422,3.233830845771135,4.390243902439027,0.12568009999999985
2023-08-29,4.0120955,4.157111,3.9927601,4.157111,23235984,98581488.88,2.3123,3.6144578313252795,4.1162227602905475,0.14501549999999952
2023-08-30,4.2054495,4.2054495,4.0701017,4.0991048,17844700,75958357.4,1.7758,-1.395348837209287,3.3254156769596173,-0.05800619999999945
2023-08-31,4.0991048,4.1957818,4.0797694,4.1764464,26950723,115656648.43,2.6819,1.8867924528301883,2.8436018957345923,0.07734159999999957
2023-09-01,4.1957818,4.3891358,4.1861141,4.2247849,45714680,201828612.12,4.5492,1.157407407407418,4.8498845265588875,0.04833850000000073
2023-09-04,4.2924588,4.5824898,4.2441203,4.543819,86440106,399745680.52,8.6018,7.55148741418763,7.972665148063797,0.31903409999999965
2023-09-05,4.5244836,4.5341513,4.3794681,4.4181389,51073757,234772605.08,5.0825,-2.76595744680852,3.532008830022075,-0.1256801000000003
2023-09-06,4.4084712,4.447142,4.2731234,4.3311296,39784576,178317541.92,3.9591,-1.969365426695846,4.072398190045252,-0.08700930000000007
2023-09-07,4.3311296,4.4858128,4.3021265,4.4181389,46037677,209864263.93,4.5813,2.008928571428581,4.269662921348308,0.08700930000000007
2023-09-08,4.3794681,4.3891358,4.1667787,4.3601327,43904669,194361883.13,4.3691,-1.3129102844638862,5.336426914153131,-0.05800619999999945
2023-09-11,4.3698004,4.3698004,4.0314309,4.2054495,53838629,230834093.55,5.3576,-3.5476718403547713,8.393285371702632,-0.15468320000000002
2023-09-12,4.2054495,4.5244836,4.157111,4.4084712,65145032,294822859.83,6.4827,4.827586206896539,8.837209302325592,0.20302169999999986
2023-09-13,4.3311296,4.4278066,4.3021265,4.3311296,42112264,189845951.44,4.1907,-1.7543859649122862,2.9213483146067483,-0.07734160000000045
2023-09-14,4.2827911,4.3891358,4.2151172,4.3311296,40449636,179217839.75,4.0252,0.0,4.12844036697248,0.0
2023-09-15,4.3311296,4.4954805,4.2924588,4.350465,52959468,241282198.2,5.2701,0.44642857142858094,4.729729729729726,0.019335400000000114
2023-09-18,4.350465,4.6308283,4.3407973,4.5534867,73410030,342690918.94,7.3052,4.666666666666663,6.681514476614697,0.20302169999999986
2023-09-19,4.5051482,5.0078686,4.5051482,4.8145146,123500249,610612309.86,12.2898,5.73248407643312,11.15879828326181,0.2610279000000002
2023-09-20,4.6694991,4.7081699,4.3311296,4.3311296,100814642,461448136.24,10.0323,-10.040160642570283,8.705357142857144,-0.4833850000000002
2023-09-21,4.2634557,4.4954805,4.2151172,4.2634557,53548864,240192978.43,5.3288,-1.5625,6.651376146788998,-0.06767389999999995
2023-09-22,4.2247849,4.2731234,4.1087725,4.2054495,45599181,196539566.87,4.5377,-1.3605442176870652,4.000000000000013,-0.05800619999999945
2023-09-25,4.1764464,4.2054495,4.1281079,4.1474433,26125936,112322215.8,2.5999,-1.379310344827589,1.8735362997658191,-0.05800620000000034
2023-09-26,4.1184402,4.543819,4.1184402,4.4181389,86513997,393073378.34,8.6092,6.526806526806528,10.328638497652577,0.2706955999999998
2023-09-27,4.447142,4.5631544,4.4084712,4.5244836,62375730,290374543.62,6.2071,2.4070021881838155,3.508771929824562,0.10634470000000018
2023-09-28,4.5244836,4.5728221,4.4374743,4.5631544,41861375,195940183.81,4.1657,0.8547008547008517,3.0501089324618715,0.03867080000000023
2023-10-09,4.5341513,4.6694991,4.447142,4.6308283,43819560,208077370.76,4.3606,1.4830508474576343,4.999999999999999,0.06767389999999995
2023-10-10,4.6308283,4.6694991,4.4084712,4.5148159,53170745,247794831.5,5.2911,-2.5052192066805756,5.921052631578952,-0.1160123999999998
2023-10-11,4.5244836,4.5341513,4.3214619,4.3601327,41448745,188009870.33,4.1247,-3.426124197002145,4.921700223713655,-0.15468320000000002
2023-10-12,4.3988035,4.4761451,4.3214619,4.4181389,27968012,127563003.59,2.7832,1.3303769401330268,3.5794183445190164,0.05800619999999945
2023-10-13,4.3794681,4.4084712,4.2827911,4.3021265,27723904,124124170.4,2.7589,-2.6258205689277836,2.9345372460496684,-0.1160123999999998
2023-10-16,4.2827911,4.4858128,4.2827911,4.3698004,45337388,205593562.23,4.5116,1.573033707865168,4.740406320541758,0.06767389999999995
2023-10-17,4.3988035,4.4278066,4.1087725,4.1764464,55146087,239281516.4,5.4877,-4.424778761061954,7.764705882352955,-0.19335400000000025
2023-10-18,4.1667787,4.2151172,4.1184402,4.2151172,33933928,146034647.44,3.3768,0.92592592592593,2.347417840375579,0.03867080000000023
2023-10-19,4.1281079,4.1281079,3.8767477,3.8960831,57911956,237000684.82,5.7629,-7.568807339449545,6.4837905236907645,-0.3190341000000001
2023-10-20,3.8380769,3.9444216,3.8187415,3.8574123,25969156,104473699.59,2.5842,-0.992555831265507,3.291139240506337,-0.03867079999999978
2023-10-23,3.8380769,3.86708,3.673726,3.7027291,32001793,123951795.18,3.1846,-4.010025062656641,5.26315789473685,-0.15468320000000002
2023-10-24,3.7413999,3.8574123,3.7317322,3.8574123,30222774,119222122.17,3.0075,4.177545691906004,3.3678756476683898,0.15468320000000002
2023-10-25,4.2344526,4.2441203,4.1184402,4.2441203,52730432,230236725.28,5.2473,10.025062656641603,3.0516431924882483,0.3867079999999996
2023-10-26,4.4374743,4.6694991,4.350465,4.6694991,111741030,525861059.86,11.1196,10.022779043280195,7.3333333333333455,0.4253788000000007
2023-10-27,5.1335487,5.1335487,4.5244836,4.6211606,225845021,1151606017.25,22.4743,-1.0351966873706209,13.461538461538472,-0.04833850000000073
2023-10-30,4.4084712,4.8145146,4.4084712,4.4664774,142567196,667839362.44,14.1872,-3.347280334728031,9.210526315789467,-0.15468320000000002
2023-10-31,4.3988035,4.5244836,4.3311296,4.3601327,91881669,419230185.33,9.1434,-2.3809523809523614,4.464285714285721,-0.10634469999999929
2023-11-01,4.3601327,4.3891358,4.1377756,4.1667787,76449970,332390654.29,7.6077,-4.434589800443467,6.074766355140179,-0.19335400000000025
2023-11-02,4.1957818,4.253788,4.1281079,4.1861141,60643861,262131013.73,6.0348,0.46403712296982924,3.0444964871194453,0.019335400000000114
2023-11-03,4.157111,4.1764464,4.1184402,4.1474433,40566341,174021320.97,4.0368,-0.9237875288683695,1.4084507042253387,-0.03867080000000023
2023-11-06,4.1281079,4.3311296,4.1281079,4.2731234,61635973,270659711.25,6.1335,3.0303030303030276,4.918032786885243,0.1256801000000003
2023-11-07,4.2731234,4.447142,4.1861141,4.4181389,86192509,386429325.96,8.5772,3.3936651583710287,6.235565819861436,0.14501549999999952
2023-11-08,4.4181389,4.447142,4.350465,4.3794681,62848695,285812148.7,6.2542,-0.8752735229759168,2.2222222222222356,-0.03867079999999934
2023-11-09,4.3891358,4.4374743,4.2441203,4.2634557,44868908,200602019.78,4.465,-2.64900662251657,4.555808656036453,-0.11601240000000068
2023-11-10,4.2247849,4.2827911,4.157111,4.1764464,31187026,135264280.22,3.1035,-2.0408163265306145,3.0232558139534955,-0.08700930000000007
2023-11-13,4.1861141,4.2441203,4.1764464,4.2344526,21642259,94303886.48,2.1537,1.3888888888889062,1.6203703703703694,0.05800620000000034
2023-11-14,4.2247849,4.2441203,4.1667787,4.1861141,24411356,105774546.08,2.4292,-1.1415525114155223,1.8561484918793398,-0.04833849999999984
2023-11-15,4.2247849,4.2344526,4.1474433,4.157111,26398229,113965971.49,2.6269,-0.6928406466512826,2.0979020979020997,-0.029003100000000615
2023-11-16,4.1474433,4.157111,4.1184402,4.1281079,22946530,98091113.42,2.2835,-0.6976744186046435,0.9389671361502187,-0.029003099999999726
2023-11-17,4.1377756,4.1377756,4.0701017,4.0991048,22713332,96128145.8,2.2603,-0.7025761124121677,1.6627078384798086,-0.029003099999999726
2023-11-20,4.1184402,4.1281079,4.0797694,4.0991048,15395371,65250435.1,1.532,0.0,1.1848341232227448,0.0
2023-11-21,4.0894371,4.1667787,4.0797694,4.1377756,28370398,121470083.66,2.8232,0.9433962264151052,2.1327014218009492,0.03867080000000023
2023-11-22,4.1184402,4.1667787,4.0894371,4.0991048,19536143,83304476.16,1.9441,-0.9345794392523366,1.8912529550827537,-0.03867080000000023
2023-11-23,4.0991048,4.1377756,4.0120955,4.1281079,19592997,82842374.66,1.9497,0.7075471698113178,3.1325301204819347,0.029003099999999726
2023-11-24,4.1087725,4.1281079,4.0314309,4.0507663,18523333,77964696.07,1.8433,-1.873536299765799,2.3980815347721745,-0.07734159999999957
2023-11-27,4.060434,4.0701017,4.0024278,4.0314309,14503534,60380171.06,1.4433,-0.4773269689737458,1.6908212560386457,-0.019335400000000114
2023-11-28,4.0507663,4.0507663,4.0120955,4.0507663,10295260,42986776.76,1.0245,0.47961630695443347,0.9638554216867526,0.019335400000000114
2023-11-29,4.060434,4.060434,3.9734247,3.9830924,12947324,53580349.88,1.2884,-1.670644391408127,2.189781021897812,-0.0676739000000004
2023-11-30,3.9734247,4.0120955,3.963757,3.9830924,11361108,46849095.52,1.1306,0.0,1.2195121951219472,0.0
2023-12-01,3.9830924,4.0314309,3.9540893,4.0217632,12356908,51184549.88,1.2297,0.9708737864077666,1.9559902200489,0.03867079999999978
2023-12-04,4.0410986,4.4278066,4.0314309,4.4278066,72353990,320562732.15,7.2001,10.096153846153854,9.83213429256595,0.4060434000000006
2023-12-05,4.4858128,4.543819,4.3117942,4.3214619,110939272,505562540.68,11.0398,-2.4017467248908297,5.381165919282522,-0.10634470000000018
2023-12-06,4.3117942,4.3698004,4.2054495,4.3117942,50915520,226606472.6,5.0667,-0.22371364653245296,3.908045977011485,-0.009667700000000501
2023-12-07,4.3117942,4.3794681,4.2441203,4.2634557,32573284,144080846.84,3.2414,-1.1210762331838486,3.1890660592255315,-0.04833849999999984
2023-12-08,4.2634557,4.2731234,4.1184402,4.1281079,38406680,165765678.56,3.8219,-3.1746031746031744,3.755868544600939,-0.1353477999999999
2023-12-11,4.1184402,4.1861141,4.0797694,4.157111,27879044,119018996.88,2.7743,0.7025761124121788,2.606635071090052,0.029003099999999726
2023-12-12,4.1281079,4.2247849,4.1184402,4.2247849,27746614,120425300.92,2.7611,1.6279069767441978,2.58215962441315,0.06767390000000084
2023-12-13,4.2151172,4.253788,4.1861141,4.2344526,24472349,106663498.62,2.4353,0.22883295194506825,1.6166281755196292,0.009667699999999613
2023-12-14,4.2151172,4.3601327,4.1861141,4.2924588,51758813,229754008.75,5.1506,1.3698630136986356,4.157043879907625,0.05800620000000034
2023-12-15,4.2924588,4.4084712,4.2344526,4.3407973,65142664,291707925.16,6.4825,1.1261261261261257,4.1095890410958935,0.04833849999999984
2023-12-18,4.3407973,4.737173,4.2827911,4.4858128,120781374,562080456.51,12.0192,3.3407572383073347,10.609480812641095,0.14501549999999952
2023-12-19,4.4374743,4.5244836,4.2827911,4.3601327,77356268,350607970.18,7.6979,-2.8017241379310165,5.643340857787813,-0.1256800999999994
2023-12-20,4.3311296,4.3794681,4.2054495,4.2634557,49889160,220689685.08,4.9646,-2.2172949002217446,4.137931034482762,-0.09667700000000057
2023-12-21,4.2247849,4.253788,4.1184402,4.2151172,37453843,162122836.0,3.7271,-1.13378684807256,3.2863849765258193,-0.04833849999999984
2023-12-22,4.1957818,4.2634557,4.0507663,4.0797694,44889328,192281947.08,4.467,-3.2110091743119296,5.2505966587112045,-0.1353477999999999
2023-12-25,4.060434,4.1281079,4.0217632,4.1281079,29839192,125609693.6,2.9577,1.1848341232227444,2.644230769230774,0.04833849999999984
2023-12-26,4.0991048,4.350465,4.060434,4.2731234,60077264,262638364.72,5.955,3.512880562060894,7.1428571428571415,0.1450155000000004
2023-12-27,4.2151172,4.2344526,4.060434,4.0991048,46467856,197783563.2,4.606,-4.072398190045257,4.285714285714289,-0.17401860000000013
2023-12-28,4.0701017,4.157111,3.9927601,4.1184402,35519320,150450967.12,3.5208,0.4716981132075526,4.1162227602905475,0.019335400000000114
2023-12-29,4.0894371,4.1474433,4.0797694,4.1281079,24065542,102644712.8,2.3854,0.23474178403755097,1.658767772511847,0.009667699999999613
2024-01-02,4.1281079,4.1861141,4.1087725,4.1377756,21651460,92946089.76,2.1461,0.23419203747074846,1.8823529411764819,0.009667700000000501
2024-01-03,4.1281079,4.1281079,4.0217632,4.0701017,26971622,113509709.2,2.6735,-1.6355140186915862,2.644230769230774,-0.06767389999999995
2024-01-04,4.060434,4.3021265,4.0410986,4.2344526,54243956,234953635.12,5.3768,4.0380047505938155,6.459330143540676,0.16435089999999963
2024-01-05,4.253788,4.3698004,4.1957818,4.2344526,62431976,275447724.52,6.1884,0.0,4.147465437788022,0.0
2024-01-08,4.2247849,4.5148159,4.1957818,4.4181389,98474688,446487562.42,9.7611,4.337899543378998,7.6036866359447135,0.18368629999999975
2024-01-09,4.543819,4.6985022,4.3214619,4.4858128,120402594,563503378.62,11.9346,1.5317286652078765,8.724832214765101,0.06767389999999995
2024-01-10,4.5341513,4.6791668,4.350465,4.3601327,97323445,453657547.56,9.647,-2.8017241379310165,7.55555555555556,-0.1256800999999994
2024-01-11,4.2344526,4.447142,4.2247849,4.3214619,68859586,307499704.51,6.8255,-0.8869179600886956,5.263157894736841,-0.03867080000000023
2024-01-12,4.3117942,4.4278066,4.2731234,4.2731234,55520044,248736985.34,5.5033,-1.118568232662187,3.619909502262444,-0.04833849999999984
2024-01-15,4.2731234,4.3698004,4.1667787,4.2924588,44697919,198891539.3,4.4306,0.4524886877828038,4.872389791183291,0.019335400000000114
2024-01-16,4.253788,4.2924588,4.0701017,4.1184402,53615728,230785463.48,5.3145,-4.054054054054057,5.463182897862231,-0.17401860000000013
2024-01-17,4.0991048,4.4568097,4.0894371,4.2731234,84670592,379823153.12,8.3928,3.7558685446009488,8.983451536643036,0.15468320000000002
2024-01-18,4.157111,4.2054495,4.0410986,4.1474433,64427744,273391512.16,6.3862,-2.941176470588247,4.066985645933027,-0.1256801000000003
2024-01-19,4.0991048,4.1087725,4.0410986,4.0701017,32103204,135106492.76,3.1822,-1.8648018648018572,1.6746411483253578,-0.07734159999999957
2024-01-22,4.0797694,4.1087725,3.7897384,3.86708,34195962,141436472.0,3.3896,-4.988123515439435,8.418367346938767,-0.2030217000000003
2024-01-23,3.8477446,3.8864154,3.5963844,3.8284092,26781555,105010000.26,2.6547,-1.0000000000000009,8.064516129032269,-0.03867080000000023
2024-01-24,3.8380769,3.8960831,3.7317322,3.8864154,26037965,102996189.7,2.581,1.5151515151515138,4.404145077720197,0.05800620000000034
2024-01-25,3.86708,4.0024278,3.8477446,4.0024278,29276210,119622497.34,2.9019,2.9850746268656803,4.020100502512575,0.11601240000000024
2024-01-26,4.0120955,4.1957818,3.9734247,4.0410986,33029036,138852904.32,3.2739,0.9661835748792091,5.59610705596107,0.03867079999999934
2024-01-29,4.0120955,4.0507663,3.9347539,3.9444216,24299041,100008563.41,2.4086,-2.392344497607646,2.9484029484029546,-0.09667699999999968
2024-01-30,3.8960831,3.9444216,3.8090738,3.8187415,17434917,69934838.64,1.7282,-3.1862745098039325,3.553299492385784,-0.1256801000000003
2024-01-31,3.7994061,3.8380769,3.6350552,3.6543906,22687593,87736828.68,2.2489,-4.30379746835442,5.5851063829787195,-0.16435089999999963
2024-02-01,3.6350552,3.6447229,3.4997074,3.5577136,21549896,79731572.44,2.1361,-2.645502645502651,4.143646408839778,-0.09667700000000012
2024-02-02,3.5480459,3.6350552,3.2580149,3.3933627,26510648,94297265.03,2.6278,-4.619565217391308,11.572700296735905,-0.16435090000000008
2024-02-05,3.3643596,3.3643596,3.0646609,3.0646609,25203456,82547464.6,2.4982,-9.686609686609692,9.779179810725552,-0.32870180000000015
2024-02-06,2.996987,3.287018,2.8133007,3.1806733,26215408,83321773.28,2.5985,3.785488958990535,16.838487972508595,0.11601240000000024
2024-02-07,3.1516702,3.2580149,3.1033317,3.1516702,19019360,62653164.64,1.8852,-0.911854103343468,4.984423676012462,-0.02900310000000017
2024-02-08,3.2193441,3.383695,3.2000087,3.3740273,20262565,69014398.86,2.0085,7.055214723926384,5.740181268882167,0.22235709999999997
2024-02-19,3.4126981,3.5093751,3.3933627,3.4513689,19139856,68324169.82,1.8972,2.2922636103151817,3.418803418803426,0.07734160000000001
2024-02-20,3.4417012,3.5190428,3.3450242,3.4900397,18886860,67555467.92,1.8721,1.1204481792717047,5.202312138728314,0.03867080000000023
2024-02-21,3.4320335,3.8284092,3.4126981,3.5577136,35319310,131721018.4,3.5009,1.939058171745156,12.181303116147301,0.06767389999999995
2024-02-22,3.5383782,3.6060521,3.4997074,3.5963844,22151918,81739428.1,2.1958,1.0869565217391353,3.0386740331491637,0.03867079999999978
2024-02-23,3.5963844,3.6447229,3.5673813,3.6447229,20729120,77394333.8,2.0547,1.3440860215053752,2.1680216802168024,0.048338500000000284
2024-02-26,3.6350552,3.673726,3.5867167,3.6157198,22567963,84537208.47,2.237,-0.7957559681697646,2.42587601078166,-0.02900310000000017
2024-02-27,3.5867167,3.673726,3.577049,3.673726,19781072,74381788.48,1.9608,1.6042780748663166,2.7027027027026933,0.0580061999999999
2024-02-28,3.6833937,3.7510676,3.4610366,3.480372,33704991,126789271.21,3.3409,-5.263157894736836,8.379888268156423,-0.1933539999999998
2024-02-29,3.4417012,3.577049,3.4126981,3.577049,22606474,82490541.17,2.2408,2.77777777777779,4.815864022662892,0.09667700000000012
2024-03-01,3.5673813,3.7994061,3.5673813,3.7220645,50929892,195867898.88,5.0483,4.054054054054057,6.504065040650407,0.14501549999999996
2024-03-04,3.6930614,3.7123968,3.6060521,3.6447229,26006010,97964223.08,2.5778,-2.0779220779220786,2.9490616621983965,-0.07734160000000001
2024-03-05,3.6060521,3.7220645,3.5577136,3.6543906,27445793,103223100.05,2.7205,0.2652519893899141,4.619565217391306,0.009667700000000057
2024-03-06,3.6060521,3.6253875,3.5577136,3.5867167,17925332,66603154.76,1.7768,-1.851851851851849,1.902173913043477,-0.06767389999999995
2024-03-07,3.5867167,3.6157198,3.5383782,3.5383782,19232116,71100871.43,1.9063,-1.3477088948787186,2.185792349726776,-0.048338500000000284
2024-03-08,3.5383782,3.577049,3.4997074,3.5577136,14184245,51951335.15,1.406,0.5464480874316946,2.2099447513812156,0.019335400000000114
2024-03-11,3.5480459,3.6930614,3.5287105,3.6930614,27833218,104405956.35,2.7589,3.8043478260869623,4.657534246575345,0.1353477999999999
2024-03-12,3.6930614,3.7607353,3.6253875,3.7510676,30683289,117579461.82,3.0414,1.5706806282722585,3.7333333333333307,0.0580061999999999
2024-03-13,3.7317322,3.7510676,3.6833937,3.7027291,16927060,65172495.6,1.6779,-1.2886597938144284,1.8372703412073481,-0.04833849999999984
2024-03-14,3.6833937,3.7510676,3.673726,3.6930614,20515428,78835013.34,2.0335,-0.26109660574412663,2.105263157894737,-0.009667700000000057
2024-03-15,3.6833937,3.7317322,3.6253875,3.7317322,18848023,71875797.83,1.8683,1.0471204188481797,2.9333333333333385,0.03867080000000023
2024-03-18,3.7220645,3.770403,3.7220645,3.7607353,18462220,71561291.44,1.83,0.7772020725388629,1.2987012987012942,0.029003099999999726
2024-03-19,3.7510676,3.770403,3.7027291,3.7123968,14992738,57905882.84,1.4861,-1.28534704370179,1.827676240208876,-0.04833849999999984
2024-03-20,3.7317322,3.7800707,3.7123968,3.7510676,15983884,62034955.8,1.5844,1.0416666666666519,1.8229166666666654,0.03867079999999978
2024-03-21,3.7607353,3.770403,3.7027291,3.7413999,12672821,48926316.36,1.2562,-0.2577319587628857,1.827676240208876,-0.009667700000000057
2024-03-22,3.7317322,3.8380769,3.6930614,3.7800707,34532444,134560534.04,3.4229,1.033591731266159,3.9267015706806276,0.03867080000000023
2024-03-25,3.7607353,3.9154185,3.7413999,3.7510676,34479553,136498562.15,3.4177,-0.7672634271099765,4.651162790697678,-0.02900310000000017
2024-03-26,3.7510676,3.7800707,3.6157198,3.6930614,23242073,88679826.99,2.3038,-1.546391752577314,4.545454545454548,-0.0580061999999999
2024-03-27,3.6833937,3.6833937,3.5383782,3.5383782,17214168,64013152.48,1.7063,-4.188481675392675,4.098360655737704,-0.15468320000000002
2024-03-28,3.5383782,3.6253875,3.5287105,3.5867167,13398264,49679798.24,1.3281,1.3661202185792476,2.739726027397264,0.048338500000000284
2024-03-29,3.577049,3.7413999,3.5673813,3.6447229,19691698,74282815.68,1.9519,1.6172506738544534,4.878048780487796,0.0580061999999999
2024-04-01,3.6543906,3.8187415,3.6447229,3.7994061,27404568,106494436.32,2.7164,4.244031830238737,4.774535809018559,0.15468320000000002
2024-04-02,3.7897384,3.8380769,3.770403,3.7994061,16625176,65325706.88,1.6479,0.0,1.7948717948717936,0.0
2024-04-03,3.7897384,3.7994061,3.7027291,3.7510676,13340690,51647995.9,1.3224,-1.2722646310432628,2.6109660574412565,-0.048338500000000284
2024-04-08,3.7800707,3.8380769,3.7027291,3.7800707,24658538,96686401.54,2.4442,0.773195876288657,3.655352480417752,0.02900310000000017
2024-04-09,3.770403,3.8380769,3.7317322,3.7994061,15978376,62419808.88,1.5838,0.5115089514066584,2.84974093264248,0.019335400000000114
2024-04-10,3.7800707,3.7897384,3.6543906,3.6833937,16537737,63393034.26,1.6393,-3.053435114503822,3.7037037037037006,-0.11601240000000024
2024-04-11,3.673726,3.7220645,3.6350552,3.6833937,11978076,45671744.0,1.1873,0.0,2.3936170212765973,0.0
2024-04-12,3.7027291,3.7027291,3.5867167,3.6060521,12617389,47457941.79,1.2507,-2.099737532808399,3.2345013477088886,-0.07734160000000001
2024-04-15,3.5867167,3.6640583,3.480372,3.5577136,17067793,62978624.63,1.6918,-1.3404825737265424,5.277777777777783,-0.04833849999999984
2024-04-16,3.5383782,3.5383782,3.3063534,3.3160211,20339416,71788983.92,2.0161,-6.793478260869568,7.017543859649124,-0.2416925000000001
2024-04-17,3.3546919,3.5383782,3.3450242,3.5383782,15525849,56002946.8,1.539,6.705539358600587,5.780346820809243,0.22235709999999997
2024-04-18,3.5287105,3.5480459,3.4610366,3.4707043,10941560,39640775.4,1.0846,-1.912568306010931,2.5139664804469293,-0.06767389999999995
2024-04-19,3.4610366,3.4997074,3.4320335,3.4513689,8333776,29825128.32,0.8261,-0.5571030640668551,1.9718309859154914,-0.019335400000000114
2024-04-22,3.4610366,3.4997074,3.383695,3.383695,10357484,36633294.24,1.0267,-1.9607843137254943,3.4285714285714355,-0.06767389999999995
2024-04-23,3.383695,3.5287105,3.3740273,3.480372,13770108,49371072.54,1.3649,2.857142857142869,4.584527220630373,0.09667700000000012
2024-04-24,3.4707043,3.5577136,3.4513689,3.5383782,10444180,37990659.16,1.0353,1.6666666666666607,3.0812324929972044,0.0580061999999999
2024-04-25,3.5093751,3.6157198,3.5093751,3.5963844,12106680,44860094.96,1.2,1.6393442622950838,3.0303030303030227,0.0580061999999999
2024-04-26,3.6350552,3.6930614,3.6060521,3.6640583,13451586,50943958.8,1.3334,1.8817204301075474,2.412868632707777,0.0676739000000004
2024-04-29,3.6640583,3.8574123,3.6350552,3.7607353,32307536,126504934.48,3.2024,2.638522427440626,6.117021276595744,0.09667699999999968
2024-04-30,3.7510676,3.8574123,3.7413999,3.8187415,29734468,116789385.32,2.9474,1.5424164524421524,3.100775193798456,0.0580061999999999
2024-05-06,3.86708,4.0894371,3.86708,3.9734247,62359477,257630105.92,6.1812,4.0506329113924044,5.749999999999988,0.15468320000000002
2024-05-07,3.9734247,3.9830924,3.86708,3.9540893,26403954,107209241.36,2.6172,-0.48661800486616835,2.9999999999999947,-0.01933539999999967
2024-05-08,3.9830924,4.0120955,3.86708,3.8864154,29589171,120332831.44,2.933,-1.7114914425427896,3.749999999999999,-0.06767389999999995
2024-05-09,3.8864154,3.9540893,3.86708,3.8960831,25020404,100897062.28,2.4801,0.24875621890545485,2.2500000000000018,0.009667699999999613
2024-05-10,3.8767477,3.9347539,3.8477446,3.9347539,24561813,98996374.97,2.4346,0.992555831265518,2.2613065326633186,0.03867080000000023
2024-05-13,3.8960831,3.9057508,3.8187415,3.86708,16686661,66767011.45,1.654,-1.7199017199017175,2.2784810126582298,-0.06767389999999995
2024-05-14,3.8574123,3.9250862,3.8477446,3.9057508,22522299,90713653.41,2.2325,1.0000000000000009,2.0100502512562817,0.03867079999999978
2024-05-15,3.9154185,3.9154185,3.5383782,3.7800707,47281952,181732934.91,4.6867,-3.2178217821782096,10.655737704918034,-0.12568009999999985
2024-05-16,3.7027291,3.8960831,3.6930614,3.8187415,39339584,154679981.96,3.8994,1.0230179028132946,5.4973821989528755,0.03867079999999978
2024-05-17,3.7897384,3.8090738,3.673726,3.7510676,49132117,189401032.13,4.8701,-1.7721518987341756,3.6842105263157996,-0.06767389999999995
2024-05-20,3.8090738,3.8477446,3.673726,3.7027291,42454290,164120964.48,4.2082,-1.2886597938144284,4.736842105263161,-0.04833849999999984
2024-05-21,3.673726,3.6833937,3.5577136,3.577049,25969356,96720526.76,2.5741,-3.394255874673624,3.5326086956521694,-0.12568009999999985
2024-05-22,3.5577136,3.6060521,3.5577136,3.577049,14953511,55463336.54,1.4822,0.0,1.3586956521739084,0.0
2024-05-23,3.5383782,3.5673813,3.4513689,3.4707043,18180059,65597106.81,1.8021,-2.972972972972976,3.3613445378151328,-0.10634470000000018
2024-05-24,3.480372,3.8090738,3.4513689,3.6157198,61413968,231321821.28,6.0875,4.178272980501396,10.364145658263316,0.14501549999999996
2024-05-27,3.5867167,3.6157198,3.4610366,3.5190428,30497840,110505383.2,3.023,-2.67379679144385,4.46927374301676,-0.09667700000000012
2024-05-28,3.480372,3.5190428,3.4513689,3.4707043,16375968,58815345.12,1.6232,-1.3736263736263687,1.9607843137254888,-0.04833849999999984
2024-05-29,3.480372,3.4997074,3.4417012,3.4707043,10677912,38333768.76,1.0584,0.0,1.6853932584269764,0.0
2024-05-30,3.4610366,3.480372,3.4320335,3.480372,10768696,38564298.76,1.0674,0.278551532033422,1.4084507042253476,0.009667700000000057
2024-05-31,3.4707043,3.5093751,3.4610366,3.4997074,8774916,31656526.76,0.8698,0.5555555555555536,1.3966480446927456,0.019335400000000114
2024-06-03,3.4900397,3.5093751,3.3546919,3.3740273,19290874,67767493.78,1.9122,-3.5911602209944826,4.610951008645533,-0.1256801000000003
2024-06-04,3.3546919,3.3740273,3.2676826,3.3160211,18027408,61766924.12,1.7869,-1.7191977077363862,3.254437869822477,-0.0580061999999999
2024-06-05,3.3160211,3.3160211,3.2000087,3.2096764,13249806,44395903.14,1.3134,-3.206997084548102,3.625377643504525,-0.10634469999999974
2024-06-06,3.2290118,3.2580149,3.093664,3.1129994,15607844,50952252.2,1.5471,-3.0120481927710885,5.312500000000003,-0.09667700000000012
2024-06-07,3.1129994,3.2096764,3.1129994,3.2000087,11570604,37978428.76,1.1469,2.795031055900621,3.105590062111805,0.08700930000000007
2024-06-11,3.190341,3.190341,3.1226671,3.1613379,8143525,26543575.85,0.8072,-1.2084592145015227,2.167182662538698,-0.03867080000000023
2024-06-12,3.1613379,3.2000087,3.1420025,3.2000087,6194796,20363062.2,0.614,1.2232415902140747,1.8461538461538571,0.03867080000000023
2024-06-13,3.2000087,3.2000087,3.1129994,3.1226671,8540036,27752573.2,0.8465,-2.4169184290030232,2.795031055900623,-0.07734160000000001
2024-06-14,3.1323348,3.1710056,3.1033317,3.1516702,6927140,22545864.6,0.6866,0.9287925696594312,2.18068535825545,0.029003099999999726
2024-06-17,3.1226671,3.1420025,3.0743286,3.0743286,9440486,30268398.88,0.9358,-2.4539877300613466,2.2012578616352187,-0.07734160000000001
2024-06-18,3.0743286,3.1129994,3.0646609,3.1033317,6619065,21160735.96,0.6561,0.9433962264151052,1.577287066246066,0.02900310000000017
2024-06-19,3.1033317,3.1516702,3.093664,3.1323348,8673409,28115996.47,0.8597,0.9345794392523477,1.874999999999997,0.02900310000000017
2024-06-20,3.1420025,3.1420025,3.0356578,3.0453255,8578732,27300683.52,0.8503,-2.777777777777779,3.503184713375787,-0.08700930000000007
2024-06-21,3.0356578,3.093664,3.0163224,3.0839963,5564792,17681829.52,0.5516,1.2698412698412653,2.5641025641025643,0.03867079999999978
2024-06-24,3.0549932,3.0549932,2.9486485,2.9679839,9880911,30536406.73,0.9794,-3.7617554858934144,3.606557377049186,-0.1160123999999998
2024-06-25,2.9486485,3.0163224,2.9486485,2.9776516,7591066,23407333.64,0.7524,0.32573289902280145,2.2950819672131133,0.009667700000000057
2024-06-26,2.9776516,3.0163224,2.90031,3.0163224,11680208,35760783.92,1.1578,1.298701298701288,3.9999999999999925,0.03867079999999978
2024-06-27,2.9873193,3.0066547,2.9486485,2.9583162,6130712,18878361.84,0.6077,-1.9230769230769162,1.9672131147540948,-0.0580061999999999
2024-06-28,2.9583162,3.0066547,2.9293131,2.9679839,5979221,18450098.95,0.5927,0.32679738562091387,2.6402640264026407,0.009667700000000057
2024-07-01,2.9873193,3.0549932,2.9873193,3.0549932,8540568,26801056.92,0.8466,2.931596091205213,2.265372168284803,0.08700930000000007
2024-07-02,3.0549932,3.093664,3.0356578,3.0743286,7957016,25290473.88,0.7887,0.6329113924050445,1.9108280254777035,0.01933539999999967
2024-07-03,3.0646609,3.0839963,3.0356578,3.0453255,5448724,17252411.48,0.5401,-0.943396226415083,1.592356687898084,-0.029003099999999726
2024-07-04,3.0453255,3.0646609,2.9583162,2.9583162,6753500,20956160.44,0.6694,-2.857142857142858,3.594771241830056,-0.08700930000000007
2024-07-05,2.9486485,3.0066547,2.9293131,2.996987,5464736,16822225.76,0.5417,1.3071895424836555,2.6402640264026407,0.03867079999999978
2024-07-08,2.9389808,2.9679839,2.9196454,2.9196454,6823884,20709396.92,0.6764,-2.580645161290318,1.6556291390728575,-0.07734160000000001
2024-07-09,2.90031,2.9583162,2.8326361,2.9583162,10849176,32534836.96,1.0754,1.324503311258285,4.436860068259381,0.03867080000000023
2024-07-10,2.9389808,2.9583162,2.90031,2.9196454,6757964,20492057.28,0.6699,-1.3071895424836666,1.9999999999999962,-0.03867080000000023
2024-07-11,2.9583162,2.996987,2.9486485,2.996987,7898776,24356595.08,0.7829,2.6490066225165476,1.6393442622950765,0.07734160000000001
2024-07-12,2.9776516,3.0549932,2.9776516,3.0163224,7463628,23354145.08,0.7398,0.6451612903225934,2.5974025974025974,0.019335400000000114
2024-07-15,3.0066547,3.0356578,2.9679839,2.9776516,5450900,16896049.0,0.5403,-1.2820512820512775,2.2801302931596075,-0.03867079999999978
2024-07-16,2.9776516,2.996987,2.9583162,2.996987,4885548,15050621.36,0.4843,0.6493506493506329,1.3071895424836528,0.01933539999999967
2024-07-17,2.9776516,3.0066547,2.9583162,2.9583162,5167300,15920923.0,0.5122,-1.2903225806451535,1.6339869281045698,-0.03867079999999978
2024-07-18,2.9583162,3.2483472,2.9099777,3.0839963,28700640,91853123.93,2.8449,4.24836601307188,11.627906976744194,0.12568009999999985
2024-07-19,3.0646609,3.0646609,3.0066547,3.0356578,15900576,49765976.72,1.5761,-1.5673981191222541,1.9292604501607684,-0.04833849999999984
2024-07-22,3.0163224,3.0646609,2.9776516,3.0453255,11463020,35788131.6,1.1362,0.31847133757962887,2.922077922077909,0.009667700000000057
2024-07-23,3.0259901,3.1420025,3.0163224,3.0646609,19346637,62149902.64,1.9177,0.6349206349206327,4.166666666666662,0.01933539999999967
2024-07-24,3.0259901,3.0453255,2.9776516,2.9873193,12687864,39579060.32,1.2577,-2.5236593059936863,2.272727272727271,-0.07734160000000001
2024-07-25,2.98731888,3.03613128,2.95803144,2.99708136,7448364,22847739.84,0.7383,0.3267832802472892,2.640264026402645,0.00976206000000035
2024-07-26,2.99708136,3.06541872,2.98731888,3.04589376,7256956,22499763.92,0.7193,1.628664495113985,2.61437908496731,0.048812399999999645
2024-07-29,3.04589376,3.09470616,3.03613128,3.0751812,8313516,26171394.96,0.8241,0.9615384615384581,1.9292604501607604,0.029287440000000053
2024-07-30,3.06541872,3.13375608,3.04589376,3.11423112,11401596,36203811.84,1.1302,1.2698412698412653,2.88461538461539,0.03904992000000007
2024-07-31,3.1239936,3.20209344,3.10446864,3.172806,16507113,53526880.79,1.6362,1.8808777429467183,3.14465408805032,0.05857488000000011
2024-08-01,3.172806,3.19233096,3.14351856,3.15328104,11723400,37937269.0,1.1621,-0.6153846153846176,1.5527950310559036,-0.019524960000000036
2024-08-02,3.13375608,3.15328104,3.08494368,3.08494368,10301700,32906735.0,1.0211,-2.1671826625387025,2.2151898734177258,-0.06833736000000012
2024-08-05,3.05565624,3.14351856,3.0263688,3.0263688,12008366,37834354.32,1.1903,-1.8987341772151778,3.8709677419354755,-0.05857487999999966
2024-08-06,3.04589376,3.08494368,3.01660632,3.04589376,8077124,25152192.84,0.8006,0.6451612903225712,2.265372168284779,0.01952495999999959
2024-08-07,3.06541872,3.06541872,3.0263688,3.04589376,6093500,19029664.0,0.604,0.0,1.290322580645149,0.0
2024-08-08,3.04589376,3.04589376,2.99708136,3.0263688,6953160,21534777.68,0.6892,-0.6410256410256276,1.6286644951139948,-0.01952495999999959
2024-08-09,3.03613128,3.09470616,3.0263688,3.03613128,8719380,27281784.76,0.8643,0.3225806451612856,2.258064516129022,0.009762480000000018
2024-08-12,3.03613128,3.04589376,2.9775564,2.98731888,7333240,22584859.6,0.7269,-1.6077170418006492,2.295081967213104,-0.04881240000000009
2024-08-13,2.9775564,3.00684384,2.95803144,3.00684384,4654224,14235714.44,0.4613,0.6535947712418277,1.650165016501653,0.019524960000000036
2024-08-14,2.99708136,3.08494368,2.99708136,3.0263688,8963900,27995484.0,0.8885,0.6493506493506551,2.9315960912052024,0.019524960000000036
2024-08-15,2.98731888,3.05565624,2.9775564,3.03613128,7516816,23240901.64,0.7451,0.3225806451612856,2.622950819672121,0.009762480000000018
2024-08-16,3.01660632,3.04589376,3.00684384,3.01660632,6009649,18642032.39,0.5957,-0.6430868167202619,1.2987012987012863,-0.019524960000000036
2024-08-19,2.99708136,3.03613128,2.99708136,3.00684384,3971016,12261979.28,0.3936,-0.3236245954692518,1.3029315960912076,-0.009762480000000018
2024-08-20,3.01660632,3.03613128,2.95803144,2.96779392,5592148,17097284.32,0.5543,-1.2987012987012991,2.640264026402645,-0.03904992000000007
2024-08-21,2.95803144,2.9775564,2.94826896,2.95803144,3519524,10682206.36,0.3489,-0.3289473684210509,0.9933774834437104,-0.009762480000000018
2024-08-22,2.95803144,2.96779392,2.88969408,2.88969408,7047200,21145253.0,0.6985,-2.310231023102316,2.7027027027027075,-0.06833736000000012
2024-08-23,2.88969408,3.0751812,2.86040664,2.96779392,11795583,35696691.71,1.1692,2.7027027027026973,7.508532423208189,0.07809984000000014
2024-08-26,2.96779392,3.0263688,2.95803144,2.98731888,11149979,34211533.66,1.1052,0.6578947368421018,2.310231023102314,0.019524960000000036
2024-08-27,2.99708136,3.04589376,2.96779392,3.0263688,10869428,33460404.31,1.0774,1.3071895424836555,2.631578947368411,0.03904992000000007
2024-08-28,3.0263688,3.03613128,2.96779392,2.98731888,5852457,17913328.88,0.5801,-1.2903225806451646,2.3026315789473726,-0.03904992000000007
2024-08-29,2.9775564,2.9775564,2.93850648,2.96779392,5500484,16691189.44,0.5452,-0.6535947712418277,1.3289036544850523,-0.019524960000000036
2024-08-30,2.95803144,3.0263688,2.93850648,3.00684384,8910013,27382121.6,0.8832,1.3157894736842035,2.9900332225913675,0.03904992000000007
2024-09-02,3.01660632,3.06541872,3.00684384,3.00684384,10974497,34132894.84,1.0878,0.0,1.948051948051937,0.0
2024-09-03,3.00684384,3.0263688,2.99708136,3.0263688,7114520,21974551.6,0.7052,0.6493506493506551,0.9771986970684057,0.019524960000000036
2024-09-04,3.01660632,3.04589376,2.98731888,3.0263688,7547548,23410658.8,0.7481,0.0,1.9607843137254788,0.0
2024-09-05,3.0263688,3.04589376,3.00684384,3.03613128,5911772,18332145.08,0.586,0.3225806451612856,1.2987012987012863,0.009762480000000018
2024-09-06,3.0263688,3.05565624,2.98731888,2.99708136,9379200,29048673.0,0.9297,-1.2861736334405127,2.2875816993463944,-0.03904992000000007
2024-09-09,2.99708136,3.00684384,2.95803144,2.98731888,6297409,19228878.45,0.6242,-0.32573289902280145,1.650165016501653,-0.009762480000000018
2024-09-10,3.00684384,3.01660632,2.93850648,2.98731888,6819547,20735190.63,0.676,0.0,2.6578073089701046,0.0
2024-09-11,2.96779392,2.98731888,2.94826896,2.95803144,4126012,12527567.36,0.409,-0.9803921568627416,1.3245033112582805,-0.029287440000000053
2024-09-12,2.95803144,2.98731888,2.94826896,2.95803144,4068933,12378673.32,0.4033,0.0,1.3245033112582805,0.0
2024-09-13,2.9775564,2.98731888,2.928744,2.928744,4859288,14704221.52,0.4817,-0.990099009900991,2.0000000000000036,-0.029287440000000053
2024-09-18,2.90921904,2.928744,2.87016912,2.90921904,6532428,19361563.96,0.6475,-0.666666666666671,2.040816326530616,-0.019524960000000036
2024-09-19,2.90921904,2.98731888,2.89945656,2.9775564,10199584,30885673.96,1.011,2.3489932885906173,3.030303030303036,0.06833736000000012
2024-09-20,2.96779392,2.98731888,2.95803144,2.9775564,5872700,17881341.6,0.5821,0.0,0.9900990099009919,0.0
2024-09-23,2.9775564,2.9775564,2.94826896,2.96779392,3816076,11600483.28,0.3783,-0.3278688524590123,0.9933774834437104,-0.009762480000000018
2024-09-24,2.9775564,3.04589376,2.96779392,3.03613128,11746720,36289252.36,1.1644,2.3026315789473673,2.631578947368411,0.06833736000000012
2024-09-25,3.04589376,3.1239936,3.04589376,3.06541872,17016160,53787102.8,1.6867,0.9646302250803762,2.5641025641025688,0.02928743999999961
2024-09-26,3.05565624,3.172806,3.03613128,3.172806,19655746,62925566.01,1.9483,3.5031847133758065,4.501607717041794,0.1073872800000002
2024-09-27,3.20209344,3.25090584,3.172806,3.25090584,19282691,63548132.85,1.9113,2.4615384615384706,2.461538461538466,0.07809984000000014
2024-09-30,3.40710552,3.54378024,3.28019328,3.49496784,47850229,167804756.01,4.743,7.507507507507505,8.035714285714272,0.244062
2024-10-08,3.81712968,3.83665464,3.44615544,3.59259264,58844282,219350213.07,5.8328,2.7932960893854775,11.331444759206793,0.09762479999999973
2024-10-09,3.53401776,3.53401776,3.24114336,3.25090584,32965576,113440282.12,3.2676,-9.510869565217384,9.036144578313241,-0.34168679999999974
2024-10-10,3.2704308,3.4656804,3.2216184,3.39734304,33075998,114325629.0,3.2786,4.504504504504503,7.575757575757576,0.14643719999999982
2024-10-11,3.38758056,3.45591792,3.30948072,3.34853064,28184492,97693624.32,2.7937,-1.4367816091954033,4.424778761061956,-0.04881240000000009
2024-10-14,3.48520536,3.50473032,3.33876816,3.47544288,30992890,109053862.66,3.0721,3.790087463556868,4.9707602339181385,0.12691224000000023
2024-10-15,3.43639296,3.55354272,3.38758056,3.416868,27668593,98584376.01,2.7426,-1.6853932584269704,4.899135446685874,-0.05857488000000011
2024-10-16,3.38758056,3.55354272,3.3680556,3.55354272,40891577,146291377.37,4.0533,4.0000000000000036,5.507246376811591,0.1366747199999998
2024-10-17,3.5633052,3.5633052,3.38758056,3.42663048,36349568,128435256.32,3.6031,-3.57142857142857,5.187319884726222,-0.1269122399999998
2024-10-18,3.39734304,3.43639296,3.30948072,3.43639296,28107200,97468026.96,2.7861,0.2849002849002913,3.8348082595870276,0.009762480000000018
2024-10-21,3.43639296,3.43639296,3.35829312,3.38758056,20182260,70125191.35,2.0005,-1.4204545454545525,2.325581395348842,-0.04881240000000009
2024-10-22,3.53401776,3.53401776,3.43639296,3.49496784,31968867,114031746.33,3.1688,3.1700288184438152,2.8409090909090833,0.1073872800000002
2024-10-23,3.48520536,3.5633052,3.4656804,3.49496784,24815308,89116256.08,2.4598,0.0,2.8169014084506965,0.0
2024-10-24,3.4656804,3.5144928,3.44615544,3.50473032,16586945,59134395.71,1.6441,0.27932960893854997,1.9830028328611933,0.009762480000000018
2024-10-25,3.50473032,3.58283016,3.50473032,3.57306768,25204072,91778964.48,2.4983,1.949860724233976,2.2284122562674007,0.06833735999999968
2024-10-28,3.59259264,3.72926736,3.58283016,3.71950488,33024548,124644103.72,3.2735,4.098360655737721,4.087193460490471,0.14643720000000027
2024-10-29,3.73902984,3.81712968,3.67069248,3.68045496,40802129,156790722.2,4.0444,-1.049868766404205,3.989361702127655,-0.03904992000000007
2024-10-30,3.68045496,3.72926736,3.65116752,3.7097424,24288133,91832521.05,2.4075,0.7957559681697646,2.1390374331550843,0.029287440000000053
2024-10-31,3.71950488,3.78784224,3.69021744,3.72926736,26353852,100772761.56,2.6123,0.5263157894736858,2.6455026455026385,0.019524960000000036
2024-11-01,3.71950488,3.78784224,3.6121176,3.66093,29666564,111991825.8,2.9406,-1.832460732984298,4.864864864864861,-0.06833736000000012
2024-11-04,3.69997992,3.78784224,3.65116752,3.74879232,31326304,119198894.04,3.1051,2.400000000000002,3.7433155080213854,0.08786232000000016
2024-11-05,3.72926736,3.78784224,3.7097424,3.77807976,27352193,105426639.08,2.7112,0.78125,2.1052631578947287,0.02928743999999961
2024-11-06,3.76831728,3.97332936,3.74879232,3.91475448,47332419,187285702.27,4.6917,3.6175710594315236,5.989583333333332,0.13667472000000025
2024-11-07,3.94404192,4.08071664,3.8561796,4.06119168,47634381,195737779.73,4.7216,3.7406483790523692,5.822784810126593,0.14643720000000027
2024-11-08,4.12952904,4.15881648,3.904992,3.92451696,42583601,173136293.92,4.221,-3.3653846153846256,6.499999999999989,-0.13667472000000025
2024-11-11,3.904992,3.96356688,3.86594208,3.92451696,25175373,100686250.01,2.4954,0.0,2.52525252525253,0.0
2024-11-12,3.92451696,3.93427944,3.8073672,3.84641712,26177800,103972157.2,2.5948,-1.9900497512437831,3.3333333333333397,-0.07809984000000014
2024-11-13,3.84641712,3.87570456,3.7585548,3.8073672,19385016,75654965.26,1.9215,-1.0152284263959421,3.116883116883111,-0.03904992000000007
2024-11-14,3.81712968,3.82689216,3.73902984,3.74879232,17731746,68645541.49,1.7576,-1.538461538461533,2.34986945169712,-0.05857487999999966
2024-11-15,3.7585548,3.89522952,3.74879232,3.77807976,21864032,85586672.92,2.1672,0.78125,3.906249999999995,0.02928743999999961
2024-11-18,3.81712968,3.86594208,3.74879232,3.78784224,22412568,87487101.4,2.2216,0.25839793281654533,3.124999999999994,0.009762480000000018
2024-11-19,3.78784224,3.81712968,3.69997992,3.8073672,19931415,76692173.51,1.9757,0.5154639175257714,3.166226912928754,0.019524960000000036
2024-11-20,3.73902984,3.77807976,3.7097424,3.74879232,24102519,92239600.86,2.3891,-1.538461538461533,1.8421052631578863,-0.05857487999999966
2024-11-21,3.74879232,3.77807976,3.7097424,3.73902984,15260223,58483448.57,1.5126,-0.26041666666666297,1.8421052631578863,-0.009762480000000018
2024-11-22,3.72926736,3.77807976,3.63164256,3.63164256,19247506,73467816.44,1.9079,-2.872062663185382,4.032258064516124,-0.1073872800000002
2024-11-25,3.66093,3.69997992,3.59259264,3.66093,14201368,52919675.56,1.4077,0.8064516129032251,2.989130434782614,0.029287440000000053
2024-11-26,3.66093,3.72926736,3.64140504,3.7097424,14365882,54270167.74,1.424,1.333333333333342,2.412868632707779,0.04881240000000009
2024-11-27,3.72926736,3.74879232,3.62188008,3.73902984,15239316,57605534.24,1.5106,0.7894736842105177,3.5040431266846426,0.029287440000000053
2024-11-28,3.73902984,3.84641712,3.69997992,3.82689216,23850612,92882427.04,2.3641,2.3498694516971286,3.9577836411609453,0.08786231999999972
2024-11-29,3.8073672,3.87570456,3.7585548,3.8561796,22088349,86766453.17,2.1895,0.7653061224489832,3.116883116883111,0.029287440000000053
2024-12-02,3.8561796,3.93427944,3.83665464,3.92451696,24044424,95920568.0,2.3833,1.7721518987341867,2.5445292620865185,0.06833736000000012
2024-12-03,3.92451696,3.93427944,3.87570456,3.91475448,18482776,73913868.96,1.8321,-0.24875621890547706,1.5113350125944611,-0.009762480000000018
2024-12-04,3.904992,3.904992,3.78784224,3.81712968,20403830,80552561.54,2.0225,-2.493765586034913,3.092783505154645,-0.09762480000000018
2024-12-05,3.87570456,3.87570456,3.81712968,3.83665464,15440142,60765398.37,1.5305,0.5115089514066584,1.5345268542199517,0.019524960000000036
2024-12-06,3.99285432,4.21739136,3.99285432,4.21739136,68771438,294438033.0,6.8168,9.92366412213741,5.623471882640574,0.3807367199999998
2024-12-09,4.5883656,4.5883656,4.20762888,4.20762888,151207011,676588770.06,14.988,-0.23148148148147696,9.04872389791185,-0.009762480000000018
2024-12-10,4.33454112,4.43216592,4.1002416,4.11000408,87849756,379866134.77,8.7079,-2.3201856148491684,8.095238095238088,-0.09762479999999929
2024-12-11,4.09047912,4.2466788,4.0514292,4.23691632,61575034,264756551.17,6.1035,3.0878859857482066,4.819277108433721,0.12691223999999934
2024-12-12,4.22715384,4.65670296,4.17834144,4.65670296,136529234,634500166.58,13.5331,9.907834101382495,11.448598130841123,0.4197866399999999
2024-12-13,4.65670296,4.96910232,4.5883656,4.66646544,178183439,877483341.03,17.662,0.20964360587001352,8.297872340425528,0.009762480000000018
2024-12-16,4.88124,4.9788648,4.6859904,4.82266512,119362414,592455945.37,11.8315,3.347280334728042,6.250000000000012,0.15619968000000028
2024-12-17,4.71527784,4.72504032,4.3443036,4.37359104,94636833,432059710.86,9.3806,-9.311740890688258,8.76404494382022,-0.44907407999999993
2024-12-18,4.2954912,4.38335352,4.17834144,4.20762888,63703477,276461512.49,6.3145,-3.7946428571428603,4.906542056074776,-0.1659621600000003
2024-12-19,4.12952904,4.35406608,4.06119168,4.28572872,72670353,314149053.06,7.2033,1.8561484918793614,7.211538461538453,0.07809984000000014
2024-12-20,4.25644128,4.33454112,4.21739136,4.22715384,44716164,195278007.08,4.4324,-1.3667425968109326,2.777777777777783,-0.05857488000000011
2024-12-23,4.2466788,4.27596624,4.0026168,4.04166672,38065312,160391433.58,3.7635,-4.387990762124694,6.829268292682916,-0.18548711999999945
2024-12-24,4.06119168,4.3443036,3.99285432,4.20762888,51445642,219822708.99,5.0864,4.106280193236711,8.801955990220042,0.16596215999999941
2024-12-25,4.16857896,4.22715384,4.01237928,4.09047912,32853107,137687815.07,3.2481,-2.7842227378190088,5.352798053527968,-0.11714975999999933
2024-12-26,4.06119168,4.11000408,4.04166672,4.06119168,25533898,106558283.06,2.5245,-0.7159904534606243,1.6908212560386504,-0.029287440000000053
2024-12-27,4.06119168,4.149054,4.04166672,4.11000408,29434166,123914281.02,2.9101,1.2019230769230838,2.657004830917857,0.04881240000000009
2024-12-30,4.1002416,4.11000408,3.94404192,3.96356688,31721852,129156110.24,3.1363,-3.562945368171022,4.207920792079216,-0.14643720000000027
2024-12-31,4.0026168,4.03190424,3.87570456,3.904992,26291180,106502983.0,2.5994,-1.4778325123152691,4.030226700251896,-0.05857488000000011
2025-01-02,3.88546704,3.98309184,3.79760472,3.84641712,29158740,116797529.72,2.8829,-1.5000000000000013,4.884318766066848,-0.05857488000000011
2025-01-03,3.84641712,3.86594208,3.59259264,3.60235512,35349664,133271243.6,3.495,-6.345177664974622,7.608695652173915,-0.244062
2025-01-06,3.6121176,3.69021744,3.48520536,3.64140504,23027872,85108535.2,2.2767,1.084010840108407,5.882352941176468,0.03904992000000007
2025-01-07,3.64140504,3.68045496,3.60235512,3.68045496,21810313,81432513.73,2.1564,1.072386058981234,2.1680216802168064,0.03904992000000007
2025-01-08,3.67069248,3.68045496,3.52425528,3.62188008,23244412,85628675.36,2.2981,-1.5915119363395291,4.432132963988915,-0.05857488000000011
2025-01-09,3.58283016,3.64140504,3.57306768,3.60235512,17470793,64555135.8,1.7273,-0.5390835579514808,1.9125683060109324,-0.019524960000000036
2025-01-10,3.59259264,3.6121176,3.44615544,3.45591792,18086212,65368637.44,1.7882,-4.0650406504065035,4.815864022662885,-0.14643719999999982
2025-01-13,3.416868,3.4656804,3.35829312,3.44615544,15684724,54954430.96,1.5507,-0.28248587570621764,3.197674418604657,-0.009762480000000018
2025-01-14,3.45591792,3.60235512,3.45591792,3.60235512,22279272,81091700.48,2.2027,4.532577903682711,4.237288135593215,0.15619967999999984
2025-01-15,3.58283016,3.64140504,3.54378024,3.59259264,16966560,62427849.8,1.6775,-0.27100271002710175,2.7548209366391236,-0.009762480000000018
2025-01-16,3.63164256,3.69021744,3.59259264,3.63164256,16992585,63425524.96,1.68,1.0869565217391353,2.717391304347831,0.03904992000000007
2025-01-17,3.63164256,3.66093,3.57306768,3.64140504,15367214,57151985.21,1.5193,0.26881720430107503,2.4590163934426275,0.009762480000000018
2025-01-20,3.65116752,3.73902984,3.62188008,3.69021744,20840372,78895718.84,2.0605,1.3404825737265424,3.2345013477089006,0.04881240000000009
2025-01-21,3.69997992,3.7097424,3.60235512,3.62188008,17575773,65661985.31,1.7377,-1.85185185185186,2.9810298102981085,-0.06833736000000012
2025-01-22,3.60235512,3.62188008,3.54378024,3.55354272,13371741,48864666.25,1.322,-1.8867924528301883,2.203856749311299,-0.06833736000000012
2025-01-23,3.59259264,3.68045496,3.59259264,3.59259264,17844918,66480678.94,1.7643,1.098901098901095,2.445652173913048,0.03904992000000007
2025-01-24,3.59259264,3.6121176,3.54378024,3.59259264,16018020,58816209.44,1.5837,0.0,1.9283746556473864,0.0
2025-01-27,3.63164256,3.69997992,3.60235512,3.62188008,17097549,63947469.34,1.6904,0.8152173913043459,2.7100271002710077,0.029287440000000053
2025-02-05,3.62188008,3.66093,3.58283016,3.60235512,15690001,58162029.39,1.5513,-0.5390835579514808,2.1798365122615846,-0.019524960000000036
2025-02-06,3.60235512,3.63164256,3.50473032,3.63164256,25899002,94950459.76,2.5606,0.8130081300812941,3.621169916434534,0.029287440000000053
2025-02-07,3.6121176,3.69997992,3.58283016,3.67069248,25884149,97120428.5,2.5591,1.0752688172043001,3.2697547683923767,0.03904992000000007
2025-02-10,3.69021744,3.71950488,3.66093,3.7097424,27309460,103459942.26,2.7001,1.0638297872340496,1.6000000000000028,0.03904992000000007
2025-02-11,3.69997992,3.72926736,3.62188008,3.66093,20427125,76467592.9,2.0196,-1.3157894736842146,2.964959568733159,-0.04881240000000009
2025-02-12,3.66093,3.69997992,3.63164256,3.68045496,20300292,76246481.39,2.0071,0.5333333333333412,1.8817204301075303,0.019524960000000036
2025-02-13,3.69021744,3.7585548,3.68045496,3.7097424,30404296,116117369.16,3.006,0.7957559681697646,2.122015915119367,0.029287440000000053
2025-02-14,3.71950488,3.7585548,3.63164256,3.65116752,22512432,85058234.12,2.2258,-1.5789473684210575,3.494623655913985,-0.05857488000000011
2025-02-17,3.65116752,3.71950488,3.63164256,3.69997992,20470028,77042656.68,2.0238,1.3368983957219305,2.419354838709682,0.04881240000000009
2025-02-18,3.69021744,3.69021744,3.5633052,3.5633052,23804254,88138668.38,2.3535,-3.693931398416894,3.561643835616445,-0.13667472000000025
2025-02-19,3.5633052,3.63164256,3.5633052,3.60235512,19358068,71341541.76,1.9139,1.0958904109588996,1.9178082191780859,0.03904992000000007
2025-02-20,3.59259264,3.67069248,3.54378024,3.59259264,25771892,94789084.68,2.548,-0.27100271002710175,3.581267217630861,-0.009762480000000018
2025-02-21,3.59259264,3.59259264,3.49496784,3.5144928,29356713,105928867.55,2.9025,-2.1739130434782483,2.7932960893854673,-0.0780998399999997
2025-02-24,3.52425528,3.7097424,3.5144928,3.68045496,49166924,182707750.36,4.8611,4.722222222222228,5.555555555555553,0.16596215999999986
2025-02-25,3.67069248,3.68045496,3.6121176,3.62188008,27793140,103491933.44,2.7479,-1.5915119363395291,1.8918918918918954,-0.05857488000000011
2025-02-26,3.60235512,3.68045496,3.60235512,3.63164256,22289538,83072637.32,2.2037,0.26954177897573484,2.1680216802168064,0.009762480000000018
2025-02-27,3.65116752,3.69997992,3.5633052,3.62188008,22446326,83284075.82,2.2192,-0.26881720430107503,3.8356164383561717,-0.009762480000000018
2025-02-28,3.6121176,3.63164256,3.54378024,3.54378024,18752089,68807392.51,1.854,-2.156334231805934,2.4793388429752112,-0.07809984000000014
2025-03-03,3.68045496,3.82689216,3.62188008,3.64140504,64920349,247908078.82,6.4186,2.754820936639124,5.660377358490564,0.09762480000000018
2025-03-04,3.6121176,3.65116752,3.5633052,3.63164256,29046013,107612336.23,2.8717,-0.2680965147453085,2.4657534246575388,-0.009762480000000018
2025-03-05,3.62188008,3.65116752,3.55354272,3.6121176,22533416,82990539.44,2.2279,-0.5376344086021501,2.7472527472527526,-0.019524960000000036
2025-03-06,3.6121176,3.64140504,3.57306768,3.62188008,22524089,83261309.89,2.2269,0.2702702702702675,1.9125683060109324,0.009762480000000018
2025-03-07,3.6121176,3.62188008,3.57306768,3.59259264,18828152,69312342.52,1.8615,-0.8086253369272267,1.3661202185792376,-0.029287440000000053
2025-03-10,3.59259264,3.69997992,3.58283016,3.69997992,38593600,144604179.79,3.8157,2.9891304347826164,3.2697547683923767,0.1073872800000002
2025-03-11,3.67069248,3.88546704,3.63164256,3.81712968,54493029,211312590.24,5.3877,3.16622691292876,6.989247311827958,0.11714975999999977
2025-03-12,3.8073672,3.84641712,3.7585548,3.8073672,30588272,119033273.68,3.0242,-0.2557544757033292,2.33766233766233,-0.009762480000000018
2025-03-13,3.78784224,3.8073672,3.71950488,3.7585548,27138364,104445850.84,2.6831,-1.2820512820512775,2.362204724409441,-0.048812399999999645
2025-03-14,3.7585548,3.82689216,3.71950488,3.81712968,26235673,101571803.5,2.5939,1.558441558441559,2.887139107611542,0.05857487999999966
2025-03-17,3.81712968,3.8561796,3.8073672,3.82689216,23417440,91990778.08,2.3153,0.2557544757033181,1.2820512820512844,0.009762480000000018
2025-03-18,3.81712968,3.83665464,3.77807976,3.8073672,17444539,67823844.03,1.7247,-0.5102040816326592,1.5503875968992278,-0.019524960000000036
2025-03-19,3.79760472,3.81712968,3.7585548,3.77807976,13643492,52774823.04,1.3489,-0.7692307692307665,1.5584415584415494,-0.029287440000000053
2025-03-20,3.77807976,3.81712968,3.76831728,3.79760472,13704897,53327155.01,1.355,0.5167958656330685,1.2953367875647575,0.019524960000000036
2025-03-21,3.78784224,3.82689216,3.74879232,3.78784224,19003285,73874394.02,1.8788,-0.25706940874036244,2.083333333333325,-0.009762480000000018
2025-03-24,3.7585548,3.79760472,3.63164256,3.7097424,26779974,101495106.88,2.6477,-2.0618556701030855,4.5698924731182755,-0.0780998399999997
2025-03-25,3.69997992,3.7585548,3.67069248,3.74879232,17874268,68020271.04,1.7672,1.0526315789473717,2.3936170212766004,0.03904992000000007
2025-03-26,3.73902984,3.78784224,3.71950488,3.78784224,18196724,70124958.64,1.7991,1.0416666666666519,1.8372703412073403,0.03904991999999963
2025-03-27,3.76831728,3.78784224,3.69021744,3.71950488,17934224,68459794.2,1.7731,-1.8041237113401998,2.6455026455026385,-0.06833735999999968
2025-03-28,3.7097424,3.7097424,3.63164256,3.64140504,19178104,71945148.8,1.8961,-2.099737532808399,2.150537634408606,-0.07809984000000014
2025-03-31,3.66093,3.71950488,3.59259264,3.6121176,25566076,95435216.96,2.5277,-0.8042895442359255,3.5326086956521805,-0.029287440000000053
2025-04-01,3.62188008,3.7585548,3.62188008,3.68045496,23533913,88793566.14,2.3268,1.8918918918918948,3.773584905660384,0.06833736000000012
2025-04-02,3.68045496,3.69997992,3.64140504,3.66093,15392153,57829394.15,1.5218,-0.5305039787798393,1.6085790884718527,-0.019524960000000036
2025-04-03,3.62188008,3.73902984,3.6121176,3.72926736,25212568,95572337.44,2.4927,1.866666666666661,3.51351351351352,0.06833736000000012
2025-04-07,3.58283016,3.59259264,3.35829312,3.35829312,31738396,111093357.4,3.1379,-9.947643979057597,6.976744186046512,-0.37097424000000023
2025-04-08,3.35829312,3.4656804,3.25090584,3.37781808,36871820,126601934.56,3.6455,0.5813953488372103,6.606606606606605,0.019524960000000036
2025-04-09,3.2704308,3.44615544,3.09470616,3.42663048,38905644,130895236.76,3.8466,1.4450867052023142,11.356466876971616,0.04881240000000009
2025-04-10,3.44615544,3.54378024,3.42663048,3.53401776,34800504,124846873.88,3.4407,3.1339031339031376,3.418803418803412,0.10738727999999975
2025-04-11,3.48520536,3.57306768,3.47544288,3.5144928,28102038,101258232.48,2.7784,-0.5524861878452914,2.808988764044936,-0.01952495999999959
2025-04-14,3.5144928,3.69021744,3.5144928,3.60235512,32407575,120176294.65,3.2041,2.499999999999991,4.9999999999999964,0.08786231999999972
2025-04-15,3.60235512,3.62188008,3.54378024,3.5633052,16633628,60735624.6,1.6445,-1.084010840108407,2.203856749311299,-0.03904992000000007
2025-04-16,3.55354272,3.71950488,3.54378024,3.64140504,38410520,143046240.2,3.7976,2.1917808219178214,4.9586776859504225,0.07809984000000014
2025-04-17,3.62188008,3.72926736,3.59259264,3.69997992,28445484,107349397.52,2.8124,1.608579088471851,3.8043478260869636,0.05857488000000011
2025-04-18,3.66093,3.76831728,3.66093,3.73902984,29655108,112858180.08,2.932,1.055408970976246,2.933333333333339,0.03904992000000007
2025-04-21,3.73902984,3.76831728,3.69021744,3.71950488,21823436,83240896.8,2.1577,-0.5221932114882533,2.1164021164021203,-0.019524960000000036
2025-04-22,3.7097424,3.84641712,3.69997992,3.83665464,32419912,125581813.52,3.2053,3.149606299212593,3.9577836411609453,0.11714975999999977
2025-04-23,3.83665464,3.97332936,3.76831728,3.78784224,58832820,231452354.28,5.8167,-1.2722646310432628,5.440414507772019,-0.04881240000000009
2025-04-24,3.79760472,3.81712968,3.68045496,3.7097424,37096104,141398179.8,3.6676,-2.0618556701030855,3.7135278514588803,-0.0780998399999997
2025-04-25,3.7097424,3.77807976,3.69997992,3.7585548,35660816,136693952.6,3.5257,1.3157894736842035,2.1108179419524986,0.04881240000000009
2025-04-28,3.7585548,3.86594208,3.69997992,3.76831728,39970068,155556198.81,3.9518,0.25974025974027093,4.485488126649073,0.009762480000000018
2025-04-29,3.77807976,3.89522952,3.68045496,3.72926736,48733340,188586572.22,4.8182,-1.0362694300518172,5.835543766578248,-0.03904992000000007
2025-04-30,3.7585548,3.79760472,3.7097424,3.7585548,48731937,187638701.33,4.8181,0.7853403141361293,2.368421052631571,0.029287440000000053
2025-05-06,3.8073672,3.8073672,3.59259264,3.7097424,93556533,350082208.72,9.2498,-1.2987012987012991,5.978260869565216,-0.04881240000000009
2025-05-07,3.7097424,3.78784224,3.63164256,3.66093,60224840,228254374.12,5.9544,-1.3157894736842146,4.3010752688172,-0.04881240000000009
2025-05-08,3.66093,3.97332936,3.62188008,3.78784224,76494019,295865150.72,7.5629,3.4666666666666623,9.70350404312669,0.1269122399999998
2025-05-09,3.77807976,3.81712968,3.66093,3.67069248,54762548,208375722.92,5.4143,-3.092783505154628,4.266666666666662,-0.11714975999999977
2025-05-12,3.67069248,3.69021744,3.59259264,3.63164256,41838966,155298648.36,4.1366,-1.0638297872340496,2.717391304347831,-0.03904992000000007
2025-05-13,3.64140504,3.69997992,3.62188008,3.66093,28994928,108571762.6,2.8667,0.8064516129032251,2.1563342318059338,0.029287440000000053
2025-05-14,3.63164256,3.72926736,3.59259264,3.67069248,34202931,127846691.11,3.3816,0.2666666666666595,3.8043478260869636,0.009762480000000018
2025-05-15,3.66093,3.7585548,3.6121176,3.69021744,54338740,205840632.68,5.3724,0.5319148936170137,4.0540540540540615,0.019524960000000036
2025-05-16,3.65116752,3.68045496,3.60235512,3.6121176,38971630,144744849.77,3.8531,-2.1164021164021163,2.1680216802168064,-0.07809984000000014
2025-05-19,3.6121176,3.64140504,3.5633052,3.6121176,20528794,75913255.9,2.0297,0.0,2.1917808219178125,0.0
2025-05-20,3.60235512,3.62188008,3.59259264,3.6121176,16912796,62498400.36,1.6721,0.0,0.8152173913043493,0.0
2025-05-21,3.60235512,3.6121176,3.57306768,3.58283016,18459444,67822041.25,1.8251,-0.8108108108108136,1.09289617486339,-0.029287440000000053
2025-05-22,3.58283016,3.58283016,3.49496784,3.49496784,20936772,75622860.04,2.07,-2.4523160762942697,2.513966480446919,-0.08786231999999972
2025-05-23,3.49496784,3.5144928,3.44615544,3.44615544,14478212,51606673.28,1.4314,-1.3966480446927387,1.9830028328611933,-0.04881240000000009
2025-05-26,3.44615544,3.47544288,3.42663048,3.45591792,11689288,41308370.52,1.1557,0.28328611898016387,1.4245014245014271,0.009762480000000018
2025-05-27,3.45591792,3.4656804,3.43639296,3.44615544,9925916,35060302.68,0.9814,-0.28248587570621764,0.8522727272727287,-0.009762480000000018
2025-05-28,3.45591792,3.4656804,3.42663048,3.44615544,8147320,28752570.72,0.8055,0.0,1.1396011396011418,0.0
2025-05-29,3.45591792,3.48520536,3.43639296,3.47544288,11287640,40116569.8,1.116,0.8498583569405138,1.420454545454548,0.029287440000000053
2025-05-30,3.47544288,3.48520536,3.43639296,3.4656804,12406004,43980231.72,1.2266,-0.2808988764044895,1.420454545454548,-0.009762480000000018
2025-06-03,3.45591792,3.47544288,3.44615544,3.4656804,7401360,26260873.4,0.7318,0.0,0.8498583569405114,0.0
2025-06-04,3.47544288,3.50473032,3.45591792,3.50473032,8637543,30810890.51,0.854,1.1267605633802802,1.412429378531076,0.03904992000000007
2025-06-05,3.49496784,3.50473032,3.47544288,3.48520536,7143070,25508133.76,0.7062,-0.5571030640668551,0.8426966292134846,-0.019524960000000036
2025-06-06,3.48520536,3.5144928,3.47544288,3.49496784,7672504,27451482.56,0.7586,0.2801120448179262,1.1235955056179796,0.009762480000000018
2025-06-09,3.49496784,3.50473032,3.47544288,3.50473032,8245964,29490120.76,0.8153,0.27932960893854997,0.8426966292134846,0.009762480000000018
2025-06-10,3.50473032,3.50473032,3.42663048,3.45591792,12627292,44838723.76,1.2484,-1.392757660167132,2.2792022792022837,-0.04881240000000009
2025-06-11,3.45591792,3.48520536,3.44615544,3.4656804,6422673,22825339.15,0.635,0.28248587570620654,1.133144475920682,0.009762480000000018
2025-06-12,3.45591792,3.4656804,3.42663048,3.44615544,9201899,32465083.72,0.9098,-0.5633802816901401,1.1396011396011418,-0.019524960000000036
2025-06-13,3.43639296,3.43639296,3.35829312,3.37781808,12948800,44956044.0,1.2802,-1.9830028328611915,2.325581395348842,-0.06833736000000012
2025-06-16,3.34853064,3.38758056,3.33876816,3.37781808,7447161,25732146.67,0.7363,0.0,1.46198830409357,0.0
2025-06-17,3.38758056,3.39734304,3.3680556,3.37781808,5777300,19996805.0,0.5712,0.0,0.8695652173913059,0.0
2025-06-18,3.3680556,3.37781808,3.32900568,3.33876816,7470287,25591801.22,0.7386,-1.1560693641618491,1.4662756598240496,-0.03904992000000007
2025-06-19,3.32900568,3.34853064,3.2704308,3.2704308,10985772,37102843.84,1.0861,-2.0467836257309857,2.3880597014925278,-0.06833735999999968
2025-06-20,3.28019328,3.3192432,3.2704308,3.29971824,8606387,29041604.68,0.8509,0.8955223880596996,1.4925373134328248,0.02928743999999961
2025-06-23,3.2704308,3.35829312,3.26066832,3.32900568,9350773,31713541.39,0.9245,0.8875739644970349,2.994011976047896,0.029287440000000053
2025-06-24,3.35829312,3.416868,3.34853064,3.40710552,13798917,47859933.36,1.3643,2.346041055718473,2.040816326530616,0.07809984000000014
2025-06-25,3.40710552,3.416868,3.37781808,3.416868,9334184,32540250.44,0.9229,0.2865329512893977,1.1560693641618518,0.009762480000000018
2025-06-26,3.416868,3.416868,3.38758056,3.39734304,7530980,26253580.4,0.7446,-0.5714285714285672,0.8645533141210391,-0.019524960000000036
2025-06-27,3.416868,3.45591792,3.40710552,3.44615544,13511884,47612597.68,1.3359,1.4367816091954033,1.432664756446994,0.04881240000000009
2025-06-30,3.44615544,3.4656804,3.43639296,3.45591792,8270864,29206795.28,0.8177,0.28328611898016387,0.8522727272727287,0.009762480000000018
2025-07-01,3.45591792,3.4656804,3.43639296,3.4656804,9158648,32355408.88,0.9055,0.28248587570620654,0.8522727272727287,0.009762480000000018
2025-07-02,3.4656804,3.47544288,3.44615544,3.47544288,9299391,32984753.08,0.9194,0.28169014084507005,0.8498583569405114,0.009762480000000018
2025-07-03,3.48531726,3.5050641,3.46557042,3.47544384,9083800,32002503.0,0.8981,2.762237887310448e-05,1.1396011396011292,9.599999999387876e-07
2025-07-04,3.47544384,3.49519068,3.455697,3.47544384,8841904,31117253.2,0.8742,0.0,1.1428571428571455,0.0
2025-07-07,3.455697,3.5050641,3.455697,3.5050641,11313330,40019192.44,1.1185,0.8522727272727293,1.4285714285714286,0.029620259999999732
2025-07-08,3.5050641,3.53468436,3.49519068,3.53468436,11564658,41197716.54,1.1434,0.8450704225352101,1.1299435028248614,0.029620260000000176
2025-07-09,3.53468436,3.5544312,3.51493752,3.5544312,12449990,44659084.18,1.2309,0.5586592178770999,1.1235955056179672,0.01974683999999982
2025-07-10,3.5544312,3.6037983,3.54455778,3.59392488,14409053,52178531.93,1.4246,1.1111111111111072,1.6713091922005545,0.039493680000000086
2025-07-11,3.59392488,3.61367172,3.5544312,3.58405146,11956028,43375566.0,1.1821,-0.27472527472527375,1.6666666666666767,-0.00987341999999991
2025-07-14,3.58405146,3.61367172,3.57417804,3.61367172,10858190,39614223.56,1.0735,0.8264462809917328,1.10497237569061,0.029620260000000176
2025-07-15,3.61367172,3.62354514,3.53468436,3.57417804,14883688,53751072.92,1.4715,-1.0928961748633892,2.5139664804469297,-0.039493680000000086
2025-07-16,3.57417804,3.59392488,3.5544312,3.57417804,10204756,36943332.92,1.0089,0.0,1.1111111111111136,0.0
2025-07-17,3.57417804,3.59392488,3.54455778,3.56430462,10647608,38451962.4,1.0527,-0.2762430939226457,1.392757660167131,-0.00987341999999991
2025-07-18,3.57417804,3.58405146,3.54455778,3.56430462,10178232,36716754.28,1.0063,0.0,1.1142061281337072,0.0
2025-07-21,3.61367172,3.77164644,3.61367172,3.7518996,61239278,228694061.24,6.0547,5.263157894736836,4.371584699453549,0.18759497999999963
2025-07-22,3.7518996,4.02835536,3.6531654,3.98886168,104531838,407015567.44,10.3349,6.315789473684208,10.270270270270276,0.23696208000000007
2025-07-23,4.1468364,4.37392506,3.98886168,3.9987351,165615158,702482066.75,16.3742,0.24752475247524774,9.653465346534666,0.009873420000000355
2025-07-24,3.87038064,4.12708956,3.79139328,3.949368,89682138,356520569.89,8.8668,-1.2345679012345623,8.854166666666668,-0.0493671
2025-07-25,3.87038064,3.9000009,3.77164644,3.79139328,60205443,232221259.88,5.9524,-4.0000000000000036,3.403141361256549,-0.15797472000000035
2025-07-28,3.77164644,3.8012667,3.73215276,3.76177302,37485660,142526337.0,3.7062,-0.7812499999999889,1.851851851851859,-0.029620259999999732
2025-07-29,3.76177302,3.76177302,3.68278566,3.74202618,29370558,110613692.3,2.9038,-0.5249343832021025,2.144772117962471,-0.019746840000000265
2025-07-30,3.74202618,3.77164644,3.72227934,3.73215276,24996520,94798347.96,2.4714,-0.26385224274405594,1.326259946949602,-0.00987341999999991
2025-07-31,3.72227934,3.7518996,3.68278566,3.7025325,22653830,85076967.9,2.2398,-0.7936507936508019,1.8766756032171532,-0.029620260000000176
2025-08-01,3.7025325,3.72227934,3.67291224,3.71240592,17507727,65592238.43,1.731,0.2666666666666817,1.3440860215053763,0.009873420000000355
2025-08-04,3.69265908,3.7025325,3.67291224,3.7025325,12761680,47689016.6,1.2617,-0.26595744680851796,0.8064516129032185,-0.009873420000000355
2025-08-05,3.7025325,3.73215276,3.69265908,3.73215276,16524192,62185110.56,1.6337,0.8000000000000007,1.0695187165775424,0.029620260000000176
2025-08-06,3.73215276,3.74202618,3.69265908,3.7025325,19187432,72052055.8,1.897,-0.7936507936508019,1.3368983957219251,-0.029620260000000176
2025-08-07,3.8506338,4.05797562,3.83088696,3.89012748,83507737,330131195.19,8.2563,5.066666666666664,5.927835051546385,0.18759498000000008
2025-08-08,3.8012667,3.97898826,3.79139328,3.9000009,58347610,229149154.56,5.7688,0.2538071065989911,4.94791666666667,0.009873420000000355
2025-08-11,3.95924142,3.9987351,3.90987432,3.96911484,51901749,208432503.97,5.1315,1.7721518987341645,2.2727272727272747,0.06911393999999982
2025-08-12,3.96911484,3.97898826,3.90987432,3.93949458,35381619,141109057.07,3.4981,-0.7462686567164201,1.767676767676763,-0.029620260000000176
2025-08-13,3.949368,3.95924142,3.89012748,3.9000009,28967889,114595208.94,2.864,-1.0025062656641492,1.7766497461929,-0.03949367999999964
2025-08-14,3.89012748,3.93949458,3.8506338,3.90987432,36874989,145502489.08,3.6458,0.25316455696202667,2.307692307692298,0.00987341999999991
2025-08-15,3.9000009,3.92962116,3.89012748,3.92962116,21750463,86219971.12,2.1504,0.5050505050504972,1.0152284263959412,0.01974683999999982
2025-08-18,3.91974774,3.949368,3.91974774,3.949368,30423930,121264708.82,3.008,0.5025125628140836,0.7556675062972337,0.019746840000000265
2025-08-19,3.95924142,3.95924142,3.91974774,3.92962116,19884724,79192911.56,1.966,-0.5000000000000115,1.0075566750629745,-0.019746840000000265
2025-08-20,3.92962116,3.92962116,3.89012748,3.92962116,19540371,77401903.57,1.9319,0.0,1.0152284263959412,0.0
2025-08-21,3.93949458,3.9987351,3.91974774,3.97898826,35245899,141641922.05,3.4847,1.2562814070351758,2.015113350125949,0.0493671
2025-08-22,3.95924142,3.96911484,3.93949458,3.96911484,21805658,87272782.73,2.1559,-0.2481389578163795,0.7518796992481248,-0.00987341999999991
2025-08-25,3.949368,3.9987351,3.949368,3.9987351,30698518,123732705.28,3.0351,0.7462686567164312,1.25,0.029620260000000176
2025-08-26,3.9987351,4.05797562,3.97898826,4.0481022,29511890,120524090.59,2.9178,1.2345679012345512,1.9851116625310103,0.04936709999999955
2025-08-27,4.0481022,4.05797562,3.949368,3.949368,31174204,126201302.04,3.0822,-2.4390243902438935,2.7499999999999862,-0.09873419999999955
2025-08-28,3.949368,4.02835536,3.93949458,4.02835536,39897491,161139996.25,3.9446,2.0000000000000018,2.255639097744363,0.07898735999999973
2025-08-29,4.02835536,4.20607692,4.01848194,4.12708956,51366174,213768168.47,5.0785,2.450980392156854,4.66830466830467,0.0987342
2025-09-01,4.12708956,4.13696298,4.06784904,4.10734272,28617700,118783667.36,2.8294,-0.4784688995215225,1.6990291262135988,-0.01974683999999982
2025-09-02,4.10734272,4.11721614,4.03822878,4.07772246,26617556,109752763.08,2.6316,-0.7211538461538436,1.9559902200489043,-0.029620259999999732
2025-09-03,4.06784904,4.08759588,3.95924142,3.97898826,28524582,115637886.49,2.8202,-2.421307506053283,3.2418952618453907,-0.09873420000000044
2025-09-04,3.95924142,3.9987351,3.90987432,3.97898826,25188179,101099880.2,2.4903,0.0,2.2727272727272747,0.0
2025-09-05,3.97898826,4.0974693,3.93949458,4.0974693,39124802,159663629.74,3.8682,2.977667493796532,4.01002506265665,0.11848104000000026
2025-09-08,4.02835536,4.05797562,3.9987351,4.0481022,27401935,111939646.53,2.7092,-1.2048192771084487,1.481481481481468,-0.04936710000000044
2025-09-09,4.03822878,4.0481022,3.9987351,4.00860852,17260320,70240312.16,1.7065,-0.9756097560975507,1.2345679012345567,-0.03949367999999964
2025-09-10,4.00860852,4.02835536,3.9987351,4.01848194,12610695,51241923.06,1.2468,0.24630541871921707,0.740740740740734,0.00987341999999991
2025-09-11,4.01848194,4.07772246,3.9987351,4.07772246,23145842,94668750.98,2.2884,1.4742014742014753,1.9753086419753128,0.05924052000000035
2025-09-12,4.07772246,4.1468364,4.06784904,4.12708956,31851674,132736634.88,3.1491,1.2106537530266248,1.9417475728155382,0.04936709999999955
2025-09-15,4.11721614,4.16658324,4.08759588,4.15670982,26609021,111359459.75,2.6308,0.7177033492822948,1.9323671497584363,0.029620259999999732
2025-09-16,4.18633008,4.1962035,4.10734272,4.13696298,32713764,137210638.99,3.2344,-0.47505938242279333,2.1634615384615405,-0.01974683999999982
2025-09-17,4.13696298,4.1468364,4.10734272,4.13696298,22467746,94025570.89,2.2214,0.0,0.9615384615384528,0.0
2025-09-18,4.12708956,4.17645666,4.06784904,4.0974693,29654618,123861576.42,2.9319,-0.9546539379474805,2.669902912621379,-0.03949367999999964
2025-09-19,4.0974693,4.12708956,4.0481022,4.07772246,23947770,98952517.54,2.3677,-0.48192771084336616,1.9512195121951263,-0.01974683999999982
2025-09-22,4.06784904,4.07772246,3.949368,3.96911484,28928516,117244164.16,2.8601,-2.6634382566586012,3.2500000000000044,-0.10860762000000035
2025-09-23,3.96911484,3.97898826,3.88025406,3.95924142,26287301,104537176.39,2.599,-0.24875621890546595,2.5445292620865136,-0.00987341999999991
2025-09-24,3.949368,3.98886168,3.92962116,3.98886168,13074084,52538376.0,1.2926,0.7481296758104605,1.5075376884422087,0.029620259999999732
2025-09-25,3.97898826,3.9987351,3.949368,3.96911484,14340544,57681260.08,1.4178,-0.4950495049504955,1.25,-0.01974683999999982
2025-09-26,3.95924142,4.02835536,3.949368,3.98886168,12750918,51628129.04,1.2607,0.4975124378109319,1.9999999999999931,0.01974683999999982
2025-09-29,3.98886168,4.06784904,3.949368,4.06784904,21037894,85630331.28,2.08,1.980198019801982,2.999999999999984,0.07898735999999973
2025-09-30,4.05797562,4.08759588,4.03822878,4.07772246,15170245,62500048.24,1.4999,0.24271844660195274,1.2224938875305733,0.009873420000000799
2025-10-09,4.07772246,4.08759588,4.01848194,4.05797562,22089598,90484245.36,2.184,-0.4842615012106699,1.7199017199017266,-0.01974684000000071
2025-10-10,4.0481022,4.11721614,4.03822878,4.0974693,28344573,117627953.76,2.8024,0.9732360097323811,1.9559902200489043,0.03949368000000053
2025-10-13,3.98886168,4.10734272,3.97898826,4.08759588,22257842,91329707.44,2.2006,-0.24096385542168308,3.2258064516129075,-0.00987341999999991
2025-10-14,4.08759588,4.10734272,4.06784904,4.08759588,19104504,79098236.6,1.8888,0.0,0.9708737864077801,0.0
2025-10-15,4.08759588,4.10734272,4.06784904,4.0974693,19651518,81347747.52,1.9429,0.24154589371980784,0.9708737864077801,0.00987341999999991
2025-10-16,4.0974693,4.0974693,4.0481022,4.05797562,14429677,59477180.67,1.4266,-0.9638554216867545,1.2195121951219623,-0.03949368000000053
2025-10-17,4.05797562,4.10734272,4.0481022,4.05797562,22207704,91722683.44,2.1956,0.0,1.4634146341463503,0.0
2025-10-20,4.06784904,4.08759588,4.0481022,4.07772246,13604430,55946343.96,1.3451,0.48661800486620166,0.9756097560975742,0.01974684000000071
2025-10-21,4.06784904,4.12708956,4.06784904,4.11721614,26448417,110028389.55,2.6149,0.9685230024212954,1.4563106796116592,0.03949367999999964
2025-10-22,4.13696298,4.36405164,4.13696298,4.28506428,69047015,297230677.74,6.8266,4.076738609112707,5.489260143198084,0.16784814000000026
2025-10-23,4.22582376,4.26531744,4.15670982,4.22582376,35613155,151515070.17,3.521,-1.382488479262678,2.6128266033254137,-0.05924052000000035
2025-10-24,4.21595034,4.21595034,4.11721614,4.11721614,31138690,130676710.5,3.0786,-2.5700934579439227,2.3980815347721824,-0.1086076199999999
2025-10-27,4.1468364,4.1468364,4.0974693,4.11721614,21020518,87569731.72,2.0783,0.0,1.2048192771084227,0.0
2025-10-28,4.10734272,4.1962035,4.0974693,4.15670982,29168700,122727350.76,2.8839,0.9592326139088669,2.4096385542168672,0.03949367999999964
2025-10-29,4.1468364,4.22582376,4.11721614,4.17645666,24334521,102811491.39,2.4059,0.47505938242282664,2.6378896882493983,0.01974684000000071
2025-10-30,4.15670982,4.17645666,4.12708956,4.12708956,20408279,85671752.92,2.0177,-1.1820330969267268,1.1961722488038384,-0.04936710000000044
2025-10-31,4.12708956,4.16658324,4.10734272,4.13696298,16497144,69051703.28,1.6311,0.23923444976077235,1.4423076923076792,0.00987341999999991
2025-11-03,4.13696298,4.1962035,4.13696298,4.16658324,17072768,72029939.54,1.688,0.7159904534606243,1.4319809069212497,0.029620259999999732
2025-11-04,4.16658324,4.21595034,4.15670982,4.20607692,21660344,91975726.24,2.1415,0.9478672985782088,1.425178147268417,0.03949368000000053
2025-11-05,4.1962035,4.3443048,4.17645666,4.33443138,50393948,219548723.16,4.9824,3.0516431924882514,4.0189125295508115,0.12835445999999973
2025-11-06,4.30481112,4.32455796,4.23569718,4.25544402,29224338,126144403.04,2.8894,-1.8223234624145879,2.0979020979021,-0.07898736000000017
2025-11-07,4.25544402,4.3443048,4.2455706,4.30481112,22498462,97998546.72,2.2244,1.1600928074245953,2.3255813953488373,0.04936710000000044
2025-11-10,4.31468454,4.32455796,4.2455706,4.2949377,18382252,79920015.6,1.8174,-0.2293577981651307,1.860465116279074,-0.00987341999999991
2025-11-11,4.28506428,4.41341874,4.28506428,4.37392506,25648032,113424359.88,2.5358,1.839080459770126,2.995391705069118,0.07898736000000017
2025-11-12,4.37392506,4.41341874,4.33443138,4.37392506,17175076,75966015.84,1.6981,0.0,1.8223234624145828,0.0
2025-11-13,4.40354532,4.40354532,4.33443138,4.38379848,21043096,93132325.48,2.0805,0.22573363431150906,1.5945330296127622,0.00987341999999991
2025-11-14,4.38379848,4.52202636,4.37392506,4.43316558,27184888,123028226.44,2.6877,1.1261261261261257,3.3860045146726754,0.04936709999999955
2025-11-17,4.43316558,4.47265926,4.40354532,4.41341874,16876580,75726144.16,1.6686,-0.44543429844097204,1.569506726457405,-0.01974683999999982
2025-11-18,4.41341874,4.43316558,4.27519086,4.32455796,29397788,129070931.36,2.9065,-2.0134228187919434,3.695150115473428,-0.08886078000000008
2025-11-19,4.32455796,4.37392506,4.2455706,4.26531744,18603134,80803632.74,1.8393,-1.3698630136986356,3.023255813953503,-0.05924052000000035
2025-11-20,4.26531744,4.2949377,4.21595034,4.2455706,16958420,72885026.3,1.6767,-0.4629629629629539,1.873536299765812,-0.01974683999999982
2025-11-21,4.21595034,4.22582376,4.05797562,4.06784904,33322392,139434144.74,3.2945,-4.186046511627916,4.136253041362537,-0.17772156000000017
2025-11-24,4.0974693,4.12708956,4.06784904,4.0974693,16384897,68048711.71,1.62,0.728155339805836,1.4563106796116592,0.02962026000000062
2025-11-25,4.11721614,4.17645666,4.0974693,4.15670982,19756462,83024704.26,1.9533,1.4457831325300985,1.927710843373498,0.059240519999999464
2025-11-26,4.16658324,4.2455706,4.1468364,4.18633008,19678797,83812395.83,1.9456,0.7125890736342289,2.380952380952381,0.02962026000000062
2025-11-27,4.15670982,4.16658324,4.10734272,4.12708956,17807328,74512383.64,1.7606,-1.4150943396226467,1.4423076923076792,-0.05924052000000035
2025-11-28,4.11721614,4.13696298,4.07772246,4.13696298,15501202,64551487.66,1.5326,0.23923444976077235,1.452784503631948,0.00987341999999991
2025-12-01,4.13696298,4.41341874,4.12708956,4.32455796,63540106,276748765.86,6.2821,4.534606205250591,6.937799043062203,0.18759498000000008
2025-12-02,4.21595034,4.3443048,4.15670982,4.32455796,51144600,220994335.96,5.0566,0.0,4.51306413301663,0.0
2025-12-03,4.30481112,4.36405164,4.27519086,4.30481112,27807888,121550905.24,2.7493,-0.45662100456620447,2.0785219399537915,-0.01974683999999982
2025-12-04,4.2949377,4.32455796,4.23569718,4.23569718,18476972,79828843.2,1.8268,-1.6055045871559703,2.0979020979021,-0.06911394000000026
2025-12-05,4.2455706,4.3936719,4.22582376,4.35417822,25378133,110693261.06,2.5091,2.7972027972027913,3.971962616822436,0.11848103999999982
2025-12-08,4.41341874,4.75898844,4.41341874,4.53189978,106962407,495146382.0,10.5752,4.081632653061229,7.829977628635357,0.17772156000000017
2025-12-09,4.53189978,4.53189978,4.35417822,4.40354532,61004842,272750136.32,6.0315,-2.8322440087145906,4.081632653061228,-0.12835445999999973
2025-12-10,4.3936719,4.4924061,4.28506428,4.37392506,53749140,236769337.39,5.3141,-0.6726457399103047,4.838709677419352,-0.029620259999999732
2025-12-11,4.3936719,4.5417732,4.30481112,4.31468454,44831030,199125418.26,4.4324,-1.3544018058690876,5.504587155963294,-0.05924052000000035
2025-12-12,4.2949377,4.4924061,4.25544402,4.3443048,49917346,221947062.96,4.9353,0.686498855835227,5.568445475638064,0.029620259999999732
2025-12-15,4.2949377,4.3443048,4.2455706,4.31468454,34165376,148665851.08,3.3779,-0.6818181818181723,2.3255813953488373,-0.029620259999999732
2025-12-16,4.25544402,4.27519086,4.0974693,4.10734272,41671679,175773227.91,4.12,-4.8054919908466776,4.337349397590366,-0.2073418199999999
2025-12-17,4.11721614,4.1468364,4.03822878,4.08759588,27095999,112088769.99,2.6789,-0.48076923076922906,2.689486552567235,-0.01974683999999982
2025-12-18,4.06784904,4.11721614,4.05797562,4.07772246,16478167,68334130.83,1.6292,-0.24154589371980784,1.459854014598549,-0.00987341999999991
2025-12-19,4.08759588,4.16658324,4.07772246,4.15670982,21165479,88573028.51,2.0926,1.9370460048425908,2.179176755447922,0.07898735999999928
2025-12-22,4.16658324,4.18633008,4.13696298,4.17645666,16079697,67840786.53,1.5898,0.47505938242282664,1.1933174224343783,0.01974684000000071
2025-12-23,4.16658324,4.20607692,4.12708956,4.17645666,20758666,87501163.26,2.0478,0.0,1.9138755980861284,0.0
2025-12-24,4.16658324,4.22582376,4.15670982,4.22582376,19265608,82001346.88,1.9005,1.1820330969267046,1.6627078384798166,0.04936709999999955
2025-12-25,4.22582376,4.23569718,4.18633008,4.23569718,17450184,74537979.12,1.7214,0.2336448598130758,1.1792452830188571,0.00987341999999991
2025-12-26,4.25544402,4.27519086,4.21595034,4.23569718,18150264,78101275.52,1.7905,0.0,1.4051522248243642,0.0
2025-12-29,4.1962035,4.26531744,4.1962035,4.22582376,17320626,74112101.96,1.7087,-0.2331002331002363,1.6470588235293966,-0.00987341999999991
2025-12-30,4.20607692,4.21595034,4.13696298,4.16658324,21628332,91331007.36,2.1336,-1.4018691588785104,1.9093078758949924,-0.05924052000000035
2025-12-31,4.17645666,4.31468454,4.11721614,4.27519086,41457880,177709874.1,4.0898,2.6066350710900688,4.796163069544365,0.10860762000000079
2026-01-05,4.32455796,4.36405164,4.26531744,4.28506428,32324675,140919322.07,3.1888,0.23094688221709792,2.314814814814815,0.00987341999999991
2026-01-06,4.28506428,4.31468454,4.27519086,4.28506428,28250060,122831283.48,2.7868,0.0,0.9237875288683518,0.0
2026-01-07,4.2949377,4.3443048,4.28506428,4.31468454,21483368,93756889.4,2.1193,0.691244239631339,1.3824884792626602,0.029620259999999732
2026-01-08,4.2949377,4.3936719,4.2949377,4.37392506,27723683,122182530.22,2.7349,1.3729977116704983,2.298850574712643,0.05924052000000035
2026-01-09,4.3936719,4.46278584,4.37392506,4.443039,34792057,155762896.57,3.4322,1.5801354401805634,2.0316027088035935,0.06911393999999937
2026-01-12,4.55164662,4.76886186,4.4924061,4.58126688,77719489,363399459.9,7.6669,3.111111111111131,6.153846153846157,0.13822788000000052
2026-01-13,4.60101372,4.62076056,4.47265926,4.4924061,46636243,213890080.77,4.6006,-1.93965517241379,3.311258278145685,-0.08886078000000008
2026-01-14,4.51215294,4.7886087,4.47265926,4.62076056,77496921,361525117.55,7.645,2.857142857142847,7.064017660044144,0.12835445999999973
2026-01-15,4.5911403,4.60101372,4.46278584,4.48253268,40441996,184511178.04,3.9896,-2.991452991452981,3.0973451327433748,-0.13822787999999964
2026-01-16,4.51215294,4.62076056,4.50227952,4.53189978,31989622,147090716.16,3.1557,1.1013215859030812,2.631578947368417,0.04936709999999955
2026-01-19,4.52202636,4.61088714,4.47265926,4.61088714,28361216,131116497.86,2.7978,1.7429193899782147,3.090507726269307,0.07898736000000017
2026-01-20,4.82810238,4.96633026,4.7886087,4.8379758,150533100,740863530.0,14.8499,4.925053533190571,3.7113402061855707,0.22708865999999972
2026-01-21,4.81822896,4.82810238,4.75898844,4.7886087,97957433,475722080.8,9.6634,-1.0204081632652962,1.4522821576763352,-0.04936709999999955
2026-01-22,4.31468454,4.43316558,4.31468454,4.42329216,108353049,480354927.91,10.6889,-7.62886597938145,2.7459954233409567,-0.36531654000000024
2026-01-23,4.36405164,4.42329216,4.35417822,4.41341874,51996461,231398428.94,5.1294,-0.22321428571427937,1.5873015873015934,-0.00987341999999991
2026-01-26,4.41341874,4.41341874,4.35417822,4.37392506,39783631,176665419.02,3.9246,-0.8948545861297452,1.360544217687083,-0.03949367999999964
2026-01-27,4.36405164,4.37392506,4.26531744,4.33443138,25231722,110148755.62,2.4891,-0.9029345372460584,2.5462962962963154,-0.03949368000000053
2026-01-28,4.32455796,4.33443138,4.28506428,4.30481112,19296901,84128853.53,1.9036,-0.6833712984054663,1.1520737327188835,-0.029620259999999732
2026-01-29,4.2949377,4.30481112,4.25544402,4.27519086,20781220,90092093.29,2.05,-0.6880733944954032,1.1600928074246044,-0.029620259999999732
2026-01-30,4.25544402,4.31468454,4.25544402,4.2949377,15809005,68637068.75,1.5595,0.4618937644341736,1.3921113689095213,0.01974683999999982
2026-02-02,4.28506428,4.2949377,4.2455706,4.2455706,16101869,69711592.46,1.5884,-1.1494252873563315,1.162790697674429,-0.04936710000000044
2026-02-03,4.2949377,4.2949377,4.2455706,4.28506428,13690140,59180712.74,1.3505,0.9302325581395543,1.162790697674429,0.03949368000000053
2026-02-04,4.27519086,4.3443048,4.26531744,4.3443048,22685487,99078584.28,2.2379,1.3824884792626557,1.8518518518518563,0.059240519999999464
2026-02-05,4.33443138,4.3443048,4.2949377,4.30481112,17805792,77817241.33,1.7565,-0.9090909090909038,1.1494252873563113,-0.03949367999999964
2026-02-06,4.28506428,4.31468454,4.27519086,4.31468454,16328678,71148855.08,1.6108,0.2293577981651307,0.9237875288683518,0.00987341999999991
2026-02-09,4.32455796,4.3443048,4.31468454,4.3443048,13460729,59100337.04,1.3279,0.686498855835227,0.6864988558352341,0.029620259999999732
2026-02-10,4.35417822,4.36405164,4.32455796,4.3443048,14918473,65685055.05,1.4717,0.0,0.9132420091324119,0.0
2026-02-11,4.3443048,4.36405164,4.32455796,4.35417822,11379772,50075950.95,1.1226,0.2272727272727204,0.9132420091324119,0.00987341999999991
2026-02-12,4.3443048,4.35417822,4.25544402,4.30481112,21414702,93091267.48,2.1125,-1.1337868480725488,2.320185614849188,-0.04936709999999955
2026-02-13,4.2949377,4.31468454,4.16658324,4.18633008,32575936,140078493.14,3.2136,-2.752293577981646,3.5545023696682576,-0.11848103999999982
2026-02-24,4.20607692,4.23569718,4.1962035,4.21595034,16614025,71027952.01,1.639,0.7075471698113178,0.9411764705882267,0.029620259999999732
2026-02-25,4.21595034,4.28506428,4.21595034,4.25544402,30458169,131264771.15,3.0047,0.936768149882905,1.6393442622950882,0.03949367999999964
2026-02-26,4.26531744,4.26531744,4.20607692,4.23569718,17748201,76019856.27,1.7508,-0.46403712296982924,1.4084507042253394,-0.01974683999999982
2026-02-27,4.23569718,4.27519086,4.22582376,4.25544402,13980018,60210707.62,1.3791,0.4662004662004726,1.168224299065431,0.01974683999999982
2026-03-02,4.22582376,4.2455706,4.13696298,4.20607692,24597076,104567331.2,2.4265,-1.1600928074245842,2.6252983293556067,-0.04936709999999955
2026-03-03,4.1962035,4.21595034,4.07772246,4.0974693,20450039,86091185.22,2.0174,-2.5821596244131384,3.3898305084745672,-0.1086076199999999
2026-03-04,4.06784904,4.0974693,3.949368,3.96911484,27345262,111059612.56,2.6976,-3.1325301204819356,3.75,-0.12835446000000017
2026-03-05,3.98886168,4.02835536,3.96911484,3.98886168,18151174,73512410.5,1.7906,0.4975124378109319,1.4925373134328335,0.01974683999999982
2026-03-06,3.97898826,4.0974693,3.95924142,4.0974693,22153655,90785702.54,2.1854,2.722772277227725,3.4912718204488797,0.10860762000000035
2026-03-09,4.05797562,4.07772246,4.00860852,4.02835536,15885436,64908127.7,1.5671,-1.6867469879518149,1.7241379310344893,-0.06911394000000026
2026-03-10,4.05797562,4.10734272,4.05797562,4.0974693,12584958,52065784.46,1.2415,1.71568627450982,1.216545012165461,0.06911394000000026
2026-03-11,4.0974693,4.10734272,4.0481022,4.0974693,9980153,41289624.58,0.9845,0.0,1.4634146341463503,0.0
2026-03-12,4.08759588,4.11721614,4.06784904,4.10734272,12155031,50437803.02,1.1991,0.24096385542169418,1.2135922330097197,0.00987341999999991
2026-03-13,4.10734272,4.35417822,4.07772246,4.2949377,78990371,340706035.48,7.7923,4.567307692307687,6.7796610169491345,0.18759498000000008
2026-03-16,4.27519086,4.27519086,4.0974693,4.12708956,48770124,204942706.84,4.8111,-3.9080459770114984,4.337349397590366,-0.16784814000000026
2026-03-17,4.11721614,4.15670982,4.05797562,4.05797562,25312244,105428572.84,2.497,-1.674641148325362,2.4330900243309004,-0.06911394000000026
2026-03-18,4.0481022,4.06784904,3.9987351,4.0481022,17169469,70006272.44,1.6937,-0.24330900243308973,1.7283950617283792,-0.00987341999999991
2026-03-19,4.00860852,4.03822878,3.949368,3.95924142,16846421,67937396.85,1.6619,-2.195121951219503,2.249999999999991,-0.08886077999999964
2026-03-20,3.95924142,3.98886168,3.88025406,3.89012748,13139045,52152804.0,1.2962,-1.7456359102244412,2.798982188295163,-0.06911394000000026
2026-03-23,3.83088696,3.83088696,3.61367172,3.63341856,18238067,68716894.45,1.7992,-6.598984771573601,6.010928961748628,-0.2567089199999999
2026-03-24,3.7025325,3.79139328,3.64329198,3.79139328,16185764,61003067.24,1.5967,4.347826086956519,4.0650406504065035,0.1579747199999999
2026-03-25,3.8012667,3.88025406,3.78151986,3.88025406,16442463,63925709.11,1.622,2.34375,2.610966057441253,0.08886078000000008
2026-03-26,3.88025406,3.89012748,3.81114012,3.83088696,11712059,45587441.54,1.1554,-1.2722646310432517,2.0725388601036197,-0.0493671
2026-03-27,3.8012667,3.88025406,3.78151986,3.88025406,11527136,44957231.4,1.1371,1.2886597938144284,2.610966057441253,0.0493671
2026-03-30,3.8506338,3.90987432,3.81114012,3.9000009,11238744,44037564.24,1.1087,0.5089058524173184,2.5906735751295336,0.019746840000000265
2026-03-31,3.9000009,3.9987351,3.89012748,3.949368,17711064,70863295.47,1.7472,1.2658227848101333,2.7918781725888415,0.0493671
2026-04-01,3.96911484,3.9987351,3.9000009,3.93949458,14788972,59035769.08,1.4589,-0.2500000000000058,2.531645569620253,-0.009873420000000355
2026-04-02,3.91974774,3.95924142,3.83088696,3.86050722,13168261,51738328.33,1.299,-2.0050125313283096,3.3505154639175307,-0.07898735999999973
2026-04-03,3.86050722,3.87038064,3.69265908,3.7025325,11930640,45245666.2,1.1769,-4.092071611253201,4.8128342245989355,-0.15797472000000035
2026-04-07,3.7025325,3.78151986,3.68278566,3.77164644,10530228,40022277.84,1.0388,1.8666666666666831,2.6809651474530827,0.06911394000000026
2026-04-08,3.82101354,3.98886168,3.81114012,3.95924142,20239725,80168394.59,1.9966,4.973821989528804,4.663212435233153,0.18759498000000008
2026-04-09,3.949368,3.949368,3.84076038,3.86050722,13147827,51657944.63,1.297,-2.493765586034913,2.827763496143968,-0.0987342
2026-04-10,3.87038064,3.95924142,3.86050722,3.90987432,14755080,58447659.52,1.4556,1.278772378516635,2.5575447570332477,0.0493671
2026-04-13,3.9000009,3.90987432,3.8506338,3.89012748,9929736,39027777.48,0.9796,-0.5050505050505083,1.5384615384615359,-0.019746840000000265
2026-04-14,3.90987432,3.92962116,3.87038064,3.91974774,7787796,30795506.6,0.7683,0.761421319796951,1.5306122448979567,0.029620260000000176
2026-04-15,3.90987432,3.93949458,3.9000009,3.90987432,8086200,32095959.96,0.7977,-0.25188916876573986,1.012658227848092,-0.00987341999999991
2026-04-16,3.90987432,3.949368,3.88025406,3.93949458,9050193,35965292.79,0.8928,0.7575757575757569,1.7811704834605666,0.029620259999999732
2026-04-17,3.93949458,3.93949458,3.89012748,3.90987432,7315315,28939106.08,0.7216,-0.7518796992481147,1.2690355329949239,-0.029620259999999732
2026-04-20,3.90987432,3.97898826,3.8506338,3.949368,11988820,47697947.72,1.1827,1.0101010101010166,3.3333333333333264,0.039493680000000086
2026-04-21,3.92962116,3.949368,3.90987432,3.93949458,7907292,31523161.0,0.78,-0.2500000000000058,1.0101010101010122,-0.009873420000000355
2026-04-22,3.92962116,4.06784904,3.90987432,4.01848194,23340880,94693413.13,2.3026,2.0050125313283207,4.0404040404040265,0.07898736000000017
2026-04-23,3.98886168,4.01848194,3.93949458,3.96911484,13264812,53340130.46,1.3086,-1.2285012285012331,2.005012531328325,-0.0493671
2026-04-24,3.949368,3.95924142,3.87038064,3.90987432,9963600,39461269.0,0.9829,-1.492537313432829,2.2959183673469408,-0.05924051999999991
2026-04-27,3.89012748,3.98886168,3.88025406,3.90987432,17619210,69831927.1,1.7381,0.0,2.798982188295163,0.0
2026-04-28,3.90987432,3.93949458,3.87038064,3.89012748,8628588,34051383.24,0.8512,-0.5050505050505083,1.7857142857142811,-0.019746840000000265
2026-04-29,3.87038064,3.949368,3.87038064,3.91974774,8343363,33188601.83,0.8231,0.761421319796951,2.0408163265306167,0.029620260000000176
2026-04-30,3.90987432,3.949368,3.89012748,3.90987432,8580490,34015020.82,0.8465,-0.25188916876573986,1.5228426395939176,-0.00987341999999991
2026-05-06,3.90987432,3.93949458,3.9000009,3.91974774,10604094,42034886.82,1.0461,0.2525252525252597,1.012658227848092,0.00987341999999991
2026-05-07,3.91974774,3.95924142,3.9000009,3.949368,9938580,39587533.98,0.9804,0.7556675062972307,1.5189873417721493,0.029620260000000176
2026-05-08,3.949368,4.00860852,3.93949458,3.9987351,11769189,47407610.2,1.161,1.2499999999999956,1.7543859649122875,0.0493671
2026-05-11,3.98886168,4.00860852,3.93949458,3.95924142,12403719,49804561.62,1.2236,-0.987654320987652,1.7543859649122875,-0.039493680000000086
2026-05-12,3.98886168,4.05797562,3.949368,4.02835536,19906641,80754492.46,1.9638,1.74563591022443,2.7499999999999862,0.06911393999999982
2026-05-13,4.03822878,4.0481022,3.98886168,4.03822878,14417366,58650908.48,1.4223,0.2450980392156854,1.485148514851483,0.00987341999999991
2026-05-14,4.03822878,4.18633008,3.97898826,3.9987351,29846951,123523298.22,2.9444,-0.9779951100244433,5.210918114143929,-0.03949367999999964
2026-05-15,4.02835536,4.16658324,3.97898826,4.07772246,34221955,141267269.24,3.376,1.975308641975304,4.714640198511157,0.07898736000000017
2026-05-18,4.03822878,4.06784904,3.7518996,3.8012667,50126453,194840530.64,4.9449,-6.779661016949157,8.421052631578943,-0.27645576000000016
2026-05-19,3.77164644,3.82101354,3.74202618,3.81114012,17599172,67458411.76,1.7361,0.2597402597402487,2.1108179419525115,0.00987341999999991
2026-05-20,3.89012748,4.06784904,3.86050722,3.91974774,35347599,140749403.15,3.487,2.849740932642475,5.370843989769806,0.1086076199999999
2026-05-21,3.83088696,3.88025406,3.72227934,3.72227934,35121100,135037993.0,3.4647,-5.037783375314864,4.244031830238724,-0.1974684
2026-05-22,3.72227934,3.74202618,3.62354514,3.6531654,16011286,59317378.92,1.5795,-1.8567639257294544,3.2697547683923656,-0.06911394000000026
2026-05-25,3.6531654,3.68278566,3.6037983,3.6037983,10091981,37046591.72,0.9956,-1.3513513513513487,2.191780821917813,-0.0493671
2026-05-26,3.57417804,3.59392488,3.51493752,3.54455778,7630212,27312832.2,0.7527,-1.6438356164383494,2.2471910112359472,-0.05924051999999991
2026-05-27,3.53468436,3.59392488,3.5050641,3.51493752,6159008,22050456.4,0.6076,-0.8356545961002659,2.535211267605636,-0.029620259999999732
2026-05-28,3.53468436,3.5544312,3.47544384,3.54455778,8203379,29209616.77,0.8093,0.8426966292134797,2.272727272727265,0.029620259999999732
2026-05-29,3.54455778,3.6037983,3.53468436,3.5544312,8761984,31732098.52,0.8644,0.278551532033422,1.9553072625698271,0.00987341999999991
2026-06-01,3.5544312,3.66303882,3.5544312,3.63341856,9822142,35972343.24,0.9689,2.2222222222222365,3.0555555555555656,0.07898736000000017
2026-06-02,3.6531654,3.6531654,3.5544312,3.57417804,6950300,25239586.0,0.6856,-1.6304347826086918,2.7777777777777777,-0.05924051999999991
2026-06-03,3.56430462,3.58405146,3.51493752,3.52481094,5488774,19614478.0,0.5415,-1.3812154696132617,1.9662921348314555,-0.0493671
2026-06-04,3.5050641,3.52481094,3.455697,3.47544384,6557123,23100846.73,0.6469,-1.4005602240896309,2.0000000000000075,-0.0493671
2026-06-05,3.44582358,3.59392488,3.44582358,3.58405146,11209390,40155245.47,1.1058,3.125,4.297994269340974,0.1086076199999999
2026-06-08,3.53468436,3.57417804,3.39645648,3.455697,12222780,43077405.33,1.2058,-3.581267217630857,5.232558139534889,-0.12835446000000017
2026-06-09,3.455697,3.47544384,3.38658306,3.41620332,8185756,28251821.08,0.8075,-1.1428571428571344,2.623906705539361,-0.03949367999999964
2026-06-10,3.43595016,3.47544384,3.3569628,3.38658306,9255472,31825322.52,0.913,-0.8670520231213952,3.5294117647058907,-0.029620260000000176
2026-06-11,3.3569628,3.3569628,3.22860834,3.26810202,12246124,40708764.96,1.2081,-3.498542274052474,3.9755351681957105,-0.11848103999999982
2026-06-12,3.28784886,3.34708938,3.26810202,3.32734254,14057088,47122014.88,1.3867,1.812688821752273,2.416918429003013,0.05924051999999991
2026-06-15,3.32734254,3.37670964,3.28784886,3.31746912,12631970,42542901.58,1.2461,-0.29673590504450953,2.7027027027027053,-0.00987341999999991
2026-06-16,3.31746912,3.31746912,3.22860834,3.3075957,10518892,34875643.36,1.0377,-0.29761904761905766,2.752293577981654,-0.009873420000000355
2026-06-17,3.26810202,3.29772228,3.18911466,3.2088615,9004540,29382644.08,0.8883,-2.985074626865669,3.405572755417954,-0.0987342
2026-06-18,3.18911466,3.2088615,3.13974756,3.17924124,5821046,18709403.64,0.5742,-0.9230769230769154,2.2012578616352143,-0.029620259999999732
2026-06-22,3.1594944,3.2088615,3.04101336,3.19898808,10425172,32923018.68,1.0284,0.6211180124223503,5.519480519480513,0.01974683999999982
2026-06-23,3.16936782,3.32734254,3.1594944,3.23848176,8945016,29520640.96,0.8824,1.2345679012345734,5.312500000000008,0.039493680000000086
2026-06-24,3.23848176,3.23848176,3.1101273,3.13974756,7501409,24042691.23,0.74,-3.0487804878048808,4.126984126984133,-0.0987342
2026-06-25,3.14962098,3.14962098,3.08050704,3.09038046,7045592,22142672.2,0.695,-1.5723270440251569,2.243589743589738,-0.0493671
2026-06-26,3.10025388,3.10025388,3.0113931,3.02126652,7558964,23293454.51,0.7457,-2.2364217252396124,2.9508196721311504,-0.06911393999999982
2026-06-29,2.99164626,3.07063362,2.94227916,3.04101336,8998920,27439510.36,0.8877,0.6535947712418277,4.362416107382556,0.01974683999999982
2026-06-30,3.04101336,3.0607602,2.962026,3.00151968,7095180,21579478.56,0.6999,-1.2987012987012991,3.3333333333333335,-0.039493680000000086
2026-07-01,3.0113931,3.10025388,2.98177284,3.07063362,10726249,33140419.32,1.0581,2.3026315789473673,3.9735099337748285,0.06911394000000026
2026-07-02,3.05088678,3.12987414,3.05088678,3.07063362,8324212,26037813.08,0.8212,0.0,2.588996763754051,0.0
2026-07-03,3.08050704,3.1594944,3.07063362,3.13974756,8734672,27735835.48,0.8617,2.2508038585209,2.8938906752411455,0.06911393999999982
2026-07-06,3.13974756,3.17924124,3.1101273,3.12987414,7234296,22970356.8,0.7137,-0.3144654088050314,2.2222222222222308,-0.00987341999999991
2026-07-07,3.12987414,3.13974756,3.03113994,3.04101336,8049492,24952974.44,0.7941,-2.8391167192429068,3.583061889250811,-0.08886078000000008
2026-07-08,3.05088678,3.07063362,3.00151968,3.05088678,8606898,26521124.84,0.8491,0.32467532467532756,2.3026315789473775,0.00987341999999991
2026-07-09,3.05088678,3.07063362,2.97189942,2.99164626,9325428,28354766.52,0.9199,-1.9417475728155331,3.322259136212624,-0.05924051999999991
2026-07-10,2.99164626,3.12000072,2.94227916,3.09038046,13088276,40566838.56,1.2911,3.300330033003296,6.040268456375845,0.0987342
2026-07-13,3.0607602,3.12000072,3.04101336,3.07063362,9030796,28070108.2,0.8909,-0.6389776357827448,2.597402597402603,-0.01974683999999982
2026-07-14,3.0607602,3.14962098,3.05088678,3.12987414,11880612,37508535.76,1.172,1.9292604501607746,3.2362459546925564,0.05924051999999991
2026-07-15,3.12000072,3.2088615,3.1101273,3.18911466,10934060,35281532.8,1.0786,1.8927444794952564,3.1746031746031744,0.05924051999999991
2026-07-16,3.18911466,3.2088615,3.14962098,3.18911466,6991000,22582959.76,0.6897,0.0,1.8808777429467054,0.0
2026-07-17,3.2088615,3.26810202,3.14962098,3.1594944,13351280,43495184.36,1.3171,-0.9287925696594534,3.7617554858934255,-0.029620260000000176
2026-07-20,3.16936782,3.21873492,3.08050704,3.12000072,13723848,43788379.8,1.3538,-1.2499999999999845,4.48717948717949,-0.03949367999999964
2026-07-21,3.14,3.16,3.05,3.08,14236696,44002213.34,1.4044,-1.282074063111116,3.606557377049191,-0.0400007200000001
2026-07-22,3.08,3.12,3.04,3.08,10131173,31117775.15,0.9994,0.0,2.6315789473684235,0.0
2026-07-23,3.07,3.17,3.06,3.16,11054452,34487863.72,1.0905,2.5974025974025983,3.594771241830061,0.08000000000000007
2026-07-24,3.15,3.17,3.06,3.06,7829022,24262985.92,0.7723,-3.164556962025322,3.594771241830061,-0.10000000000000009
2026-07-27,3.06,3.14,3.06,3.11,7207064,22414777.4,0.711,1.6339869281045694,2.6143790849673225,0.04999999999999982
2026-07-28,3.09,3.15,3.09,3.12,6535800,20396719.0,0.6447,0.3215434083601254,1.9417475728155358,0.010000000000000231
2026-07-29,3.12,3.2,3.12,3.17,8891804,28165492.6,0.8772,1.6025641025640969,2.5641025641025665,0.04999999999999982
2026-07-30,3.16,3.21,3.14,3.17,10354622,32897891.54,1.0215,0.0,2.2292993630573195,0.0
2026-07-31,3.18,3.22,3.16,3.21,9435587,30097758.45,0.9308,1.2618296529968376,1.8987341772151913,0.040000000000000036
2026-08-03,3.21,3.3,3.21,3.29,10951097,35794043.68,1.0803,2.492211838006231,2.8037383177570048,0.08000000000000007
